week_start,week_end,ranking,rank,theme,volume_change_pct,weekly_return_pct,next_week_return_pct,valid_members
2023-09-04,2023-09-08,volume_top5,1,レアメタル,45.0127,0.1291,2.8991,50
2023-09-04,2023-09-08,volume_top5,2,地方銀行,26.7326,2.4233,6.398,69
2023-09-04,2023-09-08,volume_top5,3,フィジカルAI,20.16,-0.4839,1.0258,47
2023-09-04,2023-09-08,volume_top5,4,レアアース,16.9766,0.1776,2.2257,37
2023-09-04,2023-09-08,volume_top5,5,人工知能,15.4322,-0.592,-0.473,324
2023-09-04,2023-09-08,volume_bottom5,1,円高メリット,-10.4063,0.197,2.791,56
2023-09-04,2023-09-08,volume_bottom5,2,データベース,-1.0914,-1.068,-2.2815,36
2023-09-04,2023-09-08,volume_bottom5,3,半導体製造装置,-0.6362,-0.1039,0.9084,193
2023-09-04,2023-09-08,volume_bottom5,4,データ分析・解析,-0.5979,-0.8746,-1.0067,103
2023-09-04,2023-09-08,volume_bottom5,5,半導体,2.3982,-0.0514,0.3635,105
2023-09-04,2023-09-08,return_top5,1,地方銀行,26.7326,2.4233,6.398,69
2023-09-04,2023-09-08,return_top5,2,半導体商社,9.322,1.4224,1.9668,18
2023-09-04,2023-09-08,return_top5,3,TOPIXコア30,14.8602,1.0244,2.9269,30
2023-09-04,2023-09-08,return_top5,4,データセンター,10.7618,0.2086,1.1242,146
2023-09-04,2023-09-08,return_top5,5,円高メリット,-10.4063,0.197,2.791,56
2023-09-04,2023-09-08,return_bottom5,1,データベース,-1.0914,-1.068,-2.2815,36
2023-09-04,2023-09-08,return_bottom5,2,データ分析・解析,-0.5979,-0.8746,-1.0067,103
2023-09-04,2023-09-08,return_bottom5,3,人工知能,15.4322,-0.592,-0.473,324
2023-09-04,2023-09-08,return_bottom5,4,フィジカルAI,20.16,-0.4839,1.0258,47
2023-09-04,2023-09-08,return_bottom5,5,半導体部材・部品,9.0228,-0.1848,1.1404,110
2023-09-11,2023-09-15,volume_top5,1,地方銀行,34.0637,6.398,1.3281,69
2023-09-11,2023-09-15,volume_top5,2,円高メリット,24.0462,2.791,-1.9328,56
2023-09-11,2023-09-15,volume_top5,3,TOPIXコア30,23.5362,2.9269,-2.8336,30
2023-09-11,2023-09-15,volume_top5,4,データベース,21.0706,-2.2815,-2.022,36
2023-09-11,2023-09-15,volume_top5,5,フィジカルAI,18.311,1.0258,-1.1696,47
2023-09-11,2023-09-15,volume_bottom5,1,レアアース,-11.0195,2.2257,-1.242,37
2023-09-11,2023-09-15,volume_bottom5,2,レアメタル,-5.5796,2.8991,-0.8216,50
2023-09-11,2023-09-15,volume_bottom5,3,半導体商社,-4.4552,1.9668,-0.8688,18
2023-09-11,2023-09-15,volume_bottom5,4,半導体,-0.2457,0.3635,-1.8349,105
2023-09-11,2023-09-15,volume_bottom5,5,半導体部材・部品,1.9102,1.1404,-1.2306,110
2023-09-11,2023-09-15,return_top5,1,地方銀行,34.0637,6.398,1.3281,69
2023-09-11,2023-09-15,return_top5,2,TOPIXコア30,23.5362,2.9269,-2.8336,30
2023-09-11,2023-09-15,return_top5,3,レアメタル,-5.5796,2.8991,-0.8216,50
2023-09-11,2023-09-15,return_top5,4,円高メリット,24.0462,2.791,-1.9328,56
2023-09-11,2023-09-15,return_top5,5,レアアース,-11.0195,2.2257,-1.242,37
2023-09-11,2023-09-15,return_bottom5,1,データベース,21.0706,-2.2815,-2.022,36
2023-09-11,2023-09-15,return_bottom5,2,データ分析・解析,3.0433,-1.0067,-0.6154,103
2023-09-11,2023-09-15,return_bottom5,3,人工知能,9.6468,-0.473,-1.2512,324
2023-09-11,2023-09-15,return_bottom5,4,半導体,-0.2457,0.3635,-1.8349,105
2023-09-11,2023-09-15,return_bottom5,5,半導体製造装置,2.4851,0.9084,-1.2469,193
2023-09-18,2023-09-22,volume_top5,1,半導体部材・部品,-14.2416,-1.2306,-0.9156,110
2023-09-18,2023-09-22,volume_top5,2,半導体製造装置,-18.0186,-1.2469,-0.6223,193
2023-09-18,2023-09-22,volume_top5,3,レアアース,-18.3233,-1.242,-1.3986,37
2023-09-18,2023-09-22,volume_top5,4,円高メリット,-20.5497,-1.9328,-1.6576,56
2023-09-18,2023-09-22,volume_top5,5,半導体商社,-20.7095,-0.8688,-0.7018,18
2023-09-18,2023-09-22,volume_bottom5,1,データベース,-37.1806,-2.022,-0.1329,36
2023-09-18,2023-09-22,volume_bottom5,2,地方銀行,-31.5214,1.3281,-3.9642,69
2023-09-18,2023-09-22,volume_bottom5,3,フィジカルAI,-27.9183,-1.1696,-0.1437,47
2023-09-18,2023-09-22,volume_bottom5,4,データ分析・解析,-27.638,-0.6154,0.898,103
2023-09-18,2023-09-22,volume_bottom5,5,データセンター,-26.091,-1.7332,-0.3725,146
2023-09-18,2023-09-22,return_top5,1,地方銀行,-31.5214,1.3281,-3.9642,69
2023-09-18,2023-09-22,return_top5,2,データ分析・解析,-27.638,-0.6154,0.898,103
2023-09-18,2023-09-22,return_top5,3,レアメタル,-22.4505,-0.8216,-2.0079,50
2023-09-18,2023-09-22,return_top5,4,半導体商社,-20.7095,-0.8688,-0.7018,18
2023-09-18,2023-09-22,return_top5,5,フィジカルAI,-27.9183,-1.1696,-0.1437,47
2023-09-18,2023-09-22,return_bottom5,1,TOPIXコア30,-23.7587,-2.8336,-1.5776,30
2023-09-18,2023-09-22,return_bottom5,2,データベース,-37.1806,-2.022,-0.1329,36
2023-09-18,2023-09-22,return_bottom5,3,円高メリット,-20.5497,-1.9328,-1.6576,56
2023-09-18,2023-09-22,return_bottom5,4,半導体,-22.2615,-1.8349,0.4703,105
2023-09-18,2023-09-22,return_bottom5,5,データセンター,-26.091,-1.7332,-0.3725,146
2023-09-25,2023-09-29,volume_top5,1,半導体商社,39.4355,-0.7018,-2.4376,18
2023-09-25,2023-09-29,volume_top5,2,半導体製造装置,31.1746,-0.6223,-3.076,193
2023-09-25,2023-09-29,volume_top5,3,円高メリット,28.3541,-1.6576,-2.0482,56
2023-09-25,2023-09-29,volume_top5,4,人工知能,26.0404,0.8238,-3.8126,326
2023-09-25,2023-09-29,volume_top5,5,データベース,24.8044,-0.1329,-4.0774,36
2023-09-25,2023-09-29,volume_bottom5,1,レアメタル,4.5813,-2.0079,-3.969,50
2023-09-25,2023-09-29,volume_bottom5,2,地方銀行,11.7691,-3.9642,-0.1907,69
2023-09-25,2023-09-29,volume_bottom5,3,半導体部材・部品,12.3336,-0.9156,-3.1243,110
2023-09-25,2023-09-29,volume_bottom5,4,TOPIXコア30,14.7006,-1.5776,-2.8517,30
2023-09-25,2023-09-29,volume_bottom5,5,データ分析・解析,16.0277,0.898,-4.4513,103
2023-09-25,2023-09-29,return_top5,1,データ分析・解析,16.0277,0.898,-4.4513,103
2023-09-25,2023-09-29,return_top5,2,人工知能,26.0404,0.8238,-3.8126,326
2023-09-25,2023-09-29,return_top5,3,半導体,18.921,0.4703,-2.9909,105
2023-09-25,2023-09-29,return_top5,4,データベース,24.8044,-0.1329,-4.0774,36
2023-09-25,2023-09-29,return_top5,5,フィジカルAI,18.2248,-0.1437,-3.806,47
2023-09-25,2023-09-29,return_bottom5,1,地方銀行,11.7691,-3.9642,-0.1907,69
2023-09-25,2023-09-29,return_bottom5,2,レアメタル,4.5813,-2.0079,-3.969,50
2023-09-25,2023-09-29,return_bottom5,3,円高メリット,28.3541,-1.6576,-2.0482,56
2023-09-25,2023-09-29,return_bottom5,4,TOPIXコア30,14.7006,-1.5776,-2.8517,30
2023-09-25,2023-09-29,return_bottom5,5,レアアース,17.1097,-1.3986,-4.1521,37
2023-10-02,2023-10-06,volume_top5,1,レアアース,29.053,-4.1521,3.2369,37
2023-10-02,2023-10-06,volume_top5,2,レアメタル,28.6561,-3.969,2.2313,50
2023-10-02,2023-10-06,volume_top5,3,半導体商社,16.9588,-2.4376,2.8285,18
2023-10-02,2023-10-06,volume_top5,4,データベース,16.5209,-4.0774,-1.6039,37
2023-10-02,2023-10-06,volume_top5,5,半導体部材・部品,13.012,-3.1243,1.4885,110
2023-10-02,2023-10-06,volume_bottom5,1,TOPIXコア30,-2.1355,-2.8517,3.573,30
2023-10-02,2023-10-06,volume_bottom5,2,人工知能,-2.0331,-3.8126,-1.3689,327
2023-10-02,2023-10-06,volume_bottom5,3,データセンター,-1.2018,-2.6524,0.6708,146
2023-10-02,2023-10-06,volume_bottom5,4,半導体,-0.7352,-2.9909,2.8071,105
2023-10-02,2023-10-06,volume_bottom5,5,地方銀行,0.2201,-0.1907,0.4176,69
2023-10-02,2023-10-06,return_top5,1,地方銀行,0.2201,-0.1907,0.4176,69
2023-10-02,2023-10-06,return_top5,2,円高メリット,3.5098,-2.0482,-0.4659,56
2023-10-02,2023-10-06,return_top5,3,半導体商社,16.9588,-2.4376,2.8285,18
2023-10-02,2023-10-06,return_top5,4,データセンター,-1.2018,-2.6524,0.6708,146
2023-10-02,2023-10-06,return_top5,5,TOPIXコア30,-2.1355,-2.8517,3.573,30
2023-10-02,2023-10-06,return_bottom5,1,データ分析・解析,0.9224,-4.4513,-2.4719,103
2023-10-02,2023-10-06,return_bottom5,2,レアアース,29.053,-4.1521,3.2369,37
2023-10-02,2023-10-06,return_bottom5,3,データベース,16.5209,-4.0774,-1.6039,37
2023-10-02,2023-10-06,return_bottom5,4,レアメタル,28.6561,-3.969,2.2313,50
2023-10-02,2023-10-06,return_bottom5,5,人工知能,-2.0331,-3.8126,-1.3689,327
2023-10-09,2023-10-13,volume_top5,1,半導体,-12.3748,2.8071,-2.4329,105
2023-10-09,2023-10-13,volume_top5,2,データベース,-16.8447,-1.6039,-2.7676,37
2023-10-09,2023-10-13,volume_top5,3,半導体製造装置,-18.1194,2.2274,-2.2853,194
2023-10-09,2023-10-13,volume_top5,4,データ分析・解析,-21.3422,-2.4719,-2.496,103
2023-10-09,2023-10-13,volume_top5,5,半導体部材・部品,-22.8639,1.4885,-1.17,110
2023-10-09,2023-10-13,volume_bottom5,1,TOPIXコア30,-36.3748,3.573,-2.541,30
2023-10-09,2023-10-13,volume_bottom5,2,レアアース,-35.8767,3.2369,-1.2791,37
2023-10-09,2023-10-13,volume_bottom5,3,レアメタル,-34.7552,2.2313,-0.9429,50
2023-10-09,2023-10-13,volume_bottom5,4,円高メリット,-31.2039,-0.4659,-0.7903,56
2023-10-09,2023-10-13,volume_bottom5,5,データセンター,-30.9648,0.6708,-1.7347,146
2023-10-09,2023-10-13,return_top5,1,TOPIXコア30,-36.3748,3.573,-2.541,30
2023-10-09,2023-10-13,return_top5,2,レアアース,-35.8767,3.2369,-1.2791,37
2023-10-09,2023-10-13,return_top5,3,半導体商社,-28.9679,2.8285,-1.8969,18
2023-10-09,2023-10-13,return_top5,4,半導体,-12.3748,2.8071,-2.4329,105
2023-10-09,2023-10-13,return_top5,5,レアメタル,-34.7552,2.2313,-0.9429,50
2023-10-09,2023-10-13,return_bottom5,1,データ分析・解析,-21.3422,-2.4719,-2.496,103
2023-10-09,2023-10-13,return_bottom5,2,データベース,-16.8447,-1.6039,-2.7676,37
2023-10-09,2023-10-13,return_bottom5,3,人工知能,-29.5652,-1.3689,-1.9608,327
2023-10-09,2023-10-13,return_bottom5,4,円高メリット,-31.2039,-0.4659,-0.7903,56
2023-10-09,2023-10-13,return_bottom5,5,地方銀行,-29.0999,0.4176,0.4052,69
2023-10-16,2023-10-20,volume_top5,1,データ分析・解析,58.759,-2.496,-2.144,103
2023-10-16,2023-10-20,volume_top5,2,半導体,32.0116,-2.4329,-1.6176,105
2023-10-16,2023-10-20,volume_top5,3,半導体製造装置,25.5389,-2.2853,-0.7529,194
2023-10-16,2023-10-20,volume_top5,4,半導体商社,25.5048,-1.8969,0.2712,18
2023-10-16,2023-10-20,volume_top5,5,人工知能,20.1192,-1.9608,-1.2041,327
2023-10-16,2023-10-20,volume_bottom5,1,半導体部材・部品,-14.2393,-1.17,0.1327,110
2023-10-16,2023-10-20,volume_bottom5,2,フィジカルAI,-3.0941,-2.6231,-1.27,47
2023-10-16,2023-10-20,volume_bottom5,3,円高メリット,2.5969,-0.7903,1.7485,56
2023-10-16,2023-10-20,volume_bottom5,4,レアメタル,3.3741,-0.9429,0.0759,50
2023-10-16,2023-10-20,volume_bottom5,5,データセンター,4.5459,-1.7347,0.3311,146
2023-10-16,2023-10-20,return_top5,1,地方銀行,18.0312,0.4052,2.2469,69
2023-10-16,2023-10-20,return_top5,2,円高メリット,2.5969,-0.7903,1.7485,56
2023-10-16,2023-10-20,return_top5,3,レアメタル,3.3741,-0.9429,0.0759,50
2023-10-16,2023-10-20,return_top5,4,半導体部材・部品,-14.2393,-1.17,0.1327,110
2023-10-16,2023-10-20,return_top5,5,レアアース,7.2661,-1.2791,0.6275,37
2023-10-16,2023-10-20,return_bottom5,1,データベース,19.7636,-2.7676,-0.7192,37
2023-10-16,2023-10-20,return_bottom5,2,フィジカルAI,-3.0941,-2.6231,-1.27,47
2023-10-16,2023-10-20,return_bottom5,3,TOPIXコア30,9.0025,-2.541,-0.1496,30
2023-10-16,2023-10-20,return_bottom5,4,データ分析・解析,58.759,-2.496,-2.144,103
2023-10-16,2023-10-20,return_bottom5,5,半導体,32.0116,-2.4329,-1.6176,105
2023-10-23,2023-10-27,volume_top5,1,データベース,18.8874,-0.7192,2.4963,37
2023-10-23,2023-10-27,volume_top5,2,半導体,13.123,-1.6176,1.1624,105
2023-10-23,2023-10-27,volume_top5,3,フィジカルAI,11.8966,-1.27,1.2509,47
2023-10-23,2023-10-27,volume_top5,4,データセンター,11.6266,0.3311,1.2509,146
2023-10-23,2023-10-27,volume_top5,5,地方銀行,10.075,2.2469,4.0574,69
2023-10-23,2023-10-27,volume_bottom5,1,データ分析・解析,-15.2268,-2.144,1.6763,103
2023-10-23,2023-10-27,volume_bottom5,2,半導体商社,-7.069,0.2712,0.5422,18
2023-10-23,2023-10-27,volume_bottom5,3,レアアース,-6.0463,0.6275,1.1622,37
2023-10-23,2023-10-27,volume_bottom5,4,人工知能,-1.8035,-1.2041,1.3611,327
2023-10-23,2023-10-27,volume_bottom5,5,円高メリット,-0.6559,1.7485,1.5498,56
2023-10-23,2023-10-27,return_top5,1,地方銀行,10.075,2.2469,4.0574,69
2023-10-23,2023-10-27,return_top5,2,円高メリット,-0.6559,1.7485,1.5498,56
2023-10-23,2023-10-27,return_top5,3,レアアース,-6.0463,0.6275,1.1622,37
2023-10-23,2023-10-27,return_top5,4,データセンター,11.6266,0.3311,1.2509,146
2023-10-23,2023-10-27,return_top5,5,半導体商社,-7.069,0.2712,0.5422,18
2023-10-23,2023-10-27,return_bottom5,1,データ分析・解析,-15.2268,-2.144,1.6763,103
2023-10-23,2023-10-27,return_bottom5,2,半導体,13.123,-1.6176,1.1624,105
2023-10-23,2023-10-27,return_bottom5,3,フィジカルAI,11.8966,-1.27,1.2509,47
2023-10-23,2023-10-27,return_bottom5,4,人工知能,-1.8035,-1.2041,1.3611,327
2023-10-23,2023-10-27,return_bottom5,5,半導体製造装置,9.5011,-0.7529,0.791,194
2023-10-30,2023-11-03,volume_top5,1,半導体商社,56.6034,0.5422,0.951,18
2023-10-30,2023-11-03,volume_top5,2,レアアース,42.222,1.1622,-0.0534,37
2023-10-30,2023-11-03,volume_top5,3,フィジカルAI,40.0572,1.2509,1.4423,47
2023-10-30,2023-11-03,volume_top5,4,地方銀行,30.3659,4.0574,-5.6486,69
2023-10-30,2023-11-03,volume_top5,5,TOPIXコア30,30.2638,2.433,1.3191,30
2023-10-30,2023-11-03,volume_bottom5,1,データベース,-38.2771,2.4963,1.3834,38
2023-10-30,2023-11-03,volume_bottom5,2,データ分析・解析,-23.7549,1.6763,1.3972,103
2023-10-30,2023-11-03,volume_bottom5,3,半導体製造装置,-5.478,0.791,0.8253,195
2023-10-30,2023-11-03,volume_bottom5,4,半導体,6.3361,1.1624,1.2738,106
2023-10-30,2023-11-03,volume_bottom5,5,人工知能,18.178,1.3611,0.9384,327
2023-10-30,2023-11-03,return_top5,1,地方銀行,30.3659,4.0574,-5.6486,69
2023-10-30,2023-11-03,return_top5,2,データベース,-38.2771,2.4963,1.3834,38
2023-10-30,2023-11-03,return_top5,3,TOPIXコア30,30.2638,2.433,1.3191,30
2023-10-30,2023-11-03,return_top5,4,データ分析・解析,-23.7549,1.6763,1.3972,103
2023-10-30,2023-11-03,return_top5,5,円高メリット,25.639,1.5498,-1.0928,56
2023-10-30,2023-11-03,return_bottom5,1,半導体商社,56.6034,0.5422,0.951,18
2023-10-30,2023-11-03,return_bottom5,2,半導体製造装置,-5.478,0.791,0.8253,195
2023-10-30,2023-11-03,return_bottom5,3,レアメタル,18.2198,0.8293,0.3169,50
2023-10-30,2023-11-03,return_bottom5,4,レアアース,42.222,1.1622,-0.0534,37
2023-10-30,2023-11-03,return_bottom5,5,半導体,6.3361,1.1624,1.2738,106
2023-11-06,2023-11-10,volume_top5,1,データ分析・解析,42.8529,1.3972,-0.8108,103
2023-11-06,2023-11-10,volume_top5,2,データセンター,39.8852,1.1561,0.6497,147
2023-11-06,2023-11-10,volume_top5,3,半導体製造装置,22.936,0.8253,1.7795,195
2023-11-06,2023-11-10,volume_top5,4,TOPIXコア30,22.1389,1.3191,2.5795,30
2023-11-06,2023-11-10,volume_top5,5,レアアース,17.2783,-0.0534,1.2054,37
2023-11-06,2023-11-10,volume_bottom5,1,半導体商社,-24.3585,0.951,1.9256,18
2023-11-06,2023-11-10,volume_bottom5,2,半導体,4.7027,1.2738,2.6624,106
2023-11-06,2023-11-10,volume_bottom5,3,地方銀行,10.649,-5.6486,-1.8089,69
2023-11-06,2023-11-10,volume_bottom5,4,フィジカルAI,11.2,1.4423,1.7795,47
2023-11-06,2023-11-10,volume_bottom5,5,データベース,12.0317,1.3834,-1.0692,38
2023-11-06,2023-11-10,return_top5,1,フィジカルAI,11.2,1.4423,1.7795,47
2023-11-06,2023-11-10,return_top5,2,データ分析・解析,42.8529,1.3972,-0.8108,103
2023-11-06,2023-11-10,return_top5,3,データベース,12.0317,1.3834,-1.0692,38
2023-11-06,2023-11-10,return_top5,4,TOPIXコア30,22.1389,1.3191,2.5795,30
2023-11-06,2023-11-10,return_top5,5,半導体,4.7027,1.2738,2.6624,106
2023-11-06,2023-11-10,return_bottom5,1,地方銀行,10.649,-5.6486,-1.8089,69
2023-11-06,2023-11-10,return_bottom5,2,円高メリット,15.5139,-1.0928,0.3617,56
2023-11-06,2023-11-10,return_bottom5,3,レアアース,17.2783,-0.0534,1.2054,37
2023-11-06,2023-11-10,return_bottom5,4,レアメタル,13.9038,0.3169,1.2159,50
2023-11-06,2023-11-10,return_bottom5,5,半導体部材・部品,12.9143,0.7526,1.2144,110
2023-11-13,2023-11-17,volume_top5,1,データベース,67.3242,-1.0692,1.3607,38
2023-11-13,2023-11-17,volume_top5,2,データ分析・解析,37.5746,-0.8108,1.7929,103
2023-11-13,2023-11-17,volume_top5,3,半導体,-1.1103,2.6624,1.1743,106
2023-11-13,2023-11-17,volume_top5,4,半導体製造装置,-8.384,1.7795,1.0525,195
2023-11-13,2023-11-17,volume_top5,5,地方銀行,-11.9822,-1.8089,1.7928,69
2023-11-13,2023-11-17,volume_bottom5,1,データセンター,-36.972,0.6497,0.5937,147
2023-11-13,2023-11-17,volume_bottom5,2,フィジカルAI,-35.0345,1.7795,1.309,47
2023-11-13,2023-11-17,volume_bottom5,3,レアアース,-31.2122,1.2054,0.3109,37
2023-11-13,2023-11-17,volume_bottom5,4,レアメタル,-25.1088,1.2159,0.648,50
2023-11-13,2023-11-17,volume_bottom5,5,TOPIXコア30,-23.7544,2.5795,-0.3705,30
2023-11-13,2023-11-17,return_top5,1,半導体,-1.1103,2.6624,1.1743,106
2023-11-13,2023-11-17,return_top5,2,TOPIXコア30,-23.7544,2.5795,-0.3705,30
2023-11-13,2023-11-17,return_top5,3,半導体商社,-21.4526,1.9256,1.5694,18
2023-11-13,2023-11-17,return_top5,4,フィジカルAI,-35.0345,1.7795,1.309,47
2023-11-13,2023-11-17,return_top5,5,半導体製造装置,-8.384,1.7795,1.0525,195
2023-11-13,2023-11-17,return_bottom5,1,地方銀行,-11.9822,-1.8089,1.7928,69
2023-11-13,2023-11-17,return_bottom5,2,データベース,67.3242,-1.0692,1.3607,38
2023-11-13,2023-11-17,return_bottom5,3,データ分析・解析,37.5746,-0.8108,1.7929,103
2023-11-13,2023-11-17,return_bottom5,4,人工知能,-20.5531,0.1708,1.7128,327
2023-11-13,2023-11-17,return_bottom5,5,円高メリット,-14.8055,0.3617,-0.1169,56
2023-11-20,2023-11-24,volume_top5,1,半導体商社,-14.1399,1.5694,1.8851,18
2023-11-20,2023-11-24,volume_top5,2,レアアース,-19.689,0.3109,-0.188,37
2023-11-20,2023-11-24,volume_top5,3,人工知能,-22.3748,1.7128,-0.828,327
2023-11-20,2023-11-24,volume_top5,4,フィジカルAI,-22.6133,1.309,-0.6879,47
2023-11-20,2023-11-24,volume_top5,5,データセンター,-27.4219,0.5937,-0.2415,147
2023-11-20,2023-11-24,volume_bottom5,1,地方銀行,-44.9823,1.7928,-0.7951,69
2023-11-20,2023-11-24,volume_bottom5,2,レアメタル,-36.9265,0.648,-0.5599,50
2023-11-20,2023-11-24,volume_bottom5,3,データ分析・解析,-34.6652,1.7929,-1.8583,103
2023-11-20,2023-11-24,volume_bottom5,4,データベース,-32.8279,1.3607,-0.7744,38
2023-11-20,2023-11-24,volume_bottom5,5,円高メリット,-32.1787,-0.1169,0.3525,56
2023-11-20,2023-11-24,return_top5,1,データ分析・解析,-34.6652,1.7929,-1.8583,103
2023-11-20,2023-11-24,return_top5,2,地方銀行,-44.9823,1.7928,-0.7951,69
2023-11-20,2023-11-24,return_top5,3,人工知能,-22.3748,1.7128,-0.828,327
2023-11-20,2023-11-24,return_top5,4,半導体商社,-14.1399,1.5694,1.8851,18
2023-11-20,2023-11-24,return_top5,5,データベース,-32.8279,1.3607,-0.7744,38
2023-11-20,2023-11-24,return_bottom5,1,TOPIXコア30,-31.8181,-0.3705,-0.3874,30
2023-11-20,2023-11-24,return_bottom5,2,円高メリット,-32.1787,-0.1169,0.3525,56
2023-11-20,2023-11-24,return_bottom5,3,レアアース,-19.689,0.3109,-0.188,37
2023-11-20,2023-11-24,return_bottom5,4,データセンター,-27.4219,0.5937,-0.2415,147
2023-11-20,2023-11-24,return_bottom5,5,レアメタル,-36.9265,0.648,-0.5599,50
2023-11-27,2023-12-01,volume_top5,1,データ分析・解析,129.8969,-1.8583,-3.3561,103
2023-11-27,2023-12-01,volume_top5,2,人工知能,59.5698,-0.828,-2.9412,327
2023-11-27,2023-12-01,volume_top5,3,データセンター,59.1073,-0.2415,-2.1898,147
2023-11-27,2023-12-01,volume_top5,4,TOPIXコア30,58.9065,-0.3874,-3.9062,30
2023-11-27,2023-12-01,volume_top5,5,レアメタル,53.8976,-0.5599,-3.9381,50
2023-11-27,2023-12-01,volume_bottom5,1,データベース,-0.8137,-0.7744,-3.0222,38
2023-11-27,2023-12-01,volume_bottom5,2,半導体,19.4833,0.2336,-4.0635,106
2023-11-27,2023-12-01,volume_bottom5,3,レアアース,31.041,-0.188,-4.3427,37
2023-11-27,2023-12-01,volume_bottom5,4,フィジカルAI,31.7289,-0.6879,-3.5512,47
2023-11-27,2023-12-01,volume_bottom5,5,半導体製造装置,33.5472,-0.0972,-3.5846,195
2023-11-27,2023-12-01,return_top5,1,半導体商社,40.9093,1.8851,-3.3189,18
2023-11-27,2023-12-01,return_top5,2,円高メリット,49.4083,0.3525,0.3869,56
2023-11-27,2023-12-01,return_top5,3,半導体,19.4833,0.2336,-4.0635,106
2023-11-27,2023-12-01,return_top5,4,半導体製造装置,33.5472,-0.0972,-3.5846,195
2023-11-27,2023-12-01,return_top5,5,レアアース,31.041,-0.188,-4.3427,37
2023-11-27,2023-12-01,return_bottom5,1,データ分析・解析,129.8969,-1.8583,-3.3561,103
2023-11-27,2023-12-01,return_bottom5,2,人工知能,59.5698,-0.828,-2.9412,327
2023-11-27,2023-12-01,return_bottom5,3,地方銀行,44.8984,-0.7951,0.4503,69
2023-11-27,2023-12-01,return_bottom5,4,データベース,-0.8137,-0.7744,-3.0222,38
2023-11-27,2023-12-01,return_bottom5,5,フィジカルAI,31.7289,-0.6879,-3.5512,47
2023-12-04,2023-12-08,volume_top5,1,円高メリット,37.2094,0.3869,-0.5573,56
2023-12-04,2023-12-08,volume_top5,2,フィジカルAI,10.9811,-3.5512,-0.0809,47
2023-12-04,2023-12-08,volume_top5,3,レアアース,6.5195,-4.3427,0.8258,37
2023-12-04,2023-12-08,volume_top5,4,地方銀行,5.6357,0.4503,-3.6299,69
2023-12-04,2023-12-08,volume_top5,5,データセンター,5.545,-2.1898,-0.1481,147
2023-12-04,2023-12-08,volume_bottom5,1,データ分析・解析,-16.8111,-3.3561,-0.819,103
2023-12-04,2023-12-08,volume_bottom5,2,データベース,-15.8214,-3.0222,-0.6054,38
2023-12-04,2023-12-08,volume_bottom5,3,TOPIXコア30,-7.5667,-3.9062,0.1476,30
2023-12-04,2023-12-08,volume_bottom5,4,人工知能,-6.6771,-2.9412,-0.3484,327
2023-12-04,2023-12-08,volume_bottom5,5,半導体部材・部品,-6.6641,-3.6821,0.5777,110
2023-12-04,2023-12-08,return_top5,1,地方銀行,5.6357,0.4503,-3.6299,69
2023-12-04,2023-12-08,return_top5,2,円高メリット,37.2094,0.3869,-0.5573,56
2023-12-04,2023-12-08,return_top5,3,データセンター,5.545,-2.1898,-0.1481,147
2023-12-04,2023-12-08,return_top5,4,人工知能,-6.6771,-2.9412,-0.3484,327
2023-12-04,2023-12-08,return_top5,5,データベース,-15.8214,-3.0222,-0.6054,38
2023-12-04,2023-12-08,return_bottom5,1,レアアース,6.5195,-4.3427,0.8258,37
2023-12-04,2023-12-08,return_bottom5,2,半導体,4.6009,-4.0635,2.2736,106
2023-12-04,2023-12-08,return_bottom5,3,レアメタル,-3.3232,-3.9381,0.4164,50
2023-12-04,2023-12-08,return_bottom5,4,TOPIXコア30,-7.5667,-3.9062,0.1476,30
2023-12-04,2023-12-08,return_bottom5,5,半導体部材・部品,-6.6641,-3.6821,0.5777,110
2023-12-11,2023-12-15,volume_top5,1,円高メリット,34.8675,-0.5573,-0.3221,56
2023-12-11,2023-12-15,volume_top5,2,データセンター,14.7443,-0.1481,0.1194,147
2023-12-11,2023-12-15,volume_top5,3,半導体商社,13.8141,2.109,-1.1721,18
2023-12-11,2023-12-15,volume_top5,4,半導体部材・部品,13.6927,0.5777,-0.1993,110
2023-12-11,2023-12-15,volume_top5,5,地方銀行,7.8198,-3.6299,-1.8297,69
2023-12-11,2023-12-15,volume_bottom5,1,データ分析・解析,-43.6951,-0.819,-0.8941,103
2023-12-11,2023-12-15,volume_bottom5,2,レアアース,-3.81,0.8258,-0.6291,37
2023-12-11,2023-12-15,volume_bottom5,3,半導体製造装置,-2.4972,0.6062,0.3603,195
2023-12-11,2023-12-15,volume_bottom5,4,データベース,0.4552,-0.6054,-0.1539,38
2023-12-11,2023-12-15,volume_bottom5,5,レアメタル,0.9302,0.4164,-0.4046,50
2023-12-11,2023-12-15,return_top5,1,半導体,6.5275,2.2736,0.1736,106
2023-12-11,2023-12-15,return_top5,2,半導体商社,13.8141,2.109,-1.1721,18
2023-12-11,2023-12-15,return_top5,3,レアアース,-3.81,0.8258,-0.6291,37
2023-12-11,2023-12-15,return_top5,4,半導体製造装置,-2.4972,0.6062,0.3603,195
2023-12-11,2023-12-15,return_top5,5,半導体部材・部品,13.6927,0.5777,-0.1993,110
2023-12-11,2023-12-15,return_bottom5,1,地方銀行,7.8198,-3.6299,-1.8297,69
2023-12-11,2023-12-15,return_bottom5,2,データ分析・解析,-43.6951,-0.819,-0.8941,103
2023-12-11,2023-12-15,return_bottom5,3,データベース,0.4552,-0.6054,-0.1539,38
2023-12-11,2023-12-15,return_bottom5,4,円高メリット,34.8675,-0.5573,-0.3221,56
2023-12-11,2023-12-15,return_bottom5,5,人工知能,4.3884,-0.3484,-0.5445,327
2023-12-18,2023-12-22,volume_top5,1,半導体部材・部品,8.1977,-0.1993,1.3225,110
2023-12-18,2023-12-22,volume_top5,2,地方銀行,-1.095,-1.8297,1.6422,69
2023-12-18,2023-12-22,volume_top5,3,人工知能,-2.696,-0.5445,2.4495,327
2023-12-18,2023-12-22,volume_top5,4,データ分析・解析,-2.7578,-0.8941,2.8081,103
2023-12-18,2023-12-22,volume_top5,5,半導体製造装置,-7.9032,0.3603,2.3093,195
2023-12-18,2023-12-22,volume_bottom5,1,円高メリット,-32.6938,-0.3221,1.1124,56
2023-12-18,2023-12-22,volume_bottom5,2,レアメタル,-25.0027,-0.4046,1.6596,50
2023-12-18,2023-12-22,volume_bottom5,3,データセンター,-22.7704,0.1194,1.6996,147
2023-12-18,2023-12-22,volume_bottom5,4,半導体商社,-18.3595,-1.1721,2.2274,18
2023-12-18,2023-12-22,volume_bottom5,5,データベース,-17.6002,-0.1539,2.7391,38
2023-12-18,2023-12-22,return_top5,1,半導体製造装置,-7.9032,0.3603,2.3093,195
2023-12-18,2023-12-22,return_top5,2,半導体,-16.8469,0.1736,2.5582,106
2023-12-18,2023-12-22,return_top5,3,データセンター,-22.7704,0.1194,1.6996,147
2023-12-18,2023-12-22,return_top5,4,TOPIXコア30,-9.2707,0.0598,1.4607,30
2023-12-18,2023-12-22,return_top5,5,データベース,-17.6002,-0.1539,2.7391,38
2023-12-18,2023-12-22,return_bottom5,1,地方銀行,-1.095,-1.8297,1.6422,69
2023-12-18,2023-12-22,return_bottom5,2,半導体商社,-18.3595,-1.1721,2.2274,18
2023-12-18,2023-12-22,return_bottom5,3,データ分析・解析,-2.7578,-0.8941,2.8081,103
2023-12-18,2023-12-22,return_bottom5,4,レアアース,-12.6248,-0.6291,2.7145,37
2023-12-18,2023-12-22,return_bottom5,5,人工知能,-2.696,-0.5445,2.4495,327
2023-12-25,2023-12-29,volume_top5,1,レアアース,2.2025,2.7145,2.307,37
2023-12-25,2023-12-29,volume_top5,2,データベース,-0.3394,2.7391,-0.9261,38
2023-12-25,2023-12-29,volume_top5,3,データ分析・解析,-6.5966,2.8081,-0.3866,103
2023-12-25,2023-12-29,volume_top5,4,半導体,-8.2666,2.5582,-0.3741,106
2023-12-25,2023-12-29,volume_top5,5,円高メリット,-13.4523,1.1124,2.2865,56
2023-12-25,2023-12-29,volume_bottom5,1,地方銀行,-44.5225,1.6422,1.5323,69
2023-12-25,2023-12-29,volume_bottom5,2,半導体部材・部品,-40.5774,1.3225,1.4074,110
2023-12-25,2023-12-29,volume_bottom5,3,人工知能,-32.0096,2.4495,-0.0614,327
2023-12-25,2023-12-29,volume_bottom5,4,TOPIXコア30,-30.9831,1.4607,1.226,30
2023-12-25,2023-12-29,volume_bottom5,5,フィジカルAI,-29.1219,1.6166,-0.339,47
2023-12-25,2023-12-29,return_top5,1,データ分析・解析,-6.5966,2.8081,-0.3866,103
2023-12-25,2023-12-29,return_top5,2,データベース,-0.3394,2.7391,-0.9261,38
2023-12-25,2023-12-29,return_top5,3,レアアース,2.2025,2.7145,2.307,37
2023-12-25,2023-12-29,return_top5,4,半導体,-8.2666,2.5582,-0.3741,106
2023-12-25,2023-12-29,return_top5,5,人工知能,-32.0096,2.4495,-0.0614,327
2023-12-25,2023-12-29,return_bottom5,1,円高メリット,-13.4523,1.1124,2.2865,56
2023-12-25,2023-12-29,return_bottom5,2,半導体部材・部品,-40.5774,1.3225,1.4074,110
2023-12-25,2023-12-29,return_bottom5,3,TOPIXコア30,-30.9831,1.4607,1.226,30
2023-12-25,2023-12-29,return_bottom5,4,フィジカルAI,-29.1219,1.6166,-0.339,47
2023-12-25,2023-12-29,return_bottom5,5,地方銀行,-44.5225,1.6422,1.5323,69
2024-01-01,2024-01-05,volume_top5,1,レアメタル,-32.1408,1.9426,0.9091,50
2024-01-01,2024-01-05,volume_top5,2,半導体商社,-34.3145,1.8619,2.3087,18
2024-01-01,2024-01-05,volume_top5,3,TOPIXコア30,-35.9385,1.226,6.4252,30
2024-01-01,2024-01-05,volume_top5,4,半導体,-38.4268,-0.3741,2.3316,106
2024-01-01,2024-01-05,volume_top5,5,円高メリット,-39.1922,2.2865,0.8458,56
2024-01-01,2024-01-05,volume_bottom5,1,データ分析・解析,-54.2915,-0.3866,0.9189,103
2024-01-01,2024-01-05,volume_bottom5,2,半導体製造装置,-48.8821,0.3754,1.6741,195
2024-01-01,2024-01-05,volume_bottom5,3,地方銀行,-44.618,1.5323,-0.2174,69
2024-01-01,2024-01-05,volume_bottom5,4,レアアース,-43.4048,2.307,1.802,37
2024-01-01,2024-01-05,volume_bottom5,5,データベース,-43.226,-0.9261,1.0461,38
2024-01-01,2024-01-05,return_top5,1,レアアース,-43.4048,2.307,1.802,37
2024-01-01,2024-01-05,return_top5,2,円高メリット,-39.1922,2.2865,0.8458,56
2024-01-01,2024-01-05,return_top5,3,レアメタル,-32.1408,1.9426,0.9091,50
2024-01-01,2024-01-05,return_top5,4,半導体商社,-34.3145,1.8619,2.3087,18
2024-01-01,2024-01-05,return_top5,5,地方銀行,-44.618,1.5323,-0.2174,69
2024-01-01,2024-01-05,return_bottom5,1,データベース,-43.226,-0.9261,1.0461,38
2024-01-01,2024-01-05,return_bottom5,2,データ分析・解析,-54.2915,-0.3866,0.9189,103
2024-01-01,2024-01-05,return_bottom5,3,半導体,-38.4268,-0.3741,2.3316,106
2024-01-01,2024-01-05,return_bottom5,4,フィジカルAI,-41.3149,-0.339,2.2987,47
2024-01-01,2024-01-05,return_bottom5,5,人工知能,-43.2243,-0.0614,0.7877,327
2024-01-08,2024-01-12,volume_top5,1,半導体商社,152.0072,2.3087,3.6264,18
2024-01-08,2024-01-12,volume_top5,2,データ分析・解析,143.857,0.9189,-0.5128,103
2024-01-08,2024-01-12,volume_top5,3,フィジカルAI,135.8362,2.2987,-0.5756,47
2024-01-08,2024-01-12,volume_top5,4,半導体部材・部品,125.3137,0.8061,0.4798,110
2024-01-08,2024-01-12,volume_top5,5,人工知能,122.7966,0.7877,-0.5756,327
2024-01-08,2024-01-12,volume_bottom5,1,円高メリット,75.1023,0.8458,-0.9066,56
2024-01-08,2024-01-12,volume_bottom5,2,データベース,93.8599,1.0461,-0.2403,38
2024-01-08,2024-01-12,volume_bottom5,3,半導体,95.6334,2.3316,1.1449,106
2024-01-08,2024-01-12,volume_bottom5,4,データセンター,102.2564,1.8336,0.5297,147
2024-01-08,2024-01-12,volume_bottom5,5,レアアース,107.0802,1.802,0.1905,37
2024-01-08,2024-01-12,return_top5,1,TOPIXコア30,121.8503,6.4252,1.0449,30
2024-01-08,2024-01-12,return_top5,2,半導体,95.6334,2.3316,1.1449,106
2024-01-08,2024-01-12,return_top5,3,半導体商社,152.0072,2.3087,3.6264,18
2024-01-08,2024-01-12,return_top5,4,フィジカルAI,135.8362,2.2987,-0.5756,47
2024-01-08,2024-01-12,return_top5,5,データセンター,102.2564,1.8336,0.5297,147
2024-01-08,2024-01-12,return_bottom5,1,地方銀行,107.5921,-0.2174,0.3569,69
2024-01-08,2024-01-12,return_bottom5,2,人工知能,122.7966,0.7877,-0.5756,327
2024-01-08,2024-01-12,return_bottom5,3,半導体部材・部品,125.3137,0.8061,0.4798,110
2024-01-08,2024-01-12,return_bottom5,4,円高メリット,75.1023,0.8458,-0.9066,56
2024-01-08,2024-01-12,return_bottom5,5,レアメタル,114.0703,0.9091,0.7954,50
2024-01-15,2024-01-19,volume_top5,1,データ分析・解析,40.8177,-0.5128,2.672,103
2024-01-15,2024-01-19,volume_top5,2,データベース,32.8654,-0.2403,2.8922,38
2024-01-15,2024-01-19,volume_top5,3,半導体製造装置,6.4815,0.5359,0.7096,195
2024-01-15,2024-01-19,volume_top5,4,半導体,5.515,1.1449,0.0276,106
2024-01-15,2024-01-19,volume_top5,5,半導体部材・部品,0.4596,0.4798,0.5357,110
2024-01-15,2024-01-19,volume_bottom5,1,地方銀行,-13.7834,0.3569,2.4074,69
2024-01-15,2024-01-19,volume_bottom5,2,半導体商社,-8.7217,3.6264,-1.167,18
2024-01-15,2024-01-19,volume_bottom5,3,TOPIXコア30,-7.9526,1.0449,-0.7827,30
2024-01-15,2024-01-19,volume_bottom5,4,レアアース,-6.8317,0.1905,0.6485,37
2024-01-15,2024-01-19,volume_bottom5,5,円高メリット,-5.6246,-0.9066,-0.4511,56
2024-01-15,2024-01-19,return_top5,1,半導体商社,-8.7217,3.6264,-1.167,18
2024-01-15,2024-01-19,return_top5,2,半導体,5.515,1.1449,0.0276,106
2024-01-15,2024-01-19,return_top5,3,TOPIXコア30,-7.9526,1.0449,-0.7827,30
2024-01-15,2024-01-19,return_top5,4,レアメタル,-2.3133,0.7954,0.4236,50
2024-01-15,2024-01-19,return_top5,5,半導体製造装置,6.4815,0.5359,0.7096,195
2024-01-15,2024-01-19,return_bottom5,1,円高メリット,-5.6246,-0.9066,-0.4511,56
2024-01-15,2024-01-19,return_bottom5,2,人工知能,-1.3544,-0.5756,1.8134,327
2024-01-15,2024-01-19,return_bottom5,3,フィジカルAI,-5.2446,-0.5756,0.2601,47
2024-01-15,2024-01-19,return_bottom5,4,データ分析・解析,40.8177,-0.5128,2.672,103
2024-01-15,2024-01-19,return_bottom5,5,データベース,32.8654,-0.2403,2.8922,38
2024-01-22,2024-01-26,volume_top5,1,半導体,52.7318,0.0276,0.2563,106
2024-01-22,2024-01-26,volume_top5,2,地方銀行,50.6411,2.4074,0.1169,69
2024-01-22,2024-01-26,volume_top5,3,データ分析・解析,38.459,2.672,-0.8197,103
2024-01-22,2024-01-26,volume_top5,4,半導体製造装置,29.9395,0.7096,0.4685,195
2024-01-22,2024-01-26,volume_top5,5,TOPIXコア30,27.2661,-0.7827,2.2823,30
2024-01-22,2024-01-26,volume_bottom5,1,半導体商社,-7.9021,-1.167,-0.2451,18
2024-01-22,2024-01-26,volume_bottom5,2,レアメタル,-7.1425,0.4236,0.3439,50
2024-01-22,2024-01-26,volume_bottom5,3,円高メリット,-6.7213,-0.4511,1.5124,56
2024-01-22,2024-01-26,volume_bottom5,4,データベース,-5.0397,2.8922,-0.5819,38
2024-01-22,2024-01-26,volume_bottom5,5,レアアース,-0.986,0.6485,0.5524,37
2024-01-22,2024-01-26,return_top5,1,データベース,-5.0397,2.8922,-0.5819,38
2024-01-22,2024-01-26,return_top5,2,データ分析・解析,38.459,2.672,-0.8197,103
2024-01-22,2024-01-26,return_top5,3,地方銀行,50.6411,2.4074,0.1169,69
2024-01-22,2024-01-26,return_top5,4,人工知能,15.3841,1.8134,-0.2298,327
2024-01-22,2024-01-26,return_top5,5,半導体製造装置,29.9395,0.7096,0.4685,195
2024-01-22,2024-01-26,return_bottom5,1,半導体商社,-7.9021,-1.167,-0.2451,18
2024-01-22,2024-01-26,return_bottom5,2,TOPIXコア30,27.2661,-0.7827,2.2823,30
2024-01-22,2024-01-26,return_bottom5,3,円高メリット,-6.7213,-0.4511,1.5124,56
2024-01-22,2024-01-26,return_bottom5,4,データセンター,1.1153,0.0,1.317,147
2024-01-22,2024-01-26,return_bottom5,5,半導体,52.7318,0.0276,0.2563,106
2024-01-29,2024-02-02,volume_top5,1,半導体商社,26.5745,-0.2451,-1.7625,18
2024-01-29,2024-02-02,volume_top5,2,円高メリット,18.2911,1.5124,-0.9451,56
2024-01-29,2024-02-02,volume_top5,3,人工知能,15.2273,-0.2298,-1.1128,327
2024-01-29,2024-02-02,volume_top5,4,半導体部材・部品,12.6881,0.5605,-0.319,110
2024-01-29,2024-02-02,volume_top5,5,レアメタル,7.4565,0.3439,-0.4031,50
2024-01-29,2024-02-02,volume_bottom5,1,データ分析・解析,-20.177,-0.8197,-1.1518,103
2024-01-29,2024-02-02,volume_bottom5,2,データベース,-18.8326,-0.5819,-1.2905,38
2024-01-29,2024-02-02,volume_bottom5,3,TOPIXコア30,-17.7648,2.2823,0.0604,30
2024-01-29,2024-02-02,volume_bottom5,4,半導体製造装置,-16.5121,0.4685,-0.4044,195
2024-01-29,2024-02-02,volume_bottom5,5,半導体,-8.7277,0.2563,-0.3546,106
2024-01-29,2024-02-02,return_top5,1,TOPIXコア30,-17.7648,2.2823,0.0604,30
2024-01-29,2024-02-02,return_top5,2,円高メリット,18.2911,1.5124,-0.9451,56
2024-01-29,2024-02-02,return_top5,3,データセンター,-1.0082,1.317,-0.9435,147
2024-01-29,2024-02-02,return_top5,4,半導体部材・部品,12.6881,0.5605,-0.319,110
2024-01-29,2024-02-02,return_top5,5,レアアース,7.3206,0.5524,-0.7177,37
2024-01-29,2024-02-02,return_bottom5,1,データ分析・解析,-20.177,-0.8197,-1.1518,103
2024-01-29,2024-02-02,return_bottom5,2,データベース,-18.8326,-0.5819,-1.2905,38
2024-01-29,2024-02-02,return_bottom5,3,半導体商社,26.5745,-0.2451,-1.7625,18
2024-01-29,2024-02-02,return_bottom5,4,人工知能,15.2273,-0.2298,-1.1128,327
2024-01-29,2024-02-02,return_bottom5,5,地方銀行,-7.468,0.1169,-1.7294,69
2024-02-05,2024-02-09,volume_top5,1,フィジカルAI,66.4305,-0.8383,1.8691,47
2024-02-05,2024-02-09,volume_top5,2,データセンター,46.5912,-0.9435,0.9047,147
2024-02-05,2024-02-09,volume_top5,3,TOPIXコア30,39.4274,0.0604,4.0475,30
2024-02-05,2024-02-09,volume_top5,4,半導体部材・部品,35.8732,-0.319,1.5083,110
2024-02-05,2024-02-09,volume_top5,5,人工知能,31.8975,-1.1128,0.0,327
2024-02-05,2024-02-09,volume_bottom5,1,データ分析・解析,-17.5084,-1.1518,0.2747,103
2024-02-05,2024-02-09,volume_bottom5,2,半導体,0.963,-0.3546,0.5129,106
2024-02-05,2024-02-09,volume_bottom5,3,円高メリット,1.7502,-0.9451,0.0765,56
2024-02-05,2024-02-09,volume_bottom5,4,データベース,10.3225,-1.2905,-0.3456,38
2024-02-05,2024-02-09,volume_bottom5,5,半導体商社,10.72,-1.7625,0.5494,18
2024-02-05,2024-02-09,return_top5,1,TOPIXコア30,39.4274,0.0604,4.0475,30
2024-02-05,2024-02-09,return_top5,2,半導体部材・部品,35.8732,-0.319,1.5083,110
2024-02-05,2024-02-09,return_top5,3,半導体,0.963,-0.3546,0.5129,106
2024-02-05,2024-02-09,return_top5,4,レアメタル,28.0269,-0.4031,0.7108,50
2024-02-05,2024-02-09,return_top5,5,半導体製造装置,17.814,-0.4044,1.085,195
2024-02-05,2024-02-09,return_bottom5,1,半導体商社,10.72,-1.7625,0.5494,18
2024-02-05,2024-02-09,return_bottom5,2,地方銀行,16.6978,-1.7294,0.37,69
2024-02-05,2024-02-09,return_bottom5,3,データベース,10.3225,-1.2905,-0.3456,38
2024-02-05,2024-02-09,return_bottom5,4,データ分析・解析,-17.5084,-1.1518,0.2747,103
2024-02-05,2024-02-09,return_bottom5,5,人工知能,31.8975,-1.1128,0.0,327
2024-02-12,2024-02-16,volume_top5,1,データベース,119.9325,-0.3456,1.8226,38
2024-02-12,2024-02-16,volume_top5,2,データ分析・解析,53.8775,0.2747,1.1583,103
2024-02-12,2024-02-16,volume_top5,3,半導体製造装置,6.5012,1.085,1.5748,195
2024-02-12,2024-02-16,volume_top5,4,半導体,5.934,0.5129,2.1116,106
2024-02-12,2024-02-16,volume_top5,5,レアアース,-10.0606,0.8237,1.3083,37
2024-02-12,2024-02-16,volume_bottom5,1,地方銀行,-25.1194,0.37,2.8293,69
2024-02-12,2024-02-16,volume_bottom5,2,人工知能,-25.048,0.0,1.4652,327
2024-02-12,2024-02-16,volume_bottom5,3,データセンター,-24.8964,0.9047,1.944,147
2024-02-12,2024-02-16,volume_bottom5,4,TOPIXコア30,-24.3736,4.0475,1.2008,30
2024-02-12,2024-02-16,volume_bottom5,5,半導体部材・部品,-22.1252,1.5083,1.644,110
2024-02-12,2024-02-16,return_top5,1,TOPIXコア30,-24.3736,4.0475,1.2008,30
2024-02-12,2024-02-16,return_top5,2,フィジカルAI,-18.3206,1.8691,1.642,47
2024-02-12,2024-02-16,return_top5,3,半導体部材・部品,-22.1252,1.5083,1.644,110
2024-02-12,2024-02-16,return_top5,4,半導体製造装置,6.5012,1.085,1.5748,195
2024-02-12,2024-02-16,return_top5,5,データセンター,-24.8964,0.9047,1.944,147
2024-02-12,2024-02-16,return_bottom5,1,データベース,119.9325,-0.3456,1.8226,38
2024-02-12,2024-02-16,return_bottom5,2,人工知能,-25.048,0.0,1.4652,327
2024-02-12,2024-02-16,return_bottom5,3,円高メリット,-17.5327,0.0765,1.4308,56
2024-02-12,2024-02-16,return_bottom5,4,データ分析・解析,53.8775,0.2747,1.1583,103
2024-02-12,2024-02-16,return_bottom5,5,地方銀行,-25.1194,0.37,2.8293,69
2024-02-19,2024-02-23,volume_top5,1,レアアース,9.102,1.3083,0.805,37
2024-02-19,2024-02-23,volume_top5,2,TOPIXコア30,-11.0069,1.2008,1.8056,30
2024-02-19,2024-02-23,volume_top5,3,円高メリット,-13.5042,1.4308,0.3088,56
2024-02-19,2024-02-23,volume_top5,4,地方銀行,-15.6184,2.8293,6.0605,69
2024-02-19,2024-02-23,volume_top5,5,人工知能,-15.8052,1.4652,1.1975,327
2024-02-19,2024-02-23,volume_bottom5,1,データベース,-49.7866,1.8226,0.0,38
2024-02-19,2024-02-23,volume_bottom5,2,半導体商社,-38.9338,1.6281,0.9535,18
2024-02-19,2024-02-23,volume_bottom5,3,データ分析・解析,-29.3775,1.1583,0.7366,103
2024-02-19,2024-02-23,volume_bottom5,4,半導体,-29.0206,2.1116,1.6206,106
2024-02-19,2024-02-23,volume_bottom5,5,半導体製造装置,-27.0272,1.5748,1.1364,195
2024-02-19,2024-02-23,return_top5,1,地方銀行,-15.6184,2.8293,6.0605,69
2024-02-19,2024-02-23,return_top5,2,半導体,-29.0206,2.1116,1.6206,106
2024-02-19,2024-02-23,return_top5,3,データセンター,-19.3988,1.944,1.1029,147
2024-02-19,2024-02-23,return_top5,4,データベース,-49.7866,1.8226,0.0,38
2024-02-19,2024-02-23,return_top5,5,半導体部材・部品,-27.0181,1.644,1.1289,110
2024-02-19,2024-02-23,return_bottom5,1,レアメタル,-21.8878,0.9788,-0.0185,50
2024-02-19,2024-02-23,return_bottom5,2,データ分析・解析,-29.3775,1.1583,0.7366,103
2024-02-19,2024-02-23,return_bottom5,3,TOPIXコア30,-11.0069,1.2008,1.8056,30
2024-02-19,2024-02-23,return_bottom5,4,レアアース,9.102,1.3083,0.805,37
2024-02-19,2024-02-23,return_bottom5,5,円高メリット,-13.5042,1.4308,0.3088,56
2024-02-26,2024-03-01,volume_top5,1,レアアース,118.0171,0.805,1.7873,37
2024-02-26,2024-03-01,volume_top5,2,半導体部材・部品,101.4035,1.1289,0.368,110
2024-02-26,2024-03-01,volume_top5,3,地方銀行,92.0093,6.0605,4.0333,69
2024-02-26,2024-03-01,volume_top5,4,円高メリット,80.3186,0.3088,2.4082,56
2024-02-26,2024-03-01,volume_top5,5,半導体商社,73.3125,0.9535,-0.6212,18
2024-02-26,2024-03-01,volume_bottom5,1,データ分析・解析,11.4689,0.7366,0.5925,103
2024-02-26,2024-03-01,volume_bottom5,2,半導体,21.6934,1.6206,0.2118,106
2024-02-26,2024-03-01,volume_bottom5,3,人工知能,27.5221,1.1975,0.7431,328
2024-02-26,2024-03-01,volume_bottom5,4,フィジカルAI,33.5991,1.2121,2.6364,47
2024-02-26,2024-03-01,volume_bottom5,5,データベース,37.0139,0.0,0.2238,38
2024-02-26,2024-03-01,return_top5,1,地方銀行,92.0093,6.0605,4.0333,69
2024-02-26,2024-03-01,return_top5,2,TOPIXコア30,37.2804,1.8056,0.2959,30
2024-02-26,2024-03-01,return_top5,3,半導体,21.6934,1.6206,0.2118,106
2024-02-26,2024-03-01,return_top5,4,フィジカルAI,33.5991,1.2121,2.6364,47
2024-02-26,2024-03-01,return_top5,5,人工知能,27.5221,1.1975,0.7431,328
2024-02-26,2024-03-01,return_bottom5,1,レアメタル,53.6291,-0.0185,1.3362,50
2024-02-26,2024-03-01,return_bottom5,2,データベース,37.0139,0.0,0.2238,38
2024-02-26,2024-03-01,return_bottom5,3,円高メリット,80.3186,0.3088,2.4082,56
2024-02-26,2024-03-01,return_bottom5,4,データ分析・解析,11.4689,0.7366,0.5925,103
2024-02-26,2024-03-01,return_bottom5,5,レアアース,118.0171,0.805,1.7873,37
2024-03-04,2024-03-08,volume_top5,1,データ分析・解析,49.8991,0.5925,-2.9311,103
2024-03-04,2024-03-08,volume_top5,2,レアアース,32.5745,1.7873,-1.5385,37
2024-03-04,2024-03-08,volume_top5,3,データベース,19.8097,0.2238,-1.6908,38
2024-03-04,2024-03-08,volume_top5,4,半導体,19.3678,0.2118,-3.5065,106
2024-03-04,2024-03-08,volume_top5,5,半導体商社,14.4618,-0.6212,-2.3747,18
2024-03-04,2024-03-08,volume_bottom5,1,半導体部材・部品,-27.777,0.368,-1.6386,110
2024-03-04,2024-03-08,volume_bottom5,2,円高メリット,-21.9148,2.4082,2.1136,56
2024-03-04,2024-03-08,volume_bottom5,3,レアメタル,-8.0116,1.3362,-0.3545,50
2024-03-04,2024-03-08,volume_bottom5,4,データセンター,-2.9217,1.5016,-1.8237,147
2024-03-04,2024-03-08,volume_bottom5,5,半導体製造装置,0.533,1.8748,-2.5616,195
2024-03-04,2024-03-08,return_top5,1,地方銀行,4.7134,4.0333,-3.7919,69
2024-03-04,2024-03-08,return_top5,2,フィジカルAI,8.1196,2.6364,-3.1011,47
2024-03-04,2024-03-08,return_top5,3,円高メリット,-21.9148,2.4082,2.1136,56
2024-03-04,2024-03-08,return_top5,4,半導体製造装置,0.533,1.8748,-2.5616,195
2024-03-04,2024-03-08,return_top5,5,レアアース,32.5745,1.7873,-1.5385,37
2024-03-04,2024-03-08,return_bottom5,1,半導体商社,14.4618,-0.6212,-2.3747,18
2024-03-04,2024-03-08,return_bottom5,2,半導体,19.3678,0.2118,-3.5065,106
2024-03-04,2024-03-08,return_bottom5,3,データベース,19.8097,0.2238,-1.6908,38
2024-03-04,2024-03-08,return_bottom5,4,TOPIXコア30,4.733,0.2959,-2.7371,30
2024-03-04,2024-03-08,return_bottom5,5,半導体部材・部品,-27.777,0.368,-1.6386,110
2024-03-11,2024-03-15,volume_top5,1,円高メリット,38.9101,2.1136,2.2175,56
2024-03-11,2024-03-15,volume_top5,2,半導体部材・部品,12.5245,-1.6386,3.5419,110
2024-03-11,2024-03-15,volume_top5,3,データセンター,3.4384,-1.8237,4.109,147
2024-03-11,2024-03-15,volume_top5,4,レアメタル,2.255,-0.3545,3.3752,50
2024-03-11,2024-03-15,volume_top5,5,TOPIXコア30,-4.1214,-2.7371,5.9673,30
2024-03-11,2024-03-15,volume_bottom5,1,データベース,-38.9396,-1.6908,2.5663,38
2024-03-11,2024-03-15,volume_bottom5,2,データ分析・解析,-37.175,-2.9311,2.8575,103
2024-03-11,2024-03-15,volume_bottom5,3,半導体,-26.992,-3.5065,3.8366,106
2024-03-11,2024-03-15,volume_bottom5,4,レアアース,-18.0703,-1.5385,4.5616,37
2024-03-11,2024-03-15,volume_bottom5,5,半導体商社,-16.403,-2.3747,5.0112,18
2024-03-11,2024-03-15,return_top5,1,円高メリット,38.9101,2.1136,2.2175,56
2024-03-11,2024-03-15,return_top5,2,レアメタル,2.255,-0.3545,3.3752,50
2024-03-11,2024-03-15,return_top5,3,レアアース,-18.0703,-1.5385,4.5616,37
2024-03-11,2024-03-15,return_top5,4,半導体部材・部品,12.5245,-1.6386,3.5419,110
2024-03-11,2024-03-15,return_top5,5,データベース,-38.9396,-1.6908,2.5663,38
2024-03-11,2024-03-15,return_bottom5,1,地方銀行,-5.445,-3.7919,4.9113,69
2024-03-11,2024-03-15,return_bottom5,2,半導体,-26.992,-3.5065,3.8366,106
2024-03-11,2024-03-15,return_bottom5,3,フィジカルAI,-12.0888,-3.1011,4.3689,47
2024-03-11,2024-03-15,return_bottom5,4,データ分析・解析,-37.175,-2.9311,2.8575,103
2024-03-11,2024-03-15,return_bottom5,5,TOPIXコア30,-4.1214,-2.7371,5.9673,30
2024-03-18,2024-03-22,volume_top5,1,半導体商社,83.6773,5.0112,1.7307,18
2024-03-18,2024-03-22,volume_top5,2,データセンター,-6.5923,4.109,0.0,147
2024-03-18,2024-03-22,volume_top5,3,フィジカルAI,-9.515,4.3689,-0.8811,47
2024-03-18,2024-03-22,volume_top5,4,TOPIXコア30,-10.7765,5.9673,-0.7546,30
2024-03-18,2024-03-22,volume_top5,5,円高メリット,-11.4095,2.2175,0.2032,56
2024-03-18,2024-03-22,volume_bottom5,1,レアアース,-52.896,4.5616,0.1832,37
2024-03-18,2024-03-22,volume_bottom5,2,データベース,-39.4586,2.5663,-1.6742,38
2024-03-18,2024-03-22,volume_bottom5,3,半導体部材・部品,-30.7186,3.5419,0.0171,110
2024-03-18,2024-03-22,volume_bottom5,4,レアメタル,-23.4737,3.3752,0.4918,50
2024-03-18,2024-03-22,volume_bottom5,5,半導体製造装置,-22.9345,3.4404,0.8379,195
2024-03-18,2024-03-22,return_top5,1,TOPIXコア30,-10.7765,5.9673,-0.7546,30
2024-03-18,2024-03-22,return_top5,2,半導体商社,83.6773,5.0112,1.7307,18
2024-03-18,2024-03-22,return_top5,3,地方銀行,-16.5188,4.9113,-2.3577,69
2024-03-18,2024-03-22,return_top5,4,レアアース,-52.896,4.5616,0.1832,37
2024-03-18,2024-03-22,return_top5,5,フィジカルAI,-9.515,4.3689,-0.8811,47
2024-03-18,2024-03-22,return_bottom5,1,円高メリット,-11.4095,2.2175,0.2032,56
2024-03-18,2024-03-22,return_bottom5,2,データベース,-39.4586,2.5663,-1.6742,38
2024-03-18,2024-03-22,return_bottom5,3,データ分析・解析,-13.3671,2.8575,-0.9871,103
2024-03-18,2024-03-22,return_bottom5,4,人工知能,-11.5532,2.8887,-0.5564,328
2024-03-18,2024-03-22,return_bottom5,5,レアメタル,-23.4737,3.3752,0.4918,50
2024-03-25,2024-03-29,volume_top5,1,データベース,40.3782,-1.6742,-3.8395,38
2024-03-25,2024-03-29,volume_top5,2,半導体,14.834,0.0091,-4.2349,106
2024-03-25,2024-03-29,volume_top5,3,レアアース,4.5808,0.1832,-1.4605,37
2024-03-25,2024-03-29,volume_top5,4,人工知能,3.4118,-0.5564,-4.0919,329
2024-03-25,2024-03-29,volume_top5,5,半導体部材・部品,3.2715,0.0171,-2.1299,110
2024-03-25,2024-03-29,volume_bottom5,1,半導体商社,-46.5287,1.7307,-4.8615,18
2024-03-25,2024-03-29,volume_bottom5,2,円高メリット,-8.5482,0.2032,-0.9479,56
2024-03-25,2024-03-29,volume_bottom5,3,TOPIXコア30,-5.4456,-0.7546,-2.4397,30
2024-03-25,2024-03-29,volume_bottom5,4,半導体製造装置,-4.9866,0.8379,-2.9481,195
2024-03-25,2024-03-29,volume_bottom5,5,フィジカルAI,-3.0244,-0.8811,-2.8009,47
2024-03-25,2024-03-29,return_top5,1,半導体商社,-46.5287,1.7307,-4.8615,18
2024-03-25,2024-03-29,return_top5,2,半導体製造装置,-4.9866,0.8379,-2.9481,195
2024-03-25,2024-03-29,return_top5,3,レアメタル,-1.2278,0.4918,-0.8122,50
2024-03-25,2024-03-29,return_top5,4,円高メリット,-8.5482,0.2032,-0.9479,56
2024-03-25,2024-03-29,return_top5,5,レアアース,4.5808,0.1832,-1.4605,37
2024-03-25,2024-03-29,return_bottom5,1,地方銀行,0.1989,-2.3577,-4.0735,69
2024-03-25,2024-03-29,return_bottom5,2,データベース,40.3782,-1.6742,-3.8395,38
2024-03-25,2024-03-29,return_bottom5,3,データ分析・解析,-1.8435,-0.9871,-4.1772,103
2024-03-25,2024-03-29,return_bottom5,4,フィジカルAI,-3.0244,-0.8811,-2.8009,47
2024-03-25,2024-03-29,return_bottom5,5,TOPIXコア30,-5.4456,-0.7546,-2.4397,30
2024-04-01,2024-04-05,volume_top5,1,データ分析・解析,45.1903,-4.1772,0.2885,103
2024-04-01,2024-04-05,volume_top5,2,レアメタル,23.8997,-0.8122,2.7539,50
2024-04-01,2024-04-05,volume_top5,3,半導体,22.8456,-4.2349,1.5978,106
2024-04-01,2024-04-05,volume_top5,4,円高メリット,22.4793,-0.9479,2.2121,56
2024-04-01,2024-04-05,volume_top5,5,レアアース,21.5653,-1.4605,3.5002,37
2024-04-01,2024-04-05,volume_bottom5,1,地方銀行,-10.0866,-4.0735,2.8159,69
2024-04-01,2024-04-05,volume_bottom5,2,半導体商社,-7.7384,-4.8615,2.3865,18
2024-04-01,2024-04-05,volume_bottom5,3,データベース,2.5045,-3.8395,-0.044,38
2024-04-01,2024-04-05,volume_bottom5,4,TOPIXコア30,6.527,-2.4397,0.9268,30
2024-04-01,2024-04-05,volume_bottom5,5,人工知能,10.4639,-4.0919,0.7802,332
2024-04-01,2024-04-05,return_top5,1,レアメタル,23.8997,-0.8122,2.7539,50
2024-04-01,2024-04-05,return_top5,2,円高メリット,22.4793,-0.9479,2.2121,56
2024-04-01,2024-04-05,return_top5,3,レアアース,21.5653,-1.4605,3.5002,37
2024-04-01,2024-04-05,return_top5,4,半導体部材・部品,11.354,-2.1299,1.9404,110
2024-04-01,2024-04-05,return_top5,5,TOPIXコア30,6.527,-2.4397,0.9268,30
2024-04-01,2024-04-05,return_bottom5,1,半導体商社,-7.7384,-4.8615,2.3865,18
2024-04-01,2024-04-05,return_bottom5,2,半導体,22.8456,-4.2349,1.5978,106
2024-04-01,2024-04-05,return_bottom5,3,データ分析・解析,45.1903,-4.1772,0.2885,103
2024-04-01,2024-04-05,return_bottom5,4,人工知能,10.4639,-4.0919,0.7802,332
2024-04-01,2024-04-05,return_bottom5,5,地方銀行,-10.0866,-4.0735,2.8159,69
2024-04-08,2024-04-12,volume_top5,1,データ分析・解析,25.8942,0.2885,-4.0789,103
2024-04-08,2024-04-12,volume_top5,2,レアアース,17.9242,3.5002,-4.0921,37
2024-04-08,2024-04-12,volume_top5,3,半導体商社,14.8995,2.3865,-5.1169,18
2024-04-08,2024-04-12,volume_top5,4,データベース,8.3782,-0.044,-4.3894,38
2024-04-08,2024-04-12,volume_top5,5,半導体,7.1924,1.5978,-5.0088,106
2024-04-08,2024-04-12,volume_bottom5,1,フィジカルAI,-30.4396,1.5597,-4.9526,47
2024-04-08,2024-04-12,volume_bottom5,2,TOPIXコア30,-27.3913,0.9268,-4.0016,30
2024-04-08,2024-04-12,volume_bottom5,3,半導体部材・部品,-25.4676,1.9404,-4.0377,110
2024-04-08,2024-04-12,volume_bottom5,4,レアメタル,-24.8285,2.7539,-3.5663,50
2024-04-08,2024-04-12,volume_bottom5,5,人工知能,-24.2263,0.7802,-4.3551,332
2024-04-08,2024-04-12,return_top5,1,レアアース,17.9242,3.5002,-4.0921,37
2024-04-08,2024-04-12,return_top5,2,データセンター,-5.9694,3.2668,-4.1329,147
2024-04-08,2024-04-12,return_top5,3,地方銀行,-16.6201,2.8159,-3.1735,69
2024-04-08,2024-04-12,return_top5,4,レアメタル,-24.8285,2.7539,-3.5663,50
2024-04-08,2024-04-12,return_top5,5,半導体製造装置,-10.4904,2.5948,-4.4103,195
2024-04-08,2024-04-12,return_bottom5,1,データベース,8.3782,-0.044,-4.3894,38
2024-04-08,2024-04-12,return_bottom5,2,データ分析・解析,25.8942,0.2885,-4.0789,103
2024-04-08,2024-04-12,return_bottom5,3,人工知能,-24.2263,0.7802,-4.3551,332
2024-04-08,2024-04-12,return_bottom5,4,TOPIXコア30,-27.3913,0.9268,-4.0016,30
2024-04-08,2024-04-12,return_bottom5,5,フィジカルAI,-30.4396,1.5597,-4.9526,47
2024-04-15,2024-04-19,volume_top5,1,フィジカルAI,44.2668,-4.9526,0.9889,47
2024-04-15,2024-04-19,volume_top5,2,半導体製造装置,43.28,-4.4103,1.6738,195
2024-04-15,2024-04-19,volume_top5,3,半導体部材・部品,33.8569,-4.0377,1.0736,110
2024-04-15,2024-04-19,volume_top5,4,レアメタル,29.5182,-3.5663,1.3175,50
2024-04-15,2024-04-19,volume_top5,5,TOPIXコア30,24.9976,-4.0016,2.2177,30
2024-04-15,2024-04-19,volume_bottom5,1,レアアース,-13.7826,-4.0921,2.2306,37
2024-04-15,2024-04-19,volume_bottom5,2,半導体商社,-9.6776,-5.1169,2.5843,18
2024-04-15,2024-04-19,volume_bottom5,3,半導体,-5.4088,-5.0088,1.4731,106
2024-04-15,2024-04-19,volume_bottom5,4,円高メリット,0.6881,-4.4601,1.4638,56
2024-04-15,2024-04-19,volume_bottom5,5,データ分析・解析,4.3573,-4.0789,1.437,103
2024-04-15,2024-04-19,return_top5,1,地方銀行,21.281,-3.1735,3.6528,69
2024-04-15,2024-04-19,return_top5,2,レアメタル,29.5182,-3.5663,1.3175,50
2024-04-15,2024-04-19,return_top5,3,TOPIXコア30,24.9976,-4.0016,2.2177,30
2024-04-15,2024-04-19,return_top5,4,半導体部材・部品,33.8569,-4.0377,1.0736,110
2024-04-15,2024-04-19,return_top5,5,データ分析・解析,4.3573,-4.0789,1.437,103
2024-04-15,2024-04-19,return_bottom5,1,半導体商社,-9.6776,-5.1169,2.5843,18
2024-04-15,2024-04-19,return_bottom5,2,半導体,-5.4088,-5.0088,1.4731,106
2024-04-15,2024-04-19,return_bottom5,3,フィジカルAI,44.2668,-4.9526,0.9889,47
2024-04-15,2024-04-19,return_bottom5,4,円高メリット,0.6881,-4.4601,1.4638,56
2024-04-15,2024-04-19,return_bottom5,5,半導体製造装置,43.28,-4.4103,1.6738,195
2024-04-22,2024-04-26,volume_top5,1,人工知能,13.7972,1.5564,0.2809,334
2024-04-22,2024-04-26,volume_top5,2,半導体,11.5483,1.4731,0.3501,106
2024-04-22,2024-04-26,volume_top5,3,レアアース,5.8895,2.2306,0.4862,37
2024-04-22,2024-04-26,volume_top5,4,データ分析・解析,3.0601,1.437,0.5908,104
2024-04-22,2024-04-26,volume_top5,5,地方銀行,0.6609,3.6528,-0.752,69
2024-04-22,2024-04-26,volume_bottom5,1,データベース,-27.227,1.7461,0.4287,38
2024-04-22,2024-04-26,volume_bottom5,2,レアメタル,-24.0748,1.3175,0.4087,50
2024-04-22,2024-04-26,volume_bottom5,3,半導体部材・部品,-21.5472,1.0736,0.4046,110
2024-04-22,2024-04-26,volume_bottom5,4,円高メリット,-19.428,1.4638,0.2428,56
2024-04-22,2024-04-26,volume_bottom5,5,半導体商社,-17.563,2.5843,0.5962,18
2024-04-22,2024-04-26,return_top5,1,地方銀行,0.6609,3.6528,-0.752,69
2024-04-22,2024-04-26,return_top5,2,半導体商社,-17.563,2.5843,0.5962,18
2024-04-22,2024-04-26,return_top5,3,レアアース,5.8895,2.2306,0.4862,37
2024-04-22,2024-04-26,return_top5,4,TOPIXコア30,-8.151,2.2177,1.3552,30
2024-04-22,2024-04-26,return_top5,5,データベース,-27.227,1.7461,0.4287,38
2024-04-22,2024-04-26,return_bottom5,1,フィジカルAI,-9.707,0.9889,0.8169,47
2024-04-22,2024-04-26,return_bottom5,2,半導体部材・部品,-21.5472,1.0736,0.4046,110
2024-04-22,2024-04-26,return_bottom5,3,データセンター,-14.6964,1.2772,0.6801,147
2024-04-22,2024-04-26,return_bottom5,4,レアメタル,-24.0748,1.3175,0.4087,50
2024-04-22,2024-04-26,return_bottom5,5,データ分析・解析,3.0601,1.437,0.5908,104
2024-04-29,2024-05-03,volume_top5,1,レアメタル,2.5303,0.4087,0.5188,50
2024-04-29,2024-05-03,volume_top5,2,レアアース,-22.5838,0.4862,0.4372,37
2024-04-29,2024-05-03,volume_top5,3,データベース,-22.6211,0.4287,1.4548,38
2024-04-29,2024-05-03,volume_top5,4,半導体部材・部品,-28.5285,0.4046,0.7019,110
2024-04-29,2024-05-03,volume_top5,5,円高メリット,-29.2494,0.2428,0.37,56
2024-04-29,2024-05-03,volume_bottom5,1,データ分析・解析,-71.6185,0.5908,0.3354,104
2024-04-29,2024-05-03,volume_bottom5,2,人工知能,-50.9314,0.2809,0.4784,334
2024-04-29,2024-05-03,volume_bottom5,3,フィジカルAI,-48.4284,0.8169,0.5884,47
2024-04-29,2024-05-03,volume_bottom5,4,地方銀行,-47.1918,-0.752,1.227,69
2024-04-29,2024-05-03,volume_bottom5,5,データセンター,-44.0427,0.6801,0.0912,147
2024-04-29,2024-05-03,return_top5,1,TOPIXコア30,-42.0649,1.3552,-0.0316,30
2024-04-29,2024-05-03,return_top5,2,半導体製造装置,-41.2611,0.836,0.3921,195
2024-04-29,2024-05-03,return_top5,3,フィジカルAI,-48.4284,0.8169,0.5884,47
2024-04-29,2024-05-03,return_top5,4,データセンター,-44.0427,0.6801,0.0912,147
2024-04-29,2024-05-03,return_top5,5,半導体商社,-30.2004,0.5962,-1.1809,18
2024-04-29,2024-05-03,return_bottom5,1,地方銀行,-47.1918,-0.752,1.227,69
2024-04-29,2024-05-03,return_bottom5,2,円高メリット,-29.2494,0.2428,0.37,56
2024-04-29,2024-05-03,return_bottom5,3,人工知能,-50.9314,0.2809,0.4784,334
2024-04-29,2024-05-03,return_bottom5,4,半導体,-30.2659,0.3501,0.1348,106
2024-04-29,2024-05-03,return_bottom5,5,半導体部材・部品,-28.5285,0.4046,0.7019,110
2024-05-06,2024-05-10,volume_top5,1,フィジカルAI,125.2713,0.5884,-1.8821,47
2024-05-06,2024-05-10,volume_top5,2,TOPIXコア30,66.6336,-0.0316,0.9209,30
2024-05-06,2024-05-10,volume_top5,3,データセンター,62.6816,0.0912,-0.4184,147
2024-05-06,2024-05-10,volume_top5,4,人工知能,57.3589,0.4784,-1.1387,334
2024-05-06,2024-05-10,volume_top5,5,半導体商社,44.2466,-1.1809,-2.0897,18
2024-05-06,2024-05-10,volume_bottom5,1,レアアース,-5.1171,0.4372,-1.0926,37
2024-05-06,2024-05-10,volume_bottom5,2,円高メリット,1.4279,0.37,-1.7489,56
2024-05-06,2024-05-10,volume_bottom5,3,レアメタル,11.6895,0.5188,-0.3715,50
2024-05-06,2024-05-10,volume_bottom5,4,半導体,18.2344,0.1348,-0.9741,106
2024-05-06,2024-05-10,volume_bottom5,5,データ分析・解析,25.1146,0.3354,-0.2854,104
2024-05-06,2024-05-10,return_top5,1,データベース,32.6183,1.4548,-0.1609,38
2024-05-06,2024-05-10,return_top5,2,地方銀行,30.9831,1.227,0.5413,69
2024-05-06,2024-05-10,return_top5,3,半導体部材・部品,35.2915,0.7019,-0.39,110
2024-05-06,2024-05-10,return_top5,4,フィジカルAI,125.2713,0.5884,-1.8821,47
2024-05-06,2024-05-10,return_top5,5,レアメタル,11.6895,0.5188,-0.3715,50
2024-05-06,2024-05-10,return_bottom5,1,半導体商社,44.2466,-1.1809,-2.0897,18
2024-05-06,2024-05-10,return_bottom5,2,TOPIXコア30,66.6336,-0.0316,0.9209,30
2024-05-06,2024-05-10,return_bottom5,3,データセンター,62.6816,0.0912,-0.4184,147
2024-05-06,2024-05-10,return_bottom5,4,半導体,18.2344,0.1348,-0.9741,106
2024-05-06,2024-05-10,return_bottom5,5,データ分析・解析,25.1146,0.3354,-0.2854,104
2024-05-13,2024-05-17,volume_top5,1,地方銀行,101.4784,0.5413,-0.2879,69
2024-05-13,2024-05-17,volume_top5,2,データ分析・解析,95.7921,-0.2854,-1.3401,104
2024-05-13,2024-05-17,volume_top5,3,半導体部材・部品,70.867,-0.39,-0.2087,110
2024-05-13,2024-05-17,volume_top5,4,半導体製造装置,67.1405,-1.4248,-0.3589,195
2024-05-13,2024-05-17,volume_top5,5,レアアース,53.4277,-1.0926,-1.0333,37
2024-05-13,2024-05-17,volume_bottom5,1,半導体,-0.3432,-0.9741,0.0187,106
2024-05-13,2024-05-17,volume_bottom5,2,レアメタル,10.2874,-0.3715,-0.2175,50
2024-05-13,2024-05-17,volume_bottom5,3,半導体商社,17.1986,-2.0897,0.5139,18
2024-05-13,2024-05-17,volume_bottom5,4,データセンター,24.7066,-0.4184,-0.8279,147
2024-05-13,2024-05-17,volume_bottom5,5,データベース,28.1159,-0.1609,-0.6989,38
2024-05-13,2024-05-17,return_top5,1,TOPIXコア30,43.8155,0.9209,-0.1462,30
2024-05-13,2024-05-17,return_top5,2,地方銀行,101.4784,0.5413,-0.2879,69
2024-05-13,2024-05-17,return_top5,3,データベース,28.1159,-0.1609,-0.6989,38
2024-05-13,2024-05-17,return_top5,4,データ分析・解析,95.7921,-0.2854,-1.3401,104
2024-05-13,2024-05-17,return_top5,5,レアメタル,10.2874,-0.3715,-0.2175,50
2024-05-13,2024-05-17,return_bottom5,1,半導体商社,17.1986,-2.0897,0.5139,18
2024-05-13,2024-05-17,return_bottom5,2,フィジカルAI,33.023,-1.8821,-0.2245,47
2024-05-13,2024-05-17,return_bottom5,3,円高メリット,42.068,-1.7489,-0.6589,56
2024-05-13,2024-05-17,return_bottom5,4,半導体製造装置,67.1405,-1.4248,-0.3589,195
2024-05-13,2024-05-17,return_bottom5,5,人工知能,32.3471,-1.1387,-1.1242,334
2024-05-20,2024-05-24,volume_top5,1,半導体,7.1728,0.0187,0.2751,106
2024-05-20,2024-05-24,volume_top5,2,円高メリット,-5.4467,-0.6589,1.5267,56
2024-05-20,2024-05-24,volume_top5,3,レアメタル,-9.348,-0.2175,0.3891,50
2024-05-20,2024-05-24,volume_top5,4,データセンター,-12.0273,-0.8279,0.9009,147
2024-05-20,2024-05-24,volume_top5,5,人工知能,-14.516,-1.1242,-0.2106,334
2024-05-20,2024-05-24,volume_bottom5,1,データベース,-34.9216,-0.6989,-0.1486,38
2024-05-20,2024-05-24,volume_bottom5,2,レアアース,-33.3581,-1.0333,0.3584,37
2024-05-20,2024-05-24,volume_bottom5,3,地方銀行,-31.4497,-0.2879,5.9956,69
2024-05-20,2024-05-24,volume_bottom5,4,TOPIXコア30,-29.9449,-0.1462,1.0296,30
2024-05-20,2024-05-24,volume_bottom5,5,半導体製造装置,-28.2377,-0.3589,0.2701,195
2024-05-20,2024-05-24,return_top5,1,半導体商社,-19.7598,0.5139,-0.208,18
2024-05-20,2024-05-24,return_top5,2,半導体,7.1728,0.0187,0.2751,106
2024-05-20,2024-05-24,return_top5,3,TOPIXコア30,-29.9449,-0.1462,1.0296,30
2024-05-20,2024-05-24,return_top5,4,半導体部材・部品,-25.8786,-0.2087,0.3252,110
2024-05-20,2024-05-24,return_top5,5,レアメタル,-9.348,-0.2175,0.3891,50
2024-05-20,2024-05-24,return_bottom5,1,データ分析・解析,-14.5178,-1.3401,-0.256,104
2024-05-20,2024-05-24,return_bottom5,2,人工知能,-14.516,-1.1242,-0.2106,334
2024-05-20,2024-05-24,return_bottom5,3,レアアース,-33.3581,-1.0333,0.3584,37
2024-05-20,2024-05-24,return_bottom5,4,データセンター,-12.0273,-0.8279,0.9009,147
2024-05-20,2024-05-24,return_bottom5,5,データベース,-34.9216,-0.6989,-0.1486,38
2024-05-27,2024-05-31,volume_top5,1,円高メリット,40.6774,1.5267,-0.5404,56
2024-05-27,2024-05-31,volume_top5,2,地方銀行,25.6575,5.9956,-4.4162,69
2024-05-27,2024-05-31,volume_top5,3,半導体商社,25.0973,-0.208,-1.1497,18
2024-05-27,2024-05-31,volume_top5,4,データセンター,24.453,0.9009,-1.2997,147
2024-05-27,2024-05-31,volume_top5,5,TOPIXコア30,21.5787,1.0296,-0.2763,30
2024-05-27,2024-05-31,volume_bottom5,1,データ分析・解析,-24.2506,-0.256,0.62,104
2024-05-27,2024-05-31,volume_bottom5,2,レアアース,-18.9957,0.3584,-1.8373,37
2024-05-27,2024-05-31,volume_bottom5,3,半導体製造装置,-2.968,0.2701,-1.2601,195
2024-05-27,2024-05-31,volume_bottom5,4,半導体部材・部品,-0.5512,0.3252,-0.6424,110
2024-05-27,2024-05-31,volume_bottom5,5,半導体,1.8858,0.2751,-0.7949,106
2024-05-27,2024-05-31,return_top5,1,地方銀行,25.6575,5.9956,-4.4162,69
2024-05-27,2024-05-31,return_top5,2,円高メリット,40.6774,1.5267,-0.5404,56
2024-05-27,2024-05-31,return_top5,3,TOPIXコア30,21.5787,1.0296,-0.2763,30
2024-05-27,2024-05-31,return_top5,4,データセンター,24.453,0.9009,-1.2997,147
2024-05-27,2024-05-31,return_top5,5,レアメタル,4.0573,0.3891,-1.5951,50
2024-05-27,2024-05-31,return_bottom5,1,データ分析・解析,-24.2506,-0.256,0.62,104
2024-05-27,2024-05-31,return_bottom5,2,人工知能,2.7707,-0.2106,0.361,334
2024-05-27,2024-05-31,return_bottom5,3,半導体商社,25.0973,-0.208,-1.1497,18
2024-05-27,2024-05-31,return_bottom5,4,フィジカルAI,7.6463,-0.1814,-0.1496,47
2024-05-27,2024-05-31,return_bottom5,5,データベース,19.948,-0.1486,0.0991,38
2024-06-03,2024-06-07,volume_top5,1,データベース,112.2221,0.0991,0.6224,38
2024-06-03,2024-06-07,volume_top5,2,地方銀行,1.7696,-4.4162,-1.5103,69
2024-06-03,2024-06-07,volume_top5,3,データ分析・解析,-4.1377,0.62,0.6607,104
2024-06-03,2024-06-07,volume_top5,4,フィジカルAI,-4.5161,-0.1496,0.8875,47
2024-06-03,2024-06-07,volume_top5,5,TOPIXコア30,-5.2235,-0.2763,-1.3159,30
2024-06-03,2024-06-07,volume_bottom5,1,円高メリット,-31.8019,-0.5404,0.3401,56
2024-06-03,2024-06-07,volume_bottom5,2,半導体,-23.8121,-0.7949,1.3935,106
2024-06-03,2024-06-07,volume_bottom5,3,データセンター,-23.4383,-1.2997,1.2231,147
2024-06-03,2024-06-07,volume_bottom5,4,半導体部材・部品,-21.769,-0.6424,0.8376,110
2024-06-03,2024-06-07,volume_bottom5,5,レアアース,-20.8783,-1.8373,0.4682,37
2024-06-03,2024-06-07,return_top5,1,データ分析・解析,-4.1377,0.62,0.6607,104
2024-06-03,2024-06-07,return_top5,2,人工知能,-12.8065,0.361,0.7102,334
2024-06-03,2024-06-07,return_top5,3,データベース,112.2221,0.0991,0.6224,38
2024-06-03,2024-06-07,return_top5,4,フィジカルAI,-4.5161,-0.1496,0.8875,47
2024-06-03,2024-06-07,return_top5,5,TOPIXコア30,-5.2235,-0.2763,-1.3159,30
2024-06-03,2024-06-07,return_bottom5,1,地方銀行,1.7696,-4.4162,-1.5103,69
2024-06-03,2024-06-07,return_bottom5,2,レアアース,-20.8783,-1.8373,0.4682,37
2024-06-03,2024-06-07,return_bottom5,3,レアメタル,-11.9318,-1.5951,0.6459,50
2024-06-03,2024-06-07,return_bottom5,4,データセンター,-23.4383,-1.2997,1.2231,147
2024-06-03,2024-06-07,return_bottom5,5,半導体製造装置,-7.8635,-1.2601,1.1338,195
2024-06-10,2024-06-14,volume_top5,1,レアメタル,15.5364,0.6459,-0.2677,50
2024-06-10,2024-06-14,volume_top5,2,フィジカルAI,11.7856,0.8875,-1.1361,47
2024-06-10,2024-06-14,volume_top5,3,人工知能,10.3072,0.7102,0.0633,334
2024-06-10,2024-06-14,volume_top5,4,データセンター,4.8021,1.2231,-0.5365,147
2024-06-10,2024-06-14,volume_top5,5,半導体部材・部品,4.0256,0.8376,-0.2317,110
2024-06-10,2024-06-14,volume_bottom5,1,データベース,-55.9213,0.6224,0.1337,38
2024-06-10,2024-06-14,volume_bottom5,2,地方銀行,-27.3071,-1.5103,0.5941,69
2024-06-10,2024-06-14,volume_bottom5,3,データ分析・解析,-27.1258,0.6607,-0.1362,104
2024-06-10,2024-06-14,volume_bottom5,4,半導体,-11.0839,1.3935,-0.7475,106
2024-06-10,2024-06-14,volume_bottom5,5,レアアース,-9.9492,0.4682,-0.568,37
2024-06-10,2024-06-14,return_top5,1,半導体商社,-1.3594,1.9361,-0.1158,18
2024-06-10,2024-06-14,return_top5,2,半導体,-11.0839,1.3935,-0.7475,106
2024-06-10,2024-06-14,return_top5,3,データセンター,4.8021,1.2231,-0.5365,147
2024-06-10,2024-06-14,return_top5,4,半導体製造装置,-4.5394,1.1338,-0.5668,195
2024-06-10,2024-06-14,return_top5,5,フィジカルAI,11.7856,0.8875,-1.1361,47
2024-06-10,2024-06-14,return_bottom5,1,地方銀行,-27.3071,-1.5103,0.5941,69
2024-06-10,2024-06-14,return_bottom5,2,TOPIXコア30,-2.2153,-1.3159,-1.1271,30
2024-06-10,2024-06-14,return_bottom5,3,円高メリット,-8.1875,0.3401,-0.6861,56
2024-06-10,2024-06-14,return_bottom5,4,レアアース,-9.9492,0.4682,-0.568,37
2024-06-10,2024-06-14,return_bottom5,5,データベース,-55.9213,0.6224,0.1337,38
2024-06-17,2024-06-21,volume_top5,1,データ分析・解析,28.7581,-0.1362,1.8258,104
2024-06-17,2024-06-21,volume_top5,2,レアアース,14.2565,-0.568,2.2892,37
2024-06-17,2024-06-21,volume_top5,3,レアメタル,8.8715,-0.2677,2.2738,50
2024-06-17,2024-06-21,volume_top5,4,半導体部材・部品,6.1069,-0.2317,2.3419,110
2024-06-17,2024-06-21,volume_top5,5,半導体商社,3.4124,-0.1158,1.0409,18
2024-06-17,2024-06-21,volume_bottom5,1,フィジカルAI,-16.6954,-1.1361,1.8295,47
2024-06-17,2024-06-21,volume_bottom5,2,TOPIXコア30,-12.565,-1.1271,3.3059,30
2024-06-17,2024-06-21,volume_bottom5,3,人工知能,-11.449,0.0633,1.7705,334
2024-06-17,2024-06-21,volume_bottom5,4,円高メリット,-8.5226,-0.6861,1.3108,56
2024-06-17,2024-06-21,volume_bottom5,5,データセンター,-8.0293,-0.5365,2.1487,147
2024-06-17,2024-06-21,return_top5,1,地方銀行,-0.4332,0.5941,4.5464,69
2024-06-17,2024-06-21,return_top5,2,データベース,-2.1217,0.1337,1.7574,38
2024-06-17,2024-06-21,return_top5,3,人工知能,-11.449,0.0633,1.7705,334
2024-06-17,2024-06-21,return_top5,4,半導体商社,3.4124,-0.1158,1.0409,18
2024-06-17,2024-06-21,return_top5,5,データ分析・解析,28.7581,-0.1362,1.8258,104
2024-06-17,2024-06-21,return_bottom5,1,フィジカルAI,-16.6954,-1.1361,1.8295,47
2024-06-17,2024-06-21,return_bottom5,2,TOPIXコア30,-12.565,-1.1271,3.3059,30
2024-06-17,2024-06-21,return_bottom5,3,半導体,-0.2282,-0.7475,1.0463,106
2024-06-17,2024-06-21,return_bottom5,4,円高メリット,-8.5226,-0.6861,1.3108,56
2024-06-17,2024-06-21,return_bottom5,5,レアアース,14.2565,-0.568,2.2892,37
2024-06-24,2024-06-28,volume_top5,1,TOPIXコア30,23.6862,3.3059,3.7669,30
2024-06-24,2024-06-28,volume_top5,2,データ分析・解析,13.11,1.8258,-0.4454,105
2024-06-24,2024-06-28,volume_top5,3,フィジカルAI,12.8326,1.8295,0.44,47
2024-06-24,2024-06-28,volume_top5,4,レアアース,10.023,2.2892,0.2855,37
2024-06-24,2024-06-28,volume_top5,5,半導体商社,9.833,1.0409,0.2433,18
2024-06-24,2024-06-28,volume_bottom5,1,円高メリット,-13.0873,1.3108,-1.7142,56
2024-06-24,2024-06-28,volume_bottom5,2,データセンター,-8.5736,2.1487,-0.2144,147
2024-06-24,2024-06-28,volume_bottom5,3,半導体,-3.9155,1.0463,0.467,106
2024-06-24,2024-06-28,volume_bottom5,4,半導体製造装置,-2.589,1.8295,-0.08,195
2024-06-24,2024-06-28,volume_bottom5,5,レアメタル,-1.7549,2.2738,1.2254,50
2024-06-24,2024-06-28,return_top5,1,地方銀行,7.8079,4.5464,-1.9393,69
2024-06-24,2024-06-28,return_top5,2,TOPIXコア30,23.6862,3.3059,3.7669,30
2024-06-24,2024-06-28,return_top5,3,半導体部材・部品,0.9762,2.3419,0.2146,110
2024-06-24,2024-06-28,return_top5,4,レアアース,10.023,2.2892,0.2855,37
2024-06-24,2024-06-28,return_top5,5,レアメタル,-1.7549,2.2738,1.2254,50
2024-06-24,2024-06-28,return_bottom5,1,半導体商社,9.833,1.0409,0.2433,18
2024-06-24,2024-06-28,return_bottom5,2,半導体,-3.9155,1.0463,0.467,106
2024-06-24,2024-06-28,return_bottom5,3,円高メリット,-13.0873,1.3108,-1.7142,56
2024-06-24,2024-06-28,return_bottom5,4,データベース,1.5145,1.7574,-0.2203,38
2024-06-24,2024-06-28,return_bottom5,5,人工知能,6.6216,1.7705,-0.2429,334
2024-07-01,2024-07-05,volume_top5,1,データ分析・解析,53.7995,-0.4454,1.1977,105
2024-07-01,2024-07-05,volume_top5,2,フィジカルAI,37.1099,0.44,1.2576,47
2024-07-01,2024-07-05,volume_top5,3,データセンター,12.5175,-0.2144,0.7247,147
2024-07-01,2024-07-05,volume_top5,4,TOPIXコア30,8.0125,3.7669,-0.0011,30
2024-07-01,2024-07-05,volume_top5,5,半導体,4.5931,0.467,0.9894,106
2024-07-01,2024-07-05,volume_bottom5,1,データベース,-12.3843,-0.2203,1.3593,38
2024-07-01,2024-07-05,volume_bottom5,2,レアアース,-11.33,0.2855,-0.6936,37
2024-07-01,2024-07-05,volume_bottom5,3,レアメタル,-8.4652,1.2254,-0.5118,50
2024-07-01,2024-07-05,volume_bottom5,4,半導体商社,-7.675,0.2433,-1.264,18
2024-07-01,2024-07-05,volume_bottom5,5,地方銀行,-5.1222,-1.9393,-0.8938,69
2024-07-01,2024-07-05,return_top5,1,TOPIXコア30,8.0125,3.7669,-0.0011,30
2024-07-01,2024-07-05,return_top5,2,レアメタル,-8.4652,1.2254,-0.5118,50
2024-07-01,2024-07-05,return_top5,3,半導体,4.5931,0.467,0.9894,106
2024-07-01,2024-07-05,return_top5,4,フィジカルAI,37.1099,0.44,1.2576,47
2024-07-01,2024-07-05,return_top5,5,レアアース,-11.33,0.2855,-0.6936,37
2024-07-01,2024-07-05,return_bottom5,1,地方銀行,-5.1222,-1.9393,-0.8938,69
2024-07-01,2024-07-05,return_bottom5,2,円高メリット,-0.9042,-1.7142,0.7279,56
2024-07-01,2024-07-05,return_bottom5,3,データ分析・解析,53.7995,-0.4454,1.1977,105
2024-07-01,2024-07-05,return_bottom5,4,人工知能,-3.288,-0.2429,0.9437,334
2024-07-01,2024-07-05,return_bottom5,5,データベース,-12.3843,-0.2203,1.3593,38
2024-07-08,2024-07-12,volume_top5,1,半導体製造装置,26.0848,0.6126,-1.32,195
2024-07-08,2024-07-12,volume_top5,2,半導体,19.1806,0.9894,-1.9393,106
2024-07-08,2024-07-12,volume_top5,3,データベース,19.0249,1.3593,-0.6939,38
2024-07-08,2024-07-12,volume_top5,4,データセンター,11.8372,0.7247,-0.9565,147
2024-07-08,2024-07-12,volume_top5,5,人工知能,10.6944,0.9437,-0.4627,334
2024-07-08,2024-07-12,volume_bottom5,1,地方銀行,-15.6689,-0.8938,0.6266,69
2024-07-08,2024-07-12,volume_bottom5,2,フィジカルAI,-15.404,1.2576,-0.8244,47
2024-07-08,2024-07-12,volume_bottom5,3,レアメタル,-12.1495,-0.5118,-0.5151,50
2024-07-08,2024-07-12,volume_bottom5,4,レアアース,-10.4214,-0.6936,-0.5755,37
2024-07-08,2024-07-12,volume_bottom5,5,データ分析・解析,-9.593,1.1977,-0.4225,105
2024-07-08,2024-07-12,return_top5,1,データベース,19.0249,1.3593,-0.6939,38
2024-07-08,2024-07-12,return_top5,2,フィジカルAI,-15.404,1.2576,-0.8244,47
2024-07-08,2024-07-12,return_top5,3,データ分析・解析,-9.593,1.1977,-0.4225,105
2024-07-08,2024-07-12,return_top5,4,半導体部材・部品,0.1066,1.1037,-1.3682,110
2024-07-08,2024-07-12,return_top5,5,半導体,19.1806,0.9894,-1.9393,106
2024-07-08,2024-07-12,return_bottom5,1,半導体商社,3.2467,-1.264,-1.8619,18
2024-07-08,2024-07-12,return_bottom5,2,地方銀行,-15.6689,-0.8938,0.6266,69
2024-07-08,2024-07-12,return_bottom5,3,レアアース,-10.4214,-0.6936,-0.5755,37
2024-07-08,2024-07-12,return_bottom5,4,レアメタル,-12.1495,-0.5118,-0.5151,50
2024-07-08,2024-07-12,return_bottom5,5,TOPIXコア30,3.7074,-0.0011,-1.4592,30
2024-07-15,2024-07-19,volume_top5,1,レアアース,29.2894,-0.5755,-4.8295,37
2024-07-15,2024-07-19,volume_top5,2,データベース,27.6676,-0.6939,-3.8909,38
2024-07-15,2024-07-19,volume_top5,3,円高メリット,-11.16,0.7265,-1.9999,56
2024-07-15,2024-07-19,volume_top5,4,半導体製造装置,-22.3529,-1.32,-5.4619,195
2024-07-15,2024-07-19,volume_top5,5,フィジカルAI,-23.4274,-0.8244,-6.8979,47
2024-07-15,2024-07-19,volume_bottom5,1,データ分析・解析,-41.0638,-0.4225,-3.7999,105
2024-07-15,2024-07-19,volume_bottom5,2,データセンター,-36.8658,-0.9565,-4.8295,147
2024-07-15,2024-07-19,volume_bottom5,3,TOPIXコア30,-34.0309,-1.4592,-6.0478,30
2024-07-15,2024-07-19,volume_bottom5,4,人工知能,-33.5421,-0.4627,-3.8738,334
2024-07-15,2024-07-19,volume_bottom5,5,半導体商社,-31.8159,-1.8619,-5.388,18
2024-07-15,2024-07-19,return_top5,1,円高メリット,-11.16,0.7265,-1.9999,56
2024-07-15,2024-07-19,return_top5,2,地方銀行,-27.2272,0.6266,-3.9348,69
2024-07-15,2024-07-19,return_top5,3,データ分析・解析,-41.0638,-0.4225,-3.7999,105
2024-07-15,2024-07-19,return_top5,4,人工知能,-33.5421,-0.4627,-3.8738,334
2024-07-15,2024-07-19,return_top5,5,レアメタル,-28.3528,-0.5151,-5.058,50
2024-07-15,2024-07-19,return_bottom5,1,半導体,-30.3416,-1.9393,-6.4726,106
2024-07-15,2024-07-19,return_bottom5,2,半導体商社,-31.8159,-1.8619,-5.388,18
2024-07-15,2024-07-19,return_bottom5,3,TOPIXコア30,-34.0309,-1.4592,-6.0478,30
2024-07-15,2024-07-19,return_bottom5,4,半導体部材・部品,-24.431,-1.3682,-4.8448,110
2024-07-15,2024-07-19,return_bottom5,5,半導体製造装置,-22.3529,-1.32,-5.4619,195
2024-07-22,2024-07-26,volume_top5,1,半導体,47.2045,-6.4726,-7.1204,106
2024-07-22,2024-07-26,volume_top5,2,地方銀行,36.9714,-3.9348,-3.5909,69
2024-07-22,2024-07-26,volume_top5,3,レアメタル,36.6238,-5.058,-6.1538,50
2024-07-22,2024-07-26,volume_top5,4,人工知能,26.2339,-3.8738,-8.4018,334
2024-07-22,2024-07-26,volume_top5,5,半導体部材・部品,25.2184,-4.8448,-7.157,110
2024-07-22,2024-07-26,volume_bottom5,1,データベース,-27.7718,-3.8909,-9.8713,38
2024-07-22,2024-07-26,volume_bottom5,2,レアアース,-19.9082,-4.8295,-6.8112,37
2024-07-22,2024-07-26,volume_bottom5,3,フィジカルAI,5.5803,-6.8979,-8.3422,47
2024-07-22,2024-07-26,volume_bottom5,4,データ分析・解析,15.0127,-3.7999,-10.4314,105
2024-07-22,2024-07-26,volume_bottom5,5,円高メリット,16.8954,-1.9999,-4.1026,56
2024-07-22,2024-07-26,return_top5,1,円高メリット,16.8954,-1.9999,-4.1026,56
2024-07-22,2024-07-26,return_top5,2,データ分析・解析,15.0127,-3.7999,-10.4314,105
2024-07-22,2024-07-26,return_top5,3,人工知能,26.2339,-3.8738,-8.4018,334
2024-07-22,2024-07-26,return_top5,4,データベース,-27.7718,-3.8909,-9.8713,38
2024-07-22,2024-07-26,return_top5,5,地方銀行,36.9714,-3.9348,-3.5909,69
2024-07-22,2024-07-26,return_bottom5,1,フィジカルAI,5.5803,-6.8979,-8.3422,47
2024-07-22,2024-07-26,return_bottom5,2,半導体,47.2045,-6.4726,-7.1204,106
2024-07-22,2024-07-26,return_bottom5,3,TOPIXコア30,19.9884,-6.0478,-5.0706,30
2024-07-22,2024-07-26,return_bottom5,4,半導体製造装置,24.0567,-5.4619,-6.6406,195
2024-07-22,2024-07-26,return_bottom5,5,半導体商社,20.4537,-5.388,-7.3042,18
2024-07-29,2024-08-02,volume_top5,1,地方銀行,71.5812,-3.5909,-5.5368,69
2024-07-29,2024-08-02,volume_top5,2,半導体商社,52.5016,-7.3042,-5.1587,18
2024-07-29,2024-08-02,volume_top5,3,TOPIXコア30,44.852,-5.0706,-2.8079,30
2024-07-29,2024-08-02,volume_top5,4,レアメタル,44.1578,-6.1538,-3.217,50
2024-07-29,2024-08-02,volume_top5,5,円高メリット,34.3099,-4.1026,-1.8227,56
2024-07-29,2024-08-02,volume_bottom5,1,データ分析・解析,6.3473,-10.4314,-5.0231,105
2024-07-29,2024-08-02,volume_bottom5,2,データベース,10.0253,-9.8713,-5.2356,38
2024-07-29,2024-08-02,volume_bottom5,3,半導体製造装置,17.8241,-6.6406,-4.0321,195
2024-07-29,2024-08-02,volume_bottom5,4,半導体,18.7787,-7.1204,-4.9971,106
2024-07-29,2024-08-02,volume_bottom5,5,フィジカルAI,21.0849,-8.3422,-5.433,47
2024-07-29,2024-08-02,return_top5,1,地方銀行,71.5812,-3.5909,-5.5368,69
2024-07-29,2024-08-02,return_top5,2,円高メリット,34.3099,-4.1026,-1.8227,56
2024-07-29,2024-08-02,return_top5,3,TOPIXコア30,44.852,-5.0706,-2.8079,30
2024-07-29,2024-08-02,return_top5,4,レアメタル,44.1578,-6.1538,-3.217,50
2024-07-29,2024-08-02,return_top5,5,半導体製造装置,17.8241,-6.6406,-4.0321,195
2024-07-29,2024-08-02,return_bottom5,1,データ分析・解析,6.3473,-10.4314,-5.0231,105
2024-07-29,2024-08-02,return_bottom5,2,データベース,10.0253,-9.8713,-5.2356,38
2024-07-29,2024-08-02,return_bottom5,3,人工知能,33.8579,-8.4018,-4.4643,334
2024-07-29,2024-08-02,return_bottom5,4,フィジカルAI,21.0849,-8.3422,-5.433,47
2024-07-29,2024-08-02,return_bottom5,5,半導体商社,52.5016,-7.3042,-5.1587,18
2024-08-05,2024-08-09,volume_top5,1,レアアース,86.8401,-3.5613,7.3352,37
2024-08-05,2024-08-09,volume_top5,2,データベース,79.5994,-5.2356,6.1413,38
2024-08-05,2024-08-09,volume_top5,3,フィジカルAI,73.9677,-5.433,8.6005,47
2024-08-05,2024-08-09,volume_top5,4,TOPIXコア30,72.9676,-2.8079,9.6777,30
2024-08-05,2024-08-09,volume_top5,5,データセンター,62.374,-2.476,6.8636,147
2024-08-05,2024-08-09,volume_bottom5,1,データ分析・解析,31.5361,-5.0231,6.6969,106
2024-08-05,2024-08-09,volume_bottom5,2,円高メリット,32.7505,-1.8227,3.996,56
2024-08-05,2024-08-09,volume_bottom5,3,半導体商社,32.9211,-5.1587,8.6164,18
2024-08-05,2024-08-09,volume_bottom5,4,半導体,42.9365,-4.9971,9.0601,106
2024-08-05,2024-08-09,volume_bottom5,5,人工知能,50.0566,-4.4643,6.4724,335
2024-08-05,2024-08-09,return_top5,1,円高メリット,32.7505,-1.8227,3.996,56
2024-08-05,2024-08-09,return_top5,2,データセンター,62.374,-2.476,6.8636,147
2024-08-05,2024-08-09,return_top5,3,TOPIXコア30,72.9676,-2.8079,9.6777,30
2024-08-05,2024-08-09,return_top5,4,半導体部材・部品,61.8269,-3.1066,6.6619,110
2024-08-05,2024-08-09,return_top5,5,レアメタル,52.9583,-3.217,6.9011,50
2024-08-05,2024-08-09,return_bottom5,1,地方銀行,57.2909,-5.5368,9.2536,69
2024-08-05,2024-08-09,return_bottom5,2,フィジカルAI,73.9677,-5.433,8.6005,47
2024-08-05,2024-08-09,return_bottom5,3,データベース,79.5994,-5.2356,6.1413,38
2024-08-05,2024-08-09,return_bottom5,4,半導体商社,32.9211,-5.1587,8.6164,18
2024-08-05,2024-08-09,return_bottom5,5,データ分析・解析,31.5361,-5.0231,6.6969,106
2024-08-12,2024-08-16,volume_top5,1,データ分析・解析,-17.4193,6.6969,1.3575,106
2024-08-12,2024-08-16,volume_top5,2,データベース,-25.3317,6.1413,0.3058,38
2024-08-12,2024-08-16,volume_top5,3,半導体商社,-35.3932,8.6164,-1.1218,18
2024-08-12,2024-08-16,volume_top5,4,データセンター,-43.2286,6.8636,0.6307,147
2024-08-12,2024-08-16,volume_top5,5,半導体製造装置,-44.5694,7.2808,-0.3485,195
2024-08-12,2024-08-16,volume_bottom5,1,地方銀行,-61.7136,9.2536,-3.2148,69
2024-08-12,2024-08-16,volume_bottom5,2,TOPIXコア30,-57.9363,9.6777,0.0261,30
2024-08-12,2024-08-16,volume_bottom5,3,半導体部材・部品,-56.1599,6.6619,-0.0938,110
2024-08-12,2024-08-16,volume_bottom5,4,レアメタル,-55.9479,6.9011,-0.8529,50
2024-08-12,2024-08-16,volume_bottom5,5,レアアース,-53.7849,7.3352,-0.6542,37
2024-08-12,2024-08-16,return_top5,1,TOPIXコア30,-57.9363,9.6777,0.0261,30
2024-08-12,2024-08-16,return_top5,2,地方銀行,-61.7136,9.2536,-3.2148,69
2024-08-12,2024-08-16,return_top5,3,半導体,-44.8658,9.0601,-0.1007,106
2024-08-12,2024-08-16,return_top5,4,半導体商社,-35.3932,8.6164,-1.1218,18
2024-08-12,2024-08-16,return_top5,5,フィジカルAI,-51.929,8.6005,-0.1021,47
2024-08-12,2024-08-16,return_bottom5,1,円高メリット,-50.9828,3.996,0.7185,56
2024-08-12,2024-08-16,return_bottom5,2,データベース,-25.3317,6.1413,0.3058,38
2024-08-12,2024-08-16,return_bottom5,3,人工知能,-53.5695,6.4724,1.1645,335
2024-08-12,2024-08-16,return_bottom5,4,半導体部材・部品,-56.1599,6.6619,-0.0938,110
2024-08-12,2024-08-16,return_bottom5,5,データ分析・解析,-17.4193,6.6969,1.3575,106
2024-08-19,2024-08-23,volume_top5,1,データ分析・解析,36.804,1.3575,2.3529,106
2024-08-19,2024-08-23,volume_top5,2,人工知能,4.8744,1.1645,2.2409,335
2024-08-19,2024-08-23,volume_top5,3,円高メリット,0.1858,0.7185,1.5063,56
2024-08-19,2024-08-23,volume_top5,4,TOPIXコア30,-4.684,0.0261,1.9545,30
2024-08-19,2024-08-23,volume_top5,5,フィジカルAI,-4.7829,-0.1021,0.9576,47
2024-08-19,2024-08-23,volume_bottom5,1,半導体商社,-42.2115,-1.1218,1.6715,18
2024-08-19,2024-08-23,volume_bottom5,2,半導体,-15.8752,-0.1007,1.0385,106
2024-08-19,2024-08-23,volume_bottom5,3,レアアース,-13.5701,-0.6542,1.8122,37
2024-08-19,2024-08-23,volume_bottom5,4,半導体製造装置,-12.3848,-0.3485,1.0669,195
2024-08-19,2024-08-23,volume_bottom5,5,レアメタル,-10.6443,-0.8529,2.0767,50
2024-08-19,2024-08-23,return_top5,1,データ分析・解析,36.804,1.3575,2.3529,106
2024-08-19,2024-08-23,return_top5,2,人工知能,4.8744,1.1645,2.2409,335
2024-08-19,2024-08-23,return_top5,3,円高メリット,0.1858,0.7185,1.5063,56
2024-08-19,2024-08-23,return_top5,4,データセンター,-5.6746,0.6307,1.8967,147
2024-08-19,2024-08-23,return_top5,5,データベース,-6.9177,0.3058,1.9278,38
2024-08-19,2024-08-23,return_bottom5,1,地方銀行,-7.4686,-3.2148,-1.1168,69
2024-08-19,2024-08-23,return_bottom5,2,半導体商社,-42.2115,-1.1218,1.6715,18
2024-08-19,2024-08-23,return_bottom5,3,レアメタル,-10.6443,-0.8529,2.0767,50
2024-08-19,2024-08-23,return_bottom5,4,レアアース,-13.5701,-0.6542,1.8122,37
2024-08-19,2024-08-23,return_bottom5,5,半導体製造装置,-12.3848,-0.3485,1.0669,195
2024-08-26,2024-08-30,volume_top5,1,レアアース,56.6103,1.8122,-5.5827,37
2024-08-26,2024-08-30,volume_top5,2,半導体部材・部品,8.9343,0.9191,-4.1834,110
2024-08-26,2024-08-30,volume_top5,3,レアメタル,8.0111,2.0767,-5.048,50
2024-08-26,2024-08-30,volume_top5,4,半導体製造装置,6.2137,1.0669,-5.1013,195
2024-08-26,2024-08-30,volume_top5,5,半導体商社,4.6369,1.6715,-3.7381,18
2024-08-26,2024-08-30,volume_bottom5,1,データ分析・解析,-27.4281,2.3529,-3.2938,107
2024-08-26,2024-08-30,volume_bottom5,2,データセンター,-4.1189,1.8967,-3.4237,147
2024-08-26,2024-08-30,volume_bottom5,3,半導体,-4.0263,1.0385,-6.8692,106
2024-08-26,2024-08-30,volume_bottom5,4,円高メリット,-3.8043,1.5063,-1.2532,56
2024-08-26,2024-08-30,volume_bottom5,5,TOPIXコア30,-2.8972,1.9545,-5.9402,30
2024-08-26,2024-08-30,return_top5,1,データ分析・解析,-27.4281,2.3529,-3.2938,107
2024-08-26,2024-08-30,return_top5,2,人工知能,1.8137,2.2409,-3.0108,335
2024-08-26,2024-08-30,return_top5,3,レアメタル,8.0111,2.0767,-5.048,50
2024-08-26,2024-08-30,return_top5,4,TOPIXコア30,-2.8972,1.9545,-5.9402,30
2024-08-26,2024-08-30,return_top5,5,データベース,-1.2562,1.9278,-2.6697,38
2024-08-26,2024-08-30,return_bottom5,1,地方銀行,1.9402,-1.1168,-3.5462,69
2024-08-26,2024-08-30,return_bottom5,2,半導体部材・部品,8.9343,0.9191,-4.1834,110
2024-08-26,2024-08-30,return_bottom5,3,フィジカルAI,0.9054,0.9576,-5.2161,47
2024-08-26,2024-08-30,return_bottom5,4,半導体,-4.0263,1.0385,-6.8692,106
2024-08-26,2024-08-30,return_bottom5,5,半導体製造装置,6.2137,1.0669,-5.1013,195
2024-09-02,2024-09-06,volume_top5,1,円高メリット,31.6874,-1.2532,-1.4725,56
2024-09-02,2024-09-06,volume_top5,2,レアメタル,22.9574,-5.048,-1.5832,50
2024-09-02,2024-09-06,volume_top5,3,データ分析・解析,19.7482,-3.2938,1.3393,107
2024-09-02,2024-09-06,volume_top5,4,半導体,16.9569,-6.8692,-0.0384,106
2024-09-02,2024-09-06,volume_top5,5,地方銀行,13.9671,-3.5462,-3.626,69
2024-09-02,2024-09-06,volume_bottom5,1,レアアース,-18.5861,-5.5827,-1.8675,37
2024-09-02,2024-09-06,volume_bottom5,2,データベース,-3.8052,-2.6697,1.2304,38
2024-09-02,2024-09-06,volume_bottom5,3,人工知能,-1.9357,-3.0108,-0.1483,335
2024-09-02,2024-09-06,volume_bottom5,4,半導体製造装置,5.7893,-5.1013,-0.7672,195
2024-09-02,2024-09-06,volume_bottom5,5,TOPIXコア30,6.1501,-5.9402,-0.5852,30
2024-09-02,2024-09-06,return_top5,1,円高メリット,31.6874,-1.2532,-1.4725,56
2024-09-02,2024-09-06,return_top5,2,データベース,-3.8052,-2.6697,1.2304,38
2024-09-02,2024-09-06,return_top5,3,人工知能,-1.9357,-3.0108,-0.1483,335
2024-09-02,2024-09-06,return_top5,4,データ分析・解析,19.7482,-3.2938,1.3393,107
2024-09-02,2024-09-06,return_top5,5,データセンター,10.2171,-3.4237,-0.4168,147
2024-09-02,2024-09-06,return_bottom5,1,半導体,16.9569,-6.8692,-0.0384,106
2024-09-02,2024-09-06,return_bottom5,2,TOPIXコア30,6.1501,-5.9402,-0.5852,30
2024-09-02,2024-09-06,return_bottom5,3,レアアース,-18.5861,-5.5827,-1.8675,37
2024-09-02,2024-09-06,return_bottom5,4,フィジカルAI,7.83,-5.2161,-0.635,47
2024-09-02,2024-09-06,return_bottom5,5,半導体製造装置,5.7893,-5.1013,-0.7672,195
2024-09-09,2024-09-13,volume_top5,1,半導体商社,28.1693,-1.0157,3.0309,18
2024-09-09,2024-09-13,volume_top5,2,フィジカルAI,20.1174,-0.635,1.911,47
2024-09-09,2024-09-13,volume_top5,3,地方銀行,12.3794,-3.626,1.6584,69
2024-09-09,2024-09-13,volume_top5,4,人工知能,10.7386,-0.1483,1.3795,335
2024-09-09,2024-09-13,volume_top5,5,TOPIXコア30,9.4174,-0.5852,2.7354,30
2024-09-09,2024-09-13,volume_bottom5,1,レアアース,-10.3127,-1.8675,3.4056,37
2024-09-09,2024-09-13,volume_bottom5,2,円高メリット,-9.0243,-1.4725,1.8851,56
2024-09-09,2024-09-13,volume_bottom5,3,データ分析・解析,-5.0519,1.3393,1.0341,107
2024-09-09,2024-09-13,volume_bottom5,4,データベース,0.3131,1.2304,2.0218,38
2024-09-09,2024-09-13,volume_bottom5,5,半導体部材・部品,1.102,-1.0058,2.8073,110
2024-09-09,2024-09-13,return_top5,1,データ分析・解析,-5.0519,1.3393,1.0341,107
2024-09-09,2024-09-13,return_top5,2,データベース,0.3131,1.2304,2.0218,38
2024-09-09,2024-09-13,return_top5,3,半導体,8.1946,-0.0384,2.647,106
2024-09-09,2024-09-13,return_top5,4,人工知能,10.7386,-0.1483,1.3795,335
2024-09-09,2024-09-13,return_top5,5,データセンター,4.7037,-0.4168,1.9344,147
2024-09-09,2024-09-13,return_bottom5,1,地方銀行,12.3794,-3.626,1.6584,69
2024-09-09,2024-09-13,return_bottom5,2,レアアース,-10.3127,-1.8675,3.4056,37
2024-09-09,2024-09-13,return_bottom5,3,レアメタル,3.7744,-1.5832,3.5391,50
2024-09-09,2024-09-13,return_bottom5,4,円高メリット,-9.0243,-1.4725,1.8851,56
2024-09-09,2024-09-13,return_bottom5,5,半導体商社,28.1693,-1.0157,3.0309,18
2024-09-16,2024-09-20,volume_top5,1,TOPIXコア30,-11.6328,2.7354,5.3816,30
2024-09-16,2024-09-20,volume_top5,2,データセンター,-12.6611,1.9344,4.2381,147
2024-09-16,2024-09-20,volume_top5,3,地方銀行,-13.6027,1.6584,-0.1312,69
2024-09-16,2024-09-20,volume_top5,4,レアメタル,-14.5973,3.5391,4.5014,50
2024-09-16,2024-09-20,volume_top5,5,人工知能,-15.7842,1.3795,1.6304,335
2024-09-16,2024-09-20,volume_bottom5,1,データベース,-39.4806,2.0218,0.3357,38
2024-09-16,2024-09-20,volume_bottom5,2,データ分析・解析,-25.9417,1.0341,0.6369,107
2024-09-16,2024-09-20,volume_bottom5,3,半導体部材・部品,-25.0471,2.8073,4.1016,110
2024-09-16,2024-09-20,volume_bottom5,4,半導体製造装置,-22.0743,2.8764,4.7562,195
2024-09-16,2024-09-20,volume_bottom5,5,円高メリット,-22.0384,1.8851,2.0542,56
2024-09-16,2024-09-20,return_top5,1,レアメタル,-14.5973,3.5391,4.5014,50
2024-09-16,2024-09-20,return_top5,2,レアアース,-16.0649,3.4056,3.9231,37
2024-09-16,2024-09-20,return_top5,3,半導体商社,-20.4489,3.0309,3.6613,18
2024-09-16,2024-09-20,return_top5,4,半導体製造装置,-22.0743,2.8764,4.7562,195
2024-09-16,2024-09-20,return_top5,5,半導体部材・部品,-25.0471,2.8073,4.1016,110
2024-09-16,2024-09-20,return_bottom5,1,データ分析・解析,-25.9417,1.0341,0.6369,107
2024-09-16,2024-09-20,return_bottom5,2,人工知能,-15.7842,1.3795,1.6304,335
2024-09-16,2024-09-20,return_bottom5,3,地方銀行,-13.6027,1.6584,-0.1312,69
2024-09-16,2024-09-20,return_bottom5,4,円高メリット,-22.0384,1.8851,2.0542,56
2024-09-16,2024-09-20,return_bottom5,5,フィジカルAI,-17.3467,1.911,4.6864,47
2024-09-23,2024-09-27,volume_top5,1,データ分析・解析,31.1013,0.6369,-2.2349,107
2024-09-23,2024-09-27,volume_top5,2,半導体製造装置,16.1187,4.7562,-1.7163,195
2024-09-23,2024-09-27,volume_top5,3,データベース,15.9933,0.3357,-3.2064,38
2024-09-23,2024-09-27,volume_top5,4,半導体部材・部品,12.3407,4.1016,-1.7637,110
2024-09-23,2024-09-27,volume_top5,5,データセンター,10.0024,4.2381,-1.8238,147
2024-09-23,2024-09-27,volume_bottom5,1,レアアース,-6.0788,3.9231,-0.2377,37
2024-09-23,2024-09-27,volume_bottom5,2,TOPIXコア30,-3.0921,5.3816,-1.3621,30
2024-09-23,2024-09-27,volume_bottom5,3,人工知能,-2.0247,1.6304,-2.0933,335
2024-09-23,2024-09-27,volume_bottom5,4,フィジカルAI,-0.6903,4.6864,-1.605,47
2024-09-23,2024-09-27,volume_bottom5,5,レアメタル,0.2914,4.5014,-1.2563,50
2024-09-23,2024-09-27,return_top5,1,TOPIXコア30,-3.0921,5.3816,-1.3621,30
2024-09-23,2024-09-27,return_top5,2,半導体,0.9969,5.0749,-2.2459,106
2024-09-23,2024-09-27,return_top5,3,半導体製造装置,16.1187,4.7562,-1.7163,195
2024-09-23,2024-09-27,return_top5,4,フィジカルAI,-0.6903,4.6864,-1.605,47
2024-09-23,2024-09-27,return_top5,5,レアメタル,0.2914,4.5014,-1.2563,50
2024-09-23,2024-09-27,return_bottom5,1,地方銀行,7.2139,-0.1312,1.1233,69
2024-09-23,2024-09-27,return_bottom5,2,データベース,15.9933,0.3357,-3.2064,38
2024-09-23,2024-09-27,return_bottom5,3,データ分析・解析,31.1013,0.6369,-2.2349,107
2024-09-23,2024-09-27,return_bottom5,4,人工知能,-2.0247,1.6304,-2.0933,335
2024-09-23,2024-09-27,return_bottom5,5,円高メリット,4.0055,2.0542,-1.125,56
2024-09-30,2024-10-04,volume_top5,1,半導体商社,54.4388,-1.2473,-0.9406,18
2024-09-30,2024-10-04,volume_top5,2,フィジカルAI,48.9384,-1.605,-0.9282,47
2024-09-30,2024-10-04,volume_top5,3,レアアース,46.0502,-0.2377,-1.1631,37
2024-09-30,2024-10-04,volume_top5,4,円高メリット,36.8358,-1.125,-2.1533,56
2024-09-30,2024-10-04,volume_top5,5,TOPIXコア30,32.5353,-1.3621,0.978,30
2024-09-30,2024-10-04,volume_bottom5,1,データ分析・解析,2.7612,-2.2349,-1.4903,109
2024-09-30,2024-10-04,volume_bottom5,2,半導体部材・部品,4.0061,-1.7637,-0.5454,110
2024-09-30,2024-10-04,volume_bottom5,3,半導体製造装置,4.6834,-1.7163,-0.7154,195
2024-09-30,2024-10-04,volume_bottom5,4,データベース,8.0545,-3.2064,-0.4141,39
2024-09-30,2024-10-04,volume_bottom5,5,半導体,11.05,-2.2459,-1.5647,106
2024-09-30,2024-10-04,return_top5,1,地方銀行,17.2223,1.1233,0.0,69
2024-09-30,2024-10-04,return_top5,2,レアアース,46.0502,-0.2377,-1.1631,37
2024-09-30,2024-10-04,return_top5,3,円高メリット,36.8358,-1.125,-2.1533,56
2024-09-30,2024-10-04,return_top5,4,半導体商社,54.4388,-1.2473,-0.9406,18
2024-09-30,2024-10-04,return_top5,5,レアメタル,28.1647,-1.2563,-1.6097,50
2024-09-30,2024-10-04,return_bottom5,1,データベース,8.0545,-3.2064,-0.4141,39
2024-09-30,2024-10-04,return_bottom5,2,半導体,11.05,-2.2459,-1.5647,106
2024-09-30,2024-10-04,return_bottom5,3,データ分析・解析,2.7612,-2.2349,-1.4903,109
2024-09-30,2024-10-04,return_bottom5,4,人工知能,21.8361,-2.0933,-1.1625,338
2024-09-30,2024-10-04,return_bottom5,5,データセンター,23.5979,-1.8238,-0.89,147
2024-10-07,2024-10-11,volume_top5,1,半導体部材・部品,-13.2066,-0.5454,-1.1618,110
2024-10-07,2024-10-11,volume_top5,2,半導体,-14.7704,-1.5647,-1.0491,106
2024-10-07,2024-10-11,volume_top5,3,地方銀行,-15.2733,0.0,2.515,69
2024-10-07,2024-10-11,volume_top5,4,フィジカルAI,-15.3515,-0.9282,-0.8757,47
2024-10-07,2024-10-11,volume_top5,5,半導体商社,-15.9077,-0.9406,-0.0323,18
2024-10-07,2024-10-11,volume_bottom5,1,レアアース,-33.301,-1.1631,-1.1345,37
2024-10-07,2024-10-11,volume_bottom5,2,レアメタル,-29.8056,-1.6097,-1.0445,50
2024-10-07,2024-10-11,volume_bottom5,3,円高メリット,-21.3596,-2.1533,-0.8535,56
2024-10-07,2024-10-11,volume_bottom5,4,データベース,-21.3017,-0.4141,0.0,39
2024-10-07,2024-10-11,volume_bottom5,5,TOPIXコア30,-20.6032,0.978,-1.0706,30
2024-10-07,2024-10-11,return_top5,1,TOPIXコア30,-20.6032,0.978,-1.0706,30
2024-10-07,2024-10-11,return_top5,2,地方銀行,-15.2733,0.0,2.515,69
2024-10-07,2024-10-11,return_top5,3,データベース,-21.3017,-0.4141,0.0,39
2024-10-07,2024-10-11,return_top5,4,半導体部材・部品,-13.2066,-0.5454,-1.1618,110
2024-10-07,2024-10-11,return_top5,5,半導体製造装置,-16.4222,-0.7154,-1.2002,195
2024-10-07,2024-10-11,return_bottom5,1,円高メリット,-21.3596,-2.1533,-0.8535,56
2024-10-07,2024-10-11,return_bottom5,2,レアメタル,-29.8056,-1.6097,-1.0445,50
2024-10-07,2024-10-11,return_bottom5,3,半導体,-14.7704,-1.5647,-1.0491,106
2024-10-07,2024-10-11,return_bottom5,4,データ分析・解析,-16.4444,-1.4903,-1.4085,109
2024-10-07,2024-10-11,return_bottom5,5,レアアース,-33.301,-1.1631,-1.1345,37
2024-10-14,2024-10-18,volume_top5,1,データベース,3.5631,0.0,-3.5178,39
2024-10-14,2024-10-18,volume_top5,2,半導体製造装置,-4.6008,-1.2002,-3.4312,195
2024-10-14,2024-10-18,volume_top5,3,半導体,-10.2551,-1.0491,-3.5828,106
2024-10-14,2024-10-18,volume_top5,4,円高メリット,-17.2946,-0.8535,-3.4145,56
2024-10-14,2024-10-18,volume_top5,5,半導体商社,-17.7307,-0.0323,-4.0658,18
2024-10-14,2024-10-18,volume_bottom5,1,データ分析・解析,-35.9798,-1.4085,-4.2452,109
2024-10-14,2024-10-18,volume_bottom5,2,レアアース,-31.7409,-1.1345,-3.4022,37
2024-10-14,2024-10-18,volume_bottom5,3,地方銀行,-28.7674,2.515,-5.1548,69
2024-10-14,2024-10-18,volume_bottom5,4,レアメタル,-27.3099,-1.0445,-2.9853,50
2024-10-14,2024-10-18,volume_bottom5,5,フィジカルAI,-23.2115,-0.8757,-3.1233,47
2024-10-14,2024-10-18,return_top5,1,地方銀行,-28.7674,2.515,-5.1548,69
2024-10-14,2024-10-18,return_top5,2,データベース,3.5631,0.0,-3.5178,39
2024-10-14,2024-10-18,return_top5,3,半導体商社,-17.7307,-0.0323,-4.0658,18
2024-10-14,2024-10-18,return_top5,4,データセンター,-18.7743,-0.3956,-3.8312,147
2024-10-14,2024-10-18,return_top5,5,円高メリット,-17.2946,-0.8535,-3.4145,56
2024-10-14,2024-10-18,return_bottom5,1,データ分析・解析,-35.9798,-1.4085,-4.2452,109
2024-10-14,2024-10-18,return_bottom5,2,半導体製造装置,-4.6008,-1.2002,-3.4312,195
2024-10-14,2024-10-18,return_bottom5,3,半導体部材・部品,-19.376,-1.1618,-3.2151,110
2024-10-14,2024-10-18,return_bottom5,4,レアアース,-31.7409,-1.1345,-3.4022,37
2024-10-14,2024-10-18,return_bottom5,5,TOPIXコア30,-22.4467,-1.0706,-2.7669,30
2024-10-21,2024-10-25,volume_top5,1,半導体製造装置,23.3512,-3.4312,1.104,195
2024-10-21,2024-10-25,volume_top5,2,人工知能,20.555,-4.0551,2.2612,338
2024-10-21,2024-10-25,volume_top5,3,地方銀行,16.7063,-5.1548,1.963,69
2024-10-21,2024-10-25,volume_top5,4,レアアース,16.5746,-3.4022,0.9484,37
2024-10-21,2024-10-25,volume_top5,5,半導体部材・部品,13.5354,-3.2151,0.9228,110
2024-10-21,2024-10-25,volume_bottom5,1,半導体商社,-14.0738,-4.0658,1.12,18
2024-10-21,2024-10-25,volume_bottom5,2,データベース,-1.3629,-3.5178,1.3477,39
2024-10-21,2024-10-25,volume_bottom5,3,データ分析・解析,-0.7912,-4.2452,1.9792,109
2024-10-21,2024-10-25,volume_bottom5,4,半導体,6.9125,-3.5828,1.1095,106
2024-10-21,2024-10-25,volume_bottom5,5,レアメタル,7.3139,-2.9853,0.8736,50
2024-10-21,2024-10-25,return_top5,1,TOPIXコア30,7.7256,-2.7669,1.1808,30
2024-10-21,2024-10-25,return_top5,2,レアメタル,7.3139,-2.9853,0.8736,50
2024-10-21,2024-10-25,return_top5,3,フィジカルAI,9.438,-3.1233,1.7888,47
2024-10-21,2024-10-25,return_top5,4,半導体部材・部品,13.5354,-3.2151,0.9228,110
2024-10-21,2024-10-25,return_top5,5,レアアース,16.5746,-3.4022,0.9484,37
2024-10-21,2024-10-25,return_bottom5,1,地方銀行,16.7063,-5.1548,1.963,69
2024-10-21,2024-10-25,return_bottom5,2,データ分析・解析,-0.7912,-4.2452,1.9792,109
2024-10-21,2024-10-25,return_bottom5,3,半導体商社,-14.0738,-4.0658,1.12,18
2024-10-21,2024-10-25,return_bottom5,4,人工知能,20.555,-4.0551,2.2612,338
2024-10-21,2024-10-25,return_bottom5,5,データセンター,8.8646,-3.8312,1.2412,147
2024-10-28,2024-11-01,volume_top5,1,データ分析・解析,106.1359,1.9792,0.7538,109
2024-10-28,2024-11-01,volume_top5,2,半導体商社,91.8844,1.12,1.6424,18
2024-10-28,2024-11-01,volume_top5,3,半導体部材・部品,65.4788,0.9228,2.4069,110
2024-10-28,2024-11-01,volume_top5,4,レアメタル,57.712,0.8736,1.607,50
2024-10-28,2024-11-01,volume_top5,5,円高メリット,56.0395,0.8438,-0.182,56
2024-10-28,2024-11-01,volume_bottom5,1,データベース,-1.7343,1.3477,1.0593,39
2024-10-28,2024-11-01,volume_bottom5,2,フィジカルAI,10.1835,1.7888,2.6908,47
2024-10-28,2024-11-01,volume_bottom5,3,半導体製造装置,22.0497,1.104,2.6373,196
2024-10-28,2024-11-01,volume_bottom5,4,TOPIXコア30,28.0677,1.1808,3.0393,30
2024-10-28,2024-11-01,volume_bottom5,5,データセンター,36.4511,1.2412,2.2465,147
2024-10-28,2024-11-01,return_top5,1,人工知能,40.5268,2.2612,1.2694,338
2024-10-28,2024-11-01,return_top5,2,データ分析・解析,106.1359,1.9792,0.7538,109
2024-10-28,2024-11-01,return_top5,3,地方銀行,37.4751,1.963,6.6993,69
2024-10-28,2024-11-01,return_top5,4,フィジカルAI,10.1835,1.7888,2.6908,47
2024-10-28,2024-11-01,return_top5,5,データベース,-1.7343,1.3477,1.0593,39
2024-10-28,2024-11-01,return_bottom5,1,円高メリット,56.0395,0.8438,-0.182,56
2024-10-28,2024-11-01,return_bottom5,2,レアメタル,57.712,0.8736,1.607,50
2024-10-28,2024-11-01,return_bottom5,3,半導体部材・部品,65.4788,0.9228,2.4069,110
2024-10-28,2024-11-01,return_bottom5,4,レアアース,52.4902,0.9484,2.0111,37
2024-10-28,2024-11-01,return_bottom5,5,半導体製造装置,22.0497,1.104,2.6373,196
2024-11-04,2024-11-08,volume_top5,1,フィジカルAI,25.4033,2.6908,-1.9617,47
2024-11-04,2024-11-08,volume_top5,2,データセンター,-1.4819,2.2465,-1.0676,147
2024-11-04,2024-11-08,volume_top5,3,TOPIXコア30,-2.0242,3.0393,0.261,30
2024-11-04,2024-11-08,volume_top5,4,地方銀行,-3.6523,6.6993,0.0472,69
2024-11-04,2024-11-08,volume_top5,5,データベース,-7.1959,1.0593,-1.182,39
2024-11-04,2024-11-08,volume_bottom5,1,データ分析・解析,-40.4006,0.7538,-0.9272,109
2024-11-04,2024-11-08,volume_bottom5,2,円高メリット,-32.7506,-0.182,-1.4615,56
2024-11-04,2024-11-08,volume_bottom5,3,半導体商社,-31.8931,1.6424,-1.5656,18
2024-11-04,2024-11-08,volume_bottom5,4,半導体,-21.7964,2.2165,-3.6148,106
2024-11-04,2024-11-08,volume_bottom5,5,レアアース,-21.7773,2.0111,-2.1685,37
2024-11-04,2024-11-08,return_top5,1,地方銀行,-3.6523,6.6993,0.0472,69
2024-11-04,2024-11-08,return_top5,2,TOPIXコア30,-2.0242,3.0393,0.261,30
2024-11-04,2024-11-08,return_top5,3,フィジカルAI,25.4033,2.6908,-1.9617,47
2024-11-04,2024-11-08,return_top5,4,半導体製造装置,-15.6724,2.6373,-2.5814,196
2024-11-04,2024-11-08,return_top5,5,半導体部材・部品,-17.8526,2.4069,-2.8351,110
2024-11-04,2024-11-08,return_bottom5,1,円高メリット,-32.7506,-0.182,-1.4615,56
2024-11-04,2024-11-08,return_bottom5,2,データ分析・解析,-40.4006,0.7538,-0.9272,109
2024-11-04,2024-11-08,return_bottom5,3,データベース,-7.1959,1.0593,-1.182,39
2024-11-04,2024-11-08,return_bottom5,4,人工知能,-21.3251,1.2694,-1.1835,340
2024-11-04,2024-11-08,return_bottom5,5,レアメタル,-15.4967,1.607,-2.7383,50
2024-11-11,2024-11-15,volume_top5,1,データ分析・解析,105.9239,-0.9272,1.0705,109
2024-11-11,2024-11-15,volume_top5,2,データベース,78.9343,-1.182,1.2632,39
2024-11-11,2024-11-15,volume_top5,3,レアアース,64.3198,-2.1685,0.7641,37
2024-11-11,2024-11-15,volume_top5,4,地方銀行,30.8449,0.0472,0.0,69
2024-11-11,2024-11-15,volume_top5,5,円高メリット,29.141,-1.4615,-0.2188,56
2024-11-11,2024-11-15,volume_bottom5,1,半導体商社,-11.8198,-1.5656,-0.2592,18
2024-11-11,2024-11-15,volume_bottom5,2,フィジカルAI,-0.9905,-1.9617,-0.2995,47
2024-11-11,2024-11-15,volume_bottom5,3,レアメタル,6.1801,-2.7383,0.7309,50
2024-11-11,2024-11-15,volume_bottom5,4,TOPIXコア30,9.264,0.261,-0.5901,30
2024-11-11,2024-11-15,volume_bottom5,5,半導体製造装置,9.9164,-2.5814,-0.03,196
2024-11-11,2024-11-15,return_top5,1,TOPIXコア30,9.264,0.261,-0.5901,30
2024-11-11,2024-11-15,return_top5,2,地方銀行,30.8449,0.0472,0.0,69
2024-11-11,2024-11-15,return_top5,3,データ分析・解析,105.9239,-0.9272,1.0705,109
2024-11-11,2024-11-15,return_top5,4,データセンター,15.6455,-1.0676,0.5326,147
2024-11-11,2024-11-15,return_top5,5,データベース,78.9343,-1.182,1.2632,39
2024-11-11,2024-11-15,return_bottom5,1,半導体,12.6871,-3.6148,-0.217,106
2024-11-11,2024-11-15,return_bottom5,2,半導体部材・部品,19.8756,-2.8351,0.6243,110
2024-11-11,2024-11-15,return_bottom5,3,レアメタル,6.1801,-2.7383,0.7309,50
2024-11-11,2024-11-15,return_bottom5,4,半導体製造装置,9.9164,-2.5814,-0.03,196
2024-11-11,2024-11-15,return_bottom5,5,レアアース,64.3198,-2.1685,0.7641,37
2024-11-18,2024-11-22,volume_top5,1,データ分析・解析,11.7648,1.0705,-0.142,109
2024-11-18,2024-11-22,volume_top5,2,データベース,-2.5487,1.2632,-0.3784,39
2024-11-18,2024-11-22,volume_top5,3,円高メリット,-12.0607,-0.2188,0.0236,56
2024-11-18,2024-11-22,volume_top5,4,レアアース,-16.8667,0.7641,-1.7362,37
2024-11-18,2024-11-22,volume_top5,5,半導体製造装置,-17.7433,-0.03,-1.9213,196
2024-11-18,2024-11-22,volume_bottom5,1,フィジカルAI,-33.0079,-0.2995,-1.6663,47
2024-11-18,2024-11-22,volume_bottom5,2,半導体部材・部品,-28.2842,0.6243,-2.008,110
2024-11-18,2024-11-22,volume_bottom5,3,地方銀行,-27.5874,0.0,-0.7934,69
2024-11-18,2024-11-22,volume_bottom5,4,半導体商社,-25.0365,-0.2592,-2.0005,18
2024-11-18,2024-11-22,volume_bottom5,5,TOPIXコア30,-23.2568,-0.5901,-1.3808,30
2024-11-18,2024-11-22,return_top5,1,データベース,-2.5487,1.2632,-0.3784,39
2024-11-18,2024-11-22,return_top5,2,データ分析・解析,11.7648,1.0705,-0.142,109
2024-11-18,2024-11-22,return_top5,3,人工知能,-21.8113,0.9012,-0.6502,340
2024-11-18,2024-11-22,return_top5,4,レアアース,-16.8667,0.7641,-1.7362,37
2024-11-18,2024-11-22,return_top5,5,レアメタル,-19.3478,0.7309,-2.0631,50
2024-11-18,2024-11-22,return_bottom5,1,TOPIXコア30,-23.2568,-0.5901,-1.3808,30
2024-11-18,2024-11-22,return_bottom5,2,フィジカルAI,-33.0079,-0.2995,-1.6663,47
2024-11-18,2024-11-22,return_bottom5,3,半導体商社,-25.0365,-0.2592,-2.0005,18
2024-11-18,2024-11-22,return_bottom5,4,円高メリット,-12.0607,-0.2188,0.0236,56
2024-11-18,2024-11-22,return_bottom5,5,半導体,-17.7508,-0.217,-1.8667,106
2024-11-25,2024-11-29,volume_top5,1,レアアース,118.8516,-1.7362,0.4918,37
2024-11-25,2024-11-29,volume_top5,2,レアメタル,41.2676,-2.0631,0.0313,50
2024-11-25,2024-11-29,volume_top5,3,半導体商社,34.4977,-2.0005,0.2258,18
2024-11-25,2024-11-29,volume_top5,4,半導体部材・部品,33.1509,-2.008,-0.2354,110
2024-11-25,2024-11-29,volume_top5,5,半導体製造装置,30.4106,-1.9213,0.3194,196
2024-11-25,2024-11-29,volume_bottom5,1,データ分析・解析,-16.1262,-0.142,-0.9288,109
2024-11-25,2024-11-29,volume_bottom5,2,フィジカルAI,8.3391,-1.6663,1.3568,47
2024-11-25,2024-11-29,volume_bottom5,3,データベース,8.8681,-0.3784,-1.6457,39
2024-11-25,2024-11-29,volume_bottom5,4,人工知能,8.936,-0.6502,-0.4739,340
2024-11-25,2024-11-29,volume_bottom5,5,TOPIXコア30,12.6212,-1.3808,2.1252,30
2024-11-25,2024-11-29,return_top5,1,円高メリット,26.1104,0.0236,-0.2263,56
2024-11-25,2024-11-29,return_top5,2,データ分析・解析,-16.1262,-0.142,-0.9288,109
2024-11-25,2024-11-29,return_top5,3,データベース,8.8681,-0.3784,-1.6457,39
2024-11-25,2024-11-29,return_top5,4,人工知能,8.936,-0.6502,-0.4739,340
2024-11-25,2024-11-29,return_top5,5,地方銀行,18.0771,-0.7934,3.7369,69
2024-11-25,2024-11-29,return_bottom5,1,レアメタル,41.2676,-2.0631,0.0313,50
2024-11-25,2024-11-29,return_bottom5,2,半導体部材・部品,33.1509,-2.008,-0.2354,110
2024-11-25,2024-11-29,return_bottom5,3,半導体商社,34.4977,-2.0005,0.2258,18
2024-11-25,2024-11-29,return_bottom5,4,半導体製造装置,30.4106,-1.9213,0.3194,196
2024-11-25,2024-11-29,return_bottom5,5,半導体,28.8612,-1.8667,-0.2993,106
2024-12-02,2024-12-06,volume_top5,1,フィジカルAI,21.7395,1.3568,0.8708,47
2024-12-02,2024-12-06,volume_top5,2,人工知能,7.8578,-0.4739,0.5065,343
2024-12-02,2024-12-06,volume_top5,3,データセンター,1.5234,0.5395,0.4712,147
2024-12-02,2024-12-06,volume_top5,4,半導体商社,-0.233,0.2258,0.0,18
2024-12-02,2024-12-06,volume_top5,5,地方銀行,-1.232,3.7369,0.1754,69
2024-12-02,2024-12-06,volume_bottom5,1,レアアース,-37.9797,0.4918,0.1421,37
2024-12-02,2024-12-06,volume_bottom5,2,データベース,-36.4959,-1.6457,0.2489,39
2024-12-02,2024-12-06,volume_bottom5,3,データ分析・解析,-29.735,-0.9288,0.9756,109
2024-12-02,2024-12-06,volume_bottom5,4,レアメタル,-21.8728,0.0313,-0.1031,50
2024-12-02,2024-12-06,volume_bottom5,5,半導体,-17.4729,-0.2993,-0.6409,106
2024-12-02,2024-12-06,return_top5,1,地方銀行,-1.232,3.7369,0.1754,69
2024-12-02,2024-12-06,return_top5,2,TOPIXコア30,-1.5133,2.1252,0.1191,30
2024-12-02,2024-12-06,return_top5,3,フィジカルAI,21.7395,1.3568,0.8708,47
2024-12-02,2024-12-06,return_top5,4,データセンター,1.5234,0.5395,0.4712,147
2024-12-02,2024-12-06,return_top5,5,レアアース,-37.9797,0.4918,0.1421,37
2024-12-02,2024-12-06,return_bottom5,1,データベース,-36.4959,-1.6457,0.2489,39
2024-12-02,2024-12-06,return_bottom5,2,データ分析・解析,-29.735,-0.9288,0.9756,109
2024-12-02,2024-12-06,return_bottom5,3,人工知能,7.8578,-0.4739,0.5065,343
2024-12-02,2024-12-06,return_bottom5,4,半導体,-17.4729,-0.2993,-0.6409,106
2024-12-02,2024-12-06,return_bottom5,5,半導体部材・部品,-16.5707,-0.2354,0.1983,110
2024-12-09,2024-12-13,volume_top5,1,データベース,29.8127,0.2489,-1.7345,39
2024-12-09,2024-12-13,volume_top5,2,フィジカルAI,15.0965,0.8708,-0.7984,47
2024-12-09,2024-12-13,volume_top5,3,データ分析・解析,13.2447,0.9756,-1.6115,109
2024-12-09,2024-12-13,volume_top5,4,半導体商社,2.7434,0.0,0.3483,19
2024-12-09,2024-12-13,volume_top5,5,レアメタル,-0.852,-0.1031,-2.3836,50
2024-12-09,2024-12-13,volume_bottom5,1,レアアース,-18.9154,0.1421,-1.7974,37
2024-12-09,2024-12-13,volume_bottom5,2,地方銀行,-17.7456,0.1754,-3.6415,69
2024-12-09,2024-12-13,volume_bottom5,3,半導体製造装置,-10.1898,0.0,-1.0416,197
2024-12-09,2024-12-13,volume_bottom5,4,円高メリット,-10.0873,-0.3209,-2.3522,56
2024-12-09,2024-12-13,volume_bottom5,5,データセンター,-9.3752,0.4712,-0.9379,147
2024-12-09,2024-12-13,return_top5,1,データ分析・解析,13.2447,0.9756,-1.6115,109
2024-12-09,2024-12-13,return_top5,2,フィジカルAI,15.0965,0.8708,-0.7984,47
2024-12-09,2024-12-13,return_top5,3,人工知能,-3.8911,0.5065,-1.5865,343
2024-12-09,2024-12-13,return_top5,4,データセンター,-9.3752,0.4712,-0.9379,147
2024-12-09,2024-12-13,return_top5,5,データベース,29.8127,0.2489,-1.7345,39
2024-12-09,2024-12-13,return_bottom5,1,半導体,-5.6377,-0.6409,-1.0061,107
2024-12-09,2024-12-13,return_bottom5,2,円高メリット,-10.0873,-0.3209,-2.3522,56
2024-12-09,2024-12-13,return_bottom5,3,レアメタル,-0.852,-0.1031,-2.3836,50
2024-12-09,2024-12-13,return_bottom5,4,半導体製造装置,-10.1898,0.0,-1.0416,197
2024-12-09,2024-12-13,return_bottom5,5,半導体商社,2.7434,0.0,0.3483,19
2024-12-16,2024-12-20,volume_top5,1,半導体商社,79.9307,0.3483,4.7608,19
2024-12-16,2024-12-20,volume_top5,2,半導体,52.8,-1.0061,3.2062,107
2024-12-16,2024-12-20,volume_top5,3,データベース,51.2341,-1.7345,1.3843,39
2024-12-16,2024-12-20,volume_top5,4,データ分析・解析,20.2905,-1.6115,0.2046,110
2024-12-16,2024-12-20,volume_top5,5,円高メリット,12.6821,-2.3522,2.6505,56
2024-12-16,2024-12-20,volume_bottom5,1,フィジカルAI,-7.2733,-0.7984,3.2308,47
2024-12-16,2024-12-20,volume_bottom5,2,人工知能,-2.7724,-1.5865,1.4511,344
2024-12-16,2024-12-20,volume_bottom5,3,地方銀行,-0.1672,-3.6415,3.0837,69
2024-12-16,2024-12-20,volume_bottom5,4,データセンター,1.4231,-0.9379,2.2198,147
2024-12-16,2024-12-20,volume_bottom5,5,レアメタル,8.1573,-2.3836,3.8502,50
2024-12-16,2024-12-20,return_top5,1,半導体商社,79.9307,0.3483,4.7608,19
2024-12-16,2024-12-20,return_top5,2,フィジカルAI,-7.2733,-0.7984,3.2308,47
2024-12-16,2024-12-20,return_top5,3,データセンター,1.4231,-0.9379,2.2198,147
2024-12-16,2024-12-20,return_top5,4,半導体,52.8,-1.0061,3.2062,107
2024-12-16,2024-12-20,return_top5,5,半導体製造装置,8.8724,-1.0416,3.1831,197
2024-12-16,2024-12-20,return_bottom5,1,地方銀行,-0.1672,-3.6415,3.0837,69
2024-12-16,2024-12-20,return_bottom5,2,レアメタル,8.1573,-2.3836,3.8502,50
2024-12-16,2024-12-20,return_bottom5,3,円高メリット,12.6821,-2.3522,2.6505,56
2024-12-16,2024-12-20,return_bottom5,4,TOPIXコア30,9.0737,-2.2753,3.6174,30
2024-12-16,2024-12-20,return_bottom5,5,レアアース,12.3707,-1.7974,4.4027,37
2024-12-23,2024-12-27,volume_top5,1,フィジカルAI,2.7168,3.2308,0.0,47
2024-12-23,2024-12-27,volume_top5,2,レアアース,-3.2055,4.4027,-0.0616,37
2024-12-23,2024-12-27,volume_top5,3,人工知能,-3.9897,1.4511,0.4004,344
2024-12-23,2024-12-27,volume_top5,4,TOPIXコア30,-5.5886,3.6174,-0.5343,30
2024-12-23,2024-12-27,volume_top5,5,レアメタル,-11.0431,3.8502,0.059,50
2024-12-23,2024-12-27,volume_bottom5,1,半導体商社,-44.6629,4.7608,0.2044,20
2024-12-23,2024-12-27,volume_bottom5,2,半導体,-30.5586,3.2062,-0.0828,109
2024-12-23,2024-12-27,volume_bottom5,3,データベース,-29.7598,1.3843,0.4777,39
2024-12-23,2024-12-27,volume_bottom5,4,円高メリット,-26.1164,2.6505,-0.261,56
2024-12-23,2024-12-27,volume_bottom5,5,データセンター,-21.421,2.2198,-0.3881,148
2024-12-23,2024-12-27,return_top5,1,半導体商社,-44.6629,4.7608,0.2044,20
2024-12-23,2024-12-27,return_top5,2,レアアース,-3.2055,4.4027,-0.0616,37
2024-12-23,2024-12-27,return_top5,3,レアメタル,-11.0431,3.8502,0.059,50
2024-12-23,2024-12-27,return_top5,4,TOPIXコア30,-5.5886,3.6174,-0.5343,30
2024-12-23,2024-12-27,return_top5,5,フィジカルAI,2.7168,3.2308,0.0,47
2024-12-23,2024-12-27,return_bottom5,1,データ分析・解析,-15.7867,0.2046,0.869,111
2024-12-23,2024-12-27,return_bottom5,2,データベース,-29.7598,1.3843,0.4777,39
2024-12-23,2024-12-27,return_bottom5,3,人工知能,-3.9897,1.4511,0.4004,344
2024-12-23,2024-12-27,return_bottom5,4,データセンター,-21.421,2.2198,-0.3881,148
2024-12-23,2024-12-27,return_bottom5,5,円高メリット,-26.1164,2.6505,-0.261,56
2024-12-30,2025-01-03,volume_top5,1,半導体商社,-74.2903,0.2044,-2.5114,20
2024-12-30,2025-01-03,volume_top5,2,半導体製造装置,-78.7773,0.0,-1.3813,197
2024-12-30,2025-01-03,volume_top5,3,データセンター,-78.9536,-0.3881,-2.6738,148
2024-12-30,2025-01-03,volume_top5,4,半導体,-79.2789,-0.0828,-0.5994,109
2024-12-30,2025-01-03,volume_top5,5,半導体部材・部品,-79.8033,-0.0215,-1.6693,111
2024-12-30,2025-01-03,volume_bottom5,1,データベース,-83.8918,0.4777,0.0,39
2024-12-30,2025-01-03,volume_bottom5,2,レアアース,-83.7,-0.0616,-2.7559,37
2024-12-30,2025-01-03,volume_bottom5,3,フィジカルAI,-83.3833,0.0,-2.5994,47
2024-12-30,2025-01-03,volume_bottom5,4,地方銀行,-82.7626,-0.0545,-1.8611,69
2024-12-30,2025-01-03,volume_bottom5,5,データ分析・解析,-82.7552,0.869,-0.1801,112
2024-12-30,2025-01-03,return_top5,1,データ分析・解析,-82.7552,0.869,-0.1801,112
2024-12-30,2025-01-03,return_top5,2,データベース,-83.8918,0.4777,0.0,39
2024-12-30,2025-01-03,return_top5,3,人工知能,-80.9347,0.4004,-0.9424,347
2024-12-30,2025-01-03,return_top5,4,半導体商社,-74.2903,0.2044,-2.5114,20
2024-12-30,2025-01-03,return_top5,5,レアメタル,-81.7855,0.059,-1.716,50
2024-12-30,2025-01-03,return_bottom5,1,TOPIXコア30,-82.7338,-0.5343,-2.2129,30
2024-12-30,2025-01-03,return_bottom5,2,データセンター,-78.9536,-0.3881,-2.6738,148
2024-12-30,2025-01-03,return_bottom5,3,円高メリット,-80.6539,-0.261,-3.4616,56
2024-12-30,2025-01-03,return_bottom5,4,半導体,-79.2789,-0.0828,-0.5994,109
2024-12-30,2025-01-03,return_bottom5,5,レアアース,-83.7,-0.0616,-2.7559,37
2025-01-06,2025-01-10,volume_top5,1,データベース,1080.523,0.0,-1.9462,39
2025-01-06,2025-01-10,volume_top5,2,半導体製造装置,665.7108,-1.3813,-1.7364,197
2025-01-06,2025-01-10,volume_top5,3,地方銀行,638.2105,-1.8611,1.5495,69
2025-01-06,2025-01-10,volume_top5,4,データ分析・解析,588.9614,-0.1801,-2.5576,112
2025-01-06,2025-01-10,volume_top5,5,半導体,578.4672,-0.5994,-2.1342,109
2025-01-06,2025-01-10,volume_bottom5,1,半導体商社,336.7561,-2.5114,-1.6622,20
2025-01-06,2025-01-10,volume_bottom5,2,フィジカルAI,369.1579,-2.5994,-1.0877,47
2025-01-06,2025-01-10,volume_bottom5,3,レアアース,416.5706,-2.7559,-1.17,37
2025-01-06,2025-01-10,volume_bottom5,4,円高メリット,461.4932,-3.4616,-0.8499,56
2025-01-06,2025-01-10,volume_bottom5,5,人工知能,462.0351,-0.9424,-2.2579,347
2025-01-06,2025-01-10,return_top5,1,データベース,1080.523,0.0,-1.9462,39
2025-01-06,2025-01-10,return_top5,2,データ分析・解析,588.9614,-0.1801,-2.5576,112
2025-01-06,2025-01-10,return_top5,3,半導体,578.4672,-0.5994,-2.1342,109
2025-01-06,2025-01-10,return_top5,4,人工知能,462.0351,-0.9424,-2.2579,347
2025-01-06,2025-01-10,return_top5,5,半導体製造装置,665.7108,-1.3813,-1.7364,197
2025-01-06,2025-01-10,return_bottom5,1,円高メリット,461.4932,-3.4616,-0.8499,56
2025-01-06,2025-01-10,return_bottom5,2,レアアース,416.5706,-2.7559,-1.17,37
2025-01-06,2025-01-10,return_bottom5,3,データセンター,492.1119,-2.6738,-1.8657,148
2025-01-06,2025-01-10,return_bottom5,4,フィジカルAI,369.1579,-2.5994,-1.0877,47
2025-01-06,2025-01-10,return_bottom5,5,半導体商社,336.7561,-2.5114,-1.6622,20
2025-01-13,2025-01-17,volume_top5,1,円高メリット,-12.6255,-0.8499,0.9832,56
2025-01-13,2025-01-17,volume_top5,2,人工知能,-18.0198,-2.2579,2.5581,347
2025-01-13,2025-01-17,volume_top5,3,地方銀行,-22.6687,1.5495,0.1854,69
2025-01-13,2025-01-17,volume_top5,4,レアメタル,-23.7032,-0.9452,1.3935,50
2025-01-13,2025-01-17,volume_top5,5,データ分析・解析,-25.9246,-2.5576,2.5611,112
2025-01-13,2025-01-17,volume_bottom5,1,半導体,-38.1304,-2.1342,2.9305,109
2025-01-13,2025-01-17,volume_bottom5,2,レアアース,-36.9396,-1.17,1.2328,37
2025-01-13,2025-01-17,volume_bottom5,3,半導体商社,-35.7196,-1.6622,2.2664,20
2025-01-13,2025-01-17,volume_bottom5,4,半導体製造装置,-34.7932,-1.7364,2.5955,197
2025-01-13,2025-01-17,volume_bottom5,5,データセンター,-32.1643,-1.8657,2.1873,148
2025-01-13,2025-01-17,return_top5,1,地方銀行,-22.6687,1.5495,0.1854,69
2025-01-13,2025-01-17,return_top5,2,円高メリット,-12.6255,-0.8499,0.9832,56
2025-01-13,2025-01-17,return_top5,3,レアメタル,-23.7032,-0.9452,1.3935,50
2025-01-13,2025-01-17,return_top5,4,フィジカルAI,-28.415,-1.0877,3.5716,47
2025-01-13,2025-01-17,return_top5,5,レアアース,-36.9396,-1.17,1.2328,37
2025-01-13,2025-01-17,return_bottom5,1,データ分析・解析,-25.9246,-2.5576,2.5611,112
2025-01-13,2025-01-17,return_bottom5,2,人工知能,-18.0198,-2.2579,2.5581,347
2025-01-13,2025-01-17,return_bottom5,3,半導体,-38.1304,-2.1342,2.9305,109
2025-01-13,2025-01-17,return_bottom5,4,データベース,-26.8393,-1.9462,1.4797,39
2025-01-13,2025-01-17,return_bottom5,5,データセンター,-32.1643,-1.8657,2.1873,148
2025-01-20,2025-01-24,volume_top5,1,データセンター,65.2767,2.1873,0.8199,148
2025-01-20,2025-01-24,volume_top5,2,フィジカルAI,44.4915,3.5716,-0.3041,47
2025-01-20,2025-01-24,volume_top5,3,レアアース,36.6013,1.2328,1.2646,37
2025-01-20,2025-01-24,volume_top5,4,半導体製造装置,28.5424,2.5955,-0.2148,197
2025-01-20,2025-01-24,volume_top5,5,人工知能,20.5622,2.5581,0.9773,347
2025-01-20,2025-01-24,volume_bottom5,1,データベース,-30.4448,1.4797,0.5427,39
2025-01-20,2025-01-24,volume_bottom5,2,データ分析・解析,0.1648,2.5611,1.2465,112
2025-01-20,2025-01-24,volume_bottom5,3,半導体商社,4.3916,2.2664,1.0722,20
2025-01-20,2025-01-24,volume_bottom5,4,円高メリット,6.5289,0.9832,1.2815,56
2025-01-20,2025-01-24,volume_bottom5,5,地方銀行,10.4464,0.1854,5.4233,69
2025-01-20,2025-01-24,return_top5,1,フィジカルAI,44.4915,3.5716,-0.3041,47
2025-01-20,2025-01-24,return_top5,2,半導体,10.6934,2.9305,-1.2864,109
2025-01-20,2025-01-24,return_top5,3,半導体製造装置,28.5424,2.5955,-0.2148,197
2025-01-20,2025-01-24,return_top5,4,データ分析・解析,0.1648,2.5611,1.2465,112
2025-01-20,2025-01-24,return_top5,5,人工知能,20.5622,2.5581,0.9773,347
2025-01-20,2025-01-24,return_bottom5,1,地方銀行,10.4464,0.1854,5.4233,69
2025-01-20,2025-01-24,return_bottom5,2,円高メリット,6.5289,0.9832,1.2815,56
2025-01-20,2025-01-24,return_bottom5,3,レアアース,36.6013,1.2328,1.2646,37
2025-01-20,2025-01-24,return_bottom5,4,レアメタル,12.8781,1.3935,0.9999,50
2025-01-20,2025-01-24,return_bottom5,5,データベース,-30.4448,1.4797,0.5427,39
2025-01-27,2025-01-31,volume_top5,1,データ分析・解析,36.7226,1.2465,0.0,112
2025-01-27,2025-01-31,volume_top5,2,半導体,27.5396,-1.2864,-0.3923,109
2025-01-27,2025-01-31,volume_top5,3,地方銀行,23.4371,5.4233,-2.5738,69
2025-01-27,2025-01-31,volume_top5,4,半導体部材・部品,19.2371,-0.1648,-0.5549,111
2025-01-27,2025-01-31,volume_top5,5,データセンター,17.0377,0.8199,0.0,148
2025-01-27,2025-01-31,volume_bottom5,1,データベース,-22.3086,0.5427,0.8562,39
2025-01-27,2025-01-31,volume_bottom5,2,レアアース,-15.4897,1.2646,0.2776,37
2025-01-27,2025-01-31,volume_bottom5,3,レアメタル,-6.2133,0.9999,-0.3354,50
2025-01-27,2025-01-31,volume_bottom5,4,円高メリット,-1.0755,1.2815,-1.3467,56
2025-01-27,2025-01-31,volume_bottom5,5,半導体製造装置,6.2845,-0.2148,-0.612,197
2025-01-27,2025-01-31,return_top5,1,地方銀行,23.4371,5.4233,-2.5738,69
2025-01-27,2025-01-31,return_top5,2,円高メリット,-1.0755,1.2815,-1.3467,56
2025-01-27,2025-01-31,return_top5,3,レアアース,-15.4897,1.2646,0.2776,37
2025-01-27,2025-01-31,return_top5,4,データ分析・解析,36.7226,1.2465,0.0,112
2025-01-27,2025-01-31,return_top5,5,半導体商社,16.4633,1.0722,-0.1201,20
2025-01-27,2025-01-31,return_bottom5,1,半導体,27.5396,-1.2864,-0.3923,109
2025-01-27,2025-01-31,return_bottom5,2,フィジカルAI,11.7939,-0.3041,-0.2656,47
2025-01-27,2025-01-31,return_bottom5,3,半導体製造装置,6.2845,-0.2148,-0.612,197
2025-01-27,2025-01-31,return_bottom5,4,半導体部材・部品,19.2371,-0.1648,-0.5549,111
2025-01-27,2025-01-31,return_bottom5,5,データベース,-22.3086,0.5427,0.8562,39
2025-02-03,2025-02-07,volume_top5,1,データベース,137.061,0.8562,1.7742,39
2025-02-03,2025-02-07,volume_top5,2,レアメタル,73.4677,-0.3354,-0.7724,50
2025-02-03,2025-02-07,volume_top5,3,レアアース,40.4727,0.2776,-0.5208,37
2025-02-03,2025-02-07,volume_top5,4,半導体商社,32.6428,-0.1201,-0.1917,20
2025-02-03,2025-02-07,volume_top5,5,円高メリット,22.3137,-1.3467,-0.1202,56
2025-02-03,2025-02-07,volume_bottom5,1,データセンター,-10.6415,0.0,0.0,148
2025-02-03,2025-02-07,volume_bottom5,2,半導体製造装置,6.0705,-0.612,-0.2938,197
2025-02-03,2025-02-07,volume_bottom5,3,フィジカルAI,10.2152,-0.2656,-0.1663,47
2025-02-03,2025-02-07,volume_bottom5,4,人工知能,14.9119,0.5405,1.026,347
2025-02-03,2025-02-07,volume_bottom5,5,TOPIXコア30,16.3411,-3.4065,0.6537,30
2025-02-03,2025-02-07,return_top5,1,データベース,137.061,0.8562,1.7742,39
2025-02-03,2025-02-07,return_top5,2,人工知能,14.9119,0.5405,1.026,347
2025-02-03,2025-02-07,return_top5,3,レアアース,40.4727,0.2776,-0.5208,37
2025-02-03,2025-02-07,return_top5,4,データセンター,-10.6415,0.0,0.0,148
2025-02-03,2025-02-07,return_top5,5,データ分析・解析,20.8668,0.0,1.2116,112
2025-02-03,2025-02-07,return_bottom5,1,TOPIXコア30,16.3411,-3.4065,0.6537,30
2025-02-03,2025-02-07,return_bottom5,2,地方銀行,20.9942,-2.5738,0.5108,69
2025-02-03,2025-02-07,return_bottom5,3,円高メリット,22.3137,-1.3467,-0.1202,56
2025-02-03,2025-02-07,return_bottom5,4,半導体製造装置,6.0705,-0.612,-0.2938,197
2025-02-03,2025-02-07,return_bottom5,5,半導体部材・部品,22.2039,-0.5549,0.2278,111
2025-02-10,2025-02-14,volume_top5,1,データセンター,9.2001,0.0,-1.6757,148
2025-02-10,2025-02-14,volume_top5,2,レアアース,6.9142,-0.5208,-2.3262,37
2025-02-10,2025-02-14,volume_top5,3,フィジカルAI,-3.4529,-0.1663,-0.3714,47
2025-02-10,2025-02-14,volume_top5,4,半導体部材・部品,-3.9107,0.2278,-1.8211,111
2025-02-10,2025-02-14,volume_top5,5,半導体商社,-13.5758,-0.1917,-1.6713,20
2025-02-10,2025-02-14,volume_bottom5,1,半導体,-40.0265,0.0,-0.788,109
2025-02-10,2025-02-14,volume_bottom5,2,データベース,-37.1,1.7742,-1.6934,39
2025-02-10,2025-02-14,volume_bottom5,3,TOPIXコア30,-34.0823,0.6537,-1.5469,30
2025-02-10,2025-02-14,volume_bottom5,4,データ分析・解析,-28.7685,1.2116,-0.7206,112
2025-02-10,2025-02-14,volume_bottom5,5,レアメタル,-27.9345,-0.7724,-2.1269,50
2025-02-10,2025-02-14,return_top5,1,データベース,-37.1,1.7742,-1.6934,39
2025-02-10,2025-02-14,return_top5,2,データ分析・解析,-28.7685,1.2116,-0.7206,112
2025-02-10,2025-02-14,return_top5,3,人工知能,-14.94,1.026,-1.4303,347
2025-02-10,2025-02-14,return_top5,4,TOPIXコア30,-34.0823,0.6537,-1.5469,30
2025-02-10,2025-02-14,return_top5,5,地方銀行,-24.9805,0.5108,0.0,69
2025-02-10,2025-02-14,return_bottom5,1,レアメタル,-27.9345,-0.7724,-2.1269,50
2025-02-10,2025-02-14,return_bottom5,2,レアアース,6.9142,-0.5208,-2.3262,37
2025-02-10,2025-02-14,return_bottom5,3,半導体製造装置,-25.8389,-0.2938,-0.6381,197
2025-02-10,2025-02-14,return_bottom5,4,半導体商社,-13.5758,-0.1917,-1.6713,20
2025-02-10,2025-02-14,return_bottom5,5,フィジカルAI,-3.4529,-0.1663,-0.3714,47
2025-02-17,2025-02-21,volume_top5,1,データ分析・解析,49.2323,-0.7206,-2.5349,112
2025-02-17,2025-02-21,volume_top5,2,半導体,34.4074,-0.788,-2.8715,109
2025-02-17,2025-02-21,volume_top5,3,地方銀行,31.2921,0.0,-1.2009,69
2025-02-17,2025-02-21,volume_top5,4,TOPIXコア30,16.5726,-1.5469,-1.8523,30
2025-02-17,2025-02-21,volume_top5,5,円高メリット,15.2334,-0.5852,0.2191,56
2025-02-17,2025-02-21,volume_bottom5,1,データセンター,-23.7858,-1.6757,-1.6292,148
2025-02-17,2025-02-21,volume_bottom5,2,半導体部材・部品,-20.1318,-1.8211,-1.295,111
2025-02-17,2025-02-21,volume_bottom5,3,レアアース,-17.4045,-2.3262,-0.3245,37
2025-02-17,2025-02-21,volume_bottom5,4,フィジカルAI,-6.7349,-0.3714,-2.903,47
2025-02-17,2025-02-21,volume_bottom5,5,データベース,-3.9322,-1.6934,-2.5227,39
2025-02-17,2025-02-21,return_top5,1,地方銀行,31.2921,0.0,-1.2009,69
2025-02-17,2025-02-21,return_top5,2,フィジカルAI,-6.7349,-0.3714,-2.903,47
2025-02-17,2025-02-21,return_top5,3,円高メリット,15.2334,-0.5852,0.2191,56
2025-02-17,2025-02-21,return_top5,4,半導体製造装置,6.7882,-0.6381,-1.2937,197
2025-02-17,2025-02-21,return_top5,5,データ分析・解析,49.2323,-0.7206,-2.5349,112
2025-02-17,2025-02-21,return_bottom5,1,レアアース,-17.4045,-2.3262,-0.3245,37
2025-02-17,2025-02-21,return_bottom5,2,レアメタル,0.0676,-2.1269,-0.0481,50
2025-02-17,2025-02-21,return_bottom5,3,半導体部材・部品,-20.1318,-1.8211,-1.295,111
2025-02-17,2025-02-21,return_bottom5,4,データベース,-3.9322,-1.6934,-2.5227,39
2025-02-17,2025-02-21,return_bottom5,5,データセンター,-23.7858,-1.6757,-1.6292,148
2025-02-24,2025-02-28,volume_top5,1,レアメタル,24.2424,-0.0481,2.2431,50
2025-02-24,2025-02-28,volume_top5,2,データセンター,13.6907,-1.6292,1.4446,148
2025-02-24,2025-02-28,volume_top5,3,円高メリット,9.6137,0.2191,2.3528,56
2025-02-24,2025-02-28,volume_top5,4,地方銀行,7.2495,-1.2009,2.1136,69
2025-02-24,2025-02-28,volume_top5,5,半導体商社,5.3827,-0.6942,1.9882,20
2025-02-24,2025-02-28,volume_bottom5,1,データ分析・解析,-42.3455,-2.5349,0.0,112
2025-02-24,2025-02-28,volume_bottom5,2,データベース,-22.5802,-2.5227,-1.0046,39
2025-02-24,2025-02-28,volume_bottom5,3,フィジカルAI,-22.4338,-2.903,0.391,47
2025-02-24,2025-02-28,volume_bottom5,4,半導体製造装置,-15.6295,-1.2937,0.8726,197
2025-02-24,2025-02-28,volume_bottom5,5,人工知能,-13.44,-2.4,0.0,347
2025-02-24,2025-02-28,return_top5,1,円高メリット,9.6137,0.2191,2.3528,56
2025-02-24,2025-02-28,return_top5,2,レアメタル,24.2424,-0.0481,2.2431,50
2025-02-24,2025-02-28,return_top5,3,レアアース,3.4274,-0.3245,2.6837,37
2025-02-24,2025-02-28,return_top5,4,半導体商社,5.3827,-0.6942,1.9882,20
2025-02-24,2025-02-28,return_top5,5,地方銀行,7.2495,-1.2009,2.1136,69
2025-02-24,2025-02-28,return_bottom5,1,フィジカルAI,-22.4338,-2.903,0.391,47
2025-02-24,2025-02-28,return_bottom5,2,半導体,-8.0949,-2.8715,0.1125,109
2025-02-24,2025-02-28,return_bottom5,3,データ分析・解析,-42.3455,-2.5349,0.0,112
2025-02-24,2025-02-28,return_bottom5,4,データベース,-22.5802,-2.5227,-1.0046,39
2025-02-24,2025-02-28,return_bottom5,5,人工知能,-13.44,-2.4,0.0,347
2025-03-03,2025-03-07,volume_top5,1,フィジカルAI,68.8247,0.391,0.0,47
2025-03-03,2025-03-07,volume_top5,2,レアアース,41.0514,2.6837,0.2411,37
2025-03-03,2025-03-07,volume_top5,3,TOPIXコア30,28.9545,0.9036,0.4338,30
2025-03-03,2025-03-07,volume_top5,4,半導体部材・部品,18.5572,2.0401,0.5634,111
2025-03-03,2025-03-07,volume_top5,5,データベース,17.2724,-1.0046,0.6212,39
2025-03-03,2025-03-07,volume_bottom5,1,地方銀行,-23.5401,2.1136,0.9523,69
2025-03-03,2025-03-07,volume_bottom5,2,レアメタル,-8.6013,2.2431,0.9191,50
2025-03-03,2025-03-07,volume_bottom5,3,円高メリット,-1.0114,2.3528,1.016,56
2025-03-03,2025-03-07,volume_bottom5,4,データ分析・解析,5.6442,0.0,0.6886,112
2025-03-03,2025-03-07,volume_bottom5,5,人工知能,10.0097,0.0,0.6723,347
2025-03-03,2025-03-07,return_top5,1,レアアース,41.0514,2.6837,0.2411,37
2025-03-03,2025-03-07,return_top5,2,円高メリット,-1.0114,2.3528,1.016,56
2025-03-03,2025-03-07,return_top5,3,レアメタル,-8.6013,2.2431,0.9191,50
2025-03-03,2025-03-07,return_top5,4,地方銀行,-23.5401,2.1136,0.9523,69
2025-03-03,2025-03-07,return_top5,5,半導体部材・部品,18.5572,2.0401,0.5634,111
2025-03-03,2025-03-07,return_bottom5,1,データベース,17.2724,-1.0046,0.6212,39
2025-03-03,2025-03-07,return_bottom5,2,人工知能,10.0097,0.0,0.6723,347
2025-03-03,2025-03-07,return_bottom5,3,データ分析・解析,5.6442,0.0,0.6886,112
2025-03-03,2025-03-07,return_bottom5,4,半導体,13.0344,0.1125,0.7282,109
2025-03-03,2025-03-07,return_bottom5,5,フィジカルAI,68.8247,0.391,0.0,47
2025-03-10,2025-03-14,volume_top5,1,地方銀行,28.7648,0.9523,6.0102,69
2025-03-10,2025-03-14,volume_top5,2,データベース,22.5885,0.6212,1.7661,39
2025-03-10,2025-03-14,volume_top5,3,円高メリット,8.2667,1.016,2.1992,56
2025-03-10,2025-03-14,volume_top5,4,人工知能,1.6691,0.6723,1.3437,347
2025-03-10,2025-03-14,volume_top5,5,半導体製造装置,1.47,0.3065,1.6164,197
2025-03-10,2025-03-14,volume_bottom5,1,レアアース,-27.8222,0.2411,3.2826,37
2025-03-10,2025-03-14,volume_bottom5,2,半導体商社,-15.8174,0.3103,1.6525,20
2025-03-10,2025-03-14,volume_bottom5,3,フィジカルAI,-10.4716,0.0,1.85,47
2025-03-10,2025-03-14,volume_bottom5,4,TOPIXコア30,-9.4383,0.4338,3.4293,30
2025-03-10,2025-03-14,volume_bottom5,5,半導体部材・部品,-8.0976,0.5634,1.8453,111
2025-03-10,2025-03-14,return_top5,1,円高メリット,8.2667,1.016,2.1992,56
2025-03-10,2025-03-14,return_top5,2,地方銀行,28.7648,0.9523,6.0102,69
2025-03-10,2025-03-14,return_top5,3,レアメタル,-4.4928,0.9191,2.236,50
2025-03-10,2025-03-14,return_top5,4,半導体,-0.2891,0.7282,1.2096,109
2025-03-10,2025-03-14,return_top5,5,データ分析・解析,-1.3496,0.6886,0.7153,112
2025-03-10,2025-03-14,return_bottom5,1,フィジカルAI,-10.4716,0.0,1.85,47
2025-03-10,2025-03-14,return_bottom5,2,レアアース,-27.8222,0.2411,3.2826,37
2025-03-10,2025-03-14,return_bottom5,3,半導体製造装置,1.47,0.3065,1.6164,197
2025-03-10,2025-03-14,return_bottom5,4,半導体商社,-15.8174,0.3103,1.6525,20
2025-03-10,2025-03-14,return_bottom5,5,TOPIXコア30,-9.4383,0.4338,3.4293,30
2025-03-17,2025-03-21,volume_top5,1,レアメタル,45.009,2.236,-0.4742,50
2025-03-17,2025-03-21,volume_top5,2,レアアース,7.2856,3.2826,-0.4742,37
2025-03-17,2025-03-21,volume_top5,3,半導体部材・部品,0.5537,1.8453,-0.4708,111
2025-03-17,2025-03-21,volume_top5,4,半導体商社,0.0589,1.6525,0.1249,20
2025-03-17,2025-03-21,volume_top5,5,TOPIXコア30,-1.5803,3.4293,-0.202,30
2025-03-17,2025-03-21,volume_bottom5,1,半導体製造装置,-28.0638,1.6164,-1.0119,197
2025-03-17,2025-03-21,volume_bottom5,2,人工知能,-17.9802,1.3437,0.0263,347
2025-03-17,2025-03-21,volume_bottom5,3,地方銀行,-14.9559,6.0102,0.3874,69
2025-03-17,2025-03-21,volume_bottom5,4,データセンター,-14.3299,1.6343,-0.4795,148
2025-03-17,2025-03-21,volume_bottom5,5,データベース,-12.7285,1.7661,0.0,39
2025-03-17,2025-03-21,return_top5,1,地方銀行,-14.9559,6.0102,0.3874,69
2025-03-17,2025-03-21,return_top5,2,TOPIXコア30,-1.5803,3.4293,-0.202,30
2025-03-17,2025-03-21,return_top5,3,レアアース,7.2856,3.2826,-0.4742,37
2025-03-17,2025-03-21,return_top5,4,レアメタル,45.009,2.236,-0.4742,50
2025-03-17,2025-03-21,return_top5,5,円高メリット,-2.1141,2.1992,-0.1456,56
2025-03-17,2025-03-21,return_bottom5,1,データ分析・解析,-4.8384,0.7153,0.0,112
2025-03-17,2025-03-21,return_bottom5,2,半導体,-7.2383,1.2096,-0.9555,109
2025-03-17,2025-03-21,return_bottom5,3,人工知能,-17.9802,1.3437,0.0263,347
2025-03-17,2025-03-21,return_bottom5,4,半導体製造装置,-28.0638,1.6164,-1.0119,197
2025-03-17,2025-03-21,return_bottom5,5,データセンター,-14.3299,1.6343,-0.4795,148
2025-03-24,2025-03-28,volume_top5,1,半導体商社,40.3231,0.1249,-11.9449,20
2025-03-24,2025-03-28,volume_top5,2,データベース,29.5309,0.0,-10.1669,39
2025-03-24,2025-03-28,volume_top5,3,人工知能,27.4371,0.0263,-10.7018,348
2025-03-24,2025-03-28,volume_top5,4,地方銀行,25.0674,0.3874,-17.0486,69
2025-03-24,2025-03-28,volume_top5,5,半導体製造装置,21.079,-1.0119,-12.6065,197
2025-03-24,2025-03-28,volume_bottom5,1,レアアース,-15.0173,-0.4742,-11.8537,37
2025-03-24,2025-03-28,volume_bottom5,2,レアメタル,-12.1425,-0.4742,-12.158,51
2025-03-24,2025-03-28,volume_bottom5,3,円高メリット,-10.586,-0.1456,-6.4891,56
2025-03-24,2025-03-28,volume_bottom5,4,TOPIXコア30,-4.3699,-0.202,-9.5639,30
2025-03-24,2025-03-28,volume_bottom5,5,半導体部材・部品,-0.1971,-0.4708,-11.9015,112
2025-03-24,2025-03-28,return_top5,1,地方銀行,25.0674,0.3874,-17.0486,69
2025-03-24,2025-03-28,return_top5,2,半導体商社,40.3231,0.1249,-11.9449,20
2025-03-24,2025-03-28,return_top5,3,人工知能,27.4371,0.0263,-10.7018,348
2025-03-24,2025-03-28,return_top5,4,データベース,29.5309,0.0,-10.1669,39
2025-03-24,2025-03-28,return_top5,5,データ分析・解析,11.2226,0.0,-11.5615,113
2025-03-24,2025-03-28,return_bottom5,1,半導体製造装置,21.079,-1.0119,-12.6065,197
2025-03-24,2025-03-28,return_bottom5,2,半導体,3.1185,-0.9555,-13.3212,110
2025-03-24,2025-03-28,return_bottom5,3,データセンター,7.7223,-0.4795,-10.7976,148
2025-03-24,2025-03-28,return_bottom5,4,レアメタル,-12.1425,-0.4742,-12.158,51
2025-03-24,2025-03-28,return_bottom5,5,レアアース,-15.0173,-0.4742,-11.8537,37
2025-03-31,2025-04-04,volume_top5,1,TOPIXコア30,55.3363,-9.5639,0.036,30
2025-03-31,2025-04-04,volume_top5,2,レアアース,48.1718,-11.8537,0.298,37
2025-03-31,2025-04-04,volume_top5,3,半導体製造装置,33.8609,-12.6065,0.1428,197
2025-03-31,2025-04-04,volume_top5,4,人工知能,31.2733,-10.7018,1.6742,349
2025-03-31,2025-04-04,volume_top5,5,フィジカルAI,29.3173,-12.2799,0.4439,48
2025-03-31,2025-04-04,volume_bottom5,1,データベース,0.4345,-10.1669,0.6556,40
2025-03-31,2025-04-04,volume_bottom5,2,半導体商社,2.5328,-11.9449,-0.4209,20
2025-03-31,2025-04-04,volume_bottom5,3,データセンター,19.9196,-10.7976,1.2037,148
2025-03-31,2025-04-04,volume_bottom5,4,レアメタル,20.5151,-12.158,-0.1552,51
2025-03-31,2025-04-04,volume_bottom5,5,データ分析・解析,21.5155,-11.5615,1.8524,114
2025-03-31,2025-04-04,return_top5,1,円高メリット,26.5462,-6.4891,0.8103,56
2025-03-31,2025-04-04,return_top5,2,TOPIXコア30,55.3363,-9.5639,0.036,30
2025-03-31,2025-04-04,return_top5,3,データベース,0.4345,-10.1669,0.6556,40
2025-03-31,2025-04-04,return_top5,4,人工知能,31.2733,-10.7018,1.6742,349
2025-03-31,2025-04-04,return_top5,5,データセンター,19.9196,-10.7976,1.2037,148
2025-03-31,2025-04-04,return_bottom5,1,地方銀行,27.3857,-17.0486,-0.4462,69
2025-03-31,2025-04-04,return_bottom5,2,半導体,27.6299,-13.3212,-0.3439,110
2025-03-31,2025-04-04,return_bottom5,3,半導体製造装置,33.8609,-12.6065,0.1428,197
2025-03-31,2025-04-04,return_bottom5,4,フィジカルAI,29.3173,-12.2799,0.4439,48
2025-03-31,2025-04-04,return_bottom5,5,レアメタル,20.5151,-12.158,-0.1552,51
2025-04-07,2025-04-11,volume_top5,1,TOPIXコア30,27.5735,0.036,3.4606,30
2025-04-07,2025-04-11,volume_top5,2,半導体部材・部品,26.6565,-1.1495,3.371,112
2025-04-07,2025-04-11,volume_top5,3,半導体製造装置,25.1675,0.1428,3.0374,197
2025-04-07,2025-04-11,volume_top5,4,円高メリット,21.8158,0.8103,3.6419,56
2025-04-07,2025-04-11,volume_top5,5,フィジカルAI,20.0195,0.4439,3.0991,48
2025-04-07,2025-04-11,volume_bottom5,1,データセンター,5.3811,1.2037,3.1579,148
2025-04-07,2025-04-11,volume_bottom5,2,半導体商社,8.3869,-0.4209,5.2668,20
2025-04-07,2025-04-11,volume_bottom5,3,地方銀行,9.1619,-0.4462,6.7332,69
2025-04-07,2025-04-11,volume_bottom5,4,データベース,9.5231,0.6556,4.7053,40
2025-04-07,2025-04-11,volume_bottom5,5,人工知能,11.4587,1.6742,3.6542,349
2025-04-07,2025-04-11,return_top5,1,データ分析・解析,16.2145,1.8524,4.3557,114
2025-04-07,2025-04-11,return_top5,2,人工知能,11.4587,1.6742,3.6542,349
2025-04-07,2025-04-11,return_top5,3,データセンター,5.3811,1.2037,3.1579,148
2025-04-07,2025-04-11,return_top5,4,円高メリット,21.8158,0.8103,3.6419,56
2025-04-07,2025-04-11,return_top5,5,データベース,9.5231,0.6556,4.7053,40
2025-04-07,2025-04-11,return_bottom5,1,半導体部材・部品,26.6565,-1.1495,3.371,112
2025-04-07,2025-04-11,return_bottom5,2,地方銀行,9.1619,-0.4462,6.7332,69
2025-04-07,2025-04-11,return_bottom5,3,半導体商社,8.3869,-0.4209,5.2668,20
2025-04-07,2025-04-11,return_bottom5,4,半導体,15.7422,-0.3439,2.1479,110
2025-04-07,2025-04-11,return_bottom5,5,レアメタル,15.1792,-0.1552,3.3942,51
2025-04-14,2025-04-18,volume_top5,1,データ分析・解析,-9.8588,4.3557,1.1905,114
2025-04-14,2025-04-18,volume_top5,2,フィジカルAI,-14.3488,3.0991,3.5598,48
2025-04-14,2025-04-18,volume_top5,3,データベース,-16.6063,4.7053,1.582,40
2025-04-14,2025-04-18,volume_top5,4,データセンター,-18.5909,3.1579,2.2231,148
2025-04-14,2025-04-18,volume_top5,5,円高メリット,-39.6877,3.6419,0.8645,56
2025-04-14,2025-04-18,volume_bottom5,1,レアメタル,-55.214,3.3942,2.5392,51
2025-04-14,2025-04-18,volume_bottom5,2,地方銀行,-54.2793,6.7332,2.7465,69
2025-04-14,2025-04-18,volume_bottom5,3,レアアース,-53.7884,3.8731,2.6914,37
2025-04-14,2025-04-18,volume_bottom5,4,半導体部材・部品,-51.6575,3.371,2.7028,112
2025-04-14,2025-04-18,volume_bottom5,5,TOPIXコア30,-50.883,3.4606,3.705,30
2025-04-14,2025-04-18,return_top5,1,地方銀行,-54.2793,6.7332,2.7465,69
2025-04-14,2025-04-18,return_top5,2,半導体商社,-49.468,5.2668,3.2012,20
2025-04-14,2025-04-18,return_top5,3,データベース,-16.6063,4.7053,1.582,40
2025-04-14,2025-04-18,return_top5,4,データ分析・解析,-9.8588,4.3557,1.1905,114
2025-04-14,2025-04-18,return_top5,5,レアアース,-53.7884,3.8731,2.6914,37
2025-04-14,2025-04-18,return_bottom5,1,半導体,-42.0613,2.1479,4.6276,110
2025-04-14,2025-04-18,return_bottom5,2,半導体製造装置,-39.8921,3.0374,3.5087,197
2025-04-14,2025-04-18,return_bottom5,3,フィジカルAI,-14.3488,3.0991,3.5598,48
2025-04-14,2025-04-18,return_bottom5,4,データセンター,-18.5909,3.1579,2.2231,148
2025-04-14,2025-04-18,return_bottom5,5,半導体部材・部品,-51.6575,3.371,2.7028,112
2025-04-21,2025-04-25,volume_top5,1,データベース,95.8941,1.582,0.4755,40
2025-04-21,2025-04-25,volume_top5,2,円高メリット,23.9093,0.8645,-0.1903,56
2025-04-21,2025-04-25,volume_top5,3,レアアース,12.9042,2.6914,-0.2906,37
2025-04-21,2025-04-25,volume_top5,4,人工知能,12.8685,1.1058,0.4246,349
2025-04-21,2025-04-25,volume_top5,5,データ分析・解析,10.1567,1.1905,-0.569,114
2025-04-21,2025-04-25,volume_bottom5,1,フィジカルAI,-13.9186,3.5598,1.2586,48
2025-04-21,2025-04-25,volume_bottom5,2,半導体製造装置,-3.1694,3.5087,0.6084,197
2025-04-21,2025-04-25,volume_bottom5,3,TOPIXコア30,-2.9787,3.705,2.7118,30
2025-04-21,2025-04-25,volume_bottom5,4,半導体部材・部品,-0.1649,2.7028,0.2891,112
2025-04-21,2025-04-25,volume_bottom5,5,半導体,0.9468,4.6276,0.5402,110
2025-04-21,2025-04-25,return_top5,1,半導体,0.9468,4.6276,0.5402,110
2025-04-21,2025-04-25,return_top5,2,TOPIXコア30,-2.9787,3.705,2.7118,30
2025-04-21,2025-04-25,return_top5,3,フィジカルAI,-13.9186,3.5598,1.2586,48
2025-04-21,2025-04-25,return_top5,4,半導体製造装置,-3.1694,3.5087,0.6084,197
2025-04-21,2025-04-25,return_top5,5,半導体商社,8.8776,3.2012,0.1091,20
2025-04-21,2025-04-25,return_bottom5,1,円高メリット,23.9093,0.8645,-0.1903,56
2025-04-21,2025-04-25,return_bottom5,2,人工知能,12.8685,1.1058,0.4246,349
2025-04-21,2025-04-25,return_bottom5,3,データ分析・解析,10.1567,1.1905,-0.569,114
2025-04-21,2025-04-25,return_bottom5,4,データベース,95.8941,1.582,0.4755,40
2025-04-21,2025-04-25,return_bottom5,5,データセンター,6.6881,2.2231,1.6082,148
2025-04-28,2025-05-02,volume_top5,1,レアメタル,35.8722,0.1548,1.7037,51
2025-04-28,2025-05-02,volume_top5,2,レアアース,34.3369,-0.2906,1.3848,37
2025-04-28,2025-05-02,volume_top5,3,半導体商社,27.2441,0.1091,1.4726,20
2025-04-28,2025-05-02,volume_top5,4,半導体,10.332,0.5402,1.8569,110
2025-04-28,2025-05-02,volume_top5,5,地方銀行,4.3966,-1.543,3.4698,69
2025-04-28,2025-05-02,volume_bottom5,1,データベース,-50.9624,0.4755,2.3723,40
2025-04-28,2025-05-02,volume_bottom5,2,フィジカルAI,-31.9565,1.2586,0.6816,48
2025-04-28,2025-05-02,volume_bottom5,3,データ分析・解析,-25.7265,-0.569,1.6684,114
2025-04-28,2025-05-02,volume_bottom5,4,データセンター,-21.6515,1.6082,1.9507,148
2025-04-28,2025-05-02,volume_bottom5,5,人工知能,-17.1439,0.4246,1.4829,349
2025-04-28,2025-05-02,return_top5,1,TOPIXコア30,-3.7423,2.7118,1.6642,30
2025-04-28,2025-05-02,return_top5,2,データセンター,-21.6515,1.6082,1.9507,148
2025-04-28,2025-05-02,return_top5,3,フィジカルAI,-31.9565,1.2586,0.6816,48
2025-04-28,2025-05-02,return_top5,4,半導体製造装置,-0.5998,0.6084,1.6104,197
2025-04-28,2025-05-02,return_top5,5,半導体,10.332,0.5402,1.8569,110
2025-04-28,2025-05-02,return_bottom5,1,地方銀行,4.3966,-1.543,3.4698,69
2025-04-28,2025-05-02,return_bottom5,2,データ分析・解析,-25.7265,-0.569,1.6684,114
2025-04-28,2025-05-02,return_bottom5,3,レアアース,34.3369,-0.2906,1.3848,37
2025-04-28,2025-05-02,return_bottom5,4,円高メリット,-11.7673,-0.1903,1.0308,56
2025-04-28,2025-05-02,return_bottom5,5,半導体商社,27.2441,0.1091,1.4726,20
2025-05-05,2025-05-09,volume_top5,1,フィジカルAI,29.4714,0.6816,2.0814,48
2025-05-05,2025-05-09,volume_top5,2,人工知能,-5.458,1.4829,1.2378,349
2025-05-05,2025-05-09,volume_top5,3,TOPIXコア30,-12.2274,1.6642,0.5561,30
2025-05-05,2025-05-09,volume_top5,4,データセンター,-14.7799,1.9507,0.9504,148
2025-05-05,2025-05-09,volume_top5,5,データベース,-18.8822,2.3723,0.9552,40
2025-05-05,2025-05-09,volume_bottom5,1,データ分析・解析,-41.9677,1.6684,1.2509,114
2025-05-05,2025-05-09,volume_bottom5,2,レアアース,-39.1704,1.3848,1.0456,37
2025-05-05,2025-05-09,volume_bottom5,3,円高メリット,-37.5178,1.0308,-2.0886,56
2025-05-05,2025-05-09,volume_bottom5,4,半導体,-35.4347,1.8569,2.2372,110
2025-05-05,2025-05-09,volume_bottom5,5,レアメタル,-33.6896,1.7037,1.2079,51
2025-05-05,2025-05-09,return_top5,1,地方銀行,-19.1924,3.4698,0.2351,69
2025-05-05,2025-05-09,return_top5,2,データベース,-18.8822,2.3723,0.9552,40
2025-05-05,2025-05-09,return_top5,3,データセンター,-14.7799,1.9507,0.9504,148
2025-05-05,2025-05-09,return_top5,4,半導体,-35.4347,1.8569,2.2372,110
2025-05-05,2025-05-09,return_top5,5,レアメタル,-33.6896,1.7037,1.2079,51
2025-05-05,2025-05-09,return_bottom5,1,フィジカルAI,29.4714,0.6816,2.0814,48
2025-05-05,2025-05-09,return_bottom5,2,円高メリット,-37.5178,1.0308,-2.0886,56
2025-05-05,2025-05-09,return_bottom5,3,半導体部材・部品,-25.5799,1.2599,0.0381,112
2025-05-05,2025-05-09,return_bottom5,4,レアアース,-39.1704,1.3848,1.0456,37
2025-05-05,2025-05-09,return_bottom5,5,半導体商社,-23.9658,1.4726,2.6021,20
2025-05-12,2025-05-16,volume_top5,1,データ分析・解析,166.8116,1.2509,-0.5756,114
2025-05-12,2025-05-16,volume_top5,2,半導体部材・部品,138.9031,0.0381,-0.5814,112
2025-05-12,2025-05-16,volume_top5,3,データベース,124.0575,0.9552,-1.1212,40
2025-05-12,2025-05-16,volume_top5,4,地方銀行,121.0192,0.2351,1.7119,69
2025-05-12,2025-05-16,volume_top5,5,半導体製造装置,107.102,1.1297,-0.4016,197
2025-05-12,2025-05-16,volume_bottom5,1,フィジカルAI,30.521,2.0814,-0.034,48
2025-05-12,2025-05-16,volume_bottom5,2,半導体商社,36.1585,2.6021,-0.9723,20
2025-05-12,2025-05-16,volume_bottom5,3,TOPIXコア30,40.0979,0.5561,-0.5017,30
2025-05-12,2025-05-16,volume_bottom5,4,人工知能,44.0008,1.2378,-0.4194,349
2025-05-12,2025-05-16,volume_bottom5,5,レアメタル,45.4115,1.2079,-0.6631,51
2025-05-12,2025-05-16,return_top5,1,半導体商社,36.1585,2.6021,-0.9723,20
2025-05-12,2025-05-16,return_top5,2,半導体,88.9411,2.2372,-1.1092,110
2025-05-12,2025-05-16,return_top5,3,フィジカルAI,30.521,2.0814,-0.034,48
2025-05-12,2025-05-16,return_top5,4,データ分析・解析,166.8116,1.2509,-0.5756,114
2025-05-12,2025-05-16,return_top5,5,人工知能,44.0008,1.2378,-0.4194,349
2025-05-12,2025-05-16,return_bottom5,1,円高メリット,81.2542,-2.0886,-1.1914,56
2025-05-12,2025-05-16,return_bottom5,2,半導体部材・部品,138.9031,0.0381,-0.5814,112
2025-05-12,2025-05-16,return_bottom5,3,地方銀行,121.0192,0.2351,1.7119,69
2025-05-12,2025-05-16,return_bottom5,4,TOPIXコア30,40.0979,0.5561,-0.5017,30
2025-05-12,2025-05-16,return_bottom5,5,データセンター,65.5912,0.9504,-0.7059,148
2025-05-19,2025-05-23,volume_top5,1,データ分析・解析,24.8271,-0.5756,2.7292,114
2025-05-19,2025-05-23,volume_top5,2,人工知能,-8.5665,-0.4194,2.3256,349
2025-05-19,2025-05-23,volume_top5,3,データセンター,-11.257,-0.7059,2.4066,148
2025-05-19,2025-05-23,volume_top5,4,TOPIXコア30,-14.0065,-0.5017,2.6377,30
2025-05-19,2025-05-23,volume_top5,5,半導体商社,-14.9877,-0.9723,3.3462,20
2025-05-19,2025-05-23,volume_bottom5,1,地方銀行,-38.907,1.7119,1.7543,69
2025-05-19,2025-05-23,volume_bottom5,2,半導体製造装置,-30.9478,-0.4016,2.5003,197
2025-05-19,2025-05-23,volume_bottom5,3,レアアース,-27.5009,-0.6152,2.1472,37
2025-05-19,2025-05-23,volume_bottom5,4,レアメタル,-27.0072,-0.6631,1.8027,51
2025-05-19,2025-05-23,volume_bottom5,5,データベース,-25.3159,-1.1212,0.9489,40
2025-05-19,2025-05-23,return_top5,1,地方銀行,-38.907,1.7119,1.7543,69
2025-05-19,2025-05-23,return_top5,2,フィジカルAI,-17.6595,-0.034,2.7875,48
2025-05-19,2025-05-23,return_top5,3,半導体製造装置,-30.9478,-0.4016,2.5003,197
2025-05-19,2025-05-23,return_top5,4,人工知能,-8.5665,-0.4194,2.3256,349
2025-05-19,2025-05-23,return_top5,5,TOPIXコア30,-14.0065,-0.5017,2.6377,30
2025-05-19,2025-05-23,return_bottom5,1,円高メリット,-22.2362,-1.1914,0.9262,56
2025-05-19,2025-05-23,return_bottom5,2,データベース,-25.3159,-1.1212,0.9489,40
2025-05-19,2025-05-23,return_bottom5,3,半導体,-20.7124,-1.1092,2.3383,110
2025-05-19,2025-05-23,return_bottom5,4,半導体商社,-14.9877,-0.9723,3.3462,20
2025-05-19,2025-05-23,return_bottom5,5,データセンター,-11.257,-0.7059,2.4066,148
2025-05-26,2025-05-30,volume_top5,1,半導体部材・部品,31.7144,2.4903,-0.7543,112
2025-05-26,2025-05-30,volume_top5,2,フィジカルAI,17.9304,2.7875,-1.1863,48
2025-05-26,2025-05-30,volume_top5,3,レアメタル,17.3373,1.8027,0.3888,51
2025-05-26,2025-05-30,volume_top5,4,半導体,13.7682,2.3383,-0.4428,110
2025-05-26,2025-05-30,volume_top5,5,円高メリット,8.7421,0.9262,-0.5826,56
2025-05-26,2025-05-30,volume_bottom5,1,データ分析・解析,-17.2051,2.7292,-0.5247,114
2025-05-26,2025-05-30,volume_bottom5,2,地方銀行,-9.2303,1.7543,-0.1615,69
2025-05-26,2025-05-30,volume_bottom5,3,レアアース,-7.6351,2.1472,0.0,37
2025-05-26,2025-05-30,volume_bottom5,4,半導体商社,-7.223,3.3462,0.0187,20
2025-05-26,2025-05-30,volume_bottom5,5,データベース,3.2623,0.9489,0.4041,40
2025-05-26,2025-05-30,return_top5,1,半導体商社,-7.223,3.3462,0.0187,20
2025-05-26,2025-05-30,return_top5,2,フィジカルAI,17.9304,2.7875,-1.1863,48
2025-05-26,2025-05-30,return_top5,3,データ分析・解析,-17.2051,2.7292,-0.5247,114
2025-05-26,2025-05-30,return_top5,4,TOPIXコア30,6.435,2.6377,-1.9502,30
2025-05-26,2025-05-30,return_top5,5,半導体製造装置,6.848,2.5003,-0.7971,197
2025-05-26,2025-05-30,return_bottom5,1,円高メリット,8.7421,0.9262,-0.5826,56
2025-05-26,2025-05-30,return_bottom5,2,データベース,3.2623,0.9489,0.4041,40
2025-05-26,2025-05-30,return_bottom5,3,地方銀行,-9.2303,1.7543,-0.1615,69
2025-05-26,2025-05-30,return_bottom5,4,レアメタル,17.3373,1.8027,0.3888,51
2025-05-26,2025-05-30,return_bottom5,5,レアアース,-7.6351,2.1472,0.0,37
2025-06-02,2025-06-06,volume_top5,1,データ分析・解析,13.1494,-0.5247,0.3342,114
2025-06-02,2025-06-06,volume_top5,2,データベース,8.2504,0.4041,0.6326,40
2025-06-02,2025-06-06,volume_top5,3,地方銀行,-7.6473,-0.1615,-1.0063,69
2025-06-02,2025-06-06,volume_top5,4,半導体商社,-7.9124,0.0187,-0.9779,20
2025-06-02,2025-06-06,volume_top5,5,円高メリット,-7.9371,-0.5826,-0.6319,56
2025-06-02,2025-06-06,volume_bottom5,1,フィジカルAI,-41.969,-1.1863,-0.0095,48
2025-06-02,2025-06-06,volume_bottom5,2,半導体部材・部品,-27.4226,-0.7543,-0.6681,112
2025-06-02,2025-06-06,volume_bottom5,3,TOPIXコア30,-20.872,-1.9502,-0.7885,30
2025-06-02,2025-06-06,volume_bottom5,4,データセンター,-20.6319,-0.6891,-0.0351,148
2025-06-02,2025-06-06,volume_bottom5,5,レアメタル,-18.8952,0.3888,-1.2967,51
2025-06-02,2025-06-06,return_top5,1,データベース,8.2504,0.4041,0.6326,40
2025-06-02,2025-06-06,return_top5,2,レアメタル,-18.8952,0.3888,-1.2967,51
2025-06-02,2025-06-06,return_top5,3,半導体商社,-7.9124,0.0187,-0.9779,20
2025-06-02,2025-06-06,return_top5,4,レアアース,-11.6365,0.0,-1.6122,37
2025-06-02,2025-06-06,return_top5,5,地方銀行,-7.6473,-0.1615,-1.0063,69
2025-06-02,2025-06-06,return_bottom5,1,TOPIXコア30,-20.872,-1.9502,-0.7885,30
2025-06-02,2025-06-06,return_bottom5,2,フィジカルAI,-41.969,-1.1863,-0.0095,48
2025-06-02,2025-06-06,return_bottom5,3,半導体製造装置,-15.9485,-0.7971,0.0,197
2025-06-02,2025-06-06,return_bottom5,4,半導体部材・部品,-27.4226,-0.7543,-0.6681,112
2025-06-02,2025-06-06,return_bottom5,5,人工知能,-14.4902,-0.7526,0.5212,349
2025-06-09,2025-06-13,volume_top5,1,データベース,145.4973,0.6326,0.7049,40
2025-06-09,2025-06-13,volume_top5,2,データ分析・解析,112.1197,0.3342,1.1815,114
2025-06-09,2025-06-13,volume_top5,3,半導体製造装置,21.4701,0.0,0.768,197
2025-06-09,2025-06-13,volume_top5,4,半導体,19.173,-0.2355,1.14,110
2025-06-09,2025-06-13,volume_top5,5,円高メリット,17.3705,-0.6319,0.8017,56
2025-06-09,2025-06-13,volume_bottom5,1,半導体部材・部品,-11.079,-0.6681,0.4163,112
2025-06-09,2025-06-13,volume_bottom5,2,フィジカルAI,-9.7078,-0.0095,0.0376,48
2025-06-09,2025-06-13,volume_bottom5,3,データセンター,-1.9604,-0.0351,1.3174,148
2025-06-09,2025-06-13,volume_bottom5,4,レアアース,0.0037,-1.6122,0.9893,37
2025-06-09,2025-06-13,volume_bottom5,5,地方銀行,0.8535,-1.0063,0.5062,69
2025-06-09,2025-06-13,return_top5,1,データベース,145.4973,0.6326,0.7049,40
2025-06-09,2025-06-13,return_top5,2,人工知能,5.8683,0.5212,0.9092,349
2025-06-09,2025-06-13,return_top5,3,データ分析・解析,112.1197,0.3342,1.1815,114
2025-06-09,2025-06-13,return_top5,4,半導体製造装置,21.4701,0.0,0.768,197
2025-06-09,2025-06-13,return_top5,5,フィジカルAI,-9.7078,-0.0095,0.0376,48
2025-06-09,2025-06-13,return_bottom5,1,レアアース,0.0037,-1.6122,0.9893,37
2025-06-09,2025-06-13,return_bottom5,2,レアメタル,16.5799,-1.2967,0.5381,51
2025-06-09,2025-06-13,return_bottom5,3,地方銀行,0.8535,-1.0063,0.5062,69
2025-06-09,2025-06-13,return_bottom5,4,半導体商社,16.3412,-0.9779,1.6497,20
2025-06-09,2025-06-13,return_bottom5,5,TOPIXコア30,2.3529,-0.7885,-0.2556,30
2025-06-16,2025-06-20,volume_top5,1,半導体部材・部品,74.3706,0.4163,2.0253,112
2025-06-16,2025-06-20,volume_top5,2,レアメタル,39.8917,0.5381,0.9165,51
2025-06-16,2025-06-20,volume_top5,3,レアアース,34.0927,0.9893,1.9136,37
2025-06-16,2025-06-20,volume_top5,4,円高メリット,32.9227,0.8017,0.3493,56
2025-06-16,2025-06-20,volume_top5,5,データセンター,27.9109,1.3174,1.3752,148
2025-06-16,2025-06-20,volume_bottom5,1,データベース,-60.4583,0.7049,-0.0774,40
2025-06-16,2025-06-20,volume_bottom5,2,データ分析・解析,-31.775,1.1815,-0.8987,114
2025-06-16,2025-06-20,volume_bottom5,3,フィジカルAI,-3.5782,0.0376,2.0082,48
2025-06-16,2025-06-20,volume_bottom5,4,TOPIXコア30,7.2468,-0.2556,1.8781,30
2025-06-16,2025-06-20,volume_bottom5,5,半導体商社,8.7951,1.6497,2.0558,20
2025-06-16,2025-06-20,return_top5,1,半導体商社,8.7951,1.6497,2.0558,20
2025-06-16,2025-06-20,return_top5,2,データセンター,27.9109,1.3174,1.3752,148
2025-06-16,2025-06-20,return_top5,3,データ分析・解析,-31.775,1.1815,-0.8987,114
2025-06-16,2025-06-20,return_top5,4,半導体,19.1299,1.14,3.6418,110
2025-06-16,2025-06-20,return_top5,5,レアアース,34.0927,0.9893,1.9136,37
2025-06-16,2025-06-20,return_bottom5,1,TOPIXコア30,7.2468,-0.2556,1.8781,30
2025-06-16,2025-06-20,return_bottom5,2,フィジカルAI,-3.5782,0.0376,2.0082,48
2025-06-16,2025-06-20,return_bottom5,3,半導体部材・部品,74.3706,0.4163,2.0253,112
2025-06-16,2025-06-20,return_bottom5,4,地方銀行,15.2257,0.5062,1.1033,69
2025-06-16,2025-06-20,return_bottom5,5,レアメタル,39.8917,0.5381,0.9165,51
2025-06-23,2025-06-27,volume_top5,1,データベース,97.6673,-0.0774,-2.3447,40
2025-06-23,2025-06-27,volume_top5,2,フィジカルAI,18.02,2.0082,-1.8404,48
2025-06-23,2025-06-27,volume_top5,3,レアアース,14.9896,1.9136,1.5203,37
2025-06-23,2025-06-27,volume_top5,4,半導体,11.3802,3.6418,-1.2421,110
2025-06-23,2025-06-27,volume_top5,5,半導体製造装置,9.7177,2.446,-0.9747,197
2025-06-23,2025-06-27,volume_bottom5,1,半導体部材・部品,-29.236,2.0253,0.2238,112
2025-06-23,2025-06-27,volume_bottom5,2,円高メリット,-20.6779,0.3493,1.7718,56
2025-06-23,2025-06-27,volume_bottom5,3,レアメタル,-17.9744,0.9165,0.8469,51
2025-06-23,2025-06-27,volume_bottom5,4,地方銀行,-13.2064,1.1033,1.8276,69
2025-06-23,2025-06-27,volume_bottom5,5,半導体商社,-6.4777,2.0558,-0.7963,20
2025-06-23,2025-06-27,return_top5,1,半導体,11.3802,3.6418,-1.2421,110
2025-06-23,2025-06-27,return_top5,2,半導体製造装置,9.7177,2.446,-0.9747,197
2025-06-23,2025-06-27,return_top5,3,半導体商社,-6.4777,2.0558,-0.7963,20
2025-06-23,2025-06-27,return_top5,4,半導体部材・部品,-29.236,2.0253,0.2238,112
2025-06-23,2025-06-27,return_top5,5,フィジカルAI,18.02,2.0082,-1.8404,48
2025-06-23,2025-06-27,return_bottom5,1,データ分析・解析,0.1313,-0.8987,-1.9353,114
2025-06-23,2025-06-27,return_bottom5,2,データベース,97.6673,-0.0774,-2.3447,40
2025-06-23,2025-06-27,return_bottom5,3,円高メリット,-20.6779,0.3493,1.7718,56
2025-06-23,2025-06-27,return_bottom5,4,人工知能,4.1062,0.4963,-2.1467,349
2025-06-23,2025-06-27,return_bottom5,5,レアメタル,-17.9744,0.9165,0.8469,51
2025-06-30,2025-07-04,volume_top5,1,データベース,92.0473,-2.3447,2.1601,40
2025-06-30,2025-07-04,volume_top5,2,円高メリット,52.3496,1.7718,-0.2883,56
2025-06-30,2025-07-04,volume_top5,3,地方銀行,23.0968,1.8276,3.5059,69
2025-06-30,2025-07-04,volume_top5,4,データセンター,15.5048,-0.4666,1.1207,148
2025-06-30,2025-07-04,volume_top5,5,半導体部材・部品,12.0774,0.2238,1.377,112
2025-06-30,2025-07-04,volume_bottom5,1,データ分析・解析,-31.2794,-1.9353,2.4185,115
2025-06-30,2025-07-04,volume_bottom5,2,レアアース,-13.1747,1.5203,1.1268,37
2025-06-30,2025-07-04,volume_bottom5,3,フィジカルAI,-12.9951,-1.8404,0.6004,48
2025-06-30,2025-07-04,volume_bottom5,4,半導体製造装置,-7.7181,-0.9747,0.8918,197
2025-06-30,2025-07-04,volume_bottom5,5,人工知能,-7.4551,-2.1467,2.1284,349
2025-06-30,2025-07-04,return_top5,1,地方銀行,23.0968,1.8276,3.5059,69
2025-06-30,2025-07-04,return_top5,2,円高メリット,52.3496,1.7718,-0.2883,56
2025-06-30,2025-07-04,return_top5,3,レアアース,-13.1747,1.5203,1.1268,37
2025-06-30,2025-07-04,return_top5,4,レアメタル,-5.269,0.8469,1.4795,51
2025-06-30,2025-07-04,return_top5,5,TOPIXコア30,-2.7311,0.2301,-0.6222,30
2025-06-30,2025-07-04,return_bottom5,1,データベース,92.0473,-2.3447,2.1601,40
2025-06-30,2025-07-04,return_bottom5,2,人工知能,-7.4551,-2.1467,2.1284,349
2025-06-30,2025-07-04,return_bottom5,3,データ分析・解析,-31.2794,-1.9353,2.4185,115
2025-06-30,2025-07-04,return_bottom5,4,フィジカルAI,-12.9951,-1.8404,0.6004,48
2025-06-30,2025-07-04,return_bottom5,5,半導体,-5.7931,-1.2421,1.538,110
2025-07-07,2025-07-11,volume_top5,1,データベース,92.6641,2.1601,-1.258,40
2025-07-07,2025-07-11,volume_top5,2,データ分析・解析,8.0874,2.4185,-0.6024,115
2025-07-07,2025-07-11,volume_top5,3,地方銀行,0.3992,3.5059,1.1043,69
2025-07-07,2025-07-11,volume_top5,4,TOPIXコア30,-2.4112,-0.6222,0.1954,30
2025-07-07,2025-07-11,volume_top5,5,フィジカルAI,-2.8194,0.6004,0.0487,48
2025-07-07,2025-07-11,volume_bottom5,1,半導体,-17.6822,1.538,0.0,110
2025-07-07,2025-07-11,volume_bottom5,2,半導体製造装置,-13.4959,0.8918,-0.1986,197
2025-07-07,2025-07-11,volume_bottom5,3,半導体部材・部品,-13.1258,1.377,-0.351,112
2025-07-07,2025-07-11,volume_bottom5,4,レアメタル,-12.1074,1.4795,-0.9346,51
2025-07-07,2025-07-11,volume_bottom5,5,円高メリット,-11.9084,-0.2883,0.3479,56
2025-07-07,2025-07-11,return_top5,1,地方銀行,0.3992,3.5059,1.1043,69
2025-07-07,2025-07-11,return_top5,2,データ分析・解析,8.0874,2.4185,-0.6024,115
2025-07-07,2025-07-11,return_top5,3,データベース,92.6641,2.1601,-1.258,40
2025-07-07,2025-07-11,return_top5,4,人工知能,-3.1915,2.1284,-0.5988,349
2025-07-07,2025-07-11,return_top5,5,半導体,-17.6822,1.538,0.0,110
2025-07-07,2025-07-11,return_bottom5,1,TOPIXコア30,-2.4112,-0.6222,0.1954,30
2025-07-07,2025-07-11,return_bottom5,2,円高メリット,-11.9084,-0.2883,0.3479,56
2025-07-07,2025-07-11,return_bottom5,3,フィジカルAI,-2.8194,0.6004,0.0487,48
2025-07-07,2025-07-11,return_bottom5,4,半導体製造装置,-13.4959,0.8918,-0.1986,197
2025-07-07,2025-07-11,return_bottom5,5,半導体商社,-6.1849,1.1037,-0.0084,20
2025-07-14,2025-07-18,volume_top5,1,半導体製造装置,8.661,-0.1986,2.4349,197
2025-07-14,2025-07-18,volume_top5,2,レアアース,0.5541,-1.2009,4.2948,37
2025-07-14,2025-07-18,volume_top5,3,半導体,-0.6208,0.0,2.1926,110
2025-07-14,2025-07-18,volume_top5,4,データセンター,-11.5834,0.6836,2.736,148
2025-07-14,2025-07-18,volume_top5,5,TOPIXコア30,-12.7055,0.1954,5.0123,30
2025-07-14,2025-07-18,volume_bottom5,1,データベース,-79.3876,-1.258,1.2655,40
2025-07-14,2025-07-18,volume_bottom5,2,円高メリット,-34.7393,0.3479,1.945,56
2025-07-14,2025-07-18,volume_bottom5,3,レアメタル,-20.9293,-0.9346,4.0948,51
2025-07-14,2025-07-18,volume_bottom5,4,フィジカルAI,-19.9835,0.0487,3.5836,48
2025-07-14,2025-07-18,volume_bottom5,5,地方銀行,-19.0469,1.1043,4.4032,69
2025-07-14,2025-07-18,return_top5,1,地方銀行,-19.0469,1.1043,4.4032,69
2025-07-14,2025-07-18,return_top5,2,データセンター,-11.5834,0.6836,2.736,148
2025-07-14,2025-07-18,return_top5,3,円高メリット,-34.7393,0.3479,1.945,56
2025-07-14,2025-07-18,return_top5,4,TOPIXコア30,-12.7055,0.1954,5.0123,30
2025-07-14,2025-07-18,return_top5,5,フィジカルAI,-19.9835,0.0487,3.5836,48
2025-07-14,2025-07-18,return_bottom5,1,データベース,-79.3876,-1.258,1.2655,40
2025-07-14,2025-07-18,return_bottom5,2,レアアース,0.5541,-1.2009,4.2948,37
2025-07-14,2025-07-18,return_bottom5,3,レアメタル,-20.9293,-0.9346,4.0948,51
2025-07-14,2025-07-18,return_bottom5,4,データ分析・解析,-18.8607,-0.6024,1.2426,115
2025-07-14,2025-07-18,return_bottom5,5,人工知能,-16.5702,-0.5988,1.8403,349
2025-07-21,2025-07-25,volume_top5,1,レアメタル,30.9455,4.0948,0.5691,51
2025-07-21,2025-07-25,volume_top5,2,TOPIXコア30,30.522,5.0123,-1.3312,30
2025-07-21,2025-07-25,volume_top5,3,フィジカルAI,28.5776,3.5836,1.691,48
2025-07-21,2025-07-25,volume_top5,4,半導体商社,24.9801,1.7563,1.4136,20
2025-07-21,2025-07-25,volume_top5,5,半導体部材・部品,24.7894,2.7962,1.2861,112
2025-07-21,2025-07-25,volume_bottom5,1,データ分析・解析,-20.0576,1.2426,1.4642,115
2025-07-21,2025-07-25,volume_bottom5,2,半導体製造装置,-7.8685,2.4349,1.2055,197
2025-07-21,2025-07-25,volume_bottom5,3,半導体,-6.7886,2.1926,0.655,110
2025-07-21,2025-07-25,volume_bottom5,4,データベース,-1.7725,1.2655,1.9848,40
2025-07-21,2025-07-25,volume_bottom5,5,レアアース,-0.215,4.2948,0.8175,37
2025-07-21,2025-07-25,return_top5,1,TOPIXコア30,30.522,5.0123,-1.3312,30
2025-07-21,2025-07-25,return_top5,2,地方銀行,11.0022,4.4032,-0.2568,69
2025-07-21,2025-07-25,return_top5,3,レアアース,-0.215,4.2948,0.8175,37
2025-07-21,2025-07-25,return_top5,4,レアメタル,30.9455,4.0948,0.5691,51
2025-07-21,2025-07-25,return_top5,5,フィジカルAI,28.5776,3.5836,1.691,48
2025-07-21,2025-07-25,return_bottom5,1,データ分析・解析,-20.0576,1.2426,1.4642,115
2025-07-21,2025-07-25,return_bottom5,2,データベース,-1.7725,1.2655,1.9848,40
2025-07-21,2025-07-25,return_bottom5,3,半導体商社,24.9801,1.7563,1.4136,20
2025-07-21,2025-07-25,return_bottom5,4,人工知能,2.5767,1.8403,1.5832,349
2025-07-21,2025-07-25,return_bottom5,5,円高メリット,20.2625,1.945,1.316,56
2025-07-28,2025-08-01,volume_top5,1,データベース,104.6723,1.9848,0.459,40
2025-07-28,2025-08-01,volume_top5,2,データ分析・解析,103.6234,1.4642,0.6796,116
2025-07-28,2025-08-01,volume_top5,3,円高メリット,30.0802,1.316,3.6868,56
2025-07-28,2025-08-01,volume_top5,4,半導体,23.6325,0.655,0.7558,110
2025-07-28,2025-08-01,volume_top5,5,半導体商社,23.0235,1.4136,1.2638,20
2025-07-28,2025-08-01,volume_bottom5,1,TOPIXコア30,-13.6151,-1.3312,1.9182,30
2025-07-28,2025-08-01,volume_bottom5,2,フィジカルAI,-8.6817,1.691,-0.05,48
2025-07-28,2025-08-01,volume_bottom5,3,レアアース,0.2803,0.8175,3.2366,37
2025-07-28,2025-08-01,volume_bottom5,4,データセンター,7.3455,1.7344,2.9632,148
2025-07-28,2025-08-01,volume_bottom5,5,レアメタル,10.4359,0.5691,3.2366,51
2025-07-28,2025-08-01,return_top5,1,データベース,104.6723,1.9848,0.459,40
2025-07-28,2025-08-01,return_top5,2,データセンター,7.3455,1.7344,2.9632,148
2025-07-28,2025-08-01,return_top5,3,フィジカルAI,-8.6817,1.691,-0.05,48
2025-07-28,2025-08-01,return_top5,4,人工知能,19.6671,1.5832,0.7187,349
2025-07-28,2025-08-01,return_top5,5,データ分析・解析,103.6234,1.4642,0.6796,116
2025-07-28,2025-08-01,return_bottom5,1,TOPIXコア30,-13.6151,-1.3312,1.9182,30
2025-07-28,2025-08-01,return_bottom5,2,地方銀行,11.8586,-0.2568,1.9991,69
2025-07-28,2025-08-01,return_bottom5,3,レアメタル,10.4359,0.5691,3.2366,51
2025-07-28,2025-08-01,return_bottom5,4,半導体,23.6325,0.655,0.7558,110
2025-07-28,2025-08-01,return_bottom5,5,レアアース,0.2803,0.8175,3.2366,37
2025-08-04,2025-08-08,volume_top5,1,フィジカルAI,55.926,-0.05,0.1521,48
2025-08-04,2025-08-08,volume_top5,2,半導体部材・部品,38.7458,1.4854,0.6546,112
2025-08-04,2025-08-08,volume_top5,3,人工知能,33.0351,0.7187,-0.1141,349
2025-08-04,2025-08-08,volume_top5,4,TOPIXコア30,32.0339,1.9182,1.9536,30
2025-08-04,2025-08-08,volume_top5,5,データセンター,29.5546,2.9632,0.6289,148
2025-08-04,2025-08-08,volume_bottom5,1,データベース,-42.2722,0.459,-0.634,40
2025-08-04,2025-08-08,volume_bottom5,2,データ分析・解析,-28.3469,0.6796,-0.7688,116
2025-08-04,2025-08-08,volume_bottom5,3,地方銀行,4.0018,1.9991,4.2727,69
2025-08-04,2025-08-08,volume_bottom5,4,半導体製造装置,6.5791,0.6031,0.6288,197
2025-08-04,2025-08-08,volume_bottom5,5,半導体商社,8.5133,1.2638,-0.358,20
2025-08-04,2025-08-08,return_top5,1,円高メリット,24.4678,3.6868,1.472,56
2025-08-04,2025-08-08,return_top5,2,レアアース,25.7669,3.2366,0.784,37
2025-08-04,2025-08-08,return_top5,3,レアメタル,21.1839,3.2366,0.8766,51
2025-08-04,2025-08-08,return_top5,4,データセンター,29.5546,2.9632,0.6289,148
2025-08-04,2025-08-08,return_top5,5,地方銀行,4.0018,1.9991,4.2727,69
2025-08-04,2025-08-08,return_bottom5,1,フィジカルAI,55.926,-0.05,0.1521,48
2025-08-04,2025-08-08,return_bottom5,2,データベース,-42.2722,0.459,-0.634,40
2025-08-04,2025-08-08,return_bottom5,3,半導体製造装置,6.5791,0.6031,0.6288,197
2025-08-04,2025-08-08,return_bottom5,4,データ分析・解析,-28.3469,0.6796,-0.7688,116
2025-08-04,2025-08-08,return_bottom5,5,人工知能,33.0351,0.7187,-0.1141,349
2025-08-11,2025-08-15,volume_top5,1,半導体商社,-1.9848,-0.358,1.4808,20
2025-08-11,2025-08-15,volume_top5,2,地方銀行,-12.2362,4.2727,1.9662,69
2025-08-11,2025-08-15,volume_top5,3,TOPIXコア30,-12.7653,1.9536,-1.2614,30
2025-08-11,2025-08-15,volume_top5,4,人工知能,-14.4724,-0.1141,1.1933,349
2025-08-11,2025-08-15,volume_top5,5,データ分析・解析,-15.4397,-0.7688,1.2506,116
2025-08-11,2025-08-15,volume_bottom5,1,データベース,-40.5887,-0.634,1.9284,40
2025-08-11,2025-08-15,volume_bottom5,2,レアアース,-32.9964,0.784,2.3842,37
2025-08-11,2025-08-15,volume_bottom5,3,フィジカルAI,-27.4423,0.1521,0.497,48
2025-08-11,2025-08-15,volume_bottom5,4,データセンター,-26.665,0.6289,0.9522,148
2025-08-11,2025-08-15,volume_bottom5,5,半導体部材・部品,-25.8922,0.6546,2.2336,112
2025-08-11,2025-08-15,return_top5,1,地方銀行,-12.2362,4.2727,1.9662,69
2025-08-11,2025-08-15,return_top5,2,TOPIXコア30,-12.7653,1.9536,-1.2614,30
2025-08-11,2025-08-15,return_top5,3,円高メリット,-19.8679,1.472,1.7336,56
2025-08-11,2025-08-15,return_top5,4,レアメタル,-23.2869,0.8766,2.5423,51
2025-08-11,2025-08-15,return_top5,5,レアアース,-32.9964,0.784,2.3842,37
2025-08-11,2025-08-15,return_bottom5,1,データ分析・解析,-15.4397,-0.7688,1.2506,116
2025-08-11,2025-08-15,return_bottom5,2,データベース,-40.5887,-0.634,1.9284,40
2025-08-11,2025-08-15,return_bottom5,3,半導体商社,-1.9848,-0.358,1.4808,20
2025-08-11,2025-08-15,return_bottom5,4,人工知能,-14.4724,-0.1141,1.1933,349
2025-08-11,2025-08-15,return_bottom5,5,フィジカルAI,-27.4423,0.1521,0.497,48
2025-08-18,2025-08-22,volume_top5,1,データベース,206.1831,1.9284,0.7019,40
2025-08-18,2025-08-22,volume_top5,2,データ分析・解析,61.7662,1.2506,-0.1305,116
2025-08-18,2025-08-22,volume_top5,3,半導体部材・部品,13.1386,2.2336,0.6038,112
2025-08-18,2025-08-22,volume_top5,4,人工知能,10.0486,1.1933,-0.4732,349
2025-08-18,2025-08-22,volume_top5,5,フィジカルAI,3.7197,0.497,-0.3015,48
2025-08-18,2025-08-22,volume_bottom5,1,半導体商社,-17.1685,1.4808,0.6474,20
2025-08-18,2025-08-22,volume_bottom5,2,TOPIXコア30,-11.8217,-1.2614,-2.1573,30
2025-08-18,2025-08-22,volume_bottom5,3,半導体,-9.3232,1.2026,0.814,110
2025-08-18,2025-08-22,volume_bottom5,4,半導体製造装置,-8.6528,0.4706,0.7446,197
2025-08-18,2025-08-22,volume_bottom5,5,データセンター,-4.1431,0.9522,-0.3609,148
2025-08-18,2025-08-22,return_top5,1,レアメタル,-0.8847,2.5423,1.8603,51
2025-08-18,2025-08-22,return_top5,2,レアアース,1.7637,2.3842,1.8603,37
2025-08-18,2025-08-22,return_top5,3,半導体部材・部品,13.1386,2.2336,0.6038,112
2025-08-18,2025-08-22,return_top5,4,地方銀行,0.7189,1.9662,-1.1875,69
2025-08-18,2025-08-22,return_top5,5,データベース,206.1831,1.9284,0.7019,40
2025-08-18,2025-08-22,return_bottom5,1,TOPIXコア30,-11.8217,-1.2614,-2.1573,30
2025-08-18,2025-08-22,return_bottom5,2,半導体製造装置,-8.6528,0.4706,0.7446,197
2025-08-18,2025-08-22,return_bottom5,3,フィジカルAI,3.7197,0.497,-0.3015,48
2025-08-18,2025-08-22,return_bottom5,4,データセンター,-4.1431,0.9522,-0.3609,148
2025-08-18,2025-08-22,return_bottom5,5,人工知能,10.0486,1.1933,-0.4732,349
2025-08-25,2025-08-29,volume_top5,1,データ分析・解析,38.9192,-0.1305,-0.9306,116
2025-08-25,2025-08-29,volume_top5,2,レアアース,22.5725,1.8603,2.3154,37
2025-08-25,2025-08-29,volume_top5,3,レアメタル,15.9054,1.8603,2.3815,51
2025-08-25,2025-08-29,volume_top5,4,半導体製造装置,12.469,0.7446,0.3992,197
2025-08-25,2025-08-29,volume_top5,5,半導体商社,12.1416,0.6474,1.2645,20
2025-08-25,2025-08-29,volume_bottom5,1,データベース,-63.583,0.7019,-0.7914,40
2025-08-25,2025-08-29,volume_bottom5,2,地方銀行,-6.9343,-1.1875,0.1618,69
2025-08-25,2025-08-29,volume_bottom5,3,TOPIXコア30,-3.1691,-2.1573,0.6547,30
2025-08-25,2025-08-29,volume_bottom5,4,データセンター,4.1553,-0.3609,0.1038,148
2025-08-25,2025-08-29,volume_bottom5,5,円高メリット,4.9498,-1.3744,1.7447,56
2025-08-25,2025-08-29,return_top5,1,レアアース,22.5725,1.8603,2.3154,37
2025-08-25,2025-08-29,return_top5,2,レアメタル,15.9054,1.8603,2.3815,51
2025-08-25,2025-08-29,return_top5,3,半導体,9.6586,0.814,0.24,110
2025-08-25,2025-08-29,return_top5,4,半導体製造装置,12.469,0.7446,0.3992,197
2025-08-25,2025-08-29,return_top5,5,データベース,-63.583,0.7019,-0.7914,40
2025-08-25,2025-08-29,return_bottom5,1,TOPIXコア30,-3.1691,-2.1573,0.6547,30
2025-08-25,2025-08-29,return_bottom5,2,円高メリット,4.9498,-1.3744,1.7447,56
2025-08-25,2025-08-29,return_bottom5,3,地方銀行,-6.9343,-1.1875,0.1618,69
2025-08-25,2025-08-29,return_bottom5,4,人工知能,11.3105,-0.4732,-0.873,349
2025-08-25,2025-08-29,return_bottom5,5,データセンター,4.1553,-0.3609,0.1038,148
2025-09-01,2025-09-05,volume_top5,1,データベース,31.2907,-0.7914,0.1416,40
2025-09-01,2025-09-05,volume_top5,2,レアメタル,13.9992,2.3815,-0.2073,51
2025-09-01,2025-09-05,volume_top5,3,半導体製造装置,10.3108,0.3992,1.4382,197
2025-09-01,2025-09-05,volume_top5,4,半導体部材・部品,6.4784,1.3899,0.3588,112
2025-09-01,2025-09-05,volume_top5,5,データセンター,2.7392,0.1038,1.8623,148
2025-09-01,2025-09-05,volume_bottom5,1,データ分析・解析,-33.0143,-0.9306,-0.35,116
2025-09-01,2025-09-05,volume_bottom5,2,半導体商社,-24.4065,1.2645,1.625,20
2025-09-01,2025-09-05,volume_bottom5,3,フィジカルAI,-14.4619,-0.6996,1.5439,48
2025-09-01,2025-09-05,volume_bottom5,4,レアアース,-8.196,2.3154,-0.1161,37
2025-09-01,2025-09-05,volume_bottom5,5,TOPIXコア30,-7.9169,0.6547,0.2657,30
2025-09-01,2025-09-05,return_top5,1,レアメタル,13.9992,2.3815,-0.2073,51
2025-09-01,2025-09-05,return_top5,2,レアアース,-8.196,2.3154,-0.1161,37
2025-09-01,2025-09-05,return_top5,3,円高メリット,-4.397,1.7447,0.4932,56
2025-09-01,2025-09-05,return_top5,4,半導体部材・部品,6.4784,1.3899,0.3588,112
2025-09-01,2025-09-05,return_top5,5,半導体商社,-24.4065,1.2645,1.625,20
2025-09-01,2025-09-05,return_bottom5,1,データ分析・解析,-33.0143,-0.9306,-0.35,116
2025-09-01,2025-09-05,return_bottom5,2,人工知能,-0.8563,-0.873,0.2662,349
2025-09-01,2025-09-05,return_bottom5,3,データベース,31.2907,-0.7914,0.1416,40
2025-09-01,2025-09-05,return_bottom5,4,フィジカルAI,-14.4619,-0.6996,1.5439,48
2025-09-01,2025-09-05,return_bottom5,5,データセンター,2.7392,0.1038,1.8623,148
2025-09-08,2025-09-12,volume_top5,1,レアアース,28.6944,-0.1161,0.0,37
2025-09-08,2025-09-12,volume_top5,2,半導体商社,27.275,1.625,-0.2326,20
2025-09-08,2025-09-12,volume_top5,3,半導体,20.8318,1.7005,1.0382,110
2025-09-08,2025-09-12,volume_top5,4,フィジカルAI,18.2184,1.5439,-0.1965,48
2025-09-08,2025-09-12,volume_top5,5,TOPIXコア30,14.8909,0.2657,-0.2757,30
2025-09-08,2025-09-12,volume_bottom5,1,データベース,-31.5429,0.1416,0.2969,40
2025-09-08,2025-09-12,volume_bottom5,2,データ分析・解析,-28.2583,-0.35,0.7372,116
2025-09-08,2025-09-12,volume_bottom5,3,人工知能,-10.6445,0.2662,0.3968,349
2025-09-08,2025-09-12,volume_bottom5,4,地方銀行,-9.3993,1.5846,-1.6501,69
2025-09-08,2025-09-12,volume_bottom5,5,半導体部材・部品,-8.5276,0.3588,-0.3144,112
2025-09-08,2025-09-12,return_top5,1,データセンター,-0.8263,1.8623,0.2919,148
2025-09-08,2025-09-12,return_top5,2,半導体,20.8318,1.7005,1.0382,110
2025-09-08,2025-09-12,return_top5,3,半導体商社,27.275,1.625,-0.2326,20
2025-09-08,2025-09-12,return_top5,4,地方銀行,-9.3993,1.5846,-1.6501,69
2025-09-08,2025-09-12,return_top5,5,フィジカルAI,18.2184,1.5439,-0.1965,48
2025-09-08,2025-09-12,return_bottom5,1,データ分析・解析,-28.2583,-0.35,0.7372,116
2025-09-08,2025-09-12,return_bottom5,2,レアメタル,3.7054,-0.2073,-0.2628,51
2025-09-08,2025-09-12,return_bottom5,3,レアアース,28.6944,-0.1161,0.0,37
2025-09-08,2025-09-12,return_bottom5,4,データベース,-31.5429,0.1416,0.2969,40
2025-09-08,2025-09-12,return_bottom5,5,TOPIXコア30,14.8909,0.2657,-0.2757,30
2025-09-15,2025-09-19,volume_top5,1,人工知能,8.8562,0.3968,0.0569,349
2025-09-15,2025-09-19,volume_top5,2,半導体,1.0107,1.0382,0.8605,110
2025-09-15,2025-09-19,volume_top5,3,円高メリット,-0.6857,-1.2505,1.746,56
2025-09-15,2025-09-19,volume_top5,4,半導体製造装置,-2.9135,0.4767,0.8547,197
2025-09-15,2025-09-19,volume_top5,5,地方銀行,-3.1795,-1.6501,4.1939,69
2025-09-15,2025-09-19,volume_bottom5,1,データベース,-32.3642,0.2969,0.9479,40
2025-09-15,2025-09-19,volume_bottom5,2,レアアース,-27.374,0.0,2.1404,37
2025-09-15,2025-09-19,volume_bottom5,3,半導体部材・部品,-20.7938,-0.3144,1.2976,112
2025-09-15,2025-09-19,volume_bottom5,4,データセンター,-19.9235,0.2919,0.4966,148
2025-09-15,2025-09-19,volume_bottom5,5,半導体商社,-17.3354,-0.2326,0.7865,20
2025-09-15,2025-09-19,return_top5,1,半導体,1.0107,1.0382,0.8605,110
2025-09-15,2025-09-19,return_top5,2,データ分析・解析,-9.1799,0.7372,-0.6861,116
2025-09-15,2025-09-19,return_top5,3,半導体製造装置,-2.9135,0.4767,0.8547,197
2025-09-15,2025-09-19,return_top5,4,人工知能,8.8562,0.3968,0.0569,349
2025-09-15,2025-09-19,return_top5,5,データベース,-32.3642,0.2969,0.9479,40
2025-09-15,2025-09-19,return_bottom5,1,地方銀行,-3.1795,-1.6501,4.1939,69
2025-09-15,2025-09-19,return_bottom5,2,円高メリット,-0.6857,-1.2505,1.746,56
2025-09-15,2025-09-19,return_bottom5,3,半導体部材・部品,-20.7938,-0.3144,1.2976,112
2025-09-15,2025-09-19,return_bottom5,4,TOPIXコア30,-8.6298,-0.2757,1.1706,30
2025-09-15,2025-09-19,return_bottom5,5,レアメタル,-11.245,-0.2628,2.3392,51
2025-09-22,2025-09-26,volume_top5,1,地方銀行,8.4556,4.1939,-1.8983,69
2025-09-22,2025-09-26,volume_top5,2,レアアース,2.4394,2.1404,-2.3987,37
2025-09-22,2025-09-26,volume_top5,3,TOPIXコア30,-0.1322,1.1706,-1.5359,30
2025-09-22,2025-09-26,volume_top5,4,半導体製造装置,-1.3226,0.8547,-1.2968,197
2025-09-22,2025-09-26,volume_top5,5,データベース,-2.3856,0.9479,-3.2928,40
2025-09-22,2025-09-26,volume_bottom5,1,データ分析・解析,-24.2977,-0.6861,-2.9907,116
2025-09-22,2025-09-26,volume_bottom5,2,円高メリット,-19.0534,1.746,-3.2452,56
2025-09-22,2025-09-26,volume_bottom5,3,人工知能,-15.1902,0.0569,-3.8293,349
2025-09-22,2025-09-26,volume_bottom5,4,レアメタル,-14.9728,2.3392,-1.3955,51
2025-09-22,2025-09-26,volume_bottom5,5,データセンター,-13.9807,0.4966,-2.2639,148
2025-09-22,2025-09-26,return_top5,1,地方銀行,8.4556,4.1939,-1.8983,69
2025-09-22,2025-09-26,return_top5,2,レアメタル,-14.9728,2.3392,-1.3955,51
2025-09-22,2025-09-26,return_top5,3,レアアース,2.4394,2.1404,-2.3987,37
2025-09-22,2025-09-26,return_top5,4,円高メリット,-19.0534,1.746,-3.2452,56
2025-09-22,2025-09-26,return_top5,5,半導体部材・部品,-8.8734,1.2976,-1.3094,112
2025-09-22,2025-09-26,return_bottom5,1,データ分析・解析,-24.2977,-0.6861,-2.9907,116
2025-09-22,2025-09-26,return_bottom5,2,人工知能,-15.1902,0.0569,-3.8293,349
2025-09-22,2025-09-26,return_bottom5,3,データセンター,-13.9807,0.4966,-2.2639,148
2025-09-22,2025-09-26,return_bottom5,4,半導体商社,-6.2784,0.7865,-2.2321,20
2025-09-22,2025-09-26,return_bottom5,5,半導体製造装置,-1.3226,0.8547,-1.2968,197
2025-09-29,2025-10-03,volume_top5,1,データベース,92.18,-3.2928,0.9188,40
2025-09-29,2025-10-03,volume_top5,2,半導体商社,37.7937,-2.2321,-0.7,20
2025-09-29,2025-10-03,volume_top5,3,円高メリット,37.0558,-3.2452,-0.5503,56
2025-09-29,2025-10-03,volume_top5,4,レアメタル,36.9505,-1.3955,0.6376,51
2025-09-29,2025-10-03,volume_top5,5,地方銀行,25.5051,-1.8983,-1.4306,69
2025-09-29,2025-10-03,volume_bottom5,1,レアアース,-8.0674,-2.3987,1.5543,37
2025-09-29,2025-10-03,volume_bottom5,2,半導体製造装置,-0.5682,-1.2968,0.3598,197
2025-09-29,2025-10-03,volume_bottom5,3,人工知能,0.7677,-3.8293,-0.178,350
2025-09-29,2025-10-03,volume_bottom5,4,フィジカルAI,14.6411,-1.8219,2.5842,48
2025-09-29,2025-10-03,volume_bottom5,5,半導体,15.7224,-0.7095,-0.1919,110
2025-09-29,2025-10-03,return_top5,1,半導体,15.7224,-0.7095,-0.1919,110
2025-09-29,2025-10-03,return_top5,2,半導体製造装置,-0.5682,-1.2968,0.3598,197
2025-09-29,2025-10-03,return_top5,3,半導体部材・部品,21.424,-1.3094,-0.2194,112
2025-09-29,2025-10-03,return_top5,4,レアメタル,36.9505,-1.3955,0.6376,51
2025-09-29,2025-10-03,return_top5,5,TOPIXコア30,21.8758,-1.5359,2.0722,30
2025-09-29,2025-10-03,return_bottom5,1,人工知能,0.7677,-3.8293,-0.178,350
2025-09-29,2025-10-03,return_bottom5,2,データベース,92.18,-3.2928,0.9188,40
2025-09-29,2025-10-03,return_bottom5,3,円高メリット,37.0558,-3.2452,-0.5503,56
2025-09-29,2025-10-03,return_bottom5,4,データ分析・解析,18.4779,-2.9907,-0.504,116
2025-09-29,2025-10-03,return_bottom5,5,レアアース,-8.0674,-2.3987,1.5543,37
2025-10-06,2025-10-10,volume_top5,1,フィジカルAI,40.0329,2.5842,-0.7119,48
2025-10-06,2025-10-10,volume_top5,2,レアアース,31.7429,1.5543,1.569,37
2025-10-06,2025-10-10,volume_top5,3,データセンター,28.7027,0.5026,-0.7841,148
2025-10-06,2025-10-10,volume_top5,4,半導体部材・部品,22.3566,-0.2194,-0.1326,112
2025-10-06,2025-10-10,volume_top5,5,半導体製造装置,21.1215,0.3598,-0.9172,197
2025-10-06,2025-10-10,volume_bottom5,1,データベース,-11.6,0.9188,-2.7855,40
2025-10-06,2025-10-10,volume_bottom5,2,半導体商社,-0.4676,-0.7,0.0274,20
2025-10-06,2025-10-10,volume_bottom5,3,データ分析・解析,1.9961,-0.504,-2.0484,116
2025-10-06,2025-10-10,volume_bottom5,4,地方銀行,4.2217,-1.4306,-0.7767,69
2025-10-06,2025-10-10,volume_bottom5,5,人工知能,4.7006,-0.178,-2.2016,350
2025-10-06,2025-10-10,return_top5,1,フィジカルAI,40.0329,2.5842,-0.7119,48
2025-10-06,2025-10-10,return_top5,2,TOPIXコア30,17.9436,2.0722,-0.479,30
2025-10-06,2025-10-10,return_top5,3,レアアース,31.7429,1.5543,1.569,37
2025-10-06,2025-10-10,return_top5,4,データベース,-11.6,0.9188,-2.7855,40
2025-10-06,2025-10-10,return_top5,5,レアメタル,14.8371,0.6376,0.1927,51
2025-10-06,2025-10-10,return_bottom5,1,地方銀行,4.2217,-1.4306,-0.7767,69
2025-10-06,2025-10-10,return_bottom5,2,半導体商社,-0.4676,-0.7,0.0274,20
2025-10-06,2025-10-10,return_bottom5,3,円高メリット,9.4712,-0.5503,0.5304,56
2025-10-06,2025-10-10,return_bottom5,4,データ分析・解析,1.9961,-0.504,-2.0484,116
2025-10-06,2025-10-10,return_bottom5,5,半導体部材・部品,22.3566,-0.2194,-0.1326,112
2025-10-13,2025-10-17,volume_top5,1,レアアース,-17.08,1.569,4.1749,37
2025-10-13,2025-10-17,volume_top5,2,データベース,-24.6245,-2.7855,2.0231,40
2025-10-13,2025-10-17,volume_top5,3,半導体,-25.8148,-1.0079,3.8778,110
2025-10-13,2025-10-17,volume_top5,4,半導体製造装置,-26.2831,-0.9172,3.8898,197
2025-10-13,2025-10-17,volume_top5,5,人工知能,-27.1692,-2.2016,2.6767,350
2025-10-13,2025-10-17,volume_bottom5,1,半導体部材・部品,-35.3496,-0.1326,3.4015,112
2025-10-13,2025-10-17,volume_bottom5,2,レアメタル,-34.5964,0.1927,3.0777,51
2025-10-13,2025-10-17,volume_bottom5,3,円高メリット,-34.4924,0.5304,1.4245,56
2025-10-13,2025-10-17,volume_bottom5,4,半導体商社,-34.3536,0.0274,3.9953,20
2025-10-13,2025-10-17,volume_bottom5,5,TOPIXコア30,-33.2117,-0.479,2.8857,30
2025-10-13,2025-10-17,return_top5,1,レアアース,-17.08,1.569,4.1749,37
2025-10-13,2025-10-17,return_top5,2,円高メリット,-34.4924,0.5304,1.4245,56
2025-10-13,2025-10-17,return_top5,3,レアメタル,-34.5964,0.1927,3.0777,51
2025-10-13,2025-10-17,return_top5,4,半導体商社,-34.3536,0.0274,3.9953,20
2025-10-13,2025-10-17,return_top5,5,半導体部材・部品,-35.3496,-0.1326,3.4015,112
2025-10-13,2025-10-17,return_bottom5,1,データベース,-24.6245,-2.7855,2.0231,40
2025-10-13,2025-10-17,return_bottom5,2,人工知能,-27.1692,-2.2016,2.6767,350
2025-10-13,2025-10-17,return_bottom5,3,データ分析・解析,-30.9893,-2.0484,1.9026,116
2025-10-13,2025-10-17,return_bottom5,4,半導体,-25.8148,-1.0079,3.8778,110
2025-10-13,2025-10-17,return_bottom5,5,半導体製造装置,-26.2831,-0.9172,3.8898,197
2025-10-20,2025-10-24,volume_top5,1,レアアース,137.7144,4.1749,0.0,37
2025-10-20,2025-10-24,volume_top5,2,半導体商社,125.4293,3.9953,-0.2265,20
2025-10-20,2025-10-24,volume_top5,3,フィジカルAI,42.7222,3.7253,-0.4085,48
2025-10-20,2025-10-24,volume_top5,4,データ分析・解析,31.4729,1.9026,-1.7406,117
2025-10-20,2025-10-24,volume_top5,5,レアメタル,26.1909,3.0777,-0.5226,51
2025-10-20,2025-10-24,volume_bottom5,1,地方銀行,1.5392,2.7828,1.7922,69
2025-10-20,2025-10-24,volume_bottom5,2,円高メリット,5.0198,1.4245,-2.6994,56
2025-10-20,2025-10-24,volume_bottom5,3,半導体,10.0899,3.8778,0.2892,111
2025-10-20,2025-10-24,volume_bottom5,4,半導体製造装置,12.8575,3.8898,-0.4667,198
2025-10-20,2025-10-24,volume_bottom5,5,データベース,16.1706,2.0231,-1.983,41
2025-10-20,2025-10-24,return_top5,1,レアアース,137.7144,4.1749,0.0,37
2025-10-20,2025-10-24,return_top5,2,半導体商社,125.4293,3.9953,-0.2265,20
2025-10-20,2025-10-24,return_top5,3,半導体製造装置,12.8575,3.8898,-0.4667,198
2025-10-20,2025-10-24,return_top5,4,半導体,10.0899,3.8778,0.2892,111
2025-10-20,2025-10-24,return_top5,5,フィジカルAI,42.7222,3.7253,-0.4085,48
2025-10-20,2025-10-24,return_bottom5,1,円高メリット,5.0198,1.4245,-2.6994,56
2025-10-20,2025-10-24,return_bottom5,2,データ分析・解析,31.4729,1.9026,-1.7406,117
2025-10-20,2025-10-24,return_bottom5,3,データベース,16.1706,2.0231,-1.983,41
2025-10-20,2025-10-24,return_bottom5,4,人工知能,25.3642,2.6767,-1.42,350
2025-10-20,2025-10-24,return_bottom5,5,地方銀行,1.5392,2.7828,1.7922,69
2025-10-27,2025-10-31,volume_top5,1,半導体製造装置,58.2442,-0.4667,-1.2025,198
2025-10-27,2025-10-31,volume_top5,2,地方銀行,40.5515,1.7922,0.9539,69
2025-10-27,2025-10-31,volume_top5,3,レアアース,31.1952,0.0,-0.5965,37
2025-10-27,2025-10-31,volume_top5,4,データセンター,29.7836,0.8513,-1.1243,148
2025-10-27,2025-10-31,volume_top5,5,半導体,28.1239,0.2892,-2.5604,111
2025-10-27,2025-10-31,volume_bottom5,1,データベース,-12.7417,-1.983,-1.7341,41
2025-10-27,2025-10-31,volume_bottom5,2,データ分析・解析,-1.3636,-1.7406,-1.7419,117
2025-10-27,2025-10-31,volume_bottom5,3,半導体商社,1.3018,-0.2265,-0.9455,20
2025-10-27,2025-10-31,volume_bottom5,4,フィジカルAI,6.2252,-0.4085,-1.4893,48
2025-10-27,2025-10-31,volume_bottom5,5,レアメタル,7.5118,-0.5226,-0.7517,51
2025-10-27,2025-10-31,return_top5,1,地方銀行,40.5515,1.7922,0.9539,69
2025-10-27,2025-10-31,return_top5,2,TOPIXコア30,15.7521,0.9723,-0.2436,30
2025-10-27,2025-10-31,return_top5,3,データセンター,29.7836,0.8513,-1.1243,148
2025-10-27,2025-10-31,return_top5,4,半導体,28.1239,0.2892,-2.5604,111
2025-10-27,2025-10-31,return_top5,5,レアアース,31.1952,0.0,-0.5965,37
2025-10-27,2025-10-31,return_bottom5,1,円高メリット,27.4546,-2.6994,1.2607,56
2025-10-27,2025-10-31,return_bottom5,2,データベース,-12.7417,-1.983,-1.7341,41
2025-10-27,2025-10-31,return_bottom5,3,データ分析・解析,-1.3636,-1.7406,-1.7419,117
2025-10-27,2025-10-31,return_bottom5,4,人工知能,11.7435,-1.42,-1.4854,350
2025-10-27,2025-10-31,return_bottom5,5,半導体部材・部品,20.0858,-1.4058,-1.0249,112
2025-11-03,2025-11-07,volume_top5,1,データセンター,-5.7288,-1.1243,1.1471,148
2025-11-03,2025-11-07,volume_top5,2,TOPIXコア30,-6.0017,-0.2436,1.51,30
2025-11-03,2025-11-07,volume_top5,3,半導体部材・部品,-7.193,-1.0249,1.6706,112
2025-11-03,2025-11-07,volume_top5,4,レアメタル,-7.3138,-0.7517,2.0037,51
2025-11-03,2025-11-07,volume_top5,5,人工知能,-8.3401,-1.4854,0.6004,350
2025-11-03,2025-11-07,volume_bottom5,1,レアアース,-52.7532,-0.5965,3.6924,37
2025-11-03,2025-11-07,volume_bottom5,2,データベース,-46.3118,-1.7341,-0.0424,41
2025-11-03,2025-11-07,volume_bottom5,3,データ分析・解析,-40.4383,-1.7419,0.4082,117
2025-11-03,2025-11-07,volume_bottom5,4,半導体商社,-33.7801,-0.9455,2.0607,20
2025-11-03,2025-11-07,volume_bottom5,5,半導体製造装置,-30.6078,-1.2025,0.9207,198
2025-11-03,2025-11-07,return_top5,1,円高メリット,-12.313,1.2607,3.3758,56
2025-11-03,2025-11-07,return_top5,2,地方銀行,-19.5156,0.9539,2.1867,69
2025-11-03,2025-11-07,return_top5,3,TOPIXコア30,-6.0017,-0.2436,1.51,30
2025-11-03,2025-11-07,return_top5,4,レアアース,-52.7532,-0.5965,3.6924,37
2025-11-03,2025-11-07,return_top5,5,レアメタル,-7.3138,-0.7517,2.0037,51
2025-11-03,2025-11-07,return_bottom5,1,半導体,-13.5759,-2.5604,0.3958,111
2025-11-03,2025-11-07,return_bottom5,2,データ分析・解析,-40.4383,-1.7419,0.4082,117
2025-11-03,2025-11-07,return_bottom5,3,データベース,-46.3118,-1.7341,-0.0424,41
2025-11-03,2025-11-07,return_bottom5,4,フィジカルAI,-10.3623,-1.4893,0.699,48
2025-11-03,2025-11-07,return_bottom5,5,人工知能,-8.3401,-1.4854,0.6004,350
2025-11-10,2025-11-14,volume_top5,1,データベース,53.5546,-0.0424,-1.3222,41
2025-11-10,2025-11-14,volume_top5,2,半導体部材・部品,36.9276,1.6706,-1.5676,112
2025-11-10,2025-11-14,volume_top5,3,データ分析・解析,36.8744,0.4082,-1.4095,117
2025-11-10,2025-11-14,volume_top5,4,レアアース,25.8395,3.6924,-0.6925,37
2025-11-10,2025-11-14,volume_top5,5,地方銀行,20.6123,2.1867,0.4463,69
2025-11-10,2025-11-14,volume_bottom5,1,TOPIXコア30,-7.9134,1.51,-2.6514,30
2025-11-10,2025-11-14,volume_bottom5,2,フィジカルAI,-6.2103,0.699,-2.3016,48
2025-11-10,2025-11-14,volume_bottom5,3,半導体商社,-2.1776,2.0607,-0.8864,20
2025-11-10,2025-11-14,volume_bottom5,4,半導体,-1.9252,0.3958,-2.2612,111
2025-11-10,2025-11-14,volume_bottom5,5,人工知能,1.222,0.6004,-1.4782,350
2025-11-10,2025-11-14,return_top5,1,レアアース,25.8395,3.6924,-0.6925,37
2025-11-10,2025-11-14,return_top5,2,円高メリット,17.7929,3.3758,0.8915,56
2025-11-10,2025-11-14,return_top5,3,地方銀行,20.6123,2.1867,0.4463,69
2025-11-10,2025-11-14,return_top5,4,半導体商社,-2.1776,2.0607,-0.8864,20
2025-11-10,2025-11-14,return_top5,5,レアメタル,2.4094,2.0037,-0.7135,51
2025-11-10,2025-11-14,return_bottom5,1,データベース,53.5546,-0.0424,-1.3222,41
2025-11-10,2025-11-14,return_bottom5,2,半導体,-1.9252,0.3958,-2.2612,111
2025-11-10,2025-11-14,return_bottom5,3,データ分析・解析,36.8744,0.4082,-1.4095,117
2025-11-10,2025-11-14,return_bottom5,4,人工知能,1.222,0.6004,-1.4782,350
2025-11-10,2025-11-14,return_bottom5,5,フィジカルAI,-6.2103,0.699,-2.3016,48
2025-11-17,2025-11-21,volume_top5,1,データ分析・解析,69.2118,-1.4095,1.5739,117
2025-11-17,2025-11-21,volume_top5,2,円高メリット,16.2179,0.8915,1.5617,56
2025-11-17,2025-11-21,volume_top5,3,TOPIXコア30,14.0376,-2.6514,1.6478,30
2025-11-17,2025-11-21,volume_top5,4,半導体商社,7.5509,-0.8864,4.3602,20
2025-11-17,2025-11-21,volume_top5,5,半導体,6.7979,-2.2612,4.0693,111
2025-11-17,2025-11-21,volume_bottom5,1,半導体部材・部品,-17.6447,-1.5676,3.5483,112
2025-11-17,2025-11-21,volume_bottom5,2,フィジカルAI,-10.4646,-2.3016,1.802,48
2025-11-17,2025-11-21,volume_bottom5,3,地方銀行,-2.0567,0.4463,6.0024,69
2025-11-17,2025-11-21,volume_bottom5,4,半導体製造装置,-1.304,-1.4188,3.5923,198
2025-11-17,2025-11-21,volume_bottom5,5,人工知能,2.2567,-1.4782,1.5297,350
2025-11-17,2025-11-21,return_top5,1,円高メリット,16.2179,0.8915,1.5617,56
2025-11-17,2025-11-21,return_top5,2,地方銀行,-2.0567,0.4463,6.0024,69
2025-11-17,2025-11-21,return_top5,3,レアアース,4.2886,-0.6925,4.6455,37
2025-11-17,2025-11-21,return_top5,4,レアメタル,4.0602,-0.7135,4.1391,51
2025-11-17,2025-11-21,return_top5,5,データセンター,3.7258,-0.751,2.5663,148
2025-11-17,2025-11-21,return_bottom5,1,TOPIXコア30,14.0376,-2.6514,1.6478,30
2025-11-17,2025-11-21,return_bottom5,2,フィジカルAI,-10.4646,-2.3016,1.802,48
2025-11-17,2025-11-21,return_bottom5,3,半導体,6.7979,-2.2612,4.0693,111
2025-11-17,2025-11-21,return_bottom5,4,半導体部材・部品,-17.6447,-1.5676,3.5483,112
2025-11-17,2025-11-21,return_bottom5,5,人工知能,2.2567,-1.4782,1.5297,350
2025-11-24,2025-11-28,volume_top5,1,地方銀行,-16.1085,6.0024,1.1272,69
2025-11-24,2025-11-28,volume_top5,2,レアアース,-22.5925,4.6455,-1.8995,37
2025-11-24,2025-11-28,volume_top5,3,データ分析・解析,-25.24,1.5739,-2.6046,118
2025-11-24,2025-11-28,volume_top5,4,フィジカルAI,-26.6259,1.802,1.802,48
2025-11-24,2025-11-28,volume_top5,5,円高メリット,-26.6383,1.5617,-3.1266,56
2025-11-24,2025-11-28,volume_bottom5,1,半導体製造装置,-40.5889,3.5923,-0.2561,198
2025-11-24,2025-11-28,volume_bottom5,2,データセンター,-39.2393,2.5663,-2.3969,148
2025-11-24,2025-11-28,volume_bottom5,3,半導体,-38.9137,4.0693,0.046,111
2025-11-24,2025-11-28,volume_bottom5,4,半導体部材・部品,-36.7643,3.5483,-1.0671,112
2025-11-24,2025-11-28,volume_bottom5,5,レアメタル,-34.6755,4.1391,-0.5887,51
2025-11-24,2025-11-28,return_top5,1,地方銀行,-16.1085,6.0024,1.1272,69
2025-11-24,2025-11-28,return_top5,2,レアアース,-22.5925,4.6455,-1.8995,37
2025-11-24,2025-11-28,return_top5,3,半導体商社,-27.4317,4.3602,-0.2486,20
2025-11-24,2025-11-28,return_top5,4,レアメタル,-34.6755,4.1391,-0.5887,51
2025-11-24,2025-11-28,return_top5,5,半導体,-38.9137,4.0693,0.046,111
2025-11-24,2025-11-28,return_bottom5,1,データベース,-32.8634,1.0169,-3.3601,41
2025-11-24,2025-11-28,return_bottom5,2,人工知能,-31.7737,1.5297,-2.6475,350
2025-11-24,2025-11-28,return_bottom5,3,円高メリット,-26.6383,1.5617,-3.1266,56
2025-11-24,2025-11-28,return_bottom5,4,データ分析・解析,-25.24,1.5739,-2.6046,118
2025-11-24,2025-11-28,return_bottom5,5,TOPIXコア30,-33.8631,1.6478,-0.6195,30
2025-12-01,2025-12-05,volume_top5,1,フィジカルAI,46.5751,1.802,0.9826,48
2025-12-01,2025-12-05,volume_top5,2,データベース,39.156,-3.3601,-0.7581,41
2025-12-01,2025-12-05,volume_top5,3,人工知能,33.633,-2.6475,-0.6605,350
2025-12-01,2025-12-05,volume_top5,4,データセンター,31.5321,-2.3969,1.3101,148
2025-12-01,2025-12-05,volume_top5,5,TOPIXコア30,29.8012,-0.6195,0.9191,30
2025-12-01,2025-12-05,volume_bottom5,1,レアアース,-18.1573,-1.8995,1.021,37
2025-12-01,2025-12-05,volume_bottom5,2,半導体商社,-11.1362,-0.2486,2.0646,20
2025-12-01,2025-12-05,volume_bottom5,3,データ分析・解析,4.8268,-2.6046,-1.3295,118
2025-12-01,2025-12-05,volume_bottom5,4,半導体部材・部品,8.505,-1.0671,1.8165,112
2025-12-01,2025-12-05,volume_bottom5,5,半導体,19.5752,0.046,0.1621,111
2025-12-01,2025-12-05,return_top5,1,フィジカルAI,46.5751,1.802,0.9826,48
2025-12-01,2025-12-05,return_top5,2,地方銀行,29.2659,1.1272,0.6438,69
2025-12-01,2025-12-05,return_top5,3,半導体,19.5752,0.046,0.1621,111
2025-12-01,2025-12-05,return_top5,4,半導体商社,-11.1362,-0.2486,2.0646,20
2025-12-01,2025-12-05,return_top5,5,半導体製造装置,23.3655,-0.2561,0.6132,198
2025-12-01,2025-12-05,return_bottom5,1,データベース,39.156,-3.3601,-0.7581,41
2025-12-01,2025-12-05,return_bottom5,2,円高メリット,22.6234,-3.1266,0.9715,56
2025-12-01,2025-12-05,return_bottom5,3,人工知能,33.633,-2.6475,-0.6605,350
2025-12-01,2025-12-05,return_bottom5,4,データ分析・解析,4.8268,-2.6046,-1.3295,118
2025-12-01,2025-12-05,return_bottom5,5,データセンター,31.5321,-2.3969,1.3101,148
2025-12-08,2025-12-12,volume_top5,1,データベース,50.2997,-0.7581,0.3436,41
2025-12-08,2025-12-12,volume_top5,2,半導体商社,15.3387,2.0646,-0.6807,20
2025-12-08,2025-12-12,volume_top5,3,フィジカルAI,12.2397,0.9826,-2.5636,48
2025-12-08,2025-12-12,volume_top5,4,半導体部材・部品,7.1977,1.8165,-1.1398,112
2025-12-08,2025-12-12,volume_top5,5,半導体製造装置,7.0622,0.6132,-1.1209,198
2025-12-08,2025-12-12,volume_bottom5,1,地方銀行,-22.0905,0.6438,1.9591,69
2025-12-08,2025-12-12,volume_bottom5,2,データ分析・解析,-20.7702,-1.3295,0.0,119
2025-12-08,2025-12-12,volume_bottom5,3,円高メリット,-15.2962,0.9715,1.8887,56
2025-12-08,2025-12-12,volume_bottom5,4,データセンター,-12.9688,1.3101,-0.5344,148
2025-12-08,2025-12-12,volume_bottom5,5,半導体,-7.6938,0.1621,-2.0737,111
2025-12-08,2025-12-12,return_top5,1,半導体商社,15.3387,2.0646,-0.6807,20
2025-12-08,2025-12-12,return_top5,2,半導体部材・部品,7.1977,1.8165,-1.1398,112
2025-12-08,2025-12-12,return_top5,3,レアメタル,5.5058,1.5218,-0.7797,51
2025-12-08,2025-12-12,return_top5,4,データセンター,-12.9688,1.3101,-0.5344,148
2025-12-08,2025-12-12,return_top5,5,レアアース,-7.1519,1.021,-1.5238,37
2025-12-08,2025-12-12,return_bottom5,1,データ分析・解析,-20.7702,-1.3295,0.0,119
2025-12-08,2025-12-12,return_bottom5,2,データベース,50.2997,-0.7581,0.3436,41
2025-12-08,2025-12-12,return_bottom5,3,人工知能,5.2169,-0.6605,0.203,350
2025-12-08,2025-12-12,return_bottom5,4,半導体,-7.6938,0.1621,-2.0737,111
2025-12-08,2025-12-12,return_bottom5,5,半導体製造装置,7.0622,0.6132,-1.1209,198
2025-12-15,2025-12-19,volume_top5,1,半導体商社,22.1227,-0.6807,2.7448,20
2025-12-15,2025-12-19,volume_top5,2,地方銀行,15.5409,1.9591,0.0549,69
2025-12-15,2025-12-19,volume_top5,3,レアアース,12.2705,-1.5238,3.2257,37
2025-12-15,2025-12-19,volume_top5,4,TOPIXコア30,10.9347,-1.6127,1.4155,30
2025-12-15,2025-12-19,volume_top5,5,円高メリット,9.7116,1.8887,0.6473,56
2025-12-15,2025-12-19,volume_bottom5,1,データベース,-16.5114,0.3436,0.978,41
2025-12-15,2025-12-19,volume_bottom5,2,フィジカルAI,-11.4831,-2.5636,1.2585,48
2025-12-15,2025-12-19,volume_bottom5,3,半導体製造装置,-10.0701,-1.1209,1.9299,198
2025-12-15,2025-12-19,volume_bottom5,4,半導体,-0.5852,-2.0737,3.0612,111
2025-12-15,2025-12-19,volume_bottom5,5,データセンター,-0.4518,-0.5344,0.9525,148
2025-12-15,2025-12-19,return_top5,1,地方銀行,15.5409,1.9591,0.0549,69
2025-12-15,2025-12-19,return_top5,2,円高メリット,9.7116,1.8887,0.6473,56
2025-12-15,2025-12-19,return_top5,3,データベース,-16.5114,0.3436,0.978,41
2025-12-15,2025-12-19,return_top5,4,人工知能,0.5819,0.203,0.913,350
2025-12-15,2025-12-19,return_top5,5,データ分析・解析,7.2341,0.0,0.8757,119
2025-12-15,2025-12-19,return_bottom5,1,フィジカルAI,-11.4831,-2.5636,1.2585,48
2025-12-15,2025-12-19,return_bottom5,2,半導体,-0.5852,-2.0737,3.0612,111
2025-12-15,2025-12-19,return_bottom5,3,TOPIXコア30,10.9347,-1.6127,1.4155,30
2025-12-15,2025-12-19,return_bottom5,4,レアアース,12.2705,-1.5238,3.2257,37
2025-12-15,2025-12-19,return_bottom5,5,半導体部材・部品,9.0098,-1.1398,1.9147,112
2025-12-22,2025-12-26,volume_top5,1,データ分析・解析,21.489,0.8757,0.4397,119
2025-12-22,2025-12-26,volume_top5,2,データベース,5.3453,0.978,-0.2747,41
2025-12-22,2025-12-26,volume_top5,3,レアアース,-1.4461,3.2257,0.5163,37
2025-12-22,2025-12-26,volume_top5,4,半導体製造装置,-6.0762,1.9299,0.4441,198
2025-12-22,2025-12-26,volume_top5,5,半導体,-13.3526,3.0612,0.0,111
2025-12-22,2025-12-26,volume_bottom5,1,半導体部材・部品,-36.3081,1.9147,0.4332,112
2025-12-22,2025-12-26,volume_bottom5,2,TOPIXコア30,-35.1798,1.4155,-0.5534,30
2025-12-22,2025-12-26,volume_bottom5,3,フィジカルAI,-30.0543,1.2585,-0.5146,48
2025-12-22,2025-12-26,volume_bottom5,4,円高メリット,-29.5175,0.6473,0.0402,56
2025-12-22,2025-12-26,volume_bottom5,5,地方銀行,-27.9261,0.0549,1.3555,69
2025-12-22,2025-12-26,return_top5,1,レアアース,-1.4461,3.2257,0.5163,37
2025-12-22,2025-12-26,return_top5,2,半導体,-13.3526,3.0612,0.0,111
2025-12-22,2025-12-26,return_top5,3,半導体商社,-16.4897,2.7448,0.8157,20
2025-12-22,2025-12-26,return_top5,4,レアメタル,-19.2662,2.6729,1.0338,51
2025-12-22,2025-12-26,return_top5,5,半導体製造装置,-6.0762,1.9299,0.4441,198
2025-12-22,2025-12-26,return_bottom5,1,地方銀行,-27.9261,0.0549,1.3555,69
2025-12-22,2025-12-26,return_bottom5,2,円高メリット,-29.5175,0.6473,0.0402,56
2025-12-22,2025-12-26,return_bottom5,3,データ分析・解析,21.489,0.8757,0.4397,119
2025-12-22,2025-12-26,return_bottom5,4,人工知能,-20.1809,0.913,-0.095,350
2025-12-22,2025-12-26,return_bottom5,5,データセンター,-26.6462,0.9525,0.0,148
2025-12-29,2026-01-02,volume_top5,1,レアアース,-41.1823,0.5163,6.986,37
2025-12-29,2026-01-02,volume_top5,2,データベース,-43.8997,-0.2747,2.5641,41
2025-12-29,2026-01-02,volume_top5,3,レアメタル,-50.4982,1.0338,5.7813,51
2025-12-29,2026-01-02,volume_top5,4,TOPIXコア30,-56.1107,-0.5534,3.2145,30
2025-12-29,2026-01-02,volume_top5,5,地方銀行,-57.2887,1.3555,6.1532,69
2025-12-29,2026-01-02,volume_bottom5,1,データ分析・解析,-72.111,0.4397,2.3833,120
2025-12-29,2026-01-02,volume_bottom5,2,人工知能,-64.2477,-0.095,2.441,353
2025-12-29,2026-01-02,volume_bottom5,3,半導体,-62.3373,0.0,2.731,111
2025-12-29,2026-01-02,volume_bottom5,4,円高メリット,-60.45,0.0402,1.5206,56
2025-12-29,2026-01-02,volume_bottom5,5,半導体製造装置,-59.9177,0.4441,2.9263,198
2025-12-29,2026-01-02,return_top5,1,地方銀行,-57.2887,1.3555,6.1532,69
2025-12-29,2026-01-02,return_top5,2,レアメタル,-50.4982,1.0338,5.7813,51
2025-12-29,2026-01-02,return_top5,3,半導体商社,-58.6619,0.8157,1.3937,20
2025-12-29,2026-01-02,return_top5,4,レアアース,-41.1823,0.5163,6.986,37
2025-12-29,2026-01-02,return_top5,5,半導体製造装置,-59.9177,0.4441,2.9263,198
2025-12-29,2026-01-02,return_bottom5,1,TOPIXコア30,-56.1107,-0.5534,3.2145,30
2025-12-29,2026-01-02,return_bottom5,2,フィジカルAI,-59.6349,-0.5146,3.7802,48
2025-12-29,2026-01-02,return_bottom5,3,データベース,-43.8997,-0.2747,2.5641,41
2025-12-29,2026-01-02,return_bottom5,4,人工知能,-64.2477,-0.095,2.441,353
2025-12-29,2026-01-02,return_bottom5,5,半導体,-62.3373,0.0,2.731,111
2026-01-05,2026-01-09,volume_top5,1,円高メリット,325.2754,1.5206,1.288,56
2026-01-05,2026-01-09,volume_top5,2,半導体商社,277.1652,1.3937,3.1085,20
2026-01-05,2026-01-09,volume_top5,3,半導体,265.5531,2.731,5.5157,111
2026-01-05,2026-01-09,volume_top5,4,TOPIXコア30,253.6751,3.2145,3.5439,30
2026-01-05,2026-01-09,volume_top5,5,半導体部材・部品,249.4019,2.7666,5.2167,112
2026-01-05,2026-01-09,volume_bottom5,1,レアアース,208.0232,6.986,8.353,37
2026-01-05,2026-01-09,volume_bottom5,2,人工知能,210.543,2.441,1.2232,353
2026-01-05,2026-01-09,volume_bottom5,3,データベース,216.8223,2.5641,0.689,41
2026-01-05,2026-01-09,volume_bottom5,4,地方銀行,217.3924,6.1532,6.3734,69
2026-01-05,2026-01-09,volume_bottom5,5,半導体製造装置,236.989,2.9263,6.0076,198
2026-01-05,2026-01-09,return_top5,1,レアアース,208.0232,6.986,8.353,37
2026-01-05,2026-01-09,return_top5,2,地方銀行,217.3924,6.1532,6.3734,69
2026-01-05,2026-01-09,return_top5,3,レアメタル,237.4494,5.7813,7.4302,51
2026-01-05,2026-01-09,return_top5,4,フィジカルAI,242.0029,3.7802,4.2598,48
2026-01-05,2026-01-09,return_top5,5,TOPIXコア30,253.6751,3.2145,3.5439,30
2026-01-05,2026-01-09,return_bottom5,1,半導体商社,277.1652,1.3937,3.1085,20
2026-01-05,2026-01-09,return_bottom5,2,円高メリット,325.2754,1.5206,1.288,56
2026-01-05,2026-01-09,return_bottom5,3,データセンター,240.7097,1.7353,3.6663,148
2026-01-05,2026-01-09,return_bottom5,4,データ分析・解析,242.4647,2.3833,0.8981,120
2026-01-05,2026-01-09,return_bottom5,5,人工知能,210.543,2.441,1.2232,353
2026-01-12,2026-01-16,volume_top5,1,レアメタル,22.64,7.4302,-0.2134,51
2026-01-12,2026-01-16,volume_top5,2,レアアース,13.823,8.353,-0.2493,37
2026-01-12,2026-01-16,volume_top5,3,半導体部材・部品,-0.5778,5.2167,1.3944,112
2026-01-12,2026-01-16,volume_top5,4,TOPIXコア30,-3.503,3.5439,-1.2229,30
2026-01-12,2026-01-16,volume_top5,5,半導体製造装置,-5.5828,6.0076,0.0984,198
2026-01-12,2026-01-16,volume_bottom5,1,円高メリット,-41.9209,1.288,0.8801,56
2026-01-12,2026-01-16,volume_bottom5,2,半導体商社,-27.7089,3.1085,1.0863,20
2026-01-12,2026-01-16,volume_bottom5,3,データセンター,-24.8437,3.6663,-0.5771,148
2026-01-12,2026-01-16,volume_bottom5,4,データベース,-18.4187,0.689,-1.5152,41
2026-01-12,2026-01-16,volume_bottom5,5,地方銀行,-13.1444,6.3734,1.4651,69
2026-01-12,2026-01-16,return_top5,1,レアアース,13.823,8.353,-0.2493,37
2026-01-12,2026-01-16,return_top5,2,レアメタル,22.64,7.4302,-0.2134,51
2026-01-12,2026-01-16,return_top5,3,地方銀行,-13.1444,6.3734,1.4651,69
2026-01-12,2026-01-16,return_top5,4,半導体製造装置,-5.5828,6.0076,0.0984,198
2026-01-12,2026-01-16,return_top5,5,半導体,-6.3878,5.5157,0.3744,111
2026-01-12,2026-01-16,return_bottom5,1,データベース,-18.4187,0.689,-1.5152,41
2026-01-12,2026-01-16,return_bottom5,2,データ分析・解析,-6.1866,0.8981,-1.1995,120
2026-01-12,2026-01-16,return_bottom5,3,人工知能,-6.5777,1.2232,-0.9368,353
2026-01-12,2026-01-16,return_bottom5,4,円高メリット,-41.9209,1.288,0.8801,56
2026-01-12,2026-01-16,return_bottom5,5,半導体商社,-27.7089,3.1085,1.0863,20
2026-01-19,2026-01-23,volume_top5,1,データベース,48.2769,-1.5152,-3.3299,41
2026-01-19,2026-01-23,volume_top5,2,半導体部材・部品,34.4478,1.3944,-1.4664,112
2026-01-19,2026-01-23,volume_top5,3,人工知能,31.9293,-0.9368,-3.125,353
2026-01-19,2026-01-23,volume_top5,4,データセンター,31.2295,-0.5771,-2.7979,148
2026-01-19,2026-01-23,volume_top5,5,円高メリット,29.9074,0.8801,-1.1586,56
2026-01-19,2026-01-23,volume_bottom5,1,レアメタル,-16.5516,-0.2134,-0.3806,51
2026-01-19,2026-01-23,volume_bottom5,2,データ分析・解析,-12.5309,-1.1995,-2.6636,120
2026-01-19,2026-01-23,volume_bottom5,3,TOPIXコア30,2.6208,-1.2229,-2.1941,30
2026-01-19,2026-01-23,volume_bottom5,4,半導体製造装置,8.6578,0.0984,-2.0504,198
2026-01-19,2026-01-23,volume_bottom5,5,レアアース,12.9157,-0.2493,-1.1764,37
2026-01-19,2026-01-23,return_top5,1,地方銀行,22.22,1.4651,-1.9232,69
2026-01-19,2026-01-23,return_top5,2,半導体部材・部品,34.4478,1.3944,-1.4664,112
2026-01-19,2026-01-23,return_top5,3,半導体商社,15.3215,1.0863,-2.9212,20
2026-01-19,2026-01-23,return_top5,4,円高メリット,29.9074,0.8801,-1.1586,56
2026-01-19,2026-01-23,return_top5,5,半導体,14.1005,0.3744,-2.008,111
2026-01-19,2026-01-23,return_bottom5,1,データベース,48.2769,-1.5152,-3.3299,41
2026-01-19,2026-01-23,return_bottom5,2,TOPIXコア30,2.6208,-1.2229,-2.1941,30
2026-01-19,2026-01-23,return_bottom5,3,データ分析・解析,-12.5309,-1.1995,-2.6636,120
2026-01-19,2026-01-23,return_bottom5,4,フィジカルAI,13.3391,-1.106,-4.1656,48
2026-01-19,2026-01-23,return_bottom5,5,人工知能,31.9293,-0.9368,-3.125,353
2026-01-26,2026-01-30,volume_top5,1,円高メリット,23.9637,-1.1586,3.9012,56
2026-01-26,2026-01-30,volume_top5,2,データセンター,11.6925,-2.7979,3.4441,148
2026-01-26,2026-01-30,volume_top5,3,半導体部材・部品,7.1236,-1.4664,3.4496,112
2026-01-26,2026-01-30,volume_top5,4,半導体,6.7534,-2.008,1.2861,111
2026-01-26,2026-01-30,volume_top5,5,TOPIXコア30,4.8931,-2.1941,3.8353,30
2026-01-26,2026-01-30,volume_bottom5,1,データベース,-36.6861,-3.3299,-0.6516,41
2026-01-26,2026-01-30,volume_bottom5,2,レアアース,-32.2689,-1.1764,4.062,37
2026-01-26,2026-01-30,volume_bottom5,3,データ分析・解析,-18.5964,-2.6636,-1.0348,120
2026-01-26,2026-01-30,volume_bottom5,4,レアメタル,-6.0835,-0.3806,2.7613,51
2026-01-26,2026-01-30,volume_bottom5,5,地方銀行,-3.4929,-1.9232,9.4971,69
2026-01-26,2026-01-30,return_top5,1,レアメタル,-6.0835,-0.3806,2.7613,51
2026-01-26,2026-01-30,return_top5,2,円高メリット,23.9637,-1.1586,3.9012,56
2026-01-26,2026-01-30,return_top5,3,レアアース,-32.2689,-1.1764,4.062,37
2026-01-26,2026-01-30,return_top5,4,半導体部材・部品,7.1236,-1.4664,3.4496,112
2026-01-26,2026-01-30,return_top5,5,地方銀行,-3.4929,-1.9232,9.4971,69
2026-01-26,2026-01-30,return_bottom5,1,フィジカルAI,0.4678,-4.1656,3.785,48
2026-01-26,2026-01-30,return_bottom5,2,データベース,-36.6861,-3.3299,-0.6516,41
2026-01-26,2026-01-30,return_bottom5,3,人工知能,-3.4574,-3.125,-1.0274,353
2026-01-26,2026-01-30,return_bottom5,4,半導体商社,-2.839,-2.9212,2.0661,20
2026-01-26,2026-01-30,return_bottom5,5,データセンター,11.6925,-2.7979,3.4441,148
2026-02-02,2026-02-06,volume_top5,1,データベース,79.576,-0.6516,-2.3622,41
2026-02-02,2026-02-06,volume_top5,2,半導体部材・部品,34.6532,3.4496,4.0019,112
2026-02-02,2026-02-06,volume_top5,3,地方銀行,33.0963,9.4971,3.1096,69
2026-02-02,2026-02-06,volume_top5,4,フィジカルAI,31.5249,3.785,0.3542,48
2026-02-02,2026-02-06,volume_top5,5,レアメタル,31.2902,2.7613,4.1473,51
2026-02-02,2026-02-06,volume_bottom5,1,円高メリット,-8.0202,3.9012,2.6145,56
2026-02-02,2026-02-06,volume_bottom5,2,レアアース,5.5777,4.062,6.6847,37
2026-02-02,2026-02-06,volume_bottom5,3,半導体製造装置,13.494,2.8412,3.1686,198
2026-02-02,2026-02-06,volume_bottom5,4,TOPIXコア30,20.4144,3.8353,2.4013,30
2026-02-02,2026-02-06,volume_bottom5,5,データ分析・解析,21.178,-1.0348,-1.9808,120
2026-02-02,2026-02-06,return_top5,1,地方銀行,33.0963,9.4971,3.1096,69
2026-02-02,2026-02-06,return_top5,2,レアアース,5.5777,4.062,6.6847,37
2026-02-02,2026-02-06,return_top5,3,円高メリット,-8.0202,3.9012,2.6145,56
2026-02-02,2026-02-06,return_top5,4,TOPIXコア30,20.4144,3.8353,2.4013,30
2026-02-02,2026-02-06,return_top5,5,フィジカルAI,31.5249,3.785,0.3542,48
2026-02-02,2026-02-06,return_bottom5,1,データ分析・解析,21.178,-1.0348,-1.9808,120
2026-02-02,2026-02-06,return_bottom5,2,人工知能,24.2611,-1.0274,-0.9934,353
2026-02-02,2026-02-06,return_bottom5,3,データベース,79.576,-0.6516,-2.3622,41
2026-02-02,2026-02-06,return_bottom5,4,半導体,24.7638,1.2861,3.2,111
2026-02-02,2026-02-06,return_bottom5,5,半導体商社,27.0172,2.0661,2.0303,20
2026-02-09,2026-02-13,volume_top5,1,データベース,4.7788,-2.3622,-0.5194,41
2026-02-09,2026-02-13,volume_top5,2,レアアース,2.3538,6.6847,-0.7153,37
2026-02-09,2026-02-13,volume_top5,3,データ分析・解析,-4.2153,-1.9808,-0.6225,120
2026-02-09,2026-02-13,volume_top5,4,フィジカルAI,-5.0303,0.3542,0.4522,48
2026-02-09,2026-02-13,volume_top5,5,データセンター,-6.7828,1.1019,0.5501,148
2026-02-09,2026-02-13,volume_bottom5,1,円高メリット,-18.9685,2.6145,-0.4561,56
2026-02-09,2026-02-13,volume_bottom5,2,半導体,-18.0205,3.2,2.0184,111
2026-02-09,2026-02-13,volume_bottom5,3,人工知能,-14.214,-0.9934,-0.8816,353
2026-02-09,2026-02-13,volume_bottom5,4,半導体部材・部品,-13.8929,4.0019,2.5668,112
2026-02-09,2026-02-13,volume_bottom5,5,レアメタル,-10.9322,4.1473,2.2584,51
2026-02-09,2026-02-13,return_top5,1,レアアース,2.3538,6.6847,-0.7153,37
2026-02-09,2026-02-13,return_top5,2,レアメタル,-10.9322,4.1473,2.2584,51
2026-02-09,2026-02-13,return_top5,3,半導体部材・部品,-13.8929,4.0019,2.5668,112
2026-02-09,2026-02-13,return_top5,4,半導体,-18.0205,3.2,2.0184,111
2026-02-09,2026-02-13,return_top5,5,半導体製造装置,-7.4289,3.1686,3.3347,198
2026-02-09,2026-02-13,return_bottom5,1,データベース,4.7788,-2.3622,-0.5194,41
2026-02-09,2026-02-13,return_bottom5,2,データ分析・解析,-4.2153,-1.9808,-0.6225,120
2026-02-09,2026-02-13,return_bottom5,3,人工知能,-14.214,-0.9934,-0.8816,353
2026-02-09,2026-02-13,return_bottom5,4,フィジカルAI,-5.0303,0.3542,0.4522,48
2026-02-09,2026-02-13,return_bottom5,5,データセンター,-6.7828,1.1019,0.5501,148
2026-02-16,2026-02-20,volume_top5,1,データ分析・解析,65.2388,-0.6225,3.1105,120
2026-02-16,2026-02-20,volume_top5,2,半導体製造装置,13.5324,3.3347,4.0202,198
2026-02-16,2026-02-20,volume_top5,3,円高メリット,10.0913,-0.4561,2.411,56
2026-02-16,2026-02-20,volume_top5,4,人工知能,-3.9239,-0.8816,2.322,353
2026-02-16,2026-02-20,volume_top5,5,半導体,-5.4611,2.0184,3.5901,111
2026-02-16,2026-02-20,volume_bottom5,1,フィジカルAI,-25.7988,0.4522,4.2197,48
2026-02-16,2026-02-20,volume_bottom5,2,半導体商社,-23.6214,0.3184,3.9229,20
2026-02-16,2026-02-20,volume_bottom5,3,データセンター,-23.3918,0.5501,3.7405,148
2026-02-16,2026-02-20,volume_bottom5,4,半導体部材・部品,-19.3811,2.5668,4.713,112
2026-02-16,2026-02-20,volume_bottom5,5,TOPIXコア30,-17.2052,-1.7742,2.5121,30
2026-02-16,2026-02-20,return_top5,1,半導体製造装置,13.5324,3.3347,4.0202,198
2026-02-16,2026-02-20,return_top5,2,半導体部材・部品,-19.3811,2.5668,4.713,112
2026-02-16,2026-02-20,return_top5,3,レアメタル,-16.8979,2.2584,6.0712,51
2026-02-16,2026-02-20,return_top5,4,半導体,-5.4611,2.0184,3.5901,111
2026-02-16,2026-02-20,return_top5,5,データセンター,-23.3918,0.5501,3.7405,148
2026-02-16,2026-02-20,return_bottom5,1,TOPIXコア30,-17.2052,-1.7742,2.5121,30
2026-02-16,2026-02-20,return_bottom5,2,人工知能,-3.9239,-0.8816,2.322,353
2026-02-16,2026-02-20,return_bottom5,3,レアアース,-15.227,-0.7153,6.328,37
2026-02-16,2026-02-20,return_bottom5,4,データ分析・解析,65.2388,-0.6225,3.1105,120
2026-02-16,2026-02-20,return_bottom5,5,データベース,-14.1453,-0.5194,2.4188,41
2026-02-23,2026-02-27,volume_top5,1,半導体部材・部品,29.5663,4.713,-6.0054,112
2026-02-23,2026-02-27,volume_top5,2,データセンター,11.02,3.7405,-5.0472,148
2026-02-23,2026-02-27,volume_top5,3,地方銀行,5.3686,1.5626,-7.3084,69
2026-02-23,2026-02-27,volume_top5,4,レアメタル,-0.1324,6.0712,-7.5205,51
2026-02-23,2026-02-27,volume_top5,5,半導体,-2.3563,3.5901,-6.1837,111
2026-02-23,2026-02-27,volume_bottom5,1,データ分析・解析,-31.468,3.1105,-2.2966,120
2026-02-23,2026-02-27,volume_bottom5,2,円高メリット,-24.5303,2.411,-5.1964,56
2026-02-23,2026-02-27,volume_bottom5,3,データベース,-22.6624,2.4188,-1.8774,41
2026-02-23,2026-02-27,volume_bottom5,4,レアアース,-17.5488,6.328,-9.9313,37
2026-02-23,2026-02-27,volume_bottom5,5,人工知能,-11.9737,2.322,-2.5599,353
2026-02-23,2026-02-27,return_top5,1,レアアース,-17.5488,6.328,-9.9313,37
2026-02-23,2026-02-27,return_top5,2,レアメタル,-0.1324,6.0712,-7.5205,51
2026-02-23,2026-02-27,return_top5,3,半導体部材・部品,29.5663,4.713,-6.0054,112
2026-02-23,2026-02-27,return_top5,4,フィジカルAI,-2.6129,4.2197,-6.4934,48
2026-02-23,2026-02-27,return_top5,5,半導体製造装置,-10.1289,4.0202,-5.9714,198
2026-02-23,2026-02-27,return_bottom5,1,地方銀行,5.3686,1.5626,-7.3084,69
2026-02-23,2026-02-27,return_bottom5,2,人工知能,-11.9737,2.322,-2.5599,353
2026-02-23,2026-02-27,return_bottom5,3,円高メリット,-24.5303,2.411,-5.1964,56
2026-02-23,2026-02-27,return_bottom5,4,データベース,-22.6624,2.4188,-1.8774,41
2026-02-23,2026-02-27,return_bottom5,5,TOPIXコア30,-2.9052,2.5121,-4.8554,30
2026-03-02,2026-03-06,volume_top5,1,半導体商社,65.9918,-5.681,-4.3111,20
2026-03-02,2026-03-06,volume_top5,2,レアメタル,59.2456,-7.5205,-2.9743,51
2026-03-02,2026-03-06,volume_top5,3,円高メリット,54.3769,-5.1964,-1.5677,56
2026-03-02,2026-03-06,volume_top5,4,TOPIXコア30,43.102,-4.8554,-1.4644,30
2026-03-02,2026-03-06,volume_top5,5,地方銀行,42.5416,-7.3084,-3.8462,69
2026-03-02,2026-03-06,volume_bottom5,1,データベース,2.2957,-1.8774,-2.2946,41
2026-03-02,2026-03-06,volume_bottom5,2,データ分析・解析,15.4673,-2.2966,-1.3254,120
2026-03-02,2026-03-06,volume_bottom5,3,半導体部材・部品,16.3299,-6.0054,-3.6087,112
2026-03-02,2026-03-06,volume_bottom5,4,半導体製造装置,20.7335,-5.9714,-3.7406,198
2026-03-02,2026-03-06,volume_bottom5,5,フィジカルAI,27.2091,-6.4934,-3.2096,48
2026-03-02,2026-03-06,return_top5,1,データベース,2.2957,-1.8774,-2.2946,41
2026-03-02,2026-03-06,return_top5,2,データ分析・解析,15.4673,-2.2966,-1.3254,120
2026-03-02,2026-03-06,return_top5,3,人工知能,29.1333,-2.5599,-1.9186,354
2026-03-02,2026-03-06,return_top5,4,TOPIXコア30,43.102,-4.8554,-1.4644,30
2026-03-02,2026-03-06,return_top5,5,データセンター,30.2252,-5.0472,-1.7836,148
2026-03-02,2026-03-06,return_bottom5,1,レアアース,35.746,-9.9313,-3.6857,37
2026-03-02,2026-03-06,return_bottom5,2,レアメタル,59.2456,-7.5205,-2.9743,51
2026-03-02,2026-03-06,return_bottom5,3,地方銀行,42.5416,-7.3084,-3.8462,69
2026-03-02,2026-03-06,return_bottom5,4,フィジカルAI,27.2091,-6.4934,-3.2096,48
2026-03-02,2026-03-06,return_bottom5,5,半導体,28.8458,-6.1837,-3.9585,111
2026-03-09,2026-03-13,volume_top5,1,フィジカルAI,-0.6005,-3.2096,-1.5861,48
2026-03-09,2026-03-13,volume_top5,2,人工知能,-2.0608,-1.9186,-1.2304,354
2026-03-09,2026-03-13,volume_top5,3,TOPIXコア30,-2.2711,-1.4644,1.0344,30
2026-03-09,2026-03-13,volume_top5,4,データセンター,-6.0703,-1.7836,-1.259,148
2026-03-09,2026-03-13,volume_top5,5,半導体,-7.1801,-3.9585,-1.1425,111
2026-03-09,2026-03-13,volume_bottom5,1,データ分析・解析,-24.804,-1.3254,-1.5535,120
2026-03-09,2026-03-13,volume_bottom5,2,半導体商社,-21.7621,-4.3111,-0.3084,20
2026-03-09,2026-03-13,volume_bottom5,3,レアメタル,-20.5363,-2.9743,-1.2927,51
2026-03-09,2026-03-13,volume_bottom5,4,データベース,-20.2199,-2.2946,-1.6667,41
2026-03-09,2026-03-13,volume_bottom5,5,レアアース,-19.8512,-3.6857,0.372,37
2026-03-09,2026-03-13,return_top5,1,データ分析・解析,-24.804,-1.3254,-1.5535,120
2026-03-09,2026-03-13,return_top5,2,TOPIXコア30,-2.2711,-1.4644,1.0344,30
2026-03-09,2026-03-13,return_top5,3,円高メリット,-9.7666,-1.5677,-0.2954,56
2026-03-09,2026-03-13,return_top5,4,データセンター,-6.0703,-1.7836,-1.259,148
2026-03-09,2026-03-13,return_top5,5,人工知能,-2.0608,-1.9186,-1.2304,354
2026-03-09,2026-03-13,return_bottom5,1,半導体商社,-21.7621,-4.3111,-0.3084,20
2026-03-09,2026-03-13,return_bottom5,2,半導体,-7.1801,-3.9585,-1.1425,111
2026-03-09,2026-03-13,return_bottom5,3,地方銀行,-17.8707,-3.8462,-0.0488,69
2026-03-09,2026-03-13,return_bottom5,4,半導体製造装置,-18.8653,-3.7406,-1.1422,198
2026-03-09,2026-03-13,return_bottom5,5,レアアース,-19.8512,-3.6857,0.372,37
2026-03-16,2026-03-20,volume_top5,1,レアアース,-9.0784,0.372,-1.3856,37
2026-03-16,2026-03-20,volume_top5,2,データ分析・解析,-10.406,-1.5535,-0.6691,120
2026-03-16,2026-03-20,volume_top5,3,円高メリット,-14.9031,-0.2954,1.8754,56
2026-03-16,2026-03-20,volume_top5,4,データベース,-20.7412,-1.6667,-0.3519,41
2026-03-16,2026-03-20,volume_top5,5,半導体製造装置,-28.4385,-1.1422,-0.5264,198
2026-03-16,2026-03-20,volume_bottom5,1,地方銀行,-41.2147,-0.0488,3.0001,69
2026-03-16,2026-03-20,volume_bottom5,2,人工知能,-37.5695,-1.2304,0.2258,354
2026-03-16,2026-03-20,volume_bottom5,3,フィジカルAI,-35.4996,-1.5861,-1.7296,48
2026-03-16,2026-03-20,volume_bottom5,4,TOPIXコア30,-35.4278,1.0344,1.1641,30
2026-03-16,2026-03-20,volume_bottom5,5,半導体部材・部品,-33.179,-1.5513,0.5257,112
2026-03-16,2026-03-20,return_top5,1,TOPIXコア30,-35.4278,1.0344,1.1641,30
2026-03-16,2026-03-20,return_top5,2,レアアース,-9.0784,0.372,-1.3856,37
2026-03-16,2026-03-20,return_top5,3,地方銀行,-41.2147,-0.0488,3.0001,69
2026-03-16,2026-03-20,return_top5,4,円高メリット,-14.9031,-0.2954,1.8754,56
2026-03-16,2026-03-20,return_top5,5,半導体商社,-31.6238,-0.3084,1.321,20
2026-03-16,2026-03-20,return_bottom5,1,データベース,-20.7412,-1.6667,-0.3519,41
2026-03-16,2026-03-20,return_bottom5,2,フィジカルAI,-35.4996,-1.5861,-1.7296,48
2026-03-16,2026-03-20,return_bottom5,3,データ分析・解析,-10.406,-1.5535,-0.6691,120
2026-03-16,2026-03-20,return_bottom5,4,半導体部材・部品,-33.179,-1.5513,0.5257,112
2026-03-16,2026-03-20,return_bottom5,5,レアメタル,-28.6006,-1.2927,-0.2342,51
2026-03-23,2026-03-27,volume_top5,1,地方銀行,51.4973,3.0001,1.2333,69
2026-03-23,2026-03-27,volume_top5,2,半導体商社,46.693,1.321,-1.1659,20
2026-03-23,2026-03-27,volume_top5,3,TOPIXコア30,34.0732,1.1641,1.3977,30
2026-03-23,2026-03-27,volume_top5,4,フィジカルAI,30.0303,-1.7296,-0.2354,48
2026-03-23,2026-03-27,volume_top5,5,半導体,27.564,-0.3116,-0.5025,111
2026-03-23,2026-03-27,volume_bottom5,1,データベース,8.1767,-0.3519,0.1106,41
2026-03-23,2026-03-27,volume_bottom5,2,円高メリット,10.7327,1.8754,0.9406,56
2026-03-23,2026-03-27,volume_bottom5,3,レアアース,11.7368,-1.3856,0.0621,37
2026-03-23,2026-03-27,volume_bottom5,4,データ分析・解析,16.2177,-0.6691,-0.2572,120
2026-03-23,2026-03-27,volume_bottom5,5,半導体製造装置,18.3456,-0.5264,-0.1913,198
2026-03-23,2026-03-27,return_top5,1,地方銀行,51.4973,3.0001,1.2333,69
2026-03-23,2026-03-27,return_top5,2,円高メリット,10.7327,1.8754,0.9406,56
2026-03-23,2026-03-27,return_top5,3,半導体商社,46.693,1.321,-1.1659,20
2026-03-23,2026-03-27,return_top5,4,TOPIXコア30,34.0732,1.1641,1.3977,30
2026-03-23,2026-03-27,return_top5,5,半導体部材・部品,24.2253,0.5257,-0.1207,112
2026-03-23,2026-03-27,return_bottom5,1,フィジカルAI,30.0303,-1.7296,-0.2354,48
2026-03-23,2026-03-27,return_bottom5,2,レアアース,11.7368,-1.3856,0.0621,37
2026-03-23,2026-03-27,return_bottom5,3,データ分析・解析,16.2177,-0.6691,-0.2572,120
2026-03-23,2026-03-27,return_bottom5,4,半導体製造装置,18.3456,-0.5264,-0.1913,198
2026-03-23,2026-03-27,return_bottom5,5,データセンター,25.4322,-0.4036,0.1666,148
2026-03-30,2026-04-03,volume_top5,1,レアメタル,8.8565,0.1027,1.8373,51
2026-03-30,2026-04-03,volume_top5,2,半導体部材・部品,8.5722,-0.1207,4.2842,112
2026-03-30,2026-04-03,volume_top5,3,データ分析・解析,4.4083,-0.2572,0.5288,120
2026-03-30,2026-04-03,volume_top5,4,レアアース,3.3388,0.0621,0.4305,37
2026-03-30,2026-04-03,volume_top5,5,地方銀行,1.1707,1.2333,4.7264,69
2026-03-30,2026-04-03,volume_bottom5,1,データベース,-11.6881,0.1106,0.3557,41
2026-03-30,2026-04-03,volume_bottom5,2,フィジカルAI,-7.0041,-0.2354,2.7177,48
2026-03-30,2026-04-03,volume_bottom5,3,半導体,-3.5914,-0.5025,4.7105,111
2026-03-30,2026-04-03,volume_bottom5,4,半導体商社,-3.5231,-1.1659,1.2026,20
2026-03-30,2026-04-03,volume_bottom5,5,円高メリット,-0.9442,0.9406,-0.8332,56
2026-03-30,2026-04-03,return_top5,1,TOPIXコア30,0.3469,1.3977,0.0347,30
2026-03-30,2026-04-03,return_top5,2,地方銀行,1.1707,1.2333,4.7264,69
2026-03-30,2026-04-03,return_top5,3,円高メリット,-0.9442,0.9406,-0.8332,56
2026-03-30,2026-04-03,return_top5,4,データセンター,0.5081,0.1666,1.9368,148
2026-03-30,2026-04-03,return_top5,5,人工知能,-0.3957,0.1647,0.1285,355
2026-03-30,2026-04-03,return_bottom5,1,半導体商社,-3.5231,-1.1659,1.2026,20
2026-03-30,2026-04-03,return_bottom5,2,半導体,-3.5914,-0.5025,4.7105,111
2026-03-30,2026-04-03,return_bottom5,3,データ分析・解析,4.4083,-0.2572,0.5288,120
2026-03-30,2026-04-03,return_bottom5,4,フィジカルAI,-7.0041,-0.2354,2.7177,48
2026-03-30,2026-04-03,return_bottom5,5,半導体製造装置,0.0293,-0.1913,5.0346,198
2026-04-06,2026-04-10,volume_top5,1,データ分析・解析,10.5709,0.5288,1.2422,120
2026-04-06,2026-04-10,volume_top5,2,データベース,8.9756,0.3557,1.6479,42
2026-04-06,2026-04-10,volume_top5,3,半導体,-1.7027,4.7105,1.5575,112
2026-04-06,2026-04-10,volume_top5,4,円高メリット,-3.4835,-0.8332,-1.6404,56
2026-04-06,2026-04-10,volume_top5,5,データセンター,-3.5456,1.9368,0.5882,148
2026-04-06,2026-04-10,volume_bottom5,1,地方銀行,-20.0249,4.7264,1.5968,69
2026-04-06,2026-04-10,volume_bottom5,2,TOPIXコア30,-17.0639,0.0347,0.6578,30
2026-04-06,2026-04-10,volume_bottom5,3,レアメタル,-16.9629,1.8373,-1.2672,51
2026-04-06,2026-04-10,volume_bottom5,4,レアアース,-13.4884,0.4305,-1.6523,37
2026-04-06,2026-04-10,volume_bottom5,5,半導体商社,-9.6061,1.2026,1.7576,21
2026-04-06,2026-04-10,return_top5,1,半導体製造装置,-4.54,5.0346,0.3949,198
2026-04-06,2026-04-10,return_top5,2,地方銀行,-20.0249,4.7264,1.5968,69
2026-04-06,2026-04-10,return_top5,3,半導体,-1.7027,4.7105,1.5575,112
2026-04-06,2026-04-10,return_top5,4,半導体部材・部品,-5.6615,4.2842,0.2698,112
2026-04-06,2026-04-10,return_top5,5,フィジカルAI,-9.4622,2.7177,3.1532,48
2026-04-06,2026-04-10,return_bottom5,1,円高メリット,-3.4835,-0.8332,-1.6404,56
2026-04-06,2026-04-10,return_bottom5,2,TOPIXコア30,-17.0639,0.0347,0.6578,30
2026-04-06,2026-04-10,return_bottom5,3,人工知能,-8.0537,0.1285,1.5854,355
2026-04-06,2026-04-10,return_bottom5,4,データベース,8.9756,0.3557,1.6479,42
2026-04-06,2026-04-10,return_bottom5,5,レアアース,-13.4884,0.4305,-1.6523,37
2026-04-13,2026-04-17,volume_top5,1,半導体,14.2937,1.5575,0.2763,112
2026-04-13,2026-04-17,volume_top5,2,データベース,13.3288,1.6479,-3.6985,44
2026-04-13,2026-04-17,volume_top5,3,人工知能,10.8966,1.5854,-2.1538,355
2026-04-13,2026-04-17,volume_top5,4,フィジカルAI,9.7306,3.1532,-1.6423,48
2026-04-13,2026-04-17,volume_top5,5,半導体製造装置,9.7081,0.3949,-0.7568,198
2026-04-13,2026-04-17,volume_bottom5,1,レアアース,-16.7644,-1.6523,-2.9059,37
2026-04-13,2026-04-17,volume_bottom5,2,データ分析・解析,-14.3215,1.2422,-2.4211,121
2026-04-13,2026-04-17,volume_bottom5,3,半導体商社,-12.3881,1.7576,-1.2594,21
2026-04-13,2026-04-17,volume_bottom5,4,円高メリット,-10.2089,-1.6404,-3.5383,56
2026-04-13,2026-04-17,volume_bottom5,5,地方銀行,-8.0616,1.5968,-7.7655,69
2026-04-13,2026-04-17,return_top5,1,フィジカルAI,9.7306,3.1532,-1.6423,48
2026-04-13,2026-04-17,return_top5,2,半導体商社,-12.3881,1.7576,-1.2594,21
2026-04-13,2026-04-17,return_top5,3,データベース,13.3288,1.6479,-3.6985,44
2026-04-13,2026-04-17,return_top5,4,地方銀行,-8.0616,1.5968,-7.7655,69
2026-04-13,2026-04-17,return_top5,5,人工知能,10.8966,1.5854,-2.1538,355
2026-04-13,2026-04-17,return_bottom5,1,レアアース,-16.7644,-1.6523,-2.9059,37
2026-04-13,2026-04-17,return_bottom5,2,円高メリット,-10.2089,-1.6404,-3.5383,56
2026-04-13,2026-04-17,return_bottom5,3,レアメタル,4.9193,-1.2672,-3.2323,51
2026-04-13,2026-04-17,return_bottom5,4,半導体部材・部品,-1.2953,0.2698,-1.4809,112
2026-04-13,2026-04-17,return_bottom5,5,半導体製造装置,9.7081,0.3949,-0.7568,198
2026-04-20,2026-04-24,volume_top5,1,半導体商社,21.1195,-1.2594,1.006,21
2026-04-20,2026-04-24,volume_top5,2,フィジカルAI,12.4157,-1.6423,0.0917,48
2026-04-20,2026-04-24,volume_top5,3,地方銀行,9.162,-7.7655,3.0015,69
2026-04-20,2026-04-24,volume_top5,4,人工知能,7.7509,-2.1538,-1.0501,355
2026-04-20,2026-04-24,volume_top5,5,円高メリット,7.3076,-3.5383,-0.3153,56
2026-04-20,2026-04-24,volume_bottom5,1,半導体部材・部品,-22.4356,-1.4809,0.8497,112
2026-04-20,2026-04-24,volume_bottom5,2,データベース,-15.8941,-3.6985,-1.1204,44
2026-04-20,2026-04-24,volume_bottom5,3,データセンター,-14.4549,-1.6713,0.4195,148
2026-04-20,2026-04-24,volume_bottom5,4,レアメタル,-12.9509,-3.2323,0.8475,51
2026-04-20,2026-04-24,volume_bottom5,5,TOPIXコア30,-7.216,-1.4598,0.3088,30
2026-04-20,2026-04-24,return_top5,1,半導体,-5.4444,0.2763,0.8202,112
2026-04-20,2026-04-24,return_top5,2,半導体製造装置,-2.2044,-0.7568,0.9866,198
2026-04-20,2026-04-24,return_top5,3,半導体商社,21.1195,-1.2594,1.006,21
2026-04-20,2026-04-24,return_top5,4,TOPIXコア30,-7.216,-1.4598,0.3088,30
2026-04-20,2026-04-24,return_top5,5,半導体部材・部品,-22.4356,-1.4809,0.8497,112
2026-04-20,2026-04-24,return_bottom5,1,地方銀行,9.162,-7.7655,3.0015,69
2026-04-20,2026-04-24,return_bottom5,2,データベース,-15.8941,-3.6985,-1.1204,44
2026-04-20,2026-04-24,return_bottom5,3,円高メリット,7.3076,-3.5383,-0.3153,56
2026-04-20,2026-04-24,return_bottom5,4,レアメタル,-12.9509,-3.2323,0.8475,51
2026-04-20,2026-04-24,return_bottom5,5,レアアース,4.0029,-2.9059,-0.0612,37
2026-04-27,2026-05-01,volume_top5,1,半導体商社,13.4304,1.006,3.0879,21
2026-04-27,2026-05-01,volume_top5,2,レアメタル,3.8241,0.8475,1.9048,51
2026-04-27,2026-05-01,volume_top5,3,円高メリット,-3.8382,-0.3153,0.1318,56
2026-04-27,2026-05-01,volume_top5,4,レアアース,-4.0745,-0.0612,2.9982,37
2026-04-27,2026-05-01,volume_top5,5,半導体製造装置,-6.1902,0.9866,4.6033,198
2026-04-27,2026-05-01,volume_bottom5,1,データ分析・解析,-31.1828,-0.9934,1.1933,121
2026-04-27,2026-05-01,volume_bottom5,2,データベース,-25.0346,-1.1204,1.3918,44
2026-04-27,2026-05-01,volume_bottom5,3,データセンター,-16.5693,0.4195,3.3838,148
2026-04-27,2026-05-01,volume_bottom5,4,人工知能,-14.8941,-1.0501,1.7231,355
2026-04-27,2026-05-01,volume_bottom5,5,半導体部材・部品,-14.5357,0.8497,3.0309,112
2026-04-27,2026-05-01,return_top5,1,地方銀行,-13.1195,3.0015,0.6309,69
2026-04-27,2026-05-01,return_top5,2,半導体商社,13.4304,1.006,3.0879,21
2026-04-27,2026-05-01,return_top5,3,半導体製造装置,-6.1902,0.9866,4.6033,198
2026-04-27,2026-05-01,return_top5,4,半導体部材・部品,-14.5357,0.8497,3.0309,112
2026-04-27,2026-05-01,return_top5,5,レアメタル,3.8241,0.8475,1.9048,51
2026-04-27,2026-05-01,return_bottom5,1,データベース,-25.0346,-1.1204,1.3918,44
2026-04-27,2026-05-01,return_bottom5,2,人工知能,-14.8941,-1.0501,1.7231,355
2026-04-27,2026-05-01,return_bottom5,3,データ分析・解析,-31.1828,-0.9934,1.1933,121
2026-04-27,2026-05-01,return_bottom5,4,円高メリット,-3.8382,-0.3153,0.1318,56
2026-04-27,2026-05-01,return_bottom5,5,レアアース,-4.0745,-0.0612,2.9982,37
2026-05-04,2026-05-08,volume_top5,1,フィジカルAI,-28.5297,6.5569,-1.0156,48
2026-05-04,2026-05-08,volume_top5,2,TOPIXコア30,-30.3369,0.4093,1.5876,30
2026-05-04,2026-05-08,volume_top5,3,半導体部材・部品,-31.7914,3.0309,0.7133,112
2026-05-04,2026-05-08,volume_top5,4,レアアース,-32.526,2.9982,-1.986,37
2026-05-04,2026-05-08,volume_top5,5,データセンター,-32.6086,3.3838,-1.7367,148
2026-05-04,2026-05-08,volume_bottom5,1,データベース,-51.7873,1.3918,-1.6904,44
2026-05-04,2026-05-08,volume_bottom5,2,半導体商社,-47.0131,3.0879,1.1747,21
2026-05-04,2026-05-08,volume_bottom5,3,円高メリット,-43.9089,0.1318,0.7012,56
2026-05-04,2026-05-08,volume_bottom5,4,半導体,-36.203,5.7914,1.7703,112
2026-05-04,2026-05-08,volume_bottom5,5,データ分析・解析,-35.7685,1.1933,-2.6946,121
2026-05-04,2026-05-08,return_top5,1,フィジカルAI,-28.5297,6.5569,-1.0156,48
2026-05-04,2026-05-08,return_top5,2,半導体,-36.203,5.7914,1.7703,112
2026-05-04,2026-05-08,return_top5,3,半導体製造装置,-34.0862,4.6033,0.1588,198
2026-05-04,2026-05-08,return_top5,4,データセンター,-32.6086,3.3838,-1.7367,148
2026-05-04,2026-05-08,return_top5,5,半導体商社,-47.0131,3.0879,1.1747,21
2026-05-04,2026-05-08,return_bottom5,1,円高メリット,-43.9089,0.1318,0.7012,56
2026-05-04,2026-05-08,return_bottom5,2,TOPIXコア30,-30.3369,0.4093,1.5876,30
2026-05-04,2026-05-08,return_bottom5,3,地方銀行,-34.4756,0.6309,4.3455,69
2026-05-04,2026-05-08,return_bottom5,4,データ分析・解析,-35.7685,1.1933,-2.6946,121
2026-05-04,2026-05-08,return_bottom5,5,データベース,-51.7873,1.3918,-1.6904,44
2026-05-11,2026-05-15,volume_top5,1,データ分析・解析,200.951,-2.6946,0.0,121
2026-05-11,2026-05-15,volume_top5,2,半導体部材・部品,194.5036,0.7133,-0.4397,112
2026-05-11,2026-05-15,volume_top5,3,データベース,182.6495,-1.6904,-0.1928,44
2026-05-11,2026-05-15,volume_top5,4,半導体製造装置,166.1433,0.1588,-0.5293,198
2026-05-11,2026-05-15,volume_top5,5,半導体,152.7103,1.7703,0.7104,112
2026-05-11,2026-05-15,volume_bottom5,1,レアメタル,85.2969,0.2235,-4.2336,51
2026-05-11,2026-05-15,volume_bottom5,2,レアアース,91.3004,-1.986,-5.3635,37
2026-05-11,2026-05-15,volume_bottom5,3,円高メリット,97.2464,0.7012,-1.2692,56
2026-05-11,2026-05-15,volume_bottom5,4,TOPIXコア30,113.6862,1.5876,-0.9018,30
2026-05-11,2026-05-15,volume_bottom5,5,フィジカルAI,119.4201,-1.0156,-0.9189,48
2026-05-11,2026-05-15,return_top5,1,地方銀行,120.0608,4.3455,2.7054,69
2026-05-11,2026-05-15,return_top5,2,半導体,152.7103,1.7703,0.7104,112
2026-05-11,2026-05-15,return_top5,3,TOPIXコア30,113.6862,1.5876,-0.9018,30
2026-05-11,2026-05-15,return_top5,4,半導体商社,140.8729,1.1747,1.6892,21
2026-05-11,2026-05-15,return_top5,5,半導体部材・部品,194.5036,0.7133,-0.4397,112
2026-05-11,2026-05-15,return_bottom5,1,データ分析・解析,200.951,-2.6946,0.0,121
2026-05-11,2026-05-15,return_bottom5,2,人工知能,122.0475,-2.6306,0.2057,355
2026-05-11,2026-05-15,return_bottom5,3,レアアース,91.3004,-1.986,-5.3635,37
2026-05-11,2026-05-15,return_bottom5,4,データセンター,150.1915,-1.7367,-1.851,148
2026-05-11,2026-05-15,return_bottom5,5,データベース,182.6495,-1.6904,-0.1928,44
2026-05-18,2026-05-22,volume_top5,1,データベース,20.0361,-0.1928,-0.054,44
2026-05-18,2026-05-22,volume_top5,2,データ分析・解析,9.608,0.0,-0.724,121
2026-05-18,2026-05-22,volume_top5,3,地方銀行,4.3574,2.7054,-2.8807,69
2026-05-18,2026-05-22,volume_top5,4,半導体商社,-6.3819,1.6892,2.5253,21
2026-05-18,2026-05-22,volume_top5,5,人工知能,-7.1439,0.2057,-1.071,355
2026-05-18,2026-05-22,volume_bottom5,1,半導体部材・部品,-26.017,-0.4397,2.6582,112
2026-05-18,2026-05-22,volume_bottom5,2,レアアース,-25.8896,-5.3635,-2.439,37
2026-05-18,2026-05-22,volume_bottom5,3,レアメタル,-25.081,-4.2336,-0.5995,51
2026-05-18,2026-05-22,volume_bottom5,4,半導体,-19.0094,0.7104,1.969,112
2026-05-18,2026-05-22,volume_bottom5,5,フィジカルAI,-17.4149,-0.9189,0.9513,48
2026-05-18,2026-05-22,return_top5,1,地方銀行,4.3574,2.7054,-2.8807,69
2026-05-18,2026-05-22,return_top5,2,半導体商社,-6.3819,1.6892,2.5253,21
2026-05-18,2026-05-22,return_top5,3,半導体,-19.0094,0.7104,1.969,112
2026-05-18,2026-05-22,return_top5,4,人工知能,-7.1439,0.2057,-1.071,355
2026-05-18,2026-05-22,return_top5,5,データ分析・解析,9.608,0.0,-0.724,121
2026-05-18,2026-05-22,return_bottom5,1,レアアース,-25.8896,-5.3635,-2.439,37
2026-05-18,2026-05-22,return_bottom5,2,レアメタル,-25.081,-4.2336,-0.5995,51
2026-05-18,2026-05-22,return_bottom5,3,データセンター,-10.8074,-1.851,0.183,148
2026-05-18,2026-05-22,return_bottom5,4,円高メリット,-11.5381,-1.2692,0.0043,56
2026-05-18,2026-05-22,return_bottom5,5,フィジカルAI,-17.4149,-0.9189,0.9513,48
2026-05-25,2026-05-29,volume_top5,1,データベース,118.022,-0.054,-1.8559,44
2026-05-25,2026-05-29,volume_top5,2,レアメタル,37.0524,-0.5995,-2.3973,51
2026-05-25,2026-05-29,volume_top5,3,半導体商社,22.8561,2.5253,1.5297,21
2026-05-25,2026-05-29,volume_top5,4,レアアース,20.8487,-2.439,-3.7099,37
2026-05-25,2026-05-29,volume_top5,5,人工知能,6.5719,-1.071,-1.3973,355
2026-05-25,2026-05-29,volume_bottom5,1,地方銀行,-2.5408,-2.8807,0.3302,69
2026-05-25,2026-05-29,volume_bottom5,2,データセンター,-1.8192,0.183,-0.7071,148
2026-05-25,2026-05-29,volume_bottom5,3,半導体部材・部品,-1.0293,2.6582,-1.4445,112
2026-05-25,2026-05-29,volume_bottom5,4,半導体製造装置,-0.0859,1.8448,-0.0465,198
2026-05-25,2026-05-29,volume_bottom5,5,データ分析・解析,0.4654,-0.724,-1.3973,121
2026-05-25,2026-05-29,return_top5,1,半導体部材・部品,-1.0293,2.6582,-1.4445,112
2026-05-25,2026-05-29,return_top5,2,半導体商社,22.8561,2.5253,1.5297,21
2026-05-25,2026-05-29,return_top5,3,半導体,2.1987,1.969,0.8455,112
2026-05-25,2026-05-29,return_top5,4,半導体製造装置,-0.0859,1.8448,-0.0465,198
2026-05-25,2026-05-29,return_top5,5,フィジカルAI,5.7854,0.9513,-2.4438,48
2026-05-25,2026-05-29,return_bottom5,1,地方銀行,-2.5408,-2.8807,0.3302,69
2026-05-25,2026-05-29,return_bottom5,2,レアアース,20.8487,-2.439,-3.7099,37
2026-05-25,2026-05-29,return_bottom5,3,人工知能,6.5719,-1.071,-1.3973,355
2026-05-25,2026-05-29,return_bottom5,4,データ分析・解析,0.4654,-0.724,-1.3973,121
2026-05-25,2026-05-29,return_bottom5,5,レアメタル,37.0524,-0.5995,-2.3973,51
2026-06-01,2026-06-05,volume_top5,1,データセンター,-1.1679,-0.7071,-3.6072,148
2026-06-01,2026-06-05,volume_top5,2,人工知能,-1.8658,-1.3973,-4.2471,355
2026-06-01,2026-06-05,volume_top5,3,TOPIXコア30,-4.9461,-1.6446,-0.8053,30
2026-06-01,2026-06-05,volume_top5,4,半導体,-7.6004,0.8455,-6.2637,112
2026-06-01,2026-06-05,volume_top5,5,フィジカルAI,-9.2947,-2.4438,-8.3401,48
2026-06-01,2026-06-05,volume_bottom5,1,データベース,-44.4148,-1.8559,-3.6454,44
2026-06-01,2026-06-05,volume_bottom5,2,半導体商社,-30.6755,1.5297,-5.2399,21
2026-06-01,2026-06-05,volume_bottom5,3,レアアース,-27.2001,-3.7099,-3.6164,37
2026-06-01,2026-06-05,volume_bottom5,4,レアメタル,-19.0135,-2.3973,-4.1204,51
2026-06-01,2026-06-05,volume_bottom5,5,地方銀行,-14.6759,0.3302,3.1977,69
2026-06-01,2026-06-05,return_top5,1,半導体商社,-30.6755,1.5297,-5.2399,21
2026-06-01,2026-06-05,return_top5,2,半導体,-7.6004,0.8455,-6.2637,112
2026-06-01,2026-06-05,return_top5,3,地方銀行,-14.6759,0.3302,3.1977,69
2026-06-01,2026-06-05,return_top5,4,半導体製造装置,-9.7243,-0.0465,-4.0195,198
2026-06-01,2026-06-05,return_top5,5,データセンター,-1.1679,-0.7071,-3.6072,148
2026-06-01,2026-06-05,return_bottom5,1,レアアース,-27.2001,-3.7099,-3.6164,37
2026-06-01,2026-06-05,return_bottom5,2,フィジカルAI,-9.2947,-2.4438,-8.3401,48
2026-06-01,2026-06-05,return_bottom5,3,レアメタル,-19.0135,-2.3973,-4.1204,51
2026-06-01,2026-06-05,return_bottom5,4,データベース,-44.4148,-1.8559,-3.6454,44
2026-06-01,2026-06-05,return_bottom5,5,TOPIXコア30,-4.9461,-1.6446,-0.8053,30
2026-06-08,2026-06-12,volume_top5,1,地方銀行,15.9948,3.1977,-2.3267,69
2026-06-08,2026-06-12,volume_top5,2,レアアース,8.4599,-3.6164,4.2511,37
2026-06-08,2026-06-12,volume_top5,3,TOPIXコア30,4.721,-0.8053,0.9407,30
2026-06-08,2026-06-12,volume_top5,4,フィジカルAI,3.3942,-8.3401,4.6167,48
2026-06-08,2026-06-12,volume_top5,5,レアメタル,1.8722,-4.1204,2.6154,51
2026-06-08,2026-06-12,volume_bottom5,1,データベース,-30.0065,-3.6454,0.609,44
2026-06-08,2026-06-12,volume_bottom5,2,人工知能,-9.791,-4.2471,0.495,355
2026-06-08,2026-06-12,volume_bottom5,3,データ分析・解析,-9.2989,-3.8091,-0.0855,121
2026-06-08,2026-06-12,volume_bottom5,4,データセンター,-6.0797,-3.6072,3.1264,148
2026-06-08,2026-06-12,volume_bottom5,5,半導体商社,-2.8263,-5.2399,3.1337,21
2026-06-08,2026-06-12,return_top5,1,地方銀行,15.9948,3.1977,-2.3267,69
2026-06-08,2026-06-12,return_top5,2,円高メリット,-1.7047,1.5299,-0.2905,56
2026-06-08,2026-06-12,return_top5,3,TOPIXコア30,4.721,-0.8053,0.9407,30
2026-06-08,2026-06-12,return_top5,4,半導体部材・部品,-1.6594,-2.6883,4.63,112
2026-06-08,2026-06-12,return_top5,5,データセンター,-6.0797,-3.6072,3.1264,148
2026-06-08,2026-06-12,return_bottom5,1,フィジカルAI,3.3942,-8.3401,4.6167,48
2026-06-08,2026-06-12,return_bottom5,2,半導体,1.1284,-6.2637,8.4181,112
2026-06-08,2026-06-12,return_bottom5,3,半導体商社,-2.8263,-5.2399,3.1337,21
2026-06-08,2026-06-12,return_bottom5,4,人工知能,-9.791,-4.2471,0.495,355
2026-06-08,2026-06-12,return_bottom5,5,レアメタル,1.8722,-4.1204,2.6154,51
2026-06-15,2026-06-19,volume_top5,1,データ分析・解析,8.1989,-0.0855,-0.979,121
2026-06-15,2026-06-19,volume_top5,2,データベース,5.5634,0.609,0.0,44
2026-06-15,2026-06-19,volume_top5,3,半導体,1.7742,8.4181,-3.0415,112
2026-06-15,2026-06-19,volume_top5,4,半導体製造装置,1.2911,7.6448,-2.24,198
2026-06-15,2026-06-19,volume_top5,5,半導体部材・部品,0.2269,4.63,-1.4494,112
2026-06-15,2026-06-19,volume_bottom5,1,半導体商社,-18.504,3.1337,-2.381,21
2026-06-15,2026-06-19,volume_bottom5,2,データセンター,-8.2119,3.1264,-1.1059,148
2026-06-15,2026-06-19,volume_bottom5,3,人工知能,-5.363,0.495,-0.7722,355
2026-06-15,2026-06-19,volume_bottom5,4,TOPIXコア30,-3.9075,0.9407,-1.2727,30
2026-06-15,2026-06-19,volume_bottom5,5,地方銀行,-3.8867,-2.3267,1.7043,69
2026-06-15,2026-06-19,return_top5,1,半導体,1.7742,8.4181,-3.0415,112
2026-06-15,2026-06-19,return_top5,2,半導体製造装置,1.2911,7.6448,-2.24,198
2026-06-15,2026-06-19,return_top5,3,半導体部材・部品,0.2269,4.63,-1.4494,112
2026-06-15,2026-06-19,return_top5,4,フィジカルAI,-2.7552,4.6167,-1.2167,48
2026-06-15,2026-06-19,return_top5,5,レアアース,-3.104,4.2511,-4.1471,37
2026-06-15,2026-06-19,return_bottom5,1,地方銀行,-3.8867,-2.3267,1.7043,69
2026-06-15,2026-06-19,return_bottom5,2,円高メリット,-2.8512,-0.2905,0.6292,56
2026-06-15,2026-06-19,return_bottom5,3,データ分析・解析,8.1989,-0.0855,-0.979,121
2026-06-15,2026-06-19,return_bottom5,4,人工知能,-5.363,0.495,-0.7722,355
2026-06-15,2026-06-19,return_bottom5,5,データベース,5.5634,0.609,0.0,44
2026-06-22,2026-06-26,volume_top5,1,半導体商社,3.4812,-2.381,2.1656,21
2026-06-22,2026-06-26,volume_top5,2,データセンター,3.1289,-1.1059,0.9928,148
2026-06-22,2026-06-26,volume_top5,3,円高メリット,2.9892,0.6292,1.9382,56
2026-06-22,2026-06-26,volume_top5,4,半導体,2.2401,-3.0415,1.4369,112
2026-06-22,2026-06-26,volume_top5,5,半導体部材・部品,1.6615,-1.4494,0.5976,112
2026-06-22,2026-06-26,volume_bottom5,1,データベース,-37.0811,0.0,3.9899,44
2026-06-22,2026-06-26,volume_bottom5,2,地方銀行,-19.8716,1.7043,5.3659,69
2026-06-22,2026-06-26,volume_bottom5,3,TOPIXコア30,-18.7707,-1.2727,2.7479,30
2026-06-22,2026-06-26,volume_bottom5,4,半導体製造装置,-14.0849,-2.24,1.3541,198
2026-06-22,2026-06-26,volume_bottom5,5,フィジカルAI,-13.7493,-1.2167,2.2838,48
2026-06-22,2026-06-26,return_top5,1,地方銀行,-19.8716,1.7043,5.3659,69
2026-06-22,2026-06-26,return_top5,2,円高メリット,2.9892,0.6292,1.9382,56
2026-06-22,2026-06-26,return_top5,3,データベース,-37.0811,0.0,3.9899,44
2026-06-22,2026-06-26,return_top5,4,人工知能,-11.0868,-0.7722,4.54,355
2026-06-22,2026-06-26,return_top5,5,データ分析・解析,-11.2392,-0.979,5.0891,121
2026-06-22,2026-06-26,return_bottom5,1,レアメタル,-0.6819,-4.4105,2.0408,51
2026-06-22,2026-06-26,return_bottom5,2,レアアース,-9.5851,-4.1471,2.0408,37
2026-06-22,2026-06-26,return_bottom5,3,半導体,2.2401,-3.0415,1.4369,112
2026-06-22,2026-06-26,return_bottom5,4,半導体商社,3.4812,-2.381,2.1656,21
2026-06-22,2026-06-26,return_bottom5,5,半導体製造装置,-14.0849,-2.24,1.3541,198
2026-06-29,2026-07-03,volume_top5,1,半導体商社,47.7505,2.1656,-0.983,21
2026-06-29,2026-07-03,volume_top5,2,フィジカルAI,16.2446,2.2838,-0.9728,48
2026-06-29,2026-07-03,volume_top5,3,TOPIXコア30,12.6924,2.7479,0.1648,30
2026-06-29,2026-07-03,volume_top5,4,データベース,11.8488,3.9899,1.0055,44
2026-06-29,2026-07-03,volume_top5,5,レアアース,10.7311,2.0408,-2.3346,37
2026-06-29,2026-07-03,volume_bottom5,1,データ分析・解析,-14.6936,5.0891,0.9311,121
2026-06-29,2026-07-03,volume_bottom5,2,データセンター,-10.4632,0.9928,-1.1808,148
2026-06-29,2026-07-03,volume_bottom5,3,半導体部材・部品,-7.553,0.5976,-3.049,112
2026-06-29,2026-07-03,volume_bottom5,4,レアメタル,-7.2425,2.0408,-2.0622,51
2026-06-29,2026-07-03,volume_bottom5,5,円高メリット,-2.2264,1.9382,0.4325,56
2026-06-29,2026-07-03,return_top5,1,地方銀行,10.0459,5.3659,0.3306,69
2026-06-29,2026-07-03,return_top5,2,データ分析・解析,-14.6936,5.0891,0.9311,121
2026-06-29,2026-07-03,return_top5,3,人工知能,3.566,4.54,1.1256,356
2026-06-29,2026-07-03,return_top5,4,データベース,11.8488,3.9899,1.0055,44
2026-06-29,2026-07-03,return_top5,5,TOPIXコア30,12.6924,2.7479,0.1648,30
2026-06-29,2026-07-03,return_bottom5,1,半導体部材・部品,-7.553,0.5976,-3.049,112
2026-06-29,2026-07-03,return_bottom5,2,データセンター,-10.4632,0.9928,-1.1808,148
2026-06-29,2026-07-03,return_bottom5,3,半導体製造装置,-0.1625,1.3541,-3.027,198
2026-06-29,2026-07-03,return_bottom5,4,半導体,-1.9638,1.4369,-3.0508,112
2026-06-29,2026-07-03,return_bottom5,5,円高メリット,-2.2264,1.9382,0.4325,56
2026-07-06,2026-07-10,volume_top5,1,人工知能,2.6389,1.1256,-1.2298,356
2026-07-06,2026-07-10,volume_top5,2,地方銀行,-0.9059,0.3306,-2.6016,69
2026-07-06,2026-07-10,volume_top5,3,レアアース,-3.8628,-2.3346,-3.1666,37
2026-07-06,2026-07-10,volume_top5,4,円高メリット,-4.8845,0.4325,1.2405,56
2026-07-06,2026-07-10,volume_top5,5,半導体製造装置,-4.9759,-3.027,-5.8278,198
2026-07-06,2026-07-10,volume_bottom5,1,半導体商社,-29.6063,-0.983,-3.6329,21
2026-07-06,2026-07-10,volume_bottom5,2,半導体部材・部品,-15.7058,-3.049,-3.2439,112
2026-07-06,2026-07-10,volume_bottom5,3,フィジカルAI,-15.5548,-0.9728,-6.7744,48
2026-07-06,2026-07-10,volume_bottom5,4,データベース,-11.7567,1.0055,-1.2749,44
2026-07-06,2026-07-10,volume_bottom5,5,データセンター,-10.186,-1.1808,-4.0184,148
2026-07-06,2026-07-10,return_top5,1,人工知能,2.6389,1.1256,-1.2298,356
2026-07-06,2026-07-10,return_top5,2,データベース,-11.7567,1.0055,-1.2749,44
2026-07-06,2026-07-10,return_top5,3,データ分析・解析,-8.5452,0.9311,-1.3039,121
2026-07-06,2026-07-10,return_top5,4,円高メリット,-4.8845,0.4325,1.2405,56
2026-07-06,2026-07-10,return_top5,5,地方銀行,-0.9059,0.3306,-2.6016,69
2026-07-06,2026-07-10,return_bottom5,1,半導体,-5.4158,-3.0508,-6.6129,112
2026-07-06,2026-07-10,return_bottom5,2,半導体部材・部品,-15.7058,-3.049,-3.2439,112
2026-07-06,2026-07-10,return_bottom5,3,半導体製造装置,-4.9759,-3.027,-5.8278,198
2026-07-06,2026-07-10,return_bottom5,4,レアアース,-3.8628,-2.3346,-3.1666,37
2026-07-06,2026-07-10,return_bottom5,5,レアメタル,-6.0595,-2.0622,-2.4322,51
2026-07-13,2026-07-17,volume_top5,1,データベース,32.8403,-1.2749,-0.1803,44
2026-07-13,2026-07-17,volume_top5,2,データ分析・解析,13.7753,-1.3039,0.2358,121
2026-07-13,2026-07-17,volume_top5,3,半導体部材・部品,12.5445,-3.2439,1.7828,112
2026-07-13,2026-07-17,volume_top5,4,フィジカルAI,10.4461,-6.7744,1.3586,48
2026-07-13,2026-07-17,volume_top5,5,半導体製造装置,6.9846,-5.8278,2.0802,198
2026-07-13,2026-07-17,volume_bottom5,1,レアアース,-12.7482,-3.1666,4.2775,37
2026-07-13,2026-07-17,volume_bottom5,2,半導体商社,-9.9574,-3.6329,2.6316,21
2026-07-13,2026-07-17,volume_bottom5,3,レアメタル,-4.8428,-2.4322,3.7487,51
2026-07-13,2026-07-17,volume_bottom5,4,人工知能,-1.5556,-1.2298,0.0,356
2026-07-13,2026-07-17,volume_bottom5,5,データセンター,0.8367,-4.0184,1.9446,148
2026-07-13,2026-07-17,return_top5,1,円高メリット,1.135,1.2405,0.7948,56
2026-07-13,2026-07-17,return_top5,2,TOPIXコア30,5.1824,0.9114,1.5987,30
2026-07-13,2026-07-17,return_top5,3,人工知能,-1.5556,-1.2298,0.0,356
2026-07-13,2026-07-17,return_top5,4,データベース,32.8403,-1.2749,-0.1803,44
2026-07-13,2026-07-17,return_top5,5,データ分析・解析,13.7753,-1.3039,0.2358,121
2026-07-13,2026-07-17,return_bottom5,1,フィジカルAI,10.4461,-6.7744,1.3586,48
2026-07-13,2026-07-17,return_bottom5,2,半導体,1.514,-6.6129,2.1758,112
2026-07-13,2026-07-17,return_bottom5,3,半導体製造装置,6.9846,-5.8278,2.0802,198
2026-07-13,2026-07-17,return_bottom5,4,データセンター,0.8367,-4.0184,1.9446,148
2026-07-13,2026-07-17,return_bottom5,5,半導体商社,-9.9574,-3.6329,2.6316,21
2026-07-20,2026-07-24,volume_top5,1,半導体商社,-10.1062,2.6316,2.8232,21
2026-07-20,2026-07-24,volume_top5,2,データ分析・解析,-10.5363,0.2358,0.8026,121
2026-07-20,2026-07-24,volume_top5,3,半導体部材・部品,-18.7691,1.7828,-2.331,112
2026-07-20,2026-07-24,volume_top5,4,レアアース,-18.7696,4.2775,-0.1845,37
2026-07-20,2026-07-24,volume_top5,5,地方銀行,-20.4563,8.8541,-4.6634,69
2026-07-20,2026-07-24,volume_bottom5,1,データベース,-41.785,-0.1803,1.2503,44
2026-07-20,2026-07-24,volume_bottom5,2,半導体製造装置,-32.3858,2.0802,-1.595,198
2026-07-20,2026-07-24,volume_bottom5,3,人工知能,-28.2063,0.0,0.685,357
2026-07-20,2026-07-24,volume_bottom5,4,半導体,-28.1535,2.1758,-1.2471,112
2026-07-20,2026-07-24,volume_bottom5,5,データセンター,-27.9382,1.9446,-1.1767,148
2026-07-20,2026-07-24,return_top5,1,地方銀行,-20.4563,8.8541,-4.6634,69
2026-07-20,2026-07-24,return_top5,2,レアアース,-18.7696,4.2775,-0.1845,37
2026-07-20,2026-07-24,return_top5,3,レアメタル,-26.018,3.7487,0.0977,51
2026-07-20,2026-07-24,return_top5,4,半導体商社,-10.1062,2.6316,2.8232,21
2026-07-20,2026-07-24,return_top5,5,半導体,-28.1535,2.1758,-1.2471,112
2026-07-20,2026-07-24,return_bottom5,1,データベース,-41.785,-0.1803,1.2503,44
2026-07-20,2026-07-24,return_bottom5,2,人工知能,-28.2063,0.0,0.685,357
2026-07-20,2026-07-24,return_bottom5,3,データ分析・解析,-10.5363,0.2358,0.8026,121
2026-07-20,2026-07-24,return_bottom5,4,円高メリット,-24.0072,0.7948,0.872,56
2026-07-20,2026-07-24,return_bottom5,5,フィジカルAI,-27.1109,1.3586,-0.8078,48
2026-07-27,2026-07-31,volume_top5,1,半導体商社,120.837,2.8232,5.317,21
2026-07-27,2026-07-31,volume_top5,2,円高メリット,81.7781,0.872,0.7665,56
2026-07-27,2026-07-31,volume_top5,3,データセンター,80.4026,-1.1767,1.7762,148
2026-07-27,2026-07-31,volume_top5,4,半導体製造装置,79.343,-1.595,3.7456,198
2026-07-27,2026-07-31,volume_top5,5,フィジカルAI,75.7306,-0.8078,3.7331,49
2026-07-27,2026-07-31,volume_bottom5,1,データ分析・解析,6.1373,0.8026,0.4152,122
2026-07-27,2026-07-31,volume_bottom5,2,データベース,35.321,1.2503,0.2983,44
2026-07-27,2026-07-31,volume_bottom5,3,地方銀行,57.9056,-4.6634,4.7496,69
2026-07-27,2026-07-31,volume_bottom5,4,レアメタル,66.3561,0.0977,5.3336,51
2026-07-27,2026-07-31,volume_bottom5,5,半導体,66.3653,-1.2471,4.286,112
2026-07-27,2026-07-31,return_top5,1,半導体商社,120.837,2.8232,5.317,21
2026-07-27,2026-07-31,return_top5,2,データベース,35.321,1.2503,0.2983,44
2026-07-27,2026-07-31,return_top5,3,円高メリット,81.7781,0.872,0.7665,56
2026-07-27,2026-07-31,return_top5,4,データ分析・解析,6.1373,0.8026,0.4152,122
2026-07-27,2026-07-31,return_top5,5,人工知能,73.13,0.685,0.5888,358
2026-07-27,2026-07-31,return_bottom5,1,地方銀行,57.9056,-4.6634,4.7496,69
2026-07-27,2026-07-31,return_bottom5,2,半導体部材・部品,71.0203,-2.331,4.0975,112
2026-07-27,2026-07-31,return_bottom5,3,半導体製造装置,79.343,-1.595,3.7456,198
2026-07-27,2026-07-31,return_bottom5,4,半導体,66.3653,-1.2471,4.286,112
2026-07-27,2026-07-31,return_bottom5,5,データセンター,80.4026,-1.1767,1.7762,148
2026-08-03,2026-08-07,volume_top5,1,半導体部材・部品,11.1347,4.0975,3.141,112
2026-08-03,2026-08-07,volume_top5,2,データセンター,5.5633,1.7762,2.2815,148
2026-08-03,2026-08-07,volume_top5,3,レアアース,4.8671,4.1783,4.1857,37
2026-08-03,2026-08-07,volume_top5,4,レアメタル,2.5057,5.3336,2.9513,51
2026-08-03,2026-08-07,volume_top5,5,半導体製造装置,-1.0932,3.7456,3.0586,198
2026-08-03,2026-08-07,volume_bottom5,1,データベース,-35.3221,0.2983,2.1476,44
2026-08-03,2026-08-07,volume_bottom5,2,半導体商社,-20.0496,5.317,4.2631,21
2026-08-03,2026-08-07,volume_bottom5,3,円高メリット,-19.2531,0.7665,2.0638,56
2026-08-03,2026-08-07,volume_bottom5,4,データ分析・解析,-16.3283,0.4152,2.5632,122
2026-08-03,2026-08-07,volume_bottom5,5,TOPIXコア30,-10.7961,1.9902,2.3379,30
2026-08-03,2026-08-07,return_top5,1,レアメタル,2.5057,5.3336,2.9513,51
2026-08-03,2026-08-07,return_top5,2,半導体商社,-20.0496,5.317,4.2631,21
2026-08-03,2026-08-07,return_top5,3,地方銀行,-9.663,4.7496,6.462,69
2026-08-03,2026-08-07,return_top5,4,半導体,-8.2951,4.286,4.1762,112
2026-08-03,2026-08-07,return_top5,5,レアアース,4.8671,4.1783,4.1857,37
2026-08-03,2026-08-07,return_bottom5,1,データベース,-35.3221,0.2983,2.1476,44
2026-08-03,2026-08-07,return_bottom5,2,データ分析・解析,-16.3283,0.4152,2.5632,122
2026-08-03,2026-08-07,return_bottom5,3,人工知能,-6.5677,0.5888,2.816,358
2026-08-03,2026-08-07,return_bottom5,4,円高メリット,-19.2531,0.7665,2.0638,56
2026-08-03,2026-08-07,return_bottom5,5,データセンター,5.5633,1.7762,2.2815,148
2026-08-10,2026-08-14,volume_top5,1,データ分析・解析,34.9034,2.5632,0.2283,122
2026-08-10,2026-08-14,volume_top5,2,データベース,7.8863,2.1476,0.3041,44
2026-08-10,2026-08-14,volume_top5,3,地方銀行,-24.3606,6.462,-2.7498,69
2026-08-10,2026-08-14,volume_top5,4,人工知能,-25.5317,2.816,-0.0771,358
2026-08-10,2026-08-14,volume_top5,5,円高メリット,-25.964,2.0638,1.4881,56
2026-08-10,2026-08-14,volume_bottom5,1,フィジカルAI,-37.6577,3.3682,-3.5714,49
2026-08-10,2026-08-14,volume_bottom5,2,半導体部材・部品,-36.8305,3.141,-3.0616,112
2026-08-10,2026-08-14,volume_bottom5,3,レアメタル,-35.5069,2.9513,-1.4436,51
2026-08-10,2026-08-14,volume_bottom5,4,半導体,-35.399,4.1762,-4.908,112
2026-08-10,2026-08-14,volume_bottom5,5,TOPIXコア30,-34.3394,2.3379,-3.1851,30
2026-08-10,2026-08-14,return_top5,1,地方銀行,-24.3606,6.462,-2.7498,69
2026-08-10,2026-08-14,return_top5,2,半導体商社,-29.5439,4.2631,-3.4314,21
2026-08-10,2026-08-14,return_top5,3,レアアース,-28.8077,4.1857,-1.6323,37
2026-08-10,2026-08-14,return_top5,4,半導体,-35.399,4.1762,-4.908,112
2026-08-10,2026-08-14,return_top5,5,フィジカルAI,-37.6577,3.3682,-3.5714,49
2026-08-10,2026-08-14,return_bottom5,1,円高メリット,-25.964,2.0638,1.4881,56
2026-08-10,2026-08-14,return_bottom5,2,データベース,7.8863,2.1476,0.3041,44
2026-08-10,2026-08-14,return_bottom5,3,データセンター,-26.805,2.2815,-2.3915,148
2026-08-10,2026-08-14,return_bottom5,4,TOPIXコア30,-34.3394,2.3379,-3.1851,30
2026-08-10,2026-08-14,return_bottom5,5,データ分析・解析,34.9034,2.5632,0.2283,122
