date,ticker,open,high,low,close,volume,adj_close,adj_open,adj_high,adj_low,dividends,stock_splits,field_mode,unit,source,name,kind
2026-03-19,^N225,54287.80078125,54333.01953125,53190.1796875,53372.53125,200600000.0,53372.53125,54287.80078125,54333.01953125,53190.1796875,,,ohlc,index_points,yfinance,日経平均,index
2026-03-23,^N225,52468.71875,52479.80859375,50688.76171875,51515.48828125,177100000.0,51515.48828125,52468.71875,52479.80859375,50688.76171875,,,ohlc,index_points,yfinance,日経平均,index
2026-03-24,^N225,52380.6015625,52701.98828125,51645.1484375,52252.28125,131800000.0,52252.28125,52380.6015625,52701.98828125,51645.1484375,,,ohlc,index_points,yfinance,日経平均,index
2026-03-25,^N225,53015.80078125,54022.87890625,53015.80078125,53749.62109375,133700000.0,53749.62109375,53015.80078125,54022.87890625,53015.80078125,,,ohlc,index_points,yfinance,日経平均,index
2026-03-26,^N225,53855.12890625,54175.80078125,53176.76953125,53603.6484375,124500000.0,53603.6484375,53855.12890625,54175.80078125,53176.76953125,,,ohlc,index_points,yfinance,日経平均,index
2026-03-27,^N225,53239.58984375,53714.8984375,52516.921875,53373.0703125,170500000.0,53373.0703125,53239.58984375,53714.8984375,52516.921875,,,ohlc,index_points,yfinance,日経平均,index
2026-03-30,^N225,52054.6796875,52054.6796875,50566.98828125,51885.8515625,183100000.0,51885.8515625,52054.6796875,52054.6796875,50566.98828125,,,ohlc,index_points,yfinance,日経平均,index
2026-03-31,^N225,51382.53125,52169.01171875,50558.91015625,51063.71875,174500000.0,51063.71875,51382.53125,52169.01171875,50558.91015625,,,ohlc,index_points,yfinance,日経平均,index
2026-04-01,^N225,51959.46875,53739.6796875,51902.83984375,53739.6796875,165900000.0,53739.6796875,51959.46875,53739.6796875,51902.83984375,,,ohlc,index_points,yfinance,日経平均,index
2026-04-02,^N225,54066.828125,54258.48046875,52273.0703125,52463.26953125,163200000.0,52463.26953125,54066.828125,54258.48046875,52273.0703125,,,ohlc,index_points,yfinance,日経平均,index
2026-04-03,^N225,53039.3984375,53426.30859375,52925.1015625,53123.48828125,104100000.0,53123.48828125,53039.3984375,53426.30859375,52925.1015625,,,ohlc,index_points,yfinance,日経平均,index
2026-04-06,^N225,53205.9296875,54039.33984375,53205.9296875,53413.6796875,102500000.0,53413.6796875,53205.9296875,54039.33984375,53205.9296875,,,ohlc,index_points,yfinance,日経平均,index
2026-04-07,^N225,53571.28125,53916.3515625,53156.94140625,53429.55859375,118800000.0,53429.55859375,53571.28125,53916.3515625,53156.94140625,,,ohlc,index_points,yfinance,日経平均,index
2026-04-08,^N225,54386.6484375,56424.62890625,54380.01953125,56308.421875,186700000.0,56308.421875,54386.6484375,56424.62890625,54380.01953125,,,ohlc,index_points,yfinance,日経平均,index
2026-04-09,^N225,56199.859375,56406.48828125,55763.05078125,55895.3203125,154700000.0,55895.3203125,56199.859375,56406.48828125,55763.05078125,,,ohlc,index_points,yfinance,日経平均,index
2026-04-10,^N225,56265.76953125,57012.76953125,56251.1796875,56924.109375,165000000.0,56924.109375,56265.76953125,57012.76953125,56251.1796875,,,ohlc,index_points,yfinance,日経平均,index
2026-04-13,^N225,56421.4609375,56765.71875,56232.78125,56502.76953125,135300000.0,56502.76953125,56421.4609375,56765.71875,56232.78125,,,ohlc,index_points,yfinance,日経平均,index
2026-04-14,^N225,57085.6484375,57979.8203125,57010.1796875,57877.390625,143700000.0,57877.390625,57085.6484375,57979.8203125,57010.1796875,,,ohlc,index_points,yfinance,日経平均,index
2026-04-15,^N225,58265.1796875,58585.94921875,58028.75,58134.23828125,161000000.0,58134.23828125,58265.1796875,58585.94921875,58028.75,,,ohlc,index_points,yfinance,日経平均,index
2026-04-16,^N225,58479.828125,59688.1015625,58428.19140625,59518.33984375,150300000.0,59518.33984375,58479.828125,59688.1015625,58428.19140625,,,ohlc,index_points,yfinance,日経平均,index
2026-04-17,^N225,59255.08984375,59381.25,58475.8984375,58475.8984375,140000000.0,58475.8984375,59255.08984375,59381.25,58475.8984375,,,ohlc,index_points,yfinance,日経平均,index
2026-04-20,^N225,58821.16015625,59169.12890625,58687.9609375,58824.890625,121500000.0,58824.890625,58821.16015625,59169.12890625,58687.9609375,,,ohlc,index_points,yfinance,日経平均,index
2026-04-21,^N225,59031.51171875,59611.91015625,59004.76171875,59349.171875,129500000.0,59349.171875,59031.51171875,59611.91015625,59004.76171875,,,ohlc,index_points,yfinance,日経平均,index
2026-04-22,^N225,59104.109375,59708.2109375,59005.48046875,59585.859375,145700000.0,59585.859375,59104.109375,59708.2109375,59005.48046875,,,ohlc,index_points,yfinance,日経平均,index
2026-04-23,^N225,59758.640625,60013.98046875,58621.48046875,59140.23046875,165300000.0,59140.23046875,59758.640625,60013.98046875,58621.48046875,,,ohlc,index_points,yfinance,日経平均,index
2026-04-24,^N225,59407.44140625,59763.6796875,59225.37109375,59716.1796875,141400000.0,59716.1796875,59407.44140625,59763.6796875,59225.37109375,,,ohlc,index_points,yfinance,日経平均,index
2026-04-27,^N225,59880.7109375,60903.94921875,59608.62890625,60537.359375,148900000.0,60537.359375,59880.7109375,60903.94921875,59608.62890625,,,ohlc,index_points,yfinance,日経平均,index
2026-04-28,^N225,60531.78125,60634.66015625,59701.83984375,59917.4609375,174500000.0,59917.4609375,60531.78125,60634.66015625,59701.83984375,,,ohlc,index_points,yfinance,日経平均,index
2026-04-30,^N225,59484.7109375,59560.5703125,58928.19921875,59284.921875,201600000.0,59284.921875,59484.7109375,59560.5703125,58928.19921875,,,ohlc,index_points,yfinance,日経平均,index
2026-05-01,^N225,59379.12109375,59706.69921875,59263.5,59513.12109375,150700000.0,59513.12109375,59379.12109375,59706.69921875,59263.5,,,ohlc,index_points,yfinance,日経平均,index
2026-05-07,^N225,60241.30859375,63091.140625,60213.01953125,62833.83984375,230800000.0,62833.83984375,60241.30859375,63091.140625,60213.01953125,,,ohlc,index_points,yfinance,日経平均,index
2026-05-08,^N225,62654.01171875,62724.359375,62137.94921875,62713.6484375,213500000.0,62713.6484375,62654.01171875,62724.359375,62137.94921875,,,ohlc,index_points,yfinance,日経平均,index
2026-05-11,^N225,63203.44140625,63385.0390625,62380.62109375,62417.87890625,202300000.0,62417.87890625,63203.44140625,63385.0390625,62380.62109375,,,ohlc,index_points,yfinance,日経平均,index
2026-05-12,^N225,62618.71875,63218.51171875,62158.4296875,62742.5703125,189200000.0,62742.5703125,62618.71875,63218.51171875,62158.4296875,,,ohlc,index_points,yfinance,日経平均,index
2026-05-13,^N225,62398.01953125,63347.91015625,62318.87109375,63272.109375,181000000.0,63272.109375,62398.01953125,63347.91015625,62318.87109375,,,ohlc,index_points,yfinance,日経平均,index
2026-05-14,^N225,63263.4609375,63799.3203125,62654.05078125,62654.05078125,207700000.0,62654.05078125,63263.4609375,63799.3203125,62654.05078125,,,ohlc,index_points,yfinance,日経平均,index
2026-05-15,^N225,62878.7109375,63235.76953125,60937.30078125,61409.2890625,213900000.0,61409.2890625,62878.7109375,63235.76953125,60937.30078125,,,ohlc,index_points,yfinance,日経平均,index
2026-05-18,^N225,61299.87109375,61478.55078125,60376.98046875,60815.94921875,168100000.0,60815.94921875,61299.87109375,61478.55078125,60376.98046875,,,ohlc,index_points,yfinance,日経平均,index
2026-05-19,^N225,61202.83984375,61456.30859375,60256.328125,60550.58984375,175800000.0,60550.58984375,61202.83984375,61456.30859375,60256.328125,,,ohlc,index_points,yfinance,日経平均,index
2026-05-20,^N225,60567.26953125,60567.26953125,59292.25,59804.41015625,182500000.0,59804.41015625,60567.26953125,60567.26953125,59292.25,,,ohlc,index_points,yfinance,日経平均,index
2026-05-21,^N225,60374.83984375,62043.53125,60282.3515625,61684.140625,166600000.0,61684.140625,60374.83984375,62043.53125,60282.3515625,,,ohlc,index_points,yfinance,日経平均,index
2026-05-22,^N225,61913.359375,63432.41015625,61842.55859375,63339.0703125,158800000.0,63339.0703125,61913.359375,63432.41015625,61842.55859375,,,ohlc,index_points,yfinance,日経平均,index
2026-05-25,^N225,63658.94921875,65408.87109375,63562.51171875,65158.19140625,161100000.0,65158.19140625,63658.94921875,65408.87109375,63562.51171875,,,ohlc,index_points,yfinance,日経平均,index
2026-05-26,^N225,65247.23828125,65317.69140625,64605.69140625,64996.08984375,157200000.0,64996.08984375,65247.23828125,65317.69140625,64605.69140625,,,ohlc,index_points,yfinance,日経平均,index
2026-05-27,^N225,65777.8671875,66428.8125,64999.41015625,64999.41015625,163500000.0,64999.41015625,65777.8671875,66428.8125,64999.41015625,,,ohlc,index_points,yfinance,日経平均,index
2026-05-28,^N225,64770.76171875,65165.75,63875.0390625,64693.12109375,176600000.0,64693.12109375,64770.76171875,65165.75,63875.0390625,,,ohlc,index_points,yfinance,日経平均,index
2026-05-29,^N225,65133.96875,66505.0234375,65133.96875,66329.5,295100000.0,66329.5,65133.96875,66505.0234375,65133.96875,,,ohlc,index_points,yfinance,日経平均,index
2026-06-01,^N225,66363.4296875,67231.28125,66244.84375,66934.328125,189500000.0,66934.328125,66363.4296875,67231.28125,66244.84375,,,ohlc,index_points,yfinance,日経平均,index
2026-06-02,^N225,66629.6015625,66748.0625,65551.1328125,66734.2421875,187700000.0,66734.2421875,66629.6015625,66748.0625,65551.1328125,,,ohlc,index_points,yfinance,日経平均,index
2026-06-03,^N225,67238.53125,68786.4921875,67238.53125,68402.1328125,170700000.0,68402.1328125,67238.53125,68786.4921875,67238.53125,,,ohlc,index_points,yfinance,日経平均,index
2026-06-04,^N225,67860.84375,68051.9375,66920.796875,67470.6875,152700000.0,67470.6875,67860.84375,68051.9375,66920.796875,,,ohlc,index_points,yfinance,日経平均,index
2026-06-05,^N225,67115.0,67115.0,65862.2109375,66588.1171875,148100000.0,66588.1171875,67115.0,67115.0,65862.2109375,,,ohlc,index_points,yfinance,日経平均,index
2026-06-08,^N225,65947.5625,66115.1796875,63406.66015625,64024.6015625,179500000.0,64024.6015625,65947.5625,66115.1796875,63406.66015625,,,ohlc,index_points,yfinance,日経平均,index
2026-06-09,^N225,64625.26171875,65485.16015625,63918.9609375,65416.62890625,168100000.0,65416.62890625,64625.26171875,65485.16015625,63918.9609375,,,ohlc,index_points,yfinance,日経平均,index
2026-06-10,^N225,64952.37890625,65098.859375,63733.0390625,64179.26953125,171300000.0,64179.26953125,64952.37890625,65098.859375,63733.0390625,,,ohlc,index_points,yfinance,日経平均,index
2026-06-11,^N225,63329.171875,64395.5,62335.75,64217.26953125,171100000.0,64217.26953125,63329.171875,64395.5,62335.75,,,ohlc,index_points,yfinance,日経平均,index
2026-06-12,^N225,65176.23046875,67065.9375,64998.109375,66020.0390625,190600000.0,66020.0390625,65176.23046875,67065.9375,64998.109375,,,ohlc,index_points,yfinance,日経平均,index
2026-06-15,^N225,66783.21875,69682.2265625,66783.21875,69317.5,168300000.0,69317.5,66783.21875,69682.2265625,66783.21875,,,ohlc,index_points,yfinance,日経平均,index
2026-06-16,^N225,69288.90625,70020.6796875,69095.671875,69404.5,153800000.0,69404.5,69288.90625,70020.6796875,69095.671875,,,ohlc,index_points,yfinance,日経平均,index
2026-06-17,^N225,69005.8828125,70125.75,68985.6328125,69902.25,144300000.0,69902.25,69005.8828125,70125.75,68985.6328125,,,ohlc,index_points,yfinance,日経平均,index
2026-06-18,^N225,70163.7109375,71398.578125,70092.9375,71053.4921875,156700000.0,71053.4921875,70163.7109375,71398.578125,70092.9375,,,ohlc,index_points,yfinance,日経平均,index
2026-06-19,^N225,71551.03125,71952.9921875,70517.9765625,71250.0625,214400000.0,71250.0625,71551.03125,71952.9921875,70517.9765625,,,ohlc,index_points,yfinance,日経平均,index
2026-06-22,^N225,71067.1484375,72831.7265625,71009.5234375,72353.9609375,133200000.0,72353.9609375,71067.1484375,72831.7265625,71009.5234375,,,ohlc,index_points,yfinance,日経平均,index
2026-06-23,^N225,72404.3671875,72618.4375,69788.3828125,69788.3828125,172300000.0,69788.3828125,72404.3671875,72618.4375,69788.3828125,,,ohlc,index_points,yfinance,日経平均,index
2026-06-24,^N225,69615.078125,70218.7109375,68461.1015625,69174.96875,153900000.0,69174.96875,69615.078125,70218.7109375,68461.1015625,,,ohlc,index_points,yfinance,日経平均,index
2026-06-25,^N225,70114.09375,72594.21875,69982.671875,72366.34375,151000000.0,72366.34375,70114.09375,72594.21875,69982.671875,,,ohlc,index_points,yfinance,日経平均,index
2026-06-26,^N225,71587.7109375,71786.28125,68639.84375,69360.8828125,156900000.0,69360.8828125,71587.7109375,71786.28125,68639.84375,,,ohlc,index_points,yfinance,日経平均,index
2026-06-29,^N225,69609.8828125,69609.8828125,67997.5703125,69468.109375,182400000.0,69468.109375,69609.8828125,69609.8828125,67997.5703125,,,ohlc,index_points,yfinance,日経平均,index
2026-06-30,^N225,70085.6015625,70667.0,69302.1875,70062.3203125,160500000.0,70062.3203125,70085.6015625,70667.0,69302.1875,,,ohlc,index_points,yfinance,日経平均,index
2026-07-01,^N225,70774.28125,71962.34375,70126.140625,70474.9609375,163400000.0,70474.9609375,70774.28125,71962.34375,70126.140625,,,ohlc,index_points,yfinance,日経平均,index
2026-07-02,^N225,70039.890625,70081.390625,68676.2578125,68733.1484375,169900000.0,68733.1484375,70039.890625,70081.390625,68676.2578125,,,ohlc,index_points,yfinance,日経平均,index
2026-07-03,^N225,68676.0625,69788.03125,67609.4921875,69744.0703125,159300000.0,69744.0703125,68676.0625,69788.03125,67609.4921875,,,ohlc,index_points,yfinance,日経平均,index
2026-07-06,^N225,69973.34375,70384.59375,68904.40625,69737.6875,135400000.0,69737.6875,69973.34375,70384.59375,68904.40625,,,ohlc,index_points,yfinance,日経平均,index
2026-07-07,^N225,69460.078125,69957.5078125,68003.921875,68256.9609375,175000000.0,68256.9609375,69460.078125,69957.5078125,68003.921875,,,ohlc,index_points,yfinance,日経平均,index
2026-07-08,^N225,67704.15625,68432.6796875,66819.046875,66819.046875,168900000.0,66819.046875,67704.15625,68432.6796875,66819.046875,,,ohlc,index_points,yfinance,日経平均,index
2026-07-09,^N225,67046.3671875,68447.890625,67008.890625,67743.8515625,136400000.0,67743.8515625,67046.3671875,68447.890625,67008.890625,,,ohlc,index_points,yfinance,日経平均,index
2026-07-10,^N225,68526.71875,69374.859375,68271.90625,68557.7265625,154400000.0,68557.7265625,68526.71875,69374.859375,68271.90625,,,ohlc,index_points,yfinance,日経平均,index
2026-07-13,^N225,68410.6328125,69078.2109375,66653.109375,67242.7265625,137100000.0,67242.7265625,68410.6328125,69078.2109375,66653.109375,,,ohlc,index_points,yfinance,日経平均,index
2026-07-14,^N225,67002.9375,67800.1796875,66268.6015625,67743.5,168500000.0,67743.5,67002.9375,67800.1796875,66268.6015625,,,ohlc,index_points,yfinance,日経平均,index
2026-07-15,^N225,67989.7421875,68798.2421875,67833.171875,68751.5078125,147400000.0,68751.5078125,67989.7421875,68798.2421875,67833.171875,,,ohlc,index_points,yfinance,日経平均,index
2026-07-16,^N225,67900.4296875,68069.8203125,66499.4921875,66835.5390625,148900000.0,66835.5390625,67900.4296875,68069.8203125,66499.4921875,,,ohlc,index_points,yfinance,日経平均,index
2026-07-17,^N225,66339.8515625,66441.7734375,62704.6015625,64141.12109375,194200000.0,64141.12109375,66339.8515625,66441.7734375,62704.6015625,,,ohlc,index_points,yfinance,日経平均,index
2026-07-21,^N225,64544.05078125,66232.1875,64203.46875,66232.1875,164400000.0,66232.1875,64544.05078125,66232.1875,64203.46875,,,ohlc,index_points,yfinance,日経平均,index
2026-07-22,^N225,66449.2734375,67592.203125,65955.6015625,66115.6015625,155300000.0,66115.6015625,66449.2734375,67592.203125,65955.6015625,,,ohlc,index_points,yfinance,日経平均,index
2026-07-23,^N225,66421.0078125,67022.3671875,66208.65625,66422.6015625,135300000.0,66422.6015625,66421.0078125,67022.3671875,66208.65625,,,ohlc,index_points,yfinance,日経平均,index
2026-07-24,^N225,65584.25,65720.8125,64201.03125,64611.1484375,135400000.0,64611.1484375,65584.25,65720.8125,64201.03125,,,ohlc,index_points,yfinance,日経平均,index
2026-07-27,^N225,65164.98046875,65220.69140625,64123.3984375,64931.19140625,160800000.0,64931.19140625,65164.98046875,65220.69140625,64123.3984375,,,ohlc,index_points,yfinance,日経平均,index
2026-07-28,^N225,64539.921875,64573.1796875,61923.6015625,62364.921875,187000000.0,62364.921875,64539.921875,64573.1796875,61923.6015625,,,ohlc,index_points,yfinance,日経平均,index
2026-07-29,^N225,62734.6796875,63138.0390625,60448.8984375,61434.19140625,264100000.0,61434.19140625,62734.6796875,63138.0390625,60448.8984375,,,ohlc,index_points,yfinance,日経平均,index
2026-07-30,^N225,61258.33984375,62924.83984375,61049.69921875,61867.4296875,213700000.0,61867.4296875,61258.33984375,62924.83984375,61049.69921875,,,ohlc,index_points,yfinance,日経平均,index
2026-07-31,^N225,61957.1015625,65364.73046875,61948.23046875,64362.01953125,228400000.0,64362.01953125,61957.1015625,65364.73046875,61948.23046875,,,ohlc,index_points,yfinance,日経平均,index
2026-08-03,^N225,63834.94921875,63905.12109375,62703.46875,63754.8984375,202700000.0,63754.8984375,63834.94921875,63905.12109375,62703.46875,,,ohlc,index_points,yfinance,日経平均,index
2026-08-04,^N225,63995.28125,64240.5,62864.4296875,63957.53125,191800000.0,63957.53125,63995.28125,64240.5,62864.4296875,,,ohlc,index_points,yfinance,日経平均,index
2026-08-05,^N225,64565.26953125,66302.5234375,64555.51953125,66300.4375,202400000.0,66300.4375,64565.26953125,66302.5234375,64555.51953125,,,ohlc,index_points,yfinance,日経平均,index
2026-08-06,^N225,65896.0,65983.1328125,64942.0703125,65683.2578125,191500000.0,65683.2578125,65896.0,65983.1328125,64942.0703125,,,ohlc,index_points,yfinance,日経平均,index
2026-08-07,^N225,65746.1328125,65990.71875,64651.48828125,65606.7109375,205400000.0,65606.7109375,65746.1328125,65990.71875,64651.48828125,,,ohlc,index_points,yfinance,日経平均,index
2026-08-10,^N225,65905.1015625,67006.84375,65848.578125,66970.21875,164400000.0,66970.21875,65905.1015625,67006.84375,65848.578125,,,ohlc,index_points,yfinance,日経平均,index
2026-08-12,^N225,66994.046875,67569.359375,66735.7578125,67524.0625,170600000.0,67524.0625,66994.046875,67569.359375,66735.7578125,,,ohlc,index_points,yfinance,日経平均,index
2026-08-13,^N225,68033.171875,68799.7109375,68006.171875,68308.59375,169100000.0,68308.59375,68033.171875,68799.7109375,68006.171875,,,ohlc,index_points,yfinance,日経平均,index
2026-08-14,^N225,68811.171875,69608.2421875,68471.1484375,68713.796875,170600000.0,68713.796875,68811.171875,69608.2421875,68471.1484375,,,ohlc,index_points,yfinance,日経平均,index
2026-08-17,^N225,68882.0625,69225.5703125,68492.0390625,69220.25,142200000.0,69220.25,68882.0625,69225.5703125,68492.0390625,,,ohlc,index_points,yfinance,日経平均,index
2026-08-18,^N225,68847.3515625,69093.203125,67368.9609375,67460.7265625,151200000.0,67460.7265625,68847.3515625,69093.203125,67368.9609375,,,ohlc,index_points,yfinance,日経平均,index
2026-08-19,^N225,66812.2734375,66833.5078125,65133.98046875,65326.421875,176600000.0,65326.421875,66812.2734375,66833.5078125,65133.98046875,,,ohlc,index_points,yfinance,日経平均,index
2026-08-20,^N225,65732.7890625,66325.3203125,65652.25,66216.7890625,158400000.0,66216.7890625,65732.7890625,66325.3203125,65652.25,,,ohlc,index_points,yfinance,日経平均,index
2026-08-21,^N225,65427.69140625,66125.8828125,65260.21875,66016.359375,160000000.0,66016.359375,65427.69140625,66125.8828125,65260.21875,,,ohlc,index_points,yfinance,日経平均,index
2026-08-24,^N225,65978.953125,66257.7265625,65470.94921875,65528.08984375,128200000.0,65528.08984375,65978.953125,66257.7265625,65470.94921875,,,ohlc,index_points,yfinance,日経平均,index
2026-08-25,^N225,65195.26171875,65904.2421875,64609.46875,65856.4296875,131200000.0,65856.4296875,65195.26171875,65904.2421875,64609.46875,,,ohlc,index_points,yfinance,日経平均,index
2026-08-26,^N225,65604.4921875,66442.34375,65390.55078125,66262.15625,129500000.0,66262.15625,65604.4921875,66442.34375,65390.55078125,,,ohlc,index_points,yfinance,日経平均,index
2026-08-27,^N225,66775.78125,66954.6875,65782.59375,66131.9765625,133500000.0,66131.9765625,66775.78125,66954.6875,65782.59375,,,ohlc,index_points,yfinance,日経平均,index
2026-08-28,^N225,66104.4921875,66842.8203125,66012.203125,66405.5625,147000000.0,66405.5625,66104.4921875,66842.8203125,66012.203125,,,ohlc,index_points,yfinance,日経平均,index
2026-08-31,^N225,65668.5078125,66311.9296875,64832.1015625,66311.9296875,185700000.0,66311.9296875,65668.5078125,66311.9296875,64832.1015625,,,ohlc,index_points,yfinance,日経平均,index
2026-09-01,^N225,65885.46875,66525.703125,65576.609375,66215.34375,158600000.0,66215.34375,65885.46875,66525.703125,65576.609375,,,ohlc,index_points,yfinance,日経平均,index
2026-09-02,^N225,65195.4296875,65195.4296875,64215.46875,64325.640625,172500000.0,64325.640625,65195.4296875,65195.4296875,64215.46875,,,ohlc,index_points,yfinance,日経平均,index
2026-09-03,^N225,64724.80859375,64724.80859375,63772.80078125,64214.48046875,154100000.0,64214.48046875,64724.80859375,64724.80859375,63772.80078125,,,ohlc,index_points,yfinance,日経平均,index
2026-09-04,^N225,64498.94140625,65182.44921875,64228.46875,65020.94140625,155800000.0,65020.94140625,64498.94140625,65182.44921875,64228.46875,,,ohlc,index_points,yfinance,日経平均,index
2026-09-07,^N225,65600.421875,66668.7109375,65600.421875,66399.84375,141300000.0,66399.84375,65600.421875,66668.7109375,65600.421875,,,ohlc,index_points,yfinance,日経平均,index
2026-09-08,^N225,65843.6875,66791.84375,65269.328125,65269.328125,148400000.0,65269.328125,65843.6875,66791.84375,65269.328125,,,ohlc,index_points,yfinance,日経平均,index
2026-09-09,^N225,65087.21875,65794.03125,65017.6796875,65142.78125,164300000.0,65142.78125,65087.21875,65794.03125,65017.6796875,,,ohlc,index_points,yfinance,日経平均,index
2026-09-10,^N225,64768.53125,65270.94921875,64186.6796875,65270.94921875,153400000.0,65270.94921875,64768.53125,65270.94921875,64186.6796875,,,ohlc,index_points,yfinance,日経平均,index
2026-09-11,^N225,64276.8203125,64312.01953125,63208.62890625,64011.33984375,0.0,64011.33984375,64276.8203125,64312.01953125,63208.62890625,,,ohlc,index_points,yfinance,日経平均,index
2026-03-19,^TOPX,3657.25,3661.64,3608.99,3609.4,,3609.4,3657.25,3661.64,3608.99,,,ohlc,index_points,tradingview_public,TOPIX,index
2026-03-23,^TOPX,3551.3,3551.3,3447.34,3486.44,,3486.44,3551.3,3551.3,3447.34,,,ohlc,index_points,tradingview_public,TOPIX,index
2026-03-24,^TOPX,3544.42,3575.33,3524.01,3559.67,,3559.67,3544.42,3575.33,3524.01,,,ohlc,index_points,tradingview_public,TOPIX,index
2026-03-25,^TOPX,3612.98,3660.47,3612.86,3650.99,,3650.99,3612.98,3660.47,3612.86,,,ohlc,index_points,tradingview_public,TOPIX,index
2026-03-26,^TOPX,3658.72,3673.33,3611.09,3642.8,,3642.8,3658.72,3673.33,3611.09,,,ohlc,index_points,tradingview_public,TOPIX,index
2026-03-27,^TOPX,3625.82,3664.05,3598.69,3649.69,,3649.69,3625.82,3664.05,3598.69,,,ohlc,index_points,tradingview_public,TOPIX,index
2026-03-30,^TOPX,3551.23,3551.23,3474.49,3542.34,,3542.34,3551.23,3551.23,3474.49,,,ohlc,index_points,tradingview_public,TOPIX,index
2026-03-31,^TOPX,3516.31,3576.7,3483.32,3497.86,,3497.86,3516.31,3576.7,3483.32,,,ohlc,index_points,tradingview_public,TOPIX,index
2026-04-01,^TOPX,3556.43,3670.9,3553.38,3670.9,,3670.9,3556.43,3670.9,3553.38,,,ohlc,index_points,tradingview_public,TOPIX,index
2026-04-02,^TOPX,3697.0,3716.99,3602.06,3611.67,,3611.67,3697.0,3716.99,3602.06,,,ohlc,index_points,tradingview_public,TOPIX,index
2026-04-03,^TOPX,3642.12,3663.8,3630.93,3645.19,,3645.19,3642.12,3663.8,3630.93,,,ohlc,index_points,tradingview_public,TOPIX,index
2026-04-06,^TOPX,3650.56,3682.22,3643.93,3644.8,,3644.8,3650.56,3682.22,3643.93,,,ohlc,index_points,tradingview_public,TOPIX,index
2026-04-07,^TOPX,3658.56,3685.2,3637.06,3654.02,,3654.02,3658.56,3685.2,3637.06,,,ohlc,index_points,tradingview_public,TOPIX,index
2026-04-08,^TOPX,3716.21,3780.95,3715.86,3775.3,,3775.3,3716.21,3780.95,3715.86,,,ohlc,index_points,tradingview_public,TOPIX,index
2026-04-09,^TOPX,3776.0,3786.63,3737.57,3741.47,,3741.47,3776.0,3786.63,3737.57,,,ohlc,index_points,tradingview_public,TOPIX,index
2026-04-10,^TOPX,3750.49,3761.8,3736.6,3739.85,,3739.85,3750.49,3761.8,3736.6,,,ohlc,index_points,tradingview_public,TOPIX,index
2026-04-13,^TOPX,3719.83,3751.58,3707.08,3723.01,,3723.01,3719.83,3751.58,3707.08,,,ohlc,index_points,tradingview_public,TOPIX,index
2026-04-14,^TOPX,3755.18,3770.0,3746.97,3755.27,,3755.27,3755.18,3770.0,3746.97,,,ohlc,index_points,tradingview_public,TOPIX,index
2026-04-15,^TOPX,3783.06,3795.52,3763.63,3770.33,,3770.33,3783.06,3795.52,3763.63,,,ohlc,index_points,tradingview_public,TOPIX,index
2026-04-16,^TOPX,3791.09,3824.07,3787.33,3814.46,,3814.46,3791.09,3824.07,3787.33,,,ohlc,index_points,tradingview_public,TOPIX,index
2026-04-17,^TOPX,3798.03,3800.42,3760.81,3760.81,,3760.81,3798.03,3800.42,3760.81,,,ohlc,index_points,tradingview_public,TOPIX,index
2026-04-20,^TOPX,3788.46,3794.39,3772.96,3777.02,,3777.02,3788.46,3794.39,3772.96,,,ohlc,index_points,tradingview_public,TOPIX,index
2026-04-21,^TOPX,3780.06,3789.13,3768.31,3770.38,,3770.38,3780.06,3789.13,3768.31,,,ohlc,index_points,tradingview_public,TOPIX,index
2026-04-22,^TOPX,3755.6,3757.87,3732.04,3744.99,,3744.99,3755.6,3757.87,3732.04,,,ohlc,index_points,tradingview_public,TOPIX,index
2026-04-23,^TOPX,3737.24,3747.49,3682.72,3716.38,,3716.38,3737.24,3747.49,3682.72,,,ohlc,index_points,tradingview_public,TOPIX,index
2026-04-24,^TOPX,3730.89,3732.18,3704.37,3716.59,,3716.59,3730.89,3732.18,3704.37,,,ohlc,index_points,tradingview_public,TOPIX,index
2026-04-27,^TOPX,3710.88,3753.65,3689.75,3735.28,,3735.28,3710.88,3753.65,3689.75,,,ohlc,index_points,tradingview_public,TOPIX,index
2026-04-28,^TOPX,3753.09,3772.19,3741.0,3772.19,,3772.19,3753.09,3772.19,3741.0,,,ohlc,index_points,tradingview_public,TOPIX,index
2026-04-30,^TOPX,3742.25,3747.33,3702.31,3727.21,,3727.21,3742.25,3747.33,3702.31,,,ohlc,index_points,tradingview_public,TOPIX,index
2026-05-01,^TOPX,3718.74,3741.19,3691.63,3728.73,,3728.73,3718.74,3741.19,3691.63,,,ohlc,index_points,tradingview_public,TOPIX,index
2026-05-07,^TOPX,3761.52,3860.97,3759.14,3840.49,,3840.49,3761.52,3860.97,3759.14,,,ohlc,index_points,tradingview_public,TOPIX,index
2026-05-08,^TOPX,3828.19,3831.29,3801.35,3829.48,,3829.48,3828.19,3831.29,3801.35,,,ohlc,index_points,tradingview_public,TOPIX,index
2026-05-11,^TOPX,3840.3,3867.43,3827.87,3840.93,,3840.93,3840.3,3867.43,3827.87,,,ohlc,index_points,tradingview_public,TOPIX,index
2026-05-12,^TOPX,3856.17,3891.67,3837.93,3872.9,,3872.9,3856.17,3891.67,3837.93,,,ohlc,index_points,tradingview_public,TOPIX,index
2026-05-13,^TOPX,3869.51,3926.65,3869.41,3919.48,,3919.48,3869.51,3926.65,3869.41,,,ohlc,index_points,tradingview_public,TOPIX,index
2026-05-14,^TOPX,3913.9,3919.72,3877.44,3879.27,,3879.27,3913.9,3919.72,3877.44,,,ohlc,index_points,tradingview_public,TOPIX,index
2026-05-15,^TOPX,3891.81,3927.98,3830.54,3863.97,,3863.97,3891.81,3927.98,3830.54,,,ohlc,index_points,tradingview_public,TOPIX,index
2026-05-18,^TOPX,3859.85,3870.65,3814.22,3826.51,,3826.51,3859.85,3870.65,3814.22,,,ohlc,index_points,tradingview_public,TOPIX,index
2026-05-19,^TOPX,3856.77,3877.84,3833.64,3850.67,,3850.67,3856.77,3877.84,3833.64,,,ohlc,index_points,tradingview_public,TOPIX,index
2026-05-20,^TOPX,3851.76,3852.29,3764.5,3791.65,,3791.65,3851.76,3852.29,3764.5,,,ohlc,index_points,tradingview_public,TOPIX,index
2026-05-21,^TOPX,3825.33,3878.24,3816.66,3853.81,,3853.81,3825.33,3878.24,3816.66,,,ohlc,index_points,tradingview_public,TOPIX,index
2026-05-22,^TOPX,3866.61,3905.13,3855.77,3892.46,,3892.46,3866.61,3905.13,3855.77,,,ohlc,index_points,tradingview_public,TOPIX,index
2026-05-25,^TOPX,3903.54,3953.89,3891.62,3942.57,,3942.57,3903.54,3953.89,3891.62,,,ohlc,index_points,tradingview_public,TOPIX,index
2026-05-26,^TOPX,3938.98,3951.62,3917.45,3938.46,,3938.46,3938.98,3951.62,3917.45,,,ohlc,index_points,tradingview_public,TOPIX,index
2026-05-27,^TOPX,3951.71,3971.77,3917.49,3918.01,,3918.01,3951.71,3971.77,3917.49,,,ohlc,index_points,tradingview_public,TOPIX,index
2026-05-28,^TOPX,3905.04,3915.5,3864.22,3902.01,,3902.01,3905.04,3915.5,3864.22,,,ohlc,index_points,tradingview_public,TOPIX,index
2026-05-29,^TOPX,3917.83,3984.58,3914.77,3957.17,,3957.17,3917.83,3984.58,3914.77,,,ohlc,index_points,tradingview_public,TOPIX,index
2026-06-01,^TOPX,3946.07,3971.78,3929.19,3940.7,,3940.7,3946.07,3971.78,3929.19,,,ohlc,index_points,tradingview_public,TOPIX,index
2026-06-02,^TOPX,3913.4,3924.26,3874.88,3924.24,,3924.24,3913.4,3924.26,3874.88,,,ohlc,index_points,tradingview_public,TOPIX,index
2026-06-03,^TOPX,3944.96,4015.72,3943.25,3996.2,,3996.2,3944.96,4015.72,3943.25,,,ohlc,index_points,tradingview_public,TOPIX,index
2026-06-04,^TOPX,3968.05,3970.82,3932.81,3951.85,,3951.85,3968.05,3970.82,3932.81,,,ohlc,index_points,tradingview_public,TOPIX,index
2026-06-05,^TOPX,3961.8,3966.32,3931.13,3949.09,,3949.09,3961.8,3966.32,3931.13,,,ohlc,index_points,tradingview_public,TOPIX,index
2026-06-08,^TOPX,3910.54,3923.62,3820.06,3852.38,,3852.38,3910.54,3923.62,3820.06,,,ohlc,index_points,tradingview_public,TOPIX,index
2026-06-09,^TOPX,3887.87,3900.69,3856.35,3896.11,,3896.11,3887.87,3900.69,3856.35,,,ohlc,index_points,tradingview_public,TOPIX,index
2026-06-10,^TOPX,3891.31,3894.24,3828.49,3847.6,,3847.6,3891.31,3894.24,3828.49,,,ohlc,index_points,tradingview_public,TOPIX,index
2026-06-11,^TOPX,3807.07,3836.12,3766.0,3830.35,,3830.35,3807.07,3836.12,3766.0,,,ohlc,index_points,tradingview_public,TOPIX,index
2026-06-12,^TOPX,3872.43,3924.34,3859.97,3881.96,,3881.96,3872.43,3924.34,3859.97,,,ohlc,index_points,tradingview_public,TOPIX,index
2026-06-15,^TOPX,3928.06,4032.39,3927.17,3999.6,,3999.6,3928.06,4032.39,3927.17,,,ohlc,index_points,tradingview_public,TOPIX,index
2026-06-16,^TOPX,3984.4,4008.81,3980.34,3991.14,,3991.14,3984.4,4008.81,3980.34,,,ohlc,index_points,tradingview_public,TOPIX,index
2026-06-17,^TOPX,3997.71,4035.32,3989.06,4013.23,,4013.23,3997.71,4035.32,3989.06,,,ohlc,index_points,tradingview_public,TOPIX,index
2026-06-18,^TOPX,4031.1,4088.25,4028.43,4068.18,,4068.18,4031.1,4088.25,4028.43,,,ohlc,index_points,tradingview_public,TOPIX,index
2026-06-19,^TOPX,4067.98,4086.96,4018.69,4044.96,,4044.96,4067.98,4086.96,4018.69,,,ohlc,index_points,tradingview_public,TOPIX,index
2026-06-22,^TOPX,4030.01,4103.76,4028.61,4095.05,,4095.05,4030.01,4103.76,4028.61,,,ohlc,index_points,tradingview_public,TOPIX,index
2026-06-23,^TOPX,4097.01,4097.01,3990.38,3990.38,,3990.38,4097.01,4097.01,3990.38,,,ohlc,index_points,tradingview_public,TOPIX,index
2026-06-24,^TOPX,3987.88,4007.63,3938.94,3963.76,,3963.76,3987.88,4007.63,3938.94,,,ohlc,index_points,tradingview_public,TOPIX,index
2026-06-25,^TOPX,4001.59,4032.66,3987.08,4016.47,,4016.47,4001.59,4032.66,3987.08,,,ohlc,index_points,tradingview_public,TOPIX,index
2026-06-26,^TOPX,4001.48,4016.25,3931.13,3963.36,,3963.36,4001.48,4016.25,3931.13,,,ohlc,index_points,tradingview_public,TOPIX,index
2026-06-29,^TOPX,3976.82,3995.57,3940.45,3982.0,,3982.0,3976.82,3995.57,3940.45,,,ohlc,index_points,tradingview_public,TOPIX,index
2026-06-30,^TOPX,3999.16,4020.32,3972.49,3994.76,,3994.76,3999.16,4020.32,3972.49,,,ohlc,index_points,tradingview_public,TOPIX,index
2026-07-01,^TOPX,4019.65,4050.33,3998.13,4011.5,,4011.5,4019.65,4050.33,3998.13,,,ohlc,index_points,tradingview_public,TOPIX,index
2026-07-02,^TOPX,4025.32,4052.98,4001.69,4014.98,,4014.98,4025.32,4052.98,4001.69,,,ohlc,index_points,tradingview_public,TOPIX,index
2026-07-03,^TOPX,4034.86,4064.6,4002.27,4064.6,,4064.6,4034.86,4064.6,4002.27,,,ohlc,index_points,tradingview_public,TOPIX,index
2026-07-06,^TOPX,4075.11,4109.61,4067.71,4101.96,,4101.96,4075.11,4109.61,4067.71,,,ohlc,index_points,tradingview_public,TOPIX,index
2026-07-07,^TOPX,4107.65,4137.62,4055.32,4062.26,,4062.26,4107.65,4137.62,4055.32,,,ohlc,index_points,tradingview_public,TOPIX,index
2026-07-08,^TOPX,4041.75,4065.09,4006.43,4006.43,,4006.43,4041.75,4065.09,4006.43,,,ohlc,index_points,tradingview_public,TOPIX,index
2026-07-09,^TOPX,3998.07,4035.46,3995.49,4020.37,,4020.37,3998.07,4035.46,3995.49,,,ohlc,index_points,tradingview_public,TOPIX,index
2026-07-10,^TOPX,4042.65,4061.0,4030.28,4036.08,,4036.08,4042.65,4061.0,4030.28,,,ohlc,index_points,tradingview_public,TOPIX,index
2026-07-13,^TOPX,4050.36,4073.79,3986.18,4007.49,,4007.49,4050.36,4073.79,3986.18,,,ohlc,index_points,tradingview_public,TOPIX,index
2026-07-14,^TOPX,4012.78,4047.12,3984.49,4038.98,,4038.98,4012.78,4047.12,3984.49,,,ohlc,index_points,tradingview_public,TOPIX,index
2026-07-15,^TOPX,4064.96,4088.12,4035.73,4088.12,,4088.12,4064.96,4088.12,4035.73,,,ohlc,index_points,tradingview_public,TOPIX,index
2026-07-16,^TOPX,4056.24,4065.7,4021.5,4028.79,,4028.79,4056.24,4065.7,4021.5,,,ohlc,index_points,tradingview_public,TOPIX,index
2026-07-17,^TOPX,4010.01,4017.29,3859.13,3919.21,,3919.21,4010.01,4017.29,3859.13,,,ohlc,index_points,tradingview_public,TOPIX,index
2026-07-21,^TOPX,3944.79,4014.95,3930.17,4014.95,,4014.95,3944.79,4014.95,3930.17,,,ohlc,index_points,tradingview_public,TOPIX,index
2026-07-22,^TOPX,4019.06,4070.43,4017.02,4033.13,,4033.13,4019.06,4070.43,4017.02,,,ohlc,index_points,tradingview_public,TOPIX,index
2026-07-23,^TOPX,4035.57,4066.98,4033.39,4053.88,,4053.88,4035.57,4066.98,4033.39,,,ohlc,index_points,tradingview_public,TOPIX,index
2026-07-24,^TOPX,4015.03,4019.57,3993.3,4011.31,,4011.31,4015.03,4019.57,3993.3,,,ohlc,index_points,tradingview_public,TOPIX,index
2026-07-27,^TOPX,4039.73,4066.26,4018.73,4066.07,,4066.07,4039.73,4066.26,4018.73,,,ohlc,index_points,tradingview_public,TOPIX,index
2026-07-28,^TOPX,4040.49,4042.49,3944.71,3963.59,,3963.59,4040.49,4042.49,3944.71,,,ohlc,index_points,tradingview_public,TOPIX,index
2026-07-29,^TOPX,3976.44,3990.49,3931.58,3974.03,,3974.03,3976.44,3990.49,3931.58,,,ohlc,index_points,tradingview_public,TOPIX,index
2026-07-30,^TOPX,3950.21,3982.7,3918.87,3952.5,,3952.5,3950.21,3982.7,3918.87,,,ohlc,index_points,tradingview_public,TOPIX,index
2026-07-31,^TOPX,3954.12,4052.27,3951.22,4003.3,,4003.3,3954.12,4052.27,3951.22,,,ohlc,index_points,tradingview_public,TOPIX,index
2026-08-03,^TOPX,3965.39,3965.39,3880.3,3960.03,,3960.03,3965.39,3965.39,3880.3,,,ohlc,index_points,tradingview_public,TOPIX,index
2026-08-04,^TOPX,3960.28,3969.23,3926.33,3961.78,,3961.78,3960.28,3969.23,3926.33,,,ohlc,index_points,tradingview_public,TOPIX,index
2026-08-05,^TOPX,3985.63,4047.77,3980.38,4046.17,,4046.17,3985.63,4047.77,3980.38,,,ohlc,index_points,tradingview_public,TOPIX,index
2026-08-06,^TOPX,4041.15,4065.66,4026.39,4055.85,,4055.85,4041.15,4065.66,4026.39,,,ohlc,index_points,tradingview_public,TOPIX,index
2026-08-07,^TOPX,4063.74,4079.15,4045.34,4074.93,,4074.93,4063.74,4079.15,4045.34,,,ohlc,index_points,tradingview_public,TOPIX,index
2026-08-10,^TOPX,4078.8,4111.35,4063.49,4100.61,,4100.61,4078.8,4111.35,4063.49,,,ohlc,index_points,tradingview_public,TOPIX,index
2026-08-12,^TOPX,4120.04,4139.24,4101.4,4139.0,,4139.0,4120.04,4139.24,4101.4,,,ohlc,index_points,tradingview_public,TOPIX,index
2026-08-13,^TOPX,4158.97,4185.68,4149.78,4176.04,,4176.04,4158.97,4185.68,4149.78,,,ohlc,index_points,tradingview_public,TOPIX,index
2026-08-14,^TOPX,4181.44,4220.31,4177.03,4197.2,,4197.2,4181.44,4220.31,4177.03,,,ohlc,index_points,tradingview_public,TOPIX,index
2026-08-17,^TOPX,4204.36,4207.16,4169.75,4184.11,,4184.11,4204.36,4207.16,4169.75,,,ohlc,index_points,tradingview_public,TOPIX,index
2026-08-18,^TOPX,4169.89,4192.6,4134.56,4140.22,,4140.22,4169.89,4192.6,4134.56,,,ohlc,index_points,tradingview_public,TOPIX,index
2026-08-19,^TOPX,4107.74,4107.74,4005.45,4012.31,,4012.31,4107.74,4107.74,4005.45,,,ohlc,index_points,tradingview_public,TOPIX,index
2026-08-20,^TOPX,4033.85,4060.55,4031.56,4059.73,,4059.73,4033.85,4060.55,4031.56,,,ohlc,index_points,tradingview_public,TOPIX,index
2026-08-21,^TOPX,4038.04,4071.77,4034.78,4067.29,,4067.29,4038.04,4071.77,4034.78,,,ohlc,index_points,tradingview_public,TOPIX,index
2026-08-24,^TOPX,4074.83,4083.44,4064.9,4073.29,,4073.29,4074.83,4083.44,4064.9,,,ohlc,index_points,tradingview_public,TOPIX,index
2026-08-25,^TOPX,4073.89,4096.05,4060.97,4093.67,,4093.67,4073.89,4096.05,4060.97,,,ohlc,index_points,tradingview_public,TOPIX,index
2026-08-26,^TOPX,4096.35,4118.44,4090.39,4111.02,,4111.02,4096.35,4118.44,4090.39,,,ohlc,index_points,tradingview_public,TOPIX,index
2026-08-27,^TOPX,4124.59,4130.91,4109.57,4117.22,,4117.22,4124.59,4130.91,4109.57,,,ohlc,index_points,tradingview_public,TOPIX,index
2026-08-28,^TOPX,4116.82,4162.36,4114.38,4146.71,,4146.71,4116.82,4162.36,4114.38,,,ohlc,index_points,tradingview_public,TOPIX,index
2026-08-31,^TOPX,4118.95,4158.72,4097.76,4156.29,,4156.29,4118.95,4158.72,4097.76,,,ohlc,index_points,tradingview_public,TOPIX,index
2026-09-01,^TOPX,4137.12,4196.87,4132.24,4181.86,,4181.86,4137.12,4196.87,4132.24,,,ohlc,index_points,tradingview_public,TOPIX,index
2026-09-02,^TOPX,4128.97,4131.51,4078.61,4081.6,,4081.6,4128.97,4131.51,4078.61,,,ohlc,index_points,tradingview_public,TOPIX,index
2026-09-03,^TOPX,4109.67,4131.17,4089.89,4102.04,,4102.04,4109.67,4131.17,4089.89,,,ohlc,index_points,tradingview_public,TOPIX,index
2026-09-04,^TOPX,4116.63,4116.63,4070.64,4103.23,,4103.23,4116.63,4116.63,4070.64,,,ohlc,index_points,tradingview_public,TOPIX,index
2026-09-07,^TOPX,4116.98,4140.93,4111.25,4125.8,,4125.8,4116.98,4140.93,4111.25,,,ohlc,index_points,tradingview_public,TOPIX,index
2026-09-08,^TOPX,4087.91,4115.54,4050.33,4050.33,,4050.33,4087.91,4115.54,4050.33,,,ohlc,index_points,tradingview_public,TOPIX,index
2026-09-09,^TOPX,4032.46,4075.97,4030.34,4046.64,,4046.64,4032.46,4075.97,4030.34,,,ohlc,index_points,tradingview_public,TOPIX,index
2026-09-10,^TOPX,4031.4,4054.58,4016.58,4054.58,,4054.58,4031.4,4054.58,4016.58,,,ohlc,index_points,tradingview_public,TOPIX,index
2026-09-11,^TOPX,3998.58,4031.57,3967.18,4028.3,,4028.3,3998.58,4031.57,3967.18,,,ohlc,index_points,tradingview_public,TOPIX,index
2026-03-19,^TSEMOTHERS,767.18,767.18,743.39,744.86,,744.86,767.18,767.18,743.39,,,ohlc,index_points,tradingview_public,東証グロース市場250,index
2026-03-23,^TSEMOTHERS,732.21,732.21,704.2,705.16,,705.16,732.21,732.21,704.2,,,ohlc,index_points,tradingview_public,東証グロース市場250,index
2026-03-24,^TSEMOTHERS,718.19,729.9,711.18,724.55,,724.55,718.19,729.9,711.18,,,ohlc,index_points,tradingview_public,東証グロース市場250,index
2026-03-25,^TSEMOTHERS,731.56,743.96,731.56,741.48,,741.48,731.56,743.96,731.56,,,ohlc,index_points,tradingview_public,東証グロース市場250,index
2026-03-26,^TSEMOTHERS,739.98,741.01,716.42,720.29,,720.29,739.98,741.01,716.42,,,ohlc,index_points,tradingview_public,東証グロース市場250,index
2026-03-27,^TSEMOTHERS,720.93,737.49,717.03,734.4,,734.4,720.93,737.49,717.03,,,ohlc,index_points,tradingview_public,東証グロース市場250,index
2026-03-30,^TSEMOTHERS,719.89,720.41,697.87,709.93,,709.93,719.89,720.41,697.87,,,ohlc,index_points,tradingview_public,東証グロース市場250,index
2026-03-31,^TSEMOTHERS,707.18,716.08,697.38,699.09,,699.09,707.18,716.08,697.38,,,ohlc,index_points,tradingview_public,東証グロース市場250,index
2026-04-01,^TSEMOTHERS,711.22,737.39,711.22,737.39,,737.39,711.22,737.39,711.22,,,ohlc,index_points,tradingview_public,東証グロース市場250,index
2026-04-02,^TSEMOTHERS,739.18,749.1,721.62,723.9,,723.9,739.18,749.1,721.62,,,ohlc,index_points,tradingview_public,東証グロース市場250,index
2026-04-03,^TSEMOTHERS,733.03,741.27,728.5,733.16,,733.16,733.03,741.27,728.5,,,ohlc,index_points,tradingview_public,東証グロース市場250,index
2026-04-06,^TSEMOTHERS,736.05,746.51,736.05,740.69,,740.69,736.05,746.51,736.05,,,ohlc,index_points,tradingview_public,東証グロース市場250,index
2026-04-07,^TSEMOTHERS,742.34,755.0,736.41,742.91,,742.91,742.34,755.0,736.41,,,ohlc,index_points,tradingview_public,東証グロース市場250,index
2026-04-08,^TSEMOTHERS,754.39,775.18,754.39,775.18,,775.18,754.39,775.18,754.39,,,ohlc,index_points,tradingview_public,東証グロース市場250,index
2026-04-09,^TSEMOTHERS,768.41,771.41,757.76,760.62,,760.62,768.41,771.41,757.76,,,ohlc,index_points,tradingview_public,東証グロース市場250,index
2026-04-10,^TSEMOTHERS,761.39,772.4,759.23,764.84,,764.84,761.39,772.4,759.23,,,ohlc,index_points,tradingview_public,東証グロース市場250,index
2026-04-13,^TSEMOTHERS,758.43,762.8,754.01,759.78,,759.78,758.43,762.8,754.01,,,ohlc,index_points,tradingview_public,東証グロース市場250,index
2026-04-14,^TSEMOTHERS,766.76,772.86,761.68,770.35,,770.35,766.76,772.86,761.68,,,ohlc,index_points,tradingview_public,東証グロース市場250,index
2026-04-15,^TSEMOTHERS,776.78,784.24,770.68,776.24,,776.24,776.78,784.24,770.68,,,ohlc,index_points,tradingview_public,東証グロース市場250,index
2026-04-16,^TSEMOTHERS,782.06,794.02,782.06,791.0,,791.0,782.06,794.02,782.06,,,ohlc,index_points,tradingview_public,東証グロース市場250,index
2026-04-17,^TSEMOTHERS,791.52,794.74,786.07,790.28,,790.28,791.52,794.74,786.07,,,ohlc,index_points,tradingview_public,東証グロース市場250,index
2026-04-20,^TSEMOTHERS,792.87,809.32,790.79,802.63,,802.63,792.87,809.32,790.79,,,ohlc,index_points,tradingview_public,東証グロース市場250,index
2026-04-21,^TSEMOTHERS,807.42,811.02,800.81,805.6,,805.6,807.42,811.02,800.81,,,ohlc,index_points,tradingview_public,東証グロース市場250,index
2026-04-22,^TSEMOTHERS,804.1,806.91,796.37,801.82,,801.82,804.1,806.91,796.37,,,ohlc,index_points,tradingview_public,東証グロース市場250,index
2026-04-23,^TSEMOTHERS,800.89,800.89,769.11,777.87,,777.87,800.89,800.89,769.11,,,ohlc,index_points,tradingview_public,東証グロース市場250,index
2026-04-24,^TSEMOTHERS,777.23,779.15,763.55,768.1,,768.1,777.23,779.15,763.55,,,ohlc,index_points,tradingview_public,東証グロース市場250,index
2026-04-27,^TSEMOTHERS,769.15,769.16,756.37,762.59,,762.59,769.15,769.16,756.37,,,ohlc,index_points,tradingview_public,東証グロース市場250,index
2026-04-28,^TSEMOTHERS,764.34,774.58,761.19,774.22,,774.22,764.34,774.58,761.19,,,ohlc,index_points,tradingview_public,東証グロース市場250,index
2026-04-30,^TSEMOTHERS,770.76,771.09,760.92,766.65,,766.65,770.76,771.09,760.92,,,ohlc,index_points,tradingview_public,東証グロース市場250,index
2026-05-01,^TSEMOTHERS,769.58,779.99,768.03,771.25,,771.25,769.58,779.99,768.03,,,ohlc,index_points,tradingview_public,東証グロース市場250,index
2026-05-07,^TSEMOTHERS,778.62,794.54,778.62,791.12,,791.12,778.62,794.54,778.62,,,ohlc,index_points,tradingview_public,東証グロース市場250,index
2026-05-08,^TSEMOTHERS,793.78,828.75,793.78,828.35,,828.35,793.78,828.75,793.78,,,ohlc,index_points,tradingview_public,東証グロース市場250,index
2026-05-11,^TSEMOTHERS,834.91,852.92,834.13,842.66,,842.66,834.91,852.92,834.13,,,ohlc,index_points,tradingview_public,東証グロース市場250,index
2026-05-12,^TSEMOTHERS,841.55,847.91,811.31,818.64,,818.64,841.55,847.91,811.31,,,ohlc,index_points,tradingview_public,東証グロース市場250,index
2026-05-13,^TSEMOTHERS,815.72,837.24,807.53,827.65,,827.65,815.72,837.24,807.53,,,ohlc,index_points,tradingview_public,東証グロース市場250,index
2026-05-14,^TSEMOTHERS,824.2,827.51,799.74,803.52,,803.52,824.2,827.51,799.74,,,ohlc,index_points,tradingview_public,東証グロース市場250,index
2026-05-15,^TSEMOTHERS,806.12,824.7,789.42,795.84,,795.84,806.12,824.7,789.42,,,ohlc,index_points,tradingview_public,東証グロース市場250,index
2026-05-18,^TSEMOTHERS,800.25,801.31,780.02,798.21,,798.21,800.25,801.31,780.02,,,ohlc,index_points,tradingview_public,東証グロース市場250,index
2026-05-19,^TSEMOTHERS,805.75,834.68,804.94,823.01,,823.01,805.75,834.68,804.94,,,ohlc,index_points,tradingview_public,東証グロース市場250,index
2026-05-20,^TSEMOTHERS,818.32,818.81,782.84,786.25,,786.25,818.32,818.81,782.84,,,ohlc,index_points,tradingview_public,東証グロース市場250,index
2026-05-21,^TSEMOTHERS,795.96,804.16,787.11,796.92,,796.92,795.96,804.16,787.11,,,ohlc,index_points,tradingview_public,東証グロース市場250,index
2026-05-22,^TSEMOTHERS,800.76,829.13,800.76,828.32,,828.32,800.76,829.13,800.76,,,ohlc,index_points,tradingview_public,東証グロース市場250,index
2026-05-25,^TSEMOTHERS,834.38,848.74,831.67,843.39,,843.39,834.38,848.74,831.67,,,ohlc,index_points,tradingview_public,東証グロース市場250,index
2026-05-26,^TSEMOTHERS,841.08,843.57,822.13,842.44,,842.44,841.08,843.57,822.13,,,ohlc,index_points,tradingview_public,東証グロース市場250,index
2026-05-27,^TSEMOTHERS,844.64,849.22,820.09,826.84,,826.84,844.64,849.22,820.09,,,ohlc,index_points,tradingview_public,東証グロース市場250,index
2026-05-28,^TSEMOTHERS,823.21,842.94,815.63,832.01,,832.01,823.21,842.94,815.63,,,ohlc,index_points,tradingview_public,東証グロース市場250,index
2026-05-29,^TSEMOTHERS,836.3,842.88,813.83,818.37,,818.37,836.3,842.88,813.83,,,ohlc,index_points,tradingview_public,東証グロース市場250,index
2026-06-01,^TSEMOTHERS,816.19,816.19,775.4,783.6,,783.6,816.19,816.19,775.4,,,ohlc,index_points,tradingview_public,東証グロース市場250,index
2026-06-02,^TSEMOTHERS,778.87,778.87,754.87,771.72,,771.72,778.87,778.87,754.87,,,ohlc,index_points,tradingview_public,東証グロース市場250,index
2026-06-03,^TSEMOTHERS,770.88,771.18,754.09,764.02,,764.02,770.88,771.18,754.09,,,ohlc,index_points,tradingview_public,東証グロース市場250,index
2026-06-04,^TSEMOTHERS,758.19,759.13,742.81,743.77,,743.77,758.19,759.13,742.81,,,ohlc,index_points,tradingview_public,東証グロース市場250,index
2026-06-05,^TSEMOTHERS,748.9,771.94,748.9,765.45,,765.45,748.9,771.94,748.9,,,ohlc,index_points,tradingview_public,東証グロース市場250,index
2026-06-08,^TSEMOTHERS,754.71,758.73,741.47,748.04,,748.04,754.71,758.73,741.47,,,ohlc,index_points,tradingview_public,東証グロース市場250,index
2026-06-09,^TSEMOTHERS,753.06,757.32,735.4,740.6,,740.6,753.06,757.32,735.4,,,ohlc,index_points,tradingview_public,東証グロース市場250,index
2026-06-10,^TSEMOTHERS,736.83,736.83,712.86,722.49,,722.49,736.83,736.83,712.86,,,ohlc,index_points,tradingview_public,東証グロース市場250,index
2026-06-11,^TSEMOTHERS,714.46,723.68,704.04,722.99,,722.99,714.46,723.68,704.04,,,ohlc,index_points,tradingview_public,東証グロース市場250,index
2026-06-12,^TSEMOTHERS,730.31,736.09,718.49,724.49,,724.49,730.31,736.09,718.49,,,ohlc,index_points,tradingview_public,東証グロース市場250,index
2026-06-15,^TSEMOTHERS,727.4,728.18,710.19,713.0,,713.0,727.4,728.18,710.19,,,ohlc,index_points,tradingview_public,東証グロース市場250,index
2026-06-16,^TSEMOTHERS,713.53,719.32,706.62,714.31,,714.31,713.53,719.32,706.62,,,ohlc,index_points,tradingview_public,東証グロース市場250,index
2026-06-17,^TSEMOTHERS,716.52,720.74,709.87,712.43,,712.43,716.52,720.74,709.87,,,ohlc,index_points,tradingview_public,東証グロース市場250,index
2026-06-18,^TSEMOTHERS,713.44,722.14,710.49,715.81,,715.81,713.44,722.14,710.49,,,ohlc,index_points,tradingview_public,東証グロース市場250,index
2026-06-19,^TSEMOTHERS,713.88,713.89,691.39,695.08,,695.08,713.88,713.89,691.39,,,ohlc,index_points,tradingview_public,東証グロース市場250,index
2026-06-22,^TSEMOTHERS,697.57,723.46,696.72,717.31,,717.31,697.57,723.46,696.72,,,ohlc,index_points,tradingview_public,東証グロース市場250,index
2026-06-23,^TSEMOTHERS,716.51,720.22,696.07,696.37,,696.37,716.51,720.22,696.07,,,ohlc,index_points,tradingview_public,東証グロース市場250,index
2026-06-24,^TSEMOTHERS,701.1,705.85,693.06,695.31,,695.31,701.1,705.85,693.06,,,ohlc,index_points,tradingview_public,東証グロース市場250,index
2026-06-25,^TSEMOTHERS,702.56,702.56,693.83,700.14,,700.14,702.56,702.56,693.83,,,ohlc,index_points,tradingview_public,東証グロース市場250,index
2026-06-26,^TSEMOTHERS,693.58,695.63,678.49,682.55,,682.55,693.58,695.63,678.49,,,ohlc,index_points,tradingview_public,東証グロース市場250,index
2026-06-29,^TSEMOTHERS,689.69,702.77,687.19,702.77,,702.77,689.69,702.77,687.19,,,ohlc,index_points,tradingview_public,東証グロース市場250,index
2026-06-30,^TSEMOTHERS,703.48,708.3,698.68,706.62,,706.62,703.48,708.3,698.68,,,ohlc,index_points,tradingview_public,東証グロース市場250,index
2026-07-01,^TSEMOTHERS,703.95,708.11,696.16,699.67,,699.67,703.95,708.11,696.16,,,ohlc,index_points,tradingview_public,東証グロース市場250,index
2026-07-02,^TSEMOTHERS,703.42,719.24,702.53,712.49,,712.49,703.42,719.24,702.53,,,ohlc,index_points,tradingview_public,東証グロース市場250,index
2026-07-03,^TSEMOTHERS,717.8,733.18,717.48,733.18,,733.18,717.8,733.18,717.48,,,ohlc,index_points,tradingview_public,東証グロース市場250,index
2026-07-06,^TSEMOTHERS,735.5,748.73,734.31,743.75,,743.75,735.5,748.73,734.31,,,ohlc,index_points,tradingview_public,東証グロース市場250,index
2026-07-07,^TSEMOTHERS,740.3,747.85,728.49,730.63,,730.63,740.3,747.85,728.49,,,ohlc,index_points,tradingview_public,東証グロース市場250,index
2026-07-08,^TSEMOTHERS,725.93,725.93,711.43,711.43,,711.43,725.93,725.93,711.43,,,ohlc,index_points,tradingview_public,東証グロース市場250,index
2026-07-09,^TSEMOTHERS,710.77,718.41,708.7,715.54,,715.54,710.77,718.41,708.7,,,ohlc,index_points,tradingview_public,東証グロース市場250,index
2026-07-10,^TSEMOTHERS,714.99,724.65,712.24,718.88,,718.88,714.99,724.65,712.24,,,ohlc,index_points,tradingview_public,東証グロース市場250,index
2026-07-13,^TSEMOTHERS,719.09,732.0,711.28,716.87,,716.87,719.09,732.0,711.28,,,ohlc,index_points,tradingview_public,東証グロース市場250,index
2026-07-14,^TSEMOTHERS,717.45,722.97,713.84,721.57,,721.57,717.45,722.97,713.84,,,ohlc,index_points,tradingview_public,東証グロース市場250,index
2026-07-15,^TSEMOTHERS,720.71,736.79,716.19,736.74,,736.74,720.71,736.79,716.19,,,ohlc,index_points,tradingview_public,東証グロース市場250,index
2026-07-16,^TSEMOTHERS,734.11,738.94,718.16,719.47,,719.47,734.11,738.94,718.16,,,ohlc,index_points,tradingview_public,東証グロース市場250,index
2026-07-17,^TSEMOTHERS,712.85,713.12,684.62,695.17,,695.17,712.85,713.12,684.62,,,ohlc,index_points,tradingview_public,東証グロース市場250,index
2026-07-21,^TSEMOTHERS,696.94,706.98,693.62,704.07,,704.07,696.94,706.98,693.62,,,ohlc,index_points,tradingview_public,東証グロース市場250,index
2026-07-22,^TSEMOTHERS,704.18,708.31,696.54,696.54,,696.54,704.18,708.31,696.54,,,ohlc,index_points,tradingview_public,東証グロース市場250,index
2026-07-23,^TSEMOTHERS,695.41,704.55,695.41,699.52,,699.52,695.41,704.55,695.41,,,ohlc,index_points,tradingview_public,東証グロース市場250,index
2026-07-24,^TSEMOTHERS,692.28,692.28,683.32,686.12,,686.12,692.28,692.28,683.32,,,ohlc,index_points,tradingview_public,東証グロース市場250,index
2026-07-27,^TSEMOTHERS,689.46,695.34,684.27,694.92,,694.92,689.46,695.34,684.27,,,ohlc,index_points,tradingview_public,東証グロース市場250,index
2026-07-28,^TSEMOTHERS,692.52,692.52,675.13,676.57,,676.57,692.52,692.52,675.13,,,ohlc,index_points,tradingview_public,東証グロース市場250,index
2026-07-29,^TSEMOTHERS,680.46,680.46,659.08,666.12,,666.12,680.46,680.46,659.08,,,ohlc,index_points,tradingview_public,東証グロース市場250,index
2026-07-30,^TSEMOTHERS,665.79,671.39,662.31,666.97,,666.97,665.79,671.39,662.31,,,ohlc,index_points,tradingview_public,東証グロース市場250,index
2026-07-31,^TSEMOTHERS,671.3,690.01,669.13,685.97,,685.97,671.3,690.01,669.13,,,ohlc,index_points,tradingview_public,東証グロース市場250,index
2026-08-03,^TSEMOTHERS,681.94,688.99,672.48,687.65,,687.65,681.94,688.99,672.48,,,ohlc,index_points,tradingview_public,東証グロース市場250,index
2026-08-04,^TSEMOTHERS,691.7,705.47,690.07,703.82,,703.82,691.7,705.47,690.07,,,ohlc,index_points,tradingview_public,東証グロース市場250,index
2026-08-05,^TSEMOTHERS,708.34,724.63,708.03,723.41,,723.41,708.34,724.63,708.03,,,ohlc,index_points,tradingview_public,東証グロース市場250,index
2026-08-06,^TSEMOTHERS,718.82,725.55,717.18,720.92,,720.92,718.82,725.55,717.18,,,ohlc,index_points,tradingview_public,東証グロース市場250,index
2026-08-07,^TSEMOTHERS,721.56,724.09,715.32,724.09,,724.09,721.56,724.09,715.32,,,ohlc,index_points,tradingview_public,東証グロース市場250,index
2026-08-10,^TSEMOTHERS,728.01,740.11,726.33,737.17,,737.17,728.01,740.11,726.33,,,ohlc,index_points,tradingview_public,東証グロース市場250,index
2026-08-12,^TSEMOTHERS,738.58,745.68,737.44,745.68,,745.68,738.58,745.68,737.44,,,ohlc,index_points,tradingview_public,東証グロース市場250,index
2026-08-13,^TSEMOTHERS,743.04,746.73,738.88,743.1,,743.1,743.04,746.73,738.88,,,ohlc,index_points,tradingview_public,東証グロース市場250,index
2026-08-14,^TSEMOTHERS,742.86,763.27,742.69,758.0,,758.0,742.86,763.27,742.69,,,ohlc,index_points,tradingview_public,東証グロース市場250,index
2026-08-17,^TSEMOTHERS,761.9,766.18,758.56,763.46,,763.46,761.9,766.18,758.56,,,ohlc,index_points,tradingview_public,東証グロース市場250,index
2026-08-18,^TSEMOTHERS,761.35,771.93,757.67,758.19,,758.19,761.35,771.93,757.67,,,ohlc,index_points,tradingview_public,東証グロース市場250,index
2026-08-19,^TSEMOTHERS,752.37,752.86,737.34,742.28,,742.28,752.37,752.86,737.34,,,ohlc,index_points,tradingview_public,東証グロース市場250,index
2026-08-20,^TSEMOTHERS,752.83,776.98,751.56,776.98,,776.98,752.83,776.98,751.56,,,ohlc,index_points,tradingview_public,東証グロース市場250,index
2026-08-21,^TSEMOTHERS,771.82,774.07,760.71,768.47,,768.47,771.82,774.07,760.71,,,ohlc,index_points,tradingview_public,東証グロース市場250,index
2026-08-24,^TSEMOTHERS,771.19,775.14,763.48,771.37,,771.37,771.19,775.14,763.48,,,ohlc,index_points,tradingview_public,東証グロース市場250,index
2026-08-25,^TSEMOTHERS,769.66,781.33,767.67,781.3,,781.3,769.66,781.33,767.67,,,ohlc,index_points,tradingview_public,東証グロース市場250,index
2026-08-26,^TSEMOTHERS,782.32,786.19,780.65,781.15,,781.15,782.32,786.19,780.65,,,ohlc,index_points,tradingview_public,東証グロース市場250,index
2026-08-27,^TSEMOTHERS,785.42,797.97,781.3,797.96,,797.96,785.42,797.97,781.3,,,ohlc,index_points,tradingview_public,東証グロース市場250,index
2026-08-28,^TSEMOTHERS,799.2,824.8,798.75,823.16,,823.16,799.2,824.8,798.75,,,ohlc,index_points,tradingview_public,東証グロース市場250,index
2026-08-31,^TSEMOTHERS,819.46,819.46,810.09,812.04,,812.04,819.46,819.46,810.09,,,ohlc,index_points,tradingview_public,東証グロース市場250,index
2026-09-01,^TSEMOTHERS,809.13,811.76,796.56,800.09,,800.09,809.13,811.76,796.56,,,ohlc,index_points,tradingview_public,東証グロース市場250,index
2026-09-02,^TSEMOTHERS,788.27,788.27,774.35,777.48,,777.48,788.27,788.27,774.35,,,ohlc,index_points,tradingview_public,東証グロース市場250,index
2026-09-03,^TSEMOTHERS,779.86,782.57,771.13,776.09,,776.09,779.86,782.57,771.13,,,ohlc,index_points,tradingview_public,東証グロース市場250,index
2026-09-04,^TSEMOTHERS,781.78,799.27,781.17,796.82,,796.82,781.78,799.27,781.17,,,ohlc,index_points,tradingview_public,東証グロース市場250,index
2026-09-07,^TSEMOTHERS,796.85,798.84,789.14,791.61,,791.61,796.85,798.84,789.14,,,ohlc,index_points,tradingview_public,東証グロース市場250,index
2026-09-08,^TSEMOTHERS,786.06,798.34,785.55,787.06,,787.06,786.06,798.34,785.55,,,ohlc,index_points,tradingview_public,東証グロース市場250,index
2026-09-09,^TSEMOTHERS,784.44,789.65,779.15,783.76,,783.76,784.44,789.65,779.15,,,ohlc,index_points,tradingview_public,東証グロース市場250,index
2026-09-10,^TSEMOTHERS,778.12,782.63,775.44,782.24,,782.24,778.12,782.63,775.44,,,ohlc,index_points,tradingview_public,東証グロース市場250,index
2026-09-11,^TSEMOTHERS,770.07,772.62,762.78,767.93,,767.93,770.07,772.62,762.78,,,ohlc,index_points,tradingview_public,東証グロース市場250,index
2026-03-27,JPY=X,,,,159.70399475097656,0.0,159.70399475097656,,,,,,close_only,JPY_per_USD,yfinance,ドル円（Yahoo日次終値）,fx
2026-03-30,JPY=X,,,,160.23399353027344,0.0,160.23399353027344,,,,,,close_only,JPY_per_USD,yfinance,ドル円（Yahoo日次終値）,fx
2026-03-31,JPY=X,,,,159.84100341796875,0.0,159.84100341796875,,,,,,close_only,JPY_per_USD,yfinance,ドル円（Yahoo日次終値）,fx
2026-04-01,JPY=X,,,,158.57899475097656,0.0,158.57899475097656,,,,,,close_only,JPY_per_USD,yfinance,ドル円（Yahoo日次終値）,fx
2026-04-02,JPY=X,,,,158.68800354003906,0.0,158.68800354003906,,,,,,close_only,JPY_per_USD,yfinance,ドル円（Yahoo日次終値）,fx
2026-04-03,JPY=X,,,,159.49099731445312,0.0,159.49099731445312,,,,,,close_only,JPY_per_USD,yfinance,ドル円（Yahoo日次終値）,fx
2026-04-06,JPY=X,,,,159.77999877929688,0.0,159.77999877929688,,,,,,close_only,JPY_per_USD,yfinance,ドル円（Yahoo日次終値）,fx
2026-04-07,JPY=X,,,,159.68299865722656,0.0,159.68299865722656,,,,,,close_only,JPY_per_USD,yfinance,ドル円（Yahoo日次終値）,fx
2026-04-08,JPY=X,,,,158.71600341796875,0.0,158.71600341796875,,,,,,close_only,JPY_per_USD,yfinance,ドル円（Yahoo日次終値）,fx
2026-04-09,JPY=X,,,,158.64199829101562,0.0,158.64199829101562,,,,,,close_only,JPY_per_USD,yfinance,ドル円（Yahoo日次終値）,fx
2026-04-10,JPY=X,,,,159.11199951171875,0.0,159.11199951171875,,,,,,close_only,JPY_per_USD,yfinance,ドル円（Yahoo日次終値）,fx
2026-04-13,JPY=X,,,,159.67999267578125,0.0,159.67999267578125,,,,,,close_only,JPY_per_USD,yfinance,ドル円（Yahoo日次終値）,fx
2026-04-14,JPY=X,,,,159.21400451660156,0.0,159.21400451660156,,,,,,close_only,JPY_per_USD,yfinance,ドル円（Yahoo日次終値）,fx
2026-04-15,JPY=X,,,,158.79200744628906,0.0,158.79200744628906,,,,,,close_only,JPY_per_USD,yfinance,ドル円（Yahoo日次終値）,fx
2026-04-16,JPY=X,,,,158.8090057373047,0.0,158.8090057373047,,,,,,close_only,JPY_per_USD,yfinance,ドル円（Yahoo日次終値）,fx
2026-04-17,JPY=X,,,,159.19500732421875,0.0,159.19500732421875,,,,,,close_only,JPY_per_USD,yfinance,ドル円（Yahoo日次終値）,fx
2026-04-20,JPY=X,,,,159.16099548339844,0.0,159.16099548339844,,,,,,close_only,JPY_per_USD,yfinance,ドル円（Yahoo日次終値）,fx
2026-04-21,JPY=X,,,,158.843994140625,0.0,158.843994140625,,,,,,close_only,JPY_per_USD,yfinance,ドル円（Yahoo日次終値）,fx
2026-04-22,JPY=X,,,,159.3730010986328,0.0,159.3730010986328,,,,,,close_only,JPY_per_USD,yfinance,ドル円（Yahoo日次終値）,fx
2026-04-23,JPY=X,,,,159.48800659179688,0.0,159.48800659179688,,,,,,close_only,JPY_per_USD,yfinance,ドル円（Yahoo日次終値）,fx
2026-04-24,JPY=X,,,,159.7469940185547,0.0,159.7469940185547,,,,,,close_only,JPY_per_USD,yfinance,ドル円（Yahoo日次終値）,fx
2026-04-27,JPY=X,,,,159.5760040283203,0.0,159.5760040283203,,,,,,close_only,JPY_per_USD,yfinance,ドル円（Yahoo日次終値）,fx
2026-04-28,JPY=X,,,,159.35699462890625,0.0,159.35699462890625,,,,,,close_only,JPY_per_USD,yfinance,ドル円（Yahoo日次終値）,fx
2026-04-29,JPY=X,,,,159.552001953125,0.0,159.552001953125,,,,,,close_only,JPY_per_USD,yfinance,ドル円（Yahoo日次終値）,fx
2026-04-30,JPY=X,,,,160.1840057373047,0.0,160.1840057373047,,,,,,close_only,JPY_per_USD,yfinance,ドル円（Yahoo日次終値）,fx
2026-05-01,JPY=X,,,,156.97799682617188,0.0,156.97799682617188,,,,,,close_only,JPY_per_USD,yfinance,ドル円（Yahoo日次終値）,fx
2026-05-04,JPY=X,,,,156.8459930419922,0.0,156.8459930419922,,,,,,close_only,JPY_per_USD,yfinance,ドル円（Yahoo日次終値）,fx
2026-05-05,JPY=X,,,,157.19400024414062,0.0,157.19400024414062,,,,,,close_only,JPY_per_USD,yfinance,ドル円（Yahoo日次終値）,fx
2026-05-06,JPY=X,,,,157.677001953125,0.0,157.677001953125,,,,,,close_only,JPY_per_USD,yfinance,ドル円（Yahoo日次終値）,fx
2026-05-07,JPY=X,,,,156.50799560546875,0.0,156.50799560546875,,,,,,close_only,JPY_per_USD,yfinance,ドル円（Yahoo日次終値）,fx
2026-05-08,JPY=X,,,,156.82899475097656,0.0,156.82899475097656,,,,,,close_only,JPY_per_USD,yfinance,ドル円（Yahoo日次終値）,fx
2026-05-11,JPY=X,,,,156.85800170898438,0.0,156.85800170898438,,,,,,close_only,JPY_per_USD,yfinance,ドル円（Yahoo日次終値）,fx
2026-05-12,JPY=X,,,,157.2310028076172,0.0,157.2310028076172,,,,,,close_only,JPY_per_USD,yfinance,ドル円（Yahoo日次終値）,fx
2026-05-13,JPY=X,,,,157.67100524902344,0.0,157.67100524902344,,,,,,close_only,JPY_per_USD,yfinance,ドル円（Yahoo日次終値）,fx
2026-05-14,JPY=X,,,,157.8509979248047,0.0,157.8509979248047,,,,,,close_only,JPY_per_USD,yfinance,ドル円（Yahoo日次終値）,fx
2026-05-15,JPY=X,,,,158.3820037841797,0.0,158.3820037841797,,,,,,close_only,JPY_per_USD,yfinance,ドル円（Yahoo日次終値）,fx
2026-05-18,JPY=X,,,,158.843994140625,0.0,158.843994140625,,,,,,close_only,JPY_per_USD,yfinance,ドル円（Yahoo日次終値）,fx
2026-05-19,JPY=X,,,,158.86099243164062,0.0,158.86099243164062,,,,,,close_only,JPY_per_USD,yfinance,ドル円（Yahoo日次終値）,fx
2026-05-20,JPY=X,,,,159.03500366210938,0.0,159.03500366210938,,,,,,close_only,JPY_per_USD,yfinance,ドル円（Yahoo日次終値）,fx
2026-05-21,JPY=X,,,,158.88800048828125,0.0,158.88800048828125,,,,,,close_only,JPY_per_USD,yfinance,ドル円（Yahoo日次終値）,fx
2026-05-22,JPY=X,,,,159.01800537109375,0.0,159.01800537109375,,,,,,close_only,JPY_per_USD,yfinance,ドル円（Yahoo日次終値）,fx
2026-05-25,JPY=X,,,,158.9459991455078,0.0,158.9459991455078,,,,,,close_only,JPY_per_USD,yfinance,ドル円（Yahoo日次終値）,fx
2026-05-26,JPY=X,,,,158.95399475097656,0.0,158.95399475097656,,,,,,close_only,JPY_per_USD,yfinance,ドル円（Yahoo日次終値）,fx
2026-05-27,JPY=X,,,,159.2429962158203,0.0,159.2429962158203,,,,,,close_only,JPY_per_USD,yfinance,ドル円（Yahoo日次終値）,fx
2026-05-28,JPY=X,,,,159.5679931640625,0.0,159.5679931640625,,,,,,close_only,JPY_per_USD,yfinance,ドル円（Yahoo日次終値）,fx
2026-05-29,JPY=X,,,,159.27000427246094,0.0,159.27000427246094,,,,,,close_only,JPY_per_USD,yfinance,ドル円（Yahoo日次終値）,fx
2026-06-01,JPY=X,,,,159.35299682617188,0.0,159.35299682617188,,,,,,close_only,JPY_per_USD,yfinance,ドル円（Yahoo日次終値）,fx
2026-06-02,JPY=X,,,,159.63600158691406,0.0,159.63600158691406,,,,,,close_only,JPY_per_USD,yfinance,ドル円（Yahoo日次終値）,fx
2026-06-03,JPY=X,,,,159.96800231933594,0.0,159.96800231933594,,,,,,close_only,JPY_per_USD,yfinance,ドル円（Yahoo日次終値）,fx
2026-06-04,JPY=X,,,,159.94000244140625,0.0,159.94000244140625,,,,,,close_only,JPY_per_USD,yfinance,ドル円（Yahoo日次終値）,fx
2026-06-05,JPY=X,,,,159.99000549316406,0.0,159.99000549316406,,,,,,close_only,JPY_per_USD,yfinance,ドル円（Yahoo日次終値）,fx
2026-06-08,JPY=X,,,,160.32699584960938,0.0,160.32699584960938,,,,,,close_only,JPY_per_USD,yfinance,ドル円（Yahoo日次終値）,fx
2026-06-09,JPY=X,,,,160.1739959716797,0.0,160.1739959716797,,,,,,close_only,JPY_per_USD,yfinance,ドル円（Yahoo日次終値）,fx
2026-06-10,JPY=X,,,,160.38400268554688,0.0,160.38400268554688,,,,,,close_only,JPY_per_USD,yfinance,ドル円（Yahoo日次終値）,fx
2026-06-11,JPY=X,,,,160.52699279785156,0.0,160.52699279785156,,,,,,close_only,JPY_per_USD,yfinance,ドル円（Yahoo日次終値）,fx
2026-06-12,JPY=X,,,,160.1300048828125,0.0,160.1300048828125,,,,,,close_only,JPY_per_USD,yfinance,ドル円（Yahoo日次終値）,fx
2026-06-15,JPY=X,,,,159.9550018310547,0.0,159.9550018310547,,,,,,close_only,JPY_per_USD,yfinance,ドル円（Yahoo日次終値）,fx
2026-06-16,JPY=X,,,,160.22900390625,0.0,160.22900390625,,,,,,close_only,JPY_per_USD,yfinance,ドル円（Yahoo日次終値）,fx
2026-06-17,JPY=X,,,,160.41900634765625,0.0,160.41900634765625,,,,,,close_only,JPY_per_USD,yfinance,ドル円（Yahoo日次終値）,fx
2026-06-18,JPY=X,,,,160.60000610351562,0.0,160.60000610351562,,,,,,close_only,JPY_per_USD,yfinance,ドル円（Yahoo日次終値）,fx
2026-06-19,JPY=X,,,,161.28900146484375,0.0,161.28900146484375,,,,,,close_only,JPY_per_USD,yfinance,ドル円（Yahoo日次終値）,fx
2026-06-22,JPY=X,,,,161.43299865722656,0.0,161.43299865722656,,,,,,close_only,JPY_per_USD,yfinance,ドル円（Yahoo日次終値）,fx
2026-06-23,JPY=X,,,,161.57000732421875,0.0,161.57000732421875,,,,,,close_only,JPY_per_USD,yfinance,ドル円（Yahoo日次終値）,fx
2026-06-24,JPY=X,,,,161.5989990234375,0.0,161.5989990234375,,,,,,close_only,JPY_per_USD,yfinance,ドル円（Yahoo日次終値）,fx
2026-06-25,JPY=X,,,,161.76300048828125,0.0,161.76300048828125,,,,,,close_only,JPY_per_USD,yfinance,ドル円（Yahoo日次終値）,fx
2026-06-26,JPY=X,,,,161.80499267578125,0.0,161.80499267578125,,,,,,close_only,JPY_per_USD,yfinance,ドル円（Yahoo日次終値）,fx
2026-06-29,JPY=X,,,,161.78700256347656,0.0,161.78700256347656,,,,,,close_only,JPY_per_USD,yfinance,ドル円（Yahoo日次終値）,fx
2026-06-30,JPY=X,,,,161.92300415039062,0.0,161.92300415039062,,,,,,close_only,JPY_per_USD,yfinance,ドル円（Yahoo日次終値）,fx
2026-07-01,JPY=X,,,,162.6280059814453,0.0,162.6280059814453,,,,,,close_only,JPY_per_USD,yfinance,ドル円（Yahoo日次終値）,fx
2026-07-02,JPY=X,,,,162.53900146484375,0.0,162.53900146484375,,,,,,close_only,JPY_per_USD,yfinance,ドル円（Yahoo日次終値）,fx
2026-07-03,JPY=X,,,,161.44900512695312,0.0,161.44900512695312,,,,,,close_only,JPY_per_USD,yfinance,ドル円（Yahoo日次終値）,fx
2026-07-06,JPY=X,,,,161.45199584960938,0.0,161.45199584960938,,,,,,close_only,JPY_per_USD,yfinance,ドル円（Yahoo日次終値）,fx
2026-07-07,JPY=X,,,,162.08799743652344,0.0,162.08799743652344,,,,,,close_only,JPY_per_USD,yfinance,ドル円（Yahoo日次終値）,fx
2026-07-08,JPY=X,,,,162.36300659179688,0.0,162.36300659179688,,,,,,close_only,JPY_per_USD,yfinance,ドル円（Yahoo日次終値）,fx
2026-07-09,JPY=X,,,,162.53900146484375,0.0,162.53900146484375,,,,,,close_only,JPY_per_USD,yfinance,ドル円（Yahoo日次終値）,fx
2026-07-10,JPY=X,,,,162.36300659179688,0.0,162.36300659179688,,,,,,close_only,JPY_per_USD,yfinance,ドル円（Yahoo日次終値）,fx
2026-07-13,JPY=X,,,,161.8780059814453,0.0,161.8780059814453,,,,,,close_only,JPY_per_USD,yfinance,ドル円（Yahoo日次終値）,fx
2026-07-14,JPY=X,,,,162.4290008544922,0.0,162.4290008544922,,,,,,close_only,JPY_per_USD,yfinance,ドル円（Yahoo日次終値）,fx
2026-07-15,JPY=X,,,,162.18699645996094,0.0,162.18699645996094,,,,,,close_only,JPY_per_USD,yfinance,ドル円（Yahoo日次終値）,fx
2026-07-16,JPY=X,,,,162.07200622558594,0.0,162.07200622558594,,,,,,close_only,JPY_per_USD,yfinance,ドル円（Yahoo日次終値）,fx
2026-07-17,JPY=X,,,,162.37600708007812,0.0,162.37600708007812,,,,,,close_only,JPY_per_USD,yfinance,ドル円（Yahoo日次終値）,fx
2026-07-20,JPY=X,,,,162.51199340820312,0.0,162.51199340820312,,,,,,close_only,JPY_per_USD,yfinance,ドル円（Yahoo日次終値）,fx
2026-07-21,JPY=X,,,,162.48699951171875,0.0,162.48699951171875,,,,,,close_only,JPY_per_USD,yfinance,ドル円（Yahoo日次終値）,fx
2026-07-22,JPY=X,,,,163.18600463867188,0.0,163.18600463867188,,,,,,close_only,JPY_per_USD,yfinance,ドル円（Yahoo日次終値）,fx
2026-07-23,JPY=X,,,,163.08099365234375,0.0,163.08099365234375,,,,,,close_only,JPY_per_USD,yfinance,ドル円（Yahoo日次終値）,fx
2026-07-24,JPY=X,,,,163.83200073242188,0.0,163.83200073242188,,,,,,close_only,JPY_per_USD,yfinance,ドル円（Yahoo日次終値）,fx
2026-07-27,JPY=X,,,,163.61099243164062,0.0,163.61099243164062,,,,,,close_only,JPY_per_USD,yfinance,ドル円（Yahoo日次終値）,fx
2026-07-28,JPY=X,,,,163.77099609375,0.0,163.77099609375,,,,,,close_only,JPY_per_USD,yfinance,ドル円（Yahoo日次終値）,fx
2026-07-29,JPY=X,,,,163.86399841308594,0.0,163.86399841308594,,,,,,close_only,JPY_per_USD,yfinance,ドル円（Yahoo日次終値）,fx
2026-07-30,JPY=X,,,,163.3000030517578,0.0,163.3000030517578,,,,,,close_only,JPY_per_USD,yfinance,ドル円（Yahoo日次終値）,fx
2026-07-31,JPY=X,,,,160.18299865722656,0.0,160.18299865722656,,,,,,close_only,JPY_per_USD,yfinance,ドル円（Yahoo日次終値）,fx
2026-08-03,JPY=X,,,,157.58200073242188,0.0,157.58200073242188,,,,,,close_only,JPY_per_USD,yfinance,ドル円（Yahoo日次終値）,fx
2026-08-04,JPY=X,,,,157.5290069580078,0.0,157.5290069580078,,,,,,close_only,JPY_per_USD,yfinance,ドル円（Yahoo日次終値）,fx
2026-08-05,JPY=X,,,,157.69200134277344,0.0,157.69200134277344,,,,,,close_only,JPY_per_USD,yfinance,ドル円（Yahoo日次終値）,fx
2026-08-06,JPY=X,,,,157.60000610351562,0.0,157.60000610351562,,,,,,close_only,JPY_per_USD,yfinance,ドル円（Yahoo日次終値）,fx
2026-08-07,JPY=X,,,,158.40899658203125,0.0,158.40899658203125,,,,,,close_only,JPY_per_USD,yfinance,ドル円（Yahoo日次終値）,fx
2026-08-10,JPY=X,,,,157.89100646972656,0.0,157.89100646972656,,,,,,close_only,JPY_per_USD,yfinance,ドル円（Yahoo日次終値）,fx
2026-08-11,JPY=X,,,,159.156005859375,0.0,159.156005859375,,,,,,close_only,JPY_per_USD,yfinance,ドル円（Yahoo日次終値）,fx
2026-08-12,JPY=X,,,,159.26499938964844,0.0,159.26499938964844,,,,,,close_only,JPY_per_USD,yfinance,ドル円（Yahoo日次終値）,fx
2026-08-13,JPY=X,,,,159.3280029296875,0.0,159.3280029296875,,,,,,close_only,JPY_per_USD,yfinance,ドル円（Yahoo日次終値）,fx
2026-08-14,JPY=X,,,,159.42599487304688,0.0,159.42599487304688,,,,,,close_only,JPY_per_USD,yfinance,ドル円（Yahoo日次終値）,fx
2026-08-17,JPY=X,,,,159.22300720214844,0.0,159.22300720214844,,,,,,close_only,JPY_per_USD,yfinance,ドル円（Yahoo日次終値）,fx
2026-08-18,JPY=X,,,,159.33999633789062,0.0,159.33999633789062,,,,,,close_only,JPY_per_USD,yfinance,ドル円（Yahoo日次終値）,fx
2026-08-19,JPY=X,,,,159.5500030517578,0.0,159.5500030517578,,,,,,close_only,JPY_per_USD,yfinance,ドル円（Yahoo日次終値）,fx
2026-08-20,JPY=X,,,,158.2760009765625,0.0,158.2760009765625,,,,,,close_only,JPY_per_USD,yfinance,ドル円（Yahoo日次終値）,fx
2026-08-21,JPY=X,,,,158.88299560546875,0.0,158.88299560546875,,,,,,close_only,JPY_per_USD,yfinance,ドル円（Yahoo日次終値）,fx
2026-08-24,JPY=X,,,,158.9040069580078,0.0,158.9040069580078,,,,,,close_only,JPY_per_USD,yfinance,ドル円（Yahoo日次終値）,fx
2026-08-25,JPY=X,,,,159.13900756835938,0.0,159.13900756835938,,,,,,close_only,JPY_per_USD,yfinance,ドル円（Yahoo日次終値）,fx
2026-08-26,JPY=X,,,,159.22300720214844,0.0,159.22300720214844,,,,,,close_only,JPY_per_USD,yfinance,ドル円（Yahoo日次終値）,fx
2026-08-27,JPY=X,,,,159.2550048828125,0.0,159.2550048828125,,,,,,close_only,JPY_per_USD,yfinance,ドル円（Yahoo日次終値）,fx
2026-08-28,JPY=X,,,,159.3209991455078,0.0,159.3209991455078,,,,,,close_only,JPY_per_USD,yfinance,ドル円（Yahoo日次終値）,fx
2026-08-31,JPY=X,,,,160.1219940185547,0.0,160.1219940185547,,,,,,close_only,JPY_per_USD,yfinance,ドル円（Yahoo日次終値）,fx
2026-09-01,JPY=X,,,,159.7469940185547,0.0,159.7469940185547,,,,,,close_only,JPY_per_USD,yfinance,ドル円（Yahoo日次終値）,fx
2026-09-02,JPY=X,,,,160.1959991455078,0.0,160.1959991455078,,,,,,close_only,JPY_per_USD,yfinance,ドル円（Yahoo日次終値）,fx
2026-09-03,JPY=X,,,,158.92300415039062,0.0,158.92300415039062,,,,,,close_only,JPY_per_USD,yfinance,ドル円（Yahoo日次終値）,fx
2026-09-04,JPY=X,,,,155.66000366210938,0.0,155.66000366210938,,,,,,close_only,JPY_per_USD,yfinance,ドル円（Yahoo日次終値）,fx
2026-09-07,JPY=X,,,,156.19700622558594,0.0,156.19700622558594,,,,,,close_only,JPY_per_USD,yfinance,ドル円（Yahoo日次終値）,fx
2026-09-08,JPY=X,,,,153.85499572753906,0.0,153.85499572753906,,,,,,close_only,JPY_per_USD,yfinance,ドル円（Yahoo日次終値）,fx
2026-09-09,JPY=X,,,,153.47799682617188,0.0,153.47799682617188,,,,,,close_only,JPY_per_USD,yfinance,ドル円（Yahoo日次終値）,fx
2026-09-10,JPY=X,,,,153.572998046875,0.0,153.572998046875,,,,,,close_only,JPY_per_USD,yfinance,ドル円（Yahoo日次終値）,fx
2026-03-20,^TNX,4.303999900817871,4.394000053405762,4.296000003814697,4.390999794006348,0.0,4.390999794006348,4.303999900817871,4.394000053405762,4.296000003814697,,,ohlc,percent,yfinance,米国10年国債利回り（Yahoo表示値・%）,yield
2026-03-23,^TNX,4.375999927520752,4.395999908447266,4.311999797821045,4.334000110626221,0.0,4.334000110626221,4.375999927520752,4.395999908447266,4.311999797821045,,,ohlc,percent,yfinance,米国10年国債利回り（Yahoo表示値・%）,yield
2026-03-24,^TNX,4.375999927520752,4.426000118255615,4.360000133514404,4.392000198364258,0.0,4.392000198364258,4.375999927520752,4.426000118255615,4.360000133514404,,,ohlc,percent,yfinance,米国10年国債利回り（Yahoo表示値・%）,yield
2026-03-25,^TNX,4.334000110626221,4.349999904632568,4.314000129699707,4.328000068664551,0.0,4.328000068664551,4.334000110626221,4.349999904632568,4.314000129699707,,,ohlc,percent,yfinance,米国10年国債利回り（Yahoo表示値・%）,yield
2026-03-26,^TNX,4.377999782562256,4.421999931335449,4.354000091552734,4.415999889373779,0.0,4.415999889373779,4.377999782562256,4.421999931335449,4.354000091552734,,,ohlc,percent,yfinance,米国10年国債利回り（Yahoo表示値・%）,yield
2026-03-27,^TNX,4.461999893188477,4.484000205993652,4.409999847412109,4.440000057220459,0.0,4.440000057220459,4.461999893188477,4.484000205993652,4.409999847412109,,,ohlc,percent,yfinance,米国10年国債利回り（Yahoo表示値・%）,yield
2026-03-30,^TNX,4.374000072479248,4.380000114440918,4.323999881744385,4.3420000076293945,0.0,4.3420000076293945,4.374000072479248,4.380000114440918,4.323999881744385,,,ohlc,percent,yfinance,米国10年国債利回り（Yahoo表示値・%）,yield
2026-03-31,^TNX,4.307000160217285,4.331999778747559,4.2870001792907715,4.310999870300293,0.0,4.310999870300293,4.307000160217285,4.331999778747559,4.2870001792907715,,,ohlc,percent,yfinance,米国10年国債利回り（Yahoo表示値・%）,yield
2026-04-01,^TNX,4.293000221252441,4.334000110626221,4.293000221252441,4.318999767303467,0.0,4.318999767303467,4.293000221252441,4.334000110626221,4.293000221252441,,,ohlc,percent,yfinance,米国10年国債利回り（Yahoo表示値・%）,yield
2026-04-02,^TNX,4.354000091552734,4.361999988555908,4.289000034332275,4.313000202178955,0.0,4.313000202178955,4.354000091552734,4.361999988555908,4.289000034332275,,,ohlc,percent,yfinance,米国10年国債利回り（Yahoo表示値・%）,yield
2026-04-06,^TNX,4.360000133514404,4.366000175476074,4.316999912261963,4.335000038146973,0.0,4.335000038146973,4.360000133514404,4.366000175476074,4.316999912261963,,,ohlc,percent,yfinance,米国10年国債利回り（Yahoo表示値・%）,yield
2026-04-07,^TNX,4.34499979019165,4.380000114440918,4.324999809265137,4.3429999351501465,0.0,4.3429999351501465,4.34499979019165,4.380000114440918,4.324999809265137,,,ohlc,percent,yfinance,米国10年国債利回り（Yahoo表示値・%）,yield
2026-04-08,^TNX,4.248000144958496,4.296999931335449,4.234000205993652,4.290999889373779,0.0,4.290999889373779,4.248000144958496,4.296999931335449,4.234000205993652,,,ohlc,percent,yfinance,米国10年国債利回り（Yahoo表示値・%）,yield
2026-04-09,^TNX,4.296999931335449,4.321000099182129,4.260000228881836,4.293000221252441,0.0,4.293000221252441,4.296999931335449,4.321000099182129,4.260000228881836,,,ohlc,percent,yfinance,米国10年国債利回り（Yahoo表示値・%）,yield
2026-04-10,^TNX,4.284999847412109,4.322999954223633,4.2769999504089355,4.316999912261963,0.0,4.316999912261963,4.284999847412109,4.322999954223633,4.2769999504089355,,,ohlc,percent,yfinance,米国10年国債利回り（Yahoo表示値・%）,yield
2026-04-13,^TNX,4.348999977111816,4.35099983215332,4.296999931335449,4.296999931335449,0.0,4.296999931335449,4.348999977111816,4.35099983215332,4.296999931335449,,,ohlc,percent,yfinance,米国10年国債利回り（Yahoo表示値・%）,yield
2026-04-14,^TNX,4.296999931335449,4.304999828338623,4.251999855041504,4.25600004196167,0.0,4.25600004196167,4.296999931335449,4.304999828338623,4.251999855041504,,,ohlc,percent,yfinance,米国10年国債利回り（Yahoo表示値・%）,yield
2026-04-15,^TNX,4.271999835968018,4.293000221252441,4.263999938964844,4.2820000648498535,0.0,4.2820000648498535,4.271999835968018,4.293000221252441,4.263999938964844,,,ohlc,percent,yfinance,米国10年国債利回り（Yahoo表示値・%）,yield
2026-04-16,^TNX,4.276000022888184,4.316999912261963,4.265999794006348,4.309000015258789,0.0,4.309000015258789,4.276000022888184,4.316999912261963,4.265999794006348,,,ohlc,percent,yfinance,米国10年国債利回り（Yahoo表示値・%）,yield
2026-04-17,^TNX,4.296999931335449,4.296999931335449,4.22599983215332,4.245999813079834,0.0,4.245999813079834,4.296999931335449,4.296999931335449,4.22599983215332,,,ohlc,percent,yfinance,米国10年国債利回り（Yahoo表示値・%）,yield
2026-04-20,^TNX,4.26200008392334,4.27400016784668,4.24399995803833,4.25,0.0,4.25,4.26200008392334,4.27400016784668,4.24399995803833,,,ohlc,percent,yfinance,米国10年国債利回り（Yahoo表示値・%）,yield
2026-04-21,^TNX,4.271999835968018,4.309000015258789,4.26200008392334,4.291999816894531,0.0,4.291999816894531,4.271999835968018,4.309000015258789,4.26200008392334,,,ohlc,percent,yfinance,米国10年国債利回り（Yahoo表示値・%）,yield
2026-04-22,^TNX,4.265999794006348,4.303999900817871,4.263999938964844,4.294000148773193,0.0,4.294000148773193,4.265999794006348,4.303999900817871,4.263999938964844,,,ohlc,percent,yfinance,米国10年国債利回り（Yahoo表示値・%）,yield
2026-04-23,^TNX,4.306000232696533,4.35099983215332,4.285999774932861,4.322999954223633,0.0,4.322999954223633,4.306000232696533,4.35099983215332,4.285999774932861,,,ohlc,percent,yfinance,米国10年国債利回り（Yahoo表示値・%）,yield
2026-04-24,^TNX,4.311999797821045,4.353000164031982,4.300000190734863,4.309999942779541,0.0,4.309999942779541,4.311999797821045,4.353000164031982,4.300000190734863,,,ohlc,percent,yfinance,米国10年国債利回り（Yahoo表示値・%）,yield
2026-04-27,^TNX,4.311999797821045,4.349999904632568,4.309999942779541,4.335999965667725,0.0,4.335999965667725,4.311999797821045,4.349999904632568,4.309999942779541,,,ohlc,percent,yfinance,米国10年国債利回り（Yahoo表示値・%）,yield
2026-04-28,^TNX,4.370999813079834,4.377999782562256,4.35099983215332,4.354000091552734,0.0,4.354000091552734,4.370999813079834,4.377999782562256,4.35099983215332,,,ohlc,percent,yfinance,米国10年国債利回り（Yahoo表示値・%）,yield
2026-04-29,^TNX,4.361999988555908,4.432000160217285,4.361999988555908,4.418000221252441,0.0,4.418000221252441,4.361999988555908,4.432000160217285,4.361999988555908,,,ohlc,percent,yfinance,米国10年国債利回り（Yahoo表示値・%）,yield
2026-04-30,^TNX,4.392000198364258,4.409999847412109,4.381999969482422,4.389999866485596,0.0,4.389999866485596,4.392000198364258,4.409999847412109,4.381999969482422,,,ohlc,percent,yfinance,米国10年国債利回り（Yahoo表示値・%）,yield
2026-05-01,^TNX,4.368000030517578,4.4039998054504395,4.3420000076293945,4.377999782562256,0.0,4.377999782562256,4.368000030517578,4.4039998054504395,4.3420000076293945,,,ohlc,percent,yfinance,米国10年国債利回り（Yahoo表示値・%）,yield
2026-05-04,^TNX,4.400000095367432,4.464000225067139,4.389999866485596,4.446000099182129,0.0,4.446000099182129,4.400000095367432,4.464000225067139,4.389999866485596,,,ohlc,percent,yfinance,米国10年国債利回り（Yahoo表示値・%）,yield
2026-05-05,^TNX,4.426000118255615,4.429999828338623,4.406000137329102,4.415999889373779,0.0,4.415999889373779,4.426000118255615,4.429999828338623,4.406000137329102,,,ohlc,percent,yfinance,米国10年国債利回り（Yahoo表示値・%）,yield
2026-05-06,^TNX,4.366000175476074,4.372000217437744,4.3480000495910645,4.355999946594238,0.0,4.355999946594238,4.366000175476074,4.372000217437744,4.3480000495910645,,,ohlc,percent,yfinance,米国10年国債利回り（Yahoo表示値・%）,yield
2026-05-07,^TNX,4.334000110626221,4.395999908447266,4.314000129699707,4.392000198364258,0.0,4.392000198364258,4.334000110626221,4.395999908447266,4.314000129699707,,,ohlc,percent,yfinance,米国10年国債利回り（Yahoo表示値・%）,yield
2026-05-08,^TNX,4.372000217437744,4.388000011444092,4.3460001945495605,4.363999843597412,0.0,4.363999843597412,4.372000217437744,4.388000011444092,4.3460001945495605,,,ohlc,percent,yfinance,米国10年国債利回り（Yahoo表示値・%）,yield
2026-05-11,^TNX,4.392000198364258,4.409999847412109,4.377999782562256,4.409999847412109,0.0,4.409999847412109,4.392000198364258,4.409999847412109,4.377999782562256,,,ohlc,percent,yfinance,米国10年国債利回り（Yahoo表示値・%）,yield
2026-05-12,^TNX,4.436999797821045,4.4670000076293945,4.422999858856201,4.4629998207092285,0.0,4.4629998207092285,4.436999797821045,4.4670000076293945,4.422999858856201,,,ohlc,percent,yfinance,米国10年国債利回り（Yahoo表示値・%）,yield
2026-05-13,^TNX,4.465000152587891,4.5,4.460999965667725,4.480999946594238,0.0,4.480999946594238,4.465000152587891,4.5,4.460999965667725,,,ohlc,percent,yfinance,米国10年国債利回り（Yahoo表示値・%）,yield
2026-05-14,^TNX,4.439000129699707,4.460999965667725,4.435999870300293,4.460999965667725,0.0,4.460999965667725,4.439000129699707,4.460999965667725,4.435999870300293,,,ohlc,percent,yfinance,米国10年国債利回り（Yahoo表示値・%）,yield
2026-05-15,^TNX,4.547999858856201,4.598999977111816,4.546000003814697,4.59499979019165,0.0,4.59499979019165,4.547999858856201,4.598999977111816,4.546000003814697,,,ohlc,percent,yfinance,米国10年国債利回り（Yahoo表示値・%）,yield
2026-05-18,^TNX,4.598999977111816,4.626999855041504,4.564000129699707,4.623000144958496,0.0,4.623000144958496,4.598999977111816,4.626999855041504,4.564000129699707,,,ohlc,percent,yfinance,米国10年国債利回り（Yahoo表示値・%）,yield
2026-05-19,^TNX,4.617000102996826,4.686999797821045,4.61299991607666,4.666999816894531,0.0,4.666999816894531,4.617000102996826,4.686999797821045,4.61299991607666,,,ohlc,percent,yfinance,米国10年国債利回り（Yahoo表示値・%）,yield
2026-05-20,^TNX,4.64300012588501,4.658999919891357,4.565999984741211,4.572000026702881,0.0,4.572000026702881,4.64300012588501,4.658999919891357,4.565999984741211,,,ohlc,percent,yfinance,米国10年国債利回り（Yahoo表示値・%）,yield
2026-05-21,^TNX,4.609000205993652,4.635000228881836,4.553999900817871,4.585999965667725,0.0,4.585999965667725,4.609000205993652,4.635000228881836,4.553999900817871,,,ohlc,percent,yfinance,米国10年国債利回り（Yahoo表示値・%）,yield
2026-05-22,^TNX,4.541999816894531,4.585999965667725,4.5279998779296875,4.558000087738037,0.0,4.558000087738037,4.541999816894531,4.585999965667725,4.5279998779296875,,,ohlc,percent,yfinance,米国10年国債利回り（Yahoo表示値・%）,yield
2026-05-26,^TNX,4.488999843597412,4.51200008392334,4.479000091552734,4.493000030517578,0.0,4.493000030517578,4.488999843597412,4.51200008392334,4.479000091552734,,,ohlc,percent,yfinance,米国10年国債利回り（Yahoo表示値・%）,yield
2026-05-27,^TNX,4.4710001945495605,4.488999843597412,4.448999881744385,4.480999946594238,0.0,4.480999946594238,4.4710001945495605,4.488999843597412,4.448999881744385,,,ohlc,percent,yfinance,米国10年国債利回り（Yahoo表示値・%）,yield
2026-05-28,^TNX,4.507999897003174,4.510000228881836,4.436999797821045,4.454999923706055,0.0,4.454999923706055,4.507999897003174,4.510000228881836,4.436999797821045,,,ohlc,percent,yfinance,米国10年国債利回り（Yahoo表示値・%）,yield
2026-05-29,^TNX,4.440999984741211,4.456999778747559,4.426000118255615,4.453000068664551,0.0,4.453000068664551,4.440999984741211,4.456999778747559,4.426000118255615,,,ohlc,percent,yfinance,米国10年国債利回り（Yahoo表示値・%）,yield
2026-06-01,^TNX,4.456999778747559,4.515999794006348,4.445000171661377,4.474999904632568,0.0,4.474999904632568,4.456999778747559,4.515999794006348,4.445000171661377,,,ohlc,percent,yfinance,米国10年国債利回り（Yahoo表示値・%）,yield
2026-06-02,^TNX,4.429999828338623,4.4629998207092285,4.427999973297119,4.454999923706055,0.0,4.454999923706055,4.429999828338623,4.4629998207092285,4.427999973297119,,,ohlc,percent,yfinance,米国10年国債利回り（Yahoo表示値・%）,yield
2026-06-03,^TNX,4.485000133514404,4.502999782562256,4.474999904632568,4.491000175476074,0.0,4.491000175476074,4.485000133514404,4.502999782562256,4.474999904632568,,,ohlc,percent,yfinance,米国10年国債利回り（Yahoo表示値・%）,yield
2026-06-04,^TNX,4.456999778747559,4.479000091552734,4.448999881744385,4.4770002365112305,0.0,4.4770002365112305,4.456999778747559,4.479000091552734,4.448999881744385,,,ohlc,percent,yfinance,米国10年国債利回り（Yahoo表示値・%）,yield
2026-06-05,^TNX,4.4670000076293945,4.553999900817871,4.465000152587891,4.535999774932861,0.0,4.535999774932861,4.4670000076293945,4.553999900817871,4.465000152587891,,,ohlc,percent,yfinance,米国10年国債利回り（Yahoo表示値・%）,yield
2026-06-08,^TNX,4.539999961853027,4.558000087738037,4.515999794006348,4.552000045776367,0.0,4.552000045776367,4.539999961853027,4.558000087738037,4.515999794006348,,,ohlc,percent,yfinance,米国10年国債利回り（Yahoo表示値・%）,yield
2026-06-09,^TNX,4.546000003814697,4.556000232696533,4.519999980926514,4.5279998779296875,0.0,4.5279998779296875,4.546000003814697,4.556000232696533,4.519999980926514,,,ohlc,percent,yfinance,米国10年国債利回り（Yahoo表示値・%）,yield
2026-06-10,^TNX,4.533999919891357,4.559999942779541,4.513000011444092,4.541999816894531,0.0,4.541999816894531,4.533999919891357,4.559999942779541,4.513000011444092,,,ohlc,percent,yfinance,米国10年国債利回り（Yahoo表示値・%）,yield
2026-06-11,^TNX,4.520999908447266,4.550000190734863,4.456999778747559,4.4629998207092285,0.0,4.4629998207092285,4.520999908447266,4.550000190734863,4.456999778747559,,,ohlc,percent,yfinance,米国10年国債利回り（Yahoo表示値・%）,yield
2026-06-12,^TNX,4.4730000495910645,4.506999969482422,4.468999862670898,4.486999988555908,0.0,4.486999988555908,4.4730000495910645,4.506999969482422,4.468999862670898,,,ohlc,percent,yfinance,米国10年国債利回り（Yahoo表示値・%）,yield
2026-06-15,^TNX,4.454999923706055,4.4730000495910645,4.440999984741211,4.468999862670898,0.0,4.468999862670898,4.454999923706055,4.4730000495910645,4.440999984741211,,,ohlc,percent,yfinance,米国10年国債利回り（Yahoo表示値・%）,yield
2026-06-16,^TNX,4.442999839782715,4.459000110626221,4.420000076293945,4.427999973297119,0.0,4.427999973297119,4.442999839782715,4.459000110626221,4.420000076293945,,,ohlc,percent,yfinance,米国10年国債利回り（Yahoo表示値・%）,yield
2026-06-17,^TNX,4.442999839782715,4.479000091552734,4.426000118255615,4.4629998207092285,0.0,4.4629998207092285,4.442999839782715,4.479000091552734,4.426000118255615,,,ohlc,percent,yfinance,米国10年国債利回り（Yahoo表示値・%）,yield
2026-06-18,^TNX,4.453000068664551,4.453000068664551,4.420000076293945,4.451000213623047,0.0,4.451000213623047,4.453000068664551,4.453000068664551,4.420000076293945,,,ohlc,percent,yfinance,米国10年国債利回り（Yahoo表示値・%）,yield
2026-06-22,^TNX,4.494999885559082,4.514999866485596,4.480999946594238,4.508999824523926,0.0,4.508999824523926,4.494999885559082,4.514999866485596,4.480999946594238,,,ohlc,percent,yfinance,米国10年国債利回り（Yahoo表示値・%）,yield
2026-06-23,^TNX,4.486999988555908,4.497000217437744,4.4770002365112305,4.493000030517578,0.0,4.493000030517578,4.486999988555908,4.497000217437744,4.4770002365112305,,,ohlc,percent,yfinance,米国10年国債利回り（Yahoo表示値・%）,yield
2026-06-24,^TNX,4.453000068664551,4.454999923706055,4.3979997634887695,4.4019999504089355,0.0,4.4019999504089355,4.453000068664551,4.454999923706055,4.3979997634887695,,,ohlc,percent,yfinance,米国10年国債利回り（Yahoo表示値・%）,yield
2026-06-25,^TNX,4.4120001792907715,4.414000034332275,4.36299991607666,4.392000198364258,0.0,4.392000198364258,4.4120001792907715,4.414000034332275,4.36299991607666,,,ohlc,percent,yfinance,米国10年国債利回り（Yahoo表示値・%）,yield
2026-06-26,^TNX,4.388000011444092,4.409999847412109,4.367000102996826,4.372000217437744,0.0,4.372000217437744,4.388000011444092,4.409999847412109,4.367000102996826,,,ohlc,percent,yfinance,米国10年国債利回り（Yahoo表示値・%）,yield
2026-06-29,^TNX,4.377999782562256,4.389999866485596,4.367000102996826,4.374000072479248,0.0,4.374000072479248,4.377999782562256,4.389999866485596,4.367000102996826,,,ohlc,percent,yfinance,米国10年国債利回り（Yahoo表示値・%）,yield
2026-06-30,^TNX,4.392000198364258,4.421999931335449,4.388000011444092,4.418000221252441,0.0,4.418000221252441,4.392000198364258,4.421999931335449,4.388000011444092,,,ohlc,percent,yfinance,米国10年国債利回り（Yahoo表示値・%）,yield
2026-07-01,^TNX,4.482999801635742,4.500999927520752,4.456999778747559,4.474999904632568,0.0,4.474999904632568,4.482999801635742,4.500999927520752,4.456999778747559,,,ohlc,percent,yfinance,米国10年国債利回り（Yahoo表示値・%）,yield
2026-07-02,^TNX,4.502999782562256,4.505000114440918,4.453000068664551,4.485000133514404,0.0,4.485000133514404,4.502999782562256,4.505000114440918,4.453000068664551,,,ohlc,percent,yfinance,米国10年国債利回り（Yahoo表示値・%）,yield
2026-07-06,^TNX,4.456999778747559,4.491000175476074,4.456999778747559,4.479000091552734,0.0,4.479000091552734,4.456999778747559,4.491000175476074,4.456999778747559,,,ohlc,percent,yfinance,米国10年国債利回り（Yahoo表示値・%）,yield
2026-07-07,^TNX,4.497000217437744,4.5329999923706055,4.485000133514404,4.5289998054504395,0.0,4.5289998054504395,4.497000217437744,4.5329999923706055,4.485000133514404,,,ohlc,percent,yfinance,米国10年国債利回り（Yahoo表示値・%）,yield
2026-07-08,^TNX,4.560999870300293,4.5970001220703125,4.557000160217285,4.568999767303467,0.0,4.568999767303467,4.560999870300293,4.5970001220703125,4.557000160217285,,,ohlc,percent,yfinance,米国10年国債利回り（Yahoo表示値・%）,yield
2026-07-09,^TNX,4.577000141143799,4.580999851226807,4.5289998054504395,4.539000034332275,0.0,4.539000034332275,4.577000141143799,4.580999851226807,4.5289998054504395,,,ohlc,percent,yfinance,米国10年国債利回り（Yahoo表示値・%）,yield
2026-07-10,^TNX,4.540999889373779,4.571000099182129,4.539000034332275,4.568999767303467,0.0,4.568999767303467,4.540999889373779,4.571000099182129,4.539000034332275,,,ohlc,percent,yfinance,米国10年国債利回り（Yahoo表示値・%）,yield
2026-07-13,^TNX,4.585000038146973,4.618000030517578,4.572999954223633,4.609000205993652,0.0,4.609000205993652,4.585000038146973,4.618000030517578,4.572999954223633,,,ohlc,percent,yfinance,米国10年国債利回り（Yahoo表示値・%）,yield
2026-07-14,^TNX,4.613999843597412,4.613999843597412,4.525000095367432,4.585000038146973,0.0,4.585000038146973,4.613999843597412,4.613999843597412,4.525000095367432,,,ohlc,percent,yfinance,米国10年国債利回り（Yahoo表示値・%）,yield
2026-07-15,^TNX,4.607999801635742,4.610000133514404,4.539000034332275,4.545000076293945,0.0,4.545000076293945,4.607999801635742,4.610000133514404,4.539000034332275,,,ohlc,percent,yfinance,米国10年国債利回り（Yahoo表示値・%）,yield
2026-07-16,^TNX,4.581999778747559,4.5960001945495605,4.560999870300293,4.568999767303467,0.0,4.568999767303467,4.581999778747559,4.5960001945495605,4.560999870300293,,,ohlc,percent,yfinance,米国10年国債利回り（Yahoo表示値・%）,yield
2026-07-17,^TNX,4.520999908447266,4.550000190734863,4.511000156402588,4.540999889373779,0.0,4.540999889373779,4.520999908447266,4.550000190734863,4.511000156402588,,,ohlc,percent,yfinance,米国10年国債利回り（Yahoo表示値・%）,yield
2026-07-20,^TNX,4.565999984741211,4.607999801635742,4.559999942779541,4.5980000495910645,0.0,4.5980000495910645,4.565999984741211,4.607999801635742,4.559999942779541,,,ohlc,percent,yfinance,米国10年国債利回り（Yahoo表示値・%）,yield
2026-07-21,^TNX,4.599999904632568,4.639999866485596,4.5980000495910645,4.627999782562256,0.0,4.627999782562256,4.599999904632568,4.639999866485596,4.5980000495910645,,,ohlc,percent,yfinance,米国10年国債利回り（Yahoo表示値・%）,yield
2026-07-22,^TNX,4.639999866485596,4.660999774932861,4.631999969482422,4.6570000648498535,0.0,4.6570000648498535,4.639999866485596,4.660999774932861,4.631999969482422,,,ohlc,percent,yfinance,米国10年国債利回り（Yahoo表示値・%）,yield
2026-07-23,^TNX,4.698999881744385,4.714000225067139,4.692999839782715,4.703000068664551,0.0,4.703000068664551,4.698999881744385,4.714000225067139,4.692999839782715,,,ohlc,percent,yfinance,米国10年国債利回り（Yahoo表示値・%）,yield
2026-07-24,^TNX,4.683000087738037,4.690999984741211,4.651000022888184,4.678999900817871,0.0,4.678999900817871,4.683000087738037,4.690999984741211,4.651000022888184,,,ohlc,percent,yfinance,米国10年国債利回り（Yahoo表示値・%）,yield
2026-07-27,^TNX,4.646999835968018,4.664999961853027,4.630000114440918,4.640999794006348,0.0,4.640999794006348,4.646999835968018,4.664999961853027,4.630000114440918,,,ohlc,percent,yfinance,米国10年国債利回り（Yahoo表示値・%）,yield
2026-07-28,^TNX,4.630000114440918,4.635000228881836,4.5879998207092285,4.604000091552734,0.0,4.604000091552734,4.630000114440918,4.635000228881836,4.5879998207092285,,,ohlc,percent,yfinance,米国10年国債利回り（Yahoo表示値・%）,yield
2026-07-29,^TNX,4.63700008392334,4.65500020980835,4.610000133514404,4.622000217437744,0.0,4.622000217437744,4.63700008392334,4.65500020980835,4.610000133514404,,,ohlc,percent,yfinance,米国10年国債利回り（Yahoo表示値・%）,yield
2026-07-30,^TNX,4.669000148773193,4.685999870300293,4.651000022888184,4.663000106811523,0.0,4.663000106811523,4.669000148773193,4.685999870300293,4.651000022888184,,,ohlc,percent,yfinance,米国10年国債利回り（Yahoo表示値・%）,yield
2026-07-31,^TNX,4.684000015258789,4.747000217437744,4.682000160217285,4.744999885559082,0.0,4.744999885559082,4.684000015258789,4.747000217437744,4.682000160217285,,,ohlc,percent,yfinance,米国10年国債利回り（Yahoo表示値・%）,yield
2026-08-03,^TNX,4.671000003814697,4.702000141143799,4.671000003814697,4.685999870300293,0.0,4.685999870300293,4.671000003814697,4.702000141143799,4.671000003814697,,,ohlc,percent,yfinance,米国10年国債利回り（Yahoo表示値・%）,yield
2026-08-04,^TNX,4.664999961853027,4.668000221252441,4.61899995803833,4.626999855041504,0.0,4.626999855041504,4.664999961853027,4.668000221252441,4.61899995803833,,,ohlc,percent,yfinance,米国10年国債利回り（Yahoo表示値・%）,yield
2026-08-05,^TNX,4.609000205993652,4.638999938964844,4.60699987411499,4.617000102996826,0.0,4.617000102996826,4.609000205993652,4.638999938964844,4.60699987411499,,,ohlc,percent,yfinance,米国10年国債利回り（Yahoo表示値・%）,yield
2026-08-06,^TNX,4.64300012588501,4.676000118255615,4.635000228881836,4.670000076293945,0.0,4.670000076293945,4.64300012588501,4.676000118255615,4.635000228881836,,,ohlc,percent,yfinance,米国10年国債利回り（Yahoo表示値・%）,yield
2026-08-07,^TNX,4.664000034332275,4.671999931335449,4.603000164031982,4.659999847412109,0.0,4.659999847412109,4.664000034332275,4.671999931335449,4.603000164031982,,,ohlc,percent,yfinance,米国10年国債利回り（Yahoo表示値・%）,yield
2026-08-10,^TNX,4.6620001792907715,4.703000068664551,4.6620001792907715,4.698999881744385,0.0,4.698999881744385,4.6620001792907715,4.703000068664551,4.6620001792907715,,,ohlc,percent,yfinance,米国10年国債利回り（Yahoo表示値・%）,yield
2026-08-11,^TNX,4.691999912261963,4.703000068664551,4.668000221252441,4.684000015258789,0.0,4.684000015258789,4.691999912261963,4.703000068664551,4.668000221252441,,,ohlc,percent,yfinance,米国10年国債利回り（Yahoo表示値・%）,yield
2026-08-12,^TNX,4.659999847412109,4.688000202178955,4.645999908447266,4.682000160217285,0.0,4.682000160217285,4.659999847412109,4.688000202178955,4.645999908447266,,,ohlc,percent,yfinance,米国10年国債利回り（Yahoo表示値・%）,yield
2026-08-13,^TNX,4.673999786376953,4.676000118255615,4.61299991607666,4.640999794006348,0.0,4.640999794006348,4.673999786376953,4.676000118255615,4.61299991607666,,,ohlc,percent,yfinance,米国10年国債利回り（Yahoo表示値・%）,yield
2026-08-14,^TNX,4.644999980926514,4.699999809265137,4.625,4.696000099182129,0.0,4.696000099182129,4.644999980926514,4.699999809265137,4.625,,,ohlc,percent,yfinance,米国10年国債利回り（Yahoo表示値・%）,yield
2026-08-17,^TNX,4.693999767303467,4.728000164031982,4.691999912261963,4.723999977111816,0.0,4.723999977111816,4.693999767303467,4.728000164031982,4.691999912261963,,,ohlc,percent,yfinance,米国10年国債利回り（Yahoo表示値・%）,yield
2026-08-18,^TNX,4.73199987411499,4.745999813079834,4.703999996185303,4.705999851226807,0.0,4.705999851226807,4.73199987411499,4.745999813079834,4.703999996185303,,,ohlc,percent,yfinance,米国10年国債利回り（Yahoo表示値・%）,yield
2026-08-19,^TNX,4.684000015258789,4.684000015258789,4.63700008392334,4.6529998779296875,0.0,4.6529998779296875,4.684000015258789,4.684000015258789,4.63700008392334,,,ohlc,percent,yfinance,米国10年国債利回り（Yahoo表示値・%）,yield
2026-08-20,^TNX,4.705999851226807,4.714000225067139,4.673999786376953,4.696000099182129,0.0,4.696000099182129,4.705999851226807,4.714000225067139,4.673999786376953,,,ohlc,percent,yfinance,米国10年国債利回り（Yahoo表示値・%）,yield
2026-08-21,^TNX,4.691999912261963,4.74399995803833,4.691999912261963,4.73799991607666,0.0,4.73799991607666,4.691999912261963,4.74399995803833,4.691999912261963,,,ohlc,percent,yfinance,米国10年国債利回り（Yahoo表示値・%）,yield
2026-08-24,^TNX,4.714000225067139,4.71999979019165,4.679999828338623,4.703999996185303,0.0,4.703999996185303,4.714000225067139,4.71999979019165,4.679999828338623,,,ohlc,percent,yfinance,米国10年国債利回り（Yahoo表示値・%）,yield
2026-08-25,^TNX,4.664000034332275,4.671999931335449,4.63700008392334,4.638999938964844,0.0,4.638999938964844,4.664000034332275,4.671999931335449,4.63700008392334,,,ohlc,percent,yfinance,米国10年国債利回り（Yahoo表示値・%）,yield
2026-08-26,^TNX,4.632999897003174,4.670000076293945,4.620999813079834,4.664000034332275,0.0,4.664000034332275,4.632999897003174,4.670000076293945,4.620999813079834,,,ohlc,percent,yfinance,米国10年国債利回り（Yahoo表示値・%）,yield
2026-08-27,^TNX,4.6579999923706055,4.679999828338623,4.64900016784668,4.671999931335449,0.0,4.671999931335449,4.6579999923706055,4.679999828338623,4.64900016784668,,,ohlc,percent,yfinance,米国10年国債利回り（Yahoo表示値・%）,yield
2026-08-28,^TNX,4.688000202178955,4.730000019073486,4.6539998054504395,4.71999979019165,0.0,4.71999979019165,4.688000202178955,4.730000019073486,4.6539998054504395,,,ohlc,percent,yfinance,米国10年国債利回り（Yahoo表示値・%）,yield
2026-08-31,^TNX,4.728000164031982,4.76800012588501,4.72599983215332,4.757999897003174,0.0,4.757999897003174,4.728000164031982,4.76800012588501,4.72599983215332,,,ohlc,percent,yfinance,米国10年国債利回り（Yahoo表示値・%）,yield
2026-09-01,^TNX,4.788000106811523,4.800000190734863,4.751999855041504,4.796000003814697,0.0,4.796000003814697,4.788000106811523,4.800000190734863,4.751999855041504,,,ohlc,percent,yfinance,米国10年国債利回り（Yahoo表示値・%）,yield
2026-09-02,^TNX,4.776000022888184,4.806000232696533,4.76800012588501,4.796000003814697,0.0,4.796000003814697,4.776000022888184,4.806000232696533,4.76800012588501,,,ohlc,percent,yfinance,米国10年国債利回り（Yahoo表示値・%）,yield
2026-09-03,^TNX,4.765999794006348,4.76800012588501,4.73199987411499,4.76200008392334,0.0,4.76200008392334,4.765999794006348,4.76800012588501,4.73199987411499,,,ohlc,percent,yfinance,米国10年国債利回り（Yahoo表示値・%）,yield
2026-09-04,^TNX,4.754000186920166,4.811999797821045,4.748000144958496,4.783999919891357,0.0,4.783999919891357,4.754000186920166,4.811999797821045,4.748000144958496,,,ohlc,percent,yfinance,米国10年国債利回り（Yahoo表示値・%）,yield
2026-09-08,^TNX,4.794000148773193,4.811999797821045,4.760000228881836,4.806000232696533,0.0,4.806000232696533,4.794000148773193,4.811999797821045,4.760000228881836,,,ohlc,percent,yfinance,米国10年国債利回り（Yahoo表示値・%）,yield
2026-09-09,^TNX,4.808000087738037,4.85699987411499,4.794000148773193,4.836999893188477,0.0,4.836999893188477,4.808000087738037,4.85699987411499,4.794000148773193,,,ohlc,percent,yfinance,米国10年国債利回り（Yahoo表示値・%）,yield
2026-09-10,^TNX,4.88100004196167,4.952000141143799,4.879000186920166,4.943999767303467,0.0,4.943999767303467,4.88100004196167,4.952000141143799,4.879000186920166,,,ohlc,percent,yfinance,米国10年国債利回り（Yahoo表示値・%）,yield
2026-03-18,JP10Y,,,,2.231,,2.231,,,,,,close_only,percent,mof,日本10年国債利回り,yield
2026-03-19,JP10Y,,,,2.273,,2.273,,,,,,close_only,percent,mof,日本10年国債利回り,yield
2026-03-23,JP10Y,,,,2.322,,2.322,,,,,,close_only,percent,mof,日本10年国債利回り,yield
2026-03-24,JP10Y,,,,2.282,,2.282,,,,,,close_only,percent,mof,日本10年国債利回り,yield
2026-03-25,JP10Y,,,,2.267,,2.267,,,,,,close_only,percent,mof,日本10年国債利回り,yield
2026-03-26,JP10Y,,,,2.286,,2.286,,,,,,close_only,percent,mof,日本10年国債利回り,yield
2026-03-27,JP10Y,,,,2.38,,2.38,,,,,,close_only,percent,mof,日本10年国債利回り,yield
2026-03-30,JP10Y,,,,2.368,,2.368,,,,,,close_only,percent,mof,日本10年国債利回り,yield
2026-03-31,JP10Y,,,,2.366,,2.366,,,,,,close_only,percent,mof,日本10年国債利回り,yield
2026-04-01,JP10Y,,,,2.315,,2.315,,,,,,close_only,percent,mof,日本10年国債利回り,yield
2026-04-02,JP10Y,,,,2.395,,2.395,,,,,,close_only,percent,mof,日本10年国債利回り,yield
2026-04-03,JP10Y,,,,2.386,,2.386,,,,,,close_only,percent,mof,日本10年国債利回り,yield
2026-04-06,JP10Y,,,,2.429,,2.429,,,,,,close_only,percent,mof,日本10年国債利回り,yield
2026-04-07,JP10Y,,,,2.411,,2.411,,,,,,close_only,percent,mof,日本10年国債利回り,yield
2026-04-08,JP10Y,,,,2.374,,2.374,,,,,,close_only,percent,mof,日本10年国債利回り,yield
2026-04-09,JP10Y,,,,2.397,,2.397,,,,,,close_only,percent,mof,日本10年国債利回り,yield
2026-04-10,JP10Y,,,,2.439,,2.439,,,,,,close_only,percent,mof,日本10年国債利回り,yield
2026-04-13,JP10Y,,,,2.467,,2.467,,,,,,close_only,percent,mof,日本10年国債利回り,yield
2026-04-14,JP10Y,,,,2.423,,2.423,,,,,,close_only,percent,mof,日本10年国債利回り,yield
2026-04-15,JP10Y,,,,2.414,,2.414,,,,,,close_only,percent,mof,日本10年国債利回り,yield
2026-04-16,JP10Y,,,,2.409,,2.409,,,,,,close_only,percent,mof,日本10年国債利回り,yield
2026-04-17,JP10Y,,,,2.428,,2.428,,,,,,close_only,percent,mof,日本10年国債利回り,yield
2026-04-20,JP10Y,,,,2.405,,2.405,,,,,,close_only,percent,mof,日本10年国債利回り,yield
2026-04-21,JP10Y,,,,2.392,,2.392,,,,,,close_only,percent,mof,日本10年国債利回り,yield
2026-04-22,JP10Y,,,,2.406,,2.406,,,,,,close_only,percent,mof,日本10年国債利回り,yield
2026-04-23,JP10Y,,,,2.429,,2.429,,,,,,close_only,percent,mof,日本10年国債利回り,yield
2026-04-24,JP10Y,,,,2.443,,2.443,,,,,,close_only,percent,mof,日本10年国債利回り,yield
2026-04-27,JP10Y,,,,2.477,,2.477,,,,,,close_only,percent,mof,日本10年国債利回り,yield
2026-04-28,JP10Y,,,,2.468,,2.468,,,,,,close_only,percent,mof,日本10年国債利回り,yield
2026-04-30,JP10Y,,,,2.52,,2.52,,,,,,close_only,percent,mof,日本10年国債利回り,yield
2026-05-01,JP10Y,,,,2.507,,2.507,,,,,,close_only,percent,mof,日本10年国債利回り,yield
2026-05-07,JP10Y,,,,2.485,,2.485,,,,,,close_only,percent,mof,日本10年国債利回り,yield
2026-05-08,JP10Y,,,,2.485,,2.485,,,,,,close_only,percent,mof,日本10年国債利回り,yield
2026-05-11,JP10Y,,,,2.527,,2.527,,,,,,close_only,percent,mof,日本10年国債利回り,yield
2026-05-12,JP10Y,,,,2.546,,2.546,,,,,,close_only,percent,mof,日本10年国債利回り,yield
2026-05-13,JP10Y,,,,2.587,,2.587,,,,,,close_only,percent,mof,日本10年国債利回り,yield
2026-05-14,JP10Y,,,,2.628,,2.628,,,,,,close_only,percent,mof,日本10年国債利回り,yield
2026-05-15,JP10Y,,,,2.691,,2.691,,,,,,close_only,percent,mof,日本10年国債利回り,yield
2026-05-18,JP10Y,,,,2.729,,2.729,,,,,,close_only,percent,mof,日本10年国債利回り,yield
2026-05-19,JP10Y,,,,2.783,,2.783,,,,,,close_only,percent,mof,日本10年国債利回り,yield
2026-05-20,JP10Y,,,,2.77,,2.77,,,,,,close_only,percent,mof,日本10年国債利回り,yield
2026-05-21,JP10Y,,,,2.748,,2.748,,,,,,close_only,percent,mof,日本10年国債利回り,yield
2026-05-22,JP10Y,,,,2.749,,2.749,,,,,,close_only,percent,mof,日本10年国債利回り,yield
2026-05-25,JP10Y,,,,2.686,,2.686,,,,,,close_only,percent,mof,日本10年国債利回り,yield
2026-05-26,JP10Y,,,,2.713,,2.713,,,,,,close_only,percent,mof,日本10年国債利回り,yield
2026-05-27,JP10Y,,,,2.687,,2.687,,,,,,close_only,percent,mof,日本10年国債利回り,yield
2026-05-28,JP10Y,,,,2.692,,2.692,,,,,,close_only,percent,mof,日本10年国債利回り,yield
2026-05-29,JP10Y,,,,2.657,,2.657,,,,,,close_only,percent,mof,日本10年国債利回り,yield
2026-06-01,JP10Y,,,,2.682,,2.682,,,,,,close_only,percent,mof,日本10年国債利回り,yield
2026-06-02,JP10Y,,,,2.577,,2.577,,,,,,close_only,percent,mof,日本10年国債利回り,yield
2026-06-03,JP10Y,,,,2.645,,2.645,,,,,,close_only,percent,mof,日本10年国債利回り,yield
2026-06-04,JP10Y,,,,2.671,,2.671,,,,,,close_only,percent,mof,日本10年国債利回り,yield
2026-06-05,JP10Y,,,,2.669,,2.669,,,,,,close_only,percent,mof,日本10年国債利回り,yield
2026-06-08,JP10Y,,,,2.715,,2.715,,,,,,close_only,percent,mof,日本10年国債利回り,yield
2026-06-09,JP10Y,,,,2.669,,2.669,,,,,,close_only,percent,mof,日本10年国債利回り,yield
2026-06-10,JP10Y,,,,2.681,,2.681,,,,,,close_only,percent,mof,日本10年国債利回り,yield
2026-06-11,JP10Y,,,,2.682,,2.682,,,,,,close_only,percent,mof,日本10年国債利回り,yield
2026-06-12,JP10Y,,,,2.643,,2.643,,,,,,close_only,percent,mof,日本10年国債利回り,yield
2026-06-15,JP10Y,,,,2.589,,2.589,,,,,,close_only,percent,mof,日本10年国債利回り,yield
2026-06-16,JP10Y,,,,2.655,,2.655,,,,,,close_only,percent,mof,日本10年国債利回り,yield
2026-06-17,JP10Y,,,,2.613,,2.613,,,,,,close_only,percent,mof,日本10年国債利回り,yield
2026-06-18,JP10Y,,,,2.628,,2.628,,,,,,close_only,percent,mof,日本10年国債利回り,yield
2026-06-19,JP10Y,,,,2.656,,2.656,,,,,,close_only,percent,mof,日本10年国債利回り,yield
2026-06-22,JP10Y,,,,2.677,,2.677,,,,,,close_only,percent,mof,日本10年国債利回り,yield
2026-06-23,JP10Y,,,,2.683,,2.683,,,,,,close_only,percent,mof,日本10年国債利回り,yield
2026-06-24,JP10Y,,,,2.674,,2.674,,,,,,close_only,percent,mof,日本10年国債利回り,yield
2026-06-25,JP10Y,,,,2.637,,2.637,,,,,,close_only,percent,mof,日本10年国債利回り,yield
2026-06-26,JP10Y,,,,2.611,,2.611,,,,,,close_only,percent,mof,日本10年国債利回り,yield
2026-06-29,JP10Y,,,,2.644,,2.644,,,,,,close_only,percent,mof,日本10年国債利回り,yield
2026-06-30,JP10Y,,,,2.69,,2.69,,,,,,close_only,percent,mof,日本10年国債利回り,yield
2026-07-01,JP10Y,,,,2.711,,2.711,,,,,,close_only,percent,mof,日本10年国債利回り,yield
2026-07-02,JP10Y,,,,2.778,,2.778,,,,,,close_only,percent,mof,日本10年国債利回り,yield
2026-07-03,JP10Y,,,,2.768,,2.768,,,,,,close_only,percent,mof,日本10年国債利回り,yield
2026-07-06,JP10Y,,,,2.823,,2.823,,,,,,close_only,percent,mof,日本10年国債利回り,yield
2026-07-07,JP10Y,,,,2.834,,2.834,,,,,,close_only,percent,mof,日本10年国債利回り,yield
2026-07-08,JP10Y,,,,2.856,,2.856,,,,,,close_only,percent,mof,日本10年国債利回り,yield
2026-07-09,JP10Y,,,,2.866,,2.866,,,,,,close_only,percent,mof,日本10年国債利回り,yield
2026-07-10,JP10Y,,,,2.761,,2.761,,,,,,close_only,percent,mof,日本10年国債利回り,yield
2026-07-13,JP10Y,,,,2.786,,2.786,,,,,,close_only,percent,mof,日本10年国債利回り,yield
2026-07-14,JP10Y,,,,2.713,,2.713,,,,,,close_only,percent,mof,日本10年国債利回り,yield
2026-07-15,JP10Y,,,,2.697,,2.697,,,,,,close_only,percent,mof,日本10年国債利回り,yield
2026-07-16,JP10Y,,,,2.719,,2.719,,,,,,close_only,percent,mof,日本10年国債利回り,yield
2026-07-17,JP10Y,,,,2.715,,2.715,,,,,,close_only,percent,mof,日本10年国債利回り,yield
2026-07-21,JP10Y,,,,2.731,,2.731,,,,,,close_only,percent,mof,日本10年国債利回り,yield
2026-07-22,JP10Y,,,,2.745,,2.745,,,,,,close_only,percent,mof,日本10年国債利回り,yield
2026-07-23,JP10Y,,,,2.776,,2.776,,,,,,close_only,percent,mof,日本10年国債利回り,yield
2026-07-24,JP10Y,,,,2.815,,2.815,,,,,,close_only,percent,mof,日本10年国債利回り,yield
2026-07-27,JP10Y,,,,2.778,,2.778,,,,,,close_only,percent,mof,日本10年国債利回り,yield
2026-07-28,JP10Y,,,,2.783,,2.783,,,,,,close_only,percent,mof,日本10年国債利回り,yield
2026-07-29,JP10Y,,,,2.757,,2.757,,,,,,close_only,percent,mof,日本10年国債利回り,yield
2026-07-30,JP10Y,,,,2.801,,2.801,,,,,,close_only,percent,mof,日本10年国債利回り,yield
2026-07-31,JP10Y,,,,2.801,,2.801,,,,,,close_only,percent,mof,日本10年国債利回り,yield
2026-08-03,JP10Y,,,,2.824,,2.824,,,,,,close_only,percent,mof,日本10年国債利回り,yield
2026-08-04,JP10Y,,,,2.848,,2.848,,,,,,close_only,percent,mof,日本10年国債利回り,yield
2026-08-05,JP10Y,,,,2.813,,2.813,,,,,,close_only,percent,mof,日本10年国債利回り,yield
2026-08-06,JP10Y,,,,2.773,,2.773,,,,,,close_only,percent,mof,日本10年国債利回り,yield
2026-08-07,JP10Y,,,,2.804,,2.804,,,,,,close_only,percent,mof,日本10年国債利回り,yield
2026-08-10,JP10Y,,,,2.815,,2.815,,,,,,close_only,percent,mof,日本10年国債利回り,yield
2026-08-12,JP10Y,,,,2.856,,2.856,,,,,,close_only,percent,mof,日本10年国債利回り,yield
2026-08-13,JP10Y,,,,2.873,,2.873,,,,,,close_only,percent,mof,日本10年国債利回り,yield
2026-08-14,JP10Y,,,,2.878,,2.878,,,,,,close_only,percent,mof,日本10年国債利回り,yield
2026-08-17,JP10Y,,,,2.919,,2.919,,,,,,close_only,percent,mof,日本10年国債利回り,yield
2026-08-18,JP10Y,,,,2.934,,2.934,,,,,,close_only,percent,mof,日本10年国債利回り,yield
2026-08-19,JP10Y,,,,2.894,,2.894,,,,,,close_only,percent,mof,日本10年国債利回り,yield
2026-08-20,JP10Y,,,,2.854,,2.854,,,,,,close_only,percent,mof,日本10年国債利回り,yield
2026-08-21,JP10Y,,,,2.882,,2.882,,,,,,close_only,percent,mof,日本10年国債利回り,yield
2026-08-24,JP10Y,,,,2.887,,2.887,,,,,,close_only,percent,mof,日本10年国債利回り,yield
2026-08-25,JP10Y,,,,2.897,,2.897,,,,,,close_only,percent,mof,日本10年国債利回り,yield
2026-08-26,JP10Y,,,,2.892,,2.892,,,,,,close_only,percent,mof,日本10年国債利回り,yield
2026-08-27,JP10Y,,,,2.897,,2.897,,,,,,close_only,percent,mof,日本10年国債利回り,yield
2026-08-28,JP10Y,,,,2.93,,2.93,,,,,,close_only,percent,mof,日本10年国債利回り,yield
2026-08-31,JP10Y,,,,2.943,,2.943,,,,,,close_only,percent,mof,日本10年国債利回り,yield
2026-09-01,JP10Y,,,,2.987,,2.987,,,,,,close_only,percent,mof,日本10年国債利回り,yield
2026-09-02,JP10Y,,,,3.006,,3.006,,,,,,close_only,percent,mof,日本10年国債利回り,yield
2026-09-03,JP10Y,,,,2.966,,2.966,,,,,,close_only,percent,mof,日本10年国債利回り,yield
2026-09-04,JP10Y,,,,2.91,,2.91,,,,,,close_only,percent,mof,日本10年国債利回り,yield
2026-09-07,JP10Y,,,,2.935,,2.935,,,,,,close_only,percent,mof,日本10年国債利回り,yield
2026-09-08,JP10Y,,,,2.896,,2.896,,,,,,close_only,percent,mof,日本10年国債利回り,yield
2026-09-09,JP10Y,,,,2.891,,2.891,,,,,,close_only,percent,mof,日本10年国債利回り,yield
2026-09-10,JP10Y,,,,2.92,,2.92,,,,,,close_only,percent,mof,日本10年国債利回り,yield
2026-03-20,^GSPC,6594.66015625,6594.66015625,6473.52001953125,6506.47998046875,10025820000.0,6506.47998046875,6594.66015625,6594.66015625,6473.52001953125,,,ohlc,index_points,yfinance,S&P500,index
2026-03-23,^GSPC,6574.9599609375,6651.6201171875,6565.5498046875,6581.0,6020650000.0,6581.0,6574.9599609375,6651.6201171875,6565.5498046875,,,ohlc,index_points,yfinance,S&P500,index
2026-03-24,^GSPC,6552.08984375,6595.75,6525.10986328125,6556.3701171875,5278580000.0,6556.3701171875,6552.08984375,6595.75,6525.10986328125,,,ohlc,index_points,yfinance,S&P500,index
2026-03-25,^GSPC,6598.35009765625,6633.93994140625,6568.41015625,6591.89990234375,4936720000.0,6591.89990234375,6598.35009765625,6633.93994140625,6568.41015625,,,ohlc,index_points,yfinance,S&P500,index
2026-03-26,^GSPC,6555.85986328125,6573.22021484375,6473.7900390625,6477.16015625,4845560000.0,6477.16015625,6555.85986328125,6573.22021484375,6473.7900390625,,,ohlc,index_points,yfinance,S&P500,index
2026-03-27,^GSPC,6453.89013671875,6453.89013671875,6356.080078125,6368.85009765625,5303490000.0,6368.85009765625,6453.89013671875,6453.89013671875,6356.080078125,,,ohlc,index_points,yfinance,S&P500,index
2026-03-30,^GSPC,6403.3701171875,6427.31005859375,6316.91015625,6343.72021484375,5458640000.0,6343.72021484375,6403.3701171875,6427.31005859375,6316.91015625,,,ohlc,index_points,yfinance,S&P500,index
2026-03-31,^GSPC,6395.8798828125,6539.0498046875,6395.8798828125,6528.52001953125,6396100000.0,6528.52001953125,6395.8798828125,6539.0498046875,6395.8798828125,,,ohlc,index_points,yfinance,S&P500,index
2026-04-01,^GSPC,6556.56005859375,6609.669921875,6554.2900390625,6575.31982421875,5637260000.0,6575.31982421875,6556.56005859375,6609.669921875,6554.2900390625,,,ohlc,index_points,yfinance,S&P500,index
2026-04-02,^GSPC,6512.60986328125,6601.91015625,6474.93994140625,6582.68994140625,4740740000.0,6582.68994140625,6512.60986328125,6601.91015625,6474.93994140625,,,ohlc,index_points,yfinance,S&P500,index
2026-04-06,^GSPC,6587.66015625,6618.1298828125,6579.72021484375,6611.830078125,3906440000.0,6611.830078125,6587.66015625,6618.1298828125,6579.72021484375,,,ohlc,index_points,yfinance,S&P500,index
2026-04-07,^GSPC,6601.93017578125,6618.259765625,6534.5498046875,6616.85009765625,4555680000.0,6616.85009765625,6601.93017578125,6618.259765625,6534.5498046875,,,ohlc,index_points,yfinance,S&P500,index
2026-04-08,^GSPC,6754.35986328125,6793.5,6740.27978515625,6782.81005859375,5904880000.0,6782.81005859375,6754.35986328125,6793.5,6740.27978515625,,,ohlc,index_points,yfinance,S&P500,index
2026-04-09,^GSPC,6783.68994140625,6835.31005859375,6761.5498046875,6824.66015625,4912410000.0,6824.66015625,6783.68994140625,6835.31005859375,6761.5498046875,,,ohlc,index_points,yfinance,S&P500,index
2026-04-10,^GSPC,6839.240234375,6845.77001953125,6808.4599609375,6816.89013671875,4393220000.0,6816.89013671875,6839.240234375,6845.77001953125,6808.4599609375,,,ohlc,index_points,yfinance,S&P500,index
2026-04-13,^GSPC,6806.47021484375,6887.0,6790.02001953125,6886.240234375,4785840000.0,6886.240234375,6806.47021484375,6887.0,6790.02001953125,,,ohlc,index_points,yfinance,S&P500,index
2026-04-14,^GSPC,6910.2001953125,6969.419921875,6905.169921875,6967.3798828125,5032380000.0,6967.3798828125,6910.2001953125,6969.419921875,6905.169921875,,,ohlc,index_points,yfinance,S&P500,index
2026-04-15,^GSPC,6978.169921875,7026.240234375,6967.1298828125,7022.9501953125,5278610000.0,7022.9501953125,6978.169921875,7026.240234375,6967.1298828125,,,ohlc,index_points,yfinance,S&P500,index
2026-04-16,^GSPC,7037.77978515625,7051.22998046875,7008.52001953125,7041.27978515625,5173650000.0,7041.27978515625,7037.77978515625,7051.22998046875,7008.52001953125,,,ohlc,index_points,yfinance,S&P500,index
2026-04-17,^GSPC,7074.5498046875,7147.52001953125,7074.5498046875,7126.06005859375,6145300000.0,7126.06005859375,7074.5498046875,7147.52001953125,7074.5498046875,,,ohlc,index_points,yfinance,S&P500,index
2026-04-20,^GSPC,7117.0498046875,7122.64990234375,7084.41015625,7109.14013671875,4661130000.0,7109.14013671875,7117.0498046875,7122.64990234375,7084.41015625,,,ohlc,index_points,yfinance,S&P500,index
2026-04-21,^GSPC,7122.64013671875,7137.27001953125,7050.2001953125,7064.009765625,5160270000.0,7064.009765625,7122.64013671875,7137.27001953125,7050.2001953125,,,ohlc,index_points,yfinance,S&P500,index
2026-04-22,^GSPC,7102.91015625,7138.64013671875,7102.91015625,7137.89990234375,4919460000.0,7137.89990234375,7102.91015625,7138.64013671875,7102.91015625,,,ohlc,index_points,yfinance,S&P500,index
2026-04-23,^GSPC,7118.7998046875,7147.77978515625,7046.5498046875,7108.39990234375,5307260000.0,7108.39990234375,7118.7998046875,7147.77978515625,7046.5498046875,,,ohlc,index_points,yfinance,S&P500,index
2026-04-24,^GSPC,7136.47998046875,7168.58984375,7112.81982421875,7165.080078125,4608830000.0,7165.080078125,7136.47998046875,7168.58984375,7112.81982421875,,,ohlc,index_points,yfinance,S&P500,index
2026-04-27,^GSPC,7152.72021484375,7178.740234375,7146.72021484375,7173.91015625,4783750000.0,7173.91015625,7152.72021484375,7178.740234375,7146.72021484375,,,ohlc,index_points,yfinance,S&P500,index
2026-04-28,^GSPC,7133.740234375,7152.52001953125,7115.169921875,7138.7998046875,4900650000.0,7138.7998046875,7133.740234375,7152.52001953125,7115.169921875,,,ohlc,index_points,yfinance,S&P500,index
2026-04-29,^GSPC,7131.60986328125,7145.6298828125,7107.85986328125,7135.9501953125,5123100000.0,7135.9501953125,7131.60986328125,7145.6298828125,7107.85986328125,,,ohlc,index_points,yfinance,S&P500,index
2026-04-30,^GSPC,7161.75,7219.830078125,7126.14990234375,7209.009765625,5723790000.0,7209.009765625,7161.75,7219.830078125,7126.14990234375,,,ohlc,index_points,yfinance,S&P500,index
2026-05-01,^GSPC,7234.5400390625,7272.52001953125,7229.31982421875,7230.1201171875,4847390000.0,7230.1201171875,7234.5400390625,7272.52001953125,7229.31982421875,,,ohlc,index_points,yfinance,S&P500,index
2026-05-04,^GSPC,7228.3798828125,7244.5400390625,7174.1201171875,7200.75,5215480000.0,7200.75,7228.3798828125,7244.5400390625,7174.1201171875,,,ohlc,index_points,yfinance,S&P500,index
2026-05-05,^GSPC,7233.6201171875,7273.259765625,7233.6201171875,7259.22021484375,5279760000.0,7259.22021484375,7233.6201171875,7273.259765625,7233.6201171875,,,ohlc,index_points,yfinance,S&P500,index
2026-05-06,^GSPC,7294.14013671875,7369.22021484375,7294.14013671875,7365.1201171875,6579640000.0,7365.1201171875,7294.14013671875,7369.22021484375,7294.14013671875,,,ohlc,index_points,yfinance,S&P500,index
2026-05-07,^GSPC,7376.77978515625,7385.02001953125,7321.25,7337.10986328125,6237040000.0,7337.10986328125,7376.77978515625,7385.02001953125,7321.25,,,ohlc,index_points,yfinance,S&P500,index
2026-05-08,^GSPC,7362.97021484375,7401.5,7362.97021484375,7398.93017578125,5302740000.0,7398.93017578125,7362.97021484375,7401.5,7362.97021484375,,,ohlc,index_points,yfinance,S&P500,index
2026-05-11,^GSPC,7385.31005859375,7428.97021484375,7384.2001953125,7412.83984375,5821910000.0,7412.83984375,7385.31005859375,7428.97021484375,7384.2001953125,,,ohlc,index_points,yfinance,S&P500,index
2026-05-12,^GSPC,7390.6298828125,7409.56982421875,7338.5400390625,7400.9599609375,5624790000.0,7400.9599609375,7390.6298828125,7409.56982421875,7338.5400390625,,,ohlc,index_points,yfinance,S&P500,index
2026-05-13,^GSPC,7409.1201171875,7460.0400390625,7375.1298828125,7444.25,5716600000.0,7444.25,7409.1201171875,7460.0400390625,7375.1298828125,,,ohlc,index_points,yfinance,S&P500,index
2026-05-14,^GSPC,7454.39990234375,7517.1201171875,7454.39990234375,7501.240234375,5267050000.0,7501.240234375,7454.39990234375,7517.1201171875,7454.39990234375,,,ohlc,index_points,yfinance,S&P500,index
2026-05-15,^GSPC,7445.10986328125,7454.85009765625,7397.5,7408.5,5582070000.0,7408.5,7445.10986328125,7454.85009765625,7397.5,,,ohlc,index_points,yfinance,S&P500,index
2026-05-18,^GSPC,7415.06982421875,7434.06005859375,7353.169921875,7403.0498046875,5489500000.0,7403.0498046875,7415.06982421875,7434.06005859375,7353.169921875,,,ohlc,index_points,yfinance,S&P500,index
2026-05-19,^GSPC,7375.75,7395.31982421875,7333.68017578125,7353.60986328125,5441140000.0,7353.60986328125,7375.75,7395.31982421875,7333.68017578125,,,ohlc,index_points,yfinance,S&P500,index
2026-05-20,^GSPC,7369.18994140625,7435.68994140625,7357.4599609375,7432.97021484375,5384150000.0,7432.97021484375,7369.18994140625,7435.68994140625,7357.4599609375,,,ohlc,index_points,yfinance,S&P500,index
2026-05-21,^GSPC,7410.77978515625,7465.9599609375,7389.47998046875,7445.72021484375,5440620000.0,7445.72021484375,7410.77978515625,7465.9599609375,7389.47998046875,,,ohlc,index_points,yfinance,S&P500,index
2026-05-22,^GSPC,7468.81982421875,7506.31982421875,7463.2900390625,7473.47021484375,4952440000.0,7473.47021484375,7468.81982421875,7506.31982421875,7463.2900390625,,,ohlc,index_points,yfinance,S&P500,index
2026-05-26,^GSPC,7511.7900390625,7539.08984375,7501.10009765625,7519.1201171875,5496060000.0,7519.1201171875,7511.7900390625,7539.08984375,7501.10009765625,,,ohlc,index_points,yfinance,S&P500,index
2026-05-27,^GSPC,7526.009765625,7530.72021484375,7499.72021484375,7520.35986328125,5524250000.0,7520.35986328125,7526.009765625,7530.72021484375,7499.72021484375,,,ohlc,index_points,yfinance,S&P500,index
2026-05-28,^GSPC,7519.81982421875,7568.72021484375,7508.0400390625,7563.6298828125,5494860000.0,7563.6298828125,7519.81982421875,7568.72021484375,7508.0400390625,,,ohlc,index_points,yfinance,S&P500,index
2026-05-29,^GSPC,7579.330078125,7599.3798828125,7563.5498046875,7580.06005859375,7858290000.0,7580.06005859375,7579.330078125,7599.3798828125,7563.5498046875,,,ohlc,index_points,yfinance,S&P500,index
2026-06-01,^GSPC,7582.2900390625,7617.66015625,7562.60986328125,7599.9599609375,6583960000.0,7599.9599609375,7582.2900390625,7617.66015625,7562.60986328125,,,ohlc,index_points,yfinance,S&P500,index
2026-06-02,^GSPC,7595.39990234375,7620.89990234375,7582.990234375,7609.77978515625,5904410000.0,7609.77978515625,7595.39990234375,7620.89990234375,7582.990234375,,,ohlc,index_points,yfinance,S&P500,index
2026-06-03,^GSPC,7605.31005859375,7605.35009765625,7551.22021484375,7553.68017578125,5753860000.0,7553.68017578125,7605.31005859375,7605.35009765625,7551.22021484375,,,ohlc,index_points,yfinance,S&P500,index
2026-06-04,^GSPC,7516.5400390625,7598.18994140625,7516.5400390625,7584.31005859375,5398910000.0,7584.31005859375,7516.5400390625,7598.18994140625,7516.5400390625,,,ohlc,index_points,yfinance,S&P500,index
2026-06-05,^GSPC,7537.35986328125,7541.81005859375,7368.6298828125,7383.740234375,5591290000.0,7383.740234375,7537.35986328125,7541.81005859375,7368.6298828125,,,ohlc,index_points,yfinance,S&P500,index
2026-06-08,^GSPC,7440.56982421875,7466.81005859375,7395.1298828125,7405.72998046875,4898180000.0,7405.72998046875,7440.56982421875,7466.81005859375,7395.1298828125,,,ohlc,index_points,yfinance,S&P500,index
2026-06-09,^GSPC,7438.66015625,7483.14990234375,7237.85009765625,7386.64990234375,6006390000.0,7386.64990234375,7438.66015625,7483.14990234375,7237.85009765625,,,ohlc,index_points,yfinance,S&P500,index
2026-06-10,^GSPC,7350.5400390625,7396.56005859375,7265.93017578125,7266.990234375,5247300000.0,7266.990234375,7350.5400390625,7396.56005859375,7265.93017578125,,,ohlc,index_points,yfinance,S&P500,index
2026-06-11,^GSPC,7287.669921875,7412.68017578125,7257.330078125,7394.2998046875,5658920000.0,7394.2998046875,7287.669921875,7412.68017578125,7257.330078125,,,ohlc,index_points,yfinance,S&P500,index
2026-06-12,^GSPC,7410.85009765625,7456.39990234375,7363.009765625,7431.4599609375,4950530000.0,7431.4599609375,7410.85009765625,7456.39990234375,7363.009765625,,,ohlc,index_points,yfinance,S&P500,index
2026-06-15,^GSPC,7516.75,7577.919921875,7516.75,7554.2900390625,5674670000.0,7554.2900390625,7516.75,7577.919921875,7516.75,,,ohlc,index_points,yfinance,S&P500,index
2026-06-16,^GSPC,7548.77978515625,7564.9599609375,7508.68017578125,7511.35009765625,5286210000.0,7511.35009765625,7548.77978515625,7564.9599609375,7508.68017578125,,,ohlc,index_points,yfinance,S&P500,index
2026-06-17,^GSPC,7524.5,7532.169921875,7402.60986328125,7420.10009765625,5883740000.0,7420.10009765625,7524.5,7532.169921875,7402.60986328125,,,ohlc,index_points,yfinance,S&P500,index
2026-06-18,^GSPC,7487.35986328125,7511.06982421875,7468.31982421875,7500.580078125,9061110000.0,7500.580078125,7487.35986328125,7511.06982421875,7468.31982421875,,,ohlc,index_points,yfinance,S&P500,index
2026-06-22,^GSPC,7500.43994140625,7530.009765625,7460.009765625,7472.7900390625,5976740000.0,7472.7900390625,7500.43994140625,7530.009765625,7460.009765625,,,ohlc,index_points,yfinance,S&P500,index
2026-06-23,^GSPC,7366.509765625,7424.169921875,7347.60009765625,7365.4599609375,5640530000.0,7365.4599609375,7366.509765625,7424.169921875,7347.60009765625,,,ohlc,index_points,yfinance,S&P500,index
2026-06-24,^GSPC,7370.8798828125,7428.06005859375,7336.81982421875,7358.22021484375,5994860000.0,7358.22021484375,7370.8798828125,7428.06005859375,7336.81982421875,,,ohlc,index_points,yfinance,S&P500,index
2026-06-25,^GSPC,7404.91015625,7419.080078125,7323.5,7357.490234375,5565760000.0,7357.490234375,7404.91015625,7419.080078125,7323.5,,,ohlc,index_points,yfinance,S&P500,index
2026-06-26,^GSPC,7312.740234375,7392.9501953125,7294.18017578125,7354.02001953125,9105600000.0,7354.02001953125,7312.740234375,7392.9501953125,7294.18017578125,,,ohlc,index_points,yfinance,S&P500,index
2026-06-29,^GSPC,7391.8798828125,7444.31982421875,7348.8798828125,7440.43017578125,5794570000.0,7440.43017578125,7391.8798828125,7444.31982421875,7348.8798828125,,,ohlc,index_points,yfinance,S&P500,index
2026-06-30,^GSPC,7441.27001953125,7508.2900390625,7438.0400390625,7499.35986328125,6037540000.0,7499.35986328125,7441.27001953125,7508.2900390625,7438.0400390625,,,ohlc,index_points,yfinance,S&P500,index
2026-07-01,^GSPC,7478.83984375,7521.81005859375,7449.6298828125,7483.22998046875,5782730000.0,7483.22998046875,7478.83984375,7521.81005859375,7449.6298828125,,,ohlc,index_points,yfinance,S&P500,index
2026-07-02,^GSPC,7495.14013671875,7540.75,7427.5498046875,7483.240234375,5463520000.0,7483.240234375,7495.14013671875,7540.75,7427.5498046875,,,ohlc,index_points,yfinance,S&P500,index
2026-07-06,^GSPC,7506.9599609375,7551.31005859375,7500.97021484375,7537.43017578125,4971110000.0,7537.43017578125,7506.9599609375,7551.31005859375,7500.97021484375,,,ohlc,index_points,yfinance,S&P500,index
2026-07-07,^GSPC,7516.6298828125,7536.06005859375,7478.6298828125,7503.85009765625,5049590000.0,7503.85009765625,7516.6298828125,7536.06005859375,7478.6298828125,,,ohlc,index_points,yfinance,S&P500,index
2026-07-08,^GSPC,7476.5400390625,7488.509765625,7421.81982421875,7482.7099609375,5102020000.0,7482.7099609375,7476.5400390625,7488.509765625,7421.81982421875,,,ohlc,index_points,yfinance,S&P500,index
2026-07-09,^GSPC,7491.60009765625,7546.89013671875,7481.72998046875,7543.64013671875,4442950000.0,7543.64013671875,7491.60009765625,7546.89013671875,7481.72998046875,,,ohlc,index_points,yfinance,S&P500,index
2026-07-10,^GSPC,7547.64013671875,7579.93017578125,7508.16015625,7575.39013671875,4006370000.0,7575.39013671875,7547.64013671875,7579.93017578125,7508.16015625,,,ohlc,index_points,yfinance,S&P500,index
2026-07-13,^GSPC,7547.52978515625,7565.3701171875,7506.41015625,7515.33984375,4729990000.0,7515.33984375,7547.52978515625,7565.3701171875,7506.41015625,,,ohlc,index_points,yfinance,S&P500,index
2026-07-14,^GSPC,7536.7001953125,7557.43994140625,7513.22998046875,7543.58984375,4836950000.0,7543.58984375,7536.7001953125,7557.43994140625,7513.22998046875,,,ohlc,index_points,yfinance,S&P500,index
2026-07-15,^GSPC,7571.72021484375,7581.5,7526.9501953125,7572.39990234375,5236550000.0,7572.39990234375,7571.72021484375,7581.5,7526.9501953125,,,ohlc,index_points,yfinance,S&P500,index
2026-07-16,^GSPC,7558.7998046875,7570.740234375,7504.02001953125,7533.77001953125,5365300000.0,7533.77001953125,7558.7998046875,7570.740234375,7504.02001953125,,,ohlc,index_points,yfinance,S&P500,index
2026-07-17,^GSPC,7447.52001953125,7498.47021484375,7431.259765625,7457.68994140625,5303290000.0,7457.68994140625,7447.52001953125,7498.47021484375,7431.259765625,,,ohlc,index_points,yfinance,S&P500,index
2026-07-20,^GSPC,7489.18017578125,7513.22998046875,7440.52978515625,7443.27978515625,5152910000.0,7443.27978515625,7489.18017578125,7513.22998046875,7440.52978515625,,,ohlc,index_points,yfinance,S&P500,index
2026-07-21,^GSPC,7489.9501953125,7515.31005859375,7467.85986328125,7509.2001953125,5149030000.0,7509.2001953125,7489.9501953125,7515.31005859375,7467.85986328125,,,ohlc,index_points,yfinance,S&P500,index
2026-07-22,^GSPC,7497.47021484375,7525.93994140625,7485.85009765625,7498.9599609375,4890390000.0,7498.9599609375,7497.47021484375,7525.93994140625,7485.85009765625,,,ohlc,index_points,yfinance,S&P500,index
2026-07-23,^GSPC,7418.2900390625,7450.1201171875,7376.0,7408.2998046875,5515210000.0,7408.2998046875,7418.2900390625,7450.1201171875,7376.0,,,ohlc,index_points,yfinance,S&P500,index
2026-07-24,^GSPC,7406.2998046875,7460.97998046875,7396.52978515625,7411.97998046875,4860620000.0,7411.97998046875,7406.2998046875,7460.97998046875,7396.52978515625,,,ohlc,index_points,yfinance,S&P500,index
2026-07-27,^GSPC,7464.2001953125,7480.56982421875,7382.740234375,7413.18017578125,5038290000.0,7413.18017578125,7464.2001953125,7480.56982421875,7382.740234375,,,ohlc,index_points,yfinance,S&P500,index
2026-07-28,^GSPC,7395.5498046875,7452.08984375,7382.9501953125,7428.77978515625,5590890000.0,7428.77978515625,7395.5498046875,7452.08984375,7382.9501953125,,,ohlc,index_points,yfinance,S&P500,index
2026-07-29,^GSPC,7418.16015625,7450.83984375,7313.919921875,7316.14990234375,5836350000.0,7316.14990234375,7418.16015625,7450.83984375,7313.919921875,,,ohlc,index_points,yfinance,S&P500,index
2026-07-30,^GSPC,7390.4501953125,7448.75,7370.97998046875,7437.6298828125,5594430000.0,7437.6298828125,7390.4501953125,7448.75,7370.97998046875,,,ohlc,index_points,yfinance,S&P500,index
2026-07-31,^GSPC,7462.1298828125,7512.0400390625,7399.830078125,7489.72021484375,5391020000.0,7489.72021484375,7462.1298828125,7512.0400390625,7399.830078125,,,ohlc,index_points,yfinance,S&P500,index
2026-08-03,^GSPC,7504.77978515625,7610.0400390625,7504.77978515625,7600.5,5201470000.0,7600.5,7504.77978515625,7610.0400390625,7504.77978515625,,,ohlc,index_points,yfinance,S&P500,index
2026-08-04,^GSPC,7630.6201171875,7758.2099609375,7629.10009765625,7736.52001953125,5906940000.0,7736.52001953125,7630.6201171875,7758.2099609375,7629.10009765625,,,ohlc,index_points,yfinance,S&P500,index
2026-08-05,^GSPC,7771.6201171875,7793.68017578125,7720.169921875,7723.5498046875,5615640000.0,7723.5498046875,7771.6201171875,7793.68017578125,7720.169921875,,,ohlc,index_points,yfinance,S&P500,index
2026-08-06,^GSPC,7713.7900390625,7742.85009765625,7698.14990234375,7709.9599609375,5330830000.0,7709.9599609375,7713.7900390625,7742.85009765625,7698.14990234375,,,ohlc,index_points,yfinance,S&P500,index
2026-08-07,^GSPC,7735.18017578125,7763.080078125,7719.18994140625,7757.64013671875,5019970000.0,7757.64013671875,7735.18017578125,7763.080078125,7719.18994140625,,,ohlc,index_points,yfinance,S&P500,index
2026-08-10,^GSPC,7751.740234375,7773.759765625,7743.10986328125,7753.10986328125,4879540000.0,7753.10986328125,7751.740234375,7773.759765625,7743.10986328125,,,ohlc,index_points,yfinance,S&P500,index
2026-08-11,^GSPC,7767.509765625,7767.509765625,7717.25,7728.2001953125,4739500000.0,7728.2001953125,7767.509765625,7767.509765625,7717.25,,,ohlc,index_points,yfinance,S&P500,index
2026-08-12,^GSPC,7765.4599609375,7766.009765625,7737.9501953125,7748.5,4574170000.0,7748.5,7765.4599609375,7766.009765625,7737.9501953125,,,ohlc,index_points,yfinance,S&P500,index
2026-08-13,^GSPC,7763.18017578125,7816.7001953125,7763.18017578125,7798.990234375,4833230000.0,7798.990234375,7763.18017578125,7816.7001953125,7763.18017578125,,,ohlc,index_points,yfinance,S&P500,index
2026-08-14,^GSPC,7806.60009765625,7810.009765625,7776.31005859375,7785.759765625,4159900000.0,7785.759765625,7806.60009765625,7810.009765625,7776.31005859375,,,ohlc,index_points,yfinance,S&P500,index
2026-08-17,^GSPC,7790.68017578125,7790.68017578125,7744.8798828125,7745.06005859375,4452630000.0,7745.06005859375,7790.68017578125,7790.68017578125,7744.8798828125,,,ohlc,index_points,yfinance,S&P500,index
2026-08-18,^GSPC,7700.0400390625,7713.9501953125,7688.6298828125,7691.759765625,4602700000.0,7691.759765625,7700.0400390625,7713.9501953125,7688.6298828125,,,ohlc,index_points,yfinance,S&P500,index
2026-08-19,^GSPC,7716.740234375,7743.93017578125,7700.06982421875,7707.97998046875,5184100000.0,7707.97998046875,7716.740234375,7743.93017578125,7700.06982421875,,,ohlc,index_points,yfinance,S&P500,index
2026-08-20,^GSPC,7690.490234375,7699.9599609375,7639.009765625,7641.16015625,4759610000.0,7641.16015625,7690.490234375,7699.9599609375,7639.009765625,,,ohlc,index_points,yfinance,S&P500,index
2026-08-21,^GSPC,7665.68017578125,7697.10986328125,7660.06005859375,7674.3701171875,4497270000.0,7674.3701171875,7665.68017578125,7697.10986328125,7660.06005859375,,,ohlc,index_points,yfinance,S&P500,index
2026-08-24,^GSPC,7663.3798828125,7670.2998046875,7638.169921875,7652.85986328125,4400800000.0,7652.85986328125,7663.3798828125,7670.2998046875,7638.169921875,,,ohlc,index_points,yfinance,S&P500,index
2026-08-25,^GSPC,7676.66015625,7686.10986328125,7650.919921875,7677.27978515625,4260240000.0,7677.27978515625,7676.66015625,7686.10986328125,7650.919921875,,,ohlc,index_points,yfinance,S&P500,index
2026-08-26,^GSPC,7666.8798828125,7690.72998046875,7657.41015625,7675.7001953125,4100600000.0,7675.7001953125,7666.8798828125,7690.72998046875,7657.41015625,,,ohlc,index_points,yfinance,S&P500,index
2026-08-27,^GSPC,7710.33984375,7741.27001953125,7689.89013671875,7730.990234375,4362240000.0,7730.990234375,7710.33984375,7741.27001953125,7689.89013671875,,,ohlc,index_points,yfinance,S&P500,index
2026-08-28,^GSPC,7735.169921875,7771.47998046875,7700.91015625,7711.759765625,4297560000.0,7711.759765625,7735.169921875,7771.47998046875,7700.91015625,,,ohlc,index_points,yfinance,S&P500,index
2026-08-31,^GSPC,7697.52001953125,7697.52001953125,7665.06005859375,7686.14013671875,5386090000.0,7686.14013671875,7697.52001953125,7697.52001953125,7665.06005859375,,,ohlc,index_points,yfinance,S&P500,index
2026-09-01,^GSPC,7635.47021484375,7663.6298828125,7611.2001953125,7631.47021484375,4858180000.0,7631.47021484375,7635.47021484375,7663.6298828125,7611.2001953125,,,ohlc,index_points,yfinance,S&P500,index
2026-09-02,^GSPC,7634.580078125,7681.18994140625,7633.6201171875,7666.60009765625,4738910000.0,7666.60009765625,7634.580078125,7681.18994140625,7633.6201171875,,,ohlc,index_points,yfinance,S&P500,index
2026-09-03,^GSPC,7686.7099609375,7756.759765625,7686.7099609375,7747.7099609375,4726400000.0,7747.7099609375,7686.7099609375,7756.759765625,7686.7099609375,,,ohlc,index_points,yfinance,S&P500,index
2026-09-04,^GSPC,7750.18994140625,7750.18994140625,7706.1201171875,7718.60009765625,4103570000.0,7718.60009765625,7750.18994140625,7750.18994140625,7706.1201171875,,,ohlc,index_points,yfinance,S&P500,index
2026-09-08,^GSPC,7717.81005859375,7717.81005859375,7666.990234375,7673.52001953125,4966930000.0,7673.52001953125,7717.81005859375,7717.81005859375,7666.990234375,,,ohlc,index_points,yfinance,S&P500,index
2026-09-09,^GSPC,7660.68017578125,7660.68017578125,7624.16015625,7636.35986328125,4896940000.0,7636.35986328125,7660.68017578125,7660.68017578125,7624.16015625,,,ohlc,index_points,yfinance,S&P500,index
2026-09-10,^GSPC,7594.740234375,7612.85986328125,7580.06005859375,7591.7001953125,4893500000.0,7591.7001953125,7594.740234375,7612.85986328125,7580.06005859375,,,ohlc,index_points,yfinance,S&P500,index
2026-03-20,^IXIC,21989.330078125,21997.08984375,21522.75,21647.609375,11743490000.0,21647.609375,21989.330078125,21997.08984375,21522.75,,,ohlc,index_points,yfinance,NASDAQ総合,index
2026-03-23,^IXIC,21995.779296875,22189.33984375,21865.80078125,21946.759765625,8895880000.0,21946.759765625,21995.779296875,22189.33984375,21865.80078125,,,ohlc,index_points,yfinance,NASDAQ総合,index
2026-03-24,^IXIC,21807.599609375,21916.16015625,21712.0390625,21761.890625,8488380000.0,21761.890625,21807.599609375,21916.16015625,21712.0390625,,,ohlc,index_points,yfinance,NASDAQ総合,index
2026-03-25,^IXIC,22006.4296875,22093.1796875,21865.4609375,21929.8203125,8056920000.0,21929.8203125,22006.4296875,22093.1796875,21865.4609375,,,ohlc,index_points,yfinance,NASDAQ総合,index
2026-03-26,^IXIC,21693.1796875,21823.580078125,21395.76953125,21408.080078125,7726590000.0,21408.080078125,21693.1796875,21823.580078125,21395.76953125,,,ohlc,index_points,yfinance,NASDAQ総合,index
2026-03-27,^IXIC,21287.189453125,21293.5,20909.9296875,20948.359375,8713310000.0,20948.359375,21287.189453125,21293.5,20909.9296875,,,ohlc,index_points,yfinance,NASDAQ総合,index
2026-03-30,^IXIC,21096.240234375,21139.720703125,20690.25,20794.640625,9234380000.0,20794.640625,21096.240234375,21139.720703125,20690.25,,,ohlc,index_points,yfinance,NASDAQ総合,index
2026-03-31,^IXIC,21064.330078125,21642.619140625,21063.380859375,21590.630859375,10645070000.0,21590.630859375,21064.330078125,21642.619140625,21063.380859375,,,ohlc,index_points,yfinance,NASDAQ総合,index
2026-04-01,^IXIC,21742.7890625,21983.0703125,21723.720703125,21840.94921875,8801740000.0,21840.94921875,21742.7890625,21983.0703125,21723.720703125,,,ohlc,index_points,yfinance,NASDAQ総合,index
2026-04-02,^IXIC,21472.51953125,21906.48046875,21371.3203125,21879.1796875,8134780000.0,21879.1796875,21472.51953125,21906.48046875,21371.3203125,,,ohlc,index_points,yfinance,NASDAQ総合,index
2026-04-06,^IXIC,21939.80078125,22052.41015625,21864.5,21996.33984375,7907270000.0,21996.33984375,21939.80078125,22052.41015625,21864.5,,,ohlc,index_points,yfinance,NASDAQ総合,index
2026-04-07,^IXIC,21927.08984375,22024.900390625,21611.0,22017.849609375,10796020000.0,22017.849609375,21927.08984375,22024.900390625,21611.0,,,ohlc,index_points,yfinance,NASDAQ総合,index
2026-04-08,^IXIC,22821.2109375,22821.2109375,22501.279296875,22634.990234375,10411670000.0,22634.990234375,22821.2109375,22821.2109375,22501.279296875,,,ohlc,index_points,yfinance,NASDAQ総合,index
2026-04-09,^IXIC,22646.349609375,22836.75,22529.2109375,22822.419921875,8662470000.0,22822.419921875,22646.349609375,22836.75,22529.2109375,,,ohlc,index_points,yfinance,NASDAQ総合,index
2026-04-10,^IXIC,22913.91015625,23011.76953125,22845.05078125,22902.890625,8700640000.0,22902.890625,22913.91015625,23011.76953125,22845.05078125,,,ohlc,index_points,yfinance,NASDAQ総合,index
2026-04-13,^IXIC,22849.23046875,23187.9609375,22795.8203125,23183.740234375,7925320000.0,23183.740234375,22849.23046875,23187.9609375,22795.8203125,,,ohlc,index_points,yfinance,NASDAQ総合,index
2026-04-14,^IXIC,23331.5,23639.080078125,23331.5,23639.080078125,9105660000.0,23639.080078125,23331.5,23639.080078125,23331.5,,,ohlc,index_points,yfinance,NASDAQ総合,index
2026-04-15,^IXIC,23688.119140625,24026.560546875,23672.259765625,24016.01953125,10206480000.0,24016.01953125,23688.119140625,24026.560546875,23672.259765625,,,ohlc,index_points,yfinance,NASDAQ総合,index
2026-04-16,^IXIC,24062.44921875,24156.1796875,23894.91015625,24102.69921875,9963610000.0,24102.69921875,24062.44921875,24156.1796875,23894.91015625,,,ohlc,index_points,yfinance,NASDAQ総合,index
2026-04-17,^IXIC,24338.009765625,24519.509765625,24286.470703125,24468.48046875,10159120000.0,24468.48046875,24338.009765625,24519.509765625,24286.470703125,,,ohlc,index_points,yfinance,NASDAQ総合,index
2026-04-20,^IXIC,24417.529296875,24435.919921875,24221.529296875,24404.390625,8379940000.0,24404.390625,24417.529296875,24435.919921875,24221.529296875,,,ohlc,index_points,yfinance,NASDAQ総合,index
2026-04-21,^IXIC,24465.33984375,24537.580078125,24198.990234375,24259.9609375,9309940000.0,24259.9609375,24465.33984375,24537.580078125,24198.990234375,,,ohlc,index_points,yfinance,NASDAQ総合,index
2026-04-22,^IXIC,24462.310546875,24660.109375,24421.400390625,24657.5703125,8080930000.0,24657.5703125,24462.310546875,24660.109375,24421.400390625,,,ohlc,index_points,yfinance,NASDAQ総合,index
2026-04-23,^IXIC,24553.75,24664.869140625,24209.740234375,24438.5,7956600000.0,24438.5,24553.75,24664.869140625,24209.740234375,,,ohlc,index_points,yfinance,NASDAQ総合,index
2026-04-24,^IXIC,24616.560546875,24854.0390625,24524.369140625,24836.599609375,10203070000.0,24836.599609375,24616.560546875,24854.0390625,24524.369140625,,,ohlc,index_points,yfinance,NASDAQ総合,index
2026-04-27,^IXIC,24799.640625,24899.369140625,24694.8203125,24887.099609375,8126500000.0,24887.099609375,24799.640625,24899.369140625,24694.8203125,,,ohlc,index_points,yfinance,NASDAQ総合,index
2026-04-28,^IXIC,24609.5703125,24724.69921875,24524.23046875,24663.80078125,7441950000.0,24663.80078125,24609.5703125,24724.69921875,24524.23046875,,,ohlc,index_points,yfinance,NASDAQ総合,index
2026-04-29,^IXIC,24606.529296875,24724.109375,24532.69921875,24673.240234375,8147470000.0,24673.240234375,24606.529296875,24724.109375,24532.69921875,,,ohlc,index_points,yfinance,NASDAQ総合,index
2026-04-30,^IXIC,24859.939453125,24935.599609375,24491.830078125,24892.310546875,8139190000.0,24892.310546875,24859.939453125,24935.599609375,24491.830078125,,,ohlc,index_points,yfinance,NASDAQ総合,index
2026-05-01,^IXIC,24977.7890625,25223.119140625,24967.08984375,25114.439453125,7534290000.0,25114.439453125,24977.7890625,25223.119140625,24967.08984375,,,ohlc,index_points,yfinance,NASDAQ総合,index
2026-05-04,^IXIC,25112.1796875,25210.470703125,24913.119140625,25067.80078125,7849180000.0,25067.80078125,25112.1796875,25210.470703125,24913.119140625,,,ohlc,index_points,yfinance,NASDAQ総合,index
2026-05-05,^IXIC,25258.880859375,25361.05078125,25217.16015625,25326.130859375,8090030000.0,25326.130859375,25258.880859375,25361.05078125,25217.16015625,,,ohlc,index_points,yfinance,NASDAQ総合,index
2026-05-06,^IXIC,25495.169921875,25850.189453125,25464.439453125,25838.939453125,8864150000.0,25838.939453125,25495.169921875,25850.189453125,25464.439453125,,,ohlc,index_points,yfinance,NASDAQ総合,index
2026-05-07,^IXIC,25881.30078125,26036.380859375,25713.650390625,25806.19921875,9118880000.0,25806.19921875,25881.30078125,26036.380859375,25713.650390625,,,ohlc,index_points,yfinance,NASDAQ総合,index
2026-05-08,^IXIC,25958.119140625,26248.619140625,25944.779296875,26247.080078125,9577150000.0,26247.080078125,25958.119140625,26248.619140625,25944.779296875,,,ohlc,index_points,yfinance,NASDAQ総合,index
2026-05-11,^IXIC,26135.630859375,26359.310546875,26129.830078125,26274.130859375,11989910000.0,26274.130859375,26135.630859375,26359.310546875,26129.830078125,,,ohlc,index_points,yfinance,NASDAQ総合,index
2026-05-12,^IXIC,26087.009765625,26190.48046875,25739.220703125,26088.19921875,9631840000.0,26088.19921875,26087.009765625,26190.48046875,25739.220703125,,,ohlc,index_points,yfinance,NASDAQ総合,index
2026-05-13,^IXIC,26147.650390625,26474.1796875,25990.16015625,26402.33984375,9734720000.0,26402.33984375,26147.650390625,26474.1796875,25990.16015625,,,ohlc,index_points,yfinance,NASDAQ総合,index
2026-05-14,^IXIC,26425.470703125,26707.140625,26423.2109375,26635.220703125,9860060000.0,26635.220703125,26425.470703125,26707.140625,26423.2109375,,,ohlc,index_points,yfinance,NASDAQ総合,index
2026-05-15,^IXIC,26288.919921875,26460.759765625,26097.5390625,26225.140625,9584430000.0,26225.140625,26288.919921875,26460.759765625,26097.5390625,,,ohlc,index_points,yfinance,NASDAQ総合,index
2026-05-18,^IXIC,26289.490234375,26310.83984375,25867.30078125,26090.73046875,10327940000.0,26090.73046875,26289.490234375,26310.83984375,25867.30078125,,,ohlc,index_points,yfinance,NASDAQ総合,index
2026-05-19,^IXIC,25923.490234375,26050.2890625,25701.439453125,25870.7109375,9895620000.0,25870.7109375,25923.490234375,26050.2890625,25701.439453125,,,ohlc,index_points,yfinance,NASDAQ総合,index
2026-05-20,^IXIC,25991.509765625,26273.759765625,25928.330078125,26270.359375,9268370000.0,26270.359375,25991.509765625,26273.759765625,25928.330078125,,,ohlc,index_points,yfinance,NASDAQ総合,index
2026-05-21,^IXIC,26143.619140625,26403.5703125,26039.369140625,26293.099609375,8627780000.0,26293.099609375,26143.619140625,26403.5703125,26039.369140625,,,ohlc,index_points,yfinance,NASDAQ総合,index
2026-05-22,^IXIC,26381.560546875,26504.55078125,26309.80078125,26343.970703125,9265090000.0,26343.970703125,26381.560546875,26504.55078125,26309.80078125,,,ohlc,index_points,yfinance,NASDAQ総合,index
2026-05-26,^IXIC,26590.5,26725.2890625,26520.30078125,26656.1796875,9718120000.0,26656.1796875,26590.5,26725.2890625,26520.30078125,,,ohlc,index_points,yfinance,NASDAQ総合,index
2026-05-27,^IXIC,26695.439453125,26715.310546875,26538.310546875,26674.73046875,9240640000.0,26674.73046875,26695.439453125,26715.310546875,26538.310546875,,,ohlc,index_points,yfinance,NASDAQ総合,index
2026-05-28,^IXIC,26686.529296875,26934.83984375,26588.51953125,26917.470703125,9224620000.0,26917.470703125,26686.529296875,26934.83984375,26588.51953125,,,ohlc,index_points,yfinance,NASDAQ総合,index
2026-05-29,^IXIC,26960.83984375,27094.80078125,26859.26953125,26972.619140625,11906000000.0,26972.619140625,26960.83984375,27094.80078125,26859.26953125,,,ohlc,index_points,yfinance,NASDAQ総合,index
2026-06-01,^IXIC,26952.580078125,27190.2109375,26913.119140625,27086.810546875,10199240000.0,27086.810546875,26952.580078125,27190.2109375,26913.119140625,,,ohlc,index_points,yfinance,NASDAQ総合,index
2026-06-02,^IXIC,27030.0703125,27171.2890625,26932.76953125,27093.900390625,9675650000.0,27093.900390625,27030.0703125,27171.2890625,26932.76953125,,,ohlc,index_points,yfinance,NASDAQ総合,index
2026-06-03,^IXIC,27092.849609375,27130.880859375,26769.150390625,26853.98046875,9267670000.0,26853.98046875,27092.849609375,27130.880859375,26769.150390625,,,ohlc,index_points,yfinance,NASDAQ総合,index
2026-06-04,^IXIC,26579.30078125,26923.69921875,26554.240234375,26830.9609375,8999970000.0,26830.9609375,26579.30078125,26923.69921875,26554.240234375,,,ohlc,index_points,yfinance,NASDAQ総合,index
2026-06-05,^IXIC,26536.58984375,26572.25,25648.470703125,25709.4296875,11550140000.0,25709.4296875,26536.58984375,26572.25,25648.470703125,,,ohlc,index_points,yfinance,NASDAQ総合,index
2026-06-08,^IXIC,26065.0703125,26179.650390625,25872.6796875,25929.66015625,10077650000.0,25929.66015625,26065.0703125,26179.650390625,25872.6796875,,,ohlc,index_points,yfinance,NASDAQ総合,index
2026-06-09,^IXIC,26110.310546875,26259.919921875,24980.380859375,25678.8203125,12106940000.0,25678.8203125,26110.310546875,26259.919921875,24980.380859375,,,ohlc,index_points,yfinance,NASDAQ総合,index
2026-06-10,^IXIC,25512.0703125,25726.0,25145.30078125,25169.5,9519620000.0,25169.5,25512.0703125,25726.0,25145.30078125,,,ohlc,index_points,yfinance,NASDAQ総合,index
2026-06-11,^IXIC,25309.779296875,25846.560546875,25109.390625,25809.66015625,10101910000.0,25809.66015625,25309.779296875,25846.560546875,25109.390625,,,ohlc,index_points,yfinance,NASDAQ総合,index
2026-06-12,^IXIC,25783.359375,26010.310546875,25599.939453125,25888.83984375,10337400000.0,25888.83984375,25783.359375,26010.310546875,25599.939453125,,,ohlc,index_points,yfinance,NASDAQ総合,index
2026-06-15,^IXIC,26447.23046875,26687.560546875,26438.76953125,26683.939453125,10590270000.0,26683.939453125,26447.23046875,26687.560546875,26438.76953125,,,ohlc,index_points,yfinance,NASDAQ総合,index
2026-06-16,^IXIC,26649.970703125,26788.619140625,26369.390625,26376.33984375,11132830000.0,26376.33984375,26649.970703125,26788.619140625,26369.390625,,,ohlc,index_points,yfinance,NASDAQ総合,index
2026-06-17,^IXIC,26493.8203125,26511.55078125,25960.41015625,26021.66015625,11443600000.0,26021.66015625,26493.8203125,26511.55078125,25960.41015625,,,ohlc,index_points,yfinance,NASDAQ総合,index
2026-06-18,^IXIC,26410.619140625,26559.740234375,26188.689453125,26517.9296875,18286150000.0,26517.9296875,26410.619140625,26559.740234375,26188.689453125,,,ohlc,index_points,yfinance,NASDAQ総合,index
2026-06-22,^IXIC,26483.310546875,26561.119140625,26125.48046875,26166.599609375,12844290000.0,26166.599609375,26483.310546875,26561.119140625,26125.48046875,,,ohlc,index_points,yfinance,NASDAQ総合,index
2026-06-23,^IXIC,25549.759765625,25882.5703125,25513.259765625,25587.0390625,14631520000.0,25587.0390625,25549.759765625,25882.5703125,25513.259765625,,,ohlc,index_points,yfinance,NASDAQ総合,index
2026-06-24,^IXIC,25578.619140625,25840.560546875,25354.66015625,25476.640625,14936190000.0,25476.640625,25578.619140625,25840.560546875,25354.66015625,,,ohlc,index_points,yfinance,NASDAQ総合,index
2026-06-25,^IXIC,25724.779296875,25724.779296875,25123.4296875,25358.599609375,9870860000.0,25358.599609375,25724.779296875,25724.779296875,25123.4296875,,,ohlc,index_points,yfinance,NASDAQ総合,index
2026-06-26,^IXIC,25105.41015625,25491.380859375,25014.9609375,25297.619140625,16594580000.0,25297.619140625,25105.41015625,25491.380859375,25014.9609375,,,ohlc,index_points,yfinance,NASDAQ総合,index
2026-06-29,^IXIC,25502.08984375,25834.349609375,25289.759765625,25820.140625,9776230000.0,25820.140625,25502.08984375,25834.349609375,25289.759765625,,,ohlc,index_points,yfinance,NASDAQ総合,index
2026-06-30,^IXIC,25824.470703125,26253.0390625,25808.060546875,26213.720703125,9809990000.0,26213.720703125,25824.470703125,26253.0390625,25808.060546875,,,ohlc,index_points,yfinance,NASDAQ総合,index
2026-07-01,^IXIC,26039.509765625,26238.060546875,25954.4609375,26040.029296875,9094410000.0,26040.029296875,26039.509765625,26238.060546875,25954.4609375,,,ohlc,index_points,yfinance,NASDAQ総合,index
2026-07-02,^IXIC,26047.380859375,26261.08984375,25630.509765625,25832.669921875,9529580000.0,25832.669921875,26047.380859375,26261.08984375,25630.509765625,,,ohlc,index_points,yfinance,NASDAQ総合,index
2026-07-06,^IXIC,25999.609375,26209.759765625,25963.439453125,26121.16015625,7827050000.0,26121.16015625,25999.609375,26209.759765625,25963.439453125,,,ohlc,index_points,yfinance,NASDAQ総合,index
2026-07-07,^IXIC,25960.130859375,26010.01953125,25684.150390625,25818.689453125,8244680000.0,25818.689453125,25960.130859375,26010.01953125,25684.150390625,,,ohlc,index_points,yfinance,NASDAQ総合,index
2026-07-08,^IXIC,25704.66015625,25896.0703125,25526.4609375,25870.650390625,7935740000.0,25870.650390625,25704.66015625,25896.0703125,25526.4609375,,,ohlc,index_points,yfinance,NASDAQ総合,index
2026-07-09,^IXIC,25918.310546875,26215.8203125,25825.849609375,26206.890625,7312220000.0,26206.890625,25918.310546875,26215.8203125,25825.849609375,,,ohlc,index_points,yfinance,NASDAQ総合,index
2026-07-10,^IXIC,26175.5390625,26301.5390625,26009.490234375,26281.609375,7094480000.0,26281.609375,26175.5390625,26301.5390625,26009.490234375,,,ohlc,index_points,yfinance,NASDAQ総合,index
2026-07-13,^IXIC,26088.310546875,26139.369140625,25822.099609375,25873.1796875,7231310000.0,25873.1796875,26088.310546875,26139.369140625,25822.099609375,,,ohlc,index_points,yfinance,NASDAQ総合,index
2026-07-14,^IXIC,26015.490234375,26168.80078125,25912.400390625,26107.009765625,7397960000.0,26107.009765625,26015.490234375,26168.80078125,25912.400390625,,,ohlc,index_points,yfinance,NASDAQ総合,index
2026-07-15,^IXIC,26261.1796875,26316.810546875,26041.130859375,26269.23046875,7379560000.0,26269.23046875,26261.1796875,26316.810546875,26041.130859375,,,ohlc,index_points,yfinance,NASDAQ総合,index
2026-07-16,^IXIC,26155.400390625,26165.369140625,25765.44921875,25881.94921875,8294880000.0,25881.94921875,26155.400390625,26165.369140625,25765.44921875,,,ohlc,index_points,yfinance,NASDAQ総合,index
2026-07-17,^IXIC,25412.259765625,25703.009765625,25250.630859375,25520.240234375,7820470000.0,25520.240234375,25412.259765625,25703.009765625,25250.630859375,,,ohlc,index_points,yfinance,NASDAQ総合,index
2026-07-20,^IXIC,25720.869140625,25815.599609375,25501.099609375,25508.0703125,7184070000.0,25508.0703125,25720.869140625,25815.599609375,25501.099609375,,,ohlc,index_points,yfinance,NASDAQ総合,index
2026-07-21,^IXIC,25772.55078125,25880.33984375,25672.830078125,25837.2109375,8001540000.0,25837.2109375,25772.55078125,25880.33984375,25672.830078125,,,ohlc,index_points,yfinance,NASDAQ総合,index
2026-07-22,^IXIC,25693.720703125,25841.310546875,25681.3203125,25690.900390625,7473050000.0,25690.900390625,25693.720703125,25841.310546875,25681.3203125,,,ohlc,index_points,yfinance,NASDAQ総合,index
2026-07-23,^IXIC,25245.5390625,25358.279296875,24954.76953125,25137.689453125,7655810000.0,25137.689453125,25245.5390625,25358.279296875,24954.76953125,,,ohlc,index_points,yfinance,NASDAQ総合,index
2026-07-24,^IXIC,25107.380859375,25222.140625,24918.08984375,24975.8203125,7266300000.0,24975.8203125,25107.380859375,25222.140625,24918.08984375,,,ohlc,index_points,yfinance,NASDAQ総合,index
2026-07-27,^IXIC,25236.189453125,25261.91015625,24774.869140625,24932.080078125,7797890000.0,24932.080078125,25236.189453125,25261.91015625,24774.869140625,,,ohlc,index_points,yfinance,NASDAQ総合,index
2026-07-28,^IXIC,24825.0703125,24984.5,24581.009765625,24876.91015625,8584960000.0,24876.91015625,24825.0703125,24984.5,24581.009765625,,,ohlc,index_points,yfinance,NASDAQ総合,index
2026-07-29,^IXIC,24863.48046875,25054.529296875,24425.33984375,24442.939453125,8276280000.0,24442.939453125,24863.48046875,25054.529296875,24425.33984375,,,ohlc,index_points,yfinance,NASDAQ総合,index
2026-07-30,^IXIC,24852.05078125,25171.439453125,24813.83984375,25122.1796875,9048570000.0,25122.1796875,24852.05078125,25171.439453125,24813.83984375,,,ohlc,index_points,yfinance,NASDAQ総合,index
2026-07-31,^IXIC,25340.7109375,25460.859375,25004.330078125,25373.849609375,11942500000.0,25373.849609375,25340.7109375,25460.859375,25004.330078125,,,ohlc,index_points,yfinance,NASDAQ総合,index
2026-08-03,^IXIC,25452.66015625,25967.439453125,25420.349609375,25913.900390625,11118460000.0,25913.900390625,25452.66015625,25967.439453125,25420.349609375,,,ohlc,index_points,yfinance,NASDAQ総合,index
2026-08-04,^IXIC,26088.0390625,26679.91015625,26088.0390625,26584.990234375,9717920000.0,26584.990234375,26088.0390625,26679.91015625,26088.0390625,,,ohlc,index_points,yfinance,NASDAQ総合,index
2026-08-05,^IXIC,26698.01953125,26739.0,26348.509765625,26363.439453125,9116070000.0,26363.439453125,26698.01953125,26739.0,26348.509765625,,,ohlc,index_points,yfinance,NASDAQ総合,index
2026-08-06,^IXIC,26268.83984375,26499.419921875,26208.4296875,26348.349609375,8936850000.0,26348.349609375,26268.83984375,26499.419921875,26208.4296875,,,ohlc,index_points,yfinance,NASDAQ総合,index
2026-08-07,^IXIC,26534.66015625,26712.619140625,26478.009765625,26690.619140625,8183970000.0,26690.619140625,26534.66015625,26712.619140625,26478.009765625,,,ohlc,index_points,yfinance,NASDAQ総合,index
2026-08-10,^IXIC,26680.439453125,26724.630859375,26548.259765625,26605.359375,7675200000.0,26605.359375,26680.439453125,26724.630859375,26548.259765625,,,ohlc,index_points,yfinance,NASDAQ総合,index
2026-08-11,^IXIC,26672.1796875,26679.259765625,26372.310546875,26445.44921875,7684920000.0,26445.44921875,26672.1796875,26679.259765625,26372.310546875,,,ohlc,index_points,yfinance,NASDAQ総合,index
2026-08-12,^IXIC,26680.470703125,26688.240234375,26531.9296875,26588.490234375,7873190000.0,26588.490234375,26680.470703125,26688.240234375,26531.9296875,,,ohlc,index_points,yfinance,NASDAQ総合,index
2026-08-13,^IXIC,26631.33984375,26875.51953125,26612.849609375,26803.029296875,8380820000.0,26803.029296875,26631.33984375,26875.51953125,26612.849609375,,,ohlc,index_points,yfinance,NASDAQ総合,index
2026-08-14,^IXIC,26851.150390625,26862.169921875,26661.94921875,26729.16015625,7212180000.0,26729.16015625,26851.150390625,26862.169921875,26661.94921875,,,ohlc,index_points,yfinance,NASDAQ総合,index
2026-08-17,^IXIC,26784.650390625,26798.400390625,26626.380859375,26644.91015625,7644090000.0,26644.91015625,26784.650390625,26798.400390625,26626.380859375,,,ohlc,index_points,yfinance,NASDAQ総合,index
2026-08-18,^IXIC,26346.880859375,26422.5,26266.6796875,26289.7109375,7360790000.0,26289.7109375,26346.880859375,26422.5,26266.6796875,,,ohlc,index_points,yfinance,NASDAQ総合,index
2026-08-19,^IXIC,26393.890625,26456.779296875,26185.130859375,26331.08984375,8173140000.0,26331.08984375,26393.890625,26456.779296875,26185.130859375,,,ohlc,index_points,yfinance,NASDAQ総合,index
2026-08-20,^IXIC,26211.51953125,26263.470703125,26023.119140625,26067.169921875,8244680000.0,26067.169921875,26211.51953125,26263.470703125,26023.119140625,,,ohlc,index_points,yfinance,NASDAQ総合,index
2026-08-21,^IXIC,26198.83984375,26269.849609375,26049.2890625,26180.4609375,7410100000.0,26180.4609375,26198.83984375,26269.849609375,26049.2890625,,,ohlc,index_points,yfinance,NASDAQ総合,index
2026-08-24,^IXIC,26065.3203125,26109.9609375,25910.8203125,25980.189453125,7318150000.0,25980.189453125,26065.3203125,26109.9609375,25910.8203125,,,ohlc,index_points,yfinance,NASDAQ総合,index
2026-08-25,^IXIC,26148.7109375,26225.830078125,26034.349609375,26151.30078125,7483990000.0,26151.30078125,26148.7109375,26225.830078125,26034.349609375,,,ohlc,index_points,yfinance,NASDAQ総合,index
2026-08-26,^IXIC,26099.580078125,26189.810546875,26021.630859375,26130.19921875,7065320000.0,26130.19921875,26099.580078125,26189.810546875,26021.630859375,,,ohlc,index_points,yfinance,NASDAQ総合,index
2026-08-27,^IXIC,26356.98046875,26553.900390625,26273.869140625,26541.349609375,7448410000.0,26541.349609375,26356.98046875,26553.900390625,26273.869140625,,,ohlc,index_points,yfinance,NASDAQ総合,index
2026-08-28,^IXIC,26515.990234375,26700.6796875,26359.26953125,26402.419921875,8457870000.0,26402.419921875,26515.990234375,26700.6796875,26359.26953125,,,ohlc,index_points,yfinance,NASDAQ総合,index
2026-08-31,^IXIC,26358.560546875,26398.330078125,26249.76953125,26370.890625,7679730000.0,26370.890625,26358.560546875,26398.330078125,26249.76953125,,,ohlc,index_points,yfinance,NASDAQ総合,index
2026-09-01,^IXIC,26031.669921875,26260.6796875,25995.529296875,26099.76953125,6750660000.0,26099.76953125,26031.669921875,26260.6796875,25995.529296875,,,ohlc,index_points,yfinance,NASDAQ総合,index
2026-09-02,^IXIC,26094.0,26245.0390625,26062.6796875,26217.830078125,7442550000.0,26217.830078125,26094.0,26245.0390625,26062.6796875,,,ohlc,index_points,yfinance,NASDAQ総合,index
2026-09-03,^IXIC,26336.3203125,26644.5703125,26325.060546875,26584.060546875,7600140000.0,26584.060546875,26336.3203125,26644.5703125,26325.060546875,,,ohlc,index_points,yfinance,NASDAQ総合,index
2026-09-04,^IXIC,26587.900390625,26628.580078125,26444.83984375,26506.990234375,6529110000.0,26506.990234375,26587.900390625,26628.580078125,26444.83984375,,,ohlc,index_points,yfinance,NASDAQ総合,index
2026-09-08,^IXIC,26528.5703125,26542.140625,26341.169921875,26421.41015625,7714560000.0,26421.41015625,26528.5703125,26542.140625,26341.169921875,,,ohlc,index_points,yfinance,NASDAQ総合,index
2026-09-09,^IXIC,26325.060546875,26366.560546875,26184.2109375,26253.33984375,7379700000.0,26253.33984375,26325.060546875,26366.560546875,26184.2109375,,,ohlc,index_points,yfinance,NASDAQ総合,index
2026-09-10,^IXIC,26021.05078125,26178.25,25979.5390625,26081.720703125,7174170000.0,26081.720703125,26021.05078125,26178.25,25979.5390625,,,ohlc,index_points,yfinance,NASDAQ総合,index
2026-03-20,^SOX,7862.66015625,7880.81005859375,7572.080078125,7670.60986328125,0.0,7670.60986328125,7862.66015625,7880.81005859375,7572.080078125,,,ohlc,index_points,yfinance,SOX,index
2026-03-23,^SOX,7825.83984375,7958.0,7734.419921875,7773.1298828125,0.0,7773.1298828125,7825.83984375,7958.0,7734.419921875,,,ohlc,index_points,yfinance,SOX,index
2026-03-24,^SOX,7732.77978515625,7924.41015625,7709.47998046875,7872.7099609375,0.0,7872.7099609375,7732.77978515625,7924.41015625,7709.47998046875,,,ohlc,index_points,yfinance,SOX,index
2026-03-25,^SOX,7935.72998046875,8025.64990234375,7896.240234375,7967.75,0.0,7967.75,7935.72998046875,8025.64990234375,7896.240234375,,,ohlc,index_points,yfinance,SOX,index
2026-03-26,^SOX,7823.77001953125,7831.759765625,7582.85986328125,7585.8701171875,0.0,7585.8701171875,7823.77001953125,7831.759765625,7582.85986328125,,,ohlc,index_points,yfinance,SOX,index
2026-03-27,^SOX,7545.419921875,7611.60009765625,7427.10009765625,7457.669921875,0.0,7457.669921875,7545.419921875,7611.60009765625,7427.10009765625,,,ohlc,index_points,yfinance,SOX,index
2026-03-30,^SOX,7517.47021484375,7546.68017578125,7084.1298828125,7142.330078125,0.0,7142.330078125,7517.47021484375,7546.68017578125,7084.1298828125,,,ohlc,index_points,yfinance,SOX,index
2026-03-31,^SOX,7277.8798828125,7591.330078125,7274.14990234375,7588.2001953125,0.0,7588.2001953125,7277.8798828125,7591.330078125,7274.14990234375,,,ohlc,index_points,yfinance,SOX,index
2026-04-01,^SOX,7680.60986328125,7893.75,7677.5400390625,7802.31005859375,0.0,7802.31005859375,7680.60986328125,7893.75,7677.5400390625,,,ohlc,index_points,yfinance,SOX,index
2026-04-02,^SOX,7544.93017578125,7843.740234375,7505.97021484375,7833.39013671875,0.0,7833.39013671875,7544.93017578125,7843.740234375,7505.97021484375,,,ohlc,index_points,yfinance,SOX,index
2026-04-06,^SOX,7917.85986328125,7963.64990234375,7821.77978515625,7916.10986328125,0.0,7916.10986328125,7917.85986328125,7963.64990234375,7821.77978515625,,,ohlc,index_points,yfinance,SOX,index
2026-04-07,^SOX,7915.169921875,8006.33984375,7790.06982421875,8003.8701171875,0.0,8003.8701171875,7915.169921875,8006.33984375,7790.06982421875,,,ohlc,index_points,yfinance,SOX,index
2026-04-08,^SOX,8497.9296875,8526.3896484375,8320.919921875,8510.919921875,0.0,8510.919921875,8497.9296875,8526.3896484375,8320.919921875,,,ohlc,index_points,yfinance,SOX,index
2026-04-09,^SOX,8561.1796875,8699.5,8543.5595703125,8689.5302734375,0.0,8689.5302734375,8561.1796875,8699.5,8543.5595703125,,,ohlc,index_points,yfinance,SOX,index
2026-04-10,^SOX,8812.2197265625,8962.9501953125,8795.580078125,8889.830078125,0.0,8889.830078125,8812.2197265625,8962.9501953125,8795.580078125,,,ohlc,index_points,yfinance,SOX,index
2026-04-13,^SOX,8873.3095703125,9044.7900390625,8837.9599609375,9039.51953125,0.0,9039.51953125,8873.3095703125,9044.7900390625,8837.9599609375,,,ohlc,index_points,yfinance,SOX,index
2026-04-14,^SOX,9133.2900390625,9225.4599609375,9042.150390625,9224.1201171875,0.0,9224.1201171875,9133.2900390625,9225.4599609375,9042.150390625,,,ohlc,index_points,yfinance,SOX,index
2026-04-15,^SOX,9189.23046875,9249.9599609375,9035.1103515625,9239.2900390625,0.0,9239.2900390625,9189.23046875,9249.9599609375,9035.1103515625,,,ohlc,index_points,yfinance,SOX,index
2026-04-16,^SOX,9215.9296875,9356.16015625,9144.98046875,9329.349609375,0.0,9329.349609375,9215.9296875,9356.16015625,9144.98046875,,,ohlc,index_points,yfinance,SOX,index
2026-04-17,^SOX,9477.8896484375,9556.419921875,9419.1298828125,9555.8798828125,0.0,9555.8798828125,9477.8896484375,9556.419921875,9419.1298828125,,,ohlc,index_points,yfinance,SOX,index
2026-04-20,^SOX,9604.900390625,9612.08984375,9462.9404296875,9599.2099609375,0.0,9599.2099609375,9604.900390625,9612.08984375,9462.9404296875,,,ohlc,index_points,yfinance,SOX,index
2026-04-21,^SOX,9676.7802734375,9721.400390625,9569.7001953125,9647.2099609375,0.0,9647.2099609375,9676.7802734375,9721.400390625,9569.7001953125,,,ohlc,index_points,yfinance,SOX,index
2026-04-22,^SOX,9817.099609375,9914.080078125,9698.9501953125,9909.26953125,0.0,9909.26953125,9817.099609375,9914.080078125,9698.9501953125,,,ohlc,index_points,yfinance,SOX,index
2026-04-23,^SOX,9984.73046875,10206.1796875,9923.4296875,10078.5703125,0.0,10078.5703125,9984.73046875,10206.1796875,9923.4296875,,,ohlc,index_points,yfinance,SOX,index
2026-04-24,^SOX,10463.8095703125,10564.009765625,10270.9599609375,10513.66015625,0.0,10513.66015625,10463.8095703125,10564.009765625,10270.9599609375,,,ohlc,index_points,yfinance,SOX,index
2026-04-27,^SOX,10533.3203125,10536.8603515625,10251.73046875,10408.0400390625,0.0,10408.0400390625,10533.3203125,10536.8603515625,10251.73046875,,,ohlc,index_points,yfinance,SOX,index
2026-04-28,^SOX,9979.169921875,10184.990234375,9865.3798828125,10035.580078125,0.0,10035.580078125,9979.169921875,10184.990234375,9865.3798828125,,,ohlc,index_points,yfinance,SOX,index
2026-04-29,^SOX,10192.330078125,10272.9501953125,10113.2099609375,10271.2998046875,0.0,10271.2998046875,10192.330078125,10272.9501953125,10113.2099609375,,,ohlc,index_points,yfinance,SOX,index
2026-04-30,^SOX,10387.83984375,10516.3896484375,10229.8896484375,10503.7001953125,0.0,10503.7001953125,10387.83984375,10516.3896484375,10229.8896484375,,,ohlc,index_points,yfinance,SOX,index
2026-05-01,^SOX,10388.8203125,10624.2099609375,10364.400390625,10595.33984375,0.0,10595.33984375,10388.8203125,10624.2099609375,10364.400390625,,,ohlc,index_points,yfinance,SOX,index
2026-05-04,^SOX,10656.0703125,10690.4697265625,10430.2099609375,10534.66015625,0.0,10534.66015625,10656.0703125,10690.4697265625,10430.2099609375,,,ohlc,index_points,yfinance,SOX,index
2026-05-05,^SOX,10759.2099609375,11058.16015625,10718.490234375,10980.580078125,0.0,10980.580078125,10759.2099609375,11058.16015625,10718.490234375,,,ohlc,index_points,yfinance,SOX,index
2026-05-06,^SOX,11243.830078125,11477.3798828125,11062.9501953125,11472.75,0.0,11472.75,11243.830078125,11477.3798828125,11062.9501953125,,,ohlc,index_points,yfinance,SOX,index
2026-05-07,^SOX,11332.1904296875,11404.3701171875,11075.1298828125,11160.990234375,0.0,11160.990234375,11332.1904296875,11404.3701171875,11075.1298828125,,,ohlc,index_points,yfinance,SOX,index
2026-05-08,^SOX,11408.009765625,11776.740234375,11388.419921875,11775.5,0.0,11775.5,11408.009765625,11776.740234375,11388.419921875,,,ohlc,index_points,yfinance,SOX,index
2026-05-11,^SOX,11875.2900390625,12108.669921875,11822.490234375,12081.0400390625,0.0,12081.0400390625,11875.2900390625,12108.669921875,11822.490234375,,,ohlc,index_points,yfinance,SOX,index
2026-05-12,^SOX,11741.4697265625,11919.0,11263.580078125,11717.259765625,0.0,11717.259765625,11741.4697265625,11919.0,11263.580078125,,,ohlc,index_points,yfinance,SOX,index
2026-05-13,^SOX,11988.75,12106.5498046875,11739.169921875,12017.98046875,0.0,12017.98046875,11988.75,12106.5498046875,11739.169921875,,,ohlc,index_points,yfinance,SOX,index
2026-05-14,^SOX,11950.1396484375,12141.5400390625,11892.41015625,12073.7802734375,0.0,12073.7802734375,11950.1396484375,12141.5400390625,11892.41015625,,,ohlc,index_points,yfinance,SOX,index
2026-05-15,^SOX,11672.5400390625,11810.669921875,11522.26953125,11588.4599609375,0.0,11588.4599609375,11672.5400390625,11810.669921875,11522.26953125,,,ohlc,index_points,yfinance,SOX,index
2026-05-18,^SOX,11825.8798828125,11825.8798828125,11097.759765625,11302.51953125,0.0,11302.51953125,11825.8798828125,11825.8798828125,11097.759765625,,,ohlc,index_points,yfinance,SOX,index
2026-05-19,^SOX,11053.990234375,11513.990234375,10895.75,11305.5,0.0,11305.5,11053.990234375,11513.990234375,10895.75,,,ohlc,index_points,yfinance,SOX,index
2026-05-20,^SOX,11580.080078125,11818.3896484375,11528.1298828125,11813.2900390625,0.0,11813.2900390625,11580.080078125,11818.3896484375,11528.1298828125,,,ohlc,index_points,yfinance,SOX,index
2026-05-21,^SOX,11826.08984375,12003.009765625,11739.8095703125,11964.080078125,0.0,11964.080078125,11826.08984375,12003.009765625,11739.8095703125,,,ohlc,index_points,yfinance,SOX,index
2026-05-22,^SOX,12070.169921875,12304.51953125,12069.0400390625,12202.5400390625,0.0,12202.5400390625,12070.169921875,12304.51953125,12069.0400390625,,,ohlc,index_points,yfinance,SOX,index
2026-05-26,^SOX,12616.6298828125,12932.8095703125,12548.240234375,12876.91015625,0.0,12876.91015625,12616.6298828125,12932.8095703125,12548.240234375,,,ohlc,index_points,yfinance,SOX,index
2026-05-27,^SOX,13029.7900390625,13037.91015625,12452.3603515625,12702.1904296875,0.0,12702.1904296875,13029.7900390625,13037.91015625,12452.3603515625,,,ohlc,index_points,yfinance,SOX,index
2026-05-28,^SOX,12748.58984375,12961.1904296875,12528.6904296875,12829.1396484375,0.0,12829.1396484375,12748.58984375,12961.1904296875,12528.6904296875,,,ohlc,index_points,yfinance,SOX,index
2026-05-29,^SOX,12973.76953125,13115.2802734375,12737.1904296875,12829.3798828125,0.0,12829.3798828125,12973.76953125,13115.2802734375,12737.1904296875,,,ohlc,index_points,yfinance,SOX,index
2026-06-01,^SOX,12706.6201171875,13088.009765625,12631.0302734375,12965.650390625,0.0,12965.650390625,12706.6201171875,13088.009765625,12631.0302734375,,,ohlc,index_points,yfinance,SOX,index
2026-06-02,^SOX,13242.7001953125,13733.7197265625,13202.1796875,13726.26953125,0.0,13726.26953125,13242.7001953125,13733.7197265625,13202.1796875,,,ohlc,index_points,yfinance,SOX,index
2026-06-03,^SOX,13971.150390625,13998.1396484375,13554.3701171875,13916.9599609375,0.0,13916.9599609375,13971.150390625,13998.1396484375,13554.3701171875,,,ohlc,index_points,yfinance,SOX,index
2026-06-04,^SOX,13243.66015625,13819.6201171875,13041.2802734375,13617.5,0.0,13617.5,13243.66015625,13819.6201171875,13041.2802734375,,,ohlc,index_points,yfinance,SOX,index
2026-06-05,^SOX,13062.5498046875,13111.4404296875,12217.3203125,12220.759765625,0.0,12220.759765625,13062.5498046875,13111.4404296875,12217.3203125,,,ohlc,index_points,yfinance,SOX,index
2026-06-08,^SOX,12838.8798828125,13129.01953125,12676.740234375,12906.6904296875,0.0,12906.6904296875,12838.8798828125,13129.01953125,12676.740234375,,,ohlc,index_points,yfinance,SOX,index
2026-06-09,^SOX,13142.990234375,13264.1201171875,11794.150390625,12657.8095703125,0.0,12657.8095703125,13142.990234375,13264.1201171875,11794.150390625,,,ohlc,index_points,yfinance,SOX,index
2026-06-10,^SOX,12501.83984375,12870.5302734375,12157.66015625,12206.4599609375,0.0,12206.4599609375,12501.83984375,12870.5302734375,12157.66015625,,,ohlc,index_points,yfinance,SOX,index
2026-06-11,^SOX,12506.650390625,13194.2802734375,12475.23046875,13171.4404296875,0.0,13171.4404296875,12506.650390625,13194.2802734375,12475.23046875,,,ohlc,index_points,yfinance,SOX,index
2026-06-12,^SOX,13053.9296875,13513.4404296875,12986.0595703125,13371.4697265625,0.0,13371.4697265625,13053.9296875,13513.4404296875,12986.0595703125,,,ohlc,index_points,yfinance,SOX,index
2026-06-15,^SOX,13901.240234375,14134.599609375,13860.3203125,14099.6201171875,0.0,14099.6201171875,13901.240234375,14134.599609375,13860.3203125,,,ohlc,index_points,yfinance,SOX,index
2026-06-16,^SOX,13968.2802734375,14133.599609375,13291.75,13294.2197265625,0.0,13294.2197265625,13968.2802734375,14133.599609375,13291.75,,,ohlc,index_points,yfinance,SOX,index
2026-06-17,^SOX,13694.009765625,13965.599609375,13471.2197265625,13477.0703125,0.0,13477.0703125,13694.009765625,13965.599609375,13471.2197265625,,,ohlc,index_points,yfinance,SOX,index
2026-06-18,^SOX,14084.759765625,14461.7900390625,14062.2802734375,14341.7802734375,0.0,14341.7802734375,14084.759765625,14461.7900390625,14062.2802734375,,,ohlc,index_points,yfinance,SOX,index
2026-06-22,^SOX,14607.0498046875,14655.2900390625,14393.8896484375,14634.7197265625,0.0,14634.7197265625,14607.0498046875,14655.2900390625,14393.8896484375,,,ohlc,index_points,yfinance,SOX,index
2026-06-23,^SOX,13586.2900390625,13857.16015625,13374.4404296875,13482.509765625,0.0,13482.509765625,13586.2900390625,13857.16015625,13374.4404296875,,,ohlc,index_points,yfinance,SOX,index
2026-06-24,^SOX,13484.169921875,13597.3798828125,13115.830078125,13458.2001953125,0.0,13458.2001953125,13484.169921875,13597.3798828125,13115.830078125,,,ohlc,index_points,yfinance,SOX,index
2026-06-25,^SOX,14156.4296875,14194.6796875,13379.9404296875,13940.8701171875,0.0,13940.8701171875,14156.4296875,14194.6796875,13379.9404296875,,,ohlc,index_points,yfinance,SOX,index
2026-06-26,^SOX,13419.1396484375,13519.5498046875,13159.240234375,13203.5703125,0.0,13203.5703125,13419.1396484375,13519.5498046875,13159.240234375,,,ohlc,index_points,yfinance,SOX,index
2026-06-29,^SOX,13241.9697265625,13733.349609375,12782.5302734375,13709.66015625,0.0,13709.66015625,13241.9697265625,13733.349609375,12782.5302734375,,,ohlc,index_points,yfinance,SOX,index
2026-06-30,^SOX,13787.919921875,14332.759765625,13750.669921875,14246.9599609375,0.0,14246.9599609375,13787.919921875,14332.759765625,13750.669921875,,,ohlc,index_points,yfinance,SOX,index
2026-07-01,^SOX,13718.080078125,13844.419921875,13322.6298828125,13353.2802734375,0.0,13353.2802734375,13718.080078125,13844.419921875,13322.6298828125,,,ohlc,index_points,yfinance,SOX,index
2026-07-02,^SOX,13268.2197265625,13526.7197265625,12374.41015625,12626.2197265625,0.0,12626.2197265625,13268.2197265625,13526.7197265625,12374.41015625,,,ohlc,index_points,yfinance,SOX,index
2026-07-06,^SOX,12914.4697265625,13252.5400390625,12890.6201171875,12900.1396484375,0.0,12900.1396484375,12914.4697265625,13252.5400390625,12890.6201171875,,,ohlc,index_points,yfinance,SOX,index
2026-07-07,^SOX,12375.8603515625,12417.509765625,11960.83984375,12300.51953125,0.0,12300.51953125,12375.8603515625,12417.509765625,11960.83984375,,,ohlc,index_points,yfinance,SOX,index
2026-07-08,^SOX,12277.2802734375,12615.3701171875,12215.2197265625,12574.9697265625,0.0,12574.9697265625,12277.2802734375,12615.3701171875,12215.2197265625,,,ohlc,index_points,yfinance,SOX,index
2026-07-09,^SOX,13119.41015625,13249.0703125,12915.5400390625,12960.0,0.0,12960.0,13119.41015625,13249.0703125,12915.5400390625,,,ohlc,index_points,yfinance,SOX,index
2026-07-10,^SOX,12779.2197265625,13065.01953125,12656.8701171875,12967.16015625,0.0,12967.16015625,12779.2197265625,13065.01953125,12656.8701171875,,,ohlc,index_points,yfinance,SOX,index
2026-07-13,^SOX,12563.6298828125,12646.7802734375,12289.0498046875,12347.7802734375,0.0,12347.7802734375,12563.6298828125,12646.7802734375,12289.0498046875,,,ohlc,index_points,yfinance,SOX,index
2026-07-14,^SOX,12837.3798828125,12846.2900390625,12489.5400390625,12661.9296875,0.0,12661.9296875,12837.3798828125,12846.2900390625,12489.5400390625,,,ohlc,index_points,yfinance,SOX,index
2026-07-15,^SOX,12774.4296875,12785.400390625,12022.9404296875,12398.8896484375,0.0,12398.8896484375,12774.4296875,12785.400390625,12022.9404296875,,,ohlc,index_points,yfinance,SOX,index
2026-07-16,^SOX,12114.9697265625,12191.41015625,11768.9599609375,11867.5,0.0,11867.5,12114.9697265625,12191.41015625,11768.9599609375,,,ohlc,index_points,yfinance,SOX,index
2026-07-17,^SOX,11485.8896484375,11939.4404296875,11194.599609375,11673.8896484375,0.0,11673.8896484375,11485.8896484375,11939.4404296875,11194.599609375,,,ohlc,index_points,yfinance,SOX,index
2026-07-20,^SOX,11952.7001953125,12071.830078125,11718.2099609375,11743.849609375,0.0,11743.849609375,11952.7001953125,12071.830078125,11718.2099609375,,,ohlc,index_points,yfinance,SOX,index
2026-07-21,^SOX,12311.2802734375,12404.1103515625,12085.990234375,12356.16015625,0.0,12356.16015625,12311.2802734375,12404.1103515625,12085.990234375,,,ohlc,index_points,yfinance,SOX,index
2026-07-22,^SOX,12123.3203125,12525.7099609375,12113.9501953125,12410.669921875,0.0,12410.669921875,12123.3203125,12525.7099609375,12113.9501953125,,,ohlc,index_points,yfinance,SOX,index
2026-07-23,^SOX,12235.7998046875,12480.8798828125,12188.0498046875,12343.83984375,0.0,12343.83984375,12235.7998046875,12480.8798828125,12188.0498046875,,,ohlc,index_points,yfinance,SOX,index
2026-07-24,^SOX,12131.2900390625,12261.51953125,11711.3896484375,11818.8798828125,0.0,11818.8798828125,12131.2900390625,12261.51953125,11711.3896484375,,,ohlc,index_points,yfinance,SOX,index
2026-07-27,^SOX,11888.900390625,11949.4599609375,11217.349609375,11554.8798828125,0.0,11554.8798828125,11888.900390625,11949.4599609375,11217.349609375,,,ohlc,index_points,yfinance,SOX,index
2026-07-28,^SOX,11150.0400390625,11187.4404296875,10799.83984375,11035.6796875,0.0,11035.6796875,11150.0400390625,11187.4404296875,10799.83984375,,,ohlc,index_points,yfinance,SOX,index
2026-07-29,^SOX,11011.8701171875,11125.0498046875,10445.4404296875,10447.490234375,0.0,10447.490234375,11011.8701171875,11125.0498046875,10445.4404296875,,,ohlc,index_points,yfinance,SOX,index
2026-07-30,^SOX,11085.9599609375,11406.8203125,10963.8896484375,11302.990234375,0.0,11302.990234375,11085.9599609375,11406.8203125,10963.8896484375,,,ohlc,index_points,yfinance,SOX,index
2026-07-31,^SOX,11715.4599609375,11885.740234375,11231.7900390625,11311.080078125,0.0,11311.080078125,11715.4599609375,11885.740234375,11231.7900390625,,,ohlc,index_points,yfinance,SOX,index
2026-08-03,^SOX,11046.08984375,11495.2802734375,10922.3095703125,11430.349609375,0.0,11430.349609375,11046.08984375,11495.2802734375,10922.3095703125,,,ohlc,index_points,yfinance,SOX,index
2026-08-04,^SOX,11834.76953125,12258.080078125,11834.76953125,12179.259765625,0.0,12179.259765625,11834.76953125,12258.080078125,11834.76953125,,,ohlc,index_points,yfinance,SOX,index
2026-08-05,^SOX,12141.6904296875,12361.25,11979.9404296875,12008.8798828125,0.0,12008.8798828125,12141.6904296875,12361.25,11979.9404296875,,,ohlc,index_points,yfinance,SOX,index
2026-08-06,^SOX,11825.8603515625,12288.5595703125,11707.7802734375,12048.6904296875,0.0,12048.6904296875,11825.8603515625,12288.5595703125,11707.7802734375,,,ohlc,index_points,yfinance,SOX,index
2026-08-07,^SOX,12299.98046875,12425.740234375,12082.6298828125,12356.7900390625,0.0,12356.7900390625,12299.98046875,12425.740234375,12082.6298828125,,,ohlc,index_points,yfinance,SOX,index
2026-08-10,^SOX,12424.669921875,12432.9404296875,11992.9501953125,11993.8603515625,0.0,11993.8603515625,12424.669921875,12432.9404296875,11992.9501953125,,,ohlc,index_points,yfinance,SOX,index
2026-08-11,^SOX,12135.41015625,12204.4599609375,12006.509765625,12098.4697265625,0.0,12098.4697265625,12135.41015625,12204.4599609375,12006.509765625,,,ohlc,index_points,yfinance,SOX,index
2026-08-12,^SOX,12518.9404296875,12531.759765625,12386.3095703125,12399.3798828125,0.0,12399.3798828125,12518.9404296875,12531.759765625,12386.3095703125,,,ohlc,index_points,yfinance,SOX,index
2026-08-13,^SOX,12413.9697265625,12704.3798828125,12398.8203125,12456.0,0.0,12456.0,12413.9697265625,12704.3798828125,12398.8203125,,,ohlc,index_points,yfinance,SOX,index
2026-08-14,^SOX,12440.5,12495.150390625,12269.4404296875,12417.0498046875,0.0,12417.0498046875,12440.5,12495.150390625,12269.4404296875,,,ohlc,index_points,yfinance,SOX,index
2026-08-17,^SOX,12615.7099609375,12770.7099609375,12548.759765625,12621.0,0.0,12621.0,12615.7099609375,12770.7099609375,12548.759765625,,,ohlc,index_points,yfinance,SOX,index
2026-08-18,^SOX,12166.1201171875,12228.0595703125,11828.4599609375,11992.4599609375,0.0,11992.4599609375,12166.1201171875,12228.0595703125,11828.4599609375,,,ohlc,index_points,yfinance,SOX,index
2026-08-19,^SOX,12063.849609375,12138.509765625,11633.7998046875,11738.23046875,0.0,11738.23046875,12063.849609375,12138.509765625,11633.7998046875,,,ohlc,index_points,yfinance,SOX,index
2026-08-20,^SOX,11762.1103515625,11863.7197265625,11649.4697265625,11800.01953125,0.0,11800.01953125,11762.1103515625,11863.7197265625,11649.4697265625,,,ohlc,index_points,yfinance,SOX,index
2026-08-21,^SOX,11901.7900390625,11943.9599609375,11631.7197265625,11740.3701171875,0.0,11740.3701171875,11901.7900390625,11943.9599609375,11631.7197265625,,,ohlc,index_points,yfinance,SOX,index
2026-08-24,^SOX,11513.8798828125,11513.8798828125,11263.33984375,11423.169921875,0.0,11423.169921875,11513.8798828125,11513.8798828125,11263.33984375,,,ohlc,index_points,yfinance,SOX,index
2026-08-25,^SOX,11583.0498046875,11708.1298828125,11494.7802734375,11588.0400390625,0.0,11588.0400390625,11583.0498046875,11708.1298828125,11494.7802734375,,,ohlc,index_points,yfinance,SOX,index
2026-08-26,^SOX,11564.4296875,11632.4296875,11471.0302734375,11611.240234375,0.0,11611.240234375,11564.4296875,11632.4296875,11471.0302734375,,,ohlc,index_points,yfinance,SOX,index
2026-08-27,^SOX,11870.16015625,11910.0302734375,11690.1904296875,11882.169921875,0.0,11882.169921875,11870.16015625,11910.0302734375,11690.1904296875,,,ohlc,index_points,yfinance,SOX,index
2026-08-28,^SOX,11731.580078125,11794.2802734375,11435.7001953125,11469.66015625,0.0,11469.66015625,11731.580078125,11794.2802734375,11435.7001953125,,,ohlc,index_points,yfinance,SOX,index
2026-08-31,^SOX,11529.16015625,11587.259765625,11444.2099609375,11535.0498046875,0.0,11535.0498046875,11529.16015625,11587.259765625,11444.2099609375,,,ohlc,index_points,yfinance,SOX,index
2026-09-01,^SOX,11296.6298828125,11389.6201171875,11172.900390625,11288.6103515625,0.0,11288.6103515625,11296.6298828125,11389.6201171875,11172.900390625,,,ohlc,index_points,yfinance,SOX,index
2026-09-02,^SOX,11243.5498046875,11388.990234375,11154.669921875,11339.25,0.0,11339.25,11243.5498046875,11388.990234375,11154.669921875,,,ohlc,index_points,yfinance,SOX,index
2026-09-03,^SOX,11219.4404296875,11371.330078125,11056.3798828125,11352.1298828125,0.0,11352.1298828125,11219.4404296875,11371.330078125,11056.3798828125,,,ohlc,index_points,yfinance,SOX,index
2026-09-04,^SOX,11508.7001953125,11750.25,11467.33984375,11735.259765625,0.0,11735.259765625,11508.7001953125,11750.25,11467.33984375,,,ohlc,index_points,yfinance,SOX,index
2026-09-08,^SOX,11987.2900390625,12023.8603515625,11843.259765625,11887.8701171875,0.0,11887.8701171875,11987.2900390625,12023.8603515625,11843.259765625,,,ohlc,index_points,yfinance,SOX,index
2026-09-09,^SOX,11866.5,12016.08984375,11854.2197265625,11931.3203125,0.0,11931.3203125,11866.5,12016.08984375,11854.2197265625,,,ohlc,index_points,yfinance,SOX,index
2026-09-10,^SOX,11663.0,11733.6796875,11561.0400390625,11614.169921875,0.0,11614.169921875,11663.0,11733.6796875,11561.0400390625,,,ohlc,index_points,yfinance,SOX,index
2026-03-20,^VIX,24.46,29.28,23.68,26.78,,26.78,24.46,29.28,23.68,,,ohlc,index_points,cboe,VIX,index
2026-03-23,^VIX,30.04,31.04,20.28,26.15,,26.15,30.04,31.04,20.28,,,ohlc,index_points,cboe,VIX,index
2026-03-24,^VIX,25.91,27.94,25.64,26.95,,26.95,25.91,27.94,25.64,,,ohlc,index_points,cboe,VIX,index
2026-03-25,^VIX,25.79,26.67,24.82,25.33,,25.33,25.79,26.67,24.82,,,ohlc,index_points,cboe,VIX,index
2026-03-26,^VIX,26.49,28.49,26.12,27.44,,27.44,26.49,28.49,26.12,,,ohlc,index_points,cboe,VIX,index
2026-03-27,^VIX,27.54,31.65,27.54,31.05,,31.05,27.54,31.65,27.54,,,ohlc,index_points,cboe,VIX,index
2026-03-30,^VIX,30.79,31.52,29.33,30.61,,30.61,30.79,31.52,29.33,,,ohlc,index_points,cboe,VIX,index
2026-03-31,^VIX,29.53,29.64,25.08,25.25,,25.25,29.53,29.64,25.08,,,ohlc,index_points,cboe,VIX,index
2026-04-01,^VIX,24.3,25.35,23.5,24.54,,24.54,24.3,25.35,23.5,,,ohlc,index_points,cboe,VIX,index
2026-04-02,^VIX,26.78,27.89,23.87,23.87,,23.87,26.78,27.89,23.87,,,ohlc,index_points,cboe,VIX,index
2026-04-06,^VIX,24.93,25.3,23.78,24.17,,24.17,24.93,25.3,23.78,,,ohlc,index_points,cboe,VIX,index
2026-04-07,^VIX,25.09,28.0,24.34,25.78,,25.78,25.09,28.0,24.34,,,ohlc,index_points,cboe,VIX,index
2026-04-08,^VIX,20.97,22.17,19.91,21.04,,21.04,20.97,22.17,19.91,,,ohlc,index_points,cboe,VIX,index
2026-04-09,^VIX,21.25,21.63,19.45,19.49,,19.49,21.25,21.63,19.45,,,ohlc,index_points,cboe,VIX,index
2026-04-10,^VIX,19.71,20.28,18.83,19.23,,19.23,19.71,20.28,18.83,,,ohlc,index_points,cboe,VIX,index
2026-04-13,^VIX,21.17,21.58,18.96,19.12,,19.12,21.17,21.58,18.96,,,ohlc,index_points,cboe,VIX,index
2026-04-14,^VIX,18.73,18.76,17.89,18.36,,18.36,18.73,18.76,17.89,,,ohlc,index_points,cboe,VIX,index
2026-04-15,^VIX,18.18,18.5,17.4,18.17,,18.17,18.18,18.5,17.4,,,ohlc,index_points,cboe,VIX,index
2026-04-16,^VIX,18.04,19.09,17.76,17.94,,17.94,18.04,19.09,17.76,,,ohlc,index_points,cboe,VIX,index
2026-04-17,^VIX,18.18,18.24,16.87,17.48,,17.48,18.18,18.24,16.87,,,ohlc,index_points,cboe,VIX,index
2026-04-20,^VIX,19.58,19.99,18.77,18.87,,18.87,19.58,19.99,18.77,,,ohlc,index_points,cboe,VIX,index
2026-04-21,^VIX,19.18,20.85,18.75,19.5,,19.5,19.18,20.85,18.75,,,ohlc,index_points,cboe,VIX,index
2026-04-22,^VIX,19.03,19.54,18.68,18.92,,18.92,19.03,19.54,18.68,,,ohlc,index_points,cboe,VIX,index
2026-04-23,^VIX,19.42,21.56,18.7,19.31,,19.31,19.42,21.56,18.7,,,ohlc,index_points,cboe,VIX,index
2026-04-24,^VIX,18.89,19.35,18.46,18.71,,18.71,18.89,19.35,18.46,,,ohlc,index_points,cboe,VIX,index
2026-04-27,^VIX,19.21,19.27,18.02,18.02,,18.02,19.21,19.27,18.02,,,ohlc,index_points,cboe,VIX,index
2026-04-28,^VIX,18.3,19.43,17.78,17.83,,17.83,18.3,19.43,17.78,,,ohlc,index_points,cboe,VIX,index
2026-04-29,^VIX,17.83,19.0,17.81,18.81,,18.81,17.83,19.0,17.81,,,ohlc,index_points,cboe,VIX,index
2026-04-30,^VIX,18.68,18.73,16.87,16.89,,16.89,18.68,18.73,16.87,,,ohlc,index_points,cboe,VIX,index
2026-05-01,^VIX,17.01,17.39,16.44,16.99,,16.99,17.01,17.39,16.44,,,ohlc,index_points,cboe,VIX,index
2026-05-04,^VIX,17.38,19.08,17.15,18.29,,18.29,17.38,19.08,17.15,,,ohlc,index_points,cboe,VIX,index
2026-05-05,^VIX,17.95,18.02,17.2,17.38,,17.38,17.95,18.02,17.2,,,ohlc,index_points,cboe,VIX,index
2026-05-06,^VIX,17.15,17.46,16.18,17.39,,17.39,17.15,17.46,16.18,,,ohlc,index_points,cboe,VIX,index
2026-05-07,^VIX,17.53,17.6,16.85,17.08,,17.08,17.53,17.6,16.85,,,ohlc,index_points,cboe,VIX,index
2026-05-08,^VIX,17.37,17.53,16.82,17.19,,17.19,17.37,17.53,16.82,,,ohlc,index_points,cboe,VIX,index
2026-05-11,^VIX,18.21,18.47,17.9,18.38,,18.38,18.21,18.47,17.9,,,ohlc,index_points,cboe,VIX,index
2026-05-12,^VIX,18.77,19.1,17.92,17.99,,17.99,18.77,19.1,17.92,,,ohlc,index_points,cboe,VIX,index
2026-05-13,^VIX,17.98,18.4,17.76,17.87,,17.87,17.98,18.4,17.76,,,ohlc,index_points,cboe,VIX,index
2026-05-14,^VIX,17.86,18.08,17.2,17.26,,17.26,17.86,18.08,17.2,,,ohlc,index_points,cboe,VIX,index
2026-05-15,^VIX,18.07,19.27,17.8,18.43,,18.43,18.07,19.27,17.8,,,ohlc,index_points,cboe,VIX,index
2026-05-18,^VIX,19.25,19.44,17.7,17.82,,17.82,19.25,19.44,17.7,,,ohlc,index_points,cboe,VIX,index
2026-05-19,^VIX,18.01,18.36,17.66,18.06,,18.06,18.01,18.36,17.66,,,ohlc,index_points,cboe,VIX,index
2026-05-20,^VIX,18.17,18.18,17.13,17.44,,17.44,18.17,18.18,17.13,,,ohlc,index_points,cboe,VIX,index
2026-05-21,^VIX,17.58,17.87,16.6,16.76,,16.76,17.58,17.87,16.6,,,ohlc,index_points,cboe,VIX,index
2026-05-22,^VIX,16.83,17.39,16.46,16.7,,16.7,16.83,17.39,16.46,,,ohlc,index_points,cboe,VIX,index
2026-05-26,^VIX,16.92,17.23,16.56,17.01,,17.01,16.92,17.23,16.56,,,ohlc,index_points,cboe,VIX,index
2026-05-27,^VIX,17.01,17.18,16.29,16.29,,16.29,17.01,17.18,16.29,,,ohlc,index_points,cboe,VIX,index
2026-05-28,^VIX,16.76,16.85,15.61,15.74,,15.74,16.76,16.85,15.61,,,ohlc,index_points,cboe,VIX,index
2026-05-29,^VIX,15.81,15.88,15.22,15.32,,15.32,15.81,15.88,15.22,,,ohlc,index_points,cboe,VIX,index
2026-06-01,^VIX,15.88,16.34,15.71,16.05,,16.05,15.88,16.34,15.71,,,ohlc,index_points,cboe,VIX,index
2026-06-02,^VIX,16.28,16.29,15.71,15.77,,15.77,16.28,16.29,15.71,,,ohlc,index_points,cboe,VIX,index
2026-06-03,^VIX,15.97,16.63,15.94,16.06,,16.06,15.97,16.63,15.94,,,ohlc,index_points,cboe,VIX,index
2026-06-04,^VIX,16.33,16.8,15.18,15.4,,15.4,16.33,16.8,15.18,,,ohlc,index_points,cboe,VIX,index
2026-06-05,^VIX,15.87,21.57,15.56,21.51,,21.51,15.87,21.57,15.56,,,ohlc,index_points,cboe,VIX,index
2026-06-08,^VIX,20.29,20.35,17.94,18.92,,18.92,20.29,20.35,17.94,,,ohlc,index_points,cboe,VIX,index
2026-06-09,^VIX,18.19,23.34,17.52,19.87,,19.87,18.19,23.34,17.52,,,ohlc,index_points,cboe,VIX,index
2026-06-10,^VIX,20.1,22.66,20.06,22.22,,22.22,20.1,22.66,20.06,,,ohlc,index_points,cboe,VIX,index
2026-06-11,^VIX,21.25,22.59,19.36,19.44,,19.44,21.25,22.59,19.36,,,ohlc,index_points,cboe,VIX,index
2026-06-12,^VIX,19.51,19.85,17.59,17.68,,17.68,19.51,19.85,17.59,,,ohlc,index_points,cboe,VIX,index
2026-06-15,^VIX,16.78,16.85,15.98,16.2,,16.2,16.78,16.85,15.98,,,ohlc,index_points,cboe,VIX,index
2026-06-16,^VIX,16.2,16.44,15.77,16.41,,16.41,16.2,16.44,15.77,,,ohlc,index_points,cboe,VIX,index
2026-06-17,^VIX,16.08,18.84,16.02,18.44,,18.44,16.08,18.84,16.02,,,ohlc,index_points,cboe,VIX,index
2026-06-18,^VIX,17.23,17.6,16.35,16.4,,16.4,17.23,17.6,16.35,,,ohlc,index_points,cboe,VIX,index
2026-06-22,^VIX,17.48,17.92,16.49,17.28,,17.28,17.48,17.92,16.49,,,ohlc,index_points,cboe,VIX,index
2026-06-23,^VIX,19.67,20.54,18.61,19.49,,19.49,19.67,20.54,18.61,,,ohlc,index_points,cboe,VIX,index
2026-06-24,^VIX,19.13,20.34,18.04,18.63,,18.63,19.13,20.34,18.04,,,ohlc,index_points,cboe,VIX,index
2026-06-25,^VIX,18.11,19.95,17.72,18.89,,18.89,18.11,19.95,17.72,,,ohlc,index_points,cboe,VIX,index
2026-06-26,^VIX,19.7,20.72,18.2,18.41,,18.41,19.7,20.72,18.2,,,ohlc,index_points,cboe,VIX,index
2026-06-29,^VIX,18.6,19.45,17.49,17.65,,17.65,18.6,19.45,17.49,,,ohlc,index_points,cboe,VIX,index
2026-06-30,^VIX,17.54,17.75,16.27,16.45,,16.45,17.54,17.75,16.27,,,ohlc,index_points,cboe,VIX,index
2026-07-01,^VIX,17.11,17.3,15.97,16.59,,16.59,17.11,17.3,15.97,,,ohlc,index_points,cboe,VIX,index
2026-07-02,^VIX,17.05,17.21,15.79,16.15,,16.15,17.05,17.21,15.79,,,ohlc,index_points,cboe,VIX,index
2026-07-06,^VIX,16.4,16.5,15.56,15.57,,15.57,16.4,16.5,15.56,,,ohlc,index_points,cboe,VIX,index
2026-07-07,^VIX,15.87,16.64,15.53,16.13,,16.13,15.87,16.64,15.53,,,ohlc,index_points,cboe,VIX,index
2026-07-08,^VIX,16.55,18.91,16.35,16.9,,16.9,16.55,18.91,16.35,,,ohlc,index_points,cboe,VIX,index
2026-07-09,^VIX,16.58,17.27,15.76,15.84,,15.84,16.58,17.27,15.76,,,ohlc,index_points,cboe,VIX,index
2026-07-10,^VIX,16.06,16.16,14.96,15.03,,15.03,16.06,16.16,14.96,,,ohlc,index_points,cboe,VIX,index
2026-07-13,^VIX,16.32,17.41,16.03,17.16,,17.16,16.32,17.41,16.03,,,ohlc,index_points,cboe,VIX,index
2026-07-14,^VIX,17.21,17.56,16.15,16.5,,16.5,17.21,17.56,16.15,,,ohlc,index_points,cboe,VIX,index
2026-07-15,^VIX,16.2,16.57,15.64,15.67,,15.67,16.2,16.57,15.64,,,ohlc,index_points,cboe,VIX,index
2026-07-16,^VIX,15.82,17.23,15.77,16.73,,16.73,15.82,17.23,15.77,,,ohlc,index_points,cboe,VIX,index
2026-07-17,^VIX,18.01,19.5,17.68,18.77,,18.77,18.01,19.5,17.68,,,ohlc,index_points,cboe,VIX,index
2026-07-20,^VIX,18.9,18.94,17.41,18.65,,18.65,18.9,18.94,17.41,,,ohlc,index_points,cboe,VIX,index
2026-07-21,^VIX,17.48,17.99,16.86,17.05,,17.05,17.48,17.99,16.86,,,ohlc,index_points,cboe,VIX,index
2026-07-22,^VIX,17.42,19.49,16.64,16.64,,16.64,17.42,19.49,16.64,,,ohlc,index_points,cboe,VIX,index
2026-07-23,^VIX,17.67,20.31,17.32,18.7,,18.7,17.67,20.31,17.32,,,ohlc,index_points,cboe,VIX,index
2026-07-24,^VIX,18.96,19.05,17.41,18.58,,18.58,18.96,19.05,17.41,,,ohlc,index_points,cboe,VIX,index
2026-07-27,^VIX,17.62,19.93,17.53,18.67,,18.67,17.62,19.93,17.53,,,ohlc,index_points,cboe,VIX,index
2026-07-28,^VIX,19.05,19.52,17.88,18.21,,18.21,19.05,19.52,17.88,,,ohlc,index_points,cboe,VIX,index
2026-07-29,^VIX,18.27,20.88,17.45,20.66,,20.66,18.27,20.88,17.45,,,ohlc,index_points,cboe,VIX,index
2026-07-30,^VIX,19.56,20.08,17.0,17.09,,17.09,19.56,20.08,17.0,,,ohlc,index_points,cboe,VIX,index
2026-07-31,^VIX,16.82,18.7,15.82,15.99,,15.99,16.82,18.7,15.82,,,ohlc,index_points,cboe,VIX,index
2026-08-03,^VIX,16.03,16.3,15.54,15.86,,15.86,16.03,16.3,15.54,,,ohlc,index_points,cboe,VIX,index
2026-08-04,^VIX,15.76,16.65,15.51,16.5,,16.5,15.76,16.65,15.51,,,ohlc,index_points,cboe,VIX,index
2026-08-05,^VIX,16.15,18.43,15.48,15.81,,15.81,16.15,18.43,15.48,,,ohlc,index_points,cboe,VIX,index
2026-08-06,^VIX,15.83,16.03,15.11,15.15,,15.15,15.83,16.03,15.11,,,ohlc,index_points,cboe,VIX,index
2026-08-07,^VIX,15.3,15.36,14.77,14.9,,14.9,15.3,15.36,14.77,,,ohlc,index_points,cboe,VIX,index
2026-08-10,^VIX,15.4,15.72,15.1,15.46,,15.46,15.4,15.72,15.1,,,ohlc,index_points,cboe,VIX,index
2026-08-11,^VIX,15.42,15.61,15.23,15.28,,15.28,15.42,15.61,15.23,,,ohlc,index_points,cboe,VIX,index
2026-08-12,^VIX,15.28,15.42,14.39,14.55,,14.55,15.28,15.42,14.39,,,ohlc,index_points,cboe,VIX,index
2026-08-13,^VIX,14.68,14.8,14.39,14.63,,14.63,14.68,14.8,14.39,,,ohlc,index_points,cboe,VIX,index
2026-08-14,^VIX,14.64,14.72,14.18,14.25,,14.25,14.64,14.72,14.18,,,ohlc,index_points,cboe,VIX,index
2026-08-17,^VIX,14.98,15.47,14.89,15.19,,15.19,14.98,15.47,14.89,,,ohlc,index_points,cboe,VIX,index
2026-08-18,^VIX,15.81,16.09,15.6,15.84,,15.84,15.81,16.09,15.6,,,ohlc,index_points,cboe,VIX,index
2026-08-19,^VIX,15.92,15.95,14.77,14.89,,14.89,15.92,15.95,14.77,,,ohlc,index_points,cboe,VIX,index
2026-08-20,^VIX,14.91,16.14,14.91,16.01,,16.01,14.91,16.14,14.91,,,ohlc,index_points,cboe,VIX,index
2026-08-21,^VIX,15.82,15.88,15.08,15.13,,15.13,15.82,15.88,15.08,,,ohlc,index_points,cboe,VIX,index
2026-08-24,^VIX,15.9,16.06,15.61,15.85,,15.85,15.9,16.06,15.61,,,ohlc,index_points,cboe,VIX,index
2026-08-25,^VIX,15.71,16.3,15.13,15.45,,15.45,15.71,16.3,15.13,,,ohlc,index_points,cboe,VIX,index
2026-08-26,^VIX,15.65,15.74,15.21,15.21,,15.21,15.65,15.74,15.21,,,ohlc,index_points,cboe,VIX,index
2026-08-27,^VIX,14.92,15.13,14.42,14.51,,14.51,14.92,15.13,14.42,,,ohlc,index_points,cboe,VIX,index
2026-08-28,^VIX,14.57,14.84,14.13,14.43,,14.43,14.57,14.84,14.13,,,ohlc,index_points,cboe,VIX,index
2026-08-31,^VIX,15.24,15.48,14.86,14.92,,14.92,15.24,15.48,14.86,,,ohlc,index_points,cboe,VIX,index
2026-09-01,^VIX,14.95,16.8,14.95,16.34,,16.34,14.95,16.8,14.95,,,ohlc,index_points,cboe,VIX,index
2026-09-02,^VIX,16.39,16.82,15.12,15.2,,15.2,16.39,16.82,15.12,,,ohlc,index_points,cboe,VIX,index
2026-09-03,^VIX,15.25,15.44,14.23,14.32,,14.32,15.25,15.44,14.23,,,ohlc,index_points,cboe,VIX,index
2026-09-04,^VIX,14.15,14.58,13.8,14.53,,14.53,14.15,14.58,13.8,,,ohlc,index_points,cboe,VIX,index
2026-09-08,^VIX,15.56,15.94,15.22,15.72,,15.72,15.56,15.94,15.22,,,ohlc,index_points,cboe,VIX,index
2026-09-09,^VIX,15.65,16.68,15.57,16.46,,16.46,15.65,16.68,15.57,,,ohlc,index_points,cboe,VIX,index
2026-09-10,^VIX,16.31,18.17,16.29,17.84,,17.84,16.31,18.17,16.29,,,ohlc,index_points,cboe,VIX,index
