ticker,status,rows,expected_date,latest_date,missing_sessions,invalid_rows,zero_volume_rows
1301.T,ready,120,2026-09-11,2026-09-11,0,0,0
130A.T,ready,120,2026-09-11,2026-09-11,0,0,0
1332.T,ready,120,2026-09-11,2026-09-11,0,0,0
1333.T,ready,120,2026-09-11,2026-09-11,0,0,0
135A.T,ready,120,2026-09-11,2026-09-11,0,0,0
1375.T,ready,120,2026-09-11,2026-09-11,0,0,0
1376.T,ready,120,2026-09-11,2026-09-11,0,0,0
1377.T,ready,120,2026-09-11,2026-09-11,0,0,0
1379.T,ready,120,2026-09-11,2026-09-11,0,0,0
137A.T,zero_volume,120,2026-09-11,2026-09-11,0,0,1
1380.T,zero_volume,120,2026-09-11,2026-09-11,0,0,3
1381.T,ready,120,2026-09-11,2026-09-11,0,0,0
1382.T,ready,120,2026-09-11,2026-09-11,0,0,0
1383.T,ready,120,2026-09-11,2026-09-11,0,0,0
1384.T,ready,120,2026-09-11,2026-09-11,0,0,0
138A.T,ready,120,2026-09-11,2026-09-11,0,0,0
1401.T,ready,120,2026-09-11,2026-09-11,0,0,0
1407.T,ready,120,2026-09-11,2026-09-11,0,0,0
1414.T,ready,120,2026-09-11,2026-09-11,0,0,0
1417.T,ready,120,2026-09-11,2026-09-11,0,0,0
1418.T,ready,120,2026-09-11,2026-09-11,0,0,0
1419.T,ready,120,2026-09-11,2026-09-11,0,0,0
141A.T,ready,120,2026-09-11,2026-09-11,0,0,0
1420.T,ready,120,2026-09-11,2026-09-11,0,0,0
1429.T,ready,120,2026-09-11,2026-09-11,0,0,0
142A.T,ready,120,2026-09-11,2026-09-11,0,0,0
1430.T,ready,120,2026-09-11,2026-09-11,0,0,0
1431.T,ready,120,2026-09-11,2026-09-11,0,0,0
1433.T,ready,120,2026-09-11,2026-09-11,0,0,0
1434.T,ready,120,2026-09-11,2026-09-11,0,0,0
1435.T,ready,120,2026-09-11,2026-09-11,0,0,0
1436.T,ready,120,2026-09-11,2026-09-11,0,0,0
1438.T,zero_volume,120,2026-09-11,2026-09-11,0,0,3
143A.T,zero_volume,120,2026-09-11,2026-09-11,0,0,3
1443.T,ready,120,2026-09-11,2026-09-11,0,0,0
1444.T,zero_volume,120,2026-09-11,2026-09-11,0,0,1
1446.T,ready,120,2026-09-11,2026-09-11,0,0,0
1447.T,ready,120,2026-09-11,2026-09-11,0,0,0
1450.T,ready,120,2026-09-11,2026-09-11,0,0,0
145A.T,ready,120,2026-09-11,2026-09-11,0,0,0
146A.T,ready,120,2026-09-11,2026-09-11,0,0,0
147A.T,ready,120,2026-09-11,2026-09-11,0,0,0
148A.T,zero_volume,120,2026-09-11,2026-09-11,0,0,1
1491.T,ready,120,2026-09-11,2026-09-11,0,0,0
149A.T,ready,120,2026-09-11,2026-09-11,0,0,0
150A.T,ready,120,2026-09-11,2026-09-11,0,0,0
1514.T,ready,120,2026-09-11,2026-09-11,0,0,0
1515.T,ready,120,2026-09-11,2026-09-11,0,0,0
1518.T,ready,120,2026-09-11,2026-09-11,0,0,0
151A.T,ready,120,2026-09-11,2026-09-11,0,0,0
153A.T,ready,120,2026-09-11,2026-09-11,0,0,0
155A.T,ready,120,2026-09-11,2026-09-11,0,0,0
156A.T,ready,120,2026-09-11,2026-09-11,0,0,0
157A.T,ready,120,2026-09-11,2026-09-11,0,0,0
1605.T,ready,120,2026-09-11,2026-09-11,0,0,0
160A.T,ready,120,2026-09-11,2026-09-11,0,0,0
1662.T,ready,120,2026-09-11,2026-09-11,0,0,0
1663.T,ready,120,2026-09-11,2026-09-11,0,0,0
166A.T,ready,120,2026-09-11,2026-09-11,0,0,0
167A.T,ready,120,2026-09-11,2026-09-11,0,0,0
168A.T,ready,120,2026-09-11,2026-09-11,0,0,0
1711.T,ready,120,2026-09-11,2026-09-11,0,0,0
1716.T,ready,120,2026-09-11,2026-09-11,0,0,0
1717.T,ready,120,2026-09-11,2026-09-11,0,0,0
1718.T,zero_volume,120,2026-09-11,2026-09-11,0,0,2
1719.T,ready,120,2026-09-11,2026-09-11,0,0,0
1720.T,ready,120,2026-09-11,2026-09-11,0,0,0
1721.T,ready,120,2026-09-11,2026-09-11,0,0,0
1723.T,ready,120,2026-09-11,2026-09-11,0,0,0
1724.T,ready,120,2026-09-11,2026-09-11,0,0,0
1736.T,ready,120,2026-09-11,2026-09-11,0,0,0
173A.T,zero_volume,120,2026-09-11,2026-09-11,0,0,1
1758.T,zero_volume,120,2026-09-11,2026-09-11,0,0,5
175A.T,ready,120,2026-09-11,2026-09-11,0,0,0
1762.T,ready,120,2026-09-11,2026-09-11,0,0,0
1764.T,invalid_rows,119,2026-09-11,2026-09-10,1,1,2
1766.T,ready,120,2026-09-11,2026-09-11,0,0,0
1768.T,ready,120,2026-09-11,2026-09-11,0,0,0
1770.T,zero_volume,120,2026-09-11,2026-09-11,0,0,1
177A.T,zero_volume,120,2026-09-11,2026-09-11,0,0,1
1780.T,ready,120,2026-09-11,2026-09-11,0,0,0
1783.T,ready,120,2026-09-11,2026-09-11,0,0,0
1786.T,ready,120,2026-09-11,2026-09-11,0,0,0
1787.T,zero_volume,120,2026-09-11,2026-09-11,0,0,6
1788.T,invalid_rows,119,2026-09-11,2026-09-10,1,1,14
1793.T,ready,120,2026-09-11,2026-09-11,0,0,0
1795.T,zero_volume,120,2026-09-11,2026-09-11,0,0,23
1798.T,ready,120,2026-09-11,2026-09-11,0,0,0
1799.T,ready,120,2026-09-11,2026-09-11,0,0,0
1801.T,ready,120,2026-09-11,2026-09-11,0,0,0
1802.T,ready,120,2026-09-11,2026-09-11,0,0,0
1803.T,ready,120,2026-09-11,2026-09-11,0,0,0
1807.T,zero_volume,120,2026-09-11,2026-09-11,0,0,10
1808.T,ready,120,2026-09-11,2026-09-11,0,0,0
1810.T,ready,120,2026-09-11,2026-09-11,0,0,0
1811.T,zero_volume,120,2026-09-11,2026-09-11,0,0,2
1812.T,ready,120,2026-09-11,2026-09-11,0,0,0
1813.T,ready,120,2026-09-11,2026-09-11,0,0,0
1814.T,ready,120,2026-09-11,2026-09-11,0,0,0
1815.T,ready,120,2026-09-11,2026-09-11,0,0,0
1820.T,ready,120,2026-09-11,2026-09-11,0,0,0
1822.T,ready,120,2026-09-11,2026-09-11,0,0,0
1826.T,ready,120,2026-09-11,2026-09-11,0,0,0
1827.T,ready,120,2026-09-11,2026-09-11,0,0,0
1828.T,ready,120,2026-09-11,2026-09-11,0,0,0
1833.T,ready,120,2026-09-11,2026-09-11,0,0,0
1835.T,ready,120,2026-09-11,2026-09-11,0,0,0
1840.T,ready,120,2026-09-11,2026-09-11,0,0,0
1844.T,ready,120,2026-09-11,2026-09-11,0,0,0
1847.T,ready,120,2026-09-11,2026-09-11,0,0,0
1848.T,ready,120,2026-09-11,2026-09-11,0,0,0
184A.T,zero_volume,120,2026-09-11,2026-09-11,0,0,3
1850.T,ready,120,2026-09-11,2026-09-11,0,0,0
1852.T,ready,120,2026-09-11,2026-09-11,0,0,0
1853.T,ready,120,2026-09-11,2026-09-11,0,0,0
1860.T,ready,120,2026-09-11,2026-09-11,0,0,0
1861.T,ready,120,2026-09-11,2026-09-11,0,0,0
1866.T,ready,120,2026-09-11,2026-09-11,0,0,0
1867.T,ready,120,2026-09-11,2026-09-11,0,0,0
186A.T,ready,120,2026-09-11,2026-09-11,0,0,0
1870.T,ready,120,2026-09-11,2026-09-11,0,0,0
1871.T,ready,120,2026-09-11,2026-09-11,0,0,0
1873.T,ready,120,2026-09-11,2026-09-11,0,0,0
1878.T,ready,120,2026-09-11,2026-09-11,0,0,0
1879.T,ready,120,2026-09-11,2026-09-11,0,0,0
1882.T,ready,120,2026-09-11,2026-09-11,0,0,0
1885.T,ready,120,2026-09-11,2026-09-11,0,0,0
1887.T,ready,120,2026-09-11,2026-09-11,0,0,0
1888.T,ready,120,2026-09-11,2026-09-11,0,0,0
1893.T,ready,120,2026-09-11,2026-09-11,0,0,0
1897.T,zero_volume,120,2026-09-11,2026-09-11,0,0,15
1898.T,ready,120,2026-09-11,2026-09-11,0,0,0
1899.T,ready,120,2026-09-11,2026-09-11,0,0,0
189A.T,ready,120,2026-09-11,2026-09-11,0,0,0
1904.T,ready,120,2026-09-11,2026-09-11,0,0,0
1905.T,zero_volume,120,2026-09-11,2026-09-11,0,0,1
1909.T,ready,120,2026-09-11,2026-09-11,0,0,0
190A.T,ready,120,2026-09-11,2026-09-11,0,0,0
1911.T,ready,120,2026-09-11,2026-09-11,0,0,0
1914.T,ready,120,2026-09-11,2026-09-11,0,0,0
1921.T,ready,120,2026-09-11,2026-09-11,0,0,0
1925.T,ready,120,2026-09-11,2026-09-11,0,0,0
1926.T,ready,120,2026-09-11,2026-09-11,0,0,0
1928.T,ready,120,2026-09-11,2026-09-11,0,0,0
1929.T,ready,120,2026-09-11,2026-09-11,0,0,0
192A.T,ready,120,2026-09-11,2026-09-11,0,0,0
1930.T,ready,120,2026-09-11,2026-09-11,0,0,0
1934.T,ready,120,2026-09-11,2026-09-11,0,0,0
1938.T,ready,120,2026-09-11,2026-09-11,0,0,0
1939.T,ready,120,2026-09-11,2026-09-11,0,0,0
1941.T,ready,120,2026-09-11,2026-09-11,0,0,0
1942.T,ready,120,2026-09-11,2026-09-11,0,0,0
1944.T,ready,120,2026-09-11,2026-09-11,0,0,0
1945.T,ready,120,2026-09-11,2026-09-11,0,0,0
1946.T,ready,120,2026-09-11,2026-09-11,0,0,0
1948.T,zero_volume,120,2026-09-11,2026-09-11,0,0,1
194A.T,ready,120,2026-09-11,2026-09-11,0,0,0
1950.T,ready,120,2026-09-11,2026-09-11,0,0,0
1951.T,ready,120,2026-09-11,2026-09-11,0,0,0
1952.T,ready,120,2026-09-11,2026-09-11,0,0,0
1959.T,ready,120,2026-09-11,2026-09-11,0,0,0
195A.T,ready,120,2026-09-11,2026-09-11,0,0,0
1960.T,ready,120,2026-09-11,2026-09-11,0,0,0
1961.T,ready,120,2026-09-11,2026-09-11,0,0,0
1963.T,ready,120,2026-09-11,2026-09-11,0,0,0
1964.T,ready,120,2026-09-11,2026-09-11,0,0,0
1965.T,ready,120,2026-09-11,2026-09-11,0,0,0
1966.T,ready,120,2026-09-11,2026-09-11,0,0,0
1967.T,ready,120,2026-09-11,2026-09-11,0,0,0
1968.T,ready,120,2026-09-11,2026-09-11,0,0,0
1969.T,ready,120,2026-09-11,2026-09-11,0,0,0
196A.T,ready,120,2026-09-11,2026-09-11,0,0,0
1972.T,ready,120,2026-09-11,2026-09-11,0,0,0
1975.T,ready,120,2026-09-11,2026-09-11,0,0,0
1976.T,ready,120,2026-09-11,2026-09-11,0,0,0
1979.T,ready,120,2026-09-11,2026-09-11,0,0,0
197A.T,ready,120,2026-09-11,2026-09-11,0,0,0
1980.T,ready,120,2026-09-11,2026-09-11,0,0,0
1981.T,ready,120,2026-09-11,2026-09-11,0,0,0
1982.T,ready,120,2026-09-11,2026-09-11,0,0,0
198A.T,ready,120,2026-09-11,2026-09-11,0,0,0
1992.T,invalid_rows,119,2026-09-11,2026-09-10,1,1,52
1994.T,ready,120,2026-09-11,2026-09-11,0,0,0
1997.T,invalid_rows,119,2026-09-11,2026-09-10,1,1,2
2001.T,ready,120,2026-09-11,2026-09-11,0,0,0
2002.T,ready,120,2026-09-11,2026-09-11,0,0,0
2003.T,ready,120,2026-09-11,2026-09-11,0,0,0
2004.T,ready,120,2026-09-11,2026-09-11,0,0,0
2009.T,ready,120,2026-09-11,2026-09-11,0,0,0
2053.T,ready,120,2026-09-11,2026-09-11,0,0,0
2055.T,ready,120,2026-09-11,2026-09-11,0,0,0
205A.T,ready,120,2026-09-11,2026-09-11,0,0,0
2060.T,ready,120,2026-09-11,2026-09-11,0,0,0
206A.T,ready,120,2026-09-11,2026-09-11,0,0,0
208A.T,ready,120,2026-09-11,2026-09-11,0,0,0
2108.T,ready,120,2026-09-11,2026-09-11,0,0,0
2109.T,ready,120,2026-09-11,2026-09-11,0,0,0
2112.T,ready,120,2026-09-11,2026-09-11,0,0,0
2114.T,ready,120,2026-09-11,2026-09-11,0,0,0
2117.T,ready,120,2026-09-11,2026-09-11,0,0,0
211A.T,ready,120,2026-09-11,2026-09-11,0,0,0
2120.T,ready,120,2026-09-11,2026-09-11,0,0,0
2121.T,ready,120,2026-09-11,2026-09-11,0,0,0
2122.T,ready,120,2026-09-11,2026-09-11,0,0,0
2124.T,ready,120,2026-09-11,2026-09-11,0,0,0
2127.T,ready,120,2026-09-11,2026-09-11,0,0,0
212A.T,ready,120,2026-09-11,2026-09-11,0,0,0
2130.T,ready,120,2026-09-11,2026-09-11,0,0,0
2134.T,ready,120,2026-09-11,2026-09-11,0,0,0
2136.T,zero_volume,120,2026-09-11,2026-09-11,0,0,2
2138.T,ready,120,2026-09-11,2026-09-11,0,0,0
2139.T,ready,120,2026-09-11,2026-09-11,0,0,0
2146.T,ready,120,2026-09-11,2026-09-11,0,0,0
2148.T,ready,120,2026-09-11,2026-09-11,0,0,0
2152.T,zero_volume,120,2026-09-11,2026-09-11,0,0,19
2153.T,ready,120,2026-09-11,2026-09-11,0,0,0
2154.T,ready,120,2026-09-11,2026-09-11,0,0,0
2156.T,ready,120,2026-09-11,2026-09-11,0,0,0
2157.T,ready,120,2026-09-11,2026-09-11,0,0,0
2158.T,ready,120,2026-09-11,2026-09-11,0,0,0
215A.T,ready,120,2026-09-11,2026-09-11,0,0,0
2160.T,ready,120,2026-09-11,2026-09-11,0,0,0
2163.T,ready,120,2026-09-11,2026-09-11,0,0,0
2164.T,ready,120,2026-09-11,2026-09-11,0,0,0
2168.T,ready,120,2026-09-11,2026-09-11,0,0,0
2169.T,ready,120,2026-09-11,2026-09-11,0,0,0
2170.T,ready,120,2026-09-11,2026-09-11,0,0,0
2173.T,ready,120,2026-09-11,2026-09-11,0,0,0
2175.T,ready,120,2026-09-11,2026-09-11,0,0,0
2179.T,ready,120,2026-09-11,2026-09-11,0,0,0
2180.T,ready,120,2026-09-11,2026-09-11,0,0,0
2181.T,ready,120,2026-09-11,2026-09-11,0,0,0
2183.T,ready,120,2026-09-11,2026-09-11,0,0,0
2185.T,ready,120,2026-09-11,2026-09-11,0,0,0
2186.T,ready,120,2026-09-11,2026-09-11,0,0,0
218A.T,ready,120,2026-09-11,2026-09-11,0,0,0
2193.T,ready,120,2026-09-11,2026-09-11,0,0,0
2195.T,ready,120,2026-09-11,2026-09-11,0,0,0
2198.T,ready,120,2026-09-11,2026-09-11,0,0,0
219A.T,ready,120,2026-09-11,2026-09-11,0,0,0
2201.T,ready,120,2026-09-11,2026-09-11,0,0,0
2204.T,ready,120,2026-09-11,2026-09-11,0,0,0
2206.T,ready,120,2026-09-11,2026-09-11,0,0,0
2207.T,ready,120,2026-09-11,2026-09-11,0,0,0
2208.T,ready,120,2026-09-11,2026-09-11,0,0,0
2209.T,ready,120,2026-09-11,2026-09-11,0,0,0
220A.T,zero_volume,120,2026-09-11,2026-09-11,0,0,5
2211.T,ready,120,2026-09-11,2026-09-11,0,0,0
2212.T,ready,120,2026-09-11,2026-09-11,0,0,0
2215.T,ready,120,2026-09-11,2026-09-11,0,0,0
2216.T,ready,120,2026-09-11,2026-09-11,0,0,0
2217.T,ready,120,2026-09-11,2026-09-11,0,0,0
2220.T,ready,120,2026-09-11,2026-09-11,0,0,0
2221.T,ready,120,2026-09-11,2026-09-11,0,0,0
2222.T,ready,120,2026-09-11,2026-09-11,0,0,0
2224.T,zero_volume,120,2026-09-11,2026-09-11,0,0,1
2226.T,ready,120,2026-09-11,2026-09-11,0,0,0
2229.T,ready,120,2026-09-11,2026-09-11,0,0,0
2264.T,ready,120,2026-09-11,2026-09-11,0,0,0
2266.T,ready,120,2026-09-11,2026-09-11,0,0,0
2267.T,ready,120,2026-09-11,2026-09-11,0,0,0
2268.T,ready,120,2026-09-11,2026-09-11,0,0,0
2269.T,ready,120,2026-09-11,2026-09-11,0,0,0
2270.T,ready,120,2026-09-11,2026-09-11,0,0,0
2281.T,ready,120,2026-09-11,2026-09-11,0,0,0
2282.T,ready,120,2026-09-11,2026-09-11,0,0,0
2286.T,ready,120,2026-09-11,2026-09-11,0,0,0
2288.T,ready,120,2026-09-11,2026-09-11,0,0,0
228A.T,zero_volume,120,2026-09-11,2026-09-11,0,0,2
2291.T,ready,120,2026-09-11,2026-09-11,0,0,0
2292.T,ready,120,2026-09-11,2026-09-11,0,0,0
2293.T,zero_volume,120,2026-09-11,2026-09-11,0,0,7
2294.T,ready,120,2026-09-11,2026-09-11,0,0,0
2296.T,ready,120,2026-09-11,2026-09-11,0,0,0
2300.T,ready,120,2026-09-11,2026-09-11,0,0,0
2301.T,ready,120,2026-09-11,2026-09-11,0,0,0
2303.T,ready,120,2026-09-11,2026-09-11,0,0,0
2304.T,ready,120,2026-09-11,2026-09-11,0,0,0
2305.T,ready,120,2026-09-11,2026-09-11,0,0,0
2307.T,ready,120,2026-09-11,2026-09-11,0,0,0
2311.T,ready,120,2026-09-11,2026-09-11,0,0,0
2315.T,ready,120,2026-09-11,2026-09-11,0,0,0
2317.T,ready,120,2026-09-11,2026-09-11,0,0,0
2321.T,ready,120,2026-09-11,2026-09-11,0,0,0
2323.T,ready,120,2026-09-11,2026-09-11,0,0,0
2325.T,ready,120,2026-09-11,2026-09-11,0,0,0
2326.T,ready,120,2026-09-11,2026-09-11,0,0,0
2327.T,ready,120,2026-09-11,2026-09-11,0,0,0
2329.T,ready,120,2026-09-11,2026-09-11,0,0,0
2330.T,ready,120,2026-09-11,2026-09-11,0,0,0
2331.T,ready,120,2026-09-11,2026-09-11,0,0,0
2332.T,ready,120,2026-09-11,2026-09-11,0,0,0
2334.T,ready,120,2026-09-11,2026-09-11,0,0,0
2335.T,ready,120,2026-09-11,2026-09-11,0,0,0
2337.T,ready,120,2026-09-11,2026-09-11,0,0,0
2338.T,ready,120,2026-09-11,2026-09-11,0,0,0
2340.T,ready,120,2026-09-11,2026-09-11,0,0,0
2341.T,ready,120,2026-09-11,2026-09-11,0,0,0
2342.T,ready,120,2026-09-11,2026-09-11,0,0,0
2345.T,ready,120,2026-09-11,2026-09-11,0,0,0
2349.T,invalid_rows,119,2026-09-11,2026-09-10,1,1,12
2351.T,ready,120,2026-09-11,2026-09-11,0,0,0
2353.T,ready,120,2026-09-11,2026-09-11,0,0,0
2354.T,ready,120,2026-09-11,2026-09-11,0,0,0
2359.T,ready,120,2026-09-11,2026-09-11,0,0,0
2370.T,ready,120,2026-09-11,2026-09-11,0,0,0
2371.T,ready,120,2026-09-11,2026-09-11,0,0,0
2373.T,ready,120,2026-09-11,2026-09-11,0,0,0
2375.T,ready,120,2026-09-11,2026-09-11,0,0,0
2376.T,zero_volume,120,2026-09-11,2026-09-11,0,0,2
2378.T,ready,120,2026-09-11,2026-09-11,0,0,0
2379.T,ready,120,2026-09-11,2026-09-11,0,0,0
2384.T,ready,120,2026-09-11,2026-09-11,0,0,0
2385.T,ready,120,2026-09-11,2026-09-11,0,0,0
2388.T,ready,120,2026-09-11,2026-09-11,0,0,0
2391.T,ready,120,2026-09-11,2026-09-11,0,0,0
2393.T,ready,120,2026-09-11,2026-09-11,0,0,0
2395.T,ready,120,2026-09-11,2026-09-11,0,0,0
2404.T,ready,120,2026-09-11,2026-09-11,0,0,0
2408.T,ready,120,2026-09-11,2026-09-11,0,0,0
2410.T,ready,120,2026-09-11,2026-09-11,0,0,0
2411.T,ready,120,2026-09-11,2026-09-11,0,0,0
2413.T,ready,120,2026-09-11,2026-09-11,0,0,0
2415.T,ready,120,2026-09-11,2026-09-11,0,0,0
2418.T,ready,120,2026-09-11,2026-09-11,0,0,0
241A.T,ready,120,2026-09-11,2026-09-11,0,0,0
2424.T,ready,120,2026-09-11,2026-09-11,0,0,0
2425.T,ready,120,2026-09-11,2026-09-11,0,0,0
2428.T,ready,120,2026-09-11,2026-09-11,0,0,0
2429.T,ready,120,2026-09-11,2026-09-11,0,0,0
2432.T,ready,120,2026-09-11,2026-09-11,0,0,0
2433.T,ready,120,2026-09-11,2026-09-11,0,0,0
2435.T,ready,120,2026-09-11,2026-09-11,0,0,0
2436.T,ready,120,2026-09-11,2026-09-11,0,0,0
2437.T,ready,120,2026-09-11,2026-09-11,0,0,0
2438.T,ready,120,2026-09-11,2026-09-11,0,0,0
2440.T,ready,120,2026-09-11,2026-09-11,0,0,0
2445.T,ready,120,2026-09-11,2026-09-11,0,0,0
2449.T,ready,120,2026-09-11,2026-09-11,0,0,0
244A.T,zero_volume,120,2026-09-11,2026-09-11,0,0,1
2454.T,ready,120,2026-09-11,2026-09-11,0,0,0
2459.T,ready,120,2026-09-11,2026-09-11,0,0,0
245A.T,zero_volume,120,2026-09-11,2026-09-11,0,0,2
2461.T,ready,120,2026-09-11,2026-09-11,0,0,0
2462.T,ready,120,2026-09-11,2026-09-11,0,0,0
2464.T,ready,120,2026-09-11,2026-09-11,0,0,0
2469.T,ready,120,2026-09-11,2026-09-11,0,0,0
246A.T,ready,120,2026-09-11,2026-09-11,0,0,0
2471.T,ready,120,2026-09-11,2026-09-11,0,0,0
2475.T,ready,120,2026-09-11,2026-09-11,0,0,0
2477.T,ready,120,2026-09-11,2026-09-11,0,0,0
2479.T,ready,120,2026-09-11,2026-09-11,0,0,0
247A.T,ready,120,2026-09-11,2026-09-11,0,0,0
2480.T,zero_volume,120,2026-09-11,2026-09-11,0,0,9
2481.T,zero_volume,120,2026-09-11,2026-09-11,0,0,2
2483.T,ready,120,2026-09-11,2026-09-11,0,0,0
2484.T,ready,120,2026-09-11,2026-09-11,0,0,0
2485.T,ready,120,2026-09-11,2026-09-11,0,0,0
2488.T,ready,120,2026-09-11,2026-09-11,0,0,0
2489.T,ready,120,2026-09-11,2026-09-11,0,0,0
248A.T,ready,120,2026-09-11,2026-09-11,0,0,0
2491.T,ready,120,2026-09-11,2026-09-11,0,0,0
2492.T,ready,120,2026-09-11,2026-09-11,0,0,0
2493.T,ready,120,2026-09-11,2026-09-11,0,0,0
2497.T,ready,120,2026-09-11,2026-09-11,0,0,0
2498.T,ready,120,2026-09-11,2026-09-11,0,0,0
2499.T,ready,120,2026-09-11,2026-09-11,0,0,0
2501.T,ready,120,2026-09-11,2026-09-11,0,0,0
2502.T,ready,120,2026-09-11,2026-09-11,0,0,0
2503.T,ready,120,2026-09-11,2026-09-11,0,0,0
250A.T,ready,120,2026-09-11,2026-09-11,0,0,0
2531.T,ready,120,2026-09-11,2026-09-11,0,0,0
2533.T,ready,120,2026-09-11,2026-09-11,0,0,0
253A.T,ready,120,2026-09-11,2026-09-11,0,0,0
254A.T,ready,120,2026-09-11,2026-09-11,0,0,0
255A.T,ready,120,2026-09-11,2026-09-11,0,0,0
256A.T,ready,120,2026-09-11,2026-09-11,0,0,0
2573.T,ready,120,2026-09-11,2026-09-11,0,0,0
2579.T,ready,120,2026-09-11,2026-09-11,0,0,0
2585.T,ready,120,2026-09-11,2026-09-11,0,0,0
2586.T,ready,120,2026-09-11,2026-09-11,0,0,0
2587.T,ready,120,2026-09-11,2026-09-11,0,0,0
2588.T,ready,120,2026-09-11,2026-09-11,0,0,0
2590.T,ready,120,2026-09-11,2026-09-11,0,0,0
2593.T,ready,120,2026-09-11,2026-09-11,0,0,0
2594.T,ready,120,2026-09-11,2026-09-11,0,0,0
2597.T,ready,120,2026-09-11,2026-09-11,0,0,0
2602.T,ready,120,2026-09-11,2026-09-11,0,0,0
2607.T,ready,120,2026-09-11,2026-09-11,0,0,0
2612.T,ready,120,2026-09-11,2026-09-11,0,0,0
2613.T,ready,120,2026-09-11,2026-09-11,0,0,0
261A.T,ready,120,2026-09-11,2026-09-11,0,0,0
262A.T,ready,120,2026-09-11,2026-09-11,0,0,0
264A.T,ready,120,2026-09-11,2026-09-11,0,0,0
2652.T,ready,120,2026-09-11,2026-09-11,0,0,0
2653.T,ready,120,2026-09-11,2026-09-11,0,0,0
2654.T,ready,120,2026-09-11,2026-09-11,0,0,0
2656.T,ready,120,2026-09-11,2026-09-11,0,0,0
2659.T,ready,120,2026-09-11,2026-09-11,0,0,0
265A.T,ready,120,2026-09-11,2026-09-11,0,0,0
2664.T,ready,120,2026-09-11,2026-09-11,0,0,0
2666.T,ready,120,2026-09-11,2026-09-11,0,0,0
2667.T,ready,120,2026-09-11,2026-09-11,0,0,0
2668.T,zero_volume,120,2026-09-11,2026-09-11,0,0,1
2669.T,ready,120,2026-09-11,2026-09-11,0,0,0
2670.T,ready,120,2026-09-11,2026-09-11,0,0,0
2673.T,ready,120,2026-09-11,2026-09-11,0,0,0
2674.T,ready,120,2026-09-11,2026-09-11,0,0,0
2676.T,ready,120,2026-09-11,2026-09-11,0,0,0
2678.T,ready,120,2026-09-11,2026-09-11,0,0,0
2681.T,ready,120,2026-09-11,2026-09-11,0,0,0
2683.T,ready,120,2026-09-11,2026-09-11,0,0,0
2685.T,ready,120,2026-09-11,2026-09-11,0,0,0
2687.T,ready,120,2026-09-11,2026-09-11,0,0,0
2689.T,ready,120,2026-09-11,2026-09-11,0,0,0
268A.T,ready,120,2026-09-11,2026-09-11,0,0,0
2693.T,ready,120,2026-09-11,2026-09-11,0,0,0
2694.T,ready,120,2026-09-11,2026-09-11,0,0,0
2695.T,ready,120,2026-09-11,2026-09-11,0,0,0
2698.T,ready,120,2026-09-11,2026-09-11,0,0,0
269A.T,ready,120,2026-09-11,2026-09-11,0,0,0
2700.T,ready,120,2026-09-11,2026-09-11,0,0,0
2702.T,ready,120,2026-09-11,2026-09-11,0,0,0
2705.T,ready,120,2026-09-11,2026-09-11,0,0,0
2708.T,zero_volume,120,2026-09-11,2026-09-11,0,0,1
2721.T,ready,120,2026-09-11,2026-09-11,0,0,0
2722.T,ready,120,2026-09-11,2026-09-11,0,0,0
2726.T,ready,120,2026-09-11,2026-09-11,0,0,0
2730.T,ready,120,2026-09-11,2026-09-11,0,0,0
2733.T,ready,120,2026-09-11,2026-09-11,0,0,0
2734.T,ready,120,2026-09-11,2026-09-11,0,0,0
2735.T,ready,120,2026-09-11,2026-09-11,0,0,0
2736.T,ready,120,2026-09-11,2026-09-11,0,0,0
2737.T,ready,120,2026-09-11,2026-09-11,0,0,0
2742.T,ready,120,2026-09-11,2026-09-11,0,0,0
2747.T,zero_volume,120,2026-09-11,2026-09-11,0,0,13
2749.T,ready,120,2026-09-11,2026-09-11,0,0,0
274A.T,ready,120,2026-09-11,2026-09-11,0,0,0
2750.T,ready,120,2026-09-11,2026-09-11,0,0,0
2751.T,ready,120,2026-09-11,2026-09-11,0,0,0
2752.T,ready,120,2026-09-11,2026-09-11,0,0,0
2753.T,ready,120,2026-09-11,2026-09-11,0,0,0
2760.T,ready,120,2026-09-11,2026-09-11,0,0,0
2762.T,ready,120,2026-09-11,2026-09-11,0,0,0
2764.T,ready,120,2026-09-11,2026-09-11,0,0,0
2767.T,ready,120,2026-09-11,2026-09-11,0,0,0
2768.T,ready,120,2026-09-11,2026-09-11,0,0,0
2769.T,ready,120,2026-09-11,2026-09-11,0,0,0
276A.T,ready,120,2026-09-11,2026-09-11,0,0,0
2776.T,ready,120,2026-09-11,2026-09-11,0,0,0
2778.T,ready,120,2026-09-11,2026-09-11,0,0,0
277A.T,ready,120,2026-09-11,2026-09-11,0,0,0
2780.T,ready,120,2026-09-11,2026-09-11,0,0,0
2782.T,ready,120,2026-09-11,2026-09-11,0,0,0
2784.T,ready,120,2026-09-11,2026-09-11,0,0,0
2788.T,ready,120,2026-09-11,2026-09-11,0,0,0
2789.T,zero_volume,120,2026-09-11,2026-09-11,0,0,1
278A.T,ready,120,2026-09-11,2026-09-11,0,0,0
2790.T,ready,120,2026-09-11,2026-09-11,0,0,0
2791.T,ready,120,2026-09-11,2026-09-11,0,0,0
2792.T,ready,120,2026-09-11,2026-09-11,0,0,0
2795.T,invalid_rows,119,2026-09-11,2026-09-10,1,1,26
2796.T,ready,120,2026-09-11,2026-09-11,0,0,0
2798.T,ready,120,2026-09-11,2026-09-11,0,0,0
2801.T,ready,120,2026-09-11,2026-09-11,0,0,0
2802.T,ready,120,2026-09-11,2026-09-11,0,0,0
2804.T,ready,120,2026-09-11,2026-09-11,0,0,0
2805.T,ready,120,2026-09-11,2026-09-11,0,0,0
2806.T,zero_volume,120,2026-09-11,2026-09-11,0,0,1
2809.T,ready,120,2026-09-11,2026-09-11,0,0,0
280A.T,ready,120,2026-09-11,2026-09-11,0,0,0
2810.T,ready,120,2026-09-11,2026-09-11,0,0,0
2811.T,ready,120,2026-09-11,2026-09-11,0,0,0
2813.T,zero_volume,120,2026-09-11,2026-09-11,0,0,2
2814.T,ready,120,2026-09-11,2026-09-11,0,0,0
2815.T,ready,120,2026-09-11,2026-09-11,0,0,0
2816.T,ready,120,2026-09-11,2026-09-11,0,0,0
2818.T,ready,120,2026-09-11,2026-09-11,0,0,0
2819.T,ready,120,2026-09-11,2026-09-11,0,0,0
281A.T,ready,120,2026-09-11,2026-09-11,0,0,0
2820.T,ready,120,2026-09-11,2026-09-11,0,0,0
2831.T,zero_volume,120,2026-09-11,2026-09-11,0,0,3
285A.T,ready,120,2026-09-11,2026-09-11,0,0,0
286A.T,ready,120,2026-09-11,2026-09-11,0,0,0
2871.T,ready,120,2026-09-11,2026-09-11,0,0,0
2872.T,zero_volume,120,2026-09-11,2026-09-11,0,0,1
2874.T,ready,120,2026-09-11,2026-09-11,0,0,0
2875.T,ready,120,2026-09-11,2026-09-11,0,0,0
2876.T,ready,120,2026-09-11,2026-09-11,0,0,0
2877.T,zero_volume,120,2026-09-11,2026-09-11,0,0,1
287A.T,ready,120,2026-09-11,2026-09-11,0,0,0
2882.T,ready,120,2026-09-11,2026-09-11,0,0,0
2883.T,ready,120,2026-09-11,2026-09-11,0,0,0
2884.T,ready,120,2026-09-11,2026-09-11,0,0,0
288A.T,ready,120,2026-09-11,2026-09-11,0,0,0
2892.T,ready,120,2026-09-11,2026-09-11,0,0,0
2894.T,ready,120,2026-09-11,2026-09-11,0,0,0
2897.T,ready,120,2026-09-11,2026-09-11,0,0,0
2901.T,ready,120,2026-09-11,2026-09-11,0,0,0
2903.T,zero_volume,120,2026-09-11,2026-09-11,0,0,1
2904.T,ready,120,2026-09-11,2026-09-11,0,0,0
2907.T,ready,120,2026-09-11,2026-09-11,0,0,0
2908.T,ready,120,2026-09-11,2026-09-11,0,0,0
290A.T,ready,120,2026-09-11,2026-09-11,0,0,0
2910.T,ready,120,2026-09-11,2026-09-11,0,0,0
2911.T,zero_volume,120,2026-09-11,2026-09-11,0,0,4
2914.T,ready,120,2026-09-11,2026-09-11,0,0,0
2915.T,ready,120,2026-09-11,2026-09-11,0,0,0
2916.T,zero_volume,120,2026-09-11,2026-09-11,0,0,2
2917.T,zero_volume,120,2026-09-11,2026-09-11,0,0,2
2918.T,ready,120,2026-09-11,2026-09-11,0,0,0
291A.T,ready,120,2026-09-11,2026-09-11,0,0,0
2922.T,ready,120,2026-09-11,2026-09-11,0,0,0
2923.T,zero_volume,120,2026-09-11,2026-09-11,0,0,1
2924.T,ready,120,2026-09-11,2026-09-11,0,0,0
2926.T,ready,120,2026-09-11,2026-09-11,0,0,0
2927.T,ready,120,2026-09-11,2026-09-11,0,0,0
2929.T,ready,120,2026-09-11,2026-09-11,0,0,0
2930.T,ready,120,2026-09-11,2026-09-11,0,0,0
2931.T,ready,120,2026-09-11,2026-09-11,0,0,0
2932.T,ready,120,2026-09-11,2026-09-11,0,0,0
2933.T,ready,120,2026-09-11,2026-09-11,0,0,0
2934.T,ready,120,2026-09-11,2026-09-11,0,0,0
2935.T,ready,120,2026-09-11,2026-09-11,0,0,0
2936.T,ready,120,2026-09-11,2026-09-11,0,0,0
2937.T,ready,120,2026-09-11,2026-09-11,0,0,0
2938.T,ready,120,2026-09-11,2026-09-11,0,0,0
2961.T,zero_volume,120,2026-09-11,2026-09-11,0,0,40
2962.T,ready,120,2026-09-11,2026-09-11,0,0,0
296A.T,ready,120,2026-09-11,2026-09-11,0,0,0
2970.T,ready,120,2026-09-11,2026-09-11,0,0,0
2975.T,ready,120,2026-09-11,2026-09-11,0,0,0
2978.T,ready,120,2026-09-11,2026-09-11,0,0,0
297A.T,ready,120,2026-09-11,2026-09-11,0,0,0
2980.T,ready,120,2026-09-11,2026-09-11,0,0,0
2981.T,ready,120,2026-09-11,2026-09-11,0,0,0
2982.T,ready,120,2026-09-11,2026-09-11,0,0,0
2983.T,ready,120,2026-09-11,2026-09-11,0,0,0
2984.T,ready,120,2026-09-11,2026-09-11,0,0,0
2986.T,ready,120,2026-09-11,2026-09-11,0,0,0
298A.T,ready,120,2026-09-11,2026-09-11,0,0,0
2991.T,ready,120,2026-09-11,2026-09-11,0,0,0
2993.T,zero_volume,120,2026-09-11,2026-09-11,0,0,4
2997.T,zero_volume,120,2026-09-11,2026-09-11,0,0,1
2998.T,ready,120,2026-09-11,2026-09-11,0,0,0
2999.T,ready,120,2026-09-11,2026-09-11,0,0,0
299A.T,ready,120,2026-09-11,2026-09-11,0,0,0
3001.T,ready,120,2026-09-11,2026-09-11,0,0,0
3002.T,ready,120,2026-09-11,2026-09-11,0,0,0
3003.T,ready,120,2026-09-11,2026-09-11,0,0,0
3004.T,ready,120,2026-09-11,2026-09-11,0,0,0
300A.T,ready,120,2026-09-11,2026-09-11,0,0,0
3010.T,ready,120,2026-09-11,2026-09-11,0,0,0
3011.T,ready,120,2026-09-11,2026-09-11,0,0,0
3020.T,zero_volume,120,2026-09-11,2026-09-11,0,0,3
3021.T,ready,120,2026-09-11,2026-09-11,0,0,0
3023.T,ready,120,2026-09-11,2026-09-11,0,0,0
3024.T,ready,120,2026-09-11,2026-09-11,0,0,0
3028.T,ready,120,2026-09-11,2026-09-11,0,0,0
302A.T,zero_volume,120,2026-09-11,2026-09-11,0,0,5
3030.T,ready,120,2026-09-11,2026-09-11,0,0,0
3031.T,ready,120,2026-09-11,2026-09-11,0,0,0
3034.T,ready,120,2026-09-11,2026-09-11,0,0,0
3035.T,ready,120,2026-09-11,2026-09-11,0,0,0
3036.T,ready,120,2026-09-11,2026-09-11,0,0,0
3038.T,ready,120,2026-09-11,2026-09-11,0,0,0
303A.T,ready,120,2026-09-11,2026-09-11,0,0,0
3040.T,ready,120,2026-09-11,2026-09-11,0,0,0
3041.T,ready,120,2026-09-11,2026-09-11,0,0,0
3042.T,ready,120,2026-09-11,2026-09-11,0,0,0
3045.T,zero_volume,120,2026-09-11,2026-09-11,0,0,2
3046.T,ready,120,2026-09-11,2026-09-11,0,0,0
3048.T,ready,120,2026-09-11,2026-09-11,0,0,0
304A.T,zero_volume,120,2026-09-11,2026-09-11,0,0,9
3050.T,ready,120,2026-09-11,2026-09-11,0,0,0
3053.T,ready,120,2026-09-11,2026-09-11,0,0,0
3054.T,ready,120,2026-09-11,2026-09-11,0,0,0
3058.T,zero_volume,120,2026-09-11,2026-09-11,0,0,1
3059.T,ready,120,2026-09-11,2026-09-11,0,0,0
3063.T,ready,120,2026-09-11,2026-09-11,0,0,0
3064.T,ready,120,2026-09-11,2026-09-11,0,0,0
3065.T,zero_volume,120,2026-09-11,2026-09-11,0,0,2
3067.T,ready,120,2026-09-11,2026-09-11,0,0,0
3068.T,ready,120,2026-09-11,2026-09-11,0,0,0
3069.T,ready,120,2026-09-11,2026-09-11,0,0,0
3070.T,ready,120,2026-09-11,2026-09-11,0,0,0
3071.T,ready,120,2026-09-11,2026-09-11,0,0,0
3075.T,ready,120,2026-09-11,2026-09-11,0,0,0
3076.T,ready,120,2026-09-11,2026-09-11,0,0,0
3077.T,ready,120,2026-09-11,2026-09-11,0,0,0
3080.T,ready,120,2026-09-11,2026-09-11,0,0,0
3082.T,ready,120,2026-09-11,2026-09-11,0,0,0
3083.T,ready,120,2026-09-11,2026-09-11,0,0,0
3086.T,ready,120,2026-09-11,2026-09-11,0,0,0
3087.T,ready,120,2026-09-11,2026-09-11,0,0,0
3088.T,ready,120,2026-09-11,2026-09-11,0,0,0
3089.T,ready,120,2026-09-11,2026-09-11,0,0,0
3091.T,ready,120,2026-09-11,2026-09-11,0,0,0
3092.T,ready,120,2026-09-11,2026-09-11,0,0,0
3093.T,ready,120,2026-09-11,2026-09-11,0,0,0
3096.T,ready,120,2026-09-11,2026-09-11,0,0,0
3097.T,ready,120,2026-09-11,2026-09-11,0,0,0
3099.T,ready,120,2026-09-11,2026-09-11,0,0,0
3101.T,ready,120,2026-09-11,2026-09-11,0,0,0
3103.T,ready,120,2026-09-11,2026-09-11,0,0,0
3104.T,ready,120,2026-09-11,2026-09-11,0,0,0
3105.T,ready,120,2026-09-11,2026-09-11,0,0,0
3106.T,ready,120,2026-09-11,2026-09-11,0,0,0
3107.T,ready,120,2026-09-11,2026-09-11,0,0,0
3109.T,ready,120,2026-09-11,2026-09-11,0,0,0
3110.T,ready,120,2026-09-11,2026-09-11,0,0,0
3111.T,ready,120,2026-09-11,2026-09-11,0,0,0
3113.T,ready,120,2026-09-11,2026-09-11,0,0,0
3116.T,ready,120,2026-09-11,2026-09-11,0,0,0
3121.T,ready,120,2026-09-11,2026-09-11,0,0,0
3123.T,ready,120,2026-09-11,2026-09-11,0,0,0
3131.T,ready,120,2026-09-11,2026-09-11,0,0,0
3132.T,ready,120,2026-09-11,2026-09-11,0,0,0
3133.T,ready,120,2026-09-11,2026-09-11,0,0,0
3134.T,ready,120,2026-09-11,2026-09-11,0,0,0
3135.T,ready,120,2026-09-11,2026-09-11,0,0,0
3137.T,ready,120,2026-09-11,2026-09-11,0,0,0
3138.T,zero_volume,120,2026-09-11,2026-09-11,0,0,1
3139.T,ready,120,2026-09-11,2026-09-11,0,0,0
3140.T,ready,120,2026-09-11,2026-09-11,0,0,0
3143.T,zero_volume,120,2026-09-11,2026-09-11,0,0,1
3148.T,ready,120,2026-09-11,2026-09-11,0,0,0
3150.T,ready,120,2026-09-11,2026-09-11,0,0,0
3151.T,ready,120,2026-09-11,2026-09-11,0,0,0
3153.T,ready,120,2026-09-11,2026-09-11,0,0,0
3154.T,ready,120,2026-09-11,2026-09-11,0,0,0
3156.T,ready,120,2026-09-11,2026-09-11,0,0,0
3157.T,ready,120,2026-09-11,2026-09-11,0,0,0
3159.T,ready,120,2026-09-11,2026-09-11,0,0,0
3160.T,ready,120,2026-09-11,2026-09-11,0,0,0
3161.T,ready,120,2026-09-11,2026-09-11,0,0,0
3166.T,ready,120,2026-09-11,2026-09-11,0,0,0
3167.T,ready,120,2026-09-11,2026-09-11,0,0,0
3168.T,ready,120,2026-09-11,2026-09-11,0,0,0
3169.T,ready,120,2026-09-11,2026-09-11,0,0,0
3172.T,ready,120,2026-09-11,2026-09-11,0,0,0
3173.T,ready,120,2026-09-11,2026-09-11,0,0,0
3174.T,ready,120,2026-09-11,2026-09-11,0,0,0
3175.T,ready,120,2026-09-11,2026-09-11,0,0,0
3176.T,ready,120,2026-09-11,2026-09-11,0,0,0
3177.T,ready,120,2026-09-11,2026-09-11,0,0,0
3178.T,ready,120,2026-09-11,2026-09-11,0,0,0
3179.T,ready,120,2026-09-11,2026-09-11,0,0,0
3180.T,ready,120,2026-09-11,2026-09-11,0,0,0
3181.T,ready,120,2026-09-11,2026-09-11,0,0,0
3182.T,ready,120,2026-09-11,2026-09-11,0,0,0
3183.T,ready,120,2026-09-11,2026-09-11,0,0,0
3184.T,invalid_rows,119,2026-09-11,2026-09-10,1,1,42
3185.T,ready,120,2026-09-11,2026-09-11,0,0,0
3186.T,ready,120,2026-09-11,2026-09-11,0,0,0
3187.T,ready,120,2026-09-11,2026-09-11,0,0,0
3189.T,ready,120,2026-09-11,2026-09-11,0,0,0
3190.T,zero_volume,120,2026-09-11,2026-09-11,0,0,2
3191.T,ready,120,2026-09-11,2026-09-11,0,0,0
3192.T,ready,120,2026-09-11,2026-09-11,0,0,0
3193.T,ready,120,2026-09-11,2026-09-11,0,0,0
3195.T,ready,120,2026-09-11,2026-09-11,0,0,0
3196.T,ready,120,2026-09-11,2026-09-11,0,0,0
3197.T,ready,120,2026-09-11,2026-09-11,0,0,0
3199.T,ready,120,2026-09-11,2026-09-11,0,0,0
319A.T,ready,120,2026-09-11,2026-09-11,0,0,0
3201.T,ready,120,2026-09-11,2026-09-11,0,0,0
3202.T,ready,120,2026-09-11,2026-09-11,0,0,0
3204.T,ready,120,2026-09-11,2026-09-11,0,0,0
3205.T,ready,120,2026-09-11,2026-09-11,0,0,0
3221.T,ready,120,2026-09-11,2026-09-11,0,0,0
3222.T,ready,120,2026-09-11,2026-09-11,0,0,0
3223.T,zero_volume,120,2026-09-11,2026-09-11,0,0,5
3224.T,zero_volume,120,2026-09-11,2026-09-11,0,0,2
3231.T,ready,120,2026-09-11,2026-09-11,0,0,0
3232.T,ready,120,2026-09-11,2026-09-11,0,0,0
3236.T,ready,120,2026-09-11,2026-09-11,0,0,0
3237.T,ready,120,2026-09-11,2026-09-11,0,0,0
3238.T,ready,120,2026-09-11,2026-09-11,0,0,0
323A.T,ready,120,2026-09-11,2026-09-11,0,0,0
3241.T,ready,120,2026-09-11,2026-09-11,0,0,0
3242.T,ready,120,2026-09-11,2026-09-11,0,0,0
3245.T,ready,120,2026-09-11,2026-09-11,0,0,0
3246.T,ready,120,2026-09-11,2026-09-11,0,0,0
3248.T,zero_volume,120,2026-09-11,2026-09-11,0,0,1
324A.T,ready,120,2026-09-11,2026-09-11,0,0,0
3252.T,ready,120,2026-09-11,2026-09-11,0,0,0
325A.T,ready,120,2026-09-11,2026-09-11,0,0,0
3261.T,ready,120,2026-09-11,2026-09-11,0,0,0
3266.T,ready,120,2026-09-11,2026-09-11,0,0,0
3267.T,ready,120,2026-09-11,2026-09-11,0,0,0
3276.T,ready,120,2026-09-11,2026-09-11,0,0,0
3277.T,ready,120,2026-09-11,2026-09-11,0,0,0
3280.T,ready,120,2026-09-11,2026-09-11,0,0,0
3284.T,ready,120,2026-09-11,2026-09-11,0,0,0
3286.T,ready,120,2026-09-11,2026-09-11,0,0,0
3288.T,ready,120,2026-09-11,2026-09-11,0,0,0
3289.T,ready,120,2026-09-11,2026-09-11,0,0,0
3291.T,ready,120,2026-09-11,2026-09-11,0,0,0
3293.T,ready,120,2026-09-11,2026-09-11,0,0,0
3297.T,ready,120,2026-09-11,2026-09-11,0,0,0
3299.T,ready,120,2026-09-11,2026-09-11,0,0,0
3300.T,ready,120,2026-09-11,2026-09-11,0,0,0
3302.T,ready,120,2026-09-11,2026-09-11,0,0,0
3306.T,ready,120,2026-09-11,2026-09-11,0,0,0
330A.T,ready,120,2026-09-11,2026-09-11,0,0,0
3315.T,ready,120,2026-09-11,2026-09-11,0,0,0
3317.T,invalid_rows,119,2026-09-11,2026-09-10,1,1,4
331A.T,ready,120,2026-09-11,2026-09-11,0,0,0
3320.T,ready,120,2026-09-11,2026-09-11,0,0,0
3321.T,ready,120,2026-09-11,2026-09-11,0,0,0
3323.T,ready,120,2026-09-11,2026-09-11,0,0,0
3326.T,ready,120,2026-09-11,2026-09-11,0,0,0
3329.T,ready,120,2026-09-11,2026-09-11,0,0,0
332A.T,ready,120,2026-09-11,2026-09-11,0,0,0
3333.T,ready,120,2026-09-11,2026-09-11,0,0,0
3349.T,ready,120,2026-09-11,2026-09-11,0,0,0
334A.T,zero_volume,120,2026-09-11,2026-09-11,0,0,4
3350.T,ready,120,2026-09-11,2026-09-11,0,0,0
3352.T,zero_volume,120,2026-09-11,2026-09-11,0,0,1
3353.T,zero_volume,120,2026-09-11,2026-09-11,0,0,1
3355.T,ready,120,2026-09-11,2026-09-11,0,0,0
3358.T,ready,120,2026-09-11,2026-09-11,0,0,0
3359.T,ready,120,2026-09-11,2026-09-11,0,0,0
335A.T,ready,120,2026-09-11,2026-09-11,0,0,0
3360.T,ready,120,2026-09-11,2026-09-11,0,0,0
3361.T,ready,120,2026-09-11,2026-09-11,0,0,0
336A.T,ready,120,2026-09-11,2026-09-11,0,0,0
3370.T,ready,120,2026-09-11,2026-09-11,0,0,0
3371.T,ready,120,2026-09-11,2026-09-11,0,0,0
3372.T,ready,120,2026-09-11,2026-09-11,0,0,0
3374.T,ready,120,2026-09-11,2026-09-11,0,0,0
3375.T,invalid_rows,119,2026-09-11,2026-09-10,1,1,14
3377.T,ready,120,2026-09-11,2026-09-11,0,0,0
3382.T,ready,120,2026-09-11,2026-09-11,0,0,0
3386.T,ready,120,2026-09-11,2026-09-11,0,0,0
3387.T,ready,120,2026-09-11,2026-09-11,0,0,0
3388.T,ready,120,2026-09-11,2026-09-11,0,0,0
338A.T,ready,120,2026-09-11,2026-09-11,0,0,0
3391.T,ready,120,2026-09-11,2026-09-11,0,0,0
3392.T,ready,120,2026-09-11,2026-09-11,0,0,0
3393.T,ready,120,2026-09-11,2026-09-11,0,0,0
3395.T,ready,120,2026-09-11,2026-09-11,0,0,0
3396.T,ready,120,2026-09-11,2026-09-11,0,0,0
3397.T,ready,120,2026-09-11,2026-09-11,0,0,0
3399.T,ready,120,2026-09-11,2026-09-11,0,0,0
339A.T,ready,120,2026-09-11,2026-09-11,0,0,0
3401.T,ready,120,2026-09-11,2026-09-11,0,0,0
3402.T,ready,120,2026-09-11,2026-09-11,0,0,0
3405.T,ready,120,2026-09-11,2026-09-11,0,0,0
3407.T,ready,120,2026-09-11,2026-09-11,0,0,0
3409.T,ready,120,2026-09-11,2026-09-11,0,0,0
340A.T,ready,120,2026-09-11,2026-09-11,0,0,0
3415.T,ready,120,2026-09-11,2026-09-11,0,0,0
3416.T,ready,120,2026-09-11,2026-09-11,0,0,0
3417.T,ready,120,2026-09-11,2026-09-11,0,0,0
3418.T,ready,120,2026-09-11,2026-09-11,0,0,0
341A.T,ready,120,2026-09-11,2026-09-11,0,0,0
3420.T,ready,120,2026-09-11,2026-09-11,0,0,0
3421.T,ready,120,2026-09-11,2026-09-11,0,0,0
3422.T,ready,120,2026-09-11,2026-09-11,0,0,0
3423.T,ready,120,2026-09-11,2026-09-11,0,0,0
3426.T,zero_volume,120,2026-09-11,2026-09-11,0,0,29
3431.T,ready,120,2026-09-11,2026-09-11,0,0,0
3433.T,ready,120,2026-09-11,2026-09-11,0,0,0
3434.T,ready,120,2026-09-11,2026-09-11,0,0,0
3435.T,ready,120,2026-09-11,2026-09-11,0,0,0
3436.T,ready,120,2026-09-11,2026-09-11,0,0,0
3437.T,zero_volume,120,2026-09-11,2026-09-11,0,0,15
3439.T,invalid_rows,119,2026-09-11,2026-09-10,1,1,11
343A.T,ready,120,2026-09-11,2026-09-11,0,0,0
3440.T,ready,120,2026-09-11,2026-09-11,0,0,0
3441.T,ready,120,2026-09-11,2026-09-11,0,0,0
3443.T,ready,120,2026-09-11,2026-09-11,0,0,0
3444.T,ready,120,2026-09-11,2026-09-11,0,0,0
3445.T,ready,120,2026-09-11,2026-09-11,0,0,0
3446.T,ready,120,2026-09-11,2026-09-11,0,0,0
3447.T,ready,120,2026-09-11,2026-09-11,0,0,0
3449.T,ready,120,2026-09-11,2026-09-11,0,0,0
3452.T,ready,120,2026-09-11,2026-09-11,0,0,0
3454.T,ready,120,2026-09-11,2026-09-11,0,0,0
3457.T,ready,120,2026-09-11,2026-09-11,0,0,0
3461.T,ready,120,2026-09-11,2026-09-11,0,0,0
3465.T,ready,120,2026-09-11,2026-09-11,0,0,0
3467.T,ready,120,2026-09-11,2026-09-11,0,0,0
3469.T,ready,120,2026-09-11,2026-09-11,0,0,0
3474.T,ready,120,2026-09-11,2026-09-11,0,0,0
3475.T,ready,120,2026-09-11,2026-09-11,0,0,0
3477.T,zero_volume,120,2026-09-11,2026-09-11,0,0,1
3479.T,ready,120,2026-09-11,2026-09-11,0,0,0
3480.T,invalid_rows,112,2026-09-11,2026-09-01,8,8,0
3482.T,ready,120,2026-09-11,2026-09-11,0,0,0
3484.T,ready,120,2026-09-11,2026-09-11,0,0,0
3486.T,ready,120,2026-09-11,2026-09-11,0,0,0
3489.T,ready,120,2026-09-11,2026-09-11,0,0,0
3490.T,ready,120,2026-09-11,2026-09-11,0,0,0
3491.T,ready,120,2026-09-11,2026-09-11,0,0,0
3494.T,ready,120,2026-09-11,2026-09-11,0,0,0
3495.T,zero_volume,120,2026-09-11,2026-09-11,0,0,14
3496.T,ready,120,2026-09-11,2026-09-11,0,0,0
3498.T,ready,120,2026-09-11,2026-09-11,0,0,0
3501.T,ready,120,2026-09-11,2026-09-11,0,0,0
350A.T,ready,120,2026-09-11,2026-09-11,0,0,0
3512.T,ready,120,2026-09-11,2026-09-11,0,0,0
3513.T,ready,120,2026-09-11,2026-09-11,0,0,0
3521.T,ready,120,2026-09-11,2026-09-11,0,0,0
3524.T,ready,120,2026-09-11,2026-09-11,0,0,0
3529.T,ready,120,2026-09-11,2026-09-11,0,0,0
352A.T,ready,120,2026-09-11,2026-09-11,0,0,0
3536.T,ready,120,2026-09-11,2026-09-11,0,0,0
3537.T,ready,120,2026-09-11,2026-09-11,0,0,0
3538.T,ready,120,2026-09-11,2026-09-11,0,0,0
3539.T,ready,120,2026-09-11,2026-09-11,0,0,0
3542.T,ready,120,2026-09-11,2026-09-11,0,0,0
3543.T,ready,120,2026-09-11,2026-09-11,0,0,0
3544.T,ready,120,2026-09-11,2026-09-11,0,0,0
3547.T,ready,120,2026-09-11,2026-09-11,0,0,0
3548.T,ready,120,2026-09-11,2026-09-11,0,0,0
3549.T,ready,120,2026-09-11,2026-09-11,0,0,0
3550.T,ready,120,2026-09-11,2026-09-11,0,0,0
3551.T,ready,120,2026-09-11,2026-09-11,0,0,0
3553.T,ready,120,2026-09-11,2026-09-11,0,0,0
3556.T,ready,120,2026-09-11,2026-09-11,0,0,0
3557.T,ready,120,2026-09-11,2026-09-11,0,0,0
3558.T,ready,120,2026-09-11,2026-09-11,0,0,0
3559.T,ready,120,2026-09-11,2026-09-11,0,0,0
3560.T,ready,120,2026-09-11,2026-09-11,0,0,0
3561.T,ready,120,2026-09-11,2026-09-11,0,0,0
3562.T,ready,120,2026-09-11,2026-09-11,0,0,0
3563.T,ready,120,2026-09-11,2026-09-11,0,0,0
3565.T,ready,120,2026-09-11,2026-09-11,0,0,0
3566.T,ready,120,2026-09-11,2026-09-11,0,0,0
3569.T,ready,120,2026-09-11,2026-09-11,0,0,0
3571.T,ready,120,2026-09-11,2026-09-11,0,0,0
3577.T,zero_volume,120,2026-09-11,2026-09-11,0,0,3
3580.T,ready,120,2026-09-11,2026-09-11,0,0,0
3583.T,zero_volume,120,2026-09-11,2026-09-11,0,0,4
3591.T,ready,120,2026-09-11,2026-09-11,0,0,0
3597.T,zero_volume,120,2026-09-11,2026-09-11,0,0,1
3598.T,ready,120,2026-09-11,2026-09-11,0,0,0
3600.T,invalid_rows,119,2026-09-11,2026-09-10,1,1,29
3607.T,ready,120,2026-09-11,2026-09-11,0,0,0
3608.T,ready,120,2026-09-11,2026-09-11,0,0,0
3611.T,ready,120,2026-09-11,2026-09-11,0,0,0
3612.T,ready,120,2026-09-11,2026-09-11,0,0,0
3622.T,ready,120,2026-09-11,2026-09-11,0,0,0
3623.T,ready,120,2026-09-11,2026-09-11,0,0,0
3624.T,ready,120,2026-09-11,2026-09-11,0,0,0
3625.T,ready,120,2026-09-11,2026-09-11,0,0,0
3626.T,ready,120,2026-09-11,2026-09-11,0,0,0
3627.T,ready,120,2026-09-11,2026-09-11,0,0,0
3628.T,ready,120,2026-09-11,2026-09-11,0,0,0
3632.T,ready,120,2026-09-11,2026-09-11,0,0,0
3633.T,ready,120,2026-09-11,2026-09-11,0,0,0
3634.T,ready,120,2026-09-11,2026-09-11,0,0,0
3635.T,ready,120,2026-09-11,2026-09-11,0,0,0
3636.T,ready,120,2026-09-11,2026-09-11,0,0,0
3639.T,ready,120,2026-09-11,2026-09-11,0,0,0
3640.T,ready,120,2026-09-11,2026-09-11,0,0,0
3641.T,ready,120,2026-09-11,2026-09-11,0,0,0
3645.T,ready,120,2026-09-11,2026-09-11,0,0,0
3646.T,ready,120,2026-09-11,2026-09-11,0,0,0
3647.T,ready,120,2026-09-11,2026-09-11,0,0,0
3648.T,ready,120,2026-09-11,2026-09-11,0,0,0
3649.T,ready,120,2026-09-11,2026-09-11,0,0,0
3652.T,ready,120,2026-09-11,2026-09-11,0,0,0
3653.T,ready,120,2026-09-11,2026-09-11,0,0,0
3656.T,ready,120,2026-09-11,2026-09-11,0,0,0
3657.T,ready,120,2026-09-11,2026-09-11,0,0,0
3659.T,ready,120,2026-09-11,2026-09-11,0,0,0
365A.T,ready,120,2026-09-11,2026-09-11,0,0,0
3660.T,ready,120,2026-09-11,2026-09-11,0,0,0
3661.T,ready,120,2026-09-11,2026-09-11,0,0,0
3662.T,ready,120,2026-09-11,2026-09-11,0,0,0
3663.T,ready,120,2026-09-11,2026-09-11,0,0,0
3664.T,ready,120,2026-09-11,2026-09-11,0,0,0
3665.T,ready,120,2026-09-11,2026-09-11,0,0,0
3667.T,ready,120,2026-09-11,2026-09-11,0,0,0
3668.T,ready,120,2026-09-11,2026-09-11,0,0,0
366A.T,ready,120,2026-09-11,2026-09-11,0,0,0
3670.T,invalid_rows,2,2026-09-11,2026-09-11,118,37,0
3671.T,ready,120,2026-09-11,2026-09-11,0,0,0
3672.T,ready,120,2026-09-11,2026-09-11,0,0,0
3673.T,ready,120,2026-09-11,2026-09-11,0,0,0
3674.T,zero_volume,120,2026-09-11,2026-09-11,0,0,1
3675.T,ready,120,2026-09-11,2026-09-11,0,0,0
3676.T,ready,120,2026-09-11,2026-09-11,0,0,0
3678.T,ready,120,2026-09-11,2026-09-11,0,0,0
3679.T,ready,120,2026-09-11,2026-09-11,0,0,0
367A.T,ready,120,2026-09-11,2026-09-11,0,0,0
3680.T,ready,120,2026-09-11,2026-09-11,0,0,0
3682.T,ready,120,2026-09-11,2026-09-11,0,0,0
3683.T,ready,120,2026-09-11,2026-09-11,0,0,0
3686.T,ready,120,2026-09-11,2026-09-11,0,0,0
3687.T,ready,120,2026-09-11,2026-09-11,0,0,0
368A.T,ready,120,2026-09-11,2026-09-11,0,0,0
3690.T,ready,120,2026-09-11,2026-09-11,0,0,0
3691.T,ready,120,2026-09-11,2026-09-11,0,0,0
3692.T,ready,120,2026-09-11,2026-09-11,0,0,0
3694.T,ready,120,2026-09-11,2026-09-11,0,0,0
3695.T,zero_volume,120,2026-09-11,2026-09-11,0,0,1
3696.T,ready,120,2026-09-11,2026-09-11,0,0,0
3697.T,ready,120,2026-09-11,2026-09-11,0,0,0
3698.T,ready,120,2026-09-11,2026-09-11,0,0,0
369A.T,ready,120,2026-09-11,2026-09-11,0,0,0
3708.T,ready,120,2026-09-11,2026-09-11,0,0,0
3710.T,ready,120,2026-09-11,2026-09-11,0,0,0
3712.T,zero_volume,120,2026-09-11,2026-09-11,0,0,1
3719.T,ready,120,2026-09-11,2026-09-11,0,0,0
3723.T,ready,120,2026-09-11,2026-09-11,0,0,0
3726.T,ready,120,2026-09-11,2026-09-11,0,0,0
3727.T,ready,120,2026-09-11,2026-09-11,0,0,0
372A.T,ready,120,2026-09-11,2026-09-11,0,0,0
3733.T,zero_volume,120,2026-09-11,2026-09-11,0,0,1
373A.T,zero_volume,120,2026-09-11,2026-09-11,0,0,1
3741.T,ready,120,2026-09-11,2026-09-11,0,0,0
3744.T,ready,120,2026-09-11,2026-09-11,0,0,0
3747.T,ready,120,2026-09-11,2026-09-11,0,0,0
3750.T,ready,120,2026-09-11,2026-09-11,0,0,0
3753.T,ready,120,2026-09-11,2026-09-11,0,0,0
3758.T,ready,120,2026-09-11,2026-09-11,0,0,0
3760.T,ready,120,2026-09-11,2026-09-11,0,0,0
3762.T,ready,120,2026-09-11,2026-09-11,0,0,0
3763.T,ready,120,2026-09-11,2026-09-11,0,0,0
3765.T,ready,120,2026-09-11,2026-09-11,0,0,0
3766.T,invalid_rows,119,2026-09-11,2026-09-10,1,1,6
3768.T,zero_volume,120,2026-09-11,2026-09-11,0,0,2
3769.T,ready,120,2026-09-11,2026-09-11,0,0,0
3771.T,ready,120,2026-09-11,2026-09-11,0,0,0
3772.T,ready,120,2026-09-11,2026-09-11,0,0,0
3773.T,ready,120,2026-09-11,2026-09-11,0,0,0
3774.T,ready,120,2026-09-11,2026-09-11,0,0,0
3776.T,ready,120,2026-09-11,2026-09-11,0,0,0
3777.T,ready,120,2026-09-11,2026-09-11,0,0,0
3778.T,ready,120,2026-09-11,2026-09-11,0,0,0
3779.T,ready,120,2026-09-11,2026-09-11,0,0,0
3787.T,ready,120,2026-09-11,2026-09-11,0,0,0
3788.T,ready,120,2026-09-11,2026-09-11,0,0,0
378A.T,ready,120,2026-09-11,2026-09-11,0,0,0
3791.T,ready,120,2026-09-11,2026-09-11,0,0,0
3793.T,ready,120,2026-09-11,2026-09-11,0,0,0
3796.T,ready,120,2026-09-11,2026-09-11,0,0,0
3798.T,ready,120,2026-09-11,2026-09-11,0,0,0
3799.T,ready,120,2026-09-11,2026-09-11,0,0,0
3800.T,zero_volume,120,2026-09-11,2026-09-11,0,0,2
3802.T,ready,120,2026-09-11,2026-09-11,0,0,0
3803.T,ready,120,2026-09-11,2026-09-11,0,0,0
3804.T,ready,120,2026-09-11,2026-09-11,0,0,0
3807.T,ready,120,2026-09-11,2026-09-11,0,0,0
3810.T,ready,120,2026-09-11,2026-09-11,0,0,0
3815.T,ready,120,2026-09-11,2026-09-11,0,0,0
3816.T,zero_volume,120,2026-09-11,2026-09-11,0,0,13
3817.T,ready,120,2026-09-11,2026-09-11,0,0,0
3823.T,ready,120,2026-09-11,2026-09-11,0,0,0
3825.T,ready,120,2026-09-11,2026-09-11,0,0,0
3826.T,ready,120,2026-09-11,2026-09-11,0,0,0
3834.T,ready,120,2026-09-11,2026-09-11,0,0,0
3835.T,ready,120,2026-09-11,2026-09-11,0,0,0
3836.T,ready,120,2026-09-11,2026-09-11,0,0,0
3837.T,ready,120,2026-09-11,2026-09-11,0,0,0
3839.T,ready,120,2026-09-11,2026-09-11,0,0,0
3840.T,ready,120,2026-09-11,2026-09-11,0,0,0
3841.T,ready,120,2026-09-11,2026-09-11,0,0,0
3842.T,ready,120,2026-09-11,2026-09-11,0,0,0
3843.T,ready,120,2026-09-11,2026-09-11,0,0,0
3844.T,ready,120,2026-09-11,2026-09-11,0,0,0
3845.T,ready,120,2026-09-11,2026-09-11,0,0,0
3848.T,ready,120,2026-09-11,2026-09-11,0,0,0
3850.T,ready,120,2026-09-11,2026-09-11,0,0,0
3851.T,zero_volume,120,2026-09-11,2026-09-11,0,0,1
3853.T,ready,120,2026-09-11,2026-09-11,0,0,0
3854.T,ready,120,2026-09-11,2026-09-11,0,0,0
3856.T,ready,120,2026-09-11,2026-09-11,0,0,0
3858.T,ready,120,2026-09-11,2026-09-11,0,0,0
3861.T,ready,120,2026-09-11,2026-09-11,0,0,0
3863.T,ready,120,2026-09-11,2026-09-11,0,0,0
3864.T,ready,120,2026-09-11,2026-09-11,0,0,0
3865.T,ready,120,2026-09-11,2026-09-11,0,0,0
386A.T,ready,120,2026-09-11,2026-09-11,0,0,0
3877.T,ready,120,2026-09-11,2026-09-11,0,0,0
3878.T,ready,120,2026-09-11,2026-09-11,0,0,0
387A.T,ready,120,2026-09-11,2026-09-11,0,0,0
3880.T,ready,120,2026-09-11,2026-09-11,0,0,0
3891.T,ready,120,2026-09-11,2026-09-11,0,0,0
3892.T,zero_volume,120,2026-09-11,2026-09-11,0,0,1
3895.T,ready,120,2026-09-11,2026-09-11,0,0,0
3896.T,ready,120,2026-09-11,2026-09-11,0,0,0
3900.T,ready,120,2026-09-11,2026-09-11,0,0,0
3901.T,ready,120,2026-09-11,2026-09-11,0,0,0
3903.T,ready,120,2026-09-11,2026-09-11,0,0,0
3904.T,ready,120,2026-09-11,2026-09-11,0,0,0
3905.T,ready,120,2026-09-11,2026-09-11,0,0,0
3907.T,ready,120,2026-09-11,2026-09-11,0,0,0
3908.T,ready,120,2026-09-11,2026-09-11,0,0,0
3909.T,ready,120,2026-09-11,2026-09-11,0,0,0
3910.T,ready,120,2026-09-11,2026-09-11,0,0,0
3911.T,ready,120,2026-09-11,2026-09-11,0,0,0
3912.T,ready,120,2026-09-11,2026-09-11,0,0,0
3913.T,ready,120,2026-09-11,2026-09-11,0,0,0
3914.T,ready,120,2026-09-11,2026-09-11,0,0,0
3915.T,ready,120,2026-09-11,2026-09-11,0,0,0
3916.T,ready,120,2026-09-11,2026-09-11,0,0,0
3917.T,ready,120,2026-09-11,2026-09-11,0,0,0
3918.T,ready,120,2026-09-11,2026-09-11,0,0,0
3920.T,ready,120,2026-09-11,2026-09-11,0,0,0
3921.T,ready,120,2026-09-11,2026-09-11,0,0,0
3922.T,ready,120,2026-09-11,2026-09-11,0,0,0
3923.T,ready,120,2026-09-11,2026-09-11,0,0,0
3925.T,ready,120,2026-09-11,2026-09-11,0,0,0
3926.T,ready,120,2026-09-11,2026-09-11,0,0,0
3927.T,ready,120,2026-09-11,2026-09-11,0,0,0
3928.T,ready,120,2026-09-11,2026-09-11,0,0,0
3929.T,ready,120,2026-09-11,2026-09-11,0,0,0
3930.T,ready,120,2026-09-11,2026-09-11,0,0,0
3931.T,ready,120,2026-09-11,2026-09-11,0,0,0
3932.T,ready,120,2026-09-11,2026-09-11,0,0,0
3933.T,ready,120,2026-09-11,2026-09-11,0,0,0
3934.T,zero_volume,120,2026-09-11,2026-09-11,0,0,2
3935.T,ready,120,2026-09-11,2026-09-11,0,0,0
3936.T,ready,120,2026-09-11,2026-09-11,0,0,0
3937.T,ready,120,2026-09-11,2026-09-11,0,0,0
3939.T,ready,120,2026-09-11,2026-09-11,0,0,0
3940.T,ready,120,2026-09-11,2026-09-11,0,0,0
3941.T,ready,120,2026-09-11,2026-09-11,0,0,0
3943.T,ready,120,2026-09-11,2026-09-11,0,0,0
3944.T,invalid_rows,119,2026-09-11,2026-09-10,1,1,18
3945.T,ready,120,2026-09-11,2026-09-11,0,0,0
3946.T,ready,120,2026-09-11,2026-09-11,0,0,0
3947.T,zero_volume,120,2026-09-11,2026-09-11,0,0,1
3948.T,ready,120,2026-09-11,2026-09-11,0,0,0
3950.T,ready,120,2026-09-11,2026-09-11,0,0,0
3951.T,ready,120,2026-09-11,2026-09-11,0,0,0
3953.T,zero_volume,120,2026-09-11,2026-09-11,0,0,3
3954.T,zero_volume,120,2026-09-11,2026-09-11,0,0,15
3955.T,ready,120,2026-09-11,2026-09-11,0,0,0
3958.T,zero_volume,120,2026-09-11,2026-09-11,0,0,3
3962.T,ready,120,2026-09-11,2026-09-11,0,0,0
3963.T,ready,120,2026-09-11,2026-09-11,0,0,0
3964.T,ready,120,2026-09-11,2026-09-11,0,0,0
3965.T,ready,120,2026-09-11,2026-09-11,0,0,0
3967.T,ready,120,2026-09-11,2026-09-11,0,0,0
3968.T,ready,120,2026-09-11,2026-09-11,0,0,0
3969.T,ready,120,2026-09-11,2026-09-11,0,0,0
3970.T,zero_volume,120,2026-09-11,2026-09-11,0,0,3
3974.T,ready,120,2026-09-11,2026-09-11,0,0,0
3976.T,ready,120,2026-09-11,2026-09-11,0,0,0
3979.T,ready,120,2026-09-11,2026-09-11,0,0,0
3981.T,zero_volume,120,2026-09-11,2026-09-11,0,0,1
3983.T,ready,120,2026-09-11,2026-09-11,0,0,0
3984.T,ready,120,2026-09-11,2026-09-11,0,0,0
3985.T,ready,120,2026-09-11,2026-09-11,0,0,0
3986.T,ready,120,2026-09-11,2026-09-11,0,0,0
3987.T,ready,120,2026-09-11,2026-09-11,0,0,0
3988.T,zero_volume,120,2026-09-11,2026-09-11,0,0,3
3989.T,ready,120,2026-09-11,2026-09-11,0,0,0
3991.T,zero_volume,120,2026-09-11,2026-09-11,0,0,2
3992.T,ready,120,2026-09-11,2026-09-11,0,0,0
3993.T,ready,120,2026-09-11,2026-09-11,0,0,0
3994.T,ready,120,2026-09-11,2026-09-11,0,0,0
3996.T,ready,120,2026-09-11,2026-09-11,0,0,0
3997.T,ready,120,2026-09-11,2026-09-11,0,0,0
3998.T,ready,120,2026-09-11,2026-09-11,0,0,0
4004.T,ready,120,2026-09-11,2026-09-11,0,0,0
4005.T,ready,120,2026-09-11,2026-09-11,0,0,0
4008.T,ready,120,2026-09-11,2026-09-11,0,0,0
4011.T,ready,120,2026-09-11,2026-09-11,0,0,0
4012.T,ready,120,2026-09-11,2026-09-11,0,0,0
4013.T,ready,120,2026-09-11,2026-09-11,0,0,0
4014.T,ready,120,2026-09-11,2026-09-11,0,0,0
4015.T,ready,120,2026-09-11,2026-09-11,0,0,0
4016.T,ready,120,2026-09-11,2026-09-11,0,0,0
4017.T,ready,120,2026-09-11,2026-09-11,0,0,0
4019.T,ready,120,2026-09-11,2026-09-11,0,0,0
4020.T,zero_volume,120,2026-09-11,2026-09-11,0,0,3
4021.T,ready,120,2026-09-11,2026-09-11,0,0,0
4022.T,ready,120,2026-09-11,2026-09-11,0,0,0
4023.T,ready,120,2026-09-11,2026-09-11,0,0,0
4025.T,ready,120,2026-09-11,2026-09-11,0,0,0
4026.T,ready,120,2026-09-11,2026-09-11,0,0,0
4027.T,ready,120,2026-09-11,2026-09-11,0,0,0
4028.T,ready,120,2026-09-11,2026-09-11,0,0,0
402A.T,ready,120,2026-09-11,2026-09-11,0,0,0
4031.T,ready,120,2026-09-11,2026-09-11,0,0,0
4040.T,ready,120,2026-09-11,2026-09-11,0,0,0
4041.T,ready,120,2026-09-11,2026-09-11,0,0,0
4042.T,ready,120,2026-09-11,2026-09-11,0,0,0
4043.T,ready,120,2026-09-11,2026-09-11,0,0,0
4044.T,ready,120,2026-09-11,2026-09-11,0,0,0
4045.T,ready,120,2026-09-11,2026-09-11,0,0,0
4046.T,ready,120,2026-09-11,2026-09-11,0,0,0
4047.T,ready,120,2026-09-11,2026-09-11,0,0,0
4051.T,ready,120,2026-09-11,2026-09-11,0,0,0
4052.T,ready,120,2026-09-11,2026-09-11,0,0,0
4053.T,ready,120,2026-09-11,2026-09-11,0,0,0
4054.T,ready,120,2026-09-11,2026-09-11,0,0,0
4055.T,ready,120,2026-09-11,2026-09-11,0,0,0
4056.T,ready,120,2026-09-11,2026-09-11,0,0,0
4057.T,ready,120,2026-09-11,2026-09-11,0,0,0
4058.T,ready,120,2026-09-11,2026-09-11,0,0,0
4059.T,zero_volume,120,2026-09-11,2026-09-11,0,0,1
4060.T,ready,120,2026-09-11,2026-09-11,0,0,0
4061.T,ready,120,2026-09-11,2026-09-11,0,0,0
4062.T,ready,120,2026-09-11,2026-09-11,0,0,0
4063.T,ready,120,2026-09-11,2026-09-11,0,0,0
4064.T,ready,120,2026-09-11,2026-09-11,0,0,0
4068.T,zero_volume,120,2026-09-11,2026-09-11,0,0,1
4069.T,ready,120,2026-09-11,2026-09-11,0,0,0
4071.T,ready,120,2026-09-11,2026-09-11,0,0,0
4072.T,ready,120,2026-09-11,2026-09-11,0,0,0
4073.T,ready,120,2026-09-11,2026-09-11,0,0,0
4074.T,ready,120,2026-09-11,2026-09-11,0,0,0
4075.T,ready,120,2026-09-11,2026-09-11,0,0,0
4076.T,zero_volume,120,2026-09-11,2026-09-11,0,0,1
4078.T,ready,120,2026-09-11,2026-09-11,0,0,0
407A.T,ready,120,2026-09-11,2026-09-11,0,0,0
4082.T,ready,120,2026-09-11,2026-09-11,0,0,0
4088.T,ready,120,2026-09-11,2026-09-11,0,0,0
4091.T,ready,120,2026-09-11,2026-09-11,0,0,0
4092.T,ready,120,2026-09-11,2026-09-11,0,0,0
4093.T,ready,120,2026-09-11,2026-09-11,0,0,0
4094.T,ready,120,2026-09-11,2026-09-11,0,0,0
4095.T,ready,120,2026-09-11,2026-09-11,0,0,0
4097.T,ready,120,2026-09-11,2026-09-11,0,0,0
4098.T,ready,120,2026-09-11,2026-09-11,0,0,0
4099.T,ready,120,2026-09-11,2026-09-11,0,0,0
409A.T,ready,120,2026-09-11,2026-09-11,0,0,0
4100.T,ready,120,2026-09-11,2026-09-11,0,0,0
4102.T,invalid_rows,119,2026-09-11,2026-09-10,1,1,9
4107.T,ready,120,2026-09-11,2026-09-11,0,0,0
4109.T,ready,120,2026-09-11,2026-09-11,0,0,0
410A.T,ready,120,2026-09-11,2026-09-11,0,0,0
4112.T,ready,120,2026-09-11,2026-09-11,0,0,0
4113.T,ready,120,2026-09-11,2026-09-11,0,0,0
4114.T,ready,120,2026-09-11,2026-09-11,0,0,0
4116.T,ready,120,2026-09-11,2026-09-11,0,0,0
4118.T,ready,120,2026-09-11,2026-09-11,0,0,0
4119.T,zero_volume,120,2026-09-11,2026-09-11,0,0,3
4120.T,zero_volume,120,2026-09-11,2026-09-11,0,0,6
4124.T,ready,120,2026-09-11,2026-09-11,0,0,0
4125.T,ready,120,2026-09-11,2026-09-11,0,0,0
414A.T,ready,120,2026-09-11,2026-09-11,0,0,0
4151.T,ready,120,2026-09-11,2026-09-11,0,0,0
415A.T,zero_volume,120,2026-09-11,2026-09-11,0,0,4
4165.T,ready,120,2026-09-11,2026-09-11,0,0,0
4166.T,ready,120,2026-09-11,2026-09-11,0,0,0
4167.T,ready,120,2026-09-11,2026-09-11,0,0,0
4168.T,ready,120,2026-09-11,2026-09-11,0,0,0
4169.T,ready,120,2026-09-11,2026-09-11,0,0,0
416A.T,ready,120,2026-09-11,2026-09-11,0,0,0
4170.T,ready,120,2026-09-11,2026-09-11,0,0,0
4172.T,zero_volume,120,2026-09-11,2026-09-11,0,0,11
4174.T,ready,120,2026-09-11,2026-09-11,0,0,0
4175.T,ready,120,2026-09-11,2026-09-11,0,0,0
4176.T,ready,120,2026-09-11,2026-09-11,0,0,0
4177.T,ready,120,2026-09-11,2026-09-11,0,0,0
4178.T,zero_volume,120,2026-09-11,2026-09-11,0,0,2
4179.T,ready,120,2026-09-11,2026-09-11,0,0,0
417A.T,ready,120,2026-09-11,2026-09-11,0,0,0
4180.T,ready,120,2026-09-11,2026-09-11,0,0,0
4182.T,ready,120,2026-09-11,2026-09-11,0,0,0
4183.T,ready,120,2026-09-11,2026-09-11,0,0,0
4186.T,ready,120,2026-09-11,2026-09-11,0,0,0
4187.T,ready,120,2026-09-11,2026-09-11,0,0,0
4188.T,ready,120,2026-09-11,2026-09-11,0,0,0
4189.T,ready,120,2026-09-11,2026-09-11,0,0,0
4192.T,ready,120,2026-09-11,2026-09-11,0,0,0
4193.T,ready,120,2026-09-11,2026-09-11,0,0,0
4194.T,ready,120,2026-09-11,2026-09-11,0,0,0
4196.T,ready,120,2026-09-11,2026-09-11,0,0,0
4197.T,zero_volume,120,2026-09-11,2026-09-11,0,0,2
4198.T,ready,120,2026-09-11,2026-09-11,0,0,0
4199.T,ready,120,2026-09-11,2026-09-11,0,0,0
4202.T,ready,120,2026-09-11,2026-09-11,0,0,0
4203.T,ready,120,2026-09-11,2026-09-11,0,0,0
4204.T,ready,120,2026-09-11,2026-09-11,0,0,0
4205.T,ready,120,2026-09-11,2026-09-11,0,0,0
4206.T,ready,120,2026-09-11,2026-09-11,0,0,0
4208.T,ready,120,2026-09-11,2026-09-11,0,0,0
4212.T,ready,120,2026-09-11,2026-09-11,0,0,0
4216.T,ready,120,2026-09-11,2026-09-11,0,0,0
4218.T,ready,120,2026-09-11,2026-09-11,0,0,0
421A.T,ready,120,2026-09-11,2026-09-11,0,0,0
4220.T,ready,120,2026-09-11,2026-09-11,0,0,0
4221.T,ready,120,2026-09-11,2026-09-11,0,0,0
4222.T,ready,120,2026-09-11,2026-09-11,0,0,0
4224.T,ready,120,2026-09-11,2026-09-11,0,0,0
4228.T,ready,120,2026-09-11,2026-09-11,0,0,0
4229.T,ready,120,2026-09-11,2026-09-11,0,0,0
4231.T,ready,120,2026-09-11,2026-09-11,0,0,0
4234.T,ready,120,2026-09-11,2026-09-11,0,0,0
4235.T,ready,120,2026-09-11,2026-09-11,0,0,0
4237.T,ready,120,2026-09-11,2026-09-11,0,0,0
4238.T,ready,120,2026-09-11,2026-09-11,0,0,0
423A.T,ready,120,2026-09-11,2026-09-11,0,0,0
4240.T,ready,120,2026-09-11,2026-09-11,0,0,0
4241.T,ready,120,2026-09-11,2026-09-11,0,0,0
4242.T,zero_volume,120,2026-09-11,2026-09-11,0,0,1
4243.T,zero_volume,120,2026-09-11,2026-09-11,0,0,3
4245.T,ready,120,2026-09-11,2026-09-11,0,0,0
4246.T,ready,120,2026-09-11,2026-09-11,0,0,0
4247.T,invalid_rows,119,2026-09-11,2026-09-10,1,1,6
4248.T,ready,120,2026-09-11,2026-09-11,0,0,0
4249.T,ready,120,2026-09-11,2026-09-11,0,0,0
4251.T,ready,120,2026-09-11,2026-09-11,0,0,0
4255.T,zero_volume,120,2026-09-11,2026-09-11,0,0,6
4256.T,ready,120,2026-09-11,2026-09-11,0,0,0
4258.T,ready,120,2026-09-11,2026-09-11,0,0,0
4259.T,ready,120,2026-09-11,2026-09-11,0,0,0
4260.T,ready,120,2026-09-11,2026-09-11,0,0,0
4261.T,ready,120,2026-09-11,2026-09-11,0,0,0
4262.T,ready,120,2026-09-11,2026-09-11,0,0,0
4263.T,ready,120,2026-09-11,2026-09-11,0,0,0
4264.T,ready,120,2026-09-11,2026-09-11,0,0,0
4265.T,ready,120,2026-09-11,2026-09-11,0,0,0
4270.T,zero_volume,120,2026-09-11,2026-09-11,0,0,1
4272.T,ready,120,2026-09-11,2026-09-11,0,0,0
4274.T,ready,120,2026-09-11,2026-09-11,0,0,0
4275.T,ready,120,2026-09-11,2026-09-11,0,0,0
4284.T,ready,120,2026-09-11,2026-09-11,0,0,0
4286.T,ready,120,2026-09-11,2026-09-11,0,0,0
4287.T,ready,120,2026-09-11,2026-09-11,0,0,0
4288.T,ready,120,2026-09-11,2026-09-11,0,0,0
428A.T,ready,120,2026-09-11,2026-09-11,0,0,0
4290.T,ready,120,2026-09-11,2026-09-11,0,0,0
4293.T,ready,120,2026-09-11,2026-09-11,0,0,0
4299.T,ready,120,2026-09-11,2026-09-11,0,0,0
429A.T,ready,120,2026-09-11,2026-09-11,0,0,0
4301.T,ready,120,2026-09-11,2026-09-11,0,0,0
4307.T,ready,120,2026-09-11,2026-09-11,0,0,0
4308.T,ready,120,2026-09-11,2026-09-11,0,0,0
4310.T,ready,120,2026-09-11,2026-09-11,0,0,0
4316.T,ready,120,2026-09-11,2026-09-11,0,0,0
4317.T,ready,120,2026-09-11,2026-09-11,0,0,0
4318.T,ready,120,2026-09-11,2026-09-11,0,0,0
431A.T,ready,120,2026-09-11,2026-09-11,0,0,0
4320.T,ready,120,2026-09-11,2026-09-11,0,0,0
4323.T,ready,120,2026-09-11,2026-09-11,0,0,0
4324.T,ready,120,2026-09-11,2026-09-11,0,0,0
4326.T,ready,120,2026-09-11,2026-09-11,0,0,0
4331.T,ready,120,2026-09-11,2026-09-11,0,0,0
4334.T,ready,120,2026-09-11,2026-09-11,0,0,0
4335.T,ready,120,2026-09-11,2026-09-11,0,0,0
4337.T,ready,120,2026-09-11,2026-09-11,0,0,0
4341.T,ready,120,2026-09-11,2026-09-11,0,0,0
4343.T,ready,120,2026-09-11,2026-09-11,0,0,0
4344.T,ready,120,2026-09-11,2026-09-11,0,0,0
4345.T,ready,120,2026-09-11,2026-09-11,0,0,0
4346.T,ready,120,2026-09-11,2026-09-11,0,0,0
4347.T,ready,120,2026-09-11,2026-09-11,0,0,0
4350.T,ready,120,2026-09-11,2026-09-11,0,0,0
4351.T,ready,120,2026-09-11,2026-09-11,0,0,0
4356.T,zero_volume,120,2026-09-11,2026-09-11,0,0,4
4360.T,ready,120,2026-09-11,2026-09-11,0,0,0
4361.T,ready,120,2026-09-11,2026-09-11,0,0,0
4362.T,ready,120,2026-09-11,2026-09-11,0,0,0
4365.T,invalid_rows,119,2026-09-11,2026-09-10,1,1,56
4366.T,ready,120,2026-09-11,2026-09-11,0,0,0
4368.T,ready,120,2026-09-11,2026-09-11,0,0,0
4369.T,ready,120,2026-09-11,2026-09-11,0,0,0
436A.T,ready,120,2026-09-11,2026-09-11,0,0,0
4370.T,ready,120,2026-09-11,2026-09-11,0,0,0
4371.T,ready,120,2026-09-11,2026-09-11,0,0,0
4372.T,invalid_rows,119,2026-09-11,2026-09-10,1,1,3
4373.T,ready,120,2026-09-11,2026-09-11,0,0,0
4374.T,ready,120,2026-09-11,2026-09-11,0,0,0
4375.T,ready,120,2026-09-11,2026-09-11,0,0,0
4376.T,ready,120,2026-09-11,2026-09-11,0,0,0
4377.T,ready,120,2026-09-11,2026-09-11,0,0,0
4378.T,zero_volume,120,2026-09-11,2026-09-11,0,0,1
4379.T,ready,120,2026-09-11,2026-09-11,0,0,0
4380.T,ready,120,2026-09-11,2026-09-11,0,0,0
4381.T,ready,120,2026-09-11,2026-09-11,0,0,0
4382.T,ready,120,2026-09-11,2026-09-11,0,0,0
4385.T,ready,120,2026-09-11,2026-09-11,0,0,0
4386.T,ready,120,2026-09-11,2026-09-11,0,0,0
4387.T,zero_volume,120,2026-09-11,2026-09-11,0,0,2
4388.T,ready,120,2026-09-11,2026-09-11,0,0,0
4389.T,zero_volume,120,2026-09-11,2026-09-11,0,0,2
438A.T,ready,120,2026-09-11,2026-09-11,0,0,0
4390.T,ready,120,2026-09-11,2026-09-11,0,0,0
4391.T,ready,120,2026-09-11,2026-09-11,0,0,0
4392.T,ready,120,2026-09-11,2026-09-11,0,0,0
4393.T,ready,120,2026-09-11,2026-09-11,0,0,0
4394.T,ready,120,2026-09-11,2026-09-11,0,0,0
4395.T,ready,120,2026-09-11,2026-09-11,0,0,0
4396.T,ready,120,2026-09-11,2026-09-11,0,0,0
4397.T,ready,120,2026-09-11,2026-09-11,0,0,0
4398.T,ready,120,2026-09-11,2026-09-11,0,0,0
4401.T,ready,120,2026-09-11,2026-09-11,0,0,0
4403.T,ready,120,2026-09-11,2026-09-11,0,0,0
4404.T,ready,120,2026-09-11,2026-09-11,0,0,0
4406.T,ready,120,2026-09-11,2026-09-11,0,0,0
4409.T,ready,120,2026-09-11,2026-09-11,0,0,0
4410.T,ready,120,2026-09-11,2026-09-11,0,0,0
4412.T,ready,120,2026-09-11,2026-09-11,0,0,0
4413.T,ready,120,2026-09-11,2026-09-11,0,0,0
4414.T,ready,120,2026-09-11,2026-09-11,0,0,0
4415.T,ready,120,2026-09-11,2026-09-11,0,0,0
4416.T,ready,120,2026-09-11,2026-09-11,0,0,0
4417.T,ready,120,2026-09-11,2026-09-11,0,0,0
4418.T,ready,120,2026-09-11,2026-09-11,0,0,0
4419.T,ready,120,2026-09-11,2026-09-11,0,0,0
441A.T,ready,120,2026-09-11,2026-09-11,0,0,0
4420.T,ready,120,2026-09-11,2026-09-11,0,0,0
4421.T,zero_volume,120,2026-09-11,2026-09-11,0,0,2
4422.T,ready,120,2026-09-11,2026-09-11,0,0,0
4424.T,ready,120,2026-09-11,2026-09-11,0,0,0
4425.T,ready,120,2026-09-11,2026-09-11,0,0,0
4427.T,ready,120,2026-09-11,2026-09-11,0,0,0
4428.T,invalid_rows,119,2026-09-11,2026-09-10,1,1,0
4429.T,ready,120,2026-09-11,2026-09-11,0,0,0
442A.T,ready,120,2026-09-11,2026-09-11,0,0,0
4430.T,ready,120,2026-09-11,2026-09-11,0,0,0
4431.T,ready,120,2026-09-11,2026-09-11,0,0,0
4432.T,ready,120,2026-09-11,2026-09-11,0,0,0
4433.T,ready,120,2026-09-11,2026-09-11,0,0,0
4434.T,ready,120,2026-09-11,2026-09-11,0,0,0
4436.T,ready,120,2026-09-11,2026-09-11,0,0,0
4437.T,zero_volume,120,2026-09-11,2026-09-11,0,0,1
4438.T,ready,120,2026-09-11,2026-09-11,0,0,0
4439.T,ready,120,2026-09-11,2026-09-11,0,0,0
4440.T,ready,120,2026-09-11,2026-09-11,0,0,0
4441.T,ready,120,2026-09-11,2026-09-11,0,0,0
4442.T,ready,120,2026-09-11,2026-09-11,0,0,0
4443.T,ready,120,2026-09-11,2026-09-11,0,0,0
4444.T,zero_volume,120,2026-09-11,2026-09-11,0,0,2
4445.T,ready,120,2026-09-11,2026-09-11,0,0,0
4446.T,ready,120,2026-09-11,2026-09-11,0,0,0
4447.T,ready,120,2026-09-11,2026-09-11,0,0,0
4448.T,ready,120,2026-09-11,2026-09-11,0,0,0
4450.T,ready,120,2026-09-11,2026-09-11,0,0,0
4452.T,ready,120,2026-09-11,2026-09-11,0,0,0
4461.T,ready,120,2026-09-11,2026-09-11,0,0,0
4462.T,ready,120,2026-09-11,2026-09-11,0,0,0
4463.T,ready,120,2026-09-11,2026-09-11,0,0,0
4464.T,invalid_rows,119,2026-09-11,2026-09-10,1,1,19
4465.T,ready,120,2026-09-11,2026-09-11,0,0,0
446A.T,ready,120,2026-09-11,2026-09-11,0,0,0
4471.T,ready,120,2026-09-11,2026-09-11,0,0,0
4475.T,ready,120,2026-09-11,2026-09-11,0,0,0
4476.T,ready,120,2026-09-11,2026-09-11,0,0,0
4477.T,ready,120,2026-09-11,2026-09-11,0,0,0
4478.T,ready,120,2026-09-11,2026-09-11,0,0,0
4479.T,ready,120,2026-09-11,2026-09-11,0,0,0
4480.T,ready,120,2026-09-11,2026-09-11,0,0,0
4481.T,ready,120,2026-09-11,2026-09-11,0,0,0
4482.T,ready,120,2026-09-11,2026-09-11,0,0,0
4483.T,ready,120,2026-09-11,2026-09-11,0,0,0
4484.T,ready,120,2026-09-11,2026-09-11,0,0,0
4486.T,ready,120,2026-09-11,2026-09-11,0,0,0
4487.T,ready,120,2026-09-11,2026-09-11,0,0,0
4488.T,ready,120,2026-09-11,2026-09-11,0,0,0
4490.T,ready,120,2026-09-11,2026-09-11,0,0,0
4491.T,ready,120,2026-09-11,2026-09-11,0,0,0
4492.T,ready,120,2026-09-11,2026-09-11,0,0,0
4493.T,ready,120,2026-09-11,2026-09-11,0,0,0
4495.T,ready,120,2026-09-11,2026-09-11,0,0,0
4496.T,zero_volume,120,2026-09-11,2026-09-11,0,0,1
4498.T,ready,120,2026-09-11,2026-09-11,0,0,0
4499.T,ready,120,2026-09-11,2026-09-11,0,0,0
4502.T,ready,120,2026-09-11,2026-09-11,0,0,0
4503.T,ready,120,2026-09-11,2026-09-11,0,0,0
4506.T,ready,120,2026-09-11,2026-09-11,0,0,0
4507.T,ready,120,2026-09-11,2026-09-11,0,0,0
4512.T,ready,120,2026-09-11,2026-09-11,0,0,0
4516.T,ready,120,2026-09-11,2026-09-11,0,0,0
4519.T,ready,120,2026-09-11,2026-09-11,0,0,0
4521.T,ready,120,2026-09-11,2026-09-11,0,0,0
4523.T,ready,120,2026-09-11,2026-09-11,0,0,0
4524.T,ready,120,2026-09-11,2026-09-11,0,0,0
4526.T,ready,120,2026-09-11,2026-09-11,0,0,0
4527.T,ready,120,2026-09-11,2026-09-11,0,0,0
4528.T,ready,120,2026-09-11,2026-09-11,0,0,0
4531.T,ready,120,2026-09-11,2026-09-11,0,0,0
4534.T,ready,120,2026-09-11,2026-09-11,0,0,0
4536.T,ready,120,2026-09-11,2026-09-11,0,0,0
4538.T,ready,120,2026-09-11,2026-09-11,0,0,0
4539.T,zero_volume,120,2026-09-11,2026-09-11,0,0,1
4540.T,ready,120,2026-09-11,2026-09-11,0,0,0
4543.T,ready,120,2026-09-11,2026-09-11,0,0,0
4544.T,ready,120,2026-09-11,2026-09-11,0,0,0
4547.T,ready,120,2026-09-11,2026-09-11,0,0,0
4548.T,ready,120,2026-09-11,2026-09-11,0,0,0
4549.T,ready,120,2026-09-11,2026-09-11,0,0,0
4552.T,ready,120,2026-09-11,2026-09-11,0,0,0
4553.T,ready,120,2026-09-11,2026-09-11,0,0,0
4554.T,ready,120,2026-09-11,2026-09-11,0,0,0
4558.T,ready,120,2026-09-11,2026-09-11,0,0,0
4559.T,ready,120,2026-09-11,2026-09-11,0,0,0
4563.T,ready,120,2026-09-11,2026-09-11,0,0,0
4564.T,ready,120,2026-09-11,2026-09-11,0,0,0
4565.T,ready,120,2026-09-11,2026-09-11,0,0,0
4568.T,ready,120,2026-09-11,2026-09-11,0,0,0
4569.T,ready,120,2026-09-11,2026-09-11,0,0,0
456A.T,ready,120,2026-09-11,2026-09-11,0,0,0
4570.T,ready,120,2026-09-11,2026-09-11,0,0,0
4571.T,ready,120,2026-09-11,2026-09-11,0,0,0
4572.T,ready,120,2026-09-11,2026-09-11,0,0,0
4574.T,ready,120,2026-09-11,2026-09-11,0,0,0
4575.T,ready,120,2026-09-11,2026-09-11,0,0,0
4576.T,ready,120,2026-09-11,2026-09-11,0,0,0
4577.T,ready,120,2026-09-11,2026-09-11,0,0,0
4578.T,ready,120,2026-09-11,2026-09-11,0,0,0
4579.T,ready,120,2026-09-11,2026-09-11,0,0,0
4582.T,ready,120,2026-09-11,2026-09-11,0,0,0
4583.T,ready,120,2026-09-11,2026-09-11,0,0,0
4584.T,ready,120,2026-09-11,2026-09-11,0,0,0
4586.T,ready,120,2026-09-11,2026-09-11,0,0,0
4587.T,ready,120,2026-09-11,2026-09-11,0,0,0
4588.T,ready,120,2026-09-11,2026-09-11,0,0,0
4591.T,ready,120,2026-09-11,2026-09-11,0,0,0
4592.T,ready,120,2026-09-11,2026-09-11,0,0,0
4593.T,ready,120,2026-09-11,2026-09-11,0,0,0
4594.T,ready,120,2026-09-11,2026-09-11,0,0,0
4595.T,ready,120,2026-09-11,2026-09-11,0,0,0
4596.T,ready,120,2026-09-11,2026-09-11,0,0,0
4597.T,ready,120,2026-09-11,2026-09-11,0,0,0
4598.T,ready,120,2026-09-11,2026-09-11,0,0,0
4599.T,ready,120,2026-09-11,2026-09-11,0,0,0
460A.T,ready,120,2026-09-11,2026-09-11,0,0,0
4611.T,ready,120,2026-09-11,2026-09-11,0,0,0
4612.T,ready,120,2026-09-11,2026-09-11,0,0,0
4613.T,ready,120,2026-09-11,2026-09-11,0,0,0
4615.T,ready,120,2026-09-11,2026-09-11,0,0,0
4616.T,zero_volume,120,2026-09-11,2026-09-11,0,0,8
4617.T,ready,120,2026-09-11,2026-09-11,0,0,0
4619.T,ready,120,2026-09-11,2026-09-11,0,0,0
4620.T,ready,120,2026-09-11,2026-09-11,0,0,0
4623.T,zero_volume,120,2026-09-11,2026-09-11,0,0,4
4624.T,zero_volume,120,2026-09-11,2026-09-11,0,0,2
4625.T,ready,120,2026-09-11,2026-09-11,0,0,0
4626.T,ready,120,2026-09-11,2026-09-11,0,0,0
4627.T,zero_volume,120,2026-09-11,2026-09-11,0,0,1
4628.T,ready,120,2026-09-11,2026-09-11,0,0,0
4629.T,ready,120,2026-09-11,2026-09-11,0,0,0
462A.T,ready,120,2026-09-11,2026-09-11,0,0,0
4631.T,ready,120,2026-09-11,2026-09-11,0,0,0
4633.T,ready,120,2026-09-11,2026-09-11,0,0,0
4634.T,ready,120,2026-09-11,2026-09-11,0,0,0
4635.T,ready,120,2026-09-11,2026-09-11,0,0,0
463A.T,ready,120,2026-09-11,2026-09-11,0,0,0
4641.T,ready,120,2026-09-11,2026-09-11,0,0,0
4642.T,ready,120,2026-09-11,2026-09-11,0,0,0
4644.T,ready,120,2026-09-11,2026-09-11,0,0,0
4645.T,zero_volume,120,2026-09-11,2026-09-11,0,0,9
464A.T,ready,120,2026-09-11,2026-09-11,0,0,0
4650.T,ready,120,2026-09-11,2026-09-11,0,0,0
4651.T,ready,120,2026-09-11,2026-09-11,0,0,0
4657.T,ready,120,2026-09-11,2026-09-11,0,0,0
4658.T,ready,120,2026-09-11,2026-09-11,0,0,0
4661.T,ready,120,2026-09-11,2026-09-11,0,0,0
4662.T,ready,120,2026-09-11,2026-09-11,0,0,0
4664.T,ready,120,2026-09-11,2026-09-11,0,0,0
4665.T,ready,120,2026-09-11,2026-09-11,0,0,0
4666.T,ready,120,2026-09-11,2026-09-11,0,0,0
4667.T,ready,120,2026-09-11,2026-09-11,0,0,0
4668.T,ready,120,2026-09-11,2026-09-11,0,0,0
4671.T,ready,120,2026-09-11,2026-09-11,0,0,0
4673.T,ready,120,2026-09-11,2026-09-11,0,0,0
4674.T,ready,120,2026-09-11,2026-09-11,0,0,0
4676.T,ready,120,2026-09-11,2026-09-11,0,0,0
4678.T,ready,120,2026-09-11,2026-09-11,0,0,0
4679.T,ready,120,2026-09-11,2026-09-11,0,0,0
4680.T,ready,120,2026-09-11,2026-09-11,0,0,0
4681.T,ready,120,2026-09-11,2026-09-11,0,0,0
4684.T,ready,120,2026-09-11,2026-09-11,0,0,0
4685.T,ready,120,2026-09-11,2026-09-11,0,0,0
4686.T,ready,120,2026-09-11,2026-09-11,0,0,0
4687.T,ready,120,2026-09-11,2026-09-11,0,0,0
4689.T,ready,120,2026-09-11,2026-09-11,0,0,0
4691.T,ready,120,2026-09-11,2026-09-11,0,0,0
4694.T,ready,120,2026-09-11,2026-09-11,0,0,0
469A.T,ready,120,2026-09-11,2026-09-11,0,0,0
4704.T,ready,120,2026-09-11,2026-09-11,0,0,0
4705.T,zero_volume,120,2026-09-11,2026-09-11,0,0,2
4707.T,ready,120,2026-09-11,2026-09-11,0,0,0
4709.T,ready,120,2026-09-11,2026-09-11,0,0,0
4712.T,ready,120,2026-09-11,2026-09-11,0,0,0
4714.T,ready,120,2026-09-11,2026-09-11,0,0,0
4716.T,ready,120,2026-09-11,2026-09-11,0,0,0
4718.T,ready,120,2026-09-11,2026-09-11,0,0,0
4719.T,ready,120,2026-09-11,2026-09-11,0,0,0
471A.T,ready,120,2026-09-11,2026-09-11,0,0,0
4720.T,ready,120,2026-09-11,2026-09-11,0,0,0
4722.T,ready,120,2026-09-11,2026-09-11,0,0,0
4725.T,ready,120,2026-09-11,2026-09-11,0,0,0
4728.T,ready,120,2026-09-11,2026-09-11,0,0,0
472A.T,ready,120,2026-09-11,2026-09-11,0,0,0
4732.T,ready,120,2026-09-11,2026-09-11,0,0,0
4733.T,ready,120,2026-09-11,2026-09-11,0,0,0
4735.T,ready,120,2026-09-11,2026-09-11,0,0,0
4736.T,ready,120,2026-09-11,2026-09-11,0,0,0
4743.T,ready,120,2026-09-11,2026-09-11,0,0,0
4746.T,ready,120,2026-09-11,2026-09-11,0,0,0
4750.T,ready,120,2026-09-11,2026-09-11,0,0,0
4751.T,ready,120,2026-09-11,2026-09-11,0,0,0
4752.T,zero_volume,120,2026-09-11,2026-09-11,0,0,6
4754.T,zero_volume,120,2026-09-11,2026-09-11,0,0,3
4755.T,ready,120,2026-09-11,2026-09-11,0,0,0
475A.T,ready,120,2026-09-11,2026-09-11,0,0,0
4760.T,zero_volume,120,2026-09-11,2026-09-11,0,0,3
4761.T,ready,120,2026-09-11,2026-09-11,0,0,0
4762.T,zero_volume,120,2026-09-11,2026-09-11,0,0,1
4763.T,ready,120,2026-09-11,2026-09-11,0,0,0
4765.T,ready,120,2026-09-11,2026-09-11,0,0,0
4766.T,ready,120,2026-09-11,2026-09-11,0,0,0
4767.T,ready,120,2026-09-11,2026-09-11,0,0,0
4768.T,ready,120,2026-09-11,2026-09-11,0,0,0
4769.T,zero_volume,120,2026-09-11,2026-09-11,0,0,8
476A.T,ready,120,2026-09-11,2026-09-11,0,0,0
4771.T,zero_volume,120,2026-09-11,2026-09-11,0,0,1
4772.T,ready,120,2026-09-11,2026-09-11,0,0,0
4776.T,ready,120,2026-09-11,2026-09-11,0,0,0
4777.T,ready,120,2026-09-11,2026-09-11,0,0,0
477A.T,ready,120,2026-09-11,2026-09-11,0,0,0
4783.T,ready,120,2026-09-11,2026-09-11,0,0,0
4784.T,ready,120,2026-09-11,2026-09-11,0,0,0
478A.T,ready,120,2026-09-11,2026-09-11,0,0,0
4792.T,ready,120,2026-09-11,2026-09-11,0,0,0
479A.T,ready,120,2026-09-11,2026-09-11,0,0,0
4800.T,ready,120,2026-09-11,2026-09-11,0,0,0
4801.T,ready,120,2026-09-11,2026-09-11,0,0,0
4809.T,ready,120,2026-09-11,2026-09-11,0,0,0
480A.T,ready,120,2026-09-11,2026-09-11,0,0,0
4811.T,ready,120,2026-09-11,2026-09-11,0,0,0
4812.T,ready,120,2026-09-11,2026-09-11,0,0,0
4813.T,ready,120,2026-09-11,2026-09-11,0,0,0
4814.T,ready,120,2026-09-11,2026-09-11,0,0,0
4816.T,ready,120,2026-09-11,2026-09-11,0,0,0
4819.T,ready,120,2026-09-11,2026-09-11,0,0,0
4820.T,ready,120,2026-09-11,2026-09-11,0,0,0
4825.T,ready,120,2026-09-11,2026-09-11,0,0,0
4826.T,ready,120,2026-09-11,2026-09-11,0,0,0
4828.T,ready,120,2026-09-11,2026-09-11,0,0,0
4829.T,ready,120,2026-09-11,2026-09-11,0,0,0
4832.T,ready,120,2026-09-11,2026-09-11,0,0,0
4833.T,ready,120,2026-09-11,2026-09-11,0,0,0
4838.T,ready,120,2026-09-11,2026-09-11,0,0,0
4839.T,ready,120,2026-09-11,2026-09-11,0,0,0
483A.T,ready,120,2026-09-11,2026-09-11,0,0,0
4840.T,ready,120,2026-09-11,2026-09-11,0,0,0
4845.T,ready,120,2026-09-11,2026-09-11,0,0,0
4847.T,ready,120,2026-09-11,2026-09-11,0,0,0
4848.T,ready,120,2026-09-11,2026-09-11,0,0,0
4849.T,ready,120,2026-09-11,2026-09-11,0,0,0
485A.T,ready,120,2026-09-11,2026-09-11,0,0,0
4880.T,ready,120,2026-09-11,2026-09-11,0,0,0
4881.T,ready,120,2026-09-11,2026-09-11,0,0,0
4882.T,ready,120,2026-09-11,2026-09-11,0,0,0
4883.T,ready,120,2026-09-11,2026-09-11,0,0,0
4884.T,ready,120,2026-09-11,2026-09-11,0,0,0
4885.T,ready,120,2026-09-11,2026-09-11,0,0,0
4886.T,ready,120,2026-09-11,2026-09-11,0,0,0
4887.T,ready,120,2026-09-11,2026-09-11,0,0,0
4888.T,ready,120,2026-09-11,2026-09-11,0,0,0
4889.T,ready,120,2026-09-11,2026-09-11,0,0,0
4890.T,ready,120,2026-09-11,2026-09-11,0,0,0
4891.T,ready,120,2026-09-11,2026-09-11,0,0,0
4892.T,ready,120,2026-09-11,2026-09-11,0,0,0
4893.T,ready,120,2026-09-11,2026-09-11,0,0,0
4894.T,ready,120,2026-09-11,2026-09-11,0,0,0
4896.T,ready,120,2026-09-11,2026-09-11,0,0,0
4901.T,ready,120,2026-09-11,2026-09-11,0,0,0
4902.T,ready,120,2026-09-11,2026-09-11,0,0,0
4911.T,ready,120,2026-09-11,2026-09-11,0,0,0
4912.T,ready,120,2026-09-11,2026-09-11,0,0,0
4914.T,ready,120,2026-09-11,2026-09-11,0,0,0
4918.T,ready,120,2026-09-11,2026-09-11,0,0,0
4919.T,ready,120,2026-09-11,2026-09-11,0,0,0
4920.T,ready,120,2026-09-11,2026-09-11,0,0,0
4922.T,ready,120,2026-09-11,2026-09-11,0,0,0
4923.T,ready,120,2026-09-11,2026-09-11,0,0,0
4925.T,ready,120,2026-09-11,2026-09-11,0,0,0
4926.T,ready,120,2026-09-11,2026-09-11,0,0,0
4927.T,ready,120,2026-09-11,2026-09-11,0,0,0
4928.T,ready,120,2026-09-11,2026-09-11,0,0,0
4929.T,ready,120,2026-09-11,2026-09-11,0,0,0
4931.T,ready,120,2026-09-11,2026-09-11,0,0,0
4932.T,ready,120,2026-09-11,2026-09-11,0,0,0
4933.T,ready,120,2026-09-11,2026-09-11,0,0,0
4934.T,ready,120,2026-09-11,2026-09-11,0,0,0
4935.T,ready,120,2026-09-11,2026-09-11,0,0,0
4936.T,ready,120,2026-09-11,2026-09-11,0,0,0
4937.T,zero_volume,120,2026-09-11,2026-09-11,0,0,6
4951.T,ready,120,2026-09-11,2026-09-11,0,0,0
4956.T,ready,120,2026-09-11,2026-09-11,0,0,0
4958.T,ready,120,2026-09-11,2026-09-11,0,0,0
4960.T,ready,120,2026-09-11,2026-09-11,0,0,0
4966.T,ready,120,2026-09-11,2026-09-11,0,0,0
4967.T,ready,120,2026-09-11,2026-09-11,0,0,0
4968.T,ready,120,2026-09-11,2026-09-11,0,0,0
4970.T,ready,120,2026-09-11,2026-09-11,0,0,0
4971.T,ready,120,2026-09-11,2026-09-11,0,0,0
4972.T,ready,120,2026-09-11,2026-09-11,0,0,0
4973.T,ready,120,2026-09-11,2026-09-11,0,0,0
4975.T,ready,120,2026-09-11,2026-09-11,0,0,0
4976.T,zero_volume,120,2026-09-11,2026-09-11,0,0,3
4977.T,ready,120,2026-09-11,2026-09-11,0,0,0
4978.T,ready,120,2026-09-11,2026-09-11,0,0,0
4979.T,ready,120,2026-09-11,2026-09-11,0,0,0
4980.T,ready,120,2026-09-11,2026-09-11,0,0,0
4985.T,ready,120,2026-09-11,2026-09-11,0,0,0
4990.T,zero_volume,120,2026-09-11,2026-09-11,0,0,3
4992.T,ready,120,2026-09-11,2026-09-11,0,0,0
4994.T,ready,120,2026-09-11,2026-09-11,0,0,0
4996.T,ready,120,2026-09-11,2026-09-11,0,0,0
4997.T,ready,120,2026-09-11,2026-09-11,0,0,0
4998.T,ready,120,2026-09-11,2026-09-11,0,0,0
500A.T,ready,120,2026-09-11,2026-09-11,0,0,0
5010.T,ready,120,2026-09-11,2026-09-11,0,0,0
5011.T,ready,120,2026-09-11,2026-09-11,0,0,0
5013.T,ready,120,2026-09-11,2026-09-11,0,0,0
5015.T,ready,120,2026-09-11,2026-09-11,0,0,0
5016.T,ready,120,2026-09-11,2026-09-11,0,0,0
5018.T,ready,120,2026-09-11,2026-09-11,0,0,0
5019.T,ready,120,2026-09-11,2026-09-11,0,0,0
5020.T,ready,120,2026-09-11,2026-09-11,0,0,0
5021.T,ready,120,2026-09-11,2026-09-11,0,0,0
5025.T,zero_volume,120,2026-09-11,2026-09-11,0,0,5
5026.T,ready,120,2026-09-11,2026-09-11,0,0,0
5027.T,ready,120,2026-09-11,2026-09-11,0,0,0
5028.T,ready,120,2026-09-11,2026-09-11,0,0,0
5029.T,ready,120,2026-09-11,2026-09-11,0,0,0
5031.T,ready,120,2026-09-11,2026-09-11,0,0,0
5032.T,ready,120,2026-09-11,2026-09-11,0,0,0
5033.T,ready,120,2026-09-11,2026-09-11,0,0,0
5034.T,ready,120,2026-09-11,2026-09-11,0,0,0
5035.T,ready,120,2026-09-11,2026-09-11,0,0,0
5036.T,ready,120,2026-09-11,2026-09-11,0,0,0
5038.T,ready,120,2026-09-11,2026-09-11,0,0,0
504A.T,ready,120,2026-09-11,2026-09-11,0,0,0
505A.T,ready,120,2026-09-11,2026-09-11,0,0,0
5071.T,ready,120,2026-09-11,2026-09-11,0,0,0
5074.T,ready,120,2026-09-11,2026-09-11,0,0,0
5076.T,ready,120,2026-09-11,2026-09-11,0,0,0
5078.T,zero_volume,120,2026-09-11,2026-09-11,0,0,28
5079.T,ready,120,2026-09-11,2026-09-11,0,0,0
5101.T,ready,120,2026-09-11,2026-09-11,0,0,0
5105.T,ready,120,2026-09-11,2026-09-11,0,0,0
5108.T,ready,120,2026-09-11,2026-09-11,0,0,0
5110.T,ready,120,2026-09-11,2026-09-11,0,0,0
5121.T,ready,120,2026-09-11,2026-09-11,0,0,0
5122.T,ready,120,2026-09-11,2026-09-11,0,0,0
5125.T,ready,120,2026-09-11,2026-09-11,0,0,0
5126.T,invalid_rows,119,2026-09-11,2026-09-10,1,1,23
5129.T,ready,120,2026-09-11,2026-09-11,0,0,0
5131.T,ready,120,2026-09-11,2026-09-11,0,0,0
5132.T,ready,120,2026-09-11,2026-09-11,0,0,0
5133.T,ready,120,2026-09-11,2026-09-11,0,0,0
5134.T,zero_volume,120,2026-09-11,2026-09-11,0,0,2
5136.T,ready,120,2026-09-11,2026-09-11,0,0,0
5137.T,ready,120,2026-09-11,2026-09-11,0,0,0
5138.T,zero_volume,120,2026-09-11,2026-09-11,0,0,5
5139.T,ready,120,2026-09-11,2026-09-11,0,0,0
5142.T,ready,120,2026-09-11,2026-09-11,0,0,0
5161.T,ready,120,2026-09-11,2026-09-11,0,0,0
5162.T,ready,120,2026-09-11,2026-09-11,0,0,0
5184.T,ready,120,2026-09-11,2026-09-11,0,0,0
5185.T,ready,120,2026-09-11,2026-09-11,0,0,0
5186.T,ready,120,2026-09-11,2026-09-11,0,0,0
5187.T,ready,120,2026-09-11,2026-09-11,0,0,0
5189.T,ready,120,2026-09-11,2026-09-11,0,0,0
5192.T,ready,120,2026-09-11,2026-09-11,0,0,0
5194.T,ready,120,2026-09-11,2026-09-11,0,0,0
5195.T,ready,120,2026-09-11,2026-09-11,0,0,0
5199.T,zero_volume,120,2026-09-11,2026-09-11,0,0,14
519A.T,insufficient_history,117,2026-09-11,2026-09-11,3,0,0
5201.T,ready,120,2026-09-11,2026-09-11,0,0,0
5202.T,ready,120,2026-09-11,2026-09-11,0,0,0
5204.T,ready,120,2026-09-11,2026-09-11,0,0,0
5208.T,ready,120,2026-09-11,2026-09-11,0,0,0
520A.T,insufficient_history,117,2026-09-11,2026-09-11,3,0,0
5210.T,ready,120,2026-09-11,2026-09-11,0,0,0
5214.T,ready,120,2026-09-11,2026-09-11,0,0,0
5216.T,ready,120,2026-09-11,2026-09-11,0,0,0
5218.T,ready,120,2026-09-11,2026-09-11,0,0,0
5232.T,ready,120,2026-09-11,2026-09-11,0,0,0
5233.T,ready,120,2026-09-11,2026-09-11,0,0,0
5237.T,ready,120,2026-09-11,2026-09-11,0,0,0
523A.T,invalid_rows,111,2026-09-11,2026-09-11,9,4,0
5240.T,ready,120,2026-09-11,2026-09-11,0,0,0
5242.T,zero_volume,120,2026-09-11,2026-09-11,0,0,1
5243.T,ready,120,2026-09-11,2026-09-11,0,0,0
5244.T,ready,120,2026-09-11,2026-09-11,0,0,0
5246.T,ready,120,2026-09-11,2026-09-11,0,0,0
5247.T,ready,120,2026-09-11,2026-09-11,0,0,0
5248.T,ready,120,2026-09-11,2026-09-11,0,0,0
5250.T,ready,120,2026-09-11,2026-09-11,0,0,0
5252.T,zero_volume,120,2026-09-11,2026-09-11,0,0,3
5253.T,ready,120,2026-09-11,2026-09-11,0,0,0
5254.T,ready,120,2026-09-11,2026-09-11,0,0,0
5255.T,ready,120,2026-09-11,2026-09-11,0,0,0
5256.T,ready,120,2026-09-11,2026-09-11,0,0,0
5257.T,zero_volume,120,2026-09-11,2026-09-11,0,0,2
5258.T,ready,120,2026-09-11,2026-09-11,0,0,0
5261.T,ready,120,2026-09-11,2026-09-11,0,0,0
5262.T,ready,120,2026-09-11,2026-09-11,0,0,0
5268.T,ready,120,2026-09-11,2026-09-11,0,0,0
5269.T,ready,120,2026-09-11,2026-09-11,0,0,0
5271.T,zero_volume,120,2026-09-11,2026-09-11,0,0,6
5273.T,ready,120,2026-09-11,2026-09-11,0,0,0
5279.T,zero_volume,120,2026-09-11,2026-09-11,0,0,1
5280.T,ready,120,2026-09-11,2026-09-11,0,0,0
5282.T,ready,120,2026-09-11,2026-09-11,0,0,0
5283.T,zero_volume,120,2026-09-11,2026-09-11,0,0,8
5284.T,ready,120,2026-09-11,2026-09-11,0,0,0
5285.T,ready,120,2026-09-11,2026-09-11,0,0,0
5287.T,ready,120,2026-09-11,2026-09-11,0,0,0
5288.T,ready,120,2026-09-11,2026-09-11,0,0,0
5290.T,ready,120,2026-09-11,2026-09-11,0,0,0
5301.T,ready,120,2026-09-11,2026-09-11,0,0,0
5302.T,ready,120,2026-09-11,2026-09-11,0,0,0
5304.T,ready,120,2026-09-11,2026-09-11,0,0,0
5310.T,ready,120,2026-09-11,2026-09-11,0,0,0
5331.T,ready,120,2026-09-11,2026-09-11,0,0,0
5332.T,ready,120,2026-09-11,2026-09-11,0,0,0
5333.T,ready,120,2026-09-11,2026-09-11,0,0,0
5334.T,ready,120,2026-09-11,2026-09-11,0,0,0
5337.T,ready,120,2026-09-11,2026-09-11,0,0,0
5341.T,ready,120,2026-09-11,2026-09-11,0,0,0
5344.T,ready,120,2026-09-11,2026-09-11,0,0,0
5351.T,ready,120,2026-09-11,2026-09-11,0,0,0
5355.T,ready,120,2026-09-11,2026-09-11,0,0,0
5356.T,ready,120,2026-09-11,2026-09-11,0,0,0
5357.T,ready,120,2026-09-11,2026-09-11,0,0,0
5363.T,ready,120,2026-09-11,2026-09-11,0,0,0
5367.T,ready,120,2026-09-11,2026-09-11,0,0,0
5368.T,ready,120,2026-09-11,2026-09-11,0,0,0
5380.T,zero_volume,120,2026-09-11,2026-09-11,0,0,6
5381.T,ready,120,2026-09-11,2026-09-11,0,0,0
5384.T,ready,120,2026-09-11,2026-09-11,0,0,0
5388.T,ready,120,2026-09-11,2026-09-11,0,0,0
5391.T,ready,120,2026-09-11,2026-09-11,0,0,0
5393.T,ready,120,2026-09-11,2026-09-11,0,0,0
5401.T,ready,120,2026-09-11,2026-09-11,0,0,0
5406.T,ready,120,2026-09-11,2026-09-11,0,0,0
5408.T,ready,120,2026-09-11,2026-09-11,0,0,0
5410.T,ready,120,2026-09-11,2026-09-11,0,0,0
5411.T,ready,120,2026-09-11,2026-09-11,0,0,0
5423.T,ready,120,2026-09-11,2026-09-11,0,0,0
542A.T,insufficient_history,111,2026-09-11,2026-09-11,9,0,0
543A.T,zero_volume,120,2026-09-11,2026-09-11,0,0,2
5440.T,ready,120,2026-09-11,2026-09-11,0,0,0
5444.T,ready,120,2026-09-11,2026-09-11,0,0,0
5445.T,ready,120,2026-09-11,2026-09-11,0,0,0
5446.T,zero_volume,120,2026-09-11,2026-09-11,0,0,2
5449.T,ready,120,2026-09-11,2026-09-11,0,0,0
544A.T,insufficient_history,111,2026-09-11,2026-09-11,9,0,0
5451.T,ready,120,2026-09-11,2026-09-11,0,0,0
5458.T,zero_volume,120,2026-09-11,2026-09-11,0,0,7
545A.T,insufficient_history,111,2026-09-11,2026-09-11,9,0,0
5461.T,ready,120,2026-09-11,2026-09-11,0,0,0
5463.T,ready,120,2026-09-11,2026-09-11,0,0,0
5464.T,ready,120,2026-09-11,2026-09-11,0,0,0
546A.T,insufficient_history,111,2026-09-11,2026-09-11,9,0,0
5471.T,ready,120,2026-09-11,2026-09-11,0,0,0
547A.T,zero_volume,120,2026-09-11,2026-09-11,0,0,3
5480.T,ready,120,2026-09-11,2026-09-11,0,0,0
5482.T,ready,120,2026-09-11,2026-09-11,0,0,0
5484.T,invalid_rows,119,2026-09-11,2026-09-10,1,1,25
548A.T,insufficient_history,109,2026-09-11,2026-09-11,11,0,0
5491.T,ready,120,2026-09-11,2026-09-11,0,0,0
549A.T,insufficient_history,108,2026-09-11,2026-09-11,12,0,0
550A.T,insufficient_history,106,2026-09-11,2026-09-11,14,0,0
5527.T,ready,120,2026-09-11,2026-09-11,0,0,0
5532.T,ready,120,2026-09-11,2026-09-11,0,0,0
5533.T,zero_volume,120,2026-09-11,2026-09-11,0,0,23
5535.T,ready,120,2026-09-11,2026-09-11,0,0,0
5537.T,ready,120,2026-09-11,2026-09-11,0,0,0
5541.T,ready,120,2026-09-11,2026-09-11,0,0,0
5542.T,ready,120,2026-09-11,2026-09-11,0,0,0
554A.T,insufficient_history,97,2026-09-11,2026-09-11,23,0,0
5563.T,ready,120,2026-09-11,2026-09-11,0,0,0
556A.T,insufficient_history,96,2026-09-11,2026-09-11,24,0,0
5570.T,ready,120,2026-09-11,2026-09-11,0,0,0
5571.T,zero_volume,120,2026-09-11,2026-09-11,0,0,1
5572.T,ready,120,2026-09-11,2026-09-11,0,0,0
5574.T,ready,120,2026-09-11,2026-09-11,0,0,0
5575.T,ready,120,2026-09-11,2026-09-11,0,0,0
5576.T,ready,120,2026-09-11,2026-09-11,0,0,0
5578.T,ready,120,2026-09-11,2026-09-11,0,0,0
5580.T,invalid_rows,119,2026-09-11,2026-09-10,1,1,6
5582.T,ready,120,2026-09-11,2026-09-11,0,0,0
5586.T,ready,120,2026-09-11,2026-09-11,0,0,0
5587.T,ready,120,2026-09-11,2026-09-11,0,0,0
5588.T,ready,120,2026-09-11,2026-09-11,0,0,0
5589.T,ready,120,2026-09-11,2026-09-11,0,0,0
558A.T,insufficient_history,97,2026-09-11,2026-09-11,23,0,0
5590.T,ready,120,2026-09-11,2026-09-11,0,0,0
5591.T,ready,120,2026-09-11,2026-09-11,0,0,0
5592.T,ready,120,2026-09-11,2026-09-11,0,0,0
5597.T,ready,120,2026-09-11,2026-09-11,0,0,0
5599.T,ready,120,2026-09-11,2026-09-11,0,0,0
559A.T,insufficient_history,95,2026-09-11,2026-09-11,25,0,0
5602.T,ready,120,2026-09-11,2026-09-11,0,0,0
5603.T,ready,120,2026-09-11,2026-09-11,0,0,0
5609.T,ready,120,2026-09-11,2026-09-11,0,0,0
5612.T,ready,120,2026-09-11,2026-09-11,0,0,0
5616.T,ready,120,2026-09-11,2026-09-11,0,0,0
5618.T,zero_volume,120,2026-09-11,2026-09-11,0,0,1
5619.T,zero_volume,120,2026-09-11,2026-09-11,0,0,27
5621.T,ready,120,2026-09-11,2026-09-11,0,0,0
5631.T,ready,120,2026-09-11,2026-09-11,0,0,0
5632.T,ready,120,2026-09-11,2026-09-11,0,0,0
5644.T,zero_volume,120,2026-09-11,2026-09-11,0,0,2
5658.T,ready,120,2026-09-11,2026-09-11,0,0,0
5659.T,ready,120,2026-09-11,2026-09-11,0,0,0
5695.T,zero_volume,120,2026-09-11,2026-09-11,0,0,5
5697.T,ready,120,2026-09-11,2026-09-11,0,0,0
5698.T,ready,120,2026-09-11,2026-09-11,0,0,0
5699.T,ready,120,2026-09-11,2026-09-11,0,0,0
5702.T,ready,120,2026-09-11,2026-09-11,0,0,0
5703.T,ready,120,2026-09-11,2026-09-11,0,0,0
5704.T,ready,120,2026-09-11,2026-09-11,0,0,0
5706.T,ready,120,2026-09-11,2026-09-11,0,0,0
5707.T,ready,120,2026-09-11,2026-09-11,0,0,0
5711.T,ready,120,2026-09-11,2026-09-11,0,0,0
5713.T,ready,120,2026-09-11,2026-09-11,0,0,0
5714.T,ready,120,2026-09-11,2026-09-11,0,0,0
5715.T,ready,120,2026-09-11,2026-09-11,0,0,0
5721.T,ready,120,2026-09-11,2026-09-11,0,0,0
5724.T,ready,120,2026-09-11,2026-09-11,0,0,0
5726.T,ready,120,2026-09-11,2026-09-11,0,0,0
5729.T,ready,120,2026-09-11,2026-09-11,0,0,0
5741.T,ready,120,2026-09-11,2026-09-11,0,0,0
5742.T,ready,120,2026-09-11,2026-09-11,0,0,0
5753.T,ready,120,2026-09-11,2026-09-11,0,0,0
5757.T,ready,120,2026-09-11,2026-09-11,0,0,0
575A.T,insufficient_history,73,2026-09-11,2026-09-11,47,0,0
5801.T,ready,120,2026-09-11,2026-09-11,0,0,0
5802.T,ready,120,2026-09-11,2026-09-11,0,0,0
5803.T,ready,120,2026-09-11,2026-09-11,0,0,0
5805.T,ready,120,2026-09-11,2026-09-11,0,0,0
5816.T,ready,120,2026-09-11,2026-09-11,0,0,0
5817.T,ready,120,2026-09-11,2026-09-11,0,0,0
5819.T,ready,120,2026-09-11,2026-09-11,0,0,0
581A.T,insufficient_history,62,2026-09-11,2026-09-11,58,0,0
5820.T,ready,120,2026-09-11,2026-09-11,0,0,0
5821.T,ready,120,2026-09-11,2026-09-11,0,0,0
5830.T,ready,120,2026-09-11,2026-09-11,0,0,0
5831.T,ready,120,2026-09-11,2026-09-11,0,0,0
5832.T,ready,120,2026-09-11,2026-09-11,0,0,0
5834.T,ready,120,2026-09-11,2026-09-11,0,0,0
5838.T,ready,120,2026-09-11,2026-09-11,0,0,0
5842.T,ready,120,2026-09-11,2026-09-11,0,0,0
5843.T,ready,120,2026-09-11,2026-09-11,0,0,0
5844.T,ready,120,2026-09-11,2026-09-11,0,0,0
5845.T,ready,120,2026-09-11,2026-09-11,0,0,0
584A.T,insufficient_history,57,2026-09-11,2026-09-11,63,0,0
5851.T,ready,120,2026-09-11,2026-09-11,0,0,0
5852.T,ready,120,2026-09-11,2026-09-11,0,0,0
5857.T,ready,120,2026-09-11,2026-09-11,0,0,0
5858.T,zero_volume,120,2026-09-11,2026-09-11,0,0,1
5867.T,invalid_rows,119,2026-09-11,2026-09-10,1,1,7
5868.T,ready,120,2026-09-11,2026-09-11,0,0,0
5869.T,ready,120,2026-09-11,2026-09-11,0,0,0
5870.T,ready,120,2026-09-11,2026-09-11,0,0,0
5871.T,ready,120,2026-09-11,2026-09-11,0,0,0
5884.T,ready,120,2026-09-11,2026-09-11,0,0,0
5885.T,ready,120,2026-09-11,2026-09-11,0,0,0
5888.T,ready,120,2026-09-11,2026-09-11,0,0,0
5889.T,ready,120,2026-09-11,2026-09-11,0,0,0
5891.T,ready,120,2026-09-11,2026-09-11,0,0,0
5892.T,ready,120,2026-09-11,2026-09-11,0,0,0
589A.T,insufficient_history,52,2026-09-11,2026-09-11,68,0,0
5900.T,zero_volume,120,2026-09-11,2026-09-11,0,0,3
5901.T,ready,120,2026-09-11,2026-09-11,0,0,0
5902.T,ready,120,2026-09-11,2026-09-11,0,0,0
5905.T,zero_volume,120,2026-09-11,2026-09-11,0,0,17
5906.T,ready,120,2026-09-11,2026-09-11,0,0,0
5909.T,ready,120,2026-09-11,2026-09-11,0,0,0
590A.T,zero_volume,120,2026-09-11,2026-09-11,0,0,2
5911.T,ready,120,2026-09-11,2026-09-11,0,0,0
5915.T,ready,120,2026-09-11,2026-09-11,0,0,0
5918.T,invalid_rows,119,2026-09-11,2026-09-10,1,1,24
5921.T,zero_volume,120,2026-09-11,2026-09-11,0,0,4
5922.T,zero_volume,120,2026-09-11,2026-09-11,0,0,6
5923.T,ready,120,2026-09-11,2026-09-11,0,0,0
5928.T,ready,120,2026-09-11,2026-09-11,0,0,0
5929.T,ready,120,2026-09-11,2026-09-11,0,0,0
5930.T,ready,120,2026-09-11,2026-09-11,0,0,0
5932.T,ready,120,2026-09-11,2026-09-11,0,0,0
5933.T,ready,120,2026-09-11,2026-09-11,0,0,0
5936.T,ready,120,2026-09-11,2026-09-11,0,0,0
5938.T,ready,120,2026-09-11,2026-09-11,0,0,0
5939.T,zero_volume,120,2026-09-11,2026-09-11,0,0,2
593A.T,insufficient_history,37,2026-09-11,2026-09-11,83,0,0
5940.T,ready,120,2026-09-11,2026-09-11,0,0,0
5941.T,zero_volume,120,2026-09-11,2026-09-11,0,0,1
5942.T,ready,120,2026-09-11,2026-09-11,0,0,0
5943.T,ready,120,2026-09-11,2026-09-11,0,0,0
5945.T,zero_volume,120,2026-09-11,2026-09-11,0,0,7
5946.T,ready,120,2026-09-11,2026-09-11,0,0,0
5947.T,ready,120,2026-09-11,2026-09-11,0,0,0
5949.T,ready,120,2026-09-11,2026-09-11,0,0,0
5950.T,ready,120,2026-09-11,2026-09-11,0,0,0
5951.T,ready,120,2026-09-11,2026-09-11,0,0,0
5952.T,ready,120,2026-09-11,2026-09-11,0,0,0
5955.T,ready,120,2026-09-11,2026-09-11,0,0,0
5956.T,ready,120,2026-09-11,2026-09-11,0,0,0
5957.T,ready,120,2026-09-11,2026-09-11,0,0,0
5958.T,zero_volume,120,2026-09-11,2026-09-11,0,0,1
5959.T,ready,120,2026-09-11,2026-09-11,0,0,0
5962.T,zero_volume,120,2026-09-11,2026-09-11,0,0,10
5965.T,ready,120,2026-09-11,2026-09-11,0,0,0
5966.T,invalid_rows,119,2026-09-11,2026-09-10,1,1,25
5967.T,ready,120,2026-09-11,2026-09-11,0,0,0
5969.T,invalid_rows,119,2026-09-11,2026-09-10,1,1,40
5970.T,ready,120,2026-09-11,2026-09-11,0,0,0
5971.T,zero_volume,120,2026-09-11,2026-09-11,0,0,12
5973.T,zero_volume,120,2026-09-11,2026-09-11,0,0,1
5974.T,zero_volume,120,2026-09-11,2026-09-11,0,0,7
5975.T,ready,120,2026-09-11,2026-09-11,0,0,0
5976.T,ready,120,2026-09-11,2026-09-11,0,0,0
5981.T,ready,120,2026-09-11,2026-09-11,0,0,0
5982.T,ready,120,2026-09-11,2026-09-11,0,0,0
5983.T,zero_volume,120,2026-09-11,2026-09-11,0,0,7
5984.T,ready,120,2026-09-11,2026-09-11,0,0,0
5985.T,ready,120,2026-09-11,2026-09-11,0,0,0
5986.T,ready,120,2026-09-11,2026-09-11,0,0,0
5987.T,zero_volume,120,2026-09-11,2026-09-11,0,0,14
5988.T,ready,120,2026-09-11,2026-09-11,0,0,0
5989.T,ready,120,2026-09-11,2026-09-11,0,0,0
598A.T,insufficient_history,40,2026-09-11,2026-09-11,80,0,0
5990.T,zero_volume,120,2026-09-11,2026-09-11,0,0,23
5991.T,ready,120,2026-09-11,2026-09-11,0,0,0
5992.T,ready,120,2026-09-11,2026-09-11,0,0,0
5994.T,ready,120,2026-09-11,2026-09-11,0,0,0
5997.T,zero_volume,120,2026-09-11,2026-09-11,0,0,3
5998.T,ready,120,2026-09-11,2026-09-11,0,0,0
6005.T,ready,120,2026-09-11,2026-09-11,0,0,0
6013.T,ready,120,2026-09-11,2026-09-11,0,0,0
6016.T,ready,120,2026-09-11,2026-09-11,0,0,0
6018.T,zero_volume,120,2026-09-11,2026-09-11,0,0,11
6022.T,zero_volume,120,2026-09-11,2026-09-11,0,0,1
6023.T,ready,120,2026-09-11,2026-09-11,0,0,0
6027.T,ready,120,2026-09-11,2026-09-11,0,0,0
6029.T,ready,120,2026-09-11,2026-09-11,0,0,0
6030.T,ready,120,2026-09-11,2026-09-11,0,0,0
6031.T,ready,120,2026-09-11,2026-09-11,0,0,0
6033.T,ready,120,2026-09-11,2026-09-11,0,0,0
6034.T,ready,120,2026-09-11,2026-09-11,0,0,0
6035.T,ready,120,2026-09-11,2026-09-11,0,0,0
6036.T,ready,120,2026-09-11,2026-09-11,0,0,0
6037.T,ready,120,2026-09-11,2026-09-11,0,0,0
6038.T,ready,120,2026-09-11,2026-09-11,0,0,0
6039.T,ready,120,2026-09-11,2026-09-11,0,0,0
603A.T,insufficient_history,32,2026-09-11,2026-09-11,88,0,0
6040.T,ready,120,2026-09-11,2026-09-11,0,0,0
6042.T,zero_volume,120,2026-09-11,2026-09-11,0,0,6
6044.T,ready,120,2026-09-11,2026-09-11,0,0,0
6045.T,ready,120,2026-09-11,2026-09-11,0,0,0
6046.T,ready,120,2026-09-11,2026-09-11,0,0,0
6047.T,ready,120,2026-09-11,2026-09-11,0,0,0
6049.T,ready,120,2026-09-11,2026-09-11,0,0,0
604A.T,insufficient_history,32,2026-09-11,2026-09-11,88,0,0
6050.T,ready,120,2026-09-11,2026-09-11,0,0,0
6054.T,ready,120,2026-09-11,2026-09-11,0,0,0
6055.T,ready,120,2026-09-11,2026-09-11,0,0,0
6058.T,ready,120,2026-09-11,2026-09-11,0,0,0
6059.T,ready,120,2026-09-11,2026-09-11,0,0,0
6061.T,ready,120,2026-09-11,2026-09-11,0,0,0
6062.T,ready,120,2026-09-11,2026-09-11,0,0,0
6063.T,zero_volume,120,2026-09-11,2026-09-11,0,0,3
6069.T,ready,120,2026-09-11,2026-09-11,0,0,0
6070.T,ready,120,2026-09-11,2026-09-11,0,0,0
6071.T,ready,120,2026-09-11,2026-09-11,0,0,0
6072.T,ready,120,2026-09-11,2026-09-11,0,0,0
6073.T,ready,120,2026-09-11,2026-09-11,0,0,0
6074.T,ready,120,2026-09-11,2026-09-11,0,0,0
6078.T,ready,120,2026-09-11,2026-09-11,0,0,0
607A.T,insufficient_history,28,2026-09-11,2026-09-11,92,0,0
6080.T,ready,120,2026-09-11,2026-09-11,0,0,0
6081.T,ready,120,2026-09-11,2026-09-11,0,0,0
6082.T,ready,120,2026-09-11,2026-09-11,0,0,0
6083.T,ready,120,2026-09-11,2026-09-11,0,0,0
6085.T,ready,120,2026-09-11,2026-09-11,0,0,0
6086.T,ready,120,2026-09-11,2026-09-11,0,0,0
6087.T,ready,120,2026-09-11,2026-09-11,0,0,0
6088.T,ready,120,2026-09-11,2026-09-11,0,0,0
6089.T,ready,120,2026-09-11,2026-09-11,0,0,0
6090.T,ready,120,2026-09-11,2026-09-11,0,0,0
6091.T,ready,120,2026-09-11,2026-09-11,0,0,0
6092.T,ready,120,2026-09-11,2026-09-11,0,0,0
6093.T,ready,120,2026-09-11,2026-09-11,0,0,0
6094.T,ready,120,2026-09-11,2026-09-11,0,0,0
6098.T,ready,120,2026-09-11,2026-09-11,0,0,0
6099.T,ready,120,2026-09-11,2026-09-11,0,0,0
6101.T,ready,120,2026-09-11,2026-09-11,0,0,0
6103.T,ready,120,2026-09-11,2026-09-11,0,0,0
6104.T,ready,120,2026-09-11,2026-09-11,0,0,0
6113.T,ready,120,2026-09-11,2026-09-11,0,0,0
6118.T,ready,120,2026-09-11,2026-09-11,0,0,0
6125.T,ready,120,2026-09-11,2026-09-11,0,0,0
6134.T,ready,120,2026-09-11,2026-09-11,0,0,0
6135.T,ready,120,2026-09-11,2026-09-11,0,0,0
6136.T,ready,120,2026-09-11,2026-09-11,0,0,0
6137.T,ready,120,2026-09-11,2026-09-11,0,0,0
6138.T,ready,120,2026-09-11,2026-09-11,0,0,0
6140.T,ready,120,2026-09-11,2026-09-11,0,0,0
6141.T,ready,120,2026-09-11,2026-09-11,0,0,0
6143.T,ready,120,2026-09-11,2026-09-11,0,0,0
6144.T,zero_volume,120,2026-09-11,2026-09-11,0,0,2
6145.T,ready,120,2026-09-11,2026-09-11,0,0,0
6146.T,ready,120,2026-09-11,2026-09-11,0,0,0
6147.T,ready,120,2026-09-11,2026-09-11,0,0,0
6149.T,ready,120,2026-09-11,2026-09-11,0,0,0
6150.T,zero_volume,120,2026-09-11,2026-09-11,0,0,2
6151.T,ready,120,2026-09-11,2026-09-11,0,0,0
6155.T,zero_volume,120,2026-09-11,2026-09-11,0,0,1
6156.T,ready,120,2026-09-11,2026-09-11,0,0,0
6157.T,ready,120,2026-09-11,2026-09-11,0,0,0
6158.T,ready,120,2026-09-11,2026-09-11,0,0,0
6159.T,zero_volume,120,2026-09-11,2026-09-11,0,0,10
6161.T,ready,120,2026-09-11,2026-09-11,0,0,0
6165.T,ready,120,2026-09-11,2026-09-11,0,0,0
6166.T,ready,120,2026-09-11,2026-09-11,0,0,0
6167.T,ready,120,2026-09-11,2026-09-11,0,0,0
6171.T,ready,120,2026-09-11,2026-09-11,0,0,0
6176.T,ready,120,2026-09-11,2026-09-11,0,0,0
6177.T,ready,120,2026-09-11,2026-09-11,0,0,0
6178.T,ready,120,2026-09-11,2026-09-11,0,0,0
6180.T,ready,120,2026-09-11,2026-09-11,0,0,0
6181.T,ready,120,2026-09-11,2026-09-11,0,0,0
6182.T,ready,120,2026-09-11,2026-09-11,0,0,0
6183.T,ready,120,2026-09-11,2026-09-11,0,0,0
6184.T,ready,120,2026-09-11,2026-09-11,0,0,0
6185.T,ready,120,2026-09-11,2026-09-11,0,0,0
6186.T,zero_volume,120,2026-09-11,2026-09-11,0,0,1
6189.T,ready,120,2026-09-11,2026-09-11,0,0,0
6190.T,ready,120,2026-09-11,2026-09-11,0,0,0
6191.T,ready,120,2026-09-11,2026-09-11,0,0,0
6193.T,ready,120,2026-09-11,2026-09-11,0,0,0
6194.T,ready,120,2026-09-11,2026-09-11,0,0,0
6195.T,ready,120,2026-09-11,2026-09-11,0,0,0
6196.T,ready,120,2026-09-11,2026-09-11,0,0,0
6198.T,ready,120,2026-09-11,2026-09-11,0,0,0
6199.T,ready,120,2026-09-11,2026-09-11,0,0,0
6200.T,ready,120,2026-09-11,2026-09-11,0,0,0
6203.T,ready,120,2026-09-11,2026-09-11,0,0,0
6208.T,ready,120,2026-09-11,2026-09-11,0,0,0
6209.T,ready,120,2026-09-11,2026-09-11,0,0,0
6217.T,ready,120,2026-09-11,2026-09-11,0,0,0
6218.T,ready,120,2026-09-11,2026-09-11,0,0,0
6222.T,ready,120,2026-09-11,2026-09-11,0,0,0
6223.T,ready,120,2026-09-11,2026-09-11,0,0,0
6224.T,ready,120,2026-09-11,2026-09-11,0,0,0
6226.T,ready,120,2026-09-11,2026-09-11,0,0,0
6227.T,ready,120,2026-09-11,2026-09-11,0,0,0
6228.T,ready,120,2026-09-11,2026-09-11,0,0,0
6229.T,ready,120,2026-09-11,2026-09-11,0,0,0
6230.T,zero_volume,120,2026-09-11,2026-09-11,0,0,1
6231.T,ready,120,2026-09-11,2026-09-11,0,0,0
6232.T,ready,120,2026-09-11,2026-09-11,0,0,0
6233.T,ready,120,2026-09-11,2026-09-11,0,0,0
6235.T,ready,120,2026-09-11,2026-09-11,0,0,0
6237.T,ready,120,2026-09-11,2026-09-11,0,0,0
6238.T,ready,120,2026-09-11,2026-09-11,0,0,0
6239.T,ready,120,2026-09-11,2026-09-11,0,0,0
6240.T,ready,120,2026-09-11,2026-09-11,0,0,0
6245.T,ready,120,2026-09-11,2026-09-11,0,0,0
6246.T,ready,120,2026-09-11,2026-09-11,0,0,0
6247.T,ready,120,2026-09-11,2026-09-11,0,0,0
6248.T,zero_volume,120,2026-09-11,2026-09-11,0,0,4
6249.T,ready,120,2026-09-11,2026-09-11,0,0,0
6250.T,ready,120,2026-09-11,2026-09-11,0,0,0
6254.T,ready,120,2026-09-11,2026-09-11,0,0,0
6255.T,ready,120,2026-09-11,2026-09-11,0,0,0
6257.T,ready,120,2026-09-11,2026-09-11,0,0,0
6258.T,ready,120,2026-09-11,2026-09-11,0,0,0
6262.T,ready,120,2026-09-11,2026-09-11,0,0,0
6264.T,ready,120,2026-09-11,2026-09-11,0,0,0
6265.T,zero_volume,120,2026-09-11,2026-09-11,0,0,5
6266.T,ready,120,2026-09-11,2026-09-11,0,0,0
6267.T,zero_volume,120,2026-09-11,2026-09-11,0,0,6
6268.T,ready,120,2026-09-11,2026-09-11,0,0,0
6269.T,ready,120,2026-09-11,2026-09-11,0,0,0
6272.T,ready,120,2026-09-11,2026-09-11,0,0,0
6273.T,ready,120,2026-09-11,2026-09-11,0,0,0
6276.T,ready,120,2026-09-11,2026-09-11,0,0,0
6277.T,ready,120,2026-09-11,2026-09-11,0,0,0
6278.T,ready,120,2026-09-11,2026-09-11,0,0,0
6279.T,ready,120,2026-09-11,2026-09-11,0,0,0
6282.T,ready,120,2026-09-11,2026-09-11,0,0,0
6284.T,ready,120,2026-09-11,2026-09-11,0,0,0
6286.T,ready,120,2026-09-11,2026-09-11,0,0,0
6287.T,ready,120,2026-09-11,2026-09-11,0,0,0
6289.T,ready,120,2026-09-11,2026-09-11,0,0,0
6291.T,ready,120,2026-09-11,2026-09-11,0,0,0
6292.T,ready,120,2026-09-11,2026-09-11,0,0,0
6294.T,ready,120,2026-09-11,2026-09-11,0,0,0
6298.T,ready,120,2026-09-11,2026-09-11,0,0,0
6301.T,ready,120,2026-09-11,2026-09-11,0,0,0
6302.T,ready,120,2026-09-11,2026-09-11,0,0,0
6305.T,ready,120,2026-09-11,2026-09-11,0,0,0
6306.T,ready,120,2026-09-11,2026-09-11,0,0,0
6307.T,ready,120,2026-09-11,2026-09-11,0,0,0
6309.T,ready,120,2026-09-11,2026-09-11,0,0,0
6310.T,ready,120,2026-09-11,2026-09-11,0,0,0
6315.T,ready,120,2026-09-11,2026-09-11,0,0,0
6316.T,ready,120,2026-09-11,2026-09-11,0,0,0
6317.T,ready,120,2026-09-11,2026-09-11,0,0,0
6322.T,ready,120,2026-09-11,2026-09-11,0,0,0
6323.T,ready,120,2026-09-11,2026-09-11,0,0,0
6324.T,ready,120,2026-09-11,2026-09-11,0,0,0
6325.T,ready,120,2026-09-11,2026-09-11,0,0,0
6326.T,ready,120,2026-09-11,2026-09-11,0,0,0
6327.T,ready,120,2026-09-11,2026-09-11,0,0,0
6328.T,ready,120,2026-09-11,2026-09-11,0,0,0
6330.T,ready,120,2026-09-11,2026-09-11,0,0,0
6331.T,ready,120,2026-09-11,2026-09-11,0,0,0
6332.T,ready,120,2026-09-11,2026-09-11,0,0,0
6333.T,ready,120,2026-09-11,2026-09-11,0,0,0
6334.T,zero_volume,120,2026-09-11,2026-09-11,0,0,1
6335.T,ready,120,2026-09-11,2026-09-11,0,0,0
6336.T,ready,120,2026-09-11,2026-09-11,0,0,0
6337.T,ready,120,2026-09-11,2026-09-11,0,0,0
6338.T,ready,120,2026-09-11,2026-09-11,0,0,0
6339.T,ready,120,2026-09-11,2026-09-11,0,0,0
6340.T,ready,120,2026-09-11,2026-09-11,0,0,0
6342.T,zero_volume,120,2026-09-11,2026-09-11,0,0,7
6343.T,ready,120,2026-09-11,2026-09-11,0,0,0
6345.T,ready,120,2026-09-11,2026-09-11,0,0,0
6346.T,invalid_rows,119,2026-09-11,2026-09-10,1,1,47
6347.T,ready,120,2026-09-11,2026-09-11,0,0,0
6349.T,ready,120,2026-09-11,2026-09-11,0,0,0
6351.T,ready,120,2026-09-11,2026-09-11,0,0,0
6356.T,ready,120,2026-09-11,2026-09-11,0,0,0
6357.T,ready,120,2026-09-11,2026-09-11,0,0,0
6358.T,ready,120,2026-09-11,2026-09-11,0,0,0
6360.T,zero_volume,120,2026-09-11,2026-09-11,0,0,2
6361.T,ready,120,2026-09-11,2026-09-11,0,0,0
6363.T,ready,120,2026-09-11,2026-09-11,0,0,0
6364.T,ready,120,2026-09-11,2026-09-11,0,0,0
6365.T,zero_volume,120,2026-09-11,2026-09-11,0,0,1
6366.T,ready,120,2026-09-11,2026-09-11,0,0,0
6367.T,ready,120,2026-09-11,2026-09-11,0,0,0
6368.T,ready,120,2026-09-11,2026-09-11,0,0,0
6369.T,ready,120,2026-09-11,2026-09-11,0,0,0
6370.T,ready,120,2026-09-11,2026-09-11,0,0,0
6371.T,ready,120,2026-09-11,2026-09-11,0,0,0
6376.T,ready,120,2026-09-11,2026-09-11,0,0,0
6378.T,ready,120,2026-09-11,2026-09-11,0,0,0
6379.T,ready,120,2026-09-11,2026-09-11,0,0,0
6380.T,ready,120,2026-09-11,2026-09-11,0,0,0
6381.T,ready,120,2026-09-11,2026-09-11,0,0,0
6382.T,ready,120,2026-09-11,2026-09-11,0,0,0
6383.T,ready,120,2026-09-11,2026-09-11,0,0,0
6384.T,ready,120,2026-09-11,2026-09-11,0,0,0
6387.T,ready,120,2026-09-11,2026-09-11,0,0,0
6390.T,ready,120,2026-09-11,2026-09-11,0,0,0
6391.T,ready,120,2026-09-11,2026-09-11,0,0,0
6392.T,zero_volume,120,2026-09-11,2026-09-11,0,0,15
6393.T,ready,120,2026-09-11,2026-09-11,0,0,0
6395.T,ready,120,2026-09-11,2026-09-11,0,0,0
6396.T,invalid_rows,119,2026-09-11,2026-09-10,1,1,37
6400.T,ready,120,2026-09-11,2026-09-11,0,0,0
6402.T,ready,120,2026-09-11,2026-09-11,0,0,0
6405.T,ready,120,2026-09-11,2026-09-11,0,0,0
6407.T,ready,120,2026-09-11,2026-09-11,0,0,0
6408.T,zero_volume,120,2026-09-11,2026-09-11,0,0,16
6412.T,ready,120,2026-09-11,2026-09-11,0,0,0
6413.T,ready,120,2026-09-11,2026-09-11,0,0,0
6417.T,ready,120,2026-09-11,2026-09-11,0,0,0
6418.T,ready,120,2026-09-11,2026-09-11,0,0,0
6419.T,ready,120,2026-09-11,2026-09-11,0,0,0
6420.T,ready,120,2026-09-11,2026-09-11,0,0,0
6424.T,ready,120,2026-09-11,2026-09-11,0,0,0
6425.T,ready,120,2026-09-11,2026-09-11,0,0,0
6428.T,ready,120,2026-09-11,2026-09-11,0,0,0
6430.T,ready,120,2026-09-11,2026-09-11,0,0,0
6432.T,ready,120,2026-09-11,2026-09-11,0,0,0
6433.T,ready,120,2026-09-11,2026-09-11,0,0,0
6436.T,ready,120,2026-09-11,2026-09-11,0,0,0
6440.T,ready,120,2026-09-11,2026-09-11,0,0,0
6444.T,ready,120,2026-09-11,2026-09-11,0,0,0
6445.T,ready,120,2026-09-11,2026-09-11,0,0,0
6448.T,ready,120,2026-09-11,2026-09-11,0,0,0
6454.T,ready,120,2026-09-11,2026-09-11,0,0,0
6455.T,ready,120,2026-09-11,2026-09-11,0,0,0
6457.T,ready,120,2026-09-11,2026-09-11,0,0,0
6458.T,ready,120,2026-09-11,2026-09-11,0,0,0
6459.T,ready,120,2026-09-11,2026-09-11,0,0,0
6460.T,ready,120,2026-09-11,2026-09-11,0,0,0
6463.T,ready,120,2026-09-11,2026-09-11,0,0,0
6464.T,ready,120,2026-09-11,2026-09-11,0,0,0
6465.T,ready,120,2026-09-11,2026-09-11,0,0,0
6466.T,ready,120,2026-09-11,2026-09-11,0,0,0
6467.T,ready,120,2026-09-11,2026-09-11,0,0,0
6469.T,ready,120,2026-09-11,2026-09-11,0,0,0
6470.T,ready,120,2026-09-11,2026-09-11,0,0,0
6471.T,ready,120,2026-09-11,2026-09-11,0,0,0
6472.T,ready,120,2026-09-11,2026-09-11,0,0,0
6473.T,ready,120,2026-09-11,2026-09-11,0,0,0
6474.T,ready,120,2026-09-11,2026-09-11,0,0,0
6479.T,ready,120,2026-09-11,2026-09-11,0,0,0
6480.T,ready,120,2026-09-11,2026-09-11,0,0,0
6481.T,ready,120,2026-09-11,2026-09-11,0,0,0
6482.T,ready,120,2026-09-11,2026-09-11,0,0,0
6484.T,zero_volume,120,2026-09-11,2026-09-11,0,0,1
6485.T,ready,120,2026-09-11,2026-09-11,0,0,0
6486.T,ready,120,2026-09-11,2026-09-11,0,0,0
6488.T,ready,120,2026-09-11,2026-09-11,0,0,0
6490.T,ready,120,2026-09-11,2026-09-11,0,0,0
6492.T,ready,120,2026-09-11,2026-09-11,0,0,0
6493.T,ready,120,2026-09-11,2026-09-11,0,0,0
6494.T,ready,120,2026-09-11,2026-09-11,0,0,0
6495.T,ready,120,2026-09-11,2026-09-11,0,0,0
6496.T,ready,120,2026-09-11,2026-09-11,0,0,0
6497.T,ready,120,2026-09-11,2026-09-11,0,0,0
6498.T,ready,120,2026-09-11,2026-09-11,0,0,0
6501.T,ready,120,2026-09-11,2026-09-11,0,0,0
6503.T,ready,120,2026-09-11,2026-09-11,0,0,0
6504.T,ready,120,2026-09-11,2026-09-11,0,0,0
6505.T,ready,120,2026-09-11,2026-09-11,0,0,0
6506.T,ready,120,2026-09-11,2026-09-11,0,0,0
6507.T,ready,120,2026-09-11,2026-09-11,0,0,0
6508.T,ready,120,2026-09-11,2026-09-11,0,0,0
6513.T,zero_volume,120,2026-09-11,2026-09-11,0,0,2
6516.T,ready,120,2026-09-11,2026-09-11,0,0,0
6517.T,ready,120,2026-09-11,2026-09-11,0,0,0
6518.T,ready,120,2026-09-11,2026-09-11,0,0,0
6521.T,ready,120,2026-09-11,2026-09-11,0,0,0
6522.T,ready,120,2026-09-11,2026-09-11,0,0,0
6523.T,ready,120,2026-09-11,2026-09-11,0,0,0
6524.T,ready,120,2026-09-11,2026-09-11,0,0,0
6525.T,ready,120,2026-09-11,2026-09-11,0,0,0
6526.T,ready,120,2026-09-11,2026-09-11,0,0,0
6532.T,ready,120,2026-09-11,2026-09-11,0,0,0
6533.T,ready,120,2026-09-11,2026-09-11,0,0,0
6535.T,ready,120,2026-09-11,2026-09-11,0,0,0
6537.T,ready,120,2026-09-11,2026-09-11,0,0,0
6538.T,ready,120,2026-09-11,2026-09-11,0,0,0
6539.T,ready,120,2026-09-11,2026-09-11,0,0,0
6540.T,zero_volume,120,2026-09-11,2026-09-11,0,0,1
6543.T,ready,120,2026-09-11,2026-09-11,0,0,0
6544.T,ready,120,2026-09-11,2026-09-11,0,0,0
6545.T,ready,120,2026-09-11,2026-09-11,0,0,0
6546.T,ready,120,2026-09-11,2026-09-11,0,0,0
6547.T,ready,120,2026-09-11,2026-09-11,0,0,0
6548.T,ready,120,2026-09-11,2026-09-11,0,0,0
6549.T,zero_volume,120,2026-09-11,2026-09-11,0,0,1
6551.T,ready,120,2026-09-11,2026-09-11,0,0,0
6552.T,ready,120,2026-09-11,2026-09-11,0,0,0
6554.T,ready,120,2026-09-11,2026-09-11,0,0,0
6555.T,zero_volume,120,2026-09-11,2026-09-11,0,0,5
6557.T,ready,120,2026-09-11,2026-09-11,0,0,0
6558.T,zero_volume,120,2026-09-11,2026-09-11,0,0,9
6560.T,ready,120,2026-09-11,2026-09-11,0,0,0
6561.T,ready,120,2026-09-11,2026-09-11,0,0,0
6562.T,ready,120,2026-09-11,2026-09-11,0,0,0
6563.T,ready,120,2026-09-11,2026-09-11,0,0,0
6564.T,ready,120,2026-09-11,2026-09-11,0,0,0
6566.T,zero_volume,120,2026-09-11,2026-09-11,0,0,6
6568.T,ready,120,2026-09-11,2026-09-11,0,0,0
6570.T,ready,120,2026-09-11,2026-09-11,0,0,0
6571.T,ready,120,2026-09-11,2026-09-11,0,0,0
6572.T,ready,120,2026-09-11,2026-09-11,0,0,0
6573.T,ready,120,2026-09-11,2026-09-11,0,0,0
6574.T,ready,120,2026-09-11,2026-09-11,0,0,0
6577.T,ready,120,2026-09-11,2026-09-11,0,0,0
6578.T,ready,120,2026-09-11,2026-09-11,0,0,0
6579.T,ready,120,2026-09-11,2026-09-11,0,0,0
6580.T,ready,120,2026-09-11,2026-09-11,0,0,0
6584.T,ready,120,2026-09-11,2026-09-11,0,0,0
6586.T,ready,120,2026-09-11,2026-09-11,0,0,0
6588.T,ready,120,2026-09-11,2026-09-11,0,0,0
6590.T,ready,120,2026-09-11,2026-09-11,0,0,0
6592.T,ready,120,2026-09-11,2026-09-11,0,0,0
6594.T,ready,120,2026-09-11,2026-09-11,0,0,0
6597.T,ready,120,2026-09-11,2026-09-11,0,0,0
6599.T,ready,120,2026-09-11,2026-09-11,0,0,0
6612.T,ready,120,2026-09-11,2026-09-11,0,0,0
6613.T,ready,120,2026-09-11,2026-09-11,0,0,0
6614.T,ready,120,2026-09-11,2026-09-11,0,0,0
6615.T,ready,120,2026-09-11,2026-09-11,0,0,0
6616.T,ready,120,2026-09-11,2026-09-11,0,0,0
6617.T,ready,120,2026-09-11,2026-09-11,0,0,0
6619.T,ready,120,2026-09-11,2026-09-11,0,0,0
6620.T,ready,120,2026-09-11,2026-09-11,0,0,0
6622.T,ready,120,2026-09-11,2026-09-11,0,0,0
6625.T,ready,120,2026-09-11,2026-09-11,0,0,0
6626.T,ready,120,2026-09-11,2026-09-11,0,0,0
6627.T,ready,120,2026-09-11,2026-09-11,0,0,0
6629.T,ready,120,2026-09-11,2026-09-11,0,0,0
6630.T,ready,120,2026-09-11,2026-09-11,0,0,0
6632.T,ready,120,2026-09-11,2026-09-11,0,0,0
6633.T,ready,120,2026-09-11,2026-09-11,0,0,0
6634.T,ready,120,2026-09-11,2026-09-11,0,0,0
6635.T,ready,120,2026-09-11,2026-09-11,0,0,0
6637.T,ready,120,2026-09-11,2026-09-11,0,0,0
6638.T,ready,120,2026-09-11,2026-09-11,0,0,0
6643.T,ready,120,2026-09-11,2026-09-11,0,0,0
6644.T,ready,120,2026-09-11,2026-09-11,0,0,0
6645.T,ready,120,2026-09-11,2026-09-11,0,0,0
6647.T,zero_volume,120,2026-09-11,2026-09-11,0,0,9
6648.T,ready,120,2026-09-11,2026-09-11,0,0,0
6651.T,ready,120,2026-09-11,2026-09-11,0,0,0
6652.T,ready,120,2026-09-11,2026-09-11,0,0,0
6653.T,ready,120,2026-09-11,2026-09-11,0,0,0
6654.T,ready,120,2026-09-11,2026-09-11,0,0,0
6656.T,ready,120,2026-09-11,2026-09-11,0,0,0
6658.T,ready,120,2026-09-11,2026-09-11,0,0,0
6659.T,ready,120,2026-09-11,2026-09-11,0,0,0
6662.T,ready,120,2026-09-11,2026-09-11,0,0,0
6663.T,ready,120,2026-09-11,2026-09-11,0,0,0
6664.T,ready,120,2026-09-11,2026-09-11,0,0,0
6666.T,ready,120,2026-09-11,2026-09-11,0,0,0
6668.T,ready,120,2026-09-11,2026-09-11,0,0,0
6674.T,ready,120,2026-09-11,2026-09-11,0,0,0
6675.T,ready,120,2026-09-11,2026-09-11,0,0,0
6676.T,ready,120,2026-09-11,2026-09-11,0,0,0
6677.T,ready,120,2026-09-11,2026-09-11,0,0,0
6678.T,ready,120,2026-09-11,2026-09-11,0,0,0
6694.T,ready,120,2026-09-11,2026-09-11,0,0,0
6696.T,ready,120,2026-09-11,2026-09-11,0,0,0
6699.T,ready,120,2026-09-11,2026-09-11,0,0,0
6701.T,ready,120,2026-09-11,2026-09-11,0,0,0
6702.T,ready,120,2026-09-11,2026-09-11,0,0,0
6703.T,ready,120,2026-09-11,2026-09-11,0,0,0
6706.T,ready,120,2026-09-11,2026-09-11,0,0,0
6707.T,ready,120,2026-09-11,2026-09-11,0,0,0
6718.T,ready,120,2026-09-11,2026-09-11,0,0,0
6721.T,ready,120,2026-09-11,2026-09-11,0,0,0
6723.T,ready,120,2026-09-11,2026-09-11,0,0,0
6724.T,ready,120,2026-09-11,2026-09-11,0,0,0
6727.T,ready,120,2026-09-11,2026-09-11,0,0,0
6728.T,ready,120,2026-09-11,2026-09-11,0,0,0
6730.T,ready,120,2026-09-11,2026-09-11,0,0,0
6731.T,ready,120,2026-09-11,2026-09-11,0,0,0
6736.T,ready,120,2026-09-11,2026-09-11,0,0,0
6737.T,ready,120,2026-09-11,2026-09-11,0,0,0
6740.T,ready,120,2026-09-11,2026-09-11,0,0,0
6741.T,ready,120,2026-09-11,2026-09-11,0,0,0
6742.T,ready,120,2026-09-11,2026-09-11,0,0,0
6743.T,ready,120,2026-09-11,2026-09-11,0,0,0
6744.T,ready,120,2026-09-11,2026-09-11,0,0,0
6745.T,ready,120,2026-09-11,2026-09-11,0,0,0
6748.T,ready,120,2026-09-11,2026-09-11,0,0,0
6750.T,ready,120,2026-09-11,2026-09-11,0,0,0
6752.T,ready,120,2026-09-11,2026-09-11,0,0,0
6753.T,ready,120,2026-09-11,2026-09-11,0,0,0
6754.T,ready,120,2026-09-11,2026-09-11,0,0,0
6757.T,ready,120,2026-09-11,2026-09-11,0,0,0
6758.T,ready,120,2026-09-11,2026-09-11,0,0,0
6762.T,ready,120,2026-09-11,2026-09-11,0,0,0
6763.T,ready,120,2026-09-11,2026-09-11,0,0,0
6768.T,ready,120,2026-09-11,2026-09-11,0,0,0
6769.T,ready,120,2026-09-11,2026-09-11,0,0,0
6770.T,ready,120,2026-09-11,2026-09-11,0,0,0
6771.T,ready,120,2026-09-11,2026-09-11,0,0,0
6772.T,zero_volume,120,2026-09-11,2026-09-11,0,0,10
6775.T,ready,120,2026-09-11,2026-09-11,0,0,0
6776.T,ready,120,2026-09-11,2026-09-11,0,0,0
6777.T,ready,120,2026-09-11,2026-09-11,0,0,0
6778.T,ready,120,2026-09-11,2026-09-11,0,0,0
6779.T,ready,120,2026-09-11,2026-09-11,0,0,0
6785.T,ready,120,2026-09-11,2026-09-11,0,0,0
6786.T,ready,120,2026-09-11,2026-09-11,0,0,0
6787.T,ready,120,2026-09-11,2026-09-11,0,0,0
6788.T,ready,120,2026-09-11,2026-09-11,0,0,0
6794.T,ready,120,2026-09-11,2026-09-11,0,0,0
6797.T,ready,120,2026-09-11,2026-09-11,0,0,0
6798.T,ready,120,2026-09-11,2026-09-11,0,0,0
6800.T,ready,120,2026-09-11,2026-09-11,0,0,0
6803.T,ready,120,2026-09-11,2026-09-11,0,0,0
6804.T,ready,120,2026-09-11,2026-09-11,0,0,0
6806.T,ready,120,2026-09-11,2026-09-11,0,0,0
6807.T,ready,120,2026-09-11,2026-09-11,0,0,0
6809.T,ready,120,2026-09-11,2026-09-11,0,0,0
6810.T,ready,120,2026-09-11,2026-09-11,0,0,0
6814.T,ready,120,2026-09-11,2026-09-11,0,0,0
6817.T,ready,120,2026-09-11,2026-09-11,0,0,0
6819.T,ready,120,2026-09-11,2026-09-11,0,0,0
6820.T,ready,120,2026-09-11,2026-09-11,0,0,0
6822.T,ready,120,2026-09-11,2026-09-11,0,0,0
6823.T,ready,120,2026-09-11,2026-09-11,0,0,0
6824.T,ready,120,2026-09-11,2026-09-11,0,0,0
6832.T,ready,120,2026-09-11,2026-09-11,0,0,0
6834.T,ready,120,2026-09-11,2026-09-11,0,0,0
6835.T,ready,120,2026-09-11,2026-09-11,0,0,0
6836.T,ready,120,2026-09-11,2026-09-11,0,0,0
6837.T,ready,120,2026-09-11,2026-09-11,0,0,0
6838.T,ready,120,2026-09-11,2026-09-11,0,0,0
6840.T,ready,120,2026-09-11,2026-09-11,0,0,0
6841.T,ready,120,2026-09-11,2026-09-11,0,0,0
6844.T,ready,120,2026-09-11,2026-09-11,0,0,0
6845.T,ready,120,2026-09-11,2026-09-11,0,0,0
6848.T,ready,120,2026-09-11,2026-09-11,0,0,0
6849.T,ready,120,2026-09-11,2026-09-11,0,0,0
6850.T,ready,120,2026-09-11,2026-09-11,0,0,0
6853.T,ready,120,2026-09-11,2026-09-11,0,0,0
6855.T,ready,120,2026-09-11,2026-09-11,0,0,0
6856.T,ready,120,2026-09-11,2026-09-11,0,0,0
6857.T,ready,120,2026-09-11,2026-09-11,0,0,0
6858.T,ready,120,2026-09-11,2026-09-11,0,0,0
6859.T,ready,120,2026-09-11,2026-09-11,0,0,0
6861.T,ready,120,2026-09-11,2026-09-11,0,0,0
6862.T,ready,120,2026-09-11,2026-09-11,0,0,0
6863.T,ready,120,2026-09-11,2026-09-11,0,0,0
6864.T,ready,120,2026-09-11,2026-09-11,0,0,0
6866.T,ready,120,2026-09-11,2026-09-11,0,0,0
6867.T,ready,120,2026-09-11,2026-09-11,0,0,0
6869.T,ready,120,2026-09-11,2026-09-11,0,0,0
6870.T,ready,120,2026-09-11,2026-09-11,0,0,0
6871.T,ready,120,2026-09-11,2026-09-11,0,0,0
6874.T,ready,120,2026-09-11,2026-09-11,0,0,0
6875.T,ready,120,2026-09-11,2026-09-11,0,0,0
6877.T,ready,120,2026-09-11,2026-09-11,0,0,0
6882.T,ready,120,2026-09-11,2026-09-11,0,0,0
6888.T,ready,120,2026-09-11,2026-09-11,0,0,0
6890.T,ready,120,2026-09-11,2026-09-11,0,0,0
6894.T,ready,120,2026-09-11,2026-09-11,0,0,0
6897.T,ready,120,2026-09-11,2026-09-11,0,0,0
6898.T,zero_volume,120,2026-09-11,2026-09-11,0,0,28
6899.T,ready,120,2026-09-11,2026-09-11,0,0,0
6902.T,ready,120,2026-09-11,2026-09-11,0,0,0
6904.T,ready,120,2026-09-11,2026-09-11,0,0,0
6905.T,ready,120,2026-09-11,2026-09-11,0,0,0
6907.T,ready,120,2026-09-11,2026-09-11,0,0,0
6908.T,ready,120,2026-09-11,2026-09-11,0,0,0
6912.T,ready,120,2026-09-11,2026-09-11,0,0,0
6914.T,ready,120,2026-09-11,2026-09-11,0,0,0
6915.T,ready,120,2026-09-11,2026-09-11,0,0,0
6918.T,ready,120,2026-09-11,2026-09-11,0,0,0
6919.T,ready,120,2026-09-11,2026-09-11,0,0,0
6920.T,ready,120,2026-09-11,2026-09-11,0,0,0
6923.T,ready,120,2026-09-11,2026-09-11,0,0,0
6925.T,ready,120,2026-09-11,2026-09-11,0,0,0
6926.T,ready,120,2026-09-11,2026-09-11,0,0,0
6927.T,ready,120,2026-09-11,2026-09-11,0,0,0
6928.T,ready,120,2026-09-11,2026-09-11,0,0,0
6929.T,ready,120,2026-09-11,2026-09-11,0,0,0
6932.T,ready,120,2026-09-11,2026-09-11,0,0,0
6941.T,ready,120,2026-09-11,2026-09-11,0,0,0
6942.T,ready,120,2026-09-11,2026-09-11,0,0,0
6943.T,invalid_rows,119,2026-09-11,2026-09-10,1,1,45
6946.T,ready,120,2026-09-11,2026-09-11,0,0,0
6947.T,ready,120,2026-09-11,2026-09-11,0,0,0
6951.T,ready,120,2026-09-11,2026-09-11,0,0,0
6952.T,ready,120,2026-09-11,2026-09-11,0,0,0
6954.T,ready,120,2026-09-11,2026-09-11,0,0,0
6955.T,ready,120,2026-09-11,2026-09-11,0,0,0
6958.T,ready,120,2026-09-11,2026-09-11,0,0,0
6960.T,ready,120,2026-09-11,2026-09-11,0,0,0
6961.T,ready,120,2026-09-11,2026-09-11,0,0,0
6962.T,ready,120,2026-09-11,2026-09-11,0,0,0
6963.T,ready,120,2026-09-11,2026-09-11,0,0,0
6964.T,ready,120,2026-09-11,2026-09-11,0,0,0
6965.T,ready,120,2026-09-11,2026-09-11,0,0,0
6966.T,ready,120,2026-09-11,2026-09-11,0,0,0
6969.T,ready,120,2026-09-11,2026-09-11,0,0,0
6971.T,ready,120,2026-09-11,2026-09-11,0,0,0
6976.T,ready,120,2026-09-11,2026-09-11,0,0,0
6977.T,zero_volume,120,2026-09-11,2026-09-11,0,0,2
6981.T,ready,120,2026-09-11,2026-09-11,0,0,0
6982.T,zero_volume,120,2026-09-11,2026-09-11,0,0,1
6986.T,ready,120,2026-09-11,2026-09-11,0,0,0
6988.T,ready,120,2026-09-11,2026-09-11,0,0,0
6989.T,ready,120,2026-09-11,2026-09-11,0,0,0
6993.T,ready,120,2026-09-11,2026-09-11,0,0,0
6994.T,ready,120,2026-09-11,2026-09-11,0,0,0
6995.T,ready,120,2026-09-11,2026-09-11,0,0,0
6996.T,ready,120,2026-09-11,2026-09-11,0,0,0
6997.T,ready,120,2026-09-11,2026-09-11,0,0,0
6998.T,ready,120,2026-09-11,2026-09-11,0,0,0
6999.T,ready,120,2026-09-11,2026-09-11,0,0,0
7003.T,ready,120,2026-09-11,2026-09-11,0,0,0
7004.T,ready,120,2026-09-11,2026-09-11,0,0,0
7011.T,ready,120,2026-09-11,2026-09-11,0,0,0
7012.T,ready,120,2026-09-11,2026-09-11,0,0,0
7013.T,ready,120,2026-09-11,2026-09-11,0,0,0
7014.T,ready,120,2026-09-11,2026-09-11,0,0,0
7018.T,ready,120,2026-09-11,2026-09-11,0,0,0
7021.T,zero_volume,120,2026-09-11,2026-09-11,0,0,1
7022.T,ready,120,2026-09-11,2026-09-11,0,0,0
7030.T,ready,120,2026-09-11,2026-09-11,0,0,0
7031.T,zero_volume,120,2026-09-11,2026-09-11,0,0,10
7033.T,ready,120,2026-09-11,2026-09-11,0,0,0
7034.T,ready,120,2026-09-11,2026-09-11,0,0,0
7035.T,ready,120,2026-09-11,2026-09-11,0,0,0
7036.T,zero_volume,120,2026-09-11,2026-09-11,0,0,6
7037.T,ready,120,2026-09-11,2026-09-11,0,0,0
7038.T,ready,120,2026-09-11,2026-09-11,0,0,0
7039.T,ready,120,2026-09-11,2026-09-11,0,0,0
7040.T,zero_volume,120,2026-09-11,2026-09-11,0,0,3
7041.T,zero_volume,120,2026-09-11,2026-09-11,0,0,1
7042.T,ready,120,2026-09-11,2026-09-11,0,0,0
7043.T,zero_volume,120,2026-09-11,2026-09-11,0,0,5
7044.T,ready,120,2026-09-11,2026-09-11,0,0,0
7046.T,zero_volume,120,2026-09-11,2026-09-11,0,0,2
7047.T,ready,120,2026-09-11,2026-09-11,0,0,0
7048.T,ready,120,2026-09-11,2026-09-11,0,0,0
7049.T,ready,120,2026-09-11,2026-09-11,0,0,0
7050.T,ready,120,2026-09-11,2026-09-11,0,0,0
7057.T,zero_volume,120,2026-09-11,2026-09-11,0,0,7
7058.T,zero_volume,120,2026-09-11,2026-09-11,0,0,13
7059.T,ready,120,2026-09-11,2026-09-11,0,0,0
7060.T,ready,120,2026-09-11,2026-09-11,0,0,0
7061.T,ready,120,2026-09-11,2026-09-11,0,0,0
7062.T,zero_volume,120,2026-09-11,2026-09-11,0,0,1
7063.T,ready,120,2026-09-11,2026-09-11,0,0,0
7064.T,zero_volume,120,2026-09-11,2026-09-11,0,0,2
7065.T,ready,120,2026-09-11,2026-09-11,0,0,0
7066.T,ready,120,2026-09-11,2026-09-11,0,0,0
7067.T,zero_volume,120,2026-09-11,2026-09-11,0,0,12
7068.T,ready,120,2026-09-11,2026-09-11,0,0,0
7069.T,zero_volume,120,2026-09-11,2026-09-11,0,0,3
7071.T,ready,120,2026-09-11,2026-09-11,0,0,0
7072.T,ready,120,2026-09-11,2026-09-11,0,0,0
7073.T,ready,120,2026-09-11,2026-09-11,0,0,0
7074.T,ready,120,2026-09-11,2026-09-11,0,0,0
7075.T,ready,120,2026-09-11,2026-09-11,0,0,0
7077.T,ready,120,2026-09-11,2026-09-11,0,0,0
7078.T,ready,120,2026-09-11,2026-09-11,0,0,0
7079.T,zero_volume,120,2026-09-11,2026-09-11,0,0,8
7080.T,ready,120,2026-09-11,2026-09-11,0,0,0
7081.T,invalid_rows,119,2026-09-11,2026-09-10,1,1,2
7082.T,ready,120,2026-09-11,2026-09-11,0,0,0
7083.T,zero_volume,120,2026-09-11,2026-09-11,0,0,1
7084.T,ready,120,2026-09-11,2026-09-11,0,0,0
7085.T,ready,120,2026-09-11,2026-09-11,0,0,0
7087.T,ready,120,2026-09-11,2026-09-11,0,0,0
7089.T,ready,120,2026-09-11,2026-09-11,0,0,0
7090.T,zero_volume,120,2026-09-11,2026-09-11,0,0,1
7091.T,ready,120,2026-09-11,2026-09-11,0,0,0
7093.T,zero_volume,120,2026-09-11,2026-09-11,0,0,1
7094.T,ready,120,2026-09-11,2026-09-11,0,0,0
7095.T,ready,120,2026-09-11,2026-09-11,0,0,0
7096.T,ready,120,2026-09-11,2026-09-11,0,0,0
7097.T,ready,120,2026-09-11,2026-09-11,0,0,0
7102.T,ready,120,2026-09-11,2026-09-11,0,0,0
7110.T,ready,120,2026-09-11,2026-09-11,0,0,0
7111.T,ready,120,2026-09-11,2026-09-11,0,0,0
7112.T,ready,120,2026-09-11,2026-09-11,0,0,0
7114.T,ready,120,2026-09-11,2026-09-11,0,0,0
7115.T,ready,120,2026-09-11,2026-09-11,0,0,0
7119.T,ready,120,2026-09-11,2026-09-11,0,0,0
7120.T,ready,120,2026-09-11,2026-09-11,0,0,0
7122.T,ready,120,2026-09-11,2026-09-11,0,0,0
7126.T,ready,120,2026-09-11,2026-09-11,0,0,0
7127.T,ready,120,2026-09-11,2026-09-11,0,0,0
7128.T,ready,120,2026-09-11,2026-09-11,0,0,0
7129.T,ready,120,2026-09-11,2026-09-11,0,0,0
7130.T,ready,120,2026-09-11,2026-09-11,0,0,0
7131.T,ready,120,2026-09-11,2026-09-11,0,0,0
7133.T,zero_volume,120,2026-09-11,2026-09-11,0,0,1
7134.T,ready,120,2026-09-11,2026-09-11,0,0,0
7135.T,ready,120,2026-09-11,2026-09-11,0,0,0
7138.T,ready,120,2026-09-11,2026-09-11,0,0,0
7140.T,ready,120,2026-09-11,2026-09-11,0,0,0
7148.T,ready,120,2026-09-11,2026-09-11,0,0,0
7150.T,ready,120,2026-09-11,2026-09-11,0,0,0
7157.T,ready,120,2026-09-11,2026-09-11,0,0,0
7161.T,ready,120,2026-09-11,2026-09-11,0,0,0
7162.T,ready,120,2026-09-11,2026-09-11,0,0,0
7164.T,ready,120,2026-09-11,2026-09-11,0,0,0
7167.T,ready,120,2026-09-11,2026-09-11,0,0,0
7172.T,ready,120,2026-09-11,2026-09-11,0,0,0
7173.T,ready,120,2026-09-11,2026-09-11,0,0,0
7175.T,ready,120,2026-09-11,2026-09-11,0,0,0
7177.T,ready,120,2026-09-11,2026-09-11,0,0,0
7180.T,ready,120,2026-09-11,2026-09-11,0,0,0
7181.T,ready,120,2026-09-11,2026-09-11,0,0,0
7182.T,ready,120,2026-09-11,2026-09-11,0,0,0
7183.T,ready,120,2026-09-11,2026-09-11,0,0,0
7184.T,ready,120,2026-09-11,2026-09-11,0,0,0
7185.T,ready,120,2026-09-11,2026-09-11,0,0,0
7186.T,ready,120,2026-09-11,2026-09-11,0,0,0
7187.T,ready,120,2026-09-11,2026-09-11,0,0,0
7189.T,ready,120,2026-09-11,2026-09-11,0,0,0
7191.T,ready,120,2026-09-11,2026-09-11,0,0,0
7192.T,ready,120,2026-09-11,2026-09-11,0,0,0
7196.T,ready,120,2026-09-11,2026-09-11,0,0,0
7198.T,ready,120,2026-09-11,2026-09-11,0,0,0
7199.T,ready,120,2026-09-11,2026-09-11,0,0,0
7201.T,ready,120,2026-09-11,2026-09-11,0,0,0
7202.T,ready,120,2026-09-11,2026-09-11,0,0,0
7203.T,ready,120,2026-09-11,2026-09-11,0,0,0
7208.T,ready,120,2026-09-11,2026-09-11,0,0,0
7211.T,ready,120,2026-09-11,2026-09-11,0,0,0
7212.T,ready,120,2026-09-11,2026-09-11,0,0,0
7213.T,ready,120,2026-09-11,2026-09-11,0,0,0
7214.T,ready,120,2026-09-11,2026-09-11,0,0,0
7215.T,ready,120,2026-09-11,2026-09-11,0,0,0
7217.T,ready,120,2026-09-11,2026-09-11,0,0,0
7218.T,zero_volume,120,2026-09-11,2026-09-11,0,0,1
7219.T,zero_volume,120,2026-09-11,2026-09-11,0,0,2
7220.T,ready,120,2026-09-11,2026-09-11,0,0,0
7222.T,ready,120,2026-09-11,2026-09-11,0,0,0
7224.T,ready,120,2026-09-11,2026-09-11,0,0,0
7226.T,ready,120,2026-09-11,2026-09-11,0,0,0
7228.T,ready,120,2026-09-11,2026-09-11,0,0,0
7231.T,ready,120,2026-09-11,2026-09-11,0,0,0
7235.T,ready,120,2026-09-11,2026-09-11,0,0,0
7236.T,ready,120,2026-09-11,2026-09-11,0,0,0
7238.T,ready,120,2026-09-11,2026-09-11,0,0,0
7239.T,ready,120,2026-09-11,2026-09-11,0,0,0
7240.T,ready,120,2026-09-11,2026-09-11,0,0,0
7241.T,ready,120,2026-09-11,2026-09-11,0,0,0
7242.T,ready,120,2026-09-11,2026-09-11,0,0,0
7244.T,ready,120,2026-09-11,2026-09-11,0,0,0
7245.T,ready,120,2026-09-11,2026-09-11,0,0,0
7246.T,ready,120,2026-09-11,2026-09-11,0,0,0
7247.T,ready,120,2026-09-11,2026-09-11,0,0,0
7254.T,zero_volume,120,2026-09-11,2026-09-11,0,0,1
7255.T,zero_volume,120,2026-09-11,2026-09-11,0,0,1
7256.T,ready,120,2026-09-11,2026-09-11,0,0,0
7259.T,ready,120,2026-09-11,2026-09-11,0,0,0
7261.T,ready,120,2026-09-11,2026-09-11,0,0,0
7264.T,ready,120,2026-09-11,2026-09-11,0,0,0
7265.T,zero_volume,120,2026-09-11,2026-09-11,0,0,13
7266.T,ready,120,2026-09-11,2026-09-11,0,0,0
7267.T,ready,120,2026-09-11,2026-09-11,0,0,0
7269.T,ready,120,2026-09-11,2026-09-11,0,0,0
7270.T,ready,120,2026-09-11,2026-09-11,0,0,0
7271.T,ready,120,2026-09-11,2026-09-11,0,0,0
7272.T,ready,120,2026-09-11,2026-09-11,0,0,0
7273.T,ready,120,2026-09-11,2026-09-11,0,0,0
7276.T,ready,120,2026-09-11,2026-09-11,0,0,0
7277.T,ready,120,2026-09-11,2026-09-11,0,0,0
7278.T,ready,120,2026-09-11,2026-09-11,0,0,0
7279.T,ready,120,2026-09-11,2026-09-11,0,0,0
7280.T,ready,120,2026-09-11,2026-09-11,0,0,0
7282.T,ready,120,2026-09-11,2026-09-11,0,0,0
7283.T,ready,120,2026-09-11,2026-09-11,0,0,0
7284.T,zero_volume,120,2026-09-11,2026-09-11,0,0,7
7287.T,ready,120,2026-09-11,2026-09-11,0,0,0
7291.T,ready,120,2026-09-11,2026-09-11,0,0,0
7292.T,ready,120,2026-09-11,2026-09-11,0,0,0
7294.T,ready,120,2026-09-11,2026-09-11,0,0,0
7296.T,ready,120,2026-09-11,2026-09-11,0,0,0
7297.T,zero_volume,120,2026-09-11,2026-09-11,0,0,5
7299.T,ready,120,2026-09-11,2026-09-11,0,0,0
7305.T,ready,120,2026-09-11,2026-09-11,0,0,0
7309.T,ready,120,2026-09-11,2026-09-11,0,0,0
7313.T,ready,120,2026-09-11,2026-09-11,0,0,0
7314.T,ready,120,2026-09-11,2026-09-11,0,0,0
7318.T,ready,120,2026-09-11,2026-09-11,0,0,0
7320.T,ready,120,2026-09-11,2026-09-11,0,0,0
7322.T,ready,120,2026-09-11,2026-09-11,0,0,0
7325.T,ready,120,2026-09-11,2026-09-11,0,0,0
7326.T,ready,120,2026-09-11,2026-09-11,0,0,0
7327.T,ready,120,2026-09-11,2026-09-11,0,0,0
7337.T,ready,120,2026-09-11,2026-09-11,0,0,0
7343.T,ready,120,2026-09-11,2026-09-11,0,0,0
7345.T,zero_volume,120,2026-09-11,2026-09-11,0,0,3
7347.T,ready,120,2026-09-11,2026-09-11,0,0,0
7350.T,ready,120,2026-09-11,2026-09-11,0,0,0
7351.T,ready,120,2026-09-11,2026-09-11,0,0,0
7352.T,ready,120,2026-09-11,2026-09-11,0,0,0
7353.T,ready,120,2026-09-11,2026-09-11,0,0,0
7354.T,ready,120,2026-09-11,2026-09-11,0,0,0
7356.T,ready,120,2026-09-11,2026-09-11,0,0,0
7357.T,ready,120,2026-09-11,2026-09-11,0,0,0
7358.T,ready,120,2026-09-11,2026-09-11,0,0,0
7359.T,ready,120,2026-09-11,2026-09-11,0,0,0
7360.T,ready,120,2026-09-11,2026-09-11,0,0,0
7361.T,ready,120,2026-09-11,2026-09-11,0,0,0
7362.T,zero_volume,120,2026-09-11,2026-09-11,0,0,2
7363.T,ready,120,2026-09-11,2026-09-11,0,0,0
7366.T,ready,120,2026-09-11,2026-09-11,0,0,0
7367.T,ready,120,2026-09-11,2026-09-11,0,0,0
7368.T,zero_volume,120,2026-09-11,2026-09-11,0,0,3
7369.T,ready,120,2026-09-11,2026-09-11,0,0,0
7370.T,ready,120,2026-09-11,2026-09-11,0,0,0
7371.T,ready,120,2026-09-11,2026-09-11,0,0,0
7372.T,ready,120,2026-09-11,2026-09-11,0,0,0
7373.T,ready,120,2026-09-11,2026-09-11,0,0,0
7374.T,ready,120,2026-09-11,2026-09-11,0,0,0
7375.T,ready,120,2026-09-11,2026-09-11,0,0,0
7376.T,zero_volume,120,2026-09-11,2026-09-11,0,0,2
7377.T,ready,120,2026-09-11,2026-09-11,0,0,0
7378.T,ready,120,2026-09-11,2026-09-11,0,0,0
7380.T,ready,120,2026-09-11,2026-09-11,0,0,0
7381.T,ready,120,2026-09-11,2026-09-11,0,0,0
7383.T,ready,120,2026-09-11,2026-09-11,0,0,0
7384.T,ready,120,2026-09-11,2026-09-11,0,0,0
7388.T,ready,120,2026-09-11,2026-09-11,0,0,0
7389.T,ready,120,2026-09-11,2026-09-11,0,0,0
7399.T,ready,120,2026-09-11,2026-09-11,0,0,0
7409.T,ready,120,2026-09-11,2026-09-11,0,0,0
7412.T,ready,120,2026-09-11,2026-09-11,0,0,0
7413.T,zero_volume,120,2026-09-11,2026-09-11,0,0,30
7414.T,ready,120,2026-09-11,2026-09-11,0,0,0
7416.T,ready,120,2026-09-11,2026-09-11,0,0,0
7417.T,ready,120,2026-09-11,2026-09-11,0,0,0
7419.T,ready,120,2026-09-11,2026-09-11,0,0,0
7421.T,ready,120,2026-09-11,2026-09-11,0,0,0
7422.T,zero_volume,120,2026-09-11,2026-09-11,0,0,1
7425.T,zero_volume,120,2026-09-11,2026-09-11,0,0,10
7426.T,invalid_rows,119,2026-09-11,2026-09-10,1,1,2
7427.T,ready,120,2026-09-11,2026-09-11,0,0,0
7433.T,ready,120,2026-09-11,2026-09-11,0,0,0
7434.T,zero_volume,120,2026-09-11,2026-09-11,0,0,3
7435.T,ready,120,2026-09-11,2026-09-11,0,0,0
7438.T,ready,120,2026-09-11,2026-09-11,0,0,0
7442.T,ready,120,2026-09-11,2026-09-11,0,0,0
7443.T,ready,120,2026-09-11,2026-09-11,0,0,0
7444.T,zero_volume,120,2026-09-11,2026-09-11,0,0,7
7446.T,invalid_rows,119,2026-09-11,2026-09-10,1,1,23
7447.T,ready,120,2026-09-11,2026-09-11,0,0,0
7453.T,ready,120,2026-09-11,2026-09-11,0,0,0
7456.T,ready,120,2026-09-11,2026-09-11,0,0,0
7458.T,ready,120,2026-09-11,2026-09-11,0,0,0
7459.T,ready,120,2026-09-11,2026-09-11,0,0,0
7460.T,ready,120,2026-09-11,2026-09-11,0,0,0
7461.T,zero_volume,120,2026-09-11,2026-09-11,0,0,3
7462.T,zero_volume,120,2026-09-11,2026-09-11,0,0,1
7463.T,ready,120,2026-09-11,2026-09-11,0,0,0
7464.T,zero_volume,120,2026-09-11,2026-09-11,0,0,13
7466.T,ready,120,2026-09-11,2026-09-11,0,0,0
7472.T,zero_volume,120,2026-09-11,2026-09-11,0,0,1
7475.T,ready,120,2026-09-11,2026-09-11,0,0,0
7476.T,ready,120,2026-09-11,2026-09-11,0,0,0
7477.T,zero_volume,120,2026-09-11,2026-09-11,0,0,19
7480.T,ready,120,2026-09-11,2026-09-11,0,0,0
7481.T,ready,120,2026-09-11,2026-09-11,0,0,0
7482.T,ready,120,2026-09-11,2026-09-11,0,0,0
7483.T,ready,120,2026-09-11,2026-09-11,0,0,0
7486.T,zero_volume,120,2026-09-11,2026-09-11,0,0,1
7487.T,ready,120,2026-09-11,2026-09-11,0,0,0
7490.T,zero_volume,120,2026-09-11,2026-09-11,0,0,6
7494.T,ready,120,2026-09-11,2026-09-11,0,0,0
7500.T,invalid_rows,119,2026-09-11,2026-09-10,1,1,32
7501.T,zero_volume,120,2026-09-11,2026-09-11,0,0,11
7502.T,zero_volume,120,2026-09-11,2026-09-11,0,0,5
7504.T,ready,120,2026-09-11,2026-09-11,0,0,0
7505.T,ready,120,2026-09-11,2026-09-11,0,0,0
7506.T,ready,120,2026-09-11,2026-09-11,0,0,0
7508.T,ready,120,2026-09-11,2026-09-11,0,0,0
7509.T,invalid_rows,119,2026-09-11,2026-09-10,1,1,34
7510.T,ready,120,2026-09-11,2026-09-11,0,0,0
7512.T,ready,120,2026-09-11,2026-09-11,0,0,0
7513.T,ready,120,2026-09-11,2026-09-11,0,0,0
7514.T,ready,120,2026-09-11,2026-09-11,0,0,0
7515.T,invalid_rows,119,2026-09-11,2026-09-10,1,1,32
7516.T,ready,120,2026-09-11,2026-09-11,0,0,0
7520.T,ready,120,2026-09-11,2026-09-11,0,0,0
7521.T,invalid_rows,119,2026-09-11,2026-09-10,1,1,5
7522.T,ready,120,2026-09-11,2026-09-11,0,0,0
7523.T,zero_volume,120,2026-09-11,2026-09-11,0,0,1
7524.T,ready,120,2026-09-11,2026-09-11,0,0,0
7525.T,ready,120,2026-09-11,2026-09-11,0,0,0
7527.T,ready,120,2026-09-11,2026-09-11,0,0,0
7531.T,zero_volume,120,2026-09-11,2026-09-11,0,0,34
7532.T,ready,120,2026-09-11,2026-09-11,0,0,0
7537.T,ready,120,2026-09-11,2026-09-11,0,0,0
7538.T,ready,120,2026-09-11,2026-09-11,0,0,0
7539.T,ready,120,2026-09-11,2026-09-11,0,0,0
7544.T,ready,120,2026-09-11,2026-09-11,0,0,0
7545.T,ready,120,2026-09-11,2026-09-11,0,0,0
7550.T,ready,120,2026-09-11,2026-09-11,0,0,0
7551.T,ready,120,2026-09-11,2026-09-11,0,0,0
7552.T,ready,120,2026-09-11,2026-09-11,0,0,0
7554.T,ready,120,2026-09-11,2026-09-11,0,0,0
7555.T,zero_volume,120,2026-09-11,2026-09-11,0,0,7
7561.T,ready,120,2026-09-11,2026-09-11,0,0,0
7562.T,ready,120,2026-09-11,2026-09-11,0,0,0
7564.T,ready,120,2026-09-11,2026-09-11,0,0,0
7565.T,zero_volume,120,2026-09-11,2026-09-11,0,0,30
7567.T,ready,120,2026-09-11,2026-09-11,0,0,0
7570.T,ready,120,2026-09-11,2026-09-11,0,0,0
7571.T,ready,120,2026-09-11,2026-09-11,0,0,0
7575.T,ready,120,2026-09-11,2026-09-11,0,0,0
7578.T,ready,120,2026-09-11,2026-09-11,0,0,0
7581.T,ready,120,2026-09-11,2026-09-11,0,0,0
7585.T,ready,120,2026-09-11,2026-09-11,0,0,0
7590.T,ready,120,2026-09-11,2026-09-11,0,0,0
7593.T,ready,120,2026-09-11,2026-09-11,0,0,0
7595.T,ready,120,2026-09-11,2026-09-11,0,0,0
7596.T,ready,120,2026-09-11,2026-09-11,0,0,0
7599.T,ready,120,2026-09-11,2026-09-11,0,0,0
7600.T,ready,120,2026-09-11,2026-09-11,0,0,0
7601.T,ready,120,2026-09-11,2026-09-11,0,0,0
7602.T,ready,120,2026-09-11,2026-09-11,0,0,0
7603.T,ready,120,2026-09-11,2026-09-11,0,0,0
7604.T,ready,120,2026-09-11,2026-09-11,0,0,0
7606.T,ready,120,2026-09-11,2026-09-11,0,0,0
7607.T,ready,120,2026-09-11,2026-09-11,0,0,0
7608.T,ready,120,2026-09-11,2026-09-11,0,0,0
7609.T,ready,120,2026-09-11,2026-09-11,0,0,0
7610.T,ready,120,2026-09-11,2026-09-11,0,0,0
7611.T,ready,120,2026-09-11,2026-09-11,0,0,0
7613.T,ready,120,2026-09-11,2026-09-11,0,0,0
7614.T,ready,120,2026-09-11,2026-09-11,0,0,0
7615.T,ready,120,2026-09-11,2026-09-11,0,0,0
7616.T,ready,120,2026-09-11,2026-09-11,0,0,0
7619.T,ready,120,2026-09-11,2026-09-11,0,0,0
7621.T,ready,120,2026-09-11,2026-09-11,0,0,0
7624.T,ready,120,2026-09-11,2026-09-11,0,0,0
7625.T,ready,120,2026-09-11,2026-09-11,0,0,0
7628.T,ready,120,2026-09-11,2026-09-11,0,0,0
7630.T,ready,120,2026-09-11,2026-09-11,0,0,0
7634.T,zero_volume,120,2026-09-11,2026-09-11,0,0,29
7636.T,ready,120,2026-09-11,2026-09-11,0,0,0
7637.T,ready,120,2026-09-11,2026-09-11,0,0,0
7638.T,ready,120,2026-09-11,2026-09-11,0,0,0
7640.T,ready,120,2026-09-11,2026-09-11,0,0,0
7643.T,ready,120,2026-09-11,2026-09-11,0,0,0
7646.T,ready,120,2026-09-11,2026-09-11,0,0,0
7649.T,ready,120,2026-09-11,2026-09-11,0,0,0
7670.T,ready,120,2026-09-11,2026-09-11,0,0,0
7673.T,ready,120,2026-09-11,2026-09-11,0,0,0
7674.T,ready,120,2026-09-11,2026-09-11,0,0,0
7677.T,invalid_rows,119,2026-09-11,2026-09-10,1,1,45
7678.T,ready,120,2026-09-11,2026-09-11,0,0,0
7679.T,ready,120,2026-09-11,2026-09-11,0,0,0
7681.T,zero_volume,120,2026-09-11,2026-09-11,0,0,22
7682.T,ready,120,2026-09-11,2026-09-11,0,0,0
7683.T,ready,120,2026-09-11,2026-09-11,0,0,0
7685.T,ready,120,2026-09-11,2026-09-11,0,0,0
7686.T,ready,120,2026-09-11,2026-09-11,0,0,0
7687.T,ready,120,2026-09-11,2026-09-11,0,0,0
7689.T,zero_volume,120,2026-09-11,2026-09-11,0,0,7
7692.T,ready,120,2026-09-11,2026-09-11,0,0,0
7694.T,ready,120,2026-09-11,2026-09-11,0,0,0
7695.T,ready,120,2026-09-11,2026-09-11,0,0,0
7698.T,ready,120,2026-09-11,2026-09-11,0,0,0
7701.T,ready,120,2026-09-11,2026-09-11,0,0,0
7702.T,ready,120,2026-09-11,2026-09-11,0,0,0
7707.T,ready,120,2026-09-11,2026-09-11,0,0,0
7709.T,ready,120,2026-09-11,2026-09-11,0,0,0
7711.T,ready,120,2026-09-11,2026-09-11,0,0,0
7713.T,ready,120,2026-09-11,2026-09-11,0,0,0
7715.T,ready,120,2026-09-11,2026-09-11,0,0,0
7716.T,ready,120,2026-09-11,2026-09-11,0,0,0
7717.T,ready,120,2026-09-11,2026-09-11,0,0,0
7719.T,ready,120,2026-09-11,2026-09-11,0,0,0
7721.T,ready,120,2026-09-11,2026-09-11,0,0,0
7722.T,ready,120,2026-09-11,2026-09-11,0,0,0
7723.T,ready,120,2026-09-11,2026-09-11,0,0,0
7725.T,ready,120,2026-09-11,2026-09-11,0,0,0
7726.T,ready,120,2026-09-11,2026-09-11,0,0,0
7727.T,ready,120,2026-09-11,2026-09-11,0,0,0
7729.T,ready,120,2026-09-11,2026-09-11,0,0,0
7730.T,ready,120,2026-09-11,2026-09-11,0,0,0
7731.T,ready,120,2026-09-11,2026-09-11,0,0,0
7733.T,ready,120,2026-09-11,2026-09-11,0,0,0
7734.T,ready,120,2026-09-11,2026-09-11,0,0,0
7735.T,ready,120,2026-09-11,2026-09-11,0,0,0
7740.T,ready,120,2026-09-11,2026-09-11,0,0,0
7741.T,ready,120,2026-09-11,2026-09-11,0,0,0
7743.T,ready,120,2026-09-11,2026-09-11,0,0,0
7744.T,ready,120,2026-09-11,2026-09-11,0,0,0
7745.T,ready,120,2026-09-11,2026-09-11,0,0,0
7746.T,ready,120,2026-09-11,2026-09-11,0,0,0
7747.T,ready,120,2026-09-11,2026-09-11,0,0,0
7749.T,zero_volume,120,2026-09-11,2026-09-11,0,0,3
7751.T,ready,120,2026-09-11,2026-09-11,0,0,0
7752.T,ready,120,2026-09-11,2026-09-11,0,0,0
7760.T,ready,120,2026-09-11,2026-09-11,0,0,0
7762.T,ready,120,2026-09-11,2026-09-11,0,0,0
7769.T,ready,120,2026-09-11,2026-09-11,0,0,0
7771.T,ready,120,2026-09-11,2026-09-11,0,0,0
7774.T,ready,120,2026-09-11,2026-09-11,0,0,0
7775.T,ready,120,2026-09-11,2026-09-11,0,0,0
7776.T,ready,120,2026-09-11,2026-09-11,0,0,0
7777.T,ready,120,2026-09-11,2026-09-11,0,0,0
7779.T,ready,120,2026-09-11,2026-09-11,0,0,0
7780.T,ready,120,2026-09-11,2026-09-11,0,0,0
7781.T,ready,120,2026-09-11,2026-09-11,0,0,0
7782.T,ready,120,2026-09-11,2026-09-11,0,0,0
7791.T,ready,120,2026-09-11,2026-09-11,0,0,0
7792.T,ready,120,2026-09-11,2026-09-11,0,0,0
7793.T,zero_volume,120,2026-09-11,2026-09-11,0,0,2
7794.T,ready,120,2026-09-11,2026-09-11,0,0,0
7795.T,ready,120,2026-09-11,2026-09-11,0,0,0
7800.T,ready,120,2026-09-11,2026-09-11,0,0,0
7803.T,ready,120,2026-09-11,2026-09-11,0,0,0
7804.T,ready,120,2026-09-11,2026-09-11,0,0,0
7805.T,ready,120,2026-09-11,2026-09-11,0,0,0
7806.T,ready,120,2026-09-11,2026-09-11,0,0,0
7807.T,zero_volume,120,2026-09-11,2026-09-11,0,0,1
7808.T,zero_volume,120,2026-09-11,2026-09-11,0,0,8
7809.T,ready,120,2026-09-11,2026-09-11,0,0,0
7810.T,ready,120,2026-09-11,2026-09-11,0,0,0
7811.T,ready,120,2026-09-11,2026-09-11,0,0,0
7812.T,zero_volume,120,2026-09-11,2026-09-11,0,0,1
7813.T,ready,120,2026-09-11,2026-09-11,0,0,0
7814.T,ready,120,2026-09-11,2026-09-11,0,0,0
7815.T,ready,120,2026-09-11,2026-09-11,0,0,0
7818.T,ready,120,2026-09-11,2026-09-11,0,0,0
7819.T,ready,120,2026-09-11,2026-09-11,0,0,0
7820.T,ready,120,2026-09-11,2026-09-11,0,0,0
7821.T,ready,120,2026-09-11,2026-09-11,0,0,0
7822.T,ready,120,2026-09-11,2026-09-11,0,0,0
7823.T,ready,120,2026-09-11,2026-09-11,0,0,0
7826.T,ready,120,2026-09-11,2026-09-11,0,0,0
7827.T,zero_volume,120,2026-09-11,2026-09-11,0,0,2
7831.T,ready,120,2026-09-11,2026-09-11,0,0,0
7832.T,ready,120,2026-09-11,2026-09-11,0,0,0
7833.T,ready,120,2026-09-11,2026-09-11,0,0,0
7836.T,ready,120,2026-09-11,2026-09-11,0,0,0
7837.T,ready,120,2026-09-11,2026-09-11,0,0,0
7839.T,ready,120,2026-09-11,2026-09-11,0,0,0
7840.T,ready,120,2026-09-11,2026-09-11,0,0,0
7841.T,ready,120,2026-09-11,2026-09-11,0,0,0
7844.T,ready,120,2026-09-11,2026-09-11,0,0,0
7846.T,ready,120,2026-09-11,2026-09-11,0,0,0
7847.T,ready,120,2026-09-11,2026-09-11,0,0,0
7849.T,zero_volume,120,2026-09-11,2026-09-11,0,0,1
7850.T,zero_volume,120,2026-09-11,2026-09-11,0,0,6
7851.T,invalid_rows,2,2026-09-11,2026-09-11,118,37,0
7856.T,ready,120,2026-09-11,2026-09-11,0,0,0
7857.T,invalid_rows,119,2026-09-11,2026-09-10,1,1,31
7859.T,ready,120,2026-09-11,2026-09-11,0,0,0
7860.T,ready,120,2026-09-11,2026-09-11,0,0,0
7863.T,zero_volume,120,2026-09-11,2026-09-11,0,0,26
7864.T,ready,120,2026-09-11,2026-09-11,0,0,0
7865.T,ready,120,2026-09-11,2026-09-11,0,0,0
7867.T,ready,120,2026-09-11,2026-09-11,0,0,0
7868.T,ready,120,2026-09-11,2026-09-11,0,0,0
7871.T,ready,120,2026-09-11,2026-09-11,0,0,0
7872.T,ready,120,2026-09-11,2026-09-11,0,0,0
7874.T,ready,120,2026-09-11,2026-09-11,0,0,0
7875.T,ready,120,2026-09-11,2026-09-11,0,0,0
7877.T,invalid_rows,119,2026-09-11,2026-09-10,1,1,2
7878.T,ready,120,2026-09-11,2026-09-11,0,0,0
7879.T,ready,120,2026-09-11,2026-09-11,0,0,0
7883.T,ready,120,2026-09-11,2026-09-11,0,0,0
7885.T,ready,120,2026-09-11,2026-09-11,0,0,0
7886.T,zero_volume,120,2026-09-11,2026-09-11,0,0,3
7887.T,ready,120,2026-09-11,2026-09-11,0,0,0
7888.T,ready,120,2026-09-11,2026-09-11,0,0,0
7893.T,ready,120,2026-09-11,2026-09-11,0,0,0
7896.T,zero_volume,120,2026-09-11,2026-09-11,0,0,2
7897.T,ready,120,2026-09-11,2026-09-11,0,0,0
7898.T,ready,120,2026-09-11,2026-09-11,0,0,0
7901.T,ready,120,2026-09-11,2026-09-11,0,0,0
7902.T,ready,120,2026-09-11,2026-09-11,0,0,0
7906.T,ready,120,2026-09-11,2026-09-11,0,0,0
7908.T,ready,120,2026-09-11,2026-09-11,0,0,0
7911.T,ready,120,2026-09-11,2026-09-11,0,0,0
7912.T,ready,120,2026-09-11,2026-09-11,0,0,0
7914.T,ready,120,2026-09-11,2026-09-11,0,0,0
7915.T,ready,120,2026-09-11,2026-09-11,0,0,0
7916.T,zero_volume,120,2026-09-11,2026-09-11,0,0,14
7917.T,ready,120,2026-09-11,2026-09-11,0,0,0
7918.T,ready,120,2026-09-11,2026-09-11,0,0,0
7919.T,ready,120,2026-09-11,2026-09-11,0,0,0
7921.T,ready,120,2026-09-11,2026-09-11,0,0,0
7927.T,ready,120,2026-09-11,2026-09-11,0,0,0
7928.T,zero_volume,120,2026-09-11,2026-09-11,0,0,1
7931.T,ready,120,2026-09-11,2026-09-11,0,0,0
7932.T,ready,120,2026-09-11,2026-09-11,0,0,0
7936.T,ready,120,2026-09-11,2026-09-11,0,0,0
7937.T,ready,120,2026-09-11,2026-09-11,0,0,0
7938.T,ready,120,2026-09-11,2026-09-11,0,0,0
7939.T,zero_volume,120,2026-09-11,2026-09-11,0,0,1
7942.T,ready,120,2026-09-11,2026-09-11,0,0,0
7943.T,ready,120,2026-09-11,2026-09-11,0,0,0
7944.T,ready,120,2026-09-11,2026-09-11,0,0,0
7946.T,zero_volume,120,2026-09-11,2026-09-11,0,0,1
7947.T,ready,120,2026-09-11,2026-09-11,0,0,0
7949.T,ready,120,2026-09-11,2026-09-11,0,0,0
7951.T,ready,120,2026-09-11,2026-09-11,0,0,0
7952.T,ready,120,2026-09-11,2026-09-11,0,0,0
7953.T,ready,120,2026-09-11,2026-09-11,0,0,0
7955.T,ready,120,2026-09-11,2026-09-11,0,0,0
7956.T,ready,120,2026-09-11,2026-09-11,0,0,0
7957.T,zero_volume,120,2026-09-11,2026-09-11,0,0,5
7962.T,ready,120,2026-09-11,2026-09-11,0,0,0
7963.T,ready,120,2026-09-11,2026-09-11,0,0,0
7965.T,ready,120,2026-09-11,2026-09-11,0,0,0
7966.T,ready,120,2026-09-11,2026-09-11,0,0,0
7970.T,ready,120,2026-09-11,2026-09-11,0,0,0
7971.T,ready,120,2026-09-11,2026-09-11,0,0,0
7972.T,ready,120,2026-09-11,2026-09-11,0,0,0
7974.T,ready,120,2026-09-11,2026-09-11,0,0,0
7975.T,ready,120,2026-09-11,2026-09-11,0,0,0
7976.T,ready,120,2026-09-11,2026-09-11,0,0,0
7979.T,ready,120,2026-09-11,2026-09-11,0,0,0
7980.T,ready,120,2026-09-11,2026-09-11,0,0,0
7981.T,ready,120,2026-09-11,2026-09-11,0,0,0
7983.T,ready,120,2026-09-11,2026-09-11,0,0,0
7984.T,ready,120,2026-09-11,2026-09-11,0,0,0
7985.T,invalid_rows,2,2026-09-11,2026-09-11,118,37,0
7986.T,zero_volume,120,2026-09-11,2026-09-11,0,0,9
7987.T,ready,120,2026-09-11,2026-09-11,0,0,0
7988.T,ready,120,2026-09-11,2026-09-11,0,0,0
7989.T,ready,120,2026-09-11,2026-09-11,0,0,0
7990.T,ready,120,2026-09-11,2026-09-11,0,0,0
7991.T,ready,120,2026-09-11,2026-09-11,0,0,0
7992.T,ready,120,2026-09-11,2026-09-11,0,0,0
7994.T,ready,120,2026-09-11,2026-09-11,0,0,0
7995.T,ready,120,2026-09-11,2026-09-11,0,0,0
7997.T,ready,120,2026-09-11,2026-09-11,0,0,0
8001.T,ready,120,2026-09-11,2026-09-11,0,0,0
8002.T,ready,120,2026-09-11,2026-09-11,0,0,0
8005.T,ready,120,2026-09-11,2026-09-11,0,0,0
8006.T,ready,120,2026-09-11,2026-09-11,0,0,0
8007.T,ready,120,2026-09-11,2026-09-11,0,0,0
8008.T,ready,120,2026-09-11,2026-09-11,0,0,0
8011.T,ready,120,2026-09-11,2026-09-11,0,0,0
8012.T,ready,120,2026-09-11,2026-09-11,0,0,0
8013.T,ready,120,2026-09-11,2026-09-11,0,0,0
8014.T,ready,120,2026-09-11,2026-09-11,0,0,0
8015.T,ready,120,2026-09-11,2026-09-11,0,0,0
8016.T,ready,120,2026-09-11,2026-09-11,0,0,0
8018.T,ready,120,2026-09-11,2026-09-11,0,0,0
8020.T,ready,120,2026-09-11,2026-09-11,0,0,0
8022.T,ready,120,2026-09-11,2026-09-11,0,0,0
8023.T,ready,120,2026-09-11,2026-09-11,0,0,0
8025.T,zero_volume,120,2026-09-11,2026-09-11,0,0,3
8029.T,ready,120,2026-09-11,2026-09-11,0,0,0
8030.T,ready,120,2026-09-11,2026-09-11,0,0,0
8031.T,ready,120,2026-09-11,2026-09-11,0,0,0
8032.T,ready,120,2026-09-11,2026-09-11,0,0,0
8035.T,ready,120,2026-09-11,2026-09-11,0,0,0
8037.T,ready,120,2026-09-11,2026-09-11,0,0,0
8039.T,ready,120,2026-09-11,2026-09-11,0,0,0
8040.T,ready,120,2026-09-11,2026-09-11,0,0,0
8041.T,ready,120,2026-09-11,2026-09-11,0,0,0
8043.T,ready,120,2026-09-11,2026-09-11,0,0,0
8045.T,zero_volume,120,2026-09-11,2026-09-11,0,0,8
8046.T,ready,120,2026-09-11,2026-09-11,0,0,0
8050.T,ready,120,2026-09-11,2026-09-11,0,0,0
8051.T,ready,120,2026-09-11,2026-09-11,0,0,0
8052.T,ready,120,2026-09-11,2026-09-11,0,0,0
8053.T,ready,120,2026-09-11,2026-09-11,0,0,0
8056.T,ready,120,2026-09-11,2026-09-11,0,0,0
8057.T,ready,120,2026-09-11,2026-09-11,0,0,0
8058.T,ready,120,2026-09-11,2026-09-11,0,0,0
8059.T,ready,120,2026-09-11,2026-09-11,0,0,0
8060.T,ready,120,2026-09-11,2026-09-11,0,0,0
8061.T,ready,120,2026-09-11,2026-09-11,0,0,0
8065.T,ready,120,2026-09-11,2026-09-11,0,0,0
8066.T,ready,120,2026-09-11,2026-09-11,0,0,0
8070.T,ready,120,2026-09-11,2026-09-11,0,0,0
8074.T,ready,120,2026-09-11,2026-09-11,0,0,0
8075.T,ready,120,2026-09-11,2026-09-11,0,0,0
8076.T,ready,120,2026-09-11,2026-09-11,0,0,0
8077.T,ready,120,2026-09-11,2026-09-11,0,0,0
8078.T,ready,120,2026-09-11,2026-09-11,0,0,0
8079.T,ready,120,2026-09-11,2026-09-11,0,0,0
8081.T,ready,120,2026-09-11,2026-09-11,0,0,0
8084.T,ready,120,2026-09-11,2026-09-11,0,0,0
8085.T,ready,120,2026-09-11,2026-09-11,0,0,0
8086.T,ready,120,2026-09-11,2026-09-11,0,0,0
8088.T,ready,120,2026-09-11,2026-09-11,0,0,0
8089.T,ready,120,2026-09-11,2026-09-11,0,0,0
8091.T,ready,120,2026-09-11,2026-09-11,0,0,0
8093.T,ready,120,2026-09-11,2026-09-11,0,0,0
8095.T,ready,120,2026-09-11,2026-09-11,0,0,0
8097.T,ready,120,2026-09-11,2026-09-11,0,0,0
8098.T,ready,120,2026-09-11,2026-09-11,0,0,0
8101.T,ready,120,2026-09-11,2026-09-11,0,0,0
8103.T,ready,120,2026-09-11,2026-09-11,0,0,0
8104.T,ready,120,2026-09-11,2026-09-11,0,0,0
8105.T,ready,120,2026-09-11,2026-09-11,0,0,0
8107.T,ready,120,2026-09-11,2026-09-11,0,0,0
8111.T,ready,120,2026-09-11,2026-09-11,0,0,0
8113.T,ready,120,2026-09-11,2026-09-11,0,0,0
8115.T,zero_volume,120,2026-09-11,2026-09-11,0,0,1
8117.T,ready,120,2026-09-11,2026-09-11,0,0,0
8118.T,zero_volume,120,2026-09-11,2026-09-11,0,0,3
8119.T,ready,120,2026-09-11,2026-09-11,0,0,0
8123.T,zero_volume,120,2026-09-11,2026-09-11,0,0,6
8125.T,ready,120,2026-09-11,2026-09-11,0,0,0
8127.T,ready,120,2026-09-11,2026-09-11,0,0,0
8129.T,ready,120,2026-09-11,2026-09-11,0,0,0
8130.T,ready,120,2026-09-11,2026-09-11,0,0,0
8131.T,ready,120,2026-09-11,2026-09-11,0,0,0
8132.T,ready,120,2026-09-11,2026-09-11,0,0,0
8133.T,ready,120,2026-09-11,2026-09-11,0,0,0
8135.T,ready,120,2026-09-11,2026-09-11,0,0,0
8136.T,ready,120,2026-09-11,2026-09-11,0,0,0
8137.T,ready,120,2026-09-11,2026-09-11,0,0,0
8138.T,invalid_rows,119,2026-09-11,2026-09-10,1,1,31
8139.T,zero_volume,120,2026-09-11,2026-09-11,0,0,3
8141.T,ready,120,2026-09-11,2026-09-11,0,0,0
8142.T,ready,120,2026-09-11,2026-09-11,0,0,0
8143.T,zero_volume,120,2026-09-11,2026-09-11,0,0,1
8144.T,invalid_rows,119,2026-09-11,2026-09-10,1,1,2
8147.T,zero_volume,120,2026-09-11,2026-09-11,0,0,1
8150.T,ready,120,2026-09-11,2026-09-11,0,0,0
8151.T,ready,120,2026-09-11,2026-09-11,0,0,0
8152.T,ready,120,2026-09-11,2026-09-11,0,0,0
8153.T,ready,120,2026-09-11,2026-09-11,0,0,0
8154.T,ready,120,2026-09-11,2026-09-11,0,0,0
8157.T,ready,120,2026-09-11,2026-09-11,0,0,0
8158.T,ready,120,2026-09-11,2026-09-11,0,0,0
8159.T,ready,120,2026-09-11,2026-09-11,0,0,0
8160.T,ready,120,2026-09-11,2026-09-11,0,0,0
8163.T,ready,120,2026-09-11,2026-09-11,0,0,0
8165.T,ready,120,2026-09-11,2026-09-11,0,0,0
8166.T,ready,120,2026-09-11,2026-09-11,0,0,0
8167.T,ready,120,2026-09-11,2026-09-11,0,0,0
8173.T,ready,120,2026-09-11,2026-09-11,0,0,0
8174.T,ready,120,2026-09-11,2026-09-11,0,0,0
8179.T,ready,120,2026-09-11,2026-09-11,0,0,0
8181.T,ready,120,2026-09-11,2026-09-11,0,0,0
8185.T,ready,120,2026-09-11,2026-09-11,0,0,0
8194.T,ready,120,2026-09-11,2026-09-11,0,0,0
8198.T,ready,120,2026-09-11,2026-09-11,0,0,0
8200.T,ready,120,2026-09-11,2026-09-11,0,0,0
8202.T,ready,120,2026-09-11,2026-09-11,0,0,0
8203.T,ready,120,2026-09-11,2026-09-11,0,0,0
8207.T,ready,120,2026-09-11,2026-09-11,0,0,0
8214.T,ready,120,2026-09-11,2026-09-11,0,0,0
8217.T,ready,120,2026-09-11,2026-09-11,0,0,0
8218.T,ready,120,2026-09-11,2026-09-11,0,0,0
8219.T,ready,120,2026-09-11,2026-09-11,0,0,0
8225.T,zero_volume,120,2026-09-11,2026-09-11,0,0,26
8226.T,ready,120,2026-09-11,2026-09-11,0,0,0
8227.T,ready,120,2026-09-11,2026-09-11,0,0,0
8230.T,ready,120,2026-09-11,2026-09-11,0,0,0
8233.T,ready,120,2026-09-11,2026-09-11,0,0,0
8237.T,ready,120,2026-09-11,2026-09-11,0,0,0
8242.T,ready,120,2026-09-11,2026-09-11,0,0,0
8244.T,ready,120,2026-09-11,2026-09-11,0,0,0
8247.T,ready,120,2026-09-11,2026-09-11,0,0,0
8252.T,ready,120,2026-09-11,2026-09-11,0,0,0
8253.T,ready,120,2026-09-11,2026-09-11,0,0,0
8254.T,ready,120,2026-09-11,2026-09-11,0,0,0
8255.T,ready,120,2026-09-11,2026-09-11,0,0,0
8260.T,ready,120,2026-09-11,2026-09-11,0,0,0
8267.T,ready,120,2026-09-11,2026-09-11,0,0,0
8273.T,ready,120,2026-09-11,2026-09-11,0,0,0
8275.T,ready,120,2026-09-11,2026-09-11,0,0,0
8276.T,ready,120,2026-09-11,2026-09-11,0,0,0
8278.T,ready,120,2026-09-11,2026-09-11,0,0,0
8281.T,ready,120,2026-09-11,2026-09-11,0,0,0
8282.T,ready,120,2026-09-11,2026-09-11,0,0,0
8285.T,ready,120,2026-09-11,2026-09-11,0,0,0
8291.T,ready,120,2026-09-11,2026-09-11,0,0,0
8303.T,ready,120,2026-09-11,2026-09-11,0,0,0
8304.T,ready,120,2026-09-11,2026-09-11,0,0,0
8306.T,ready,120,2026-09-11,2026-09-11,0,0,0
8308.T,ready,120,2026-09-11,2026-09-11,0,0,0
8309.T,ready,120,2026-09-11,2026-09-11,0,0,0
8316.T,ready,120,2026-09-11,2026-09-11,0,0,0
8331.T,ready,120,2026-09-11,2026-09-11,0,0,0
8334.T,ready,120,2026-09-11,2026-09-11,0,0,0
8336.T,ready,120,2026-09-11,2026-09-11,0,0,0
8337.T,ready,120,2026-09-11,2026-09-11,0,0,0
8338.T,ready,120,2026-09-11,2026-09-11,0,0,0
8341.T,ready,120,2026-09-11,2026-09-11,0,0,0
8343.T,ready,120,2026-09-11,2026-09-11,0,0,0
8344.T,ready,120,2026-09-11,2026-09-11,0,0,0
8345.T,ready,120,2026-09-11,2026-09-11,0,0,0
8346.T,ready,120,2026-09-11,2026-09-11,0,0,0
8349.T,ready,120,2026-09-11,2026-09-11,0,0,0
8354.T,ready,120,2026-09-11,2026-09-11,0,0,0
8358.T,ready,120,2026-09-11,2026-09-11,0,0,0
8359.T,ready,120,2026-09-11,2026-09-11,0,0,0
8360.T,ready,120,2026-09-11,2026-09-11,0,0,0
8361.T,ready,120,2026-09-11,2026-09-11,0,0,0
8362.T,ready,120,2026-09-11,2026-09-11,0,0,0
8364.T,ready,120,2026-09-11,2026-09-11,0,0,0
8365.T,ready,120,2026-09-11,2026-09-11,0,0,0
8366.T,ready,120,2026-09-11,2026-09-11,0,0,0
8367.T,ready,120,2026-09-11,2026-09-11,0,0,0
8368.T,ready,120,2026-09-11,2026-09-11,0,0,0
8370.T,ready,120,2026-09-11,2026-09-11,0,0,0
8377.T,ready,120,2026-09-11,2026-09-11,0,0,0
8381.T,ready,120,2026-09-11,2026-09-11,0,0,0
8383.T,ready,120,2026-09-11,2026-09-11,0,0,0
8386.T,ready,120,2026-09-11,2026-09-11,0,0,0
8387.T,ready,120,2026-09-11,2026-09-11,0,0,0
8388.T,ready,120,2026-09-11,2026-09-11,0,0,0
8392.T,ready,120,2026-09-11,2026-09-11,0,0,0
8393.T,ready,120,2026-09-11,2026-09-11,0,0,0
8395.T,ready,120,2026-09-11,2026-09-11,0,0,0
8399.T,ready,120,2026-09-11,2026-09-11,0,0,0
8410.T,ready,120,2026-09-11,2026-09-11,0,0,0
8411.T,ready,120,2026-09-11,2026-09-11,0,0,0
8416.T,ready,120,2026-09-11,2026-09-11,0,0,0
8418.T,ready,120,2026-09-11,2026-09-11,0,0,0
8424.T,ready,120,2026-09-11,2026-09-11,0,0,0
8425.T,ready,120,2026-09-11,2026-09-11,0,0,0
8439.T,ready,120,2026-09-11,2026-09-11,0,0,0
8473.T,ready,120,2026-09-11,2026-09-11,0,0,0
8508.T,ready,120,2026-09-11,2026-09-11,0,0,0
8511.T,ready,120,2026-09-11,2026-09-11,0,0,0
8518.T,ready,120,2026-09-11,2026-09-11,0,0,0
8522.T,ready,120,2026-09-11,2026-09-11,0,0,0
8524.T,ready,120,2026-09-11,2026-09-11,0,0,0
8537.T,ready,120,2026-09-11,2026-09-11,0,0,0
8541.T,ready,120,2026-09-11,2026-09-11,0,0,0
8542.T,ready,120,2026-09-11,2026-09-11,0,0,0
8544.T,ready,120,2026-09-11,2026-09-11,0,0,0
8550.T,ready,120,2026-09-11,2026-09-11,0,0,0
8551.T,ready,120,2026-09-11,2026-09-11,0,0,0
8558.T,ready,120,2026-09-11,2026-09-11,0,0,0
8562.T,ready,120,2026-09-11,2026-09-11,0,0,0
8563.T,ready,120,2026-09-11,2026-09-11,0,0,0
8566.T,ready,120,2026-09-11,2026-09-11,0,0,0
8570.T,ready,120,2026-09-11,2026-09-11,0,0,0
8572.T,ready,120,2026-09-11,2026-09-11,0,0,0
8584.T,ready,120,2026-09-11,2026-09-11,0,0,0
8585.T,ready,120,2026-09-11,2026-09-11,0,0,0
8591.T,ready,120,2026-09-11,2026-09-11,0,0,0
8593.T,ready,120,2026-09-11,2026-09-11,0,0,0
8595.T,ready,120,2026-09-11,2026-09-11,0,0,0
8596.T,ready,120,2026-09-11,2026-09-11,0,0,0
8600.T,ready,120,2026-09-11,2026-09-11,0,0,0
8601.T,ready,120,2026-09-11,2026-09-11,0,0,0
8604.T,ready,120,2026-09-11,2026-09-11,0,0,0
8609.T,ready,120,2026-09-11,2026-09-11,0,0,0
8613.T,ready,120,2026-09-11,2026-09-11,0,0,0
8614.T,ready,120,2026-09-11,2026-09-11,0,0,0
8616.T,ready,120,2026-09-11,2026-09-11,0,0,0
8617.T,ready,120,2026-09-11,2026-09-11,0,0,0
8622.T,ready,120,2026-09-11,2026-09-11,0,0,0
8624.T,ready,120,2026-09-11,2026-09-11,0,0,0
8628.T,ready,120,2026-09-11,2026-09-11,0,0,0
8630.T,ready,120,2026-09-11,2026-09-11,0,0,0
8697.T,ready,120,2026-09-11,2026-09-11,0,0,0
8698.T,ready,120,2026-09-11,2026-09-11,0,0,0
8699.T,ready,120,2026-09-11,2026-09-11,0,0,0
8700.T,ready,120,2026-09-11,2026-09-11,0,0,0
8704.T,ready,120,2026-09-11,2026-09-11,0,0,0
8705.T,ready,120,2026-09-11,2026-09-11,0,0,0
8706.T,ready,120,2026-09-11,2026-09-11,0,0,0
8707.T,ready,120,2026-09-11,2026-09-11,0,0,0
8708.T,ready,120,2026-09-11,2026-09-11,0,0,0
8713.T,ready,120,2026-09-11,2026-09-11,0,0,0
8714.T,ready,120,2026-09-11,2026-09-11,0,0,0
8715.T,ready,120,2026-09-11,2026-09-11,0,0,0
8725.T,ready,120,2026-09-11,2026-09-11,0,0,0
8729.T,ready,120,2026-09-11,2026-09-11,0,0,0
8737.T,ready,120,2026-09-11,2026-09-11,0,0,0
8739.T,ready,120,2026-09-11,2026-09-11,0,0,0
8742.T,ready,120,2026-09-11,2026-09-11,0,0,0
8746.T,ready,120,2026-09-11,2026-09-11,0,0,0
8747.T,ready,120,2026-09-11,2026-09-11,0,0,0
8750.T,ready,120,2026-09-11,2026-09-11,0,0,0
8766.T,ready,120,2026-09-11,2026-09-11,0,0,0
8769.T,ready,120,2026-09-11,2026-09-11,0,0,0
8771.T,ready,120,2026-09-11,2026-09-11,0,0,0
8772.T,ready,120,2026-09-11,2026-09-11,0,0,0
8783.T,ready,120,2026-09-11,2026-09-11,0,0,0
8789.T,ready,120,2026-09-11,2026-09-11,0,0,0
8793.T,ready,120,2026-09-11,2026-09-11,0,0,0
8795.T,ready,120,2026-09-11,2026-09-11,0,0,0
8798.T,ready,120,2026-09-11,2026-09-11,0,0,0
8801.T,ready,120,2026-09-11,2026-09-11,0,0,0
8802.T,ready,120,2026-09-11,2026-09-11,0,0,0
8803.T,ready,120,2026-09-11,2026-09-11,0,0,0
8804.T,ready,120,2026-09-11,2026-09-11,0,0,0
8818.T,ready,120,2026-09-11,2026-09-11,0,0,0
8830.T,ready,120,2026-09-11,2026-09-11,0,0,0
8835.T,ready,120,2026-09-11,2026-09-11,0,0,0
8836.T,ready,120,2026-09-11,2026-09-11,0,0,0
8841.T,ready,120,2026-09-11,2026-09-11,0,0,0
8844.T,ready,120,2026-09-11,2026-09-11,0,0,0
8848.T,ready,120,2026-09-11,2026-09-11,0,0,0
8850.T,ready,120,2026-09-11,2026-09-11,0,0,0
8860.T,ready,120,2026-09-11,2026-09-11,0,0,0
8864.T,ready,120,2026-09-11,2026-09-11,0,0,0
8869.T,ready,120,2026-09-11,2026-09-11,0,0,0
8871.T,ready,120,2026-09-11,2026-09-11,0,0,0
8876.T,ready,120,2026-09-11,2026-09-11,0,0,0
8877.T,ready,120,2026-09-11,2026-09-11,0,0,0
8881.T,ready,120,2026-09-11,2026-09-11,0,0,0
8887.T,ready,120,2026-09-11,2026-09-11,0,0,0
8891.T,zero_volume,120,2026-09-11,2026-09-11,0,0,1
8892.T,ready,120,2026-09-11,2026-09-11,0,0,0
8894.T,ready,120,2026-09-11,2026-09-11,0,0,0
8897.T,ready,120,2026-09-11,2026-09-11,0,0,0
8898.T,ready,120,2026-09-11,2026-09-11,0,0,0
8904.T,ready,120,2026-09-11,2026-09-11,0,0,0
8908.T,ready,120,2026-09-11,2026-09-11,0,0,0
8912.T,ready,120,2026-09-11,2026-09-11,0,0,0
8914.T,ready,120,2026-09-11,2026-09-11,0,0,0
8917.T,ready,120,2026-09-11,2026-09-11,0,0,0
8918.T,ready,120,2026-09-11,2026-09-11,0,0,0
8919.T,ready,120,2026-09-11,2026-09-11,0,0,0
8920.T,ready,120,2026-09-11,2026-09-11,0,0,0
8923.T,ready,120,2026-09-11,2026-09-11,0,0,0
8927.T,ready,120,2026-09-11,2026-09-11,0,0,0
8928.T,ready,120,2026-09-11,2026-09-11,0,0,0
8929.T,ready,120,2026-09-11,2026-09-11,0,0,0
8931.T,ready,120,2026-09-11,2026-09-11,0,0,0
8934.T,ready,120,2026-09-11,2026-09-11,0,0,0
8935.T,ready,120,2026-09-11,2026-09-11,0,0,0
8938.T,ready,120,2026-09-11,2026-09-11,0,0,0
8944.T,ready,120,2026-09-11,2026-09-11,0,0,0
8945.T,ready,120,2026-09-11,2026-09-11,0,0,0
8946.T,ready,120,2026-09-11,2026-09-11,0,0,0
8995.T,ready,120,2026-09-11,2026-09-11,0,0,0
8996.T,ready,120,2026-09-11,2026-09-11,0,0,0
8999.T,ready,120,2026-09-11,2026-09-11,0,0,0
9001.T,ready,120,2026-09-11,2026-09-11,0,0,0
9003.T,ready,120,2026-09-11,2026-09-11,0,0,0
9005.T,ready,120,2026-09-11,2026-09-11,0,0,0
9006.T,ready,120,2026-09-11,2026-09-11,0,0,0
9007.T,ready,120,2026-09-11,2026-09-11,0,0,0
9008.T,ready,120,2026-09-11,2026-09-11,0,0,0
9009.T,ready,120,2026-09-11,2026-09-11,0,0,0
9010.T,ready,120,2026-09-11,2026-09-11,0,0,0
9012.T,zero_volume,120,2026-09-11,2026-09-11,0,0,21
9017.T,zero_volume,120,2026-09-11,2026-09-11,0,0,10
9020.T,ready,120,2026-09-11,2026-09-11,0,0,0
9021.T,ready,120,2026-09-11,2026-09-11,0,0,0
9022.T,ready,120,2026-09-11,2026-09-11,0,0,0
9023.T,ready,120,2026-09-11,2026-09-11,0,0,0
9024.T,ready,120,2026-09-11,2026-09-11,0,0,0
9025.T,ready,120,2026-09-11,2026-09-11,0,0,0
9028.T,ready,120,2026-09-11,2026-09-11,0,0,0
9029.T,ready,120,2026-09-11,2026-09-11,0,0,0
9031.T,ready,120,2026-09-11,2026-09-11,0,0,0
9033.T,ready,120,2026-09-11,2026-09-11,0,0,0
9034.T,ready,120,2026-09-11,2026-09-11,0,0,0
9036.T,zero_volume,120,2026-09-11,2026-09-11,0,0,2
9037.T,ready,120,2026-09-11,2026-09-11,0,0,0
9039.T,ready,120,2026-09-11,2026-09-11,0,0,0
9041.T,ready,120,2026-09-11,2026-09-11,0,0,0
9042.T,ready,120,2026-09-11,2026-09-11,0,0,0
9044.T,ready,120,2026-09-11,2026-09-11,0,0,0
9045.T,ready,120,2026-09-11,2026-09-11,0,0,0
9046.T,ready,120,2026-09-11,2026-09-11,0,0,0
9048.T,ready,120,2026-09-11,2026-09-11,0,0,0
9049.T,invalid_rows,119,2026-09-11,2026-09-10,1,1,36
9051.T,zero_volume,120,2026-09-11,2026-09-11,0,0,25
9052.T,ready,120,2026-09-11,2026-09-11,0,0,0
9057.T,zero_volume,120,2026-09-11,2026-09-11,0,0,1
9059.T,zero_volume,120,2026-09-11,2026-09-11,0,0,1
9060.T,zero_volume,120,2026-09-11,2026-09-11,0,0,10
9063.T,zero_volume,120,2026-09-11,2026-09-11,0,0,12
9064.T,ready,120,2026-09-11,2026-09-11,0,0,0
9065.T,ready,120,2026-09-11,2026-09-11,0,0,0
9068.T,ready,120,2026-09-11,2026-09-11,0,0,0
9069.T,ready,120,2026-09-11,2026-09-11,0,0,0
9072.T,ready,120,2026-09-11,2026-09-11,0,0,0
9073.T,zero_volume,120,2026-09-11,2026-09-11,0,0,3
9074.T,zero_volume,120,2026-09-11,2026-09-11,0,0,7
9075.T,ready,120,2026-09-11,2026-09-11,0,0,0
9076.T,ready,120,2026-09-11,2026-09-11,0,0,0
9081.T,ready,120,2026-09-11,2026-09-11,0,0,0
9082.T,zero_volume,120,2026-09-11,2026-09-11,0,0,3
9083.T,ready,120,2026-09-11,2026-09-11,0,0,0
9087.T,zero_volume,120,2026-09-11,2026-09-11,0,0,40
9090.T,ready,120,2026-09-11,2026-09-11,0,0,0
9101.T,ready,120,2026-09-11,2026-09-11,0,0,0
9104.T,ready,120,2026-09-11,2026-09-11,0,0,0
9107.T,ready,120,2026-09-11,2026-09-11,0,0,0
9110.T,ready,120,2026-09-11,2026-09-11,0,0,0
9115.T,ready,120,2026-09-11,2026-09-11,0,0,0
9119.T,ready,120,2026-09-11,2026-09-11,0,0,0
9127.T,ready,120,2026-09-11,2026-09-11,0,0,0
9130.T,ready,120,2026-09-11,2026-09-11,0,0,0
9142.T,ready,120,2026-09-11,2026-09-11,0,0,0
9143.T,ready,120,2026-09-11,2026-09-11,0,0,0
9145.T,ready,120,2026-09-11,2026-09-11,0,0,0
9147.T,ready,120,2026-09-11,2026-09-11,0,0,0
9158.T,ready,120,2026-09-11,2026-09-11,0,0,0
9159.T,zero_volume,120,2026-09-11,2026-09-11,0,0,1
9160.T,ready,120,2026-09-11,2026-09-11,0,0,0
9162.T,ready,120,2026-09-11,2026-09-11,0,0,0
9163.T,ready,120,2026-09-11,2026-09-11,0,0,0
9165.T,ready,120,2026-09-11,2026-09-11,0,0,0
9166.T,ready,120,2026-09-11,2026-09-11,0,0,0
9168.T,ready,120,2026-09-11,2026-09-11,0,0,0
9171.T,ready,120,2026-09-11,2026-09-11,0,0,0
9173.T,ready,120,2026-09-11,2026-09-11,0,0,0
9193.T,ready,120,2026-09-11,2026-09-11,0,0,0
9201.T,ready,120,2026-09-11,2026-09-11,0,0,0
9202.T,ready,120,2026-09-11,2026-09-11,0,0,0
9204.T,ready,120,2026-09-11,2026-09-11,0,0,0
9206.T,ready,120,2026-09-11,2026-09-11,0,0,0
9211.T,ready,120,2026-09-11,2026-09-11,0,0,0
9212.T,ready,120,2026-09-11,2026-09-11,0,0,0
9213.T,invalid_rows,119,2026-09-11,2026-09-10,1,1,9
9214.T,zero_volume,120,2026-09-11,2026-09-11,0,0,10
9215.T,zero_volume,120,2026-09-11,2026-09-11,0,0,1
9216.T,ready,120,2026-09-11,2026-09-11,0,0,0
9218.T,ready,120,2026-09-11,2026-09-11,0,0,0
9219.T,ready,120,2026-09-11,2026-09-11,0,0,0
9220.T,zero_volume,120,2026-09-11,2026-09-11,0,0,5
9221.T,ready,120,2026-09-11,2026-09-11,0,0,0
9223.T,ready,120,2026-09-11,2026-09-11,0,0,0
9225.T,zero_volume,120,2026-09-11,2026-09-11,0,0,21
9227.T,ready,120,2026-09-11,2026-09-11,0,0,0
9229.T,ready,120,2026-09-11,2026-09-11,0,0,0
9233.T,ready,120,2026-09-11,2026-09-11,0,0,0
9235.T,ready,120,2026-09-11,2026-09-11,0,0,0
9236.T,ready,120,2026-09-11,2026-09-11,0,0,0
9237.T,ready,120,2026-09-11,2026-09-11,0,0,0
9238.T,ready,120,2026-09-11,2026-09-11,0,0,0
9240.T,ready,120,2026-09-11,2026-09-11,0,0,0
9241.T,zero_volume,120,2026-09-11,2026-09-11,0,0,1
9242.T,zero_volume,120,2026-09-11,2026-09-11,0,0,1
9244.T,ready,120,2026-09-11,2026-09-11,0,0,0
9245.T,ready,120,2026-09-11,2026-09-11,0,0,0
9246.T,zero_volume,120,2026-09-11,2026-09-11,0,0,3
9247.T,ready,120,2026-09-11,2026-09-11,0,0,0
9248.T,ready,120,2026-09-11,2026-09-11,0,0,0
9249.T,ready,120,2026-09-11,2026-09-11,0,0,0
9250.T,zero_volume,120,2026-09-11,2026-09-11,0,0,3
9251.T,ready,120,2026-09-11,2026-09-11,0,0,0
9252.T,ready,120,2026-09-11,2026-09-11,0,0,0
9253.T,zero_volume,120,2026-09-11,2026-09-11,0,0,9
9254.T,zero_volume,120,2026-09-11,2026-09-11,0,0,6
9256.T,ready,120,2026-09-11,2026-09-11,0,0,0
9258.T,zero_volume,120,2026-09-11,2026-09-11,0,0,7
9259.T,ready,120,2026-09-11,2026-09-11,0,0,0
9262.T,ready,120,2026-09-11,2026-09-11,0,0,0
9264.T,ready,120,2026-09-11,2026-09-11,0,0,0
9265.T,zero_volume,120,2026-09-11,2026-09-11,0,0,15
9267.T,ready,120,2026-09-11,2026-09-11,0,0,0
9268.T,ready,120,2026-09-11,2026-09-11,0,0,0
9270.T,ready,120,2026-09-11,2026-09-11,0,0,0
9271.T,ready,120,2026-09-11,2026-09-11,0,0,0
9272.T,ready,120,2026-09-11,2026-09-11,0,0,0
9273.T,ready,120,2026-09-11,2026-09-11,0,0,0
9274.T,ready,120,2026-09-11,2026-09-11,0,0,0
9278.T,ready,120,2026-09-11,2026-09-11,0,0,0
9279.T,ready,120,2026-09-11,2026-09-11,0,0,0
9301.T,ready,120,2026-09-11,2026-09-11,0,0,0
9302.T,ready,120,2026-09-11,2026-09-11,0,0,0
9303.T,ready,120,2026-09-11,2026-09-11,0,0,0
9304.T,ready,120,2026-09-11,2026-09-11,0,0,0
9305.T,ready,120,2026-09-11,2026-09-11,0,0,0
9306.T,ready,120,2026-09-11,2026-09-11,0,0,0
9307.T,ready,120,2026-09-11,2026-09-11,0,0,0
9308.T,ready,120,2026-09-11,2026-09-11,0,0,0
9310.T,ready,120,2026-09-11,2026-09-11,0,0,0
9311.T,invalid_rows,119,2026-09-11,2026-09-10,1,1,54
9312.T,ready,120,2026-09-11,2026-09-11,0,0,0
9313.T,zero_volume,120,2026-09-11,2026-09-11,0,0,18
9319.T,ready,120,2026-09-11,2026-09-11,0,0,0
9322.T,ready,120,2026-09-11,2026-09-11,0,0,0
9324.T,ready,120,2026-09-11,2026-09-11,0,0,0
9325.T,ready,120,2026-09-11,2026-09-11,0,0,0
9326.T,ready,120,2026-09-11,2026-09-11,0,0,0
9327.T,ready,120,2026-09-11,2026-09-11,0,0,0
9330.T,ready,120,2026-09-11,2026-09-11,0,0,0
9331.T,zero_volume,120,2026-09-11,2026-09-11,0,0,5
9332.T,ready,120,2026-09-11,2026-09-11,0,0,0
9336.T,ready,120,2026-09-11,2026-09-11,0,0,0
9337.T,ready,120,2026-09-11,2026-09-11,0,0,0
9339.T,ready,120,2026-09-11,2026-09-11,0,0,0
9340.T,ready,120,2026-09-11,2026-09-11,0,0,0
9341.T,ready,120,2026-09-11,2026-09-11,0,0,0
9342.T,ready,120,2026-09-11,2026-09-11,0,0,0
9343.T,ready,120,2026-09-11,2026-09-11,0,0,0
9344.T,zero_volume,120,2026-09-11,2026-09-11,0,0,1
9345.T,ready,120,2026-09-11,2026-09-11,0,0,0
9346.T,ready,120,2026-09-11,2026-09-11,0,0,0
9347.T,ready,120,2026-09-11,2026-09-11,0,0,0
9348.T,ready,120,2026-09-11,2026-09-11,0,0,0
9351.T,ready,120,2026-09-11,2026-09-11,0,0,0
9353.T,ready,120,2026-09-11,2026-09-11,0,0,0
9355.T,zero_volume,120,2026-09-11,2026-09-11,0,0,21
9360.T,zero_volume,120,2026-09-11,2026-09-11,0,0,1
9361.T,invalid_rows,119,2026-09-11,2026-09-10,1,1,25
9362.T,invalid_rows,119,2026-09-11,2026-09-10,1,1,40
9363.T,ready,120,2026-09-11,2026-09-11,0,0,0
9364.T,ready,120,2026-09-11,2026-09-11,0,0,0
9365.T,invalid_rows,119,2026-09-11,2026-09-10,1,1,15
9366.T,zero_volume,120,2026-09-11,2026-09-11,0,0,1
9367.T,ready,120,2026-09-11,2026-09-11,0,0,0
9368.T,ready,120,2026-09-11,2026-09-11,0,0,0
9369.T,ready,120,2026-09-11,2026-09-11,0,0,0
9376.T,ready,120,2026-09-11,2026-09-11,0,0,0
9380.T,ready,120,2026-09-11,2026-09-11,0,0,0
9381.T,ready,120,2026-09-11,2026-09-11,0,0,0
9385.T,ready,120,2026-09-11,2026-09-11,0,0,0
9401.T,ready,120,2026-09-11,2026-09-11,0,0,0
9404.T,ready,120,2026-09-11,2026-09-11,0,0,0
9405.T,ready,120,2026-09-11,2026-09-11,0,0,0
9408.T,zero_volume,120,2026-09-11,2026-09-11,0,0,54
9409.T,ready,120,2026-09-11,2026-09-11,0,0,0
9412.T,ready,120,2026-09-11,2026-09-11,0,0,0
9413.T,ready,120,2026-09-11,2026-09-11,0,0,0
9414.T,ready,120,2026-09-11,2026-09-11,0,0,0
9416.T,ready,120,2026-09-11,2026-09-11,0,0,0
9417.T,ready,120,2026-09-11,2026-09-11,0,0,0
9418.T,ready,120,2026-09-11,2026-09-11,0,0,0
9419.T,ready,120,2026-09-11,2026-09-11,0,0,0
9421.T,ready,120,2026-09-11,2026-09-11,0,0,0
9423.T,ready,120,2026-09-11,2026-09-11,0,0,0
9424.T,ready,120,2026-09-11,2026-09-11,0,0,0
9425.T,ready,120,2026-09-11,2026-09-11,0,0,0
9428.T,zero_volume,120,2026-09-11,2026-09-11,0,0,13
9432.T,ready,120,2026-09-11,2026-09-11,0,0,0
9433.T,ready,120,2026-09-11,2026-09-11,0,0,0
9434.T,ready,120,2026-09-11,2026-09-11,0,0,0
9435.T,ready,120,2026-09-11,2026-09-11,0,0,0
9436.T,ready,120,2026-09-11,2026-09-11,0,0,0
9438.T,ready,120,2026-09-11,2026-09-11,0,0,0
9439.T,ready,120,2026-09-11,2026-09-11,0,0,0
9441.T,ready,120,2026-09-11,2026-09-11,0,0,0
9444.T,ready,120,2026-09-11,2026-09-11,0,0,0
9445.T,zero_volume,120,2026-09-11,2026-09-11,0,0,3
9446.T,ready,120,2026-09-11,2026-09-11,0,0,0
9449.T,ready,120,2026-09-11,2026-09-11,0,0,0
9450.T,ready,120,2026-09-11,2026-09-11,0,0,0
9466.T,ready,120,2026-09-11,2026-09-11,0,0,0
9467.T,ready,120,2026-09-11,2026-09-11,0,0,0
9468.T,ready,120,2026-09-11,2026-09-11,0,0,0
9470.T,ready,120,2026-09-11,2026-09-11,0,0,0
9474.T,ready,120,2026-09-11,2026-09-11,0,0,0
9475.T,ready,120,2026-09-11,2026-09-11,0,0,0
9476.T,zero_volume,120,2026-09-11,2026-09-11,0,0,7
9478.T,ready,120,2026-09-11,2026-09-11,0,0,0
9501.T,ready,120,2026-09-11,2026-09-11,0,0,0
9502.T,ready,120,2026-09-11,2026-09-11,0,0,0
9503.T,ready,120,2026-09-11,2026-09-11,0,0,0
9504.T,ready,120,2026-09-11,2026-09-11,0,0,0
9505.T,ready,120,2026-09-11,2026-09-11,0,0,0
9506.T,ready,120,2026-09-11,2026-09-11,0,0,0
9507.T,ready,120,2026-09-11,2026-09-11,0,0,0
9508.T,ready,120,2026-09-11,2026-09-11,0,0,0
9509.T,ready,120,2026-09-11,2026-09-11,0,0,0
9511.T,ready,120,2026-09-11,2026-09-11,0,0,0
9513.T,ready,120,2026-09-11,2026-09-11,0,0,0
9514.T,ready,120,2026-09-11,2026-09-11,0,0,0
9517.T,ready,120,2026-09-11,2026-09-11,0,0,0
9519.T,ready,120,2026-09-11,2026-09-11,0,0,0
9531.T,ready,120,2026-09-11,2026-09-11,0,0,0
9532.T,ready,120,2026-09-11,2026-09-11,0,0,0
9533.T,ready,120,2026-09-11,2026-09-11,0,0,0
9534.T,ready,120,2026-09-11,2026-09-11,0,0,0
9535.T,ready,120,2026-09-11,2026-09-11,0,0,0
9536.T,ready,120,2026-09-11,2026-09-11,0,0,0
9537.T,zero_volume,120,2026-09-11,2026-09-11,0,0,10
9539.T,zero_volume,120,2026-09-11,2026-09-11,0,0,2
9543.T,ready,120,2026-09-11,2026-09-11,0,0,0
9551.T,ready,120,2026-09-11,2026-09-11,0,0,0
9552.T,ready,120,2026-09-11,2026-09-11,0,0,0
9553.T,ready,120,2026-09-11,2026-09-11,0,0,0
9554.T,ready,120,2026-09-11,2026-09-11,0,0,0
9556.T,ready,120,2026-09-11,2026-09-11,0,0,0
9557.T,ready,120,2026-09-11,2026-09-11,0,0,0
9558.T,ready,120,2026-09-11,2026-09-11,0,0,0
9560.T,ready,120,2026-09-11,2026-09-11,0,0,0
9561.T,ready,120,2026-09-11,2026-09-11,0,0,0
9562.T,zero_volume,120,2026-09-11,2026-09-11,0,0,1
9563.T,ready,120,2026-09-11,2026-09-11,0,0,0
9564.T,ready,120,2026-09-11,2026-09-11,0,0,0
9565.T,zero_volume,120,2026-09-11,2026-09-11,0,0,5
9601.T,ready,120,2026-09-11,2026-09-11,0,0,0
9602.T,ready,120,2026-09-11,2026-09-11,0,0,0
9603.T,ready,120,2026-09-11,2026-09-11,0,0,0
9605.T,ready,120,2026-09-11,2026-09-11,0,0,0
9610.T,ready,120,2026-09-11,2026-09-11,0,0,0
9612.T,ready,120,2026-09-11,2026-09-11,0,0,0
9616.T,ready,120,2026-09-11,2026-09-11,0,0,0
9619.T,ready,120,2026-09-11,2026-09-11,0,0,0
9621.T,ready,120,2026-09-11,2026-09-11,0,0,0
9622.T,ready,120,2026-09-11,2026-09-11,0,0,0
9625.T,ready,120,2026-09-11,2026-09-11,0,0,0
9627.T,ready,120,2026-09-11,2026-09-11,0,0,0
9628.T,ready,120,2026-09-11,2026-09-11,0,0,0
9629.T,ready,120,2026-09-11,2026-09-11,0,0,0
9632.T,ready,120,2026-09-11,2026-09-11,0,0,0
9633.T,ready,120,2026-09-11,2026-09-11,0,0,0
9635.T,zero_volume,120,2026-09-11,2026-09-11,0,0,31
9636.T,zero_volume,120,2026-09-11,2026-09-11,0,0,5
9639.T,ready,120,2026-09-11,2026-09-11,0,0,0
9640.T,ready,120,2026-09-11,2026-09-11,0,0,0
9644.T,ready,120,2026-09-11,2026-09-11,0,0,0
9647.T,zero_volume,120,2026-09-11,2026-09-11,0,0,16
9651.T,ready,120,2026-09-11,2026-09-11,0,0,0
9656.T,ready,120,2026-09-11,2026-09-11,0,0,0
9658.T,ready,120,2026-09-11,2026-09-11,0,0,0
9661.T,ready,120,2026-09-11,2026-09-11,0,0,0
9663.T,ready,120,2026-09-11,2026-09-11,0,0,0
9672.T,ready,120,2026-09-11,2026-09-11,0,0,0
9678.T,ready,120,2026-09-11,2026-09-11,0,0,0
9679.T,zero_volume,120,2026-09-11,2026-09-11,0,0,15
9682.T,ready,120,2026-09-11,2026-09-11,0,0,0
9684.T,ready,120,2026-09-11,2026-09-11,0,0,0
9685.T,zero_volume,120,2026-09-11,2026-09-11,0,0,3
9686.T,ready,120,2026-09-11,2026-09-11,0,0,0
9687.T,zero_volume,120,2026-09-11,2026-09-11,0,0,1
9691.T,invalid_rows,119,2026-09-11,2026-09-10,1,1,22
9692.T,ready,120,2026-09-11,2026-09-11,0,0,0
9697.T,ready,120,2026-09-11,2026-09-11,0,0,0
9698.T,ready,120,2026-09-11,2026-09-11,0,0,0
9699.T,ready,120,2026-09-11,2026-09-11,0,0,0
9701.T,zero_volume,120,2026-09-11,2026-09-11,0,0,5
9702.T,ready,120,2026-09-11,2026-09-11,0,0,0
9704.T,ready,120,2026-09-11,2026-09-11,0,0,0
9706.T,ready,120,2026-09-11,2026-09-11,0,0,0
9708.T,ready,120,2026-09-11,2026-09-11,0,0,0
9709.T,ready,120,2026-09-11,2026-09-11,0,0,0
9713.T,ready,120,2026-09-11,2026-09-11,0,0,0
9715.T,ready,120,2026-09-11,2026-09-11,0,0,0
9716.T,ready,120,2026-09-11,2026-09-11,0,0,0
9720.T,zero_volume,120,2026-09-11,2026-09-11,0,0,44
9722.T,ready,120,2026-09-11,2026-09-11,0,0,0
9723.T,ready,120,2026-09-11,2026-09-11,0,0,0
9726.T,ready,120,2026-09-11,2026-09-11,0,0,0
9729.T,ready,120,2026-09-11,2026-09-11,0,0,0
9731.T,ready,120,2026-09-11,2026-09-11,0,0,0
9733.T,ready,120,2026-09-11,2026-09-11,0,0,0
9735.T,ready,120,2026-09-11,2026-09-11,0,0,0
9739.T,ready,120,2026-09-11,2026-09-11,0,0,0
9740.T,ready,120,2026-09-11,2026-09-11,0,0,0
9742.T,ready,120,2026-09-11,2026-09-11,0,0,0
9743.T,ready,120,2026-09-11,2026-09-11,0,0,0
9744.T,ready,120,2026-09-11,2026-09-11,0,0,0
9746.T,ready,120,2026-09-11,2026-09-11,0,0,0
9753.T,ready,120,2026-09-11,2026-09-11,0,0,0
9755.T,ready,120,2026-09-11,2026-09-11,0,0,0
9757.T,ready,120,2026-09-11,2026-09-11,0,0,0
9759.T,ready,120,2026-09-11,2026-09-11,0,0,0
9760.T,ready,120,2026-09-11,2026-09-11,0,0,0
9761.T,ready,120,2026-09-11,2026-09-11,0,0,0
9763.T,ready,120,2026-09-11,2026-09-11,0,0,0
9765.T,ready,120,2026-09-11,2026-09-11,0,0,0
9766.T,ready,120,2026-09-11,2026-09-11,0,0,0
9767.T,zero_volume,120,2026-09-11,2026-09-11,0,0,2
9768.T,ready,120,2026-09-11,2026-09-11,0,0,0
9769.T,ready,120,2026-09-11,2026-09-11,0,0,0
9778.T,zero_volume,120,2026-09-11,2026-09-11,0,0,14
9780.T,ready,120,2026-09-11,2026-09-11,0,0,0
9782.T,ready,120,2026-09-11,2026-09-11,0,0,0
9788.T,ready,120,2026-09-11,2026-09-11,0,0,0
9790.T,ready,120,2026-09-11,2026-09-11,0,0,0
9791.T,zero_volume,120,2026-09-11,2026-09-11,0,0,2
9793.T,ready,120,2026-09-11,2026-09-11,0,0,0
9795.T,ready,120,2026-09-11,2026-09-11,0,0,0
9799.T,ready,120,2026-09-11,2026-09-11,0,0,0
9812.T,ready,120,2026-09-11,2026-09-11,0,0,0
9816.T,ready,120,2026-09-11,2026-09-11,0,0,0
9818.T,zero_volume,120,2026-09-11,2026-09-11,0,0,7
9820.T,zero_volume,120,2026-09-11,2026-09-11,0,0,13
9823.T,ready,120,2026-09-11,2026-09-11,0,0,0
9824.T,ready,120,2026-09-11,2026-09-11,0,0,0
9827.T,ready,120,2026-09-11,2026-09-11,0,0,0
9828.T,ready,120,2026-09-11,2026-09-11,0,0,0
9830.T,ready,120,2026-09-11,2026-09-11,0,0,0
9831.T,ready,120,2026-09-11,2026-09-11,0,0,0
9832.T,ready,120,2026-09-11,2026-09-11,0,0,0
9835.T,ready,120,2026-09-11,2026-09-11,0,0,0
9837.T,ready,120,2026-09-11,2026-09-11,0,0,0
9842.T,ready,120,2026-09-11,2026-09-11,0,0,0
9843.T,ready,120,2026-09-11,2026-09-11,0,0,0
9845.T,ready,120,2026-09-11,2026-09-11,0,0,0
9846.T,ready,120,2026-09-11,2026-09-11,0,0,0
9849.T,zero_volume,120,2026-09-11,2026-09-11,0,0,30
9850.T,ready,120,2026-09-11,2026-09-11,0,0,0
9853.T,zero_volume,120,2026-09-11,2026-09-11,0,0,2
9854.T,ready,120,2026-09-11,2026-09-11,0,0,0
9856.T,ready,120,2026-09-11,2026-09-11,0,0,0
9857.T,zero_volume,120,2026-09-11,2026-09-11,0,0,2
9861.T,ready,120,2026-09-11,2026-09-11,0,0,0
9867.T,zero_volume,120,2026-09-11,2026-09-11,0,0,15
9869.T,ready,120,2026-09-11,2026-09-11,0,0,0
9872.T,ready,120,2026-09-11,2026-09-11,0,0,0
9876.T,ready,120,2026-09-11,2026-09-11,0,0,0
9878.T,ready,120,2026-09-11,2026-09-11,0,0,0
9880.T,ready,120,2026-09-11,2026-09-11,0,0,0
9882.T,ready,120,2026-09-11,2026-09-11,0,0,0
9885.T,ready,120,2026-09-11,2026-09-11,0,0,0
9887.T,ready,120,2026-09-11,2026-09-11,0,0,0
9888.T,ready,120,2026-09-11,2026-09-11,0,0,0
9889.T,ready,120,2026-09-11,2026-09-11,0,0,0
9890.T,zero_volume,120,2026-09-11,2026-09-11,0,0,1
9895.T,zero_volume,120,2026-09-11,2026-09-11,0,0,2
9896.T,ready,120,2026-09-11,2026-09-11,0,0,0
9900.T,ready,120,2026-09-11,2026-09-11,0,0,0
9902.T,ready,120,2026-09-11,2026-09-11,0,0,0
9903.T,ready,120,2026-09-11,2026-09-11,0,0,0
9904.T,ready,120,2026-09-11,2026-09-11,0,0,0
9906.T,ready,120,2026-09-11,2026-09-11,0,0,0
9908.T,ready,120,2026-09-11,2026-09-11,0,0,0
9913.T,zero_volume,120,2026-09-11,2026-09-11,0,0,2
9914.T,invalid_rows,2,2026-09-11,2026-09-11,118,37,0
9928.T,ready,120,2026-09-11,2026-09-11,0,0,0
9929.T,zero_volume,120,2026-09-11,2026-09-11,0,0,5
9930.T,zero_volume,120,2026-09-11,2026-09-11,0,0,1
9932.T,ready,120,2026-09-11,2026-09-11,0,0,0
9934.T,ready,120,2026-09-11,2026-09-11,0,0,0
9936.T,ready,120,2026-09-11,2026-09-11,0,0,0
9941.T,ready,120,2026-09-11,2026-09-11,0,0,0
9946.T,ready,120,2026-09-11,2026-09-11,0,0,0
9948.T,ready,120,2026-09-11,2026-09-11,0,0,0
9950.T,ready,120,2026-09-11,2026-09-11,0,0,0
9955.T,ready,120,2026-09-11,2026-09-11,0,0,0
9956.T,ready,120,2026-09-11,2026-09-11,0,0,0
9959.T,zero_volume,120,2026-09-11,2026-09-11,0,0,2
9960.T,ready,120,2026-09-11,2026-09-11,0,0,0
9962.T,ready,120,2026-09-11,2026-09-11,0,0,0
9969.T,ready,120,2026-09-11,2026-09-11,0,0,0
9972.T,ready,120,2026-09-11,2026-09-11,0,0,0
9973.T,ready,120,2026-09-11,2026-09-11,0,0,0
9974.T,ready,120,2026-09-11,2026-09-11,0,0,0
9976.T,zero_volume,120,2026-09-11,2026-09-11,0,0,13
9978.T,ready,120,2026-09-11,2026-09-11,0,0,0
9979.T,ready,120,2026-09-11,2026-09-11,0,0,0
9980.T,ready,120,2026-09-11,2026-09-11,0,0,0
9982.T,ready,120,2026-09-11,2026-09-11,0,0,0
9983.T,ready,120,2026-09-11,2026-09-11,0,0,0
9984.T,ready,120,2026-09-11,2026-09-11,0,0,0
9986.T,ready,120,2026-09-11,2026-09-11,0,0,0
9987.T,ready,120,2026-09-11,2026-09-11,0,0,0
9989.T,ready,120,2026-09-11,2026-09-11,0,0,0
9990.T,ready,120,2026-09-11,2026-09-11,0,0,0
9991.T,ready,120,2026-09-11,2026-09-11,0,0,0
9993.T,ready,120,2026-09-11,2026-09-11,0,0,0
9994.T,ready,120,2026-09-11,2026-09-11,0,0,0
9996.T,zero_volume,120,2026-09-11,2026-09-11,0,0,4
9997.T,ready,120,2026-09-11,2026-09-11,0,0,0
