stock_code,ticker,company_name,sector17,sector33
1301,1301.T,極洋,食品,水産・農林業
130A,130A.T,Ｖｅｒｉｔａｓ　Ｉｎ　Ｓｉｌｉｃｏ,医薬品,医薬品
1332,1332.T,ニッスイ,食品,水産・農林業
1333,1333.T,Ｕｍｉｏｓ,食品,水産・農林業
135A,135A.T,ＶＲＡＩＮ　Ｓｏｌｕｔｉｏｎ,情報通信・サービスその他,情報・通信業
1375,1375.T,ユキグニファクトリー,食品,水産・農林業
1376,1376.T,カネコ種苗,食品,水産・農林業
1377,1377.T,サカタのタネ,食品,水産・農林業
1379,1379.T,ホクト,食品,水産・農林業
137A,137A.T,Ｃｏｃｏｌｉｖｅ,情報通信・サービスその他,情報・通信業
1380,1380.T,秋川牧園,食品,水産・農林業
1381,1381.T,アクシーズ,食品,水産・農林業
1382,1382.T,ホーブ,食品,水産・農林業
1383,1383.T,ベルグアース,食品,水産・農林業
1384,1384.T,ホクリヨウ,食品,水産・農林業
138A,138A.T,光フードサービス,小売,小売業
1401,1401.T,エムビーエス,建設・資材,建設業
1407,1407.T,ウエストホールディングス,建設・資材,建設業
1414,1414.T,ショーボンドホールディングス,建設・資材,建設業
1417,1417.T,ミライト・ワン,建設・資材,建設業
1418,1418.T,インターライフホールディングス,建設・資材,建設業
1419,1419.T,タマホーム,建設・資材,建設業
141A,141A.T,トライアルホールディングス,小売,小売業
1420,1420.T,サンヨーホームズ,建設・資材,建設業
1429,1429.T,日本アクア,建設・資材,建設業
142A,142A.T,ジンジブ,情報通信・サービスその他,サービス業
1430,1430.T,ファーストコーポレーション,建設・資材,建設業
1431,1431.T,Ｌｉｂ　Ｗｏｒｋ,建設・資材,建設業
1433,1433.T,ベステラ,建設・資材,建設業
1434,1434.T,ＪＥＳＣＯホールディングス,建設・資材,建設業
1435,1435.T,ｒｏｂｏｔ　ｈｏｍｅ,不動産,不動産業
1436,1436.T,グリーンエナジー＆カンパニー,建設・資材,建設業
1438,1438.T,岐阜造園,建設・資材,建設業
143A,143A.T,イシン,情報通信・サービスその他,サービス業
1443,1443.T,技研ホールディングス,建設・資材,建設業
1444,1444.T,ニッソウ,建設・資材,建設業
1446,1446.T,キャンディル,建設・資材,建設業
1447,1447.T,ＳＡＡＦホールディングス,建設・資材,建設業
1450,1450.T,ＴＡＮＡＫＥＮ,建設・資材,建設業
145A,145A.T,Ｌ　ｉｓ　Ｂ,情報通信・サービスその他,情報・通信業
146A,146A.T,コロンビア・ワークス,不動産,不動産業
147A,147A.T,ソラコム,情報通信・サービスその他,情報・通信業
148A,148A.T,ハッチ・ワーク,情報通信・サービスその他,情報・通信業
1491,1491.T,中外鉱業,鉄鋼・非鉄,非鉄金属
149A,149A.T,シンカ,情報通信・サービスその他,情報・通信業
150A,150A.T,ＪＳＨ,情報通信・サービスその他,サービス業
1514,1514.T,住石ホールディングス,エネルギー資源,鉱業
1515,1515.T,日鉄鉱業,エネルギー資源,鉱業
1518,1518.T,三井松島ホールディングス,情報通信・サービスその他,その他製品
151A,151A.T,ダイブグループ,情報通信・サービスその他,サービス業
153A,153A.T,カウリス,情報通信・サービスその他,情報・通信業
155A,155A.T,情報戦略テクノロジー,情報通信・サービスその他,情報・通信業
156A,156A.T,マテリアルグループ,情報通信・サービスその他,サービス業
157A,157A.T,グリーンモンスター,情報通信・サービスその他,サービス業
1605,1605.T,ＩＮＰＥＸ,エネルギー資源,鉱業
160A,160A.T,アズパートナーズ,情報通信・サービスその他,サービス業
1662,1662.T,石油資源開発,エネルギー資源,鉱業
1663,1663.T,Ｋ＆Ｏエナジーグループ,エネルギー資源,鉱業
166A,166A.T,タスキホールディングス,不動産,不動産業
167A,167A.T,リョーサン菱洋ホールディングス,商社・卸売,卸売業
168A,168A.T,イタミアート,情報通信・サービスその他,その他製品
1711,1711.T,ＳＤＳホールディングス,建設・資材,建設業
1716,1716.T,第一カッター興業,建設・資材,建設業
1717,1717.T,明豊ファシリティワークス,情報通信・サービスその他,サービス業
1718,1718.T,美樹工業,建設・資材,建設業
1719,1719.T,安藤・間,建設・資材,建設業
1720,1720.T,東急建設,建設・資材,建設業
1721,1721.T,コムシスホールディングス,建設・資材,建設業
1723,1723.T,日本電技,建設・資材,建設業
1724,1724.T,シンクレイヤ,建設・資材,建設業
1736,1736.T,オーテック,建設・資材,建設業
173A,173A.T,ハンモック,情報通信・サービスその他,情報・通信業
1758,1758.T,太洋基礎工業,建設・資材,建設業
175A,175A.T,Ｗｉｌｌ　Ｓｍａｒｔ,情報通信・サービスその他,情報・通信業
1762,1762.T,高松コンストラクショングループ,建設・資材,建設業
1764,1764.T,工藤建設,建設・資材,建設業
1766,1766.T,東建コーポレーション,建設・資材,建設業
1768,1768.T,ソネック,建設・資材,建設業
1770,1770.T,藤田エンジニアリング,建設・資材,建設業
177A,177A.T,コージンバイオ,素材・化学,化学
1780,1780.T,ヤマウラ,建設・資材,建設業
1783,1783.T,ｆａｎｔａｓｉｓｔａ,不動産,不動産業
1786,1786.T,オリエンタル白石,建設・資材,建設業
1787,1787.T,ナカボーテック,建設・資材,建設業
1788,1788.T,三東工業社,建設・資材,建設業
1793,1793.T,大本組,建設・資材,建設業
1795,1795.T,マサル,建設・資材,建設業
1798,1798.T,守谷商会,建設・資材,建設業
1799,1799.T,第一建設工業,建設・資材,建設業
1801,1801.T,大成建設,建設・資材,建設業
1802,1802.T,大林組,建設・資材,建設業
1803,1803.T,清水建設,建設・資材,建設業
1807,1807.T,佐藤渡辺,建設・資材,建設業
1808,1808.T,長谷工コーポレーション,建設・資材,建設業
1810,1810.T,松井建設,建設・資材,建設業
1811,1811.T,錢高組,建設・資材,建設業
1812,1812.T,鹿島建設,建設・資材,建設業
1813,1813.T,不動テトラ,建設・資材,建設業
1814,1814.T,大末建設,建設・資材,建設業
1815,1815.T,鉄建建設,建設・資材,建設業
1820,1820.T,西松建設,建設・資材,建設業
1822,1822.T,大豊建設,建設・資材,建設業
1826,1826.T,佐田建設,建設・資材,建設業
1827,1827.T,ナカノフドー建設,建設・資材,建設業
1828,1828.T,田辺工業,建設・資材,建設業
1833,1833.T,奥村組,建設・資材,建設業
1835,1835.T,東鉄工業,建設・資材,建設業
1840,1840.T,土屋ホールディングス,建設・資材,建設業
1844,1844.T,大盛工業,建設・資材,建設業
1847,1847.T,イチケン,建設・資材,建設業
1848,1848.T,富士ピー・エス,建設・資材,建設業
184A,184A.T,学びエイド,情報通信・サービスその他,情報・通信業
1850,1850.T,南海辰村建設,建設・資材,建設業
1852,1852.T,淺沼組,建設・資材,建設業
1853,1853.T,森組,建設・資材,建設業
1860,1860.T,戸田建設,建設・資材,建設業
1861,1861.T,熊谷組,建設・資材,建設業
1866,1866.T,北野建設,建設・資材,建設業
1867,1867.T,植木組,建設・資材,建設業
186A,186A.T,アストロスケールホールディングス,情報通信・サービスその他,サービス業
1870,1870.T,矢作建設工業,建設・資材,建設業
1871,1871.T,ピーエス・コンストラクション,建設・資材,建設業
1873,1873.T,日本ハウスホールディングス,建設・資材,建設業
1878,1878.T,大東建託,不動産,不動産業
1879,1879.T,新日本建設,建設・資材,建設業
1882,1882.T,東亜道路工業,建設・資材,建設業
1885,1885.T,東亜建設工業,建設・資材,建設業
1887,1887.T,日本国土開発,建設・資材,建設業
1888,1888.T,若築建設,建設・資材,建設業
1893,1893.T,五洋建設,建設・資材,建設業
1897,1897.T,金下建設,建設・資材,建設業
1898,1898.T,世紀東急工業,建設・資材,建設業
1899,1899.T,福田組,建設・資材,建設業
189A,189A.T,Ｄ＆Ｍカンパニー,情報通信・サービスその他,サービス業
1904,1904.T,大成温調,建設・資材,建設業
1905,1905.T,テノックス,建設・資材,建設業
1909,1909.T,日本ドライケミカル,機械,機械
190A,190A.T,Ｃｈｏｒｄｉａ　Ｔｈｅｒａｐｅｕｔｉｃｓ,医薬品,医薬品
1911,1911.T,住友林業,建設・資材,建設業
1914,1914.T,日本基礎技術,建設・資材,建設業
1921,1921.T,巴コーポレーション,建設・資材,建設業
1925,1925.T,大和ハウス工業,建設・資材,建設業
1926,1926.T,ライト工業,建設・資材,建設業
1928,1928.T,積水ハウス,建設・資材,建設業
1929,1929.T,日特建設,建設・資材,建設業
192A,192A.T,インテグループ,情報通信・サービスその他,サービス業
1930,1930.T,北陸電気工事,建設・資材,建設業
1934,1934.T,ユアテック,建設・資材,建設業
1938,1938.T,日本リーテック,建設・資材,建設業
1939,1939.T,四電工,建設・資材,建設業
1941,1941.T,中電工,建設・資材,建設業
1942,1942.T,関電工,建設・資材,建設業
1944,1944.T,きんでん,建設・資材,建設業
1945,1945.T,東京エネシス,建設・資材,建設業
1946,1946.T,トーエネック,建設・資材,建設業
1948,1948.T,弘電社,建設・資材,建設業
194A,194A.T,ＷＯＬＶＥＳ　ＨＡＮＤ,情報通信・サービスその他,サービス業
1950,1950.T,日本電設工業,建設・資材,建設業
1951,1951.T,エクシオグループ,建設・資材,建設業
1952,1952.T,新日本空調,建設・資材,建設業
1959,1959.T,クラフティア,建設・資材,建設業
195A,195A.T,ＭＵＳＣＡＴ　ＧＲＯＵＰ,情報通信・サービスその他,サービス業
1960,1960.T,サンテック,建設・資材,建設業
1961,1961.T,三機工業,建設・資材,建設業
1963,1963.T,日揮ホールディングス,建設・資材,建設業
1964,1964.T,中外炉工業,建設・資材,建設業
1965,1965.T,テクノ菱和,建設・資材,建設業
1966,1966.T,高田工業所,建設・資材,建設業
1967,1967.T,ヤマト,建設・資材,建設業
1968,1968.T,太平電業,建設・資材,建設業
1969,1969.T,高砂熱学工業,建設・資材,建設業
196A,196A.T,ＭＦＳ,金融（除く銀行）,その他金融業
1972,1972.T,三晃金属工業,建設・資材,建設業
1975,1975.T,朝日工業社,建設・資材,建設業
1976,1976.T,明星工業,建設・資材,建設業
1979,1979.T,大氣社,建設・資材,建設業
197A,197A.T,タウンズ,医薬品,医薬品
1980,1980.T,ダイダン,建設・資材,建設業
1981,1981.T,協和日成,建設・資材,建設業
1982,1982.T,日比谷総合設備,建設・資材,建設業
198A,198A.T,ＰｏｓｔＰｒｉｍｅ,情報通信・サービスその他,情報・通信業
1992,1992.T,神田通信機,建設・資材,建設業
1994,1994.T,高橋カーテンウォール工業,建設・資材,建設業
1997,1997.T,暁飯島工業,建設・資材,建設業
2001,2001.T,ニップン,食品,食料品
2002,2002.T,日清製粉グループ本社,食品,食料品
2003,2003.T,日東富士製粉,食品,食料品
2004,2004.T,昭和産業,食品,食料品
2009,2009.T,鳥越製粉,食品,食料品
2053,2053.T,中部飼料,食品,食料品
2055,2055.T,日和産業,食品,食料品
205A,205A.T,ロゴスホールディングス,建設・資材,建設業
2060,2060.T,フィード・ワン,食品,食料品
206A,206A.T,ＰＲＩＳＭ　ＢｉｏＬａｂ,医薬品,医薬品
208A,208A.T,構造計画研究所ホールディングス,情報通信・サービスその他,情報・通信業
2108,2108.T,日本甜菜製糖,食品,食料品
2109,2109.T,ＤＭ三井製糖,食品,食料品
2112,2112.T,塩水港精糖,食品,食料品
2114,2114.T,フジ日本,食品,食料品
2117,2117.T,ウェルネオシュガー,食品,食料品
211A,211A.T,カドス・コーポレーション,建設・資材,建設業
2120,2120.T,ＬＩＦＵＬＬ,情報通信・サービスその他,サービス業
2121,2121.T,ＭＩＸＩ,情報通信・サービスその他,情報・通信業
2122,2122.T,インタースペース,情報通信・サービスその他,サービス業
2124,2124.T,ジェイエイシーリクルートメント,情報通信・サービスその他,サービス業
2127,2127.T,日本Ｍ＆Ａセンターホールディングス,情報通信・サービスその他,サービス業
212A,212A.T,フィットイージー,情報通信・サービスその他,サービス業
2130,2130.T,メンバーズ,情報通信・サービスその他,サービス業
2134,2134.T,北浜キャピタルパートナーズ,情報通信・サービスその他,サービス業
2136,2136.T,ヒップ,情報通信・サービスその他,サービス業
2138,2138.T,クルーズ,情報通信・サービスその他,情報・通信業
2139,2139.T,中広,情報通信・サービスその他,サービス業
2146,2146.T,ＵＴグループ,情報通信・サービスその他,サービス業
2148,2148.T,アイティメディア,情報通信・サービスその他,サービス業
2152,2152.T,幼児活動研究会,情報通信・サービスその他,サービス業
2153,2153.T,Ｅ・Ｊホールディングス,情報通信・サービスその他,サービス業
2154,2154.T,オープンアップグループ,情報通信・サービスその他,サービス業
2156,2156.T,セーラー広告,情報通信・サービスその他,サービス業
2157,2157.T,コシダカホールディングス,情報通信・サービスその他,サービス業
2158,2158.T,ＦＲＯＮＴＥＯ,情報通信・サービスその他,サービス業
215A,215A.T,タイミー,情報通信・サービスその他,サービス業
2160,2160.T,ジーエヌアイグループ,医薬品,医薬品
2163,2163.T,アルトナー,情報通信・サービスその他,サービス業
2164,2164.T,地域新聞社,情報通信・サービスその他,サービス業
2168,2168.T,パソナグループ,情報通信・サービスその他,サービス業
2169,2169.T,ＣＤＳ,情報通信・サービスその他,サービス業
2170,2170.T,リンクアンドモチベーション,情報通信・サービスその他,サービス業
2173,2173.T,博展,情報通信・サービスその他,サービス業
2175,2175.T,エス・エム・エス,情報通信・サービスその他,サービス業
2179,2179.T,成学社,情報通信・サービスその他,サービス業
2180,2180.T,サニーサイドアップグループ,情報通信・サービスその他,サービス業
2181,2181.T,パーソルホールディングス,情報通信・サービスその他,サービス業
2183,2183.T,リニカル,情報通信・サービスその他,サービス業
2185,2185.T,シイエム・シイ,情報通信・サービスその他,サービス業
2186,2186.T,ソーバル,情報通信・サービスその他,サービス業
218A,218A.T,Ｌｉｂｅｒａｗａｒｅ,電機・精密,精密機器
2193,2193.T,クックパッド,情報通信・サービスその他,サービス業
2195,2195.T,アミタホールディングス,情報通信・サービスその他,サービス業
2198,2198.T,アイ・ケイ・ケイホールディングス,情報通信・サービスその他,サービス業
219A,219A.T,Ｈｅａｒｔｓｅｅｄ,医薬品,医薬品
2201,2201.T,森永製菓,食品,食料品
2204,2204.T,中村屋,食品,食料品
2206,2206.T,江崎グリコ,食品,食料品
2207,2207.T,ｍｅｉｔｏ,食品,食料品
2208,2208.T,ブルボン,食品,食料品
2209,2209.T,井村屋グループ,食品,食料品
220A,220A.T,Ｆａｂｅｒ　Ｃｏｍｐａｎｙ,情報通信・サービスその他,情報・通信業
2211,2211.T,不二家,食品,食料品
2212,2212.T,山崎製パン,食品,食料品
2215,2215.T,第一屋製パン,食品,食料品
2216,2216.T,カンロ,食品,食料品
2217,2217.T,モロゾフ,食品,食料品
2220,2220.T,亀田製菓,食品,食料品
2221,2221.T,岩塚製菓,食品,食料品
2222,2222.T,寿スピリッツ,食品,食料品
2224,2224.T,コモ,食品,食料品
2226,2226.T,湖池屋,食品,食料品
2229,2229.T,カルビー,食品,食料品
2264,2264.T,森永乳業,食品,食料品
2266,2266.T,六甲バター,食品,食料品
2267,2267.T,ヤクルト本社,食品,食料品
2268,2268.T,Ｂ－Ｒ　サーティワン　アイスクリーム,食品,食料品
2269,2269.T,明治ホールディングス,食品,食料品
2270,2270.T,雪印メグミルク,食品,食料品
2281,2281.T,プリマハム,食品,食料品
2282,2282.T,日本ハム,食品,食料品
2286,2286.T,林兼産業,食品,食料品
2288,2288.T,丸大食品,食品,食料品
228A,228A.T,オプロ,情報通信・サービスその他,情報・通信業
2291,2291.T,福留ハム,食品,食料品
2292,2292.T,Ｓ　Ｆｏｏｄｓ,食品,食料品
2293,2293.T,滝沢ハム,食品,食料品
2294,2294.T,柿安本店,食品,食料品
2296,2296.T,伊藤ハム米久ホールディングス,食品,食料品
2300,2300.T,きょくとう,情報通信・サービスその他,サービス業
2301,2301.T,学情,情報通信・サービスその他,サービス業
2303,2303.T,ドーン,情報通信・サービスその他,情報・通信業
2304,2304.T,ＣＳＳホールディングス,情報通信・サービスその他,サービス業
2305,2305.T,スタジオアリス,情報通信・サービスその他,サービス業
2307,2307.T,クロスキャット,情報通信・サービスその他,情報・通信業
2311,2311.T,エプコ,情報通信・サービスその他,サービス業
2315,2315.T,ＣＡＩＣＡ　ＤＩＧＩＴＡＬ,情報通信・サービスその他,情報・通信業
2317,2317.T,システナ,情報通信・サービスその他,情報・通信業
2321,2321.T,ソフトフロントホールディングス,情報通信・サービスその他,情報・通信業
2323,2323.T,ｆｏｎｆｕｎ,情報通信・サービスその他,情報・通信業
2325,2325.T,ＮＪＳ,情報通信・サービスその他,サービス業
2326,2326.T,デジタルアーツ,情報通信・サービスその他,情報・通信業
2327,2327.T,日鉄ソリューションズ,情報通信・サービスその他,情報・通信業
2329,2329.T,東北新社,情報通信・サービスその他,情報・通信業
2330,2330.T,フォーサイド,情報通信・サービスその他,情報・通信業
2331,2331.T,ＡＬＳＯＫ,情報通信・サービスその他,サービス業
2332,2332.T,クエスト,情報通信・サービスその他,情報・通信業
2334,2334.T,イオレ,情報通信・サービスその他,サービス業
2335,2335.T,キューブシステム,情報通信・サービスその他,情報・通信業
2337,2337.T,いちご,不動産,不動産業
2338,2338.T,クオンタムソリューションズ,情報通信・サービスその他,情報・通信業
2340,2340.T,極楽湯ホールディングス,情報通信・サービスその他,サービス業
2341,2341.T,アルバイトタイムス,情報通信・サービスその他,サービス業
2342,2342.T,トランスジェニックグループ,情報通信・サービスその他,サービス業
2345,2345.T,ＨＯＤＬ１,情報通信・サービスその他,情報・通信業
2349,2349.T,エヌアイデイ,情報通信・サービスその他,情報・通信業
2351,2351.T,ＡＳＪ,情報通信・サービスその他,情報・通信業
2353,2353.T,日本駐車場開発,不動産,不動産業
2354,2354.T,ＹＥ　ＤＩＧＩＴＡＬ,情報通信・サービスその他,情報・通信業
2359,2359.T,コア,情報通信・サービスその他,情報・通信業
2370,2370.T,メディネット,情報通信・サービスその他,サービス業
2371,2371.T,カカクコム,情報通信・サービスその他,サービス業
2373,2373.T,ケア２１,情報通信・サービスその他,サービス業
2375,2375.T,ギグワークス,情報通信・サービスその他,サービス業
2376,2376.T,サイネックス,情報通信・サービスその他,サービス業
2378,2378.T,ルネサンス,情報通信・サービスその他,サービス業
2379,2379.T,ディップ,情報通信・サービスその他,サービス業
2384,2384.T,ＳＢＳホールディングス,運輸・物流,陸運業
2385,2385.T,総医研ホールディングス,情報通信・サービスその他,サービス業
2388,2388.T,ウェッジホールディングス,金融（除く銀行）,その他金融業
2391,2391.T,プラネット,情報通信・サービスその他,サービス業
2393,2393.T,日本ケアサプライ,情報通信・サービスその他,サービス業
2395,2395.T,新日本科学,情報通信・サービスその他,サービス業
2404,2404.T,鉄人化ホールディングス,情報通信・サービスその他,サービス業
2408,2408.T,ＫＧ情報,情報通信・サービスその他,サービス業
2410,2410.T,キャリアデザインセンター,情報通信・サービスその他,サービス業
2411,2411.T,ゲンダイエージェンシー,情報通信・サービスその他,情報・通信業
2413,2413.T,エムスリー,情報通信・サービスその他,サービス業
2415,2415.T,ヒューマンホールディングス,情報通信・サービスその他,サービス業
2418,2418.T,ツカダ・グローバルホールディング,情報通信・サービスその他,サービス業
241A,241A.T,ＲＯＸＸ,情報通信・サービスその他,情報・通信業
2424,2424.T,ブラス,情報通信・サービスその他,サービス業
2425,2425.T,ケアサービス,情報通信・サービスその他,サービス業
2428,2428.T,ウェルネット,情報通信・サービスその他,サービス業
2429,2429.T,ワールドホールディングス,情報通信・サービスその他,サービス業
2432,2432.T,ディー・エヌ・エー,情報通信・サービスその他,情報・通信業
2433,2433.T,博報堂ＤＹホールディングス,情報通信・サービスその他,サービス業
2435,2435.T,シダー,情報通信・サービスその他,サービス業
2436,2436.T,共同ピーアール,情報通信・サービスその他,サービス業
2437,2437.T,Ｓｈｉｎｗａ　Ｗｉｓｅ　Ｈｏｌｄｉｎｇｓ,情報通信・サービスその他,サービス業
2438,2438.T,アスカネット,情報通信・サービスその他,サービス業
2440,2440.T,ぐるなび,情報通信・サービスその他,サービス業
2445,2445.T,タカミヤ,情報通信・サービスその他,サービス業
2449,2449.T,プラップジャパン,情報通信・サービスその他,サービス業
244A,244A.T,グロースエクスパートナーズ,情報通信・サービスその他,情報・通信業
2454,2454.T,オールアバウト,情報通信・サービスその他,サービス業
2459,2459.T,アウンコンサルティング,情報通信・サービスその他,サービス業
245A,245A.T,ＩＮＧＳ,小売,小売業
2461,2461.T,ファンコミュニケーションズ,情報通信・サービスその他,サービス業
2462,2462.T,ライク,情報通信・サービスその他,サービス業
2464,2464.T,Ａｏｂａ‐ＢＢＴ,情報通信・サービスその他,サービス業
2469,2469.T,ヒビノ,情報通信・サービスその他,サービス業
246A,246A.T,アスア,情報通信・サービスその他,サービス業
2471,2471.T,エスプール,情報通信・サービスその他,サービス業
2475,2475.T,ＷＤＢホールディングス,情報通信・サービスその他,サービス業
2477,2477.T,手間いらず,情報通信・サービスその他,情報・通信業
2479,2479.T,ジェイテック,情報通信・サービスその他,サービス業
247A,247A.T,Ａｉロボティクス,素材・化学,化学
2480,2480.T,システム・ロケーション,情報通信・サービスその他,情報・通信業
2481,2481.T,タウンニュース社,情報通信・サービスその他,サービス業
2483,2483.T,翻訳センター,情報通信・サービスその他,サービス業
2484,2484.T,出前館,情報通信・サービスその他,情報・通信業
2485,2485.T,ティア,情報通信・サービスその他,サービス業
2488,2488.T,ＪＴＰ,情報通信・サービスその他,サービス業
2489,2489.T,アドウェイズ,情報通信・サービスその他,サービス業
248A,248A.T,キッズスター,情報通信・サービスその他,情報・通信業
2491,2491.T,バリューコマース,情報通信・サービスその他,サービス業
2492,2492.T,インフォマート,情報通信・サービスその他,サービス業
2493,2493.T,イーサポートリンク,情報通信・サービスその他,サービス業
2497,2497.T,ユナイテッド,情報通信・サービスその他,サービス業
2498,2498.T,オリエンタルコンサルタンツホールディングス,情報通信・サービスその他,サービス業
2499,2499.T,日本和装ホールディングス,情報通信・サービスその他,サービス業
2501,2501.T,サッポロビール,食品,食料品
2502,2502.T,アサヒグループホールディングス,食品,食料品
2503,2503.T,キリンホールディングス,食品,食料品
250A,250A.T,シマダヤ,食品,食料品
2531,2531.T,宝ホールディングス,食品,食料品
2533,2533.T,オエノンホールディングス,食品,食料品
253A,253A.T,ＥＴＳグループ,建設・資材,建設業
254A,254A.T,ＡＩフュージョンキャピタルグループ,金融（除く銀行）,証券、商品先物取引業
255A,255A.T,ジーエルテクノホールディングス,電機・精密,精密機器
256A,256A.T,飛島ホールディングス,建設・資材,建設業
2573,2573.T,北海道コカ・コーラボトリング,食品,食料品
2579,2579.T,コカ・コーラ　ボトラーズジャパンホールディングス,食品,食料品
2585,2585.T,ライフドリンク　カンパニー,食品,食料品
2586,2586.T,フルッタフルッタ,食品,食料品
2587,2587.T,サントリービバレッジ＆フード,食品,食料品
2588,2588.T,プレミアムウォーターホールディングス,食品,食料品
2590,2590.T,ダイドーグループホールディングス,食品,食料品
2593,2593.T,伊藤園,食品,食料品
2594,2594.T,キーコーヒー,食品,食料品
2597,2597.T,ユニカフェ,食品,食料品
2602,2602.T,日清オイリオグループ,食品,食料品
2607,2607.T,不二製油,食品,食料品
2612,2612.T,かどや製油,食品,食料品
2613,2613.T,Ｊ－オイルミルズ,食品,食料品
261A,261A.T,日水コン,情報通信・サービスその他,サービス業
262A,262A.T,インターメスティック,小売,小売業
264A,264A.T,Ｓｃｈｏｏ,情報通信・サービスその他,サービス業
2652,2652.T,まんだらけ,小売,小売業
2653,2653.T,イオン九州,小売,小売業
2654,2654.T,アスモ,小売,小売業
2656,2656.T,ベクターホールディングス,小売,小売業
2659,2659.T,サンエー,小売,小売業
265A,265A.T,Ｈｍｃｏｍｍ,情報通信・サービスその他,情報・通信業
2664,2664.T,カワチ薬品,小売,小売業
2666,2666.T,オートウェーブ,小売,小売業
2667,2667.T,イメージ　ワン,商社・卸売,卸売業
2668,2668.T,タビオ,商社・卸売,卸売業
2669,2669.T,カネ美食品,小売,小売業
2670,2670.T,エービーシー・マート,小売,小売業
2673,2673.T,夢みつけ隊,小売,小売業
2674,2674.T,ハードオフコーポレーション,小売,小売業
2676,2676.T,高千穂交易,商社・卸売,卸売業
2678,2678.T,アスクル,小売,小売業
2681,2681.T,ゲオホールディングス,小売,小売業
2683,2683.T,魚喜,小売,小売業
2685,2685.T,アンドエスティＨＤ,小売,小売業
2687,2687.T,シー・ヴイ・エス・ベイエリア,情報通信・サービスその他,サービス業
2689,2689.T,オルバヘルスケアホールディングス,商社・卸売,卸売業
268A,268A.T,リガク・ホールディングス,電機・精密,精密機器
2693,2693.T,ＹＫＴ,商社・卸売,卸売業
2694,2694.T,焼肉坂井ホールディングス,小売,小売業
2695,2695.T,くら寿司,小売,小売業
2698,2698.T,キャンドゥ,小売,小売業
269A,269A.T,Ｓａｐｅｅｔ,情報通信・サービスその他,情報・通信業
2700,2700.T,木徳神糧,商社・卸売,卸売業
2702,2702.T,日本マクドナルドホールディングス,小売,小売業
2705,2705.T,大戸屋ホールディングス,小売,小売業
2708,2708.T,久世,商社・卸売,卸売業
2721,2721.T,ジェイホールディングス,商社・卸売,卸売業
2722,2722.T,ＩＫホールディングス,小売,小売業
2726,2726.T,パルグループホールディングス,小売,小売業
2730,2730.T,エディオン,小売,小売業
2733,2733.T,あらた,商社・卸売,卸売業
2734,2734.T,サーラコーポレーション,小売,小売業
2735,2735.T,ワッツ,小売,小売業
2736,2736.T,フェスタリアホールディングス,小売,小売業
2737,2737.T,トーメンデバイス,商社・卸売,卸売業
2742,2742.T,ハローズ,小売,小売業
2747,2747.T,北雄ラッキー,小売,小売業
2749,2749.T,ＪＰホールディングス,情報通信・サービスその他,サービス業
274A,274A.T,ガーデン,小売,小売業
2750,2750.T,石光商事,商社・卸売,卸売業
2751,2751.T,テンポスホールディングス,商社・卸売,卸売業
2752,2752.T,フジオフードグループ本社,小売,小売業
2753,2753.T,あみやき亭,小売,小売業
2760,2760.T,東京エレクトロン　デバイス,商社・卸売,卸売業
2762,2762.T,ＳＡＮＫＯ　ＭＡＲＫＥＴＩＮＧ　ＦＯＯＤＳ,小売,小売業
2764,2764.T,ひらまつ,小売,小売業
2767,2767.T,円谷フィールズホールディングス,商社・卸売,卸売業
2768,2768.T,双日,商社・卸売,卸売業
2769,2769.T,ヴィレッジヴァンガードコーポレーション,小売,小売業
276A,276A.T,ククレブ・アドバイザーズ,不動産,不動産業
2776,2776.T,新都ホールディングス,商社・卸売,卸売業
2778,2778.T,パレモ・ホールディングス,小売,小売業
277A,277A.T,グロービング,情報通信・サービスその他,サービス業
2780,2780.T,コメ兵ホールディングス,小売,小売業
2782,2782.T,セリア,小売,小売業
2784,2784.T,アルフレッサ　ホールディングス,商社・卸売,卸売業
2788,2788.T,アップルインターナショナル,商社・卸売,卸売業
2789,2789.T,カルラ,小売,小売業
278A,278A.T,Ｔｅｒｒａ　Ｄｒｏｎｅ,電機・精密,精密機器
2790,2790.T,ナフコ,小売,小売業
2791,2791.T,大黒天物産,小売,小売業
2792,2792.T,ハニーズホールディングス,小売,小売業
2795,2795.T,日本プリメックス,商社・卸売,卸売業
2796,2796.T,ファーマライズホールディングス,小売,小売業
2798,2798.T,ワイズテーブルコーポレーション,小売,小売業
2801,2801.T,キッコーマン,食品,食料品
2802,2802.T,味の素,食品,食料品
2804,2804.T,ブルドックソース,食品,食料品
2805,2805.T,ヱスビー食品,食品,食料品
2806,2806.T,ユタカフーズ,食品,食料品
2809,2809.T,キユーピー,食品,食料品
280A,280A.T,ＴＭＨ,商社・卸売,卸売業
2810,2810.T,ハウス食品グループ本社,食品,食料品
2811,2811.T,カゴメ,食品,食料品
2813,2813.T,和弘食品,食品,食料品
2814,2814.T,佐藤食品工業,食品,食料品
2815,2815.T,アリアケジャパン,食品,食料品
2816,2816.T,ダイショー,食品,食料品
2818,2818.T,ピエトロ,食品,食料品
2819,2819.T,エバラ食品工業,食品,食料品
281A,281A.T,インフォメティス,情報通信・サービスその他,情報・通信業
2820,2820.T,やまみ,食品,食料品
2831,2831.T,はごろもフーズ,食品,食料品
285A,285A.T,キオクシアホールディングス,電機・精密,電気機器
286A,286A.T,ユカリア,情報通信・サービスその他,サービス業
2871,2871.T,ニチレイ,食品,食料品
2872,2872.T,セイヒョー,食品,食料品
2874,2874.T,横浜冷凍,商社・卸売,卸売業
2875,2875.T,東洋水産,食品,食料品
2876,2876.T,デルソーレ,食品,食料品
2877,2877.T,日東ベスト,食品,食料品
287A,287A.T,黒田グループ,商社・卸売,卸売業
2882,2882.T,イートアンドホールディングス,食品,食料品
2883,2883.T,大冷,食品,食料品
2884,2884.T,ヨシムラ・フード・ホールディングス,食品,食料品
288A,288A.T,ラクサス・テクノロジーズ,情報通信・サービスその他,サービス業
2892,2892.T,日本食品化工,食品,食料品
2894,2894.T,石井食品,食品,食料品
2897,2897.T,日清食品ホールディングス,食品,食料品
2901,2901.T,ウェルディッシュ,食品,食料品
2903,2903.T,シノブフーズ,食品,食料品
2904,2904.T,一正蒲鉾,食品,食料品
2907,2907.T,あじかん,食品,食料品
2908,2908.T,フジッコ,食品,食料品
290A,290A.T,Ｓｙｎｓｐｅｃｔｉｖｅ,情報通信・サービスその他,情報・通信業
2910,2910.T,ロック・フィールド,食品,食料品
2911,2911.T,旭松食品,食品,食料品
2914,2914.T,日本たばこ産業,食品,食料品
2915,2915.T,ケンコーマヨネーズ,食品,食料品
2916,2916.T,仙波糖化工業,食品,食料品
2917,2917.T,大森屋,食品,食料品
2918,2918.T,わらべや日洋ホールディングス,食品,食料品
291A,291A.T,リスキル,情報通信・サービスその他,サービス業
2922,2922.T,なとり,食品,食料品
2923,2923.T,サトウ食品,食品,食料品
2924,2924.T,イフジ産業,食品,食料品
2926,2926.T,篠崎屋,食品,食料品
2927,2927.T,ＡＦＣ－ＨＤアムスライフサイエンス,食品,食料品
2929,2929.T,ファーマフーズ,食品,食料品
2930,2930.T,北の達人コーポレーション,素材・化学,化学
2931,2931.T,ユーグレナ,食品,食料品
2932,2932.T,ＳＴＩフードホールディングス,食品,食料品
2933,2933.T,紀文食品,食品,食料品
2934,2934.T,ジェイフロンティア,食品,食料品
2935,2935.T,ピックルスホールディングス,食品,食料品
2936,2936.T,ベースフード,食品,食料品
2937,2937.T,サンクゼール,食品,食料品
2938,2938.T,オカムラ食品工業,食品,食料品
2961,2961.T,日本調理機,建設・資材,金属製品
2962,2962.T,テクニスコ,建設・資材,金属製品
296A,296A.T,令和アカウンティング・ホールディングス,情報通信・サービスその他,サービス業
2970,2970.T,ＧＬＣ　ＧＲＯＵＰ,不動産,不動産業
2975,2975.T,スター・マイカ・ホールディングス,不動産,不動産業
2978,2978.T,ツクルバ,不動産,不動産業
297A,297A.T,アルピコホールディングス,小売,小売業
2980,2980.T,ＳＲＥホールディングス,不動産,不動産業
2981,2981.T,ランディックス,不動産,不動産業
2982,2982.T,ＡＤワークスグループ,不動産,不動産業
2983,2983.T,アールプランナー,不動産,不動産業
2984,2984.T,ヤマイチエステート,不動産,不動産業
2986,2986.T,ＬＡホールディングス,不動産,不動産業
298A,298A.T,ＧＶＡ　ＴＥＣＨ,情報通信・サービスその他,情報・通信業
2991,2991.T,ランドネット,不動産,不動産業
2993,2993.T,長栄,不動産,不動産業
2997,2997.T,ストレージ王,不動産,不動産業
2998,2998.T,クリアル,不動産,不動産業
2999,2999.T,ホームポジション,不動産,不動産業
299A,299A.T,クラシル,情報通信・サービスその他,サービス業
3001,3001.T,片倉工業,素材・化学,繊維製品
3002,3002.T,グンゼ,素材・化学,繊維製品
3003,3003.T,ヒューリック,不動産,不動産業
3004,3004.T,神栄,商社・卸売,卸売業
300A,300A.T,ＭＩＣ,情報通信・サービスその他,サービス業
3010,3010.T,ポラリス・ホールディングス,情報通信・サービスその他,サービス業
3011,3011.T,バナーズ,小売,小売業
3020,3020.T,アプライド,小売,小売業
3021,3021.T,パシフィックネット,情報通信・サービスその他,サービス業
3023,3023.T,ラサ商事,商社・卸売,卸売業
3024,3024.T,クリエイト,商社・卸売,卸売業
3028,3028.T,アルペン,小売,小売業
302A,302A.T,ビースタイルホールディングス,情報通信・サービスその他,サービス業
3030,3030.T,ハブ,小売,小売業
3031,3031.T,ラクーンホールディングス,情報通信・サービスその他,情報・通信業
3034,3034.T,クオールホールディングス,小売,小売業
3035,3035.T,ケイティケイ,商社・卸売,卸売業
3036,3036.T,アルコニックス,商社・卸売,卸売業
3038,3038.T,神戸物産,商社・卸売,卸売業
303A,303A.T,ｖｉｓｕｍｏ,情報通信・サービスその他,情報・通信業
3040,3040.T,ソリトンシステムズ,情報通信・サービスその他,情報・通信業
3041,3041.T,ビューティカダンホールディングス,商社・卸売,卸売業
3042,3042.T,セキュアヴェイル,情報通信・サービスその他,情報・通信業
3045,3045.T,カワサキ,商社・卸売,卸売業
3046,3046.T,ジンズホールディングス,小売,小売業
3048,3048.T,ビックカメラ,小売,小売業
304A,304A.T,フォルシア,情報通信・サービスその他,情報・通信業
3050,3050.T,ＤＣＭホールディングス,小売,小売業
3053,3053.T,ペッパーフードサービス,小売,小売業
3054,3054.T,ハイパー,商社・卸売,卸売業
3058,3058.T,三洋堂ホールディングス,小売,小売業
3059,3059.T,ヒラキ,小売,小売業
3063,3063.T,ジェイグループホールディングス,小売,小売業
3064,3064.T,ＭｏｎｏｔａＲＯ,小売,小売業
3065,3065.T,ライフフーズ,小売,小売業
3067,3067.T,東京一番フーズ,小売,小売業
3068,3068.T,ＷＤＩ,小売,小売業
3069,3069.T,ＪＦＬＡホールディングス,食品,食料品
3070,3070.T,ジェリービーンズグループ,商社・卸売,卸売業
3071,3071.T,ストリーム,小売,小売業
3075,3075.T,銚子丸,小売,小売業
3076,3076.T,あい　ホールディングス,商社・卸売,卸売業
3077,3077.T,ホリイフードサービス,小売,小売業
3080,3080.T,ジェーソン,小売,小売業
3082,3082.T,きちりホールディングス,小売,小売業
3083,3083.T,スターシーズ,小売,小売業
3086,3086.T,Ｊ．フロント　リテイリング,小売,小売業
3087,3087.T,ドトール・日レスホールディングス,小売,小売業
3088,3088.T,マツキヨココカラ＆カンパニー,小売,小売業
3089,3089.T,テクノアルファ,商社・卸売,卸売業
3091,3091.T,ブロンコビリー,小売,小売業
3092,3092.T,ＺＯＺＯ,小売,小売業
3093,3093.T,トレジャー・ファクトリー,小売,小売業
3096,3096.T,オーシャンシステム,小売,小売業
3097,3097.T,物語コーポレーション,小売,小売業
3099,3099.T,三越伊勢丹ホールディングス,小売,小売業
3101,3101.T,東洋紡,素材・化学,化学
3103,3103.T,ユニチカ,素材・化学,繊維製品
3104,3104.T,富士紡ホールディングス,素材・化学,繊維製品
3105,3105.T,日清紡ホールディングス,電機・精密,電気機器
3106,3106.T,倉敷紡績,素材・化学,繊維製品
3107,3107.T,ダイワボウホールディングス,商社・卸売,卸売業
3109,3109.T,シキボウ,素材・化学,繊維製品
3110,3110.T,日東紡績,建設・資材,ガラス・土石製品
3111,3111.T,オーミケンシ,素材・化学,繊維製品
3113,3113.T,ＵＮＩＶＡ・Ｏａｋホールディングス,金融（除く銀行）,証券、商品先物取引業
3116,3116.T,トヨタ紡織,自動車・輸送機,輸送用機器
3121,3121.T,マーチャント・バンカーズ,情報通信・サービスその他,サービス業
3123,3123.T,サイボー,素材・化学,繊維製品
3131,3131.T,シンデン・ハイテックス,商社・卸売,卸売業
3132,3132.T,マクニカホールディングス,商社・卸売,卸売業
3133,3133.T,海帆,小売,小売業
3134,3134.T,Ｈａｍｅｅ,小売,小売業
3135,3135.T,マーケットエンタープライズ,小売,小売業
3137,3137.T,ファンデリー,小売,小売業
3138,3138.T,富士山マガジンサービス,小売,小売業
3139,3139.T,ラクト・ジャパン,商社・卸売,卸売業
3140,3140.T,ＢＲＵＮＯ,商社・卸売,卸売業
3143,3143.T,オーウイル,商社・卸売,卸売業
3148,3148.T,クリエイトＳＤホールディングス,小売,小売業
3150,3150.T,グリムス,電力・ガス,電気・ガス業
3151,3151.T,バイタルケーエスケー・ホールディングス,商社・卸売,卸売業
3153,3153.T,八洲電機,商社・卸売,卸売業
3154,3154.T,メディアスホールディングス,商社・卸売,卸売業
3156,3156.T,レスター,商社・卸売,卸売業
3157,3157.T,ジオリーブグループ,商社・卸売,卸売業
3159,3159.T,丸善ＣＨＩホールディングス,小売,小売業
3160,3160.T,大光,商社・卸売,卸売業
3161,3161.T,アゼアス,商社・卸売,卸売業
3166,3166.T,ＯＣＨＩホールディングス,商社・卸売,卸売業
3167,3167.T,ＴＯＫＡＩホールディングス,商社・卸売,卸売業
3168,3168.T,ＭＥＲＦ,商社・卸売,卸売業
3169,3169.T,ミサワ,小売,小売業
3172,3172.T,ティーライフ,小売,小売業
3173,3173.T,Ｃｏｍｉｎｉｘ,商社・卸売,卸売業
3174,3174.T,ハピネス・アンド・ディ,小売,小売業
3175,3175.T,エー・ピーホールディングス,小売,小売業
3176,3176.T,三洋貿易,商社・卸売,卸売業
3177,3177.T,ありがとうサービス,小売,小売業
3178,3178.T,チムニー,小売,小売業
3179,3179.T,シュッピン,小売,小売業
3180,3180.T,ビューティガレージ,商社・卸売,卸売業
3181,3181.T,買取王国,小売,小売業
3182,3182.T,オイシックス,小売,小売業
3183,3183.T,ウイン・パートナーズ,商社・卸売,卸売業
3184,3184.T,ＩＣＤＡホールディングス,小売,小売業
3185,3185.T,夢展望,小売,小売業
3186,3186.T,ネクステージ,小売,小売業
3187,3187.T,ミラタップ,小売,小売業
3189,3189.T,ＡＮＡＰホールディングス,小売,小売業
3190,3190.T,ホットマン,小売,小売業
3191,3191.T,ジョイフル本田,小売,小売業
3192,3192.T,白鳩,小売,小売業
3193,3193.T,エターナルホスピタリティグループ,小売,小売業
3195,3195.T,ジェネレーションパス,小売,小売業
3196,3196.T,ホットランドホールディングス,小売,小売業
3197,3197.T,すかいらーくホールディングス,小売,小売業
3199,3199.T,綿半ホールディングス,小売,小売業
319A,319A.T,技術承継機構,建設・資材,金属製品
3201,3201.T,日本毛織,素材・化学,繊維製品
3202,3202.T,ダイトウボウ,素材・化学,繊維製品
3204,3204.T,トーア紡コーポレーション,素材・化学,繊維製品
3205,3205.T,ダイドーリミテッド,素材・化学,繊維製品
3221,3221.T,ヨシックスホールディングス,小売,小売業
3222,3222.T,ユナイテッド・スーパーマーケット・ホールディングス,小売,小売業
3223,3223.T,エスエルディー,小売,小売業
3224,3224.T,ゼネラル・オイスター,小売,小売業
3231,3231.T,野村不動産ホールディングス,不動産,不動産業
3232,3232.T,三重交通グループホールディングス,不動産,不動産業
3236,3236.T,プロパスト,不動産,不動産業
3237,3237.T,イントランス,不動産,不動産業
3238,3238.T,セントラル総合開発,不動産,不動産業
323A,323A.T,フライヤー,情報通信・サービスその他,情報・通信業
3241,3241.T,ウィル,不動産,不動産業
3242,3242.T,アーバネットコーポレーション,不動産,不動産業
3245,3245.T,ディア・ライフ,不動産,不動産業
3246,3246.T,コーセーアールイー,不動産,不動産業
3248,3248.T,アールエイジ,不動産,不動産業
324A,324A.T,ブッキングリゾート,情報通信・サービスその他,サービス業
3252,3252.T,地主,不動産,不動産業
325A,325A.T,ＴＥＮＴＩＡＬ,素材・化学,繊維製品
3261,3261.T,グランディーズ,不動産,不動産業
3266,3266.T,ファンドクリエーショングループ,不動産,不動産業
3267,3267.T,フィル・カンパニー,建設・資材,建設業
3276,3276.T,ＪＰＭＣ,不動産,不動産業
3277,3277.T,サンセイランディック,不動産,不動産業
3280,3280.T,エストラスト,不動産,不動産業
3284,3284.T,フージャースホールディングス,不動産,不動産業
3286,3286.T,トラストホールディングス,不動産,不動産業
3288,3288.T,オープンハウスグループ,不動産,不動産業
3289,3289.T,東急不動産ホールディングス,不動産,不動産業
3291,3291.T,飯田グループホールディングス,不動産,不動産業
3293,3293.T,アズマハウス,不動産,不動産業
3297,3297.T,東武住販,不動産,不動産業
3299,3299.T,ムゲンエステート,不動産,不動産業
3300,3300.T,アンビション　ＤＸ　ホールディングス,不動産,不動産業
3302,3302.T,帝国繊維,素材・化学,繊維製品
3306,3306.T,日本製麻,商社・卸売,卸売業
330A,330A.T,ＴａｌｅｎｔＸ,情報通信・サービスその他,情報・通信業
3315,3315.T,日本コークス工業,エネルギー資源,石油・石炭製品
3317,3317.T,フライングガーデン,小売,小売業
331A,331A.T,メディックス,情報通信・サービスその他,サービス業
3320,3320.T,クロスプラス,商社・卸売,卸売業
3321,3321.T,ミタチ産業,商社・卸売,卸売業
3323,3323.T,レカム,商社・卸売,卸売業
3326,3326.T,ランシステム,情報通信・サービスその他,サービス業
3329,3329.T,東和フードサービス,小売,小売業
332A,332A.T,ミーク,情報通信・サービスその他,情報・通信業
3333,3333.T,あさひ,小売,小売業
3349,3349.T,コスモス薬品,小売,小売業
334A,334A.T,ビジュアル・プロセッシング・ジャパン,情報通信・サービスその他,情報・通信業
3350,3350.T,メタプラネット,商社・卸売,卸売業
3352,3352.T,バッファロー,小売,小売業
3353,3353.T,メディカル一光グループ,小売,小売業
3355,3355.T,クリヤマホールディングス,商社・卸売,卸売業
3358,3358.T,Ｔｒａｉｌｈｅａｄ　Ｇｌｏｂａｌ　Ｈｏｌｄｉｎｇｓ,小売,小売業
3359,3359.T,ｃｏｔｔａ,商社・卸売,卸売業
335A,335A.T,ミライロ,情報通信・サービスその他,情報・通信業
3360,3360.T,シップヘルスケアホールディングス,商社・卸売,卸売業
3361,3361.T,トーエル,小売,小売業
336A,336A.T,ダイナミックマッププラットフォーム,情報通信・サービスその他,情報・通信業
3370,3370.T,フジタコーポレーション,小売,小売業
3371,3371.T,ソフトクリエイトホールディングス,情報通信・サービスその他,情報・通信業
3372,3372.T,関門海,小売,小売業
3374,3374.T,内外テック,商社・卸売,卸売業
3375,3375.T,ＺＯＡ,小売,小売業
3377,3377.T,バイク王＆カンパニー,商社・卸売,卸売業
3382,3382.T,セブン＆アイ・ホールディングス,小売,小売業
3386,3386.T,コスモ・バイオ,商社・卸売,卸売業
3387,3387.T,クリエイト・レストランツ・ホールディングス,小売,小売業
3388,3388.T,明治電機工業,商社・卸売,卸売業
338A,338A.T,ＺｅｎｍｕＴｅｃｈ,情報通信・サービスその他,情報・通信業
3391,3391.T,ツルハホールディングス,小売,小売業
3392,3392.T,デリカフーズホールディングス,商社・卸売,卸売業
3393,3393.T,スターティアホールディングス,商社・卸売,卸売業
3395,3395.T,サンマルクホールディングス,小売,小売業
3396,3396.T,フェリシモ,小売,小売業
3397,3397.T,トリドールホールディングス,小売,小売業
3399,3399.T,丸千代山岡家,小売,小売業
339A,339A.T,プログレス・テクノロジーズ　グループ,情報通信・サービスその他,サービス業
3401,3401.T,帝人,素材・化学,繊維製品
3402,3402.T,東レ,素材・化学,繊維製品
3405,3405.T,クラレ,素材・化学,化学
3407,3407.T,旭化成,素材・化学,化学
3409,3409.T,北紡,素材・化学,繊維製品
340A,340A.T,ジグザグ,情報通信・サービスその他,情報・通信業
3415,3415.T,ＴＯＫＹＯ　ＢＡＳＥ,小売,小売業
3416,3416.T,ピクスタ,小売,小売業
3417,3417.T,大木ヘルスケアホールディングス,商社・卸売,卸売業
3418,3418.T,バルニバービ,小売,小売業
341A,341A.T,トヨコー,建設・資材,建設業
3420,3420.T,ケー・エフ・シー,建設・資材,金属製品
3421,3421.T,稲葉製作所,建設・資材,金属製品
3422,3422.T,Ｊ－ＭＡＸ,建設・資材,金属製品
3423,3423.T,エスイー,建設・資材,金属製品
3426,3426.T,アトムリビンテック,建設・資材,金属製品
3431,3431.T,宮地エンジニアリンググループ,建設・資材,金属製品
3433,3433.T,トーカロ,建設・資材,金属製品
3434,3434.T,アルファＣｏ,建設・資材,金属製品
3435,3435.T,サンコーテクノ,建設・資材,金属製品
3436,3436.T,ＳＵＭＣＯ,建設・資材,金属製品
3437,3437.T,特殊電極,建設・資材,金属製品
3439,3439.T,三ツ知,建設・資材,金属製品
343A,343A.T,ＩＡＣＥトラベル,情報通信・サービスその他,サービス業
3440,3440.T,日創グループ,建設・資材,金属製品
3441,3441.T,山王,建設・資材,金属製品
3443,3443.T,川田テクノロジーズ,建設・資材,金属製品
3444,3444.T,菊池製作所,建設・資材,金属製品
3445,3445.T,ＲＳ　Ｔｅｃｈｎｏｌｏｇｉｅｓ,建設・資材,金属製品
3446,3446.T,ジェイテックコーポレーション,建設・資材,金属製品
3447,3447.T,信和,建設・資材,金属製品
3449,3449.T,テクノフレックス,建設・資材,金属製品
3452,3452.T,ビーロット,不動産,不動産業
3454,3454.T,ファーストブラザーズ,不動産,不動産業
3457,3457.T,Ａｎｄ　Ｄｏホールディングス,不動産,不動産業
3461,3461.T,パルマ,不動産,不動産業
3465,3465.T,ケイアイスター不動産,不動産,不動産業
3467,3467.T,アグレ都市デザイン,不動産,不動産業
3469,3469.T,デュアルタップ,不動産,不動産業
3474,3474.T,Ｇ－ＦＡＣＴＯＲＹ,不動産,不動産業
3475,3475.T,グッドコムアセット,不動産,不動産業
3477,3477.T,フォーライフ,不動産,不動産業
3479,3479.T,ＴＫＰ,不動産,不動産業
3480,3480.T,ジェイ・エス・ビー,不動産,不動産業
3482,3482.T,ロードスターキャピタル,不動産,不動産業
3484,3484.T,イノベーションホールディングス,不動産,不動産業
3486,3486.T,グローバル・リンク・マネジメント,不動産,不動産業
3489,3489.T,フェイスネットワーク,不動産,不動産業
3490,3490.T,アズ企画設計,不動産,不動産業
3491,3491.T,ＧＡ　ｔｅｃｈｎｏｌｏｇｉｅｓ,不動産,不動産業
3494,3494.T,マリオン,不動産,不動産業
3495,3495.T,香陵住販,不動産,不動産業
3496,3496.T,アズーム,不動産,不動産業
3498,3498.T,霞ヶ関キャピタル,不動産,不動産業
3501,3501.T,ＳＵＭＩＮＯＥ,素材・化学,繊維製品
350A,350A.T,デジタルグリッド,電力・ガス,電気・ガス業
3512,3512.T,日本フエルト,素材・化学,繊維製品
3513,3513.T,イチカワ,素材・化学,繊維製品
3521,3521.T,テルマー湯ホールディングス,情報通信・サービスその他,サービス業
3524,3524.T,日東製網,素材・化学,繊維製品
3529,3529.T,アツギ,素材・化学,繊維製品
352A,352A.T,ＬＯＩＶＥ,情報通信・サービスその他,サービス業
3536,3536.T,アクサスホールディングス,小売,小売業
3537,3537.T,昭栄薬品,商社・卸売,卸売業
3538,3538.T,ウイルプラスホールディングス,小売,小売業
3539,3539.T,ＪＭホールディングス,小売,小売業
3542,3542.T,ベガコーポレーション,小売,小売業
3543,3543.T,コメダホールディングス,商社・卸売,卸売業
3544,3544.T,サツドラホールディングス,小売,小売業
3547,3547.T,ユニシアホールディングス,小売,小売業
3548,3548.T,バロックジャパンリミテッド,小売,小売業
3549,3549.T,クスリのアオキホールディングス,小売,小売業
3550,3550.T,スタジオアタオ,小売,小売業
3551,3551.T,ダイニック,素材・化学,繊維製品
3553,3553.T,共和レザー,素材・化学,化学
3556,3556.T,リネットジャパングループ,小売,小売業
3557,3557.T,ユナイテッド＆コレクティブ,小売,小売業
3558,3558.T,ジェイドグループ,小売,小売業
3559,3559.T,ピーバンドットコム,商社・卸売,卸売業
3560,3560.T,ほぼ日,小売,小売業
3561,3561.T,力の源ホールディングス,小売,小売業
3562,3562.T,Ｎｏ．１,商社・卸売,卸売業
3563,3563.T,ＦＯＯＤ　＆　ＬＩＦＥ　ＣＯＭＰＡＮＩＥＳ,小売,小売業
3565,3565.T,アセンテック,商社・卸売,卸売業
3566,3566.T,ユニフォームネクスト,小売,小売業
3569,3569.T,セーレン,素材・化学,繊維製品
3571,3571.T,ソトー,素材・化学,繊維製品
3577,3577.T,東海染工,素材・化学,繊維製品
3580,3580.T,小松マテーレ,素材・化学,繊維製品
3583,3583.T,オーベクス,素材・化学,繊維製品
3591,3591.T,ワコールホールディングス,素材・化学,繊維製品
3597,3597.T,自重堂,素材・化学,繊維製品
3598,3598.T,山喜,素材・化学,繊維製品
3600,3600.T,フジックス,素材・化学,繊維製品
3607,3607.T,クラウディアホールディングス,素材・化学,繊維製品
3608,3608.T,ＴＳＩホールディングス,素材・化学,繊維製品
3611,3611.T,マツオカコーポレーション,素材・化学,繊維製品
3612,3612.T,ワールド,素材・化学,繊維製品
3622,3622.T,ネットイヤーグループ,情報通信・サービスその他,情報・通信業
3623,3623.T,ビリングシステム,情報通信・サービスその他,情報・通信業
3624,3624.T,アクセルマーク,情報通信・サービスその他,情報・通信業
3625,3625.T,テックファームホールディングス,情報通信・サービスその他,情報・通信業
3626,3626.T,ＴＩＳＩ,情報通信・サービスその他,情報・通信業
3627,3627.T,テクミラホールディングス,情報通信・サービスその他,情報・通信業
3628,3628.T,データホライゾン,情報通信・サービスその他,情報・通信業
3632,3632.T,グリーホールディングス,情報通信・サービスその他,情報・通信業
3633,3633.T,ＧＭＯペパボ,情報通信・サービスその他,情報・通信業
3634,3634.T,ソケッツ,情報通信・サービスその他,情報・通信業
3635,3635.T,コーエーテクモホールディングス,情報通信・サービスその他,情報・通信業
3636,3636.T,三菱総合研究所,情報通信・サービスその他,情報・通信業
3639,3639.T,ボルテージ,情報通信・サービスその他,情報・通信業
3640,3640.T,電算,情報通信・サービスその他,情報・通信業
3641,3641.T,パピレス,情報通信・サービスその他,情報・通信業
3645,3645.T,メディカルネット,情報通信・サービスその他,情報・通信業
3646,3646.T,駅探,情報通信・サービスその他,情報・通信業
3647,3647.T,アスリナ,情報通信・サービスその他,情報・通信業
3648,3648.T,ＡＧＳ,情報通信・サービスその他,情報・通信業
3649,3649.T,ファインデックス,情報通信・サービスその他,情報・通信業
3652,3652.T,ディジタルメディアプロフェッショナル,情報通信・サービスその他,情報・通信業
3653,3653.T,モルフォ,情報通信・サービスその他,情報・通信業
3656,3656.T,ＫＬａｂ,情報通信・サービスその他,情報・通信業
3657,3657.T,ポールトゥウィンホールディングス,情報通信・サービスその他,情報・通信業
3659,3659.T,ネクソン,情報通信・サービスその他,情報・通信業
365A,365A.T,伊澤タオル,素材・化学,繊維製品
3660,3660.T,アイスタイル,情報通信・サービスその他,情報・通信業
3661,3661.T,エムアップホールディングス,情報通信・サービスその他,情報・通信業
3662,3662.T,エイチームホールディングス,情報通信・サービスその他,情報・通信業
3663,3663.T,セルシス,情報通信・サービスその他,情報・通信業
3664,3664.T,ＷＩＺＥ,情報通信・サービスその他,情報・通信業
3665,3665.T,エニグモ,情報通信・サービスその他,情報・通信業
3667,3667.T,ｅｎｉｓｈ,情報通信・サービスその他,情報・通信業
3668,3668.T,コロプラ,情報通信・サービスその他,情報・通信業
366A,366A.T,ウェルネス・コミュニケーションズ,情報通信・サービスその他,サービス業
3670,3670.T,協立情報通信,情報通信・サービスその他,情報・通信業
3671,3671.T,ソフトマックス,情報通信・サービスその他,情報・通信業
3672,3672.T,オルトプラス,情報通信・サービスその他,情報・通信業
3673,3673.T,ブロードリーフ,情報通信・サービスその他,情報・通信業
3674,3674.T,オークファン,情報通信・サービスその他,情報・通信業
3675,3675.T,クロス・マーケティンググループ,情報通信・サービスその他,情報・通信業
3676,3676.T,デジタルハーツホールディングス,情報通信・サービスその他,情報・通信業
3678,3678.T,メディアドゥ,情報通信・サービスその他,情報・通信業
3679,3679.T,じげん,情報通信・サービスその他,情報・通信業
367A,367A.T,プリモグローバルホールディングス,小売,小売業
3680,3680.T,ホットリンク,情報通信・サービスその他,情報・通信業
3682,3682.T,エンカレッジ・テクノロジ,情報通信・サービスその他,情報・通信業
3683,3683.T,サイバーリンクス,情報通信・サービスその他,情報・通信業
3686,3686.T,ディー・エル・イー,情報通信・サービスその他,情報・通信業
3687,3687.T,フィックスターズ,情報通信・サービスその他,情報・通信業
368A,368A.T,北里,電機・精密,精密機器
3690,3690.T,イルグルム,情報通信・サービスその他,情報・通信業
3691,3691.T,デジタルプラス,情報通信・サービスその他,情報・通信業
3692,3692.T,ＦＦＲＩセキュリティ,情報通信・サービスその他,情報・通信業
3694,3694.T,オプティム,情報通信・サービスその他,情報・通信業
3695,3695.T,ＧＭＯプロダクトプラットフォーム,情報通信・サービスその他,情報・通信業
3696,3696.T,セレス,情報通信・サービスその他,情報・通信業
3697,3697.T,ＳＨＩＦＴ,情報通信・サービスその他,情報・通信業
3698,3698.T,ＣＲＩ・ミドルウェア,情報通信・サービスその他,情報・通信業
369A,369A.T,エータイ,情報通信・サービスその他,サービス業
3708,3708.T,特種東海製紙,素材・化学,パルプ・紙
3710,3710.T,ジョルダン,情報通信・サービスその他,情報・通信業
3712,3712.T,情報企画,情報通信・サービスその他,情報・通信業
3719,3719.T,ＡＩストーム,情報通信・サービスその他,情報・通信業
3723,3723.T,日本ファルコム,情報通信・サービスその他,情報・通信業
3726,3726.T,フォーシーズＨＤ,小売,小売業
3727,3727.T,アプリックス,情報通信・サービスその他,情報・通信業
372A,372A.T,レント,情報通信・サービスその他,サービス業
3733,3733.T,ソフトウェア・サービス,情報通信・サービスその他,情報・通信業
373A,373A.T,リップス,素材・化学,化学
3741,3741.T,セック,情報通信・サービスその他,情報・通信業
3744,3744.T,サイオス,情報通信・サービスその他,情報・通信業
3747,3747.T,インタートレード,情報通信・サービスその他,情報・通信業
3750,3750.T,ＡＤＲバイオメディカルホールディングス,情報通信・サービスその他,情報・通信業
3753,3753.T,フライトソリューションズ,情報通信・サービスその他,情報・通信業
3758,3758.T,アエリア,情報通信・サービスその他,情報・通信業
3760,3760.T,ケイブ,情報通信・サービスその他,情報・通信業
3762,3762.T,テクマトリックス,情報通信・サービスその他,情報・通信業
3763,3763.T,プロシップ,情報通信・サービスその他,情報・通信業
3765,3765.T,ガンホー・オンライン・エンターテイメント,情報通信・サービスその他,情報・通信業
3766,3766.T,システムズ・デザイン,情報通信・サービスその他,情報・通信業
3768,3768.T,リスクモンスター,情報通信・サービスその他,情報・通信業
3769,3769.T,ＧＭＯペイメントゲートウェイ,情報通信・サービスその他,情報・通信業
3771,3771.T,システムリサーチ,情報通信・サービスその他,情報・通信業
3772,3772.T,ウェルス・マネジメント,不動産,不動産業
3773,3773.T,アドバンスト・メディア,情報通信・サービスその他,情報・通信業
3774,3774.T,インターネットイニシアティブ,情報通信・サービスその他,情報・通信業
3776,3776.T,ブロードバンドタワー,情報通信・サービスその他,情報・通信業
3777,3777.T,環境フレンドリーホールディングス,情報通信・サービスその他,情報・通信業
3778,3778.T,さくらインターネット,情報通信・サービスその他,情報・通信業
3779,3779.T,ジェイ・エスコムホールディングス,情報通信・サービスその他,情報・通信業
3787,3787.T,テクノマセマティカル,情報通信・サービスその他,情報・通信業
3788,3788.T,ＧＭＯグローバルサイン・ホールディングス,情報通信・サービスその他,情報・通信業
378A,378A.T,ヒット,情報通信・サービスその他,サービス業
3791,3791.T,ＩＧポート,情報通信・サービスその他,情報・通信業
3793,3793.T,ドリコム,情報通信・サービスその他,情報・通信業
3796,3796.T,いい生活,情報通信・サービスその他,情報・通信業
3798,3798.T,ＵＬＳグループ,情報通信・サービスその他,情報・通信業
3799,3799.T,キーウェアソリューションズ,情報通信・サービスその他,情報・通信業
3800,3800.T,ユニリタ,情報通信・サービスその他,情報・通信業
3802,3802.T,エコミック,情報通信・サービスその他,情報・通信業
3803,3803.T,イメージ情報開発,情報通信・サービスその他,情報・通信業
3804,3804.T,システム　ディ,情報通信・サービスその他,情報・通信業
3807,3807.T,フィスコ,情報通信・サービスその他,情報・通信業
3810,3810.T,サイバーステップホールディングス,情報通信・サービスその他,情報・通信業
3815,3815.T,メディア工房,情報通信・サービスその他,情報・通信業
3816,3816.T,大和コンピューター,情報通信・サービスその他,情報・通信業
3817,3817.T,ＳＲＡホールディングス,情報通信・サービスその他,情報・通信業
3823,3823.T,ＴＨＥ　ＷＨＹ　ＨＯＷ　ＤＯ　ＣＯＭＰＡＮＹ,情報通信・サービスその他,情報・通信業
3825,3825.T,リミックスポイント,小売,小売業
3826,3826.T,システムインテグレータ,情報通信・サービスその他,情報・通信業
3834,3834.T,朝日ネット,情報通信・サービスその他,情報・通信業
3835,3835.T,ｅＢＡＳＥ,情報通信・サービスその他,情報・通信業
3836,3836.T,アバントグループ,情報通信・サービスその他,情報・通信業
3837,3837.T,アドソル日進,情報通信・サービスその他,情報・通信業
3839,3839.T,ＯＤＫソリューションズ,情報通信・サービスその他,情報・通信業
3840,3840.T,パス,情報通信・サービスその他,情報・通信業
3841,3841.T,ジーダット,情報通信・サービスその他,情報・通信業
3842,3842.T,ネクストジェン,情報通信・サービスその他,情報・通信業
3843,3843.T,フリービット,情報通信・サービスその他,情報・通信業
3844,3844.T,コムチュア,情報通信・サービスその他,情報・通信業
3845,3845.T,アイフリークモバイル,情報通信・サービスその他,情報・通信業
3848,3848.T,データ・アプリケーション,情報通信・サービスその他,情報・通信業
3850,3850.T,エヌ・ティ・ティ・データ・イントラマート,情報通信・サービスその他,情報・通信業
3851,3851.T,日本一ソフトウェア,情報通信・サービスその他,情報・通信業
3853,3853.T,アステリア,情報通信・サービスその他,情報・通信業
3854,3854.T,アイル,情報通信・サービスその他,情報・通信業
3856,3856.T,Ａｂａｌａｎｃｅ,電機・精密,電気機器
3858,3858.T,ユビキタスＡＩ,情報通信・サービスその他,情報・通信業
3861,3861.T,王子ホールディングス,素材・化学,パルプ・紙
3863,3863.T,日本製紙,素材・化学,パルプ・紙
3864,3864.T,三菱製紙,素材・化学,パルプ・紙
3865,3865.T,北越コーポレーション,素材・化学,パルプ・紙
386A,386A.T,みのや,小売,小売業
3877,3877.T,中越パルプ工業,素材・化学,パルプ・紙
3878,3878.T,巴川コーポレーション,素材・化学,化学
387A,387A.T,フラー,情報通信・サービスその他,情報・通信業
3880,3880.T,大王製紙,素材・化学,パルプ・紙
3891,3891.T,ニッポン高度紙工業,素材・化学,パルプ・紙
3892,3892.T,岡山製紙,素材・化学,パルプ・紙
3895,3895.T,ハビックス,素材・化学,パルプ・紙
3896,3896.T,阿波製紙,素材・化学,パルプ・紙
3900,3900.T,クラウドワークス,情報通信・サービスその他,情報・通信業
3901,3901.T,マークラインズ,情報通信・サービスその他,情報・通信業
3903,3903.T,ｇｕｍｉ,情報通信・サービスその他,情報・通信業
3904,3904.T,カヤック,情報通信・サービスその他,情報・通信業
3905,3905.T,データセクション,情報通信・サービスその他,情報・通信業
3907,3907.T,シリコンスタジオ,情報通信・サービスその他,情報・通信業
3908,3908.T,コラボス,情報通信・サービスその他,情報・通信業
3909,3909.T,ショーケース,情報通信・サービスその他,情報・通信業
3910,3910.T,エムケイシステム,情報通信・サービスその他,情報・通信業
3911,3911.T,Ａｉｍｉｎｇ,情報通信・サービスその他,情報・通信業
3912,3912.T,モバイルファクトリー,情報通信・サービスその他,情報・通信業
3913,3913.T,ＧｒｅｅｎＢｅｅ,情報通信・サービスその他,情報・通信業
3914,3914.T,ＪＩＧ－ＳＡＷ,情報通信・サービスその他,情報・通信業
3915,3915.T,テラスカイ,情報通信・サービスその他,情報・通信業
3916,3916.T,デジタル・インフォメーション・テクノロジー,情報通信・サービスその他,情報・通信業
3917,3917.T,アイリッジ,情報通信・サービスその他,情報・通信業
3918,3918.T,ＰＣＩホールディングス,情報通信・サービスその他,情報・通信業
3920,3920.T,アイビーシー,情報通信・サービスその他,情報・通信業
3921,3921.T,ネオジャパン,情報通信・サービスその他,情報・通信業
3922,3922.T,ＰＲ　ＴＩＭＥＳ,情報通信・サービスその他,情報・通信業
3923,3923.T,ラクス,情報通信・サービスその他,情報・通信業
3925,3925.T,ダブルスタンダード,情報通信・サービスその他,情報・通信業
3926,3926.T,オープンドア,情報通信・サービスその他,情報・通信業
3927,3927.T,フーバーブレイン,情報通信・サービスその他,情報・通信業
3928,3928.T,マイネット,情報通信・サービスその他,情報・通信業
3929,3929.T,ソーシャルワイヤー,情報通信・サービスその他,情報・通信業
3930,3930.T,はてな,情報通信・サービスその他,情報・通信業
3931,3931.T,バリューゴルフ,情報通信・サービスその他,情報・通信業
3932,3932.T,アカツキ,情報通信・サービスその他,情報・通信業
3933,3933.T,チエル,情報通信・サービスその他,情報・通信業
3934,3934.T,ベネフィットジャパン,情報通信・サービスその他,情報・通信業
3935,3935.T,エディア,情報通信・サービスその他,情報・通信業
3936,3936.T,グローバルウェイ,情報通信・サービスその他,情報・通信業
3937,3937.T,Ｕｂｉｃｏｍホールディングス,情報通信・サービスその他,情報・通信業
3939,3939.T,カナミックネットワーク,情報通信・サービスその他,情報・通信業
3940,3940.T,ノムラシステムコーポレーション,情報通信・サービスその他,情報・通信業
3941,3941.T,レンゴー,素材・化学,パルプ・紙
3943,3943.T,大石産業,素材・化学,パルプ・紙
3944,3944.T,古林紙工,素材・化学,パルプ・紙
3945,3945.T,スーパーバッグ,素材・化学,パルプ・紙
3946,3946.T,トーモク,素材・化学,パルプ・紙
3947,3947.T,ダイナパック,素材・化学,パルプ・紙
3948,3948.T,光ビジネスフォーム,素材・化学,パルプ・紙
3950,3950.T,ザ・パック,素材・化学,パルプ・紙
3951,3951.T,朝日印刷,素材・化学,パルプ・紙
3953,3953.T,大村紙業,素材・化学,パルプ・紙
3954,3954.T,昭和パックス,素材・化学,パルプ・紙
3955,3955.T,イムラ,素材・化学,パルプ・紙
3958,3958.T,笹徳印刷,素材・化学,パルプ・紙
3962,3962.T,チェンジホールディングス,情報通信・サービスその他,情報・通信業
3963,3963.T,シンクロ・フード,情報通信・サービスその他,情報・通信業
3964,3964.T,オークネット,情報通信・サービスその他,情報・通信業
3965,3965.T,キャピタル・アセット・プランニング,情報通信・サービスその他,情報・通信業
3967,3967.T,エルテス,情報通信・サービスその他,情報・通信業
3968,3968.T,セグエグループ,情報通信・サービスその他,情報・通信業
3969,3969.T,エイトレッド,情報通信・サービスその他,情報・通信業
3970,3970.T,イノベーション,情報通信・サービスその他,情報・通信業
3974,3974.T,ＳＣＡＴ,情報通信・サービスその他,情報・通信業
3976,3976.T,シャノン,情報通信・サービスその他,情報・通信業
3979,3979.T,うるる,情報通信・サービスその他,情報・通信業
3981,3981.T,ビーグリー,情報通信・サービスその他,情報・通信業
3983,3983.T,オロ,情報通信・サービスその他,情報・通信業
3984,3984.T,ユーザーローカル,情報通信・サービスその他,情報・通信業
3985,3985.T,テモナ,情報通信・サービスその他,情報・通信業
3986,3986.T,ビーブレイクシステムズ,情報通信・サービスその他,情報・通信業
3987,3987.T,エコモット,情報通信・サービスその他,情報・通信業
3988,3988.T,ＳＹＳホールディングス,情報通信・サービスその他,情報・通信業
3989,3989.T,シェアリングテクノロジー,情報通信・サービスその他,情報・通信業
3991,3991.T,ウォンテッドリー,情報通信・サービスその他,情報・通信業
3992,3992.T,ニーズウェル,情報通信・サービスその他,情報・通信業
3993,3993.T,ＰＫＳＨＡ　Ｔｅｃｈｎｏｌｏｇｙ,情報通信・サービスその他,情報・通信業
3994,3994.T,マネーフォワード,情報通信・サービスその他,情報・通信業
3996,3996.T,サインポスト,情報通信・サービスその他,情報・通信業
3997,3997.T,トレードワークス,情報通信・サービスその他,情報・通信業
3998,3998.T,すららネット,情報通信・サービスその他,情報・通信業
4004,4004.T,レゾナック・ホールディングス,素材・化学,化学
4005,4005.T,住友化学,素材・化学,化学
4008,4008.T,住友精化,素材・化学,化学
4011,4011.T,ヘッドウォータース,情報通信・サービスその他,情報・通信業
4012,4012.T,アクシス,情報通信・サービスその他,情報・通信業
4013,4013.T,勤次郎,情報通信・サービスその他,情報・通信業
4014,4014.T,カラダノート,情報通信・サービスその他,情報・通信業
4015,4015.T,ペイクラウドホールディングス,情報通信・サービスその他,情報・通信業
4016,4016.T,ＭＩＴホールディングス,情報通信・サービスその他,情報・通信業
4017,4017.T,クリーマ,情報通信・サービスその他,情報・通信業
4019,4019.T,スタメン,情報通信・サービスその他,情報・通信業
4020,4020.T,ビートレンド,情報通信・サービスその他,情報・通信業
4021,4021.T,日産化学,素材・化学,化学
4022,4022.T,ラサ工業,素材・化学,化学
4023,4023.T,クレハ,素材・化学,化学
4025,4025.T,多木化学,素材・化学,化学
4026,4026.T,神島化学工業,建設・資材,ガラス・土石製品
4027,4027.T,テイカ,素材・化学,化学
4028,4028.T,石原産業,素材・化学,化学
402A,402A.T,アクセルスペースホールディングス,自動車・輸送機,輸送用機器
4031,4031.T,片倉コープアグリ,素材・化学,化学
4040,4040.T,南海化学,素材・化学,化学
4041,4041.T,日本曹達,素材・化学,化学
4042,4042.T,東ソー,素材・化学,化学
4043,4043.T,トクヤマ,素材・化学,化学
4044,4044.T,セントラル硝子,素材・化学,化学
4045,4045.T,東亞合成,素材・化学,化学
4046,4046.T,大阪ソーダ,素材・化学,化学
4047,4047.T,関東電化工業,素材・化学,化学
4051,4051.T,ＧＭＯフィナンシャルゲート,情報通信・サービスその他,情報・通信業
4052,4052.T,フィーチャ,情報通信・サービスその他,情報・通信業
4053,4053.T,Ｓｕｎ　Ａｓｔｅｒｉｓｋ,情報通信・サービスその他,情報・通信業
4054,4054.T,日本情報クリエイト,情報通信・サービスその他,情報・通信業
4055,4055.T,ティアンドエスグループ,情報通信・サービスその他,情報・通信業
4056,4056.T,ニューラルグループ,情報通信・サービスその他,情報・通信業
4057,4057.T,インターファクトリー,情報通信・サービスその他,情報・通信業
4058,4058.T,トヨクモ,情報通信・サービスその他,情報・通信業
4059,4059.T,まぐまぐ,情報通信・サービスその他,情報・通信業
4060,4060.T,ｒａｋｕｍｏ,情報通信・サービスその他,情報・通信業
4061,4061.T,デンカ,素材・化学,化学
4062,4062.T,イビデン,電機・精密,電気機器
4063,4063.T,信越化学工業,素材・化学,化学
4064,4064.T,日本カーバイド工業,素材・化学,化学
4068,4068.T,ベイシス,情報通信・サービスその他,情報・通信業
4069,4069.T,ＢｌｕｅＭｅｍｅ,情報通信・サービスその他,情報・通信業
4071,4071.T,プラスアルファ・コンサルティング,情報通信・サービスその他,情報・通信業
4072,4072.T,電算システムホールディングス,情報通信・サービスその他,情報・通信業
4073,4073.T,ジィ・シィ企画,情報通信・サービスその他,情報・通信業
4074,4074.T,ラキール,情報通信・サービスその他,情報・通信業
4075,4075.T,ブレインズテクノロジー,情報通信・サービスその他,情報・通信業
4076,4076.T,シイエヌエス,情報通信・サービスその他,情報・通信業
4078,4078.T,堺化学工業,素材・化学,化学
407A,407A.T,ＵＮＩＣＯＮホールディングス,建設・資材,建設業
4082,4082.T,第一稀元素化学工業,素材・化学,化学
4088,4088.T,エア・ウォーター,素材・化学,化学
4091,4091.T,日本酸素ホールディングス,素材・化学,化学
4092,4092.T,日本化学工業,素材・化学,化学
4093,4093.T,東邦アセチレン,素材・化学,化学
4094,4094.T,日本化学産業,素材・化学,化学
4095,4095.T,日本パーカライジング,素材・化学,化学
4097,4097.T,高圧ガス工業,素材・化学,化学
4098,4098.T,チタン工業,素材・化学,化学
4099,4099.T,四国化成ホールディングス,素材・化学,化学
409A,409A.T,オリオンビール,食品,食料品
4100,4100.T,戸田工業,素材・化学,化学
4102,4102.T,丸尾カルシウム,素材・化学,化学
4107,4107.T,伊勢化学工業,素材・化学,化学
4109,4109.T,ステラ　ケミファ,素材・化学,化学
410A,410A.T,ＧＭＯコマース,情報通信・サービスその他,サービス業
4112,4112.T,保土谷化学工業,素材・化学,化学
4113,4113.T,田岡化学工業,素材・化学,化学
4114,4114.T,日本触媒,素材・化学,化学
4116,4116.T,大日精化工業,素材・化学,化学
4118,4118.T,カネカ,素材・化学,化学
4119,4119.T,日本ピグメントホールディングス,素材・化学,化学
4120,4120.T,スガイ化学工業,素材・化学,化学
4124,4124.T,大阪油化工業,素材・化学,化学
4125,4125.T,三和油化工業,素材・化学,化学
414A,414A.T,オーバーラップホールディングス,情報通信・サービスその他,情報・通信業
4151,4151.T,協和キリン,医薬品,医薬品
415A,415A.T,ＧＭＯ　ＴＥＣＨホールディングス,情報通信・サービスその他,サービス業
4165,4165.T,プレイド,情報通信・サービスその他,情報・通信業
4166,4166.T,かっこ,情報通信・サービスその他,情報・通信業
4167,4167.T,ココペリ,情報通信・サービスその他,情報・通信業
4168,4168.T,ヤプリ,情報通信・サービスその他,情報・通信業
4169,4169.T,ＥＮＥＣＨＡＮＧＥ,情報通信・サービスその他,情報・通信業
416A,416A.T,富士ユナイトホールディングス,商社・卸売,卸売業
4170,4170.T,Ｋａｉｚｅｎ　Ｐｌａｔｆｏｒｍ,情報通信・サービスその他,情報・通信業
4172,4172.T,Ｈｉクラテス,情報通信・サービスその他,情報・通信業
4174,4174.T,アピリッツ,情報通信・サービスその他,情報・通信業
4175,4175.T,ｃｏｌｙ,情報通信・サービスその他,情報・通信業
4176,4176.T,ココナラ,情報通信・サービスその他,情報・通信業
4177,4177.T,ｉ‐ｐｌｕｇ,情報通信・サービスその他,情報・通信業
4178,4178.T,Ｓｈａｒｉｎｇ　Ｉｎｎｏｖａｔｉｏｎｓ,情報通信・サービスその他,情報・通信業
4179,4179.T,ジーネクスト,情報通信・サービスその他,情報・通信業
417A,417A.T,ブルーゾーンホールディングス,小売,小売業
4180,4180.T,Ａｐｐｉｅｒ　Ｇｒｏｕｐ,情報通信・サービスその他,情報・通信業
4182,4182.T,三菱瓦斯化学,素材・化学,化学
4183,4183.T,三井化学,素材・化学,化学
4186,4186.T,東京応化工業,素材・化学,化学
4187,4187.T,大阪有機化学工業,素材・化学,化学
4188,4188.T,三菱ケミカルグループ,素材・化学,化学
4189,4189.T,ＫＨネオケム,素材・化学,化学
4192,4192.T,スパイダープラス,情報通信・サービスその他,情報・通信業
4193,4193.T,ファブリカホールディングス,情報通信・サービスその他,情報・通信業
4194,4194.T,ビジョナル,情報通信・サービスその他,情報・通信業
4196,4196.T,ネオマーケティング,情報通信・サービスその他,情報・通信業
4197,4197.T,アスマーク,情報通信・サービスその他,情報・通信業
4198,4198.T,テンダ,情報通信・サービスその他,情報・通信業
4199,4199.T,ワンダープラネット,情報通信・サービスその他,情報・通信業
4202,4202.T,ダイセル,素材・化学,化学
4203,4203.T,住友ベークライト,素材・化学,化学
4204,4204.T,積水化学工業,素材・化学,化学
4205,4205.T,日本ゼオン,素材・化学,化学
4206,4206.T,アイカ工業,素材・化学,化学
4208,4208.T,ＵＢＥ,素材・化学,化学
4212,4212.T,積水樹脂,素材・化学,化学
4216,4216.T,旭有機材,素材・化学,化学
4218,4218.T,ニチバン,素材・化学,化学
421A,421A.T,ムービン・ストラテジック・キャリア,情報通信・サービスその他,サービス業
4220,4220.T,リケンテクノス,素材・化学,化学
4221,4221.T,大倉工業,素材・化学,化学
4222,4222.T,児玉化学工業,素材・化学,化学
4224,4224.T,ロンシール工業,素材・化学,化学
4228,4228.T,積水化成品工業,素材・化学,化学
4229,4229.T,群栄化学工業,素材・化学,化学
4231,4231.T,タイガースポリマー,素材・化学,化学
4234,4234.T,サンエー化研,素材・化学,化学
4235,4235.T,ウルトラファブリックス・ホールディングス,素材・化学,化学
4237,4237.T,フジプレアム,素材・化学,化学
4238,4238.T,ミライアル,素材・化学,化学
423A,423A.T,ライオン事務器,商社・卸売,卸売業
4240,4240.T,クラスターテクノロジー,素材・化学,化学
4241,4241.T,アテクト,素材・化学,化学
4242,4242.T,タカギセイコー,素材・化学,化学
4243,4243.T,ニックス,素材・化学,化学
4245,4245.T,ダイキアクシス,素材・化学,化学
4246,4246.T,ダイキョーニシカワ,素材・化学,化学
4247,4247.T,ポバール興業,素材・化学,化学
4248,4248.T,竹本容器,素材・化学,化学
4249,4249.T,森六,素材・化学,化学
4251,4251.T,恵和,素材・化学,化学
4255,4255.T,ＴＨＥＣＯＯ,情報通信・サービスその他,情報・通信業
4256,4256.T,サインド,情報通信・サービスその他,情報・通信業
4258,4258.T,網屋,情報通信・サービスその他,情報・通信業
4259,4259.T,エクサウィザーズ,情報通信・サービスその他,情報・通信業
4260,4260.T,ハイブリッドテクノロジーズ,情報通信・サービスその他,情報・通信業
4261,4261.T,アジアクエスト,情報通信・サービスその他,情報・通信業
4262,4262.T,ニフティライフスタイル,情報通信・サービスその他,情報・通信業
4263,4263.T,サスメド,情報通信・サービスその他,情報・通信業
4264,4264.T,セキュア,情報通信・サービスその他,情報・通信業
4265,4265.T,Ｉｎｓｔｉｔｕｔｉｏｎ　ｆｏｒ　ａ　Ｇｌｏｂａｌ　Ｓｏｃｉｅｔｙ,情報通信・サービスその他,情報・通信業
4270,4270.T,ＢｅｅＸ,情報通信・サービスその他,情報・通信業
4272,4272.T,日本化薬,素材・化学,化学
4274,4274.T,細谷火工,素材・化学,化学
4275,4275.T,カーリット,素材・化学,化学
4284,4284.T,ソルクシーズ,情報通信・サービスその他,情報・通信業
4286,4286.T,ＣＬホールディングス,情報通信・サービスその他,サービス業
4287,4287.T,ジャストプランニング,情報通信・サービスその他,情報・通信業
4288,4288.T,アズジェント,情報通信・サービスその他,情報・通信業
428A,428A.T,サイプレス・ホールディングス,小売,小売業
4290,4290.T,プレステージ・インターナショナル,情報通信・サービスその他,サービス業
4293,4293.T,セプテーニ・ホールディングス,情報通信・サービスその他,サービス業
4299,4299.T,ハイマックス,情報通信・サービスその他,情報・通信業
429A,429A.T,テクセンドフォトマスク,情報通信・サービスその他,その他製品
4301,4301.T,アミューズ,情報通信・サービスその他,サービス業
4307,4307.T,野村総合研究所,情報通信・サービスその他,情報・通信業
4308,4308.T,Ｊストリーム,情報通信・サービスその他,情報・通信業
4310,4310.T,ドリームインキュベータ,情報通信・サービスその他,サービス業
4316,4316.T,ビーマップ,情報通信・サービスその他,情報・通信業
4317,4317.T,レイ,情報通信・サービスその他,サービス業
4318,4318.T,クイック,情報通信・サービスその他,サービス業
431A,431A.T,ユーソナー,情報通信・サービスその他,情報・通信業
4320,4320.T,ＣＥホールディングス,情報通信・サービスその他,情報・通信業
4323,4323.T,日本システム技術,情報通信・サービスその他,情報・通信業
4324,4324.T,電通グループ,情報通信・サービスその他,サービス業
4326,4326.T,インテージホールディングス,情報通信・サービスその他,情報・通信業
4331,4331.T,テイクアンドギヴ・ニーズ,情報通信・サービスその他,サービス業
4334,4334.T,ユークス,情報通信・サービスその他,情報・通信業
4335,4335.T,ＩＰＳホールディングス,情報通信・サービスその他,情報・通信業
4337,4337.T,ぴあ,情報通信・サービスその他,サービス業
4341,4341.T,西菱電機,情報通信・サービスその他,サービス業
4343,4343.T,イオンファンタジー,情報通信・サービスその他,サービス業
4344,4344.T,ソースネクスト,情報通信・サービスその他,情報・通信業
4345,4345.T,シーティーエス,情報通信・サービスその他,サービス業
4346,4346.T,ＮＥＸＹＺ．Ｇｒｏｕｐ,金融（除く銀行）,その他金融業
4347,4347.T,ブロードメディア,情報通信・サービスその他,サービス業
4350,4350.T,メディカルシステムネットワーク,小売,小売業
4351,4351.T,山田再生系債権回収総合事務所,金融（除く銀行）,その他金融業
4356,4356.T,応用技術,情報通信・サービスその他,情報・通信業
4360,4360.T,マナック・ケミカル・パートナーズ,素材・化学,化学
4361,4361.T,川口化学工業,素材・化学,化学
4362,4362.T,日本精化,素材・化学,化学
4365,4365.T,松本油脂製薬,素材・化学,化学
4366,4366.T,ダイトーケミックス,素材・化学,化学
4368,4368.T,扶桑化学工業,素材・化学,化学
4369,4369.T,トリケミカル研究所,素材・化学,化学
436A,436A.T,サイバーソリューションズ,情報通信・サービスその他,情報・通信業
4370,4370.T,モビルス,情報通信・サービスその他,情報・通信業
4371,4371.T,コアコンセプト・テクノロジー,情報通信・サービスその他,情報・通信業
4372,4372.T,ユミルリンク,情報通信・サービスその他,情報・通信業
4373,4373.T,シンプレクス・ホールディングス,情報通信・サービスその他,情報・通信業
4374,4374.T,ＲＯＢＯＴ　ＰＡＹＭＥＮＴ,情報通信・サービスその他,情報・通信業
4375,4375.T,セーフィー,情報通信・サービスその他,情報・通信業
4376,4376.T,くふうカンパニーホールディングス,情報通信・サービスその他,情報・通信業
4377,4377.T,ワンキャリア,情報通信・サービスその他,情報・通信業
4378,4378.T,ＣＩＮＣ,情報通信・サービスその他,情報・通信業
4379,4379.T,Ｐｈｏｔｏｓｙｎｔｈ,情報通信・サービスその他,情報・通信業
4380,4380.T,Ｍマート,情報通信・サービスその他,情報・通信業
4381,4381.T,ビープラッツ,情報通信・サービスその他,情報・通信業
4382,4382.T,ＨＥＲＯＺ,情報通信・サービスその他,情報・通信業
4385,4385.T,メルカリ,情報通信・サービスその他,情報・通信業
4386,4386.T,ＳＩＧグループ,情報通信・サービスその他,情報・通信業
4387,4387.T,ＺＵＵ,情報通信・サービスその他,情報・通信業
4388,4388.T,エーアイ,情報通信・サービスその他,情報・通信業
4389,4389.T,プロパティデータバンク,情報通信・サービスその他,情報・通信業
438A,438A.T,インフキュリオン,情報通信・サービスその他,情報・通信業
4390,4390.T,ＩＰＳ,情報通信・サービスその他,情報・通信業
4391,4391.T,ロジザード,情報通信・サービスその他,情報・通信業
4392,4392.T,ＦＩＧ,情報通信・サービスその他,情報・通信業
4393,4393.T,バンク・オブ・イノベーション,情報通信・サービスその他,情報・通信業
4394,4394.T,エクスモーション,情報通信・サービスその他,情報・通信業
4395,4395.T,アクリート,情報通信・サービスその他,情報・通信業
4396,4396.T,システムサポートホールディングス,情報通信・サービスその他,情報・通信業
4397,4397.T,チームスピリット,情報通信・サービスその他,情報・通信業
4398,4398.T,ブロードバンドセキュリティ,情報通信・サービスその他,情報・通信業
4401,4401.T,ＡＤＥＫＡ,素材・化学,化学
4403,4403.T,日油,素材・化学,化学
4404,4404.T,ミヨシ油脂,食品,食料品
4406,4406.T,新日本理化,素材・化学,化学
4409,4409.T,東邦化学工業,素材・化学,化学
4410,4410.T,ハリマ化成グループ,素材・化学,化学
4412,4412.T,サイエンスアーツ,情報通信・サービスその他,情報・通信業
4413,4413.T,ボードルア,情報通信・サービスその他,情報・通信業
4414,4414.T,フレクト,情報通信・サービスその他,情報・通信業
4415,4415.T,ブロードエンタープライズ,情報通信・サービスその他,情報・通信業
4416,4416.T,Ｔｒｕｅ　Ｄａｔａ,情報通信・サービスその他,情報・通信業
4417,4417.T,グローバルセキュリティエキスパート,情報通信・サービスその他,情報・通信業
4418,4418.T,ＪＤＳＣ,情報通信・サービスその他,情報・通信業
4419,4419.T,Ｆｉｎａｔｅｘｔホールディングス,情報通信・サービスその他,情報・通信業
441A,441A.T,ＮＥ,情報通信・サービスその他,情報・通信業
4420,4420.T,イーソル,情報通信・サービスその他,情報・通信業
4421,4421.T,ディ・アイ・システム,情報通信・サービスその他,情報・通信業
4422,4422.T,ＶＡＬＵＥＮＥＸ,情報通信・サービスその他,情報・通信業
4424,4424.T,Ａｍａｚｉａ,情報通信・サービスその他,情報・通信業
4425,4425.T,Ｋｕｄａｎ,情報通信・サービスその他,情報・通信業
4427,4427.T,ＥｄｕＬａｂ,情報通信・サービスその他,情報・通信業
4428,4428.T,シノプス,情報通信・サービスその他,情報・通信業
4429,4429.T,リックソフト,情報通信・サービスその他,情報・通信業
442A,442A.T,クラシコ,素材・化学,繊維製品
4430,4430.T,東海ソフト,情報通信・サービスその他,情報・通信業
4431,4431.T,スマレジ,情報通信・サービスその他,情報・通信業
4432,4432.T,ウイングアーク１ｓｔ,情報通信・サービスその他,情報・通信業
4433,4433.T,ヒト・コミュニケーションズ・ホールディングス,情報通信・サービスその他,サービス業
4434,4434.T,サーバーワークス,情報通信・サービスその他,情報・通信業
4436,4436.T,ミンカブ・ジ・インフォノイド,情報通信・サービスその他,情報・通信業
4437,4437.T,ｇｏｏｄｄａｙｓホールディングス,情報通信・サービスその他,情報・通信業
4438,4438.T,Ｗｅｌｂｙ,情報通信・サービスその他,情報・通信業
4439,4439.T,東名,情報通信・サービスその他,情報・通信業
4440,4440.T,ヴィッツ,情報通信・サービスその他,情報・通信業
4441,4441.T,トビラシステムズ,情報通信・サービスその他,情報・通信業
4442,4442.T,バルテス・ホールディングス,情報通信・サービスその他,情報・通信業
4443,4443.T,Ｓａｎｓａｎ,情報通信・サービスその他,情報・通信業
4444,4444.T,インフォネット,情報通信・サービスその他,情報・通信業
4445,4445.T,リビン・テクノロジーズ,情報通信・サービスその他,情報・通信業
4446,4446.T,Ｌｉｎｋ－Ｕグループ,情報通信・サービスその他,情報・通信業
4447,4447.T,ピー・ビーシステムズ,情報通信・サービスその他,情報・通信業
4448,4448.T,ｋｕｂｅｌｌ,情報通信・サービスその他,情報・通信業
4450,4450.T,パワーソリューションズ,情報通信・サービスその他,情報・通信業
4452,4452.T,花王,素材・化学,化学
4461,4461.T,第一工業製薬,素材・化学,化学
4462,4462.T,石原ケミカル,素材・化学,化学
4463,4463.T,日華化学,素材・化学,化学
4464,4464.T,ソフト９９コーポレーション,素材・化学,化学
4465,4465.T,ニイタカ,素材・化学,化学
446A,446A.T,ノースサンド,情報通信・サービスその他,サービス業
4471,4471.T,三洋化成工業,素材・化学,化学
4475,4475.T,ＨＥＮＮＧＥ,情報通信・サービスその他,情報・通信業
4476,4476.T,ＡＩ　ＣＲＯＳＳ,情報通信・サービスその他,情報・通信業
4477,4477.T,ＢＡＳＥ,情報通信・サービスその他,情報・通信業
4478,4478.T,フリー,情報通信・サービスその他,情報・通信業
4479,4479.T,マクアケ,情報通信・サービスその他,情報・通信業
4480,4480.T,メドレー,情報通信・サービスその他,情報・通信業
4481,4481.T,ベース,情報通信・サービスその他,情報・通信業
4482,4482.T,ウィルズ,情報通信・サービスその他,情報・通信業
4483,4483.T,ＪＭＤＣ,情報通信・サービスその他,情報・通信業
4484,4484.T,ランサーズ,情報通信・サービスその他,情報・通信業
4486,4486.T,ユナイトアンドグロウ,情報通信・サービスその他,情報・通信業
4487,4487.T,スペースマーケット,情報通信・サービスその他,情報・通信業
4488,4488.T,ＡＩ　ｉｎｓｉｄｅ,情報通信・サービスその他,情報・通信業
4490,4490.T,ビザスク,情報通信・サービスその他,情報・通信業
4491,4491.T,コンピューターマネージメント,情報通信・サービスその他,情報・通信業
4492,4492.T,ゼネテック,情報通信・サービスその他,情報・通信業
4493,4493.T,サイバーセキュリティクラウド,情報通信・サービスその他,情報・通信業
4495,4495.T,アイキューブドシステムズ,情報通信・サービスその他,情報・通信業
4496,4496.T,コマースＯｎｅホールディングス,情報通信・サービスその他,情報・通信業
4498,4498.T,サイバートラスト,情報通信・サービスその他,情報・通信業
4499,4499.T,Ｓｐｅｅｅ,情報通信・サービスその他,情報・通信業
4502,4502.T,武田薬品工業,医薬品,医薬品
4503,4503.T,アステラス製薬,医薬品,医薬品
4506,4506.T,住友ファーマ,医薬品,医薬品
4507,4507.T,塩野義製薬,医薬品,医薬品
4512,4512.T,わかもと製薬,医薬品,医薬品
4516,4516.T,日本新薬,医薬品,医薬品
4519,4519.T,中外製薬,医薬品,医薬品
4521,4521.T,科研製薬,医薬品,医薬品
4523,4523.T,エーザイ,医薬品,医薬品
4524,4524.T,森下仁丹,医薬品,医薬品
4526,4526.T,理研ビタミン,食品,食料品
4527,4527.T,ロート製薬,医薬品,医薬品
4528,4528.T,小野薬品工業,医薬品,医薬品
4531,4531.T,有機合成薬品工業,素材・化学,化学
4534,4534.T,持田製薬,医薬品,医薬品
4536,4536.T,参天製薬,医薬品,医薬品
4538,4538.T,扶桑薬品工業,医薬品,医薬品
4539,4539.T,日本ケミファ,医薬品,医薬品
4540,4540.T,ツムラ,医薬品,医薬品
4543,4543.T,テルモ,電機・精密,精密機器
4544,4544.T,Ｈ．Ｕ．グループホールディングス,情報通信・サービスその他,サービス業
4547,4547.T,キッセイ薬品工業,医薬品,医薬品
4548,4548.T,生化学工業,医薬品,医薬品
4549,4549.T,栄研化学,医薬品,医薬品
4552,4552.T,ＪＣＲファーマ,医薬品,医薬品
4553,4553.T,東和薬品,医薬品,医薬品
4554,4554.T,富士製薬工業,医薬品,医薬品
4558,4558.T,中京医薬品,医薬品,医薬品
4559,4559.T,ゼリア新薬工業,医薬品,医薬品
4563,4563.T,アンジェス,医薬品,医薬品
4564,4564.T,オンコセラピー・サイエンス,医薬品,医薬品
4565,4565.T,ネクセラファーマ,医薬品,医薬品
4568,4568.T,第一三共,医薬品,医薬品
4569,4569.T,杏林製薬,医薬品,医薬品
456A,456A.T,ＨＵＭＡＮ　ＭＡＤＥ,小売,小売業
4570,4570.T,免疫生物研究所,医薬品,医薬品
4571,4571.T,ＮＡＮＯホールディングス,医薬品,医薬品
4572,4572.T,カルナバイオサイエンス,医薬品,医薬品
4574,4574.T,大幸薬品,医薬品,医薬品
4575,4575.T,キャンバス,医薬品,医薬品
4576,4576.T,デ・ウエスタン・セラピテクス研究所,医薬品,医薬品
4577,4577.T,ダイト,医薬品,医薬品
4578,4578.T,大塚ホールディングス,医薬品,医薬品
4579,4579.T,ラクオリア創薬,医薬品,医薬品
4582,4582.T,シンバイオ製薬,医薬品,医薬品
4583,4583.T,カイオム・バイオサイエンス,医薬品,医薬品
4584,4584.T,キッズウェル・バイオ,医薬品,医薬品
4586,4586.T,メドレックス,医薬品,医薬品
4587,4587.T,ペプチドリーム,医薬品,医薬品
4588,4588.T,オンコリスバイオファーマ,医薬品,医薬品
4591,4591.T,リボミック,医薬品,医薬品
4592,4592.T,サンバイオ,医薬品,医薬品
4593,4593.T,ヘリオス,医薬品,医薬品
4594,4594.T,ブライトパス・バイオ,医薬品,医薬品
4595,4595.T,ミズホメディー,医薬品,医薬品
4596,4596.T,窪田製薬ホールディングス,医薬品,医薬品
4597,4597.T,ソレイジア・ファーマ,医薬品,医薬品
4598,4598.T,Ｄｅｌｔａ－Ｆｌｙ　Ｐｈａｒｍａ,医薬品,医薬品
4599,4599.T,ステムリム,医薬品,医薬品
460A,460A.T,ＢＲＡＮＵ,情報通信・サービスその他,情報・通信業
4611,4611.T,大日本塗料,素材・化学,化学
4612,4612.T,日本ペイントホールディングス,素材・化学,化学
4613,4613.T,関西ペイント,素材・化学,化学
4615,4615.T,神東塗料,素材・化学,化学
4616,4616.T,川上塗料,素材・化学,化学
4617,4617.T,中国塗料,素材・化学,化学
4619,4619.T,日本特殊塗料,素材・化学,化学
4620,4620.T,藤倉化成,素材・化学,化学
4623,4623.T,アサヒペン,素材・化学,化学
4624,4624.T,イサム塗料,素材・化学,化学
4625,4625.T,アトミクス,素材・化学,化学
4626,4626.T,太陽ホールディングス,素材・化学,化学
4627,4627.T,ナトコ,素材・化学,化学
4628,4628.T,エスケー化研,素材・化学,化学
4629,4629.T,大伸化学,素材・化学,化学
462A,462A.T,ＦＵＮＤＩＮＮＯ,金融（除く銀行）,証券、商品先物取引業
4631,4631.T,ＤＩＣ,素材・化学,化学
4633,4633.T,サカタインクス,素材・化学,化学
4634,4634.T,ａｒｔｉｅｎｃｅ,素材・化学,化学
4635,4635.T,東京インキ,素材・化学,化学
463A,463A.T,インテリックスホールディングス,不動産,不動産業
4641,4641.T,アルプス技研,情報通信・サービスその他,サービス業
4642,4642.T,オリジナル設計,情報通信・サービスその他,サービス業
4644,4644.T,イマジニア,情報通信・サービスその他,情報・通信業
4645,4645.T,市進ホールディングス,情報通信・サービスその他,サービス業
464A,464A.T,ＱＰＳホールディングス,情報通信・サービスその他,情報・通信業
4650,4650.T,ＳＤエンターテイメント,情報通信・サービスその他,サービス業
4651,4651.T,サニックスホールディングス,情報通信・サービスその他,サービス業
4657,4657.T,環境管理センター,情報通信・サービスその他,サービス業
4658,4658.T,日本空調サービス,情報通信・サービスその他,サービス業
4661,4661.T,オリエンタルランド,情報通信・サービスその他,サービス業
4662,4662.T,フォーカスシステムズ,情報通信・サービスその他,情報・通信業
4664,4664.T,アール・エス・シー,情報通信・サービスその他,サービス業
4665,4665.T,ダスキン,情報通信・サービスその他,サービス業
4666,4666.T,パーク２４,不動産,不動産業
4667,4667.T,アイサンテクノロジー,情報通信・サービスその他,情報・通信業
4668,4668.T,明光ネットワークジャパン,情報通信・サービスその他,サービス業
4671,4671.T,ファルコホールディングス,情報通信・サービスその他,サービス業
4673,4673.T,川崎地質,情報通信・サービスその他,サービス業
4674,4674.T,クレスコ,情報通信・サービスその他,情報・通信業
4676,4676.T,フジ・メディア・ホールディングス,情報通信・サービスその他,情報・通信業
4678,4678.T,秀英予備校,情報通信・サービスその他,サービス業
4679,4679.T,田谷,情報通信・サービスその他,サービス業
4680,4680.T,ラウンドワン,情報通信・サービスその他,サービス業
4681,4681.T,リゾートトラスト,情報通信・サービスその他,サービス業
4684,4684.T,オービック,情報通信・サービスその他,情報・通信業
4685,4685.T,菱友システムズ,情報通信・サービスその他,情報・通信業
4686,4686.T,ジャストシステム,情報通信・サービスその他,情報・通信業
4687,4687.T,ＴＤＣソフト,情報通信・サービスその他,情報・通信業
4689,4689.T,ＬＩＮＥヤフー,情報通信・サービスその他,情報・通信業
4691,4691.T,ワシントンホテル,情報通信・サービスその他,サービス業
4694,4694.T,ビー・エム・エル,情報通信・サービスその他,サービス業
469A,469A.T,フィットクルー,情報通信・サービスその他,サービス業
4704,4704.T,トレンドマイクロ,情報通信・サービスその他,情報・通信業
4705,4705.T,クリップコーポレーション,情報通信・サービスその他,サービス業
4707,4707.T,キタック,情報通信・サービスその他,サービス業
4709,4709.T,ＩＤホールディングス,情報通信・サービスその他,情報・通信業
4712,4712.T,ＫｅｙＨｏｌｄｅｒ,情報通信・サービスその他,サービス業
4714,4714.T,リソー教育グループ,情報通信・サービスその他,サービス業
4716,4716.T,日本オラクル,情報通信・サービスその他,情報・通信業
4718,4718.T,早稲田アカデミー,情報通信・サービスその他,サービス業
4719,4719.T,アルファシステムズ,情報通信・サービスその他,情報・通信業
471A,471A.T,ＮＳグループ,金融（除く銀行）,その他金融業
4720,4720.T,城南進学研究社,情報通信・サービスその他,サービス業
4722,4722.T,フューチャー,情報通信・サービスその他,情報・通信業
4725,4725.T,ＣＡＣ　Ｈｏｌｄｉｎｇｓ,情報通信・サービスその他,情報・通信業
4728,4728.T,トーセ,情報通信・サービスその他,情報・通信業
472A,472A.T,ミラティブ,情報通信・サービスその他,情報・通信業
4732,4732.T,ユー・エス・エス,情報通信・サービスその他,サービス業
4733,4733.T,オービックビジネスコンサルタント,情報通信・サービスその他,情報・通信業
4735,4735.T,京進,情報通信・サービスその他,サービス業
4736,4736.T,日本ラッド,情報通信・サービスその他,情報・通信業
4743,4743.T,アイティフォー,情報通信・サービスその他,情報・通信業
4746,4746.T,東計電算,情報通信・サービスその他,情報・通信業
4750,4750.T,ダイサン,情報通信・サービスその他,サービス業
4751,4751.T,サイバーエージェント,情報通信・サービスその他,サービス業
4752,4752.T,昭和システムエンジニアリング,情報通信・サービスその他,情報・通信業
4754,4754.T,トスネット,情報通信・サービスその他,サービス業
4755,4755.T,楽天グループ,情報通信・サービスその他,サービス業
475A,475A.T,ギミック,情報通信・サービスその他,サービス業
4760,4760.T,アルファ,情報通信・サービスその他,サービス業
4761,4761.T,さくらケーシーエス,情報通信・サービスその他,情報・通信業
4762,4762.T,エックスネット,情報通信・サービスその他,情報・通信業
4763,4763.T,クリーク・アンド・リバー社,情報通信・サービスその他,サービス業
4765,4765.T,ＳＢＩグローバルアセットマネジメント,情報通信・サービスその他,サービス業
4766,4766.T,ピーエイ,情報通信・サービスその他,サービス業
4767,4767.T,テー・オー・ダブリュー,情報通信・サービスその他,サービス業
4768,4768.T,大塚商会,情報通信・サービスその他,情報・通信業
4769,4769.T,ＩＣ,情報通信・サービスその他,情報・通信業
476A,476A.T,辻・本郷ＩＴコンサルティング,情報通信・サービスその他,情報・通信業
4771,4771.T,エフアンドエム,情報通信・サービスその他,サービス業
4772,4772.T,ＳＭ　ＥＮＴＥＲＴＡＩＮＭＥＮＴ　ＪＡＰＡＮ,情報通信・サービスその他,情報・通信業
4776,4776.T,サイボウズ,情報通信・サービスその他,情報・通信業
4777,4777.T,ガーラ,情報通信・サービスその他,情報・通信業
477A,477A.T,スタートライン,情報通信・サービスその他,サービス業
4783,4783.T,ＮＣＤ,情報通信・サービスその他,情報・通信業
4784,4784.T,ＧＭＯインターネット,情報通信・サービスその他,サービス業
478A,478A.T,フツパー,情報通信・サービスその他,情報・通信業
4792,4792.T,山田コンサルティンググループ,情報通信・サービスその他,サービス業
479A,479A.T,ＰＲＯＮＩ,情報通信・サービスその他,情報・通信業
4800,4800.T,オリコン,情報通信・サービスその他,情報・通信業
4801,4801.T,セントラルスポーツ,情報通信・サービスその他,サービス業
4809,4809.T,パラカ,不動産,不動産業
480A,480A.T,リブ・コンサルティング,情報通信・サービスその他,サービス業
4811,4811.T,ドリーム・アーツ,情報通信・サービスその他,情報・通信業
4812,4812.T,電通総研,情報通信・サービスその他,情報・通信業
4813,4813.T,ＡＣＣＥＳＳ,情報通信・サービスその他,情報・通信業
4814,4814.T,ネクストウェア,情報通信・サービスその他,情報・通信業
4816,4816.T,東映アニメーション,情報通信・サービスその他,情報・通信業
4819,4819.T,デジタルガレージ,情報通信・サービスその他,情報・通信業
4820,4820.T,イーエムシステムズ,情報通信・サービスその他,情報・通信業
4825,4825.T,ウェザーニューズ,情報通信・サービスその他,情報・通信業
4826,4826.T,ＣＩＪ,情報通信・サービスその他,情報・通信業
4828,4828.T,ビジネスエンジニアリング,情報通信・サービスその他,情報・通信業
4829,4829.T,日本エンタープライズ,情報通信・サービスその他,情報・通信業
4832,4832.T,ＪＦＥシステムズ,情報通信・サービスその他,情報・通信業
4833,4833.T,Ｄｅｆ　ｃｏｎｓｕｌｔｉｎｇ,情報通信・サービスその他,サービス業
4838,4838.T,スペースシャワーＳＫＩＹＡＫＩホールディングス,情報通信・サービスその他,情報・通信業
4839,4839.T,ＷＯＷＯＷ,情報通信・サービスその他,情報・通信業
483A,483A.T,テラテクノロジー,情報通信・サービスその他,情報・通信業
4840,4840.T,トライアイズ,情報通信・サービスその他,サービス業
4845,4845.T,スカラ,情報通信・サービスその他,情報・通信業
4847,4847.T,インテリジェント　ウェイブ,情報通信・サービスその他,情報・通信業
4848,4848.T,フルキャストホールディングス,情報通信・サービスその他,サービス業
4849,4849.T,エン,情報通信・サービスその他,サービス業
485A,485A.T,パワーエックス,電機・精密,電気機器
4880,4880.T,セルソース,医薬品,医薬品
4881,4881.T,ファンペップ,医薬品,医薬品
4882,4882.T,ペルセウスプロテオミクス,医薬品,医薬品
4883,4883.T,モダリス,医薬品,医薬品
4884,4884.T,クリングルファーマ,医薬品,医薬品
4885,4885.T,室町ケミカル,医薬品,医薬品
4886,4886.T,あすか製薬ホールディングス,医薬品,医薬品
4887,4887.T,サワイグループホールディングス,医薬品,医薬品
4888,4888.T,ステラファーマ,医薬品,医薬品
4889,4889.T,レナサイエンス,医薬品,医薬品
4890,4890.T,坪田ラボ,医薬品,医薬品
4891,4891.T,ティムス,医薬品,医薬品
4892,4892.T,サイフューズ,医薬品,医薬品
4893,4893.T,ノイルイミューン・バイオテック,医薬品,医薬品
4894,4894.T,クオリプス,医薬品,医薬品
4896,4896.T,ケイファーマ,医薬品,医薬品
4901,4901.T,富士フイルムホールディングス,素材・化学,化学
4902,4902.T,コニカミノルタ,電機・精密,電気機器
4911,4911.T,資生堂,素材・化学,化学
4912,4912.T,ライオン,素材・化学,化学
4914,4914.T,高砂香料工業,素材・化学,化学
4918,4918.T,アイビー化粧品,素材・化学,化学
4919,4919.T,ミルボン,素材・化学,化学
4920,4920.T,日本色材工業研究所,素材・化学,化学
4922,4922.T,コーセーホールディングス,素材・化学,化学
4923,4923.T,コタ,素材・化学,化学
4925,4925.T,ハーバー研究所,素材・化学,化学
4926,4926.T,シーボン,素材・化学,化学
4927,4927.T,ポーラ・オルビスホールディングス,素材・化学,化学
4928,4928.T,ノエビアホールディングス,素材・化学,化学
4929,4929.T,アジュバンホールディングス,素材・化学,化学
4931,4931.T,新日本製薬,素材・化学,化学
4932,4932.T,アルマード,素材・化学,化学
4933,4933.T,Ｉ－ｎｅ,素材・化学,化学
4934,4934.T,プレミアアンチエイジング,素材・化学,化学
4935,4935.T,リベルタ,素材・化学,化学
4936,4936.T,アクシージア,素材・化学,化学
4937,4937.T,Ｗａｑｏｏ,素材・化学,化学
4951,4951.T,エステー,素材・化学,化学
4956,4956.T,コニシ,素材・化学,化学
4958,4958.T,長谷川香料,素材・化学,化学
4960,4960.T,ケミプロ化成,素材・化学,化学
4966,4966.T,上村工業,素材・化学,化学
4967,4967.T,小林製薬,素材・化学,化学
4968,4968.T,荒川化学工業,素材・化学,化学
4970,4970.T,東洋合成工業,素材・化学,化学
4971,4971.T,メック,素材・化学,化学
4972,4972.T,綜研化学,素材・化学,化学
4973,4973.T,日本高純度化学,素材・化学,化学
4975,4975.T,ＪＣＵ,素材・化学,化学
4976,4976.T,東洋ドライルーブ,素材・化学,化学
4977,4977.T,新田ゼラチン,素材・化学,化学
4978,4978.T,リプロセル,素材・化学,化学
4979,4979.T,ＯＡＴアグリオ,素材・化学,化学
4980,4980.T,デクセリアルズ,素材・化学,化学
4985,4985.T,アース製薬,素材・化学,化学
4990,4990.T,昭和化学工業,素材・化学,化学
4992,4992.T,北興化学工業,素材・化学,化学
4994,4994.T,大成ラミックグループ,素材・化学,化学
4996,4996.T,クミアイ化学工業,素材・化学,化学
4997,4997.T,日本農薬,素材・化学,化学
4998,4998.T,フマキラー,素材・化学,化学
500A,500A.T,ＴＯブックス,情報通信・サービスその他,情報・通信業
5010,5010.T,日本精蝋,エネルギー資源,石油・石炭製品
5011,5011.T,ニチレキグループ,エネルギー資源,石油・石炭製品
5013,5013.T,ユシロ,エネルギー資源,石油・石炭製品
5015,5015.T,ビーピー・カストロール,エネルギー資源,石油・石炭製品
5016,5016.T,ＪＸ金属,鉄鋼・非鉄,非鉄金属
5018,5018.T,ＭＯＲＥＳＣＯ,エネルギー資源,石油・石炭製品
5019,5019.T,出光興産,エネルギー資源,石油・石炭製品
5020,5020.T,ＥＮＥＯＳホールディングス,エネルギー資源,石油・石炭製品
5021,5021.T,コスモエネルギーホールディングス,エネルギー資源,石油・石炭製品
5025,5025.T,マーキュリー,情報通信・サービスその他,情報・通信業
5026,5026.T,トリプルアイズ,情報通信・サービスその他,情報・通信業
5027,5027.T,ＡｎｙＭｉｎｄ　Ｇｒｏｕｐ,情報通信・サービスその他,情報・通信業
5028,5028.T,セカンドサイトアナリティカ,情報通信・サービスその他,情報・通信業
5029,5029.T,サークレイス,情報通信・サービスその他,情報・通信業
5031,5031.T,モイ,情報通信・サービスその他,情報・通信業
5032,5032.T,ＡＮＹＣＯＬＯＲ,情報通信・サービスその他,情報・通信業
5033,5033.T,ヌーラボ,情報通信・サービスその他,情報・通信業
5034,5034.T,ｕｎｅｒｒｙ,情報通信・サービスその他,情報・通信業
5035,5035.T,ＨＯＵＳＥＩ,情報通信・サービスその他,情報・通信業
5036,5036.T,日本ビジネスシステムズ,情報通信・サービスその他,情報・通信業
5038,5038.T,ｅＷｅＬＬ,情報通信・サービスその他,情報・通信業
504A,504A.T,イノバセル,医薬品,医薬品
505A,505A.T,ギークリー,情報通信・サービスその他,サービス業
5071,5071.T,ヴィス,情報通信・サービスその他,サービス業
5074,5074.T,テスホールディングス,建設・資材,建設業
5076,5076.T,インフロニア・ホールディングス,建設・資材,建設業
5078,5078.T,セレコーポレーション,建設・資材,建設業
5079,5079.T,ノバック,建設・資材,建設業
5101,5101.T,横浜ゴム,自動車・輸送機,ゴム製品
5105,5105.T,ＴＯＹＯ　ＴＩＲＥ,自動車・輸送機,ゴム製品
5108,5108.T,ブリヂストン,自動車・輸送機,ゴム製品
5110,5110.T,住友ゴム工業,自動車・輸送機,ゴム製品
5121,5121.T,藤倉コンポジット,自動車・輸送機,ゴム製品
5122,5122.T,オカモト,自動車・輸送機,ゴム製品
5125,5125.T,ファインズ,情報通信・サービスその他,情報・通信業
5126,5126.T,ポーターズ,情報通信・サービスその他,情報・通信業
5129,5129.T,ＦＩＸＥＲ,情報通信・サービスその他,情報・通信業
5131,5131.T,リンカーズ,情報通信・サービスその他,情報・通信業
5132,5132.T,ｐｌｕｓｚｅｒｏ,情報通信・サービスその他,情報・通信業
5133,5133.T,テリロジーホールディングス,情報通信・サービスその他,情報・通信業
5134,5134.T,ＰＯＰＥＲ,情報通信・サービスその他,情報・通信業
5136,5136.T,ｔｒｉｐｌａ,情報通信・サービスその他,情報・通信業
5137,5137.T,スマートドライブ,情報通信・サービスその他,情報・通信業
5138,5138.T,Ｒｅｂａｓｅ,情報通信・サービスその他,情報・通信業
5139,5139.T,オープンワーク,情報通信・サービスその他,情報・通信業
5142,5142.T,アキレス,素材・化学,化学
5161,5161.T,西川ゴム工業,自動車・輸送機,ゴム製品
5162,5162.T,朝日ラバー,自動車・輸送機,ゴム製品
5184,5184.T,ニチリン,自動車・輸送機,ゴム製品
5185,5185.T,フコク,自動車・輸送機,ゴム製品
5186,5186.T,ニッタ,自動車・輸送機,ゴム製品
5187,5187.T,クリエートメディック,電機・精密,精密機器
5189,5189.T,櫻護謨,自動車・輸送機,ゴム製品
5192,5192.T,三ツ星ベルト,自動車・輸送機,ゴム製品
5194,5194.T,相模ゴム工業,自動車・輸送機,ゴム製品
5195,5195.T,バンドー化学,自動車・輸送機,ゴム製品
5199,5199.T,不二ラテックス,自動車・輸送機,ゴム製品
519A,519A.T,ベーシック,情報通信・サービスその他,情報・通信業
5201,5201.T,ＡＧＣ,建設・資材,ガラス・土石製品
5202,5202.T,日本板硝子,建設・資材,ガラス・土石製品
5204,5204.T,石塚硝子,建設・資材,ガラス・土石製品
5208,5208.T,有沢製作所,素材・化学,化学
520A,520A.T,ジェイファーマ,医薬品,医薬品
5210,5210.T,日本山村硝子,建設・資材,ガラス・土石製品
5214,5214.T,日本電気硝子,建設・資材,ガラス・土石製品
5216,5216.T,倉元製作所,建設・資材,ガラス・土石製品
5218,5218.T,オハラ,建設・資材,ガラス・土石製品
5232,5232.T,住友大阪セメント,建設・資材,ガラス・土石製品
5233,5233.T,太平洋セメント,建設・資材,ガラス・土石製品
5237,5237.T,ノザワ,建設・資材,ガラス・土石製品
523A,523A.T,セイワホールディングス,建設・資材,金属製品
5240,5240.T,ｍｏｎｏＡＩ　ｔｅｃｈｎｏｌｏｇｙ,情報通信・サービスその他,情報・通信業
5242,5242.T,アイズ,情報通信・サービスその他,情報・通信業
5243,5243.T,ｎｏｔｅ,情報通信・サービスその他,情報・通信業
5244,5244.T,ｊｉｇ．ｊｐ,情報通信・サービスその他,情報・通信業
5246,5246.T,ＥＬＥＭＥＮＴＳ,情報通信・サービスその他,情報・通信業
5247,5247.T,ＢＴＭ,情報通信・サービスその他,情報・通信業
5248,5248.T,テクノロジーズ,情報通信・サービスその他,情報・通信業
5250,5250.T,ＧＭＯプライム・ストラテジー,情報通信・サービスその他,情報・通信業
5252,5252.T,日本ナレッジ,情報通信・サービスその他,情報・通信業
5253,5253.T,カバー,情報通信・サービスその他,情報・通信業
5254,5254.T,Ａｒｅｎｔ,情報通信・サービスその他,情報・通信業
5255,5255.T,モンスターラボ,情報通信・サービスその他,情報・通信業
5256,5256.T,Ｆｕｓｉｃ,情報通信・サービスその他,情報・通信業
5257,5257.T,ノバシステム,情報通信・サービスその他,情報・通信業
5258,5258.T,トランザクション・メディア・ネットワークス,情報通信・サービスその他,情報・通信業
5261,5261.T,リソルホールディングス,情報通信・サービスその他,サービス業
5262,5262.T,日本ヒューム,建設・資材,ガラス・土石製品
5268,5268.T,旭コンクリート工業,建設・資材,ガラス・土石製品
5269,5269.T,日本コンクリート工業,建設・資材,ガラス・土石製品
5271,5271.T,トーヨーアサノ,建設・資材,ガラス・土石製品
5273,5273.T,三谷セキサン,建設・資材,ガラス・土石製品
5279,5279.T,日本興業,建設・資材,ガラス・土石製品
5280,5280.T,ヨシコン,不動産,不動産業
5282,5282.T,ジオスター,建設・資材,ガラス・土石製品
5283,5283.T,高見澤,商社・卸売,卸売業
5284,5284.T,ヤマウホールディングス,建設・資材,ガラス・土石製品
5285,5285.T,ヤマックス,建設・資材,ガラス・土石製品
5287,5287.T,イトーヨーギョー,建設・資材,ガラス・土石製品
5288,5288.T,アジアパイルホールディングス,建設・資材,ガラス・土石製品
5290,5290.T,ベルテクスコーポレーション,建設・資材,ガラス・土石製品
5301,5301.T,東海カーボン,建設・資材,ガラス・土石製品
5302,5302.T,日本カーボン,建設・資材,ガラス・土石製品
5304,5304.T,ＳＥＣカーボン,建設・資材,ガラス・土石製品
5310,5310.T,東洋炭素,建設・資材,ガラス・土石製品
5331,5331.T,ノリタケ,建設・資材,ガラス・土石製品
5332,5332.T,ＴＯＴＯ,建設・資材,ガラス・土石製品
5333,5333.T,ＮＧＫ,建設・資材,ガラス・土石製品
5334,5334.T,日本特殊陶業,建設・資材,ガラス・土石製品
5337,5337.T,ダントーホールディングス,建設・資材,ガラス・土石製品
5341,5341.T,ＡＳＡＨＩ　ＥＩＴＯホールディングス,建設・資材,ガラス・土石製品
5344,5344.T,ＭＡＲＵＷＡ,建設・資材,ガラス・土石製品
5351,5351.T,品川リフラ,建設・資材,ガラス・土石製品
5355,5355.T,日本坩堝,建設・資材,ガラス・土石製品
5356,5356.T,美濃窯業,建設・資材,ガラス・土石製品
5357,5357.T,ヨータイ,建設・資材,ガラス・土石製品
5363,5363.T,東京窯業,建設・資材,ガラス・土石製品
5367,5367.T,ニッカトー,建設・資材,ガラス・土石製品
5368,5368.T,日本インシュレーション,建設・資材,ガラス・土石製品
5380,5380.T,新東,建設・資材,ガラス・土石製品
5381,5381.T,マイポックス,建設・資材,ガラス・土石製品
5384,5384.T,フジミインコーポレーテッド,建設・資材,ガラス・土石製品
5388,5388.T,クニミネ工業,建設・資材,ガラス・土石製品
5391,5391.T,エーアンドエーマテリアル,建設・資材,ガラス・土石製品
5393,5393.T,ニチアス,建設・資材,ガラス・土石製品
5401,5401.T,日本製鉄,鉄鋼・非鉄,鉄鋼
5406,5406.T,神戸製鋼所,鉄鋼・非鉄,鉄鋼
5408,5408.T,中山製鋼所,鉄鋼・非鉄,鉄鋼
5410,5410.T,合同製鐵,鉄鋼・非鉄,鉄鋼
5411,5411.T,ＪＦＥホールディングス,鉄鋼・非鉄,鉄鋼
5423,5423.T,東京製鐵,鉄鋼・非鉄,鉄鋼
542A,542A.T,ビタブリッドジャパン,素材・化学,化学
543A,543A.T,ＡＲＣＨＩＯＮ,自動車・輸送機,輸送用機器
5440,5440.T,共英製鋼,鉄鋼・非鉄,鉄鋼
5444,5444.T,大和工業,鉄鋼・非鉄,鉄鋼
5445,5445.T,東京鐵鋼,鉄鋼・非鉄,鉄鋼
5446,5446.T,北越メタル,鉄鋼・非鉄,鉄鋼
5449,5449.T,大阪製鐵,鉄鋼・非鉄,鉄鋼
544A,544A.T,ＧＭＳグループ,機械,機械
5451,5451.T,ヨドコウ,鉄鋼・非鉄,鉄鋼
5458,5458.T,高砂鐵工,鉄鋼・非鉄,鉄鋼
545A,545A.T,トランヴィア,情報通信・サービスその他,情報・通信業
5461,5461.T,中部鋼鈑,鉄鋼・非鉄,鉄鋼
5463,5463.T,丸一鋼管,鉄鋼・非鉄,鉄鋼
5464,5464.T,モリ工業,鉄鋼・非鉄,鉄鋼
546A,546A.T,ＭＩＲＡＩＮＩホールディングス,商社・卸売,卸売業
5471,5471.T,大同特殊鋼,鉄鋼・非鉄,鉄鋼
547A,547A.T,ムニノバホールディングス,金融（除く銀行）,その他金融業
5480,5480.T,日本冶金工業,鉄鋼・非鉄,鉄鋼
5482,5482.T,愛知製鋼,鉄鋼・非鉄,鉄鋼
5484,5484.T,東北特殊鋼,鉄鋼・非鉄,鉄鋼
548A,548A.T,システムエグゼ,情報通信・サービスその他,情報・通信業
5491,5491.T,日本金属,鉄鋼・非鉄,鉄鋼
549A,549A.T,ヒトトヒトホールディングス,情報通信・サービスその他,サービス業
550A,550A.T,ソフトテックス,情報通信・サービスその他,情報・通信業
5527,5527.T,ｐｒｏｐｅｒｔｙ　ｔｅｃｈｎｏｌｏｇｉｅｓ,不動産,不動産業
5532,5532.T,リアルゲイト,不動産,不動産業
5533,5533.T,エリッツホールディングス,不動産,不動産業
5535,5535.T,ミガロホールディングス,不動産,不動産業
5537,5537.T,ＡｌｂａＬｉｎｋ,不動産,不動産業
5541,5541.T,大平洋金属,鉄鋼・非鉄,鉄鋼
5542,5542.T,新報国マテリアル,鉄鋼・非鉄,鉄鋼
554A,554A.T,バトンズ,情報通信・サービスその他,情報・通信業
5563,5563.T,新日本電工,鉄鋼・非鉄,鉄鋼
556A,556A.T,犬猫生活,小売,小売業
5570,5570.T,ジェノバ,情報通信・サービスその他,情報・通信業
5571,5571.T,エキサイトホールディングス,情報通信・サービスその他,情報・通信業
5572,5572.T,Ｒｉｄｇｅ－ｉ,情報通信・サービスその他,情報・通信業
5574,5574.T,ＡＢＥＪＡ,情報通信・サービスその他,情報・通信業
5575,5575.T,Ｇｌｏｂｅｅ,情報通信・サービスその他,情報・通信業
5576,5576.T,オービーシステム,情報通信・サービスその他,情報・通信業
5578,5578.T,ＡＲアドバンストテクノロジ,情報通信・サービスその他,情報・通信業
5580,5580.T,プロディライト,情報通信・サービスその他,情報・通信業
5582,5582.T,グリッド,情報通信・サービスその他,情報・通信業
5586,5586.T,Ｌａｂｏｒｏ．ＡＩ,情報通信・サービスその他,情報・通信業
5587,5587.T,インバウンドプラットフォーム,情報通信・サービスその他,情報・通信業
5588,5588.T,ファーストアカウンティング,情報通信・サービスその他,情報・通信業
5589,5589.T,オートサーバー,情報通信・サービスその他,情報・通信業
558A,558A.T,ＳＱＵＥＥＺＥ,情報通信・サービスその他,サービス業
5590,5590.T,ネットスターズ,情報通信・サービスその他,情報・通信業
5591,5591.T,ＡＶＩＬＥＮ,情報通信・サービスその他,情報・通信業
5592,5592.T,くすりの窓口,情報通信・サービスその他,情報・通信業
5597,5597.T,ブルーイノベーション,情報通信・サービスその他,情報・通信業
5599,5599.T,Ｓ＆Ｊ,情報通信・サービスその他,情報・通信業
559A,559A.T,梅乃宿酒造,食品,食料品
5602,5602.T,栗本鐵工所,鉄鋼・非鉄,鉄鋼
5603,5603.T,虹技,鉄鋼・非鉄,鉄鋼
5609,5609.T,日本鋳造,鉄鋼・非鉄,鉄鋼
5612,5612.T,日本鋳鉄管,鉄鋼・非鉄,鉄鋼
5616,5616.T,雨風太陽,情報通信・サービスその他,情報・通信業
5618,5618.T,ナイル,情報通信・サービスその他,情報・通信業
5619,5619.T,マーソ,情報通信・サービスその他,情報・通信業
5621,5621.T,ヒューマンテクノロジーズ,情報通信・サービスその他,情報・通信業
5631,5631.T,日本製鋼所,機械,機械
5632,5632.T,三菱製鋼,鉄鋼・非鉄,鉄鋼
5644,5644.T,メタルアート,鉄鋼・非鉄,鉄鋼
5658,5658.T,日亜鋼業,鉄鋼・非鉄,鉄鋼
5659,5659.T,日本精線,鉄鋼・非鉄,鉄鋼
5695,5695.T,パウダーテック,鉄鋼・非鉄,鉄鋼
5697,5697.T,サンユウ,鉄鋼・非鉄,鉄鋼
5698,5698.T,エンビプロ・ホールディングス,鉄鋼・非鉄,鉄鋼
5699,5699.T,イボキン,鉄鋼・非鉄,鉄鋼
5702,5702.T,大紀アルミニウム工業所,鉄鋼・非鉄,非鉄金属
5703,5703.T,日本軽金属ホールディングス,鉄鋼・非鉄,非鉄金属
5704,5704.T,ＪＭＣ,鉄鋼・非鉄,非鉄金属
5706,5706.T,三井金属,鉄鋼・非鉄,非鉄金属
5707,5707.T,東邦亜鉛,鉄鋼・非鉄,非鉄金属
5711,5711.T,三菱マテリアル,鉄鋼・非鉄,非鉄金属
5713,5713.T,住友金属鉱山,鉄鋼・非鉄,非鉄金属
5714,5714.T,ＤＯＷＡホールディングス,鉄鋼・非鉄,非鉄金属
5715,5715.T,古河機械金属,鉄鋼・非鉄,非鉄金属
5721,5721.T,エスクリプトエナジー,鉄鋼・非鉄,非鉄金属
5724,5724.T,アサカ理研,鉄鋼・非鉄,非鉄金属
5726,5726.T,大阪チタニウムテクノロジーズ,鉄鋼・非鉄,非鉄金属
5729,5729.T,日本精鉱,鉄鋼・非鉄,非鉄金属
5741,5741.T,ＵＡＣＪ,鉄鋼・非鉄,非鉄金属
5742,5742.T,エヌアイシ・オートテック,鉄鋼・非鉄,非鉄金属
5753,5753.T,日本伸銅,鉄鋼・非鉄,非鉄金属
5757,5757.T,ＣＫサンエツ,鉄鋼・非鉄,非鉄金属
575A,575A.T,前澤ホールディングス,機械,機械
5801,5801.T,古河電気工業,鉄鋼・非鉄,非鉄金属
5802,5802.T,住友電気工業,鉄鋼・非鉄,非鉄金属
5803,5803.T,フジクラ,鉄鋼・非鉄,非鉄金属
5805,5805.T,ＳＷＣＣ,鉄鋼・非鉄,非鉄金属
5816,5816.T,オーナンバ,鉄鋼・非鉄,非鉄金属
5817,5817.T,ＪＭＡＣＳ,鉄鋼・非鉄,非鉄金属
5819,5819.T,カナレ電気,鉄鋼・非鉄,非鉄金属
581A,581A.T,ＧＯ,情報通信・サービスその他,情報・通信業
5820,5820.T,三ッ星,鉄鋼・非鉄,非鉄金属
5821,5821.T,平河ヒューテック,鉄鋼・非鉄,非鉄金属
5830,5830.T,いよぎんホールディングス,銀行,銀行業
5831,5831.T,しずおかフィナンシャルグループ,銀行,銀行業
5832,5832.T,ちゅうぎんフィナンシャルグループ,銀行,銀行業
5834,5834.T,ＳＢＩリーシングサービス,金融（除く銀行）,証券、商品先物取引業
5838,5838.T,楽天銀行,銀行,銀行業
5842,5842.T,インテグラル,金融（除く銀行）,証券、商品先物取引業
5843,5843.T,ニッポンインシュア,金融（除く銀行）,その他金融業
5844,5844.T,京都フィナンシャルグループ,銀行,銀行業
5845,5845.T,全保連,金融（除く銀行）,その他金融業
584A,584A.T,ＬｉＮＫＸ,情報通信・サービスその他,情報・通信業
5851,5851.T,リョービ,鉄鋼・非鉄,非鉄金属
5852,5852.T,アーレスティ,鉄鋼・非鉄,非鉄金属
5857,5857.T,ＡＲＥホールディングス,鉄鋼・非鉄,非鉄金属
5858,5858.T,ＳＴＧ,鉄鋼・非鉄,非鉄金属
5867,5867.T,エスネットワークス,情報通信・サービスその他,サービス業
5868,5868.T,ロココ,情報通信・サービスその他,サービス業
5869,5869.T,早稲田学習研究会,情報通信・サービスその他,サービス業
5870,5870.T,ナルネットコミュニケーションズ,情報通信・サービスその他,サービス業
5871,5871.T,ＳＯＬＩＺＥ　Ｈｏｌｄｉｎｇｓ,情報通信・サービスその他,サービス業
5884,5884.T,クラダシ,小売,小売業
5885,5885.T,ジーデップ・アドバンス,商社・卸売,卸売業
5888,5888.T,ＤＡＩＷＡ　ＣＹＣＬＥ,小売,小売業
5889,5889.T,Ｊａｐａｎ　Ｅｙｅｗｅａｒ　Ｈｏｌｄｉｎｇｓ,小売,小売業
5891,5891.T,ＳＡＫＩＧＡＫＥホールディングス,小売,小売業
5892,5892.T,ｙｕｔｏｒｉ,小売,小売業
589A,589A.T,ネイス,情報通信・サービスその他,サービス業
5900,5900.T,ダイケン,建設・資材,金属製品
5901,5901.T,東洋製罐グループホールディングス,建設・資材,金属製品
5902,5902.T,ホッカンホールディングス,建設・資材,金属製品
5905,5905.T,日本製罐,建設・資材,金属製品
5906,5906.T,エムケー精工,建設・資材,金属製品
5909,5909.T,コロナ,建設・資材,金属製品
590A,590A.T,ギフティグループ,情報通信・サービスその他,情報・通信業
5911,5911.T,横河ブリッジホールディングス,建設・資材,金属製品
5915,5915.T,駒井ハルテック,建設・資材,金属製品
5918,5918.T,瀧上工業,建設・資材,金属製品
5921,5921.T,川岸工業,建設・資材,金属製品
5922,5922.T,那須電機鉄工,建設・資材,金属製品
5923,5923.T,高田機工,建設・資材,金属製品
5928,5928.T,アルメタックス,建設・資材,金属製品
5929,5929.T,三和ホールディングス,建設・資材,金属製品
5930,5930.T,文化シヤッター,建設・資材,金属製品
5932,5932.T,三協立山,建設・資材,金属製品
5933,5933.T,アルインコ,建設・資材,金属製品
5936,5936.T,東洋シヤッター,建設・資材,金属製品
5938,5938.T,ＬＩＸＩＬ,建設・資材,金属製品
5939,5939.T,大谷工業,建設・資材,金属製品
593A,593A.T,ティアフォー,情報通信・サービスその他,情報・通信業
5940,5940.T,不二サッシ,建設・資材,金属製品
5941,5941.T,中西製作所,建設・資材,金属製品
5942,5942.T,日本フイルコン,建設・資材,金属製品
5943,5943.T,ノーリツ,建設・資材,金属製品
5945,5945.T,天龍製鋸,建設・資材,金属製品
5946,5946.T,長府製作所,建設・資材,金属製品
5947,5947.T,リンナイ,建設・資材,金属製品
5949,5949.T,ユニプレス,自動車・輸送機,輸送用機器
5950,5950.T,日本パワーファスニング,建設・資材,金属製品
5951,5951.T,ダイニチ工業,建設・資材,金属製品
5952,5952.T,アマテイ,建設・資材,金属製品
5955,5955.T,ワイズホールディングス,建設・資材,金属製品
5956,5956.T,トーソー,建設・資材,金属製品
5957,5957.T,日東精工,建設・資材,金属製品
5958,5958.T,三洋工業,建設・資材,金属製品
5959,5959.T,岡部,建設・資材,金属製品
5962,5962.T,浅香工業,情報通信・サービスその他,その他製品
5965,5965.T,フジマック,建設・資材,金属製品
5966,5966.T,京都機械工具,建設・資材,金属製品
5967,5967.T,ＴＯＮＥ,建設・資材,金属製品
5969,5969.T,ロブテックス,建設・資材,金属製品
5970,5970.T,ジーテクト,建設・資材,金属製品
5971,5971.T,共和工業所,建設・資材,金属製品
5973,5973.T,トーアミ,建設・資材,金属製品
5974,5974.T,中国工業,建設・資材,金属製品
5975,5975.T,東プレ,建設・資材,金属製品
5976,5976.T,高周波熱錬,建設・資材,金属製品
5981,5981.T,東京製綱,建設・資材,金属製品
5982,5982.T,マルゼン,建設・資材,金属製品
5983,5983.T,イワブチ,建設・資材,金属製品
5984,5984.T,兼房,建設・資材,金属製品
5985,5985.T,サンコール,建設・資材,金属製品
5986,5986.T,モリテック　スチール,建設・資材,金属製品
5987,5987.T,オーネックス,建設・資材,金属製品
5988,5988.T,パイオラックス,建設・資材,金属製品
5989,5989.T,エイチワン,建設・資材,金属製品
598A,598A.T,チャットプラス,情報通信・サービスその他,情報・通信業
5990,5990.T,スーパーツール,建設・資材,金属製品
5991,5991.T,日本発條,建設・資材,金属製品
5992,5992.T,中央発條,建設・資材,金属製品
5994,5994.T,ファインシンター,建設・資材,金属製品
5997,5997.T,協立エアテック,建設・資材,金属製品
5998,5998.T,アドバネクス,建設・資材,金属製品
6005,6005.T,三浦工業,機械,機械
6013,6013.T,タクマ,機械,機械
6016,6016.T,ジャパンエンジンコーポレーション,自動車・輸送機,輸送用機器
6018,6018.T,阪神内燃機工業,自動車・輸送機,輸送用機器
6022,6022.T,赤阪鐵工所,機械,機械
6023,6023.T,ダイハツインフィニアース,自動車・輸送機,輸送用機器
6027,6027.T,弁護士ドットコム,情報通信・サービスその他,サービス業
6029,6029.T,アトラグループ,情報通信・サービスその他,サービス業
6030,6030.T,アドベンチャー,情報通信・サービスその他,サービス業
6031,6031.T,ＺＥＴＡ,情報通信・サービスその他,サービス業
6033,6033.T,エクストリーム,情報通信・サービスその他,サービス業
6034,6034.T,ＭＲＴ,情報通信・サービスその他,サービス業
6035,6035.T,アイ・アールジャパンホールディングス,情報通信・サービスその他,サービス業
6036,6036.T,ＫｅｅＰｅｒ技研,情報通信・サービスその他,サービス業
6037,6037.T,楽待,情報通信・サービスその他,サービス業
6038,6038.T,イード,情報通信・サービスその他,サービス業
6039,6039.T,日本動物高度医療センター,情報通信・サービスその他,サービス業
603A,603A.T,アイ・グリッド・ソリューションズ,電力・ガス,電気・ガス業
6040,6040.T,日本スキー場開発,情報通信・サービスその他,サービス業
6042,6042.T,ニッキ,自動車・輸送機,輸送用機器
6044,6044.T,三機サービス,情報通信・サービスその他,サービス業
6045,6045.T,レントラックス,情報通信・サービスその他,サービス業
6046,6046.T,リンクバル,情報通信・サービスその他,サービス業
6047,6047.T,Ｇｕｎｏｓｙ,情報通信・サービスその他,サービス業
6049,6049.T,イトクロ,情報通信・サービスその他,サービス業
604A,604A.T,ビーエイブル,建設・資材,建設業
6050,6050.T,イー・ガーディアン,情報通信・サービスその他,サービス業
6054,6054.T,リブセンス,情報通信・サービスその他,サービス業
6055,6055.T,ジャパンマテリアル,情報通信・サービスその他,サービス業
6058,6058.T,ベクトル,情報通信・サービスその他,サービス業
6059,6059.T,ウチヤマホールディングス,情報通信・サービスその他,サービス業
6061,6061.T,ユニバーサル園芸社,情報通信・サービスその他,サービス業
6062,6062.T,チャーム・ケア・コーポレーション,情報通信・サービスその他,サービス業
6063,6063.T,日本エマージェンシーアシスタンス,情報通信・サービスその他,サービス業
6069,6069.T,トレンダーズ,情報通信・サービスその他,サービス業
6070,6070.T,キャリアリンク,情報通信・サービスその他,サービス業
6071,6071.T,ＩＢＪ,情報通信・サービスその他,サービス業
6072,6072.T,地盤ネットホールディングス,情報通信・サービスその他,サービス業
6073,6073.T,アサンテ,情報通信・サービスその他,サービス業
6074,6074.T,ジェイエスエス,情報通信・サービスその他,サービス業
6078,6078.T,バリューＨＲ,情報通信・サービスその他,サービス業
607A,607A.T,エブリー,情報通信・サービスその他,サービス業
6080,6080.T,Ｍ＆Ａキャピタルパートナーズ,情報通信・サービスその他,サービス業
6081,6081.T,アライドアーキテクツ,情報通信・サービスその他,サービス業
6082,6082.T,ライドオンエクスプレスホールディングス,情報通信・サービスその他,サービス業
6083,6083.T,ＥＲＩホールディングス,情報通信・サービスその他,サービス業
6085,6085.T,アーキテクツ・スタジオ・ジャパン,情報通信・サービスその他,サービス業
6086,6086.T,シンメンテホールディングス,情報通信・サービスその他,サービス業
6087,6087.T,アビスト,情報通信・サービスその他,サービス業
6088,6088.T,シグマクシス・ホールディングス,情報通信・サービスその他,サービス業
6089,6089.T,ウィルグループ,情報通信・サービスその他,サービス業
6090,6090.T,ヒューマン・メタボローム・テクノロジーズ,情報通信・サービスその他,サービス業
6091,6091.T,ウエスコホールディングス,情報通信・サービスその他,サービス業
6092,6092.T,エンバイオ・ホールディングス,情報通信・サービスその他,サービス業
6093,6093.T,ミトラグループ,情報通信・サービスその他,サービス業
6094,6094.T,フリークアウト・ホールディングス,情報通信・サービスその他,サービス業
6098,6098.T,リクルートホールディングス,情報通信・サービスその他,サービス業
6099,6099.T,エラン,情報通信・サービスその他,サービス業
6101,6101.T,ツガミ,機械,機械
6103,6103.T,オークマ,機械,機械
6104,6104.T,芝浦機械,機械,機械
6113,6113.T,アマダ,機械,機械
6118,6118.T,アイダエンジニアリング,機械,機械
6125,6125.T,岡本工作機械製作所,機械,機械
6134,6134.T,ＦＵＪＩ,機械,機械
6135,6135.T,牧野フライス製作所,機械,機械
6136,6136.T,オーエスジー,機械,機械
6137,6137.T,小池酸素工業,機械,機械
6138,6138.T,ダイジェット工業,機械,機械
6140,6140.T,旭ダイヤモンド工業,機械,機械
6141,6141.T,ＤＭＧ森精機,機械,機械
6143,6143.T,ソディック,機械,機械
6144,6144.T,西部電機,機械,機械
6145,6145.T,ＮＩＴＴＯＫＵ,機械,機械
6146,6146.T,ディスコ,機械,機械
6147,6147.T,ヤマザキ,機械,機械
6149,6149.T,小田原エンジニアリング,機械,機械
6150,6150.T,タケダ機械,機械,機械
6151,6151.T,日東工器,機械,機械
6155,6155.T,高松機械工業,機械,機械
6156,6156.T,エーワン精密,機械,機械
6157,6157.T,日進工具,機械,機械
6158,6158.T,和井田製作所,機械,機械
6159,6159.T,ミクロン精密,機械,機械
6161,6161.T,エスティック,機械,機械
6165,6165.T,パンチ工業,機械,機械
6166,6166.T,中村超硬,機械,機械
6167,6167.T,冨士ダイス,機械,機械
6171,6171.T,土木管理総合試験所,情報通信・サービスその他,サービス業
6176,6176.T,ブランジスタ,情報通信・サービスその他,サービス業
6177,6177.T,ＡｐｐＢａｎｋ,情報通信・サービスその他,サービス業
6178,6178.T,日本郵政,情報通信・サービスその他,サービス業
6180,6180.T,ＧＭＯメディア,情報通信・サービスその他,サービス業
6181,6181.T,タメニー,情報通信・サービスその他,サービス業
6182,6182.T,メタリアル,情報通信・サービスその他,サービス業
6183,6183.T,ベルシステム２４ホールディングス,情報通信・サービスその他,サービス業
6184,6184.T,鎌倉新書,情報通信・サービスその他,サービス業
6185,6185.T,ＳＭＮ,情報通信・サービスその他,サービス業
6186,6186.T,一蔵,情報通信・サービスその他,サービス業
6189,6189.T,グローバルキッズＣＯＭＰＡＮＹ,情報通信・サービスその他,サービス業
6190,6190.T,フェニックスバイオ,情報通信・サービスその他,サービス業
6191,6191.T,エアトリ,情報通信・サービスその他,サービス業
6193,6193.T,バーチャレクス・ホールディングス,情報通信・サービスその他,サービス業
6194,6194.T,アトラエ,情報通信・サービスその他,サービス業
6195,6195.T,ホープ,情報通信・サービスその他,サービス業
6196,6196.T,ストライクグループ,情報通信・サービスその他,サービス業
6198,6198.T,キャリア,情報通信・サービスその他,サービス業
6199,6199.T,セラク,情報通信・サービスその他,情報・通信業
6200,6200.T,インソース,情報通信・サービスその他,サービス業
6203,6203.T,豊和工業,機械,機械
6208,6208.T,石川製作所,機械,機械
6209,6209.T,リケンＮＰＲ,機械,機械
6217,6217.T,津田駒工業,機械,機械
6218,6218.T,エンシュウ,機械,機械
6222,6222.T,島精機製作所,機械,機械
6223,6223.T,西部技研,機械,機械
6224,6224.T,ＪＲＣ,機械,機械
6226,6226.T,守谷輸送機工業,機械,機械
6227,6227.T,ＡＩメカテック,機械,機械
6228,6228.T,ジェイ・イー・ティ,機械,機械
6229,6229.T,オーケーエム,機械,機械
6230,6230.T,ＳＡＮＥＩ,機械,機械
6231,6231.T,木村工機,機械,機械
6232,6232.T,ＡＣＳＬ,機械,機械
6233,6233.T,ＫＬＡＳＳ,機械,機械
6235,6235.T,オプトラン,機械,機械
6237,6237.T,イワキポンプ,機械,機械
6238,6238.T,フリュー,機械,機械
6239,6239.T,ナガオカ,機械,機械
6240,6240.T,ヤマシンフィルタ,機械,機械
6245,6245.T,ヒラノテクシード,機械,機械
6246,6246.T,テクノスマート,機械,機械
6247,6247.T,日阪製作所,機械,機械
6248,6248.T,横田製作所,機械,機械
6249,6249.T,ゲームカードホールディングス,機械,機械
6250,6250.T,やまびこ,機械,機械
6254,6254.T,野村マイクロ・サイエンス,機械,機械
6255,6255.T,エヌ・ピー・シー,機械,機械
6257,6257.T,藤商事,機械,機械
6258,6258.T,平田機工,機械,機械
6262,6262.T,ＰＥＧＡＳＵＳ,機械,機械
6264,6264.T,マルマエ,機械,機械
6265,6265.T,コンバム,機械,機械
6266,6266.T,タツモ,機械,機械
6267,6267.T,ゼネラルパッカー,機械,機械
6268,6268.T,ナブテスコ,機械,機械
6269,6269.T,三井海洋開発,機械,機械
6272,6272.T,レオン自動機,機械,機械
6273,6273.T,ＳＭＣ,機械,機械
6276,6276.T,シリウスビジョン,電機・精密,電気機器
6277,6277.T,ホソカワミクロン,機械,機械
6278,6278.T,ユニオンツール,機械,機械
6279,6279.T,瑞光,機械,機械
6282,6282.T,オイレス工業,機械,機械
6284,6284.T,日精エー・エス・ビー機械,機械,機械
6286,6286.T,靜甲,機械,機械
6287,6287.T,サトー,機械,機械
6289,6289.T,技研製作所,機械,機械
6291,6291.T,日本エアーテック,機械,機械
6292,6292.T,カワタ,機械,機械
6294,6294.T,オカダアイヨン,機械,機械
6298,6298.T,ワイエイシイホールディングス,機械,機械
6301,6301.T,小松製作所,機械,機械
6302,6302.T,住友重機械工業,機械,機械
6305,6305.T,日立建機,機械,機械
6306,6306.T,日工,機械,機械
6307,6307.T,サンセイ,機械,機械
6309,6309.T,巴工業,機械,機械
6310,6310.T,井関農機,機械,機械
6315,6315.T,ＴＯＷＡ,機械,機械
6316,6316.T,丸山製作所,機械,機械
6317,6317.T,北川鉄工所,機械,機械
6322,6322.T,タクミナ,機械,機械
6323,6323.T,ローツェ,機械,機械
6324,6324.T,ハーモニック・ドライブ・システムズ,機械,機械
6325,6325.T,タカキタ,機械,機械
6326,6326.T,クボタ,機械,機械
6327,6327.T,北川精機,機械,機械
6328,6328.T,荏原実業,機械,機械
6330,6330.T,東洋エンジニアリング,建設・資材,建設業
6331,6331.T,三菱化工機,機械,機械
6332,6332.T,月島ホールディングス,機械,機械
6333,6333.T,ＴＥＩＫＯＫＵ,機械,機械
6334,6334.T,明治機械,機械,機械
6335,6335.T,東京機械製作所,機械,機械
6336,6336.T,石井表記,機械,機械
6337,6337.T,テセック,機械,機械
6338,6338.T,タカトリ,機械,機械
6339,6339.T,新東工業,機械,機械
6340,6340.T,澁谷工業,機械,機械
6342,6342.T,太平製作所,機械,機械
6343,6343.T,フリージア・マクロス,機械,機械
6345,6345.T,アイチ　コーポレーション,機械,機械
6346,6346.T,キクカワエンタープライズ,機械,機械
6347,6347.T,プラコー,機械,機械
6349,6349.T,小森コーポレーション,機械,機械
6351,6351.T,鶴見製作所,機械,機械
6356,6356.T,日本ギア工業,機械,機械
6357,6357.T,三精テクノロジーズ,機械,機械
6358,6358.T,酒井重工業,機械,機械
6360,6360.T,東京自働機械製作所,機械,機械
6361,6361.T,荏原製作所,機械,機械
6363,6363.T,酉島製作所,機械,機械
6364,6364.T,ＡＩＲＭＡＮ,機械,機械
6365,6365.T,電業社機械製作所,機械,機械
6366,6366.T,千代田化工建設,建設・資材,建設業
6367,6367.T,ダイキン工業,機械,機械
6368,6368.T,オルガノ,機械,機械
6369,6369.T,トーヨーカネツ,機械,機械
6370,6370.T,栗田工業,機械,機械
6371,6371.T,椿本チエイン,機械,機械
6376,6376.T,日機装,電機・精密,精密機器
6378,6378.T,木村化工機,機械,機械
6379,6379.T,レイズネクスト,建設・資材,建設業
6380,6380.T,オリエンタルチエン工業,機械,機械
6381,6381.T,アネスト岩田,機械,機械
6382,6382.T,トリニティ工業,機械,機械
6383,6383.T,ダイフク,機械,機械
6384,6384.T,昭和真空,機械,機械
6387,6387.T,サムコ,機械,機械
6390,6390.T,加藤製作所,機械,機械
6391,6391.T,加地テック,機械,機械
6392,6392.T,ヤマダコーポレーション,機械,機械
6393,6393.T,油研工業,機械,機械
6395,6395.T,タダノ,機械,機械
6396,6396.T,宇野澤組鐵工所,機械,機械
6400,6400.T,不二精機,機械,機械
6402,6402.T,兼松エンジニアリング,機械,機械
6405,6405.T,鈴茂器工,機械,機械
6407,6407.T,ＣＫＤ,機械,機械
6408,6408.T,小倉クラッチ,機械,機械
6412,6412.T,平和,機械,機械
6413,6413.T,理想科学工業,機械,機械
6417,6417.T,ＳＡＮＫＹＯ,機械,機械
6418,6418.T,日本金銭機械,機械,機械
6419,6419.T,マースグループホールディングス,機械,機械
6420,6420.T,ガリレイホールディングス,機械,機械
6424,6424.T,高見沢サイバネティックス,機械,機械
6425,6425.T,ユニバーサルエンターテインメント,機械,機械
6428,6428.T,オーイズミ,機械,機械
6430,6430.T,ダイコク電機,機械,機械
6432,6432.T,竹内製作所,機械,機械
6433,6433.T,ヒーハイスト,機械,機械
6436,6436.T,アマノ,機械,機械
6440,6440.T,ＪＵＫＩ,機械,機械
6444,6444.T,サンデン,機械,機械
6445,6445.T,ジャノメ,機械,機械
6448,6448.T,ブラザー工業,電機・精密,電気機器
6454,6454.T,マックス,機械,機械
6455,6455.T,モリタホールディングス,自動車・輸送機,輸送用機器
6457,6457.T,グローリー,機械,機械
6458,6458.T,新晃工業,機械,機械
6459,6459.T,だいわ,機械,機械
6460,6460.T,セガサミーホールディングス,機械,機械
6463,6463.T,ＴＰＲ,機械,機械
6464,6464.T,ツバキ・ナカシマ,機械,機械
6465,6465.T,ホシザキ,機械,機械
6466,6466.T,ＴＶＥ,機械,機械
6467,6467.T,ニチダイ,機械,機械
6469,6469.T,放電精密加工研究所,機械,機械
6470,6470.T,大豊工業,機械,機械
6471,6471.T,日本精工,機械,機械
6472,6472.T,ＮＴＮ,機械,機械
6473,6473.T,ジェイテクト,機械,機械
6474,6474.T,不二越,機械,機械
6479,6479.T,ミネベアミツミ,電機・精密,電気機器
6480,6480.T,日本トムソン,機械,機械
6481,6481.T,ＴＨＫ,機械,機械
6482,6482.T,ＹＵＳＨＩＮ,機械,機械
6484,6484.T,ＫＶＫ,機械,機械
6485,6485.T,前澤給装工業,機械,機械
6486,6486.T,イーグル工業,機械,機械
6488,6488.T,ヨシタケ,機械,機械
6490,6490.T,ＰＩＬＬＡＲ,機械,機械
6492,6492.T,岡野バルブ製造,機械,機械
6493,6493.T,ＮＩＴＴＡＮ,自動車・輸送機,輸送用機器
6494,6494.T,ＮＦＫホールディングス,機械,機械
6495,6495.T,宮入バルブ製作所,機械,機械
6496,6496.T,中北製作所,機械,機械
6497,6497.T,ハマイ,機械,機械
6498,6498.T,キッツ,機械,機械
6501,6501.T,日立製作所,電機・精密,電気機器
6503,6503.T,三菱電機,電機・精密,電気機器
6504,6504.T,富士電機,電機・精密,電気機器
6505,6505.T,東洋電機製造,電機・精密,電気機器
6506,6506.T,安川電機,電機・精密,電気機器
6507,6507.T,シンフォニアテクノロジー,電機・精密,電気機器
6508,6508.T,明電舎,電機・精密,電気機器
6513,6513.T,オリジン,電機・精密,電気機器
6516,6516.T,山洋電気,電機・精密,電気機器
6517,6517.T,デンヨー,電機・精密,電気機器
6518,6518.T,三相電機,電機・精密,電気機器
6521,6521.T,オキサイド,電機・精密,電気機器
6522,6522.T,アスタリスク,電機・精密,電気機器
6523,6523.T,ＰＨＣホールディングス,電機・精密,電気機器
6524,6524.T,湖北工業,電機・精密,電気機器
6525,6525.T,ＫＯＫＵＳＡＩ　ＥＬＥＣＴＲＩＣ,電機・精密,電気機器
6526,6526.T,ソシオネクスト,電機・精密,電気機器
6532,6532.T,ベイカレント,情報通信・サービスその他,サービス業
6533,6533.T,Ｏｒｃｈｅｓｔｒａ　Ｈｏｌｄｉｎｇｓ,情報通信・サービスその他,サービス業
6535,6535.T,アイモバイル,情報通信・サービスその他,サービス業
6537,6537.T,ＷＡＳＨハウス,情報通信・サービスその他,サービス業
6538,6538.T,ディスラプターズ,情報通信・サービスその他,サービス業
6539,6539.T,ＭＳ－Ｊａｐａｎ,情報通信・サービスその他,サービス業
6540,6540.T,船場,情報通信・サービスその他,サービス業
6543,6543.T,日宣,情報通信・サービスその他,サービス業
6544,6544.T,ジャパンエレベーターサービスホールディングス,情報通信・サービスその他,サービス業
6545,6545.T,インターネットインフィニティー,情報通信・サービスその他,サービス業
6546,6546.T,フルテック,情報通信・サービスその他,サービス業
6547,6547.T,グリーンズ,情報通信・サービスその他,サービス業
6548,6548.T,旅工房,情報通信・サービスその他,サービス業
6549,6549.T,ディーエムソリューションズ,情報通信・サービスその他,サービス業
6551,6551.T,ツナググループ・ホールディングス,情報通信・サービスその他,サービス業
6552,6552.T,ＧａｍｅＷｉｔｈ,情報通信・サービスその他,サービス業
6554,6554.T,エスユーエス,情報通信・サービスその他,サービス業
6555,6555.T,ＭＳ＆Ｃｏｎｓｕｌｔｉｎｇ,情報通信・サービスその他,サービス業
6557,6557.T,ＡＩＡＩグループ,情報通信・サービスその他,サービス業
6558,6558.T,クックビズ,情報通信・サービスその他,サービス業
6560,6560.T,エル・ティー・エス,情報通信・サービスその他,サービス業
6561,6561.T,ＨＡＮＡＴＯＵＲ　ＪＡＰＡＮ,情報通信・サービスその他,サービス業
6562,6562.T,ジーニー,情報通信・サービスその他,サービス業
6563,6563.T,みらいワークス,情報通信・サービスその他,サービス業
6564,6564.T,ミダックホールディングス,情報通信・サービスその他,サービス業
6566,6566.T,要興業,情報通信・サービスその他,サービス業
6568,6568.T,神戸天然物化学,情報通信・サービスその他,サービス業
6570,6570.T,共和コーポレーション,情報通信・サービスその他,サービス業
6571,6571.T,キュービーネットホールディングス,情報通信・サービスその他,サービス業
6572,6572.T,オープングループ,情報通信・サービスその他,サービス業
6573,6573.T,ＣＲＡＶＩＡ,情報通信・サービスその他,サービス業
6574,6574.T,コンヴァノ,情報通信・サービスその他,サービス業
6577,6577.T,ベストワンドットコム,情報通信・サービスその他,サービス業
6578,6578.T,コレックホールディングス,情報通信・サービスその他,サービス業
6579,6579.T,ログリー,情報通信・サービスその他,サービス業
6580,6580.T,ライトアップ,情報通信・サービスその他,サービス業
6584,6584.T,三櫻工業,自動車・輸送機,輸送用機器
6586,6586.T,マキタ,機械,機械
6588,6588.T,東芝テック,電機・精密,電気機器
6590,6590.T,芝浦メカトロニクス,電機・精密,電気機器
6592,6592.T,マブチモーター,電機・精密,電気機器
6594,6594.T,ニデック,電機・精密,電気機器
6597,6597.T,ＨＰＣシステムズ,電機・精密,電気機器
6599,6599.T,エブレン,電機・精密,電気機器
6612,6612.T,バルミューダ,電機・精密,電気機器
6613,6613.T,ＱＤレーザ,電機・精密,電気機器
6614,6614.T,シキノハイテック,電機・精密,電気機器
6615,6615.T,ユー・エム・シー・エレクトロニクス,電機・精密,電気機器
6616,6616.T,トレックス・セミコンダクター,電機・精密,電気機器
6617,6617.T,東光高岳,電機・精密,電気機器
6619,6619.T,ダブル・スコープ,電機・精密,電気機器
6620,6620.T,宮越ホールディングス,不動産,不動産業
6622,6622.T,ダイヘン,電機・精密,電気機器
6625,6625.T,ＪＡＬＣＯホールディングス,不動産,不動産業
6626,6626.T,ＳＥＭＩＴＥＣ,電機・精密,電気機器
6627,6627.T,テラプローブ,電機・精密,電気機器
6629,6629.T,テクノホライゾン,電機・精密,電気機器
6630,6630.T,ヤーマン,電機・精密,電気機器
6632,6632.T,ＪＶＣケンウッド,電機・精密,電気機器
6633,6633.T,ＣＧＳホールディングス,電機・精密,電気機器
6634,6634.T,ＪＮグループ,電機・精密,電気機器
6635,6635.T,大日光・エンジニアリング,電機・精密,電気機器
6637,6637.T,寺崎電気産業,電機・精密,電気機器
6638,6638.T,ミマキエンジニアリング,電機・精密,電気機器
6643,6643.T,戸上電機製作所,電機・精密,電気機器
6644,6644.T,大崎電気工業,電機・精密,電気機器
6645,6645.T,オムロン,電機・精密,電気機器
6647,6647.T,森尾電機,電機・精密,電気機器
6648,6648.T,かわでん,電機・精密,電気機器
6651,6651.T,日東工業,電機・精密,電気機器
6652,6652.T,ＩＤＥＣ,電機・精密,電気機器
6653,6653.T,正興電機製作所,電機・精密,電気機器
6654,6654.T,不二電機工業,電機・精密,電気機器
6656,6656.T,インスペック,電機・精密,電気機器
6658,6658.T,シライ電子工業,電機・精密,電気機器
6659,6659.T,メディアリンクス,電機・精密,電気機器
6662,6662.T,ユビテック,電機・精密,電気機器
6663,6663.T,太洋テクノレックス,電機・精密,電気機器
6664,6664.T,オプトエレクトロニクス,電機・精密,電気機器
6666,6666.T,リバーエレテック,電機・精密,電気機器
6668,6668.T,アドテック　プラズマ　テクノロジー,電機・精密,電気機器
6674,6674.T,ジーエス・ユアサ　コーポレーション,電機・精密,電気機器
6675,6675.T,サクサ,電機・精密,電気機器
6676,6676.T,ＢＵＦＦＡＬＯ,電機・精密,電気機器
6677,6677.T,エスケーエレクトロニクス,電機・精密,電気機器
6678,6678.T,テクノメディカ,電機・精密,電気機器
6694,6694.T,ズーム,電機・精密,電気機器
6696,6696.T,トラース・オン・プロダクト,電機・精密,電気機器
6699,6699.T,ダイヤモンドエレクトリックホールディングス,電機・精密,電気機器
6701,6701.T,日本電気,電機・精密,電気機器
6702,6702.T,富士通,電機・精密,電気機器
6703,6703.T,沖電気工業,電機・精密,電気機器
6706,6706.T,電気興業,電機・精密,電気機器
6707,6707.T,サンケン電気,電機・精密,電気機器
6718,6718.T,アイホン,電機・精密,電気機器
6721,6721.T,ウインテスト,電機・精密,電気機器
6723,6723.T,ルネサスエレクトロニクス,電機・精密,電気機器
6724,6724.T,セイコーエプソン,電機・精密,電気機器
6727,6727.T,ワコム,電機・精密,電気機器
6728,6728.T,アルバック,電機・精密,電気機器
6730,6730.T,アクセル,電機・精密,電気機器
6731,6731.T,ピクセラ,電機・精密,電気機器
6736,6736.T,サン電子,電機・精密,電気機器
6737,6737.T,ＥＩＺＯ,電機・精密,電気機器
6740,6740.T,ジャパンディスプレイ,電機・精密,電気機器
6741,6741.T,日本信号,電機・精密,電気機器
6742,6742.T,京三製作所,電機・精密,電気機器
6743,6743.T,大同信号,電機・精密,電気機器
6744,6744.T,能美防災,電機・精密,電気機器
6745,6745.T,ホーチキ,電機・精密,電気機器
6748,6748.T,星和電機,電機・精密,電気機器
6750,6750.T,エレコム,電機・精密,電気機器
6752,6752.T,パナソニック　ホールディングス,電機・精密,電気機器
6753,6753.T,シャープ,電機・精密,電気機器
6754,6754.T,アンリツ,電機・精密,電気機器
6757,6757.T,ＯＳＧコーポレーション,電機・精密,電気機器
6758,6758.T,ソニーグループ,電機・精密,電気機器
6762,6762.T,ＴＤＫ,電機・精密,電気機器
6763,6763.T,帝国通信工業,電機・精密,電気機器
6768,6768.T,タムラ製作所,電機・精密,電気機器
6769,6769.T,ザインエレクトロニクス,電機・精密,電気機器
6770,6770.T,アルプスアルパイン,電機・精密,電気機器
6771,6771.T,池上通信機,電機・精密,電気機器
6772,6772.T,東京コスモス電機,電機・精密,電気機器
6775,6775.T,ＴＢグループ,電機・精密,電気機器
6776,6776.T,天昇電気工業,素材・化学,化学
6777,6777.T,ｓａｎｔｅｃ　Ｈｏｌｄｉｎｇｓ,電機・精密,電気機器
6778,6778.T,アルチザネットワークス,電機・精密,電気機器
6779,6779.T,日本電波工業,電機・精密,電気機器
6785,6785.T,鈴木,電機・精密,電気機器
6786,6786.T,ＲＶＨ,情報通信・サービスその他,サービス業
6787,6787.T,メイコー,電機・精密,電気機器
6788,6788.T,日本トリム,電機・精密,電気機器
6794,6794.T,フォスター電機,電機・精密,電気機器
6797,6797.T,名古屋電機工業,電機・精密,電気機器
6798,6798.T,ＳＭＫ,電機・精密,電気機器
6800,6800.T,ヨコオ,電機・精密,電気機器
6803,6803.T,ティアック,電機・精密,電気機器
6804,6804.T,ホシデン,電機・精密,電気機器
6806,6806.T,ヒロセ電機,電機・精密,電気機器
6807,6807.T,日本航空電子工業,電機・精密,電気機器
6809,6809.T,ＴＯＡ,電機・精密,電気機器
6810,6810.T,マクセル,電機・精密,電気機器
6814,6814.T,古野電気,電機・精密,電気機器
6817,6817.T,スミダコーポレーション,電機・精密,電気機器
6819,6819.T,伊豆シャボテンリゾート,情報通信・サービスその他,サービス業
6820,6820.T,アイコム,電機・精密,電気機器
6822,6822.T,大井電気,電機・精密,電気機器
6823,6823.T,リオン,電機・精密,電気機器
6824,6824.T,新コスモス電機,電機・精密,電気機器
6832,6832.T,アオイ電子,電機・精密,電気機器
6834,6834.T,精工技研,電機・精密,電気機器
6835,6835.T,アライドテレシスホールディングス,電機・精密,電気機器
6836,6836.T,ぷらっとホーム,電機・精密,電気機器
6837,6837.T,京写,電機・精密,電気機器
6838,6838.T,多摩川ホールディングス,電機・精密,電気機器
6840,6840.T,ＡＫＩＢＡホールディングス,電機・精密,電気機器
6841,6841.T,横河電機,電機・精密,電気機器
6844,6844.T,新電元工業,電機・精密,電気機器
6845,6845.T,アズビル,電機・精密,電気機器
6848,6848.T,東亜ディーケーケー,電機・精密,電気機器
6849,6849.T,日本光電工業,電機・精密,電気機器
6850,6850.T,チノー,電機・精密,電気機器
6853,6853.T,共和電業,電機・精密,電気機器
6855,6855.T,日本電子材料,電機・精密,電気機器
6856,6856.T,堀場製作所,電機・精密,電気機器
6857,6857.T,アドバンテスト,電機・精密,電気機器
6858,6858.T,小野測器,電機・精密,電気機器
6859,6859.T,エスペック,電機・精密,電気機器
6861,6861.T,キーエンス,電機・精密,電気機器
6862,6862.T,ミナトホールディングス,電機・精密,電気機器
6863,6863.T,ニレコ,電機・精密,電気機器
6864,6864.T,エヌエフホールディングス,電機・精密,電気機器
6866,6866.T,日置電機,電機・精密,電気機器
6867,6867.T,リーダー電子,電機・精密,電気機器
6869,6869.T,シスメックス,電機・精密,電気機器
6870,6870.T,日本フェンオール,電機・精密,電気機器
6871,6871.T,日本マイクロニクス,電機・精密,電気機器
6874,6874.T,協立電機,電機・精密,電気機器
6875,6875.T,メガチップス,電機・精密,電気機器
6877,6877.T,ＯＢＡＲＡ　ＧＲＯＵＰ,電機・精密,電気機器
6882,6882.T,三社電機製作所,電機・精密,電気機器
6888,6888.T,アクモス,情報通信・サービスその他,情報・通信業
6890,6890.T,フェローテック,電機・精密,電気機器
6894,6894.T,パルステック工業,電機・精密,電気機器
6897,6897.T,ツインバード,電機・精密,電気機器
6898,6898.T,トミタ電機,電機・精密,電気機器
6899,6899.T,ＡＳＴＩ,電機・精密,電気機器
6902,6902.T,デンソー,自動車・輸送機,輸送用機器
6904,6904.T,原田工業,電機・精密,電気機器
6905,6905.T,コーセル,電機・精密,電気機器
6907,6907.T,ジオマテック,電機・精密,電気機器
6908,6908.T,イリソ電子工業,電機・精密,電気機器
6912,6912.T,菊水ホールディングス,電機・精密,電気機器
6914,6914.T,オプテックスグループ,電機・精密,電気機器
6915,6915.T,千代田インテグレ,電機・精密,電気機器
6918,6918.T,アバールデータ,電機・精密,電気機器
6919,6919.T,ケル,電機・精密,電気機器
6920,6920.T,レーザーテック,電機・精密,電気機器
6923,6923.T,スタンレー電気,電機・精密,電気機器
6925,6925.T,ウシオ電機,電機・精密,電気機器
6926,6926.T,岡谷電機産業,電機・精密,電気機器
6927,6927.T,ヘリオス　テクノ　ホールディング,電機・精密,電気機器
6928,6928.T,エノモト,電機・精密,電気機器
6929,6929.T,日本セラミック,電機・精密,電気機器
6932,6932.T,遠藤照明,電機・精密,電気機器
6941,6941.T,山一電機,電機・精密,電気機器
6942,6942.T,ソフィアホールディングス,情報通信・サービスその他,情報・通信業
6943,6943.T,ＮＫＫスイッチズ,電機・精密,電気機器
6946,6946.T,日本アビオニクス,電機・精密,電気機器
6947,6947.T,図研,電機・精密,電気機器
6951,6951.T,日本電子,電機・精密,電気機器
6952,6952.T,カシオ計算機,電機・精密,電気機器
6954,6954.T,ファナック,電機・精密,電気機器
6955,6955.T,ＦＤＫ,電機・精密,電気機器
6958,6958.T,日本シイエムケイ,電機・精密,電気機器
6960,6960.T,フクダ電子,電機・精密,電気機器
6961,6961.T,エンプラス,電機・精密,電気機器
6962,6962.T,大真空,電機・精密,電気機器
6963,6963.T,ローム,電機・精密,電気機器
6964,6964.T,サンコー,電機・精密,電気機器
6965,6965.T,浜松ホトニクス,電機・精密,電気機器
6966,6966.T,三井ハイテック,電機・精密,電気機器
6969,6969.T,松尾電機,電機・精密,電気機器
6971,6971.T,京セラ,電機・精密,電気機器
6976,6976.T,太陽誘電,電機・精密,電気機器
6977,6977.T,日本抵抗器製作所,電機・精密,電気機器
6981,6981.T,村田製作所,電機・精密,電気機器
6982,6982.T,リード,自動車・輸送機,輸送用機器
6986,6986.T,双葉電子工業,電機・精密,電気機器
6988,6988.T,日東電工,素材・化学,化学
6989,6989.T,北陸電気工業,電機・精密,電気機器
6993,6993.T,大黒屋ホールディングス,小売,小売業
6994,6994.T,指月電機製作所,電機・精密,電気機器
6995,6995.T,東海理化電機製作所,自動車・輸送機,輸送用機器
6996,6996.T,ニチコン,電機・精密,電気機器
6997,6997.T,日本ケミコン,電機・精密,電気機器
6998,6998.T,日本タングステン,電機・精密,電気機器
6999,6999.T,ＫＯＡ,電機・精密,電気機器
7003,7003.T,三井Ｅ＆Ｓ,機械,機械
7004,7004.T,カナデビア,機械,機械
7011,7011.T,三菱重工業,機械,機械
7012,7012.T,川崎重工業,自動車・輸送機,輸送用機器
7013,7013.T,ＩＨＩ,機械,機械
7014,7014.T,名村造船所,自動車・輸送機,輸送用機器
7018,7018.T,内海造船,自動車・輸送機,輸送用機器
7021,7021.T,ニッチツ,機械,機械
7022,7022.T,サノヤスホールディングス,機械,機械
7030,7030.T,スプリックス,情報通信・サービスその他,サービス業
7031,7031.T,インバウンドテック,情報通信・サービスその他,サービス業
7033,7033.T,マネジメントソリューションズ,情報通信・サービスその他,サービス業
7034,7034.T,プロレド・パートナーズ,情報通信・サービスその他,サービス業
7035,7035.T,ａｎｄ　ｆａｃｔｏｒｙ,情報通信・サービスその他,サービス業
7036,7036.T,イーエムネットジャパン,情報通信・サービスその他,サービス業
7037,7037.T,テノ．ホールディングス,情報通信・サービスその他,サービス業
7038,7038.T,フロンティア・マネジメント,情報通信・サービスその他,サービス業
7039,7039.T,ブリッジインターナショナルグループ,情報通信・サービスその他,サービス業
7040,7040.T,サン・ライフホールディング,情報通信・サービスその他,サービス業
7041,7041.T,ＣＲＧホールディングス,情報通信・サービスその他,サービス業
7042,7042.T,アクセスグループ・ホールディングス,情報通信・サービスその他,サービス業
7043,7043.T,アルー,情報通信・サービスその他,サービス業
7044,7044.T,ピアラ,情報通信・サービスその他,サービス業
7046,7046.T,ＴＤＳＥ,情報通信・サービスその他,サービス業
7047,7047.T,ポート,情報通信・サービスその他,サービス業
7048,7048.T,ベルトラ,情報通信・サービスその他,サービス業
7049,7049.T,識学,情報通信・サービスその他,サービス業
7050,7050.T,フロンティアインターナショナル,情報通信・サービスその他,サービス業
7057,7057.T,エヌ・シー・エヌ,情報通信・サービスその他,サービス業
7058,7058.T,共栄セキュリティーサービス,情報通信・サービスその他,サービス業
7059,7059.T,コプロ・ホールディングス,情報通信・サービスその他,サービス業
7060,7060.T,ギークス,情報通信・サービスその他,サービス業
7061,7061.T,日本ホスピスホールディングス,情報通信・サービスその他,サービス業
7062,7062.T,フレアス,情報通信・サービスその他,サービス業
7063,7063.T,Ｂｉｒｄｍａｎ,情報通信・サービスその他,サービス業
7064,7064.T,ハウテレビジョン,情報通信・サービスその他,サービス業
7065,7065.T,ユーピーアール,情報通信・サービスその他,サービス業
7066,7066.T,ピアズ,情報通信・サービスその他,サービス業
7067,7067.T,ブランディングテクノロジー,情報通信・サービスその他,サービス業
7068,7068.T,フィードフォースグループ,情報通信・サービスその他,サービス業
7069,7069.T,サイバー・バズ,情報通信・サービスその他,サービス業
7071,7071.T,アンビスホールディングス,情報通信・サービスその他,サービス業
7072,7072.T,インティメート・マージャー,情報通信・サービスその他,サービス業
7073,7073.T,ジェイック,情報通信・サービスその他,サービス業
7074,7074.T,トゥエンティーフォーセブンホールディングス,情報通信・サービスその他,サービス業
7075,7075.T,ＱＬＳホールディングス,情報通信・サービスその他,サービス業
7077,7077.T,ＡＬｉＮＫインターネット,情報通信・サービスその他,サービス業
7078,7078.T,ＩＮＣＬＵＳＩＶＥ　Ｈｏｌｄｉｎｇｓ,情報通信・サービスその他,サービス業
7079,7079.T,ＷＤＢココ,情報通信・サービスその他,サービス業
7080,7080.T,スポーツフィールド,情報通信・サービスその他,サービス業
7081,7081.T,コーユーレンティア,情報通信・サービスその他,サービス業
7082,7082.T,ジモティー,情報通信・サービスその他,サービス業
7083,7083.T,ＡＨＣグループ,情報通信・サービスその他,サービス業
7084,7084.T,Ｓｍｉｌｅ　Ｈｏｌｄｉｎｇｓ,情報通信・サービスその他,サービス業
7085,7085.T,カーブスホールディングス,情報通信・サービスその他,サービス業
7087,7087.T,ウイルテック,情報通信・サービスその他,サービス業
7089,7089.T,フォースタートアップス,情報通信・サービスその他,サービス業
7090,7090.T,リグア,情報通信・サービスその他,サービス業
7091,7091.T,リビングプラットフォーム,情報通信・サービスその他,サービス業
7093,7093.T,アディッシュ,情報通信・サービスその他,サービス業
7094,7094.T,ＮｅｘＴｏｎｅ,情報通信・サービスその他,サービス業
7095,7095.T,Ｍａｃｂｅｅ　Ｐｌａｎｅｔ,情報通信・サービスその他,サービス業
7096,7096.T,ステムセル研究所,情報通信・サービスその他,サービス業
7097,7097.T,さくらさくプラス,情報通信・サービスその他,サービス業
7102,7102.T,日本車輌製造,自動車・輸送機,輸送用機器
7110,7110.T,クラシコム,小売,小売業
7111,7111.T,ＩＮＥＳＴ,商社・卸売,卸売業
7112,7112.T,キューブ,小売,小売業
7114,7114.T,フーディソン,商社・卸売,卸売業
7115,7115.T,アルファパーチェス,商社・卸売,卸売業
7119,7119.T,ハルメクホールディングス,小売,小売業
7120,7120.T,ＳＨＩＮＫＯ,商社・卸売,卸売業
7122,7122.T,近畿車輛,自動車・輸送機,輸送用機器
7126,7126.T,グローバルスタイル,小売,小売業
7127,7127.T,一家ホールディングス,小売,小売業
7128,7128.T,ユニソルホールディングス,商社・卸売,卸売業
7129,7129.T,ミアヘルサホールディングス,小売,小売業
7130,7130.T,ヤマエグループホールディングス,商社・卸売,卸売業
7131,7131.T,のむら産業,商社・卸売,卸売業
7133,7133.T,ＨＹＵＧＡ　ＰＲＩＭＡＲＹ　ＣＡＲＥ,小売,小売業
7134,7134.T,アップガレージグループ,小売,小売業
7135,7135.T,ジャパンクラフトホールディングス,小売,小売業
7138,7138.T,ＴＯＲＩＣＯ,小売,小売業
7140,7140.T,ペットゴー,小売,小売業
7148,7148.T,ＦＰＧ,金融（除く銀行）,証券、商品先物取引業
7150,7150.T,島根銀行,銀行,銀行業
7157,7157.T,ライフネット生命保険,金融（除く銀行）,保険業
7161,7161.T,じもとホールディングス,銀行,銀行業
7162,7162.T,アストマックス,電力・ガス,電気・ガス業
7164,7164.T,全国保証,金融（除く銀行）,その他金融業
7167,7167.T,めぶきフィナンシャルグループ,銀行,銀行業
7172,7172.T,ジャパンインベストメントアドバイザー,金融（除く銀行）,証券、商品先物取引業
7173,7173.T,東京きらぼしフィナンシャルグループ,銀行,銀行業
7175,7175.T,今村証券,金融（除く銀行）,証券、商品先物取引業
7177,7177.T,ＧＭＯフィナンシャルホールディングス,金融（除く銀行）,証券、商品先物取引業
7180,7180.T,九州フィナンシャルグループ,銀行,銀行業
7181,7181.T,かんぽ生命保険,金融（除く銀行）,保険業
7182,7182.T,ゆうちょ銀行,銀行,銀行業
7183,7183.T,あんしん保証,金融（除く銀行）,その他金融業
7184,7184.T,富山第一銀行,銀行,銀行業
7185,7185.T,ヒロセ通商,金融（除く銀行）,証券、商品先物取引業
7186,7186.T,横浜フィナンシャルグループ,銀行,銀行業
7187,7187.T,ジェイリース,金融（除く銀行）,その他金融業
7189,7189.T,西日本フィナンシャルホールディングス,銀行,銀行業
7191,7191.T,イントラスト,金融（除く銀行）,その他金融業
7192,7192.T,日本モーゲージサービス,金融（除く銀行）,その他金融業
7196,7196.T,Ｃａｓａ,金融（除く銀行）,その他金融業
7198,7198.T,ＳＢＩアルヒ,金融（除く銀行）,その他金融業
7199,7199.T,プレミアグループ,金融（除く銀行）,その他金融業
7201,7201.T,日産自動車,自動車・輸送機,輸送用機器
7202,7202.T,いすゞ自動車,自動車・輸送機,輸送用機器
7203,7203.T,トヨタ自動車,自動車・輸送機,輸送用機器
7208,7208.T,カネミツ,自動車・輸送機,輸送用機器
7211,7211.T,三菱自動車工業,自動車・輸送機,輸送用機器
7212,7212.T,エフテック,自動車・輸送機,輸送用機器
7213,7213.T,レシップホールディングス,自動車・輸送機,輸送用機器
7214,7214.T,ＧＭＢ,自動車・輸送機,輸送用機器
7215,7215.T,ファルテック,自動車・輸送機,輸送用機器
7217,7217.T,テイン,自動車・輸送機,輸送用機器
7218,7218.T,田中精密工業,自動車・輸送機,輸送用機器
7219,7219.T,エッチ・ケー・エス,自動車・輸送機,輸送用機器
7220,7220.T,武蔵精密工業,自動車・輸送機,輸送用機器
7222,7222.T,日産車体,自動車・輸送機,輸送用機器
7224,7224.T,新明和工業,自動車・輸送機,輸送用機器
7226,7226.T,極東開発工業,自動車・輸送機,輸送用機器
7228,7228.T,デイトナ,自動車・輸送機,輸送用機器
7231,7231.T,トピー工業,自動車・輸送機,輸送用機器
7235,7235.T,東京ラヂエーター製造,自動車・輸送機,輸送用機器
7236,7236.T,ティラド,自動車・輸送機,輸送用機器
7238,7238.T,曙ブレーキ工業,自動車・輸送機,輸送用機器
7239,7239.T,タチエス,自動車・輸送機,輸送用機器
7240,7240.T,ＮＯＫ,自動車・輸送機,輸送用機器
7241,7241.T,フタバ産業,自動車・輸送機,輸送用機器
7242,7242.T,カヤバ,自動車・輸送機,輸送用機器
7244,7244.T,市光工業,電機・精密,電気機器
7245,7245.T,大同メタル工業,自動車・輸送機,輸送用機器
7246,7246.T,プレス工業,自動車・輸送機,輸送用機器
7247,7247.T,ミクニ,自動車・輸送機,輸送用機器
7254,7254.T,ユニバンス,自動車・輸送機,輸送用機器
7255,7255.T,桜井製作所,自動車・輸送機,輸送用機器
7256,7256.T,河西工業,自動車・輸送機,輸送用機器
7259,7259.T,アイシン,自動車・輸送機,輸送用機器
7261,7261.T,マツダ,自動車・輸送機,輸送用機器
7264,7264.T,ムロコーポレーション,自動車・輸送機,輸送用機器
7265,7265.T,エイケン工業,自動車・輸送機,輸送用機器
7266,7266.T,今仙電機製作所,自動車・輸送機,輸送用機器
7267,7267.T,本田技研工業,自動車・輸送機,輸送用機器
7269,7269.T,スズキ,自動車・輸送機,輸送用機器
7270,7270.T,ＳＵＢＡＲＵ,自動車・輸送機,輸送用機器
7271,7271.T,安永,自動車・輸送機,輸送用機器
7272,7272.T,ヤマハ発動機,自動車・輸送機,輸送用機器
7273,7273.T,イクヨ,自動車・輸送機,輸送用機器
7276,7276.T,小糸製作所,電機・精密,電気機器
7277,7277.T,ＴＢＫ,自動車・輸送機,輸送用機器
7278,7278.T,エクセディ,自動車・輸送機,輸送用機器
7279,7279.T,ハイレックスコーポレーション,自動車・輸送機,輸送用機器
7280,7280.T,ミツバ,電機・精密,電気機器
7282,7282.T,豊田合成,自動車・輸送機,輸送用機器
7283,7283.T,愛三工業,自動車・輸送機,輸送用機器
7284,7284.T,盟和産業,自動車・輸送機,輸送用機器
7287,7287.T,日本精機,自動車・輸送機,輸送用機器
7291,7291.T,日本プラスト,自動車・輸送機,輸送用機器
7292,7292.T,村上開明堂,自動車・輸送機,輸送用機器
7294,7294.T,ヨロズ,自動車・輸送機,輸送用機器
7296,7296.T,エフ・シー・シー,自動車・輸送機,輸送用機器
7297,7297.T,カーメイト,自動車・輸送機,輸送用機器
7299,7299.T,フジオーゼックス,自動車・輸送機,輸送用機器
7305,7305.T,新家工業,鉄鋼・非鉄,鉄鋼
7309,7309.T,シマノ,自動車・輸送機,輸送用機器
7313,7313.T,テイ・エス　テック,自動車・輸送機,輸送用機器
7314,7314.T,小田原機器,自動車・輸送機,輸送用機器
7318,7318.T,セレンディップ・ホールディングス,自動車・輸送機,輸送用機器
7320,7320.T,Ｓｏｌｖｖｙ,金融（除く銀行）,その他金融業
7322,7322.T,三十三フィナンシャルグループ,銀行,銀行業
7325,7325.T,アイリックコーポレーション,金融（除く銀行）,保険業
7326,7326.T,ＳＢＩインシュアランスグループ,金融（除く銀行）,保険業
7327,7327.T,第四北越フィナンシャルグループ,銀行,銀行業
7337,7337.T,ひろぎんホールディングス,銀行,銀行業
7343,7343.T,ブロードマインド,金融（除く銀行）,保険業
7345,7345.T,アイ・パートナーズフィナンシャル,金融（除く銀行）,その他金融業
7347,7347.T,マーキュリアホールディングス,金融（除く銀行）,証券、商品先物取引業
7350,7350.T,おきなわフィナンシャルグループ,銀行,銀行業
7351,7351.T,グッドパッチ,情報通信・サービスその他,サービス業
7352,7352.T,ＴＷＯＳＴＯＮＥ＆Ｓｏｎｓ,情報通信・サービスその他,サービス業
7353,7353.T,ＫＩＹＯラーニング,情報通信・サービスその他,サービス業
7354,7354.T,ダイレクトマーケティングミックス,情報通信・サービスその他,サービス業
7356,7356.T,Ｒｅｔｔｙ,情報通信・サービスその他,サービス業
7357,7357.T,ジオコード,情報通信・サービスその他,サービス業
7358,7358.T,ポピンズ,情報通信・サービスその他,サービス業
7359,7359.T,東京通信グループ,情報通信・サービスその他,サービス業
7360,7360.T,オンデック,情報通信・サービスその他,サービス業
7361,7361.T,ヒューマンクリエイションホールディングス,情報通信・サービスその他,サービス業
7362,7362.T,Ｔ．Ｓ．Ｉ,情報通信・サービスその他,サービス業
7363,7363.T,ベビーカレンダー,情報通信・サービスその他,サービス業
7366,7366.T,ＬＩＴＡＬＩＣＯ,情報通信・サービスその他,サービス業
7367,7367.T,セルム,情報通信・サービスその他,サービス業
7368,7368.T,表示灯,情報通信・サービスその他,サービス業
7369,7369.T,メイホーホールディングス,情報通信・サービスその他,サービス業
7370,7370.T,Ｅｎｊｉｎ,情報通信・サービスその他,サービス業
7371,7371.T,Ｚｅｎｋｅｎ,情報通信・サービスその他,サービス業
7372,7372.T,デコルテ・ホールディングス,情報通信・サービスその他,サービス業
7373,7373.T,アイドマ・ホールディングス,情報通信・サービスその他,サービス業
7374,7374.T,コンフィデンス・インターワークス,情報通信・サービスその他,サービス業
7375,7375.T,リファインバースグループ,情報通信・サービスその他,サービス業
7376,7376.T,ＢＣＣ,情報通信・サービスその他,サービス業
7377,7377.T,ＤＮホールディングス,情報通信・サービスその他,サービス業
7378,7378.T,アシロ,情報通信・サービスその他,サービス業
7380,7380.T,十六フィナンシャルグループ,銀行,銀行業
7381,7381.T,ＣＣＩグループ,銀行,銀行業
7383,7383.T,ネットプロテクションズホールディングス,金融（除く銀行）,その他金融業
7384,7384.T,プロクレアホールディングス,銀行,銀行業
7388,7388.T,ＦＰパートナー,金融（除く銀行）,保険業
7389,7389.T,あいちフィナンシャルグループ,銀行,銀行業
7399,7399.T,ナンシン,自動車・輸送機,輸送用機器
7409,7409.T,ＡｅｒｏＥｄｇｅ,自動車・輸送機,輸送用機器
7412,7412.T,アトム,小売,小売業
7413,7413.T,創健社,商社・卸売,卸売業
7414,7414.T,小野建,商社・卸売,卸売業
7416,7416.T,はるやまホールディングス,小売,小売業
7417,7417.T,南陽,商社・卸売,卸売業
7419,7419.T,ノジマ,小売,小売業
7421,7421.T,カッパ・クリエイト,小売,小売業
7422,7422.T,東邦レマック,商社・卸売,卸売業
7425,7425.T,初穂商事,商社・卸売,卸売業
7426,7426.T,山大,商社・卸売,卸売業
7427,7427.T,エコートレーディング,商社・卸売,卸売業
7433,7433.T,伯東,商社・卸売,卸売業
7434,7434.T,オータケ,商社・卸売,卸売業
7435,7435.T,ナ・デックス,商社・卸売,卸売業
7438,7438.T,コンドーテック,商社・卸売,卸売業
7442,7442.T,中山福,商社・卸売,卸売業
7443,7443.T,横浜魚類,商社・卸売,卸売業
7444,7444.T,ハリマ共和物産,商社・卸売,卸売業
7446,7446.T,東北化学薬品,商社・卸売,卸売業
7447,7447.T,ナガイレーベン,商社・卸売,卸売業
7453,7453.T,良品計画,小売,小売業
7456,7456.T,松田産業,商社・卸売,卸売業
7458,7458.T,第一興商,商社・卸売,卸売業
7459,7459.T,メディパルホールディングス,商社・卸売,卸売業
7460,7460.T,ヤギ,商社・卸売,卸売業
7461,7461.T,キムラ,商社・卸売,卸売業
7462,7462.T,ＣＡＰＩＴＡ,小売,小売業
7463,7463.T,アドヴァングループ,小売,小売業
7464,7464.T,セフテック,商社・卸売,卸売業
7466,7466.T,ＳＰＫ,商社・卸売,卸売業
7472,7472.T,鳥羽洋行,商社・卸売,卸売業
7475,7475.T,アルビス,小売,小売業
7476,7476.T,アズワン,商社・卸売,卸売業
7477,7477.T,ムラキ,商社・卸売,卸売業
7480,7480.T,スズデン,商社・卸売,卸売業
7481,7481.T,尾家産業,商社・卸売,卸売業
7482,7482.T,シモジマ,商社・卸売,卸売業
7483,7483.T,ドウシシャ,商社・卸売,卸売業
7486,7486.T,サンリン,商社・卸売,卸売業
7487,7487.T,小津産業,商社・卸売,卸売業
7490,7490.T,日新商事,商社・卸売,卸売業
7494,7494.T,コナカ,小売,小売業
7500,7500.T,西川計測,商社・卸売,卸売業
7501,7501.T,ティムコ,商社・卸売,卸売業
7502,7502.T,プラザホールディングス,情報通信・サービスその他,サービス業
7504,7504.T,高速,商社・卸売,卸売業
7505,7505.T,扶桑電通,商社・卸売,卸売業
7506,7506.T,ハウス　オブ　ローゼ,小売,小売業
7508,7508.T,Ｇ‐７ホールディングス,小売,小売業
7509,7509.T,アイエーグループ,小売,小売業
7510,7510.T,たけびし,商社・卸売,卸売業
7512,7512.T,イオン北海道,小売,小売業
7513,7513.T,コジマ,小売,小売業
7514,7514.T,ヒマラヤ,小売,小売業
7515,7515.T,マルヨシセンター,小売,小売業
7516,7516.T,コーナン商事,小売,小売業
7520,7520.T,エコス,小売,小売業
7521,7521.T,ムサシ,商社・卸売,卸売業
7522,7522.T,ワタミ,小売,小売業
7523,7523.T,アールビバン,小売,小売業
7524,7524.T,マルシェ,小売,小売業
7525,7525.T,リックス,商社・卸売,卸売業
7527,7527.T,システムソフト,情報通信・サービスその他,情報・通信業
7531,7531.T,清和中央ホールディングス,商社・卸売,卸売業
7532,7532.T,パン・パシフィック・インターナショナルホールディングス,小売,小売業
7537,7537.T,丸文,商社・卸売,卸売業
7538,7538.T,大水,商社・卸売,卸売業
7539,7539.T,アイナボホールディングス,商社・卸売,卸売業
7544,7544.T,スリーエフ,小売,小売業
7545,7545.T,西松屋チェーン,小売,小売業
7550,7550.T,ゼンショーホールディングス,小売,小売業
7551,7551.T,ウェッズ,自動車・輸送機,輸送用機器
7552,7552.T,ハピネット,商社・卸売,卸売業
7554,7554.T,幸楽苑,小売,小売業
7555,7555.T,大田花き,商社・卸売,卸売業
7561,7561.T,ハークスレイホールディングス,小売,小売業
7562,7562.T,安楽亭,小売,小売業
7564,7564.T,ワークマン,小売,小売業
7565,7565.T,萬世電機,商社・卸売,卸売業
7567,7567.T,栄電子,商社・卸売,卸売業
7570,7570.T,橋本総業ホールディングス,商社・卸売,卸売業
7571,7571.T,ヤマノホールディングス,小売,小売業
7575,7575.T,日本ライフライン,商社・卸売,卸売業
7578,7578.T,ニチリョク,小売,小売業
7581,7581.T,サイゼリヤ,小売,小売業
7585,7585.T,かんなん丸,小売,小売業
7590,7590.T,タカショー,商社・卸売,卸売業
7593,7593.T,ＶＴホールディングス,小売,小売業
7595,7595.T,アルゴグラフィックス,情報通信・サービスその他,情報・通信業
7596,7596.T,魚力,小売,小売業
7599,7599.T,ＩＤＯＭ,商社・卸売,卸売業
7600,7600.T,日本エム・ディ・エム,電機・精密,精密機器
7601,7601.T,ポプラ,小売,小売業
7602,7602.T,レダックス,商社・卸売,卸売業
7603,7603.T,ジーイエット,小売,小売業
7604,7604.T,梅の花グループ,小売,小売業
7606,7606.T,ユナイテッドアローズ,小売,小売業
7607,7607.T,進和,商社・卸売,卸売業
7608,7608.T,エスケイジャパン,商社・卸売,卸売業
7609,7609.T,ダイトロン,商社・卸売,卸売業
7610,7610.T,テイツー,小売,小売業
7611,7611.T,ハイデイ日高,小売,小売業
7613,7613.T,シークス,商社・卸売,卸売業
7614,7614.T,オーエムツーネットワーク,小売,小売業
7615,7615.T,京都きもの友禅ホールディングス,小売,小売業
7616,7616.T,コロワイド,小売,小売業
7619,7619.T,田中商事,商社・卸売,卸売業
7621,7621.T,うかい,小売,小売業
7624,7624.T,ＮａＩＴＯ,商社・卸売,卸売業
7625,7625.T,グローバルダイニング,小売,小売業
7628,7628.T,オーハシテクニカ,商社・卸売,卸売業
7630,7630.T,壱番屋,小売,小売業
7634,7634.T,星医療酸器,商社・卸売,卸売業
7636,7636.T,ハンズマン,小売,小売業
7637,7637.T,白銅,商社・卸売,卸売業
7638,7638.T,ＮＥＷ　ＡＲＴ　ＨＯＬＤＩＮＧＳ,小売,小売業
7640,7640.T,トップカルチャー,小売,小売業
7643,7643.T,ダイイチ,小売,小売業
7646,7646.T,ＰＬＡＮＴ,小売,小売業
7649,7649.T,スギホールディングス,小売,小売業
7670,7670.T,オーウエル,商社・卸売,卸売業
7673,7673.T,ダイコー通産,商社・卸売,卸売業
7674,7674.T,ＮＡＴＴＹ　ＳＷＡＮＫＹホールディングス,小売,小売業
7677,7677.T,ヤシマキザイ,商社・卸売,卸売業
7678,7678.T,あさくま,小売,小売業
7679,7679.T,薬王堂ホールディングス,小売,小売業
7681,7681.T,レオクラン,商社・卸売,卸売業
7682,7682.T,浜木綿,小売,小売業
7683,7683.T,ダブルエー,小売,小売業
7685,7685.T,ＢｕｙＳｅｌｌ　Ｔｅｃｈｎｏｌｏｇｉｅｓ,商社・卸売,卸売業
7686,7686.T,ひとまいる,小売,小売業
7687,7687.T,ミクリード,商社・卸売,卸売業
7689,7689.T,コパ・コーポレーション,商社・卸売,卸売業
7692,7692.T,アースインフィニティ,電力・ガス,電気・ガス業
7694,7694.T,いつも,小売,小売業
7695,7695.T,交換できるくん,小売,小売業
7698,7698.T,アイスコ,商社・卸売,卸売業
7701,7701.T,島津製作所,電機・精密,精密機器
7702,7702.T,ＪＭＳ,電機・精密,精密機器
7707,7707.T,プレシジョン・システム・サイエンス,電機・精密,精密機器
7709,7709.T,クボテック,電機・精密,精密機器
7711,7711.T,助川電気工業,電機・精密,精密機器
7713,7713.T,シグマ光機,電機・精密,精密機器
7715,7715.T,長野計器,電機・精密,精密機器
7716,7716.T,ナカニシ,電機・精密,精密機器
7717,7717.T,ブイ・テクノロジー,電機・精密,精密機器
7719,7719.T,東京衡機,電機・精密,精密機器
7721,7721.T,東京計器,電機・精密,精密機器
7722,7722.T,国際計測器,電機・精密,精密機器
7723,7723.T,愛知時計電機,電機・精密,精密機器
7725,7725.T,インターアクション,電機・精密,精密機器
7726,7726.T,黒田精工,機械,機械
7727,7727.T,オーバル,電機・精密,精密機器
7729,7729.T,東京精密,電機・精密,精密機器
7730,7730.T,マニー,電機・精密,精密機器
7731,7731.T,ニコン,電機・精密,精密機器
7733,7733.T,オリンパス,電機・精密,精密機器
7734,7734.T,理研計器,電機・精密,精密機器
7735,7735.T,ＳＣＲＥＥＮホールディングス,電機・精密,電気機器
7740,7740.T,タムロン,電機・精密,精密機器
7741,7741.T,ＨＯＹＡ,電機・精密,精密機器
7743,7743.T,シード,電機・精密,精密機器
7744,7744.T,ノーリツ鋼機,電機・精密,精密機器
7745,7745.T,Ａ＆Ｄホロンホールディングス,電機・精密,精密機器
7746,7746.T,岡本硝子,電機・精密,精密機器
7747,7747.T,朝日インテック,電機・精密,精密機器
7749,7749.T,メディキット,電機・精密,精密機器
7751,7751.T,キヤノン,電機・精密,電気機器
7752,7752.T,リコー,電機・精密,電気機器
7760,7760.T,ＩＭＶ,電機・精密,精密機器
7762,7762.T,シチズン時計,電機・精密,精密機器
7769,7769.T,リズム,電機・精密,精密機器
7771,7771.T,日本精密,電機・精密,精密機器
7774,7774.T,ジャパン・ティッシュエンジニアリング,電機・精密,精密機器
7775,7775.T,大研医器,電機・精密,精密機器
7776,7776.T,セルシード,電機・精密,精密機器
7777,7777.T,スリー・ディー・マトリックス,電機・精密,精密機器
7779,7779.T,ＣＹＢＥＲＤＹＮＥ,電機・精密,精密機器
7780,7780.T,メニコン,電機・精密,精密機器
7781,7781.T,平山ホールディングス,電機・精密,精密機器
7782,7782.T,シンシア,電機・精密,精密機器
7791,7791.T,ドリームベッド,情報通信・サービスその他,その他製品
7792,7792.T,コラントッテ,情報通信・サービスその他,その他製品
7793,7793.T,イメージ・マジック,情報通信・サービスその他,その他製品
7794,7794.T,イーディーピー,情報通信・サービスその他,その他製品
7795,7795.T,ＫＹＯＲＩＴＳＵ,情報通信・サービスその他,その他製品
7800,7800.T,アミファ,情報通信・サービスその他,その他製品
7803,7803.T,ブシロード,情報通信・サービスその他,その他製品
7804,7804.T,ビーアンドピー,情報通信・サービスその他,その他製品
7805,7805.T,プリントネット,情報通信・サービスその他,その他製品
7806,7806.T,ＭＴＧ,情報通信・サービスその他,その他製品
7807,7807.T,幸和製作所,情報通信・サービスその他,その他製品
7808,7808.T,シー・エス・ランバー,情報通信・サービスその他,その他製品
7809,7809.T,壽屋,情報通信・サービスその他,その他製品
7810,7810.T,クロスフォー,情報通信・サービスその他,その他製品
7811,7811.T,中本パックス,情報通信・サービスその他,その他製品
7812,7812.T,クレステック,情報通信・サービスその他,その他製品
7813,7813.T,プラッツ,情報通信・サービスその他,その他製品
7814,7814.T,日本創発グループ,情報通信・サービスその他,その他製品
7815,7815.T,東京ボード工業,情報通信・サービスその他,その他製品
7818,7818.T,トランザクション,情報通信・サービスその他,その他製品
7819,7819.T,粧美堂,情報通信・サービスその他,その他製品
7820,7820.T,ニホンフラッシュ,情報通信・サービスその他,その他製品
7821,7821.T,前田工繊,情報通信・サービスその他,その他製品
7822,7822.T,永大産業,情報通信・サービスその他,その他製品
7823,7823.T,アートネイチャー,情報通信・サービスその他,その他製品
7826,7826.T,フルヤ金属,情報通信・サービスその他,その他製品
7827,7827.T,オービス,情報通信・サービスその他,その他製品
7831,7831.T,ウイルコホールディングス,情報通信・サービスその他,その他製品
7832,7832.T,バンダイナムコホールディングス,情報通信・サービスその他,その他製品
7833,7833.T,アイフィスジャパン,情報通信・サービスその他,その他製品
7836,7836.T,アビックス,情報通信・サービスその他,その他製品
7837,7837.T,アールシーコア,情報通信・サービスその他,その他製品
7839,7839.T,ＳＨＯＥＩ,情報通信・サービスその他,その他製品
7840,7840.T,フランスベッドホールディングス,情報通信・サービスその他,その他製品
7841,7841.T,遠藤製作所,情報通信・サービスその他,その他製品
7844,7844.T,マーベラス,情報通信・サービスその他,情報・通信業
7846,7846.T,パイロットコーポレーション,情報通信・サービスその他,その他製品
7847,7847.T,グラファイトデザイン,情報通信・サービスその他,その他製品
7849,7849.T,スターツ出版,情報通信・サービスその他,情報・通信業
7850,7850.T,総合商研,情報通信・サービスその他,その他製品
7851,7851.T,カワセコンピュータサプライ,情報通信・サービスその他,その他製品
7856,7856.T,萩原工業,情報通信・サービスその他,その他製品
7857,7857.T,セキ,情報通信・サービスその他,その他製品
7859,7859.T,アルメディオ,情報通信・サービスその他,その他製品
7860,7860.T,エイベックス,情報通信・サービスその他,情報・通信業
7863,7863.T,平賀,情報通信・サービスその他,その他製品
7864,7864.T,フジシールインターナショナル,情報通信・サービスその他,その他製品
7865,7865.T,ピープル,情報通信・サービスその他,その他製品
7867,7867.T,タカラトミー,情報通信・サービスその他,その他製品
7868,7868.T,広済堂ホールディングス,情報通信・サービスその他,その他製品
7871,7871.T,フクビ化学工業,素材・化学,化学
7872,7872.T,エステールホールディングス,情報通信・サービスその他,その他製品
7874,7874.T,レック,素材・化学,化学
7875,7875.T,竹田ｉＰホールディングス,情報通信・サービスその他,その他製品
7877,7877.T,永大化工,素材・化学,化学
7878,7878.T,光・彩,情報通信・サービスその他,その他製品
7879,7879.T,ノダ,情報通信・サービスその他,その他製品
7883,7883.T,サンメッセ,情報通信・サービスその他,その他製品
7885,7885.T,タカノ,情報通信・サービスその他,その他製品
7886,7886.T,ヤマト　モビリティ　＆　Ｍｆｇ．,素材・化学,化学
7887,7887.T,南海プライウッド,情報通信・サービスその他,その他製品
7888,7888.T,三光合成,素材・化学,化学
7893,7893.T,プロネクサス,情報通信・サービスその他,その他製品
7896,7896.T,セブン工業,情報通信・サービスその他,その他製品
7897,7897.T,ホクシン,情報通信・サービスその他,その他製品
7898,7898.T,ウッドワン,情報通信・サービスその他,その他製品
7901,7901.T,マツモト,情報通信・サービスその他,その他製品
7902,7902.T,ソノコム,情報通信・サービスその他,その他製品
7906,7906.T,ヨネックス,情報通信・サービスその他,その他製品
7908,7908.T,きもと,素材・化学,化学
7911,7911.T,ＴＯＰＰＡＮホールディングス,情報通信・サービスその他,その他製品
7912,7912.T,大日本印刷,情報通信・サービスその他,その他製品
7914,7914.T,共同印刷,情報通信・サービスその他,その他製品
7915,7915.T,ＮＩＳＳＨＡ,情報通信・サービスその他,その他製品
7916,7916.T,光村印刷,情報通信・サービスその他,その他製品
7917,7917.T,ＺＡＣＲＯＳ,素材・化学,化学
7918,7918.T,ヴィア・ホールディングス,小売,小売業
7919,7919.T,野崎印刷紙業,情報通信・サービスその他,その他製品
7921,7921.T,ＴＡＫＡＲＡ　＆　ＣＯＭＰＡＮＹ,情報通信・サービスその他,その他製品
7927,7927.T,ムトー精工,素材・化学,化学
7928,7928.T,旭化学工業,素材・化学,化学
7931,7931.T,未来工業,素材・化学,化学
7932,7932.T,ニッピ,情報通信・サービスその他,その他製品
7936,7936.T,アシックス,情報通信・サービスその他,その他製品
7937,7937.T,ツツミ,情報通信・サービスその他,その他製品
7938,7938.T,リーガルコーポレーション,情報通信・サービスその他,その他製品
7939,7939.T,研創,情報通信・サービスその他,その他製品
7942,7942.T,ＪＳＰ,素材・化学,化学
7943,7943.T,ニチハ,建設・資材,ガラス・土石製品
7944,7944.T,ローランド,情報通信・サービスその他,その他製品
7946,7946.T,光陽社,情報通信・サービスその他,その他製品
7947,7947.T,エフピコ,素材・化学,化学
7949,7949.T,小松ウオール工業,情報通信・サービスその他,その他製品
7951,7951.T,ヤマハ,情報通信・サービスその他,その他製品
7952,7952.T,河合楽器製作所,情報通信・サービスその他,その他製品
7953,7953.T,菊水化学工業,情報通信・サービスその他,その他製品
7955,7955.T,クリナップ,情報通信・サービスその他,その他製品
7956,7956.T,ピジョン,情報通信・サービスその他,その他製品
7957,7957.T,フジコピアン,情報通信・サービスその他,その他製品
7962,7962.T,キングジム,情報通信・サービスその他,その他製品
7963,7963.T,興研,情報通信・サービスその他,その他製品
7965,7965.T,象印マホービン,電機・精密,電気機器
7966,7966.T,リンテック,情報通信・サービスその他,その他製品
7970,7970.T,信越ポリマー,素材・化学,化学
7971,7971.T,東リ,素材・化学,化学
7972,7972.T,イトーキ,情報通信・サービスその他,その他製品
7974,7974.T,任天堂,情報通信・サービスその他,その他製品
7975,7975.T,リヒトラブ,情報通信・サービスその他,その他製品
7976,7976.T,三菱鉛筆,情報通信・サービスその他,その他製品
7979,7979.T,松風,電機・精密,精密機器
7980,7980.T,重松製作所,情報通信・サービスその他,その他製品
7981,7981.T,タカラスタンダード,情報通信・サービスその他,その他製品
7983,7983.T,ミロク,情報通信・サービスその他,その他製品
7984,7984.T,コクヨ,情報通信・サービスその他,その他製品
7985,7985.T,ネポン,建設・資材,金属製品
7986,7986.T,日本アイ・エス・ケイ,情報通信・サービスその他,その他製品
7987,7987.T,ナカバヤシ,情報通信・サービスその他,その他製品
7988,7988.T,ニフコ,素材・化学,化学
7989,7989.T,立川ブラインド工業,建設・資材,金属製品
7990,7990.T,グローブライド,情報通信・サービスその他,その他製品
7991,7991.T,マミヤ・オーピー,機械,機械
7992,7992.T,セーラー万年筆,情報通信・サービスその他,その他製品
7994,7994.T,オカムラ,情報通信・サービスその他,その他製品
7995,7995.T,バルカー,素材・化学,化学
7997,7997.T,くろがね工作所,情報通信・サービスその他,その他製品
8001,8001.T,伊藤忠商事,商社・卸売,卸売業
8002,8002.T,丸紅,商社・卸売,卸売業
8005,8005.T,スクロール,小売,小売業
8006,8006.T,ユアサ・フナショク,商社・卸売,卸売業
8007,8007.T,高島,商社・卸売,卸売業
8008,8008.T,ヨンドシーホールディングス,小売,小売業
8011,8011.T,三陽商会,素材・化学,繊維製品
8012,8012.T,長瀬産業,商社・卸売,卸売業
8013,8013.T,ナイガイ,素材・化学,繊維製品
8014,8014.T,蝶理,商社・卸売,卸売業
8015,8015.T,豊田通商,商社・卸売,卸売業
8016,8016.T,オンワードホールディングス,素材・化学,繊維製品
8018,8018.T,三共生興,商社・卸売,卸売業
8020,8020.T,兼松,商社・卸売,卸売業
8022,8022.T,美津濃,情報通信・サービスその他,その他製品
8023,8023.T,ＤＡＩＫＯ　ＸＴＥＣＨ,情報通信・サービスその他,情報・通信業
8025,8025.T,ツカモトコーポレーション,商社・卸売,卸売業
8029,8029.T,ルックホールディングス,素材・化学,繊維製品
8030,8030.T,中央魚類,商社・卸売,卸売業
8031,8031.T,三井物産,商社・卸売,卸売業
8032,8032.T,日本紙パルプ商事,商社・卸売,卸売業
8035,8035.T,東京エレクトロン,電機・精密,電気機器
8037,8037.T,カメイ,商社・卸売,卸売業
8039,8039.T,築地魚市場,商社・卸売,卸売業
8040,8040.T,東京ソワール,素材・化学,繊維製品
8041,8041.T,ＯＵＧホールディングス,商社・卸売,卸売業
8043,8043.T,スターゼン,商社・卸売,卸売業
8045,8045.T,横浜丸魚,商社・卸売,卸売業
8046,8046.T,丸藤シートパイル,商社・卸売,卸売業
8050,8050.T,セイコーグループ,電機・精密,精密機器
8051,8051.T,山善,商社・卸売,卸売業
8052,8052.T,椿本興業,商社・卸売,卸売業
8053,8053.T,住友商事,商社・卸売,卸売業
8056,8056.T,ＢＩＰＲＯＧＹ,情報通信・サービスその他,情報・通信業
8057,8057.T,内田洋行,商社・卸売,卸売業
8058,8058.T,三菱商事,商社・卸売,卸売業
8059,8059.T,第一実業,商社・卸売,卸売業
8060,8060.T,キヤノンマーケティングジャパン,商社・卸売,卸売業
8061,8061.T,西華産業,商社・卸売,卸売業
8065,8065.T,佐藤商事,商社・卸売,卸売業
8066,8066.T,三谷商事,商社・卸売,卸売業
8070,8070.T,東京産業,商社・卸売,卸売業
8074,8074.T,ＹＵＡＳＡ,商社・卸売,卸売業
8075,8075.T,神鋼商事,商社・卸売,卸売業
8076,8076.T,カノークス,商社・卸売,卸売業
8077,8077.T,トルク,商社・卸売,卸売業
8078,8078.T,阪和興業,商社・卸売,卸売業
8079,8079.T,正栄食品工業,商社・卸売,卸売業
8081,8081.T,カナデン,商社・卸売,卸売業
8084,8084.T,ＲＹＯＤＥＮ,商社・卸売,卸売業
8085,8085.T,ナラサキ産業,商社・卸売,卸売業
8086,8086.T,ニプロ,電機・精密,精密機器
8088,8088.T,岩谷産業,商社・卸売,卸売業
8089,8089.T,ナイス,商社・卸売,卸売業
8091,8091.T,ニチモウ,商社・卸売,卸売業
8093,8093.T,極東貿易,商社・卸売,卸売業
8095,8095.T,アステナホールディングス,商社・卸売,卸売業
8097,8097.T,三愛オブリ,商社・卸売,卸売業
8098,8098.T,稲畑産業,商社・卸売,卸売業
8101,8101.T,ＧＳＩクレオス,商社・卸売,卸売業
8103,8103.T,明和産業,商社・卸売,卸売業
8104,8104.T,クワザワホールディングス,商社・卸売,卸売業
8105,8105.T,Ｂｉｔｃｏｉｎ　Ｊａｐａｎ,商社・卸売,卸売業
8107,8107.T,キムラタン,素材・化学,繊維製品
8111,8111.T,ゴールドウイン,素材・化学,繊維製品
8113,8113.T,ユニ・チャーム,素材・化学,化学
8115,8115.T,ムーンバット,商社・卸売,卸売業
8117,8117.T,中央自動車工業,商社・卸売,卸売業
8118,8118.T,キング,素材・化学,繊維製品
8119,8119.T,三栄コーポレーション,商社・卸売,卸売業
8123,8123.T,川辺,商社・卸売,卸売業
8125,8125.T,ワキタ,商社・卸売,卸売業
8127,8127.T,ヤマトインターナショナル,素材・化学,繊維製品
8129,8129.T,東邦ホールディングス,商社・卸売,卸売業
8130,8130.T,サンゲツ,商社・卸売,卸売業
8131,8131.T,ミツウロコグループホールディングス,商社・卸売,卸売業
8132,8132.T,シナネンホールディングス,商社・卸売,卸売業
8133,8133.T,伊藤忠エネクス,商社・卸売,卸売業
8135,8135.T,ゼット,商社・卸売,卸売業
8136,8136.T,サンリオ,商社・卸売,卸売業
8137,8137.T,サンワテクノス,商社・卸売,卸売業
8138,8138.T,三京化成,商社・卸売,卸売業
8139,8139.T,ナガホリ,商社・卸売,卸売業
8141,8141.T,新光商事,商社・卸売,卸売業
8142,8142.T,トーホー,商社・卸売,卸売業
8143,8143.T,ラピーヌ,素材・化学,繊維製品
8144,8144.T,デンキョーグループホールディングス,商社・卸売,卸売業
8147,8147.T,トミタ,商社・卸売,卸売業
8150,8150.T,三信電気,商社・卸売,卸売業
8151,8151.T,東陽テクニカ,商社・卸売,卸売業
8152,8152.T,ソマール,商社・卸売,卸売業
8153,8153.T,モスフードサービス,商社・卸売,卸売業
8154,8154.T,加賀電子,商社・卸売,卸売業
8157,8157.T,都築電気,情報通信・サービスその他,情報・通信業
8158,8158.T,ソーダニッカ,商社・卸売,卸売業
8159,8159.T,立花エレテック,商社・卸売,卸売業
8160,8160.T,木曽路,小売,小売業
8163,8163.T,ＳＲＳホールディングス,小売,小売業
8165,8165.T,千趣会,小売,小売業
8166,8166.T,タカキュー,小売,小売業
8167,8167.T,リテールパートナーズ,小売,小売業
8173,8173.T,Ｊｏｓｈｉｎ,小売,小売業
8174,8174.T,日本瓦斯,小売,小売業
8179,8179.T,ロイヤルホールディングス,小売,小売業
8181,8181.T,東天紅,小売,小売業
8185,8185.T,チヨダ,小売,小売業
8194,8194.T,ライフコーポレーション,小売,小売業
8198,8198.T,マックスバリュ東海,小売,小売業
8200,8200.T,リンガーハット,小売,小売業
8202,8202.T,ラオックスホールディングス,小売,小売業
8203,8203.T,ＭｒＭａｘＨＤ,小売,小売業
8207,8207.T,テンアライド,小売,小売業
8214,8214.T,ＡＯＫＩホールディングス,小売,小売業
8217,8217.T,オークワ,小売,小売業
8218,8218.T,コメリ,小売,小売業
8219,8219.T,青山商事,小売,小売業
8225,8225.T,タカチホ,商社・卸売,卸売業
8226,8226.T,理経,商社・卸売,卸売業
8227,8227.T,しまむら,小売,小売業
8230,8230.T,はせがわ,小売,小売業
8233,8233.T,高島屋,小売,小売業
8237,8237.T,松屋,小売,小売業
8242,8242.T,エイチ・ツー・オー　リテイリング,小売,小売業
8244,8244.T,近鉄百貨店,小売,小売業
8247,8247.T,大和,小売,小売業
8252,8252.T,丸井グループ,小売,小売業
8253,8253.T,クレディセゾン,金融（除く銀行）,その他金融業
8254,8254.T,さいか屋,小売,小売業
8255,8255.T,アクシアル　リテイリング,小売,小売業
8260,8260.T,井筒屋,小売,小売業
8267,8267.T,イオン,小売,小売業
8273,8273.T,イズミ,小売,小売業
8275,8275.T,フォーバル,商社・卸売,卸売業
8276,8276.T,平和堂,小売,小売業
8278,8278.T,フジ,小売,小売業
8281,8281.T,ゼビオホールディングス,小売,小売業
8282,8282.T,ケーズホールディングス,小売,小売業
8285,8285.T,三谷産業,商社・卸売,卸売業
8291,8291.T,日産東京販売ホールディングス,小売,小売業
8303,8303.T,ＳＢＩ新生銀行,銀行,銀行業
8304,8304.T,あおぞら銀行,銀行,銀行業
8306,8306.T,三菱ＵＦＪフィナンシャル・グループ,銀行,銀行業
8308,8308.T,りそなホールディングス,銀行,銀行業
8309,8309.T,三井住友トラストグループ,銀行,銀行業
8316,8316.T,三井住友フィナンシャルグループ,銀行,銀行業
8331,8331.T,千葉銀行,銀行,銀行業
8334,8334.T,群馬銀行,銀行,銀行業
8336,8336.T,武蔵野銀行,銀行,銀行業
8337,8337.T,千葉興業銀行,銀行,銀行業
8338,8338.T,筑波銀行,銀行,銀行業
8341,8341.T,七十七銀行,銀行,銀行業
8343,8343.T,秋田銀行,銀行,銀行業
8344,8344.T,山形銀行,銀行,銀行業
8345,8345.T,岩手銀行,銀行,銀行業
8346,8346.T,東邦銀行,銀行,銀行業
8349,8349.T,東北銀行,銀行,銀行業
8354,8354.T,ふくおかフィナンシャルグループ,銀行,銀行業
8358,8358.T,スルガ銀行,銀行,銀行業
8359,8359.T,八十二長野銀行,銀行,銀行業
8360,8360.T,山梨中央銀行,銀行,銀行業
8361,8361.T,大垣共立銀行,銀行,銀行業
8362,8362.T,福井銀行,銀行,銀行業
8364,8364.T,清水銀行,銀行,銀行業
8365,8365.T,富山銀行,銀行,銀行業
8366,8366.T,滋賀銀行,銀行,銀行業
8367,8367.T,南都銀行,銀行,銀行業
8368,8368.T,百五銀行,銀行,銀行業
8370,8370.T,紀陽銀行,銀行,銀行業
8377,8377.T,ほくほくフィナンシャルグループ,銀行,銀行業
8381,8381.T,山陰合同銀行,銀行,銀行業
8383,8383.T,鳥取銀行,銀行,銀行業
8386,8386.T,百十四銀行,銀行,銀行業
8387,8387.T,四国銀行,銀行,銀行業
8388,8388.T,阿波銀行,銀行,銀行業
8392,8392.T,大分銀行,銀行,銀行業
8393,8393.T,宮崎銀行,銀行,銀行業
8395,8395.T,佐賀銀行,銀行,銀行業
8399,8399.T,琉球銀行,銀行,銀行業
8410,8410.T,セブン銀行,銀行,銀行業
8411,8411.T,みずほフィナンシャルグループ,銀行,銀行業
8416,8416.T,高知銀行,銀行,銀行業
8418,8418.T,山口フィナンシャルグループ,銀行,銀行業
8424,8424.T,芙蓉総合リース,金融（除く銀行）,その他金融業
8425,8425.T,みずほリース,金融（除く銀行）,その他金融業
8439,8439.T,東京センチュリー,金融（除く銀行）,その他金融業
8473,8473.T,ＳＢＩホールディングス,金融（除く銀行）,証券、商品先物取引業
8508,8508.T,Ｊトラスト,金融（除く銀行）,その他金融業
8511,8511.T,日本証券金融,金融（除く銀行）,その他金融業
8518,8518.T,日本アジア投資,金融（除く銀行）,証券、商品先物取引業
8522,8522.T,名古屋銀行,銀行,銀行業
8524,8524.T,北洋銀行,銀行,銀行業
8537,8537.T,大光銀行,銀行,銀行業
8541,8541.T,愛媛銀行,銀行,銀行業
8542,8542.T,トマト銀行,銀行,銀行業
8544,8544.T,京葉銀行,銀行,銀行業
8550,8550.T,栃木銀行,銀行,銀行業
8551,8551.T,北日本銀行,銀行,銀行業
8558,8558.T,東和銀行,銀行,銀行業
8562,8562.T,福島銀行,銀行,銀行業
8563,8563.T,大東銀行,銀行,銀行業
8566,8566.T,リコーリース,金融（除く銀行）,その他金融業
8570,8570.T,イオンフィナンシャルサービス,金融（除く銀行）,その他金融業
8572,8572.T,アコム,金融（除く銀行）,その他金融業
8584,8584.T,ジャックス,金融（除く銀行）,その他金融業
8585,8585.T,オリエントコーポレーション,金融（除く銀行）,その他金融業
8591,8591.T,オリックス,金融（除く銀行）,その他金融業
8593,8593.T,三菱ＨＣキャピタル,金融（除く銀行）,その他金融業
8595,8595.T,ジャフコ　グループ,金融（除く銀行）,証券、商品先物取引業
8596,8596.T,九州リースサービス,金融（除く銀行）,その他金融業
8600,8600.T,トモニホールディングス,銀行,銀行業
8601,8601.T,大和証券グループ本社,金融（除く銀行）,証券、商品先物取引業
8604,8604.T,野村ホールディングス,金融（除く銀行）,証券、商品先物取引業
8609,8609.T,岡三証券グループ,金融（除く銀行）,証券、商品先物取引業
8613,8613.T,丸三証券,金融（除く銀行）,証券、商品先物取引業
8614,8614.T,東洋証券,金融（除く銀行）,証券、商品先物取引業
8616,8616.T,東海東京フィナンシャル・ホールディングス,金融（除く銀行）,証券、商品先物取引業
8617,8617.T,光世証券,金融（除く銀行）,証券、商品先物取引業
8622,8622.T,水戸証券,金融（除く銀行）,証券、商品先物取引業
8624,8624.T,いちよし証券,金融（除く銀行）,証券、商品先物取引業
8628,8628.T,松井証券,金融（除く銀行）,証券、商品先物取引業
8630,8630.T,ＳＯＭＰＯホールディングス,金融（除く銀行）,保険業
8697,8697.T,日本取引所グループ,金融（除く銀行）,その他金融業
8698,8698.T,マネックスグループ,金融（除く銀行）,証券、商品先物取引業
8699,8699.T,ＨＳホールディングス,金融（除く銀行）,証券、商品先物取引業
8700,8700.T,丸八証券,金融（除く銀行）,証券、商品先物取引業
8704,8704.T,トレイダーズホールディングス,金融（除く銀行）,証券、商品先物取引業
8705,8705.T,日産証券グループ,金融（除く銀行）,証券、商品先物取引業
8706,8706.T,極東証券,金融（除く銀行）,証券、商品先物取引業
8707,8707.T,岩井コスモホールディングス,金融（除く銀行）,証券、商品先物取引業
8708,8708.T,アイザワ証券グループ,金融（除く銀行）,証券、商品先物取引業
8713,8713.T,フィデアホールディングス,銀行,銀行業
8714,8714.T,池田泉州ホールディングス,銀行,銀行業
8715,8715.T,アニコム　ホールディングス,金融（除く銀行）,保険業
8725,8725.T,ＭＳ＆ＡＤインシュアランスグループホールディングス,金融（除く銀行）,保険業
8729,8729.T,ソニーフィナンシャルグループ,金融（除く銀行）,保険業
8737,8737.T,あかつき本社,金融（除く銀行）,証券、商品先物取引業
8739,8739.T,スパークス・グループ,金融（除く銀行）,証券、商品先物取引業
8742,8742.T,小林洋行,金融（除く銀行）,証券、商品先物取引業
8746,8746.T,ｕｎｂａｎｋｅｄ,金融（除く銀行）,証券、商品先物取引業
8747,8747.T,豊トラスティ証券,金融（除く銀行）,証券、商品先物取引業
8750,8750.T,第一ライフグループ,金融（除く銀行）,保険業
8766,8766.T,東京海上ホールディングス,金融（除く銀行）,保険業
8769,8769.T,アドバンテッジリスクマネジメント,情報通信・サービスその他,サービス業
8771,8771.T,イー・ギャランティ,金融（除く銀行）,その他金融業
8772,8772.T,アサックス,金融（除く銀行）,その他金融業
8783,8783.T,ａｂｃ,金融（除く銀行）,その他金融業
8789,8789.T,フィンテック　グローバル,金融（除く銀行）,その他金融業
8793,8793.T,ＮＥＣキャピタルソリューション,金融（除く銀行）,その他金融業
8795,8795.T,Ｔ＆Ｄホールディングス,金融（除く銀行）,保険業
8798,8798.T,アドバンスクリエイト,金融（除く銀行）,保険業
8801,8801.T,三井不動産,不動産,不動産業
8802,8802.T,三菱地所,不動産,不動産業
8803,8803.T,平和不動産,不動産,不動産業
8804,8804.T,東京建物,不動産,不動産業
8818,8818.T,京阪神ビルディング,不動産,不動産業
8830,8830.T,住友不動産,不動産,不動産業
8835,8835.T,太平洋興発,商社・卸売,卸売業
8836,8836.T,ＲＩＳＥ,不動産,不動産業
8841,8841.T,テーオーシー,不動産,不動産業
8844,8844.T,コスモスイニシア,不動産,不動産業
8848,8848.T,レオパレス２１,不動産,不動産業
8850,8850.T,スターツコーポレーション,不動産,不動産業
8860,8860.T,フジ住宅,不動産,不動産業
8864,8864.T,空港施設,不動産,不動産業
8869,8869.T,明和地所,不動産,不動産業
8871,8871.T,ゴールドクレスト,不動産,不動産業
8876,8876.T,リログループ,情報通信・サービスその他,サービス業
8877,8877.T,エスリード,不動産,不動産業
8881,8881.T,日神グループホールディングス,不動産,不動産業
8887,8887.T,シーラホールディングス,不動産,不動産業
8891,8891.T,ＡＭＧホールディングス,不動産,不動産業
8892,8892.T,エスコン,不動産,不動産業
8894,8894.T,ＲＥＶＯＬＵＴＩＯＮ,不動産,不動産業
8897,8897.T,ＭＩＲＡＲＴＨホールディングス,不動産,不動産業
8898,8898.T,センチュリー２１・ジャパン,不動産,不動産業
8904,8904.T,ＡＶＡＮＴＩＡ,不動産,不動産業
8908,8908.T,毎日コムネット,不動産,不動産業
8912,8912.T,エリアクエスト,不動産,不動産業
8914,8914.T,エリアリンク,不動産,不動産業
8917,8917.T,ファースト住建,不動産,不動産業
8918,8918.T,ランド,不動産,不動産業
8919,8919.T,カチタス,不動産,不動産業
8920,8920.T,東祥,情報通信・サービスその他,サービス業
8923,8923.T,トーセイ,不動産,不動産業
8927,8927.T,明豊エンタープライズ,不動産,不動産業
8928,8928.T,穴吹興産,不動産,不動産業
8929,8929.T,青山財産ネットワークス,不動産,不動産業
8931,8931.T,和田興産,不動産,不動産業
8934,8934.T,サンフロンティア不動産,不動産,不動産業
8935,8935.T,ＦＪネクストホールディングス,不動産,不動産業
8938,8938.T,グローム・ホールディングス,不動産,不動産業
8944,8944.T,ランドビジネス,不動産,不動産業
8945,8945.T,サンネクスタグループ,不動産,不動産業
8946,8946.T,ＡＳＩＡＮ　ＳＴＡＲ,不動産,不動産業
8995,8995.T,誠建設工業,不動産,不動産業
8996,8996.T,ハウスフリーダム,不動産,不動産業
8999,8999.T,グランディハウス,不動産,不動産業
9001,9001.T,東武鉄道,運輸・物流,陸運業
9003,9003.T,相鉄ホールディングス,運輸・物流,陸運業
9005,9005.T,東急,運輸・物流,陸運業
9006,9006.T,京浜急行電鉄,運輸・物流,陸運業
9007,9007.T,小田急電鉄,運輸・物流,陸運業
9008,9008.T,京王電鉄,運輸・物流,陸運業
9009,9009.T,京成電鉄,運輸・物流,陸運業
9010,9010.T,富士急行,運輸・物流,陸運業
9012,9012.T,秩父鉄道,運輸・物流,陸運業
9017,9017.T,新潟交通,運輸・物流,陸運業
9020,9020.T,東日本旅客鉄道,運輸・物流,陸運業
9021,9021.T,西日本旅客鉄道,運輸・物流,陸運業
9022,9022.T,東海旅客鉄道,運輸・物流,陸運業
9023,9023.T,東京地下鉄,運輸・物流,陸運業
9024,9024.T,西武ホールディングス,運輸・物流,陸運業
9025,9025.T,鴻池運輸,運輸・物流,陸運業
9028,9028.T,ゼロ,運輸・物流,陸運業
9029,9029.T,ヒガシホールディングス,運輸・物流,陸運業
9031,9031.T,西日本鉄道,運輸・物流,陸運業
9033,9033.T,広島電鉄,運輸・物流,陸運業
9034,9034.T,南総通運,運輸・物流,陸運業
9036,9036.T,東部ネットワーク,運輸・物流,陸運業
9037,9037.T,ハマキョウレックス,運輸・物流,陸運業
9039,9039.T,サカイ引越センター,運輸・物流,陸運業
9041,9041.T,近鉄グループホールディングス,運輸・物流,陸運業
9042,9042.T,阪急阪神ホールディングス,運輸・物流,陸運業
9044,9044.T,ＮＡＮＫＡＩ,運輸・物流,陸運業
9045,9045.T,京阪ホールディングス,運輸・物流,陸運業
9046,9046.T,神戸電鉄,運輸・物流,陸運業
9048,9048.T,名古屋鉄道,運輸・物流,陸運業
9049,9049.T,京福電気鉄道,運輸・物流,陸運業
9051,9051.T,センコン物流,運輸・物流,陸運業
9052,9052.T,山陽電気鉄道,運輸・物流,陸運業
9057,9057.T,遠州トラック,運輸・物流,陸運業
9059,9059.T,カンダホールディングス,運輸・物流,陸運業
9060,9060.T,日本ロジテム,運輸・物流,陸運業
9063,9063.T,岡山県貨物運送,運輸・物流,陸運業
9064,9064.T,ヤマトホールディングス,運輸・物流,陸運業
9065,9065.T,山九,運輸・物流,陸運業
9068,9068.T,丸全昭和運輸,運輸・物流,陸運業
9069,9069.T,センコーグループホールディングス,運輸・物流,陸運業
9072,9072.T,ニッコンホールディングス,運輸・物流,陸運業
9073,9073.T,京極運輸商事,運輸・物流,陸運業
9074,9074.T,日本石油輸送,運輸・物流,陸運業
9075,9075.T,福山通運,運輸・物流,陸運業
9076,9076.T,セイノーホールディングス,運輸・物流,陸運業
9081,9081.T,神奈川中央交通,運輸・物流,陸運業
9082,9082.T,大和自動車交通,運輸・物流,陸運業
9083,9083.T,神姫バス,運輸・物流,陸運業
9087,9087.T,タカセ,運輸・物流,陸運業
9090,9090.T,ＡＺ－ＣＯＭ丸和ホールディングス,運輸・物流,陸運業
9101,9101.T,日本郵船,運輸・物流,海運業
9104,9104.T,商船三井,運輸・物流,海運業
9107,9107.T,川崎汽船,運輸・物流,海運業
9110,9110.T,ＮＳユナイテッド海運,運輸・物流,海運業
9115,9115.T,明海グループ,運輸・物流,海運業
9119,9119.T,飯野海運,運輸・物流,海運業
9127,9127.T,玉井商船,運輸・物流,海運業
9130,9130.T,共栄タンカー,運輸・物流,海運業
9142,9142.T,九州旅客鉄道,運輸・物流,陸運業
9143,9143.T,ＳＧホールディングス,運輸・物流,陸運業
9145,9145.T,ビーイングホールディングス,運輸・物流,陸運業
9147,9147.T,ＮＩＰＰＯＮ　ＥＸＰＲＥＳＳホールディングス,運輸・物流,陸運業
9158,9158.T,シーユーシー,情報通信・サービスその他,サービス業
9159,9159.T,Ｗ　ＴＯＫＹＯ,情報通信・サービスその他,サービス業
9160,9160.T,オンザページ,情報通信・サービスその他,サービス業
9162,9162.T,ブリーチ,情報通信・サービスその他,サービス業
9163,9163.T,ナレルグループ,情報通信・サービスその他,サービス業
9165,9165.T,クオルテック,情報通信・サービスその他,サービス業
9166,9166.T,ＧＥＮＤＡ,情報通信・サービスその他,サービス業
9168,9168.T,ライズ・コンサルティング・グループ,情報通信・サービスその他,サービス業
9171,9171.T,栗林商船,運輸・物流,海運業
9173,9173.T,東海汽船,運輸・物流,海運業
9193,9193.T,東京汽船,運輸・物流,倉庫・運輸関連業
9201,9201.T,日本航空,運輸・物流,空運業
9202,9202.T,ＡＮＡホールディングス,運輸・物流,空運業
9204,9204.T,スカイマーク,運輸・物流,空運業
9206,9206.T,スターフライヤー,運輸・物流,空運業
9211,9211.T,エフ・コード,情報通信・サービスその他,サービス業
9212,9212.T,Ｇｒｅｅｎ　Ｅａｒｔｈ　Ｉｎｓｔｉｔｕｔｅ,情報通信・サービスその他,サービス業
9213,9213.T,セイファート,情報通信・サービスその他,サービス業
9214,9214.T,Ｒｅｃｏｖｅｒｙ　Ｉｎｔｅｒｎａｔｉｏｎａｌ,情報通信・サービスその他,サービス業
9215,9215.T,ＣａＳｙ,情報通信・サービスその他,サービス業
9216,9216.T,ビーウィズ,情報通信・サービスその他,サービス業
9218,9218.T,メンタルヘルステクノロジーズ,情報通信・サービスその他,サービス業
9219,9219.T,ギックス,情報通信・サービスその他,サービス業
9220,9220.T,エフビー介護サービス,情報通信・サービスその他,サービス業
9221,9221.T,フルハシＥＰＯ,情報通信・サービスその他,サービス業
9223,9223.T,ＡＳＮＯＶＡ,情報通信・サービスその他,サービス業
9225,9225.T,ブリッジコンサルティンググループ,情報通信・サービスその他,サービス業
9227,9227.T,マイクロ波化学,情報通信・サービスその他,サービス業
9229,9229.T,サンウェルズ,情報通信・サービスその他,サービス業
9233,9233.T,アジア航測,運輸・物流,空運業
9235,9235.T,売れるネット広告社グループ,情報通信・サービスその他,サービス業
9236,9236.T,ジャパンＭ＆Ａソリューション,情報通信・サービスその他,サービス業
9237,9237.T,笑美面,情報通信・サービスその他,サービス業
9238,9238.T,バリュークリエーション,情報通信・サービスその他,サービス業
9240,9240.T,デリバリーコンサルティング,情報通信・サービスその他,サービス業
9241,9241.T,フューチャーリンクネットワーク,情報通信・サービスその他,サービス業
9242,9242.T,メディア総研,情報通信・サービスその他,サービス業
9244,9244.T,デジタリフト,情報通信・サービスその他,サービス業
9245,9245.T,リベロ,情報通信・サービスその他,サービス業
9246,9246.T,プロジェクトホールディングス,情報通信・サービスその他,サービス業
9247,9247.T,ＴＲＥホールディングス,情報通信・サービスその他,サービス業
9248,9248.T,人・夢・技術グループ,情報通信・サービスその他,サービス業
9249,9249.T,日本エコシステム,情報通信・サービスその他,サービス業
9250,9250.T,ＧＲＣＳ,情報通信・サービスその他,サービス業
9251,9251.T,ＡＢ＆Ｃｏｍｐａｎｙ,情報通信・サービスその他,サービス業
9252,9252.T,ラストワンマイル,情報通信・サービスその他,サービス業
9253,9253.T,スローガン,情報通信・サービスその他,サービス業
9254,9254.T,ラバブルマーケティンググループ,情報通信・サービスその他,サービス業
9256,9256.T,サクシード,情報通信・サービスその他,サービス業
9258,9258.T,ＣＳ－Ｃ,情報通信・サービスその他,サービス業
9259,9259.T,タカヨシホールディングス,情報通信・サービスその他,サービス業
9262,9262.T,シルバーライフ,小売,小売業
9264,9264.T,ポエック,商社・卸売,卸売業
9265,9265.T,ヤマシタヘルスケアホールディングス,商社・卸売,卸売業
9267,9267.T,Ｇｅｎｋｙ　ＤｒｕｇＳｔｏｒｅｓ,小売,小売業
9268,9268.T,オプティマスグループ,商社・卸売,卸売業
9270,9270.T,バリュエンスホールディングス,商社・卸売,卸売業
9271,9271.T,和心,小売,小売業
9272,9272.T,ブティックス,情報通信・サービスその他,サービス業
9273,9273.T,コーア商事ホールディングス,商社・卸売,卸売業
9274,9274.T,ＫＰＰグループホールディングス,商社・卸売,卸売業
9278,9278.T,ブックオフグループホールディングス,小売,小売業
9279,9279.T,ギフトホールディングス,小売,小売業
9301,9301.T,三菱倉庫,運輸・物流,倉庫・運輸関連業
9302,9302.T,三井倉庫ホールディングス,運輸・物流,倉庫・運輸関連業
9303,9303.T,住友倉庫,運輸・物流,倉庫・運輸関連業
9304,9304.T,澁澤倉庫,運輸・物流,倉庫・運輸関連業
9305,9305.T,ヤマタネ,商社・卸売,卸売業
9306,9306.T,東陽倉庫,運輸・物流,倉庫・運輸関連業
9307,9307.T,杉村倉庫,運輸・物流,倉庫・運輸関連業
9308,9308.T,乾汽船,運輸・物流,海運業
9310,9310.T,日本トランスシティ,運輸・物流,倉庫・運輸関連業
9311,9311.T,アサガミ,運輸・物流,倉庫・運輸関連業
9312,9312.T,ケイヒン,運輸・物流,倉庫・運輸関連業
9313,9313.T,丸八倉庫,運輸・物流,倉庫・運輸関連業
9319,9319.T,中央倉庫,運輸・物流,倉庫・運輸関連業
9322,9322.T,川西倉庫,運輸・物流,倉庫・運輸関連業
9324,9324.T,安田倉庫,運輸・物流,倉庫・運輸関連業
9325,9325.T,ファイズホールディングス,運輸・物流,倉庫・運輸関連業
9326,9326.T,関通ホールディングス,運輸・物流,倉庫・運輸関連業
9327,9327.T,イー・ロジット,運輸・物流,倉庫・運輸関連業
9330,9330.T,揚羽,情報通信・サービスその他,サービス業
9331,9331.T,キャスター,情報通信・サービスその他,サービス業
9332,9332.T,ＮＩＳＳＯホールディングス,情報通信・サービスその他,サービス業
9336,9336.T,大栄環境,情報通信・サービスその他,サービス業
9337,9337.T,トリドリ,情報通信・サービスその他,サービス業
9339,9339.T,コーチ・エィ,情報通信・サービスその他,サービス業
9340,9340.T,アソインターナショナル,情報通信・サービスその他,サービス業
9341,9341.T,ＧＥＮＯＶＡ,情報通信・サービスその他,サービス業
9342,9342.T,スマサポ,情報通信・サービスその他,サービス業
9343,9343.T,アイビス,情報通信・サービスその他,サービス業
9344,9344.T,アクシスコンサルティング,情報通信・サービスその他,サービス業
9345,9345.T,ビズメイツ,情報通信・サービスその他,サービス業
9346,9346.T,ココルポート,情報通信・サービスその他,サービス業
9347,9347.T,日本管財ホールディングス,情報通信・サービスその他,サービス業
9348,9348.T,ｉｓｐａｃｅ,情報通信・サービスその他,サービス業
9351,9351.T,東洋埠頭,運輸・物流,倉庫・運輸関連業
9353,9353.T,櫻島埠頭,運輸・物流,倉庫・運輸関連業
9355,9355.T,リンコーコーポレーション,運輸・物流,倉庫・運輸関連業
9360,9360.T,鈴与シンワート,情報通信・サービスその他,情報・通信業
9361,9361.T,伏木海陸運送,運輸・物流,倉庫・運輸関連業
9362,9362.T,兵機海運,運輸・物流,倉庫・運輸関連業
9363,9363.T,大運,運輸・物流,倉庫・運輸関連業
9364,9364.T,上組,運輸・物流,倉庫・運輸関連業
9365,9365.T,トレーディア,運輸・物流,倉庫・運輸関連業
9366,9366.T,サンリツ,運輸・物流,倉庫・運輸関連業
9367,9367.T,大東港運,運輸・物流,倉庫・運輸関連業
9368,9368.T,キムラユニティー,運輸・物流,倉庫・運輸関連業
9369,9369.T,キユーソー流通システム,運輸・物流,倉庫・運輸関連業
9376,9376.T,ユーラシア旅行社,情報通信・サービスその他,サービス業
9380,9380.T,東海運,運輸・物流,倉庫・運輸関連業
9381,9381.T,エーアイテイー,運輸・物流,倉庫・運輸関連業
9385,9385.T,ショーエイコーポレーション,素材・化学,化学
9401,9401.T,ＴＢＳホールディングス,情報通信・サービスその他,情報・通信業
9404,9404.T,日本テレビホールディングス,情報通信・サービスその他,情報・通信業
9405,9405.T,朝日放送グループホールディングス,情報通信・サービスその他,情報・通信業
9408,9408.T,ＢＳＮメディアホールディングス,情報通信・サービスその他,情報・通信業
9409,9409.T,テレビ朝日ホールディングス,情報通信・サービスその他,情報・通信業
9412,9412.T,スカパーＪＳＡＴ,情報通信・サービスその他,情報・通信業
9413,9413.T,テレビ東京ホールディングス,情報通信・サービスその他,情報・通信業
9414,9414.T,日本ＢＳ放送,情報通信・サービスその他,情報・通信業
9416,9416.T,ビジョン,情報通信・サービスその他,情報・通信業
9417,9417.T,スマートバリュー,情報通信・サービスその他,情報・通信業
9418,9418.T,Ｕ－ＮＥＸＴ　ＨＯＬＤＩＮＧＳ,情報通信・サービスその他,情報・通信業
9419,9419.T,ワイヤレスゲート,情報通信・サービスその他,情報・通信業
9421,9421.T,エヌジェイホールディングス,情報通信・サービスその他,情報・通信業
9423,9423.T,フォーバル・リアルストレート,情報通信・サービスその他,情報・通信業
9424,9424.T,日本通信,情報通信・サービスその他,情報・通信業
9425,9425.T,ＲｅＹｕｕ　Ｊａｐａｎ,情報通信・サービスその他,情報・通信業
9428,9428.T,クロップス,情報通信・サービスその他,情報・通信業
9432,9432.T,ＮＴＴ,情報通信・サービスその他,情報・通信業
9433,9433.T,ＫＤＤＩ,情報通信・サービスその他,情報・通信業
9434,9434.T,ソフトバンク,情報通信・サービスその他,情報・通信業
9435,9435.T,光通信,情報通信・サービスその他,情報・通信業
9436,9436.T,沖縄セルラー電話,情報通信・サービスその他,情報・通信業
9438,9438.T,エムティーアイ,情報通信・サービスその他,情報・通信業
9439,9439.T,エム・エイチ・グループ,情報通信・サービスその他,サービス業
9441,9441.T,ベルパーク,情報通信・サービスその他,情報・通信業
9444,9444.T,トーシンホールディングス,情報通信・サービスその他,情報・通信業
9445,9445.T,フォーバルテレコム,情報通信・サービスその他,情報・通信業
9446,9446.T,サカイホールディングス,情報通信・サービスその他,情報・通信業
9449,9449.T,ＧＭＯインターネットグループ,情報通信・サービスその他,情報・通信業
9450,9450.T,ファイバーゲート,情報通信・サービスその他,情報・通信業
9466,9466.T,アイドママーケティングコミュニケーション,情報通信・サービスその他,情報・通信業
9467,9467.T,アルファポリス,情報通信・サービスその他,情報・通信業
9468,9468.T,ＫＡＤＯＫＡＷＡ,情報通信・サービスその他,情報・通信業
9470,9470.T,学研ホールディングス,情報通信・サービスその他,情報・通信業
9474,9474.T,ゼンリン,情報通信・サービスその他,情報・通信業
9475,9475.T,昭文社ホールディングス,情報通信・サービスその他,情報・通信業
9476,9476.T,中央経済社ホールディングス,情報通信・サービスその他,情報・通信業
9478,9478.T,ＳＥホールディングス・アンド・インキュベーションズ,情報通信・サービスその他,情報・通信業
9501,9501.T,東京電力ホールディングス,電力・ガス,電気・ガス業
9502,9502.T,中部電力,電力・ガス,電気・ガス業
9503,9503.T,関西電力,電力・ガス,電気・ガス業
9504,9504.T,中国電力,電力・ガス,電気・ガス業
9505,9505.T,北陸電力,電力・ガス,電気・ガス業
9506,9506.T,東北電力,電力・ガス,電気・ガス業
9507,9507.T,四国電力,電力・ガス,電気・ガス業
9508,9508.T,九州電力,電力・ガス,電気・ガス業
9509,9509.T,北海道電力,電力・ガス,電気・ガス業
9511,9511.T,沖縄電力,電力・ガス,電気・ガス業
9513,9513.T,電源開発,電力・ガス,電気・ガス業
9514,9514.T,エフオン,電力・ガス,電気・ガス業
9517,9517.T,イーレックス,電力・ガス,電気・ガス業
9519,9519.T,レノバ,電力・ガス,電気・ガス業
9531,9531.T,東京瓦斯,電力・ガス,電気・ガス業
9532,9532.T,大阪瓦斯,電力・ガス,電気・ガス業
9533,9533.T,東邦瓦斯,電力・ガス,電気・ガス業
9534,9534.T,北海道瓦斯,電力・ガス,電気・ガス業
9535,9535.T,広島ガス,電力・ガス,電気・ガス業
9536,9536.T,西部ガスホールディングス,電力・ガス,電気・ガス業
9537,9537.T,北陸瓦斯,電力・ガス,電気・ガス業
9539,9539.T,京葉瓦斯,電力・ガス,電気・ガス業
9543,9543.T,静岡ガス,電力・ガス,電気・ガス業
9551,9551.T,メタウォーター,電力・ガス,電気・ガス業
9552,9552.T,クオンツ総研ホールディングス,情報通信・サービスその他,サービス業
9553,9553.T,マイクロアド,情報通信・サービスその他,サービス業
9554,9554.T,ＡＶｉＣ,情報通信・サービスその他,サービス業
9556,9556.T,ＩＮＴＬＯＯＰ,情報通信・サービスその他,サービス業
9557,9557.T,エアークローゼット,情報通信・サービスその他,サービス業
9558,9558.T,ジャパニアス,情報通信・サービスその他,サービス業
9560,9560.T,プログリット,情報通信・サービスその他,サービス業
9561,9561.T,グラッドキューブ,情報通信・サービスその他,サービス業
9562,9562.T,ビジネスコーチ,情報通信・サービスその他,サービス業
9563,9563.T,Ａｔｌａｓ　Ｔｅｃｈｎｏｌｏｇｉｅｓ,情報通信・サービスその他,サービス業
9564,9564.T,ＦＣＥ,情報通信・サービスその他,サービス業
9565,9565.T,ＧＬＯＥ,情報通信・サービスその他,サービス業
9601,9601.T,松竹,情報通信・サービスその他,情報・通信業
9602,9602.T,東宝,情報通信・サービスその他,情報・通信業
9603,9603.T,エイチ・アイ・エス,情報通信・サービスその他,サービス業
9605,9605.T,東映,情報通信・サービスその他,情報・通信業
9610,9610.T,ウィルソン・ラーニング　ワールドワイド,情報通信・サービスその他,サービス業
9612,9612.T,ラックランド,情報通信・サービスその他,サービス業
9616,9616.T,共立メンテナンス,情報通信・サービスその他,サービス業
9619,9619.T,イチネンホールディングス,情報通信・サービスその他,サービス業
9621,9621.T,建設技術研究所,情報通信・サービスその他,サービス業
9622,9622.T,スペース,情報通信・サービスその他,サービス業
9625,9625.T,セレスポ,情報通信・サービスその他,サービス業
9627,9627.T,アインホールディングス,小売,小売業
9628,9628.T,燦ホールディングス,情報通信・サービスその他,サービス業
9629,9629.T,ピー・シー・エー,情報通信・サービスその他,情報・通信業
9632,9632.T,スバル興業,情報通信・サービスその他,サービス業
9633,9633.T,東京テアトル,不動産,不動産業
9635,9635.T,武蔵野興業,情報通信・サービスその他,サービス業
9636,9636.T,きんえい,情報通信・サービスその他,サービス業
9639,9639.T,三協フロンテア,情報通信・サービスその他,サービス業
9640,9640.T,セゾンテクノロジー,情報通信・サービスその他,情報・通信業
9644,9644.T,タナベコンサルティンググループ,情報通信・サービスその他,サービス業
9647,9647.T,協和コンサルタンツ,情報通信・サービスその他,サービス業
9651,9651.T,日本プロセス,情報通信・サービスその他,情報・通信業
9656,9656.T,グリーンランドリゾート,情報通信・サービスその他,サービス業
9658,9658.T,ビジネスブレイン太田昭和,情報通信・サービスその他,情報・通信業
9661,9661.T,歌舞伎座,情報通信・サービスその他,サービス業
9663,9663.T,ナガワ,情報通信・サービスその他,サービス業
9672,9672.T,東京都競馬,情報通信・サービスその他,サービス業
9678,9678.T,カナモト,情報通信・サービスその他,サービス業
9679,9679.T,ホウライ,情報通信・サービスその他,サービス業
9682,9682.T,ＤＴＳ,情報通信・サービスその他,情報・通信業
9684,9684.T,スクウェア・エニックス・ホールディングス,情報通信・サービスその他,情報・通信業
9685,9685.T,ＫＹＣＯＭホールディングス,情報通信・サービスその他,情報・通信業
9686,9686.T,東洋テック,情報通信・サービスその他,サービス業
9687,9687.T,ＫＳＫ,情報通信・サービスその他,情報・通信業
9691,9691.T,両毛システムズ,情報通信・サービスその他,情報・通信業
9692,9692.T,シーイーシー,情報通信・サービスその他,情報・通信業
9697,9697.T,カプコン,情報通信・サービスその他,情報・通信業
9698,9698.T,クレオ,情報通信・サービスその他,情報・通信業
9699,9699.T,ニシオホールディングス,情報通信・サービスその他,サービス業
9701,9701.T,東京會舘,情報通信・サービスその他,サービス業
9702,9702.T,アイ・エス・ビー,情報通信・サービスその他,情報・通信業
9704,9704.T,アゴーラ　ホスピタリティー　グループ,情報通信・サービスその他,サービス業
9706,9706.T,日本空港ビルデング,不動産,不動産業
9708,9708.T,帝国ホテル,情報通信・サービスその他,サービス業
9709,9709.T,ＮＣＳ＆Ａ,情報通信・サービスその他,情報・通信業
9713,9713.T,ロイヤルホテル,情報通信・サービスその他,サービス業
9715,9715.T,トランス・コスモス,情報通信・サービスその他,サービス業
9716,9716.T,乃村工藝社,情報通信・サービスその他,サービス業
9720,9720.T,ホテル、ニューグランド,情報通信・サービスその他,サービス業
9722,9722.T,藤田観光,情報通信・サービスその他,サービス業
9723,9723.T,京都ホテル,情報通信・サービスその他,サービス業
9726,9726.T,ＫＮＴ－ＣＴホールディングス,情報通信・サービスその他,サービス業
9729,9729.T,トーカイ,情報通信・サービスその他,サービス業
9731,9731.T,白洋舎,情報通信・サービスその他,サービス業
9733,9733.T,ナガセ,情報通信・サービスその他,サービス業
9735,9735.T,セコム,情報通信・サービスその他,サービス業
9739,9739.T,ＮＳＷ,情報通信・サービスその他,情報・通信業
9740,9740.T,セントラル警備保障,情報通信・サービスその他,サービス業
9742,9742.T,アイネス,情報通信・サービスその他,情報・通信業
9743,9743.T,丹青社,情報通信・サービスその他,サービス業
9744,9744.T,メイテックグループホールディングス,情報通信・サービスその他,サービス業
9746,9746.T,ＴＫＣ,情報通信・サービスその他,情報・通信業
9753,9753.T,アイエックス・ナレッジ,情報通信・サービスその他,情報・通信業
9755,9755.T,応用地質,情報通信・サービスその他,サービス業
9757,9757.T,船井総研ホールディングス,情報通信・サービスその他,サービス業
9759,9759.T,ＮＳＤ,情報通信・サービスその他,情報・通信業
9760,9760.T,進学会ホールディングス,情報通信・サービスその他,サービス業
9761,9761.T,東海リース,情報通信・サービスその他,サービス業
9763,9763.T,丸建リース,商社・卸売,卸売業
9765,9765.T,オオバ,情報通信・サービスその他,サービス業
9766,9766.T,コナミグループ,情報通信・サービスその他,情報・通信業
9767,9767.T,日建工学,情報通信・サービスその他,サービス業
9768,9768.T,いであ,情報通信・サービスその他,サービス業
9769,9769.T,学究社,情報通信・サービスその他,サービス業
9778,9778.T,昴,情報通信・サービスその他,サービス業
9780,9780.T,ハリマビステム,情報通信・サービスその他,サービス業
9782,9782.T,ディーエムエス,情報通信・サービスその他,サービス業
9788,9788.T,ナック,情報通信・サービスその他,サービス業
9790,9790.T,福井コンピュータホールディングス,情報通信・サービスその他,情報・通信業
9791,9791.T,ビケンテクノ,情報通信・サービスその他,サービス業
9793,9793.T,ダイセキ,情報通信・サービスその他,サービス業
9795,9795.T,ステップ,情報通信・サービスその他,サービス業
9799,9799.T,旭情報サービス,情報通信・サービスその他,情報・通信業
9812,9812.T,テーオーホールディングス,小売,小売業
9816,9816.T,ストライダーズ,不動産,不動産業
9818,9818.T,大丸エナウィン,商社・卸売,卸売業
9820,9820.T,エムティジェネックス,不動産,不動産業
9823,9823.T,マミーマートホールディングス,小売,小売業
9824,9824.T,泉州電業,商社・卸売,卸売業
9827,9827.T,リリカラ,商社・卸売,卸売業
9828,9828.T,Ｇｅｎｋｉ　Ｇｌｏｂａｌ　Ｄｉｎｉｎｇ　Ｃｏｎｃｅｐｔｓ,小売,小売業
9830,9830.T,トラスコ中山,商社・卸売,卸売業
9831,9831.T,ヤマダホールディングス,小売,小売業
9832,9832.T,オートバックスセブン,商社・卸売,卸売業
9835,9835.T,ジュンテンドー,小売,小売業
9837,9837.T,モリト,商社・卸売,卸売業
9842,9842.T,アークランズ,小売,小売業
9843,9843.T,ニトリホールディングス,小売,小売業
9845,9845.T,パーカーコーポレーション,素材・化学,化学
9846,9846.T,天満屋ストア,小売,小売業
9849,9849.T,共同紙販ホールディングス,商社・卸売,卸売業
9850,9850.T,グルメ杵屋,小売,小売業
9853,9853.T,銀座ルノアール,小売,小売業
9854,9854.T,愛眼,小売,小売業
9856,9856.T,ケーユーホールディングス,小売,小売業
9857,9857.T,英和,商社・卸売,卸売業
9861,9861.T,吉野家ホールディングス,小売,小売業
9867,9867.T,ソレキア,商社・卸売,卸売業
9869,9869.T,加藤産業,商社・卸売,卸売業
9872,9872.T,北恵,商社・卸売,卸売業
9876,9876.T,コックス,小売,小売業
9878,9878.T,セキド,小売,小売業
9880,9880.T,イノテック,電機・精密,電気機器
9882,9882.T,イエローハット,商社・卸売,卸売業
9885,9885.T,シャルレ,商社・卸売,卸売業
9887,9887.T,松屋フーズホールディングス,小売,小売業
9888,9888.T,ＵＥＸ,商社・卸売,卸売業
9889,9889.T,ＪＢＣＣホールディングス,情報通信・サービスその他,情報・通信業
9890,9890.T,マキヤ,小売,小売業
9895,9895.T,コンセック,商社・卸売,卸売業
9896,9896.T,ＪＫホールディングス,商社・卸売,卸売業
9900,9900.T,サガミホールディングス,小売,小売業
9902,9902.T,日伝,商社・卸売,卸売業
9903,9903.T,カンセキ,小売,小売業
9904,9904.T,ベリテ,小売,小売業
9906,9906.T,藤井産業,商社・卸売,卸売業
9908,9908.T,日本電計,商社・卸売,卸売業
9913,9913.T,日邦産業,商社・卸売,卸売業
9914,9914.T,植松商会,商社・卸売,卸売業
9928,9928.T,ミロク情報サービス,情報通信・サービスその他,情報・通信業
9929,9929.T,平和紙業,商社・卸売,卸売業
9930,9930.T,北沢産業,商社・卸売,卸売業
9932,9932.T,杉本商事,商社・卸売,卸売業
9934,9934.T,因幡電機産業,商社・卸売,卸売業
9936,9936.T,王将フードサービス,小売,小売業
9941,9941.T,太洋物産,商社・卸売,卸売業
9946,9946.T,ミニストップ,小売,小売業
9948,9948.T,アークス,小売,小売業
9950,9950.T,ハチバン,小売,小売業
9955,9955.T,ヨンキュウ,商社・卸売,卸売業
9956,9956.T,バローホールディングス,小売,小売業
9959,9959.T,アシードホールディングス,小売,小売業
9960,9960.T,東テク,商社・卸売,卸売業
9962,9962.T,ミスミグループ本社,商社・卸売,卸売業
9969,9969.T,ショクブン,小売,小売業
9972,9972.T,アルテック,商社・卸売,卸売業
9973,9973.T,ＫＯＺＯホールディングス,小売,小売業
9974,9974.T,ベルク,小売,小売業
9976,9976.T,セキチュー,小売,小売業
9978,9978.T,文教堂グループホールディングス,小売,小売業
9979,9979.T,大庄,小売,小売業
9980,9980.T,ＭＲＫホールディングス,小売,小売業
9982,9982.T,タキヒヨー,商社・卸売,卸売業
9983,9983.T,ファーストリテイリング,小売,小売業
9984,9984.T,ソフトバンクグループ,情報通信・サービスその他,情報・通信業
9986,9986.T,蔵王産業,商社・卸売,卸売業
9987,9987.T,スズケン,商社・卸売,卸売業
9989,9989.T,サンドラッグ,小売,小売業
9990,9990.T,サックスバー　ホールディングス,小売,小売業
9991,9991.T,ジェコス,商社・卸売,卸売業
9993,9993.T,ヤマザワ,小売,小売業
9994,9994.T,やまや,小売,小売業
9996,9996.T,サトー商会,商社・卸売,卸売業
9997,9997.T,ベルーナ,小売,小売業
