batch,stock_code,long_name,theme_name,cluster,current_business_score,growth_relevance_score,relevance_score,band,confidence,review_flag,evidence,official_hits,official_hit_count,official_position,official_urls,quote_type,sector,industry,website
9,7376,"BCC Co., Ltd.",IT関連,デジタル・サービス,92,84,90,主力テーマ,A,ok,direct=information technology; position=0.07; official=IT; count=10; pos=0.08,IT,10,0.0796,https://www.e-bcc.jp,EQUITY,Industrials,Specialty Business Services,https://www.e-bcc.jp
9,7376,"BCC Co., Ltd.",クラウドコンピューティング,デジタル・サービス,8,5,7,ノイズ候補,C,needs_review,事業概要に直接根拠を確認できず,,0,,https://www.e-bcc.jp,EQUITY,Industrials,Specialty Business Services,https://www.e-bcc.jp
9,7376,"BCC Co., Ltd.",デジタルトランスフォーメーション,デジタル・サービス,85,82,84,主力テーマ,B,official_site_supported,direct=digital transformation; position=0.76; official=DX/ＤＸ; count=3; pos=0.24,DX | ＤＸ,3,0.2411,https://www.e-bcc.jp,EQUITY,Industrials,Specialty Business Services,https://www.e-bcc.jp
9,7376,"BCC Co., Ltd.",介護関連,医療・ヘルスケア,90,82,88,主力テーマ,A,official_site_supported,事業概要に直接根拠を確認できず; official=介護; count=3; pos=0.17,介護,3,0.1698,https://www.e-bcc.jp,EQUITY,Industrials,Specialty Business Services,https://www.e-bcc.jp
9,7377,"DN Holdings Co.,Ltd.",再生可能エネルギー,GX・エネルギー,85,91,87,主力テーマ,A,official_site_supported,事業概要に直接根拠を確認できず; official=再生可能エネルギー/グリーンエネルギー; count=3; pos=0.79,再生可能エネルギー | グリーンエネルギー,3,0.7857,https://www.dcne.co.jp | https://www.dcne.co.jp/corporate/ | https://www.dcne.co.jp/business/,EQUITY,Industrials,Specialty Business Services,https://www.dcne.co.jp
9,7377,"DN Holdings Co.,Ltd.",国土強靱化,防衛・国土強靱化,72,78,74,有力関連,B,needs_review,adjacent=bridge; growth=development; official=国土強靱化; count=2; pos=0.27,国土強靱化,2,0.2663,https://www.dcne.co.jp | https://www.dcne.co.jp/corporate/ | https://www.dcne.co.jp/business/,EQUITY,Industrials,Specialty Business Services,https://www.dcne.co.jp
9,7377,"DN Holdings Co.,Ltd.",水素,GX・エネルギー,72,78,74,有力関連,B,needs_review,事業概要に直接根拠を確認できず; official=水素; count=1; pos=0.86,水素,1,0.8615,https://www.dcne.co.jp | https://www.dcne.co.jp/corporate/ | https://www.dcne.co.jp/business/,EQUITY,Industrials,Specialty Business Services,https://www.dcne.co.jp
9,7378,ASIRO Inc.,IT関連,デジタル・サービス,72,68,71,有力関連,B,needs_review,事業概要に直接根拠を確認できず; official=IT; count=29; pos=0.02,IT,29,0.0207,https://asiro.co.jp | https://asiro.co.jp/about/ | https://asiro.co.jp/business/,EQUITY,Consumer Cyclical,Personal Services,https://asiro.co.jp
9,7380,"Juroku Financial Group,Inc.",リース,金融・金利,42,40,41,補助関連,C,needs_review,adjacent=lease; growth=investment; official=リース; count=1; pos=0.36,リース,1,0.3560,https://www.juroku.co.jp,EQUITY,Financial Services,Banks - Regional,https://www.juroku.co.jp
9,7380,"Juroku Financial Group,Inc.",地方銀行,金融・金利,90,92,91,主力テーマ,A,ok,industry=Banks - Regional; adjacent=banking; growth=investment,,0,,https://www.juroku.co.jp,EQUITY,Financial Services,Banks - Regional,https://www.juroku.co.jp
9,7380,"Juroku Financial Group,Inc.",金利上昇メリット,金融・金利,66,58,64,有力関連,B,needs_review_macro,direct=banking; position=0.04; growth=investment,,0,,https://www.juroku.co.jp,EQUITY,Financial Services,Banks - Regional,https://www.juroku.co.jp
9,7380,"Juroku Financial Group,Inc.",銀行,金融・金利,94,96,95,主力テーマ,A,ok,industry=Banks - Regional; direct=banking; position=0.04; growth=investment; official=銀行; count=33; pos=0.00,銀行,33,0.0002,https://www.juroku.co.jp,EQUITY,Financial Services,Banks - Regional,https://www.juroku.co.jp
9,7381,"CCI Group, Inc.",リース,金融・金利,86,90,87,主力テーマ,A,ok,direct=leasing business; position=0.22; growth=development/investment; official=リース; count=3; pos=0.33,リース,3,0.3318,https://www.ccig.co.jp | https://www.ccig.co.jp/business/ | https://www.ccig.co.jp/about/,EQUITY,Financial Services,Banks - Regional,https://www.ccig.co.jp
9,7381,"CCI Group, Inc.",地方銀行,金融・金利,90,94,91,主力テーマ,A,ok,industry=Banks - Regional; adjacent=banking; growth=development/investment,,0,,https://www.ccig.co.jp | https://www.ccig.co.jp/business/ | https://www.ccig.co.jp/about/,EQUITY,Financial Services,Banks - Regional,https://www.ccig.co.jp
9,7381,"CCI Group, Inc.",金利上昇メリット,金融・金利,66,58,64,有力関連,B,needs_review_macro,direct=banking; position=0.19; growth=development/investment,,0,,https://www.ccig.co.jp | https://www.ccig.co.jp/business/ | https://www.ccig.co.jp/about/,EQUITY,Financial Services,Banks - Regional,https://www.ccig.co.jp
9,7381,"CCI Group, Inc.",銀行,金融・金利,94,98,95,主力テーマ,A,ok,industry=Banks - Regional; direct=banking; position=0.19; growth=development/investment; official=銀行; count=8; pos=0.31,銀行,8,0.3137,https://www.ccig.co.jp | https://www.ccig.co.jp/business/ | https://www.ccig.co.jp/about/,EQUITY,Financial Services,Banks - Regional,https://www.ccig.co.jp
9,7383,"Net Protections Holdings, Inc.",IT関連,デジタル・サービス,82,74,80,主力テーマ,B,ok,direct=it services; official=IT; count=2; pos=0.80,IT,2,0.8001,https://www.netprotections.com | https://www.netprotections.com/air/?utm_source=netprotections.com&utm_campaign=top_banner&utm_medium=referral,EQUITY,Financial Services,Credit Services,https://www.netprotections.com
9,7383,"Net Protections Holdings, Inc.",SaaS,デジタル・サービス,8,5,7,ノイズ候補,C,needs_review,事業概要に直接根拠を確認できず,,0,,https://www.netprotections.com | https://www.netprotections.com/air/?utm_source=netprotections.com&utm_campaign=top_banner&utm_medium=referral,EQUITY,Financial Services,Credit Services,https://www.netprotections.com
9,7383,"Net Protections Holdings, Inc.",eコマース,内需・消費,86,82,85,主力テーマ,A,ok,direct=e-commerce; position=0.37; official=EC; count=3; pos=0.57,EC,3,0.5670,https://www.netprotections.com | https://www.netprotections.com/air/?utm_source=netprotections.com&utm_campaign=top_banner&utm_medium=referral,EQUITY,Financial Services,Credit Services,https://www.netprotections.com
9,7383,"Net Protections Holdings, Inc.",キャッシュレス決済,金融・金利,72,68,71,有力関連,B,needs_review,direct=credit card payment; position=0.66; official=決済サービス; count=2; pos=0.92,決済サービス,2,0.9206,https://www.netprotections.com | https://www.netprotections.com/air/?utm_source=netprotections.com&utm_campaign=top_banner&utm_medium=referral,EQUITY,Financial Services,Credit Services,https://www.netprotections.com
9,7383,"Net Protections Holdings, Inc.",デジタルトランスフォーメーション,デジタル・サービス,72,68,71,有力関連,B,needs_review,事業概要に直接根拠を確認できず; official=DX; count=1; pos=0.82,DX,1,0.8176,https://www.netprotections.com | https://www.netprotections.com/air/?utm_source=netprotections.com&utm_campaign=top_banner&utm_medium=referral,EQUITY,Financial Services,Credit Services,https://www.netprotections.com
9,7384,"Procrea Holdings, Inc.",保険,金融・金利,8,5,7,ノイズ候補,C,needs_review,事業概要に直接根拠を確認できず,,0,,https://www.procrea-hd.co.jp,EQUITY,Financial Services,Banks - Regional,https://www.procrea-hd.co.jp
9,7384,"Procrea Holdings, Inc.",地方銀行,金融・金利,90,92,91,主力テーマ,A,ok,industry=Banks - Regional; adjacent=banking; growth=investment,,0,,https://www.procrea-hd.co.jp,EQUITY,Financial Services,Banks - Regional,https://www.procrea-hd.co.jp
9,7384,"Procrea Holdings, Inc.",金利上昇メリット,金融・金利,66,58,64,有力関連,B,needs_review_macro,direct=banking; position=0.13; growth=investment,,0,,https://www.procrea-hd.co.jp,EQUITY,Financial Services,Banks - Regional,https://www.procrea-hd.co.jp
9,7384,"Procrea Holdings, Inc.",銀行,金融・金利,94,96,95,主力テーマ,A,ok,industry=Banks - Regional; direct=banking; position=0.13; growth=investment; official=銀行; count=6; pos=0.03,銀行,6,0.0330,https://www.procrea-hd.co.jp,EQUITY,Financial Services,Banks - Regional,https://www.procrea-hd.co.jp
9,7388,FP Partner Inc.,保険,金融・金利,92,94,93,主力テーマ,A,ok,direct=life insurance; position=0.17; growth=investment,,0,,https://fpp.jp,EQUITY,Financial Services,Insurance Brokers,https://fpp.jp
9,7389,"Aichi Financial Group, Inc.",リース,金融・金利,42,40,41,補助関連,C,needs_review,adjacent=lease; growth=investment; official=リース; count=1; pos=0.60,リース,1,0.5985,https://www.aichi-fg.co.jp,EQUITY,Financial Services,Banks - Regional,https://www.aichi-fg.co.jp
9,7389,"Aichi Financial Group, Inc.",地方銀行,金融・金利,90,92,91,主力テーマ,A,ok,industry=Banks - Regional; adjacent=banking; growth=investment,,0,,https://www.aichi-fg.co.jp,EQUITY,Financial Services,Banks - Regional,https://www.aichi-fg.co.jp
9,7389,"Aichi Financial Group, Inc.",金利上昇メリット,金融・金利,66,58,64,有力関連,B,needs_review_macro,direct=banking/life insurance; position=0.17; growth=investment,,0,,https://www.aichi-fg.co.jp,EQUITY,Financial Services,Banks - Regional,https://www.aichi-fg.co.jp
9,7389,"Aichi Financial Group, Inc.",銀行,金融・金利,94,96,95,主力テーマ,A,ok,industry=Banks - Regional; direct=banking; position=0.17; growth=investment; official=銀行; count=3; pos=0.82,銀行,3,0.8174,https://www.aichi-fg.co.jp,EQUITY,Financial Services,Banks - Regional,https://www.aichi-fg.co.jp
9,7399,"Nansin Co., Ltd.",物流,物流・海運,8,5,7,ノイズ候補,C,needs_review,事業概要に直接根拠を確認できず; official=物流; count=1; pos=0.56,物流,1,0.5594,https://www.nansin.co.jp,EQUITY,Industrials,Tools & Accessories,https://www.nansin.co.jp
9,7409,"AeroEdge Co., Ltd.",3Dプリンター,設備投資・機械,92,98,94,主力テーマ,A,ok,direct=additive manufacturing; position=0.40; official=3Dプリンタ/積層造形/3Dプリンター; count=12; pos=0.00,3Dプリンタ | 積層造形 | 3Dプリンター,12,0.0039,https://aeroedge.co.jp | https://aeroedge.co.jp/engineering/ | https://aeroedge.co.jp/company/profile/,EQUITY,Industrials,Aerospace & Defense,https://aeroedge.co.jp
9,7409,"AeroEdge Co., Ltd.",アルミニウム,資源・素材,8,5,7,ノイズ候補,C,needs_review,事業概要に直接根拠を確認できず,,0,,https://aeroedge.co.jp | https://aeroedge.co.jp/engineering/ | https://aeroedge.co.jp/company/profile/,EQUITY,Industrials,Aerospace & Defense,https://aeroedge.co.jp
9,7409,"AeroEdge Co., Ltd.",防衛,防衛・国土強靱化,90,96,92,主力テーマ,A,official_site_supported,事業概要に直接根拠を確認できず; official=防衛; count=1; pos=0.08,防衛,1,0.0759,https://aeroedge.co.jp | https://aeroedge.co.jp/engineering/ | https://aeroedge.co.jp/company/profile/,EQUITY,Industrials,Aerospace & Defense,https://aeroedge.co.jp
9,7412,ATOM Corporation,外食,内需・消費,94,86,92,主力テーマ,A,ok,industry=Restaurants; direct=restaurant; position=0.10,,0,,https://www.atom-corp.co.jp,EQUITY,Consumer Cyclical,Restaurants,https://www.atom-corp.co.jp
9,7414,"Onoken Co., Ltd.",建設,不動産・建設,42,30,38,ノイズ候補,C,needs_review,adjacent=construction,,0,,https://www.onoken.co.jp,EQUITY,Industrials,Metal Fabrication,https://www.onoken.co.jp
9,7414,"Onoken Co., Ltd.",鉄鋼,資源・素材,42,30,38,ノイズ候補,C,needs_review,adjacent=steel,,0,,https://www.onoken.co.jp,EQUITY,Industrials,Metal Fabrication,https://www.onoken.co.jp
9,7417,NANYO Corporation,FA関連,設備投資・機械,92,98,94,主力テーマ,A,official_site_supported,adjacent=control system; official=FA; count=38; pos=0.30,FA,38,0.2967,https://www.nanyo.co.jp | https://www.nanyo.co.jp/jp/ci/index.html | https://www.nanyo.co.jp/wp/ci/index.html,EQUITY,Industrials,Industrial Distribution,https://www.nanyo.co.jp
9,7417,NANYO Corporation,ロボット,AI・半導体,92,98,94,主力テーマ,A,official_site_supported,direct=robot; position=0.84; official=ロボット; count=8; pos=0.11,ロボット,8,0.1063,https://www.nanyo.co.jp | https://www.nanyo.co.jp/jp/ci/index.html | https://www.nanyo.co.jp/wp/ci/index.html,EQUITY,Industrials,Industrial Distribution,https://www.nanyo.co.jp
9,7417,NANYO Corporation,半導体製造装置,AI・半導体,92,98,94,主力テーマ,A,ok,direct=semiconductor manufacturing equipment; position=0.50; official=半導体製造装置; count=19; pos=0.11,半導体製造装置,19,0.1137,https://www.nanyo.co.jp | https://www.nanyo.co.jp/jp/ci/index.html | https://www.nanyo.co.jp/wp/ci/index.html,EQUITY,Industrials,Industrial Distribution,https://www.nanyo.co.jp
9,7417,NANYO Corporation,建設機械,設備投資・機械,92,98,94,主力テーマ,A,ok,direct=construction machinery; position=0.17; official=建設機械; count=34; pos=0.01,建設機械,34,0.0078,https://www.nanyo.co.jp | https://www.nanyo.co.jp/jp/ci/index.html | https://www.nanyo.co.jp/wp/ci/index.html,EQUITY,Industrials,Industrial Distribution,https://www.nanyo.co.jp
9,7417,NANYO Corporation,機械,設備投資・機械,72,68,71,有力関連,B,needs_review,adjacent=equipment/machine; official=機械; count=100; pos=0.00,機械,100,0.0004,https://www.nanyo.co.jp | https://www.nanyo.co.jp/jp/ci/index.html | https://www.nanyo.co.jp/wp/ci/index.html,EQUITY,Industrials,Industrial Distribution,https://www.nanyo.co.jp
9,7419,Nojima Corporation,インバウンド,内需・消費,8,5,7,ノイズ候補,C,needs_review_macro,事業概要に直接根拠を確認できず,,0,,https://www.nojima.co.jp | https://www.nojima.co.jp/shop/ | https://www.nojima.co.jp/service/,EQUITY,Consumer Cyclical,Specialty Retail,https://www.nojima.co.jp
9,7419,Nojima Corporation,デジタルトランスフォーメーション,デジタル・サービス,85,82,84,主力テーマ,B,official_site_supported,direct=digital transformation; position=0.83; growth=develops; official=デジタルトランスフォーメーション; count=3; pos=0.32,デジタルトランスフォーメーション,3,0.3239,https://www.nojima.co.jp | https://www.nojima.co.jp/shop/ | https://www.nojima.co.jp/service/,EQUITY,Consumer Cyclical,Specialty Retail,https://www.nojima.co.jp
9,7419,Nojima Corporation,光ファイバー,データセンター・電力,8,5,7,ノイズ候補,C,needs_review,事業概要に直接根拠を確認できず,,0,,https://www.nojima.co.jp | https://www.nojima.co.jp/shop/ | https://www.nojima.co.jp/service/,EQUITY,Consumer Cyclical,Specialty Retail,https://www.nojima.co.jp
9,7419,Nojima Corporation,小売り,内需・消費,94,96,95,主力テーマ,A,ok,industry=Specialty Retail; direct=retail stores; position=0.05; growth=develops,,0,,https://www.nojima.co.jp | https://www.nojima.co.jp/shop/ | https://www.nojima.co.jp/service/,EQUITY,Consumer Cyclical,Specialty Retail,https://www.nojima.co.jp
9,7419,Nojima Corporation,生活防衛,内需・消費,8,5,7,ノイズ候補,C,needs_review_macro,事業概要に直接根拠を確認できず,,0,,https://www.nojima.co.jp | https://www.nojima.co.jp/shop/ | https://www.nojima.co.jp/service/,EQUITY,Consumer Cyclical,Specialty Retail,https://www.nojima.co.jp
9,7421,"Kappa Create Co., Ltd.",外食,内需・消費,94,86,92,主力テーマ,A,ok,industry=Restaurants; direct=restaurant; position=0.10,,0,,https://www.kappa-create.co.jp | https://www.kappa-create.co.jp/company/ | https://www.kappa-create.co.jp/company/profile.html,EQUITY,Consumer Cyclical,Restaurants,https://www.kappa-create.co.jp
9,7421,"Kappa Create Co., Ltd.",生活防衛,内需・消費,42,30,38,ノイズ候補,C,needs_review_macro,adjacent=supermarket,,0,,https://www.kappa-create.co.jp | https://www.kappa-create.co.jp/company/ | https://www.kappa-create.co.jp/company/profile.html,EQUITY,Consumer Cyclical,Restaurants,https://www.kappa-create.co.jp
9,7425,"Hatsuho Shouji Co.,Ltd.",太陽光発電関連,GX・エネルギー,66,56,63,有力関連,B,qa_borderline,direct=solar power; position=0.63,,0,,https://www.hatsuho.co.jp,EQUITY,Basic Materials,Steel,https://www.hatsuho.co.jp
9,7426,Yamadai Corporation,住宅関連,不動産・建設,72,68,71,有力関連,B,qa_borderline,direct=residential construction; position=0.61; official=住宅; count=19; pos=0.03,住宅,19,0.0253,https://www.yamadai.com | https://www.yamadai.com/company/ | https://www.yamadai.com/company/overview/,EQUITY,Basic Materials,Lumber & Wood Production,https://www.yamadai.com
9,7426,Yamadai Corporation,建設,不動産・建設,72,68,71,有力関連,B,needs_review,adjacent=construction; official=建設; count=10; pos=0.03,建設,10,0.0330,https://www.yamadai.com | https://www.yamadai.com/company/ | https://www.yamadai.com/company/overview/,EQUITY,Basic Materials,Lumber & Wood Production,https://www.yamadai.com
9,7433,"Hakuto Co., Ltd.",バイオテクノロジー関連,医療・ヘルスケア,8,5,7,ノイズ候補,C,needs_review,事業概要に直接根拠を確認できず,,0,,https://www.hakuto.co.jp,EQUITY,Technology,Electronic Components,https://www.hakuto.co.jp
9,7433,"Hakuto Co., Ltd.",半導体,AI・半導体,92,84,90,主力テーマ,A,ok,direct=semiconductor; position=0.16; official=半導体; count=1; pos=0.71,半導体,1,0.7079,https://www.hakuto.co.jp,EQUITY,Technology,Electronic Components,https://www.hakuto.co.jp
9,7433,"Hakuto Co., Ltd.",半導体製造装置,AI・半導体,86,78,84,主力テーマ,B,ok,direct=semiconductor equipment; position=0.39,,0,,https://www.hakuto.co.jp,EQUITY,Technology,Electronic Components,https://www.hakuto.co.jp
9,7435,"Nadex Co., Ltd.",FA関連,設備投資・機械,86,88,87,主力テーマ,A,ok,direct=factory automation; position=0.27; growth=develops,,0,,https://www.nadex.co.jp,EQUITY,Industrials,Specialty Industrial Machinery,https://www.nadex.co.jp
9,7435,"Nadex Co., Ltd.",物流テック,設備投資・機械,8,5,7,ノイズ候補,C,needs_review,事業概要に直接根拠を確認できず,,0,,https://www.nadex.co.jp,EQUITY,Industrials,Specialty Industrial Machinery,https://www.nadex.co.jp
9,7435,"Nadex Co., Ltd.",自動車製造装置,自動車・モビリティ,42,40,41,補助関連,C,needs_review,adjacent=factory automation; growth=develops,,0,,https://www.nadex.co.jp,EQUITY,Industrials,Specialty Industrial Machinery,https://www.nadex.co.jp
9,7438,Kondotec Inc.,耐震化,防衛・国土強靱化,8,5,7,ノイズ候補,C,needs_review,事業概要に直接根拠を確認できず,,0,,https://www.kondotec.co.jp,EQUITY,Industrials,Specialty Industrial Machinery,https://www.kondotec.co.jp
9,7438,Kondotec Inc.,防災,防衛・国土強靱化,8,5,7,ノイズ候補,C,needs_review,事業概要に直接根拠を確認できず,,0,,https://www.kondotec.co.jp,EQUITY,Industrials,Specialty Industrial Machinery,https://www.kondotec.co.jp
9,7441,,住宅関連,不動産・建設,8,5,7,ノイズ候補,C,needs_official_ir,事業概要に直接根拠を確認できず,,0,,,,,,
9,7441,,外食,内需・消費,8,5,7,ノイズ候補,C,needs_official_ir,事業概要に直接根拠を確認できず,,0,,,,,,
9,7441,,宅配,物流・海運,8,5,7,ノイズ候補,C,needs_official_ir,事業概要に直接根拠を確認できず,,0,,,,,,
9,7444,"Harima-Kyowa Co.,LTD.",物流,物流・海運,66,56,63,有力関連,B,qa_borderline,direct=logistics services; position=0.53; official=物流; count=4; pos=0.27,物流,4,0.2692,https://www.harimakb.co.jp | https://www.harimakb.co.jp/company/ | https://www.harimakb.co.jp/company/profile/,EQUITY,Consumer Cyclical,Department Stores,https://www.harimakb.co.jp
9,7447,"Nagaileben Co., Ltd.",介護関連,医療・ヘルスケア,72,78,74,有力関連,B,needs_review,事業概要に直接根拠を確認できず; official=介護; count=1; pos=0.29,介護,1,0.2858,https://www.nagaileben.co.jp | https://www.nagaileben.co.jp/product/ | https://www.nagaileben.co.jp/product/buy/,EQUITY,Consumer Cyclical,Apparel Manufacturing,https://www.nagaileben.co.jp
9,7453,"Ryohin Keikaku Co., Ltd.",住宅関連,不動産・建設,42,44,43,補助関連,C,needs_review,adjacent=residential; growth=develops/developing,,0,,https://ryohin-keikaku.jp,EQUITY,Consumer Cyclical,Department Stores,https://ryohin-keikaku.jp
9,7456,"MATSUDA SANGYO Co., Ltd.",レアアース,資源・素材,8,5,7,ノイズ候補,C,needs_review,事業概要に直接根拠を確認できず,,0,,https://www.matsuda-sangyo.co.jp | https://www.matsuda-sangyo.co.jp/ja/business.html | https://www.matsuda-sangyo.co.jp/ja/company.html,EQUITY,Basic Materials,Other Precious Metals & Mining,https://www.matsuda-sangyo.co.jp
9,7456,"MATSUDA SANGYO Co., Ltd.",レアメタル,資源・素材,8,5,7,ノイズ候補,C,needs_review,事業概要に直接根拠を確認できず,,0,,https://www.matsuda-sangyo.co.jp | https://www.matsuda-sangyo.co.jp/ja/business.html | https://www.matsuda-sangyo.co.jp/ja/company.html,EQUITY,Basic Materials,Other Precious Metals & Mining,https://www.matsuda-sangyo.co.jp
9,7456,"MATSUDA SANGYO Co., Ltd.",都市鉱山,資源・素材,8,5,7,ノイズ候補,C,needs_review,事業概要に直接根拠を確認できず,,0,,https://www.matsuda-sangyo.co.jp | https://www.matsuda-sangyo.co.jp/ja/business.html | https://www.matsuda-sangyo.co.jp/ja/company.html,EQUITY,Basic Materials,Other Precious Metals & Mining,https://www.matsuda-sangyo.co.jp
9,7456,"MATSUDA SANGYO Co., Ltd.",金,資源・素材,42,30,38,ノイズ候補,C,needs_review,adjacent=precious metals,,0,,https://www.matsuda-sangyo.co.jp | https://www.matsuda-sangyo.co.jp/ja/business.html | https://www.matsuda-sangyo.co.jp/ja/company.html,EQUITY,Basic Materials,Other Precious Metals & Mining,https://www.matsuda-sangyo.co.jp
9,7458,"Daiichikosho Co., Ltd.",外食,内需・消費,92,84,90,主力テーマ,A,ok,direct=restaurant; position=0.18; official=外食; count=1; pos=0.19,外食,1,0.1865,https://www.dkkaraoke.co.jp | https://www.dkkaraoke.co.jp/business/index.html | https://www.dkkaraoke.co.jp/business/karaoke_service/index.html,EQUITY,Consumer Cyclical,Leisure,https://www.dkkaraoke.co.jp
9,7459,MediPal Holdings Corporation,医薬品関連,医療・ヘルスケア,100,100,100,主力テーマ,A,ok,direct=pharmaceutical/medicines/pharma; position=0.04; growth=development/research; official=医薬品/医薬; count=12; pos=0.04,医薬品 | 医薬,12,0.0355,https://www.medipal.co.jp,EQUITY,Healthcare,Medical Distribution,https://www.medipal.co.jp
9,7460,"Yagi & Co.,Ltd.",eコマース,内需・消費,86,92,88,主力テーマ,A,ok,direct=e-commerce; position=0.38; official=EC; count=1; pos=0.21,EC,1,0.2131,https://www.yaginet.co.jp | https://www.yaginet.co.jp/ja/about.html | https://www.yaginet.co.jp/ja/business.html,EQUITY,Consumer Cyclical,Textile Manufacturing,https://www.yaginet.co.jp
9,7460,"Yagi & Co.,Ltd.",デジタルトランスフォーメーション,デジタル・サービス,8,5,7,ノイズ候補,C,needs_review,事業概要に直接根拠を確認できず,,0,,https://www.yaginet.co.jp | https://www.yaginet.co.jp/ja/about.html | https://www.yaginet.co.jp/ja/business.html,EQUITY,Consumer Cyclical,Textile Manufacturing,https://www.yaginet.co.jp
9,7461,"Kimura Co.,Ltd.",住宅関連,不動産・建設,58,54,57,補助関連,C,needs_review,adjacent=housing; official=住宅; count=4; pos=0.19,住宅,4,0.1891,https://www.kimuranet.jp | https://www.kimuranet.jp/product/,EQUITY,Basic Materials,Building Materials,https://www.kimuranet.jp
9,7461,"Kimura Co.,Ltd.",小売り,内需・消費,92,84,90,主力テーマ,A,ok,direct=retail business; position=0.11,,0,,https://www.kimuranet.jp | https://www.kimuranet.jp/product/,EQUITY,Basic Materials,Building Materials,https://www.kimuranet.jp
9,7462,CAPITA Inc.,小売り,内需・消費,8,5,7,ノイズ候補,C,needs_review,事業概要に直接根拠を確認できず,,0,,https://capita-inc.jp | https://www.capita-inc.jp/business/ | https://www.capita-inc.jp/company,EQUITY,Energy,Oil & Gas Refining & Marketing,https://capita-inc.jp
9,7463,"Advan Group Co., Ltd.",マンション関連,不動産・建設,42,30,38,ノイズ候補,C,needs_review,adjacent=housing,,0,,https://www.advan.co.jp | https://www.advan.co.jp/pro/ | https://www.advan.co.jp/eshop/,EQUITY,Basic Materials,Building Materials,https://www.advan.co.jp
9,7466,SPK Corporation,建設機械,設備投資・機械,8,5,7,ノイズ候補,C,needs_review,事業概要に直接根拠を確認できず,,0,,https://www.spk.co.jp | https://www.spk.co.jp/corp/ | https://www.spk.co.jp/corp/overview/,EQUITY,Consumer Cyclical,Auto Parts,https://www.spk.co.jp
9,7466,SPK Corporation,自動車部材・部品,自動車・モビリティ,82,88,84,主力テーマ,B,ok,direct=auto parts; official=自動車部品; count=2; pos=0.31,自動車部品,2,0.3098,https://www.spk.co.jp | https://www.spk.co.jp/corp/ | https://www.spk.co.jp/corp/overview/,EQUITY,Consumer Cyclical,Auto Parts,https://www.spk.co.jp
9,7472,"TOBA, INC.",FA関連,設備投資・機械,8,5,7,ノイズ候補,C,needs_review,事業概要に直接根拠を確認できず,,0,,https://www.toba.co.jp,EQUITY,Industrials,Industrial Distribution,https://www.toba.co.jp
9,7472,"TOBA, INC.",ロボット,AI・半導体,92,84,90,主力テーマ,A,ok,direct=robot; position=0.17,,0,,https://www.toba.co.jp,EQUITY,Industrials,Industrial Distribution,https://www.toba.co.jp
9,7475,"ALBIS Co.,Ltd.",生活防衛,内需・消費,42,30,38,ノイズ候補,C,needs_review_macro,adjacent=food retail,,0,,https://www.albis.co.jp,EQUITY,Consumer Defensive,Packaged Foods,https://www.albis.co.jp
9,7476,AS ONE Corporation,eコマース,内需・消費,85,82,84,主力テーマ,B,official_site_supported,事業概要に直接根拠を確認できず; official=EC; count=4; pos=0.21,EC,4,0.2144,https://www.as-1.co.jp | https://www.as-1.co.jp/merchandise/ | https://www.as-1.co.jp/merchandise/customer/,EQUITY,Healthcare,Medical Distribution,https://www.as-1.co.jp
9,7476,AS ONE Corporation,バイオテクノロジー関連,医療・ヘルスケア,91,93,92,主力テーマ,A,ok,direct=biotechnology/biotech; position=0.23; growth=research,,0,,https://www.as-1.co.jp | https://www.as-1.co.jp/merchandise/ | https://www.as-1.co.jp/merchandise/customer/,EQUITY,Healthcare,Medical Distribution,https://www.as-1.co.jp
9,7476,AS ONE Corporation,介護関連,医療・ヘルスケア,90,68,83,主力テーマ,B,official_site_supported,事業概要に直接根拠を確認できず; official=介護; count=2; pos=0.19,介護,2,0.1882,https://www.as-1.co.jp | https://www.as-1.co.jp/merchandise/ | https://www.as-1.co.jp/merchandise/customer/,EQUITY,Healthcare,Medical Distribution,https://www.as-1.co.jp
9,7480,Suzuden Corporation,FA関連,設備投資・機械,42,30,38,ノイズ候補,C,needs_review,adjacent=automation,,0,,https://www.suzuden.co.jp,EQUITY,Industrials,Electrical Equipment & Parts,https://www.suzuden.co.jp
9,7485,,FA関連,設備投資・機械,8,5,7,ノイズ候補,C,needs_official_ir,事業概要に直接根拠を確認できず,,0,,,,,,
9,7485,,アルミニウム,資源・素材,8,5,7,ノイズ候補,C,needs_official_ir,事業概要に直接根拠を確認できず,,0,,,,,,
9,7485,,ドローン,防衛・国土強靱化,8,5,7,ノイズ候補,C,needs_official_ir,事業概要に直接根拠を確認できず,,0,,,,,,
9,7485,,レアアース,資源・素材,8,5,7,ノイズ候補,C,needs_official_ir,事業概要に直接根拠を確認できず,,0,,,,,,
9,7485,,工作機械,設備投資・機械,8,5,7,ノイズ候補,C,needs_official_ir,事業概要に直接根拠を確認できず,,0,,,,,,
9,7485,,自動車部材・部品,自動車・モビリティ,8,5,7,ノイズ候補,C,needs_official_ir,事業概要に直接根拠を確認できず,,0,,,,,,
9,7485,,鉄鋼,資源・素材,8,5,7,ノイズ候補,C,needs_official_ir,事業概要に直接根拠を確認できず,,0,,,,,,
9,7485,,銅,資源・素材,8,5,7,ノイズ候補,C,needs_official_ir,事業概要に直接根拠を確認できず,,0,,,,,,
9,7486,"Sanrin Co., Ltd.",太陽光発電関連,GX・エネルギー,82,74,80,主力テーマ,B,ok,direct=solar power; position=0.49,,0,,https://www.sanrinkk.co.jp,EQUITY,Energy,Oil & Gas Refining & Marketing,https://www.sanrinkk.co.jp
9,7488,,半導体製造装置,AI・半導体,8,5,7,ノイズ候補,C,needs_official_ir,事業概要に直接根拠を確認できず,,0,,,,,,
9,7490,"Nissin Shoji Co.,Ltd.",不動産関連,不動産・建設,72,68,71,有力関連,B,needs_review,adjacent=real estate; official=不動産; count=10; pos=0.06,不動産,10,0.0628,https://www.nissin-shoji.co.jp | https://www.nissin-shoji.co.jp/company/ | https://www.nissin-shoji.co.jp/business/,EQUITY,Industrials,Conglomerates,https://www.nissin-shoji.co.jp
9,7490,"Nissin Shoji Co.,Ltd.",外食,内需・消費,8,5,7,ノイズ候補,C,needs_review,事業概要に直接根拠を確認できず,,0,,https://www.nissin-shoji.co.jp | https://www.nissin-shoji.co.jp/company/ | https://www.nissin-shoji.co.jp/business/,EQUITY,Industrials,Conglomerates,https://www.nissin-shoji.co.jp
9,7494,"Konaka Co.,Ltd.",外食,内需・消費,97,89,95,主力テーマ,A,ok,direct=restaurant/food service; position=0.08,,0,,https://www.konaka.co.jp,EQUITY,Consumer Cyclical,Apparel Retail,https://www.konaka.co.jp
9,7500,"Nishikawa Keisoku Co., Ltd.",省エネ関連,GX・エネルギー,8,5,7,ノイズ候補,C,needs_review,事業概要に直接根拠を確認できず,,0,,https://www.nskw.co.jp | https://www.nskw.co.jp/solution/ | https://www.nskw.co.jp/solution/plant/products/,EQUITY,Technology,Scientific & Technical Instruments,https://www.nskw.co.jp
9,7502,"Plaza Holdings Co.,Ltd.",eコマース,内需・消費,90,82,88,主力テーマ,A,official_site_supported,事業概要に直接根拠を確認できず; official=EC; count=4; pos=0.04,EC,4,0.0413,https://www.plazacreate.co.jp | https://www.plazacreate.co.jp/about-us-ceo | https://www.plazacreate.co.jp/about-us/company-overview,EQUITY,Consumer Cyclical,Personal Services,https://www.plazacreate.co.jp
9,7505,"Fuso Dentsu Co., Ltd.",クラウドコンピューティング,デジタル・サービス,90,96,92,主力テーマ,A,official_site_supported,事業概要に直接根拠を確認できず; official=クラウド; count=1; pos=0.05,クラウド,1,0.0459,https://www.fusodentsu.co.jp | https://www.fusodentsu.co.jp/company/outline/ | https://www.fusodentsu.co.jp/company/office/,EQUITY,Technology,Information Technology Services,https://www.fusodentsu.co.jp
9,7505,"Fuso Dentsu Co., Ltd.",防災,防衛・国土強靱化,90,96,92,主力テーマ,A,ok,direct=disaster prevention; position=0.34; growth=development; official=防災; count=2; pos=0.06,防災,2,0.0554,https://www.fusodentsu.co.jp | https://www.fusodentsu.co.jp/company/outline/ | https://www.fusodentsu.co.jp/company/office/,EQUITY,Technology,Information Technology Services,https://www.fusodentsu.co.jp
9,7508,G-7 Holdings Inc.,不動産関連,不動産・建設,42,40,41,補助関連,C,needs_review,adjacent=real estate; growth=developing,,0,,https://www.g-7holdings.co.jp | https://www.g-7holdings.co.jp/corporate/ | https://www.g-7holdings.co.jp/corporate/outline/,EQUITY,Consumer Defensive,Grocery Stores,https://www.g-7holdings.co.jp
9,7508,G-7 Holdings Inc.,外食,内需・消費,8,5,7,ノイズ候補,C,needs_review,事業概要に直接根拠を確認できず,,0,,https://www.g-7holdings.co.jp | https://www.g-7holdings.co.jp/corporate/ | https://www.g-7holdings.co.jp/corporate/outline/,EQUITY,Consumer Defensive,Grocery Stores,https://www.g-7holdings.co.jp
9,7508,G-7 Holdings Inc.,小売り,内需・消費,94,96,95,主力テーマ,A,ok,industry=Grocery Stores; direct=supermarket; position=0.06; growth=developing,,0,,https://www.g-7holdings.co.jp | https://www.g-7holdings.co.jp/corporate/ | https://www.g-7holdings.co.jp/corporate/outline/,EQUITY,Consumer Defensive,Grocery Stores,https://www.g-7holdings.co.jp
9,7509,I.A Group Corporation,不動産関連,不動産・建設,86,78,84,主力テーマ,B,ok,direct=real estate business; position=0.20; official=不動産; count=4; pos=0.21,不動産,4,0.2064,https://www.ia-group.co.jp | https://www.ia-group.co.jp/company | https://www.ia-group.co.jp/business,EQUITY,Industrials,Conglomerates,https://www.ia-group.co.jp
9,7510,Takebishi Corporation,FA関連,設備投資・機械,86,88,87,主力テーマ,A,ok,direct=factory automation; position=0.25; growth=development,,0,,https://www.takebishi.co.jp,EQUITY,Technology,Semiconductor Equipment & Materials,https://www.takebishi.co.jp
9,7510,Takebishi Corporation,医療機器,医療・ヘルスケア,8,5,7,ノイズ候補,C,needs_review,事業概要に直接根拠を確認できず,,0,,https://www.takebishi.co.jp,EQUITY,Technology,Semiconductor Equipment & Materials,https://www.takebishi.co.jp
9,7510,Takebishi Corporation,半導体,AI・半導体,94,96,95,主力テーマ,A,ok,industry=Semiconductor Equipment & Materials; direct=semiconductor; position=0.07; growth=development,,0,,https://www.takebishi.co.jp,EQUITY,Technology,Semiconductor Equipment & Materials,https://www.takebishi.co.jp
9,7512,Aeon Hokkaido Corporation,小売り,内需・消費,97,99,98,主力テーマ,A,ok,industry=Department Stores; direct=retail business/supermarket; position=0.09; growth=focuses,,0,,https://www.aeon-hokkaido.jp | https://www.aeon-hokkaido.jp/corporation/ | https://www.aeon-hokkaido.jp/corporation/profile/,EQUITY,Consumer Cyclical,Department Stores,https://www.aeon-hokkaido.jp
9,7512,Aeon Hokkaido Corporation,食品,内需・消費,58,54,57,補助関連,C,needs_review,事業概要に直接根拠を確認できず; official=食品; count=2; pos=0.55,食品,2,0.5505,https://www.aeon-hokkaido.jp | https://www.aeon-hokkaido.jp/corporation/ | https://www.aeon-hokkaido.jp/corporation/profile/,EQUITY,Consumer Cyclical,Department Stores,https://www.aeon-hokkaido.jp
9,7513,"Kojima Co.,Ltd.",インバウンド,内需・消費,8,5,7,ノイズ候補,C,needs_review_macro,事業概要に直接根拠を確認できず,,0,,https://www.kojima.net | https://www.kojima.net/corporation/ | https://www.kojima.net/ec/Special/feature/006258/006258.html,EQUITY,Consumer Cyclical,Specialty Retail,https://www.kojima.net
9,7513,"Kojima Co.,Ltd.",太陽光発電関連,GX・エネルギー,8,5,7,ノイズ候補,C,needs_review,事業概要に直接根拠を確認できず,,0,,https://www.kojima.net | https://www.kojima.net/corporation/ | https://www.kojima.net/ec/Special/feature/006258/006258.html,EQUITY,Consumer Cyclical,Specialty Retail,https://www.kojima.net
9,7513,"Kojima Co.,Ltd.",小売り,内需・消費,90,82,88,主力テーマ,A,ok,industry=Specialty Retail; adjacent=retail,,0,,https://www.kojima.net | https://www.kojima.net/corporation/ | https://www.kojima.net/ec/Special/feature/006258/006258.html,EQUITY,Consumer Cyclical,Specialty Retail,https://www.kojima.net
9,7513,"Kojima Co.,Ltd.",生活防衛,内需・消費,42,30,38,ノイズ候補,C,needs_review_macro,adjacent=daily necessities,,0,,https://www.kojima.net | https://www.kojima.net/corporation/ | https://www.kojima.net/ec/Special/feature/006258/006258.html,EQUITY,Consumer Cyclical,Specialty Retail,https://www.kojima.net
9,7515,Maruyoshi Center Inc.,外食,内需・消費,92,84,90,主力テーマ,A,ok,direct=restaurant; position=0.11,,0,,https://ww2.maruyoshi-center.co.jp,EQUITY,Consumer Defensive,Grocery Stores,https://ww2.maruyoshi-center.co.jp
9,7516,"Kohnan Shoji Co., Ltd.",円高メリット,内需・消費,8,5,7,ノイズ候補,C,needs_review_macro,事業概要に直接根拠を確認できず,,0,,https://www.hc-kohnan.com | https://www.hc-kohnan.com/corporate/ | https://www.hc-kohnan.com/corporate/profile/corprate_overview/,EQUITY,Consumer Cyclical,Home Improvement Retail,https://www.hc-kohnan.com
9,7516,"Kohnan Shoji Co., Ltd.",太陽光発電関連,GX・エネルギー,8,5,7,ノイズ候補,C,needs_review,事業概要に直接根拠を確認できず,,0,,https://www.hc-kohnan.com | https://www.hc-kohnan.com/corporate/ | https://www.hc-kohnan.com/corporate/profile/corprate_overview/,EQUITY,Consumer Cyclical,Home Improvement Retail,https://www.hc-kohnan.com
9,7522,"Watami Co., Ltd.",外食,内需・消費,97,99,98,主力テーマ,A,ok,industry=Restaurants; direct=restaurant/food service; position=0.07; growth=development,,0,,https://www.watami.co.jp,EQUITY,Consumer Cyclical,Restaurants,https://www.watami.co.jp
9,7522,"Watami Co., Ltd.",太陽光発電関連,GX・エネルギー,58,56,57,補助関連,C,needs_review,direct=solar power; position=0.70; growth=development,,0,,https://www.watami.co.jp,EQUITY,Consumer Cyclical,Restaurants,https://www.watami.co.jp
9,7522,"Watami Co., Ltd.",宅配,物流・海運,8,5,7,ノイズ候補,C,needs_review,事業概要に直接根拠を確認できず,,0,,https://www.watami.co.jp,EQUITY,Consumer Cyclical,Restaurants,https://www.watami.co.jp
9,7522,"Watami Co., Ltd.",小売り,内需・消費,8,5,7,ノイズ候補,C,needs_review,事業概要に直接根拠を確認できず,,0,,https://www.watami.co.jp,EQUITY,Consumer Cyclical,Restaurants,https://www.watami.co.jp
9,7522,"Watami Co., Ltd.",風力発電,GX・エネルギー,8,5,7,ノイズ候補,C,needs_review,事業概要に直接根拠を確認できず,,0,,https://www.watami.co.jp,EQUITY,Consumer Cyclical,Restaurants,https://www.watami.co.jp
9,7524,Marche Corporation,外食,内需・消費,94,86,92,主力テーマ,A,ok,industry=Restaurants; direct=restaurant; position=0.18,,0,,https://www.marche.co.jp | https://www.marche.co.jp/corporate | https://www.marche.co.jp/corporate/,EQUITY,Consumer Cyclical,Restaurants,https://www.marche.co.jp
9,7525,Rix Corporation,半導体製造装置,AI・半導体,58,46,54,補助関連,C,needs_review,direct=semiconductor manufacturing equipment; position=0.89,,0,,https://www.rix.co.jp | https://www.rix.co.jp/company/ | https://www.rix.co.jp/about_rix/,EQUITY,Industrials,Specialty Industrial Machinery,https://www.rix.co.jp
9,7525,Rix Corporation,工作機械,設備投資・機械,92,98,94,主力テーマ,A,ok,direct=machine tool; position=0.10; official=工作機械; count=3; pos=0.03,工作機械,3,0.0348,https://www.rix.co.jp | https://www.rix.co.jp/company/ | https://www.rix.co.jp/about_rix/,EQUITY,Industrials,Specialty Industrial Machinery,https://www.rix.co.jp
9,7525,Rix Corporation,機械,設備投資・機械,82,74,80,主力テーマ,B,ok,direct=industrial machinery; position=0.49; official=機械; count=3; pos=0.03,機械,3,0.0350,https://www.rix.co.jp | https://www.rix.co.jp/company/ | https://www.rix.co.jp/about_rix/,EQUITY,Industrials,Specialty Industrial Machinery,https://www.rix.co.jp
9,7525,Rix Corporation,自動車製造装置,自動車・モビリティ,8,5,7,ノイズ候補,C,needs_review,事業概要に直接根拠を確認できず,,0,,https://www.rix.co.jp | https://www.rix.co.jp/company/ | https://www.rix.co.jp/about_rix/,EQUITY,Industrials,Specialty Industrial Machinery,https://www.rix.co.jp
9,7525,Rix Corporation,鉄鋼,資源・素材,90,96,92,主力テーマ,A,official_site_supported,adjacent=steel; official=鉄鋼; count=4; pos=0.04,鉄鋼,4,0.0358,https://www.rix.co.jp | https://www.rix.co.jp/company/ | https://www.rix.co.jp/about_rix/,EQUITY,Industrials,Specialty Industrial Machinery,https://www.rix.co.jp
9,7527,SystemSoft Corporation,IT関連,デジタル・サービス,90,94,91,主力テーマ,A,ok,industry=Software - Application; adjacent=software; growth=development/expansion; official=IT; count=2; pos=0.22,IT,2,0.2170,https://www.systemsoft.co.jp | https://www.systemsoft.co.jp/business | https://www.systemsoft.co.jp/system,EQUITY,Technology,Software - Application,https://www.systemsoft.co.jp
9,7527,SystemSoft Corporation,IoT,設備投資・機械,8,5,7,ノイズ候補,C,needs_review,事業概要に直接根拠を確認できず,,0,,https://www.systemsoft.co.jp | https://www.systemsoft.co.jp/business | https://www.systemsoft.co.jp/system,EQUITY,Technology,Software - Application,https://www.systemsoft.co.jp
9,7527,SystemSoft Corporation,SaaS,デジタル・サービス,92,90,91,主力テーマ,A,ok,industry=Software - Application; official=SaaS; count=10; pos=0.01,SaaS,10,0.0115,https://www.systemsoft.co.jp | https://www.systemsoft.co.jp/business | https://www.systemsoft.co.jp/system,EQUITY,Technology,Software - Application,https://www.systemsoft.co.jp
9,7527,SystemSoft Corporation,クラウドコンピューティング,デジタル・サービス,92,90,91,主力テーマ,A,official_site_supported,adjacent=cloud; growth=development/expansion; official=クラウド; count=22; pos=0.05,クラウド,22,0.0527,https://www.systemsoft.co.jp | https://www.systemsoft.co.jp/business | https://www.systemsoft.co.jp/system,EQUITY,Technology,Software - Application,https://www.systemsoft.co.jp
9,7527,SystemSoft Corporation,デジタルトランスフォーメーション,デジタル・サービス,92,90,91,主力テーマ,A,official_site_supported,事業概要に直接根拠を確認できず; official=DX/デジタルトランスフォーメーション; count=8; pos=0.00,DX | デジタルトランスフォーメーション,8,0.0029,https://www.systemsoft.co.jp | https://www.systemsoft.co.jp/business | https://www.systemsoft.co.jp/system,EQUITY,Technology,Software - Application,https://www.systemsoft.co.jp
9,7527,SystemSoft Corporation,不動産テック,不動産・建設,8,5,7,ノイズ候補,C,needs_review,事業概要に直接根拠を確認できず,,0,,https://www.systemsoft.co.jp | https://www.systemsoft.co.jp/business | https://www.systemsoft.co.jp/system,EQUITY,Technology,Software - Application,https://www.systemsoft.co.jp
9,7527,SystemSoft Corporation,人工知能,AI・半導体,92,90,91,主力テーマ,A,official_site_supported,事業概要に直接根拠を確認できず; official=AI/ディープラーニング; count=19; pos=0.01,AI | ディープラーニング,19,0.0143,https://www.systemsoft.co.jp | https://www.systemsoft.co.jp/business | https://www.systemsoft.co.jp/system,EQUITY,Technology,Software - Application,https://www.systemsoft.co.jp
9,7531,Seiwa Chuo Holdings Corporation,鉄鋼,資源・素材,86,78,84,主力テーマ,B,ok,direct=steel products; position=0.34,,0,,https://www.seiwa-chuo-holdings.co.jp,EQUITY,Basic Materials,Steel,https://www.seiwa-chuo-holdings.co.jp
9,7532,Pan Pacific International Holdings Corporation,インバウンド,内需・消費,8,5,7,ノイズ候補,C,needs_review_macro,事業概要に直接根拠を確認できず,,0,,https://www.ppih.co.jp,EQUITY,Consumer Defensive,Discount Stores,https://www.ppih.co.jp
9,7532,Pan Pacific International Holdings Corporation,小売り,内需・消費,97,99,98,主力テーマ,A,ok,industry=Discount Stores; direct=retail stores/discount stores; position=0.08; growth=development,,0,,https://www.ppih.co.jp,EQUITY,Consumer Defensive,Discount Stores,https://www.ppih.co.jp
9,7532,Pan Pacific International Holdings Corporation,生活防衛,内需・消費,66,58,64,有力関連,B,needs_review_macro,direct=discount store; position=0.17; growth=development,,0,,https://www.ppih.co.jp,EQUITY,Consumer Defensive,Discount Stores,https://www.ppih.co.jp
9,7532,Pan Pacific International Holdings Corporation,食品,内需・消費,58,54,57,補助関連,C,needs_review,事業概要に直接根拠を確認できず; official=食品; count=2; pos=0.57,食品,2,0.5657,https://www.ppih.co.jp,EQUITY,Consumer Defensive,Discount Stores,https://www.ppih.co.jp
9,7537,Marubun Corporation,医療機器,医療・ヘルスケア,92,98,94,主力テーマ,A,official_site_supported,direct=medical device; position=0.89; growth=development; official=医療機器; count=7; pos=0.13,医療機器,7,0.1300,https://www.marubun.co.jp | https://www.marubun.co.jp/corporate/ | https://www.marubun.co.jp/corporate/business/,EQUITY,Technology,Electronics & Computer Distribution,https://www.marubun.co.jp
9,7537,Marubun Corporation,半導体,AI・半導体,97,100,98,主力テーマ,A,ok,direct=semiconductor/microcontroller; position=0.07; growth=development; official=半導体; count=17; pos=0.00,半導体,17,0.0033,https://www.marubun.co.jp | https://www.marubun.co.jp/corporate/ | https://www.marubun.co.jp/corporate/business/,EQUITY,Technology,Electronics & Computer Distribution,https://www.marubun.co.jp
9,7537,Marubun Corporation,半導体商社,AI・半導体,42,40,41,補助関連,C,needs_review,adjacent=semiconductor; growth=development,,0,,https://www.marubun.co.jp | https://www.marubun.co.jp/corporate/ | https://www.marubun.co.jp/corporate/business/,EQUITY,Technology,Electronics & Computer Distribution,https://www.marubun.co.jp
9,7537,Marubun Corporation,半導体製造装置,AI・半導体,42,40,41,補助関連,C,needs_review,adjacent=semiconductor; growth=development,,0,,https://www.marubun.co.jp | https://www.marubun.co.jp/corporate/ | https://www.marubun.co.jp/corporate/business/,EQUITY,Technology,Electronics & Computer Distribution,https://www.marubun.co.jp
9,7537,Marubun Corporation,宇宙開発関連,防衛・国土強靱化,92,98,94,主力テーマ,A,official_site_supported,事業概要に直接根拠を確認できず; official=衛星; count=7; pos=0.12,衛星,7,0.1173,https://www.marubun.co.jp | https://www.marubun.co.jp/corporate/ | https://www.marubun.co.jp/corporate/business/,EQUITY,Technology,Electronics & Computer Distribution,https://www.marubun.co.jp
9,7538,"Daisui Co.,Ltd.",倉庫,物流・海運,82,74,80,主力テーマ,B,ok,direct=warehousing; position=0.46,,0,,https://www.daisui.co.jp,EQUITY,Consumer Defensive,Food Distribution,https://www.daisui.co.jp
9,7544,"Three F Co.,Ltd.",宅配,物流・海運,8,5,7,ノイズ候補,C,needs_review,事業概要に直接根拠を確認できず,,0,,https://www.three-f.co.jp,EQUITY,Consumer Defensive,Grocery Stores,https://www.three-f.co.jp
9,7550,"Zensho Holdings Co., Ltd.",介護関連,医療・ヘルスケア,58,56,57,補助関連,C,needs_review,direct=nursing care; position=0.65; growth=development,,0,,https://zensho.co.jp,EQUITY,Consumer Cyclical,Restaurants,https://zensho.co.jp
9,7550,"Zensho Holdings Co., Ltd.",外食,内需・消費,97,99,98,主力テーマ,A,ok,industry=Restaurants; direct=restaurant/food service; position=0.03; growth=development,,0,,https://zensho.co.jp,EQUITY,Consumer Cyclical,Restaurants,https://zensho.co.jp
9,7550,"Zensho Holdings Co., Ltd.",宅配,物流・海運,8,5,7,ノイズ候補,C,needs_review,事業概要に直接根拠を確認できず,,0,,https://zensho.co.jp,EQUITY,Consumer Cyclical,Restaurants,https://zensho.co.jp
9,7551,"Weds Co., Ltd.",介護関連,医療・ヘルスケア,8,5,7,ノイズ候補,C,needs_review,事業概要に直接根拠を確認できず,,0,,https://www.weds.co.jp | https://www.weds.co.jp/company/company-outline-html/ | https://www.weds.co.jp/company/company-buisiness/,EQUITY,Consumer Cyclical,Auto Parts,https://www.weds.co.jp
9,7551,"Weds Co., Ltd.",倉庫,物流・海運,58,56,57,補助関連,C,needs_review,direct=warehousing; position=0.75; growth=development,,0,,https://www.weds.co.jp | https://www.weds.co.jp/company/company-outline-html/ | https://www.weds.co.jp/company/company-buisiness/,EQUITY,Consumer Cyclical,Auto Parts,https://www.weds.co.jp
9,7551,"Weds Co., Ltd.",物流,物流・海運,86,88,87,主力テーマ,A,ok,direct=logistics business; position=0.20; growth=development; official=物流; count=4; pos=0.76,物流,4,0.7642,https://www.weds.co.jp | https://www.weds.co.jp/company/company-outline-html/ | https://www.weds.co.jp/company/company-buisiness/,EQUITY,Consumer Cyclical,Auto Parts,https://www.weds.co.jp
9,7551,"Weds Co., Ltd.",自動車部材・部品,自動車・モビリティ,97,99,98,主力テーマ,A,ok,direct=automotive parts/auto parts; position=0.10; growth=development; official=自動車部品; count=1; pos=0.43,自動車部品,1,0.4335,https://www.weds.co.jp | https://www.weds.co.jp/company/company-outline-html/ | https://www.weds.co.jp/company/company-buisiness/,EQUITY,Consumer Cyclical,Auto Parts,https://www.weds.co.jp
9,7552,Happinet Corporation,ゲーム関連,デジタル・サービス,92,94,93,主力テーマ,A,ok,direct=video game; position=0.14; growth=develops,,0,,https://www.happinet.co.jp,EQUITY,Consumer Cyclical,Specialty Retail,https://www.happinet.co.jp
9,7554,Kourakuen Corporation,外食,内需・消費,94,96,95,主力テーマ,A,ok,industry=Restaurants; direct=restaurant; position=0.16; growth=expansion,,0,,https://www.kourakuen.co.jp,EQUITY,Consumer Cyclical,Restaurants,https://www.kourakuen.co.jp
9,7555,"Ota Floriculture Auction Co.,Ltd.",物流,物流・海運,58,54,57,補助関連,C,needs_review,事業概要に直接根拠を確認できず; official=物流; count=4; pos=0.64,物流,4,0.6440,https://www.otakaki.co.jp | https://www.otakaki.co.jp/corp/ | https://www.otakaki.co.jp/corp/business/,EQUITY,Consumer Defensive,Farm Products,https://www.otakaki.co.jp
9,7561,Hurxley Holdings Corporation,インバウンド,内需・消費,42,44,43,補助関連,C,needs_review_macro,adjacent=restaurant; growth=development/focuses,,0,,https://www.hurxley.co.jp,EQUITY,Consumer Cyclical,Restaurants,https://www.hurxley.co.jp
9,7561,Hurxley Holdings Corporation,リース,金融・金利,8,5,7,ノイズ候補,C,needs_review,事業概要に直接根拠を確認できず,,0,,https://www.hurxley.co.jp,EQUITY,Consumer Cyclical,Restaurants,https://www.hurxley.co.jp
9,7561,Hurxley Holdings Corporation,不動産ファンド,不動産・建設,8,5,7,ノイズ候補,C,needs_review,事業概要に直接根拠を確認できず,,0,,https://www.hurxley.co.jp,EQUITY,Consumer Cyclical,Restaurants,https://www.hurxley.co.jp
9,7561,Hurxley Holdings Corporation,不動産関連,不動産・建設,42,44,43,補助関連,C,needs_review,adjacent=real estate; growth=development/focuses,,0,,https://www.hurxley.co.jp,EQUITY,Consumer Cyclical,Restaurants,https://www.hurxley.co.jp
9,7561,Hurxley Holdings Corporation,物流,物流・海運,42,44,43,補助関連,C,needs_review,adjacent=logistics; growth=development/focuses,,0,,https://www.hurxley.co.jp,EQUITY,Consumer Cyclical,Restaurants,https://www.hurxley.co.jp
9,7562,"Anrakutei Co., Ltd.",外食,内需・消費,94,86,92,主力テーマ,A,ok,industry=Restaurants; direct=restaurant; position=0.18,,0,,https://www.anrakutei.co.jp,EQUITY,Consumer Cyclical,Restaurants,https://www.anrakutei.co.jp
9,7564,"Workman Co.,Ltd.",eコマース,内需・消費,8,5,7,ノイズ候補,C,needs_review,事業概要に直接根拠を確認できず,,0,,https://www.workman.co.jp | https://www.workman.co.jp/news/%e3%80%90%e5%9b%9b%e6%97%a5%e5%b8%82%e5%88%9d%e5%87%ba%e5%ba%97%e3%80%919%e6%9c%8817%e6%97%a5%e6%9c%a8%e8%a9%b1%e9%a1%8c%e3%81%ae%e3%83%af%e3%83%bc%e3%82%af%e3%83%9e%e3%83%b3%e6%96%b0%e6%a5%ad | https://www.workman.co.jp/news/%e3%80%9026%e5%b9%b4%e7%a7%8b%e5%86%ac%e6%96%b0%e4%bd%9c%e7%99%ba%e8%a1%a8%e3%80%91%e3%83%aa%e3%82%ab%e3%83%90%e3%83%aa%e3%83%bc%e3%82%a6%e3%82%a7%e3%82%a2%e6%96%b0%e4%bd%9c37%e3%82%a2%e3%82%a4,EQUITY,Consumer Cyclical,Apparel Retail,https://www.workman.co.jp
9,7564,"Workman Co.,Ltd.",小売り,内需・消費,92,84,90,主力テーマ,A,ok,direct=retail stores; position=0.06,,0,,https://www.workman.co.jp | https://www.workman.co.jp/news/%e3%80%90%e5%9b%9b%e6%97%a5%e5%b8%82%e5%88%9d%e5%87%ba%e5%ba%97%e3%80%919%e6%9c%8817%e6%97%a5%e6%9c%a8%e8%a9%b1%e9%a1%8c%e3%81%ae%e3%83%af%e3%83%bc%e3%82%af%e3%83%9e%e3%83%b3%e6%96%b0%e6%a5%ad | https://www.workman.co.jp/news/%e3%80%9026%e5%b9%b4%e7%a7%8b%e5%86%ac%e6%96%b0%e4%bd%9c%e7%99%ba%e8%a1%a8%e3%80%91%e3%83%aa%e3%82%ab%e3%83%90%e3%83%aa%e3%83%bc%e3%82%a6%e3%82%a7%e3%82%a2%e6%96%b0%e4%bd%9c37%e3%82%a2%e3%82%a4,EQUITY,Consumer Cyclical,Apparel Retail,https://www.workman.co.jp
9,7564,"Workman Co.,Ltd.",生活防衛,内需・消費,8,5,7,ノイズ候補,C,needs_review_macro,事業概要に直接根拠を確認できず,,0,,https://www.workman.co.jp | https://www.workman.co.jp/news/%e3%80%90%e5%9b%9b%e6%97%a5%e5%b8%82%e5%88%9d%e5%87%ba%e5%ba%97%e3%80%919%e6%9c%8817%e6%97%a5%e6%9c%a8%e8%a9%b1%e9%a1%8c%e3%81%ae%e3%83%af%e3%83%bc%e3%82%af%e3%83%9e%e3%83%b3%e6%96%b0%e6%a5%ad | https://www.workman.co.jp/news/%e3%80%9026%e5%b9%b4%e7%a7%8b%e5%86%ac%e6%96%b0%e4%bd%9c%e7%99%ba%e8%a1%a8%e3%80%91%e3%83%aa%e3%82%ab%e3%83%90%e3%83%aa%e3%83%bc%e3%82%a6%e3%82%a7%e3%82%a2%e6%96%b0%e4%bd%9c37%e3%82%a2%e3%82%a4,EQUITY,Consumer Cyclical,Apparel Retail,https://www.workman.co.jp
9,7564,"Workman Co.,Ltd.",防災,防衛・国土強靱化,8,5,7,ノイズ候補,C,needs_review,事業概要に直接根拠を確認できず,,0,,https://www.workman.co.jp | https://www.workman.co.jp/news/%e3%80%90%e5%9b%9b%e6%97%a5%e5%b8%82%e5%88%9d%e5%87%ba%e5%ba%97%e3%80%919%e6%9c%8817%e6%97%a5%e6%9c%a8%e8%a9%b1%e9%a1%8c%e3%81%ae%e3%83%af%e3%83%bc%e3%82%af%e3%83%9e%e3%83%b3%e6%96%b0%e6%a5%ad | https://www.workman.co.jp/news/%e3%80%9026%e5%b9%b4%e7%a7%8b%e5%86%ac%e6%96%b0%e4%bd%9c%e7%99%ba%e8%a1%a8%e3%80%91%e3%83%aa%e3%82%ab%e3%83%90%e3%83%aa%e3%83%bc%e3%82%a6%e3%82%a7%e3%82%a2%e6%96%b0%e4%bd%9c37%e3%82%a2%e3%82%a4,EQUITY,Consumer Cyclical,Apparel Retail,https://www.workman.co.jp
9,7565,Mansei Corporation,FA関連,設備投資・機械,92,90,91,主力テーマ,A,official_site_supported,事業概要に直接根拠を確認できず; official=FA; count=41; pos=0.01,FA,41,0.0093,https://www.mansei.co.jp | https://www.mansei.co.jp/business/ | https://www.mansei.co.jp/solution/ems/,EQUITY,Technology,Electronics & Computer Distribution,https://www.mansei.co.jp
9,7565,Mansei Corporation,半導体,AI・半導体,92,90,91,主力テーマ,A,official_site_supported,direct=semiconductor; position=0.69; growth=development; official=半導体; count=9; pos=0.04,半導体,9,0.0412,https://www.mansei.co.jp | https://www.mansei.co.jp/business/ | https://www.mansei.co.jp/solution/ems/,EQUITY,Technology,Electronics & Computer Distribution,https://www.mansei.co.jp
9,7567,Sakae Electronics Corporation,半導体,AI・半導体,92,84,90,主力テーマ,A,ok,direct=semiconductor; position=0.09; official=半導体; count=4; pos=0.27,半導体,4,0.2658,https://www.sakae-denshi.com | https://sakae-denshi.com/outline/ | https://sakae-denshi.com/business/,EQUITY,Industrials,Electrical Equipment & Parts,https://www.sakae-denshi.com
9,7567,Sakae Electronics Corporation,半導体製造装置,AI・半導体,42,30,38,ノイズ候補,C,needs_review,adjacent=semiconductor,,0,,https://www.sakae-denshi.com | https://sakae-denshi.com/outline/ | https://sakae-denshi.com/business/,EQUITY,Industrials,Electrical Equipment & Parts,https://www.sakae-denshi.com
9,7570,"Hashimoto Sogyo Holdings Co.,Ltd.",住宅関連,不動産・建設,58,54,57,補助関連,C,needs_review,adjacent=housing; growth=development; official=住宅; count=3; pos=0.12,住宅,3,0.1151,https://www.hat-hd.co.jp | https://www.hat-hd.co.jp/company | https://www.hat-hd.co.jp/company/profile,EQUITY,Industrials,Building Products & Equipment,https://www.hat-hd.co.jp
9,7575,"Japan Lifeline Co., Ltd.",再生医療,医療・ヘルスケア,8,5,7,ノイズ候補,C,needs_review,事業概要に直接根拠を確認できず,,0,,https://www.japanlifeline.com,EQUITY,Healthcare,Medical Devices,https://www.japanlifeline.com
9,7575,"Japan Lifeline Co., Ltd.",医療機器,医療・ヘルスケア,92,84,90,主力テーマ,A,ok,direct=medical device; position=0.02,,0,,https://www.japanlifeline.com,EQUITY,Healthcare,Medical Devices,https://www.japanlifeline.com
9,7581,"Saizeriya Co.,Ltd.",外食,内需・消費,94,86,92,主力テーマ,A,ok,industry=Restaurants; direct=restaurant; position=0.11,,0,,https://www.saizeriya.co.jp | https://www.saizeriya.co.jp/concept/product-creation-philosophy/true-cooking-methods/ | https://www.saizeriya.co.jp/corporate/information/,EQUITY,Consumer Cyclical,Restaurants,https://www.saizeriya.co.jp
9,7581,"Saizeriya Co.,Ltd.",生活防衛,内需・消費,8,5,7,ノイズ候補,C,needs_review_macro,事業概要に直接根拠を確認できず,,0,,https://www.saizeriya.co.jp | https://www.saizeriya.co.jp/concept/product-creation-philosophy/true-cooking-methods/ | https://www.saizeriya.co.jp/corporate/information/,EQUITY,Consumer Cyclical,Restaurants,https://www.saizeriya.co.jp
9,7585,Kan-Nanmaru Corporation,外食,内需・消費,94,86,92,主力テーマ,A,ok,industry=Restaurants; direct=restaurant; position=0.20,,0,,https://www.kannanmaru.co.jp | https://kannanmaru.co.jp/about/,EQUITY,Consumer Cyclical,Restaurants,https://www.kannanmaru.co.jp
9,7585,Kan-Nanmaru Corporation,小売り,内需・消費,8,5,7,ノイズ候補,C,needs_review,事業概要に直接根拠を確認できず,,0,,https://www.kannanmaru.co.jp | https://kannanmaru.co.jp/about/,EQUITY,Consumer Cyclical,Restaurants,https://www.kannanmaru.co.jp
9,7590,"Takasho Co.,Ltd.",小売り,内需・消費,42,30,38,ノイズ候補,C,needs_review,adjacent=retail,,0,,https://www.takasho.co.jp | https://www.takasho.co.jp/company | https://www.takasho.co.jp/profile_company,EQUITY,Consumer Cyclical,Home Improvement Retail,https://www.takasho.co.jp
9,7593,"Vt Holdings Co.,Ltd.",住宅関連,不動産・建設,42,30,38,ノイズ候補,C,needs_review,adjacent=housing,,0,,https://www.vt-holdings.co.jp,EQUITY,Consumer Cyclical,Auto & Truck Dealerships,https://www.vt-holdings.co.jp
9,7595,ARGO GRAPHICS Inc.,IT関連,デジタル・サービス,94,98,95,主力テーマ,A,ok,industry=Software - Application; direct=it services/software development/system integration; position=0.41; growth=develops/development,,0,,https://corp.argo-graph.co.jp,EQUITY,Technology,Software - Application,https://corp.argo-graph.co.jp
9,7595,ARGO GRAPHICS Inc.,デジタルトランスフォーメーション,デジタル・サービス,8,5,7,ノイズ候補,C,needs_review,事業概要に直接根拠を確認できず,,0,,https://corp.argo-graph.co.jp,EQUITY,Technology,Software - Application,https://corp.argo-graph.co.jp
9,7595,ARGO GRAPHICS Inc.,人工知能,AI・半導体,8,5,7,ノイズ候補,C,needs_review,事業概要に直接根拠を確認できず,,0,,https://corp.argo-graph.co.jp,EQUITY,Technology,Software - Application,https://corp.argo-graph.co.jp
9,7595,ARGO GRAPHICS Inc.,生成AI,AI・半導体,8,5,7,ノイズ候補,C,needs_review,事業概要に直接根拠を確認できず,,0,,https://corp.argo-graph.co.jp,EQUITY,Technology,Software - Application,https://corp.argo-graph.co.jp
9,7596,"Uoriki Co., Ltd.",小売り,内需・消費,94,86,92,主力テーマ,A,qa_peripheral,industry=Grocery Stores; direct=supermarket; position=0.65,,0,,https://uoriki.co.jp | https://uoriki.co.jp/about/ | https://uoriki.co.jp/jigyo/,EQUITY,Consumer Defensive,Grocery Stores,https://uoriki.co.jp
9,7599,IDOM Inc.,MaaS,自動車・モビリティ,8,5,7,ノイズ候補,C,needs_review,事業概要に直接根拠を確認できず,,0,,https://www.idom-inc.com | https://idom-inc.com/ir/company/biz_development/ | https://idom-inc.com/recruit/after-sales-service/,EQUITY,Consumer Cyclical,Auto & Truck Dealerships,https://www.idom-inc.com
9,7599,IDOM Inc.,サブスクリプション,デジタル・サービス,8,5,7,ノイズ候補,C,needs_review,事業概要に直接根拠を確認できず,,0,,https://www.idom-inc.com | https://idom-inc.com/ir/company/biz_development/ | https://idom-inc.com/recruit/after-sales-service/,EQUITY,Consumer Cyclical,Auto & Truck Dealerships,https://www.idom-inc.com
9,7600,"Japan Medical Dynamic Marketing, INC.",医療機器,医療・ヘルスケア,92,94,93,主力テーマ,A,ok,direct=medical device; position=0.09; growth=develops; official=医療機器; count=6; pos=0.09,医療機器,6,0.0883,https://www.jmdm.co.jp | https://www.jmdm.co.jp/company/ | https://www.jmdm.co.jp/company/outline/,EQUITY,Healthcare,Medical Devices,https://www.jmdm.co.jp
9,7603,"Gyet Co., Ltd.",小売り,内需・消費,92,84,90,主力テーマ,A,ok,direct=retailing; position=0.07,,0,,https://www.mac-house.co.jp,EQUITY,Consumer Cyclical,Apparel Retail,https://www.mac-house.co.jp
9,7604,"Umenohana Group Co.,Ltd.",外食,内需・消費,94,86,92,主力テーマ,A,ok,industry=Restaurants; direct=restaurant; position=0.04,,0,,https://www.umenohana.co.jp,EQUITY,Consumer Cyclical,Restaurants,https://www.umenohana.co.jp
9,7607,"Shinwa Co., Ltd.",FA関連,設備投資・機械,86,78,84,主力テーマ,B,ok,direct=factory automation; position=0.22,,0,,https://www.shinwa-jpn.co.jp,EQUITY,Industrials,Specialty Industrial Machinery,https://www.shinwa-jpn.co.jp
9,7607,"Shinwa Co., Ltd.",半導体製造装置,AI・半導体,42,30,38,ノイズ候補,C,needs_review,adjacent=precision equipment,,0,,https://www.shinwa-jpn.co.jp,EQUITY,Industrials,Specialty Industrial Machinery,https://www.shinwa-jpn.co.jp
9,7607,"Shinwa Co., Ltd.",宇宙開発関連,防衛・国土強靱化,42,30,38,ノイズ候補,C,needs_review,adjacent=aerospace,,0,,https://www.shinwa-jpn.co.jp,EQUITY,Industrials,Specialty Industrial Machinery,https://www.shinwa-jpn.co.jp
9,7607,"Shinwa Co., Ltd.",機械,設備投資・機械,86,78,84,主力テーマ,B,ok,direct=industrial machinery; position=0.25,,0,,https://www.shinwa-jpn.co.jp,EQUITY,Industrials,Specialty Industrial Machinery,https://www.shinwa-jpn.co.jp
9,7607,"Shinwa Co., Ltd.",自動車製造装置,自動車・モビリティ,42,30,38,ノイズ候補,C,needs_review,adjacent=factory automation,,0,,https://www.shinwa-jpn.co.jp,EQUITY,Industrials,Specialty Industrial Machinery,https://www.shinwa-jpn.co.jp
9,7609,"Daitron Co., Ltd.",半導体製造装置,AI・半導体,94,86,92,主力テーマ,A,ok,industry=Semiconductor Equipment & Materials; direct=semiconductor equipment,,0,,https://www.daitron.co.jp,EQUITY,Technology,Semiconductor Equipment & Materials,https://www.daitron.co.jp
9,7610,"Tay Two Co., Ltd.",ゲーム関連,デジタル・サービス,82,74,80,主力テーマ,B,ok,direct=video game; position=0.49,,0,,https://www.tay2.co.jp,EQUITY,Consumer Cyclical,Specialty Retail,https://www.tay2.co.jp
9,7610,"Tay Two Co., Ltd.",生活防衛,内需・消費,8,5,7,ノイズ候補,C,needs_review_macro,事業概要に直接根拠を確認できず,,0,,https://www.tay2.co.jp,EQUITY,Consumer Cyclical,Specialty Retail,https://www.tay2.co.jp
9,7611,Hiday Hidaka Corp.,外食,内需・消費,94,86,92,主力テーマ,A,ok,industry=Restaurants; direct=restaurant; position=0.11,,0,,https://hidakaya.hiday.co.jp | https://hidakaya.hiday.co.jp/co/index.html,EQUITY,Consumer Cyclical,Restaurants,https://hidakaya.hiday.co.jp
9,7611,Hiday Hidaka Corp.,生活防衛,内需・消費,8,5,7,ノイズ候補,C,needs_review_macro,事業概要に直接根拠を確認できず,,0,,https://hidakaya.hiday.co.jp | https://hidakaya.hiday.co.jp/co/index.html,EQUITY,Consumer Cyclical,Restaurants,https://hidakaya.hiday.co.jp
9,7613,SIIX Corporation,自動車部材・部品,自動車・モビリティ,42,30,38,ノイズ候補,C,needs_review,adjacent=automotive,,0,,https://www.siix.co.jp | https://www.siix.co.jp/business/ | https://www.siix.co.jp/business/ems/,EQUITY,Technology,Electronic Components,https://www.siix.co.jp
9,7614,"OM2 Network Co.,Ltd.",外食,内需・消費,72,68,71,有力関連,B,qa_borderline,direct=restaurant; position=0.64; growth=development; official=外食; count=15; pos=0.00,外食,15,0.0024,https://www.om2.co.jp | https://www.om2.co.jp/company.html | https://www.om2.co.jp/service.html,EQUITY,Consumer Defensive,Food Distribution,https://www.om2.co.jp
9,7614,"OM2 Network Co.,Ltd.",小売り,内需・消費,46,44,45,補助関連,C,needs_review,adjacent=retail/stores; growth=development,,0,,https://www.om2.co.jp | https://www.om2.co.jp/company.html | https://www.om2.co.jp/service.html,EQUITY,Consumer Defensive,Food Distribution,https://www.om2.co.jp
9,7615,"KYOTO KIMONO YUZEN HOLDINGS Co., Ltd.",小売り,内需・消費,46,34,42,補助関連,C,needs_review,adjacent=retail/stores,,0,,https://www.kyotokimonoyuzenholdings.co.jp,EQUITY,Consumer Cyclical,Apparel Retail,https://www.kyotokimonoyuzenholdings.co.jp
9,7616,"Colowide Co.,Ltd.",外食,内需・消費,94,96,95,主力テーマ,A,ok,industry=Restaurants; direct=restaurant; position=0.04; growth=development; official=外食; count=2; pos=0.07,外食,2,0.0713,https://www.colowide.co.jp | https://www.colowide.co.jp/corpo/ | https://www.colowide.co.jp/corpo/profile.html,EQUITY,Consumer Cyclical,Restaurants,https://www.colowide.co.jp
9,7619,"Tanaka Co.,Ltd.",電線,データセンター・電力,91,83,89,主力テーマ,A,ok,direct=electric wire/power cable; position=0.23; official=電線; count=4; pos=0.20,電線,4,0.2021,https://www.tanakashoji.co.jp | https://www.tanakashoji.co.jp/company/ | https://www.tanakashoji.co.jp/business/,EQUITY,Technology,Electronics & Computer Distribution,https://www.tanakashoji.co.jp
9,7621,"Ukai Co.,Ltd.",外食,内需・消費,94,86,92,主力テーマ,A,ok,industry=Restaurants; direct=restaurant; position=0.10,,0,,https://www.ukai.co.jp | https://www.ukai.co.jp/corporate/ | https://www.ukai.co.jp/information/20260901servicecharge/,EQUITY,Consumer Cyclical,Restaurants,https://www.ukai.co.jp
9,7624,"Naito & Co., Ltd.",工作機械,設備投資・機械,100,100,100,主力テーマ,A,ok,direct=machine tool/machining center/lathe; position=0.12; official=工作機械; count=4; pos=0.00,工作機械,4,0.0048,https://www.naito.net | https://naito.net/corporation/outline/ | https://naito.net/corporation/business/,EQUITY,Industrials,Industrial Distribution,https://www.naito.net
9,7624,"Naito & Co., Ltd.",自動車製造装置,自動車・モビリティ,8,5,7,ノイズ候補,C,needs_review,事業概要に直接根拠を確認できず,,0,,https://www.naito.net | https://naito.net/corporation/outline/ | https://naito.net/corporation/business/,EQUITY,Industrials,Industrial Distribution,https://www.naito.net
9,7625,"Global-Dining, Inc.",外食,内需・消費,94,86,92,主力テーマ,A,ok,industry=Restaurants; direct=restaurant; position=0.13,,0,,https://www.global-dining.com | https://www.global-dining.com/company/,EQUITY,Consumer Cyclical,Restaurants,https://www.global-dining.com
9,7628,Ohashi Technica Inc.,自動車部材・部品,自動車・モビリティ,97,100,98,主力テーマ,A,ok,direct=automotive parts/auto parts; position=0.08; growth=develops; official=自動車部品; count=1; pos=0.74,自動車部品,1,0.7412,https://www.ohashi.co.jp | https://www.ohashi.co.jp/ja/corporate.html | https://www.ohashi.co.jp/ja/business.html,EQUITY,Consumer Cyclical,Auto Parts,https://www.ohashi.co.jp
9,7630,"Ichibanya Co., Ltd.",外食,内需・消費,94,86,92,主力テーマ,A,ok,industry=Restaurants; direct=restaurant; position=0.36,,0,,https://www.ichibanya.co.jp | https://www.ichibanya.co.jp/collaboration/,EQUITY,Consumer Cyclical,Restaurants,https://www.ichibanya.co.jp
9,7630,"Ichibanya Co., Ltd.",宅配,物流・海運,90,82,88,主力テーマ,A,official_site_supported,事業概要に直接根拠を確認できず; official=宅配; count=4; pos=0.02,宅配,4,0.0176,https://www.ichibanya.co.jp | https://www.ichibanya.co.jp/collaboration/,EQUITY,Consumer Cyclical,Restaurants,https://www.ichibanya.co.jp
9,7634,"Hoshi Iryo-Sanki Co., Ltd.",介護関連,医療・ヘルスケア,92,90,91,主力テーマ,A,ok,direct=nursing care/care facility; position=0.22; official=介護; count=14; pos=0.01,介護,14,0.0098,https://www.hosi.co.jp | https://www.hosi.co.jp/about/office/ | https://www.hosi.co.jp/news/%e5%a5%b3%e6%80%a7%e6%b4%bb%e8%ba%8d%e6%8e%a8%e9%80%b2%e6%b3%95%e3%81%8a%e3%82%88%e3%81%b3%e6%ac%a1%e4%b8%96%e4%bb%a3%e8%82%b2%e6%88%90%e6%94%af%e6%8f%b4%e5%af%be%e7%ad%96%e6%b3%95%e3%81%ab%e5%9f%ba/,EQUITY,Healthcare,Medical Distribution,https://www.hosi.co.jp
9,7634,"Hoshi Iryo-Sanki Co., Ltd.",医療機器,医療・ヘルスケア,8,5,7,ノイズ候補,C,needs_review,事業概要に直接根拠を確認できず,,0,,https://www.hosi.co.jp | https://www.hosi.co.jp/about/office/ | https://www.hosi.co.jp/news/%e5%a5%b3%e6%80%a7%e6%b4%bb%e8%ba%8d%e6%8e%a8%e9%80%b2%e6%b3%95%e3%81%8a%e3%82%88%e3%81%b3%e6%ac%a1%e4%b8%96%e4%bb%a3%e8%82%b2%e6%88%90%e6%94%af%e6%8f%b4%e5%af%be%e7%ad%96%e6%b3%95%e3%81%ab%e5%9f%ba/,EQUITY,Healthcare,Medical Distribution,https://www.hosi.co.jp
9,7637,"Hakudo Co., Ltd.",3Dプリンター,設備投資・機械,92,98,94,主力テーマ,A,official_site_supported,事業概要に直接根拠を確認できず; official=3Dプリンタ/3Dプリンター; count=9; pos=0.06,3Dプリンタ | 3Dプリンター,9,0.0553,https://www.hakudo.co.jp,EQUITY,Industrials,Metal Fabrication,https://www.hakudo.co.jp
9,7637,"Hakudo Co., Ltd.",アルミニウム,資源・素材,90,96,92,主力テーマ,A,ok,direct=aluminum; position=0.34; official=アルミニウム; count=1; pos=0.05,アルミニウム,1,0.0485,https://www.hakudo.co.jp,EQUITY,Industrials,Metal Fabrication,https://www.hakudo.co.jp
9,7637,"Hakudo Co., Ltd.",半導体,AI・半導体,72,78,74,有力関連,B,needs_review,事業概要に直接根拠を確認できず; official=半導体; count=2; pos=0.62,半導体,2,0.6224,https://www.hakudo.co.jp,EQUITY,Industrials,Metal Fabrication,https://www.hakudo.co.jp
9,7637,"Hakudo Co., Ltd.",半導体製造装置,AI・半導体,72,78,74,有力関連,B,needs_review,事業概要に直接根拠を確認できず; official=半導体製造装置; count=2; pos=0.62,半導体製造装置,2,0.6224,https://www.hakudo.co.jp,EQUITY,Industrials,Metal Fabrication,https://www.hakudo.co.jp
9,7637,"Hakudo Co., Ltd.",工作機械,設備投資・機械,8,5,7,ノイズ候補,C,needs_review,事業概要に直接根拠を確認できず,,0,,https://www.hakudo.co.jp,EQUITY,Industrials,Metal Fabrication,https://www.hakudo.co.jp
9,7638,"NEW ART HOLDINGS Co., Ltd.",ホテル,内需・消費,8,5,7,ノイズ候補,C,needs_review,事業概要に直接根拠を確認できず,,0,,https://newart-ir.jp | https://newart-ir.jp/company/ | https://newart-ir.jp/company/outline/,EQUITY,Consumer Cyclical,Luxury Goods,https://newart-ir.jp
9,7638,"NEW ART HOLDINGS Co., Ltd.",不動産関連,不動産・建設,8,5,7,ノイズ候補,C,needs_review,事業概要に直接根拠を確認できず,,0,,https://newart-ir.jp | https://newart-ir.jp/company/ | https://newart-ir.jp/company/outline/,EQUITY,Consumer Cyclical,Luxury Goods,https://newart-ir.jp
9,7638,"NEW ART HOLDINGS Co., Ltd.",小売り,内需・消費,8,5,7,ノイズ候補,C,needs_review,事業概要に直接根拠を確認できず,,0,,https://newart-ir.jp | https://newart-ir.jp/company/ | https://newart-ir.jp/company/outline/,EQUITY,Consumer Cyclical,Luxury Goods,https://newart-ir.jp
9,7640,"TOP CULTURE Co.,Ltd.",小売り,内需・消費,94,86,92,主力テーマ,A,ok,industry=Specialty Retail; direct=retail stores; position=0.05,,0,,https://www.topculture.co.jp,EQUITY,Consumer Cyclical,Specialty Retail,https://www.topculture.co.jp
9,7640,"TOP CULTURE Co.,Ltd.",生活防衛,内需・消費,8,5,7,ノイズ候補,C,needs_review_macro,事業概要に直接根拠を確認できず,,0,,https://www.topculture.co.jp,EQUITY,Consumer Cyclical,Specialty Retail,https://www.topculture.co.jp
9,7643,"Daiichi Co.,Ltd.",生活防衛,内需・消費,42,30,38,ノイズ候補,C,needs_review_macro,adjacent=supermarket,,0,,https://www.daiichi-d.co.jp | https://www.daiichi-d.co.jp/post_event/post_event-21825 | https://www.daiichi-d.co.jp/post_event/post_event-21830,EQUITY,Consumer Defensive,Grocery Stores,https://www.daiichi-d.co.jp
9,7646,"PLANT Co.,Ltd.",生活防衛,内需・消費,66,56,63,有力関連,B,needs_review_macro,direct=discount store,,0,,https://www.plant-co.jp | https://www.plant-co.jp/corp.html | https://www.plant-co.jp/recommend.html,EQUITY,Consumer Defensive,Discount Stores,https://www.plant-co.jp
9,7649,"Sugi Holdings Co.,Ltd.",介護関連,医療・ヘルスケア,8,5,7,ノイズ候補,C,needs_review,事業概要に直接根拠を確認できず,,0,,https://www.sugi-hd.co.jp,EQUITY,Healthcare,Pharmaceutical Retailers,https://www.sugi-hd.co.jp
9,7649,"Sugi Holdings Co.,Ltd.",小売り,内需・消費,46,34,42,補助関連,C,needs_review,adjacent=retail/stores,,0,,https://www.sugi-hd.co.jp,EQUITY,Healthcare,Pharmaceutical Retailers,https://www.sugi-hd.co.jp
9,7670,O-Well Corporation,自動車部材・部品,自動車・モビリティ,8,5,7,ノイズ候補,C,needs_review,事業概要に直接根拠を確認できず,,0,,https://www.owell.co.jp | https://www.owell.co.jp/aboutus/overview/ | https://www.owell.co.jp/business/,EQUITY,Industrials,Conglomerates,https://www.owell.co.jp
9,7673,"Daiko Tsusan Co.,Ltd.",光ファイバー,データセンター・電力,8,5,7,ノイズ候補,C,needs_review,事業概要に直接根拠を確認できず,,0,,https://www.daiko-tsusan.co.jp | https://www.daiko-tsusan.co.jp/ja/product.html | https://www.daiko-tsusan.co.jp/ja/business/businessmodel.html,EQUITY,Technology,Communication Equipment,https://www.daiko-tsusan.co.jp
9,7673,"Daiko Tsusan Co.,Ltd.",遠隔医療,医療・ヘルスケア,8,5,7,ノイズ候補,C,needs_review,事業概要に直接根拠を確認できず,,0,,https://www.daiko-tsusan.co.jp | https://www.daiko-tsusan.co.jp/ja/product.html | https://www.daiko-tsusan.co.jp/ja/business/businessmodel.html,EQUITY,Technology,Communication Equipment,https://www.daiko-tsusan.co.jp
9,7673,"Daiko Tsusan Co.,Ltd.",電線,データセンター・電力,42,30,38,ノイズ候補,C,needs_review,adjacent=cable,,0,,https://www.daiko-tsusan.co.jp | https://www.daiko-tsusan.co.jp/ja/product.html | https://www.daiko-tsusan.co.jp/ja/business/businessmodel.html,EQUITY,Technology,Communication Equipment,https://www.daiko-tsusan.co.jp
9,7674,"NATTY SWANKY holdings Co.,Ltd.",外食,内需・消費,94,86,92,主力テーマ,A,ok,industry=Restaurants; direct=restaurant; position=0.30; official=外食; count=1; pos=0.11,外食,1,0.1085,https://nattyswanky.com,EQUITY,Consumer Cyclical,Restaurants,https://nattyswanky.com
9,7675,,食品,内需・消費,8,5,7,ノイズ候補,C,needs_official_ir,事業概要に直接根拠を確認できず,,0,,,,,,
9,7677,"Yashima & Co.,Ltd.",鉄道関連,物流・海運,97,90,95,主力テーマ,A,ok,direct=railway/railroad; position=0.08; official=鉄道/軌道/鉄道関連; count=24; pos=0.10,鉄道 | 軌道 | 鉄道関連,24,0.1022,https://www.yashima-co.co.jp | https://www.yashima-co.co.jp/ja/business-solution/product.html | https://www.yashima-co.co.jp/ja/company/outline.html,EQUITY,Industrials,Railroads,https://www.yashima-co.co.jp
9,7678,"Asakuma Co.,Ltd",外食,内需・消費,94,86,92,主力テーマ,A,ok,industry=Restaurants; direct=restaurant; position=0.06,,0,,https://www.asakuma.co.jp,EQUITY,Consumer Cyclical,Restaurants,https://www.asakuma.co.jp
9,7679,"YAKUODO HOLDINGS Co., Ltd.",小売り,内需・消費,42,30,38,ノイズ候補,C,needs_review,adjacent=retail,,0,,https://www.yakuodo-hd.co.jp | https://www.yakuodo-hd.co.jp/company/about/ | https://www.yakuodo-hd.co.jp/company,EQUITY,Healthcare,Pharmaceutical Retailers,https://www.yakuodo-hd.co.jp
9,7679,"YAKUODO HOLDINGS Co., Ltd.",食品,内需・消費,58,54,57,補助関連,C,needs_review,direct=food products; position=0.74; official=食品; count=2; pos=0.63,食品,2,0.6313,https://www.yakuodo-hd.co.jp | https://www.yakuodo-hd.co.jp/company/about/ | https://www.yakuodo-hd.co.jp/company,EQUITY,Healthcare,Pharmaceutical Retailers,https://www.yakuodo-hd.co.jp
9,7681,"LEOCLAN Co.,Ltd.",医療機器,医療・ヘルスケア,92,90,91,主力テーマ,A,ok,direct=medical equipment; position=0.03; official=医療機器; count=10; pos=0.02,医療機器,10,0.0161,https://www.leoclan.co.jp | https://www.leoclan.co.jp/corporate/ | https://www.leoclan.co.jp/newsrelease/1422/,EQUITY,Healthcare,Medical Distribution,https://www.leoclan.co.jp
9,7681,"LEOCLAN Co.,Ltd.",遠隔医療,医療・ヘルスケア,8,5,7,ノイズ候補,C,needs_review,事業概要に直接根拠を確認できず,,0,,https://www.leoclan.co.jp | https://www.leoclan.co.jp/corporate/ | https://www.leoclan.co.jp/newsrelease/1422/,EQUITY,Healthcare,Medical Distribution,https://www.leoclan.co.jp
9,7683,"WA, Inc.",eコマース,内需・消費,92,90,91,主力テーマ,A,official_site_supported,事業概要に直接根拠を確認できず; official=EC; count=10; pos=0.01,EC,10,0.0055,https://www.wa-jp.com | https://www.wa-jp.com/company | https://www.wa-jp.com/ortr%e3%80%80%e6%96%b0tvcm%e6%94%be%e6%98%a0%e9%96%8b%e5%a7%8b%e3%81%ae%e3%81%8a%e7%9f%a5%e3%82%89%e3%81%9b/,EQUITY,Consumer Cyclical,Apparel Retail,https://www.wa-jp.com
9,7683,"WA, Inc.",小売り,内需・消費,46,44,45,補助関連,C,needs_review,adjacent=retail/stores; growth=development,,0,,https://www.wa-jp.com | https://www.wa-jp.com/company | https://www.wa-jp.com/ortr%e3%80%80%e6%96%b0tvcm%e6%94%be%e6%98%a0%e9%96%8b%e5%a7%8b%e3%81%ae%e3%81%8a%e7%9f%a5%e3%82%89%e3%81%9b/,EQUITY,Consumer Cyclical,Apparel Retail,https://www.wa-jp.com
9,7685,"BuySell Technologies Co.,Ltd.",eコマース,内需・消費,92,98,94,主力テーマ,A,official_site_supported,事業概要に直接根拠を確認できず; official=EC; count=17; pos=0.00,EC,17,0.0023,https://buysell-technologies.com | https://buysell-technologies.com/corporate/overview/ | https://buysell-technologies.com/business/,EQUITY,Consumer Cyclical,Internet Retail,https://buysell-technologies.com
9,7686,"HitoMile Co., Ltd.",宅配,物流・海運,42,40,41,補助関連,C,needs_review,adjacent=delivery service; growth=investment,,0,,https://www.hitomile.co.jp,EQUITY,Consumer Defensive,Food Distribution,https://www.hitomile.co.jp
9,7686,"HitoMile Co., Ltd.",小売り,内需・消費,8,5,7,ノイズ候補,C,needs_review,事業概要に直接根拠を確認できず,,0,,https://www.hitomile.co.jp,EQUITY,Consumer Defensive,Food Distribution,https://www.hitomile.co.jp
9,7686,"HitoMile Co., Ltd.",生活防衛,内需・消費,8,5,7,ノイズ候補,C,needs_review_macro,事業概要に直接根拠を確認できず,,0,,https://www.hitomile.co.jp,EQUITY,Consumer Defensive,Food Distribution,https://www.hitomile.co.jp
9,7687,"MICREED Co.,Ltd.",eコマース,内需・消費,8,5,7,ノイズ候補,C,needs_review,事業概要に直接根拠を確認できず,,0,,https://www.micreed.co.jp | https://www.micreed.co.jp/shop/category/09000000/ | https://www.micreed.co.jp/shop/category/09990000/,EQUITY,Consumer Defensive,Food Distribution,https://www.micreed.co.jp
9,7687,"MICREED Co.,Ltd.",食品,内需・消費,90,82,88,主力テーマ,A,ok,industry=Food Distribution; official=食品; count=6; pos=0.00,食品,6,0.0001,https://www.micreed.co.jp | https://www.micreed.co.jp/shop/category/09000000/ | https://www.micreed.co.jp/shop/category/09990000/,EQUITY,Consumer Defensive,Food Distribution,https://www.micreed.co.jp
9,7689,Copa Corporation Inc.,eコマース,内需・消費,90,82,88,主力テーマ,A,official_site_supported,事業概要に直接根拠を確認できず; official=EC; count=4; pos=0.18,EC,4,0.1845,https://www.copa.co.jp | https://www.copa.co.jp/product/ | https://www.copa.co.jp/business/product/,EQUITY,Communication Services,Advertising Agencies,https://www.copa.co.jp
9,7692,Earth Infinity Co.Ltd.,省エネ関連,GX・エネルギー,8,5,7,ノイズ候補,C,needs_review,事業概要に直接根拠を確認できず,,0,,https://www.earth-infinity.co.jp | https://www.earth-infinity.co.jp/company/index.html,EQUITY,Utilities,Utilities - Diversified,https://www.earth-infinity.co.jp
9,7692,Earth Infinity Co.Ltd.,電力会社,データセンター・電力,8,5,7,ノイズ候補,C,needs_review,事業概要に直接根拠を確認できず,,0,,https://www.earth-infinity.co.jp | https://www.earth-infinity.co.jp/company/index.html,EQUITY,Utilities,Utilities - Diversified,https://www.earth-infinity.co.jp
9,7692,Earth Infinity Co.Ltd.,風力発電,GX・エネルギー,8,5,7,ノイズ候補,C,needs_review,事業概要に直接根拠を確認できず,,0,,https://www.earth-infinity.co.jp | https://www.earth-infinity.co.jp/company/index.html,EQUITY,Utilities,Utilities - Diversified,https://www.earth-infinity.co.jp
9,7694,itsumo.inc.,eコマース,内需・消費,92,94,93,主力テーマ,A,ok,direct=e-commerce; position=0.02; growth=development; official=EC/eコマース; count=56; pos=0.00,EC | eコマース,56,0.0000,https://itsumo365.co.jp | https://itsumo365.co.jp/company/corporate.html | https://itsumo365.co.jp/news/25895,EQUITY,Industrials,Specialty Business Services,https://itsumo365.co.jp
9,7694,itsumo.inc.,データ分析・解析,AI・半導体,8,5,7,ノイズ候補,C,needs_review,事業概要に直接根拠を確認できず,,0,,https://itsumo365.co.jp | https://itsumo365.co.jp/company/corporate.html | https://itsumo365.co.jp/news/25895,EQUITY,Industrials,Specialty Business Services,https://itsumo365.co.jp
9,7694,itsumo.inc.,物流,物流・海運,72,68,71,有力関連,B,needs_review,adjacent=logistics; growth=development; official=物流; count=6; pos=0.23,物流,6,0.2325,https://itsumo365.co.jp | https://itsumo365.co.jp/company/corporate.html | https://itsumo365.co.jp/news/25895,EQUITY,Industrials,Specialty Business Services,https://itsumo365.co.jp
9,7694,itsumo.inc.,生成AI,AI・半導体,8,5,7,ノイズ候補,C,needs_review,事業概要に直接根拠を確認できず,,0,,https://itsumo365.co.jp | https://itsumo365.co.jp/company/corporate.html | https://itsumo365.co.jp/news/25895,EQUITY,Industrials,Specialty Business Services,https://itsumo365.co.jp
9,7695,"Koukandekirukun, Inc.",eコマース,内需・消費,72,68,71,有力関連,B,needs_review,事業概要に直接根拠を確認できず; official=EC; count=1; pos=0.31,EC,1,0.3112,https://www.dekirukun.co.jp/co/ | https://www.dekirukun.co.jp/co/service/,EQUITY,Consumer Cyclical,Internet Retail,https://www.dekirukun.co.jp/co/
9,7695,"Koukandekirukun, Inc.",水道関連,防衛・国土強靱化,8,5,7,ノイズ候補,C,needs_review,事業概要に直接根拠を確認できず,,0,,https://www.dekirukun.co.jp/co/ | https://www.dekirukun.co.jp/co/service/,EQUITY,Consumer Cyclical,Internet Retail,https://www.dekirukun.co.jp/co/
9,7698,Iceco Inc.,倉庫,物流・海運,8,5,7,ノイズ候補,C,needs_review,事業概要に直接根拠を確認できず,,0,,https://www.iceco.co.jp | https://www.iceco.co.jp/service | https://www.iceco.co.jp/about,EQUITY,Consumer Defensive,Food Distribution,https://www.iceco.co.jp
9,7698,Iceco Inc.,物流,物流・海運,8,5,7,ノイズ候補,C,needs_review,事業概要に直接根拠を確認できず,,0,,https://www.iceco.co.jp | https://www.iceco.co.jp/service | https://www.iceco.co.jp/about,EQUITY,Consumer Defensive,Food Distribution,https://www.iceco.co.jp
9,7699,Omni-Plus System Limited,医療機器,医療・ヘルスケア,58,46,54,補助関連,C,needs_review,direct=medical equipment; position=0.86,,0,,https://www.omniplussystem.com | https://www.omniplussystem.com/Products | https://www.omniplussystem.com/AI-Equipment/AI%20Computing%20Service,EQUITY,Industrials,Industrial Distribution,https://www.omniplussystem.com
9,7699,Omni-Plus System Limited,自動車部材・部品,自動車・モビリティ,8,5,7,ノイズ候補,C,needs_review,事業概要に直接根拠を確認できず,,0,,https://www.omniplussystem.com | https://www.omniplussystem.com/Products | https://www.omniplussystem.com/AI-Equipment/AI%20Computing%20Service,EQUITY,Industrials,Industrial Distribution,https://www.omniplussystem.com
9,7701,Shimadzu Corporation,バイオテクノロジー関連,医療・ヘルスケア,42,30,38,ノイズ候補,C,needs_review,adjacent=life science,,0,,https://www.shimadzu.com | https://www.shimadzu.com/ir/library/business_briefing.html | https://www.shimadzu.com/products/index.html,EQUITY,Technology,Scientific & Technical Instruments,https://www.shimadzu.com
9,7701,Shimadzu Corporation,再生医療,医療・ヘルスケア,8,5,7,ノイズ候補,C,needs_review,事業概要に直接根拠を確認できず,,0,,https://www.shimadzu.com | https://www.shimadzu.com/ir/library/business_briefing.html | https://www.shimadzu.com/products/index.html,EQUITY,Technology,Scientific & Technical Instruments,https://www.shimadzu.com
9,7701,Shimadzu Corporation,医療機器,医療・ヘルスケア,92,84,90,主力テーマ,A,ok,direct=medical equipment; position=0.10,,0,,https://www.shimadzu.com | https://www.shimadzu.com/ir/library/business_briefing.html | https://www.shimadzu.com/products/index.html,EQUITY,Technology,Scientific & Technical Instruments,https://www.shimadzu.com
9,7701,Shimadzu Corporation,半導体製造装置,AI・半導体,8,5,7,ノイズ候補,C,needs_review,事業概要に直接根拠を確認できず,,0,,https://www.shimadzu.com | https://www.shimadzu.com/ir/library/business_briefing.html | https://www.shimadzu.com/products/index.html,EQUITY,Technology,Scientific & Technical Instruments,https://www.shimadzu.com
9,7701,Shimadzu Corporation,宇宙開発関連,防衛・国土強靱化,8,5,7,ノイズ候補,C,needs_review,事業概要に直接根拠を確認できず,,0,,https://www.shimadzu.com | https://www.shimadzu.com/ir/library/business_briefing.html | https://www.shimadzu.com/products/index.html,EQUITY,Technology,Scientific & Technical Instruments,https://www.shimadzu.com
9,7701,Shimadzu Corporation,防衛,防衛・国土強靱化,8,5,7,ノイズ候補,C,needs_review,事業概要に直接根拠を確認できず,,0,,https://www.shimadzu.com | https://www.shimadzu.com/ir/library/business_briefing.html | https://www.shimadzu.com/products/index.html,EQUITY,Technology,Scientific & Technical Instruments,https://www.shimadzu.com
9,7702,"JMS Co.,Ltd.",バイオテクノロジー関連,医療・ヘルスケア,8,5,7,ノイズ候補,C,needs_review,事業概要に直接根拠を確認できず,,0,,https://www.jms.cc,EQUITY,Healthcare,Medical Instruments & Supplies,https://www.jms.cc
9,7702,"JMS Co.,Ltd.",医療機器,医療・ヘルスケア,92,84,90,主力テーマ,A,ok,direct=medical device; position=0.06,,0,,https://www.jms.cc,EQUITY,Healthcare,Medical Instruments & Supplies,https://www.jms.cc
9,7707,"Precision System Science Co., Ltd.",バイオテクノロジー関連,医療・ヘルスケア,8,5,7,ノイズ候補,C,needs_review,事業概要に直接根拠を確認できず,,0,,https://www.pss.co.jp,EQUITY,Healthcare,Medical Devices,https://www.pss.co.jp
9,7707,"Precision System Science Co., Ltd.",再生医療,医療・ヘルスケア,8,5,7,ノイズ候補,C,needs_review,事業概要に直接根拠を確認できず,,0,,https://www.pss.co.jp,EQUITY,Healthcare,Medical Devices,https://www.pss.co.jp
9,7709,KUBOTEK Corporation,円安メリット,内需・消費,8,5,7,ノイズ候補,C,needs_review_macro,事業概要に直接根拠を確認できず,,0,,https://www.kubotek.com,EQUITY,Technology,Computer Hardware,https://www.kubotek.com
9,7711,"Sukegawa Electric Co., Ltd.",半導体製造装置,AI・半導体,42,40,41,補助関連,C,needs_review,adjacent=semiconductor; growth=research,,0,,https://www.sukegawadenki.co.jp,EQUITY,Industrials,Electrical Equipment & Parts,https://www.sukegawadenki.co.jp
9,7711,"Sukegawa Electric Co., Ltd.",原子力発電,GX・エネルギー,58,56,57,補助関連,C,needs_review,direct=nuclear power; position=0.93; growth=research,,0,,https://www.sukegawadenki.co.jp,EQUITY,Industrials,Electrical Equipment & Parts,https://www.sukegawadenki.co.jp
9,7711,"Sukegawa Electric Co., Ltd.",核融合発電,GX・エネルギー,72,68,71,有力関連,B,needs_review,事業概要に直接根拠を確認できず; official=核融合; count=2; pos=0.69,核融合,2,0.6913,https://www.sukegawadenki.co.jp,EQUITY,Industrials,Electrical Equipment & Parts,https://www.sukegawadenki.co.jp
9,7713,"Sigmakoki Co., Ltd.",半導体製造装置,AI・半導体,8,5,7,ノイズ候補,C,needs_review,事業概要に直接根拠を確認できず,,0,,https://www.sigma-koki.com | https://www.sigma-koki.com/company/overview/ | https://www.sigma-koki.com/company/office/,EQUITY,Technology,Electronic Components,https://www.sigma-koki.com
9,7713,"Sigmakoki Co., Ltd.",宇宙開発関連,防衛・国土強靱化,8,5,7,ノイズ候補,C,needs_review,事業概要に直接根拠を確認できず,,0,,https://www.sigma-koki.com | https://www.sigma-koki.com/company/overview/ | https://www.sigma-koki.com/company/office/,EQUITY,Technology,Electronic Components,https://www.sigma-koki.com
9,7713,"Sigmakoki Co., Ltd.",量子コンピューター,AI・半導体,8,5,7,ノイズ候補,C,needs_review,事業概要に直接根拠を確認できず,,0,,https://www.sigma-koki.com | https://www.sigma-koki.com/company/overview/ | https://www.sigma-koki.com/company/office/,EQUITY,Technology,Electronic Components,https://www.sigma-koki.com
9,7713,"Sigmakoki Co., Ltd.",防衛,防衛・国土強靱化,8,5,7,ノイズ候補,C,needs_review,事業概要に直接根拠を確認できず,,0,,https://www.sigma-koki.com | https://www.sigma-koki.com/company/overview/ | https://www.sigma-koki.com/company/office/,EQUITY,Technology,Electronic Components,https://www.sigma-koki.com
9,7715,"Nagano Keiki Co., Ltd.",半導体製造装置,AI・半導体,42,30,38,ノイズ候補,C,needs_review,adjacent=semiconductor,,0,,https://www.naganokeiki.co.jp,EQUITY,Technology,Scientific & Technical Instruments,https://www.naganokeiki.co.jp
9,7715,"Nagano Keiki Co., Ltd.",建設機械,設備投資・機械,8,5,7,ノイズ候補,C,needs_review,事業概要に直接根拠を確認できず,,0,,https://www.naganokeiki.co.jp,EQUITY,Technology,Scientific & Technical Instruments,https://www.naganokeiki.co.jp
9,7715,"Nagano Keiki Co., Ltd.",水素,GX・エネルギー,42,30,38,ノイズ候補,C,needs_review,adjacent=hydrogen,,0,,https://www.naganokeiki.co.jp,EQUITY,Technology,Scientific & Technical Instruments,https://www.naganokeiki.co.jp
9,7715,"Nagano Keiki Co., Ltd.",自動車部材・部品,自動車・モビリティ,42,30,38,ノイズ候補,C,needs_review,adjacent=vehicle,,0,,https://www.naganokeiki.co.jp,EQUITY,Technology,Scientific & Technical Instruments,https://www.naganokeiki.co.jp
9,7715,"Nagano Keiki Co., Ltd.",電気自動車関連,自動車・モビリティ,8,5,7,ノイズ候補,C,needs_review,事業概要に直接根拠を確認できず,,0,,https://www.naganokeiki.co.jp,EQUITY,Technology,Scientific & Technical Instruments,https://www.naganokeiki.co.jp
9,7716,Nakanishi Inc.,医療機器,医療・ヘルスケア,42,30,38,ノイズ候補,C,needs_review,adjacent=surgical,,0,,https://www.japan.nsk-dental.com | https://www.japan.nsk-dental.com/products/,EQUITY,Healthcare,Medical Instruments & Supplies,https://www.japan.nsk-dental.com
9,7717,"V Technology Co., Ltd.",半導体製造装置,AI・半導体,90,68,83,主力テーマ,B,official_site_supported,direct=semiconductor equipment; position=0.82; growth=development; official=半導体製造装置; count=1; pos=0.10,半導体製造装置,1,0.0964,https://www.vtec.co.jp | https://www.vtec.co.jp/ja/our_business.html | https://www.vtec.co.jp/ja/corporate.html,EQUITY,Industrials,Specialty Industrial Machinery,https://www.vtec.co.jp
9,7719,Tokyo Koki Co. Ltd.,ドローン,防衛・国土強靱化,58,58,58,補助関連,C,needs_review,direct=drone; position=0.91; growth=development/research,,0,,https://www.tk100.jp | https://www.tk100.jp/business/ | https://www.tk100.jp/business/shikenki/,EQUITY,Industrials,Specialty Industrial Machinery,https://www.tk100.jp
9,7719,Tokyo Koki Co. Ltd.,鉄道関連,物流・海運,85,91,87,主力テーマ,A,ok,direct=railway; position=0.44; growth=development/research; official=鉄道; count=5; pos=0.49,鉄道,5,0.4875,https://www.tk100.jp | https://www.tk100.jp/business/ | https://www.tk100.jp/business/shikenki/,EQUITY,Industrials,Specialty Industrial Machinery,https://www.tk100.jp
9,7721,TOKYO KEIKI INC.,半導体製造装置,AI・半導体,8,5,7,ノイズ候補,C,needs_review,事業概要に直接根拠を確認できず,,0,,https://www.tokyokeiki.jp,EQUITY,Technology,Scientific & Technical Instruments,https://www.tokyokeiki.jp
9,7721,TOKYO KEIKI INC.,宇宙開発関連,防衛・国土強靱化,90,96,92,主力テーマ,A,official_site_supported,事業概要に直接根拠を確認できず; official=衛星/宇宙事業; count=3; pos=0.14,衛星 | 宇宙事業,3,0.1363,https://www.tokyokeiki.jp,EQUITY,Technology,Scientific & Technical Instruments,https://www.tokyokeiki.jp
9,7721,TOKYO KEIKI INC.,水素,GX・エネルギー,92,98,94,主力テーマ,A,official_site_supported,事業概要に直接根拠を確認できず; official=水素; count=11; pos=0.17,水素,11,0.1723,https://www.tokyokeiki.jp,EQUITY,Technology,Scientific & Technical Instruments,https://www.tokyokeiki.jp
9,7721,TOKYO KEIKI INC.,防衛,防衛・国土強靱化,92,98,94,主力テーマ,A,official_site_supported,事業概要に直接根拠を確認できず; official=防衛; count=9; pos=0.18,防衛,9,0.1805,https://www.tokyokeiki.jp,EQUITY,Technology,Scientific & Technical Instruments,https://www.tokyokeiki.jp
9,7722,"Kokusai Co., Ltd.",自動車製造装置,自動車・モビリティ,42,30,38,ノイズ候補,C,needs_review,adjacent=production line,,0,,https://www.kokusaikk.co.jp,EQUITY,Industrials,Specialty Industrial Machinery,https://www.kokusaikk.co.jp
9,7722,"Kokusai Co., Ltd.",防災,防衛・国土強靱化,42,30,38,ノイズ候補,C,needs_review,adjacent=seismic,,0,,https://www.kokusaikk.co.jp,EQUITY,Industrials,Specialty Industrial Machinery,https://www.kokusaikk.co.jp
9,7725,Inter Action Corporation,FA関連,設備投資・機械,92,90,91,主力テーマ,A,official_site_supported,事業概要に直接根拠を確認できず; official=FA; count=9; pos=0.02,FA,9,0.0183,https://www.inter-action.co.jp | https://www.inter-action.co.jp/business/ | https://www.inter-action.co.jp/business/iot/,EQUITY,Technology,Electronic Components,https://www.inter-action.co.jp
9,7725,Inter Action Corporation,IoT,設備投資・機械,92,90,91,主力テーマ,A,ok,direct=internet of things; position=0.25; growth=development; official=IoT; count=19; pos=0.00,IoT,19,0.0017,https://www.inter-action.co.jp | https://www.inter-action.co.jp/business/ | https://www.inter-action.co.jp/business/iot/,EQUITY,Technology,Electronic Components,https://www.inter-action.co.jp
9,7726,Kuroda Precision Industries Ltd.,ロボット,AI・半導体,8,5,7,ノイズ候補,C,needs_review,事業概要に直接根拠を確認できず,,0,,https://www.kuroda-precision.co.jp | https://www.kuroda-precision.co.jp/jp/company/profile/ | https://www.kuroda-precision.co.jp/jp/company/business/,EQUITY,Industrials,Tools & Accessories,https://www.kuroda-precision.co.jp
9,7726,Kuroda Precision Industries Ltd.,半導体製造装置,AI・半導体,8,5,7,ノイズ候補,C,needs_review,事業概要に直接根拠を確認できず,,0,,https://www.kuroda-precision.co.jp | https://www.kuroda-precision.co.jp/jp/company/profile/ | https://www.kuroda-precision.co.jp/jp/company/business/,EQUITY,Industrials,Tools & Accessories,https://www.kuroda-precision.co.jp
9,7726,Kuroda Precision Industries Ltd.,工作機械,設備投資・機械,92,84,90,主力テーマ,A,ok,direct=machine tool; position=0.09; official=工作機械; count=3; pos=0.18,工作機械,3,0.1820,https://www.kuroda-precision.co.jp | https://www.kuroda-precision.co.jp/jp/company/profile/ | https://www.kuroda-precision.co.jp/jp/company/business/,EQUITY,Industrials,Tools & Accessories,https://www.kuroda-precision.co.jp
9,7726,Kuroda Precision Industries Ltd.,機械,設備投資・機械,72,68,71,有力関連,B,needs_review,adjacent=machine; official=機械; count=9; pos=0.12,機械,9,0.1161,https://www.kuroda-precision.co.jp | https://www.kuroda-precision.co.jp/jp/company/profile/ | https://www.kuroda-precision.co.jp/jp/company/business/,EQUITY,Industrials,Tools & Accessories,https://www.kuroda-precision.co.jp
9,7726,Kuroda Precision Industries Ltd.,自動車部材・部品,自動車・モビリティ,8,5,7,ノイズ候補,C,needs_review,事業概要に直接根拠を確認できず,,0,,https://www.kuroda-precision.co.jp | https://www.kuroda-precision.co.jp/jp/company/profile/ | https://www.kuroda-precision.co.jp/jp/company/business/,EQUITY,Industrials,Tools & Accessories,https://www.kuroda-precision.co.jp
9,7726,Kuroda Precision Industries Ltd.,電気自動車関連,自動車・モビリティ,8,5,7,ノイズ候補,C,needs_review,事業概要に直接根拠を確認できず,,0,,https://www.kuroda-precision.co.jp | https://www.kuroda-precision.co.jp/jp/company/profile/ | https://www.kuroda-precision.co.jp/jp/company/business/,EQUITY,Industrials,Tools & Accessories,https://www.kuroda-precision.co.jp
9,7729,"Tokyo Seimitsu Co., Ltd.",半導体,AI・半導体,94,86,92,主力テーマ,A,ok,industry=Semiconductor Equipment & Materials; direct=semiconductor; position=0.06,,0,,https://www.accretech.com,EQUITY,Technology,Semiconductor Equipment & Materials,https://www.accretech.com
9,7729,"Tokyo Seimitsu Co., Ltd.",半導体製造装置,AI・半導体,97,89,95,主力テーマ,A,ok,industry=Semiconductor Equipment & Materials; direct=semiconductor manufacturing equipment/semiconductor equipment; position=0.06,,0,,https://www.accretech.com,EQUITY,Technology,Semiconductor Equipment & Materials,https://www.accretech.com
9,7730,"Mani, Inc.",医療機器,医療・ヘルスケア,90,96,92,主力テーマ,A,official_site_supported,adjacent=surgical; official=医療機器; count=5; pos=0.18,医療機器,5,0.1798,https://www.mani.co.jp | https://www.mani.co.jp/company/ | https://www.mani.co.jp/company/business/,EQUITY,Healthcare,Medical Instruments & Supplies,https://www.mani.co.jp
9,7731,Nikon Corporation,3Dプリンター,設備投資・機械,58,46,54,補助関連,C,needs_review,direct=3d printer; position=0.91,,0,,https://www.nikon.com,EQUITY,Consumer Cyclical,Leisure,https://www.nikon.com
9,7731,Nikon Corporation,バイオテクノロジー関連,医療・ヘルスケア,42,30,38,ノイズ候補,C,needs_review,adjacent=life science,,0,,https://www.nikon.com,EQUITY,Consumer Cyclical,Leisure,https://www.nikon.com
9,7731,Nikon Corporation,ロボット,AI・半導体,8,5,7,ノイズ候補,C,needs_review,事業概要に直接根拠を確認できず,,0,,https://www.nikon.com,EQUITY,Consumer Cyclical,Leisure,https://www.nikon.com
9,7731,Nikon Corporation,円安メリット,内需・消費,8,5,7,ノイズ候補,C,needs_review_macro,事業概要に直接根拠を確認できず,,0,,https://www.nikon.com,EQUITY,Consumer Cyclical,Leisure,https://www.nikon.com
9,7731,Nikon Corporation,再生医療,医療・ヘルスケア,8,5,7,ノイズ候補,C,needs_review,事業概要に直接根拠を確認できず,,0,,https://www.nikon.com,EQUITY,Consumer Cyclical,Leisure,https://www.nikon.com
9,7731,Nikon Corporation,医療機器,医療・ヘルスケア,8,5,7,ノイズ候補,C,needs_review,事業概要に直接根拠を確認できず,,0,,https://www.nikon.com,EQUITY,Consumer Cyclical,Leisure,https://www.nikon.com
9,7731,Nikon Corporation,半導体,AI・半導体,8,5,7,ノイズ候補,C,needs_review,事業概要に直接根拠を確認できず,,0,,https://www.nikon.com,EQUITY,Consumer Cyclical,Leisure,https://www.nikon.com
9,7731,Nikon Corporation,半導体製造装置,AI・半導体,42,30,38,ノイズ候補,C,needs_review,adjacent=precision equipment,,0,,https://www.nikon.com,EQUITY,Consumer Cyclical,Leisure,https://www.nikon.com
9,7731,Nikon Corporation,宇宙開発関連,防衛・国土強靱化,8,5,7,ノイズ候補,C,needs_review,事業概要に直接根拠を確認できず,,0,,https://www.nikon.com,EQUITY,Consumer Cyclical,Leisure,https://www.nikon.com
9,7731,Nikon Corporation,工作機械,設備投資・機械,8,5,7,ノイズ候補,C,needs_review,事業概要に直接根拠を確認できず,,0,,https://www.nikon.com,EQUITY,Consumer Cyclical,Leisure,https://www.nikon.com
9,7731,Nikon Corporation,自動運転車,自動車・モビリティ,8,5,7,ノイズ候補,C,needs_review,事業概要に直接根拠を確認できず,,0,,https://www.nikon.com,EQUITY,Consumer Cyclical,Leisure,https://www.nikon.com
9,7733,Olympus Corporation,バイオテクノロジー関連,医療・ヘルスケア,8,5,7,ノイズ候補,C,needs_review,事業概要に直接根拠を確認できず,,0,,https://www.olympus.co.jp | https://www.olympus.co.jp/products/ | https://www.olympus.co.jp/technology/technology/?page=technology,EQUITY,Healthcare,Medical Devices,https://www.olympus.co.jp
9,7733,Olympus Corporation,円安メリット,内需・消費,8,5,7,ノイズ候補,C,needs_review_macro,事業概要に直接根拠を確認できず,,0,,https://www.olympus.co.jp | https://www.olympus.co.jp/products/ | https://www.olympus.co.jp/technology/technology/?page=technology,EQUITY,Healthcare,Medical Devices,https://www.olympus.co.jp
9,7733,Olympus Corporation,再生医療,医療・ヘルスケア,8,5,7,ノイズ候補,C,needs_review,事業概要に直接根拠を確認できず,,0,,https://www.olympus.co.jp | https://www.olympus.co.jp/products/ | https://www.olympus.co.jp/technology/technology/?page=technology,EQUITY,Healthcare,Medical Devices,https://www.olympus.co.jp
9,7733,Olympus Corporation,医療機器,医療・ヘルスケア,97,100,98,主力テーマ,A,ok,direct=medical device/medical equipment; position=0.07; official=医療機器; count=1; pos=0.50,医療機器,1,0.4986,https://www.olympus.co.jp | https://www.olympus.co.jp/products/ | https://www.olympus.co.jp/technology/technology/?page=technology,EQUITY,Healthcare,Medical Devices,https://www.olympus.co.jp
9,7734,"Riken Keiki Co., Ltd.",防災,防衛・国土強靱化,8,5,7,ノイズ候補,C,needs_review,事業概要に直接根拠を確認できず,,0,,https://www.rikenkeiki.co.jp | https://www.rikenkeiki.co.jp/company/ | https://www.rikenkeiki.co.jp/company/overview,EQUITY,Industrials,Security & Protection Services,https://www.rikenkeiki.co.jp
9,7735,"SCREEN Holdings Co., Ltd.",サーバー冷却,データセンター・電力,8,5,7,ノイズ候補,C,needs_review,事業概要に直接根拠を確認できず,,0,,https://www.screen.co.jp | https://www.screen.co.jp/about/outline | https://www.screen.co.jp/about/base,EQUITY,Technology,Semiconductor Equipment & Materials,https://www.screen.co.jp
9,7735,"SCREEN Holdings Co., Ltd.",半導体,AI・半導体,94,100,96,主力テーマ,A,ok,industry=Semiconductor Equipment & Materials; direct=semiconductor; position=0.03; growth=develops/development; official=半導体; count=11; pos=0.05,半導体,11,0.0533,https://www.screen.co.jp | https://www.screen.co.jp/about/outline | https://www.screen.co.jp/about/base,EQUITY,Technology,Semiconductor Equipment & Materials,https://www.screen.co.jp
9,7735,"SCREEN Holdings Co., Ltd.",半導体製造装置,AI・半導体,94,100,96,主力テーマ,A,ok,industry=Semiconductor Equipment & Materials; direct=lithography/semiconductor equipment; position=0.36; growth=develops/development; official=半導体製造装置; count=6; pos=0.05,半導体製造装置,6,0.0533,https://www.screen.co.jp | https://www.screen.co.jp/about/outline | https://www.screen.co.jp/about/base,EQUITY,Technology,Semiconductor Equipment & Materials,https://www.screen.co.jp
9,7735,"SCREEN Holdings Co., Ltd.",水素,GX・エネルギー,90,96,92,主力テーマ,A,official_site_supported,direct=fuel cell; position=0.87; growth=develops/development; official=水素; count=5; pos=0.07,水素,5,0.0721,https://www.screen.co.jp | https://www.screen.co.jp/about/outline | https://www.screen.co.jp/about/base,EQUITY,Technology,Semiconductor Equipment & Materials,https://www.screen.co.jp
9,7735,"SCREEN Holdings Co., Ltd.",生成AI,AI・半導体,42,42,42,補助関連,C,needs_review,adjacent=artificial intelligence; growth=develops/development,,0,,https://www.screen.co.jp | https://www.screen.co.jp/about/outline | https://www.screen.co.jp/about/base,EQUITY,Technology,Semiconductor Equipment & Materials,https://www.screen.co.jp
9,7740,"Tamron Co.,Ltd.",FA関連,設備投資・機械,92,90,91,主力テーマ,A,official_site_supported,事業概要に直接根拠を確認できず; official=FA; count=6; pos=0.10,FA,6,0.0958,https://www.tamron.com,EQUITY,Consumer Cyclical,Leisure,https://www.tamron.com
9,7740,"Tamron Co.,Ltd.",自動車部材・部品,自動車・モビリティ,42,30,38,ノイズ候補,C,needs_review,adjacent=automotive,,0,,https://www.tamron.com,EQUITY,Consumer Cyclical,Leisure,https://www.tamron.com
9,7741,HOYA Corporation,3Dプリンター,設備投資・機械,8,5,7,ノイズ候補,C,needs_review,事業概要に直接根拠を確認できず,,0,,https://www.hoya.com | https://www.hoya.com/business/ | https://www.hoya.com/company/,EQUITY,Healthcare,Medical Instruments & Supplies,https://www.hoya.com
9,7741,HOYA Corporation,円安メリット,内需・消費,8,5,7,ノイズ候補,C,needs_review_macro,事業概要に直接根拠を確認できず,,0,,https://www.hoya.com | https://www.hoya.com/business/ | https://www.hoya.com/company/,EQUITY,Healthcare,Medical Instruments & Supplies,https://www.hoya.com
9,7741,HOYA Corporation,医療機器,医療・ヘルスケア,42,42,42,補助関連,C,needs_review,adjacent=surgical; growth=development/research,,0,,https://www.hoya.com | https://www.hoya.com/business/ | https://www.hoya.com/company/,EQUITY,Healthcare,Medical Instruments & Supplies,https://www.hoya.com
9,7741,HOYA Corporation,半導体,AI・半導体,92,90,91,主力テーマ,A,official_site_supported,direct=semiconductor; position=0.66; growth=development/research; official=半導体; count=6; pos=0.14,半導体,6,0.1370,https://www.hoya.com | https://www.hoya.com/business/ | https://www.hoya.com/company/,EQUITY,Healthcare,Medical Instruments & Supplies,https://www.hoya.com
9,7741,HOYA Corporation,半導体製造装置,AI・半導体,42,42,42,補助関連,C,needs_review,adjacent=semiconductor; growth=development/research,,0,,https://www.hoya.com | https://www.hoya.com/business/ | https://www.hoya.com/company/,EQUITY,Healthcare,Medical Instruments & Supplies,https://www.hoya.com
9,7743,"SEED Co.,Ltd.",医療機器,医療・ヘルスケア,8,5,7,ノイズ候補,C,needs_review,事業概要に直接根拠を確認できず,,0,,https://www.seed.co.jp,EQUITY,Healthcare,Medical Instruments & Supplies,https://www.seed.co.jp
9,7744,"Noritsu Koki Co., Ltd.",自動車部材・部品,自動車・モビリティ,8,5,7,ノイズ候補,C,needs_review,事業概要に直接根拠を確認できず,,0,,https://www.noritsu.co.jp | https://www.noritsu.co.jp/company/ | https://www.noritsu.co.jp/business/,EQUITY,Technology,Consumer Electronics,https://www.noritsu.co.jp
9,7745,"A&D HOLON Holdings Company, Limited",ホームヘルスケア,医療・ヘルスケア,8,5,7,ノイズ候補,C,needs_review,事業概要に直接根拠を確認できず,,0,,https://andholon.com | https://andholon.com/business/ | https://andholon.com/business/semiconductor/,EQUITY,Technology,Scientific & Technical Instruments,https://andholon.com
9,7745,"A&D HOLON Holdings Company, Limited",医療機器,医療・ヘルスケア,8,5,7,ノイズ候補,C,needs_review,事業概要に直接根拠を確認できず,,0,,https://andholon.com | https://andholon.com/business/ | https://andholon.com/business/semiconductor/,EQUITY,Technology,Scientific & Technical Instruments,https://andholon.com
9,7745,"A&D HOLON Holdings Company, Limited",半導体製造装置,AI・半導体,86,78,84,主力テーマ,B,ok,direct=semiconductor manufacturing equipment; position=0.30,,0,,https://andholon.com | https://andholon.com/business/ | https://andholon.com/business/semiconductor/,EQUITY,Technology,Scientific & Technical Instruments,https://andholon.com
9,7745,"A&D HOLON Holdings Company, Limited",宇宙開発関連,防衛・国土強靱化,8,5,7,ノイズ候補,C,needs_review,事業概要に直接根拠を確認できず,,0,,https://andholon.com | https://andholon.com/business/ | https://andholon.com/business/semiconductor/,EQUITY,Technology,Scientific & Technical Instruments,https://andholon.com
9,7745,"A&D HOLON Holdings Company, Limited",自動車製造装置,自動車・モビリティ,8,5,7,ノイズ候補,C,needs_review,事業概要に直接根拠を確認できず,,0,,https://andholon.com | https://andholon.com/business/ | https://andholon.com/business/semiconductor/,EQUITY,Technology,Scientific & Technical Instruments,https://andholon.com
9,7746,"Okamoto Glass Co., Ltd.",レアアース,資源・素材,8,5,7,ノイズ候補,C,needs_review,事業概要に直接根拠を確認できず,,0,,https://ogc-jp.com | https://ogc-jp.com/productuse/ | https://ogc-jp.com/productinfo/,EQUITY,Technology,Electronic Components,https://ogc-jp.com
9,7746,"Okamoto Glass Co., Ltd.",全固体電池,自動車・モビリティ,8,5,7,ノイズ候補,C,needs_review,事業概要に直接根拠を確認できず,,0,,https://ogc-jp.com | https://ogc-jp.com/productuse/ | https://ogc-jp.com/productinfo/,EQUITY,Technology,Electronic Components,https://ogc-jp.com
9,7746,"Okamoto Glass Co., Ltd.",半導体製造装置,AI・半導体,8,5,7,ノイズ候補,C,needs_review,事業概要に直接根拠を確認できず,,0,,https://ogc-jp.com | https://ogc-jp.com/productuse/ | https://ogc-jp.com/productinfo/,EQUITY,Technology,Electronic Components,https://ogc-jp.com
9,7746,"Okamoto Glass Co., Ltd.",太陽光発電関連,GX・エネルギー,8,5,7,ノイズ候補,C,needs_review,事業概要に直接根拠を確認できず,,0,,https://ogc-jp.com | https://ogc-jp.com/productuse/ | https://ogc-jp.com/productinfo/,EQUITY,Technology,Electronic Components,https://ogc-jp.com
9,7746,"Okamoto Glass Co., Ltd.",自動車部材・部品,自動車・モビリティ,8,5,7,ノイズ候補,C,needs_review,事業概要に直接根拠を確認できず,,0,,https://ogc-jp.com | https://ogc-jp.com/productuse/ | https://ogc-jp.com/productinfo/,EQUITY,Technology,Electronic Components,https://ogc-jp.com
9,7747,"Asahi Intecc Co., Ltd.",医療機器,医療・ヘルスケア,92,98,94,主力テーマ,A,ok,direct=medical device; position=0.07; growth=develops/development; official=医療機器; count=21; pos=0.06,医療機器,21,0.0559,https://www.asahi-intecc.co.jp | https://www.asahi-intecc.co.jp/about/overview.html | https://www.asahi-intecc.co.jp/business/,EQUITY,Healthcare,Medical Instruments & Supplies,https://www.asahi-intecc.co.jp
9,7749,"Medikit Co.,Ltd.",医療機器,医療・ヘルスケア,92,94,93,主力テーマ,A,ok,direct=medical device; position=0.13; growth=develops,,0,,https://medikit.co.jp,EQUITY,Healthcare,Medical Instruments & Supplies,https://medikit.co.jp
9,7751,Canon Inc.,3Dプリンター,設備投資・機械,8,5,7,ノイズ候補,C,needs_review,事業概要に直接根拠を確認できず,,0,,https://global.canon | https://global.canon/en/corporate/ | https://global.canon/en/corporate/strategies/,EQUITY,Technology,Computer Hardware,https://global.canon
9,7751,Canon Inc.,FA関連,設備投資・機械,85,82,84,主力テーマ,B,official_site_supported,事業概要に直接根拠を確認できず; official=FA; count=5; pos=0.24,FA,5,0.2423,https://global.canon | https://global.canon/en/corporate/ | https://global.canon/en/corporate/strategies/,EQUITY,Technology,Computer Hardware,https://global.canon
9,7751,Canon Inc.,サブスクリプション,デジタル・サービス,8,5,7,ノイズ候補,C,needs_review,事業概要に直接根拠を確認できず,,0,,https://global.canon | https://global.canon/en/corporate/ | https://global.canon/en/corporate/strategies/,EQUITY,Technology,Computer Hardware,https://global.canon
9,7751,Canon Inc.,光ファイバー,データセンター・電力,8,5,7,ノイズ候補,C,needs_review,事業概要に直接根拠を確認できず,,0,,https://global.canon | https://global.canon/en/corporate/ | https://global.canon/en/corporate/strategies/,EQUITY,Technology,Computer Hardware,https://global.canon
9,7751,Canon Inc.,円安メリット,内需・消費,8,5,7,ノイズ候補,C,needs_review_macro,事業概要に直接根拠を確認できず,,0,,https://global.canon | https://global.canon/en/corporate/ | https://global.canon/en/corporate/strategies/,EQUITY,Technology,Computer Hardware,https://global.canon
9,7751,Canon Inc.,再生医療,医療・ヘルスケア,8,5,7,ノイズ候補,C,needs_review,事業概要に直接根拠を確認できず,,0,,https://global.canon | https://global.canon/en/corporate/ | https://global.canon/en/corporate/strategies/,EQUITY,Technology,Computer Hardware,https://global.canon
9,7751,Canon Inc.,医療機器,医療・ヘルスケア,8,5,7,ノイズ候補,C,needs_review,事業概要に直接根拠を確認できず,,0,,https://global.canon | https://global.canon/en/corporate/ | https://global.canon/en/corporate/strategies/,EQUITY,Technology,Computer Hardware,https://global.canon
9,7751,Canon Inc.,半導体,AI・半導体,66,66,66,有力関連,B,qa_borderline,direct=semiconductor; position=0.57; growth=develops,,0,,https://global.canon | https://global.canon/en/corporate/ | https://global.canon/en/corporate/strategies/,EQUITY,Technology,Computer Hardware,https://global.canon
9,7751,Canon Inc.,半導体製造装置,AI・半導体,42,40,41,補助関連,C,needs_review,adjacent=semiconductor; growth=develops,,0,,https://global.canon | https://global.canon/en/corporate/ | https://global.canon/en/corporate/strategies/,EQUITY,Technology,Computer Hardware,https://global.canon
9,7751,Canon Inc.,宇宙開発関連,防衛・国土強靱化,8,5,7,ノイズ候補,C,needs_review,事業概要に直接根拠を確認できず,,0,,https://global.canon | https://global.canon/en/corporate/ | https://global.canon/en/corporate/strategies/,EQUITY,Technology,Computer Hardware,https://global.canon
9,7752,"Ricoh Company, Ltd.",3Dプリンター,設備投資・機械,8,5,7,ノイズ候補,C,needs_review,事業概要に直接根拠を確認できず,,0,,https://www.ricoh.com | https://www.ricoh.com/about | https://www.ricoh.com/about/facts,EQUITY,Industrials,Business Equipment & Supplies,https://www.ricoh.com
9,7752,"Ricoh Company, Ltd.",FA関連,設備投資・機械,92,90,91,主力テーマ,A,official_site_supported,事業概要に直接根拠を確認できず; official=FA; count=8; pos=0.05,FA,8,0.0536,https://www.ricoh.com | https://www.ricoh.com/about | https://www.ricoh.com/about/facts,EQUITY,Industrials,Business Equipment & Supplies,https://www.ricoh.com
9,7752,"Ricoh Company, Ltd.",IT関連,デジタル・サービス,72,68,71,有力関連,B,needs_review,adjacent=software; official=IT; count=89; pos=0.04,IT,89,0.0356,https://www.ricoh.com | https://www.ricoh.com/about | https://www.ricoh.com/about/facts,EQUITY,Industrials,Business Equipment & Supplies,https://www.ricoh.com
9,7752,"Ricoh Company, Ltd.",クラウドコンピューティング,デジタル・サービス,8,5,7,ノイズ候補,C,needs_review,事業概要に直接根拠を確認できず,,0,,https://www.ricoh.com | https://www.ricoh.com/about | https://www.ricoh.com/about/facts,EQUITY,Industrials,Business Equipment & Supplies,https://www.ricoh.com
9,7752,"Ricoh Company, Ltd.",サブスクリプション,デジタル・サービス,8,5,7,ノイズ候補,C,needs_review,事業概要に直接根拠を確認できず,,0,,https://www.ricoh.com | https://www.ricoh.com/about | https://www.ricoh.com/about/facts,EQUITY,Industrials,Business Equipment & Supplies,https://www.ricoh.com
9,7752,"Ricoh Company, Ltd.",ドローン,防衛・国土強靱化,8,5,7,ノイズ候補,C,needs_review,事業概要に直接根拠を確認できず,,0,,https://www.ricoh.com | https://www.ricoh.com/about | https://www.ricoh.com/about/facts,EQUITY,Industrials,Business Equipment & Supplies,https://www.ricoh.com
9,7752,"Ricoh Company, Ltd.",全固体電池,自動車・モビリティ,8,5,7,ノイズ候補,C,needs_review,事業概要に直接根拠を確認できず,,0,,https://www.ricoh.com | https://www.ricoh.com/about | https://www.ricoh.com/about/facts,EQUITY,Industrials,Business Equipment & Supplies,https://www.ricoh.com
9,7752,"Ricoh Company, Ltd.",円安メリット,内需・消費,8,5,7,ノイズ候補,C,needs_review_macro,事業概要に直接根拠を確認できず,,0,,https://www.ricoh.com | https://www.ricoh.com/about | https://www.ricoh.com/about/facts,EQUITY,Industrials,Business Equipment & Supplies,https://www.ricoh.com
9,7752,"Ricoh Company, Ltd.",建設DX,不動産・建設,8,5,7,ノイズ候補,C,needs_review,事業概要に直接根拠を確認できず,,0,,https://www.ricoh.com | https://www.ricoh.com/about | https://www.ricoh.com/about/facts,EQUITY,Industrials,Business Equipment & Supplies,https://www.ricoh.com
9,7752,"Ricoh Company, Ltd.",電子政府,デジタル・サービス,8,5,7,ノイズ候補,C,needs_review,事業概要に直接根拠を確認できず,,0,,https://www.ricoh.com | https://www.ricoh.com/about | https://www.ricoh.com/about/facts,EQUITY,Industrials,Business Equipment & Supplies,https://www.ricoh.com
9,7760,IMV Corporation,リチウムイオン電池,自動車・モビリティ,8,5,7,ノイズ候補,C,needs_review,事業概要に直接根拠を確認できず,,0,,https://we-are-imv.com | https://we-are-imv.com/about/ | https://we-are-imv.com/about/company/,EQUITY,Technology,Scientific & Technical Instruments,https://we-are-imv.com
9,7760,IMV Corporation,原子力発電,GX・エネルギー,8,5,7,ノイズ候補,C,needs_review,事業概要に直接根拠を確認できず,,0,,https://we-are-imv.com | https://we-are-imv.com/about/ | https://we-are-imv.com/about/company/,EQUITY,Technology,Scientific & Technical Instruments,https://we-are-imv.com
9,7760,IMV Corporation,宇宙開発関連,防衛・国土強靱化,42,40,41,補助関連,C,needs_review,adjacent=aerospace; growth=develops,,0,,https://we-are-imv.com | https://we-are-imv.com/about/ | https://we-are-imv.com/about/company/,EQUITY,Technology,Scientific & Technical Instruments,https://we-are-imv.com
9,7760,IMV Corporation,防衛,防衛・国土強靱化,8,5,7,ノイズ候補,C,needs_review,事業概要に直接根拠を確認できず,,0,,https://we-are-imv.com | https://we-are-imv.com/about/ | https://we-are-imv.com/about/company/,EQUITY,Technology,Scientific & Technical Instruments,https://we-are-imv.com
9,7760,IMV Corporation,電力設備投資関連,データセンター・電力,8,5,7,ノイズ候補,C,needs_review,事業概要に直接根拠を確認できず,,0,,https://we-are-imv.com | https://we-are-imv.com/about/ | https://we-are-imv.com/about/company/,EQUITY,Technology,Scientific & Technical Instruments,https://we-are-imv.com
9,7760,IMV Corporation,電気自動車関連,自動車・モビリティ,8,5,7,ノイズ候補,C,needs_review,事業概要に直接根拠を確認できず,,0,,https://we-are-imv.com | https://we-are-imv.com/about/ | https://we-are-imv.com/about/company/,EQUITY,Technology,Scientific & Technical Instruments,https://we-are-imv.com
9,7762,"Citizen Watch Co., Ltd.",FA関連,設備投資・機械,8,5,7,ノイズ候補,C,needs_review,事業概要に直接根拠を確認できず,,0,,https://www.citizen.co.jp,EQUITY,Consumer Cyclical,Footwear & Accessories,https://www.citizen.co.jp
9,7762,"Citizen Watch Co., Ltd.",インバウンド,内需・消費,8,5,7,ノイズ候補,C,needs_review_macro,事業概要に直接根拠を確認できず,,0,,https://www.citizen.co.jp,EQUITY,Consumer Cyclical,Footwear & Accessories,https://www.citizen.co.jp
9,7762,"Citizen Watch Co., Ltd.",ホームヘルスケア,医療・ヘルスケア,8,5,7,ノイズ候補,C,needs_review,事業概要に直接根拠を確認できず,,0,,https://www.citizen.co.jp,EQUITY,Consumer Cyclical,Footwear & Accessories,https://www.citizen.co.jp
9,7762,"Citizen Watch Co., Ltd.",円安メリット,内需・消費,8,5,7,ノイズ候補,C,needs_review_macro,事業概要に直接根拠を確認できず,,0,,https://www.citizen.co.jp,EQUITY,Consumer Cyclical,Footwear & Accessories,https://www.citizen.co.jp
9,7762,"Citizen Watch Co., Ltd.",工作機械,設備投資・機械,92,90,91,主力テーマ,A,ok,direct=machine tool; position=0.24; official=工作機械; count=7; pos=0.10,工作機械,7,0.1040,https://www.citizen.co.jp,EQUITY,Consumer Cyclical,Footwear & Accessories,https://www.citizen.co.jp
9,7762,"Citizen Watch Co., Ltd.",自動車部材・部品,自動車・モビリティ,82,74,80,主力テーマ,B,ok,direct=automotive components; position=0.49,,0,,https://www.citizen.co.jp,EQUITY,Consumer Cyclical,Footwear & Accessories,https://www.citizen.co.jp
9,7769,"Rhythm Co.,Ltd.",半導体製造装置,AI・半導体,8,5,7,ノイズ候補,C,needs_review,事業概要に直接根拠を確認できず,,0,,https://www.rhythm.co.jp,EQUITY,Consumer Cyclical,Luxury Goods,https://www.rhythm.co.jp
9,7769,"Rhythm Co.,Ltd.",太陽光発電関連,GX・エネルギー,8,5,7,ノイズ候補,C,needs_review,事業概要に直接根拠を確認できず,,0,,https://www.rhythm.co.jp,EQUITY,Consumer Cyclical,Luxury Goods,https://www.rhythm.co.jp
9,7769,"Rhythm Co.,Ltd.",自動車部材・部品,自動車・モビリティ,42,30,38,ノイズ候補,C,needs_review,adjacent=vehicle,,0,,https://www.rhythm.co.jp,EQUITY,Consumer Cyclical,Luxury Goods,https://www.rhythm.co.jp
9,7774,"Japan Tissue Engineering Co., Ltd.",バイオテクノロジー関連,医療・ヘルスケア,94,96,95,主力テーマ,A,ok,industry=Biotechnology; direct=biotechnology/biotech; growth=development,,0,,https://www.jpte.co.jp,EQUITY,Healthcare,Biotechnology,https://www.jpte.co.jp
9,7774,"Japan Tissue Engineering Co., Ltd.",再生医療,医療・ヘルスケア,97,99,98,主力テーマ,A,ok,direct=regenerative medicine/tissue engineering; position=0.01; growth=development; official=再生医療; count=11; pos=0.02,再生医療,11,0.0184,https://www.jpte.co.jp,EQUITY,Healthcare,Biotechnology,https://www.jpte.co.jp
9,7775,"Daiken Medical Co., Ltd.",医療機器,医療・ヘルスケア,58,56,57,補助関連,C,needs_review,direct=medical equipment; position=0.77; growth=development,,0,,https://daiken-iki.co.jp | https://daiken-iki.co.jp/company/ | https://daiken-iki.co.jp/company/jigyo/,EQUITY,Healthcare,Medical Instruments & Supplies,https://daiken-iki.co.jp
9,7776,CellSeed Inc.,バイオテクノロジー関連,医療・ヘルスケア,94,96,95,主力テーマ,A,ok,industry=Biotechnology; direct=biotechnology/biotech; growth=development,,0,,https://www.cellseed.com | https://www.cellseed.com/business/ | https://www.cellseed.com/business/cellsheet/,EQUITY,Healthcare,Biotechnology,https://www.cellseed.com
9,7776,CellSeed Inc.,再生医療,医療・ヘルスケア,92,94,93,主力テーマ,A,ok,direct=regenerative medicine; position=0.04; growth=development; official=再生医療; count=28; pos=0.07,再生医療,28,0.0650,https://www.cellseed.com | https://www.cellseed.com/business/ | https://www.cellseed.com/business/cellsheet/,EQUITY,Healthcare,Biotechnology,https://www.cellseed.com
9,7776,CellSeed Inc.,医薬品関連,医療・ヘルスケア,8,5,7,ノイズ候補,C,needs_review,事業概要に直接根拠を確認できず,,0,,https://www.cellseed.com | https://www.cellseed.com/business/ | https://www.cellseed.com/business/cellsheet/,EQUITY,Healthcare,Biotechnology,https://www.cellseed.com
9,7777,"3-D Matrix, Ltd.",バイオテクノロジー関連,医療・ヘルスケア,8,5,7,ノイズ候補,C,needs_review,事業概要に直接根拠を確認できず,,0,,https://www.3d-matrix.co.jp,EQUITY,Healthcare,Medical Devices,https://www.3d-matrix.co.jp
9,7777,"3-D Matrix, Ltd.",再生医療,医療・ヘルスケア,87,89,88,主力テーマ,A,ok,direct=regenerative medicine/cell therapy; position=0.40; growth=developing,,0,,https://www.3d-matrix.co.jp,EQUITY,Healthcare,Medical Devices,https://www.3d-matrix.co.jp
9,7779,CYBERDYNE Inc.,サービスロボット,設備投資・機械,86,78,84,主力テーマ,B,ok,direct=cleaning robot; position=0.33,,0,,https://www.cyberdyne.jp | https://www.cyberdyne.jp/products | https://www.cyberdyne.jp/,EQUITY,Healthcare,Medical Devices,https://www.cyberdyne.jp
9,7779,CYBERDYNE Inc.,フィジカルAI,AI・半導体,42,30,38,ノイズ候補,C,needs_review,adjacent=robot,,0,,https://www.cyberdyne.jp | https://www.cyberdyne.jp/products | https://www.cyberdyne.jp/,EQUITY,Healthcare,Medical Devices,https://www.cyberdyne.jp
9,7779,CYBERDYNE Inc.,ロボット,AI・半導体,92,84,90,主力テーマ,A,ok,direct=robot; position=0.02; official=ロボット; count=5; pos=0.02,ロボット,5,0.0248,https://www.cyberdyne.jp | https://www.cyberdyne.jp/products | https://www.cyberdyne.jp/,EQUITY,Healthcare,Medical Devices,https://www.cyberdyne.jp
9,7779,CYBERDYNE Inc.,人工知能,AI・半導体,72,68,71,有力関連,B,needs_review,事業概要に直接根拠を確認できず; official=AI; count=2; pos=0.24,AI,2,0.2425,https://www.cyberdyne.jp | https://www.cyberdyne.jp/products | https://www.cyberdyne.jp/,EQUITY,Healthcare,Medical Devices,https://www.cyberdyne.jp
9,7779,CYBERDYNE Inc.,介護関連,医療・ヘルスケア,58,46,54,補助関連,C,needs_review,direct=nursing care; position=0.86,,0,,https://www.cyberdyne.jp | https://www.cyberdyne.jp/products | https://www.cyberdyne.jp/,EQUITY,Healthcare,Medical Devices,https://www.cyberdyne.jp
9,7780,"Menicon Co., Ltd.",サブスクリプション,デジタル・サービス,8,5,7,ノイズ候補,C,needs_review,事業概要に直接根拠を確認できず,,0,,https://www.menicon.co.jp,EQUITY,Healthcare,Medical Instruments & Supplies,https://www.menicon.co.jp
9,7790,"BARCOS Co., Ltd.",eコマース,内需・消費,0,0,0,ノイズ候補,C,non_operating_security,事業会社ではないため事業関連度の対象外,,0,,,MUTUALFUND,,,
9,7791,"Dreambed Co.,Ltd.",住宅関連,不動産・建設,8,5,7,ノイズ候補,C,needs_review,事業概要に直接根拠を確認できず,,0,,https://dreambed.jp,EQUITY,Consumer Cyclical,"Furnishings, Fixtures & Appliances",https://dreambed.jp
9,7792,"Colan Totte.Co.,Ltd.",eコマース,内需・消費,92,90,91,主力テーマ,A,official_site_supported,direct=e-commerce; position=0.80; growth=develops; official=EC; count=7; pos=0.11,EC,7,0.1126,https://www.colantotte.co.jp | https://colantotte.co.jp/company/ | https://colantotte.co.jp/company/outline/,EQUITY,Healthcare,Medical Devices,https://www.colantotte.co.jp
9,7792,"Colan Totte.Co.,Ltd.",ホームヘルスケア,医療・ヘルスケア,8,5,7,ノイズ候補,C,needs_review,事業概要に直接根拠を確認できず,,0,,https://www.colantotte.co.jp | https://colantotte.co.jp/company/ | https://colantotte.co.jp/company/outline/,EQUITY,Healthcare,Medical Devices,https://www.colantotte.co.jp
9,7792,"Colan Totte.Co.,Ltd.",介護関連,医療・ヘルスケア,8,5,7,ノイズ候補,C,needs_review,事業概要に直接根拠を確認できず,,0,,https://www.colantotte.co.jp | https://colantotte.co.jp/company/ | https://colantotte.co.jp/company/outline/,EQUITY,Healthcare,Medical Devices,https://www.colantotte.co.jp
9,7792,"Colan Totte.Co.,Ltd.",医療機器,医療・ヘルスケア,92,90,91,主力テーマ,A,ok,direct=medical device; growth=develops; official=医療機器; count=16; pos=0.03,医療機器,16,0.0272,https://www.colantotte.co.jp | https://colantotte.co.jp/company/ | https://colantotte.co.jp/company/outline/,EQUITY,Healthcare,Medical Devices,https://www.colantotte.co.jp
9,7793,IMAGE MAGIC Inc.,IoT,設備投資・機械,8,5,7,ノイズ候補,C,needs_review,事業概要に直接根拠を確認できず,,0,,https://imagemagic.jp,EQUITY,Industrials,Specialty Business Services,https://imagemagic.jp
9,7793,IMAGE MAGIC Inc.,SaaS,デジタル・サービス,8,5,7,ノイズ候補,C,needs_review,事業概要に直接根拠を確認できず,,0,,https://imagemagic.jp,EQUITY,Industrials,Specialty Business Services,https://imagemagic.jp
9,7793,IMAGE MAGIC Inc.,eコマース,内需・消費,58,56,57,補助関連,C,needs_review,direct=e-commerce; position=0.76; growth=development,,0,,https://imagemagic.jp,EQUITY,Industrials,Specialty Business Services,https://imagemagic.jp
9,7793,IMAGE MAGIC Inc.,クラウドコンピューティング,デジタル・サービス,8,5,7,ノイズ候補,C,needs_review,事業概要に直接根拠を確認できず,,0,,https://imagemagic.jp,EQUITY,Industrials,Specialty Business Services,https://imagemagic.jp
9,7793,IMAGE MAGIC Inc.,デジタルトランスフォーメーション,デジタル・サービス,8,5,7,ノイズ候補,C,needs_review,事業概要に直接根拠を確認できず,,0,,https://imagemagic.jp,EQUITY,Industrials,Specialty Business Services,https://imagemagic.jp
9,7794,EDP Corporation,半導体部材・部品,AI・半導体,42,40,41,補助関連,C,needs_review,adjacent=semiconductor; growth=development,,0,,https://www.d-edp.jp | https://www.d-edp.jp/technology/quality/ | https://www.d-edp.jp/products/,EQUITY,Consumer Cyclical,Luxury Goods,https://www.d-edp.jp
9,7795,"Kyoritsu Co.,Ltd.",物流,物流・海運,8,5,7,ノイズ候補,C,needs_review,事業概要に直接根拠を確認できず,,0,,https://www.kyoritsu-hd.co.jp,EQUITY,Industrials,Conglomerates,https://www.kyoritsu-hd.co.jp
9,7803,Bushiroad Inc.,ゲーム関連,デジタル・サービス,92,90,91,主力テーマ,A,official_site_supported,adjacent=gaming; growth=develops/development; official=ゲーム; count=7; pos=0.09,ゲーム,7,0.0926,https://bushiroad.co.jp,EQUITY,Communication Services,Electronic Gaming & Multimedia,https://bushiroad.co.jp
9,7804,"B&P Co.,Ltd.",3Dプリンター,設備投資・機械,72,78,74,有力関連,B,needs_review,事業概要に直接根拠を確認できず; official=３Ｄプリンタ; count=1; pos=0.90,３Ｄプリンタ,1,0.8961,https://www.bandp.co.jp | https://www.bandp.co.jp/ar/ | https://www.bandp.co.jp/company/,EQUITY,Communication Services,Advertising Agencies,https://www.bandp.co.jp
9,7804,"B&P Co.,Ltd.",eコマース,内需・消費,85,91,87,主力テーマ,A,official_site_supported,事業概要に直接根拠を確認できず; official=EC; count=3; pos=0.21,EC,3,0.2135,https://www.bandp.co.jp | https://www.bandp.co.jp/ar/ | https://www.bandp.co.jp/company/,EQUITY,Communication Services,Advertising Agencies,https://www.bandp.co.jp
9,7804,"B&P Co.,Ltd.",ゲーム関連,デジタル・サービス,8,5,7,ノイズ候補,C,needs_review,事業概要に直接根拠を確認できず,,0,,https://www.bandp.co.jp | https://www.bandp.co.jp/ar/ | https://www.bandp.co.jp/company/,EQUITY,Communication Services,Advertising Agencies,https://www.bandp.co.jp
9,7806,"MTG Co., Ltd.",IoT,設備投資・機械,8,5,7,ノイズ候補,C,needs_review,事業概要に直接根拠を確認できず,,0,,https://www.mtg.gr.jp | https://www.mtg.gr.jp/company/,EQUITY,Consumer Defensive,Household & Personal Products,https://www.mtg.gr.jp
9,7807,"Kowa Co.,Ltd.",ホームヘルスケア,医療・ヘルスケア,8,5,7,ノイズ候補,C,needs_review,事業概要に直接根拠を確認できず,,0,,https://kowa-seisakusho.co.jp | https://kowa-seisakusho.co.jp/profile/information/ | https://kowa-seisakusho.co.jp/profile/office/,EQUITY,Consumer Cyclical,"Furnishings, Fixtures & Appliances",https://kowa-seisakusho.co.jp
9,7807,"Kowa Co.,Ltd.",介護関連,医療・ヘルスケア,92,90,91,主力テーマ,A,ok,direct=nursing care; position=0.10; official=介護; count=12; pos=0.00,介護,12,0.0026,https://kowa-seisakusho.co.jp | https://kowa-seisakusho.co.jp/profile/information/ | https://kowa-seisakusho.co.jp/profile/office/,EQUITY,Consumer Cyclical,"Furnishings, Fixtures & Appliances",https://kowa-seisakusho.co.jp
9,7808,"C.S. Lumber Co., Inc",不動産関連,不動産・建設,72,68,71,有力関連,B,needs_review,adjacent=real estate; official=不動産; count=22; pos=0.01,不動産,22,0.0065,https://www.c-s-lumber.co.jp | https://www.c-s-lumber.co.jp/service/precut | https://www.c-s-lumber.co.jp/service/building_contractor,EQUITY,Basic Materials,Lumber & Wood Production,https://www.c-s-lumber.co.jp
9,7808,"C.S. Lumber Co., Inc",建設,不動産・建設,72,68,71,有力関連,B,needs_review,adjacent=construction; official=建設; count=8; pos=0.05,建設,8,0.0466,https://www.c-s-lumber.co.jp | https://www.c-s-lumber.co.jp/service/precut | https://www.c-s-lumber.co.jp/service/building_contractor,EQUITY,Basic Materials,Lumber & Wood Production,https://www.c-s-lumber.co.jp
9,7809,"Kotobukiya Co., Ltd.",インバウンド,内需・消費,8,5,7,ノイズ候補,C,needs_review_macro,事業概要に直接根拠を確認できず,,0,,https://www.kotobukiya.co.jp,EQUITY,Consumer Cyclical,Leisure,https://www.kotobukiya.co.jp
9,7812,CRESTEC Inc.,人工知能,AI・半導体,92,90,91,主力テーマ,A,official_site_supported,事業概要に直接根拠を確認できず; official=AI; count=10; pos=0.08,AI,10,0.0845,https://www.crestec.co.jp | https://www.crestec.co.jp/company/ | https://www.crestec.co.jp/business/,EQUITY,Industrials,Specialty Business Services,https://www.crestec.co.jp
9,7813,"Platz Co., Ltd.",介護関連,医療・ヘルスケア,92,90,91,主力テーマ,A,ok,direct=nursing care/care facility; position=0.22; official=介護; count=16; pos=0.05,介護,16,0.0514,https://www.platz-ltd.co.jp | https://www.platz-ltd.co.jp/about/company.html | https://www.platz-ltd.co.jp/product/,EQUITY,Healthcare,Medical Instruments & Supplies,https://www.platz-ltd.co.jp
9,7814,"JAPAN Creative Platform Group Co., Ltd.",3Dプリンター,設備投資・機械,8,5,7,ノイズ候補,C,needs_review,事業概要に直接根拠を確認できず,,0,,https://www.jcpg.co.jp,EQUITY,Industrials,Specialty Business Services,https://www.jcpg.co.jp
9,7815,"Tokyo Board Industries Co., Ltd.",住宅関連,不動産・建設,8,5,7,ノイズ候補,C,needs_review,事業概要に直接根拠を確認できず,,0,,https://www.t-b-i.co.jp | https://www.t-b-i.co.jp/profile | https://www.t-b-i.co.jp/contact/product,EQUITY,Basic Materials,Lumber & Wood Production,https://www.t-b-i.co.jp
9,7815,"Tokyo Board Industries Co., Ltd.",耐震化,防衛・国土強靱化,90,96,92,主力テーマ,A,official_site_supported,事業概要に直接根拠を確認できず; official=耐震; count=1; pos=0.12,耐震,1,0.1196,https://www.t-b-i.co.jp | https://www.t-b-i.co.jp/profile | https://www.t-b-i.co.jp/contact/product,EQUITY,Basic Materials,Lumber & Wood Production,https://www.t-b-i.co.jp
9,7819,SHOBIDO Corporation,インバウンド,内需・消費,8,5,7,ノイズ候補,C,needs_review_macro,事業概要に直接根拠を確認できず,,0,,https://www.shobido-corp.co.jp,EQUITY,Consumer Defensive,Household & Personal Products,https://www.shobido-corp.co.jp
9,7820,"Nihon Flush Co., Ltd.",マンション関連,不動産・建設,8,5,7,ノイズ候補,C,needs_review,事業概要に直接根拠を確認できず,,0,,https://www.nfnf.co.jp | https://www.nfnf.co.jp/company.shtml | https://www.nfnf.co.jp/products/index.shtml,EQUITY,Industrials,Building Products & Equipment,https://www.nfnf.co.jp
9,7821,"Maeda Kosen Co., Ltd.",半導体製造装置,AI・半導体,8,5,7,ノイズ候補,C,needs_review,事業概要に直接根拠を確認できず,,0,,https://www.maedakosen.jp | https://www.maedakosen.jp/about/office/ | https://www.maedakosen.jp/about/company/,EQUITY,Basic Materials,Building Materials,https://www.maedakosen.jp
9,7821,"Maeda Kosen Co., Ltd.",国土強靱化,防衛・国土強靱化,92,98,94,主力テーマ,A,official_site_supported,adjacent=civil engineering/tunnel; official=国土強靭化; count=6; pos=0.01,国土強靭化,6,0.0082,https://www.maedakosen.jp | https://www.maedakosen.jp/about/office/ | https://www.maedakosen.jp/about/company/,EQUITY,Basic Materials,Building Materials,https://www.maedakosen.jp
9,7821,"Maeda Kosen Co., Ltd.",耐震化,防衛・国土強靱化,42,30,38,ノイズ候補,C,needs_review,adjacent=reinforcement,,0,,https://www.maedakosen.jp | https://www.maedakosen.jp/about/office/ | https://www.maedakosen.jp/about/company/,EQUITY,Basic Materials,Building Materials,https://www.maedakosen.jp
9,7821,"Maeda Kosen Co., Ltd.",自動車部材・部品,自動車・モビリティ,42,30,38,ノイズ候補,C,needs_review,adjacent=automotive,,0,,https://www.maedakosen.jp | https://www.maedakosen.jp/about/office/ | https://www.maedakosen.jp/about/company/,EQUITY,Basic Materials,Building Materials,https://www.maedakosen.jp
9,7821,"Maeda Kosen Co., Ltd.",防災,防衛・国土強靱化,86,78,84,主力テーマ,B,ok,direct=disaster prevention; position=0.36,,0,,https://www.maedakosen.jp | https://www.maedakosen.jp/about/office/ | https://www.maedakosen.jp/about/company/,EQUITY,Basic Materials,Building Materials,https://www.maedakosen.jp
9,7822,"Eidai Co.,Ltd.",住宅関連,不動産・建設,42,30,38,ノイズ候補,C,needs_review,adjacent=residential,,0,,https://www.eidai.com,EQUITY,Consumer Cyclical,"Furnishings, Fixtures & Appliances",https://www.eidai.com
9,7826,"Furuya Metal Co., Ltd.",レアメタル,資源・素材,8,5,7,ノイズ候補,C,needs_review,事業概要に直接根拠を確認できず,,0,,https://www.furuyametals.co.jp,EQUITY,Technology,Electronic Components,https://www.furuyametals.co.jp
9,7826,"Furuya Metal Co., Ltd.",半導体製造装置,AI・半導体,42,40,41,補助関連,C,needs_review,adjacent=semiconductor; growth=develops,,0,,https://www.furuyametals.co.jp,EQUITY,Technology,Electronic Components,https://www.furuyametals.co.jp
9,7826,"Furuya Metal Co., Ltd.",半導体部材・部品,AI・半導体,42,40,41,補助関連,C,needs_review,adjacent=semiconductor; growth=develops,,0,,https://www.furuyametals.co.jp,EQUITY,Technology,Electronic Components,https://www.furuyametals.co.jp
9,7826,"Furuya Metal Co., Ltd.",都市鉱山,資源・素材,42,40,41,補助関連,C,needs_review,adjacent=recycling; growth=develops,,0,,https://www.furuyametals.co.jp,EQUITY,Technology,Electronic Components,https://www.furuyametals.co.jp
9,7827,Orvis Corporation,太陽光発電関連,GX・エネルギー,90,78,86,主力テーマ,A,ok,direct=solar power; position=0.37; official=太陽光発電; count=2; pos=0.00,太陽光発電,2,0.0020,https://www.orvis.co.jp | https://orvis.co.jp/company/ | https://orvis.co.jp/company/access.html,EQUITY,Industrials,Conglomerates,https://www.orvis.co.jp
9,7832,BANDAI NAMCO Holdings Inc.,ゲーム関連,デジタル・サービス,66,70,67,有力関連,B,qa_borderline,direct=video game; position=0.54; growth=develops/development,,0,,https://www.bandainamco.co.jp,EQUITY,Consumer Cyclical,Leisure,https://www.bandainamco.co.jp
9,7832,BANDAI NAMCO Holdings Inc.,ロボット,AI・半導体,8,5,7,ノイズ候補,C,needs_review,事業概要に直接根拠を確認できず,,0,,https://www.bandainamco.co.jp,EQUITY,Consumer Cyclical,Leisure,https://www.bandainamco.co.jp
9,7832,BANDAI NAMCO Holdings Inc.,空飛ぶクルマ,自動車・モビリティ,8,5,7,ノイズ候補,C,needs_review,事業概要に直接根拠を確認できず,,0,,https://www.bandainamco.co.jp,EQUITY,Consumer Cyclical,Leisure,https://www.bandainamco.co.jp
9,7837,"R. C. Core Co., Ltd.",住宅関連,不動産・建設,46,46,46,補助関連,C,needs_review,adjacent=housing/residential; growth=develops/development,,0,,https://www.rccore.co.jp,EQUITY,Real Estate,Real Estate - Development,https://www.rccore.co.jp
9,7837,"R. C. Core Co., Ltd.",建設,不動産・建設,42,42,42,補助関連,C,needs_review,adjacent=construction; growth=develops/development,,0,,https://www.rccore.co.jp,EQUITY,Real Estate,Real Estate - Development,https://www.rccore.co.jp
9,7840,"France Bed Holdings Co., Ltd.",ホームヘルスケア,医療・ヘルスケア,8,5,7,ノイズ候補,C,needs_review,事業概要に直接根拠を確認できず,,0,,https://francebed-hd.co.jp | https://francebed-hd.co.jp/company/ | https://francebed-hd.co.jp/company/about/,EQUITY,Consumer Cyclical,"Furnishings, Fixtures & Appliances",https://francebed-hd.co.jp
9,7840,"France Bed Holdings Co., Ltd.",介護関連,医療・ヘルスケア,91,97,93,主力テーマ,A,ok,direct=nursing care/long-term care; position=0.22; official=介護; count=2; pos=0.32,介護,2,0.3188,https://francebed-hd.co.jp | https://francebed-hd.co.jp/company/ | https://francebed-hd.co.jp/company/about/,EQUITY,Consumer Cyclical,"Furnishings, Fixtures & Appliances",https://francebed-hd.co.jp
9,7841,"Endo Manufacturing Co., Ltd.",自動車部材・部品,自動車・モビリティ,72,68,71,有力関連,B,needs_review,adjacent=vehicle; official=自動車部品; count=2; pos=0.87,自動車部品,2,0.8700,https://www.endo-mfg.co.jp | https://endo-mfg.co.jp/business/ | https://endo-mfg.co.jp/company/,EQUITY,Consumer Cyclical,Leisure,https://www.endo-mfg.co.jp
9,7844,Marvelous Inc.,ゲーム関連,デジタル・サービス,86,92,88,主力テーマ,A,ok,direct=online game; position=0.35; growth=development/commercialization; official=ゲーム; count=5; pos=0.25,ゲーム,5,0.2499,https://corp.marv.jp,EQUITY,Communication Services,Electronic Gaming & Multimedia,https://corp.marv.jp
9,7851,Kawase Computer Supplies Co Ltd,クラウドコンピューティング,デジタル・サービス,92,98,94,主力テーマ,A,official_site_supported,adjacent=cloud; official=クラウド/クラウドサービス; count=17; pos=0.02,クラウド | クラウドサービス,17,0.0193,https://www.kc-s.co.jp | https://www.kc-s.co.jp/service/ | https://www.kc-s.co.jp/service/ebs/,EQUITY,Industrials,Specialty Business Services,https://www.kc-s.co.jp
9,7856,Hagihara Industries Inc.,機械,設備投資・機械,92,84,90,主力テーマ,A,ok,direct=industrial machinery; position=0.10; official=機械; count=13; pos=0.00,機械,13,0.0030,https://www.hagihara.co.jp | https://www.hagihara.co.jp/company/outline | https://www.hagihara.co.jp/company/locations,EQUITY,Consumer Cyclical,Textile Manufacturing,https://www.hagihara.co.jp
9,7856,Hagihara Industries Inc.,防災,防衛・国土強靱化,58,46,54,補助関連,C,needs_review,direct=disaster prevention; position=0.76,,0,,https://www.hagihara.co.jp | https://www.hagihara.co.jp/company/outline | https://www.hagihara.co.jp/company/locations,EQUITY,Consumer Cyclical,Textile Manufacturing,https://www.hagihara.co.jp
9,7859,Almedio Inc.,円安メリット,内需・消費,8,5,7,ノイズ候補,C,needs_review_macro,事業概要に直接根拠を確認できず,,0,,https://www.almedio.co.jp | https://www.almedio.co.jp/cp/ | https://www.almedio.co.jp/cp/profile/,EQUITY,Technology,Electronic Components,https://www.almedio.co.jp
9,7860,Avex Inc.,フィンテック,金融・金利,8,5,7,ノイズ候補,C,needs_review,事業概要に直接根拠を確認できず,,0,,https://avex.com/jp/en | https://avex.com/jp/en/corp/ | https://avex.com/jp/en/corp/outline/,EQUITY,Communication Services,Entertainment,https://avex.com/jp/en
9,7867,"TOMY Company, Ltd.",ロボット,AI・半導体,82,74,80,主力テーマ,B,ok,direct=robot; position=0.41,,0,,https://www.takaratomy.co.jp,EQUITY,Consumer Cyclical,Leisure,https://www.takaratomy.co.jp
9,7867,"TOMY Company, Ltd.",宇宙開発関連,防衛・国土強靱化,8,5,7,ノイズ候補,C,needs_review,事業概要に直接根拠を確認できず,,0,,https://www.takaratomy.co.jp,EQUITY,Consumer Cyclical,Leisure,https://www.takaratomy.co.jp
9,7871,"Fukuvi Chemical Industry Co.,Ltd.",住宅関連,不動産・建設,72,68,71,有力関連,B,needs_review,adjacent=residential; growth=development; official=住宅; count=6; pos=0.25,住宅,6,0.2509,https://www.fukuvi.co.jp | https://www.fukuvi.co.jp/company | https://www.fukuvi.co.jp/company/office,EQUITY,Industrials,Building Products & Equipment,https://www.fukuvi.co.jp
9,7871,"Fukuvi Chemical Industry Co.,Ltd.",耐震化,防衛・国土強靱化,8,5,7,ノイズ候補,C,needs_review,事業概要に直接根拠を確認できず,,0,,https://www.fukuvi.co.jp | https://www.fukuvi.co.jp/company | https://www.fukuvi.co.jp/company/office,EQUITY,Industrials,Building Products & Equipment,https://www.fukuvi.co.jp
9,7871,"Fukuvi Chemical Industry Co.,Ltd.",自動車部材・部品,自動車・モビリティ,42,40,41,補助関連,C,needs_review,adjacent=automotive; growth=development,,0,,https://www.fukuvi.co.jp | https://www.fukuvi.co.jp/company | https://www.fukuvi.co.jp/company/office,EQUITY,Industrials,Building Products & Equipment,https://www.fukuvi.co.jp
9,7872,"Estelle Holdings Co.,Ltd.",小売り,内需・消費,8,5,7,ノイズ候補,C,needs_review,事業概要に直接根拠を確認できず,,0,,https://www.estelle.co.jp | https://www.estelle.co.jp/corporate/outline/ | https://www.estelle.co.jp/business_overview/,EQUITY,Consumer Cyclical,Luxury Goods,https://www.estelle.co.jp
9,7872,"Estelle Holdings Co.,Ltd.",食品,内需・消費,72,68,71,有力関連,B,needs_review,事業概要に直接根拠を確認できず; official=食品; count=7; pos=0.03,食品,7,0.0339,https://www.estelle.co.jp | https://www.estelle.co.jp/corporate/outline/ | https://www.estelle.co.jp/business_overview/,EQUITY,Consumer Cyclical,Luxury Goods,https://www.estelle.co.jp
9,7874,"LEC, Inc.",生活防衛,内需・消費,42,40,41,補助関連,C,needs_review_macro,adjacent=daily necessities; growth=development,,0,,https://www.lecinc.co.jp | https://www.lecinc.co.jp/company/ | https://www.lecinc.co.jp/company/info/,EQUITY,Consumer Defensive,Household & Personal Products,https://www.lecinc.co.jp
9,7875,"Takeda iP Holdings Co.,Ltd.",半導体部材・部品,AI・半導体,42,30,38,ノイズ候補,C,needs_review,adjacent=semiconductor,,0,,https://www.takedaip-hd.co.jp,EQUITY,Communication Services,Publishing,https://www.takedaip-hd.co.jp
9,7875,"Takeda iP Holdings Co.,Ltd.",物流,物流・海運,86,78,84,主力テーマ,B,ok,direct=logistics services; position=0.34,,0,,https://www.takedaip-hd.co.jp,EQUITY,Communication Services,Publishing,https://www.takedaip-hd.co.jp
9,7878,"Kohsai Co.,Ltd.",インバウンド,内需・消費,0,0,0,ノイズ候補,C,non_operating_security,事業会社ではないため事業関連度の対象外,,0,,https://www.kohsai-qq.co.jp | https://www.kohsai-qq.co.jp/about/ | https://www.kohsai-qq.co.jp/product,EQUITY,Consumer Cyclical,Luxury Goods,https://www.kohsai-qq.co.jp
9,7879,Noda Corporation,住宅関連,不動産・建設,58,54,57,補助関連,C,needs_review,事業概要に直接根拠を確認できず; official=住宅; count=2; pos=0.35,住宅,2,0.3538,https://www.noda-co.jp,EQUITY,Industrials,Building Products & Equipment,https://www.noda-co.jp
9,7885,"Takano Co.,Ltd.",医療機器,医療・ヘルスケア,92,90,91,主力テーマ,A,official_site_supported,adjacent=healthcare equipment; official=医療機器; count=17; pos=0.00,医療機器,17,0.0025,https://www.takano-net.co.jp | https://www.takano-net.co.jp/portal/field/health_food/ | https://www.takano-net.co.jp/portal/field/exterior/,EQUITY,Consumer Cyclical,"Furnishings, Fixtures & Appliances",https://www.takano-net.co.jp
9,7885,"Takano Co.,Ltd.",半導体製造装置,AI・半導体,90,68,83,主力テーマ,B,official_site_supported,事業概要に直接根拠を確認できず; official=半導体製造装置; count=2; pos=0.03,半導体製造装置,2,0.0290,https://www.takano-net.co.jp | https://www.takano-net.co.jp/portal/field/health_food/ | https://www.takano-net.co.jp/portal/field/exterior/,EQUITY,Consumer Cyclical,"Furnishings, Fixtures & Appliances",https://www.takano-net.co.jp
9,7886,"Yamato Mobility & Mfg. Co.,Ltd.",物流,物流・海運,42,30,38,ノイズ候補,C,needs_review,adjacent=logistics,,0,,https://www.yamato-in.co.jp,EQUITY,Basic Materials,Specialty Chemicals,https://www.yamato-in.co.jp
9,7887,"Nankai Plywood Co.,Ltd.",住宅関連,不動産・建設,8,5,7,ノイズ候補,C,needs_review,事業概要に直接根拠を確認できず,,0,,https://www.nankaiplywood.co.jp,EQUITY,Consumer Cyclical,"Furnishings, Fixtures & Appliances",https://www.nankaiplywood.co.jp
9,7887,"Nankai Plywood Co.,Ltd.",電線,データセンター・電力,92,84,90,主力テーマ,A,ok,direct=electric wire; position=0.19,,0,,https://www.nankaiplywood.co.jp,EQUITY,Consumer Cyclical,"Furnishings, Fixtures & Appliances",https://www.nankaiplywood.co.jp
9,7888,Sanko Gosei Ltd.,3Dプリンター,設備投資・機械,8,5,7,ノイズ候補,C,needs_review,事業概要に直接根拠を確認できず,,0,,https://www.sankogosei.co.jp | https://www.sankogosei.co.jp/ja/product.html | https://www.sankogosei.co.jp/ja/news/news20260707_0000000000000001.html,EQUITY,Technology,Semiconductor Equipment & Materials,https://www.sankogosei.co.jp
9,7888,Sanko Gosei Ltd.,自動車軽量化,自動車・モビリティ,8,5,7,ノイズ候補,C,needs_review,事業概要に直接根拠を確認できず,,0,,https://www.sankogosei.co.jp | https://www.sankogosei.co.jp/ja/product.html | https://www.sankogosei.co.jp/ja/news/news20260707_0000000000000001.html,EQUITY,Technology,Semiconductor Equipment & Materials,https://www.sankogosei.co.jp
9,7888,Sanko Gosei Ltd.,自動車部材・部品,自動車・モビリティ,42,30,38,ノイズ候補,C,needs_review,adjacent=automotive,,0,,https://www.sankogosei.co.jp | https://www.sankogosei.co.jp/ja/product.html | https://www.sankogosei.co.jp/ja/news/news20260707_0000000000000001.html,EQUITY,Technology,Semiconductor Equipment & Materials,https://www.sankogosei.co.jp
9,7894,,機械,設備投資・機械,8,5,7,ノイズ候補,C,needs_official_ir,事業概要に直接根拠を確認できず,,0,,,,,,
9,7897,"Hokushin Co., Ltd.",住宅関連,不動産・建設,8,5,7,ノイズ候補,C,needs_review,事業概要に直接根拠を確認できず,,0,,https://www.hokushinmdf.co.jp,EQUITY,Basic Materials,Lumber & Wood Production,https://www.hokushinmdf.co.jp
9,7901,Matsumoto Inc.,デジタルトランスフォーメーション,デジタル・サービス,8,5,7,ノイズ候補,C,needs_review,事業概要に直接根拠を確認できず,,0,,https://www.matsumoto-inc.co.jp | https://www.matsumoto-inc.co.jp/service | https://www.matsumoto-inc.co.jp/about,EQUITY,Basic Materials,Paper & Paper Products,https://www.matsumoto-inc.co.jp
9,7908,"Kimoto Co., Ltd.",3Dプリンター,設備投資・機械,8,5,7,ノイズ候補,C,needs_review,事業概要に直接根拠を確認できず,,0,,https://www.kimoto.co.jp | https://www.kimoto.co.jp/products | https://www.kimoto.co.jp/business/consultant,EQUITY,Technology,Electronic Components,https://www.kimoto.co.jp
9,7908,"Kimoto Co., Ltd.",IoT,設備投資・機械,72,68,71,有力関連,B,needs_review,事業概要に直接根拠を確認できず; official=IoT; count=2; pos=0.34,IoT,2,0.3376,https://www.kimoto.co.jp | https://www.kimoto.co.jp/products | https://www.kimoto.co.jp/business/consultant,EQUITY,Technology,Electronic Components,https://www.kimoto.co.jp
9,7908,"Kimoto Co., Ltd.",データ分析・解析,AI・半導体,8,5,7,ノイズ候補,C,needs_review,事業概要に直接根拠を確認できず,,0,,https://www.kimoto.co.jp | https://www.kimoto.co.jp/products | https://www.kimoto.co.jp/business/consultant,EQUITY,Technology,Electronic Components,https://www.kimoto.co.jp
9,7908,"Kimoto Co., Ltd.",建設DX,不動産・建設,8,5,7,ノイズ候補,C,needs_review,事業概要に直接根拠を確認できず,,0,,https://www.kimoto.co.jp | https://www.kimoto.co.jp/products | https://www.kimoto.co.jp/business/consultant,EQUITY,Technology,Electronic Components,https://www.kimoto.co.jp
9,7911,TOPPAN Holdings Inc.,IoT,設備投資・機械,8,5,7,ノイズ候補,C,needs_review,事業概要に直接根拠を確認できず,,0,,https://www.holdings.toppan.com,EQUITY,Industrials,Conglomerates,https://www.holdings.toppan.com
9,7911,TOPPAN Holdings Inc.,ドローン,防衛・国土強靱化,8,5,7,ノイズ候補,C,needs_review,事業概要に直接根拠を確認できず,,0,,https://www.holdings.toppan.com,EQUITY,Industrials,Conglomerates,https://www.holdings.toppan.com
9,7911,TOPPAN Holdings Inc.,マイナンバー,デジタル・サービス,8,5,7,ノイズ候補,C,needs_review,事業概要に直接根拠を確認できず,,0,,https://www.holdings.toppan.com,EQUITY,Industrials,Conglomerates,https://www.holdings.toppan.com
9,7911,TOPPAN Holdings Inc.,全固体電池,自動車・モビリティ,8,5,7,ノイズ候補,C,needs_review,事業概要に直接根拠を確認できず,,0,,https://www.holdings.toppan.com,EQUITY,Industrials,Conglomerates,https://www.holdings.toppan.com
9,7911,TOPPAN Holdings Inc.,半導体製造装置,AI・半導体,42,40,41,補助関連,C,needs_review,adjacent=semiconductor; growth=develops,,0,,https://www.holdings.toppan.com,EQUITY,Industrials,Conglomerates,https://www.holdings.toppan.com
9,7911,TOPPAN Holdings Inc.,水素,GX・エネルギー,8,5,7,ノイズ候補,C,needs_review,事業概要に直接根拠を確認できず,,0,,https://www.holdings.toppan.com,EQUITY,Industrials,Conglomerates,https://www.holdings.toppan.com
9,7912,"Dai Nippon Printing Co., Ltd.",キャッシュレス決済,金融・金利,8,5,7,ノイズ候補,C,needs_review,事業概要に直接根拠を確認できず,,0,,https://www.dnp.co.jp,EQUITY,Industrials,Conglomerates,https://www.dnp.co.jp
9,7912,"Dai Nippon Printing Co., Ltd.",マイナンバー,デジタル・サービス,8,5,7,ノイズ候補,C,needs_review,事業概要に直接根拠を確認できず,,0,,https://www.dnp.co.jp,EQUITY,Industrials,Conglomerates,https://www.dnp.co.jp
9,7912,"Dai Nippon Printing Co., Ltd.",全固体電池,自動車・モビリティ,8,5,7,ノイズ候補,C,needs_review,事業概要に直接根拠を確認できず,,0,,https://www.dnp.co.jp,EQUITY,Industrials,Conglomerates,https://www.dnp.co.jp
9,7912,"Dai Nippon Printing Co., Ltd.",再生医療,医療・ヘルスケア,8,5,7,ノイズ候補,C,needs_review,事業概要に直接根拠を確認できず,,0,,https://www.dnp.co.jp,EQUITY,Industrials,Conglomerates,https://www.dnp.co.jp
9,7912,"Dai Nippon Printing Co., Ltd.",半導体製造装置,AI・半導体,42,40,41,補助関連,C,needs_review,adjacent=semiconductor; growth=development,,0,,https://www.dnp.co.jp,EQUITY,Industrials,Conglomerates,https://www.dnp.co.jp
9,7914,"Kyodo Printing Co., Ltd.",キャッシュレス決済,金融・金利,8,5,7,ノイズ候補,C,needs_review,事業概要に直接根拠を確認できず,,0,,https://www.kyodoprinting.co.jp,EQUITY,Industrials,Specialty Business Services,https://www.kyodoprinting.co.jp
9,7914,"Kyodo Printing Co., Ltd.",マイナンバー,デジタル・サービス,8,5,7,ノイズ候補,C,needs_review,事業概要に直接根拠を確認できず,,0,,https://www.kyodoprinting.co.jp,EQUITY,Industrials,Specialty Business Services,https://www.kyodoprinting.co.jp
9,7915,"Nissha Co., Ltd.",医療機器,医療・ヘルスケア,42,40,41,補助関連,C,needs_review,adjacent=surgical; growth=development,,0,,https://www.nissha.com,EQUITY,Technology,Electronic Components,https://www.nissha.com
9,7917,ZACROS Corporation,医療機器,医療・ヘルスケア,8,5,7,ノイズ候補,C,needs_review,事業概要に直接根拠を確認できず,,0,,https://www.zacros.co.jp | https://www.zacros.co.jp/company-profile/ | https://www.zacros.co.jp/products/,EQUITY,Consumer Cyclical,Packaging & Containers,https://www.zacros.co.jp
9,7917,ZACROS Corporation,太陽光発電関連,GX・エネルギー,8,5,7,ノイズ候補,C,needs_review,事業概要に直接根拠を確認できず,,0,,https://www.zacros.co.jp | https://www.zacros.co.jp/company-profile/ | https://www.zacros.co.jp/products/,EQUITY,Consumer Cyclical,Packaging & Containers,https://www.zacros.co.jp
9,7918,"VIA Holdings,Inc.",外食,内需・消費,94,86,92,主力テーマ,A,ok,industry=Restaurants; direct=restaurant/food service; position=0.20,,0,,https://www.via-hd.co.jp,EQUITY,Consumer Cyclical,Restaurants,https://www.via-hd.co.jp
9,7927,Muto Seiko Co.,自動車部材・部品,自動車・モビリティ,42,30,38,ノイズ候補,C,needs_review,adjacent=automotive,,0,,https://www.muto.co.jp,EQUITY,Technology,Electronic Components,https://www.muto.co.jp
9,7928,"Asahi Kagaku Kogyo Co.,Ltd.",自動車部材・部品,自動車・モビリティ,86,82,85,主力テーマ,A,ok,direct=auto parts; position=0.30; official=自動車部品; count=4; pos=0.23,自動車部品,4,0.2306,https://www.asahikagakukogyo.co.jp | https://www.asahikagakukogyo.co.jp/product,EQUITY,Industrials,Tools & Accessories,https://www.asahikagakukogyo.co.jp
9,7931,"Mirai Industry Co.,Ltd.",データセンター,データセンター・電力,58,46,54,補助関連,C,needs_review,direct=data center; position=0.81,,0,,https://www.mirai.co.jp,EQUITY,Industrials,Electrical Equipment & Parts,https://www.mirai.co.jp
9,7932,"Nippi,Incorporated",バイオテクノロジー関連,医療・ヘルスケア,42,42,42,補助関連,C,needs_review,adjacent=life science; growth=development/research,,0,,https://www.nippi-inc.co.jp,EQUITY,Consumer Cyclical,Footwear & Accessories,https://www.nippi-inc.co.jp
9,7932,"Nippi,Incorporated",再生医療,医療・ヘルスケア,8,5,7,ノイズ候補,C,needs_review,事業概要に直接根拠を確認できず,,0,,https://www.nippi-inc.co.jp,EQUITY,Consumer Cyclical,Footwear & Accessories,https://www.nippi-inc.co.jp
9,7932,"Nippi,Incorporated",医薬品関連,医療・ヘルスケア,91,97,93,主力テーマ,A,ok,direct=pharmaceutical/pharma; position=0.33; growth=development/research; official=医薬品/医薬; count=2; pos=0.66,医薬品 | 医薬,2,0.6619,https://www.nippi-inc.co.jp,EQUITY,Consumer Cyclical,Footwear & Accessories,https://www.nippi-inc.co.jp
9,7932,"Nippi,Incorporated",自動車部材・部品,自動車・モビリティ,42,42,42,補助関連,C,needs_review,adjacent=automotive; growth=development/research,,0,,https://www.nippi-inc.co.jp,EQUITY,Consumer Cyclical,Footwear & Accessories,https://www.nippi-inc.co.jp
9,7936,ASICS Corporation,介護関連,医療・ヘルスケア,8,5,7,ノイズ候補,C,needs_review,事業概要に直接根拠を確認できず,,0,,https://corp.asics.com,EQUITY,Consumer Cyclical,Footwear & Accessories,https://corp.asics.com
9,7937,"Tsutsumi Jewelry Co.,Ltd.",小売り,内需・消費,66,56,63,有力関連,B,qa_borderline,direct=retail stores; position=0.56,,0,,https://www.tsutsumi.co.jp | https://www.tsutsumi.co.jp/bridal/service/ | https://www.tsutsumi.co.jp/company/,EQUITY,Consumer Cyclical,Luxury Goods,https://www.tsutsumi.co.jp
9,7938,Regal Corporation,小売り,内需・消費,42,30,38,ノイズ候補,C,needs_review,adjacent=stores,,0,,https://www.regal.co.jp | https://www.regal.co.jp/shoecare-services | https://www.regal.co.jp/various-shop-services,EQUITY,Consumer Cyclical,Footwear & Accessories,https://www.regal.co.jp
9,7942,JSP Corporation,自動車部材・部品,自動車・モビリティ,58,46,54,補助関連,C,needs_review,direct=automotive components; position=0.66,,0,,https://www.jsp.com | https://www.jsp.com/en/company/about/,EQUITY,Consumer Cyclical,Packaging & Containers,https://www.jsp.com
9,7943,Nichiha Corporation,耐震化,防衛・国土強靱化,8,5,7,ノイズ候補,C,needs_review,事業概要に直接根拠を確認できず,,0,,https://www.nichiha.co.jp | https://www.nichiha.co.jp/company/,EQUITY,Industrials,Building Products & Equipment,https://www.nichiha.co.jp
9,7943,Nichiha Corporation,防災,防衛・国土強靱化,8,5,7,ノイズ候補,C,needs_review,事業概要に直接根拠を確認できず,,0,,https://www.nichiha.co.jp | https://www.nichiha.co.jp/company/,EQUITY,Industrials,Building Products & Equipment,https://www.nichiha.co.jp
9,7950,,不動産関連,不動産・建設,8,5,7,ノイズ候補,C,needs_official_ir,事業概要に直接根拠を確認できず,,0,,,,,,
9,7950,,防災,防衛・国土強靱化,8,5,7,ノイズ候補,C,needs_official_ir,事業概要に直接根拠を確認できず,,0,,,,,,
9,7951,Yamaha Corporation,FA関連,設備投資・機械,58,46,54,補助関連,C,needs_review,direct=factory automation; position=0.81,,0,,https://www.yamaha.com,EQUITY,Consumer Cyclical,Leisure,https://www.yamaha.com
9,7951,Yamaha Corporation,人工知能,AI・半導体,8,5,7,ノイズ候補,C,needs_review,事業概要に直接根拠を確認できず,,0,,https://www.yamaha.com,EQUITY,Consumer Cyclical,Leisure,https://www.yamaha.com
9,7951,Yamaha Corporation,半導体,AI・半導体,8,5,7,ノイズ候補,C,needs_review,事業概要に直接根拠を確認できず,,0,,https://www.yamaha.com,EQUITY,Consumer Cyclical,Leisure,https://www.yamaha.com
9,7951,Yamaha Corporation,自動車部材・部品,自動車・モビリティ,8,5,7,ノイズ候補,C,needs_review,事業概要に直接根拠を確認できず,,0,,https://www.yamaha.com,EQUITY,Consumer Cyclical,Leisure,https://www.yamaha.com
9,7952,"Kawai Musical Instruments Manufacturing Co., Ltd.",半導体部材・部品,AI・半導体,72,68,71,有力関連,B,needs_review,事業概要に直接根拠を確認できず; official=半導体材料; count=1; pos=0.81,半導体材料,1,0.8136,https://www.kawai.co.jp | https://www.kawai.co.jp/company/ | https://www.kawai.co.jp/company/business/,EQUITY,Consumer Cyclical,Leisure,https://www.kawai.co.jp
9,7952,"Kawai Musical Instruments Manufacturing Co., Ltd.",自動車部材・部品,自動車・モビリティ,72,68,71,有力関連,B,needs_review,事業概要に直接根拠を確認できず; official=自動車部品; count=1; pos=0.21,自動車部品,1,0.2143,https://www.kawai.co.jp | https://www.kawai.co.jp/company/ | https://www.kawai.co.jp/company/business/,EQUITY,Consumer Cyclical,Leisure,https://www.kawai.co.jp
9,7953,"Kikusui Chemical Industries Co., Ltd.",住宅関連,不動産・建設,8,5,7,ノイズ候補,C,needs_review,事業概要に直接根拠を確認できず,,0,,https://www.kikusui-chem.co.jp,EQUITY,Industrials,Building Products & Equipment,https://www.kikusui-chem.co.jp
9,7956,Pigeon Corporation,インバウンド,内需・消費,8,5,7,ノイズ候補,C,needs_review_macro,事業概要に直接根拠を確認できず,,0,,https://www.pigeon.co.jp,EQUITY,Consumer Defensive,Household & Personal Products,https://www.pigeon.co.jp
9,7956,Pigeon Corporation,介護関連,医療・ヘルスケア,92,98,94,主力テーマ,A,ok,direct=nursing care; position=0.15; official=介護; count=1; pos=0.42,介護,1,0.4151,https://www.pigeon.co.jp,EQUITY,Consumer Defensive,Household & Personal Products,https://www.pigeon.co.jp
9,7963,Koken Ltd.,医療機器,医療・ヘルスケア,82,74,80,主力テーマ,B,ok,direct=medical device,,0,,https://www.koken-ltd.co.jp,EQUITY,Healthcare,Medical Devices,https://www.koken-ltd.co.jp
9,7963,Koken Ltd.,防衛,防衛・国土強靱化,8,5,7,ノイズ候補,C,needs_review,事業概要に直接根拠を確認できず,,0,,https://www.koken-ltd.co.jp,EQUITY,Healthcare,Medical Devices,https://www.koken-ltd.co.jp
9,7965,Zojirushi Corporation,インバウンド,内需・消費,8,5,7,ノイズ候補,C,needs_review_macro,事業概要に直接根拠を確認できず,,0,,https://www.zojirushi.co.jp | https://www.zojirushi.co.jp/syohin/ | https://www.zojirushi.co.jp/syohin/pro_use/,EQUITY,Consumer Cyclical,"Furnishings, Fixtures & Appliances",https://www.zojirushi.co.jp
9,7966,LINTEC Corporation,半導体製造装置,AI・半導体,42,30,38,ノイズ候補,C,needs_review,adjacent=semiconductor,,0,,https://www.lintec-global.com,EQUITY,Basic Materials,Specialty Chemicals,https://www.lintec-global.com
9,7966,LINTEC Corporation,半導体部材・部品,AI・半導体,42,30,38,ノイズ候補,C,needs_review,adjacent=semiconductor,,0,,https://www.lintec-global.com,EQUITY,Basic Materials,Specialty Chemicals,https://www.lintec-global.com
9,7970,"Shin-Etsu Polymer Co.,Ltd.",下水道,防衛・国土強靱化,8,5,7,ノイズ候補,C,needs_review,事業概要に直接根拠を確認できず,,0,,https://www.shinpoly.co.jp | https://www.shinpoly.co.jp/ja/product.html | https://www.shinpoly.co.jp/infra.html,EQUITY,Basic Materials,Specialty Chemicals,https://www.shinpoly.co.jp
9,7970,"Shin-Etsu Polymer Co.,Ltd.",自動車部材・部品,自動車・モビリティ,42,40,41,補助関連,C,needs_review,adjacent=automotive; growth=development,,0,,https://www.shinpoly.co.jp | https://www.shinpoly.co.jp/ja/product.html | https://www.shinpoly.co.jp/infra.html,EQUITY,Basic Materials,Specialty Chemicals,https://www.shinpoly.co.jp
9,7974,"Nintendo Co., Ltd.",ゲーム関連,デジタル・サービス,42,40,41,補助関連,C,needs_review,adjacent=gaming; growth=develops,,0,,https://www.nintendo.co.jp,EQUITY,Communication Services,Electronic Gaming & Multimedia,https://www.nintendo.co.jp
9,7974,"Nintendo Co., Ltd.",サブスクリプション,デジタル・サービス,8,5,7,ノイズ候補,C,needs_review,事業概要に直接根拠を確認できず,,0,,https://www.nintendo.co.jp,EQUITY,Communication Services,Electronic Gaming & Multimedia,https://www.nintendo.co.jp
9,7974,"Nintendo Co., Ltd.",円安メリット,内需・消費,8,5,7,ノイズ候補,C,needs_review_macro,事業概要に直接根拠を確認できず,,0,,https://www.nintendo.co.jp,EQUITY,Communication Services,Electronic Gaming & Multimedia,https://www.nintendo.co.jp
9,7979,Shofu Inc.,医療機器,医療・ヘルスケア,82,84,83,主力テーマ,B,ok,direct=medical equipment; position=0.49; growth=investment,,0,,https://www.shofu.co.jp,EQUITY,Healthcare,Medical Instruments & Supplies,https://www.shofu.co.jp
9,7980,"Shigematsu Works Co., Ltd.",原子力発電,GX・エネルギー,8,5,7,ノイズ候補,C,needs_review,事業概要に直接根拠を確認できず,,0,,https://www.sts-japan.com | https://www.sts-japan.com/products/ | https://www.sts-japan.com/products/topics/,EQUITY,Healthcare,Medical Instruments & Supplies,https://www.sts-japan.com
9,7980,"Shigematsu Works Co., Ltd.",防衛,防衛・国土強靱化,8,5,7,ノイズ候補,C,needs_review,事業概要に直接根拠を確認できず,,0,,https://www.sts-japan.com | https://www.sts-japan.com/products/ | https://www.sts-japan.com/products/topics/,EQUITY,Healthcare,Medical Instruments & Supplies,https://www.sts-japan.com
9,7983,Miroku Corporation,工作機械,設備投資・機械,92,90,91,主力テーマ,A,ok,direct=machine tool; position=0.13; official=工作機械; count=9; pos=0.04,工作機械,9,0.0363,https://www.miroku-jp.com,EQUITY,Industrials,Tools & Accessories,https://www.miroku-jp.com
9,7983,Miroku Corporation,自動車部材・部品,自動車・モビリティ,66,56,63,有力関連,B,qa_borderline,direct=automotive parts; position=0.61,,0,,https://www.miroku-jp.com,EQUITY,Industrials,Tools & Accessories,https://www.miroku-jp.com
9,7984,"Kokuyo Co., Ltd.",教育ICT,デジタル・サービス,8,5,7,ノイズ候補,C,needs_review,事業概要に直接根拠を確認できず,,0,,https://www.kokuyo.com | https://www.kokuyo.com/about/ | https://www.kokuyo.com/about/corporate/,EQUITY,Industrials,Business Equipment & Supplies,https://www.kokuyo.com
9,7986,"Nihon Isk Co.,Ltd.",医療機器,医療・ヘルスケア,82,74,80,主力テーマ,B,ok,direct=medical equipment; position=0.42,,0,,https://www.king-ind.co.jp,EQUITY,Basic Materials,Steel,https://www.king-ind.co.jp
9,7987,"Nakabayashi Co., Ltd.",太陽光発電関連,GX・エネルギー,66,56,63,有力関連,B,qa_borderline,direct=solar power; position=0.62,,0,,https://www.nakabayashi.co.jp,EQUITY,Industrials,Specialty Business Services,https://www.nakabayashi.co.jp
9,7988,Nifco Inc.,自動車軽量化,自動車・モビリティ,8,5,7,ノイズ候補,C,needs_review,事業概要に直接根拠を確認できず,,0,,https://nifco.com,EQUITY,Consumer Cyclical,Auto Parts,https://nifco.com
9,7988,Nifco Inc.,自動車部材・部品,自動車・モビリティ,82,74,80,主力テーマ,B,ok,direct=auto parts,,0,,https://nifco.com,EQUITY,Consumer Cyclical,Auto Parts,https://nifco.com
9,7989,Tachikawa Corporation,機械,設備投資・機械,8,5,7,ノイズ候補,C,needs_review,事業概要に直接根拠を確認できず,,0,,https://www.blind.co.jp,EQUITY,Consumer Cyclical,"Furnishings, Fixtures & Appliances",https://www.blind.co.jp
9,7991,"Mamiya-OP Co., Ltd.",ロボット,AI・半導体,8,5,7,ノイズ候補,C,needs_review,事業概要に直接根拠を確認できず,,0,,https://www.mamiya-op.co.jp | https://www.mamiya-op.co.jp/company/outline/ | https://www.mamiya-op.co.jp/company/actionplan/,EQUITY,Industrials,Business Equipment & Supplies,https://www.mamiya-op.co.jp
9,7991,"Mamiya-OP Co., Ltd.",自動運転車,自動車・モビリティ,86,88,87,主力テーマ,A,ok,direct=autonomous driving; position=0.22; growth=development,,0,,https://www.mamiya-op.co.jp | https://www.mamiya-op.co.jp/company/outline/ | https://www.mamiya-op.co.jp/company/actionplan/,EQUITY,Industrials,Business Equipment & Supplies,https://www.mamiya-op.co.jp
9,7992,"The Sailor Pen Co., Ltd.",ロボット,AI・半導体,92,90,91,主力テーマ,A,official_site_supported,direct=robot; position=0.50; official=ロボット; count=23; pos=0.00,ロボット,23,0.0041,https://www.sailor.co.jp | https://www.sailor.co.jp/robotics/ | https://sailor.co.jp/product-top/,EQUITY,Industrials,Business Equipment & Supplies,https://www.sailor.co.jp
9,7994,Okamura Corporation,ロボット,AI・半導体,42,30,38,ノイズ候補,C,needs_review,adjacent=automation,,0,,https://www.okamura.com | https://www.okamura.com/neocon-2026/,EQUITY,Industrials,Business Equipment & Supplies,https://www.okamura.com
9,7994,Okamura Corporation,物流,物流・海運,42,30,38,ノイズ候補,C,needs_review,adjacent=logistics,,0,,https://www.okamura.com | https://www.okamura.com/neocon-2026/,EQUITY,Industrials,Business Equipment & Supplies,https://www.okamura.com
9,7995,"Valqua, Ltd.",半導体製造装置,AI・半導体,42,40,41,補助関連,C,needs_review,adjacent=semiconductor; growth=expansion,,0,,https://www.valqua.co.jp | https://www.valqua.co.jp/product/ | https://www.valqua.co.jp/product_classification/product_category/,EQUITY,Industrials,Specialty Industrial Machinery,https://www.valqua.co.jp
9,7995,"Valqua, Ltd.",自動車部材・部品,自動車・モビリティ,8,5,7,ノイズ候補,C,needs_review,事業概要に直接根拠を確認できず,,0,,https://www.valqua.co.jp | https://www.valqua.co.jp/product/ | https://www.valqua.co.jp/product_classification/product_category/,EQUITY,Industrials,Specialty Industrial Machinery,https://www.valqua.co.jp
9,8001,ITOCHU Corporation,アンモニア,GX・エネルギー,8,5,7,ノイズ候補,C,needs_review,事業概要に直接根拠を確認できず,,0,,https://www.itochu.co.jp,EQUITY,Industrials,Conglomerates,https://www.itochu.co.jp
9,8001,ITOCHU Corporation,サブスクリプション,デジタル・サービス,8,5,7,ノイズ候補,C,needs_review,事業概要に直接根拠を確認できず,,0,,https://www.itochu.co.jp,EQUITY,Industrials,Conglomerates,https://www.itochu.co.jp
9,8001,ITOCHU Corporation,スマートグリッド,データセンター・電力,8,5,7,ノイズ候補,C,needs_review,事業概要に直接根拠を確認できず,,0,,https://www.itochu.co.jp,EQUITY,Industrials,Conglomerates,https://www.itochu.co.jp
9,8001,ITOCHU Corporation,データセンター,データセンター・電力,8,5,7,ノイズ候補,C,needs_review,事業概要に直接根拠を確認できず,,0,,https://www.itochu.co.jp,EQUITY,Industrials,Conglomerates,https://www.itochu.co.jp
9,8001,ITOCHU Corporation,リチウムイオン電池,自動車・モビリティ,8,5,7,ノイズ候補,C,needs_review,事業概要に直接根拠を確認できず,,0,,https://www.itochu.co.jp,EQUITY,Industrials,Conglomerates,https://www.itochu.co.jp
9,8001,ITOCHU Corporation,レアメタル,資源・素材,8,5,7,ノイズ候補,C,needs_review,事業概要に直接根拠を確認できず,,0,,https://www.itochu.co.jp,EQUITY,Industrials,Conglomerates,https://www.itochu.co.jp
9,8001,ITOCHU Corporation,原子力発電,GX・エネルギー,42,44,43,補助関連,C,needs_review,adjacent=nuclear; growth=develops/development,,0,,https://www.itochu.co.jp,EQUITY,Industrials,Conglomerates,https://www.itochu.co.jp
9,8001,ITOCHU Corporation,太陽光発電関連,GX・エネルギー,8,5,7,ノイズ候補,C,needs_review,事業概要に直接根拠を確認できず,,0,,https://www.itochu.co.jp,EQUITY,Industrials,Conglomerates,https://www.itochu.co.jp
9,8001,ITOCHU Corporation,水素,GX・エネルギー,8,5,7,ノイズ候補,C,needs_review,事業概要に直接根拠を確認できず,,0,,https://www.itochu.co.jp,EQUITY,Industrials,Conglomerates,https://www.itochu.co.jp
9,8001,ITOCHU Corporation,生成AI,AI・半導体,8,5,7,ノイズ候補,C,needs_review,事業概要に直接根拠を確認できず,,0,,https://www.itochu.co.jp,EQUITY,Industrials,Conglomerates,https://www.itochu.co.jp
9,8001,ITOCHU Corporation,総合商社,資源・素材,8,5,7,ノイズ候補,C,needs_review,事業概要に直接根拠を確認できず,,0,,https://www.itochu.co.jp,EQUITY,Industrials,Conglomerates,https://www.itochu.co.jp
9,8001,ITOCHU Corporation,脱炭素,GX・エネルギー,42,44,43,補助関連,C,needs_review,adjacent=renewable energy; growth=develops/development,,0,,https://www.itochu.co.jp,EQUITY,Industrials,Conglomerates,https://www.itochu.co.jp
9,8001,ITOCHU Corporation,蓄電池,GX・エネルギー,8,5,7,ノイズ候補,C,needs_review,事業概要に直接根拠を確認できず,,0,,https://www.itochu.co.jp,EQUITY,Industrials,Conglomerates,https://www.itochu.co.jp
9,8001,ITOCHU Corporation,資源開発,資源・素材,8,5,7,ノイズ候補,C,needs_review,事業概要に直接根拠を確認できず,,0,,https://www.itochu.co.jp,EQUITY,Industrials,Conglomerates,https://www.itochu.co.jp
9,8001,ITOCHU Corporation,防衛,防衛・国土強靱化,8,5,7,ノイズ候補,C,needs_review,事業概要に直接根拠を確認できず,,0,,https://www.itochu.co.jp,EQUITY,Industrials,Conglomerates,https://www.itochu.co.jp
9,8001,ITOCHU Corporation,電気自動車関連,自動車・モビリティ,8,5,7,ノイズ候補,C,needs_review,事業概要に直接根拠を確認できず,,0,,https://www.itochu.co.jp,EQUITY,Industrials,Conglomerates,https://www.itochu.co.jp
9,8001,ITOCHU Corporation,風力発電,GX・エネルギー,8,5,7,ノイズ候補,C,needs_review,事業概要に直接根拠を確認できず,,0,,https://www.itochu.co.jp,EQUITY,Industrials,Conglomerates,https://www.itochu.co.jp
9,8001,ITOCHU Corporation,食品,内需・消費,8,5,7,ノイズ候補,C,needs_review,事業概要に直接根拠を確認できず,,0,,https://www.itochu.co.jp,EQUITY,Industrials,Conglomerates,https://www.itochu.co.jp
9,8002,Marubeni Corporation,3Dプリンター,設備投資・機械,8,5,7,ノイズ候補,C,needs_review,事業概要に直接根拠を確認できず,,0,,https://www.marubeni.com,EQUITY,Industrials,Conglomerates,https://www.marubeni.com
9,8002,Marubeni Corporation,データセンター,データセンター・電力,8,5,7,ノイズ候補,C,needs_review,事業概要に直接根拠を確認できず,,0,,https://www.marubeni.com,EQUITY,Industrials,Conglomerates,https://www.marubeni.com
9,8002,Marubeni Corporation,レアアース,資源・素材,8,5,7,ノイズ候補,C,needs_review,事業概要に直接根拠を確認できず,,0,,https://www.marubeni.com,EQUITY,Industrials,Conglomerates,https://www.marubeni.com
9,8002,Marubeni Corporation,レアメタル,資源・素材,8,5,7,ノイズ候補,C,needs_review,事業概要に直接根拠を確認できず,,0,,https://www.marubeni.com,EQUITY,Industrials,Conglomerates,https://www.marubeni.com
9,8002,Marubeni Corporation,原子力発電,GX・エネルギー,66,70,67,有力関連,B,qa_borderline,direct=nuclear power; position=0.58; growth=development/next-generation,,0,,https://www.marubeni.com,EQUITY,Industrials,Conglomerates,https://www.marubeni.com
9,8002,Marubeni Corporation,太陽光発電関連,GX・エネルギー,8,5,7,ノイズ候補,C,needs_review,事業概要に直接根拠を確認できず,,0,,https://www.marubeni.com,EQUITY,Industrials,Conglomerates,https://www.marubeni.com
9,8002,Marubeni Corporation,水素,GX・エネルギー,8,5,7,ノイズ候補,C,needs_review,事業概要に直接根拠を確認できず,,0,,https://www.marubeni.com,EQUITY,Industrials,Conglomerates,https://www.marubeni.com
9,8002,Marubeni Corporation,海運,物流・海運,8,5,7,ノイズ候補,C,needs_review,事業概要に直接根拠を確認できず,,0,,https://www.marubeni.com,EQUITY,Industrials,Conglomerates,https://www.marubeni.com
9,8002,Marubeni Corporation,空飛ぶクルマ,自動車・モビリティ,8,5,7,ノイズ候補,C,needs_review,事業概要に直接根拠を確認できず,,0,,https://www.marubeni.com,EQUITY,Industrials,Conglomerates,https://www.marubeni.com
9,8002,Marubeni Corporation,総合商社,資源・素材,42,44,43,補助関連,C,needs_review,adjacent=trading business; growth=development/next-generation,,0,,https://www.marubeni.com,EQUITY,Industrials,Conglomerates,https://www.marubeni.com
9,8002,Marubeni Corporation,資源開発,資源・素材,42,44,43,補助関連,C,needs_review,adjacent=oil and gas; growth=development/next-generation,,0,,https://www.marubeni.com,EQUITY,Industrials,Conglomerates,https://www.marubeni.com
9,8002,Marubeni Corporation,銅,資源・素材,8,5,7,ノイズ候補,C,needs_review,事業概要に直接根拠を確認できず,,0,,https://www.marubeni.com,EQUITY,Industrials,Conglomerates,https://www.marubeni.com
9,8002,Marubeni Corporation,電気自動車関連,自動車・モビリティ,72,70,71,有力関連,B,qa_borderline,direct= ev ; position=0.57; growth=development/next-generation; official=EV; count=1; pos=0.87,EV,1,0.8731,https://www.marubeni.com,EQUITY,Industrials,Conglomerates,https://www.marubeni.com
9,8002,Marubeni Corporation,風力発電,GX・エネルギー,8,5,7,ノイズ候補,C,needs_review,事業概要に直接根拠を確認できず,,0,,https://www.marubeni.com,EQUITY,Industrials,Conglomerates,https://www.marubeni.com
9,8002,Marubeni Corporation,食品,内需・消費,92,98,94,主力テーマ,A,ok,direct=beverage; position=0.20; growth=development/next-generation,,0,,https://www.marubeni.com,EQUITY,Industrials,Conglomerates,https://www.marubeni.com
9,8005,Scroll Corporation,eコマース,内需・消費,92,90,91,主力テーマ,A,ok,direct=e-commerce; position=0.06; official=EC/ＥＣ/eコマース; count=17; pos=0.02,EC | ＥＣ | eコマース,17,0.0198,https://www.scroll.jp | https://www.scroll.jp/news/service | https://www.scroll.jp/corporate/,EQUITY,Consumer Cyclical,Internet Retail,https://www.scroll.jp
9,8005,Scroll Corporation,小売り,内需・消費,42,30,38,ノイズ候補,C,needs_review,adjacent=retail,,0,,https://www.scroll.jp | https://www.scroll.jp/news/service | https://www.scroll.jp/corporate/,EQUITY,Consumer Cyclical,Internet Retail,https://www.scroll.jp
9,8005,Scroll Corporation,物流,物流・海運,72,68,71,有力関連,B,needs_review,adjacent=logistics; official=物流; count=5; pos=0.16,物流,5,0.1604,https://www.scroll.jp | https://www.scroll.jp/news/service | https://www.scroll.jp/corporate/,EQUITY,Consumer Cyclical,Internet Retail,https://www.scroll.jp
9,8006,"Yuasa Funashoku Co., Ltd.",不動産関連,不動産・建設,72,68,71,有力関連,B,needs_review,adjacent=real estate; official=不動産; count=13; pos=0.02,不動産,13,0.0152,https://www.yuasa-funashoku.com | https://www.yuasa-funashoku.com/services/ | https://www.yuasa-funashoku.com/company/outline/,EQUITY,Consumer Defensive,Food Distribution,https://www.yuasa-funashoku.com
9,8008,Yondoshi Holdings Inc.,小売り,内需・消費,46,34,42,補助関連,C,needs_review,adjacent=retail/stores,,0,,https://yondoshi.co.jp | https://yondoshi.co.jp/about-us | https://yondoshi.co.jp/about-us/company-overview,EQUITY,Consumer Cyclical,Apparel Manufacturing,https://yondoshi.co.jp
9,8012,"Nagase & Co., Ltd.",バイオテクノロジー関連,医療・ヘルスケア,8,5,7,ノイズ候補,C,needs_review,事業概要に直接根拠を確認できず,,0,,https://www.nagase.co.jp,EQUITY,Basic Materials,Specialty Chemicals,https://www.nagase.co.jp
9,8012,"Nagase & Co., Ltd.",半導体部材・部品,AI・半導体,46,34,42,補助関連,C,needs_review,adjacent=semiconductor/electronic material,,0,,https://www.nagase.co.jp,EQUITY,Basic Materials,Specialty Chemicals,https://www.nagase.co.jp
9,8012,"Nagase & Co., Ltd.",自動車部材・部品,自動車・モビリティ,8,5,7,ノイズ候補,C,needs_review,事業概要に直接根拠を確認できず,,0,,https://www.nagase.co.jp,EQUITY,Basic Materials,Specialty Chemicals,https://www.nagase.co.jp
9,8013,"Naigai Co.,Ltd.",インバウンド,内需・消費,8,5,7,ノイズ候補,C,needs_review_macro,事業概要に直接根拠を確認できず,,0,,https://www.naigai.co.jp,EQUITY,Consumer Cyclical,Apparel Retail,https://www.naigai.co.jp
9,8014,"Chori Co., Ltd.",建設機械,設備投資・機械,8,5,7,ノイズ候補,C,needs_review,事業概要に直接根拠を確認できず,,0,,https://www.chori.co.jp,EQUITY,Industrials,Conglomerates,https://www.chori.co.jp
9,8014,"Chori Co., Ltd.",自動車部材・部品,自動車・モビリティ,42,30,38,ノイズ候補,C,needs_review,adjacent=vehicle,,0,,https://www.chori.co.jp,EQUITY,Industrials,Conglomerates,https://www.chori.co.jp
9,8015,Toyota Tsusho Corporation,リチウムイオン電池,自動車・モビリティ,8,5,7,ノイズ候補,C,needs_review,事業概要に直接根拠を確認できず,,0,,https://www.toyota-tsusho.com,EQUITY,Industrials,Conglomerates,https://www.toyota-tsusho.com
9,8015,Toyota Tsusho Corporation,レアアース,資源・素材,8,5,7,ノイズ候補,C,needs_review,事業概要に直接根拠を確認できず,,0,,https://www.toyota-tsusho.com,EQUITY,Industrials,Conglomerates,https://www.toyota-tsusho.com
9,8015,Toyota Tsusho Corporation,半導体商社,AI・半導体,42,42,42,補助関連,C,needs_review,adjacent=semiconductor; growth=develops/development,,0,,https://www.toyota-tsusho.com,EQUITY,Industrials,Conglomerates,https://www.toyota-tsusho.com
9,8015,Toyota Tsusho Corporation,水素,GX・エネルギー,8,5,7,ノイズ候補,C,needs_review,事業概要に直接根拠を確認できず,,0,,https://www.toyota-tsusho.com,EQUITY,Industrials,Conglomerates,https://www.toyota-tsusho.com
9,8015,Toyota Tsusho Corporation,総合商社,資源・素材,8,5,7,ノイズ候補,C,needs_review,事業概要に直接根拠を確認できず,,0,,https://www.toyota-tsusho.com,EQUITY,Industrials,Conglomerates,https://www.toyota-tsusho.com
9,8015,Toyota Tsusho Corporation,自動車部材・部品,自動車・モビリティ,46,46,46,補助関連,C,needs_review,adjacent=automotive/vehicle; growth=develops/development,,0,,https://www.toyota-tsusho.com,EQUITY,Industrials,Conglomerates,https://www.toyota-tsusho.com
9,8015,Toyota Tsusho Corporation,自動運転車,自動車・モビリティ,8,5,7,ノイズ候補,C,needs_review,事業概要に直接根拠を確認できず,,0,,https://www.toyota-tsusho.com,EQUITY,Industrials,Conglomerates,https://www.toyota-tsusho.com
9,8015,Toyota Tsusho Corporation,資源開発,資源・素材,8,5,7,ノイズ候補,C,needs_review,事業概要に直接根拠を確認できず,,0,,https://www.toyota-tsusho.com,EQUITY,Industrials,Conglomerates,https://www.toyota-tsusho.com
9,8015,Toyota Tsusho Corporation,量子コンピューター,AI・半導体,8,5,7,ノイズ候補,C,needs_review,事業概要に直接根拠を確認できず,,0,,https://www.toyota-tsusho.com,EQUITY,Industrials,Conglomerates,https://www.toyota-tsusho.com
9,8015,Toyota Tsusho Corporation,風力発電,GX・エネルギー,8,5,7,ノイズ候補,C,needs_review,事業概要に直接根拠を確認できず,,0,,https://www.toyota-tsusho.com,EQUITY,Industrials,Conglomerates,https://www.toyota-tsusho.com
9,8016,"Onward Holdings Co., Ltd.",eコマース,内需・消費,82,74,80,主力テーマ,B,ok,direct=e-commerce; position=0.44,,0,,https://www.onward-hd.co.jp,EQUITY,Consumer Cyclical,Apparel Manufacturing,https://www.onward-hd.co.jp
9,8018,"Sankyo Seiko Co., Ltd.",円安メリット,内需・消費,42,30,38,ノイズ候補,C,needs_review_macro,adjacent=exports,,0,,https://www.sankyoseiko.co.jp | https://www.sankyoseiko.co.jp/company/profile/ | https://www.sankyoseiko.co.jp/about/,EQUITY,Consumer Cyclical,Apparel Retail,https://www.sankyoseiko.co.jp
9,8020,Kanematsu Corporation,半導体,AI・半導体,92,98,94,主力テーマ,A,ok,direct=semiconductor; position=0.22; official=半導体; count=9; pos=0.03,半導体,9,0.0251,https://www.kanematsu.co.jp | https://www.kanematsu.co.jp/company | https://www.kanematsu.co.jp/company/profile,EQUITY,Industrials,Conglomerates,https://www.kanematsu.co.jp
9,8020,Kanematsu Corporation,半導体商社,AI・半導体,42,30,38,ノイズ候補,C,needs_review,adjacent=semiconductor,,0,,https://www.kanematsu.co.jp | https://www.kanematsu.co.jp/company | https://www.kanematsu.co.jp/company/profile,EQUITY,Industrials,Conglomerates,https://www.kanematsu.co.jp
9,8020,Kanematsu Corporation,半導体製造装置,AI・半導体,86,78,84,主力テーマ,B,ok,direct=semiconductor equipment; position=0.22,,0,,https://www.kanematsu.co.jp | https://www.kanematsu.co.jp/company | https://www.kanematsu.co.jp/company/profile,EQUITY,Industrials,Conglomerates,https://www.kanematsu.co.jp
9,8020,Kanematsu Corporation,半導体部材・部品,AI・半導体,42,30,38,ノイズ候補,C,needs_review,adjacent=semiconductor,,0,,https://www.kanematsu.co.jp | https://www.kanematsu.co.jp/company | https://www.kanematsu.co.jp/company/profile,EQUITY,Industrials,Conglomerates,https://www.kanematsu.co.jp
9,8020,Kanematsu Corporation,工作機械,設備投資・機械,90,96,92,主力テーマ,A,official_site_supported,direct=machine tool; position=0.62; official=工作機械; count=3; pos=0.05,工作機械,3,0.0510,https://www.kanematsu.co.jp | https://www.kanematsu.co.jp/company | https://www.kanematsu.co.jp/company/profile,EQUITY,Industrials,Conglomerates,https://www.kanematsu.co.jp
9,8020,Kanematsu Corporation,空飛ぶクルマ,自動車・モビリティ,8,5,7,ノイズ候補,C,needs_review,事業概要に直接根拠を確認できず,,0,,https://www.kanematsu.co.jp | https://www.kanematsu.co.jp/company | https://www.kanematsu.co.jp/company/profile,EQUITY,Industrials,Conglomerates,https://www.kanematsu.co.jp
9,8020,Kanematsu Corporation,自動車部材・部品,自動車・モビリティ,92,98,94,主力テーマ,A,official_site_supported,adjacent=vehicle; official=車載部品; count=6; pos=0.05,車載部品,6,0.0488,https://www.kanematsu.co.jp | https://www.kanematsu.co.jp/company | https://www.kanematsu.co.jp/company/profile,EQUITY,Industrials,Conglomerates,https://www.kanematsu.co.jp
9,8020,Kanematsu Corporation,鉄鋼,資源・素材,92,98,94,主力テーマ,A,official_site_supported,adjacent=steel; official=鉄鋼; count=10; pos=0.04,鉄鋼,10,0.0385,https://www.kanematsu.co.jp | https://www.kanematsu.co.jp/company | https://www.kanematsu.co.jp/company/profile,EQUITY,Industrials,Conglomerates,https://www.kanematsu.co.jp
9,8020,Kanematsu Corporation,電気自動車関連,自動車・モビリティ,72,78,74,有力関連,B,needs_review,事業概要に直接根拠を確認できず; official=EV; count=1; pos=0.32,EV,1,0.3245,https://www.kanematsu.co.jp | https://www.kanematsu.co.jp/company | https://www.kanematsu.co.jp/company/profile,EQUITY,Industrials,Conglomerates,https://www.kanematsu.co.jp
9,8020,Kanematsu Corporation,食品,内需・消費,82,74,80,主力テーマ,B,ok,direct=beverage; position=0.43; official=食品; count=6; pos=0.03,食品,6,0.0332,https://www.kanematsu.co.jp | https://www.kanematsu.co.jp/company | https://www.kanematsu.co.jp/company/profile,EQUITY,Industrials,Conglomerates,https://www.kanematsu.co.jp
9,8022,Mizuno Corporation,風力発電,GX・エネルギー,8,5,7,ノイズ候補,C,needs_review,事業概要に直接根拠を確認できず,,0,,https://corp.mizuno.com | https://corp.mizuno.com/jp/about,EQUITY,Consumer Cyclical,Specialty Retail,https://corp.mizuno.com
9,8023,"DAIKO XTECH, Ltd.",IT関連,デジタル・サービス,72,68,71,有力関連,B,qa_borderline,direct=software development; position=0.56; growth=development; official=IT; count=6; pos=0.15,IT,6,0.1452,https://www.daiko-xtech.co.jp | https://www.daiko-xtech.co.jp/event/c/product-introduction/ | https://www.daiko-xtech.co.jp/company/detail/,EQUITY,Technology,Electronics & Computer Distribution,https://www.daiko-xtech.co.jp
9,8023,"DAIKO XTECH, Ltd.",IoT,設備投資・機械,66,66,66,有力関連,B,qa_borderline,direct= iot; position=0.60; growth=development,,0,,https://www.daiko-xtech.co.jp | https://www.daiko-xtech.co.jp/event/c/product-introduction/ | https://www.daiko-xtech.co.jp/company/detail/,EQUITY,Technology,Electronics & Computer Distribution,https://www.daiko-xtech.co.jp
9,8023,"DAIKO XTECH, Ltd.",クラウドコンピューティング,デジタル・サービス,92,98,94,主力テーマ,A,official_site_supported,事業概要に直接根拠を確認できず; official=クラウド/クラウドサービス; count=11; pos=0.14,クラウド | クラウドサービス,11,0.1420,https://www.daiko-xtech.co.jp | https://www.daiko-xtech.co.jp/event/c/product-introduction/ | https://www.daiko-xtech.co.jp/company/detail/,EQUITY,Technology,Electronics & Computer Distribution,https://www.daiko-xtech.co.jp
9,8023,"DAIKO XTECH, Ltd.",サイバーセキュリティ,防衛・国土強靱化,85,91,87,主力テーマ,A,ok,direct=security software; position=0.49; growth=development; official=情報セキュリティ; count=4; pos=0.54,情報セキュリティ,4,0.5371,https://www.daiko-xtech.co.jp | https://www.daiko-xtech.co.jp/event/c/product-introduction/ | https://www.daiko-xtech.co.jp/company/detail/,EQUITY,Technology,Electronics & Computer Distribution,https://www.daiko-xtech.co.jp
9,8023,"DAIKO XTECH, Ltd.",人工知能,AI・半導体,92,98,94,主力テーマ,A,official_site_supported,事業概要に直接根拠を確認できず; official=AI; count=22; pos=0.00,AI,22,0.0006,https://www.daiko-xtech.co.jp | https://www.daiko-xtech.co.jp/event/c/product-introduction/ | https://www.daiko-xtech.co.jp/company/detail/,EQUITY,Technology,Electronics & Computer Distribution,https://www.daiko-xtech.co.jp
9,8023,"DAIKO XTECH, Ltd.",宇宙開発関連,防衛・国土強靱化,8,5,7,ノイズ候補,C,needs_review,事業概要に直接根拠を確認できず,,0,,https://www.daiko-xtech.co.jp | https://www.daiko-xtech.co.jp/event/c/product-introduction/ | https://www.daiko-xtech.co.jp/company/detail/,EQUITY,Technology,Electronics & Computer Distribution,https://www.daiko-xtech.co.jp
9,8029,Look Holdings Incorporated,eコマース,内需・消費,8,5,7,ノイズ候補,C,needs_review,事業概要に直接根拠を確認できず,,0,,https://www.look-holdings.jp,EQUITY,Consumer Cyclical,Apparel Manufacturing,https://www.look-holdings.jp
9,8030,"Chuo Gyorui Co., Ltd.",倉庫,物流・海運,66,56,63,有力関連,B,qa_borderline,direct=cold storage; position=0.54,,0,,https://www.chuogyorui.com/ | https://www.chuogyorui.com/business/ | https://www.chuogyorui.com/business/flow/,EQUITY,Consumer Defensive,Food Distribution,https://www.chuogyorui.com/
9,8031,"Mitsui & Co., Ltd.",アルミニウム,資源・素材,8,5,7,ノイズ候補,C,needs_review,事業概要に直接根拠を確認できず,,0,,https://www.mitsui.com/jp/en/,EQUITY,Industrials,Conglomerates,https://www.mitsui.com/jp/en/
9,8031,"Mitsui & Co., Ltd.",アンモニア,GX・エネルギー,42,42,42,補助関連,C,needs_review,adjacent=ammonia; growth=develops/development,,0,,https://www.mitsui.com/jp/en/,EQUITY,Industrials,Conglomerates,https://www.mitsui.com/jp/en/
9,8031,"Mitsui & Co., Ltd.",スマートグリッド,データセンター・電力,8,5,7,ノイズ候補,C,needs_review,事業概要に直接根拠を確認できず,,0,,https://www.mitsui.com/jp/en/,EQUITY,Industrials,Conglomerates,https://www.mitsui.com/jp/en/
9,8031,"Mitsui & Co., Ltd.",レアアース,資源・素材,8,5,7,ノイズ候補,C,needs_review,事業概要に直接根拠を確認できず,,0,,https://www.mitsui.com/jp/en/,EQUITY,Industrials,Conglomerates,https://www.mitsui.com/jp/en/
9,8031,"Mitsui & Co., Ltd.",レアメタル,資源・素材,8,5,7,ノイズ候補,C,needs_review,事業概要に直接根拠を確認できず,,0,,https://www.mitsui.com/jp/en/,EQUITY,Industrials,Conglomerates,https://www.mitsui.com/jp/en/
9,8031,"Mitsui & Co., Ltd.",原子力発電,GX・エネルギー,8,5,7,ノイズ候補,C,needs_review,事業概要に直接根拠を確認できず,,0,,https://www.mitsui.com/jp/en/,EQUITY,Industrials,Conglomerates,https://www.mitsui.com/jp/en/
9,8031,"Mitsui & Co., Ltd.",核融合発電,GX・エネルギー,8,5,7,ノイズ候補,C,needs_review,事業概要に直接根拠を確認できず,,0,,https://www.mitsui.com/jp/en/,EQUITY,Industrials,Conglomerates,https://www.mitsui.com/jp/en/
9,8031,"Mitsui & Co., Ltd.",水素,GX・エネルギー,42,42,42,補助関連,C,needs_review,adjacent=hydrogen; growth=develops/development,,0,,https://www.mitsui.com/jp/en/,EQUITY,Industrials,Conglomerates,https://www.mitsui.com/jp/en/
9,8031,"Mitsui & Co., Ltd.",総合商社,資源・素材,42,42,42,補助関連,C,needs_review,adjacent=trading company; growth=develops/development,,0,,https://www.mitsui.com/jp/en/,EQUITY,Industrials,Conglomerates,https://www.mitsui.com/jp/en/
9,8031,"Mitsui & Co., Ltd.",脱炭素,GX・エネルギー,8,5,7,ノイズ候補,C,needs_review,事業概要に直接根拠を確認できず,,0,,https://www.mitsui.com/jp/en/,EQUITY,Industrials,Conglomerates,https://www.mitsui.com/jp/en/
9,8031,"Mitsui & Co., Ltd.",資源開発,資源・素材,42,42,42,補助関連,C,needs_review,adjacent=mining; growth=develops/development,,0,,https://www.mitsui.com/jp/en/,EQUITY,Industrials,Conglomerates,https://www.mitsui.com/jp/en/
9,8031,"Mitsui & Co., Ltd.",電気自動車関連,自動車・モビリティ,85,82,84,主力テーマ,B,official_site_supported,事業概要に直接根拠を確認できず; official=EV; count=4; pos=0.55,EV,4,0.5515,https://www.mitsui.com/jp/en/,EQUITY,Industrials,Conglomerates,https://www.mitsui.com/jp/en/
9,8031,"Mitsui & Co., Ltd.",風力発電,GX・エネルギー,8,5,7,ノイズ候補,C,needs_review,事業概要に直接根拠を確認できず,,0,,https://www.mitsui.com/jp/en/,EQUITY,Industrials,Conglomerates,https://www.mitsui.com/jp/en/
9,8035,Tokyo Electron Limited,円安メリット,内需・消費,8,5,7,ノイズ候補,C,needs_review_macro,事業概要に直接根拠を確認できず,,0,,https://www.tel.com,EQUITY,Technology,Semiconductor Equipment & Materials,https://www.tel.com
9,8035,Tokyo Electron Limited,半導体,AI・半導体,94,96,95,主力テーマ,A,ok,industry=Semiconductor Equipment & Materials; direct=semiconductor; position=0.13; growth=develops,,0,,https://www.tel.com,EQUITY,Technology,Semiconductor Equipment & Materials,https://www.tel.com
9,8035,Tokyo Electron Limited,半導体製造装置,AI・半導体,94,96,95,主力テーマ,A,qa_peripheral,industry=Semiconductor Equipment & Materials; direct=lithography/semiconductor equipment; position=0.64; growth=develops,,0,,https://www.tel.com,EQUITY,Technology,Semiconductor Equipment & Materials,https://www.tel.com
9,8035,Tokyo Electron Limited,生成AI,AI・半導体,8,5,7,ノイズ候補,C,needs_review,事業概要に直接根拠を確認できず,,0,,https://www.tel.com,EQUITY,Technology,Semiconductor Equipment & Materials,https://www.tel.com
9,8039,"Tsukiji Uoichiba Company, Limited",倉庫,物流・海運,82,88,84,主力テーマ,B,ok,direct=cold storage; position=0.47; official=倉庫; count=1; pos=0.84,倉庫,1,0.8447,https://www.tsukiji-uoichiba.co.jp | https://www.tsukiji-uoichiba.co.jp/business/ | https://www.tsukiji-uoichiba.co.jp/business/cold_storage/,EQUITY,Consumer Defensive,Food Distribution,https://www.tsukiji-uoichiba.co.jp
9,8040,"Tokyo Soir Co., Ltd.",eコマース,内需・消費,90,96,92,主力テーマ,A,official_site_supported,事業概要に直接根拠を確認できず; official=EC; count=4; pos=0.06,EC,4,0.0645,https://www.soir.co.jp | https://www.soir.co.jp/company/philosophy | https://www.soir.co.jp/company/about,EQUITY,Consumer Cyclical,Apparel Manufacturing,https://www.soir.co.jp
9,8040,"Tokyo Soir Co., Ltd.",小売り,内需・消費,46,34,42,補助関連,C,needs_review,adjacent=retail/stores,,0,,https://www.soir.co.jp | https://www.soir.co.jp/company/philosophy | https://www.soir.co.jp/company/about,EQUITY,Consumer Cyclical,Apparel Manufacturing,https://www.soir.co.jp
9,8046,"Marufuji Sheet Piling Co.,Ltd.",リース,金融・金利,8,5,7,ノイズ候補,C,needs_review,事業概要に直接根拠を確認できず,,0,,https://www.mrfj.co.jp | https://www.mrfj.co.jp/product | https://www.mrfj.co.jp/manufacturing,EQUITY,Basic Materials,Steel,https://www.mrfj.co.jp
9,8046,"Marufuji Sheet Piling Co.,Ltd.",建設,不動産・建設,92,84,90,主力テーマ,A,ok,direct=construction work; position=0.13; official=建設; count=2; pos=0.14,建設,2,0.1399,https://www.mrfj.co.jp | https://www.mrfj.co.jp/product | https://www.mrfj.co.jp/manufacturing,EQUITY,Basic Materials,Steel,https://www.mrfj.co.jp
9,8050,Seiko Group Corporation,インバウンド,内需・消費,42,30,38,ノイズ候補,C,needs_review_macro,adjacent=restaurant,,0,,https://www.seiko.co.jp,EQUITY,Consumer Cyclical,Footwear & Accessories,https://www.seiko.co.jp
9,8050,Seiko Group Corporation,キャッシュレス決済,金融・金利,42,30,38,ノイズ候補,C,needs_review,adjacent=payment service,,0,,https://www.seiko.co.jp,EQUITY,Consumer Cyclical,Footwear & Accessories,https://www.seiko.co.jp
9,8050,Seiko Group Corporation,クラウドコンピューティング,デジタル・サービス,72,78,74,有力関連,B,needs_review,事業概要に直接根拠を確認できず; official=クラウド; count=2; pos=0.69,クラウド,2,0.6902,https://www.seiko.co.jp,EQUITY,Consumer Cyclical,Footwear & Accessories,https://www.seiko.co.jp
9,8050,Seiko Group Corporation,半導体,AI・半導体,8,5,7,ノイズ候補,C,needs_review,事業概要に直接根拠を確認できず,,0,,https://www.seiko.co.jp,EQUITY,Consumer Cyclical,Footwear & Accessories,https://www.seiko.co.jp
9,8051,Yamazen Corporation,太陽光発電関連,GX・エネルギー,82,84,83,主力テーマ,B,ok,direct=solar power; position=0.43; growth=research,,0,,https://www.yamazen.co.jp,EQUITY,Industrials,Specialty Industrial Machinery,https://www.yamazen.co.jp
9,8051,Yamazen Corporation,工作機械,設備投資・機械,100,100,100,主力テーマ,A,ok,direct=machine tool/machining center/lathe; position=0.08; growth=research,,0,,https://www.yamazen.co.jp,EQUITY,Industrials,Specialty Industrial Machinery,https://www.yamazen.co.jp
9,8051,Yamazen Corporation,機械,設備投資・機械,58,56,57,補助関連,C,needs_review,direct=industrial machinery; position=0.71; growth=research,,0,,https://www.yamazen.co.jp,EQUITY,Industrials,Specialty Industrial Machinery,https://www.yamazen.co.jp
9,8052,"Tsubakimoto Kogyo Co., Ltd.",FA関連,設備投資・機械,8,5,7,ノイズ候補,C,needs_review,事業概要に直接根拠を確認できず,,0,,https://www.tsubaki.co.jp,EQUITY,Industrials,Industrial Distribution,https://www.tsubaki.co.jp
9,8052,"Tsubakimoto Kogyo Co., Ltd.",機械,設備投資・機械,46,34,42,補助関連,C,needs_review,adjacent=equipment/machine,,0,,https://www.tsubaki.co.jp,EQUITY,Industrials,Industrial Distribution,https://www.tsubaki.co.jp
9,8052,"Tsubakimoto Kogyo Co., Ltd.",設備投資,設備投資・機械,46,34,42,補助関連,C,needs_review,adjacent=equipment/machinery,,0,,https://www.tsubaki.co.jp,EQUITY,Industrials,Industrial Distribution,https://www.tsubaki.co.jp
9,8053,Sumitomo Corporation,アルミニウム,資源・素材,58,58,58,補助関連,C,needs_review,direct=aluminium; position=0.92; growth=develops/development,,0,,https://www.sumitomocorp.com | https://www.sumitomocorp.com/en/global/business | https://www.sumitomocorp.com/en/global/business/division-summary/,EQUITY,Industrials,Conglomerates,https://www.sumitomocorp.com
9,8053,Sumitomo Corporation,アンモニア,GX・エネルギー,8,5,7,ノイズ候補,C,needs_review,事業概要に直接根拠を確認できず,,0,,https://www.sumitomocorp.com | https://www.sumitomocorp.com/en/global/business | https://www.sumitomocorp.com/en/global/business/division-summary/,EQUITY,Industrials,Conglomerates,https://www.sumitomocorp.com
9,8053,Sumitomo Corporation,データセンター,データセンター・電力,8,5,7,ノイズ候補,C,needs_review,事業概要に直接根拠を確認できず,,0,,https://www.sumitomocorp.com | https://www.sumitomocorp.com/en/global/business | https://www.sumitomocorp.com/en/global/business/division-summary/,EQUITY,Industrials,Conglomerates,https://www.sumitomocorp.com
9,8053,Sumitomo Corporation,ドローン,防衛・国土強靱化,8,5,7,ノイズ候補,C,needs_review,事業概要に直接根拠を確認できず,,0,,https://www.sumitomocorp.com | https://www.sumitomocorp.com/en/global/business | https://www.sumitomocorp.com/en/global/business/division-summary/,EQUITY,Industrials,Conglomerates,https://www.sumitomocorp.com
9,8053,Sumitomo Corporation,リース,金融・金利,8,5,7,ノイズ候補,C,needs_review,事業概要に直接根拠を確認できず,,0,,https://www.sumitomocorp.com | https://www.sumitomocorp.com/en/global/business | https://www.sumitomocorp.com/en/global/business/division-summary/,EQUITY,Industrials,Conglomerates,https://www.sumitomocorp.com
9,8053,Sumitomo Corporation,レアアース,資源・素材,8,5,7,ノイズ候補,C,needs_review,事業概要に直接根拠を確認できず,,0,,https://www.sumitomocorp.com | https://www.sumitomocorp.com/en/global/business | https://www.sumitomocorp.com/en/global/business/division-summary/,EQUITY,Industrials,Conglomerates,https://www.sumitomocorp.com
9,8053,Sumitomo Corporation,レアメタル,資源・素材,42,42,42,補助関連,C,needs_review,adjacent=nickel; growth=develops/development,,0,,https://www.sumitomocorp.com | https://www.sumitomocorp.com/en/global/business | https://www.sumitomocorp.com/en/global/business/division-summary/,EQUITY,Industrials,Conglomerates,https://www.sumitomocorp.com
9,8053,Sumitomo Corporation,ロボット,AI・半導体,8,5,7,ノイズ候補,C,needs_review,事業概要に直接根拠を確認できず,,0,,https://www.sumitomocorp.com | https://www.sumitomocorp.com/en/global/business | https://www.sumitomocorp.com/en/global/business/division-summary/,EQUITY,Industrials,Conglomerates,https://www.sumitomocorp.com
9,8053,Sumitomo Corporation,円安メリット,内需・消費,8,5,7,ノイズ候補,C,needs_review_macro,事業概要に直接根拠を確認できず,,0,,https://www.sumitomocorp.com | https://www.sumitomocorp.com/en/global/business | https://www.sumitomocorp.com/en/global/business/division-summary/,EQUITY,Industrials,Conglomerates,https://www.sumitomocorp.com
9,8053,Sumitomo Corporation,再生可能エネルギー,GX・エネルギー,8,5,7,ノイズ候補,C,needs_review,事業概要に直接根拠を確認できず,,0,,https://www.sumitomocorp.com | https://www.sumitomocorp.com/en/global/business | https://www.sumitomocorp.com/en/global/business/division-summary/,EQUITY,Industrials,Conglomerates,https://www.sumitomocorp.com
9,8053,Sumitomo Corporation,半導体製造装置,AI・半導体,8,5,7,ノイズ候補,C,needs_review,事業概要に直接根拠を確認できず,,0,,https://www.sumitomocorp.com | https://www.sumitomocorp.com/en/global/business | https://www.sumitomocorp.com/en/global/business/division-summary/,EQUITY,Industrials,Conglomerates,https://www.sumitomocorp.com
9,8053,Sumitomo Corporation,太陽光発電関連,GX・エネルギー,8,5,7,ノイズ候補,C,needs_review,事業概要に直接根拠を確認できず,,0,,https://www.sumitomocorp.com | https://www.sumitomocorp.com/en/global/business | https://www.sumitomocorp.com/en/global/business/division-summary/,EQUITY,Industrials,Conglomerates,https://www.sumitomocorp.com
9,8053,Sumitomo Corporation,建設機械,設備投資・機械,86,90,87,主力テーマ,A,ok,direct=construction equipment; position=0.37; growth=develops/development,,0,,https://www.sumitomocorp.com | https://www.sumitomocorp.com/en/global/business | https://www.sumitomocorp.com/en/global/business/division-summary/,EQUITY,Industrials,Conglomerates,https://www.sumitomocorp.com
9,8053,Sumitomo Corporation,水素,GX・エネルギー,8,5,7,ノイズ候補,C,needs_review,事業概要に直接根拠を確認できず,,0,,https://www.sumitomocorp.com | https://www.sumitomocorp.com/en/global/business | https://www.sumitomocorp.com/en/global/business/division-summary/,EQUITY,Industrials,Conglomerates,https://www.sumitomocorp.com
9,8053,Sumitomo Corporation,空飛ぶクルマ,自動車・モビリティ,8,5,7,ノイズ候補,C,needs_review,事業概要に直接根拠を確認できず,,0,,https://www.sumitomocorp.com | https://www.sumitomocorp.com/en/global/business | https://www.sumitomocorp.com/en/global/business/division-summary/,EQUITY,Industrials,Conglomerates,https://www.sumitomocorp.com
9,8053,Sumitomo Corporation,総合商社,資源・素材,42,42,42,補助関連,C,needs_review,adjacent=trading business; growth=develops/development,,0,,https://www.sumitomocorp.com | https://www.sumitomocorp.com/en/global/business | https://www.sumitomocorp.com/en/global/business/division-summary/,EQUITY,Industrials,Conglomerates,https://www.sumitomocorp.com
9,8053,Sumitomo Corporation,資源開発,資源・素材,8,5,7,ノイズ候補,C,needs_review,事業概要に直接根拠を確認できず,,0,,https://www.sumitomocorp.com | https://www.sumitomocorp.com/en/global/business | https://www.sumitomocorp.com/en/global/business/division-summary/,EQUITY,Industrials,Conglomerates,https://www.sumitomocorp.com
9,8053,Sumitomo Corporation,金,資源・素材,8,5,7,ノイズ候補,C,needs_review,事業概要に直接根拠を確認できず,,0,,https://www.sumitomocorp.com | https://www.sumitomocorp.com/en/global/business | https://www.sumitomocorp.com/en/global/business/division-summary/,EQUITY,Industrials,Conglomerates,https://www.sumitomocorp.com
9,8053,Sumitomo Corporation,鉄道関連,物流・海運,8,5,7,ノイズ候補,C,needs_review,事業概要に直接根拠を確認できず,,0,,https://www.sumitomocorp.com | https://www.sumitomocorp.com/en/global/business | https://www.sumitomocorp.com/en/global/business/division-summary/,EQUITY,Industrials,Conglomerates,https://www.sumitomocorp.com
9,8053,Sumitomo Corporation,銅,資源・素材,42,42,42,補助関連,C,needs_review,adjacent=copper; growth=develops/development,,0,,https://www.sumitomocorp.com | https://www.sumitomocorp.com/en/global/business | https://www.sumitomocorp.com/en/global/business/division-summary/,EQUITY,Industrials,Conglomerates,https://www.sumitomocorp.com
9,8053,Sumitomo Corporation,風力発電,GX・エネルギー,8,5,7,ノイズ候補,C,needs_review,事業概要に直接根拠を確認できず,,0,,https://www.sumitomocorp.com | https://www.sumitomocorp.com/en/global/business | https://www.sumitomocorp.com/en/global/business/division-summary/,EQUITY,Industrials,Conglomerates,https://www.sumitomocorp.com
9,8056,BIPROGY Inc.,IT関連,デジタル・サービス,94,98,95,主力テーマ,A,ok,industry=Information Technology Services; direct=information technology; growth=development/next generation; official=IT; count=3; pos=0.62,IT,3,0.6169,https://www.biprogy.com,EQUITY,Technology,Information Technology Services,https://www.biprogy.com
9,8056,BIPROGY Inc.,IoT,設備投資・機械,92,96,93,主力テーマ,A,ok,direct= iot; position=0.19; growth=development/next generation,,0,,https://www.biprogy.com,EQUITY,Technology,Information Technology Services,https://www.biprogy.com
9,8056,BIPROGY Inc.,MaaS,自動車・モビリティ,8,5,7,ノイズ候補,C,needs_review,事業概要に直接根拠を確認できず,,0,,https://www.biprogy.com,EQUITY,Technology,Information Technology Services,https://www.biprogy.com
9,8056,BIPROGY Inc.,SaaS,デジタル・サービス,42,42,42,補助関連,C,needs_review,adjacent=cloud service; growth=development/next generation,,0,,https://www.biprogy.com,EQUITY,Technology,Information Technology Services,https://www.biprogy.com
9,8056,BIPROGY Inc.,キャッシュレス決済,金融・金利,86,90,87,主力テーマ,A,ok,direct=cashless payment; position=0.30; growth=development/next generation,,0,,https://www.biprogy.com,EQUITY,Technology,Information Technology Services,https://www.biprogy.com
9,8056,BIPROGY Inc.,クラウドコンピューティング,デジタル・サービス,97,100,98,主力テーマ,A,ok,direct=cloud computing/cloud service; position=0.01; growth=development/next generation,,0,,https://www.biprogy.com,EQUITY,Technology,Information Technology Services,https://www.biprogy.com
9,8056,BIPROGY Inc.,スマートグリッド,データセンター・電力,8,5,7,ノイズ候補,C,needs_review,事業概要に直接根拠を確認できず,,0,,https://www.biprogy.com,EQUITY,Technology,Information Technology Services,https://www.biprogy.com
9,8056,BIPROGY Inc.,デジタルトランスフォーメーション,デジタル・サービス,92,96,93,主力テーマ,A,ok,direct=digital transformation; position=0.14; growth=development/next generation; official=DX; count=7; pos=0.10,DX,7,0.0985,https://www.biprogy.com,EQUITY,Technology,Information Technology Services,https://www.biprogy.com
9,8056,BIPROGY Inc.,フィンテック,金融・金利,42,42,42,補助関連,C,needs_review,adjacent=blockchain; growth=development/next generation,,0,,https://www.biprogy.com,EQUITY,Technology,Information Technology Services,https://www.biprogy.com
9,8056,BIPROGY Inc.,マイナンバー,デジタル・サービス,8,5,7,ノイズ候補,C,needs_review,事業概要に直接根拠を確認できず,,0,,https://www.biprogy.com,EQUITY,Technology,Information Technology Services,https://www.biprogy.com
9,8056,BIPROGY Inc.,人工知能,AI・半導体,92,96,93,主力テーマ,A,ok,direct=artificial intelligence; position=0.16; growth=development/next generation; official=AI; count=19; pos=0.03,AI,19,0.0258,https://www.biprogy.com,EQUITY,Technology,Information Technology Services,https://www.biprogy.com
9,8056,BIPROGY Inc.,防災,防衛・国土強靱化,42,42,42,補助関連,C,needs_review,adjacent=disaster; growth=development/next generation,,0,,https://www.biprogy.com,EQUITY,Technology,Information Technology Services,https://www.biprogy.com
9,8056,BIPROGY Inc.,電子政府,デジタル・サービス,8,5,7,ノイズ候補,C,needs_review,事業概要に直接根拠を確認できず,,0,,https://www.biprogy.com,EQUITY,Technology,Information Technology Services,https://www.biprogy.com
9,8056,BIPROGY Inc.,電気自動車関連,自動車・モビリティ,8,5,7,ノイズ候補,C,needs_review,事業概要に直接根拠を確認できず,,0,,https://www.biprogy.com,EQUITY,Technology,Information Technology Services,https://www.biprogy.com
9,8057,"Uchida Yoko Co., Ltd.",IT関連,デジタル・サービス,46,44,45,補助関連,C,needs_review,adjacent=software/cloud service; growth=development; official=IT; count=1; pos=0.48,IT,1,0.4750,https://www.uchida.co.jp,EQUITY,Industrials,Conglomerates,https://www.uchida.co.jp
9,8057,"Uchida Yoko Co., Ltd.",クラウドコンピューティング,デジタル・サービス,58,56,57,補助関連,C,needs_review,direct=cloud service; position=0.74; growth=development,,0,,https://www.uchida.co.jp,EQUITY,Industrials,Conglomerates,https://www.uchida.co.jp
9,8057,"Uchida Yoko Co., Ltd.",教育ICT,デジタル・サービス,8,5,7,ノイズ候補,C,needs_review,事業概要に直接根拠を確認できず,,0,,https://www.uchida.co.jp,EQUITY,Industrials,Conglomerates,https://www.uchida.co.jp
9,8058,Mitsubishi Corporation,アンモニア,GX・エネルギー,8,5,7,ノイズ候補,C,needs_review,事業概要に直接根拠を確認できず,,0,,https://www.mitsubishicorp.com,EQUITY,Industrials,Conglomerates,https://www.mitsubishicorp.com
9,8058,Mitsubishi Corporation,サブスクリプション,デジタル・サービス,8,5,7,ノイズ候補,C,needs_review,事業概要に直接根拠を確認できず,,0,,https://www.mitsubishicorp.com,EQUITY,Industrials,Conglomerates,https://www.mitsubishicorp.com
9,8058,Mitsubishi Corporation,スマートグリッド,データセンター・電力,8,5,7,ノイズ候補,C,needs_review,事業概要に直接根拠を確認できず,,0,,https://www.mitsubishicorp.com,EQUITY,Industrials,Conglomerates,https://www.mitsubishicorp.com
9,8058,Mitsubishi Corporation,データセンター,データセンター・電力,8,5,7,ノイズ候補,C,needs_review,事業概要に直接根拠を確認できず,,0,,https://www.mitsubishicorp.com,EQUITY,Industrials,Conglomerates,https://www.mitsubishicorp.com
9,8058,Mitsubishi Corporation,リチウムイオン電池,自動車・モビリティ,8,5,7,ノイズ候補,C,needs_review,事業概要に直接根拠を確認できず,,0,,https://www.mitsubishicorp.com,EQUITY,Industrials,Conglomerates,https://www.mitsubishicorp.com
9,8058,Mitsubishi Corporation,レアアース,資源・素材,8,5,7,ノイズ候補,C,needs_review,事業概要に直接根拠を確認できず,,0,,https://www.mitsubishicorp.com,EQUITY,Industrials,Conglomerates,https://www.mitsubishicorp.com
9,8058,Mitsubishi Corporation,レアメタル,資源・素材,46,48,47,補助関連,C,needs_review,adjacent=lithium/nickel; growth=develops/development,,0,,https://www.mitsubishicorp.com,EQUITY,Industrials,Conglomerates,https://www.mitsubishicorp.com
9,8058,Mitsubishi Corporation,円安メリット,内需・消費,8,5,7,ノイズ候補,C,needs_review_macro,事業概要に直接根拠を確認できず,,0,,https://www.mitsubishicorp.com,EQUITY,Industrials,Conglomerates,https://www.mitsubishicorp.com
9,8058,Mitsubishi Corporation,原子力発電,GX・エネルギー,8,5,7,ノイズ候補,C,needs_review,事業概要に直接根拠を確認できず,,0,,https://www.mitsubishicorp.com,EQUITY,Industrials,Conglomerates,https://www.mitsubishicorp.com
9,8058,Mitsubishi Corporation,核融合発電,GX・エネルギー,8,5,7,ノイズ候補,C,needs_review,事業概要に直接根拠を確認できず,,0,,https://www.mitsubishicorp.com,EQUITY,Industrials,Conglomerates,https://www.mitsubishicorp.com
9,8058,Mitsubishi Corporation,総合商社,資源・素材,8,5,7,ノイズ候補,C,needs_review,事業概要に直接根拠を確認できず,,0,,https://www.mitsubishicorp.com,EQUITY,Industrials,Conglomerates,https://www.mitsubishicorp.com
9,8058,Mitsubishi Corporation,脱炭素,GX・エネルギー,8,5,7,ノイズ候補,C,needs_review,事業概要に直接根拠を確認できず,,0,,https://www.mitsubishicorp.com,EQUITY,Industrials,Conglomerates,https://www.mitsubishicorp.com
9,8058,Mitsubishi Corporation,自動運転車,自動車・モビリティ,8,5,7,ノイズ候補,C,needs_review,事業概要に直接根拠を確認できず,,0,,https://www.mitsubishicorp.com,EQUITY,Industrials,Conglomerates,https://www.mitsubishicorp.com
9,8058,Mitsubishi Corporation,資源開発,資源・素材,8,5,7,ノイズ候補,C,needs_review,事業概要に直接根拠を確認できず,,0,,https://www.mitsubishicorp.com,EQUITY,Industrials,Conglomerates,https://www.mitsubishicorp.com
9,8058,Mitsubishi Corporation,鉄道関連,物流・海運,8,5,7,ノイズ候補,C,needs_review,事業概要に直接根拠を確認できず,,0,,https://www.mitsubishicorp.com,EQUITY,Industrials,Conglomerates,https://www.mitsubishicorp.com
9,8058,Mitsubishi Corporation,鉄鋼,資源・素材,82,88,84,主力テーマ,B,ok,direct=steel products; position=0.40; growth=develops/development,,0,,https://www.mitsubishicorp.com,EQUITY,Industrials,Conglomerates,https://www.mitsubishicorp.com
9,8058,Mitsubishi Corporation,銅,資源・素材,42,44,43,補助関連,C,needs_review,adjacent=copper; growth=develops/development,,0,,https://www.mitsubishicorp.com,EQUITY,Industrials,Conglomerates,https://www.mitsubishicorp.com
9,8058,Mitsubishi Corporation,電気自動車関連,自動車・モビリティ,8,5,7,ノイズ候補,C,needs_review,事業概要に直接根拠を確認できず,,0,,https://www.mitsubishicorp.com,EQUITY,Industrials,Conglomerates,https://www.mitsubishicorp.com
9,8058,Mitsubishi Corporation,風力発電,GX・エネルギー,8,5,7,ノイズ候補,C,needs_review,事業概要に直接根拠を確認できず,,0,,https://www.mitsubishicorp.com,EQUITY,Industrials,Conglomerates,https://www.mitsubishicorp.com
9,8059,"Daiichi Jitsugyo Co., Ltd.",再生可能エネルギー,GX・エネルギー,92,98,94,主力テーマ,A,ok,direct=renewable energy; position=0.18; growth=development/research; official=再生可能エネルギー; count=2; pos=0.48,再生可能エネルギー,2,0.4803,https://www.djk.co.jp | https://www.djk.co.jp/value/business/ | https://www.djk.co.jp/company/,EQUITY,Industrials,Specialty Industrial Machinery,https://www.djk.co.jp
9,8059,"Daiichi Jitsugyo Co., Ltd.",太陽光発電関連,GX・エネルギー,72,78,74,有力関連,B,needs_review,事業概要に直接根拠を確認できず; official=太陽光発電; count=1; pos=0.44,太陽光発電,1,0.4398,https://www.djk.co.jp | https://www.djk.co.jp/value/business/ | https://www.djk.co.jp/company/,EQUITY,Industrials,Specialty Industrial Machinery,https://www.djk.co.jp
9,8059,"Daiichi Jitsugyo Co., Ltd.",機械,設備投資・機械,86,92,88,主力テーマ,A,ok,direct=industrial machinery; position=0.33; growth=development/research; official=機械; count=16; pos=0.02,機械,16,0.0196,https://www.djk.co.jp | https://www.djk.co.jp/value/business/ | https://www.djk.co.jp/company/,EQUITY,Industrials,Specialty Industrial Machinery,https://www.djk.co.jp
9,8059,"Daiichi Jitsugyo Co., Ltd.",水素,GX・エネルギー,86,92,88,主力テーマ,A,ok,direct=fuel cell; position=0.25; growth=development/research; official=水素/燃料電池; count=3; pos=0.44,水素 | 燃料電池,3,0.4419,https://www.djk.co.jp | https://www.djk.co.jp/value/business/ | https://www.djk.co.jp/company/,EQUITY,Industrials,Specialty Industrial Machinery,https://www.djk.co.jp
9,8059,"Daiichi Jitsugyo Co., Ltd.",自動車製造装置,自動車・モビリティ,72,78,74,有力関連,B,needs_review,事業概要に直接根拠を確認できず; official=車両組立; count=2; pos=0.60,車両組立,2,0.5993,https://www.djk.co.jp | https://www.djk.co.jp/value/business/ | https://www.djk.co.jp/company/,EQUITY,Industrials,Specialty Industrial Machinery,https://www.djk.co.jp
9,8059,"Daiichi Jitsugyo Co., Ltd.",設備投資,設備投資・機械,86,92,88,主力テーマ,A,ok,direct=industrial machinery; position=0.33; growth=development/research,,0,,https://www.djk.co.jp | https://www.djk.co.jp/value/business/ | https://www.djk.co.jp/company/,EQUITY,Industrials,Specialty Industrial Machinery,https://www.djk.co.jp
9,8060,Canon Marketing Japan Inc.,3Dプリンター,設備投資・機械,72,78,74,有力関連,B,needs_review,事業概要に直接根拠を確認できず; official=3Dプリンタ/3Dプリンター; count=2; pos=0.62,3Dプリンタ | 3Dプリンター,2,0.6245,https://canon.jp | https://canon.jp/biz/product?id=hn | https://canon.jp/support/important-info,EQUITY,Industrials,Business Equipment & Supplies,https://canon.jp
9,8060,Canon Marketing Japan Inc.,IT関連,デジタル・サービス,72,68,71,有力関連,B,needs_review,事業概要に直接根拠を確認できず; official=IT; count=10; pos=0.07,IT,10,0.0687,https://canon.jp | https://canon.jp/biz/product?id=hn | https://canon.jp/support/important-info,EQUITY,Industrials,Business Equipment & Supplies,https://canon.jp
9,8060,Canon Marketing Japan Inc.,クラウドコンピューティング,デジタル・サービス,85,91,87,主力テーマ,A,official_site_supported,事業概要に直接根拠を確認できず; official=クラウド/クラウドサービス; count=3; pos=0.26,クラウド | クラウドサービス,3,0.2577,https://canon.jp | https://canon.jp/biz/product?id=hn | https://canon.jp/support/important-info,EQUITY,Industrials,Business Equipment & Supplies,https://canon.jp
9,8060,Canon Marketing Japan Inc.,データセンター,データセンター・電力,8,5,7,ノイズ候補,C,needs_review,事業概要に直接根拠を確認できず,,0,,https://canon.jp | https://canon.jp/biz/product?id=hn | https://canon.jp/support/important-info,EQUITY,Industrials,Business Equipment & Supplies,https://canon.jp
9,8060,Canon Marketing Japan Inc.,マイナンバー,デジタル・サービス,8,5,7,ノイズ候補,C,needs_review,事業概要に直接根拠を確認できず,,0,,https://canon.jp | https://canon.jp/biz/product?id=hn | https://canon.jp/support/important-info,EQUITY,Industrials,Business Equipment & Supplies,https://canon.jp
9,8060,Canon Marketing Japan Inc.,医療機器,医療・ヘルスケア,8,5,7,ノイズ候補,C,needs_review,事業概要に直接根拠を確認できず,,0,,https://canon.jp | https://canon.jp/biz/product?id=hn | https://canon.jp/support/important-info,EQUITY,Industrials,Business Equipment & Supplies,https://canon.jp
9,8060,Canon Marketing Japan Inc.,半導体製造装置,AI・半導体,72,78,74,有力関連,B,needs_review,adjacent=semiconductor; growth=development; official=半導体製造装置; count=1; pos=0.62,半導体製造装置,1,0.6169,https://canon.jp | https://canon.jp/biz/product?id=hn | https://canon.jp/support/important-info,EQUITY,Industrials,Business Equipment & Supplies,https://canon.jp
9,8060,Canon Marketing Japan Inc.,蓄電池,GX・エネルギー,8,5,7,ノイズ候補,C,needs_review,事業概要に直接根拠を確認できず,,0,,https://canon.jp | https://canon.jp/biz/product?id=hn | https://canon.jp/support/important-info,EQUITY,Industrials,Business Equipment & Supplies,https://canon.jp
9,8061,Seika Corporation,ドローン,防衛・国土強靱化,58,56,57,補助関連,C,needs_review,direct=drone; position=0.74; growth=development,,0,,https://www.seika.com | https://www.seika.com/company/ | https://www.seika.com/company/outline/,EQUITY,Industrials,Industrial Distribution,https://www.seika.com
9,8061,Seika Corporation,原子力発電,GX・エネルギー,86,88,87,主力テーマ,A,ok,direct=nuclear power; position=0.23; growth=development,,0,,https://www.seika.com | https://www.seika.com/company/ | https://www.seika.com/company/outline/,EQUITY,Industrials,Industrial Distribution,https://www.seika.com
9,8061,Seika Corporation,機械,設備投資・機械,72,68,71,有力関連,B,needs_review,adjacent=equipment/machine; growth=development; official=機械; count=14; pos=0.03,機械,14,0.0302,https://www.seika.com | https://www.seika.com/company/ | https://www.seika.com/company/outline/,EQUITY,Industrials,Industrial Distribution,https://www.seika.com
9,8061,Seika Corporation,電力設備投資関連,データセンター・電力,42,40,41,補助関連,C,needs_review,adjacent=power plant; growth=development,,0,,https://www.seika.com | https://www.seika.com/company/ | https://www.seika.com/company/outline/,EQUITY,Industrials,Industrial Distribution,https://www.seika.com
9,8065,Sato Shoji Corporation,アルミニウム,資源・素材,86,78,84,主力テーマ,B,ok,direct=aluminum; position=0.37,,0,,https://www.satoshoji.co.jp | https://www.satoshoji.co.jp/ja/business.html | https://www.satoshoji.co.jp/ja/business/steel.html,EQUITY,Basic Materials,Steel,https://www.satoshoji.co.jp
9,8065,Sato Shoji Corporation,半導体部材・部品,AI・半導体,46,34,42,補助関連,C,needs_review,adjacent=semiconductor/electronic material,,0,,https://www.satoshoji.co.jp | https://www.satoshoji.co.jp/ja/business.html | https://www.satoshoji.co.jp/ja/business/steel.html,EQUITY,Basic Materials,Steel,https://www.satoshoji.co.jp
9,8065,Sato Shoji Corporation,機械,設備投資・機械,72,68,71,有力関連,B,needs_review,adjacent=equipment/machine; official=機械; count=5; pos=0.18,機械,5,0.1809,https://www.satoshoji.co.jp | https://www.satoshoji.co.jp/ja/business.html | https://www.satoshoji.co.jp/ja/business/steel.html,EQUITY,Basic Materials,Steel,https://www.satoshoji.co.jp
9,8065,Sato Shoji Corporation,自動車部材・部品,自動車・モビリティ,42,30,38,ノイズ候補,C,needs_review,adjacent=automotive,,0,,https://www.satoshoji.co.jp | https://www.satoshoji.co.jp/ja/business.html | https://www.satoshoji.co.jp/ja/business/steel.html,EQUITY,Basic Materials,Steel,https://www.satoshoji.co.jp
9,8065,Sato Shoji Corporation,鉄鋼,資源・素材,97,100,98,主力テーマ,A,ok,direct=steel products/iron and steel; position=0.02; official=鉄鋼; count=9; pos=0.17,鉄鋼,9,0.1745,https://www.satoshoji.co.jp | https://www.satoshoji.co.jp/ja/business.html | https://www.satoshoji.co.jp/ja/business/steel.html,EQUITY,Basic Materials,Steel,https://www.satoshoji.co.jp
9,8065,Sato Shoji Corporation,銅,資源・素材,82,74,80,主力テーマ,B,ok,direct=copper products; position=0.42,,0,,https://www.satoshoji.co.jp | https://www.satoshoji.co.jp/ja/business.html | https://www.satoshoji.co.jp/ja/business/steel.html,EQUITY,Basic Materials,Steel,https://www.satoshoji.co.jp
9,8065,Sato Shoji Corporation,非鉄,資源・素材,97,100,98,主力テーマ,A,ok,direct=non-ferrous metal/aluminum; position=0.03; official=非鉄; count=4; pos=0.18,非鉄,4,0.1764,https://www.satoshoji.co.jp | https://www.satoshoji.co.jp/ja/business.html | https://www.satoshoji.co.jp/ja/business/steel.html,EQUITY,Basic Materials,Steel,https://www.satoshoji.co.jp
9,8066,Mitani Corporation,介護関連,医療・ヘルスケア,8,5,7,ノイズ候補,C,needs_review,事業概要に直接根拠を確認できず,,0,,https://www.mitani-corp.co.jp | https://www.mitani-corp.co.jp/company/profile.html | https://www.mitani-corp.co.jp/business/,EQUITY,Industrials,Conglomerates,https://www.mitani-corp.co.jp
9,8066,Mitani Corporation,風力発電,GX・エネルギー,72,68,71,有力関連,B,needs_review,事業概要に直接根拠を確認できず; official=風力発電; count=1; pos=0.43,風力発電,1,0.4344,https://www.mitani-corp.co.jp | https://www.mitani-corp.co.jp/company/profile.html | https://www.mitani-corp.co.jp/business/,EQUITY,Industrials,Conglomerates,https://www.mitani-corp.co.jp
9,8070,"Tokyo Sangyo Co., Ltd.",IoT,設備投資・機械,92,98,94,主力テーマ,A,official_site_supported,事業概要に直接根拠を確認できず; official=IoT; count=11; pos=0.02,IoT,11,0.0237,https://www.tscom.co.jp | https://www.tscom.co.jp/company/ | https://www.tscom.co.jp/business/,EQUITY,Industrials,Conglomerates,https://www.tscom.co.jp
9,8070,"Tokyo Sangyo Co., Ltd.",再生可能エネルギー,GX・エネルギー,92,98,94,主力テーマ,A,official_site_supported,direct=renewable energy; position=0.53; official=再生可能エネルギー; count=11; pos=0.02,再生可能エネルギー,11,0.0210,https://www.tscom.co.jp | https://www.tscom.co.jp/company/ | https://www.tscom.co.jp/business/,EQUITY,Industrials,Conglomerates,https://www.tscom.co.jp
9,8070,"Tokyo Sangyo Co., Ltd.",原子力発電,GX・エネルギー,86,78,84,主力テーマ,B,ok,direct=nuclear power; position=0.28,,0,,https://www.tscom.co.jp | https://www.tscom.co.jp/company/ | https://www.tscom.co.jp/business/,EQUITY,Industrials,Conglomerates,https://www.tscom.co.jp
9,8070,"Tokyo Sangyo Co., Ltd.",太陽光発電関連,GX・エネルギー,8,5,7,ノイズ候補,C,needs_review,事業概要に直接根拠を確認できず,,0,,https://www.tscom.co.jp | https://www.tscom.co.jp/company/ | https://www.tscom.co.jp/business/,EQUITY,Industrials,Conglomerates,https://www.tscom.co.jp
9,8070,"Tokyo Sangyo Co., Ltd.",工作機械,設備投資・機械,66,56,63,有力関連,B,qa_borderline,direct=machine tool; position=0.55,,0,,https://www.tscom.co.jp | https://www.tscom.co.jp/company/ | https://www.tscom.co.jp/business/,EQUITY,Industrials,Conglomerates,https://www.tscom.co.jp
9,8070,"Tokyo Sangyo Co., Ltd.",機械,設備投資・機械,72,68,71,有力関連,B,needs_review,adjacent=equipment/machine; official=機械; count=8; pos=0.13,機械,8,0.1259,https://www.tscom.co.jp | https://www.tscom.co.jp/company/ | https://www.tscom.co.jp/business/,EQUITY,Industrials,Conglomerates,https://www.tscom.co.jp
9,8070,"Tokyo Sangyo Co., Ltd.",蓄電池,GX・エネルギー,8,5,7,ノイズ候補,C,needs_review,事業概要に直接根拠を確認できず,,0,,https://www.tscom.co.jp | https://www.tscom.co.jp/company/ | https://www.tscom.co.jp/business/,EQUITY,Industrials,Conglomerates,https://www.tscom.co.jp
9,8070,"Tokyo Sangyo Co., Ltd.",電力設備投資関連,データセンター・電力,86,78,84,主力テーマ,B,ok,direct=power transmission; position=0.32,,0,,https://www.tscom.co.jp | https://www.tscom.co.jp/company/ | https://www.tscom.co.jp/business/,EQUITY,Industrials,Conglomerates,https://www.tscom.co.jp
9,8070,"Tokyo Sangyo Co., Ltd.",電気自動車関連,自動車・モビリティ,8,5,7,ノイズ候補,C,needs_review,事業概要に直接根拠を確認できず,,0,,https://www.tscom.co.jp | https://www.tscom.co.jp/company/ | https://www.tscom.co.jp/business/,EQUITY,Industrials,Conglomerates,https://www.tscom.co.jp
9,8071,,FA関連,設備投資・機械,8,5,7,ノイズ候補,C,needs_official_ir,事業概要に直接根拠を確認できず,,0,,,,,,
9,8074,"Yuasa Co., Ltd.",住宅関連,不動産・建設,42,30,38,ノイズ候補,C,needs_review,adjacent=housing,,0,,https://www.yuasa.co.jp | https://www.yuasa.co.jp/corporate/ | https://www.yuasa.co.jp/corporate/data/,EQUITY,Industrials,Specialty Industrial Machinery,https://www.yuasa.co.jp
9,8074,"Yuasa Co., Ltd.",太陽光発電関連,GX・エネルギー,8,5,7,ノイズ候補,C,needs_review,事業概要に直接根拠を確認できず,,0,,https://www.yuasa.co.jp | https://www.yuasa.co.jp/corporate/ | https://www.yuasa.co.jp/corporate/data/,EQUITY,Industrials,Specialty Industrial Machinery,https://www.yuasa.co.jp
9,8074,"Yuasa Co., Ltd.",工作機械,設備投資・機械,92,98,94,主力テーマ,A,ok,direct=machine tool; position=0.15; official=工作機械; count=1; pos=0.25,工作機械,1,0.2483,https://www.yuasa.co.jp | https://www.yuasa.co.jp/corporate/ | https://www.yuasa.co.jp/corporate/data/,EQUITY,Industrials,Specialty Industrial Machinery,https://www.yuasa.co.jp
9,8074,"Yuasa Co., Ltd.",建設機械,設備投資・機械,92,98,94,主力テーマ,A,official_site_supported,direct=construction machinery; position=0.73; official=建設機械; count=9; pos=0.03,建設機械,9,0.0273,https://www.yuasa.co.jp | https://www.yuasa.co.jp/corporate/ | https://www.yuasa.co.jp/corporate/data/,EQUITY,Industrials,Specialty Industrial Machinery,https://www.yuasa.co.jp
9,8075,Shinsho Corporation,アルミニウム,資源・素材,72,78,74,有力関連,B,qa_borderline,direct=aluminum; position=0.58; official=アルミニウム; count=1; pos=0.64,アルミニウム,1,0.6434,https://www.shinsho.co.jp,EQUITY,Basic Materials,Steel,https://www.shinsho.co.jp
9,8075,Shinsho Corporation,建設機械,設備投資・機械,8,5,7,ノイズ候補,C,needs_review,事業概要に直接根拠を確認できず,,0,,https://www.shinsho.co.jp,EQUITY,Basic Materials,Steel,https://www.shinsho.co.jp
9,8075,Shinsho Corporation,自動車部材・部品,自動車・モビリティ,8,5,7,ノイズ候補,C,needs_review,事業概要に直接根拠を確認できず,,0,,https://www.shinsho.co.jp,EQUITY,Basic Materials,Steel,https://www.shinsho.co.jp
9,8075,Shinsho Corporation,鉄鋼,資源・素材,97,100,98,主力テーマ,A,ok,direct=steel products/iron and steel; position=0.04; official=鉄鋼; count=3; pos=0.09,鉄鋼,3,0.0890,https://www.shinsho.co.jp,EQUITY,Basic Materials,Steel,https://www.shinsho.co.jp
9,8075,Shinsho Corporation,銅,資源・素材,66,56,63,有力関連,B,qa_borderline,direct=copper products; position=0.64,,0,,https://www.shinsho.co.jp,EQUITY,Basic Materials,Steel,https://www.shinsho.co.jp
9,8076,Canox Corporation,自動車部材・部品,自動車・モビリティ,8,5,7,ノイズ候補,C,needs_review,事業概要に直接根拠を確認できず,,0,,https://www.canox.co.jp,EQUITY,Basic Materials,Steel,https://www.canox.co.jp
9,8076,Canox Corporation,鉄鋼,資源・素材,72,78,74,有力関連,B,needs_review,adjacent=steel; official=鉄鋼; count=1; pos=0.39,鉄鋼,1,0.3894,https://www.canox.co.jp,EQUITY,Basic Materials,Steel,https://www.canox.co.jp
9,8078,"Hanwa Co., Ltd.",レアアース,資源・素材,82,84,83,主力テーマ,B,ok,direct=rare earth; position=0.49; growth=development,,0,,https://www.hanwa.co.jp | https://www.hanwa.co.jp/company/ | https://www.hanwa.co.jp/business/,EQUITY,Industrials,Conglomerates,https://www.hanwa.co.jp
9,8078,"Hanwa Co., Ltd.",自動車部材・部品,自動車・モビリティ,42,40,41,補助関連,C,needs_review,adjacent=automotive; growth=development,,0,,https://www.hanwa.co.jp | https://www.hanwa.co.jp/company/ | https://www.hanwa.co.jp/business/,EQUITY,Industrials,Conglomerates,https://www.hanwa.co.jp
9,8078,"Hanwa Co., Ltd.",都市鉱山,資源・素材,8,5,7,ノイズ候補,C,needs_review,事業概要に直接根拠を確認できず,,0,,https://www.hanwa.co.jp | https://www.hanwa.co.jp/company/ | https://www.hanwa.co.jp/business/,EQUITY,Industrials,Conglomerates,https://www.hanwa.co.jp
9,8078,"Hanwa Co., Ltd.",鉄鋼,資源・素材,90,96,92,主力テーマ,A,ok,direct=steel products; position=0.28; growth=development; official=鉄鋼; count=4; pos=0.02,鉄鋼,4,0.0203,https://www.hanwa.co.jp | https://www.hanwa.co.jp/company/ | https://www.hanwa.co.jp/business/,EQUITY,Industrials,Conglomerates,https://www.hanwa.co.jp
9,8079,Shoei Foods Corporation,円高メリット,内需・消費,42,30,38,ノイズ候補,C,needs_review_macro,adjacent=imports,,0,,https://www.shoeifoods.co.jp | https://www.shoeifoods.co.jp/company/summary | https://www.shoeifoods.co.jp/company/offices,EQUITY,Consumer Defensive,Packaged Foods,https://www.shoeifoods.co.jp
9,8081,Kanaden Corporation,FA関連,設備投資・機械,92,98,94,主力テーマ,A,ok,direct=factory automation; position=0.07; official=FA; count=9; pos=0.02,FA,9,0.0159,https://www.kanaden.co.jp | https://www.kanaden.co.jp/corporate/outline/ | https://www.kanaden.co.jp/business/,EQUITY,Industrials,Conglomerates,https://www.kanaden.co.jp
9,8081,Kanaden Corporation,医療機器,医療・ヘルスケア,72,78,74,有力関連,B,needs_review,事業概要に直接根拠を確認できず; official=医療機器; count=2; pos=0.53,医療機器,2,0.5322,https://www.kanaden.co.jp | https://www.kanaden.co.jp/corporate/outline/ | https://www.kanaden.co.jp/business/,EQUITY,Industrials,Conglomerates,https://www.kanaden.co.jp
9,8081,Kanaden Corporation,受変電設備,データセンター・電力,85,91,87,主力テーマ,A,official_site_supported,direct=substation; position=0.68; official=受変電/変電設備/受変電設備; count=3; pos=0.85,受変電 | 変電設備 | 受変電設備,3,0.8469,https://www.kanaden.co.jp | https://www.kanaden.co.jp/corporate/outline/ | https://www.kanaden.co.jp/business/,EQUITY,Industrials,Conglomerates,https://www.kanaden.co.jp
9,8084,Ryoden Corporation,FA関連,設備投資・機械,92,90,91,主力テーマ,A,ok,direct=factory automation; position=0.01; official=FA/ＦＡ/FA関連; count=101; pos=0.00,FA | ＦＡ | FA関連,101,0.0040,https://www.ryoden.co.jp | https://www.ryoden.co.jp/strategy/fa | https://www.ryoden.co.jp/strategy/air-building,EQUITY,Technology,Semiconductors,https://www.ryoden.co.jp
9,8084,Ryoden Corporation,半導体商社,AI・半導体,46,34,42,補助関連,C,needs_review,adjacent=semiconductor/trading company,,0,,https://www.ryoden.co.jp | https://www.ryoden.co.jp/strategy/fa | https://www.ryoden.co.jp/strategy/air-building,EQUITY,Technology,Semiconductors,https://www.ryoden.co.jp
9,8085,"Narasaki Sangyo Co., Ltd.",FA関連,設備投資・機械,92,90,91,主力テーマ,A,official_site_supported,事業概要に直接根拠を確認できず; official=FA; count=10; pos=0.05,FA,10,0.0531,https://www.narasaki.co.jp,EQUITY,Industrials,Industrial Distribution,https://www.narasaki.co.jp
9,8085,"Narasaki Sangyo Co., Ltd.",データセンター,データセンター・電力,8,5,7,ノイズ候補,C,needs_review,事業概要に直接根拠を確認できず,,0,,https://www.narasaki.co.jp,EQUITY,Industrials,Industrial Distribution,https://www.narasaki.co.jp
9,8085,"Narasaki Sangyo Co., Ltd.",受変電設備,データセンター・電力,8,5,7,ノイズ候補,C,needs_review,事業概要に直接根拠を確認できず,,0,,https://www.narasaki.co.jp,EQUITY,Industrials,Industrial Distribution,https://www.narasaki.co.jp
9,8085,"Narasaki Sangyo Co., Ltd.",太陽光発電関連,GX・エネルギー,8,5,7,ノイズ候補,C,needs_review,事業概要に直接根拠を確認できず,,0,,https://www.narasaki.co.jp,EQUITY,Industrials,Industrial Distribution,https://www.narasaki.co.jp
9,8085,"Narasaki Sangyo Co., Ltd.",建設機械,設備投資・機械,82,74,80,主力テーマ,B,ok,direct=construction machinery; position=0.41,,0,,https://www.narasaki.co.jp,EQUITY,Industrials,Industrial Distribution,https://www.narasaki.co.jp
9,8085,"Narasaki Sangyo Co., Ltd.",海運,物流・海運,42,30,38,ノイズ候補,C,needs_review,adjacent=shipping,,0,,https://www.narasaki.co.jp,EQUITY,Industrials,Industrial Distribution,https://www.narasaki.co.jp
9,8086,Nipro Corporation,再生医療,医療・ヘルスケア,90,82,88,主力テーマ,A,official_site_supported,事業概要に直接根拠を確認できず; official=再生医療; count=5; pos=0.07,再生医療,5,0.0748,https://www.nipro.co.jp,EQUITY,Healthcare,Medical Instruments & Supplies,https://www.nipro.co.jp
9,8086,Nipro Corporation,医療機器,医療・ヘルスケア,97,99,98,主力テーマ,A,ok,direct=medical device/medical equipment; position=0.05; growth=develops; official=医療機器; count=1; pos=0.76,医療機器,1,0.7590,https://www.nipro.co.jp,EQUITY,Healthcare,Medical Instruments & Supplies,https://www.nipro.co.jp
9,8086,Nipro Corporation,遠隔医療,医療・ヘルスケア,8,5,7,ノイズ候補,C,needs_review,事業概要に直接根拠を確認できず,,0,,https://www.nipro.co.jp,EQUITY,Healthcare,Medical Instruments & Supplies,https://www.nipro.co.jp
9,8088,Iwatani Corporation,FA関連,設備投資・機械,58,46,54,補助関連,C,needs_review,direct=factory automation; position=0.68,,0,,https://www.iwatani.co.jp | https://www.iwatani.co.jp/jpn/consumer/products/cg/ | https://www.iwatani.co.jp/jpn/company/profile/,EQUITY,Industrials,Conglomerates,https://www.iwatani.co.jp
9,8088,Iwatani Corporation,レアメタル,資源・素材,58,46,54,補助関連,C,needs_review,direct=rare metal; position=0.87,,0,,https://www.iwatani.co.jp | https://www.iwatani.co.jp/jpn/consumer/products/cg/ | https://www.iwatani.co.jp/jpn/company/profile/,EQUITY,Industrials,Conglomerates,https://www.iwatani.co.jp
9,8088,Iwatani Corporation,ロボット,AI・半導体,66,56,63,有力関連,B,qa_borderline,direct=robot; position=0.56,,0,,https://www.iwatani.co.jp | https://www.iwatani.co.jp/jpn/consumer/products/cg/ | https://www.iwatani.co.jp/jpn/company/profile/,EQUITY,Industrials,Conglomerates,https://www.iwatani.co.jp
9,8088,Iwatani Corporation,半導体製造装置,AI・半導体,66,56,63,有力関連,B,qa_borderline,direct=semiconductor manufacturing equipment; position=0.63,,0,,https://www.iwatani.co.jp | https://www.iwatani.co.jp/jpn/consumer/products/cg/ | https://www.iwatani.co.jp/jpn/company/profile/,EQUITY,Industrials,Conglomerates,https://www.iwatani.co.jp
9,8088,Iwatani Corporation,半導体部材・部品,AI・半導体,58,46,54,補助関連,C,needs_review,direct=semiconductor material; position=0.89,,0,,https://www.iwatani.co.jp | https://www.iwatani.co.jp/jpn/consumer/products/cg/ | https://www.iwatani.co.jp/jpn/company/profile/,EQUITY,Industrials,Conglomerates,https://www.iwatani.co.jp
9,8088,Iwatani Corporation,宇宙開発関連,防衛・国土強靱化,8,5,7,ノイズ候補,C,needs_review,事業概要に直接根拠を確認できず,,0,,https://www.iwatani.co.jp | https://www.iwatani.co.jp/jpn/consumer/products/cg/ | https://www.iwatani.co.jp/jpn/company/profile/,EQUITY,Industrials,Conglomerates,https://www.iwatani.co.jp
9,8088,Iwatani Corporation,機械,設備投資・機械,72,68,71,有力関連,B,needs_review,adjacent=equipment/machine; official=機械; count=6; pos=0.03,機械,6,0.0263,https://www.iwatani.co.jp | https://www.iwatani.co.jp/jpn/consumer/products/cg/ | https://www.iwatani.co.jp/jpn/company/profile/,EQUITY,Industrials,Conglomerates,https://www.iwatani.co.jp
9,8088,Iwatani Corporation,水素,GX・エネルギー,92,90,91,主力テーマ,A,official_site_supported,adjacent=hydrogen; official=水素/燃料電池; count=29; pos=0.03,水素 | 燃料電池,29,0.0256,https://www.iwatani.co.jp | https://www.iwatani.co.jp/jpn/consumer/products/cg/ | https://www.iwatani.co.jp/jpn/company/profile/,EQUITY,Industrials,Conglomerates,https://www.iwatani.co.jp
9,8088,Iwatani Corporation,脱炭素,GX・エネルギー,92,90,91,主力テーマ,A,official_site_supported,事業概要に直接根拠を確認できず; official=脱炭素/カーボンニュートラル; count=7; pos=0.06,脱炭素 | カーボンニュートラル,7,0.0619,https://www.iwatani.co.jp | https://www.iwatani.co.jp/jpn/consumer/products/cg/ | https://www.iwatani.co.jp/jpn/company/profile/,EQUITY,Industrials,Conglomerates,https://www.iwatani.co.jp
9,8088,Iwatani Corporation,自動車部材・部品,自動車・モビリティ,8,5,7,ノイズ候補,C,needs_review,事業概要に直接根拠を確認できず,,0,,https://www.iwatani.co.jp | https://www.iwatani.co.jp/jpn/consumer/products/cg/ | https://www.iwatani.co.jp/jpn/company/profile/,EQUITY,Industrials,Conglomerates,https://www.iwatani.co.jp
9,8088,Iwatani Corporation,風力発電,GX・エネルギー,8,5,7,ノイズ候補,C,needs_review,事業概要に直接根拠を確認できず,,0,,https://www.iwatani.co.jp | https://www.iwatani.co.jp/jpn/consumer/products/cg/ | https://www.iwatani.co.jp/jpn/company/profile/,EQUITY,Industrials,Conglomerates,https://www.iwatani.co.jp
9,8089,Nice Corporation,マンション関連,不動産・建設,92,98,94,主力テーマ,A,official_site_supported,adjacent=housing; growth=development; official=マンション; count=12; pos=0.04,マンション,12,0.0388,https://www.nice.co.jp | https://www.nice.co.jp/corporate/ | https://www.nice.co.jp/corporate/profile/,EQUITY,Industrials,Industrial Distribution,https://www.nice.co.jp
9,8089,Nice Corporation,住宅関連,不動産・建設,72,68,71,有力関連,B,qa_borderline,direct=custom-built homes; position=0.61; growth=development; official=住宅; count=53; pos=0.01,住宅,53,0.0120,https://www.nice.co.jp | https://www.nice.co.jp/corporate/ | https://www.nice.co.jp/corporate/profile/,EQUITY,Industrials,Industrial Distribution,https://www.nice.co.jp
9,8091,"Nichimo Co., Ltd.",機械,設備投資・機械,42,30,38,ノイズ候補,C,needs_review,adjacent=machine,,0,,https://www.nichimo.co.jp | https://www.nichimo.co.jp/business/ | https://www.nichimo.co.jp/business/food/,EQUITY,Consumer Defensive,Packaged Foods,https://www.nichimo.co.jp
9,8093,"Kyokuto Boeki Kaisha, Ltd.",防衛,防衛・国土強靱化,8,5,7,ノイズ候補,C,needs_review,事業概要に直接根拠を確認できず,,0,,https://www.kbk.co.jp | https://www.kbk.co.jp/ja/corporate/ | https://www.kbk.co.jp/ja/corporate/company/,EQUITY,Technology,Electronics & Computer Distribution,https://www.kbk.co.jp
9,8095,"Astena Holdings Co., Ltd.",バイオテクノロジー関連,医療・ヘルスケア,42,44,43,補助関連,C,needs_review,adjacent=drug discovery; growth=development/research,,0,,https://www.astena-hd.com | https://www.astena-hd.com/company/information.html | https://www.astena-hd.com/business.html,EQUITY,Industrials,Conglomerates,https://www.astena-hd.com
9,8095,"Astena Holdings Co., Ltd.",医薬品関連,医療・ヘルスケア,97,100,98,主力テーマ,A,ok,direct=pharmaceutical/pharma; position=0.16; growth=development/research; official=医薬品/医薬; count=32; pos=0.04,医薬品 | 医薬,32,0.0351,https://www.astena-hd.com | https://www.astena-hd.com/company/information.html | https://www.astena-hd.com/business.html,EQUITY,Industrials,Conglomerates,https://www.astena-hd.com
9,8095,"Astena Holdings Co., Ltd.",半導体部材・部品,AI・半導体,42,44,43,補助関連,C,needs_review,adjacent=semiconductor; growth=development/research,,0,,https://www.astena-hd.com | https://www.astena-hd.com/company/information.html | https://www.astena-hd.com/business.html,EQUITY,Industrials,Conglomerates,https://www.astena-hd.com
9,8098,"Inabata & Co.,Ltd.",半導体部材・部品,AI・半導体,42,30,38,ノイズ候補,C,needs_review,adjacent=semiconductor,,0,,https://www.inabata.co.jp,EQUITY,Basic Materials,Specialty Chemicals,https://www.inabata.co.jp
9,8098,"Inabata & Co.,Ltd.",自動車部材・部品,自動車・モビリティ,42,30,38,ノイズ候補,C,needs_review,adjacent=automotive,,0,,https://www.inabata.co.jp,EQUITY,Basic Materials,Specialty Chemicals,https://www.inabata.co.jp
9,8101,GSI Creos Corporation,半導体部材・部品,AI・半導体,58,56,57,補助関連,C,needs_review,direct=silicon wafer; position=0.65; growth=develops,,0,,https://www.gsi.co.jp | https://www.gsi.co.jp/ja/business.html | https://www.gsi.co.jp/ja/company/profile.html,EQUITY,Consumer Cyclical,Textile Manufacturing,https://www.gsi.co.jp
9,8101,GSI Creos Corporation,太陽光発電関連,GX・エネルギー,8,5,7,ノイズ候補,C,needs_review,事業概要に直接根拠を確認できず,,0,,https://www.gsi.co.jp | https://www.gsi.co.jp/ja/business.html | https://www.gsi.co.jp/ja/company/profile.html,EQUITY,Consumer Cyclical,Textile Manufacturing,https://www.gsi.co.jp
9,8103,Meiwa Corporation,レアアース,資源・素材,92,84,90,主力テーマ,A,ok,direct=rare earth; position=0.13,,0,,https://www.meiwa.co.jp,EQUITY,Industrials,Industrial Distribution,https://www.meiwa.co.jp
9,8103,Meiwa Corporation,レアメタル,資源・素材,92,84,90,主力テーマ,A,ok,direct=rare metal; position=0.14,,0,,https://www.meiwa.co.jp,EQUITY,Industrials,Industrial Distribution,https://www.meiwa.co.jp
9,8103,Meiwa Corporation,自動車部材・部品,自動車・モビリティ,58,46,54,補助関連,C,needs_review,direct=automotive parts; position=0.92,,0,,https://www.meiwa.co.jp,EQUITY,Industrials,Industrial Distribution,https://www.meiwa.co.jp
9,8104,KUWAZAWA Holdings Corporation,住宅関連,不動産・建設,42,30,38,ノイズ候補,C,needs_review,adjacent=housing,,0,,https://www.kuwazawa-hd.co.jp | https://www.kuwazawa-hd.co.jp/company/ | https://www.kuwazawa-hd.co.jp/company/profile/,EQUITY,Basic Materials,Building Materials,https://www.kuwazawa-hd.co.jp
9,8104,KUWAZAWA Holdings Corporation,太陽光発電関連,GX・エネルギー,8,5,7,ノイズ候補,C,needs_review,事業概要に直接根拠を確認できず,,0,,https://www.kuwazawa-hd.co.jp | https://www.kuwazawa-hd.co.jp/company/ | https://www.kuwazawa-hd.co.jp/company/profile/,EQUITY,Basic Materials,Building Materials,https://www.kuwazawa-hd.co.jp
9,8104,KUWAZAWA Holdings Corporation,建設,不動産・建設,92,84,90,主力テーマ,A,ok,direct=civil engineering; position=0.12,,0,,https://www.kuwazawa-hd.co.jp | https://www.kuwazawa-hd.co.jp/company/ | https://www.kuwazawa-hd.co.jp/company/profile/,EQUITY,Basic Materials,Building Materials,https://www.kuwazawa-hd.co.jp
9,8105,Bitcoin Japan Corporation,データセンター,データセンター・電力,8,5,7,ノイズ候補,C,needs_review,事業概要に直接根拠を確認できず,,0,,https://www.hotta-marusho.co.jp | https://www.hotta-marusho.co.jp/business/ | https://www.hotta-marusho.co.jp/business/material/,EQUITY,Consumer Cyclical,Apparel Manufacturing,https://www.hotta-marusho.co.jp
9,8105,Bitcoin Japan Corporation,人工知能,AI・半導体,72,68,71,有力関連,B,needs_review,事業概要に直接根拠を確認できず; official=AI; count=1; pos=0.90,AI,1,0.8990,https://www.hotta-marusho.co.jp | https://www.hotta-marusho.co.jp/business/ | https://www.hotta-marusho.co.jp/business/material/,EQUITY,Consumer Cyclical,Apparel Manufacturing,https://www.hotta-marusho.co.jp
9,8105,Bitcoin Japan Corporation,小売り,内需・消費,82,74,80,主力テーマ,B,ok,direct=retail stores; position=0.46,,0,,https://www.hotta-marusho.co.jp | https://www.hotta-marusho.co.jp/business/ | https://www.hotta-marusho.co.jp/business/material/,EQUITY,Consumer Cyclical,Apparel Manufacturing,https://www.hotta-marusho.co.jp
9,8107,Kimuratan Corporation,不動産関連,不動産・建設,86,78,84,主力テーマ,B,ok,direct=real estate business; position=0.29; official=不動産; count=2; pos=0.28,不動産,2,0.2773,https://www.kimuratan.co.jp | https://www.kimuratan.co.jp/apparel/,EQUITY,Consumer Cyclical,Apparel Manufacturing,https://www.kimuratan.co.jp
9,8113,Unicharm Corporation,サブスクリプション,デジタル・サービス,8,5,7,ノイズ候補,C,needs_review,事業概要に直接根拠を確認できず,,0,,https://www.unicharm.co.jp | https://www.unicharm.co.jp/ja/recruit/company/vision.html | https://www.unicharm.co.jp/ja/recruit/company/sense.html,EQUITY,Consumer Defensive,Household & Personal Products,https://www.unicharm.co.jp
9,8113,Unicharm Corporation,介護関連,医療・ヘルスケア,8,5,7,ノイズ候補,C,needs_review,事業概要に直接根拠を確認できず,,0,,https://www.unicharm.co.jp | https://www.unicharm.co.jp/ja/recruit/company/vision.html | https://www.unicharm.co.jp/ja/recruit/company/sense.html,EQUITY,Consumer Defensive,Household & Personal Products,https://www.unicharm.co.jp
