stock_code,segment_name,share_pct,basis,segment_sales,total_sales,source_url,year,evidence
4512,事業,19.56,external_customer_sales_table_v6,424224.0,2168551.0,https://www.wakamoto-pharm.co.jp/upd/pdf/0000001485_1.pdf,2027,"費用
支払利息 280 1,738
寄付金 2,572 3,122
その他 133 16
営業外費用合計 2,985 4,876
経常損失（△） △117,481 △107,418
特別利益
投資有価証券売却益 - 152,732
特別利益合計 - 152,732
税引前四半期純利益又は税引前四半期純損失（△） △117,481 45,313
法人税、住民税及び事業税 4,088 4,088
法人税等調整額 △13,115 34,514
法人税等合計 △9,027 38,602
四半期純利益又は四半期純損失（△） △108,454 6,711
（２）四半期損益計算書
- 6 -
わかもと製薬株式会社（4512） 2027年3月期 第1四半期決算短信
（３）四半期財務諸表に関する注記事項
（継続企業の前提に関する注記）
 該当事項はありません。
（株主資本の金額に著しい変動があった場合の注記）
 該当事項はありません。
前第１四半期累計期間
（自 2025年４月１日
至 2025年６月30日）
当第１四半期累計期間
（自 2026年４月１日
至 2026年６月30日）
減価償却費 109,260千円 130,027千円
（四半期キャッシュ・フロー計算書に関する注記）
 当第１四半期累計期間に係る四半期キャッシュ・フロー計算書は作成しておりません。なお、第１四半期累
計期間に係る減価償却費（無形固定資産に係る償却費を含む。）は、次のとおりであります。
- 7 -
わかもと製薬株式会社（4512） 2027年3月期 第1四半期決算短信
（単位：千円）
報告セグメント
合計 調整額
四半期損益
計算書計上
額(注)医薬事業 ヘルスケア
事業
グローバル
事業
不動産
賃貸業
売上高
 外部顧客への売上高 1,100,714 599,678 424,224 43,935 2,168,551 － 2,168,551
計 1,100,714 599,678 424,224 43,935 2,168,551 － 2,168,551
セグメント利益又は
損失（△） △263,581 49,895 55,788 14,590 △143,306 － △143,306
（単位：千円）
報告セグメント
合計 調整額
四半期損益
計算書計上
額(注)医薬事業 ヘルスケア
事業
グローバル
事業
不動産
賃貸業
売上高
外部顧客への売上高 1,150,187 625,500 600,947 48,893 2,425,528 － 2,425,528
計 1,150,187 625,500 600,947 48,893 2,425,528 － 2,425,528
セグメント利益又は
損失（△） △364,604 101,930 106,985 19,288 △136,398 － △136,398
（セグメント情報等の注記）
【セグメント情報】
前第１四半期累計期間（自2025年４月１日 至2025年６月30日）
１.報告セグメントごとの売上高及び利益又は損失の金額に関する情報
（注）セグメント利益又は損失（△）の合計額は、四半期損益計算書の営業損失（△）と一致しております。
当第１四半期累計期間（自2026年４月１日 至2026年６月30日）
１.報告セグメントごとの売上高及び利益又は損失の金額に関する"
4512,住民税及び事業,50.76,external_customer_sales_table_v6,1100714.0,2168551.0,https://www.wakamoto-pharm.co.jp/upd/pdf/0000001485_1.pdf,2027,"費用
支払利息 280 1,738
寄付金 2,572 3,122
その他 133 16
営業外費用合計 2,985 4,876
経常損失（△） △117,481 △107,418
特別利益
投資有価証券売却益 - 152,732
特別利益合計 - 152,732
税引前四半期純利益又は税引前四半期純損失（△） △117,481 45,313
法人税、住民税及び事業税 4,088 4,088
法人税等調整額 △13,115 34,514
法人税等合計 △9,027 38,602
四半期純利益又は四半期純損失（△） △108,454 6,711
（２）四半期損益計算書
- 6 -
わかもと製薬株式会社（4512） 2027年3月期 第1四半期決算短信
（３）四半期財務諸表に関する注記事項
（継続企業の前提に関する注記）
 該当事項はありません。
（株主資本の金額に著しい変動があった場合の注記）
 該当事項はありません。
前第１四半期累計期間
（自 2025年４月１日
至 2025年６月30日）
当第１四半期累計期間
（自 2026年４月１日
至 2026年６月30日）
減価償却費 109,260千円 130,027千円
（四半期キャッシュ・フロー計算書に関する注記）
 当第１四半期累計期間に係る四半期キャッシュ・フロー計算書は作成しておりません。なお、第１四半期累
計期間に係る減価償却費（無形固定資産に係る償却費を含む。）は、次のとおりであります。
- 7 -
わかもと製薬株式会社（4512） 2027年3月期 第1四半期決算短信
（単位：千円）
報告セグメント
合計 調整額
四半期損益
計算書計上
額(注)医薬事業 ヘルスケア
事業
グローバル
事業
不動産
賃貸業
売上高
 外部顧客への売上高 1,100,714 599,678 424,224 43,935 2,168,551 － 2,168,551
計 1,100,714 599,678 424,224 43,935 2,168,551 － 2,168,551
セグメント利益又は
損失（△） △263,581 49,895 55,788 14,590 △143,306 － △143,306
（単位：千円）
報告セグメント
合計 調整額
四半期損益
計算書計上
額(注)医薬事業 ヘルスケア
事業
グローバル
事業
不動産
賃貸業
売上高
外部顧客への売上高 1,150,187 625,500 600,947 48,893 2,425,528 － 2,425,528
計 1,150,187 625,500 600,947 48,893 2,425,528 － 2,425,528
セグメント利益又は
損失（△） △364,604 101,930 106,985 19,288 △136,398 － △136,398
（セグメント情報等の注記）
【セグメント情報】
前第１四半期累計期間（自2025年４月１日 至2025年６月30日）
１.報告セグメントごとの売上高及び利益又は損失の金額に関する情報
（注）セグメント利益又は損失（△）の合計額は、四半期損益計算書の営業損失（△）と一致しております。
当第１四半期累計期間（自2026年４月１日 至2026年６月30日）
１.報告セグメントごとの売上高及び利益又は損失の金額に関する"
4512,医薬事業,27.65,external_customer_sales_table_v6,599678.0,2168551.0,https://www.wakamoto-pharm.co.jp/upd/pdf/0000001485_1.pdf,2027,"費用
支払利息 280 1,738
寄付金 2,572 3,122
その他 133 16
営業外費用合計 2,985 4,876
経常損失（△） △117,481 △107,418
特別利益
投資有価証券売却益 - 152,732
特別利益合計 - 152,732
税引前四半期純利益又は税引前四半期純損失（△） △117,481 45,313
法人税、住民税及び事業税 4,088 4,088
法人税等調整額 △13,115 34,514
法人税等合計 △9,027 38,602
四半期純利益又は四半期純損失（△） △108,454 6,711
（２）四半期損益計算書
- 6 -
わかもと製薬株式会社（4512） 2027年3月期 第1四半期決算短信
（３）四半期財務諸表に関する注記事項
（継続企業の前提に関する注記）
 該当事項はありません。
（株主資本の金額に著しい変動があった場合の注記）
 該当事項はありません。
前第１四半期累計期間
（自 2025年４月１日
至 2025年６月30日）
当第１四半期累計期間
（自 2026年４月１日
至 2026年６月30日）
減価償却費 109,260千円 130,027千円
（四半期キャッシュ・フロー計算書に関する注記）
 当第１四半期累計期間に係る四半期キャッシュ・フロー計算書は作成しておりません。なお、第１四半期累
計期間に係る減価償却費（無形固定資産に係る償却費を含む。）は、次のとおりであります。
- 7 -
わかもと製薬株式会社（4512） 2027年3月期 第1四半期決算短信
（単位：千円）
報告セグメント
合計 調整額
四半期損益
計算書計上
額(注)医薬事業 ヘルスケア
事業
グローバル
事業
不動産
賃貸業
売上高
 外部顧客への売上高 1,100,714 599,678 424,224 43,935 2,168,551 － 2,168,551
計 1,100,714 599,678 424,224 43,935 2,168,551 － 2,168,551
セグメント利益又は
損失（△） △263,581 49,895 55,788 14,590 △143,306 － △143,306
（単位：千円）
報告セグメント
合計 調整額
四半期損益
計算書計上
額(注)医薬事業 ヘルスケア
事業
グローバル
事業
不動産
賃貸業
売上高
外部顧客への売上高 1,150,187 625,500 600,947 48,893 2,425,528 － 2,425,528
計 1,150,187 625,500 600,947 48,893 2,425,528 － 2,425,528
セグメント利益又は
損失（△） △364,604 101,930 106,985 19,288 △136,398 － △136,398
（セグメント情報等の注記）
【セグメント情報】
前第１四半期累計期間（自2025年４月１日 至2025年６月30日）
１.報告セグメントごとの売上高及び利益又は損失の金額に関する情報
（注）セグメント利益又は損失（△）の合計額は、四半期損益計算書の営業損失（△）と一致しております。
当第１四半期累計期間（自2026年４月１日 至2026年６月30日）
１.報告セグメントごとの売上高及び利益又は損失の金額に関する"
4544,サービス,63.27,external_customer_sales_table_v6,39603.0,62590.0,https://www.hugp.com/resources/file/pdf/20260812_tanshin.pdf,2027,"2026年４月１日 至 2026年６月30日）
 国内子会社における補償に伴う損失に備えるため計上したものであります。
（単位：百万円）
報告セグメント
調整額
(注)１
四半期連結
損益計算書
計上額
(注)２
臨床検査薬
事業
検査・関連
サービス事業
ヘルスケア
関連サービス
事業
計
売上高
外部顧客への売上高 14,103 39,299 7,992 61,395 － 61,395
セグメント間の内部売上
高又は振替高 950 69 41 1,061 △1,061 －
計 15,053 39,369 8,034 62,456 △1,061 61,395
セグメント利益又は損失
（△） 2,309 △800 752 2,261 △1,391 870
（セグメント情報等の注記）
【セグメント情報】
Ⅰ 前第１四半期連結累計期間（自 2025年４月１日 至 2025年６月30日）
１．報告セグメントごとの売上高及び利益又は損失の金額に関する情報
（注）１．セグメント利益又は損失（△）の調整額△1,391百万円は、セグメント間取引消去3,495百万円及び各報
告セグメントに配分していない全社費用△4,886百万円が含まれております。全社費用は、主に報告セ
グメントに帰属しない一般管理費であります。
 ２．セグメント利益又は損失（△）は、四半期連結損益計算書の営業利益と調整を行っております。
- 9 -
H.U.グループホールディングス㈱(4544) 2027年３月期 第１四半期決算短信
（単位：百万円）
報告セグメント
調整額
(注)１
四半期連結
損益計算書
計上額
(注)２
臨床検査薬
事業
検査・関連
サービス事業
ヘルスケア
関連サービス
事業
計
売上高
 外部顧客への売上高 16,386 39,603 6,600 62,590 － 62,590
セグメント間の内部売上
高又は振替高 1,086 69 12 1,169 △1,169 －
計 17,473 39,673 6,613 63,759 △1,169 62,590
セグメント利益又は損失
（△） 2,438 674 520 3,632 △1,533 2,099
２．報告セグメントごとの固定資産の減損損失又はのれん等に関する情報
（固定資産に係る重要な減損損失）
 第１四半期連結累計期間において、固定資産に係る重要な減損損失はありません。
（のれんの金額の重要な変動）
 「臨床検査薬事業」のセグメントにおいて、Plasma Services Group, Inc.を連結子会社としたことによ
り、のれんを計上しております。当該事象によるのれんの増加額は、第１四半期連結累計期間においては878
百万円であります。
 なお、のれんの金額は、暫定的な会計処理の確定に伴う見直し反映後の金額であります。
（重要な負ののれん発生益）
 該当事項はありません。
Ⅱ 当第１四半期連結累計期間（自 2026年４月１日 至 2026年６月30日）
１．報告セグメントごとの売上高及び利益又は損失の金額に関する情報
（注）１．セグメント利益又は損失（△）の調整額△1,533百万円は、セグメント間取引消去3,146百万円及び各報
告セグメントに配分していない全社費用△4,680百万円が含まれております。全社費用は、主に報告"
4544,事業,26.18,external_customer_sales_table_v6,16386.0,62590.0,https://www.hugp.com/resources/file/pdf/20260812_tanshin.pdf,2027,"2026年４月１日 至 2026年６月30日）
 国内子会社における補償に伴う損失に備えるため計上したものであります。
（単位：百万円）
報告セグメント
調整額
(注)１
四半期連結
損益計算書
計上額
(注)２
臨床検査薬
事業
検査・関連
サービス事業
ヘルスケア
関連サービス
事業
計
売上高
外部顧客への売上高 14,103 39,299 7,992 61,395 － 61,395
セグメント間の内部売上
高又は振替高 950 69 41 1,061 △1,061 －
計 15,053 39,369 8,034 62,456 △1,061 61,395
セグメント利益又は損失
（△） 2,309 △800 752 2,261 △1,391 870
（セグメント情報等の注記）
【セグメント情報】
Ⅰ 前第１四半期連結累計期間（自 2025年４月１日 至 2025年６月30日）
１．報告セグメントごとの売上高及び利益又は損失の金額に関する情報
（注）１．セグメント利益又は損失（△）の調整額△1,391百万円は、セグメント間取引消去3,495百万円及び各報
告セグメントに配分していない全社費用△4,886百万円が含まれております。全社費用は、主に報告セ
グメントに帰属しない一般管理費であります。
 ２．セグメント利益又は損失（△）は、四半期連結損益計算書の営業利益と調整を行っております。
- 9 -
H.U.グループホールディングス㈱(4544) 2027年３月期 第１四半期決算短信
（単位：百万円）
報告セグメント
調整額
(注)１
四半期連結
損益計算書
計上額
(注)２
臨床検査薬
事業
検査・関連
サービス事業
ヘルスケア
関連サービス
事業
計
売上高
 外部顧客への売上高 16,386 39,603 6,600 62,590 － 62,590
セグメント間の内部売上
高又は振替高 1,086 69 12 1,169 △1,169 －
計 17,473 39,673 6,613 63,759 △1,169 62,590
セグメント利益又は損失
（△） 2,438 674 520 3,632 △1,533 2,099
２．報告セグメントごとの固定資産の減損損失又はのれん等に関する情報
（固定資産に係る重要な減損損失）
 第１四半期連結累計期間において、固定資産に係る重要な減損損失はありません。
（のれんの金額の重要な変動）
 「臨床検査薬事業」のセグメントにおいて、Plasma Services Group, Inc.を連結子会社としたことによ
り、のれんを計上しております。当該事象によるのれんの増加額は、第１四半期連結累計期間においては878
百万円であります。
 なお、のれんの金額は、暫定的な会計処理の確定に伴う見直し反映後の金額であります。
（重要な負ののれん発生益）
 該当事項はありません。
Ⅱ 当第１四半期連結累計期間（自 2026年４月１日 至 2026年６月30日）
１．報告セグメントごとの売上高及び利益又は損失の金額に関する情報
（注）１．セグメント利益又は損失（△）の調整額△1,533百万円は、セグメント間取引消去3,146百万円及び各報
告セグメントに配分していない全社費用△4,680百万円が含まれております。全社費用は、主に報告"
4544,関連サービス,10.54,external_customer_sales_table_v6,6600.0,62590.0,https://www.hugp.com/resources/file/pdf/20260812_tanshin.pdf,2027,"2026年４月１日 至 2026年６月30日）
 国内子会社における補償に伴う損失に備えるため計上したものであります。
（単位：百万円）
報告セグメント
調整額
(注)１
四半期連結
損益計算書
計上額
(注)２
臨床検査薬
事業
検査・関連
サービス事業
ヘルスケア
関連サービス
事業
計
売上高
外部顧客への売上高 14,103 39,299 7,992 61,395 － 61,395
セグメント間の内部売上
高又は振替高 950 69 41 1,061 △1,061 －
計 15,053 39,369 8,034 62,456 △1,061 61,395
セグメント利益又は損失
（△） 2,309 △800 752 2,261 △1,391 870
（セグメント情報等の注記）
【セグメント情報】
Ⅰ 前第１四半期連結累計期間（自 2025年４月１日 至 2025年６月30日）
１．報告セグメントごとの売上高及び利益又は損失の金額に関する情報
（注）１．セグメント利益又は損失（△）の調整額△1,391百万円は、セグメント間取引消去3,495百万円及び各報
告セグメントに配分していない全社費用△4,886百万円が含まれております。全社費用は、主に報告セ
グメントに帰属しない一般管理費であります。
 ２．セグメント利益又は損失（△）は、四半期連結損益計算書の営業利益と調整を行っております。
- 9 -
H.U.グループホールディングス㈱(4544) 2027年３月期 第１四半期決算短信
（単位：百万円）
報告セグメント
調整額
(注)１
四半期連結
損益計算書
計上額
(注)２
臨床検査薬
事業
検査・関連
サービス事業
ヘルスケア
関連サービス
事業
計
売上高
 外部顧客への売上高 16,386 39,603 6,600 62,590 － 62,590
セグメント間の内部売上
高又は振替高 1,086 69 12 1,169 △1,169 －
計 17,473 39,673 6,613 63,759 △1,169 62,590
セグメント利益又は損失
（△） 2,438 674 520 3,632 △1,533 2,099
２．報告セグメントごとの固定資産の減損損失又はのれん等に関する情報
（固定資産に係る重要な減損損失）
 第１四半期連結累計期間において、固定資産に係る重要な減損損失はありません。
（のれんの金額の重要な変動）
 「臨床検査薬事業」のセグメントにおいて、Plasma Services Group, Inc.を連結子会社としたことによ
り、のれんを計上しております。当該事象によるのれんの増加額は、第１四半期連結累計期間においては878
百万円であります。
 なお、のれんの金額は、暫定的な会計処理の確定に伴う見直し反映後の金額であります。
（重要な負ののれん発生益）
 該当事項はありません。
Ⅱ 当第１四半期連結累計期間（自 2026年４月１日 至 2026年６月30日）
１．報告セグメントごとの売上高及び利益又は損失の金額に関する情報
（注）１．セグメント利益又は損失（△）の調整額△1,533百万円は、セグメント間取引消去3,146百万円及び各報
告セグメントに配分していない全社費用△4,680百万円が含まれております。全社費用は、主に報告"
4559,ケア事業,32.79,external_customer_sales_table_v6,7032358.0,21448542.0,https://www.zeria.co.jp/media/kessan202703_001.pdf,2027,"、今後の後発品参入可能性が高まっ
たことから耐用年数を短縮し、将来にわたり変更しております。
この結果、当第１四半期連結累計期間の営業利益、経常利益及び税金等調整前四半期純利益はそれぞれ
388,569千円減少しております。
（四半期連結財務諸表の作成に特有の会計処理に関する注記）
税金費用の計算
税金費用については、当第１四半期連結会計期間を含む連結会計年度の税引前当期純利益に対する税効果会計
適用後の実効税率を合理的に見積り、税引前四半期純利益に当該見積実効税率を乗じて計算しております。
- 7 -
ゼリア新薬工業株式会社（4559） 2027年３月期 第１四半期決算短信
（単位：千円）
報告セグメント
その他
（注）１ 合計 調整額
（注）２
四半期連結
損益計算書
計上額
（注）３
医療用
医薬品事業
コンシュー
マーヘルス
ケア事業
計
売上高
外部顧客への売上高 12,666,534 6,784,797 19,451,332 38,457 19,489,789 － 19,489,789
セグメント間の内部
売上高又は振替高 － 44 44 121,291 121,336 △121,336 －
計 12,666,534 6,784,842 19,451,376 159,748 19,611,125 △121,336 19,489,789
セグメント利益 1,716,469 1,336,663 3,053,133 54,203 3,107,336 △1,586,800 1,520,535
（単位：千円）
報告セグメント
その他
（注）１ 合計 調整額
（注）２
四半期連結
損益計算書
計上額
（注）３
医療用
医薬品事業
コンシュー
マーヘルス
ケア事業
計
売上高
 外部顧客への売上高 14,379,128 7,032,358 21,411,486 37,055 21,448,542 － 21,448,542
セグメント間の内部
売上高又は振替高 － 49 49 117,363 117,412 △117,412 －
計 14,379,128 7,032,407 21,411,536 154,418 21,565,954 △117,412 21,448,542
セグメント利益 2,195,496 1,362,106 3,557,603 54,377 3,611,981 △1,661,218 1,950,762
（セグメント情報等の注記）
【セグメント情報】
Ⅰ 前第１四半期連結累計期間（自 2025年４月１日 至 2025年６月30日）
１．報告セグメントごとの売上高及び利益又は損失の金額に関する情報
（注）１．「その他」の区分は、報告セグメントに含まれない事業セグメントであり、保険代理業及び不動産業
等の事業を含んでおります。
２．セグメント利益の調整額△1,586,800千円は、主に報告セグメントに配分していない一般管理費等の
全社費用であります。
３．セグメント利益は、四半期連結損益計算書の営業利益と調整を行っております。
２．報告セグメントごとの固定資産の減損損失又はのれん等に関する情報
該当事項はありません。
Ⅱ 当第１四半期連結累計期間（自 2026年４月１日 至 2026年６月30日）
１．報告セグメントごとの売上高及び利益又は損失の金額に関する情"
4559,医薬品事業,67.04,external_customer_sales_table_v6,14379128.0,21448542.0,https://www.zeria.co.jp/media/kessan202703_001.pdf,2027,"、今後の後発品参入可能性が高まっ
たことから耐用年数を短縮し、将来にわたり変更しております。
この結果、当第１四半期連結累計期間の営業利益、経常利益及び税金等調整前四半期純利益はそれぞれ
388,569千円減少しております。
（四半期連結財務諸表の作成に特有の会計処理に関する注記）
税金費用の計算
税金費用については、当第１四半期連結会計期間を含む連結会計年度の税引前当期純利益に対する税効果会計
適用後の実効税率を合理的に見積り、税引前四半期純利益に当該見積実効税率を乗じて計算しております。
- 7 -
ゼリア新薬工業株式会社（4559） 2027年３月期 第１四半期決算短信
（単位：千円）
報告セグメント
その他
（注）１ 合計 調整額
（注）２
四半期連結
損益計算書
計上額
（注）３
医療用
医薬品事業
コンシュー
マーヘルス
ケア事業
計
売上高
外部顧客への売上高 12,666,534 6,784,797 19,451,332 38,457 19,489,789 － 19,489,789
セグメント間の内部
売上高又は振替高 － 44 44 121,291 121,336 △121,336 －
計 12,666,534 6,784,842 19,451,376 159,748 19,611,125 △121,336 19,489,789
セグメント利益 1,716,469 1,336,663 3,053,133 54,203 3,107,336 △1,586,800 1,520,535
（単位：千円）
報告セグメント
その他
（注）１ 合計 調整額
（注）２
四半期連結
損益計算書
計上額
（注）３
医療用
医薬品事業
コンシュー
マーヘルス
ケア事業
計
売上高
 外部顧客への売上高 14,379,128 7,032,358 21,411,486 37,055 21,448,542 － 21,448,542
セグメント間の内部
売上高又は振替高 － 49 49 117,363 117,412 △117,412 －
計 14,379,128 7,032,407 21,411,536 154,418 21,565,954 △117,412 21,448,542
セグメント利益 2,195,496 1,362,106 3,557,603 54,377 3,611,981 △1,661,218 1,950,762
（セグメント情報等の注記）
【セグメント情報】
Ⅰ 前第１四半期連結累計期間（自 2025年４月１日 至 2025年６月30日）
１．報告セグメントごとの売上高及び利益又は損失の金額に関する情報
（注）１．「その他」の区分は、報告セグメントに含まれない事業セグメントであり、保険代理業及び不動産業
等の事業を含んでおります。
２．セグメント利益の調整額△1,586,800千円は、主に報告セグメントに配分していない一般管理費等の
全社費用であります。
３．セグメント利益は、四半期連結損益計算書の営業利益と調整を行っております。
２．報告セグメントごとの固定資産の減損損失又はのれん等に関する情報
該当事項はありません。
Ⅱ 当第１四半期連結累計期間（自 2026年４月１日 至 2026年６月30日）
１．報告セグメントごとの売上高及び利益又は損失の金額に関する情"
4564,に関連する事業,1.16,external_customer_sales_table_v6,1981.0,170766.0,https://www.oncotherapy.co.jp/wp-content/uploads/2026/08/260807_01.pdf,2027,"4,365 △288,935
親会社株主に帰属する四半期純損失（△） △314,365 △288,935
（２）四半期連結損益計算書及び四半期連結包括利益計算書
四半期連結損益計算書
- 10 -
オンコセラピー・サイエンス株式会社（4564） 2027年３月期 第１四半期決算短信
（単位：千円）
 前第１四半期連結累計期間
(自 2025年４月１日
 至 2025年６月30日)
 当第１四半期連結累計期間
(自 2026年４月１日
 至 2026年６月30日)
四半期純損失（△） △314,365 △288,935
四半期包括利益 △314,365 △288,935
（内訳）
親会社株主に係る四半期包括利益 △314,365 △288,935
四半期連結包括利益計算書
- 11 -
オンコセラピー・サイエンス株式会社（4564） 2027年３月期 第１四半期決算短信
（単位：千円）
報告セグメント
調整額
（注）１
四半期連結
損益計算書
計上額
（注）２
「医薬品の研究及び
開発」並びにこれら
に関連する事業
がんプレシジョ
ン医療関連事業 合計
売上高
外部顧客への売上高 2,330 199,155 201,485 － 201,485
セグメント間の内部売上高
又は振替高 77 － 77 △77 －
計 2,407 199,155 201,562 △77 201,485
セグメント損失（△） △179,705 △21,206 △200,912 △103,013 △303,925
（単位：千円）
報告セグメント
調整額
（注）１
四半期連結
損益計算書
計上額
（注）２
「医薬品の研究及び
開発」並びにこれら
に関連する事業
がんプレシジョ
ン医療関連事業 合計
売上高
 外部顧客への売上高 1,981 168,785 170,766 － 170,766
セグメント間の内部売上高
又は振替高 21 － 21 △21 －
計 2,002 168,785 170,788 △21 170,766
セグメント損失（△） △160,925 △17,118 △178,043 △107,096 △285,140
（３）四半期連結財務諸表に関する注記事項
（セグメント情報等の注記）
【セグメント情報】
前第１四半期連結累計期間（自 2025年４月１日 至 2025年６月30日）
１．報告セグメントごとの売上高及び利益又は損失の金額に関する情報
（注）１．セグメント損失（△）の調整額△103,013千円は、セグメント間取引消去 △89千円、各報告セグメント
に配分していない全社費用 △102,924千円であります。全社費用は、主に報告セグメントに 帰属しない一
般管理費であります。
２．セグメント損失（△）は、四半期連結損益計算書の営業損失と調整を行っております。
２．報告セグメントごとの固定資産の減損損失又はのれん等に関する情報
 該当事項はありません。
当第１四半期連結累計期間（自 2026年４月１日 至 2026年６月30日）
１．報告セグメントごとの売上高及び利益又は損失の金額に関する情報
（注）１．セグメント損失（△）の調整額△107,096千円は、セグメント間取引消去 17千円、各報告セグメントに
配分していない全社費用 △107,113千円であります。全社費用は、主に報"
4564,ン医療関連事業,98.84,external_customer_sales_table_v6,168785.0,170766.0,https://www.oncotherapy.co.jp/wp-content/uploads/2026/08/260807_01.pdf,2027,"4,365 △288,935
親会社株主に帰属する四半期純損失（△） △314,365 △288,935
（２）四半期連結損益計算書及び四半期連結包括利益計算書
四半期連結損益計算書
- 10 -
オンコセラピー・サイエンス株式会社（4564） 2027年３月期 第１四半期決算短信
（単位：千円）
 前第１四半期連結累計期間
(自 2025年４月１日
 至 2025年６月30日)
 当第１四半期連結累計期間
(自 2026年４月１日
 至 2026年６月30日)
四半期純損失（△） △314,365 △288,935
四半期包括利益 △314,365 △288,935
（内訳）
親会社株主に係る四半期包括利益 △314,365 △288,935
四半期連結包括利益計算書
- 11 -
オンコセラピー・サイエンス株式会社（4564） 2027年３月期 第１四半期決算短信
（単位：千円）
報告セグメント
調整額
（注）１
四半期連結
損益計算書
計上額
（注）２
「医薬品の研究及び
開発」並びにこれら
に関連する事業
がんプレシジョ
ン医療関連事業 合計
売上高
外部顧客への売上高 2,330 199,155 201,485 － 201,485
セグメント間の内部売上高
又は振替高 77 － 77 △77 －
計 2,407 199,155 201,562 △77 201,485
セグメント損失（△） △179,705 △21,206 △200,912 △103,013 △303,925
（単位：千円）
報告セグメント
調整額
（注）１
四半期連結
損益計算書
計上額
（注）２
「医薬品の研究及び
開発」並びにこれら
に関連する事業
がんプレシジョ
ン医療関連事業 合計
売上高
 外部顧客への売上高 1,981 168,785 170,766 － 170,766
セグメント間の内部売上高
又は振替高 21 － 21 △21 －
計 2,002 168,785 170,788 △21 170,766
セグメント損失（△） △160,925 △17,118 △178,043 △107,096 △285,140
（３）四半期連結財務諸表に関する注記事項
（セグメント情報等の注記）
【セグメント情報】
前第１四半期連結累計期間（自 2025年４月１日 至 2025年６月30日）
１．報告セグメントごとの売上高及び利益又は損失の金額に関する情報
（注）１．セグメント損失（△）の調整額△103,013千円は、セグメント間取引消去 △89千円、各報告セグメント
に配分していない全社費用 △102,924千円であります。全社費用は、主に報告セグメントに 帰属しない一
般管理費であります。
２．セグメント損失（△）は、四半期連結損益計算書の営業損失と調整を行っております。
２．報告セグメントごとの固定資産の減損損失又はのれん等に関する情報
 該当事項はありません。
当第１四半期連結累計期間（自 2026年４月１日 至 2026年６月30日）
１．報告セグメントごとの売上高及び利益又は損失の金額に関する情報
（注）１．セグメント損失（△）の調整額△107,096千円は、セグメント間取引消去 17千円、各報告セグメントに
配分していない全社費用 △107,113千円であります。全社費用は、主に報"
4619,の区分は報告セグメントに含まれない事業,31.20,external_customer_sales_table_v6,19311.0,61889.0,https://www.nttoryo.co.jp/dcms_media/other/kessantanshin202603.pdf,2026,"60
セグメント間の内部
売上高又は振替高 3 － 3 － 3 △3 －
計 23,726 42,321 66,047 15 66,063 △3 66,060
セグメント利益 953 3,493 4,446 9 4,456 － 4,456
セグメント資産 13,900 50,179 64,080 92 64,173 21,070 85,243
その他の項目
減価償却費 230 2,717 2,948 － 2,948 － 2,948
持分法投資利益 30 1,685 1,715 － 1,715 － 1,715
持分法適用会社への
投資額 404 13,513 13,918 － 13,918 － 13,918
有形固定資産及び
無形固定資産の増加額 278 909 1,188 － 1,188 246 1,434
（注）１ 「その他」の区分は報告セグメントに含まれない事業セグメントであり、保険代理業であります。
２ 調整額は以下のとおりであります。
セグメント資産の調整額21,070百万円、有形固定資産及び無形固定資産の増加額246百万円は、各報告セグ
メントに配分していない全社資産であります。全社資産は、主に当社の余資運用資金（現金及び預金等）、
長期投融資資金（投資有価証券等）並びに当社での管理部門に係る資産等であります。
３ セグメント利益は、連結財務諸表の営業利益と調整を行っております。
日本特殊塗料株式会社(4619) 2026年３月期 決算短信
－ 15 －
当連結会計年度(自 2025年４月１日 至 2026年３月31日)
(単位：百万円)
報告セグメント その他
(注)１ 合計 調整額
(注)２
連結財務諸表
計上額
(注)３塗料関連 自動車
製品関連 計
売上高
 外部顧客への売上高 19,311 42,561 61,872 16 61,889 － 61,889
セグメント間の内部
売上高又は振替高 3 － 3 － 3 △3 －
計 19,314 42,561 61,876 16 61,892 △3 61,889
セグメント利益 566 3,429 3,995 9 4,004 － 4,004
セグメント資産 12,966 50,814 63,781 100 63,882 21,493 85,375
その他の項目
減価償却費 226 2,554 2,781 － 2,781 － 2,781
持分法投資利益 27 2,415 2,443 － 2,443 － 2,443
持分法適用会社への
投資額 431 13,608 14,040 － 14,040 － 14,040
有形固定資産及び
無形固定資産の増加額 199 2,253 2,453 － 2,453 506 2,959
（注）１ 「その他」の区分は報告セグメントに含まれない事業セグメントであり、保険代理業であります。
２ 調整額は以下のとおりであります。
セグメント資産の調整額21,493百万円、有形固定資産及び無形固定資産の増加額506百万円は、各報告セグ
メントに配分していない全社資産であります。全社資産は、主に当社の余資運用資金（現金及び預金等）、
長期投融資資金（投資有価証券等）並びに当社での管理部門に係る資産等であります。
３ セグメント利益は、連結財務諸表の営業利益と調整を行っております。
日本特殊"
4619,並びに当社での管理部門,68.77,external_customer_sales_table_v6,42561.0,61889.0,https://www.nttoryo.co.jp/dcms_media/other/kessantanshin202603.pdf,2026,"60
セグメント間の内部
売上高又は振替高 3 － 3 － 3 △3 －
計 23,726 42,321 66,047 15 66,063 △3 66,060
セグメント利益 953 3,493 4,446 9 4,456 － 4,456
セグメント資産 13,900 50,179 64,080 92 64,173 21,070 85,243
その他の項目
減価償却費 230 2,717 2,948 － 2,948 － 2,948
持分法投資利益 30 1,685 1,715 － 1,715 － 1,715
持分法適用会社への
投資額 404 13,513 13,918 － 13,918 － 13,918
有形固定資産及び
無形固定資産の増加額 278 909 1,188 － 1,188 246 1,434
（注）１ 「その他」の区分は報告セグメントに含まれない事業セグメントであり、保険代理業であります。
２ 調整額は以下のとおりであります。
セグメント資産の調整額21,070百万円、有形固定資産及び無形固定資産の増加額246百万円は、各報告セグ
メントに配分していない全社資産であります。全社資産は、主に当社の余資運用資金（現金及び預金等）、
長期投融資資金（投資有価証券等）並びに当社での管理部門に係る資産等であります。
３ セグメント利益は、連結財務諸表の営業利益と調整を行っております。
日本特殊塗料株式会社(4619) 2026年３月期 決算短信
－ 15 －
当連結会計年度(自 2025年４月１日 至 2026年３月31日)
(単位：百万円)
報告セグメント その他
(注)１ 合計 調整額
(注)２
連結財務諸表
計上額
(注)３塗料関連 自動車
製品関連 計
売上高
 外部顧客への売上高 19,311 42,561 61,872 16 61,889 － 61,889
セグメント間の内部
売上高又は振替高 3 － 3 － 3 △3 －
計 19,314 42,561 61,876 16 61,892 △3 61,889
セグメント利益 566 3,429 3,995 9 4,004 － 4,004
セグメント資産 12,966 50,814 63,781 100 63,882 21,493 85,375
その他の項目
減価償却費 226 2,554 2,781 － 2,781 － 2,781
持分法投資利益 27 2,415 2,443 － 2,443 － 2,443
持分法適用会社への
投資額 431 13,608 14,040 － 14,040 － 14,040
有形固定資産及び
無形固定資産の増加額 199 2,253 2,453 － 2,453 506 2,959
（注）１ 「その他」の区分は報告セグメントに含まれない事業セグメントであり、保険代理業であります。
２ 調整額は以下のとおりであります。
セグメント資産の調整額21,493百万円、有形固定資産及び無形固定資産の増加額506百万円は、各報告セグ
メントに配分していない全社資産であります。全社資産は、主に当社の余資運用資金（現金及び預金等）、
長期投融資資金（投資有価証券等）並びに当社での管理部門に係る資産等であります。
３ セグメント利益は、連結財務諸表の営業利益と調整を行っております。
日本特殊"
4628,に含まれない事業,88.46,external_customer_sales_table_v6,28088.0,31753.0,https://www.sk-kaken.co.jp/wp/wp-content/uploads/20260807-1.pdf,2027,"22,979 2,783 25,763 445 26,208 － 26,208
セグメント間の内部
売上高又は振替高 1 － 1 1 2 △2 －
計 22,981 2,783 25,765 446 26,211 △2 26,208
セグメント利益 3,101 411 3,512 58 3,571 △751 2,820
（セグメント情報等の注記）
Ⅰ 前第１四半期連結累計期間（自2025年４月１日 至2025年６月30日）
１．報告セグメントごとの売上高及び利益又は損失の金額に関する情報並びに収益の分解情報
（注）１．「その他」の区分は、報告セグメントに含まれない事業セグメントであり、各種化成品、洗浄剤等
の事業を含んでおります。
 ２．セグメント利益の調整額は、各報告セグメントに配分していない全社費用△751百万円、セグメン
ト間取引消去０百万円であります。
 ３．セグメント利益は、四半期連結損益計算書の営業利益と調整を行っております。
２．報告セグメントごとの固定資産の減損損失又はのれん等に関する情報
 該当事項はありません。
- 7 -
エスケー化研㈱（4628）2027年３月期 第１四半期決算短信
（単位：百万円）
報告セグメント
その他
（注）１ 合計 調整額
（注）２
四半期連結
損益計算書
計上額
（注）３
建築仕上
塗材
耐火
断熱材 計
売上高
日本 24,477 2,938 27,415 697 28,113 － 28,113
アジア 3,610 29 3,639 0 3,639 － 3,639
顧客との契約から生
じる収益 28,088 2,967 31,055 698 31,753 － 31,753
その他の収益 － － － － － － －
 外部顧客への売上高 28,088 2,967 31,055 698 31,753 － 31,753
セグメント間の内部
売上高又は振替高 0 － 0 0 0 △0 －
計 28,088 2,967 31,055 698 31,753 △0 31,753
セグメント利益 5,250 531 5,781 174 5,955 △756 5,198
Ⅱ 当第１四半期連結累計期間（自2026年４月１日 至2026年６月30日）
１．報告セグメントごとの売上高及び利益又は損失の金額に関する情報並びに収益の分解情報
（注）１．「その他」の区分は、報告セグメントに含まれない事業セグメントであり、各種化成品、洗浄剤等
の事業を含んでおります。
 ２．セグメント利益の調整額は、各報告セグメントに配分していない全社費用△757百万円、セグメン
ト間取引消去０百万円であります。
 ３．セグメント利益は、四半期連結損益計算書の営業利益と調整を行っております。
２．報告セグメントごとの固定資産の減損損失又はのれん等に関する情報
 該当事項はありません。
前第１四半期連結累計期間
（自 2025年４月１日
至 2025年６月30日）
当第１四半期連結累計期間
（自 2026年４月１日
至 2026年６月30日）
減価償却費 141百万円 165百万円
（四半期連結キャッシュ・フロー計算書に関する注記）
 当第１四半期連結累計期間に係る四半期連結キャッシュ・フロー計算書は作成しておりません。なお、第１四半
期連結累計期間"
4628,の事業,9.34,external_customer_sales_table_v6,2967.0,31753.0,https://www.sk-kaken.co.jp/wp/wp-content/uploads/20260807-1.pdf,2027,"22,979 2,783 25,763 445 26,208 － 26,208
セグメント間の内部
売上高又は振替高 1 － 1 1 2 △2 －
計 22,981 2,783 25,765 446 26,211 △2 26,208
セグメント利益 3,101 411 3,512 58 3,571 △751 2,820
（セグメント情報等の注記）
Ⅰ 前第１四半期連結累計期間（自2025年４月１日 至2025年６月30日）
１．報告セグメントごとの売上高及び利益又は損失の金額に関する情報並びに収益の分解情報
（注）１．「その他」の区分は、報告セグメントに含まれない事業セグメントであり、各種化成品、洗浄剤等
の事業を含んでおります。
 ２．セグメント利益の調整額は、各報告セグメントに配分していない全社費用△751百万円、セグメン
ト間取引消去０百万円であります。
 ３．セグメント利益は、四半期連結損益計算書の営業利益と調整を行っております。
２．報告セグメントごとの固定資産の減損損失又はのれん等に関する情報
 該当事項はありません。
- 7 -
エスケー化研㈱（4628）2027年３月期 第１四半期決算短信
（単位：百万円）
報告セグメント
その他
（注）１ 合計 調整額
（注）２
四半期連結
損益計算書
計上額
（注）３
建築仕上
塗材
耐火
断熱材 計
売上高
日本 24,477 2,938 27,415 697 28,113 － 28,113
アジア 3,610 29 3,639 0 3,639 － 3,639
顧客との契約から生
じる収益 28,088 2,967 31,055 698 31,753 － 31,753
その他の収益 － － － － － － －
 外部顧客への売上高 28,088 2,967 31,055 698 31,753 － 31,753
セグメント間の内部
売上高又は振替高 0 － 0 0 0 △0 －
計 28,088 2,967 31,055 698 31,753 △0 31,753
セグメント利益 5,250 531 5,781 174 5,955 △756 5,198
Ⅱ 当第１四半期連結累計期間（自2026年４月１日 至2026年６月30日）
１．報告セグメントごとの売上高及び利益又は損失の金額に関する情報並びに収益の分解情報
（注）１．「その他」の区分は、報告セグメントに含まれない事業セグメントであり、各種化成品、洗浄剤等
の事業を含んでおります。
 ２．セグメント利益の調整額は、各報告セグメントに配分していない全社費用△757百万円、セグメン
ト間取引消去０百万円であります。
 ３．セグメント利益は、四半期連結損益計算書の営業利益と調整を行っております。
２．報告セグメントごとの固定資産の減損損失又はのれん等に関する情報
 該当事項はありません。
前第１四半期連結累計期間
（自 2025年４月１日
至 2025年６月30日）
当第１四半期連結累計期間
（自 2026年４月１日
至 2026年６月30日）
減価償却費 141百万円 165百万円
（四半期連結キャッシュ・フロー計算書に関する注記）
 当第１四半期連結累計期間に係る四半期連結キャッシュ・フロー計算書は作成しておりません。なお、第１四半
期連結累計期間"
4641,サービス,90.74,external_customer_sales_table_v6,22994858.0,25340183.0,https://www.alpsgiken.co.jp/ir/library/pdf/results/ir20260806_01.pdf,2026,"4,782
法人税等合計 939,970 851,714
中間純利益 1,881,527 1,684,602
非支配株主に帰属する中間純利益 12,961 6,769
親会社株主に帰属する中間純利益 1,868,565 1,677,833
株式会社アルプス技研(4641) 2026年12月期 第２四半期（中間期）決算短信
－6－
（中間連結包括利益計算書）
(単位：千円)
前中間連結会計期間
(自 2025年１月１日
至 2025年６月30日)
当中間連結会計期間
(自 2026年１月１日
至 2026年６月30日)
中間純利益 1,881,527 1,684,602
その他の包括利益
その他有価証券評価差額金 41,549 113,333
為替換算調整勘定 △47,341 59,644
その他の包括利益合計 △5,792 172,977
中間包括利益 1,875,735 1,857,580
（内訳）
親会社株主に係る中間包括利益 1,861,170 1,849,439
非支配株主に係る中間包括利益 14,565 8,140
株式会社アルプス技研(4641) 2026年12月期 第２四半期（中間期）決算短信
－7－
(3) 中間連結財務諸表に関する注記事項
（継続企業の前提に関する注記）
該当事項はありません。
（株主資本の金額に著しい変動があった場合の注記）
該当事項はありません。
（セグメント情報等）
【セグメント情報】
Ⅰ 前中間連結会計期間（自 2025年１月１日 至 2025年６月30日）
１．報告セグメントごとの売上高及び利益又は損失の金額に関する情報
（単位：千円）
報告セグメント その他
(注) 合計アウトソーシング
サービス事業 グローバル事業 計
売上高
 外部顧客への売上高 22,994,858 2,290,265 25,285,124 55,059 25,340,183
セグメント間の内部
売上高又は振替高 － 10,499 10,499 － 10,499
計 22,994,858 2,300,765 25,295,624 55,059 25,350,683
セグメント利益
又は損失(△) 2,308,459 413,265 2,721,724 △32,743 2,688,980
(注)「その他」の区分は報告セグメントに含まれない事業セグメントであり、サービス付き高齢者向け住宅事業で
あります。
２．報告セグメントの利益又は損失の金額の合計額と中間連結損益計算書計上額との差額及び当該差額の主な
内容（差異調整に関する事項）
（単位：千円）
利益 金額
報告セグメント計 2,721,724
「その他」の区分の損失(△) △32,743
セグメント間取引消去 1,260
中間連結損益計算書の営業利益 2,690,240
株式会社アルプス技研(4641) 2026年12月期 第２四半期（中間期）決算短信
－8－
Ⅱ 当中間連結会計期間（自 2026年１月１日 至 2026年６月30日）
１．報告セグメントごとの売上高及び利益又は損失の金額に関する情報
（単位：千円）
報告セグメント その他
(注) 合計アウトソーシング
サービス事業 グローバル事業 計
売上高
外部顧客への売上高 24,606,017 2,358,123 26,964,141 59,1"
4641,事業グローバル事業,9.04,external_customer_sales_table_v6,2290265.0,25340183.0,https://www.alpsgiken.co.jp/ir/library/pdf/results/ir20260806_01.pdf,2026,"4,782
法人税等合計 939,970 851,714
中間純利益 1,881,527 1,684,602
非支配株主に帰属する中間純利益 12,961 6,769
親会社株主に帰属する中間純利益 1,868,565 1,677,833
株式会社アルプス技研(4641) 2026年12月期 第２四半期（中間期）決算短信
－6－
（中間連結包括利益計算書）
(単位：千円)
前中間連結会計期間
(自 2025年１月１日
至 2025年６月30日)
当中間連結会計期間
(自 2026年１月１日
至 2026年６月30日)
中間純利益 1,881,527 1,684,602
その他の包括利益
その他有価証券評価差額金 41,549 113,333
為替換算調整勘定 △47,341 59,644
その他の包括利益合計 △5,792 172,977
中間包括利益 1,875,735 1,857,580
（内訳）
親会社株主に係る中間包括利益 1,861,170 1,849,439
非支配株主に係る中間包括利益 14,565 8,140
株式会社アルプス技研(4641) 2026年12月期 第２四半期（中間期）決算短信
－7－
(3) 中間連結財務諸表に関する注記事項
（継続企業の前提に関する注記）
該当事項はありません。
（株主資本の金額に著しい変動があった場合の注記）
該当事項はありません。
（セグメント情報等）
【セグメント情報】
Ⅰ 前中間連結会計期間（自 2025年１月１日 至 2025年６月30日）
１．報告セグメントごとの売上高及び利益又は損失の金額に関する情報
（単位：千円）
報告セグメント その他
(注) 合計アウトソーシング
サービス事業 グローバル事業 計
売上高
 外部顧客への売上高 22,994,858 2,290,265 25,285,124 55,059 25,340,183
セグメント間の内部
売上高又は振替高 － 10,499 10,499 － 10,499
計 22,994,858 2,300,765 25,295,624 55,059 25,350,683
セグメント利益
又は損失(△) 2,308,459 413,265 2,721,724 △32,743 2,688,980
(注)「その他」の区分は報告セグメントに含まれない事業セグメントであり、サービス付き高齢者向け住宅事業で
あります。
２．報告セグメントの利益又は損失の金額の合計額と中間連結損益計算書計上額との差額及び当該差額の主な
内容（差異調整に関する事項）
（単位：千円）
利益 金額
報告セグメント計 2,721,724
「その他」の区分の損失(△) △32,743
セグメント間取引消去 1,260
中間連結損益計算書の営業利益 2,690,240
株式会社アルプス技研(4641) 2026年12月期 第２四半期（中間期）決算短信
－8－
Ⅱ 当中間連結会計期間（自 2026年１月１日 至 2026年６月30日）
１．報告セグメントごとの売上高及び利益又は損失の金額に関する情報
（単位：千円）
報告セグメント その他
(注) 合計アウトソーシング
サービス事業 グローバル事業 計
売上高
外部顧客への売上高 24,606,017 2,358,123 26,964,141 59,1"
4664,ス事業,11.54,external_customer_sales_table_v6,210228.0,1821274.0,https://www.trsc.co.jp/pdfs/ir/financialaccounts/fa_pdf/20260813RSC.pdf,2027,"、配当の効力発生日が当第１四半期連結会計期間の末日
後となるもの
該当事項はありません。
３．株主資本の著しい変動
該当事項はありません。
当第１四半期連結累計期間(自 2026年４月１日 至 2026年６月30日)
１．配当金支払額
決議 株式の種類 配当金の総額
(千円)
１株当たり
配当額(円) 基準日 効力発生日 配当の原資
2026年６月26日
定時株主総会 普通株式 51,929 17.00 2026年３月31日 2026年６月29日 利益剰余金
２．基準日が当第１四半期連結累計期間に属する配当のうち、配当の効力発生日が当第１四半期連結会計期間の末日
後となるもの
該当事項はありません。
３．株主資本の著しい変動
該当事項はありません。
株式会社アール・エス・シー(4664) 2027年３月期 第１四半期決算短信
10
（セグメント情報等）
【セグメント情報】
Ⅰ 前第１四半期連結累計期間(自 2025年４月１日 至 2025年６月30日)
１．報告セグメントごとの売上高及び利益又は損失の金額に関する情報並びに収益の分解情報
(単位：千円)
報告セグメント
調整額
（注）１
四半期連結
損益計算書
計上額
（注）２警備事業 建物管理
事業 工事事業 人材サービ
ス事業 計
売上高
年間契約 704,649 329,827 ― 130,447 1,164,925 ― 1,164,925
臨時契約 98,333 91,376 386,858 79,780 656,348 ― 656,348
顧客との契約から
生じる収益 802,982 421,204 386,858 210,228 1,821,274 ― 1,821,274
その他の収益 ― ― ― ― ― ― ―
 外部顧客への売上高 802,982 421,204 386,858 210,228 1,821,274 ― 1,821,274
セグメント間の内部
売上高又は振替高 ― ― ― ― ― ― ―
計 802,982 421,204 386,858 210,228 1,821,274 ― 1,821,274
セグメント利益 93,922 32,589 35,484 9,644 171,640 △117,265 54,374
（注）１.セグメント利益の調整額△117,265千円は、各報告セグメントに配分していない全社費用であり、その主な
内容は、報告セグメントに帰属しない提出会社の総務部門等の管理部門にかかる費用であります。
２.セグメント利益は、四半期連結損益計算書の営業利益と調整を行っております。
Ⅱ 当第１四半期連結累計期間(自 2026年４月１日 至 2026年６月30日)
１．報告セグメントごとの売上高及び利益又は損失の金額に関する情報並びに収益の分解情報
(単位：千円)
報告セグメント 調整額
（注）１
四半期連結
損益計算書
計上額
（注）２警備事業 建物管理
事業 工事事業 人材サービ
ス事業 計
売上高
年間契約 769,506 344,681 ― 152,532 1,266,720 ― 1,266,720
臨時契約 57,922 70,411 258,348 79,240 465,923 ― 465,923
顧客との契約から
生じる収益 827,429 415,093 258,348"
4664,事業,23.13,external_customer_sales_table_v6,421204.0,1821274.0,https://www.trsc.co.jp/pdfs/ir/financialaccounts/fa_pdf/20260813RSC.pdf,2027,"、配当の効力発生日が当第１四半期連結会計期間の末日
後となるもの
該当事項はありません。
３．株主資本の著しい変動
該当事項はありません。
当第１四半期連結累計期間(自 2026年４月１日 至 2026年６月30日)
１．配当金支払額
決議 株式の種類 配当金の総額
(千円)
１株当たり
配当額(円) 基準日 効力発生日 配当の原資
2026年６月26日
定時株主総会 普通株式 51,929 17.00 2026年３月31日 2026年６月29日 利益剰余金
２．基準日が当第１四半期連結累計期間に属する配当のうち、配当の効力発生日が当第１四半期連結会計期間の末日
後となるもの
該当事項はありません。
３．株主資本の著しい変動
該当事項はありません。
株式会社アール・エス・シー(4664) 2027年３月期 第１四半期決算短信
10
（セグメント情報等）
【セグメント情報】
Ⅰ 前第１四半期連結累計期間(自 2025年４月１日 至 2025年６月30日)
１．報告セグメントごとの売上高及び利益又は損失の金額に関する情報並びに収益の分解情報
(単位：千円)
報告セグメント
調整額
（注）１
四半期連結
損益計算書
計上額
（注）２警備事業 建物管理
事業 工事事業 人材サービ
ス事業 計
売上高
年間契約 704,649 329,827 ― 130,447 1,164,925 ― 1,164,925
臨時契約 98,333 91,376 386,858 79,780 656,348 ― 656,348
顧客との契約から
生じる収益 802,982 421,204 386,858 210,228 1,821,274 ― 1,821,274
その他の収益 ― ― ― ― ― ― ―
 外部顧客への売上高 802,982 421,204 386,858 210,228 1,821,274 ― 1,821,274
セグメント間の内部
売上高又は振替高 ― ― ― ― ― ― ―
計 802,982 421,204 386,858 210,228 1,821,274 ― 1,821,274
セグメント利益 93,922 32,589 35,484 9,644 171,640 △117,265 54,374
（注）１.セグメント利益の調整額△117,265千円は、各報告セグメントに配分していない全社費用であり、その主な
内容は、報告セグメントに帰属しない提出会社の総務部門等の管理部門にかかる費用であります。
２.セグメント利益は、四半期連結損益計算書の営業利益と調整を行っております。
Ⅱ 当第１四半期連結累計期間(自 2026年４月１日 至 2026年６月30日)
１．報告セグメントごとの売上高及び利益又は損失の金額に関する情報並びに収益の分解情報
(単位：千円)
報告セグメント 調整額
（注）１
四半期連結
損益計算書
計上額
（注）２警備事業 建物管理
事業 工事事業 人材サービ
ス事業 計
売上高
年間契約 769,506 344,681 ― 152,532 1,266,720 ― 1,266,720
臨時契約 57,922 70,411 258,348 79,240 465,923 ― 465,923
顧客との契約から
生じる収益 827,429 415,093 258,348"
4664,工事事業,21.24,external_customer_sales_table_v6,386858.0,1821274.0,https://www.trsc.co.jp/pdfs/ir/financialaccounts/fa_pdf/20260813RSC.pdf,2027,"、配当の効力発生日が当第１四半期連結会計期間の末日
後となるもの
該当事項はありません。
３．株主資本の著しい変動
該当事項はありません。
当第１四半期連結累計期間(自 2026年４月１日 至 2026年６月30日)
１．配当金支払額
決議 株式の種類 配当金の総額
(千円)
１株当たり
配当額(円) 基準日 効力発生日 配当の原資
2026年６月26日
定時株主総会 普通株式 51,929 17.00 2026年３月31日 2026年６月29日 利益剰余金
２．基準日が当第１四半期連結累計期間に属する配当のうち、配当の効力発生日が当第１四半期連結会計期間の末日
後となるもの
該当事項はありません。
３．株主資本の著しい変動
該当事項はありません。
株式会社アール・エス・シー(4664) 2027年３月期 第１四半期決算短信
10
（セグメント情報等）
【セグメント情報】
Ⅰ 前第１四半期連結累計期間(自 2025年４月１日 至 2025年６月30日)
１．報告セグメントごとの売上高及び利益又は損失の金額に関する情報並びに収益の分解情報
(単位：千円)
報告セグメント
調整額
（注）１
四半期連結
損益計算書
計上額
（注）２警備事業 建物管理
事業 工事事業 人材サービ
ス事業 計
売上高
年間契約 704,649 329,827 ― 130,447 1,164,925 ― 1,164,925
臨時契約 98,333 91,376 386,858 79,780 656,348 ― 656,348
顧客との契約から
生じる収益 802,982 421,204 386,858 210,228 1,821,274 ― 1,821,274
その他の収益 ― ― ― ― ― ― ―
 外部顧客への売上高 802,982 421,204 386,858 210,228 1,821,274 ― 1,821,274
セグメント間の内部
売上高又は振替高 ― ― ― ― ― ― ―
計 802,982 421,204 386,858 210,228 1,821,274 ― 1,821,274
セグメント利益 93,922 32,589 35,484 9,644 171,640 △117,265 54,374
（注）１.セグメント利益の調整額△117,265千円は、各報告セグメントに配分していない全社費用であり、その主な
内容は、報告セグメントに帰属しない提出会社の総務部門等の管理部門にかかる費用であります。
２.セグメント利益は、四半期連結損益計算書の営業利益と調整を行っております。
Ⅱ 当第１四半期連結累計期間(自 2026年４月１日 至 2026年６月30日)
１．報告セグメントごとの売上高及び利益又は損失の金額に関する情報並びに収益の分解情報
(単位：千円)
報告セグメント 調整額
（注）１
四半期連結
損益計算書
計上額
（注）２警備事業 建物管理
事業 工事事業 人材サービ
ス事業 計
売上高
年間契約 769,506 344,681 ― 152,532 1,266,720 ― 1,266,720
臨時契約 57,922 70,411 258,348 79,240 465,923 ― 465,923
顧客との契約から
生じる収益 827,429 415,093 258,348"
4664,警備事業,44.09,external_customer_sales_table_v6,802982.0,1821274.0,https://www.trsc.co.jp/pdfs/ir/financialaccounts/fa_pdf/20260813RSC.pdf,2027,"、配当の効力発生日が当第１四半期連結会計期間の末日
後となるもの
該当事項はありません。
３．株主資本の著しい変動
該当事項はありません。
当第１四半期連結累計期間(自 2026年４月１日 至 2026年６月30日)
１．配当金支払額
決議 株式の種類 配当金の総額
(千円)
１株当たり
配当額(円) 基準日 効力発生日 配当の原資
2026年６月26日
定時株主総会 普通株式 51,929 17.00 2026年３月31日 2026年６月29日 利益剰余金
２．基準日が当第１四半期連結累計期間に属する配当のうち、配当の効力発生日が当第１四半期連結会計期間の末日
後となるもの
該当事項はありません。
３．株主資本の著しい変動
該当事項はありません。
株式会社アール・エス・シー(4664) 2027年３月期 第１四半期決算短信
10
（セグメント情報等）
【セグメント情報】
Ⅰ 前第１四半期連結累計期間(自 2025年４月１日 至 2025年６月30日)
１．報告セグメントごとの売上高及び利益又は損失の金額に関する情報並びに収益の分解情報
(単位：千円)
報告セグメント
調整額
（注）１
四半期連結
損益計算書
計上額
（注）２警備事業 建物管理
事業 工事事業 人材サービ
ス事業 計
売上高
年間契約 704,649 329,827 ― 130,447 1,164,925 ― 1,164,925
臨時契約 98,333 91,376 386,858 79,780 656,348 ― 656,348
顧客との契約から
生じる収益 802,982 421,204 386,858 210,228 1,821,274 ― 1,821,274
その他の収益 ― ― ― ― ― ― ―
 外部顧客への売上高 802,982 421,204 386,858 210,228 1,821,274 ― 1,821,274
セグメント間の内部
売上高又は振替高 ― ― ― ― ― ― ―
計 802,982 421,204 386,858 210,228 1,821,274 ― 1,821,274
セグメント利益 93,922 32,589 35,484 9,644 171,640 △117,265 54,374
（注）１.セグメント利益の調整額△117,265千円は、各報告セグメントに配分していない全社費用であり、その主な
内容は、報告セグメントに帰属しない提出会社の総務部門等の管理部門にかかる費用であります。
２.セグメント利益は、四半期連結損益計算書の営業利益と調整を行っております。
Ⅱ 当第１四半期連結累計期間(自 2026年４月１日 至 2026年６月30日)
１．報告セグメントごとの売上高及び利益又は損失の金額に関する情報並びに収益の分解情報
(単位：千円)
報告セグメント 調整額
（注）１
四半期連結
損益計算書
計上額
（注）２警備事業 建物管理
事業 工事事業 人材サービ
ス事業 計
売上高
年間契約 769,506 344,681 ― 152,532 1,266,720 ― 1,266,720
臨時契約 57,922 70,411 258,348 79,240 465,923 ― 465,923
顧客との契約から
生じる収益 827,429 415,093 258,348"
4665,クリーンサービス,58.15,external_customer_sales_table_v6,27489.0,47276.0,https://www.duskin.co.jp/ir/library/result/pdf/duskin_2027_1q.pdf,2027,"2,903
その他の包括利益
その他有価証券評価差額金 △56 △1,067
為替換算調整勘定 △63 32
退職給付に係る調整額 △288 △352
持分法適用会社に対する持分相当額 △116 18
その他の包括利益合計 △524 △1,369
四半期包括利益 1,366 1,533
（内訳）
親会社株主に係る四半期包括利益 1,355 1,520
非支配株主に係る四半期包括利益 11 12
(四半期連結包括利益計算書)
- 8 -
株式会社ダスキン(4665) 2027年3月期 第1四半期決算短信
(3)四半期連結財務諸表に関する注記事項
(四半期連結財務諸表の作成に特有の会計処理に関する注記)
(税金費用の計算)
 税金費用については、当第1四半期連結会計期間を含む連結会計年度の税引前当期純利益に対する税効果会計
適用後の実効税率を合理的に見積り、税引前四半期純利益に当該見積実効税率を乗じて計算しております。
- 9 -
株式会社ダスキン(4665) 2027年3月期 第1四半期決算短信
(単位：百万円)
訪販
グループ
フード
グループ
その他
(注)1 計 調整額
(注)3
四半期連結
損益計算書
計上額
(注)4
売上高
クリーンサービス事業 19,216 － － 19,216 － 19,216
ケアサービス事業 4,053 － － 4,053 － 4,053
ミスタードーナツ事業 － 14,973 － 14,973 － 14,973
その他 4,219 1,150 3,088 8,459 － 8,459
顧客との契約から生じる収益 27,489 16,124 3,088 46,702 － 46,702
その他の収益(注)2 － － 573 573 － 573
 外部顧客への売上高 27,489 16,124 3,662 47,276 － 47,276
セグメント間の内部売上高
又は振替高 191 1 545 738 △738 －
計 27,681 16,125 4,207 48,014 △738 47,276
セグメント利益又は損失(△) 802 2,841 217 3,862 △1,753 2,109
(単位：百万円)
 訪販
 グループ
 フード
 グループ その他 全社・消去 合計
当第1四半期連結累計期間償却額 19 1 3 － 24
当第1四半期連結会計期間末残高(注) 242 58 22 － 323
(セグメント情報等の注記)
Ⅰ 前第1四半期連結累計期間(自 2025年4月1日 至 2025年6月30日)
1.報告セグメント毎の売上高及び利益又は損失の金額に関する情報並びに収益の分解情報
(注)1.「その他」の区分は、報告セグメントに含まれない事業セグメントであり、事務用機器及び車両の
リース、保険代理業、病院のマネジメントサービス及び海外事業等を含んでおります。
2.「その他の収益」は、事務用機器及び車両のリースから発生しております。
3.セグメント利益又は損失(△)の調整額△1,753百万円には、セグメント間取引消去△17百万円、各
報告セグメントに配賦していない全社費用△1,735百万円が含まれております。
4.セグメント利益又は損失(△)は、四半期連結損益計算書の営業利益と調整を行っております。
2.報告セグメント毎の固定資産の減損"
4665,ケアサービス,34.11,external_customer_sales_table_v6,16124.0,47276.0,https://www.duskin.co.jp/ir/library/result/pdf/duskin_2027_1q.pdf,2027,"2,903
その他の包括利益
その他有価証券評価差額金 △56 △1,067
為替換算調整勘定 △63 32
退職給付に係る調整額 △288 △352
持分法適用会社に対する持分相当額 △116 18
その他の包括利益合計 △524 △1,369
四半期包括利益 1,366 1,533
（内訳）
親会社株主に係る四半期包括利益 1,355 1,520
非支配株主に係る四半期包括利益 11 12
(四半期連結包括利益計算書)
- 8 -
株式会社ダスキン(4665) 2027年3月期 第1四半期決算短信
(3)四半期連結財務諸表に関する注記事項
(四半期連結財務諸表の作成に特有の会計処理に関する注記)
(税金費用の計算)
 税金費用については、当第1四半期連結会計期間を含む連結会計年度の税引前当期純利益に対する税効果会計
適用後の実効税率を合理的に見積り、税引前四半期純利益に当該見積実効税率を乗じて計算しております。
- 9 -
株式会社ダスキン(4665) 2027年3月期 第1四半期決算短信
(単位：百万円)
訪販
グループ
フード
グループ
その他
(注)1 計 調整額
(注)3
四半期連結
損益計算書
計上額
(注)4
売上高
クリーンサービス事業 19,216 － － 19,216 － 19,216
ケアサービス事業 4,053 － － 4,053 － 4,053
ミスタードーナツ事業 － 14,973 － 14,973 － 14,973
その他 4,219 1,150 3,088 8,459 － 8,459
顧客との契約から生じる収益 27,489 16,124 3,088 46,702 － 46,702
その他の収益(注)2 － － 573 573 － 573
 外部顧客への売上高 27,489 16,124 3,662 47,276 － 47,276
セグメント間の内部売上高
又は振替高 191 1 545 738 △738 －
計 27,681 16,125 4,207 48,014 △738 47,276
セグメント利益又は損失(△) 802 2,841 217 3,862 △1,753 2,109
(単位：百万円)
 訪販
 グループ
 フード
 グループ その他 全社・消去 合計
当第1四半期連結累計期間償却額 19 1 3 － 24
当第1四半期連結会計期間末残高(注) 242 58 22 － 323
(セグメント情報等の注記)
Ⅰ 前第1四半期連結累計期間(自 2025年4月1日 至 2025年6月30日)
1.報告セグメント毎の売上高及び利益又は損失の金額に関する情報並びに収益の分解情報
(注)1.「その他」の区分は、報告セグメントに含まれない事業セグメントであり、事務用機器及び車両の
リース、保険代理業、病院のマネジメントサービス及び海外事業等を含んでおります。
2.「その他の収益」は、事務用機器及び車両のリースから発生しております。
3.セグメント利益又は損失(△)の調整額△1,753百万円には、セグメント間取引消去△17百万円、各
報告セグメントに配賦していない全社費用△1,735百万円が含まれております。
4.セグメント利益又は損失(△)は、四半期連結損益計算書の営業利益と調整を行っております。
2.報告セグメント毎の固定資産の減損"
4665,ミスタードーナツ事業,7.75,external_customer_sales_table_v6,3662.0,47276.0,https://www.duskin.co.jp/ir/library/result/pdf/duskin_2027_1q.pdf,2027,"2,903
その他の包括利益
その他有価証券評価差額金 △56 △1,067
為替換算調整勘定 △63 32
退職給付に係る調整額 △288 △352
持分法適用会社に対する持分相当額 △116 18
その他の包括利益合計 △524 △1,369
四半期包括利益 1,366 1,533
（内訳）
親会社株主に係る四半期包括利益 1,355 1,520
非支配株主に係る四半期包括利益 11 12
(四半期連結包括利益計算書)
- 8 -
株式会社ダスキン(4665) 2027年3月期 第1四半期決算短信
(3)四半期連結財務諸表に関する注記事項
(四半期連結財務諸表の作成に特有の会計処理に関する注記)
(税金費用の計算)
 税金費用については、当第1四半期連結会計期間を含む連結会計年度の税引前当期純利益に対する税効果会計
適用後の実効税率を合理的に見積り、税引前四半期純利益に当該見積実効税率を乗じて計算しております。
- 9 -
株式会社ダスキン(4665) 2027年3月期 第1四半期決算短信
(単位：百万円)
訪販
グループ
フード
グループ
その他
(注)1 計 調整額
(注)3
四半期連結
損益計算書
計上額
(注)4
売上高
クリーンサービス事業 19,216 － － 19,216 － 19,216
ケアサービス事業 4,053 － － 4,053 － 4,053
ミスタードーナツ事業 － 14,973 － 14,973 － 14,973
その他 4,219 1,150 3,088 8,459 － 8,459
顧客との契約から生じる収益 27,489 16,124 3,088 46,702 － 46,702
その他の収益(注)2 － － 573 573 － 573
 外部顧客への売上高 27,489 16,124 3,662 47,276 － 47,276
セグメント間の内部売上高
又は振替高 191 1 545 738 △738 －
計 27,681 16,125 4,207 48,014 △738 47,276
セグメント利益又は損失(△) 802 2,841 217 3,862 △1,753 2,109
(単位：百万円)
 訪販
 グループ
 フード
 グループ その他 全社・消去 合計
当第1四半期連結累計期間償却額 19 1 3 － 24
当第1四半期連結会計期間末残高(注) 242 58 22 － 323
(セグメント情報等の注記)
Ⅰ 前第1四半期連結累計期間(自 2025年4月1日 至 2025年6月30日)
1.報告セグメント毎の売上高及び利益又は損失の金額に関する情報並びに収益の分解情報
(注)1.「その他」の区分は、報告セグメントに含まれない事業セグメントであり、事務用機器及び車両の
リース、保険代理業、病院のマネジメントサービス及び海外事業等を含んでおります。
2.「その他の収益」は、事務用機器及び車両のリースから発生しております。
3.セグメント利益又は損失(△)の調整額△1,753百万円には、セグメント間取引消去△17百万円、各
報告セグメントに配賦していない全社費用△1,735百万円が含まれております。
4.セグメント利益又は損失(△)は、四半期連結損益計算書の営業利益と調整を行っております。
2.報告セグメント毎の固定資産の減損"
4719,住民税及び事業,98.70,external_customer_sales_table_v6,9474314.0,9599260.0,https://www.alpha.co.jp/al_common/uploads/2026/08/result_2027_Q1.pdf,2027,"貸収入原価 3,832 4,283
営業外費用合計 3,832 4,283
経常利益 1,201,223 1,255,144
特別利益
固定資産売却益 715 2,403
特別利益合計 715 2,403
特別損失
固定資産除却損 18,390 5,380
特別損失合計 18,390 5,380
税引前四半期純利益 1,183,548 1,252,166
法人税、住民税及び事業税 2,808 2,798
法人税等調整額 357,960 400,101
法人税等合計 360,769 402,899
四半期純利益 822,778 849,267
（2）四半期損益計算書
- 5 -
(株)アルファシステムズ(4719) 2027年3月期 第1四半期決算短信
（3）四半期財務諸表に関する注記事項
（継続企業の前提に関する注記）
該当事項はありません。
（株主資本の金額に著しい変動があった場合の注記）
該当事項はありません。
前第1四半期累計期間
（自 2025年4月 1日
至 2025年6月30日）
当第1四半期累計期間
（自 2026年4月 1日
至 2026年6月30日）
減価償却費 63,855千円 74,349千円
（四半期キャッシュ・フロー計算書に関する注記）
当第1四半期累計期間に係る四半期キャッシュ・フロー計算書は作成しておりません。なお、第1
四半期累計期間に係る減価償却費（無形固定資産に係る償却費を含む。）は、次のとおりであり
ます。
- 6 -
(株)アルファシステムズ(4719) 2027年3月期 第1四半期決算短信
（単位：千円）
報告セグメント その他
（注）1 合計 調整額
（注）2
四半期損益計算
書計上額
（注）3
ソフトウェア
開発関連事業
売上高
 外部顧客への売上高 9,474,314 124,945 9,599,260 － 9,599,260
セグメント間の内部
売上高又は振替高 △10 10 － － －
計 9,474,304 124,955 9,599,260 － 9,599,260
セグメント利益 1,159,393 21,013 1,180,407 △7,756 1,172,650
（単位：千円）
報告セグメント その他
（注）1 合計 調整額
（注）2
四半期損益計算
書計上額
（注）3
ソフトウェア
開発関連事業
売上高
外部顧客への売上高 9,941,421 184,876 10,126,298 － 10,126,298
セグメント間の内部
売上高又は振替高 △10 10 － － －
計 9,941,410 184,887 10,126,298 － 10,126,298
セグメント利益 1,183,693 42,577 1,226,270 △9,278 1,216,991
（セグメント情報等の注記）
Ⅰ 前第1四半期累計期間（自 2025年4月1日 至 2025年6月30日）
報告セグメントごとの売上高及び利益又は損失の金額に関する情報
（注）1．「その他」の区分は、報告セグメントに 含まれない事業セグメントであり 、製品販売事業
等を含んでおります。
2．セグメント利益の調整額△7,756千円は、各報告セグメントに配分していない人件費であり
ます。
3．セグメント利益は、四半期損益計算書の営業利益と調整を行っております。"
4719,開発関連事業,1.30,external_customer_sales_table_v6,124945.0,9599260.0,https://www.alpha.co.jp/al_common/uploads/2026/08/result_2027_Q1.pdf,2027,"貸収入原価 3,832 4,283
営業外費用合計 3,832 4,283
経常利益 1,201,223 1,255,144
特別利益
固定資産売却益 715 2,403
特別利益合計 715 2,403
特別損失
固定資産除却損 18,390 5,380
特別損失合計 18,390 5,380
税引前四半期純利益 1,183,548 1,252,166
法人税、住民税及び事業税 2,808 2,798
法人税等調整額 357,960 400,101
法人税等合計 360,769 402,899
四半期純利益 822,778 849,267
（2）四半期損益計算書
- 5 -
(株)アルファシステムズ(4719) 2027年3月期 第1四半期決算短信
（3）四半期財務諸表に関する注記事項
（継続企業の前提に関する注記）
該当事項はありません。
（株主資本の金額に著しい変動があった場合の注記）
該当事項はありません。
前第1四半期累計期間
（自 2025年4月 1日
至 2025年6月30日）
当第1四半期累計期間
（自 2026年4月 1日
至 2026年6月30日）
減価償却費 63,855千円 74,349千円
（四半期キャッシュ・フロー計算書に関する注記）
当第1四半期累計期間に係る四半期キャッシュ・フロー計算書は作成しておりません。なお、第1
四半期累計期間に係る減価償却費（無形固定資産に係る償却費を含む。）は、次のとおりであり
ます。
- 6 -
(株)アルファシステムズ(4719) 2027年3月期 第1四半期決算短信
（単位：千円）
報告セグメント その他
（注）1 合計 調整額
（注）2
四半期損益計算
書計上額
（注）3
ソフトウェア
開発関連事業
売上高
 外部顧客への売上高 9,474,314 124,945 9,599,260 － 9,599,260
セグメント間の内部
売上高又は振替高 △10 10 － － －
計 9,474,304 124,955 9,599,260 － 9,599,260
セグメント利益 1,159,393 21,013 1,180,407 △7,756 1,172,650
（単位：千円）
報告セグメント その他
（注）1 合計 調整額
（注）2
四半期損益計算
書計上額
（注）3
ソフトウェア
開発関連事業
売上高
外部顧客への売上高 9,941,421 184,876 10,126,298 － 10,126,298
セグメント間の内部
売上高又は振替高 △10 10 － － －
計 9,941,410 184,887 10,126,298 － 10,126,298
セグメント利益 1,183,693 42,577 1,226,270 △9,278 1,216,991
（セグメント情報等の注記）
Ⅰ 前第1四半期累計期間（自 2025年4月1日 至 2025年6月30日）
報告セグメントごとの売上高及び利益又は損失の金額に関する情報
（注）1．「その他」の区分は、報告セグメントに 含まれない事業セグメントであり 、製品販売事業
等を含んでおります。
2．セグメント利益の調整額△7,756千円は、各報告セグメントに配分していない人件費であり
ます。
3．セグメント利益は、四半期損益計算書の営業利益と調整を行っております。"
4736,ション事業,37.07,external_customer_sales_table_v6,328435.0,886062.0,https://www.nippon-rad.co.jp/ir/data/ir_library/brief_note/2027_3/2027_3_1q_consolidation.pdf,2027,"払額 △6
法人税等の支払額 △36,415
営業活動によるキャッシュ・フロー 476,380
投資活動によるキャッシュ・フロー
有形固定資産の取得による支出 △4,643
無形固定資産の取得による支出 △22,144
貸付けによる支出 △3,000
貸付金の回収による収入 1,052
保険積立金の解約による収入 4,328
その他 68
投資活動によるキャッシュ・フロー △24,339
財務活動によるキャッシュ・フロー
ファイナンス・リース債務の返済による支出 △236
配当金の支払額 △48,045
財務活動によるキャッシュ・フロー △48,281
現金及び現金同等物に係る換算差額 0
現金及び現金同等物の増減額（△は減少） 403,759
現金及び現金同等物の期首残高 1,962,605
現金及び現金同等物の四半期末残高 2,366,364
（３）四半期連結キャッシュ・フロー計算書
- 8 -
日本ラッド㈱（4736）2027年３月期 第１四半期 決算短信
（４）四半期連結財務諸表に関する注記事項
（継続企業の前提に関する注記）
 該当事項はありません。
（株主資本の金額に著しい変動があった場合の注記）
該当事項はありません。
（四半期連結財務諸表の作成に特有の会計処理に関する注記）
(税金費用の計算）
 税金費用については、当第１四半期連結会計期間を含む連結会計年度の税引前当期純利益に対する税効果会計
適用後の実効税率を合理的に見積り、税引前四半期純利益に当該見積実効税率を乗じて計算しております。
（単位：千円）
報告セグメント
合計 調整額
(注)１
四半期連結損益
計算書計上額
(注)２エンタープライズソ
リューション事業
ＩｏＴインテグレー
ション事業
売上高
 外部顧客への売上高 557,626 328,435 886,062 － 886,062
セグメント間の内部
売上高又は振替高
11,496 － 11,496 △11,496 －
計 569,123 328,435 897,558 △11,496 886,062
セグメント利益又は
損失（△）
92,003 △19,037 72,966 △124,810 △51,843
（セグメント情報等の注記）
【セグメント情報】
当第１四半期連結累計期間（自 2026年４月１日 至 2026年６月30日）
報告セグメントごとの売上高及び利益又は損失の金額に関する情報
（注）１.セグメント利益又は損失（△）の調整額△124,810千円は、報告セグメントに配分していない全社費用の金額で
あり、主に報告セグメントに帰属しない一般管理費であります。
２.セグメント利益又は損失は、四半期連結損益計算書の営業損失と調整を行っております。
- 9 -
日本ラッド㈱（4736）2027年３月期 第１四半期 決算短信"
4736,リューション事業,62.93,external_customer_sales_table_v6,557626.0,886062.0,https://www.nippon-rad.co.jp/ir/data/ir_library/brief_note/2027_3/2027_3_1q_consolidation.pdf,2027,"払額 △6
法人税等の支払額 △36,415
営業活動によるキャッシュ・フロー 476,380
投資活動によるキャッシュ・フロー
有形固定資産の取得による支出 △4,643
無形固定資産の取得による支出 △22,144
貸付けによる支出 △3,000
貸付金の回収による収入 1,052
保険積立金の解約による収入 4,328
その他 68
投資活動によるキャッシュ・フロー △24,339
財務活動によるキャッシュ・フロー
ファイナンス・リース債務の返済による支出 △236
配当金の支払額 △48,045
財務活動によるキャッシュ・フロー △48,281
現金及び現金同等物に係る換算差額 0
現金及び現金同等物の増減額（△は減少） 403,759
現金及び現金同等物の期首残高 1,962,605
現金及び現金同等物の四半期末残高 2,366,364
（３）四半期連結キャッシュ・フロー計算書
- 8 -
日本ラッド㈱（4736）2027年３月期 第１四半期 決算短信
（４）四半期連結財務諸表に関する注記事項
（継続企業の前提に関する注記）
 該当事項はありません。
（株主資本の金額に著しい変動があった場合の注記）
該当事項はありません。
（四半期連結財務諸表の作成に特有の会計処理に関する注記）
(税金費用の計算）
 税金費用については、当第１四半期連結会計期間を含む連結会計年度の税引前当期純利益に対する税効果会計
適用後の実効税率を合理的に見積り、税引前四半期純利益に当該見積実効税率を乗じて計算しております。
（単位：千円）
報告セグメント
合計 調整額
(注)１
四半期連結損益
計算書計上額
(注)２エンタープライズソ
リューション事業
ＩｏＴインテグレー
ション事業
売上高
 外部顧客への売上高 557,626 328,435 886,062 － 886,062
セグメント間の内部
売上高又は振替高
11,496 － 11,496 △11,496 －
計 569,123 328,435 897,558 △11,496 886,062
セグメント利益又は
損失（△）
92,003 △19,037 72,966 △124,810 △51,843
（セグメント情報等の注記）
【セグメント情報】
当第１四半期連結累計期間（自 2026年４月１日 至 2026年６月30日）
報告セグメントごとの売上高及び利益又は損失の金額に関する情報
（注）１.セグメント利益又は損失（△）の調整額△124,810千円は、報告セグメントに配分していない全社費用の金額で
あり、主に報告セグメントに帰属しない一般管理費であります。
２.セグメント利益又は損失は、四半期連結損益計算書の営業損失と調整を行っております。
- 9 -
日本ラッド㈱（4736）2027年３月期 第１四半期 決算短信"
4750,サービス,69.18,external_customer_sales_table_v6,1905394.0,2754421.0,https://www.daisan-g.co.jp/file/ir/library/h8geyuxqxy.pdf,2027,"又は親会社株主
に帰属する四半期純損失（△） 104,506 △94,910
（２）四半期連結損益計算書及び四半期連結包括利益計算書
（四半期連結損益計算書）
- 6 -
株式会社ダイサン（4750）
2027年４月期 第１四半期決算短信
（単位：千円）
 前第１四半期連結累計期間
(自 2025年４月21日
 至 2025年７月20日)
 当第１四半期連結累計期間
(自 2026年４月21日
 至 2026年７月20日)
四半期純利益又は四半期純損失（△） 104,506 △94,910
その他の包括利益
その他有価証券評価差額金 △29 △270
為替換算調整勘定 △31,935 26,683
その他の包括利益合計 △31,964 26,412
四半期包括利益 72,541 △68,498
（内訳）
親会社株主に係る四半期包括利益 72,541 △68,498
（四半期連結包括利益計算書）
- 7 -
株式会社ダイサン（4750）
2027年４月期 第１四半期決算短信
（単位：千円）
報告セグメント
その他 合計施工
サービス事業
製商品
販売事業 海外事業 計
売上高
外部顧客への売上高 1,790,736 284,144 513,519 2,588,400 15,147 2,603,547
セグメント間の内部売上高
又は振替高 － － － － － －
計 1,790,736 284,144 513,519 2,588,400 15,147 2,603,547
セグメント利益 500,612 83,025 163,916 747,554 13,503 761,057
（単位：千円）
報告セグメント
その他 合計施工
サービス事業
製商品
販売事業 海外事業 計
売上高
 外部顧客への売上高 1,905,394 223,886 609,721 2,739,002 15,419 2,754,421
セグメント間の内部売上高
又は振替高 － － － － － －
計 1,905,394 223,886 609,721 2,739,002 15,419 2,754,421
セグメント利益 478,179 58,083 93,556 629,819 13,762 643,581
（３）四半期連結財務諸表に関する注記事項
（セグメント情報等の注記）
【セグメント情報】
Ⅰ 前第１四半期連結累計期間（自2025年４月21日 至2025年７月20日）
１．報告セグメントごとの売上高及び利益又は損失の金額に関する情報
（注）１.「その他」の区分は、報告セグメントに含まれない事業セグメントであり、業務受託料および
 保険代理店収入等であります。
 ２．セグメント利益は、四半期連結損益計算書の売上総利益であります。
２．報告セグメントの利益又は損失の金額の合計額と四半期連結損益計算書計上額との差額及び当該差額の主
な内容（差異調整に関する事項）
 該当事項はありません。
３．報告セグメントごとの固定資産の減損損失又はのれん等に関する情報
 「海外事業」セグメントにおいて、当第１四半期連結会計期間より、非連結子会社であったGolden Light 
House Engineering Pte. Ltd.を連結の範囲に含めたことにより、のれん4,527千円が発生いたしましたが、"
4750,海外事業,22.14,external_customer_sales_table_v6,609721.0,2754421.0,https://www.daisan-g.co.jp/file/ir/library/h8geyuxqxy.pdf,2027,"又は親会社株主
に帰属する四半期純損失（△） 104,506 △94,910
（２）四半期連結損益計算書及び四半期連結包括利益計算書
（四半期連結損益計算書）
- 6 -
株式会社ダイサン（4750）
2027年４月期 第１四半期決算短信
（単位：千円）
 前第１四半期連結累計期間
(自 2025年４月21日
 至 2025年７月20日)
 当第１四半期連結累計期間
(自 2026年４月21日
 至 2026年７月20日)
四半期純利益又は四半期純損失（△） 104,506 △94,910
その他の包括利益
その他有価証券評価差額金 △29 △270
為替換算調整勘定 △31,935 26,683
その他の包括利益合計 △31,964 26,412
四半期包括利益 72,541 △68,498
（内訳）
親会社株主に係る四半期包括利益 72,541 △68,498
（四半期連結包括利益計算書）
- 7 -
株式会社ダイサン（4750）
2027年４月期 第１四半期決算短信
（単位：千円）
報告セグメント
その他 合計施工
サービス事業
製商品
販売事業 海外事業 計
売上高
外部顧客への売上高 1,790,736 284,144 513,519 2,588,400 15,147 2,603,547
セグメント間の内部売上高
又は振替高 － － － － － －
計 1,790,736 284,144 513,519 2,588,400 15,147 2,603,547
セグメント利益 500,612 83,025 163,916 747,554 13,503 761,057
（単位：千円）
報告セグメント
その他 合計施工
サービス事業
製商品
販売事業 海外事業 計
売上高
 外部顧客への売上高 1,905,394 223,886 609,721 2,739,002 15,419 2,754,421
セグメント間の内部売上高
又は振替高 － － － － － －
計 1,905,394 223,886 609,721 2,739,002 15,419 2,754,421
セグメント利益 478,179 58,083 93,556 629,819 13,762 643,581
（３）四半期連結財務諸表に関する注記事項
（セグメント情報等の注記）
【セグメント情報】
Ⅰ 前第１四半期連結累計期間（自2025年４月21日 至2025年７月20日）
１．報告セグメントごとの売上高及び利益又は損失の金額に関する情報
（注）１.「その他」の区分は、報告セグメントに含まれない事業セグメントであり、業務受託料および
 保険代理店収入等であります。
 ２．セグメント利益は、四半期連結損益計算書の売上総利益であります。
２．報告セグメントの利益又は損失の金額の合計額と四半期連結損益計算書計上額との差額及び当該差額の主
な内容（差異調整に関する事項）
 該当事項はありません。
３．報告セグメントごとの固定資産の減損損失又はのれん等に関する情報
 「海外事業」セグメントにおいて、当第１四半期連結会計期間より、非連結子会社であったGolden Light 
House Engineering Pte. Ltd.を連結の範囲に含めたことにより、のれん4,527千円が発生いたしましたが、"
4750,販売事業,8.13,external_customer_sales_table_v6,223886.0,2754421.0,https://www.daisan-g.co.jp/file/ir/library/h8geyuxqxy.pdf,2027,"又は親会社株主
に帰属する四半期純損失（△） 104,506 △94,910
（２）四半期連結損益計算書及び四半期連結包括利益計算書
（四半期連結損益計算書）
- 6 -
株式会社ダイサン（4750）
2027年４月期 第１四半期決算短信
（単位：千円）
 前第１四半期連結累計期間
(自 2025年４月21日
 至 2025年７月20日)
 当第１四半期連結累計期間
(自 2026年４月21日
 至 2026年７月20日)
四半期純利益又は四半期純損失（△） 104,506 △94,910
その他の包括利益
その他有価証券評価差額金 △29 △270
為替換算調整勘定 △31,935 26,683
その他の包括利益合計 △31,964 26,412
四半期包括利益 72,541 △68,498
（内訳）
親会社株主に係る四半期包括利益 72,541 △68,498
（四半期連結包括利益計算書）
- 7 -
株式会社ダイサン（4750）
2027年４月期 第１四半期決算短信
（単位：千円）
報告セグメント
その他 合計施工
サービス事業
製商品
販売事業 海外事業 計
売上高
外部顧客への売上高 1,790,736 284,144 513,519 2,588,400 15,147 2,603,547
セグメント間の内部売上高
又は振替高 － － － － － －
計 1,790,736 284,144 513,519 2,588,400 15,147 2,603,547
セグメント利益 500,612 83,025 163,916 747,554 13,503 761,057
（単位：千円）
報告セグメント
その他 合計施工
サービス事業
製商品
販売事業 海外事業 計
売上高
 外部顧客への売上高 1,905,394 223,886 609,721 2,739,002 15,419 2,754,421
セグメント間の内部売上高
又は振替高 － － － － － －
計 1,905,394 223,886 609,721 2,739,002 15,419 2,754,421
セグメント利益 478,179 58,083 93,556 629,819 13,762 643,581
（３）四半期連結財務諸表に関する注記事項
（セグメント情報等の注記）
【セグメント情報】
Ⅰ 前第１四半期連結累計期間（自2025年４月21日 至2025年７月20日）
１．報告セグメントごとの売上高及び利益又は損失の金額に関する情報
（注）１.「その他」の区分は、報告セグメントに含まれない事業セグメントであり、業務受託料および
 保険代理店収入等であります。
 ２．セグメント利益は、四半期連結損益計算書の売上総利益であります。
２．報告セグメントの利益又は損失の金額の合計額と四半期連結損益計算書計上額との差額及び当該差額の主
な内容（差異調整に関する事項）
 該当事項はありません。
３．報告セグメントごとの固定資産の減損損失又はのれん等に関する情報
 「海外事業」セグメントにおいて、当第１四半期連結会計期間より、非連結子会社であったGolden Light 
House Engineering Pte. Ltd.を連結の範囲に含めたことにより、のれん4,527千円が発生いたしましたが、"
4762,サービス事業,0.02,external_customer_sales_table_v6,90.0,573512.0,https://www.xnet.co.jp/if/ir4files/20260625-1.pdf,2026,"債の残高等
 契約負債の内訳は以下のとおりであります。
 前事業年度（2025年３月31日）
 契約負債（期首残高） 2,433千円
 契約負債（期末残高） 143千円
 契約負債は、ＸＮＥＴサービスにかかる顧客から受け取った前受金に関するものであります。契約負債
は、収益の認識に伴い取り崩されます。貸借対照表上、契約負債は「前受金」に計上しております。
 当事業年度（2026年３月31日）
 契約負債（期首残高） 143千円
 契約負債（期末残高） 16,435千円
 契約負債は、ＸＮＥＴサービスにかかる顧客から受け取った前受金に関するものであります。契約負債
は、収益の認識に伴い取り崩されます。貸借対照表上、契約負債は「前受金」に計上しております。
②残存履行義務に配分した取引価格
 当社では、未充足の履行義務に係る将来認識されると見込まれる収益は概ね１年以内に充足するため、実
務上の便法を適用し、記載を省略しております。
顧客の氏名又は名称 売上高 関連するセグメント名
 株式会社日本カストディ銀行 569,064 ＸＮＥＴサービス事業
ニッセイ情報テクノロジー株式会社 550,870 ＸＮＥＴサービス事業
（セグメント情報等）
【セグメント情報】
 当社は、ＸＮＥＴサービス事業の単一セグメントであるため、記載を省略しております。
【関連情報】
前事業年度（自 2024年４月１日 至 2025年３月31日）
１．製品及びサービスごとの情報
 単一の製品・サービスの区分の外部顧客への売上高が損益計算書の売上高の90%を超えるため、記載を
省略しております。
２．地域ごとの情報
(1）売上高
 本邦の 外部顧客への売上高 が損益計算書の売上高の90%を超えるため、記載を省略しております。
(2）有形固定資産
 本邦に所在している有形固定資産の金額が貸借対照表の有形固定資産の金額の90%を超えるため、記
 載を省略しております。
３．主要な顧客ごとの情報
 （単位：千円）
- 66 -
顧客の氏名又は名称 売上高 関連するセグメント名
ニッセイ情報テクノロジー株式会社 573,512 ＸＮＥＴサービス事業
当事業年度（自 2025年４月１日 至 2026年３月31日）
１．製品及びサービスごとの情報
 単一の製品・サービスの区分の外部顧客への売上高が損益計算書の売上高の90%を超えるため、記載を
省略しております。
２．地域ごとの情報
(1）売上高
 本邦の外部顧客への売上高が損益計算書の売上高の90%を超えるため、記載を省略しております。
(2）有形固定資産
 本邦に所在している有形固定資産の金額が貸借対照表の有形固定資産の金額の90%を超えるため、記
 載を省略しております。
３．主要な顧客ごとの情報
 （単位：千円）
 （注）本表の金額には、消費税等は含まれておりません。
【報告セグメントごとの固定資産の減損損失に関する情報】
該当事項はありません。
【報告セグメントごとののれんの償却額及び未償却残高に関する情報】
該当事"
4762,前事業,0.02,external_customer_sales_table_v6,90.0,573512.0,https://www.xnet.co.jp/if/ir4files/20260625-1.pdf,2026,"債の残高等
 契約負債の内訳は以下のとおりであります。
 前事業年度（2025年３月31日）
 契約負債（期首残高） 2,433千円
 契約負債（期末残高） 143千円
 契約負債は、ＸＮＥＴサービスにかかる顧客から受け取った前受金に関するものであります。契約負債
は、収益の認識に伴い取り崩されます。貸借対照表上、契約負債は「前受金」に計上しております。
 当事業年度（2026年３月31日）
 契約負債（期首残高） 143千円
 契約負債（期末残高） 16,435千円
 契約負債は、ＸＮＥＴサービスにかかる顧客から受け取った前受金に関するものであります。契約負債
は、収益の認識に伴い取り崩されます。貸借対照表上、契約負債は「前受金」に計上しております。
②残存履行義務に配分した取引価格
 当社では、未充足の履行義務に係る将来認識されると見込まれる収益は概ね１年以内に充足するため、実
務上の便法を適用し、記載を省略しております。
顧客の氏名又は名称 売上高 関連するセグメント名
 株式会社日本カストディ銀行 569,064 ＸＮＥＴサービス事業
ニッセイ情報テクノロジー株式会社 550,870 ＸＮＥＴサービス事業
（セグメント情報等）
【セグメント情報】
 当社は、ＸＮＥＴサービス事業の単一セグメントであるため、記載を省略しております。
【関連情報】
前事業年度（自 2024年４月１日 至 2025年３月31日）
１．製品及びサービスごとの情報
 単一の製品・サービスの区分の外部顧客への売上高が損益計算書の売上高の90%を超えるため、記載を
省略しております。
２．地域ごとの情報
(1）売上高
 本邦の 外部顧客への売上高 が損益計算書の売上高の90%を超えるため、記載を省略しております。
(2）有形固定資産
 本邦に所在している有形固定資産の金額が貸借対照表の有形固定資産の金額の90%を超えるため、記
 載を省略しております。
３．主要な顧客ごとの情報
 （単位：千円）
- 66 -
顧客の氏名又は名称 売上高 関連するセグメント名
ニッセイ情報テクノロジー株式会社 573,512 ＸＮＥＴサービス事業
当事業年度（自 2025年４月１日 至 2026年３月31日）
１．製品及びサービスごとの情報
 単一の製品・サービスの区分の外部顧客への売上高が損益計算書の売上高の90%を超えるため、記載を
省略しております。
２．地域ごとの情報
(1）売上高
 本邦の外部顧客への売上高が損益計算書の売上高の90%を超えるため、記載を省略しております。
(2）有形固定資産
 本邦に所在している有形固定資産の金額が貸借対照表の有形固定資産の金額の90%を超えるため、記
 載を省略しております。
３．主要な顧客ごとの情報
 （単位：千円）
 （注）本表の金額には、消費税等は含まれておりません。
【報告セグメントごとの固定資産の減損損失に関する情報】
該当事項はありません。
【報告セグメントごとののれんの償却額及び未償却残高に関する情報】
該当事"
4762,単一の製品・サービス,100.00,external_customer_sales_table_v6,573512.0,573512.0,https://www.xnet.co.jp/if/ir4files/20260625-1.pdf,2026,"債の残高等
 契約負債の内訳は以下のとおりであります。
 前事業年度（2025年３月31日）
 契約負債（期首残高） 2,433千円
 契約負債（期末残高） 143千円
 契約負債は、ＸＮＥＴサービスにかかる顧客から受け取った前受金に関するものであります。契約負債
は、収益の認識に伴い取り崩されます。貸借対照表上、契約負債は「前受金」に計上しております。
 当事業年度（2026年３月31日）
 契約負債（期首残高） 143千円
 契約負債（期末残高） 16,435千円
 契約負債は、ＸＮＥＴサービスにかかる顧客から受け取った前受金に関するものであります。契約負債
は、収益の認識に伴い取り崩されます。貸借対照表上、契約負債は「前受金」に計上しております。
②残存履行義務に配分した取引価格
 当社では、未充足の履行義務に係る将来認識されると見込まれる収益は概ね１年以内に充足するため、実
務上の便法を適用し、記載を省略しております。
顧客の氏名又は名称 売上高 関連するセグメント名
 株式会社日本カストディ銀行 569,064 ＸＮＥＴサービス事業
ニッセイ情報テクノロジー株式会社 550,870 ＸＮＥＴサービス事業
（セグメント情報等）
【セグメント情報】
 当社は、ＸＮＥＴサービス事業の単一セグメントであるため、記載を省略しております。
【関連情報】
前事業年度（自 2024年４月１日 至 2025年３月31日）
１．製品及びサービスごとの情報
 単一の製品・サービスの区分の外部顧客への売上高が損益計算書の売上高の90%を超えるため、記載を
省略しております。
２．地域ごとの情報
(1）売上高
 本邦の 外部顧客への売上高 が損益計算書の売上高の90%を超えるため、記載を省略しております。
(2）有形固定資産
 本邦に所在している有形固定資産の金額が貸借対照表の有形固定資産の金額の90%を超えるため、記
 載を省略しております。
３．主要な顧客ごとの情報
 （単位：千円）
- 66 -
顧客の氏名又は名称 売上高 関連するセグメント名
ニッセイ情報テクノロジー株式会社 573,512 ＸＮＥＴサービス事業
当事業年度（自 2025年４月１日 至 2026年３月31日）
１．製品及びサービスごとの情報
 単一の製品・サービスの区分の外部顧客への売上高が損益計算書の売上高の90%を超えるため、記載を
省略しております。
２．地域ごとの情報
(1）売上高
 本邦の外部顧客への売上高が損益計算書の売上高の90%を超えるため、記載を省略しております。
(2）有形固定資産
 本邦に所在している有形固定資産の金額が貸借対照表の有形固定資産の金額の90%を超えるため、記
 載を省略しております。
３．主要な顧客ごとの情報
 （単位：千円）
 （注）本表の金額には、消費税等は含まれておりません。
【報告セグメントごとの固定資産の減損損失に関する情報】
該当事項はありません。
【報告セグメントごとののれんの償却額及び未償却残高に関する情報】
該当事"
4762,当事業,0.00,external_customer_sales_table_v6,2.0,573512.0,https://www.xnet.co.jp/if/ir4files/20260625-1.pdf,2026,"債の残高等
 契約負債の内訳は以下のとおりであります。
 前事業年度（2025年３月31日）
 契約負債（期首残高） 2,433千円
 契約負債（期末残高） 143千円
 契約負債は、ＸＮＥＴサービスにかかる顧客から受け取った前受金に関するものであります。契約負債
は、収益の認識に伴い取り崩されます。貸借対照表上、契約負債は「前受金」に計上しております。
 当事業年度（2026年３月31日）
 契約負債（期首残高） 143千円
 契約負債（期末残高） 16,435千円
 契約負債は、ＸＮＥＴサービスにかかる顧客から受け取った前受金に関するものであります。契約負債
は、収益の認識に伴い取り崩されます。貸借対照表上、契約負債は「前受金」に計上しております。
②残存履行義務に配分した取引価格
 当社では、未充足の履行義務に係る将来認識されると見込まれる収益は概ね１年以内に充足するため、実
務上の便法を適用し、記載を省略しております。
顧客の氏名又は名称 売上高 関連するセグメント名
 株式会社日本カストディ銀行 569,064 ＸＮＥＴサービス事業
ニッセイ情報テクノロジー株式会社 550,870 ＸＮＥＴサービス事業
（セグメント情報等）
【セグメント情報】
 当社は、ＸＮＥＴサービス事業の単一セグメントであるため、記載を省略しております。
【関連情報】
前事業年度（自 2024年４月１日 至 2025年３月31日）
１．製品及びサービスごとの情報
 単一の製品・サービスの区分の外部顧客への売上高が損益計算書の売上高の90%を超えるため、記載を
省略しております。
２．地域ごとの情報
(1）売上高
 本邦の 外部顧客への売上高 が損益計算書の売上高の90%を超えるため、記載を省略しております。
(2）有形固定資産
 本邦に所在している有形固定資産の金額が貸借対照表の有形固定資産の金額の90%を超えるため、記
 載を省略しております。
３．主要な顧客ごとの情報
 （単位：千円）
- 66 -
顧客の氏名又は名称 売上高 関連するセグメント名
ニッセイ情報テクノロジー株式会社 573,512 ＸＮＥＴサービス事業
当事業年度（自 2025年４月１日 至 2026年３月31日）
１．製品及びサービスごとの情報
 単一の製品・サービスの区分の外部顧客への売上高が損益計算書の売上高の90%を超えるため、記載を
省略しております。
２．地域ごとの情報
(1）売上高
 本邦の外部顧客への売上高が損益計算書の売上高の90%を超えるため、記載を省略しております。
(2）有形固定資産
 本邦に所在している有形固定資産の金額が貸借対照表の有形固定資産の金額の90%を超えるため、記
 載を省略しております。
３．主要な顧客ごとの情報
 （単位：千円）
 （注）本表の金額には、消費税等は含まれておりません。
【報告セグメントごとの固定資産の減損損失に関する情報】
該当事項はありません。
【報告セグメントごとののれんの償却額及び未償却残高に関する情報】
該当事"
4762,製品及びサービス,0.01,external_customer_sales_table_v6,66.0,573512.0,https://www.xnet.co.jp/if/ir4files/20260625-1.pdf,2026,"債の残高等
 契約負債の内訳は以下のとおりであります。
 前事業年度（2025年３月31日）
 契約負債（期首残高） 2,433千円
 契約負債（期末残高） 143千円
 契約負債は、ＸＮＥＴサービスにかかる顧客から受け取った前受金に関するものであります。契約負債
は、収益の認識に伴い取り崩されます。貸借対照表上、契約負債は「前受金」に計上しております。
 当事業年度（2026年３月31日）
 契約負債（期首残高） 143千円
 契約負債（期末残高） 16,435千円
 契約負債は、ＸＮＥＴサービスにかかる顧客から受け取った前受金に関するものであります。契約負債
は、収益の認識に伴い取り崩されます。貸借対照表上、契約負債は「前受金」に計上しております。
②残存履行義務に配分した取引価格
 当社では、未充足の履行義務に係る将来認識されると見込まれる収益は概ね１年以内に充足するため、実
務上の便法を適用し、記載を省略しております。
顧客の氏名又は名称 売上高 関連するセグメント名
 株式会社日本カストディ銀行 569,064 ＸＮＥＴサービス事業
ニッセイ情報テクノロジー株式会社 550,870 ＸＮＥＴサービス事業
（セグメント情報等）
【セグメント情報】
 当社は、ＸＮＥＴサービス事業の単一セグメントであるため、記載を省略しております。
【関連情報】
前事業年度（自 2024年４月１日 至 2025年３月31日）
１．製品及びサービスごとの情報
 単一の製品・サービスの区分の外部顧客への売上高が損益計算書の売上高の90%を超えるため、記載を
省略しております。
２．地域ごとの情報
(1）売上高
 本邦の 外部顧客への売上高 が損益計算書の売上高の90%を超えるため、記載を省略しております。
(2）有形固定資産
 本邦に所在している有形固定資産の金額が貸借対照表の有形固定資産の金額の90%を超えるため、記
 載を省略しております。
３．主要な顧客ごとの情報
 （単位：千円）
- 66 -
顧客の氏名又は名称 売上高 関連するセグメント名
ニッセイ情報テクノロジー株式会社 573,512 ＸＮＥＴサービス事業
当事業年度（自 2025年４月１日 至 2026年３月31日）
１．製品及びサービスごとの情報
 単一の製品・サービスの区分の外部顧客への売上高が損益計算書の売上高の90%を超えるため、記載を
省略しております。
２．地域ごとの情報
(1）売上高
 本邦の外部顧客への売上高が損益計算書の売上高の90%を超えるため、記載を省略しております。
(2）有形固定資産
 本邦に所在している有形固定資産の金額が貸借対照表の有形固定資産の金額の90%を超えるため、記
 載を省略しております。
３．主要な顧客ごとの情報
 （単位：千円）
 （注）本表の金額には、消費税等は含まれておりません。
【報告セグメントごとの固定資産の減損損失に関する情報】
該当事項はありません。
【報告セグメントごとののれんの償却額及び未償却残高に関する情報】
該当事"
4769,ITサービス,2.56,external_customer_sales_table_v6,231187.0,9040385.0,https://www.ic-net.co.jp/dcms_media/other/2024_4q_kaiji.pdf,2025,"△93,473 －
その他 － 7,400
投資活動によるキャッシュ・フロー △210,550 12,074
財務活動によるキャッシュ・フロー
自己株式の取得による支出 △10,974 △176,306
配当金の支払額 △232,648 △253,836
財務活動によるキャッシュ・フロー △243,622 △430,142
現金及び現金同等物の増減額（△は減少） 35,372 91,479
現金及び現金同等物の期首残高 3,941,421 3,976,794
現金及び現金同等物の期末残高 3,976,794 4,068,273
（４）連結キャッシュ・フロー計算書
- 11 -
㈱ＩＣ（4769） 2024年９月期 決算短信〔日本基準〕（連結）
（５）連結財務諸表に関する注記事項
（継続企業の前提に関する注記）
 該当事項はありません。
（追加情報）
（退職給付制度の改定）
当社は、2024年10月30日より、現行の確定給付年金制度を確定拠出年金制度に移行しました。
この移行に伴う会計処理については、「退職給付制度間の移行等に関する会計処理」(企業会計基準適用指針第１
号 2016年12月16日改正)及び「退職給付制度間の移行等の会計処理に関する実務上の取扱い」(実務対応報告第２号 
2007年２月７日改正)を適用する予定です。
なお、本移行に伴う財政状態及び経営成績に与える影響については、現在評価中でありますが、2025年９月期第１
四半期に本制度の移行に伴い発生する退職給付制度改定益約240百万円を特別利益に計上する見込みです。
- 12 -
㈱ＩＣ（4769） 2024年９月期 決算短信〔日本基準〕（連結）
（単位：千円）
ITソリューション事業 ITサービス事業 合計
 外部顧客への売上高 8,331,137 231,187 8,562,325
（単位：千円）
顧客の名称又は氏名 売上高 関連するセグメント名
日立グループ 4,246,423 情報サービス事業並びにこれらの付
帯業務
（単位：千円）
ITソリューション事業 ITサービス事業 合計
外部顧客への売上高 9,040,385 249,654 9,290,040
（単位：千円）
顧客の名称又は氏名 売上高 関連するセグメント名
日立グループ 4,541,509 情報サービス事業並びにこれらの付
帯業務
（セグメント情報等の注記）
【セグメント情報】
当社グループの事業は、情報サービス事業並びにこれらの付帯業務の単一セグメントであるため、記載を省略して
おります。
【関連情報】
前連結会計年度（自 2022年10月１日 至 2023年９月30日）
１．製品及びサービスごとの情報
２．地域ごとの情報
(1）売上高
 本邦以外の外部顧客への売上高がないため、記載を省略しております。
(2）有形固定資産
 本邦以外に所在している有形固定資産がないため、記載を省略しております。
３．主要な顧客ごとの情報
当連結会計年度（自 2023年10月１日 至 2024年９月30日）
１．製品及びサービスごとの情報
２．地域ごとの情報
(1）売上高
 本邦以外の外部顧客への売上高がないため、記載を省略しております。
(2）有形固定資産
 本邦以外に所在している有形固定資産がないため、記載を省略しております。
３．主要な顧客ごと"
4769,ITソリューション事業,92.15,external_customer_sales_table_v6,8331137.0,9040385.0,https://www.ic-net.co.jp/dcms_media/other/2024_4q_kaiji.pdf,2025,"△93,473 －
その他 － 7,400
投資活動によるキャッシュ・フロー △210,550 12,074
財務活動によるキャッシュ・フロー
自己株式の取得による支出 △10,974 △176,306
配当金の支払額 △232,648 △253,836
財務活動によるキャッシュ・フロー △243,622 △430,142
現金及び現金同等物の増減額（△は減少） 35,372 91,479
現金及び現金同等物の期首残高 3,941,421 3,976,794
現金及び現金同等物の期末残高 3,976,794 4,068,273
（４）連結キャッシュ・フロー計算書
- 11 -
㈱ＩＣ（4769） 2024年９月期 決算短信〔日本基準〕（連結）
（５）連結財務諸表に関する注記事項
（継続企業の前提に関する注記）
 該当事項はありません。
（追加情報）
（退職給付制度の改定）
当社は、2024年10月30日より、現行の確定給付年金制度を確定拠出年金制度に移行しました。
この移行に伴う会計処理については、「退職給付制度間の移行等に関する会計処理」(企業会計基準適用指針第１
号 2016年12月16日改正)及び「退職給付制度間の移行等の会計処理に関する実務上の取扱い」(実務対応報告第２号 
2007年２月７日改正)を適用する予定です。
なお、本移行に伴う財政状態及び経営成績に与える影響については、現在評価中でありますが、2025年９月期第１
四半期に本制度の移行に伴い発生する退職給付制度改定益約240百万円を特別利益に計上する見込みです。
- 12 -
㈱ＩＣ（4769） 2024年９月期 決算短信〔日本基準〕（連結）
（単位：千円）
ITソリューション事業 ITサービス事業 合計
 外部顧客への売上高 8,331,137 231,187 8,562,325
（単位：千円）
顧客の名称又は氏名 売上高 関連するセグメント名
日立グループ 4,246,423 情報サービス事業並びにこれらの付
帯業務
（単位：千円）
ITソリューション事業 ITサービス事業 合計
外部顧客への売上高 9,040,385 249,654 9,290,040
（単位：千円）
顧客の名称又は氏名 売上高 関連するセグメント名
日立グループ 4,541,509 情報サービス事業並びにこれらの付
帯業務
（セグメント情報等の注記）
【セグメント情報】
当社グループの事業は、情報サービス事業並びにこれらの付帯業務の単一セグメントであるため、記載を省略して
おります。
【関連情報】
前連結会計年度（自 2022年10月１日 至 2023年９月30日）
１．製品及びサービスごとの情報
２．地域ごとの情報
(1）売上高
 本邦以外の外部顧客への売上高がないため、記載を省略しております。
(2）有形固定資産
 本邦以外に所在している有形固定資産がないため、記載を省略しております。
３．主要な顧客ごとの情報
当連結会計年度（自 2023年10月１日 至 2024年９月30日）
１．製品及びサービスごとの情報
２．地域ごとの情報
(1）売上高
 本邦以外の外部顧客への売上高がないため、記載を省略しております。
(2）有形固定資産
 本邦以外に所在している有形固定資産がないため、記載を省略しております。
３．主要な顧客ごと"
4784,インフラ事業,82.94,external_customer_sales_table_v6,31936.0,38506.0,https://internet.gmo/ir/pdf/notice/gmointernet_j_financial_report_20260814.pdf,2026,"連結会計期間
(自 2025年１月１日
至 2025年６月30日)
当中間連結会計期間
(自 2026年１月１日
至 2026年６月30日)
財務活動によるキャッシュ・フロー
短期借入金の純増減額（△は減少） △1,914 5,000
長期借入れによる収入 2,000 －
長期借入金の返済による支出 △490 △690
株式の発行による収入 － 20,259
リース債務の返済による支出 △598 △658
配当金の支払額 △1,373 △3,191
非支配株主への配当金の支払額 △7 △43
新株予約権の行使による収入 88 －
連結の範囲の変更を伴わない子会社株式の取得
による支出 △65 －
財務活動によるキャッシュ・フロー △2,361 20,674
現金及び現金同等物に係る換算差額 △54 △1
現金及び現金同等物の増減額（△は減少） 3,811 19,657
現金及び現金同等物の期首残高 4,024 13,829
吸収分割に伴う現金及び現金同等物の増加額 3,000 －
現金及び現金同等物の中間期末残高 10,836 33,487
ＧＭＯインターネット株式会社(4784) 2026年12月期 第２四半期（中間期）決算短信
11
(4) 中間連結財務諸表に関する注記事項
（セグメント情報等の注記）
【セグメント情報】
Ⅰ 前中間連結会計期間（自 2025年１月１日 至 2025年６月30日）
１．報告セグメントごとの売上高及び利益又は損失の金額に関する情報並びに収益の分解情報
（単位：百万円）
報告セグメント
その他
（注）１
調整額
（注）２
中間連結
損益計算書
計上額
（注）３
インター
ネット
インフラ事業
インター
ネット
広告・
メディア事業
計
売上高
 外部顧客への売上高 31,936 6,481 38,417 88 － 38,506
セグメント間の内部売上高
又は振替高 40 324 364 － △364 －
計 31,976 6,805 38,782 88 △364 38,506
セグメント利益 3,574 66 3,640 38 △419 3,260
（注）１．「その他」の区分は報告セグメントに含まれない事業セグメントです。
２．セグメント利益の調整額△419百万円は、主にセグメント間内部取引消去や報告セグメントに帰属しない一般
管理費等であります。
３．セグメント利益は、連結損益計算書の営業利益と調整を行っております。
２．報告セグメントごとの固定資産の減損損失又はのれん等に関する情報
（のれんの金額の重要な変動）
「インターネットインフラ事業」セグメントにおいて、海外子会社の株式を取得し、９社を連結の範囲に含めたこ
とにより、のれんを計上しております。当該事象によるのれんの増加額は、当中間連結会計期間においては1,643百万
円であります。
Ⅱ 当中間連結会計期間（自 2026年１月１日 至 2026年６月30日）
１．報告セグメントごとの売上高及び利益又は損失の金額に関する情報並びに収益の分解情報
（単位：百万円）
報告セグメント
その他
（注）１
調整額
（注）２
中間連結
損益計算書
計上額
（注）３
インター
ネット
インフラ事業
インター
ネット
広告・
メディア事業
計
売上高
外部顧客への売上高 35,748 5,453"
4784,メディア事業,16.83,external_customer_sales_table_v6,6481.0,38506.0,https://internet.gmo/ir/pdf/notice/gmointernet_j_financial_report_20260814.pdf,2026,"連結会計期間
(自 2025年１月１日
至 2025年６月30日)
当中間連結会計期間
(自 2026年１月１日
至 2026年６月30日)
財務活動によるキャッシュ・フロー
短期借入金の純増減額（△は減少） △1,914 5,000
長期借入れによる収入 2,000 －
長期借入金の返済による支出 △490 △690
株式の発行による収入 － 20,259
リース債務の返済による支出 △598 △658
配当金の支払額 △1,373 △3,191
非支配株主への配当金の支払額 △7 △43
新株予約権の行使による収入 88 －
連結の範囲の変更を伴わない子会社株式の取得
による支出 △65 －
財務活動によるキャッシュ・フロー △2,361 20,674
現金及び現金同等物に係る換算差額 △54 △1
現金及び現金同等物の増減額（△は減少） 3,811 19,657
現金及び現金同等物の期首残高 4,024 13,829
吸収分割に伴う現金及び現金同等物の増加額 3,000 －
現金及び現金同等物の中間期末残高 10,836 33,487
ＧＭＯインターネット株式会社(4784) 2026年12月期 第２四半期（中間期）決算短信
11
(4) 中間連結財務諸表に関する注記事項
（セグメント情報等の注記）
【セグメント情報】
Ⅰ 前中間連結会計期間（自 2025年１月１日 至 2025年６月30日）
１．報告セグメントごとの売上高及び利益又は損失の金額に関する情報並びに収益の分解情報
（単位：百万円）
報告セグメント
その他
（注）１
調整額
（注）２
中間連結
損益計算書
計上額
（注）３
インター
ネット
インフラ事業
インター
ネット
広告・
メディア事業
計
売上高
 外部顧客への売上高 31,936 6,481 38,417 88 － 38,506
セグメント間の内部売上高
又は振替高 40 324 364 － △364 －
計 31,976 6,805 38,782 88 △364 38,506
セグメント利益 3,574 66 3,640 38 △419 3,260
（注）１．「その他」の区分は報告セグメントに含まれない事業セグメントです。
２．セグメント利益の調整額△419百万円は、主にセグメント間内部取引消去や報告セグメントに帰属しない一般
管理費等であります。
３．セグメント利益は、連結損益計算書の営業利益と調整を行っております。
２．報告セグメントごとの固定資産の減損損失又はのれん等に関する情報
（のれんの金額の重要な変動）
「インターネットインフラ事業」セグメントにおいて、海外子会社の株式を取得し、９社を連結の範囲に含めたこ
とにより、のれんを計上しております。当該事象によるのれんの増加額は、当中間連結会計期間においては1,643百万
円であります。
Ⅱ 当中間連結会計期間（自 2026年１月１日 至 2026年６月30日）
１．報告セグメントごとの売上高及び利益又は損失の金額に関する情報並びに収益の分解情報
（単位：百万円）
報告セグメント
その他
（注）１
調整額
（注）２
中間連結
損益計算書
計上額
（注）３
インター
ネット
インフラ事業
インター
ネット
広告・
メディア事業
計
売上高
外部顧客への売上高 35,748 5,453"
4814,メント事業,21.47,external_customer_sales_table_v6,617463.0,2875675.0,https://www.nextware.co.jp/dev/cms/wp-content/uploads/2026/05/ir20260515.pdf,2026,"上高、利益又は損失、資産、負債その他の項目の金額に関する情報
前連結会計年度(自 2024年４月１日 至 2025年３月31日)
(単位：千円)
報告セグメント 調整額
(注)
連結財務諸表計
上額ソリューション
事業
エンターテイン
メント事業 計
売上高
外部顧客への売上高 2,380,459 629,299 3,009,759 ― 3,009,759
セグメント間の内部売上高
又は振替高 633 31,808 32,441 △32,441 ―
計 2,381,092 661,107 3,042,200 △32,441 3,009,759
セグメント利益又は損失(△) △78,784 2,959 △75,824 320 △75,503
セグメント資産 1,518,301 174,983 1,693,285 △147,085 1,546,199
その他の項目
減価償却費 38,491 19,872 58,364 △294 58,069
減損損失 ― ― ― ― ―
有形固定資産及び
無形固定資産の増加額 85,919 41,497 127,417 ― 127,417
(注) 調整額は、以下のとおりであります。
１．セグメント資産の調整額△147,085千円は、セグメント間取引消去であります。
２．セグメント利益又は損失(△)の合計額と連結損益計算書の営業損失との差額はセグメント間取引消去でありま
す。
ネクストウェア株式会社(4814) 2026年３月期 決算短信
－ 14 －
当連結会計年度(自 2025年４月１日 至 2026年３月31日)
(単位：千円)
報告セグメント 調整額
(注)
連結財務諸表計
上額ソリューション
事業
エンターテイン
メント事業 計
売上高
 外部顧客への売上高 2,258,212 617,463 2,875,675 ― 2,875,675
セグメント間の内部売上高
又は振替高 5,454 39,447 44,902 △44,902 ―
計 2,263,667 656,910 2,920,578 △44,902 2,875,675
セグメント損失(△) △208,747 △72,669 △281,416 △765 △282,182
セグメント資産 1,001,845 171,352 1,173,198 △125,886 1,047,311
その他の項目
減価償却費 40,831 54,838 95,669 △196 95,473
減損損失 62,000 ― 62,000 ― 62,000
商品評価損 ― 30,517 30,517 ― 30,517
有形固定資産及び
無形固定資産の増加額 13,120 59,532 72,652 ― 72,652
(注) 調整額は、以下のとおりであります。
１．セグメント資産の調整額 △125,886千円は、セグメント間取引消去であります。
２．セグメント損失(△)の合計額と連結損益計算書の営業損失との差額はセグメント間取引消去であります。
(１株当たり情報)
前連結会計年度
(自 2024年４月１日
至 2025年３月31日)
当連結会計年度
(自 2025年４月１日
至 2026年３月31日)
１株当たり純資産額 96.22円 59.82円
１株当たり当期純損失（△） △8.34円 △36.40円"
4814,事業,78.53,external_customer_sales_table_v6,2258212.0,2875675.0,https://www.nextware.co.jp/dev/cms/wp-content/uploads/2026/05/ir20260515.pdf,2026,"上高、利益又は損失、資産、負債その他の項目の金額に関する情報
前連結会計年度(自 2024年４月１日 至 2025年３月31日)
(単位：千円)
報告セグメント 調整額
(注)
連結財務諸表計
上額ソリューション
事業
エンターテイン
メント事業 計
売上高
外部顧客への売上高 2,380,459 629,299 3,009,759 ― 3,009,759
セグメント間の内部売上高
又は振替高 633 31,808 32,441 △32,441 ―
計 2,381,092 661,107 3,042,200 △32,441 3,009,759
セグメント利益又は損失(△) △78,784 2,959 △75,824 320 △75,503
セグメント資産 1,518,301 174,983 1,693,285 △147,085 1,546,199
その他の項目
減価償却費 38,491 19,872 58,364 △294 58,069
減損損失 ― ― ― ― ―
有形固定資産及び
無形固定資産の増加額 85,919 41,497 127,417 ― 127,417
(注) 調整額は、以下のとおりであります。
１．セグメント資産の調整額△147,085千円は、セグメント間取引消去であります。
２．セグメント利益又は損失(△)の合計額と連結損益計算書の営業損失との差額はセグメント間取引消去でありま
す。
ネクストウェア株式会社(4814) 2026年３月期 決算短信
－ 14 －
当連結会計年度(自 2025年４月１日 至 2026年３月31日)
(単位：千円)
報告セグメント 調整額
(注)
連結財務諸表計
上額ソリューション
事業
エンターテイン
メント事業 計
売上高
 外部顧客への売上高 2,258,212 617,463 2,875,675 ― 2,875,675
セグメント間の内部売上高
又は振替高 5,454 39,447 44,902 △44,902 ―
計 2,263,667 656,910 2,920,578 △44,902 2,875,675
セグメント損失(△) △208,747 △72,669 △281,416 △765 △282,182
セグメント資産 1,001,845 171,352 1,173,198 △125,886 1,047,311
その他の項目
減価償却費 40,831 54,838 95,669 △196 95,473
減損損失 62,000 ― 62,000 ― 62,000
商品評価損 ― 30,517 30,517 ― 30,517
有形固定資産及び
無形固定資産の増加額 13,120 59,532 72,652 ― 72,652
(注) 調整額は、以下のとおりであります。
１．セグメント資産の調整額 △125,886千円は、セグメント間取引消去であります。
２．セグメント損失(△)の合計額と連結損益計算書の営業損失との差額はセグメント間取引消去であります。
(１株当たり情報)
前連結会計年度
(自 2024年４月１日
至 2025年３月31日)
当連結会計年度
(自 2025年４月１日
至 2026年３月31日)
１株当たり純資産額 96.22円 59.82円
１株当たり当期純損失（△） △8.34円 △36.40円"
4925,化粧品事業,0.49,external_customer_sales_table_v6,10.0,2026.0,https://haba.com/wp/wp-content/uploads/2026/06/2603_yukasyoken.pdf,2026,"824
契約負債（期首残高） 297,262 298,811
契約負債（期末残高） 298,811 352,354
 契約負債は、当社が付与したポイントのうち、期末時点において履行義務を充足していない残高及び前受金相
当額であります。
 前連結会計年度期首の契約負債は、前連結会計年度に全額収益として認識されております。
 当連結会計年度期首の契約負債は、当連結会計年度に全額収益として認識されております。
(2) 残存履行義務に配分した取引価格
 当社グループにおいては、当初に予想される契約期間が１年を超える重要な取引はありません。また、顧客と
の契約から生じる対価の中に、取引価格に含まれていない重要な金額はありません。
 
 
EDINET提出書類
株式会社ハーバー研究所(E01063)
有価証券報告書
63/86
（セグメント情報等）
【セグメント情報】
前連結会計年度（自 2024年４月１日 至 2025年３月31日）及び当連結会計年度（自 2025年４月１日 
至 2026年３月31日）
当社グループは、化粧品事業の単一セグメントであるため、記載を省略しています。
 
【関連情報】
前連結会計年度（自 2024年４月１日 至 2025年３月31日）及び当連結会計年度（自 2025年４月１日 
至 2026年３月31日）
１．製品及びサービスごとの情報
 化粧品事業の単一セグメントであるため、記載を省略しています。
２．地域ごとの情報
 （1）売上高
本邦の外部顧客への売上高が連結損益計算書の売上高の90%を超えるため、記載を省略しています。
 （2）有形固定資産
本邦以外の国に所在する有形固定資産を有していないため、記載を省略しています。
３．主要な顧客ごとの情報
 外部顧客への売上高 のうち、連結損益計算書の売上高の10%以上を占める相手先がいないため、記載し
ていません。
 
【報告セグメントごとの固定資産の減損損失に関する情報】
前連結会計年度（自 2024年４月１日 至 2025年３月31日）及び当連結会計年度（自 2025年４月１日 
至 2026年３月31日）
 該当事項はありません。
 
【報告セグメントごとののれんの償却額及び未償却残高に関する情報】
前連結会計年度（自 2024年４月１日 至 2025年３月31日）及び当連結会計年度（自 2025年４月１日 
至 2026年３月31日）
 該当事項はありません。
 
【報告セグメントごとの負ののれん発生益に関する情報】
前連結会計年度（自 2024年４月１日 至 2025年３月31日）及び当連結会計年度（自 2025年４月１日 
至 2026年３月31日）
 該当事項はありません。
 
EDINET提出書類
株式会社ハーバー研究所(E01063)
有価証券報告書
64/86
【関連当事者情報】
関連当事者との取引
前連結会計年度（自 2024年４月１日 至 2025年３月31日）及び当連結会計年度（自 2025年４月１日 
至 2026年３月31日）
 該当事項はありません。
 
（１株当たり情報）
 
前連結会計年度
（自 2024年４月１日
至 2025年３月31日）
当連結会計年度
（自 2025年４月１日
至 2026年３月31日）
１株当たり純資産額"
4925,製品及びサービス,99.90,external_customer_sales_table_v6,2024.0,2026.0,https://haba.com/wp/wp-content/uploads/2026/06/2603_yukasyoken.pdf,2026,"824
契約負債（期首残高） 297,262 298,811
契約負債（期末残高） 298,811 352,354
 契約負債は、当社が付与したポイントのうち、期末時点において履行義務を充足していない残高及び前受金相
当額であります。
 前連結会計年度期首の契約負債は、前連結会計年度に全額収益として認識されております。
 当連結会計年度期首の契約負債は、当連結会計年度に全額収益として認識されております。
(2) 残存履行義務に配分した取引価格
 当社グループにおいては、当初に予想される契約期間が１年を超える重要な取引はありません。また、顧客と
の契約から生じる対価の中に、取引価格に含まれていない重要な金額はありません。
 
 
EDINET提出書類
株式会社ハーバー研究所(E01063)
有価証券報告書
63/86
（セグメント情報等）
【セグメント情報】
前連結会計年度（自 2024年４月１日 至 2025年３月31日）及び当連結会計年度（自 2025年４月１日 
至 2026年３月31日）
当社グループは、化粧品事業の単一セグメントであるため、記載を省略しています。
 
【関連情報】
前連結会計年度（自 2024年４月１日 至 2025年３月31日）及び当連結会計年度（自 2025年４月１日 
至 2026年３月31日）
１．製品及びサービスごとの情報
 化粧品事業の単一セグメントであるため、記載を省略しています。
２．地域ごとの情報
 （1）売上高
本邦の外部顧客への売上高が連結損益計算書の売上高の90%を超えるため、記載を省略しています。
 （2）有形固定資産
本邦以外の国に所在する有形固定資産を有していないため、記載を省略しています。
３．主要な顧客ごとの情報
 外部顧客への売上高 のうち、連結損益計算書の売上高の10%以上を占める相手先がいないため、記載し
ていません。
 
【報告セグメントごとの固定資産の減損損失に関する情報】
前連結会計年度（自 2024年４月１日 至 2025年３月31日）及び当連結会計年度（自 2025年４月１日 
至 2026年３月31日）
 該当事項はありません。
 
【報告セグメントごとののれんの償却額及び未償却残高に関する情報】
前連結会計年度（自 2024年４月１日 至 2025年３月31日）及び当連結会計年度（自 2025年４月１日 
至 2026年３月31日）
 該当事項はありません。
 
【報告セグメントごとの負ののれん発生益に関する情報】
前連結会計年度（自 2024年４月１日 至 2025年３月31日）及び当連結会計年度（自 2025年４月１日 
至 2026年３月31日）
 該当事項はありません。
 
EDINET提出書類
株式会社ハーバー研究所(E01063)
有価証券報告書
64/86
【関連当事者情報】
関連当事者との取引
前連結会計年度（自 2024年４月１日 至 2025年３月31日）及び当連結会計年度（自 2025年４月１日 
至 2026年３月31日）
 該当事項はありません。
 
（１株当たり情報）
 
前連結会計年度
（自 2024年４月１日
至 2025年３月31日）
当連結会計年度
（自 2025年４月１日
至 2026年３月31日）
１株当たり純資産額"
4934,エイジング事業,81.03,external_customer_sales_table_v6,2952.0,3643.0,https://data.swcms.net/file/p-antiaging/dam/jcr:8e6c34f8-38df-4c2a-812e-da437d2d091c/140120251212519009.pdf,2026,"四半期連結財務諸表に関する注記事項
（四半期連結財務諸表の作成に特有の会計処理に関する注記）
（税金費用の計算）
 税金費用については、当第１四半期連結会計期間を含む連結会計年度の税引前当期純利益に対する税効果会計適
用後の実効税率を合理的に見積り、税引前四半期純利益又は税引前四半期純損失に当該見積実効税率を乗じて計算
しております。ただし、当該見積実効税率を用いて税金費用を計算すると著しく合理性を欠く結果となる場合に
は、法定実効税率を使用する方法によっております。
（単位：百万円）
報告セグメント
調整額
四半期連結損
益計算書計上
額（注）アンチ
エイジング事業 リカバリー事業 計
売上高
外部顧客への売上高 3,699 531 4,230 - 4,230
セグメント間の内部売
上高又は振替高 - - - - -
計 3,699 531 4,230 - 4,230
セグメント利益 589 32 622 - 622
（セグメント情報等の注記）
Ⅰ 前第１四半期連結累計期間（自 2024年８月１日 至 2024年10月31日）
 １．報告セグメントごとの売上高及び利益又は損失の金額に関する情報
（注）セグメント利益は、四半期連結損益計算書の営業利益と一致しております。
 ２．報告セグメントごとの固定資産の減損損失又はのれん等に関する情報
（固定資産に係る重要な減損損失）
 該当事項はありません。
（のれんの金額の重要な変動）
 該当事項はありません。
- 7 -
プレミアアンチエイジング株式会社（4934） 2026年７月期 第１四半期決算短信
（単位：百万円）
報告セグメント
調整額
四半期連結損
益計算書計上
額（注）アンチ
エイジング事業 リカバリー事業 計
売上高
 外部顧客への売上高 2,952 691 3,643 － 3,643
セグメント間の内部売
上高又は振替高 － － － － －
計 2,952 691 3,643 － 3,643
セグメント利益 539 36 575 － 575
Ⅱ 当第１四半期連結累計期間（自 2025年８月１日 至 2025年10月31日）
 １．報告セグメントごとの売上高及び利益又は損失の金額に関する情報
（注）セグメント利益は、四半期連結損益計算書の営業利益と一致しております。
 ２．報告セグメントごとの固定資産の減損損失又はのれん等に関する情報
（固定資産に係る重要な減損損失）
 該当事項はありません。
（のれんの金額の重要な変動）
 該当事項はありません。
（株主資本の金額に著しい変動があった場合の注記）
 該当事項はありません。
（継続企業の前提に関する注記）
 該当事項はありません。
前第１四半期連結累計期間
（自 2024年８月１日
至 2024年10月31日）
当第１四半期連結累計期間
（自 2025年８月１日
至 2025年10月31日）
減価償却費 60百万円 61百万円
のれん償却費 10 10
（四半期連結キャッシュ・フロー計算書に関する注記）
 当第１四半期連結累計期間に係る四半期連結キャッシュ・フロー計算書は作成しておりません。なお、第１四
半期連結累計期間に係る減価償却費（のれんを除く無形固定資産に係る償却費を含む。）及びのれん償却額は、
次のとおりであります。
- 8 -
プレミアアンチエイジング"
4934,リカバリー事業,18.97,external_customer_sales_table_v6,691.0,3643.0,https://data.swcms.net/file/p-antiaging/dam/jcr:8e6c34f8-38df-4c2a-812e-da437d2d091c/140120251212519009.pdf,2026,"四半期連結財務諸表に関する注記事項
（四半期連結財務諸表の作成に特有の会計処理に関する注記）
（税金費用の計算）
 税金費用については、当第１四半期連結会計期間を含む連結会計年度の税引前当期純利益に対する税効果会計適
用後の実効税率を合理的に見積り、税引前四半期純利益又は税引前四半期純損失に当該見積実効税率を乗じて計算
しております。ただし、当該見積実効税率を用いて税金費用を計算すると著しく合理性を欠く結果となる場合に
は、法定実効税率を使用する方法によっております。
（単位：百万円）
報告セグメント
調整額
四半期連結損
益計算書計上
額（注）アンチ
エイジング事業 リカバリー事業 計
売上高
外部顧客への売上高 3,699 531 4,230 - 4,230
セグメント間の内部売
上高又は振替高 - - - - -
計 3,699 531 4,230 - 4,230
セグメント利益 589 32 622 - 622
（セグメント情報等の注記）
Ⅰ 前第１四半期連結累計期間（自 2024年８月１日 至 2024年10月31日）
 １．報告セグメントごとの売上高及び利益又は損失の金額に関する情報
（注）セグメント利益は、四半期連結損益計算書の営業利益と一致しております。
 ２．報告セグメントごとの固定資産の減損損失又はのれん等に関する情報
（固定資産に係る重要な減損損失）
 該当事項はありません。
（のれんの金額の重要な変動）
 該当事項はありません。
- 7 -
プレミアアンチエイジング株式会社（4934） 2026年７月期 第１四半期決算短信
（単位：百万円）
報告セグメント
調整額
四半期連結損
益計算書計上
額（注）アンチ
エイジング事業 リカバリー事業 計
売上高
 外部顧客への売上高 2,952 691 3,643 － 3,643
セグメント間の内部売
上高又は振替高 － － － － －
計 2,952 691 3,643 － 3,643
セグメント利益 539 36 575 － 575
Ⅱ 当第１四半期連結累計期間（自 2025年８月１日 至 2025年10月31日）
 １．報告セグメントごとの売上高及び利益又は損失の金額に関する情報
（注）セグメント利益は、四半期連結損益計算書の営業利益と一致しております。
 ２．報告セグメントごとの固定資産の減損損失又はのれん等に関する情報
（固定資産に係る重要な減損損失）
 該当事項はありません。
（のれんの金額の重要な変動）
 該当事項はありません。
（株主資本の金額に著しい変動があった場合の注記）
 該当事項はありません。
（継続企業の前提に関する注記）
 該当事項はありません。
前第１四半期連結累計期間
（自 2024年８月１日
至 2024年10月31日）
当第１四半期連結累計期間
（自 2025年８月１日
至 2025年10月31日）
減価償却費 60百万円 61百万円
のれん償却費 10 10
（四半期連結キャッシュ・フロー計算書に関する注記）
 当第１四半期連結累計期間に係る四半期連結キャッシュ・フロー計算書は作成しておりません。なお、第１四
半期連結累計期間に係る減価償却費（のれんを除く無形固定資産に係る償却費を含む。）及びのれん償却額は、
次のとおりであります。
- 8 -
プレミアアンチエイジング"
4956,ボンド化成品工事事業,18.32,external_customer_sales_table_v6,24861.0,135690.0,https://www.bond.co.jp/files/20260616_Release1.pdf,2026,"ープは、「ボンド」、「化成品」および「工事事業」の３つを報告セグメントとしており
ます。
「ボンド」は、工業用接着剤、一般家庭用接着剤、建築用接着剤、建設土木用接着剤、補修材、シーリン
グ材、壁装用接着剤、ワックスおよび粘着テープの製造販売をしております。「化成品」は、工業薬品、
合成樹脂、樹脂成型品、電子部品材料および薄膜材料の販売をしております。「工事事業」は、インフラ
およびストック市場における補修・改修・補強工事を請負っております。
（報告セグメントの変更等に関する事項）
従来、不動産賃貸収入および不動産賃貸原価につきましては「売上高」および「売上原価」に計上し、
「その他」セグメントとして開示しておりましたが、当社グループにおける不動産賃貸業を整理した結
果、当連結会計年度の期首より「営業外収益」および「営業外費用」に計上する方法に変更いたしまし
た。当該変更を行った結果、当社グループの報告セグメントは「ボンド」「化成品」「工事事業」「その
他」の４区分から「ボンド」「化成品」「工事事業」の３区分となっております。この変更に伴い、前連
結会計年度のセグメント情報についても組替えを行っております。
２．報告セグメントごとの売上高、利益又は損失、資産、その他の項目の金額の算定方法
報告されている事業セグメントの会計処理の方法は、「連結財務諸表作成のための基本となる重要な事
項」における記載と同一であります。
報告セグメントの利益は、営業利益ベースの数値であります。
セグメント間の内部収益および振替高は市場の実勢価格に基づいております。
- 83 -
(単位：百万円)
報告セグメント
合計 調整額
(注)１
連結財務諸表
計上額
(注)２ボンド 化成品 工事事業
売上高
 外部顧客への売上高 73,898 36,929 24,861 135,690 － 135,690
セグメント間の 
内部売上高又は振替高 240 318 645 1,204 △1,204 －
計 74,139 37,248 25,506 136,894 △1,204 135,690
セグメント利益 6,903 1,354 2,269 10,528 27 10,555
セグメント資産 75,900 38,733 18,143 132,777 4,023 136,801
その他の項目
減価償却費 1,860 40 144 2,045 37 2,082
のれんの償却額 19 － 109 128 － 128
持分法適用会社への
投資額 － － － － 439 439
有形固定資産及び
無形固定資産の増加額 7,559 227 63 7,850 △88 7,761
３．報告セグメントごとの売上高、利益又は損失、資産、その他の項目の金額に関する情報
前連結会計年度(自 2024年４月１日 至 2025年３月31日)
（注）１．調整額の内容は以下のとおりであります。
(1) セグメント利益の調整額は、セグメント間取引消去等であります。
(2) セグメント資産の調整額4,023百万円には、セグメント間債権債務の消去額△299百万円、未実現利益に
係る調整△84百万円、各報告セグメントに分配していない全社資産4,408百万円が含まれております。
全社資産の主なものは当社の不動産賃貸に係る資産、余資運用資金(定期預"
4956,報告されている事業,27.22,external_customer_sales_table_v6,36929.0,135690.0,https://www.bond.co.jp/files/20260616_Release1.pdf,2026,"ープは、「ボンド」、「化成品」および「工事事業」の３つを報告セグメントとしており
ます。
「ボンド」は、工業用接着剤、一般家庭用接着剤、建築用接着剤、建設土木用接着剤、補修材、シーリン
グ材、壁装用接着剤、ワックスおよび粘着テープの製造販売をしております。「化成品」は、工業薬品、
合成樹脂、樹脂成型品、電子部品材料および薄膜材料の販売をしております。「工事事業」は、インフラ
およびストック市場における補修・改修・補強工事を請負っております。
（報告セグメントの変更等に関する事項）
従来、不動産賃貸収入および不動産賃貸原価につきましては「売上高」および「売上原価」に計上し、
「その他」セグメントとして開示しておりましたが、当社グループにおける不動産賃貸業を整理した結
果、当連結会計年度の期首より「営業外収益」および「営業外費用」に計上する方法に変更いたしまし
た。当該変更を行った結果、当社グループの報告セグメントは「ボンド」「化成品」「工事事業」「その
他」の４区分から「ボンド」「化成品」「工事事業」の３区分となっております。この変更に伴い、前連
結会計年度のセグメント情報についても組替えを行っております。
２．報告セグメントごとの売上高、利益又は損失、資産、その他の項目の金額の算定方法
報告されている事業セグメントの会計処理の方法は、「連結財務諸表作成のための基本となる重要な事
項」における記載と同一であります。
報告セグメントの利益は、営業利益ベースの数値であります。
セグメント間の内部収益および振替高は市場の実勢価格に基づいております。
- 83 -
(単位：百万円)
報告セグメント
合計 調整額
(注)１
連結財務諸表
計上額
(注)２ボンド 化成品 工事事業
売上高
 外部顧客への売上高 73,898 36,929 24,861 135,690 － 135,690
セグメント間の 
内部売上高又は振替高 240 318 645 1,204 △1,204 －
計 74,139 37,248 25,506 136,894 △1,204 135,690
セグメント利益 6,903 1,354 2,269 10,528 27 10,555
セグメント資産 75,900 38,733 18,143 132,777 4,023 136,801
その他の項目
減価償却費 1,860 40 144 2,045 37 2,082
のれんの償却額 19 － 109 128 － 128
持分法適用会社への
投資額 － － － － 439 439
有形固定資産及び
無形固定資産の増加額 7,559 227 63 7,850 △88 7,761
３．報告セグメントごとの売上高、利益又は損失、資産、その他の項目の金額に関する情報
前連結会計年度(自 2024年４月１日 至 2025年３月31日)
（注）１．調整額の内容は以下のとおりであります。
(1) セグメント利益の調整額は、セグメント間取引消去等であります。
(2) セグメント資産の調整額4,023百万円には、セグメント間債権債務の消去額△299百万円、未実現利益に
係る調整△84百万円、各報告セグメントに分配していない全社資産4,408百万円が含まれております。
全社資産の主なものは当社の不動産賃貸に係る資産、余資運用資金(定期預"
4956,工事事業,54.46,external_customer_sales_table_v6,73898.0,135690.0,https://www.bond.co.jp/files/20260616_Release1.pdf,2026,"ープは、「ボンド」、「化成品」および「工事事業」の３つを報告セグメントとしており
ます。
「ボンド」は、工業用接着剤、一般家庭用接着剤、建築用接着剤、建設土木用接着剤、補修材、シーリン
グ材、壁装用接着剤、ワックスおよび粘着テープの製造販売をしております。「化成品」は、工業薬品、
合成樹脂、樹脂成型品、電子部品材料および薄膜材料の販売をしております。「工事事業」は、インフラ
およびストック市場における補修・改修・補強工事を請負っております。
（報告セグメントの変更等に関する事項）
従来、不動産賃貸収入および不動産賃貸原価につきましては「売上高」および「売上原価」に計上し、
「その他」セグメントとして開示しておりましたが、当社グループにおける不動産賃貸業を整理した結
果、当連結会計年度の期首より「営業外収益」および「営業外費用」に計上する方法に変更いたしまし
た。当該変更を行った結果、当社グループの報告セグメントは「ボンド」「化成品」「工事事業」「その
他」の４区分から「ボンド」「化成品」「工事事業」の３区分となっております。この変更に伴い、前連
結会計年度のセグメント情報についても組替えを行っております。
２．報告セグメントごとの売上高、利益又は損失、資産、その他の項目の金額の算定方法
報告されている事業セグメントの会計処理の方法は、「連結財務諸表作成のための基本となる重要な事
項」における記載と同一であります。
報告セグメントの利益は、営業利益ベースの数値であります。
セグメント間の内部収益および振替高は市場の実勢価格に基づいております。
- 83 -
(単位：百万円)
報告セグメント
合計 調整額
(注)１
連結財務諸表
計上額
(注)２ボンド 化成品 工事事業
売上高
 外部顧客への売上高 73,898 36,929 24,861 135,690 － 135,690
セグメント間の 
内部売上高又は振替高 240 318 645 1,204 △1,204 －
計 74,139 37,248 25,506 136,894 △1,204 135,690
セグメント利益 6,903 1,354 2,269 10,528 27 10,555
セグメント資産 75,900 38,733 18,143 132,777 4,023 136,801
その他の項目
減価償却費 1,860 40 144 2,045 37 2,082
のれんの償却額 19 － 109 128 － 128
持分法適用会社への
投資額 － － － － 439 439
有形固定資産及び
無形固定資産の増加額 7,559 227 63 7,850 △88 7,761
３．報告セグメントごとの売上高、利益又は損失、資産、その他の項目の金額に関する情報
前連結会計年度(自 2024年４月１日 至 2025年３月31日)
（注）１．調整額の内容は以下のとおりであります。
(1) セグメント利益の調整額は、セグメント間取引消去等であります。
(2) セグメント資産の調整額4,023百万円には、セグメント間債権債務の消去額△299百万円、未実現利益に
係る調整△84百万円、各報告セグメントに分配していない全社資産4,408百万円が含まれております。
全社資産の主なものは当社の不動産賃貸に係る資産、余資運用資金(定期預"
4966,に含まれない事業,84.41,external_customer_sales_table_v6,35198.0,41701.0,https://www.uyemura.co.jp/wordpress/wp-content/uploads/2025/11/0038838a2efada9e820f594432ad9c04.pdf,2026,"ントごとの売上高及び利益又は損失の金額に関する情報並びに収益の分解情報
（注）１．「その他」の区分は、報告セグメントに含まれない事業セグメントであり、ロイヤルティ収入を含ん
でおります。
２．セグメント利益又は損失（△）の合計は、中間連結損益及び包括利益計算書の営業利益と一致してお
ります。
３．売上高は報告セグメントごとに当社及び連結子会社の所在する国又は地域に分解しております。
- 8 -
上村工業㈱ （4966） 2026年３月期 第２四半期（中間期）決算短信
（単位：百万円）
報告セグメント
その他
（注）１ 合計 調整額
中間連結損
益及び包括
利益計算書
計上額
（注）２
表面処理用
資材事業
表面処理用
機械事業
めっき加工
事業
不動産賃貸
事業 計
売上高
日本 11,502 2,960 － － 14,463 12 14,475 － 14,475
台湾 7,911 484 324 － 8,719 － 8,719 － 8,719
中国 7,921 219 － － 8,140 － 8,140 － 8,140
韓国 2,445 36 － － 2,482 － 2,482 － 2,482
シンガポール 1,944 39 － － 1,983 － 1,983 － 1,983
タイ 293 － 1,776 － 2,069 － 2,069 － 2,069
北米 3,180 15 － － 3,195 － 3,195 － 3,195
その他 － － 204 － 204 － 204 － 204
顧客との契約から生
じる収益
35,198 3,754 2,305 － 41,258 12 41,271 － 41,271
その他の収益 － － － 429 429 － 429 － 429
 外部顧客への売上高 35,198 3,754 2,305 429 41,688 12 41,701 － 41,701
セグメント間の内部
売上高又は振替高
3 － － － 3 － 3 △3 －
計 35,201 3,754 2,305 429 41,691 12 41,704 △3 41,701
セグメント利益又は損
失（△）
9,191 324 90 △42 9,563 11 9,575 － 9,575
Ⅱ 当中間連結会計期間（自 2025年４月１日 至 2025年９月30日）
１．報告セグメントごとの売上高及び利益又は損失の金額に関する情報並びに収益の分解情報
（注）１．「その他」の区分は、報告セグメントに含まれない事業セグメントであり、ロイヤルティ収入を含ん
でおります。
２．セグメント利益又は損失（△）の合計は、中間連結損益及び包括利益計算書の営業利益と一致してお
ります。
３．売上高は報告セグメントごとに当社及び連結子会社の所在する国又は地域に分解しております。
- 9 -
上村工業㈱ （4966） 2026年３月期 第２四半期（中間期）決算短信"
4966,事業,1.03,external_customer_sales_table_v6,429.0,41701.0,https://www.uyemura.co.jp/wordpress/wp-content/uploads/2025/11/0038838a2efada9e820f594432ad9c04.pdf,2026,"ントごとの売上高及び利益又は損失の金額に関する情報並びに収益の分解情報
（注）１．「その他」の区分は、報告セグメントに含まれない事業セグメントであり、ロイヤルティ収入を含ん
でおります。
２．セグメント利益又は損失（△）の合計は、中間連結損益及び包括利益計算書の営業利益と一致してお
ります。
３．売上高は報告セグメントごとに当社及び連結子会社の所在する国又は地域に分解しております。
- 8 -
上村工業㈱ （4966） 2026年３月期 第２四半期（中間期）決算短信
（単位：百万円）
報告セグメント
その他
（注）１ 合計 調整額
中間連結損
益及び包括
利益計算書
計上額
（注）２
表面処理用
資材事業
表面処理用
機械事業
めっき加工
事業
不動産賃貸
事業 計
売上高
日本 11,502 2,960 － － 14,463 12 14,475 － 14,475
台湾 7,911 484 324 － 8,719 － 8,719 － 8,719
中国 7,921 219 － － 8,140 － 8,140 － 8,140
韓国 2,445 36 － － 2,482 － 2,482 － 2,482
シンガポール 1,944 39 － － 1,983 － 1,983 － 1,983
タイ 293 － 1,776 － 2,069 － 2,069 － 2,069
北米 3,180 15 － － 3,195 － 3,195 － 3,195
その他 － － 204 － 204 － 204 － 204
顧客との契約から生
じる収益
35,198 3,754 2,305 － 41,258 12 41,271 － 41,271
その他の収益 － － － 429 429 － 429 － 429
 外部顧客への売上高 35,198 3,754 2,305 429 41,688 12 41,701 － 41,701
セグメント間の内部
売上高又は振替高
3 － － － 3 － 3 △3 －
計 35,201 3,754 2,305 429 41,691 12 41,704 △3 41,701
セグメント利益又は損
失（△）
9,191 324 90 △42 9,563 11 9,575 － 9,575
Ⅱ 当中間連結会計期間（自 2025年４月１日 至 2025年９月30日）
１．報告セグメントごとの売上高及び利益又は損失の金額に関する情報並びに収益の分解情報
（注）１．「その他」の区分は、報告セグメントに含まれない事業セグメントであり、ロイヤルティ収入を含ん
でおります。
２．セグメント利益又は損失（△）の合計は、中間連結損益及び包括利益計算書の営業利益と一致してお
ります。
３．売上高は報告セグメントごとに当社及び連結子会社の所在する国又は地域に分解しております。
- 9 -
上村工業㈱ （4966） 2026年３月期 第２四半期（中間期）決算短信"
4966,機械事業,5.53,external_customer_sales_table_v6,2305.0,41701.0,https://www.uyemura.co.jp/wordpress/wp-content/uploads/2025/11/0038838a2efada9e820f594432ad9c04.pdf,2026,"ントごとの売上高及び利益又は損失の金額に関する情報並びに収益の分解情報
（注）１．「その他」の区分は、報告セグメントに含まれない事業セグメントであり、ロイヤルティ収入を含ん
でおります。
２．セグメント利益又は損失（△）の合計は、中間連結損益及び包括利益計算書の営業利益と一致してお
ります。
３．売上高は報告セグメントごとに当社及び連結子会社の所在する国又は地域に分解しております。
- 8 -
上村工業㈱ （4966） 2026年３月期 第２四半期（中間期）決算短信
（単位：百万円）
報告セグメント
その他
（注）１ 合計 調整額
中間連結損
益及び包括
利益計算書
計上額
（注）２
表面処理用
資材事業
表面処理用
機械事業
めっき加工
事業
不動産賃貸
事業 計
売上高
日本 11,502 2,960 － － 14,463 12 14,475 － 14,475
台湾 7,911 484 324 － 8,719 － 8,719 － 8,719
中国 7,921 219 － － 8,140 － 8,140 － 8,140
韓国 2,445 36 － － 2,482 － 2,482 － 2,482
シンガポール 1,944 39 － － 1,983 － 1,983 － 1,983
タイ 293 － 1,776 － 2,069 － 2,069 － 2,069
北米 3,180 15 － － 3,195 － 3,195 － 3,195
その他 － － 204 － 204 － 204 － 204
顧客との契約から生
じる収益
35,198 3,754 2,305 － 41,258 12 41,271 － 41,271
その他の収益 － － － 429 429 － 429 － 429
 外部顧客への売上高 35,198 3,754 2,305 429 41,688 12 41,701 － 41,701
セグメント間の内部
売上高又は振替高
3 － － － 3 － 3 △3 －
計 35,201 3,754 2,305 429 41,691 12 41,704 △3 41,701
セグメント利益又は損
失（△）
9,191 324 90 △42 9,563 11 9,575 － 9,575
Ⅱ 当中間連結会計期間（自 2025年４月１日 至 2025年９月30日）
１．報告セグメントごとの売上高及び利益又は損失の金額に関する情報並びに収益の分解情報
（注）１．「その他」の区分は、報告セグメントに含まれない事業セグメントであり、ロイヤルティ収入を含ん
でおります。
２．セグメント利益又は損失（△）の合計は、中間連結損益及び包括利益計算書の営業利益と一致してお
ります。
３．売上高は報告セグメントごとに当社及び連結子会社の所在する国又は地域に分解しております。
- 9 -
上村工業㈱ （4966） 2026年３月期 第２四半期（中間期）決算短信"
4966,資材事業,9.00,external_customer_sales_table_v6,3754.0,41701.0,https://www.uyemura.co.jp/wordpress/wp-content/uploads/2025/11/0038838a2efada9e820f594432ad9c04.pdf,2026,"ントごとの売上高及び利益又は損失の金額に関する情報並びに収益の分解情報
（注）１．「その他」の区分は、報告セグメントに含まれない事業セグメントであり、ロイヤルティ収入を含ん
でおります。
２．セグメント利益又は損失（△）の合計は、中間連結損益及び包括利益計算書の営業利益と一致してお
ります。
３．売上高は報告セグメントごとに当社及び連結子会社の所在する国又は地域に分解しております。
- 8 -
上村工業㈱ （4966） 2026年３月期 第２四半期（中間期）決算短信
（単位：百万円）
報告セグメント
その他
（注）１ 合計 調整額
中間連結損
益及び包括
利益計算書
計上額
（注）２
表面処理用
資材事業
表面処理用
機械事業
めっき加工
事業
不動産賃貸
事業 計
売上高
日本 11,502 2,960 － － 14,463 12 14,475 － 14,475
台湾 7,911 484 324 － 8,719 － 8,719 － 8,719
中国 7,921 219 － － 8,140 － 8,140 － 8,140
韓国 2,445 36 － － 2,482 － 2,482 － 2,482
シンガポール 1,944 39 － － 1,983 － 1,983 － 1,983
タイ 293 － 1,776 － 2,069 － 2,069 － 2,069
北米 3,180 15 － － 3,195 － 3,195 － 3,195
その他 － － 204 － 204 － 204 － 204
顧客との契約から生
じる収益
35,198 3,754 2,305 － 41,258 12 41,271 － 41,271
その他の収益 － － － 429 429 － 429 － 429
 外部顧客への売上高 35,198 3,754 2,305 429 41,688 12 41,701 － 41,701
セグメント間の内部
売上高又は振替高
3 － － － 3 － 3 △3 －
計 35,201 3,754 2,305 429 41,691 12 41,704 △3 41,701
セグメント利益又は損
失（△）
9,191 324 90 △42 9,563 11 9,575 － 9,575
Ⅱ 当中間連結会計期間（自 2025年４月１日 至 2025年９月30日）
１．報告セグメントごとの売上高及び利益又は損失の金額に関する情報並びに収益の分解情報
（注）１．「その他」の区分は、報告セグメントに含まれない事業セグメントであり、ロイヤルティ収入を含ん
でおります。
２．セグメント利益又は損失（△）の合計は、中間連結損益及び包括利益計算書の営業利益と一致してお
ります。
３．売上高は報告セグメントごとに当社及び連結子会社の所在する国又は地域に分解しております。
- 9 -
上村工業㈱ （4966） 2026年３月期 第２四半期（中間期）決算短信"
4970,化成品事業,38.92,external_customer_sales_table_v6,4704.0,12086.0,https://www.toyogosei.co.jp/news/20260807_FY2026Q1financial_results.pdf,2027,"計 90 593
四半期純利益 201 1,290
東洋合成工業株式会社(4970) 2027年３月期 第１四半期決算短信
―7―
（３）四半期財務諸表に関する注記事項
（継続企業の前提に関する注記）
該当事項はありません。
（株主資本の金額に著しい変動があった場合の注記）
該当事項はありません。
（セグメント情報等の注記）
【セグメント情報】
前第１四半期累計期間(自 2025年４月１日 至 2025年６月30日)
１．報告セグメントごとの売上高及び利益又は損失の金額に関する情報並びに収益の分解情報
(単位：百万円)
報告セグメント
調整額
四半期損益
計算書計上額
(注)感光性材料事業 化成品事業 計
売上高
顧客との契約から生じる収益 5,333 3,794 9,128 ― 9,128
外部顧客への売上高 5,333 3,794 9,128 ― 9,128
セグメント間の内部
売上高又は振替高 ― 87 87 △87 ―
計 5,333 3,882 9,215 △87 9,128
セグメント利益又は損失（△） △233 630 397 ― 397
(注) セグメント利益又は損失は四半期損益計算書の営業利益と一致しております。
２．報告セグメントごとの固定資産の減損損失又はのれん等に関する情報
重要な事項はありません。
当第１四半期累計期間(自 2026年４月１日 至 2026年６月30日)
１．報告セグメントごとの売上高及び利益又は損失の金額に関する情報並びに収益の分解情報
(単位：百万円)
報告セグメント
調整額
四半期損益
計算書計上額
(注)感光性材料事業 化成品事業 計
売上高
顧客との契約から生じる収益 7,382 4,704 12,086 ― 12,086
 外部顧客への売上高 7,382 4,704 12,086 ― 12,086
セグメント間の内部
売上高又は振替高 ― 178 178 △178 ―
計 7,382 4,882 12,265 △178 12,086
セグメント利益 1,052 879 1,932 ― 1,932
(注) セグメント利益又は損失は四半期損益計算書の営業利益と一致しております。
２．報告セグメントごとの固定資産の減損損失又はのれん等に関する情報
重要な事項はありません。
東洋合成工業株式会社(4970) 2027年３月期 第１四半期決算短信
―8―
（キャッシュ・フロー計算書に関する注記）
当第１四半期累計期間に係る四半期キャッシュ・フロー計算書は作成しておりません。
なお、第１四半期累計期間に係る減価償却費(無形固定資産に係る償却費を含む。)は、次のとおりであります。
前第１四半期累計期間
(自 2025年４月１日
至 2025年６月30日)
当第１四半期累計期間
(自 2026年４月１日
至 2026年６月30日)
減価償却費 1,246百万円 1,268百万円
（収益認識関係）
顧客との契約から生じる収益を分解した情報は、「注記事項（セグメント情報等）」に記載のとおりでありま
す。"
4970,感光性材料事業,61.08,external_customer_sales_table_v6,7382.0,12086.0,https://www.toyogosei.co.jp/news/20260807_FY2026Q1financial_results.pdf,2027,"計 90 593
四半期純利益 201 1,290
東洋合成工業株式会社(4970) 2027年３月期 第１四半期決算短信
―7―
（３）四半期財務諸表に関する注記事項
（継続企業の前提に関する注記）
該当事項はありません。
（株主資本の金額に著しい変動があった場合の注記）
該当事項はありません。
（セグメント情報等の注記）
【セグメント情報】
前第１四半期累計期間(自 2025年４月１日 至 2025年６月30日)
１．報告セグメントごとの売上高及び利益又は損失の金額に関する情報並びに収益の分解情報
(単位：百万円)
報告セグメント
調整額
四半期損益
計算書計上額
(注)感光性材料事業 化成品事業 計
売上高
顧客との契約から生じる収益 5,333 3,794 9,128 ― 9,128
外部顧客への売上高 5,333 3,794 9,128 ― 9,128
セグメント間の内部
売上高又は振替高 ― 87 87 △87 ―
計 5,333 3,882 9,215 △87 9,128
セグメント利益又は損失（△） △233 630 397 ― 397
(注) セグメント利益又は損失は四半期損益計算書の営業利益と一致しております。
２．報告セグメントごとの固定資産の減損損失又はのれん等に関する情報
重要な事項はありません。
当第１四半期累計期間(自 2026年４月１日 至 2026年６月30日)
１．報告セグメントごとの売上高及び利益又は損失の金額に関する情報並びに収益の分解情報
(単位：百万円)
報告セグメント
調整額
四半期損益
計算書計上額
(注)感光性材料事業 化成品事業 計
売上高
顧客との契約から生じる収益 7,382 4,704 12,086 ― 12,086
 外部顧客への売上高 7,382 4,704 12,086 ― 12,086
セグメント間の内部
売上高又は振替高 ― 178 178 △178 ―
計 7,382 4,882 12,265 △178 12,086
セグメント利益 1,052 879 1,932 ― 1,932
(注) セグメント利益又は損失は四半期損益計算書の営業利益と一致しております。
２．報告セグメントごとの固定資産の減損損失又はのれん等に関する情報
重要な事項はありません。
東洋合成工業株式会社(4970) 2027年３月期 第１四半期決算短信
―8―
（キャッシュ・フロー計算書に関する注記）
当第１四半期累計期間に係る四半期キャッシュ・フロー計算書は作成しておりません。
なお、第１四半期累計期間に係る減価償却費(無形固定資産に係る償却費を含む。)は、次のとおりであります。
前第１四半期累計期間
(自 2025年４月１日
至 2025年６月30日)
当第１四半期累計期間
(自 2026年４月１日
至 2026年６月30日)
減価償却費 1,246百万円 1,268百万円
（収益認識関係）
顧客との契約から生じる収益を分解した情報は、「注記事項（セグメント情報等）」に記載のとおりでありま
す。"
4997,に含まれない事業,93.87,external_customer_sales_table_v6,29181.0,31087.0,https://www.nichino.co.jp/contents/000036787.pdf,2027,"積り、税引前四半期
純利益に当該見積実効税率を乗じて計算する方法を採用しています。
（セグメント情報等の注記）
【セグメント情報】
Ⅰ 前第１四半期連結累計期間(自 2025年４月１日 至 2025年６月30日)
報告セグメントごとの売上高及び利益又は損失の金額に関する情報
(単位：百万円)
報告セグメント その他
(注)１ 合計 調整額
(注)２
四半期連結
損益計算書
計上額
(注)３農薬 農薬以外の
化学品 計
売上高
外部顧客への売上高 25,386 1,232 26,618 514 27,133 － 27,133
セグメント間の内部売上高
又は振替高 6 － 6 179 185 △185 －
計 25,392 1,232 26,624 694 27,319 △185 27,133
セグメント利益 3,340 309 3,649 110 3,760 △217 3,542
(注)１ 「その他」の区分は、報告セグメントに含まれない事業セグメントであり、造園緑化工事、不動産の賃貸、
物流サービス、農薬残留分析ほかを含んでいます。
２ セグメント利益の調整額△217百万円には、各報告セグメントに配分していない全社費用△217百万円が含ま
れています。全社費用は、主に報告セグメントに帰属しない一般管理費です。
３ セグメント利益は、四半期連結損益計算書の営業利益と調整を行っています。
Ⅱ 当第１四半期連結累計期間(自 2026年４月１日 至 2026年６月30日)
報告セグメントごとの売上高及び利益又は損失の金額に関する情報
(単位：百万円)
報告セグメント その他
(注)１ 合計 調整額
(注)２
四半期連結
損益計算書
計上額
(注)３農薬 農薬以外の
化学品 計
売上高
 外部顧客への売上高 29,181 1,351 30,533 554 31,087 － 31,087
セグメント間の内部売上高
又は振替高 3 － 3 164 167 △167 －
計 29,185 1,351 30,536 719 31,255 △167 31,087
セグメント利益 4,653 245 4,898 65 4,963 △211 4,751
(注)１ 「その他」の区分は、報告セグメントに含まれない事業セグメントであり、造園緑化工事、不動産の賃貸、
物流サービス、農薬残留分析ほかを含んでいます。
２ セグメント利益の調整額△211百万円には、各報告セグメントに配分していない全社費用△211百万円が含ま
れています。全社費用は、主に報告セグメントに帰属しない一般管理費です。
３ セグメント利益は、四半期連結損益計算書の営業利益と調整を行っています。
日本農薬株式会社(4997) 2027年３月期 第１四半期決算短信
― 9 ―
（株主資本の金額に著しい変動があった場合の注記）
該当事項はありません。
（継続企業の前提に関する注記）
該当事項はありません。
（キャッシュ・フロー計算書に関する注記）
当第１四半期連結累計期間に係る四半期連結キャッシュ・フロー計算書は作成していません。なお、第１四半期
連結累計期間に係る減価償却費（のれんを除く無形固定資産にかかる償却費を含む。）及びのれんの償却額は、次
のとおりです。
前第１四半期連結累計期間
(自 2025年４月１日
至 2025年６月30"
4997,物流サービス,4.35,external_customer_sales_table_v6,1351.0,31087.0,https://www.nichino.co.jp/contents/000036787.pdf,2027,"積り、税引前四半期
純利益に当該見積実効税率を乗じて計算する方法を採用しています。
（セグメント情報等の注記）
【セグメント情報】
Ⅰ 前第１四半期連結累計期間(自 2025年４月１日 至 2025年６月30日)
報告セグメントごとの売上高及び利益又は損失の金額に関する情報
(単位：百万円)
報告セグメント その他
(注)１ 合計 調整額
(注)２
四半期連結
損益計算書
計上額
(注)３農薬 農薬以外の
化学品 計
売上高
外部顧客への売上高 25,386 1,232 26,618 514 27,133 － 27,133
セグメント間の内部売上高
又は振替高 6 － 6 179 185 △185 －
計 25,392 1,232 26,624 694 27,319 △185 27,133
セグメント利益 3,340 309 3,649 110 3,760 △217 3,542
(注)１ 「その他」の区分は、報告セグメントに含まれない事業セグメントであり、造園緑化工事、不動産の賃貸、
物流サービス、農薬残留分析ほかを含んでいます。
２ セグメント利益の調整額△217百万円には、各報告セグメントに配分していない全社費用△217百万円が含ま
れています。全社費用は、主に報告セグメントに帰属しない一般管理費です。
３ セグメント利益は、四半期連結損益計算書の営業利益と調整を行っています。
Ⅱ 当第１四半期連結累計期間(自 2026年４月１日 至 2026年６月30日)
報告セグメントごとの売上高及び利益又は損失の金額に関する情報
(単位：百万円)
報告セグメント その他
(注)１ 合計 調整額
(注)２
四半期連結
損益計算書
計上額
(注)３農薬 農薬以外の
化学品 計
売上高
 外部顧客への売上高 29,181 1,351 30,533 554 31,087 － 31,087
セグメント間の内部売上高
又は振替高 3 － 3 164 167 △167 －
計 29,185 1,351 30,536 719 31,255 △167 31,087
セグメント利益 4,653 245 4,898 65 4,963 △211 4,751
(注)１ 「その他」の区分は、報告セグメントに含まれない事業セグメントであり、造園緑化工事、不動産の賃貸、
物流サービス、農薬残留分析ほかを含んでいます。
２ セグメント利益の調整額△211百万円には、各報告セグメントに配分していない全社費用△211百万円が含ま
れています。全社費用は、主に報告セグメントに帰属しない一般管理費です。
３ セグメント利益は、四半期連結損益計算書の営業利益と調整を行っています。
日本農薬株式会社(4997) 2027年３月期 第１四半期決算短信
― 9 ―
（株主資本の金額に著しい変動があった場合の注記）
該当事項はありません。
（継続企業の前提に関する注記）
該当事項はありません。
（キャッシュ・フロー計算書に関する注記）
当第１四半期連結累計期間に係る四半期連結キャッシュ・フロー計算書は作成していません。なお、第１四半期
連結累計期間に係る減価償却費（のれんを除く無形固定資産にかかる償却費を含む。）及びのれんの償却額は、次
のとおりです。
前第１四半期連結累計期間
(自 2025年４月１日
至 2025年６月30"
5021,事業,10.48,external_customer_sales_table_v6,79785.0,761592.0,https://www.cosmo-energy.co.jp/content/dam/corp/jp/ja/ir/financial/result/2026/q1/pdf/26_1q_all.pdf,2027,"㈱の第４エチレン製造装置へのエチレン生産集
約を2025年３月に決定したことを契機として、既存の固定資産の使用実態を調査しました。その結果、保有する
有形固定資産のうち、丸善石油化学㈱の機械装置、構築物及び油槽、並びに京葉エチレン㈱の機械装置の耐用年
数について、従来の耐用年数よりも長期間の使用が見込めることが判明したため、前連結会計年度末において、
その使用実態をより反映した耐用年数に見直し、当第１四半期連結会計期間より適用しております。
この結果、従来の耐用年数によった場合と比較し、当第１四半期連結累計期間の営業利益、経常利益及び税金
等調整前四半期純利益は916百万円それぞれ増加しております。
- 7 -
コスモエネルギーホールディングス(株)(5021) 2027年３月期 第１四半期決算短信
(単位：百万円)
石油事業 石油化学
事業
石油開発
事業
再生可能
エネルギー
事業
その他
(注)１
調整額
(注)２
四半期連結
損益計算書
計上額
(注)３
売上高
外部顧客への売上高 557,287 72,967 9,142 3,335 5,811 － 648,544
セグメント間の内部
売上高又は振替高 18,380 9,578 20,524 42 11,180 △59,705 －
計 575,667 82,545 29,666 3,378 16,991 △59,705 648,544
セグメント利益又は損失
（△） △6,495 △2,944 8,924 167 950 3,573 4,175
(単位：百万円)
石油事業 石油化学
事業
石油開発
事業
再生可能
エネルギー
事業
その他
(注)１
調整額
(注)２
四半期連結
損益計算書
計上額
(注)３
売上高
 外部顧客への売上高 662,271 79,785 8,313 3,550 7,670 － 761,592
セグメント間の内部
売上高又は振替高 26,310 14,106 7,759 308 11,807 △60,292 －
計 688,581 93,892 16,073 3,858 19,478 △60,292 761,592
セグメント利益 117,950 7,192 7,610 281 1,250 △1,241 133,043
（セグメント情報等の注記）
【セグメント情報】
Ⅰ 前第１四半期連結累計期間（自 2025年４月１日 至 2025年６月30日）
 報告セグメントごとの売上高及び利益又は損失の金額に関する情報
（注） １ 「その他」の区分は報告セグメントに含まれない事業セグメントであり、工事業、保険代理店業等を含んで
おります。
２ セグメント利益又は損失（△）の調整額3,573百万円には、各報告セグメント及び「その他」の区分に配分
していない全社収益・全社費用の純額1,307百万円、セグメント間取引消去614百万円、棚卸資産の調整額
1,813百万円、固定資産の調整額△161百万円が含まれております。
３ セグメント利益又は損失（△）は、四半期連結損益計算書の経常利益と調整を行っております。
Ⅱ 当第１四半期連結累計期間（自 2026年４月１日 至 2026年６月30日）
 報告セグメントごとの売上高及び利益の金額に関する情報
（注） １ 「その他」の区分は報告セグメントに含ま"
5021,石油事業,86.96,external_customer_sales_table_v6,662271.0,761592.0,https://www.cosmo-energy.co.jp/content/dam/corp/jp/ja/ir/financial/result/2026/q1/pdf/26_1q_all.pdf,2027,"㈱の第４エチレン製造装置へのエチレン生産集
約を2025年３月に決定したことを契機として、既存の固定資産の使用実態を調査しました。その結果、保有する
有形固定資産のうち、丸善石油化学㈱の機械装置、構築物及び油槽、並びに京葉エチレン㈱の機械装置の耐用年
数について、従来の耐用年数よりも長期間の使用が見込めることが判明したため、前連結会計年度末において、
その使用実態をより反映した耐用年数に見直し、当第１四半期連結会計期間より適用しております。
この結果、従来の耐用年数によった場合と比較し、当第１四半期連結累計期間の営業利益、経常利益及び税金
等調整前四半期純利益は916百万円それぞれ増加しております。
- 7 -
コスモエネルギーホールディングス(株)(5021) 2027年３月期 第１四半期決算短信
(単位：百万円)
石油事業 石油化学
事業
石油開発
事業
再生可能
エネルギー
事業
その他
(注)１
調整額
(注)２
四半期連結
損益計算書
計上額
(注)３
売上高
外部顧客への売上高 557,287 72,967 9,142 3,335 5,811 － 648,544
セグメント間の内部
売上高又は振替高 18,380 9,578 20,524 42 11,180 △59,705 －
計 575,667 82,545 29,666 3,378 16,991 △59,705 648,544
セグメント利益又は損失
（△） △6,495 △2,944 8,924 167 950 3,573 4,175
(単位：百万円)
石油事業 石油化学
事業
石油開発
事業
再生可能
エネルギー
事業
その他
(注)１
調整額
(注)２
四半期連結
損益計算書
計上額
(注)３
売上高
 外部顧客への売上高 662,271 79,785 8,313 3,550 7,670 － 761,592
セグメント間の内部
売上高又は振替高 26,310 14,106 7,759 308 11,807 △60,292 －
計 688,581 93,892 16,073 3,858 19,478 △60,292 761,592
セグメント利益 117,950 7,192 7,610 281 1,250 △1,241 133,043
（セグメント情報等の注記）
【セグメント情報】
Ⅰ 前第１四半期連結累計期間（自 2025年４月１日 至 2025年６月30日）
 報告セグメントごとの売上高及び利益又は損失の金額に関する情報
（注） １ 「その他」の区分は報告セグメントに含まれない事業セグメントであり、工事業、保険代理店業等を含んで
おります。
２ セグメント利益又は損失（△）の調整額3,573百万円には、各報告セグメント及び「その他」の区分に配分
していない全社収益・全社費用の純額1,307百万円、セグメント間取引消去614百万円、棚卸資産の調整額
1,813百万円、固定資産の調整額△161百万円が含まれております。
３ セグメント利益又は損失（△）は、四半期連結損益計算書の経常利益と調整を行っております。
Ⅱ 当第１四半期連結累計期間（自 2026年４月１日 至 2026年６月30日）
 報告セグメントごとの売上高及び利益の金額に関する情報
（注） １ 「その他」の区分は報告セグメントに含ま"
5185,ホース事業,45.12,external_customer_sales_table_v6,40455.0,89657.0,https://www.fukoku-rubber.co.jp/dcms_media/other/ir_consolidated_financial_results_fy25q4.pdf,2026,"設機械用金属部品等の製品を製造販売してお
ります。「ホース事業」はホース等ゴム製品を製造販売しております。
（３）報告セグメントの変更等に関する事項
（連結子会社の事業年度等に関する事項）
従来、決算日が12月31日であった連結子会社のフコクインディア株式会社については、同日の財務諸表を使用
し、連結決算日との間に生じた重要な取引について連結上必要な調整を行っておりましたが、当連結会計年度よ
り決算日を３月31日に変更しております。
この変更に伴い、当連結会計年度の当該子会社の業績については2025年１月１日から2026年３月31日までの15
ヵ月分を連結し、連結損益計算書を通して調整しております。
これにより、当連結会計年度の「機能品事業」における売上高が285百万円、「防振事業」における売上高が
548百万円増加しております。なお、セグメント利益に与える影響は軽微であります。
２．報告セグメントごとの売上高、利益又は損失、資産、負債その他の項目の金額の算定方法
報告されている事業セグメントの会計処理の方法は、連結財務諸表作成において採用している会計処理の方法
と同一であります。
報告セグメントの利益は、営業利益ベースの数値であります。
セグメント間の内部収益及び振替高は市場実勢価格に基づいております。
株式会社フコク(5185) 2026年３月期 決算短信
― 15 ―
３．報告セグメントごとの売上高、利益又は損失、資産、負債その他の項目の金額に関する情報
前連結会計年度(自 2024年４月１日 至 2025年３月31日)
(単位：百万円)
報告セグメント
合計 調整額
(注)１
連結
財務諸表
計上額
(注)２機能品 防振 ライフ
サイエンス 金属加工 ホース
売上高
 外部顧客への売上高 40,455 38,167 980 5,342 4,710 89,657 － 89,657
セグメント間の
内部売上高又は振替高 693 9 － 0 73 776 △776 －
計 41,149 38,177 980 5,342 4,784 90,433 △776 89,657
セグメント利益 4,999 2,867 251 80 205 8,404 △3,682 4,721
セグメント資産 35,807 31,234 828 3,067 4,874 75,813 3,589 79,402
その他の項目
減価償却費 2,411 2,024 41 122 204 4,805 233 5,038
減損損失 － 282 － － － 282 － 282
持分法適用会社への
投資額 － 818 － － － 818 － 818
有形固定資産及び
無形固定資産の増加額 3,037 2,362 80 159 192 5,832 405 6,238
(注) １．調整額は以下のとおりです。
(1) セグメント利益の調整額△3,682百万円には、セグメント間取引消去△０百万円、各報告セグメントに配
分していない全社費用△3,682百万円が含まれております。全社費用は、主に報告セグメントに帰属しな
い一般管理費等であります。
(2) セグメント資産の調整額3,589百万円には、セグメント間取引消去△1,005百万円、各報告セグメントに配
分していない全社資産4,594百万円が含まれております。全社資産"
5185,報告されている事業,5.25,external_customer_sales_table_v6,4710.0,89657.0,https://www.fukoku-rubber.co.jp/dcms_media/other/ir_consolidated_financial_results_fy25q4.pdf,2026,"設機械用金属部品等の製品を製造販売してお
ります。「ホース事業」はホース等ゴム製品を製造販売しております。
（３）報告セグメントの変更等に関する事項
（連結子会社の事業年度等に関する事項）
従来、決算日が12月31日であった連結子会社のフコクインディア株式会社については、同日の財務諸表を使用
し、連結決算日との間に生じた重要な取引について連結上必要な調整を行っておりましたが、当連結会計年度よ
り決算日を３月31日に変更しております。
この変更に伴い、当連結会計年度の当該子会社の業績については2025年１月１日から2026年３月31日までの15
ヵ月分を連結し、連結損益計算書を通して調整しております。
これにより、当連結会計年度の「機能品事業」における売上高が285百万円、「防振事業」における売上高が
548百万円増加しております。なお、セグメント利益に与える影響は軽微であります。
２．報告セグメントごとの売上高、利益又は損失、資産、負債その他の項目の金額の算定方法
報告されている事業セグメントの会計処理の方法は、連結財務諸表作成において採用している会計処理の方法
と同一であります。
報告セグメントの利益は、営業利益ベースの数値であります。
セグメント間の内部収益及び振替高は市場実勢価格に基づいております。
株式会社フコク(5185) 2026年３月期 決算短信
― 15 ―
３．報告セグメントごとの売上高、利益又は損失、資産、負債その他の項目の金額に関する情報
前連結会計年度(自 2024年４月１日 至 2025年３月31日)
(単位：百万円)
報告セグメント
合計 調整額
(注)１
連結
財務諸表
計上額
(注)２機能品 防振 ライフ
サイエンス 金属加工 ホース
売上高
 外部顧客への売上高 40,455 38,167 980 5,342 4,710 89,657 － 89,657
セグメント間の
内部売上高又は振替高 693 9 － 0 73 776 △776 －
計 41,149 38,177 980 5,342 4,784 90,433 △776 89,657
セグメント利益 4,999 2,867 251 80 205 8,404 △3,682 4,721
セグメント資産 35,807 31,234 828 3,067 4,874 75,813 3,589 79,402
その他の項目
減価償却費 2,411 2,024 41 122 204 4,805 233 5,038
減損損失 － 282 － － － 282 － 282
持分法適用会社への
投資額 － 818 － － － 818 － 818
有形固定資産及び
無形固定資産の増加額 3,037 2,362 80 159 192 5,832 405 6,238
(注) １．調整額は以下のとおりです。
(1) セグメント利益の調整額△3,682百万円には、セグメント間取引消去△０百万円、各報告セグメントに配
分していない全社費用△3,682百万円が含まれております。全社費用は、主に報告セグメントに帰属しな
い一般管理費等であります。
(2) セグメント資産の調整額3,589百万円には、セグメント間取引消去△1,005百万円、各報告セグメントに配
分していない全社資産4,594百万円が含まれております。全社資産"
5185,機能品事業,1.09,external_customer_sales_table_v6,980.0,89657.0,https://www.fukoku-rubber.co.jp/dcms_media/other/ir_consolidated_financial_results_fy25q4.pdf,2026,"設機械用金属部品等の製品を製造販売してお
ります。「ホース事業」はホース等ゴム製品を製造販売しております。
（３）報告セグメントの変更等に関する事項
（連結子会社の事業年度等に関する事項）
従来、決算日が12月31日であった連結子会社のフコクインディア株式会社については、同日の財務諸表を使用
し、連結決算日との間に生じた重要な取引について連結上必要な調整を行っておりましたが、当連結会計年度よ
り決算日を３月31日に変更しております。
この変更に伴い、当連結会計年度の当該子会社の業績については2025年１月１日から2026年３月31日までの15
ヵ月分を連結し、連結損益計算書を通して調整しております。
これにより、当連結会計年度の「機能品事業」における売上高が285百万円、「防振事業」における売上高が
548百万円増加しております。なお、セグメント利益に与える影響は軽微であります。
２．報告セグメントごとの売上高、利益又は損失、資産、負債その他の項目の金額の算定方法
報告されている事業セグメントの会計処理の方法は、連結財務諸表作成において採用している会計処理の方法
と同一であります。
報告セグメントの利益は、営業利益ベースの数値であります。
セグメント間の内部収益及び振替高は市場実勢価格に基づいております。
株式会社フコク(5185) 2026年３月期 決算短信
― 15 ―
３．報告セグメントごとの売上高、利益又は損失、資産、負債その他の項目の金額に関する情報
前連結会計年度(自 2024年４月１日 至 2025年３月31日)
(単位：百万円)
報告セグメント
合計 調整額
(注)１
連結
財務諸表
計上額
(注)２機能品 防振 ライフ
サイエンス 金属加工 ホース
売上高
 外部顧客への売上高 40,455 38,167 980 5,342 4,710 89,657 － 89,657
セグメント間の
内部売上高又は振替高 693 9 － 0 73 776 △776 －
計 41,149 38,177 980 5,342 4,784 90,433 △776 89,657
セグメント利益 4,999 2,867 251 80 205 8,404 △3,682 4,721
セグメント資産 35,807 31,234 828 3,067 4,874 75,813 3,589 79,402
その他の項目
減価償却費 2,411 2,024 41 122 204 4,805 233 5,038
減損損失 － 282 － － － 282 － 282
持分法適用会社への
投資額 － 818 － － － 818 － 818
有形固定資産及び
無形固定資産の増加額 3,037 2,362 80 159 192 5,832 405 6,238
(注) １．調整額は以下のとおりです。
(1) セグメント利益の調整額△3,682百万円には、セグメント間取引消去△０百万円、各報告セグメントに配
分していない全社費用△3,682百万円が含まれております。全社費用は、主に報告セグメントに帰属しな
い一般管理費等であります。
(2) セグメント資産の調整額3,589百万円には、セグメント間取引消去△1,005百万円、各報告セグメントに配
分していない全社資産4,594百万円が含まれております。全社資産"
5185,連結子会社の事業,42.57,external_customer_sales_table_v6,38167.0,89657.0,https://www.fukoku-rubber.co.jp/dcms_media/other/ir_consolidated_financial_results_fy25q4.pdf,2026,"設機械用金属部品等の製品を製造販売してお
ります。「ホース事業」はホース等ゴム製品を製造販売しております。
（３）報告セグメントの変更等に関する事項
（連結子会社の事業年度等に関する事項）
従来、決算日が12月31日であった連結子会社のフコクインディア株式会社については、同日の財務諸表を使用
し、連結決算日との間に生じた重要な取引について連結上必要な調整を行っておりましたが、当連結会計年度よ
り決算日を３月31日に変更しております。
この変更に伴い、当連結会計年度の当該子会社の業績については2025年１月１日から2026年３月31日までの15
ヵ月分を連結し、連結損益計算書を通して調整しております。
これにより、当連結会計年度の「機能品事業」における売上高が285百万円、「防振事業」における売上高が
548百万円増加しております。なお、セグメント利益に与える影響は軽微であります。
２．報告セグメントごとの売上高、利益又は損失、資産、負債その他の項目の金額の算定方法
報告されている事業セグメントの会計処理の方法は、連結財務諸表作成において採用している会計処理の方法
と同一であります。
報告セグメントの利益は、営業利益ベースの数値であります。
セグメント間の内部収益及び振替高は市場実勢価格に基づいております。
株式会社フコク(5185) 2026年３月期 決算短信
― 15 ―
３．報告セグメントごとの売上高、利益又は損失、資産、負債その他の項目の金額に関する情報
前連結会計年度(自 2024年４月１日 至 2025年３月31日)
(単位：百万円)
報告セグメント
合計 調整額
(注)１
連結
財務諸表
計上額
(注)２機能品 防振 ライフ
サイエンス 金属加工 ホース
売上高
 外部顧客への売上高 40,455 38,167 980 5,342 4,710 89,657 － 89,657
セグメント間の
内部売上高又は振替高 693 9 － 0 73 776 △776 －
計 41,149 38,177 980 5,342 4,784 90,433 △776 89,657
セグメント利益 4,999 2,867 251 80 205 8,404 △3,682 4,721
セグメント資産 35,807 31,234 828 3,067 4,874 75,813 3,589 79,402
その他の項目
減価償却費 2,411 2,024 41 122 204 4,805 233 5,038
減損損失 － 282 － － － 282 － 282
持分法適用会社への
投資額 － 818 － － － 818 － 818
有形固定資産及び
無形固定資産の増加額 3,037 2,362 80 159 192 5,832 405 6,238
(注) １．調整額は以下のとおりです。
(1) セグメント利益の調整額△3,682百万円には、セグメント間取引消去△０百万円、各報告セグメントに配
分していない全社費用△3,682百万円が含まれております。全社費用は、主に報告セグメントに帰属しな
い一般管理費等であります。
(2) セグメント資産の調整額3,589百万円には、セグメント間取引消去△1,005百万円、各報告セグメントに配
分していない全社資産4,594百万円が含まれております。全社資産"
5185,防振事業,5.96,external_customer_sales_table_v6,5342.0,89657.0,https://www.fukoku-rubber.co.jp/dcms_media/other/ir_consolidated_financial_results_fy25q4.pdf,2026,"設機械用金属部品等の製品を製造販売してお
ります。「ホース事業」はホース等ゴム製品を製造販売しております。
（３）報告セグメントの変更等に関する事項
（連結子会社の事業年度等に関する事項）
従来、決算日が12月31日であった連結子会社のフコクインディア株式会社については、同日の財務諸表を使用
し、連結決算日との間に生じた重要な取引について連結上必要な調整を行っておりましたが、当連結会計年度よ
り決算日を３月31日に変更しております。
この変更に伴い、当連結会計年度の当該子会社の業績については2025年１月１日から2026年３月31日までの15
ヵ月分を連結し、連結損益計算書を通して調整しております。
これにより、当連結会計年度の「機能品事業」における売上高が285百万円、「防振事業」における売上高が
548百万円増加しております。なお、セグメント利益に与える影響は軽微であります。
２．報告セグメントごとの売上高、利益又は損失、資産、負債その他の項目の金額の算定方法
報告されている事業セグメントの会計処理の方法は、連結財務諸表作成において採用している会計処理の方法
と同一であります。
報告セグメントの利益は、営業利益ベースの数値であります。
セグメント間の内部収益及び振替高は市場実勢価格に基づいております。
株式会社フコク(5185) 2026年３月期 決算短信
― 15 ―
３．報告セグメントごとの売上高、利益又は損失、資産、負債その他の項目の金額に関する情報
前連結会計年度(自 2024年４月１日 至 2025年３月31日)
(単位：百万円)
報告セグメント
合計 調整額
(注)１
連結
財務諸表
計上額
(注)２機能品 防振 ライフ
サイエンス 金属加工 ホース
売上高
 外部顧客への売上高 40,455 38,167 980 5,342 4,710 89,657 － 89,657
セグメント間の
内部売上高又は振替高 693 9 － 0 73 776 △776 －
計 41,149 38,177 980 5,342 4,784 90,433 △776 89,657
セグメント利益 4,999 2,867 251 80 205 8,404 △3,682 4,721
セグメント資産 35,807 31,234 828 3,067 4,874 75,813 3,589 79,402
その他の項目
減価償却費 2,411 2,024 41 122 204 4,805 233 5,038
減損損失 － 282 － － － 282 － 282
持分法適用会社への
投資額 － 818 － － － 818 － 818
有形固定資産及び
無形固定資産の増加額 3,037 2,362 80 159 192 5,832 405 6,238
(注) １．調整額は以下のとおりです。
(1) セグメント利益の調整額△3,682百万円には、セグメント間取引消去△０百万円、各報告セグメントに配
分していない全社費用△3,682百万円が含まれております。全社費用は、主に報告セグメントに帰属しな
い一般管理費等であります。
(2) セグメント資産の調整額3,589百万円には、セグメント間取引消去△1,005百万円、各報告セグメントに配
分していない全社資産4,594百万円が含まれております。全社資産"
5192,建設資材事業,100.00,external_customer_sales_table_v6,5192.0,5192.0,https://www.mitsuboshi.com/dcms_media/other/consolidated_financial_results_2026.08.pdf,2027,"前年同期比7.3%増）、セグメント利益は2,228百万円（前
年同期比19.7%増）となりました。
〔海外ベルト事業〕
自動車部品分野では、売上高が増加しました。二輪車・多用途四輪車用変速ベルトの販売が各地域において好調
に推移しました。加えて、四輪車向け電動ユニット（ＥＰＳなど）駆動用ベルトや、電動二輪車向け後輪駆動用ベ
ルトなどの電動化対応製品の販売が堅調に推移しました。
産業機械分野では、売上高が増加しました。中国を含むアジア地域における産業機械向けタイミングベルトの販
売が売り上げ増加に寄与しました。
以上の結果に加え、為替相場における円安の影響もあり、当セグメントの売上高 は14,516百万円（前年同期比
22.3%増）、セグメント利益は2,185百万円（前年同期比141.6%増）となりました。
〔建設資材事業〕
建築分野向けでは、中東情勢の影響による資材不足に伴う工事遅延や施工現場における人手不足の影響を受け、
売上高が減少しました。土木遮水分野向けでは、前年度に比べ大型の工事物件が少なかったことから、売上高が減
少しました。土木防水分野向けでは、浄水場関連の工事物件が寄与し、売上高が増加しました。
以上の結果、当セグメントの売上高は1,232百万円（前年同期比24.0%減）、セグメント損失は27百万円（前年
同期は95百万円のセグメント利益）となりました。
〔その他〕
報告セグメント以外のその他には、エンジニアリング ストラクチュラル フォーム、電子材料、仕入商品などが
含まれております。
その他の売上高は1,599百万円（前年同期比5.8%増）、セグメント利益は144百万円（前年同期比76.0%増）と
なりました。
（注） 上記の各セグメントにおける売上高は 外部顧客への売上高 を記載しており、セグメント利益はセグメント間
取引消去前の金額を記載しております。
なお、セグメント利益は、営業利益ベースの数値であります。
- 2 -
三ツ星ベルト㈱（5192）2027年３月期 第１四半期決算短信 
（２）当四半期の財政状態の概況
当第１四半期連結会計期間末は、流動資産が172百万円増加、固定資産が1,777百万円増加したことから、総資産
は前連結会計年度末比1,949百万円増加の131,834百万円となりました。
負債は、流動負債が1,920百万円増加、固定負債が361百万円減少したことから、前連結会計年度末比1,559百万
円増加の29,825百万円となりました。
純資産は、利益剰余金が185百万円減少、その他の包括利益累計額が574百万円増加したことから、前連結会計年
度末比390百万円増加の102,009百万円となりました。
以上の結果、自己資本比率は前連結会計年度末の78.2%から77.4%となりました。
（３）連結業績予想などの将来予測情報に関する説明
2027年３月期の連結業績予想につきましては、2026年５月14日（2026年３月期決算発表時）に公表しました内容
を変更しております。
詳細につきましては、本日(2026年８月７日)公表の「2027年３月期第２四半期（中間期）及び通期連結業績予想
の修正並びに、剰余金の配当（中間配当）予想の修正に関するお知らせ」をご参照ください。
- 3 -
三ツ星ベルト㈱（5192）2027年３月期 第１四"
5192,海外ベルト事業,0.04,external_customer_sales_table_v6,2.0,5192.0,https://www.mitsuboshi.com/dcms_media/other/consolidated_financial_results_2026.08.pdf,2027,"前年同期比7.3%増）、セグメント利益は2,228百万円（前
年同期比19.7%増）となりました。
〔海外ベルト事業〕
自動車部品分野では、売上高が増加しました。二輪車・多用途四輪車用変速ベルトの販売が各地域において好調
に推移しました。加えて、四輪車向け電動ユニット（ＥＰＳなど）駆動用ベルトや、電動二輪車向け後輪駆動用ベ
ルトなどの電動化対応製品の販売が堅調に推移しました。
産業機械分野では、売上高が増加しました。中国を含むアジア地域における産業機械向けタイミングベルトの販
売が売り上げ増加に寄与しました。
以上の結果に加え、為替相場における円安の影響もあり、当セグメントの売上高 は14,516百万円（前年同期比
22.3%増）、セグメント利益は2,185百万円（前年同期比141.6%増）となりました。
〔建設資材事業〕
建築分野向けでは、中東情勢の影響による資材不足に伴う工事遅延や施工現場における人手不足の影響を受け、
売上高が減少しました。土木遮水分野向けでは、前年度に比べ大型の工事物件が少なかったことから、売上高が減
少しました。土木防水分野向けでは、浄水場関連の工事物件が寄与し、売上高が増加しました。
以上の結果、当セグメントの売上高は1,232百万円（前年同期比24.0%減）、セグメント損失は27百万円（前年
同期は95百万円のセグメント利益）となりました。
〔その他〕
報告セグメント以外のその他には、エンジニアリング ストラクチュラル フォーム、電子材料、仕入商品などが
含まれております。
その他の売上高は1,599百万円（前年同期比5.8%増）、セグメント利益は144百万円（前年同期比76.0%増）と
なりました。
（注） 上記の各セグメントにおける売上高は 外部顧客への売上高 を記載しており、セグメント利益はセグメント間
取引消去前の金額を記載しております。
なお、セグメント利益は、営業利益ベースの数値であります。
- 2 -
三ツ星ベルト㈱（5192）2027年３月期 第１四半期決算短信 
（２）当四半期の財政状態の概況
当第１四半期連結会計期間末は、流動資産が172百万円増加、固定資産が1,777百万円増加したことから、総資産
は前連結会計年度末比1,949百万円増加の131,834百万円となりました。
負債は、流動負債が1,920百万円増加、固定負債が361百万円減少したことから、前連結会計年度末比1,559百万
円増加の29,825百万円となりました。
純資産は、利益剰余金が185百万円減少、その他の包括利益累計額が574百万円増加したことから、前連結会計年
度末比390百万円増加の102,009百万円となりました。
以上の結果、自己資本比率は前連結会計年度末の78.2%から77.4%となりました。
（３）連結業績予想などの将来予測情報に関する説明
2027年３月期の連結業績予想につきましては、2026年５月14日（2026年３月期決算発表時）に公表しました内容
を変更しております。
詳細につきましては、本日(2026年８月７日)公表の「2027年３月期第２四半期（中間期）及び通期連結業績予想
の修正並びに、剰余金の配当（中間配当）予想の修正に関するお知らせ」をご参照ください。
- 3 -
三ツ星ベルト㈱（5192）2027年３月期 第１四"
5210,に含まれない事業,61.12,external_customer_sales_table_v6,11130.0,18211.0,https://www.yamamura.co.jp/cms/wp-content/uploads/2026/08/20260810_CMS0859_9FDCCLUN.pdf,2027,"18,734 36 18,770 △145 18,624
セグメント利益又は損
失（△） 1,064 260 183 140 1,649 △83 1,565 △82 1,483
（３）四半期連結財務諸表に関する注記事項
（セグメント情報等の注記）
【セグメント情報】
Ⅰ 前第１四半期連結累計期間（自2025年４月１日 至2025年６月30日）
１．報告セグメントごとの売上高及び利益又は損失の金額に関する情報並びに収益の分解情報
（注）１．「その他」の区分は、報告セグメントに含まれない事業セグメントであり、植物事業を含んでおりま
す。
 ２．セグメント利益又は損失（△）の調整額△82百万円には、セグメント間取引消去等50百万円、その他の
調整△133百万円が含まれております。その他の調整は、報告セグメントに帰属しない全社費用と報告セ
グメントに計上されている営業外損益調整等です。
 ３．セグメント利益又は損失（△）は、四半期連結損益計算書の営業利益と調整を行っております。
２．報告セグメントごとの固定資産の減損損失又はのれん等に関する情報
 該当事項はありません。
- 8 -
日本山村硝子㈱ (5210) 2027年３月期 第１四半期決算短信
（単位：百万円）
報告セグメント
その他
（注）１ 合計 調整額
（注）２
四半期
連結損益
計算書
計上額
（注）３
ガラス
びん関
連事業
プラス
チック
容器関
連事業
物流関
連事業
ニュー
ガラス
関連事
業
計
売上高
顧客との契約から生
じる収益 11,130 2,396 3,412 1,047 17,987 30 18,017 － 18,017
その他の収益 － － 193 － 193 － 193 － 193
 外部顧客への売上高 11,130 2,396 3,606 1,047 18,181 30 18,211 － 18,211
セグメント間の内部
売上高又は振替高 7 114 26 3 151 0 151 △151 －
計 11,137 2,510 3,633 1,051 18,332 30 18,362 △151 18,211
セグメント利益又は損
失（△） 733 192 269 186 1,381 △81 1,300 △104 1,195
Ⅱ 当第１四半期連結累計期間（自2026年４月１日 至2026年６月30日）
１．報告セグメントごとの売上高及び利益又は損失の金額に関する情報並びに収益の分解情報
（注）１．「その他」の区分は、報告セグメントに含まれない事業セグメントであり、植物事業を含んでおりま
す。
 ２．セグメント利益又は損失（△）の調整額△104百万円には、セグメント間取引消去等26百万円、その他の
調整△131百万円が含まれております。その他の調整は、報告セグメントに帰属しない全社費用と報告セ
グメントに計上されている営業外損益調整等です。
 ３．セグメント利益又は損失（△）は、四半期連結損益計算書の営業利益と調整を行っております。
２．報告セグメントごとの固定資産の減損損失又はのれん等に関する情報
 該当事項はありません。
（株主資本の金額に著しい変動があった場合の注記）
 該当事項はありません。
（継続企業の前提に関する注記）
 該当事項はありません。
前第１四半期連"
5210,植物事業,13.16,external_customer_sales_table_v6,2396.0,18211.0,https://www.yamamura.co.jp/cms/wp-content/uploads/2026/08/20260810_CMS0859_9FDCCLUN.pdf,2027,"18,734 36 18,770 △145 18,624
セグメント利益又は損
失（△） 1,064 260 183 140 1,649 △83 1,565 △82 1,483
（３）四半期連結財務諸表に関する注記事項
（セグメント情報等の注記）
【セグメント情報】
Ⅰ 前第１四半期連結累計期間（自2025年４月１日 至2025年６月30日）
１．報告セグメントごとの売上高及び利益又は損失の金額に関する情報並びに収益の分解情報
（注）１．「その他」の区分は、報告セグメントに含まれない事業セグメントであり、植物事業を含んでおりま
す。
 ２．セグメント利益又は損失（△）の調整額△82百万円には、セグメント間取引消去等50百万円、その他の
調整△133百万円が含まれております。その他の調整は、報告セグメントに帰属しない全社費用と報告セ
グメントに計上されている営業外損益調整等です。
 ３．セグメント利益又は損失（△）は、四半期連結損益計算書の営業利益と調整を行っております。
２．報告セグメントごとの固定資産の減損損失又はのれん等に関する情報
 該当事項はありません。
- 8 -
日本山村硝子㈱ (5210) 2027年３月期 第１四半期決算短信
（単位：百万円）
報告セグメント
その他
（注）１ 合計 調整額
（注）２
四半期
連結損益
計算書
計上額
（注）３
ガラス
びん関
連事業
プラス
チック
容器関
連事業
物流関
連事業
ニュー
ガラス
関連事
業
計
売上高
顧客との契約から生
じる収益 11,130 2,396 3,412 1,047 17,987 30 18,017 － 18,017
その他の収益 － － 193 － 193 － 193 － 193
 外部顧客への売上高 11,130 2,396 3,606 1,047 18,181 30 18,211 － 18,211
セグメント間の内部
売上高又は振替高 7 114 26 3 151 0 151 △151 －
計 11,137 2,510 3,633 1,051 18,332 30 18,362 △151 18,211
セグメント利益又は損
失（△） 733 192 269 186 1,381 △81 1,300 △104 1,195
Ⅱ 当第１四半期連結累計期間（自2026年４月１日 至2026年６月30日）
１．報告セグメントごとの売上高及び利益又は損失の金額に関する情報並びに収益の分解情報
（注）１．「その他」の区分は、報告セグメントに含まれない事業セグメントであり、植物事業を含んでおりま
す。
 ２．セグメント利益又は損失（△）の調整額△104百万円には、セグメント間取引消去等26百万円、その他の
調整△131百万円が含まれております。その他の調整は、報告セグメントに帰属しない全社費用と報告セ
グメントに計上されている営業外損益調整等です。
 ３．セグメント利益又は損失（△）は、四半期連結損益計算書の営業利益と調整を行っております。
２．報告セグメントごとの固定資産の減損損失又はのれん等に関する情報
 該当事項はありません。
（株主資本の金額に著しい変動があった場合の注記）
 該当事項はありません。
（継続企業の前提に関する注記）
 該当事項はありません。
前第１四半期連"
5210,連事業,19.80,external_customer_sales_table_v6,3606.0,18211.0,https://www.yamamura.co.jp/cms/wp-content/uploads/2026/08/20260810_CMS0859_9FDCCLUN.pdf,2027,"18,734 36 18,770 △145 18,624
セグメント利益又は損
失（△） 1,064 260 183 140 1,649 △83 1,565 △82 1,483
（３）四半期連結財務諸表に関する注記事項
（セグメント情報等の注記）
【セグメント情報】
Ⅰ 前第１四半期連結累計期間（自2025年４月１日 至2025年６月30日）
１．報告セグメントごとの売上高及び利益又は損失の金額に関する情報並びに収益の分解情報
（注）１．「その他」の区分は、報告セグメントに含まれない事業セグメントであり、植物事業を含んでおりま
す。
 ２．セグメント利益又は損失（△）の調整額△82百万円には、セグメント間取引消去等50百万円、その他の
調整△133百万円が含まれております。その他の調整は、報告セグメントに帰属しない全社費用と報告セ
グメントに計上されている営業外損益調整等です。
 ３．セグメント利益又は損失（△）は、四半期連結損益計算書の営業利益と調整を行っております。
２．報告セグメントごとの固定資産の減損損失又はのれん等に関する情報
 該当事項はありません。
- 8 -
日本山村硝子㈱ (5210) 2027年３月期 第１四半期決算短信
（単位：百万円）
報告セグメント
その他
（注）１ 合計 調整額
（注）２
四半期
連結損益
計算書
計上額
（注）３
ガラス
びん関
連事業
プラス
チック
容器関
連事業
物流関
連事業
ニュー
ガラス
関連事
業
計
売上高
顧客との契約から生
じる収益 11,130 2,396 3,412 1,047 17,987 30 18,017 － 18,017
その他の収益 － － 193 － 193 － 193 － 193
 外部顧客への売上高 11,130 2,396 3,606 1,047 18,181 30 18,211 － 18,211
セグメント間の内部
売上高又は振替高 7 114 26 3 151 0 151 △151 －
計 11,137 2,510 3,633 1,051 18,332 30 18,362 △151 18,211
セグメント利益又は損
失（△） 733 192 269 186 1,381 △81 1,300 △104 1,195
Ⅱ 当第１四半期連結累計期間（自2026年４月１日 至2026年６月30日）
１．報告セグメントごとの売上高及び利益又は損失の金額に関する情報並びに収益の分解情報
（注）１．「その他」の区分は、報告セグメントに含まれない事業セグメントであり、植物事業を含んでおりま
す。
 ２．セグメント利益又は損失（△）の調整額△104百万円には、セグメント間取引消去等26百万円、その他の
調整△131百万円が含まれております。その他の調整は、報告セグメントに帰属しない全社費用と報告セ
グメントに計上されている営業外損益調整等です。
 ３．セグメント利益又は損失（△）は、四半期連結損益計算書の営業利益と調整を行っております。
２．報告セグメントごとの固定資産の減損損失又はのれん等に関する情報
 該当事項はありません。
（株主資本の金額に著しい変動があった場合の注記）
 該当事項はありません。
（継続企業の前提に関する注記）
 該当事項はありません。
前第１四半期連"
5233,セメント資源環境事業,4.78,external_customer_sales_table_v6,42806.0,896295.0,https://www.taiheiyo-cement.co.jp/news/news/pdf/260512_1.pdf,2026,"を行う対象となっているものであります。
当社は製品・サービスごとに「セメント」、「資源」、「環境事業」、「建材・建築土木」の４つを報告セグメ
ントとしております。
各報告セグメントに属する主要な製品等は次のとおりであります。
報告セグメント 主要な製品等
セメント 各種セメント、生コンクリート
資源 骨材、石灰石製品
環境事業 廃棄物リサイクル、脱硫材
建材・建築土木 コンクリート二次製品、ＡＬＣ(軽量気泡コンクリート)
２．報告セグメントの変更等に関する事項
当連結会計年度より、従来「建材・建築土木」に区分していた子会社の一部を「セメント」に、また「その他」
に区分していた子会社の一部を「環境事業」に報告セグメントの変更を行っております。
この変更に伴い、前連結会計年度のセグメント情報は当該変更後の報告セグメントの区分に基づいて作成したも
のを開示しております。
３. 報告セグメントごとの売上高、利益又は損失、資産、負債その他の項目の金額の算定方法
報告されている事業セグメントの会計処理の方法は、連結財務諸表作成において採用している会計処理の方法と
概ね同一であります。報告セグメントの利益は、営業利益ベースであります。セグメント間の内部収益及び振替高
は市場実勢価格に基づいております。
太平洋セメント株式会社(5233) 2026年３月期 決算短信
14
４. 報告セグメントごとの売上高、利益又は損失、資産、負債その他の項目の金額に関する情報
前連結会計年度(自 2024年４月１日 至 2025年３月31日)
(単位：百万円)
報告セグメント
その他
(注)１ 合計 調整額
(注)２
連結
財務諸表
計上額
(注)３
セメント 資源 環境事業 建材・
建築土木 計
売上高
 外部顧客への売上高 663,000 65,169 76,534 42,806 847,509 48,786 896,295 - 896,295
セグメント間の内部売上高
又は振替高 5,154 23,078 4,332 1,494 34,057 29,806 63,863 △63,863 －
計 668,154 88,246 80,866 44,300 881,566 78,592 960,158 △63,863 896,295
セグメント利益 54,426 9,616 8,972 2,363 75,377 3,935 79,312 △1,563 77,750
セグメント資産 1,011,270 115,901 44,785 44,927 1,216,885 218,237 1,435,122 △11,426 1,423,695
その他の項目
減価償却費(注)４ 43,560 7,042 1,841 1,582 54,024 5,783 59,807 1,069 60,876
のれんの償却額 40 － － － 40 － 40 － 40
持 分 法 投 資 利 益 又 は 損 失
(△) △82 206 15 △439 △300 △378 △678 △6 △684
減損損失 199 32 － － 231 3,834 4,065 △224 3,840
持分法適用会社への投資額 65,060 175 289 6,030 71,553 12,667 84,220 514 84,734
有形固定資産及び無形"
5233,報告されている事業,8.54,external_customer_sales_table_v6,76534.0,896295.0,https://www.taiheiyo-cement.co.jp/news/news/pdf/260512_1.pdf,2026,"を行う対象となっているものであります。
当社は製品・サービスごとに「セメント」、「資源」、「環境事業」、「建材・建築土木」の４つを報告セグメ
ントとしております。
各報告セグメントに属する主要な製品等は次のとおりであります。
報告セグメント 主要な製品等
セメント 各種セメント、生コンクリート
資源 骨材、石灰石製品
環境事業 廃棄物リサイクル、脱硫材
建材・建築土木 コンクリート二次製品、ＡＬＣ(軽量気泡コンクリート)
２．報告セグメントの変更等に関する事項
当連結会計年度より、従来「建材・建築土木」に区分していた子会社の一部を「セメント」に、また「その他」
に区分していた子会社の一部を「環境事業」に報告セグメントの変更を行っております。
この変更に伴い、前連結会計年度のセグメント情報は当該変更後の報告セグメントの区分に基づいて作成したも
のを開示しております。
３. 報告セグメントごとの売上高、利益又は損失、資産、負債その他の項目の金額の算定方法
報告されている事業セグメントの会計処理の方法は、連結財務諸表作成において採用している会計処理の方法と
概ね同一であります。報告セグメントの利益は、営業利益ベースであります。セグメント間の内部収益及び振替高
は市場実勢価格に基づいております。
太平洋セメント株式会社(5233) 2026年３月期 決算短信
14
４. 報告セグメントごとの売上高、利益又は損失、資産、負債その他の項目の金額に関する情報
前連結会計年度(自 2024年４月１日 至 2025年３月31日)
(単位：百万円)
報告セグメント
その他
(注)１ 合計 調整額
(注)２
連結
財務諸表
計上額
(注)３
セメント 資源 環境事業 建材・
建築土木 計
売上高
 外部顧客への売上高 663,000 65,169 76,534 42,806 847,509 48,786 896,295 - 896,295
セグメント間の内部売上高
又は振替高 5,154 23,078 4,332 1,494 34,057 29,806 63,863 △63,863 －
計 668,154 88,246 80,866 44,300 881,566 78,592 960,158 △63,863 896,295
セグメント利益 54,426 9,616 8,972 2,363 75,377 3,935 79,312 △1,563 77,750
セグメント資産 1,011,270 115,901 44,785 44,927 1,216,885 218,237 1,435,122 △11,426 1,423,695
その他の項目
減価償却費(注)４ 43,560 7,042 1,841 1,582 54,024 5,783 59,807 1,069 60,876
のれんの償却額 40 － － － 40 － 40 － 40
持 分 法 投 資 利 益 又 は 損 失
(△) △82 206 15 △439 △300 △378 △678 △6 △684
減損損失 199 32 － － 231 3,834 4,065 △224 3,840
持分法適用会社への投資額 65,060 175 289 6,030 71,553 12,667 84,220 514 84,734
有形固定資産及び無形"
5233,当社は製品・サービス,73.97,external_customer_sales_table_v6,663000.0,896295.0,https://www.taiheiyo-cement.co.jp/news/news/pdf/260512_1.pdf,2026,"を行う対象となっているものであります。
当社は製品・サービスごとに「セメント」、「資源」、「環境事業」、「建材・建築土木」の４つを報告セグメ
ントとしております。
各報告セグメントに属する主要な製品等は次のとおりであります。
報告セグメント 主要な製品等
セメント 各種セメント、生コンクリート
資源 骨材、石灰石製品
環境事業 廃棄物リサイクル、脱硫材
建材・建築土木 コンクリート二次製品、ＡＬＣ(軽量気泡コンクリート)
２．報告セグメントの変更等に関する事項
当連結会計年度より、従来「建材・建築土木」に区分していた子会社の一部を「セメント」に、また「その他」
に区分していた子会社の一部を「環境事業」に報告セグメントの変更を行っております。
この変更に伴い、前連結会計年度のセグメント情報は当該変更後の報告セグメントの区分に基づいて作成したも
のを開示しております。
３. 報告セグメントごとの売上高、利益又は損失、資産、負債その他の項目の金額の算定方法
報告されている事業セグメントの会計処理の方法は、連結財務諸表作成において採用している会計処理の方法と
概ね同一であります。報告セグメントの利益は、営業利益ベースであります。セグメント間の内部収益及び振替高
は市場実勢価格に基づいております。
太平洋セメント株式会社(5233) 2026年３月期 決算短信
14
４. 報告セグメントごとの売上高、利益又は損失、資産、負債その他の項目の金額に関する情報
前連結会計年度(自 2024年４月１日 至 2025年３月31日)
(単位：百万円)
報告セグメント
その他
(注)１ 合計 調整額
(注)２
連結
財務諸表
計上額
(注)３
セメント 資源 環境事業 建材・
建築土木 計
売上高
 外部顧客への売上高 663,000 65,169 76,534 42,806 847,509 48,786 896,295 - 896,295
セグメント間の内部売上高
又は振替高 5,154 23,078 4,332 1,494 34,057 29,806 63,863 △63,863 －
計 668,154 88,246 80,866 44,300 881,566 78,592 960,158 △63,863 896,295
セグメント利益 54,426 9,616 8,972 2,363 75,377 3,935 79,312 △1,563 77,750
セグメント資産 1,011,270 115,901 44,785 44,927 1,216,885 218,237 1,435,122 △11,426 1,423,695
その他の項目
減価償却費(注)４ 43,560 7,042 1,841 1,582 54,024 5,783 59,807 1,069 60,876
のれんの償却額 40 － － － 40 － 40 － 40
持 分 法 投 資 利 益 又 は 損 失
(△) △82 206 15 △439 △300 △378 △678 △6 △684
減損損失 199 32 － － 231 3,834 4,065 △224 3,840
持分法適用会社への投資額 65,060 175 289 6,030 71,553 12,667 84,220 514 84,734
有形固定資産及び無形"
5233,環境事業,7.27,external_customer_sales_table_v6,65169.0,896295.0,https://www.taiheiyo-cement.co.jp/news/news/pdf/260512_1.pdf,2026,"を行う対象となっているものであります。
当社は製品・サービスごとに「セメント」、「資源」、「環境事業」、「建材・建築土木」の４つを報告セグメ
ントとしております。
各報告セグメントに属する主要な製品等は次のとおりであります。
報告セグメント 主要な製品等
セメント 各種セメント、生コンクリート
資源 骨材、石灰石製品
環境事業 廃棄物リサイクル、脱硫材
建材・建築土木 コンクリート二次製品、ＡＬＣ(軽量気泡コンクリート)
２．報告セグメントの変更等に関する事項
当連結会計年度より、従来「建材・建築土木」に区分していた子会社の一部を「セメント」に、また「その他」
に区分していた子会社の一部を「環境事業」に報告セグメントの変更を行っております。
この変更に伴い、前連結会計年度のセグメント情報は当該変更後の報告セグメントの区分に基づいて作成したも
のを開示しております。
３. 報告セグメントごとの売上高、利益又は損失、資産、負債その他の項目の金額の算定方法
報告されている事業セグメントの会計処理の方法は、連結財務諸表作成において採用している会計処理の方法と
概ね同一であります。報告セグメントの利益は、営業利益ベースであります。セグメント間の内部収益及び振替高
は市場実勢価格に基づいております。
太平洋セメント株式会社(5233) 2026年３月期 決算短信
14
４. 報告セグメントごとの売上高、利益又は損失、資産、負債その他の項目の金額に関する情報
前連結会計年度(自 2024年４月１日 至 2025年３月31日)
(単位：百万円)
報告セグメント
その他
(注)１ 合計 調整額
(注)２
連結
財務諸表
計上額
(注)３
セメント 資源 環境事業 建材・
建築土木 計
売上高
 外部顧客への売上高 663,000 65,169 76,534 42,806 847,509 48,786 896,295 - 896,295
セグメント間の内部売上高
又は振替高 5,154 23,078 4,332 1,494 34,057 29,806 63,863 △63,863 －
計 668,154 88,246 80,866 44,300 881,566 78,592 960,158 △63,863 896,295
セグメント利益 54,426 9,616 8,972 2,363 75,377 3,935 79,312 △1,563 77,750
セグメント資産 1,011,270 115,901 44,785 44,927 1,216,885 218,237 1,435,122 △11,426 1,423,695
その他の項目
減価償却費(注)４ 43,560 7,042 1,841 1,582 54,024 5,783 59,807 1,069 60,876
のれんの償却額 40 － － － 40 － 40 － 40
持 分 法 投 資 利 益 又 は 損 失
(△) △82 206 15 △439 △300 △378 △678 △6 △684
減損損失 199 32 － － 231 3,834 4,065 △224 3,840
持分法適用会社への投資額 65,060 175 289 6,030 71,553 12,667 84,220 514 84,734
有形固定資産及び無形"
5262,事業,40.42,external_customer_sales_table_v6,3247680.0,8034849.0,https://www.nipponhume.co.jp/wp/wp-content/uploads/2026/08/144-1Q_決算短信.pdf,2027,",265,701 1,671,616
非支配株主に帰属する四半期純利益 606 11,589
親会社株主に帰属する四半期純利益 1,265,095 1,660,027
日本ヒューム株式会社(5262) 2027年３月期 第１四半期決算短信
— 7 —
四半期連結包括利益計算書
第１四半期連結累計期間
(単位：千円)
前第１四半期連結累計期間
(自 2025年４月１日
至 2025年６月30日)
当第１四半期連結累計期間
(自 2026年４月１日
至 2026年６月30日)
四半期純利益 1,265,701 1,671,616
その他の包括利益
その他有価証券評価差額金 386,037 758,434
為替換算調整勘定 18,962 2,915
退職給付に係る調整額 △29,285 △11,276
持分法適用会社に対する持分相当額 △12,235 65,897
その他の包括利益合計 363,479 815,970
四半期包括利益 1,629,181 2,487,587
（内訳）
親会社株主に係る四半期包括利益 1,628,313 2,475,325
非支配株主に係る四半期包括利益 867 12,261
日本ヒューム株式会社(5262) 2027年３月期 第１四半期決算短信
— 8 —
（３）四半期連結財務諸表に関する注記事項
（セグメント情報等の注記）
Ⅰ 前第１四半期連結累計期間(自 2025年４月１日 至 2025年６月30日)
１．報告セグメントごとの売上高及び利益又は損失の金額に関する情報
(単位：千円)
報告セグメント
その他
(注)１ 合計 調整額
(注)２
四半期連
結損益計
算書計上
額(注)３基礎事業 下水道関連
事業
太陽光発
電・不動
産事業
計
売上高
 外部顧客への売上高 4,388,886 3,247,680 370,607 8,007,174 27,674 8,034,849 ― 8,034,849
セグメント間の内部
売上高又は振替高 2,423 ― 9,340 11,763 ― 11,763 △11,763 ―
計 4,391,310 3,247,680 379,947 8,018,938 27,674 8,046,612 △11,763 8,034,849
セグメント利益 339,201 642,687 217,832 1,199,721 23,297 1,223,019 △593,337 629,681
(注) １．「その他」の区分は報告セグメントに含まれない事業セグメントであり、レンタル事業を含んでおります。
２．セグメント利益の調整額 △593,337千円は各報告セグメントに配分していない全社費用であります。全社費
用は、報告セグメントに帰属しない一般管理費であります。
３．セグメント利益の調整後の合計額は、四半期連結損益計算書の営業利益と一致しております。
２．報告セグメントごとの固定資産の減損損失又はのれん等に関する情報
該当事項はありません。
Ⅱ 当第１四半期連結累計期間(自 2026年４月１日 至 2026年６月30日)
１．報告セグメントごとの売上高及び利益又は損失の金額に関する情報
(単位：千円)
報告セグメント
その他
(注)１ 合計 調整額
(注)２
四半期連
結損益計
算書計上
額(注)３基礎事業 下水道関連
事"
5262,基礎事業,54.62,external_customer_sales_table_v6,4388886.0,8034849.0,https://www.nipponhume.co.jp/wp/wp-content/uploads/2026/08/144-1Q_決算短信.pdf,2027,",265,701 1,671,616
非支配株主に帰属する四半期純利益 606 11,589
親会社株主に帰属する四半期純利益 1,265,095 1,660,027
日本ヒューム株式会社(5262) 2027年３月期 第１四半期決算短信
— 7 —
四半期連結包括利益計算書
第１四半期連結累計期間
(単位：千円)
前第１四半期連結累計期間
(自 2025年４月１日
至 2025年６月30日)
当第１四半期連結累計期間
(自 2026年４月１日
至 2026年６月30日)
四半期純利益 1,265,701 1,671,616
その他の包括利益
その他有価証券評価差額金 386,037 758,434
為替換算調整勘定 18,962 2,915
退職給付に係る調整額 △29,285 △11,276
持分法適用会社に対する持分相当額 △12,235 65,897
その他の包括利益合計 363,479 815,970
四半期包括利益 1,629,181 2,487,587
（内訳）
親会社株主に係る四半期包括利益 1,628,313 2,475,325
非支配株主に係る四半期包括利益 867 12,261
日本ヒューム株式会社(5262) 2027年３月期 第１四半期決算短信
— 8 —
（３）四半期連結財務諸表に関する注記事項
（セグメント情報等の注記）
Ⅰ 前第１四半期連結累計期間(自 2025年４月１日 至 2025年６月30日)
１．報告セグメントごとの売上高及び利益又は損失の金額に関する情報
(単位：千円)
報告セグメント
その他
(注)１ 合計 調整額
(注)２
四半期連
結損益計
算書計上
額(注)３基礎事業 下水道関連
事業
太陽光発
電・不動
産事業
計
売上高
 外部顧客への売上高 4,388,886 3,247,680 370,607 8,007,174 27,674 8,034,849 ― 8,034,849
セグメント間の内部
売上高又は振替高 2,423 ― 9,340 11,763 ― 11,763 △11,763 ―
計 4,391,310 3,247,680 379,947 8,018,938 27,674 8,046,612 △11,763 8,034,849
セグメント利益 339,201 642,687 217,832 1,199,721 23,297 1,223,019 △593,337 629,681
(注) １．「その他」の区分は報告セグメントに含まれない事業セグメントであり、レンタル事業を含んでおります。
２．セグメント利益の調整額 △593,337千円は各報告セグメントに配分していない全社費用であります。全社費
用は、報告セグメントに帰属しない一般管理費であります。
３．セグメント利益の調整後の合計額は、四半期連結損益計算書の営業利益と一致しております。
２．報告セグメントごとの固定資産の減損損失又はのれん等に関する情報
該当事項はありません。
Ⅱ 当第１四半期連結累計期間(自 2026年４月１日 至 2026年６月30日)
１．報告セグメントごとの売上高及び利益又は損失の金額に関する情報
(単位：千円)
報告セグメント
その他
(注)１ 合計 調整額
(注)２
四半期連
結損益計
算書計上
額(注)３基礎事業 下水道関連
事"
5262,産事業,4.61,external_customer_sales_table_v6,370607.0,8034849.0,https://www.nipponhume.co.jp/wp/wp-content/uploads/2026/08/144-1Q_決算短信.pdf,2027,",265,701 1,671,616
非支配株主に帰属する四半期純利益 606 11,589
親会社株主に帰属する四半期純利益 1,265,095 1,660,027
日本ヒューム株式会社(5262) 2027年３月期 第１四半期決算短信
— 7 —
四半期連結包括利益計算書
第１四半期連結累計期間
(単位：千円)
前第１四半期連結累計期間
(自 2025年４月１日
至 2025年６月30日)
当第１四半期連結累計期間
(自 2026年４月１日
至 2026年６月30日)
四半期純利益 1,265,701 1,671,616
その他の包括利益
その他有価証券評価差額金 386,037 758,434
為替換算調整勘定 18,962 2,915
退職給付に係る調整額 △29,285 △11,276
持分法適用会社に対する持分相当額 △12,235 65,897
その他の包括利益合計 363,479 815,970
四半期包括利益 1,629,181 2,487,587
（内訳）
親会社株主に係る四半期包括利益 1,628,313 2,475,325
非支配株主に係る四半期包括利益 867 12,261
日本ヒューム株式会社(5262) 2027年３月期 第１四半期決算短信
— 8 —
（３）四半期連結財務諸表に関する注記事項
（セグメント情報等の注記）
Ⅰ 前第１四半期連結累計期間(自 2025年４月１日 至 2025年６月30日)
１．報告セグメントごとの売上高及び利益又は損失の金額に関する情報
(単位：千円)
報告セグメント
その他
(注)１ 合計 調整額
(注)２
四半期連
結損益計
算書計上
額(注)３基礎事業 下水道関連
事業
太陽光発
電・不動
産事業
計
売上高
 外部顧客への売上高 4,388,886 3,247,680 370,607 8,007,174 27,674 8,034,849 ― 8,034,849
セグメント間の内部
売上高又は振替高 2,423 ― 9,340 11,763 ― 11,763 △11,763 ―
計 4,391,310 3,247,680 379,947 8,018,938 27,674 8,046,612 △11,763 8,034,849
セグメント利益 339,201 642,687 217,832 1,199,721 23,297 1,223,019 △593,337 629,681
(注) １．「その他」の区分は報告セグメントに含まれない事業セグメントであり、レンタル事業を含んでおります。
２．セグメント利益の調整額 △593,337千円は各報告セグメントに配分していない全社費用であります。全社費
用は、報告セグメントに帰属しない一般管理費であります。
３．セグメント利益の調整後の合計額は、四半期連結損益計算書の営業利益と一致しております。
２．報告セグメントごとの固定資産の減損損失又はのれん等に関する情報
該当事項はありません。
Ⅱ 当第１四半期連結累計期間(自 2026年４月１日 至 2026年６月30日)
１．報告セグメントごとの売上高及び利益又は損失の金額に関する情報
(単位：千円)
報告セグメント
その他
(注)１ 合計 調整額
(注)２
四半期連
結損益計
算書計上
額(注)３基礎事業 下水道関連
事"
5269,二次製品事業,45.56,external_customer_sales_table_v6,5622663.0,12339939.0,https://www.ncic.co.jp/wp/wp-content/uploads/2026/08/ir260807.pdf,2027,"4,899千円、104,810株であります。
日本コンクリート工業株式会社(5269) 2027年３月期 第１四半期決算短信
9
（セグメント情報等）
【セグメント情報】
Ⅰ 前第１四半期連結累計期間（自 2025年４月１日 至 2025年６月30日）
１．報告セグメントごとの売上高及び利益又は損失の金額に関する情報
（単位：千円）
報告セグメント 調整額
(注１)
四半期連結損益
計算書計上額
（注２）基礎事業 コンクリート
二次製品事業
不動産・太陽
光発電事業 計
売上高
外部顧客への売上高 4,772,790 6,055,852 76,881 10,905,524 － 10,905,524
セグメント間の内部売
上高又は振替高 1,607 － － 1,607 △1,607 －
計 4,774,397 6,055,852 76,881 10,907,131 △1,607 10,905,524
セグメント利益又は
セグメント損失（△） △273,068 600,899 39,001 366,832 △496,094 △129,262
(注) １．セグメント利益又はセグメント損失の調整額は、主に全社費用であります。全社費用は、主に報告セグメン
トに帰属しない一般管理費であります。
２．セグメント利益又はセグメント損失は、四半期連結損益計算書の営業損失と調整を行っております。
Ⅱ 当第１四半期連結累計期間（自 2026年４月１日 至 2026年６月30日）
１．報告セグメントごとの売上高及び利益の金額に関する情報
（単位：千円）
報告セグメント 調整額
(注１)
四半期連結損益
計算書計上額
（注２）基礎事業 コンクリート
二次製品事業
不動産・太陽
光発電事業 計
売上高
 外部顧客への売上高 6,630,508 5,622,663 86,766 12,339,939 － 12,339,939
セグメント間の内部売
上高又は振替高 213 － － 213 △213 －
計 6,630,722 5,622,663 86,766 12,340,152 △213 12,339,939
セグメント利益 177,765 609,935 53,166 840,866 △527,172 313,693
(注) １．セグメント利益の調整額は、主に全社費用であります。全社費用は、主に報告セグメントに帰属しない一般
管理費であります。
２．セグメント利益は、四半期連結損益計算書の営業利益と調整を行っております。
（キャッシュ・フロー計算書に関する注記）
当第１四半期連結累計期間に係る四半期連結キャッシュ・フロー計算書は作成しておりません。なお、第１四
半期連結累計期間に係る減価償却費（無形固定資産に係る償却費を含む。）は、次のとおりであります。
前第１四半期連結累計期間
(自 2025年４月１日
至 2025年６月30日)
当第１四半期連結累計期間
(自 2026年４月１日
至 2026年６月30日)
減価償却費 371,232千円 399,141千円"
5269,光発電事業,0.70,external_customer_sales_table_v6,86766.0,12339939.0,https://www.ncic.co.jp/wp/wp-content/uploads/2026/08/ir260807.pdf,2027,"4,899千円、104,810株であります。
日本コンクリート工業株式会社(5269) 2027年３月期 第１四半期決算短信
9
（セグメント情報等）
【セグメント情報】
Ⅰ 前第１四半期連結累計期間（自 2025年４月１日 至 2025年６月30日）
１．報告セグメントごとの売上高及び利益又は損失の金額に関する情報
（単位：千円）
報告セグメント 調整額
(注１)
四半期連結損益
計算書計上額
（注２）基礎事業 コンクリート
二次製品事業
不動産・太陽
光発電事業 計
売上高
外部顧客への売上高 4,772,790 6,055,852 76,881 10,905,524 － 10,905,524
セグメント間の内部売
上高又は振替高 1,607 － － 1,607 △1,607 －
計 4,774,397 6,055,852 76,881 10,907,131 △1,607 10,905,524
セグメント利益又は
セグメント損失（△） △273,068 600,899 39,001 366,832 △496,094 △129,262
(注) １．セグメント利益又はセグメント損失の調整額は、主に全社費用であります。全社費用は、主に報告セグメン
トに帰属しない一般管理費であります。
２．セグメント利益又はセグメント損失は、四半期連結損益計算書の営業損失と調整を行っております。
Ⅱ 当第１四半期連結累計期間（自 2026年４月１日 至 2026年６月30日）
１．報告セグメントごとの売上高及び利益の金額に関する情報
（単位：千円）
報告セグメント 調整額
(注１)
四半期連結損益
計算書計上額
（注２）基礎事業 コンクリート
二次製品事業
不動産・太陽
光発電事業 計
売上高
 外部顧客への売上高 6,630,508 5,622,663 86,766 12,339,939 － 12,339,939
セグメント間の内部売
上高又は振替高 213 － － 213 △213 －
計 6,630,722 5,622,663 86,766 12,340,152 △213 12,339,939
セグメント利益 177,765 609,935 53,166 840,866 △527,172 313,693
(注) １．セグメント利益の調整額は、主に全社費用であります。全社費用は、主に報告セグメントに帰属しない一般
管理費であります。
２．セグメント利益は、四半期連結損益計算書の営業利益と調整を行っております。
（キャッシュ・フロー計算書に関する注記）
当第１四半期連結累計期間に係る四半期連結キャッシュ・フロー計算書は作成しておりません。なお、第１四
半期連結累計期間に係る減価償却費（無形固定資産に係る償却費を含む。）は、次のとおりであります。
前第１四半期連結累計期間
(自 2025年４月１日
至 2025年６月30日)
当第１四半期連結累計期間
(自 2026年４月１日
至 2026年６月30日)
減価償却費 371,232千円 399,141千円"
5269,基礎事業,53.73,external_customer_sales_table_v6,6630508.0,12339939.0,https://www.ncic.co.jp/wp/wp-content/uploads/2026/08/ir260807.pdf,2027,"4,899千円、104,810株であります。
日本コンクリート工業株式会社(5269) 2027年３月期 第１四半期決算短信
9
（セグメント情報等）
【セグメント情報】
Ⅰ 前第１四半期連結累計期間（自 2025年４月１日 至 2025年６月30日）
１．報告セグメントごとの売上高及び利益又は損失の金額に関する情報
（単位：千円）
報告セグメント 調整額
(注１)
四半期連結損益
計算書計上額
（注２）基礎事業 コンクリート
二次製品事業
不動産・太陽
光発電事業 計
売上高
外部顧客への売上高 4,772,790 6,055,852 76,881 10,905,524 － 10,905,524
セグメント間の内部売
上高又は振替高 1,607 － － 1,607 △1,607 －
計 4,774,397 6,055,852 76,881 10,907,131 △1,607 10,905,524
セグメント利益又は
セグメント損失（△） △273,068 600,899 39,001 366,832 △496,094 △129,262
(注) １．セグメント利益又はセグメント損失の調整額は、主に全社費用であります。全社費用は、主に報告セグメン
トに帰属しない一般管理費であります。
２．セグメント利益又はセグメント損失は、四半期連結損益計算書の営業損失と調整を行っております。
Ⅱ 当第１四半期連結累計期間（自 2026年４月１日 至 2026年６月30日）
１．報告セグメントごとの売上高及び利益の金額に関する情報
（単位：千円）
報告セグメント 調整額
(注１)
四半期連結損益
計算書計上額
（注２）基礎事業 コンクリート
二次製品事業
不動産・太陽
光発電事業 計
売上高
 外部顧客への売上高 6,630,508 5,622,663 86,766 12,339,939 － 12,339,939
セグメント間の内部売
上高又は振替高 213 － － 213 △213 －
計 6,630,722 5,622,663 86,766 12,340,152 △213 12,339,939
セグメント利益 177,765 609,935 53,166 840,866 △527,172 313,693
(注) １．セグメント利益の調整額は、主に全社費用であります。全社費用は、主に報告セグメントに帰属しない一般
管理費であります。
２．セグメント利益は、四半期連結損益計算書の営業利益と調整を行っております。
（キャッシュ・フロー計算書に関する注記）
当第１四半期連結累計期間に係る四半期連結キャッシュ・フロー計算書は作成しておりません。なお、第１四
半期連結累計期間に係る減価償却費（無形固定資産に係る償却費を含む。）は、次のとおりであります。
前第１四半期連結累計期間
(自 2025年４月１日
至 2025年６月30日)
当第１四半期連結累計期間
(自 2026年４月１日
至 2026年６月30日)
減価償却費 371,232千円 399,141千円"
