batch,stock_code,long_name,theme_name,cluster,current_business_score,growth_relevance_score,relevance_score,band,confidence,review_flag,evidence,official_hits,official_hit_count,official_position,official_urls,quote_type,sector,industry,website
10,8117,Central Automotive Products Ltd.,自動車部材・部品,自動車・モビリティ,97,99,98,主力テーマ,A,ok,direct=automotive parts/auto parts; position=0.06; growth=development,,0,,https://www.central-auto.co.jp | https://www.central-auto.co.jp/ja/business.html | https://www.central-auto.co.jp/ja/company.html,EQUITY,Consumer Cyclical,Auto Parts,https://www.central-auto.co.jp
10,8119,Sanyei Corporation,防災,防衛・国土強靱化,8,5,7,ノイズ候補,C,needs_review,事業概要に直接根拠を確認できず,,0,,https://www.sanyeicorp.com,EQUITY,Consumer Cyclical,"Furnishings, Fixtures & Appliances",https://www.sanyeicorp.com
10,8125,"Wakita & Co.,LTD.",不動産関連,不動産・建設,92,84,90,主力テーマ,A,ok,direct=real estate business; position=0.05; official=不動産; count=7; pos=0.12,不動産,7,0.1225,https://www.wakita.co.jp,EQUITY,Industrials,Farm & Heavy Construction Machinery,https://www.wakita.co.jp
10,8125,"Wakita & Co.,LTD.",介護関連,医療・ヘルスケア,92,98,94,主力テーマ,A,official_site_supported,direct=nursing care; position=0.70; official=介護; count=7; pos=0.11,介護,7,0.1144,https://www.wakita.co.jp,EQUITY,Industrials,Farm & Heavy Construction Machinery,https://www.wakita.co.jp
10,8125,"Wakita & Co.,LTD.",建設機械,設備投資・機械,97,89,95,主力テーマ,A,ok,direct=construction machinery/construction equipment; position=0.02,,0,,https://www.wakita.co.jp,EQUITY,Industrials,Farm & Heavy Construction Machinery,https://www.wakita.co.jp
10,8129,"Toho Holdings Co., Ltd.",医薬品関連,医療・ヘルスケア,97,100,98,主力テーマ,A,ok,direct=pharmaceutical/pharma; position=0.04; growth=development; official=医薬品/医薬/医薬品関連; count=31; pos=0.02,医薬品 | 医薬 | 医薬品関連,31,0.0162,https://www.tohohd.co.jp,EQUITY,Healthcare,Medical Distribution,https://www.tohohd.co.jp
10,8131,"Mitsuuroko Group Holdings Co.,Ltd.",マンション関連,不動産・建設,8,5,7,ノイズ候補,C,needs_review,事業概要に直接根拠を確認できず,,0,,https://www.mitsuuroko.com,EQUITY,Energy,Oil & Gas Refining & Marketing,https://www.mitsuuroko.com
10,8131,"Mitsuuroko Group Holdings Co.,Ltd.",再生可能エネルギー,GX・エネルギー,42,40,41,補助関連,C,needs_review,adjacent=solar power; growth=develops,,0,,https://www.mitsuuroko.com,EQUITY,Energy,Oil & Gas Refining & Marketing,https://www.mitsuuroko.com
10,8131,"Mitsuuroko Group Holdings Co.,Ltd.",太陽光発電関連,GX・エネルギー,86,88,87,主力テーマ,A,ok,direct=solar power; position=0.34; growth=develops,,0,,https://www.mitsuuroko.com,EQUITY,Energy,Oil & Gas Refining & Marketing,https://www.mitsuuroko.com
10,8131,"Mitsuuroko Group Holdings Co.,Ltd.",風力発電,GX・エネルギー,8,5,7,ノイズ候補,C,needs_review,事業概要に直接根拠を確認できず,,0,,https://www.mitsuuroko.com,EQUITY,Energy,Oil & Gas Refining & Marketing,https://www.mitsuuroko.com
10,8132,"Sinanen Holdings Co., Ltd.",再生可能エネルギー,GX・エネルギー,82,84,83,主力テーマ,B,ok,direct=renewable energy; position=0.44; growth=development,,0,,https://sinanengroup.co.jp,EQUITY,Energy,Oil & Gas Refining & Marketing,https://sinanengroup.co.jp
10,8132,"Sinanen Holdings Co., Ltd.",太陽光発電関連,GX・エネルギー,82,84,83,主力テーマ,B,ok,direct=solar power; position=0.41; growth=development,,0,,https://sinanengroup.co.jp,EQUITY,Energy,Oil & Gas Refining & Marketing,https://sinanengroup.co.jp
10,8133,"Itochu Enex Co.,Ltd.",アンモニア,GX・エネルギー,8,5,7,ノイズ候補,C,needs_review,事業概要に直接根拠を確認できず,,0,,https://www.itcenex.com,EQUITY,Industrials,Conglomerates,https://www.itcenex.com
10,8133,"Itochu Enex Co.,Ltd.",太陽光発電関連,GX・エネルギー,66,56,63,有力関連,B,qa_borderline,direct=solar power; position=0.55,,0,,https://www.itcenex.com,EQUITY,Industrials,Conglomerates,https://www.itcenex.com
10,8133,"Itochu Enex Co.,Ltd.",電力会社,データセンター・電力,42,30,38,ノイズ候補,C,needs_review,adjacent=power generation,,0,,https://www.itcenex.com,EQUITY,Industrials,Conglomerates,https://www.itcenex.com
10,8133,"Itochu Enex Co.,Ltd.",風力発電,GX・エネルギー,8,5,7,ノイズ候補,C,needs_review,事業概要に直接根拠を確認できず,,0,,https://www.itcenex.com,EQUITY,Industrials,Conglomerates,https://www.itcenex.com
10,8136,"Sanrio Company, Ltd.",インバウンド,内需・消費,42,40,41,補助関連,C,needs_review_macro,adjacent=restaurant; growth=development,,0,,https://www.sanrio.co.jp | https://www.sanrio.co.jp/news/goods/goods-release-202609-week2/,EQUITY,Consumer Cyclical,Specialty Retail,https://www.sanrio.co.jp
10,8136,"Sanrio Company, Ltd.",サービスロボット,設備投資・機械,42,40,41,補助関連,C,needs_review,adjacent=robot; growth=development,,0,,https://www.sanrio.co.jp | https://www.sanrio.co.jp/news/goods/goods-release-202609-week2/,EQUITY,Consumer Cyclical,Specialty Retail,https://www.sanrio.co.jp
10,8137,Sun-Wa Technos Corporation,FA関連,設備投資・機械,82,74,80,主力テーマ,B,ok,direct=factory automation; position=0.42; official=FA; count=2; pos=0.45,FA,2,0.4527,https://www.sunwa.co.jp,EQUITY,Technology,Electronics & Computer Distribution,https://www.sunwa.co.jp
10,8137,Sun-Wa Technos Corporation,ロボット,AI・半導体,66,56,63,有力関連,B,qa_borderline,direct=robot; position=0.55,,0,,https://www.sunwa.co.jp,EQUITY,Technology,Electronics & Computer Distribution,https://www.sunwa.co.jp
10,8138,Sankyo Kasei Corporation,半導体部材・部品,AI・半導体,8,5,7,ノイズ候補,C,needs_review,事業概要に直接根拠を確認できず,,0,,https://www.sankyokasei-corp.co.jp,EQUITY,Basic Materials,Specialty Chemicals,https://www.sankyokasei-corp.co.jp
10,8138,Sankyo Kasei Corporation,自動車部材・部品,自動車・モビリティ,8,5,7,ノイズ候補,C,needs_review,事業概要に直接根拠を確認できず,,0,,https://www.sankyokasei-corp.co.jp,EQUITY,Basic Materials,Specialty Chemicals,https://www.sankyokasei-corp.co.jp
10,8141,"Shinko Shoji Co., Ltd.",半導体,AI・半導体,97,99,98,主力テーマ,A,ok,direct=semiconductor/integrated circuit; position=0.16; growth=development; official=半導体; count=11; pos=0.02,半導体,11,0.0236,https://shinko-sj.co.jp | https://shinko-sj.co.jp/corp/outline/ | https://shinko-sj.co.jp/business/,EQUITY,Technology,Electronics & Computer Distribution,https://shinko-sj.co.jp
10,8141,"Shinko Shoji Co., Ltd.",半導体商社,AI・半導体,42,40,41,補助関連,C,needs_review,adjacent=semiconductor; growth=development,,0,,https://shinko-sj.co.jp | https://shinko-sj.co.jp/corp/outline/ | https://shinko-sj.co.jp/business/,EQUITY,Technology,Electronics & Computer Distribution,https://shinko-sj.co.jp
10,8141,"Shinko Shoji Co., Ltd.",自動車部材・部品,自動車・モビリティ,46,44,45,補助関連,C,needs_review,adjacent=automotive/vehicle; growth=development,,0,,https://shinko-sj.co.jp | https://shinko-sj.co.jp/corp/outline/ | https://shinko-sj.co.jp/business/,EQUITY,Technology,Electronics & Computer Distribution,https://shinko-sj.co.jp
10,8142,"Toho Co., Ltd.",外食,内需・消費,86,88,87,主力テーマ,A,ok,direct=restaurant; position=0.37; growth=development,,0,,https://www.to-ho.co.jp,EQUITY,Consumer Defensive,Food Distribution,https://www.to-ho.co.jp
10,8143,"Lapine Co., Ltd.",小売り,内需・消費,86,78,84,主力テーマ,B,ok,direct=retail business; position=0.31,,0,,https://www.lapine.co.jp | https://www.lapine.co.jp/company.html,EQUITY,Consumer Cyclical,Apparel Manufacturing,https://www.lapine.co.jp
10,8145,,倉庫,物流・海運,8,5,7,ノイズ候補,C,needs_official_ir,事業概要に直接根拠を確認できず,,0,,,,,,
10,8147,"Tomita Co., Ltd.",FA関連,設備投資・機械,72,68,71,有力関連,B,needs_review,adjacent=automation; official=FA; count=1; pos=0.21,FA,1,0.2132,https://www.tomitaj.co.jp,EQUITY,Industrials,Industrial Distribution,https://www.tomitaj.co.jp
10,8147,"Tomita Co., Ltd.",ロボット,AI・半導体,58,46,54,補助関連,C,needs_review,direct=robot; position=0.81,,0,,https://www.tomitaj.co.jp,EQUITY,Industrials,Industrial Distribution,https://www.tomitaj.co.jp
10,8147,"Tomita Co., Ltd.",工作機械,設備投資・機械,100,92,98,主力テーマ,A,ok,direct=machine tool/machining center/lathe; position=0.02,,0,,https://www.tomitaj.co.jp,EQUITY,Industrials,Industrial Distribution,https://www.tomitaj.co.jp
10,8150,"Sanshin Electronics Co., Ltd.",半導体,AI・半導体,100,100,100,主力テーマ,A,ok,industry=Semiconductors; direct=semiconductor/integrated circuit/microcontroller; position=0.09; growth=develops/development; official=半導体; count=8; pos=0.04,半導体,8,0.0433,https://www.sanshin.co.jp | https://www.sanshin.co.jp/company/ | https://www.sanshin.co.jp/solution/application/,EQUITY,Technology,Semiconductors,https://www.sanshin.co.jp
10,8150,"Sanshin Electronics Co., Ltd.",半導体商社,AI・半導体,42,42,42,補助関連,C,needs_review,adjacent=semiconductor; growth=develops/development,,0,,https://www.sanshin.co.jp | https://www.sanshin.co.jp/company/ | https://www.sanshin.co.jp/solution/application/,EQUITY,Technology,Semiconductors,https://www.sanshin.co.jp
10,8151,TOYO Corporation,サイバーセキュリティ,防衛・国土強靱化,92,90,91,主力テーマ,A,official_site_supported,direct=cyber security; position=0.65; growth=develops/development; official=情報セキュリティ; count=6; pos=0.30,情報セキュリティ,6,0.3003,https://www.toyo.co.jp | https://www.toyo.co.jp/business/ | https://www.toyo.co.jp/news/detail/id=47000,EQUITY,Technology,Scientific & Technical Instruments,https://www.toyo.co.jp
10,8151,TOYO Corporation,ロボット,AI・半導体,8,5,7,ノイズ候補,C,needs_review,事業概要に直接根拠を確認できず,,0,,https://www.toyo.co.jp | https://www.toyo.co.jp/business/ | https://www.toyo.co.jp/news/detail/id=47000,EQUITY,Technology,Scientific & Technical Instruments,https://www.toyo.co.jp
10,8151,TOYO Corporation,水素,GX・エネルギー,8,5,7,ノイズ候補,C,needs_review,事業概要に直接根拠を確認できず,,0,,https://www.toyo.co.jp | https://www.toyo.co.jp/business/ | https://www.toyo.co.jp/news/detail/id=47000,EQUITY,Technology,Scientific & Technical Instruments,https://www.toyo.co.jp
10,8151,TOYO Corporation,自動車製造装置,自動車・モビリティ,8,5,7,ノイズ候補,C,needs_review,事業概要に直接根拠を確認できず,,0,,https://www.toyo.co.jp | https://www.toyo.co.jp/business/ | https://www.toyo.co.jp/news/detail/id=47000,EQUITY,Technology,Scientific & Technical Instruments,https://www.toyo.co.jp
10,8151,TOYO Corporation,自動運転車,自動車・モビリティ,58,60,59,補助関連,C,needs_review,direct=autonomous driving; position=0.83; growth=develops/development,,0,,https://www.toyo.co.jp | https://www.toyo.co.jp/business/ | https://www.toyo.co.jp/news/detail/id=47000,EQUITY,Technology,Scientific & Technical Instruments,https://www.toyo.co.jp
10,8151,TOYO Corporation,量子コンピューター,AI・半導体,90,68,83,主力テーマ,B,official_site_supported,事業概要に直接根拠を確認できず; official=量子コンピューター; count=2; pos=0.09,量子コンピューター,2,0.0858,https://www.toyo.co.jp | https://www.toyo.co.jp/business/ | https://www.toyo.co.jp/news/detail/id=47000,EQUITY,Technology,Scientific & Technical Instruments,https://www.toyo.co.jp
10,8151,TOYO Corporation,防衛,防衛・国土強靱化,90,82,88,主力テーマ,A,official_site_supported,事業概要に直接根拠を確認できず; official=防衛; count=4; pos=0.07,防衛,4,0.0725,https://www.toyo.co.jp | https://www.toyo.co.jp/business/ | https://www.toyo.co.jp/news/detail/id=47000,EQUITY,Technology,Scientific & Technical Instruments,https://www.toyo.co.jp
10,8151,TOYO Corporation,電気自動車関連,自動車・モビリティ,72,68,71,有力関連,B,needs_review,事業概要に直接根拠を確認できず; official=EV; count=1; pos=0.28,EV,1,0.2783,https://www.toyo.co.jp | https://www.toyo.co.jp/business/ | https://www.toyo.co.jp/news/detail/id=47000,EQUITY,Technology,Scientific & Technical Instruments,https://www.toyo.co.jp
10,8152,SOMAR Corporation,自動車部材・部品,自動車・モビリティ,8,5,7,ノイズ候補,C,needs_review,事業概要に直接根拠を確認できず,,0,,https://www.somar.co.jp,EQUITY,Basic Materials,Specialty Chemicals,https://www.somar.co.jp
10,8152,SOMAR Corporation,電気自動車関連,自動車・モビリティ,8,5,7,ノイズ候補,C,needs_review,事業概要に直接根拠を確認できず,,0,,https://www.somar.co.jp,EQUITY,Basic Materials,Specialty Chemicals,https://www.somar.co.jp
10,8152,SOMAR Corporation,食品,内需・消費,58,54,57,補助関連,C,needs_review,事業概要に直接根拠を確認できず; official=食品; count=3; pos=0.20,食品,3,0.1982,https://www.somar.co.jp,EQUITY,Basic Materials,Specialty Chemicals,https://www.somar.co.jp
10,8153,"Mos Food Services, Inc.",外食,内需・消費,97,89,95,主力テーマ,A,ok,industry=Restaurants; direct=restaurant/food service; position=0.01,,0,,https://www.mos.co.jp,EQUITY,Consumer Cyclical,Restaurants,https://www.mos.co.jp
10,8153,"Mos Food Services, Inc.",宅配,物流・海運,8,5,7,ノイズ候補,C,needs_review,事業概要に直接根拠を確認できず,,0,,https://www.mos.co.jp,EQUITY,Consumer Cyclical,Restaurants,https://www.mos.co.jp
10,8154,"Kaga Electronics Co.,Ltd.",半導体,AI・半導体,92,94,93,主力テーマ,A,ok,direct=semiconductor; position=0.04; growth=development; official=半導体; count=9; pos=0.02,半導体,9,0.0199,https://www.taxan.co.jp | https://www.taxan.co.jp/company/outline.php | https://www.taxan.co.jp/company/network.php,EQUITY,Technology,Electronic Components,https://www.taxan.co.jp
10,8154,"Kaga Electronics Co.,Ltd.",半導体商社,AI・半導体,42,40,41,補助関連,C,needs_review,adjacent=semiconductor; growth=development,,0,,https://www.taxan.co.jp | https://www.taxan.co.jp/company/outline.php | https://www.taxan.co.jp/company/network.php,EQUITY,Technology,Electronic Components,https://www.taxan.co.jp
10,8154,"Kaga Electronics Co.,Ltd.",自動車部材・部品,自動車・モビリティ,8,5,7,ノイズ候補,C,needs_review,事業概要に直接根拠を確認できず,,0,,https://www.taxan.co.jp | https://www.taxan.co.jp/company/outline.php | https://www.taxan.co.jp/company/network.php,EQUITY,Technology,Electronic Components,https://www.taxan.co.jp
10,8157,"Tsuzuki Denki Co., Ltd.",IT関連,デジタル・サービス,92,94,93,主力テーマ,A,ok,direct=information systems; position=0.14; growth=development; official=IT; count=1; pos=0.32,IT,1,0.3204,https://www.tsuzuki.co.jp,EQUITY,Industrials,Conglomerates,https://www.tsuzuki.co.jp
10,8157,"Tsuzuki Denki Co., Ltd.",IoT,設備投資・機械,87,89,88,主力テーマ,A,ok,direct= iot/iot solution; position=0.43; growth=development,,0,,https://www.tsuzuki.co.jp,EQUITY,Industrials,Conglomerates,https://www.tsuzuki.co.jp
10,8157,"Tsuzuki Denki Co., Ltd.",SaaS,デジタル・サービス,86,88,87,主力テーマ,A,ok,direct=saas; position=0.30; growth=development; official=SaaS; count=1; pos=0.34,SaaS,1,0.3398,https://www.tsuzuki.co.jp,EQUITY,Industrials,Conglomerates,https://www.tsuzuki.co.jp
10,8157,"Tsuzuki Denki Co., Ltd.",エッジコンピューティング,AI・半導体,42,40,41,補助関連,C,needs_review,adjacent=iot; growth=development,,0,,https://www.tsuzuki.co.jp,EQUITY,Industrials,Conglomerates,https://www.tsuzuki.co.jp
10,8157,"Tsuzuki Denki Co., Ltd.",クラウドコンピューティング,デジタル・サービス,90,68,83,主力テーマ,B,official_site_supported,adjacent=cloud/saas; growth=development; official=クラウド; count=2; pos=0.15,クラウド,2,0.1474,https://www.tsuzuki.co.jp,EQUITY,Industrials,Conglomerates,https://www.tsuzuki.co.jp
10,8157,"Tsuzuki Denki Co., Ltd.",サイバーセキュリティ,防衛・国土強靱化,85,82,84,主力テーマ,B,official_site_supported,direct=cybersecurity; position=0.51; growth=development; official=サイバーセキュリティ/情報セキュリティ; count=3; pos=0.21,サイバーセキュリティ | 情報セキュリティ,3,0.2061,https://www.tsuzuki.co.jp,EQUITY,Industrials,Conglomerates,https://www.tsuzuki.co.jp
10,8157,"Tsuzuki Denki Co., Ltd.",デジタルトランスフォーメーション,デジタル・サービス,90,82,88,主力テーマ,A,official_site_supported,事業概要に直接根拠を確認できず; official=DX; count=4; pos=0.08,DX,4,0.0800,https://www.tsuzuki.co.jp,EQUITY,Industrials,Conglomerates,https://www.tsuzuki.co.jp
10,8157,"Tsuzuki Denki Co., Ltd.",人工知能,AI・半導体,90,68,83,主力テーマ,B,official_site_supported,事業概要に直接根拠を確認できず; official=AI; count=2; pos=0.08,AI,2,0.0818,https://www.tsuzuki.co.jp,EQUITY,Industrials,Conglomerates,https://www.tsuzuki.co.jp
10,8157,"Tsuzuki Denki Co., Ltd.",生成AI,AI・半導体,8,5,7,ノイズ候補,C,needs_review,事業概要に直接根拠を確認できず,,0,,https://www.tsuzuki.co.jp,EQUITY,Industrials,Conglomerates,https://www.tsuzuki.co.jp
10,8159,"Tachibana Eletech Co., Ltd.",FA関連,設備投資・機械,92,84,90,主力テーマ,A,ok,direct=factory automation; position=0.11; official=FA; count=1; pos=0.48,FA,1,0.4774,https://www.tachibana.co.jp | https://www.tachibana.co.jp/company/ | https://www.tachibana.co.jp/company/overview/,EQUITY,Technology,Electronic Components,https://www.tachibana.co.jp
10,8159,"Tachibana Eletech Co., Ltd.",ロボット,AI・半導体,86,78,84,主力テーマ,B,ok,direct=robot; position=0.31; official=ロボット; count=2; pos=0.24,ロボット,2,0.2420,https://www.tachibana.co.jp | https://www.tachibana.co.jp/company/ | https://www.tachibana.co.jp/company/overview/,EQUITY,Technology,Electronic Components,https://www.tachibana.co.jp
10,8159,"Tachibana Eletech Co., Ltd.",半導体,AI・半導体,97,89,95,主力テーマ,A,ok,direct=semiconductor/microcontroller; position=0.13; official=半導体; count=2; pos=0.80,半導体,2,0.7980,https://www.tachibana.co.jp | https://www.tachibana.co.jp/company/ | https://www.tachibana.co.jp/company/overview/,EQUITY,Technology,Electronic Components,https://www.tachibana.co.jp
10,8159,"Tachibana Eletech Co., Ltd.",半導体商社,AI・半導体,46,34,42,補助関連,C,needs_review,adjacent=semiconductor/trading company,,0,,https://www.tachibana.co.jp | https://www.tachibana.co.jp/company/ | https://www.tachibana.co.jp/company/overview/,EQUITY,Technology,Electronic Components,https://www.tachibana.co.jp
10,8159,"Tachibana Eletech Co., Ltd.",受変電設備,データセンター・電力,58,46,54,補助関連,C,needs_review,direct=substation; position=0.77,,0,,https://www.tachibana.co.jp | https://www.tachibana.co.jp/company/ | https://www.tachibana.co.jp/company/overview/,EQUITY,Technology,Electronic Components,https://www.tachibana.co.jp
10,8159,"Tachibana Eletech Co., Ltd.",機械,設備投資・機械,72,68,71,有力関連,B,needs_review,adjacent=equipment/machine; official=機械; count=12; pos=0.77,機械,12,0.7745,https://www.tachibana.co.jp | https://www.tachibana.co.jp/company/ | https://www.tachibana.co.jp/company/overview/,EQUITY,Technology,Electronic Components,https://www.tachibana.co.jp
10,8160,"Kisoji Co., Ltd.",外食,内需・消費,94,86,92,主力テーマ,A,ok,industry=Restaurants; direct=restaurant; position=0.07,,0,,https://www.kisoji.co.jp,EQUITY,Consumer Cyclical,Restaurants,https://www.kisoji.co.jp
10,8163,"SRS Holdings Co.,Ltd.",外食,内需・消費,94,86,92,主力テーマ,A,ok,industry=Restaurants; direct=restaurant; position=0.10,,0,,https://srs-holdings.co.jp,EQUITY,Consumer Cyclical,Restaurants,https://srs-holdings.co.jp
10,8167,"Retail Partners Co., Ltd.",生活防衛,内需・消費,42,30,38,ノイズ候補,C,needs_review_macro,adjacent=supermarket,,0,,https://retailpartners.co.jp,EQUITY,Consumer Defensive,Grocery Stores,https://retailpartners.co.jp
10,8173,Joshin Corporation,インバウンド,内需・消費,8,5,7,ノイズ候補,C,needs_review_macro,事業概要に直接根拠を確認できず,,0,,https://www.joshin.co.jp | https://www.joshin.co.jp/ja/product-safe-use.html | https://www.joshin.co.jp/ja/product_secure.html,EQUITY,Consumer Cyclical,Specialty Retail,https://www.joshin.co.jp
10,8173,Joshin Corporation,小売り,内需・消費,90,82,88,主力テーマ,A,ok,industry=Specialty Retail; adjacent=retail,,0,,https://www.joshin.co.jp | https://www.joshin.co.jp/ja/product-safe-use.html | https://www.joshin.co.jp/ja/product_secure.html,EQUITY,Consumer Cyclical,Specialty Retail,https://www.joshin.co.jp
10,8173,Joshin Corporation,生活防衛,内需・消費,8,5,7,ノイズ候補,C,needs_review_macro,事業概要に直接根拠を確認できず,,0,,https://www.joshin.co.jp | https://www.joshin.co.jp/ja/product-safe-use.html | https://www.joshin.co.jp/ja/product_secure.html,EQUITY,Consumer Cyclical,Specialty Retail,https://www.joshin.co.jp
10,8179,"ROYAL HOLDINGS Co., Ltd.",ホテル,内需・消費,92,94,93,主力テーマ,A,ok,direct=hotel business; position=0.13; growth=develops; official=ホテル; count=12; pos=0.08,ホテル,12,0.0838,https://www.royal-holdings.co.jp | https://www.royal-holdings.co.jp/co/ | https://www.royal-holdings.co.jp/co/outline/,EQUITY,Consumer Cyclical,Restaurants,https://www.royal-holdings.co.jp
10,8179,"ROYAL HOLDINGS Co., Ltd.",外食,内需・消費,94,96,95,主力テーマ,A,ok,industry=Restaurants; direct=restaurant; position=0.06; growth=develops; official=外食; count=5; pos=0.28,外食,5,0.2772,https://www.royal-holdings.co.jp | https://www.royal-holdings.co.jp/co/ | https://www.royal-holdings.co.jp/co/outline/,EQUITY,Consumer Cyclical,Restaurants,https://www.royal-holdings.co.jp
10,8181,"Totenko Co., Ltd.",外食,内需・消費,94,86,92,主力テーマ,A,ok,industry=Restaurants; direct=restaurant; position=0.05,,0,,https://www.totenko.co.jp | https://www.totenko.co.jp/company/,EQUITY,Consumer Cyclical,Restaurants,https://www.totenko.co.jp
10,8185,"Chiyoda Co., Ltd.",eコマース,内需・消費,85,91,87,主力テーマ,A,official_site_supported,事業概要に直接根拠を確認できず; official=EC; count=3; pos=0.25,EC,3,0.2452,https://www.chiyodagrp.co.jp | https://www.chiyodagrp.co.jp/company/president.html | https://www.chiyodagrp.co.jp/special/home-de-shoes/,EQUITY,Consumer Cyclical,Apparel Retail,https://www.chiyodagrp.co.jp
10,8185,"Chiyoda Co., Ltd.",小売り,内需・消費,66,66,66,有力関連,B,qa_borderline,direct=retailing; position=0.58; growth=development,,0,,https://www.chiyodagrp.co.jp | https://www.chiyodagrp.co.jp/company/president.html | https://www.chiyodagrp.co.jp/special/home-de-shoes/,EQUITY,Consumer Cyclical,Apparel Retail,https://www.chiyodagrp.co.jp
10,8190,,宅配,物流・海運,8,5,7,ノイズ候補,C,needs_official_ir,事業概要に直接根拠を確認できず,,0,,,,,,
10,8190,,食品,内需・消費,8,5,7,ノイズ候補,C,needs_official_ir,事業概要に直接根拠を確認できず,,0,,,,,,
10,8194,Life Corporation,宅配,物流・海運,8,5,7,ノイズ候補,C,needs_review,事業概要に直接根拠を確認できず,,0,,https://www.lifecorp.jp,EQUITY,Consumer Defensive,Grocery Stores,https://www.lifecorp.jp
10,8194,Life Corporation,小売り,内需・消費,94,86,92,主力テーマ,A,ok,industry=Grocery Stores; direct=supermarket; position=0.10,,0,,https://www.lifecorp.jp,EQUITY,Consumer Defensive,Grocery Stores,https://www.lifecorp.jp
10,8198,"Maxvalu Tokai Co.,Ltd.",小売り,内需・消費,94,86,92,主力テーマ,A,ok,industry=Grocery Stores; direct=supermarket; position=0.13,,0,,https://www.mv-tokai.co.jp | https://www.mv-tokai.co.jp/company/profile/ | https://www.mv-tokai.co.jp/company/profile,EQUITY,Consumer Defensive,Grocery Stores,https://www.mv-tokai.co.jp
10,8200,"Ringer Hut Co.,Ltd.",外食,内需・消費,94,86,92,主力テーマ,A,ok,industry=Restaurants; direct=restaurant; position=0.08,,0,,https://www.ringerhut.co.jp,EQUITY,Consumer Cyclical,Restaurants,https://www.ringerhut.co.jp
10,8200,"Ringer Hut Co.,Ltd.",宅配,物流・海運,8,5,7,ノイズ候補,C,needs_review,事業概要に直接根拠を確認できず,,0,,https://www.ringerhut.co.jp,EQUITY,Consumer Cyclical,Restaurants,https://www.ringerhut.co.jp
10,8202,"Laox Holdings CO.,LTD.",eコマース,内需・消費,90,82,88,主力テーマ,A,official_site_supported,direct=e-commerce; position=0.65; growth=develops; official=EC; count=3; pos=0.14,EC,3,0.1414,https://www.laox.co.jp | https://www.laox.co.jp/corporate/business01/ | https://www.laox.co.jp/corporate/business02/,EQUITY,Consumer Cyclical,Specialty Retail,https://www.laox.co.jp
10,8202,"Laox Holdings CO.,LTD.",インバウンド,内需・消費,48,48,48,補助関連,C,needs_review_macro,adjacent=duty-free/restaurant; growth=develops; official=インバウンド/訪日外国人; count=3; pos=0.80,インバウンド | 訪日外国人,3,0.7967,https://www.laox.co.jp | https://www.laox.co.jp/corporate/business01/ | https://www.laox.co.jp/corporate/business02/,EQUITY,Consumer Cyclical,Specialty Retail,https://www.laox.co.jp
10,8202,"Laox Holdings CO.,LTD.",小売り,内需・消費,94,96,95,主力テーマ,A,ok,industry=Specialty Retail; direct=retail business; position=0.06; growth=develops,,0,,https://www.laox.co.jp | https://www.laox.co.jp/corporate/business01/ | https://www.laox.co.jp/corporate/business02/,EQUITY,Consumer Cyclical,Specialty Retail,https://www.laox.co.jp
10,8202,"Laox Holdings CO.,LTD.",食品,内需・消費,8,5,7,ノイズ候補,C,needs_review,事業概要に直接根拠を確認できず,,0,,https://www.laox.co.jp | https://www.laox.co.jp/corporate/business01/ | https://www.laox.co.jp/corporate/business02/,EQUITY,Consumer Cyclical,Specialty Retail,https://www.laox.co.jp
10,8203,Mr Max Holdings Ltd.,小売り,内需・消費,94,86,92,主力テーマ,A,ok,industry=Discount Stores; direct=discount stores; position=0.05,,0,,https://www.mrmaxhd.co.jp/company/,EQUITY,Consumer Defensive,Discount Stores,https://www.mrmaxhd.co.jp/company/
10,8203,Mr Max Holdings Ltd.,物流,物流・海運,8,5,7,ノイズ候補,C,needs_review,事業概要に直接根拠を確認できず,,0,,https://www.mrmaxhd.co.jp/company/,EQUITY,Consumer Defensive,Discount Stores,https://www.mrmaxhd.co.jp/company/
10,8203,Mr Max Holdings Ltd.,生活防衛,内需・消費,66,56,63,有力関連,B,needs_review_macro,direct=discount store; position=0.05,,0,,https://www.mrmaxhd.co.jp/company/,EQUITY,Consumer Defensive,Discount Stores,https://www.mrmaxhd.co.jp/company/
10,8203,Mr Max Holdings Ltd.,食品,内需・消費,8,5,7,ノイズ候補,C,needs_review,事業概要に直接根拠を確認できず,,0,,https://www.mrmaxhd.co.jp/company/,EQUITY,Consumer Defensive,Discount Stores,https://www.mrmaxhd.co.jp/company/
10,8207,"Ten Allied Co.,Ltd.",外食,内需・消費,97,89,95,主力テーマ,A,ok,industry=Restaurants; direct=restaurant/food service; position=0.10,,0,,https://www.teng.co.jp,EQUITY,Consumer Cyclical,Restaurants,https://www.teng.co.jp
10,8214,AOKI Holdings Inc.,小売り,内需・消費,42,30,38,ノイズ候補,C,needs_review,adjacent=retail,,0,,https://www.aoki-hd.co.jp,EQUITY,Consumer Cyclical,Apparel Retail,https://www.aoki-hd.co.jp
10,8217,"Okuwa Co., Ltd.",生活防衛,内需・消費,8,5,7,ノイズ候補,C,needs_review_macro,事業概要に直接根拠を確認できず,,0,,https://www.okuwa.net,EQUITY,Consumer Cyclical,Department Stores,https://www.okuwa.net
10,8218,"Komeri Co.,Ltd.",太陽光発電関連,GX・エネルギー,8,5,7,ノイズ候補,C,needs_review,事業概要に直接根拠を確認できず,,0,,https://www.komeri.bit.or.jp,EQUITY,Consumer Cyclical,Home Improvement Retail,https://www.komeri.bit.or.jp
10,8218,"Komeri Co.,Ltd.",小売り,内需・消費,46,44,45,補助関連,C,needs_review,adjacent=retail/stores; growth=development,,0,,https://www.komeri.bit.or.jp,EQUITY,Consumer Cyclical,Home Improvement Retail,https://www.komeri.bit.or.jp
10,8219,"Aoyama Trading Co., Ltd.",外食,内需・消費,58,46,54,補助関連,C,needs_review,direct=restaurant; position=0.78,,0,,https://www.aoyama-syouji.co.jp,EQUITY,Consumer Cyclical,Apparel Retail,https://www.aoyama-syouji.co.jp
10,8225,"Takachiho Co.,Ltd.",インバウンド,内需・消費,46,34,42,補助関連,C,needs_review_macro,adjacent=hotel/restaurant,,0,,https://kk-takachiho.jp,EQUITY,Consumer Cyclical,Specialty Retail,https://kk-takachiho.jp
10,8225,"Takachiho Co.,Ltd.",外食,内需・消費,58,46,54,補助関連,C,needs_review,direct=restaurant; position=0.71,,0,,https://kk-takachiho.jp,EQUITY,Consumer Cyclical,Specialty Retail,https://kk-takachiho.jp
10,8225,"Takachiho Co.,Ltd.",小売り,内需・消費,97,89,95,主力テーマ,A,ok,industry=Specialty Retail; direct=retail stores/retail business; position=0.14,,0,,https://kk-takachiho.jp,EQUITY,Consumer Cyclical,Specialty Retail,https://kk-takachiho.jp
10,8225,"Takachiho Co.,Ltd.",旅行,内需・消費,8,5,7,ノイズ候補,C,needs_review,事業概要に直接根拠を確認できず,,0,,https://kk-takachiho.jp,EQUITY,Consumer Cyclical,Specialty Retail,https://kk-takachiho.jp
10,8226,Rikei Corporation,3Dプリンター,設備投資・機械,8,5,7,ノイズ候補,C,needs_review,事業概要に直接根拠を確認できず,,0,,https://www.rikei.co.jp | https://www.rikei.co.jp/solution/ | https://www.rikei.co.jp/mail_magazine/,EQUITY,Technology,Information Technology Services,https://www.rikei.co.jp
10,8226,Rikei Corporation,IT関連,デジタル・サービス,94,98,95,主力テーマ,A,ok,industry=Information Technology Services; direct=information technology; growth=development/research; official=IT; count=41; pos=0.03,IT,41,0.0295,https://www.rikei.co.jp | https://www.rikei.co.jp/solution/ | https://www.rikei.co.jp/mail_magazine/,EQUITY,Technology,Information Technology Services,https://www.rikei.co.jp
10,8226,Rikei Corporation,ドローン,防衛・国土強靱化,8,5,7,ノイズ候補,C,needs_review,事業概要に直接根拠を確認できず,,0,,https://www.rikei.co.jp | https://www.rikei.co.jp/solution/ | https://www.rikei.co.jp/mail_magazine/,EQUITY,Technology,Information Technology Services,https://www.rikei.co.jp
10,8226,Rikei Corporation,光ファイバー,データセンター・電力,92,98,94,主力テーマ,A,official_site_supported,事業概要に直接根拠を確認できず; official=光ファイバー/光ファイバ; count=7; pos=0.04,光ファイバー | 光ファイバ,7,0.0407,https://www.rikei.co.jp | https://www.rikei.co.jp/solution/ | https://www.rikei.co.jp/mail_magazine/,EQUITY,Technology,Information Technology Services,https://www.rikei.co.jp
10,8226,Rikei Corporation,半導体商社,AI・半導体,8,5,7,ノイズ候補,C,needs_review,事業概要に直接根拠を確認できず,,0,,https://www.rikei.co.jp | https://www.rikei.co.jp/solution/ | https://www.rikei.co.jp/mail_magazine/,EQUITY,Technology,Information Technology Services,https://www.rikei.co.jp
10,8226,Rikei Corporation,防災,防衛・国土強靱化,92,98,94,主力テーマ,A,official_site_supported,事業概要に直接根拠を確認できず; official=防災/災害対策; count=69; pos=0.04,防災 | 災害対策,69,0.0353,https://www.rikei.co.jp | https://www.rikei.co.jp/solution/ | https://www.rikei.co.jp/mail_magazine/,EQUITY,Technology,Information Technology Services,https://www.rikei.co.jp
10,8226,Rikei Corporation,防衛,防衛・国土強靱化,85,91,87,主力テーマ,A,official_site_supported,事業概要に直接根拠を確認できず; official=防衛; count=3; pos=0.63,防衛,3,0.6341,https://www.rikei.co.jp | https://www.rikei.co.jp/solution/ | https://www.rikei.co.jp/mail_magazine/,EQUITY,Technology,Information Technology Services,https://www.rikei.co.jp
10,8233,"Takashimaya Company, Limited",インバウンド,内需・消費,42,40,41,補助関連,C,needs_review_macro,adjacent=restaurant; growth=development,,0,,https://www.takashimaya.co.jp,EQUITY,Consumer Cyclical,Department Stores,https://www.takashimaya.co.jp
10,8233,"Takashimaya Company, Limited",小売り,内需・消費,90,92,91,主力テーマ,A,ok,industry=Department Stores; adjacent=stores; growth=development,,0,,https://www.takashimaya.co.jp,EQUITY,Consumer Cyclical,Department Stores,https://www.takashimaya.co.jp
10,8237,"Matsuya Co., Ltd.",インバウンド,内需・消費,42,30,38,ノイズ候補,C,needs_review_macro,adjacent=restaurant,,0,,https://www.matsuya.com,EQUITY,Consumer Cyclical,Department Stores,https://www.matsuya.com
10,8237,"Matsuya Co., Ltd.",小売り,内需・消費,90,82,88,主力テーマ,A,ok,industry=Department Stores; adjacent=stores,,0,,https://www.matsuya.com,EQUITY,Consumer Cyclical,Department Stores,https://www.matsuya.com
10,8242,H2O Retailing Corporation,インバウンド,内需・消費,42,30,38,ノイズ候補,C,needs_review_macro,adjacent=hotel,,0,,https://www.h2o-retailing.co.jp | https://www.h2o-retailing.co.jp/ja/company.html,EQUITY,Consumer Defensive,Grocery Stores,https://www.h2o-retailing.co.jp
10,8242,H2O Retailing Corporation,宅配,物流・海運,42,30,38,ノイズ候補,C,needs_review,adjacent=delivery service,,0,,https://www.h2o-retailing.co.jp | https://www.h2o-retailing.co.jp/ja/company.html,EQUITY,Consumer Defensive,Grocery Stores,https://www.h2o-retailing.co.jp
10,8242,H2O Retailing Corporation,小売り,内需・消費,97,89,95,主力テーマ,A,ok,industry=Grocery Stores; direct=retailing/supermarket; position=0.00,,0,,https://www.h2o-retailing.co.jp | https://www.h2o-retailing.co.jp/ja/company.html,EQUITY,Consumer Defensive,Grocery Stores,https://www.h2o-retailing.co.jp
10,8244,"Kintetsu Department Store Co., Ltd.",インバウンド,内需・消費,42,30,38,ノイズ候補,C,needs_review_macro,adjacent=restaurant,,0,,https://www.d-kintetsu.co.jp,EQUITY,Consumer Cyclical,Department Stores,https://www.d-kintetsu.co.jp
10,8244,"Kintetsu Department Store Co., Ltd.",小売り,内需・消費,90,82,88,主力テーマ,A,ok,industry=Department Stores; adjacent=retail/stores,,0,,https://www.d-kintetsu.co.jp,EQUITY,Consumer Cyclical,Department Stores,https://www.d-kintetsu.co.jp
10,8247,"Daiwa Co.,Ltd.",インバウンド,内需・消費,42,30,38,ノイズ候補,C,needs_review_macro,adjacent=hotel,,0,,https://www.daiwa-dp.co.jp | https://www.daiwa-dp.co.jp/kohrinbo/2026/06/4.php | https://www.daiwa-dp.co.jp/toyama/2026/08/post-2701.php,EQUITY,Consumer Cyclical,Department Stores,https://www.daiwa-dp.co.jp
10,8247,"Daiwa Co.,Ltd.",ホテル,内需・消費,42,30,38,ノイズ候補,C,needs_review,adjacent=hotel; official=ホテル; count=1; pos=0.17,ホテル,1,0.1735,https://www.daiwa-dp.co.jp | https://www.daiwa-dp.co.jp/kohrinbo/2026/06/4.php | https://www.daiwa-dp.co.jp/toyama/2026/08/post-2701.php,EQUITY,Consumer Cyclical,Department Stores,https://www.daiwa-dp.co.jp
10,8247,"Daiwa Co.,Ltd.",小売り,内需・消費,90,82,88,主力テーマ,A,ok,industry=Department Stores; adjacent=stores,,0,,https://www.daiwa-dp.co.jp | https://www.daiwa-dp.co.jp/kohrinbo/2026/06/4.php | https://www.daiwa-dp.co.jp/toyama/2026/08/post-2701.php,EQUITY,Consumer Cyclical,Department Stores,https://www.daiwa-dp.co.jp
10,8252,"Marui Group Co., Ltd.",インバウンド,内需・消費,8,5,7,ノイズ候補,C,needs_review_macro,事業概要に直接根拠を確認できず,,0,,https://www.0101maruigroup.co.jp,EQUITY,Financial Services,Credit Services,https://www.0101maruigroup.co.jp
10,8252,"Marui Group Co., Ltd.",キャッシュレス決済,金融・金利,8,5,7,ノイズ候補,C,needs_review,事業概要に直接根拠を確認できず,,0,,https://www.0101maruigroup.co.jp,EQUITY,Financial Services,Credit Services,https://www.0101maruigroup.co.jp
10,8252,"Marui Group Co., Ltd.",フィンテック,金融・金利,92,96,93,主力テーマ,A,ok,direct=fintech; position=0.10; growth=development/investment; official=FinTech; count=6; pos=0.47,FinTech,6,0.4747,https://www.0101maruigroup.co.jp,EQUITY,Financial Services,Credit Services,https://www.0101maruigroup.co.jp
10,8252,"Marui Group Co., Ltd.",小売り,内需・消費,92,96,93,主力テーマ,A,ok,direct=retailing; position=0.08; growth=development/investment,,0,,https://www.0101maruigroup.co.jp,EQUITY,Financial Services,Credit Services,https://www.0101maruigroup.co.jp
10,8253,"Credit Saison Co., Ltd.",キャッシュレス決済,金融・金利,42,42,42,補助関連,C,needs_review,adjacent=payment service; growth=development/investment,,0,,https://corporate.saisoncard.co.jp,EQUITY,Financial Services,Credit Services,https://corporate.saisoncard.co.jp
10,8253,"Credit Saison Co., Ltd.",フィンテック,金融・金利,8,5,7,ノイズ候補,C,needs_review,事業概要に直接根拠を確認できず,,0,,https://corporate.saisoncard.co.jp,EQUITY,Financial Services,Credit Services,https://corporate.saisoncard.co.jp
10,8260,"Izutsuya Co., Ltd.",インバウンド,内需・消費,42,30,38,ノイズ候補,C,needs_review_macro,adjacent=restaurant,,0,,https://www.izutsuya.co.jp | https://www.izutsuya.co.jp/storelist/archives/62019473.html?shop=kokura,EQUITY,Consumer Cyclical,Department Stores,https://www.izutsuya.co.jp
10,8267,"Aeon Co., Ltd.",キャッシュレス決済,金融・金利,8,5,7,ノイズ候補,C,needs_review,事業概要に直接根拠を確認できず,,0,,https://www.aeon.info | https://www.aeon.info/company/ | https://www.aeon.info/company/overview/,EQUITY,Consumer Cyclical,Department Stores,https://www.aeon.info
10,8267,"Aeon Co., Ltd.",太陽光発電関連,GX・エネルギー,8,5,7,ノイズ候補,C,needs_review,事業概要に直接根拠を確認できず,,0,,https://www.aeon.info | https://www.aeon.info/company/ | https://www.aeon.info/company/overview/,EQUITY,Consumer Cyclical,Department Stores,https://www.aeon.info
10,8267,"Aeon Co., Ltd.",小売り,内需・消費,100,100,100,主力テーマ,A,ok,industry=Department Stores; direct=retail business/discount stores/supermarket; position=0.16; growth=development,,0,,https://www.aeon.info | https://www.aeon.info/company/ | https://www.aeon.info/company/overview/,EQUITY,Consumer Cyclical,Department Stores,https://www.aeon.info
10,8267,"Aeon Co., Ltd.",生活防衛,内需・消費,66,58,64,有力関連,B,needs_review_macro,direct=discount store; position=0.18; growth=development,,0,,https://www.aeon.info | https://www.aeon.info/company/ | https://www.aeon.info/company/overview/,EQUITY,Consumer Cyclical,Department Stores,https://www.aeon.info
10,8273,"Izumi Co., Ltd.",外食,内需・消費,58,46,54,補助関連,C,needs_review,direct=restaurant; position=0.68,,0,,https://www.izumi.co.jp,EQUITY,Consumer Cyclical,Department Stores,https://www.izumi.co.jp
10,8273,"Izumi Co., Ltd.",小売り,内需・消費,94,86,92,主力テーマ,A,ok,industry=Department Stores; direct=retail business/supermarket; position=0.43,,0,,https://www.izumi.co.jp,EQUITY,Consumer Cyclical,Department Stores,https://www.izumi.co.jp
10,8275,Forval Corporation,マイナンバー,デジタル・サービス,8,5,7,ノイズ候補,C,needs_review,事業概要に直接根拠を確認できず,,0,,https://www.forval.co.jp,EQUITY,Technology,Information Technology Services,https://www.forval.co.jp
10,8275,Forval Corporation,太陽光発電関連,GX・エネルギー,72,78,74,有力関連,B,needs_review,事業概要に直接根拠を確認できず; official=太陽光発電; count=1; pos=0.58,太陽光発電,1,0.5837,https://www.forval.co.jp,EQUITY,Technology,Information Technology Services,https://www.forval.co.jp
10,8276,"Heiwado Co.,Ltd.",外食,内需・消費,8,5,7,ノイズ候補,C,needs_review,事業概要に直接根拠を確認できず,,0,,https://www.heiwado.jp,EQUITY,Consumer Cyclical,Department Stores,https://www.heiwado.jp
10,8276,"Heiwado Co.,Ltd.",小売り,内需・消費,97,89,95,主力テーマ,A,ok,industry=Department Stores; direct=retailing/retail business; position=0.05,,0,,https://www.heiwado.jp,EQUITY,Consumer Cyclical,Department Stores,https://www.heiwado.jp
10,8278,"Fuji Co., Ltd.",外食,内需・消費,58,46,54,補助関連,C,needs_review,direct=restaurant; position=0.85,,0,,https://www.the-fuji.com,EQUITY,Consumer Cyclical,Department Stores,https://www.the-fuji.com
10,8278,"Fuji Co., Ltd.",小売り,内需・消費,100,92,98,主力テーマ,A,ok,industry=Department Stores; direct=retailing/retail business/supermarket; position=0.04,,0,,https://www.the-fuji.com,EQUITY,Consumer Cyclical,Department Stores,https://www.the-fuji.com
10,8281,"Xebio Holdings Co., Ltd.",生活防衛,内需・消費,8,5,7,ノイズ候補,C,needs_review_macro,事業概要に直接根拠を確認できず,,0,,https://www.xebio.co.jp | https://www.xebio.co.jp/ja/company/message.html | https://www.xebio.co.jp/ja/company/profile.html,EQUITY,Consumer Cyclical,Specialty Retail,https://www.xebio.co.jp
10,8282,K's Holdings Corporation,インバウンド,内需・消費,8,5,7,ノイズ候補,C,needs_review_macro,事業概要に直接根拠を確認できず,,0,,https://www.ksdenki.co.jp,EQUITY,Consumer Cyclical,Specialty Retail,https://www.ksdenki.co.jp
10,8282,K's Holdings Corporation,小売り,内需・消費,90,82,88,主力テーマ,A,ok,industry=Specialty Retail; adjacent=retail/stores,,0,,https://www.ksdenki.co.jp,EQUITY,Consumer Cyclical,Specialty Retail,https://www.ksdenki.co.jp
10,8282,K's Holdings Corporation,生活防衛,内需・消費,8,5,7,ノイズ候補,C,needs_review_macro,事業概要に直接根拠を確認できず,,0,,https://www.ksdenki.co.jp,EQUITY,Consumer Cyclical,Specialty Retail,https://www.ksdenki.co.jp
10,8285,"Mitani Sangyo Co., Ltd.",データセンター,データセンター・電力,58,46,54,補助関連,C,needs_review,direct=data center; position=0.66,,0,,https://www.mitani.co.jp,EQUITY,Industrials,Conglomerates,https://www.mitani.co.jp
10,8285,"Mitani Sangyo Co., Ltd.",教育ICT,デジタル・サービス,8,5,7,ノイズ候補,C,needs_review,事業概要に直接根拠を確認できず,,0,,https://www.mitani.co.jp,EQUITY,Industrials,Conglomerates,https://www.mitani.co.jp
10,8285,"Mitani Sangyo Co., Ltd.",自動車部材・部品,自動車・モビリティ,82,74,80,主力テーマ,B,ok,direct=automotive parts; position=0.47,,0,,https://www.mitani.co.jp,EQUITY,Industrials,Conglomerates,https://www.mitani.co.jp
10,8291,"Nissan Tokyo Sales Holdings Co., Ltd.",リース,金融・金利,58,54,57,補助関連,C,needs_review,事業概要に直接根拠を確認できず; official=リース; count=4; pos=0.06,リース,4,0.0581,https://www.nissan-tokyo-hd.co.jp | https://www.nissan-tokyo-hd.co.jp/company/ | https://www.nissan-tokyo-hd.co.jp/company/outline/,EQUITY,Consumer Cyclical,Auto & Truck Dealerships,https://www.nissan-tokyo-hd.co.jp
10,8303,"SBI Shinsei Bank, Limited",リース,金融・金利,8,5,7,ノイズ候補,C,needs_review,事業概要に直接根拠を確認できず,,0,,https://www.sbishinseibank.co.jp,EQUITY,Financial Services,Banks - Regional,https://www.sbishinseibank.co.jp
10,8303,"SBI Shinsei Bank, Limited",銀行,金融・金利,94,96,95,主力テーマ,A,ok,industry=Banks - Regional; direct=banking; position=0.02; growth=investment,,0,,https://www.sbishinseibank.co.jp,EQUITY,Financial Services,Banks - Regional,https://www.sbishinseibank.co.jp
10,8304,"Aozora Bank, Ltd.",ネット銀行,金融・金利,86,88,87,主力テーマ,A,ok,direct=internet bank; position=0.32; growth=investment,,0,,https://www.aozorabank.co.jp,EQUITY,Financial Services,Banks - Regional,https://www.aozorabank.co.jp
10,8304,"Aozora Bank, Ltd.",銀行,金融・金利,94,96,95,主力テーマ,A,ok,industry=Banks - Regional; direct=banking; position=0.05; growth=investment,,0,,https://www.aozorabank.co.jp,EQUITY,Financial Services,Banks - Regional,https://www.aozorabank.co.jp
10,8306,"Mitsubishi UFJ Financial Group, Inc.",キャッシュレス決済,金融・金利,8,5,7,ノイズ候補,C,needs_review,事業概要に直接根拠を確認できず,,0,,https://www.mufg.jp,EQUITY,Financial Services,Banks - Diversified,https://www.mufg.jp
10,8306,"Mitsubishi UFJ Financial Group, Inc.",フィンテック,金融・金利,8,5,7,ノイズ候補,C,needs_review,事業概要に直接根拠を確認できず,,0,,https://www.mufg.jp,EQUITY,Financial Services,Banks - Diversified,https://www.mufg.jp
10,8306,"Mitsubishi UFJ Financial Group, Inc.",リース,金融・金利,8,5,7,ノイズ候補,C,needs_review,事業概要に直接根拠を確認できず,,0,,https://www.mufg.jp,EQUITY,Financial Services,Banks - Diversified,https://www.mufg.jp
10,8306,"Mitsubishi UFJ Financial Group, Inc.",証券,金融・金利,86,92,88,主力テーマ,A,ok,direct=investment banking; position=0.34; growth=development/research,,0,,https://www.mufg.jp,EQUITY,Financial Services,Banks - Diversified,https://www.mufg.jp
10,8306,"Mitsubishi UFJ Financial Group, Inc.",金利上昇メリット,金融・金利,66,58,64,有力関連,B,needs_review_macro,direct=banking; position=0.22; growth=development/research,,0,,https://www.mufg.jp,EQUITY,Financial Services,Banks - Diversified,https://www.mufg.jp
10,8306,"Mitsubishi UFJ Financial Group, Inc.",銀行,金融・金利,94,100,96,主力テーマ,A,ok,industry=Banks - Diversified; direct=banking/commercial bank; position=0.22; growth=development/research,,0,,https://www.mufg.jp,EQUITY,Financial Services,Banks - Diversified,https://www.mufg.jp
10,8308,"Resona Holdings, Inc.",キャッシュレス決済,金融・金利,8,5,7,ノイズ候補,C,needs_review,事業概要に直接根拠を確認できず,,0,,https://www.resona-gr.co.jp,EQUITY,Financial Services,Banks - Regional,https://www.resona-gr.co.jp
10,8308,"Resona Holdings, Inc.",フィンテック,金融・金利,8,5,7,ノイズ候補,C,needs_review,事業概要に直接根拠を確認できず,,0,,https://www.resona-gr.co.jp,EQUITY,Financial Services,Banks - Regional,https://www.resona-gr.co.jp
10,8308,"Resona Holdings, Inc.",リース,金融・金利,8,5,7,ノイズ候補,C,needs_review,事業概要に直接根拠を確認できず,,0,,https://www.resona-gr.co.jp,EQUITY,Financial Services,Banks - Regional,https://www.resona-gr.co.jp
10,8308,"Resona Holdings, Inc.",金利上昇メリット,金融・金利,66,56,63,有力関連,B,needs_review_macro,direct=banking; position=0.13,,0,,https://www.resona-gr.co.jp,EQUITY,Financial Services,Banks - Regional,https://www.resona-gr.co.jp
10,8308,"Resona Holdings, Inc.",銀行,金融・金利,97,89,95,主力テーマ,A,ok,industry=Banks - Regional; direct=banking/commercial bank; position=0.12,,0,,https://www.resona-gr.co.jp,EQUITY,Financial Services,Banks - Regional,https://www.resona-gr.co.jp
10,8309,"Sumitomo Mitsui Trust Group, Inc.",ネット銀行,金融・金利,72,68,71,有力関連,B,needs_review,事業概要に直接根拠を確認できず; official=ネット銀行; count=1; pos=0.93,ネット銀行,1,0.9343,https://www.smtg.jp,EQUITY,Financial Services,Banks - Regional,https://www.smtg.jp
10,8309,"Sumitomo Mitsui Trust Group, Inc.",不動産ファンド,不動産・建設,42,42,42,補助関連,C,needs_review,adjacent=asset management; growth=development/investment,,0,,https://www.smtg.jp,EQUITY,Financial Services,Banks - Regional,https://www.smtg.jp
10,8309,"Sumitomo Mitsui Trust Group, Inc.",金利上昇メリット,金融・金利,8,5,7,ノイズ候補,C,needs_review_macro,事業概要に直接根拠を確認できず,,0,,https://www.smtg.jp,EQUITY,Financial Services,Banks - Regional,https://www.smtg.jp
10,8309,"Sumitomo Mitsui Trust Group, Inc.",銀行,金融・金利,90,82,88,主力テーマ,A,ok,industry=Banks - Regional; official=銀行; count=2; pos=0.90,銀行,2,0.9006,https://www.smtg.jp,EQUITY,Financial Services,Banks - Regional,https://www.smtg.jp
10,8316,"Sumitomo Mitsui Financial Group, Inc.",キャッシュレス決済,金融・金利,8,5,7,ノイズ候補,C,needs_review,事業概要に直接根拠を確認できず,,0,,https://www.smfg.co.jp,EQUITY,Financial Services,Banks - Diversified,https://www.smfg.co.jp
10,8316,"Sumitomo Mitsui Financial Group, Inc.",ネット銀行,金融・金利,42,44,43,補助関連,C,needs_review,adjacent=banking; growth=development/research,,0,,https://www.smfg.co.jp,EQUITY,Financial Services,Banks - Diversified,https://www.smfg.co.jp
10,8316,"Sumitomo Mitsui Financial Group, Inc.",フィンテック,金融・金利,8,5,7,ノイズ候補,C,needs_review,事業概要に直接根拠を確認できず,,0,,https://www.smfg.co.jp,EQUITY,Financial Services,Banks - Diversified,https://www.smfg.co.jp
10,8316,"Sumitomo Mitsui Financial Group, Inc.",リース,金融・金利,8,5,7,ノイズ候補,C,needs_review,事業概要に直接根拠を確認できず,,0,,https://www.smfg.co.jp,EQUITY,Financial Services,Banks - Diversified,https://www.smfg.co.jp
10,8316,"Sumitomo Mitsui Financial Group, Inc.",証券,金融・金利,8,5,7,ノイズ候補,C,needs_review,事業概要に直接根拠を確認できず,,0,,https://www.smfg.co.jp,EQUITY,Financial Services,Banks - Diversified,https://www.smfg.co.jp
10,8316,"Sumitomo Mitsui Financial Group, Inc.",金利上昇メリット,金融・金利,66,58,64,有力関連,B,needs_review_macro,direct=banking; position=0.04; growth=development/research,,0,,https://www.smfg.co.jp,EQUITY,Financial Services,Banks - Diversified,https://www.smfg.co.jp
10,8316,"Sumitomo Mitsui Financial Group, Inc.",銀行,金融・金利,94,100,96,主力テーマ,A,ok,industry=Banks - Diversified; direct=banking; position=0.04; growth=development/research,,0,,https://www.smfg.co.jp,EQUITY,Financial Services,Banks - Diversified,https://www.smfg.co.jp
10,8331,"The Chiba Bank, Ltd.",地方銀行,金融・金利,90,92,91,主力テーマ,A,ok,industry=Banks - Regional; adjacent=banking; growth=investment,,0,,https://www.chibabank.co.jp,EQUITY,Financial Services,Banks - Regional,https://www.chibabank.co.jp
10,8331,"The Chiba Bank, Ltd.",金利上昇メリット,金融・金利,66,58,64,有力関連,B,needs_review_macro,direct=banking/life insurance; position=0.05; growth=investment,,0,,https://www.chibabank.co.jp,EQUITY,Financial Services,Banks - Regional,https://www.chibabank.co.jp
10,8331,"The Chiba Bank, Ltd.",銀行,金融・金利,94,96,95,主力テーマ,A,ok,industry=Banks - Regional; direct=banking; position=0.05; growth=investment; official=銀行; count=1; pos=0.50,銀行,1,0.5000,https://www.chibabank.co.jp,EQUITY,Financial Services,Banks - Regional,https://www.chibabank.co.jp
10,8334,"The Gunma Bank, Ltd.",地方銀行,金融・金利,90,92,91,主力テーマ,A,ok,industry=Banks - Regional; adjacent=banking; growth=investment,,0,,https://www.gunmabank.co.jp,EQUITY,Financial Services,Banks - Regional,https://www.gunmabank.co.jp
10,8334,"The Gunma Bank, Ltd.",金利上昇メリット,金融・金利,66,58,64,有力関連,B,needs_review_macro,direct=banking/life insurance; position=0.02; growth=investment,,0,,https://www.gunmabank.co.jp,EQUITY,Financial Services,Banks - Regional,https://www.gunmabank.co.jp
10,8334,"The Gunma Bank, Ltd.",銀行,金融・金利,94,96,95,主力テーマ,A,ok,industry=Banks - Regional; direct=banking; position=0.02; growth=investment,,0,,https://www.gunmabank.co.jp,EQUITY,Financial Services,Banks - Regional,https://www.gunmabank.co.jp
10,8336,"The Musashino Bank, Ltd.",地方銀行,金融・金利,90,96,92,主力テーマ,A,ok,industry=Banks - Regional; adjacent=banking; growth=development/research,,0,,https://www.musashinobank.co.jp,EQUITY,Financial Services,Banks - Regional,https://www.musashinobank.co.jp
10,8336,"The Musashino Bank, Ltd.",金利上昇メリット,金融・金利,66,58,64,有力関連,B,needs_review_macro,direct=banking; position=0.09; growth=development/research,,0,,https://www.musashinobank.co.jp,EQUITY,Financial Services,Banks - Regional,https://www.musashinobank.co.jp
10,8336,"The Musashino Bank, Ltd.",銀行,金融・金利,94,100,96,主力テーマ,A,ok,industry=Banks - Regional; direct=banking; position=0.09; growth=development/research,,0,,https://www.musashinobank.co.jp,EQUITY,Financial Services,Banks - Regional,https://www.musashinobank.co.jp
10,8337,"The Chiba Kogyo Bank, Ltd.",リース,金融・金利,8,5,7,ノイズ候補,C,needs_review,事業概要に直接根拠を確認できず,,0,,https://www.chibakogyo-bank.co.jp,EQUITY,Financial Services,Banks - Regional,https://www.chibakogyo-bank.co.jp
10,8337,"The Chiba Kogyo Bank, Ltd.",地方銀行,金融・金利,90,92,91,主力テーマ,A,ok,industry=Banks - Regional; adjacent=banking; growth=investment,,0,,https://www.chibakogyo-bank.co.jp,EQUITY,Financial Services,Banks - Regional,https://www.chibakogyo-bank.co.jp
10,8337,"The Chiba Kogyo Bank, Ltd.",金利上昇メリット,金融・金利,66,58,64,有力関連,B,needs_review_macro,direct=banking; position=0.13; growth=investment,,0,,https://www.chibakogyo-bank.co.jp,EQUITY,Financial Services,Banks - Regional,https://www.chibakogyo-bank.co.jp
10,8337,"The Chiba Kogyo Bank, Ltd.",銀行,金融・金利,94,96,95,主力テーマ,A,ok,industry=Banks - Regional; direct=banking; position=0.13; growth=investment,,0,,https://www.chibakogyo-bank.co.jp,EQUITY,Financial Services,Banks - Regional,https://www.chibakogyo-bank.co.jp
10,8338,"Tsukuba Bank, Ltd.",地方銀行,金融・金利,90,82,88,主力テーマ,A,ok,industry=Banks - Regional; adjacent=banking,,0,,https://www.tsukubabank.co.jp,EQUITY,Financial Services,Banks - Regional,https://www.tsukubabank.co.jp
10,8338,"Tsukuba Bank, Ltd.",金利上昇メリット,金融・金利,66,56,63,有力関連,B,needs_review_macro,direct=banking; position=0.14,,0,,https://www.tsukubabank.co.jp,EQUITY,Financial Services,Banks - Regional,https://www.tsukubabank.co.jp
10,8338,"Tsukuba Bank, Ltd.",銀行,金融・金利,94,86,92,主力テーマ,A,ok,industry=Banks - Regional; direct=banking; position=0.14,,0,,https://www.tsukubabank.co.jp,EQUITY,Financial Services,Banks - Regional,https://www.tsukubabank.co.jp
10,8341,"The 77 Bank, Ltd.",リース,金融・金利,8,5,7,ノイズ候補,C,needs_review,事業概要に直接根拠を確認できず,,0,,https://www.77bank.co.jp,EQUITY,Financial Services,Banks - Regional,https://www.77bank.co.jp
10,8341,"The 77 Bank, Ltd.",地方銀行,金融・金利,90,96,92,主力テーマ,A,ok,industry=Banks - Regional; adjacent=banking; growth=development/research,,0,,https://www.77bank.co.jp,EQUITY,Financial Services,Banks - Regional,https://www.77bank.co.jp
10,8341,"The 77 Bank, Ltd.",金利上昇メリット,金融・金利,66,58,64,有力関連,B,needs_review_macro,direct=banking; position=0.11; growth=development/research,,0,,https://www.77bank.co.jp,EQUITY,Financial Services,Banks - Regional,https://www.77bank.co.jp
10,8341,"The 77 Bank, Ltd.",銀行,金融・金利,94,100,96,主力テーマ,A,ok,industry=Banks - Regional; direct=banking; position=0.11; growth=development/research,,0,,https://www.77bank.co.jp,EQUITY,Financial Services,Banks - Regional,https://www.77bank.co.jp
10,8343,"The Akita Bank, Ltd.",eコマース,内需・消費,90,82,88,主力テーマ,A,official_site_supported,事業概要に直接根拠を確認できず; official=EC; count=4; pos=0.03,EC,4,0.0329,https://www.akita-bank.co.jp,EQUITY,Financial Services,Banks - Regional,https://www.akita-bank.co.jp
10,8343,"The Akita Bank, Ltd.",地方銀行,金融・金利,90,92,91,主力テーマ,A,ok,industry=Banks - Regional; adjacent=banking; growth=investment,,0,,https://www.akita-bank.co.jp,EQUITY,Financial Services,Banks - Regional,https://www.akita-bank.co.jp
10,8343,"The Akita Bank, Ltd.",金利上昇メリット,金融・金利,66,58,64,有力関連,B,needs_review_macro,direct=banking/life insurance; position=0.04; growth=investment,,0,,https://www.akita-bank.co.jp,EQUITY,Financial Services,Banks - Regional,https://www.akita-bank.co.jp
10,8343,"The Akita Bank, Ltd.",銀行,金融・金利,94,96,95,主力テーマ,A,ok,industry=Banks - Regional; direct=banking; position=0.04; growth=investment,,0,,https://www.akita-bank.co.jp,EQUITY,Financial Services,Banks - Regional,https://www.akita-bank.co.jp
10,8344,"The Yamagata Bank, Ltd.",地方銀行,金融・金利,90,92,91,主力テーマ,A,ok,industry=Banks - Regional; adjacent=banking; growth=investment,,0,,https://www.yamagatabank.co.jp,EQUITY,Financial Services,Banks - Regional,https://www.yamagatabank.co.jp
10,8344,"The Yamagata Bank, Ltd.",金利上昇メリット,金融・金利,66,58,64,有力関連,B,needs_review_macro,direct=banking; position=0.10; growth=investment,,0,,https://www.yamagatabank.co.jp,EQUITY,Financial Services,Banks - Regional,https://www.yamagatabank.co.jp
10,8344,"The Yamagata Bank, Ltd.",銀行,金融・金利,94,96,95,主力テーマ,A,ok,industry=Banks - Regional; direct=banking; position=0.10; growth=investment,,0,,https://www.yamagatabank.co.jp,EQUITY,Financial Services,Banks - Regional,https://www.yamagatabank.co.jp
10,8345,"The Bank of Iwate, Ltd.",リース,金融・金利,82,84,83,主力テーマ,B,ok,direct=leasing business; position=0.44; growth=investment,,0,,https://www.iwatebank.co.jp,EQUITY,Financial Services,Banks - Regional,https://www.iwatebank.co.jp
10,8345,"The Bank of Iwate, Ltd.",再生可能エネルギー,GX・エネルギー,58,56,57,補助関連,C,needs_review,direct=renewable energy; position=0.69; growth=investment,,0,,https://www.iwatebank.co.jp,EQUITY,Financial Services,Banks - Regional,https://www.iwatebank.co.jp
10,8345,"The Bank of Iwate, Ltd.",地方銀行,金融・金利,90,92,91,主力テーマ,A,ok,industry=Banks - Regional; adjacent=banking; growth=investment,,0,,https://www.iwatebank.co.jp,EQUITY,Financial Services,Banks - Regional,https://www.iwatebank.co.jp
10,8345,"The Bank of Iwate, Ltd.",金利上昇メリット,金融・金利,66,58,64,有力関連,B,needs_review_macro,direct=banking; position=0.12; growth=investment,,0,,https://www.iwatebank.co.jp,EQUITY,Financial Services,Banks - Regional,https://www.iwatebank.co.jp
10,8345,"The Bank of Iwate, Ltd.",銀行,金融・金利,97,99,98,主力テーマ,A,ok,industry=Banks - Regional; direct=banking/commercial bank; position=0.12; growth=investment,,0,,https://www.iwatebank.co.jp,EQUITY,Financial Services,Banks - Regional,https://www.iwatebank.co.jp
10,8346,"The Toho Bank, Ltd.",地方銀行,金融・金利,90,94,91,主力テーマ,A,ok,industry=Banks - Regional; adjacent=banking; growth=development/investment,,0,,https://www.tohobank.co.jp,EQUITY,Financial Services,Banks - Regional,https://www.tohobank.co.jp
10,8346,"The Toho Bank, Ltd.",金利上昇メリット,金融・金利,66,58,64,有力関連,B,needs_review_macro,direct=banking; position=0.05; growth=development/investment,,0,,https://www.tohobank.co.jp,EQUITY,Financial Services,Banks - Regional,https://www.tohobank.co.jp
10,8346,"The Toho Bank, Ltd.",銀行,金融・金利,94,98,95,主力テーマ,A,ok,industry=Banks - Regional; direct=banking; position=0.05; growth=development/investment,,0,,https://www.tohobank.co.jp,EQUITY,Financial Services,Banks - Regional,https://www.tohobank.co.jp
10,8349,"The Tohoku Bank, Ltd.",リース,金融・金利,8,5,7,ノイズ候補,C,needs_review,事業概要に直接根拠を確認できず,,0,,https://www.tohoku-bank.co.jp,EQUITY,Financial Services,Banks - Regional,https://www.tohoku-bank.co.jp
10,8349,"The Tohoku Bank, Ltd.",地方銀行,金融・金利,90,94,91,主力テーマ,A,ok,industry=Banks - Regional; adjacent=banking; growth=development/investment,,0,,https://www.tohoku-bank.co.jp,EQUITY,Financial Services,Banks - Regional,https://www.tohoku-bank.co.jp
10,8349,"The Tohoku Bank, Ltd.",金利上昇メリット,金融・金利,66,58,64,有力関連,B,needs_review_macro,direct=banking; position=0.04; growth=development/investment,,0,,https://www.tohoku-bank.co.jp,EQUITY,Financial Services,Banks - Regional,https://www.tohoku-bank.co.jp
10,8349,"The Tohoku Bank, Ltd.",銀行,金融・金利,94,98,95,主力テーマ,A,ok,industry=Banks - Regional; direct=banking; position=0.04; growth=development/investment,,0,,https://www.tohoku-bank.co.jp,EQUITY,Financial Services,Banks - Regional,https://www.tohoku-bank.co.jp
10,8354,"Fukuoka Financial Group, Inc.",ネット銀行,金融・金利,42,44,43,補助関連,C,needs_review,adjacent=banking; growth=development/research,,0,,https://www.fukuoka-fg.com,EQUITY,Financial Services,Banks - Regional,https://www.fukuoka-fg.com
10,8354,"Fukuoka Financial Group, Inc.",地方銀行,金融・金利,90,96,92,主力テーマ,A,ok,industry=Banks - Regional; adjacent=banking; growth=development/research,,0,,https://www.fukuoka-fg.com,EQUITY,Financial Services,Banks - Regional,https://www.fukuoka-fg.com
10,8354,"Fukuoka Financial Group, Inc.",金利上昇メリット,金融・金利,66,58,64,有力関連,B,needs_review_macro,direct=banking; position=0.09; growth=development/research,,0,,https://www.fukuoka-fg.com,EQUITY,Financial Services,Banks - Regional,https://www.fukuoka-fg.com
10,8354,"Fukuoka Financial Group, Inc.",銀行,金融・金利,94,100,96,主力テーマ,A,ok,industry=Banks - Regional; direct=banking; position=0.09; growth=development/research,,0,,https://www.fukuoka-fg.com,EQUITY,Financial Services,Banks - Regional,https://www.fukuoka-fg.com
10,8358,Suruga Bank Ltd.,地方銀行,金融・金利,90,92,91,主力テーマ,A,ok,industry=Banks - Regional; adjacent=banking; growth=investment,,0,,https://www.surugabank.co.jp,EQUITY,Financial Services,Banks - Regional,https://www.surugabank.co.jp
10,8358,Suruga Bank Ltd.,金利上昇メリット,金融・金利,66,58,64,有力関連,B,needs_review_macro,direct=banking; position=0.03; growth=investment,,0,,https://www.surugabank.co.jp,EQUITY,Financial Services,Banks - Regional,https://www.surugabank.co.jp
10,8358,Suruga Bank Ltd.,銀行,金融・金利,94,96,95,主力テーマ,A,ok,industry=Banks - Regional; direct=banking; position=0.03; growth=investment,,0,,https://www.surugabank.co.jp,EQUITY,Financial Services,Banks - Regional,https://www.surugabank.co.jp
10,8359,"Hachijuni Nagano Bank, Ltd.",リース,金融・金利,72,68,71,有力関連,B,needs_review,事業概要に直接根拠を確認できず; official=リース; count=12; pos=0.14,リース,12,0.1385,https://bank.82group.jp | https://bank.82group.jp/hojin/ | https://bank.82group.jp/kojin/benri/,EQUITY,Financial Services,Banks - Regional,https://bank.82group.jp
10,8359,"Hachijuni Nagano Bank, Ltd.",地方銀行,金融・金利,90,92,91,主力テーマ,A,ok,industry=Banks - Regional; adjacent=banking; growth=investment,,0,,https://bank.82group.jp | https://bank.82group.jp/hojin/ | https://bank.82group.jp/kojin/benri/,EQUITY,Financial Services,Banks - Regional,https://bank.82group.jp
10,8359,"Hachijuni Nagano Bank, Ltd.",証券,金融・金利,72,68,71,有力関連,B,needs_review,adjacent=brokerage; growth=investment; official=証券; count=6; pos=0.32,証券,6,0.3168,https://bank.82group.jp | https://bank.82group.jp/hojin/ | https://bank.82group.jp/kojin/benri/,EQUITY,Financial Services,Banks - Regional,https://bank.82group.jp
10,8359,"Hachijuni Nagano Bank, Ltd.",金利上昇メリット,金融・金利,66,58,64,有力関連,B,needs_review_macro,direct=banking; position=0.04; growth=investment,,0,,https://bank.82group.jp | https://bank.82group.jp/hojin/ | https://bank.82group.jp/kojin/benri/,EQUITY,Financial Services,Banks - Regional,https://bank.82group.jp
10,8359,"Hachijuni Nagano Bank, Ltd.",銀行,金融・金利,94,96,95,主力テーマ,A,ok,industry=Banks - Regional; direct=banking; position=0.04; growth=investment; official=銀行; count=43; pos=0.00,銀行,43,0.0003,https://bank.82group.jp | https://bank.82group.jp/hojin/ | https://bank.82group.jp/kojin/benri/,EQUITY,Financial Services,Banks - Regional,https://bank.82group.jp
10,8360,"The Yamanashi Chuo Bank,Ltd.",地方銀行,金融・金利,90,96,92,主力テーマ,A,ok,industry=Banks - Regional; adjacent=banking; growth=development/research,,0,,https://www.yamanashibank.co.jp,EQUITY,Financial Services,Banks - Regional,https://www.yamanashibank.co.jp
10,8360,"The Yamanashi Chuo Bank,Ltd.",金利上昇メリット,金融・金利,66,58,64,有力関連,B,needs_review_macro,direct=banking; position=0.10; growth=development/research,,0,,https://www.yamanashibank.co.jp,EQUITY,Financial Services,Banks - Regional,https://www.yamanashibank.co.jp
10,8360,"The Yamanashi Chuo Bank,Ltd.",銀行,金融・金利,94,100,96,主力テーマ,A,ok,industry=Banks - Regional; direct=banking; position=0.10; growth=development/research,,0,,https://www.yamanashibank.co.jp,EQUITY,Financial Services,Banks - Regional,https://www.yamanashibank.co.jp
10,8361,"The Ogaki Kyoritsu Bank, Ltd.",地方銀行,金融・金利,90,92,91,主力テーマ,A,ok,industry=Banks - Regional; adjacent=banking; growth=investment,,0,,https://www.okb.co.jp,EQUITY,Financial Services,Banks - Regional,https://www.okb.co.jp
10,8361,"The Ogaki Kyoritsu Bank, Ltd.",金利上昇メリット,金融・金利,66,58,64,有力関連,B,needs_review_macro,direct=banking; position=0.14; growth=investment,,0,,https://www.okb.co.jp,EQUITY,Financial Services,Banks - Regional,https://www.okb.co.jp
10,8361,"The Ogaki Kyoritsu Bank, Ltd.",銀行,金融・金利,94,96,95,主力テーマ,A,ok,industry=Banks - Regional; direct=banking; position=0.14; growth=investment; official=銀行; count=12; pos=0.00,銀行,12,0.0018,https://www.okb.co.jp,EQUITY,Financial Services,Banks - Regional,https://www.okb.co.jp
10,8362,"The Fukui Bank, Ltd.",リース,金融・金利,8,5,7,ノイズ候補,C,needs_review,事業概要に直接根拠を確認できず,,0,,https://www.fukuibank.co.jp,EQUITY,Financial Services,Banks - Regional,https://www.fukuibank.co.jp
10,8362,"The Fukui Bank, Ltd.",地方銀行,金融・金利,90,92,91,主力テーマ,A,ok,industry=Banks - Regional; adjacent=banking; growth=investment,,0,,https://www.fukuibank.co.jp,EQUITY,Financial Services,Banks - Regional,https://www.fukuibank.co.jp
10,8362,"The Fukui Bank, Ltd.",金利上昇メリット,金融・金利,66,58,64,有力関連,B,needs_review_macro,direct=banking; position=0.13; growth=investment,,0,,https://www.fukuibank.co.jp,EQUITY,Financial Services,Banks - Regional,https://www.fukuibank.co.jp
10,8362,"The Fukui Bank, Ltd.",銀行,金融・金利,94,96,95,主力テーマ,A,ok,industry=Banks - Regional; direct=banking; position=0.13; growth=investment,,0,,https://www.fukuibank.co.jp,EQUITY,Financial Services,Banks - Regional,https://www.fukuibank.co.jp
10,8364,"The Shimizu Bank, Ltd.",地方銀行,金融・金利,90,92,91,主力テーマ,A,ok,industry=Banks - Regional; adjacent=banking; growth=research,,0,,https://www.shimizubank.co.jp,EQUITY,Financial Services,Banks - Regional,https://www.shimizubank.co.jp
10,8364,"The Shimizu Bank, Ltd.",金利上昇メリット,金融・金利,66,58,64,有力関連,B,needs_review_macro,direct=banking; position=0.11; growth=research,,0,,https://www.shimizubank.co.jp,EQUITY,Financial Services,Banks - Regional,https://www.shimizubank.co.jp
10,8364,"The Shimizu Bank, Ltd.",銀行,金融・金利,94,96,95,主力テーマ,A,ok,industry=Banks - Regional; direct=banking; position=0.11; growth=research; official=銀行; count=13; pos=0.00,銀行,13,0.0009,https://www.shimizubank.co.jp,EQUITY,Financial Services,Banks - Regional,https://www.shimizubank.co.jp
10,8365,"The Bank of Toyama, Ltd.",地方銀行,金融・金利,90,96,92,主力テーマ,A,ok,industry=Banks - Regional; adjacent=banking; growth=developing/new business,,0,,https://www.toyamabank.co.jp,EQUITY,Financial Services,Banks - Regional,https://www.toyamabank.co.jp
10,8365,"The Bank of Toyama, Ltd.",金利上昇メリット,金融・金利,66,58,64,有力関連,B,needs_review_macro,direct=banking; position=0.03; growth=developing/new business,,0,,https://www.toyamabank.co.jp,EQUITY,Financial Services,Banks - Regional,https://www.toyamabank.co.jp
10,8365,"The Bank of Toyama, Ltd.",銀行,金融・金利,97,100,98,主力テーマ,A,ok,industry=Banks - Regional; direct=banking/bank business; position=0.03; growth=developing/new business,,0,,https://www.toyamabank.co.jp,EQUITY,Financial Services,Banks - Regional,https://www.toyamabank.co.jp
10,8366,"The Shiga Bank, Ltd.",地方銀行,金融・金利,90,92,91,主力テーマ,A,ok,industry=Banks - Regional; adjacent=banking; growth=investment,,0,,https://www.shigagin.com,EQUITY,Financial Services,Banks - Regional,https://www.shigagin.com
10,8366,"The Shiga Bank, Ltd.",金利上昇メリット,金融・金利,66,58,64,有力関連,B,needs_review_macro,direct=banking; position=0.04; growth=investment,,0,,https://www.shigagin.com,EQUITY,Financial Services,Banks - Regional,https://www.shigagin.com
10,8366,"The Shiga Bank, Ltd.",銀行,金融・金利,94,96,95,主力テーマ,A,ok,industry=Banks - Regional; direct=banking; position=0.04; growth=investment,,0,,https://www.shigagin.com,EQUITY,Financial Services,Banks - Regional,https://www.shigagin.com
10,8367,"The Nanto Bank, Ltd.",リース,金融・金利,8,5,7,ノイズ候補,C,needs_review,事業概要に直接根拠を確認できず,,0,,https://www.nantobank.co.jp,EQUITY,Financial Services,Banks - Regional,https://www.nantobank.co.jp
10,8367,"The Nanto Bank, Ltd.",地方銀行,金融・金利,90,92,91,主力テーマ,A,ok,industry=Banks - Regional; adjacent=banking; growth=development,,0,,https://www.nantobank.co.jp,EQUITY,Financial Services,Banks - Regional,https://www.nantobank.co.jp
10,8367,"The Nanto Bank, Ltd.",金利上昇メリット,金融・金利,66,58,64,有力関連,B,needs_review_macro,direct=banking; position=0.08; growth=development,,0,,https://www.nantobank.co.jp,EQUITY,Financial Services,Banks - Regional,https://www.nantobank.co.jp
10,8367,"The Nanto Bank, Ltd.",銀行,金融・金利,94,96,95,主力テーマ,A,ok,industry=Banks - Regional; direct=banking; position=0.08; growth=development,,0,,https://www.nantobank.co.jp,EQUITY,Financial Services,Banks - Regional,https://www.nantobank.co.jp
10,8368,"The Hyakugo Bank, Ltd.",リース,金融・金利,42,42,42,補助関連,C,needs_review,adjacent=lease; growth=development/investment,,0,,https://www.hyakugo.co.jp,EQUITY,Financial Services,Banks - Regional,https://www.hyakugo.co.jp
10,8368,"The Hyakugo Bank, Ltd.",地方銀行,金融・金利,90,82,88,主力テーマ,A,ok,industry=Banks - Regional,,0,,https://www.hyakugo.co.jp,EQUITY,Financial Services,Banks - Regional,https://www.hyakugo.co.jp
10,8368,"The Hyakugo Bank, Ltd.",金利上昇メリット,金融・金利,46,46,46,補助関連,C,needs_review_macro,adjacent=loans/insurance; growth=development/investment,,0,,https://www.hyakugo.co.jp,EQUITY,Financial Services,Banks - Regional,https://www.hyakugo.co.jp
10,8368,"The Hyakugo Bank, Ltd.",銀行,金融・金利,90,94,91,主力テーマ,A,ok,industry=Banks - Regional; adjacent=loans/deposits; growth=development/investment,,0,,https://www.hyakugo.co.jp,EQUITY,Financial Services,Banks - Regional,https://www.hyakugo.co.jp
10,8370,"The Kiyo Bank, Ltd.",リース,金融・金利,8,5,7,ノイズ候補,C,needs_review,事業概要に直接根拠を確認できず,,0,,https://www.kiyobank.co.jp,EQUITY,Financial Services,Banks - Regional,https://www.kiyobank.co.jp
10,8370,"The Kiyo Bank, Ltd.",地方銀行,金融・金利,90,92,91,主力テーマ,A,ok,industry=Banks - Regional; adjacent=banking; growth=investment,,0,,https://www.kiyobank.co.jp,EQUITY,Financial Services,Banks - Regional,https://www.kiyobank.co.jp
10,8370,"The Kiyo Bank, Ltd.",金利上昇メリット,金融・金利,66,58,64,有力関連,B,needs_review_macro,direct=banking; position=0.10; growth=investment,,0,,https://www.kiyobank.co.jp,EQUITY,Financial Services,Banks - Regional,https://www.kiyobank.co.jp
10,8370,"The Kiyo Bank, Ltd.",銀行,金融・金利,94,96,95,主力テーマ,A,ok,industry=Banks - Regional; direct=banking; position=0.10; growth=investment,,0,,https://www.kiyobank.co.jp,EQUITY,Financial Services,Banks - Regional,https://www.kiyobank.co.jp
10,8377,"Hokuhoku Financial Group, Inc.",リース,金融・金利,8,5,7,ノイズ候補,C,needs_review,事業概要に直接根拠を確認できず,,0,,https://www.hokuhoku-fg.co.jp,EQUITY,Financial Services,Banks - Regional,https://www.hokuhoku-fg.co.jp
10,8377,"Hokuhoku Financial Group, Inc.",地方銀行,金融・金利,90,94,91,主力テーマ,A,ok,industry=Banks - Regional; adjacent=banking; growth=development/research,,0,,https://www.hokuhoku-fg.co.jp,EQUITY,Financial Services,Banks - Regional,https://www.hokuhoku-fg.co.jp
10,8377,"Hokuhoku Financial Group, Inc.",証券,金融・金利,42,42,42,補助関連,C,needs_review,adjacent=financial instruments; growth=development/research,,0,,https://www.hokuhoku-fg.co.jp,EQUITY,Financial Services,Banks - Regional,https://www.hokuhoku-fg.co.jp
10,8377,"Hokuhoku Financial Group, Inc.",金利上昇メリット,金融・金利,66,58,64,有力関連,B,needs_review_macro,direct=banking; position=0.11; growth=development/research,,0,,https://www.hokuhoku-fg.co.jp,EQUITY,Financial Services,Banks - Regional,https://www.hokuhoku-fg.co.jp
10,8377,"Hokuhoku Financial Group, Inc.",銀行,金融・金利,94,98,95,主力テーマ,A,ok,industry=Banks - Regional; direct=banking; position=0.11; growth=development/research,,0,,https://www.hokuhoku-fg.co.jp,EQUITY,Financial Services,Banks - Regional,https://www.hokuhoku-fg.co.jp
10,8381,"The San-in Godo Bank,Ltd.",リース,金融・金利,82,84,83,主力テーマ,B,ok,direct=finance lease; position=0.44; growth=investment,,0,,https://www.gogin.co.jp,EQUITY,Financial Services,Banks - Regional,https://www.gogin.co.jp
10,8381,"The San-in Godo Bank,Ltd.",再生可能エネルギー,GX・エネルギー,66,66,66,有力関連,B,qa_borderline,direct=renewable energy; position=0.61; growth=investment,,0,,https://www.gogin.co.jp,EQUITY,Financial Services,Banks - Regional,https://www.gogin.co.jp
10,8381,"The San-in Godo Bank,Ltd.",地方銀行,金融・金利,90,92,91,主力テーマ,A,ok,industry=Banks - Regional; adjacent=banking; growth=investment,,0,,https://www.gogin.co.jp,EQUITY,Financial Services,Banks - Regional,https://www.gogin.co.jp
10,8381,"The San-in Godo Bank,Ltd.",太陽光発電関連,GX・エネルギー,8,5,7,ノイズ候補,C,needs_review,事業概要に直接根拠を確認できず,,0,,https://www.gogin.co.jp,EQUITY,Financial Services,Banks - Regional,https://www.gogin.co.jp
10,8381,"The San-in Godo Bank,Ltd.",金利上昇メリット,金融・金利,66,58,64,有力関連,B,needs_review_macro,direct=banking; position=0.08; growth=investment,,0,,https://www.gogin.co.jp,EQUITY,Financial Services,Banks - Regional,https://www.gogin.co.jp
10,8381,"The San-in Godo Bank,Ltd.",銀行,金融・金利,94,96,95,主力テーマ,A,ok,industry=Banks - Regional; direct=banking; position=0.08; growth=investment,,0,,https://www.gogin.co.jp,EQUITY,Financial Services,Banks - Regional,https://www.gogin.co.jp
10,8383,"The Tottori Bank, Ltd.",リース,金融・金利,8,5,7,ノイズ候補,C,needs_review,事業概要に直接根拠を確認できず,,0,,https://www.tottoribank.co.jp,EQUITY,Financial Services,Banks - Regional,https://www.tottoribank.co.jp
10,8383,"The Tottori Bank, Ltd.",地方銀行,金融・金利,90,82,88,主力テーマ,A,ok,industry=Banks - Regional; adjacent=banking,,0,,https://www.tottoribank.co.jp,EQUITY,Financial Services,Banks - Regional,https://www.tottoribank.co.jp
10,8383,"The Tottori Bank, Ltd.",金利上昇メリット,金融・金利,66,56,63,有力関連,B,needs_review_macro,direct=banking; position=0.04,,0,,https://www.tottoribank.co.jp,EQUITY,Financial Services,Banks - Regional,https://www.tottoribank.co.jp
10,8383,"The Tottori Bank, Ltd.",銀行,金融・金利,94,86,92,主力テーマ,A,ok,industry=Banks - Regional; direct=banking; position=0.04,,0,,https://www.tottoribank.co.jp,EQUITY,Financial Services,Banks - Regional,https://www.tottoribank.co.jp
10,8386,"The Hyakujushi Bank, Ltd.",リース,金融・金利,8,5,7,ノイズ候補,C,needs_review,事業概要に直接根拠を確認できず; official=リース; count=1; pos=0.48,リース,1,0.4768,https://www.114bank.co.jp,EQUITY,Financial Services,Banks - Regional,https://www.114bank.co.jp
10,8386,"The Hyakujushi Bank, Ltd.",地方銀行,金融・金利,90,92,91,主力テーマ,A,ok,industry=Banks - Regional; adjacent=banking; growth=investment,,0,,https://www.114bank.co.jp,EQUITY,Financial Services,Banks - Regional,https://www.114bank.co.jp
10,8386,"The Hyakujushi Bank, Ltd.",金利上昇メリット,金融・金利,66,58,64,有力関連,B,needs_review_macro,direct=banking; position=0.12; growth=investment,,0,,https://www.114bank.co.jp,EQUITY,Financial Services,Banks - Regional,https://www.114bank.co.jp
10,8386,"The Hyakujushi Bank, Ltd.",銀行,金融・金利,94,96,95,主力テーマ,A,ok,industry=Banks - Regional; direct=banking; position=0.12; growth=investment; official=銀行; count=12; pos=0.00,銀行,12,0.0007,https://www.114bank.co.jp,EQUITY,Financial Services,Banks - Regional,https://www.114bank.co.jp
10,8387,"The Shikoku Bank, Ltd.",地方銀行,金融・金利,90,92,91,主力テーマ,A,ok,industry=Banks - Regional; adjacent=banking; growth=investment,,0,,https://www.shikokubank.co.jp,EQUITY,Financial Services,Banks - Regional,https://www.shikokubank.co.jp
10,8387,"The Shikoku Bank, Ltd.",金利上昇メリット,金融・金利,66,58,64,有力関連,B,needs_review_macro,direct=banking; position=0.09; growth=investment,,0,,https://www.shikokubank.co.jp,EQUITY,Financial Services,Banks - Regional,https://www.shikokubank.co.jp
10,8387,"The Shikoku Bank, Ltd.",銀行,金融・金利,97,99,98,主力テーマ,A,ok,industry=Banks - Regional; direct=banking/commercial bank; position=0.08; growth=investment,,0,,https://www.shikokubank.co.jp,EQUITY,Financial Services,Banks - Regional,https://www.shikokubank.co.jp
10,8388,"The Awa Bank, Ltd.",eコマース,内需・消費,8,5,7,ノイズ候補,C,needs_review,事業概要に直接根拠を確認できず,,0,,https://www.awabank.co.jp,EQUITY,Financial Services,Banks - Regional,https://www.awabank.co.jp
10,8388,"The Awa Bank, Ltd.",リース,金融・金利,8,5,7,ノイズ候補,C,needs_review,事業概要に直接根拠を確認できず,,0,,https://www.awabank.co.jp,EQUITY,Financial Services,Banks - Regional,https://www.awabank.co.jp
10,8388,"The Awa Bank, Ltd.",地方銀行,金融・金利,90,82,88,主力テーマ,A,ok,industry=Banks - Regional; adjacent=banking,,0,,https://www.awabank.co.jp,EQUITY,Financial Services,Banks - Regional,https://www.awabank.co.jp
10,8388,"The Awa Bank, Ltd.",金利上昇メリット,金融・金利,66,56,63,有力関連,B,needs_review_macro,direct=banking/life insurance; position=0.03,,0,,https://www.awabank.co.jp,EQUITY,Financial Services,Banks - Regional,https://www.awabank.co.jp
10,8388,"The Awa Bank, Ltd.",銀行,金融・金利,97,89,95,主力テーマ,A,ok,industry=Banks - Regional; direct=banking/commercial bank; position=0.03; official=銀行; count=1; pos=0.50,銀行,1,0.5000,https://www.awabank.co.jp,EQUITY,Financial Services,Banks - Regional,https://www.awabank.co.jp
10,8392,"The Oita Bank, Ltd.",リース,金融・金利,8,5,7,ノイズ候補,C,needs_review,事業概要に直接根拠を確認できず,,0,,https://www.oitabank.co.jp,EQUITY,Financial Services,Banks - Regional,https://www.oitabank.co.jp
10,8392,"The Oita Bank, Ltd.",地方銀行,金融・金利,90,82,88,主力テーマ,A,ok,industry=Banks - Regional; adjacent=banking,,0,,https://www.oitabank.co.jp,EQUITY,Financial Services,Banks - Regional,https://www.oitabank.co.jp
10,8392,"The Oita Bank, Ltd.",金利上昇メリット,金融・金利,66,56,63,有力関連,B,needs_review_macro,direct=banking; position=0.04,,0,,https://www.oitabank.co.jp,EQUITY,Financial Services,Banks - Regional,https://www.oitabank.co.jp
10,8392,"The Oita Bank, Ltd.",銀行,金融・金利,94,86,92,主力テーマ,A,ok,industry=Banks - Regional; direct=banking; position=0.04,,0,,https://www.oitabank.co.jp,EQUITY,Financial Services,Banks - Regional,https://www.oitabank.co.jp
10,8393,"The Miyazaki Bank, Ltd.",リース,金融・金利,92,84,90,主力テーマ,A,ok,direct=leasing business; position=0.09; official=リース; count=29; pos=0.00,リース,29,0.0042,https://www.miyagin.co.jp | https://www.miyagin.co.jp/hojin/ | https://www.miyagin.co.jp/kojin/point/,EQUITY,Financial Services,Banks - Regional,https://www.miyagin.co.jp
10,8393,"The Miyazaki Bank, Ltd.",地方銀行,金融・金利,90,82,88,主力テーマ,A,ok,industry=Banks - Regional; adjacent=banking,,0,,https://www.miyagin.co.jp | https://www.miyagin.co.jp/hojin/ | https://www.miyagin.co.jp/kojin/point/,EQUITY,Financial Services,Banks - Regional,https://www.miyagin.co.jp
10,8393,"The Miyazaki Bank, Ltd.",金利上昇メリット,金融・金利,66,56,63,有力関連,B,needs_review_macro,direct=banking; position=0.04,,0,,https://www.miyagin.co.jp | https://www.miyagin.co.jp/hojin/ | https://www.miyagin.co.jp/kojin/point/,EQUITY,Financial Services,Banks - Regional,https://www.miyagin.co.jp
10,8393,"The Miyazaki Bank, Ltd.",銀行,金融・金利,94,86,92,主力テーマ,A,ok,industry=Banks - Regional; direct=banking; position=0.04; official=銀行; count=49; pos=0.00,銀行,49,0.0002,https://www.miyagin.co.jp | https://www.miyagin.co.jp/hojin/ | https://www.miyagin.co.jp/kojin/point/,EQUITY,Financial Services,Banks - Regional,https://www.miyagin.co.jp
10,8395,The Bank of Saga Ltd.,地方銀行,金融・金利,90,94,91,主力テーマ,A,ok,industry=Banks - Regional; adjacent=banking; growth=development/investment,,0,,https://www.sagabank.co.jp,EQUITY,Financial Services,Banks - Regional,https://www.sagabank.co.jp
10,8395,The Bank of Saga Ltd.,金利上昇メリット,金融・金利,66,58,64,有力関連,B,needs_review_macro,direct=banking; position=0.03; growth=development/investment,,0,,https://www.sagabank.co.jp,EQUITY,Financial Services,Banks - Regional,https://www.sagabank.co.jp
10,8395,The Bank of Saga Ltd.,銀行,金融・金利,94,98,95,主力テーマ,A,ok,industry=Banks - Regional; direct=banking; position=0.03; growth=development/investment; official=銀行; count=17; pos=0.00,銀行,17,0.0015,https://www.sagabank.co.jp,EQUITY,Financial Services,Banks - Regional,https://www.sagabank.co.jp
10,8398,,リース,金融・金利,8,5,7,ノイズ候補,C,needs_official_ir,事業概要に直接根拠を確認できず,,0,,,,,,
10,8398,,地方銀行,金融・金利,8,5,7,ノイズ候補,C,needs_official_ir,事業概要に直接根拠を確認できず,,0,,,,,,
10,8398,,金利上昇メリット,金融・金利,8,5,7,ノイズ候補,C,needs_official_ir,事業概要に直接根拠を確認できず,,0,,,,,,
10,8398,,銀行,金融・金利,8,5,7,ノイズ候補,C,needs_official_ir,事業概要に直接根拠を確認できず,,0,,,,,,
10,8399,"Bank of The Ryukyus, Limited",MaaS,自動車・モビリティ,8,5,7,ノイズ候補,C,needs_review,事業概要に直接根拠を確認できず,,0,,https://www.ryugin.co.jp,EQUITY,Financial Services,Banks - Regional,https://www.ryugin.co.jp
10,8399,"Bank of The Ryukyus, Limited",リース,金融・金利,42,40,41,補助関連,C,needs_review,adjacent=lease; growth=investment,,0,,https://www.ryugin.co.jp,EQUITY,Financial Services,Banks - Regional,https://www.ryugin.co.jp
10,8399,"Bank of The Ryukyus, Limited",地方銀行,金融・金利,94,96,95,主力テーマ,A,ok,industry=Banks - Regional; direct=regional bank; growth=investment,,0,,https://www.ryugin.co.jp,EQUITY,Financial Services,Banks - Regional,https://www.ryugin.co.jp
10,8399,"Bank of The Ryukyus, Limited",金利上昇メリット,金融・金利,66,58,64,有力関連,B,needs_review_macro,direct=banking; position=0.04; growth=investment,,0,,https://www.ryugin.co.jp,EQUITY,Financial Services,Banks - Regional,https://www.ryugin.co.jp
10,8399,"Bank of The Ryukyus, Limited",銀行,金融・金利,94,96,95,主力テーマ,A,ok,industry=Banks - Regional; direct=banking; position=0.04; growth=investment,,0,,https://www.ryugin.co.jp,EQUITY,Financial Services,Banks - Regional,https://www.ryugin.co.jp
10,8410,"Seven Bank, Ltd.",インバウンド,内需・消費,8,5,7,ノイズ候補,C,needs_review_macro,事業概要に直接根拠を確認できず,,0,,https://www.sevenbank.co.jp,EQUITY,Financial Services,Banks - Regional,https://www.sevenbank.co.jp
10,8410,"Seven Bank, Ltd.",ネット銀行,金融・金利,42,40,41,補助関連,C,needs_review,adjacent=banking; growth=development,,0,,https://www.sevenbank.co.jp,EQUITY,Financial Services,Banks - Regional,https://www.sevenbank.co.jp
10,8410,"Seven Bank, Ltd.",銀行,金融・金利,94,96,95,主力テーマ,A,ok,industry=Banks - Regional; direct=banking; position=0.04; growth=development,,0,,https://www.sevenbank.co.jp,EQUITY,Financial Services,Banks - Regional,https://www.sevenbank.co.jp
10,8411,"Mizuho Financial Group, Inc.",キャッシュレス決済,金融・金利,8,5,7,ノイズ候補,C,needs_review,事業概要に直接根拠を確認できず,,0,,https://www.mizuho-fg.co.jp,EQUITY,Financial Services,Banks - Regional,https://www.mizuho-fg.co.jp
10,8411,"Mizuho Financial Group, Inc.",フィンテック,金融・金利,8,5,7,ノイズ候補,C,needs_review,事業概要に直接根拠を確認できず,,0,,https://www.mizuho-fg.co.jp,EQUITY,Financial Services,Banks - Regional,https://www.mizuho-fg.co.jp
10,8411,"Mizuho Financial Group, Inc.",マイナンバー,デジタル・サービス,8,5,7,ノイズ候補,C,needs_review,事業概要に直接根拠を確認できず,,0,,https://www.mizuho-fg.co.jp,EQUITY,Financial Services,Banks - Regional,https://www.mizuho-fg.co.jp
10,8411,"Mizuho Financial Group, Inc.",リース,金融・金利,8,5,7,ノイズ候補,C,needs_review,事業概要に直接根拠を確認できず,,0,,https://www.mizuho-fg.co.jp,EQUITY,Financial Services,Banks - Regional,https://www.mizuho-fg.co.jp
10,8411,"Mizuho Financial Group, Inc.",証券,金融・金利,8,5,7,ノイズ候補,C,needs_review,事業概要に直接根拠を確認できず,,0,,https://www.mizuho-fg.co.jp,EQUITY,Financial Services,Banks - Regional,https://www.mizuho-fg.co.jp
10,8411,"Mizuho Financial Group, Inc.",金利上昇メリット,金融・金利,66,58,64,有力関連,B,needs_review_macro,direct=banking; position=0.07; growth=research,,0,,https://www.mizuho-fg.co.jp,EQUITY,Financial Services,Banks - Regional,https://www.mizuho-fg.co.jp
10,8411,"Mizuho Financial Group, Inc.",銀行,金融・金利,94,96,95,主力テーマ,A,ok,industry=Banks - Regional; direct=banking; position=0.07; growth=research,,0,,https://www.mizuho-fg.co.jp,EQUITY,Financial Services,Banks - Regional,https://www.mizuho-fg.co.jp
10,8416,"The Bank Of Kochi, Ltd.",地方銀行,金融・金利,90,94,91,主力テーマ,A,ok,industry=Banks - Regional; adjacent=banking; growth=expansion/investment,,0,,https://www.kochi-bank.co.jp,EQUITY,Financial Services,Banks - Regional,https://www.kochi-bank.co.jp
10,8416,"The Bank Of Kochi, Ltd.",金利上昇メリット,金融・金利,66,58,64,有力関連,B,needs_review_macro,direct=banking; position=0.02; growth=expansion/investment,,0,,https://www.kochi-bank.co.jp,EQUITY,Financial Services,Banks - Regional,https://www.kochi-bank.co.jp
10,8416,"The Bank Of Kochi, Ltd.",銀行,金融・金利,94,98,95,主力テーマ,A,ok,industry=Banks - Regional; direct=banking; position=0.02; growth=expansion/investment,,0,,https://www.kochi-bank.co.jp,EQUITY,Financial Services,Banks - Regional,https://www.kochi-bank.co.jp
10,8418,"Yamaguchi Financial Group, Inc.",リース,金融・金利,8,5,7,ノイズ候補,C,needs_review,事業概要に直接根拠を確認できず,,0,,https://www.ymfg.co.jp,EQUITY,Financial Services,Banks - Regional,https://www.ymfg.co.jp
10,8418,"Yamaguchi Financial Group, Inc.",地方銀行,金融・金利,90,94,91,主力テーマ,A,ok,industry=Banks - Regional; adjacent=banking; growth=research/investment,,0,,https://www.ymfg.co.jp,EQUITY,Financial Services,Banks - Regional,https://www.ymfg.co.jp
10,8418,"Yamaguchi Financial Group, Inc.",証券,金融・金利,86,90,87,主力テーマ,A,ok,direct=securities brokerage; position=0.20; growth=research/investment,,0,,https://www.ymfg.co.jp,EQUITY,Financial Services,Banks - Regional,https://www.ymfg.co.jp
10,8418,"Yamaguchi Financial Group, Inc.",金利上昇メリット,金融・金利,66,58,64,有力関連,B,needs_review_macro,direct=banking; position=0.11; growth=research/investment,,0,,https://www.ymfg.co.jp,EQUITY,Financial Services,Banks - Regional,https://www.ymfg.co.jp
10,8418,"Yamaguchi Financial Group, Inc.",銀行,金融・金利,94,98,95,主力テーマ,A,ok,industry=Banks - Regional; direct=banking; position=0.11; growth=research/investment,,0,,https://www.ymfg.co.jp,EQUITY,Financial Services,Banks - Regional,https://www.ymfg.co.jp
10,8424,"Fuyo General Lease Co., Ltd.",SaaS,デジタル・サービス,8,5,7,ノイズ候補,C,needs_review,事業概要に直接根拠を確認できず,,0,,https://www.fgl.co.jp,EQUITY,Industrials,Rental & Leasing Services,https://www.fgl.co.jp
10,8424,"Fuyo General Lease Co., Ltd.",クラウドコンピューティング,デジタル・サービス,8,5,7,ノイズ候補,C,needs_review,事業概要に直接根拠を確認できず,,0,,https://www.fgl.co.jp,EQUITY,Industrials,Rental & Leasing Services,https://www.fgl.co.jp
10,8424,"Fuyo General Lease Co., Ltd.",デジタルトランスフォーメーション,デジタル・サービス,72,68,71,有力関連,B,needs_review,事業概要に直接根拠を確認できず; official=DX; count=2; pos=0.24,DX,2,0.2369,https://www.fgl.co.jp,EQUITY,Industrials,Rental & Leasing Services,https://www.fgl.co.jp
10,8424,"Fuyo General Lease Co., Ltd.",リース,金融・金利,42,30,38,ノイズ候補,C,needs_review,adjacent=lease,,0,,https://www.fgl.co.jp,EQUITY,Industrials,Rental & Leasing Services,https://www.fgl.co.jp
10,8425,"Mizuho Leasing Company, Limited",サブスクリプション,デジタル・サービス,72,78,74,有力関連,B,needs_review,事業概要に直接根拠を確認できず; official=サブスクリプション; count=1; pos=0.87,サブスクリプション,1,0.8725,https://www.mizuho-ls.co.jp/ja/index.html | https://www.mizuho-ls.co.jp/ja/service.html,EQUITY,Financial Services,Credit Services,https://www.mizuho-ls.co.jp/ja/index.html
10,8425,"Mizuho Leasing Company, Limited",リース,金融・金利,72,68,71,有力関連,B,needs_review,adjacent=lease; growth=investment; official=リース; count=16; pos=0.00,リース,16,0.0012,https://www.mizuho-ls.co.jp/ja/index.html | https://www.mizuho-ls.co.jp/ja/service.html,EQUITY,Financial Services,Credit Services,https://www.mizuho-ls.co.jp/ja/index.html
10,8425,"Mizuho Leasing Company, Limited",太陽光発電関連,GX・エネルギー,72,78,74,有力関連,B,needs_review,事業概要に直接根拠を確認できず; official=太陽光発電; count=1; pos=0.37,太陽光発電,1,0.3695,https://www.mizuho-ls.co.jp/ja/index.html | https://www.mizuho-ls.co.jp/ja/service.html,EQUITY,Financial Services,Credit Services,https://www.mizuho-ls.co.jp/ja/index.html
10,8439,Tokyo Century Corporation,サブスクリプション,デジタル・サービス,8,5,7,ノイズ候補,C,needs_review,事業概要に直接根拠を確認できず,,0,,https://www.tokyocentury.co.jp,EQUITY,Industrials,Rental & Leasing Services,https://www.tokyocentury.co.jp
10,8439,Tokyo Century Corporation,データセンター,データセンター・電力,8,5,7,ノイズ候補,C,needs_review,事業概要に直接根拠を確認できず,,0,,https://www.tokyocentury.co.jp,EQUITY,Industrials,Rental & Leasing Services,https://www.tokyocentury.co.jp
10,8439,Tokyo Century Corporation,ホテル,内需・消費,8,5,7,ノイズ候補,C,needs_review,事業概要に直接根拠を確認できず,,0,,https://www.tokyocentury.co.jp,EQUITY,Industrials,Rental & Leasing Services,https://www.tokyocentury.co.jp
10,8439,Tokyo Century Corporation,リース,金融・金利,92,84,90,主力テーマ,A,ok,direct=equipment leasing; position=0.03,,0,,https://www.tokyocentury.co.jp,EQUITY,Industrials,Rental & Leasing Services,https://www.tokyocentury.co.jp
10,8439,Tokyo Century Corporation,不動産関連,不動産・建設,42,30,38,ノイズ候補,C,needs_review,adjacent=real estate,,0,,https://www.tokyocentury.co.jp,EQUITY,Industrials,Rental & Leasing Services,https://www.tokyocentury.co.jp
10,8439,Tokyo Century Corporation,再生可能エネルギー,GX・エネルギー,58,46,54,補助関連,C,needs_review,direct=renewable energy; position=0.79,,0,,https://www.tokyocentury.co.jp,EQUITY,Industrials,Rental & Leasing Services,https://www.tokyocentury.co.jp
10,8439,Tokyo Century Corporation,太陽光発電関連,GX・エネルギー,8,5,7,ノイズ候補,C,needs_review,事業概要に直接根拠を確認できず,,0,,https://www.tokyocentury.co.jp,EQUITY,Industrials,Rental & Leasing Services,https://www.tokyocentury.co.jp
10,8439,Tokyo Century Corporation,空飛ぶクルマ,自動車・モビリティ,8,5,7,ノイズ候補,C,needs_review,事業概要に直接根拠を確認できず,,0,,https://www.tokyocentury.co.jp,EQUITY,Industrials,Rental & Leasing Services,https://www.tokyocentury.co.jp
10,8439,Tokyo Century Corporation,蓄電池,GX・エネルギー,8,5,7,ノイズ候補,C,needs_review,事業概要に直接根拠を確認できず,,0,,https://www.tokyocentury.co.jp,EQUITY,Industrials,Rental & Leasing Services,https://www.tokyocentury.co.jp
10,8473,"SBI Holdings, Inc.",ネット銀行,金融・金利,42,42,42,補助関連,C,needs_review,adjacent=banking; growth=development/investment,,0,,https://www.sbigroup.co.jp,EQUITY,Financial Services,Financial Conglomerates,https://www.sbigroup.co.jp
10,8473,"SBI Holdings, Inc.",フィンテック,金融・金利,66,68,67,有力関連,B,qa_borderline,direct=fintech; position=0.53; growth=development/investment,,0,,https://www.sbigroup.co.jp,EQUITY,Financial Services,Financial Conglomerates,https://www.sbigroup.co.jp
10,8473,"SBI Holdings, Inc.",保険,金融・金利,86,90,87,主力テーマ,A,ok,direct=insurance business; position=0.33; growth=development/investment,,0,,https://www.sbigroup.co.jp,EQUITY,Financial Services,Financial Conglomerates,https://www.sbigroup.co.jp
10,8473,"SBI Holdings, Inc.",証券,金融・金利,86,90,87,主力テーマ,A,ok,direct=securities brokerage; position=0.26; growth=development/investment,,0,,https://www.sbigroup.co.jp,EQUITY,Financial Services,Financial Conglomerates,https://www.sbigroup.co.jp
10,8508,"J Trust Co., Ltd.",不動産関連,不動産・建設,58,54,57,補助関連,C,needs_review,adjacent=real estate; growth=development/investment; official=不動産; count=4; pos=0.28,不動産,4,0.2783,https://www.jt-corp.co.jp | https://www.jt-corp.co.jp/ir/mail/ | https://www.jt-corp.co.jp/company/,EQUITY,Financial Services,Financial Conglomerates,https://www.jt-corp.co.jp
10,8508,"J Trust Co., Ltd.",銀行,金融・金利,66,68,67,有力関連,B,qa_borderline,direct=banking; position=0.61; growth=development/investment; official=銀行; count=4; pos=0.27,銀行,4,0.2675,https://www.jt-corp.co.jp | https://www.jt-corp.co.jp/ir/mail/ | https://www.jt-corp.co.jp/company/,EQUITY,Financial Services,Financial Conglomerates,https://www.jt-corp.co.jp
10,8518,"Japan Asia Investment Co., Ltd.",介護関連,医療・ヘルスケア,82,86,83,主力テーマ,B,ok,direct=nursing care; position=0.49; growth=focuses/investment,,0,,https://www.jaic-vc.co.jp,EQUITY,Financial Services,Asset Management,https://www.jaic-vc.co.jp
10,8518,"Japan Asia Investment Co., Ltd.",再生可能エネルギー,GX・エネルギー,8,5,7,ノイズ候補,C,needs_review,事業概要に直接根拠を確認できず,,0,,https://www.jaic-vc.co.jp,EQUITY,Financial Services,Asset Management,https://www.jaic-vc.co.jp
10,8518,"Japan Asia Investment Co., Ltd.",太陽光発電関連,GX・エネルギー,8,5,7,ノイズ候補,C,needs_review,事業概要に直接根拠を確認できず,,0,,https://www.jaic-vc.co.jp,EQUITY,Financial Services,Asset Management,https://www.jaic-vc.co.jp
10,8518,"Japan Asia Investment Co., Ltd.",物流,物流・海運,8,5,7,ノイズ候補,C,needs_review,事業概要に直接根拠を確認できず,,0,,https://www.jaic-vc.co.jp,EQUITY,Financial Services,Asset Management,https://www.jaic-vc.co.jp
10,8522,"The Bank of Nagoya, Ltd.",地方銀行,金融・金利,90,92,91,主力テーマ,A,ok,industry=Banks - Regional; adjacent=banking; growth=investment,,0,,https://www.meigin.com,EQUITY,Financial Services,Banks - Regional,https://www.meigin.com
10,8522,"The Bank of Nagoya, Ltd.",金利上昇メリット,金融・金利,66,58,64,有力関連,B,needs_review_macro,direct=banking; position=0.06; growth=investment,,0,,https://www.meigin.com,EQUITY,Financial Services,Banks - Regional,https://www.meigin.com
10,8522,"The Bank of Nagoya, Ltd.",銀行,金融・金利,94,96,95,主力テーマ,A,ok,industry=Banks - Regional; direct=banking; position=0.06; growth=investment,,0,,https://www.meigin.com,EQUITY,Financial Services,Banks - Regional,https://www.meigin.com
10,8524,"North Pacific Bank,Ltd.",地方銀行,金融・金利,90,92,91,主力テーマ,A,ok,industry=Banks - Regional; adjacent=banking; growth=investment,,0,,https://www.hokuyobank.co.jp,EQUITY,Financial Services,Banks - Regional,https://www.hokuyobank.co.jp
10,8524,"North Pacific Bank,Ltd.",金利上昇メリット,金融・金利,66,58,64,有力関連,B,needs_review_macro,direct=banking; position=0.04; growth=investment,,0,,https://www.hokuyobank.co.jp,EQUITY,Financial Services,Banks - Regional,https://www.hokuyobank.co.jp
10,8524,"North Pacific Bank,Ltd.",銀行,金融・金利,94,96,95,主力テーマ,A,ok,industry=Banks - Regional; direct=banking; position=0.04; growth=investment,,0,,https://www.hokuyobank.co.jp,EQUITY,Financial Services,Banks - Regional,https://www.hokuyobank.co.jp
10,8537,"The Taiko Bank, Ltd.",地方銀行,金融・金利,90,94,91,主力テーマ,A,ok,industry=Banks - Regional; adjacent=banking; growth=expansion/investment,,0,,https://www.taikobank.jp,EQUITY,Financial Services,Banks - Regional,https://www.taikobank.jp
10,8537,"The Taiko Bank, Ltd.",金利上昇メリット,金融・金利,66,58,64,有力関連,B,needs_review_macro,direct=banking; position=0.04; growth=expansion/investment,,0,,https://www.taikobank.jp,EQUITY,Financial Services,Banks - Regional,https://www.taikobank.jp
10,8537,"The Taiko Bank, Ltd.",銀行,金融・金利,94,98,95,主力テーマ,A,ok,industry=Banks - Regional; direct=banking; position=0.04; growth=expansion/investment,,0,,https://www.taikobank.jp,EQUITY,Financial Services,Banks - Regional,https://www.taikobank.jp
10,8541,"The Ehime Bank, Ltd.",リース,金融・金利,66,56,63,有力関連,B,qa_borderline,direct=leasing business; position=0.53,,0,,https://www.himegin.co.jp | https://www.himegin.co.jp/corporate/ | https://www.himegin.co.jp/corporate/support/,EQUITY,Financial Services,Banks - Regional,https://www.himegin.co.jp
10,8541,"The Ehime Bank, Ltd.",地方銀行,金融・金利,90,82,88,主力テーマ,A,ok,industry=Banks - Regional; adjacent=banking,,0,,https://www.himegin.co.jp | https://www.himegin.co.jp/corporate/ | https://www.himegin.co.jp/corporate/support/,EQUITY,Financial Services,Banks - Regional,https://www.himegin.co.jp
10,8541,"The Ehime Bank, Ltd.",金利上昇メリット,金融・金利,66,56,63,有力関連,B,needs_review_macro,direct=banking; position=0.06,,0,,https://www.himegin.co.jp | https://www.himegin.co.jp/corporate/ | https://www.himegin.co.jp/corporate/support/,EQUITY,Financial Services,Banks - Regional,https://www.himegin.co.jp
10,8542,"Tomato Bank, Ltd.",地方銀行,金融・金利,90,92,91,主力テーマ,A,ok,industry=Banks - Regional; adjacent=banking; growth=investment,,0,,https://www.tomatobank.co.jp,EQUITY,Financial Services,Banks - Regional,https://www.tomatobank.co.jp
10,8542,"Tomato Bank, Ltd.",金利上昇メリット,金融・金利,66,58,64,有力関連,B,needs_review_macro,direct=banking/life insurance; position=0.03; growth=investment,,0,,https://www.tomatobank.co.jp,EQUITY,Financial Services,Banks - Regional,https://www.tomatobank.co.jp
10,8542,"Tomato Bank, Ltd.",銀行,金融・金利,94,96,95,主力テーマ,A,ok,industry=Banks - Regional; direct=banking; position=0.03; growth=investment,,0,,https://www.tomatobank.co.jp,EQUITY,Financial Services,Banks - Regional,https://www.tomatobank.co.jp
10,8544,"The Keiyo Bank, Ltd.",地方銀行,金融・金利,90,92,91,主力テーマ,A,ok,industry=Banks - Regional; adjacent=banking; growth=investment,,0,,https://www.keiyobank.co.jp,EQUITY,Financial Services,Banks - Regional,https://www.keiyobank.co.jp
10,8544,"The Keiyo Bank, Ltd.",金利上昇メリット,金融・金利,66,58,64,有力関連,B,needs_review_macro,direct=banking; position=0.05; growth=investment,,0,,https://www.keiyobank.co.jp,EQUITY,Financial Services,Banks - Regional,https://www.keiyobank.co.jp
10,8544,"The Keiyo Bank, Ltd.",銀行,金融・金利,94,96,95,主力テーマ,A,ok,industry=Banks - Regional; direct=banking; position=0.05; growth=investment,,0,,https://www.keiyobank.co.jp,EQUITY,Financial Services,Banks - Regional,https://www.keiyobank.co.jp
10,8550,"The Tochigi Bank, Ltd.",地方銀行,金融・金利,90,82,88,主力テーマ,A,ok,industry=Banks - Regional; adjacent=banking,,0,,https://www.tochigibank.co.jp | https://www.tochigibank.co.jp/business/ | https://www.tochigibank.co.jp/individual/support/reservation/,EQUITY,Financial Services,Banks - Regional,https://www.tochigibank.co.jp
10,8550,"The Tochigi Bank, Ltd.",金利上昇メリット,金融・金利,66,56,63,有力関連,B,needs_review_macro,direct=banking; position=0.07,,0,,https://www.tochigibank.co.jp | https://www.tochigibank.co.jp/business/ | https://www.tochigibank.co.jp/individual/support/reservation/,EQUITY,Financial Services,Banks - Regional,https://www.tochigibank.co.jp
10,8550,"The Tochigi Bank, Ltd.",銀行,金融・金利,94,86,92,主力テーマ,A,ok,industry=Banks - Regional; direct=banking; position=0.07; official=銀行; count=49; pos=0.00,銀行,49,0.0001,https://www.tochigibank.co.jp | https://www.tochigibank.co.jp/business/ | https://www.tochigibank.co.jp/individual/support/reservation/,EQUITY,Financial Services,Banks - Regional,https://www.tochigibank.co.jp
10,8551,"The Kita-Nippon Bank, Ltd.",地方銀行,金融・金利,90,94,91,主力テーマ,A,ok,industry=Banks - Regional; adjacent=banking; growth=development/investment,,0,,https://www.kitagin.co.jp,EQUITY,Financial Services,Banks - Regional,https://www.kitagin.co.jp
10,8551,"The Kita-Nippon Bank, Ltd.",金利上昇メリット,金融・金利,66,58,64,有力関連,B,needs_review_macro,direct=banking; position=0.16; growth=development/investment,,0,,https://www.kitagin.co.jp,EQUITY,Financial Services,Banks - Regional,https://www.kitagin.co.jp
10,8551,"The Kita-Nippon Bank, Ltd.",銀行,金融・金利,97,100,98,主力テーマ,A,ok,industry=Banks - Regional; direct=banking/commercial bank; position=0.14; growth=development/investment,,0,,https://www.kitagin.co.jp,EQUITY,Financial Services,Banks - Regional,https://www.kitagin.co.jp
10,8554,,地方銀行,金融・金利,8,5,7,ノイズ候補,C,needs_official_ir,事業概要に直接根拠を確認できず,,0,,,,,,
10,8554,,金利上昇メリット,金融・金利,8,5,7,ノイズ候補,C,needs_official_ir,事業概要に直接根拠を確認できず,,0,,,,,,
10,8554,,銀行,金融・金利,8,5,7,ノイズ候補,C,needs_official_ir,事業概要に直接根拠を確認できず,,0,,,,,,
10,8558,"The Towa Bank, Ltd.",地方銀行,金融・金利,90,82,88,主力テーマ,A,ok,industry=Banks - Regional; adjacent=banking,,0,,https://www.towabank.co.jp,EQUITY,Financial Services,Banks - Regional,https://www.towabank.co.jp
10,8558,"The Towa Bank, Ltd.",金利上昇メリット,金融・金利,66,56,63,有力関連,B,needs_review_macro,direct=banking; position=0.15,,0,,https://www.towabank.co.jp,EQUITY,Financial Services,Banks - Regional,https://www.towabank.co.jp
10,8558,"The Towa Bank, Ltd.",銀行,金融・金利,94,86,92,主力テーマ,A,ok,industry=Banks - Regional; direct=banking; position=0.15,,0,,https://www.towabank.co.jp,EQUITY,Financial Services,Banks - Regional,https://www.towabank.co.jp
10,8559,,地方銀行,金融・金利,8,5,7,ノイズ候補,C,needs_official_ir,事業概要に直接根拠を確認できず,,0,,,,,,
10,8559,,金利上昇メリット,金融・金利,8,5,7,ノイズ候補,C,needs_official_ir,事業概要に直接根拠を確認できず,,0,,,,,,
10,8559,,銀行,金融・金利,8,5,7,ノイズ候補,C,needs_official_ir,事業概要に直接根拠を確認できず,,0,,,,,,
10,8560,,地方銀行,金融・金利,8,5,7,ノイズ候補,C,needs_official_ir,事業概要に直接根拠を確認できず,,0,,,,,,
10,8560,,金利上昇メリット,金融・金利,8,5,7,ノイズ候補,C,needs_official_ir,事業概要に直接根拠を確認できず,,0,,,,,,
10,8560,,銀行,金融・金利,8,5,7,ノイズ候補,C,needs_official_ir,事業概要に直接根拠を確認できず,,0,,,,,,
10,8562,"The Fukushima Bank, Ltd.",地方銀行,金融・金利,90,94,91,主力テーマ,A,ok,industry=Banks - Regional; adjacent=banking; growth=development/investment,,0,,https://www.fukushimabank.co.jp,EQUITY,Financial Services,Banks - Regional,https://www.fukushimabank.co.jp
10,8562,"The Fukushima Bank, Ltd.",金利上昇メリット,金融・金利,66,58,64,有力関連,B,needs_review_macro,direct=banking; position=0.02; growth=development/investment,,0,,https://www.fukushimabank.co.jp,EQUITY,Financial Services,Banks - Regional,https://www.fukushimabank.co.jp
10,8562,"The Fukushima Bank, Ltd.",銀行,金融・金利,94,98,95,主力テーマ,A,ok,industry=Banks - Regional; direct=banking; position=0.02; growth=development/investment,,0,,https://www.fukushimabank.co.jp,EQUITY,Financial Services,Banks - Regional,https://www.fukushimabank.co.jp
10,8563,"The Daito Bank, Ltd.",地方銀行,金融・金利,90,94,91,主力テーマ,A,ok,industry=Banks - Regional; adjacent=banking; growth=expansion/investment,,0,,https://www.daitobank.co.jp | https://www.daitobank.co.jp/personal/entrust/mediation.html | https://www.daitobank.co.jp/personal/provide/insurance/,EQUITY,Financial Services,Banks - Regional,https://www.daitobank.co.jp
10,8563,"The Daito Bank, Ltd.",金利上昇メリット,金融・金利,66,58,64,有力関連,B,needs_review_macro,direct=banking; position=0.04; growth=expansion/investment,,0,,https://www.daitobank.co.jp | https://www.daitobank.co.jp/personal/entrust/mediation.html | https://www.daitobank.co.jp/personal/provide/insurance/,EQUITY,Financial Services,Banks - Regional,https://www.daitobank.co.jp
10,8563,"The Daito Bank, Ltd.",銀行,金融・金利,94,98,95,主力テーマ,A,ok,industry=Banks - Regional; direct=banking; position=0.04; growth=expansion/investment; official=銀行; count=41; pos=0.00,銀行,41,0.0002,https://www.daitobank.co.jp | https://www.daitobank.co.jp/personal/entrust/mediation.html | https://www.daitobank.co.jp/personal/provide/insurance/,EQUITY,Financial Services,Banks - Regional,https://www.daitobank.co.jp
10,8566,"Ricoh Leasing Company, Ltd.",リース,金融・金利,42,40,41,補助関連,C,needs_review,adjacent=lease; growth=investment,,0,,https://www.r-lease.co.jp,EQUITY,Financial Services,Credit Services,https://www.r-lease.co.jp
10,8570,"AEON Financial Service Co., Ltd.",ネット銀行,金融・金利,42,30,38,ノイズ候補,C,needs_review,adjacent=banking,,0,,https://www.aeonfinancial.co.jp,EQUITY,Financial Services,Credit Services,https://www.aeonfinancial.co.jp
10,8570,"AEON Financial Service Co., Ltd.",保険,金融・金利,86,78,84,主力テーマ,B,ok,direct=life insurance; position=0.27,,0,,https://www.aeonfinancial.co.jp,EQUITY,Financial Services,Credit Services,https://www.aeonfinancial.co.jp
10,8570,"AEON Financial Service Co., Ltd.",銀行,金融・金利,86,78,84,主力テーマ,B,ok,direct=banking; position=0.23,,0,,https://www.aeonfinancial.co.jp,EQUITY,Financial Services,Credit Services,https://www.aeonfinancial.co.jp
10,8584,"JACCS Co., Ltd.",キャッシュレス決済,金融・金利,8,5,7,ノイズ候補,C,needs_review,事業概要に直接根拠を確認できず,,0,,https://www.jaccs.co.jp,EQUITY,Financial Services,Credit Services,https://www.jaccs.co.jp
10,8585,Orient Corporation,キャッシュレス決済,金融・金利,8,5,7,ノイズ候補,C,needs_review,事業概要に直接根拠を確認できず,,0,,https://www.orico.co.jp,EQUITY,Financial Services,Credit Services,https://www.orico.co.jp
10,8585,Orient Corporation,フィンテック,金融・金利,8,5,7,ノイズ候補,C,needs_review,事業概要に直接根拠を確認できず,,0,,https://www.orico.co.jp,EQUITY,Financial Services,Credit Services,https://www.orico.co.jp
10,8591,ORIX Corporation,インバウンド,内需・消費,8,5,7,ノイズ候補,C,needs_review_macro,事業概要に直接根拠を確認できず,,0,,https://www.orix.co.jp,EQUITY,Financial Services,Financial Conglomerates,https://www.orix.co.jp
10,8591,ORIX Corporation,クラウドコンピューティング,デジタル・サービス,8,5,7,ノイズ候補,C,needs_review,事業概要に直接根拠を確認できず,,0,,https://www.orix.co.jp,EQUITY,Financial Services,Financial Conglomerates,https://www.orix.co.jp
10,8591,ORIX Corporation,フィンテック,金融・金利,8,5,7,ノイズ候補,C,needs_review,事業概要に直接根拠を確認できず,,0,,https://www.orix.co.jp,EQUITY,Financial Services,Financial Conglomerates,https://www.orix.co.jp
10,8591,ORIX Corporation,リース,金融・金利,8,5,7,ノイズ候補,C,needs_review,事業概要に直接根拠を確認できず,,0,,https://www.orix.co.jp,EQUITY,Financial Services,Financial Conglomerates,https://www.orix.co.jp
10,8591,ORIX Corporation,全固体電池,自動車・モビリティ,8,5,7,ノイズ候補,C,needs_review,事業概要に直接根拠を確認できず,,0,,https://www.orix.co.jp,EQUITY,Financial Services,Financial Conglomerates,https://www.orix.co.jp
10,8591,ORIX Corporation,再生可能エネルギー,GX・エネルギー,66,68,67,有力関連,B,qa_borderline,direct=renewable energy; position=0.52; growth=develops/investment,,0,,https://www.orix.co.jp,EQUITY,Financial Services,Financial Conglomerates,https://www.orix.co.jp
10,8591,ORIX Corporation,空飛ぶクルマ,自動車・モビリティ,8,5,7,ノイズ候補,C,needs_review,事業概要に直接根拠を確認できず,,0,,https://www.orix.co.jp,EQUITY,Financial Services,Financial Conglomerates,https://www.orix.co.jp
10,8591,ORIX Corporation,銀行,金融・金利,92,96,93,主力テーマ,A,ok,direct=banking; position=0.14; growth=develops/investment,,0,,https://www.orix.co.jp,EQUITY,Financial Services,Financial Conglomerates,https://www.orix.co.jp
10,8591,ORIX Corporation,風力発電,GX・エネルギー,8,5,7,ノイズ候補,C,needs_review,事業概要に直接根拠を確認できず,,0,,https://www.orix.co.jp,EQUITY,Financial Services,Financial Conglomerates,https://www.orix.co.jp
10,8593,Mitsubishi HC Capital Inc.,リース,金融・金利,42,40,41,補助関連,C,needs_review,adjacent=lease; growth=investment,,0,,https://www.mitsubishi-hc-capital.com,EQUITY,Financial Services,Credit Services,https://www.mitsubishi-hc-capital.com
10,8593,Mitsubishi HC Capital Inc.,再生可能エネルギー,GX・エネルギー,66,66,66,有力関連,B,qa_borderline,direct=renewable energy; position=0.59; growth=investment,,0,,https://www.mitsubishi-hc-capital.com,EQUITY,Financial Services,Credit Services,https://www.mitsubishi-hc-capital.com
10,8593,Mitsubishi HC Capital Inc.,太陽光発電関連,GX・エネルギー,8,5,7,ノイズ候補,C,needs_review,事業概要に直接根拠を確認できず,,0,,https://www.mitsubishi-hc-capital.com,EQUITY,Financial Services,Credit Services,https://www.mitsubishi-hc-capital.com
10,8594,,リース,金融・金利,8,5,7,ノイズ候補,C,needs_official_ir,事業概要に直接根拠を確認できず,,0,,,,,,
10,8594,,不動産関連,不動産・建設,8,5,7,ノイズ候補,C,needs_official_ir,事業概要に直接根拠を確認できず,,0,,,,,,
10,8596,"Kyushu Leasing Service Co., Ltd.",リース,金融・金利,72,68,71,有力関連,B,needs_review,事業概要に直接根拠を確認できず; official=リース; count=73; pos=0.00,リース,73,0.0017,https://www.k-lease.co.jp | https://www.k-lease.co.jp/ja/about.html | https://www.k-lease.co.jp/ja/business.html,EQUITY,Industrials,Rental & Leasing Services,https://www.k-lease.co.jp
10,8596,"Kyushu Leasing Service Co., Ltd.",不動産関連,不動産・建設,72,68,71,有力関連,B,qa_borderline,direct=real estate business; position=0.57; official=不動産; count=5; pos=0.08,不動産,5,0.0814,https://www.k-lease.co.jp | https://www.k-lease.co.jp/ja/about.html | https://www.k-lease.co.jp/ja/business.html,EQUITY,Industrials,Rental & Leasing Services,https://www.k-lease.co.jp
10,8596,"Kyushu Leasing Service Co., Ltd.",太陽光発電関連,GX・エネルギー,92,98,94,主力テーマ,A,official_site_supported,事業概要に直接根拠を確認できず; official=太陽光発電/ソーラー; count=6; pos=0.59,太陽光発電 | ソーラー,6,0.5937,https://www.k-lease.co.jp | https://www.k-lease.co.jp/ja/about.html | https://www.k-lease.co.jp/ja/business.html,EQUITY,Industrials,Rental & Leasing Services,https://www.k-lease.co.jp
10,8600,"TOMONY Holdings, Inc.",地方銀行,金融・金利,90,82,88,主力テーマ,A,ok,industry=Banks - Regional; adjacent=banking,,0,,https://www.tomony-hd.co.jp,EQUITY,Financial Services,Banks - Regional,https://www.tomony-hd.co.jp
10,8600,"TOMONY Holdings, Inc.",金利上昇メリット,金融・金利,66,56,63,有力関連,B,needs_review_macro,direct=banking; position=0.13,,0,,https://www.tomony-hd.co.jp,EQUITY,Financial Services,Banks - Regional,https://www.tomony-hd.co.jp
10,8600,"TOMONY Holdings, Inc.",銀行,金融・金利,94,86,92,主力テーマ,A,ok,industry=Banks - Regional; direct=banking; position=0.13,,0,,https://www.tomony-hd.co.jp,EQUITY,Financial Services,Banks - Regional,https://www.tomony-hd.co.jp
10,8601,Daiwa Securities Group Inc.,ネット銀行,金融・金利,42,42,42,補助関連,C,needs_review,adjacent=banking; growth=research/investment,,0,,https://www.daiwa-grp.jp,EQUITY,Financial Services,Capital Markets,https://www.daiwa-grp.jp
10,8601,Daiwa Securities Group Inc.,フィンテック,金融・金利,8,5,7,ノイズ候補,C,needs_review,事業概要に直接根拠を確認できず,,0,,https://www.daiwa-grp.jp,EQUITY,Financial Services,Capital Markets,https://www.daiwa-grp.jp
10,8601,Daiwa Securities Group Inc.,証券,金融・金利,94,98,95,主力テーマ,A,ok,industry=Capital Markets; direct=investment banking; position=0.21; growth=research/investment; official=証券; count=26; pos=0.00,証券,26,0.0027,https://www.daiwa-grp.jp,EQUITY,Financial Services,Capital Markets,https://www.daiwa-grp.jp
10,8604,"Nomura Holdings, Inc.",フィンテック,金融・金利,8,5,7,ノイズ候補,C,needs_review,事業概要に直接根拠を確認できず,,0,,https://www.nomuraholdings.com,EQUITY,Financial Services,Capital Markets,https://www.nomuraholdings.com
10,8604,"Nomura Holdings, Inc.",証券,金融・金利,94,96,95,主力テーマ,A,qa_peripheral,industry=Capital Markets; direct=investment banking; position=0.75; growth=investment,,0,,https://www.nomuraholdings.com,EQUITY,Financial Services,Capital Markets,https://www.nomuraholdings.com
10,8609,Okasan Securities Group Inc.,証券,金融・金利,94,86,92,主力テーマ,A,ok,industry=Capital Markets; direct=securities business; position=0.10,,0,,https://www.okasan.jp,EQUITY,Financial Services,Capital Markets,https://www.okasan.jp
10,8613,"Marusan Securities Co., Ltd.",証券,金融・金利,90,92,91,主力テーマ,A,ok,industry=Capital Markets; adjacent=financial instruments/brokerage; growth=investment; official=証券; count=50; pos=0.00,証券,50,0.0002,https://www.marusan-sec.co.jp | https://www.marusan-sec.co.jp/kaisya/gaiyo/index.html | https://www.marusan-sec.co.jp/products/index.html,EQUITY,Financial Services,Capital Markets,https://www.marusan-sec.co.jp
10,8614,"Toyo Securities Co., Ltd.",証券,金融・金利,90,92,91,主力テーマ,A,ok,industry=Capital Markets; adjacent=financial instruments; growth=investment; official=証券; count=93; pos=0.00,証券,93,0.0005,https://www.toyo-sec.co.jp | https://www.toyo-sec.co.jp/service/ | https://www.toyo-sec.co.jp/product/,EQUITY,Financial Services,Capital Markets,https://www.toyo-sec.co.jp
10,8616,"Tokai Tokyo Financial Holdings, Inc.",証券,金融・金利,94,98,95,主力テーマ,A,ok,industry=Capital Markets; direct=investment banking; position=0.19; growth=research/investment,,0,,https://www.tokaitokyo-fh.jp,EQUITY,Financial Services,Capital Markets,https://www.tokaitokyo-fh.jp
10,8617,"The Kosei Securities Co., Ltd.",証券,金融・金利,90,92,91,主力テーマ,A,ok,industry=Capital Markets; adjacent=brokerage; growth=investment,,0,,https://www.kosei.co.jp,EQUITY,Financial Services,Capital Markets,https://www.kosei.co.jp
10,8622,"Mito Securities Co., Ltd.",証券,金融・金利,72,68,71,有力関連,B,non_operating_security,事業会社ではないため事業関連度の対象外; official=証券; count=8; pos=0.00,証券,8,0.0006,https://www.mito.co.jp | https://www.mito.co.jp/service/other/ | https://www.mito.co.jp/corporate/campaign/2026/06/mitonisa-7.html,EQUITY,Financial Services,Capital Markets,https://www.mito.co.jp
10,8624,"Ichiyoshi Securities Co., Ltd.",証券,金融・金利,72,68,71,有力関連,B,needs_review,事業概要に直接根拠を確認できず; official=証券; count=47; pos=0.00,証券,47,0.0005,https://www.ichiyoshi.co.jp | https://www.ichiyoshi.co.jp/product | https://www.ichiyoshi.co.jp/service,EQUITY,Financial Services,Asset Management,https://www.ichiyoshi.co.jp
10,8628,"Matsui Securities Co., Ltd.",証券,金融・金利,97,99,98,主力テーマ,A,ok,industry=Capital Markets; direct=securities brokerage/brokerage services; position=0.08; growth=investment,,0,,https://www.matsui.co.jp,EQUITY,Financial Services,Capital Markets,https://www.matsui.co.jp
10,8630,"Sompo Holdings, Inc.",ホームヘルスケア,医療・ヘルスケア,8,5,7,ノイズ候補,C,needs_review,事業概要に直接根拠を確認できず,,0,,https://www.sompo-hd.com | https://www.sompo-hd.com/company/ | https://www.sompo-hd.com/group/,EQUITY,Financial Services,Insurance - Property & Casualty,https://www.sompo-hd.com
10,8630,"Sompo Holdings, Inc.",介護関連,医療・ヘルスケア,92,98,94,主力テーマ,A,ok,direct=nursing care; position=0.19; growth=development/research; official=介護/介護サービス; count=9; pos=0.09,介護 | 介護サービス,9,0.0869,https://www.sompo-hd.com | https://www.sompo-hd.com/company/ | https://www.sompo-hd.com/group/,EQUITY,Financial Services,Insurance - Property & Casualty,https://www.sompo-hd.com
10,8630,"Sompo Holdings, Inc.",保険,金融・金利,97,100,98,主力テーマ,A,ok,industry=Insurance - Property & Casualty; direct=insurance business/life insurance; position=0.13; growth=development/research; official=保険; count=24; pos=0.08,保険,24,0.0816,https://www.sompo-hd.com | https://www.sompo-hd.com/company/ | https://www.sompo-hd.com/group/,EQUITY,Financial Services,Insurance - Property & Casualty,https://www.sompo-hd.com
10,8630,"Sompo Holdings, Inc.",金利上昇メリット,金融・金利,66,58,64,有力関連,B,needs_review_macro,direct=life insurance; position=0.17; growth=development/research,,0,,https://www.sompo-hd.com | https://www.sompo-hd.com/company/ | https://www.sompo-hd.com/group/,EQUITY,Financial Services,Insurance - Property & Casualty,https://www.sompo-hd.com
10,8630,"Sompo Holdings, Inc.",防災,防衛・国土強靱化,72,78,74,有力関連,B,needs_review,事業概要に直接根拠を確認できず; official=防災; count=2; pos=0.28,防災,2,0.2829,https://www.sompo-hd.com | https://www.sompo-hd.com/company/ | https://www.sompo-hd.com/group/,EQUITY,Financial Services,Insurance - Property & Casualty,https://www.sompo-hd.com
10,8697,"Japan Exchange Group, Inc.",マイナンバー,デジタル・サービス,8,5,7,ノイズ候補,C,needs_review,事業概要に直接根拠を確認できず,,0,,https://www.jpx.co.jp,EQUITY,Financial Services,Financial Data & Stock Exchanges,https://www.jpx.co.jp
10,8697,"Japan Exchange Group, Inc.",証券,金融・金利,42,30,38,ノイズ候補,C,needs_review,adjacent=financial instruments,,0,,https://www.jpx.co.jp,EQUITY,Financial Services,Financial Data & Stock Exchanges,https://www.jpx.co.jp
10,8698,"Monex Group, Inc.",証券,金融・金利,94,100,96,主力テーマ,A,ok,industry=Capital Markets; direct=brokerage services; position=0.07; growth=development/research,,0,,https://www.monexgroup.jp,EQUITY,Financial Services,Capital Markets,https://www.monexgroup.jp
10,8699,"HS Holdings Co., Ltd.",銀行,金融・金利,8,5,7,ノイズ候補,C,needs_review,事業概要に直接根拠を確認できず,,0,,https://www.sawada-holdings.co.jp,EQUITY,Financial Services,Capital Markets,https://www.sawada-holdings.co.jp
10,8700,"Maruhachi Securities Co., Ltd.",証券,金融・金利,90,82,88,主力テーマ,A,ok,industry=Capital Markets; official=証券; count=17; pos=0.00,証券,17,0.0003,https://www.maruhachi-sec.co.jp | https://www.maruhachi-sec.co.jp/syohin/ | https://www.maruhachi-sec.co.jp/company/gaiyou.php,EQUITY,Financial Services,Capital Markets,https://www.maruhachi-sec.co.jp
10,8704,"Traders Holdings Co.,Ltd.",フィンテック,金融・金利,90,68,83,主力テーマ,B,official_site_supported,事業概要に直接根拠を確認できず; official=FinTech; count=2; pos=0.12,FinTech,2,0.1202,https://www.tradershd.com | https://www.tradershd.com/company/ | https://www.tradershd.com/company/outline/,EQUITY,Financial Services,Capital Markets,https://www.tradershd.com
10,8704,"Traders Holdings Co.,Ltd.",再生可能エネルギー,GX・エネルギー,8,5,7,ノイズ候補,C,needs_review,事業概要に直接根拠を確認できず,,0,,https://www.tradershd.com | https://www.tradershd.com/company/ | https://www.tradershd.com/company/outline/,EQUITY,Financial Services,Capital Markets,https://www.tradershd.com
10,8704,"Traders Holdings Co.,Ltd.",証券,金融・金利,90,82,88,主力テーマ,A,ok,industry=Capital Markets; official=証券; count=77; pos=0.01,証券,77,0.0140,https://www.tradershd.com | https://www.tradershd.com/company/ | https://www.tradershd.com/company/outline/,EQUITY,Financial Services,Capital Markets,https://www.tradershd.com
10,8705,"Nissan Securities Group Co., Ltd.",金,資源・素材,8,5,7,ノイズ候補,C,needs_review,事業概要に直接根拠を確認できず,,0,,https://www.nissansec-g.co.jp,EQUITY,Financial Services,Capital Markets,https://www.nissansec-g.co.jp
10,8706,"Kyokuto Securities Co., Ltd.",証券,金融・金利,90,96,92,主力テーマ,A,ok,industry=Capital Markets; adjacent=financial instruments; growth=development/research,,0,,https://www.kyokuto-sec.co.jp,EQUITY,Financial Services,Capital Markets,https://www.kyokuto-sec.co.jp
10,8707,"IwaiCosmo Holdings, Inc.",証券,金融・金利,90,82,88,主力テーマ,A,ok,industry=Capital Markets; adjacent=financial instruments,,0,,https://www.iwaicosmo-hd.jp | https://www.iwaicosmo-hd.jp/company/index.html,EQUITY,Financial Services,Capital Markets,https://www.iwaicosmo-hd.jp
10,8708,"Aizawa Securities Group Co., Ltd.",証券,金融・金利,94,96,95,主力テーマ,A,ok,industry=Capital Markets; direct=securities business; position=0.14; growth=investment; official=証券; count=19; pos=0.00,証券,19,0.0012,https://www.aizawa-group.jp | https://www.aizawa-group.jp/company/outline.html | https://www.aizawa-group.jp/ir/subscribe.html,EQUITY,Financial Services,Capital Markets,https://www.aizawa-group.jp
10,8713,FIDEA Holdings Co. Ltd.,リース,金融・金利,8,5,7,ノイズ候補,C,needs_review,事業概要に直接根拠を確認できず,,0,,https://www.fidea.co.jp,EQUITY,Financial Services,Banks - Regional,https://www.fidea.co.jp
10,8713,FIDEA Holdings Co. Ltd.,地方銀行,金融・金利,90,92,91,主力テーマ,A,ok,industry=Banks - Regional; adjacent=banking; growth=investment,,0,,https://www.fidea.co.jp,EQUITY,Financial Services,Banks - Regional,https://www.fidea.co.jp
10,8713,FIDEA Holdings Co. Ltd.,金利上昇メリット,金融・金利,66,58,64,有力関連,B,needs_review_macro,direct=banking; position=0.11; growth=investment,,0,,https://www.fidea.co.jp,EQUITY,Financial Services,Banks - Regional,https://www.fidea.co.jp
10,8713,FIDEA Holdings Co. Ltd.,銀行,金融・金利,94,96,95,主力テーマ,A,ok,industry=Banks - Regional; direct=banking; position=0.11; growth=investment,,0,,https://www.fidea.co.jp,EQUITY,Financial Services,Banks - Regional,https://www.fidea.co.jp
10,8714,"Senshu Ikeda Holdings, Inc.",リース,金融・金利,92,96,93,主力テーマ,A,ok,direct=leasing business; position=0.16; growth=development/investment,,0,,https://www.senshuikeda-hd.co.jp,EQUITY,Financial Services,Banks - Regional,https://www.senshuikeda-hd.co.jp
10,8714,"Senshu Ikeda Holdings, Inc.",地方銀行,金融・金利,90,94,91,主力テーマ,A,ok,industry=Banks - Regional; adjacent=banking; growth=development/investment,,0,,https://www.senshuikeda-hd.co.jp,EQUITY,Financial Services,Banks - Regional,https://www.senshuikeda-hd.co.jp
10,8714,"Senshu Ikeda Holdings, Inc.",証券,金融・金利,58,58,58,補助関連,C,needs_review,direct=securities business; position=0.79; growth=development/investment,,0,,https://www.senshuikeda-hd.co.jp,EQUITY,Financial Services,Banks - Regional,https://www.senshuikeda-hd.co.jp
10,8714,"Senshu Ikeda Holdings, Inc.",金利上昇メリット,金融・金利,66,58,64,有力関連,B,needs_review_macro,direct=banking; position=0.03; growth=development/investment,,0,,https://www.senshuikeda-hd.co.jp,EQUITY,Financial Services,Banks - Regional,https://www.senshuikeda-hd.co.jp
10,8714,"Senshu Ikeda Holdings, Inc.",銀行,金融・金利,94,98,95,主力テーマ,A,ok,industry=Banks - Regional; direct=banking; position=0.03; growth=development/investment,,0,,https://www.senshuikeda-hd.co.jp,EQUITY,Financial Services,Banks - Regional,https://www.senshuikeda-hd.co.jp
10,8715,"Anicom Holdings, Inc.",eコマース,内需・消費,8,5,7,ノイズ候補,C,needs_review,事業概要に直接根拠を確認できず,,0,,https://www.anicom.co.jp,EQUITY,Financial Services,Insurance - Property & Casualty,https://www.anicom.co.jp
10,8715,"Anicom Holdings, Inc.",保険,金融・金利,90,82,88,主力テーマ,A,ok,industry=Insurance - Property & Casualty,,0,,https://www.anicom.co.jp,EQUITY,Financial Services,Insurance - Property & Casualty,https://www.anicom.co.jp
10,8715,"Anicom Holdings, Inc.",金利上昇メリット,金融・金利,42,42,42,補助関連,C,needs_review_macro,adjacent=insurance; growth=develops/research,,0,,https://www.anicom.co.jp,EQUITY,Financial Services,Insurance - Property & Casualty,https://www.anicom.co.jp
10,8725,"MS&AD Insurance Group Holdings, Inc.",MaaS,自動車・モビリティ,8,5,7,ノイズ候補,C,needs_review,事業概要に直接根拠を確認できず,,0,,https://www.ms-ad-hd.com,EQUITY,Financial Services,Insurance - Property & Casualty,https://www.ms-ad-hd.com
10,8725,"MS&AD Insurance Group Holdings, Inc.",保険,金融・金利,94,86,92,主力テーマ,A,ok,industry=Insurance - Property & Casualty; direct=life insurance; position=0.26,,0,,https://www.ms-ad-hd.com,EQUITY,Financial Services,Insurance - Property & Casualty,https://www.ms-ad-hd.com
10,8725,"MS&AD Insurance Group Holdings, Inc.",再生医療,医療・ヘルスケア,8,5,7,ノイズ候補,C,needs_review,事業概要に直接根拠を確認できず,,0,,https://www.ms-ad-hd.com,EQUITY,Financial Services,Insurance - Property & Casualty,https://www.ms-ad-hd.com
10,8725,"MS&AD Insurance Group Holdings, Inc.",金利上昇メリット,金融・金利,66,56,63,有力関連,B,needs_review_macro,direct=life insurance; position=0.26,,0,,https://www.ms-ad-hd.com,EQUITY,Financial Services,Insurance - Property & Casualty,https://www.ms-ad-hd.com
10,8725,"MS&AD Insurance Group Holdings, Inc.",防災,防衛・国土強靱化,8,5,7,ノイズ候補,C,needs_review,事業概要に直接根拠を確認できず,,0,,https://www.ms-ad-hd.com,EQUITY,Financial Services,Insurance - Property & Casualty,https://www.ms-ad-hd.com
10,8729,Sony Financial Group Inc.,ネット銀行,金融・金利,8,5,7,ノイズ候補,C,needs_review,事業概要に直接根拠を確認できず,,0,,https://www.sonyfg.co.jp,EQUITY,Financial Services,Insurance - Life,https://www.sonyfg.co.jp
10,8729,Sony Financial Group Inc.,介護関連,医療・ヘルスケア,58,58,58,補助関連,C,needs_review,direct=nursing care; position=0.66; growth=develops/investment,,0,,https://www.sonyfg.co.jp,EQUITY,Financial Services,Insurance - Life,https://www.sonyfg.co.jp
10,8729,Sony Financial Group Inc.,保険,金融・金利,90,94,91,主力テーマ,A,ok,industry=Insurance - Life; adjacent=insurance services; growth=develops/investment,,0,,https://www.sonyfg.co.jp,EQUITY,Financial Services,Insurance - Life,https://www.sonyfg.co.jp
10,8729,Sony Financial Group Inc.,銀行,金融・金利,46,46,46,補助関連,C,needs_review,adjacent=loans/deposits; growth=develops/investment,,0,,https://www.sonyfg.co.jp,EQUITY,Financial Services,Insurance - Life,https://www.sonyfg.co.jp
10,8737,Akatsuki Corp.,不動産関連,不動産・建設,58,54,57,補助関連,C,needs_review,adjacent=real estate; growth=develops/investment; official=不動産関連/不動産; count=4; pos=0.05,不動産関連 | 不動産,4,0.0472,https://www.akatsuki-fg.com,EQUITY,Financial Services,Asset Management,https://www.akatsuki-fg.com
10,8737,Akatsuki Corp.,証券,金融・金利,92,96,93,主力テーマ,A,ok,direct=securities business; position=0.13; growth=develops/investment; official=証券; count=12; pos=0.03,証券,12,0.0274,https://www.akatsuki-fg.com,EQUITY,Financial Services,Asset Management,https://www.akatsuki-fg.com
10,8739,"SPARX Group Co., Ltd.",スマートグリッド,データセンター・電力,8,5,7,ノイズ候補,C,needs_review,事業概要に直接根拠を確認できず,,0,,https://www.sparxgroup.com,EQUITY,Financial Services,Asset Management,https://www.sparxgroup.com
10,8739,"SPARX Group Co., Ltd.",証券,金融・金利,8,5,7,ノイズ候補,C,needs_review,事業概要に直接根拠を確認できず,,0,,https://www.sparxgroup.com,EQUITY,Financial Services,Asset Management,https://www.sparxgroup.com
10,8739,"SPARX Group Co., Ltd.",量子コンピューター,AI・半導体,8,5,7,ノイズ候補,C,needs_review,事業概要に直接根拠を確認できず,,0,,https://www.sparxgroup.com,EQUITY,Financial Services,Asset Management,https://www.sparxgroup.com
10,8742,"Kobayashi Yoko Co., Ltd.",不動産関連,不動産・建設,58,54,57,補助関連,C,needs_review,adjacent=real estate; growth=investment; official=不動産; count=3; pos=0.15,不動産,3,0.1533,https://www.kobayashiyoko.com | https://www.kobayashiyoko.com/company/,EQUITY,Financial Services,Capital Markets,https://www.kobayashiyoko.com
10,8742,"Kobayashi Yoko Co., Ltd.",金,資源・素材,86,88,87,主力テーマ,A,ok,direct=gold bullion; position=0.25; growth=investment,,0,,https://www.kobayashiyoko.com | https://www.kobayashiyoko.com/company/,EQUITY,Financial Services,Capital Markets,https://www.kobayashiyoko.com
10,8747,"Yutaka Trusty Securities Co., Ltd.",金,資源・素材,82,74,80,主力テーマ,B,ok,direct=gold bullion; position=0.48,,0,,https://www.yutaka-trusty.co.jp | https://www.yutaka-trusty.co.jp/business/ | https://www.yutaka-trusty.co.jp/business/futurestrade/,EQUITY,Financial Services,Capital Markets,https://www.yutaka-trusty.co.jp
10,8750,"Daiichi Life Group, Inc.",保険,金融・金利,94,86,92,主力テーマ,A,ok,industry=Insurance - Life; direct=insurance business; position=0.41,,0,,https://www.daiichilife-group.com,EQUITY,Financial Services,Insurance - Life,https://www.daiichilife-group.com
10,8750,"Daiichi Life Group, Inc.",金利上昇メリット,金融・金利,42,30,38,ノイズ候補,C,needs_review_macro,adjacent=insurance,,0,,https://www.daiichilife-group.com,EQUITY,Financial Services,Insurance - Life,https://www.daiichilife-group.com
10,8766,"Tokio Marine Holdings, Inc.",保険,金融・金利,94,96,95,主力テーマ,A,ok,industry=Insurance - Property & Casualty; direct=life insurance; position=0.04; growth=development,,0,,https://www.tokiomarinehd.com,EQUITY,Financial Services,Insurance - Property & Casualty,https://www.tokiomarinehd.com
10,8766,"Tokio Marine Holdings, Inc.",再生可能エネルギー,GX・エネルギー,8,5,7,ノイズ候補,C,needs_review,事業概要に直接根拠を確認できず,,0,,https://www.tokiomarinehd.com,EQUITY,Financial Services,Insurance - Property & Casualty,https://www.tokiomarinehd.com
10,8766,"Tokio Marine Holdings, Inc.",脱炭素,GX・エネルギー,8,5,7,ノイズ候補,C,needs_review,事業概要に直接根拠を確認できず,,0,,https://www.tokiomarinehd.com,EQUITY,Financial Services,Insurance - Property & Casualty,https://www.tokiomarinehd.com
10,8766,"Tokio Marine Holdings, Inc.",金利上昇メリット,金融・金利,66,58,64,有力関連,B,needs_review_macro,direct=life insurance; position=0.04; growth=development,,0,,https://www.tokiomarinehd.com,EQUITY,Financial Services,Insurance - Property & Casualty,https://www.tokiomarinehd.com
10,8766,"Tokio Marine Holdings, Inc.",防災,防衛・国土強靱化,8,5,7,ノイズ候補,C,needs_review,事業概要に直接根拠を確認できず,,0,,https://www.tokiomarinehd.com,EQUITY,Financial Services,Insurance - Property & Casualty,https://www.tokiomarinehd.com
10,8769,"Advantage Risk Management Co., Ltd.",保険,金融・金利,72,68,71,有力関連,B,needs_review,事業概要に直接根拠を確認できず; official=保険; count=26; pos=0.01,保険,26,0.0135,https://www.armg.jp | https://www.armg.jp/service/ | https://www.armg.jp/company/,EQUITY,Healthcare,Medical Care Facilities,https://www.armg.jp
10,8772,"Asax Co., Ltd.",不動産関連,不動産・建設,72,68,71,有力関連,B,needs_review,adjacent=real estate; official=不動産; count=241; pos=0.00,不動産,241,0.0000,https://www.asax.co.jp | https://www.asax.co.jp/conditionality/ | https://www.asax.co.jp/jigyou/,EQUITY,Financial Services,Mortgage Finance,https://www.asax.co.jp
10,8783,"abc Co., Ltd.",インバウンド,内需・消費,42,44,43,補助関連,C,needs_review_macro,adjacent=restaurant; growth=develops/research,,0,,https://www.gfa.co.jp,EQUITY,Financial Services,Asset Management,https://www.gfa.co.jp
10,8783,"abc Co., Ltd.",サイバーセキュリティ,防衛・国土強靱化,97,100,98,主力テーマ,A,ok,direct=cybersecurity/cyber security; position=0.12; growth=develops/research; official=サイバーセキュリティ; count=3; pos=0.28,サイバーセキュリティ,3,0.2814,https://www.gfa.co.jp,EQUITY,Financial Services,Asset Management,https://www.gfa.co.jp
10,8783,"abc Co., Ltd.",データセンター,データセンター・電力,8,5,7,ノイズ候補,C,needs_review,事業概要に直接根拠を確認できず,,0,,https://www.gfa.co.jp,EQUITY,Financial Services,Asset Management,https://www.gfa.co.jp
10,8783,"abc Co., Ltd.",フィジカルAI,AI・半導体,8,5,7,ノイズ候補,C,needs_review,事業概要に直接根拠を確認できず,,0,,https://www.gfa.co.jp,EQUITY,Financial Services,Asset Management,https://www.gfa.co.jp
10,8783,"abc Co., Ltd.",ホテル,内需・消費,42,44,43,補助関連,C,needs_review,adjacent=accommodation; growth=develops/research,,0,,https://www.gfa.co.jp,EQUITY,Financial Services,Asset Management,https://www.gfa.co.jp
10,8783,"abc Co., Ltd.",不動産ファンド,不動産・建設,46,48,47,補助関連,C,needs_review,adjacent=asset management/real estate investment; growth=develops/research,,0,,https://www.gfa.co.jp,EQUITY,Financial Services,Asset Management,https://www.gfa.co.jp
10,8783,"abc Co., Ltd.",外食,内需・消費,86,92,88,主力テーマ,A,ok,direct=restaurant; position=0.22; growth=develops/research,,0,,https://www.gfa.co.jp,EQUITY,Financial Services,Asset Management,https://www.gfa.co.jp
10,8789,FinTech Global Incorporated,不動産関連,不動産・建設,72,68,71,有力関連,B,needs_review,direct=real estate development; position=0.76; growth=development/investment; official=不動産; count=14; pos=0.55,不動産,14,0.5532,https://www.fgi.co.jp | https://www.fgi.co.jp/business | https://www.fgi.co.jp/about,EQUITY,Financial Services,Financial Conglomerates,https://www.fgi.co.jp
10,8793,NEC Capital Solutions Limited,リース,金融・金利,92,94,93,主力テーマ,A,ok,direct=leasing business; position=0.09; growth=investment,,0,,https://www.necap.co.jp,EQUITY,Industrials,Rental & Leasing Services,https://www.necap.co.jp
10,8795,"T&D Holdings, Inc.",リース,金融・金利,72,68,71,有力関連,B,needs_review,事業概要に直接根拠を確認できず; official=リース; count=16; pos=0.02,リース,16,0.0167,https://www.td-holdings.co.jp | https://www.td-holdings.co.jp/company/ | https://www.td-holdings.co.jp/company/profile.html,EQUITY,Financial Services,Insurance - Life,https://www.td-holdings.co.jp
10,8795,"T&D Holdings, Inc.",保険,金融・金利,94,96,95,主力テーマ,A,qa_peripheral,industry=Insurance - Life; direct=insurance business; position=0.87; growth=investment; official=保険; count=42; pos=0.01,保険,42,0.0095,https://www.td-holdings.co.jp | https://www.td-holdings.co.jp/company/ | https://www.td-holdings.co.jp/company/profile.html,EQUITY,Financial Services,Insurance - Life,https://www.td-holdings.co.jp
10,8795,"T&D Holdings, Inc.",金利上昇メリット,金融・金利,42,40,41,補助関連,C,needs_review_macro,adjacent=insurance; growth=investment,,0,,https://www.td-holdings.co.jp | https://www.td-holdings.co.jp/company/ | https://www.td-holdings.co.jp/company/profile.html,EQUITY,Financial Services,Insurance - Life,https://www.td-holdings.co.jp
10,8798,"Advance Create Co., Ltd.",保険,金融・金利,94,86,92,主力テーマ,A,ok,industry=Insurance - Diversified; direct=life insurance; position=0.21,,0,,https://www.advancecreate.co.jp,EQUITY,Financial Services,Insurance - Diversified,https://www.advancecreate.co.jp
10,8798,"Advance Create Co., Ltd.",金利上昇メリット,金融・金利,66,56,63,有力関連,B,needs_review_macro,direct=life insurance; position=0.21,,0,,https://www.advancecreate.co.jp,EQUITY,Financial Services,Insurance - Diversified,https://www.advancecreate.co.jp
10,8801,"Mitsui Fudosan Co., Ltd.",MaaS,自動車・モビリティ,8,5,7,ノイズ候補,C,needs_review,事業概要に直接根拠を確認できず,,0,,https://www.mitsuifudosan.co.jp,EQUITY,Real Estate,Real Estate - Diversified,https://www.mitsuifudosan.co.jp
10,8801,"Mitsui Fudosan Co., Ltd.",ホテル,内需・消費,58,56,57,補助関連,C,needs_review,direct=hotels and resorts; position=0.75; growth=development,,0,,https://www.mitsuifudosan.co.jp,EQUITY,Real Estate,Real Estate - Diversified,https://www.mitsuifudosan.co.jp
10,8801,"Mitsui Fudosan Co., Ltd.",マンション関連,不動産・建設,86,88,87,主力テーマ,A,ok,direct=condominium; position=0.39; growth=development,,0,,https://www.mitsuifudosan.co.jp,EQUITY,Real Estate,Real Estate - Diversified,https://www.mitsuifudosan.co.jp
10,8801,"Mitsui Fudosan Co., Ltd.",不動産関連,不動産・建設,90,92,91,主力テーマ,A,ok,industry=Real Estate - Diversified; adjacent=real estate/property management; growth=development,,0,,https://www.mitsuifudosan.co.jp,EQUITY,Real Estate,Real Estate - Diversified,https://www.mitsuifudosan.co.jp
10,8801,"Mitsui Fudosan Co., Ltd.",住宅関連,不動産・建設,42,40,41,補助関連,C,needs_review,adjacent=housing; growth=development,,0,,https://www.mitsuifudosan.co.jp,EQUITY,Real Estate,Real Estate - Diversified,https://www.mitsuifudosan.co.jp
10,8801,"Mitsui Fudosan Co., Ltd.",倉庫,物流・海運,8,5,7,ノイズ候補,C,needs_review,事業概要に直接根拠を確認できず,,0,,https://www.mitsuifudosan.co.jp,EQUITY,Real Estate,Real Estate - Diversified,https://www.mitsuifudosan.co.jp
10,8801,"Mitsui Fudosan Co., Ltd.",再開発,不動産・建設,8,5,7,ノイズ候補,C,needs_review,事業概要に直接根拠を確認できず,,0,,https://www.mitsuifudosan.co.jp,EQUITY,Real Estate,Real Estate - Diversified,https://www.mitsuifudosan.co.jp
10,8801,"Mitsui Fudosan Co., Ltd.",太陽光発電関連,GX・エネルギー,8,5,7,ノイズ候補,C,needs_review,事業概要に直接根拠を確認できず,,0,,https://www.mitsuifudosan.co.jp,EQUITY,Real Estate,Real Estate - Diversified,https://www.mitsuifudosan.co.jp
10,8801,"Mitsui Fudosan Co., Ltd.",物流,物流・海運,8,5,7,ノイズ候補,C,needs_review,事業概要に直接根拠を確認できず,,0,,https://www.mitsuifudosan.co.jp,EQUITY,Real Estate,Real Estate - Diversified,https://www.mitsuifudosan.co.jp
10,8802,"Mitsubishi Estate Co., Ltd.",データセンター,データセンター・電力,82,86,83,主力テーマ,B,ok,direct=data center; position=0.43; growth=develops/investment,,0,,https://www.mec.co.jp,EQUITY,Real Estate,Real Estate - Diversified,https://www.mec.co.jp
10,8802,"Mitsubishi Estate Co., Ltd.",ホテル,内需・消費,86,90,87,主力テーマ,A,ok,direct=operates hotels; position=0.26; growth=develops/investment; official=ホテル; count=3; pos=0.06,ホテル,3,0.0621,https://www.mec.co.jp,EQUITY,Real Estate,Real Estate - Diversified,https://www.mec.co.jp
10,8802,"Mitsubishi Estate Co., Ltd.",マンション関連,不動産・建設,86,90,87,主力テーマ,A,ok,direct=condominium; position=0.31; growth=develops/investment,,0,,https://www.mec.co.jp,EQUITY,Real Estate,Real Estate - Diversified,https://www.mec.co.jp
10,8802,"Mitsubishi Estate Co., Ltd.",不動産関連,不動産・建設,94,98,95,主力テーマ,A,ok,industry=Real Estate - Diversified; direct=real estate brokerage; position=0.41; growth=develops/investment; official=不動産; count=5; pos=0.08,不動産,5,0.0753,https://www.mec.co.jp,EQUITY,Real Estate,Real Estate - Diversified,https://www.mec.co.jp
10,8802,"Mitsubishi Estate Co., Ltd.",住宅関連,不動産・建設,82,86,83,主力テーマ,B,ok,direct=housing business; position=0.44; growth=develops/investment; official=住宅; count=3; pos=0.07,住宅,3,0.0658,https://www.mec.co.jp,EQUITY,Real Estate,Real Estate - Diversified,https://www.mec.co.jp
10,8802,"Mitsubishi Estate Co., Ltd.",倉庫,物流・海運,92,96,93,主力テーマ,A,ok,direct=storage services; position=0.14; growth=develops/investment,,0,,https://www.mec.co.jp,EQUITY,Real Estate,Real Estate - Diversified,https://www.mec.co.jp
10,8802,"Mitsubishi Estate Co., Ltd.",再開発,不動産・建設,8,5,7,ノイズ候補,C,needs_review,事業概要に直接根拠を確認できず,,0,,https://www.mec.co.jp,EQUITY,Real Estate,Real Estate - Diversified,https://www.mec.co.jp
10,8802,"Mitsubishi Estate Co., Ltd.",物流,物流・海運,58,54,57,補助関連,C,needs_review,adjacent=logistics; growth=develops/investment; official=物流; count=3; pos=0.06,物流,3,0.0597,https://www.mec.co.jp,EQUITY,Real Estate,Real Estate - Diversified,https://www.mec.co.jp
10,8802,"Mitsubishi Estate Co., Ltd.",空飛ぶクルマ,自動車・モビリティ,8,5,7,ノイズ候補,C,needs_review,事業概要に直接根拠を確認できず,,0,,https://www.mec.co.jp,EQUITY,Real Estate,Real Estate - Diversified,https://www.mec.co.jp
10,8803,"Heiwa Real Estate Co., Ltd.",不動産関連,不動産・建設,94,96,95,主力テーマ,A,qa_peripheral,industry=Real Estate - Diversified; direct=real estate brokerage; position=0.78; growth=develops; official=不動産; count=44; pos=0.00,不動産,44,0.0002,https://www.heiwa-net.co.jp | https://www.heiwa-net.co.jp/corporate/ | https://www.heiwa-net.co.jp/corporate/about.html,EQUITY,Real Estate,Real Estate - Diversified,https://www.heiwa-net.co.jp
10,8803,"Heiwa Real Estate Co., Ltd.",再開発,不動産・建設,92,98,94,主力テーマ,A,official_site_supported,事業概要に直接根拠を確認できず; official=再開発; count=25; pos=0.01,再開発,25,0.0124,https://www.heiwa-net.co.jp | https://www.heiwa-net.co.jp/corporate/ | https://www.heiwa-net.co.jp/corporate/about.html,EQUITY,Real Estate,Real Estate - Diversified,https://www.heiwa-net.co.jp
10,8804,"Tokyo Tatemono Co., Ltd.",データセンター,データセンター・電力,8,5,7,ノイズ候補,C,needs_review,事業概要に直接根拠を確認できず,,0,,https://www.tatemono.com,EQUITY,Real Estate,Real Estate Services,https://www.tatemono.com
10,8804,"Tokyo Tatemono Co., Ltd.",ホテル,内需・消費,58,54,57,補助関連,C,needs_review,事業概要に直接根拠を確認できず; official=ホテル; count=2; pos=0.63,ホテル,2,0.6306,https://www.tatemono.com,EQUITY,Real Estate,Real Estate Services,https://www.tatemono.com
10,8804,"Tokyo Tatemono Co., Ltd.",マンション関連,不動産・建設,82,84,83,主力テーマ,B,ok,direct=condominium; position=0.49; growth=development,,0,,https://www.tatemono.com,EQUITY,Real Estate,Real Estate Services,https://www.tatemono.com
10,8804,"Tokyo Tatemono Co., Ltd.",不動産関連,不動産・建設,90,92,91,主力テーマ,A,ok,industry=Real Estate Services; adjacent=real estate; growth=development; official=不動産; count=3; pos=0.41,不動産,3,0.4099,https://www.tatemono.com,EQUITY,Real Estate,Real Estate Services,https://www.tatemono.com
10,8818,"Keihanshin Building Co., Ltd.",データセンター,データセンター・電力,86,78,84,主力テーマ,B,ok,direct=datacenter; position=0.20,,0,,https://www.keihanshin.co.jp,EQUITY,Real Estate,Real Estate Services,https://www.keihanshin.co.jp
10,8818,"Keihanshin Building Co., Ltd.",不動産関連,不動産・建設,90,82,88,主力テーマ,A,ok,industry=Real Estate Services; adjacent=real estate,,0,,https://www.keihanshin.co.jp,EQUITY,Real Estate,Real Estate Services,https://www.keihanshin.co.jp
10,8830,"Sumitomo Realty & Development Co., Ltd.",ホテル,内需・消費,72,68,71,有力関連,B,needs_review,adjacent=hotel; growth=develops/development; official=ホテル; count=17; pos=0.04,ホテル,17,0.0369,https://www.sumitomo-rd.co.jp | https://www.sumitomo-rd.co.jp/corporate/ | https://www.sumitomo-rd.co.jp/corporate/date/,EQUITY,Real Estate,Real Estate Services,https://www.sumitomo-rd.co.jp
10,8830,"Sumitomo Realty & Development Co., Ltd.",マンション関連,不動産・建設,92,98,94,主力テーマ,A,ok,direct=condominium; position=0.12; growth=develops/development; official=マンション; count=31; pos=0.03,マンション,31,0.0252,https://www.sumitomo-rd.co.jp | https://www.sumitomo-rd.co.jp/corporate/ | https://www.sumitomo-rd.co.jp/corporate/date/,EQUITY,Real Estate,Real Estate Services,https://www.sumitomo-rd.co.jp
10,8830,"Sumitomo Realty & Development Co., Ltd.",不動産関連,不動産・建設,90,94,91,主力テーマ,A,ok,industry=Real Estate Services; adjacent=real estate/property management; growth=develops/development; official=不動産; count=39; pos=0.00,不動産,39,0.0002,https://www.sumitomo-rd.co.jp | https://www.sumitomo-rd.co.jp/corporate/ | https://www.sumitomo-rd.co.jp/corporate/date/,EQUITY,Real Estate,Real Estate Services,https://www.sumitomo-rd.co.jp
10,8830,"Sumitomo Realty & Development Co., Ltd.",住宅関連,不動産・建設,72,68,71,有力関連,B,needs_review,事業概要に直接根拠を確認できず; official=住宅; count=26; pos=0.02,住宅,26,0.0248,https://www.sumitomo-rd.co.jp | https://www.sumitomo-rd.co.jp/corporate/ | https://www.sumitomo-rd.co.jp/corporate/date/,EQUITY,Real Estate,Real Estate Services,https://www.sumitomo-rd.co.jp
10,8830,"Sumitomo Realty & Development Co., Ltd.",再開発,不動産・建設,92,98,94,主力テーマ,A,official_site_supported,事業概要に直接根拠を確認できず; official=再開発; count=9; pos=0.17,再開発,9,0.1668,https://www.sumitomo-rd.co.jp | https://www.sumitomo-rd.co.jp/corporate/ | https://www.sumitomo-rd.co.jp/corporate/date/,EQUITY,Real Estate,Real Estate Services,https://www.sumitomo-rd.co.jp
10,8835,Taiheiyo Kouhatsu Incorporated,不動産関連,不動産・建設,42,30,38,ノイズ候補,C,needs_review,adjacent=real estate,,0,,https://www.taiheiyo.net,EQUITY,Industrials,Conglomerates,https://www.taiheiyo.net
10,8835,Taiheiyo Kouhatsu Incorporated,建設,不動産・建設,42,30,38,ノイズ候補,C,needs_review,adjacent=construction,,0,,https://www.taiheiyo.net,EQUITY,Industrials,Conglomerates,https://www.taiheiyo.net
10,8836,RISE Inc.,不動産関連,不動産・建設,97,99,98,主力テーマ,A,ok,industry=Real Estate Services; direct=real estate business/real estate brokerage; position=0.06; growth=develops,,0,,https://www.rise-i.co.jp,EQUITY,Real Estate,Real Estate Services,https://www.rise-i.co.jp
10,8841,"TOC Co., Ltd.",不動産関連,不動産・建設,94,96,95,主力テーマ,A,ok,industry=Real Estate Services; direct=real estate business; position=0.04; growth=development; official=不動産; count=3; pos=0.56,不動産,3,0.5576,https://www.toc.co.jp | https://www.toc.co.jp/toc/ir-new/company/,EQUITY,Real Estate,Real Estate Services,https://www.toc.co.jp
10,8841,"TOC Co., Ltd.",医薬品関連,医療・ヘルスケア,90,82,88,主力テーマ,A,official_site_supported,direct=pharmaceutical/pharma; position=0.62; growth=development; official=医薬品/製薬/医薬; count=5; pos=0.14,医薬品 | 製薬 | 医薬,5,0.1448,https://www.toc.co.jp | https://www.toc.co.jp/toc/ir-new/company/,EQUITY,Real Estate,Real Estate Services,https://www.toc.co.jp
10,8844,"Cosmos Initia Co., Ltd.",インバウンド,内需・消費,42,42,42,補助関連,C,needs_review_macro,adjacent=hotel; growth=develops/investment,,0,,https://www.cigr.co.jp | https://www.cigr.co.jp/company/ | https://www.cigr.co.jp/company/outline/,EQUITY,Real Estate,Real Estate Services,https://www.cigr.co.jp
10,8844,"Cosmos Initia Co., Ltd.",ホテル,内需・消費,72,68,71,有力関連,B,needs_review,adjacent=hotel/accommodation; growth=develops/investment; official=ホテル; count=7; pos=0.13,ホテル,7,0.1344,https://www.cigr.co.jp | https://www.cigr.co.jp/company/ | https://www.cigr.co.jp/company/outline/,EQUITY,Real Estate,Real Estate Services,https://www.cigr.co.jp
10,8844,"Cosmos Initia Co., Ltd.",マンション関連,不動産・建設,92,98,94,主力テーマ,A,ok,direct=condominium; position=0.30; growth=develops/investment; official=マンション; count=15; pos=0.05,マンション,15,0.0468,https://www.cigr.co.jp | https://www.cigr.co.jp/company/ | https://www.cigr.co.jp/company/outline/,EQUITY,Real Estate,Real Estate Services,https://www.cigr.co.jp
10,8844,"Cosmos Initia Co., Ltd.",不動産関連,不動産・建設,90,94,91,主力テーマ,A,ok,industry=Real Estate Services; adjacent=real estate/property management; growth=develops/investment; official=不動産関連/不動産; count=30; pos=0.04,不動産関連 | 不動産,30,0.0435,https://www.cigr.co.jp | https://www.cigr.co.jp/company/ | https://www.cigr.co.jp/company/outline/,EQUITY,Real Estate,Real Estate Services,https://www.cigr.co.jp
10,8844,"Cosmos Initia Co., Ltd.",住宅関連,不動産・建設,58,54,57,補助関連,C,needs_review,adjacent=residential; growth=develops/investment; official=住宅; count=2; pos=0.51,住宅,2,0.5064,https://www.cigr.co.jp | https://www.cigr.co.jp/company/ | https://www.cigr.co.jp/company/outline/,EQUITY,Real Estate,Real Estate Services,https://www.cigr.co.jp
10,8848,Leopalace21 Corporation,ホテル,内需・消費,42,30,38,ノイズ候補,C,needs_review,adjacent=hotel,,0,,https://www.leopalace21.com | https://www.leopalace21.com/service,EQUITY,Real Estate,Real Estate Services,https://www.leopalace21.com
10,8848,Leopalace21 Corporation,マンション関連,不動産・建設,92,84,90,主力テーマ,A,ok,direct=condominium; position=0.12; official=マンション; count=4; pos=0.00,マンション,4,0.0033,https://www.leopalace21.com | https://www.leopalace21.com/service,EQUITY,Real Estate,Real Estate Services,https://www.leopalace21.com
10,8848,Leopalace21 Corporation,介護関連,医療・ヘルスケア,66,56,63,有力関連,B,qa_borderline,direct=nursing care; position=0.65,,0,,https://www.leopalace21.com | https://www.leopalace21.com/service,EQUITY,Real Estate,Real Estate Services,https://www.leopalace21.com
10,8848,Leopalace21 Corporation,太陽光発電関連,GX・エネルギー,82,74,80,主力テーマ,B,ok,direct=solar power; position=0.41,,0,,https://www.leopalace21.com | https://www.leopalace21.com/service,EQUITY,Real Estate,Real Estate Services,https://www.leopalace21.com
10,8850,Starts Corporation Inc.,ホテル,内需・消費,72,68,71,有力関連,B,needs_review,adjacent=hotel; growth=develops/development; official=ホテル; count=20; pos=0.03,ホテル,20,0.0263,https://www.starts.co.jp | https://www.starts.co.jp/company/ | https://www.starts.co.jp/company/outline/,EQUITY,Real Estate,Real Estate - Diversified,https://www.starts.co.jp
10,8850,Starts Corporation Inc.,マンション関連,不動産・建設,92,90,91,主力テーマ,A,ok,direct=condominium; position=0.26; growth=develops/development; official=マンション; count=6; pos=0.27,マンション,6,0.2668,https://www.starts.co.jp | https://www.starts.co.jp/company/ | https://www.starts.co.jp/company/outline/,EQUITY,Real Estate,Real Estate - Diversified,https://www.starts.co.jp
10,8850,Starts Corporation Inc.,不動産関連,不動産・建設,94,98,95,主力テーマ,A,ok,industry=Real Estate - Diversified; direct=real estate brokerage; position=0.20; growth=develops/development; official=不動産; count=50; pos=0.02,不動産,50,0.0169,https://www.starts.co.jp | https://www.starts.co.jp/company/ | https://www.starts.co.jp/company/outline/,EQUITY,Real Estate,Real Estate - Diversified,https://www.starts.co.jp
10,8850,Starts Corporation Inc.,介護関連,医療・ヘルスケア,85,82,84,主力テーマ,B,official_site_supported,事業概要に直接根拠を確認できず; official=介護; count=4; pos=0.32,介護,4,0.3216,https://www.starts.co.jp | https://www.starts.co.jp/company/ | https://www.starts.co.jp/company/outline/,EQUITY,Real Estate,Real Estate - Diversified,https://www.starts.co.jp
10,8850,Starts Corporation Inc.,住宅関連,不動産・建設,72,68,71,有力関連,B,needs_review,adjacent=housing/residential; growth=develops/development; official=住宅; count=12; pos=0.23,住宅,12,0.2287,https://www.starts.co.jp | https://www.starts.co.jp/company/ | https://www.starts.co.jp/company/outline/,EQUITY,Real Estate,Real Estate - Diversified,https://www.starts.co.jp
10,8850,Starts Corporation Inc.,建設,不動産・建設,58,54,57,補助関連,C,needs_review,adjacent=construction; growth=develops/development; official=建設; count=3; pos=0.26,建設,3,0.2637,https://www.starts.co.jp | https://www.starts.co.jp/company/ | https://www.starts.co.jp/company/outline/,EQUITY,Real Estate,Real Estate - Diversified,https://www.starts.co.jp
10,8860,Fuji Corporation Limited,不動産関連,不動産・建設,94,86,92,主力テーマ,A,ok,industry=Real Estate Services; direct=real estate business; position=0.25,,0,,https://www.fuji-jutaku.co.jp,EQUITY,Real Estate,Real Estate Services,https://www.fuji-jutaku.co.jp
10,8860,Fuji Corporation Limited,住宅関連,不動産・建設,42,30,38,ノイズ候補,C,needs_review,adjacent=housing,,0,,https://www.fuji-jutaku.co.jp,EQUITY,Real Estate,Real Estate Services,https://www.fuji-jutaku.co.jp
10,8864,"Airport Facilities Co., Ltd.",不動産関連,不動産・建設,90,92,91,主力テーマ,A,ok,industry=Real Estate Services; adjacent=real estate; growth=research; official=不動産; count=24; pos=0.04,不動産,24,0.0392,https://www.afc.jp | https://www.afc.jp/company/ | https://www.afc.jp/company/profile.html,EQUITY,Real Estate,Real Estate Services,https://www.afc.jp
10,8864,"Airport Facilities Co., Ltd.",水道関連,防衛・国土強靱化,91,93,92,主力テーマ,A,ok,direct=water supply/waterworks; position=0.21; growth=research; official=水道/水処理; count=4; pos=0.56,水道 | 水処理,4,0.5623,https://www.afc.jp | https://www.afc.jp/company/ | https://www.afc.jp/company/profile.html,EQUITY,Real Estate,Real Estate Services,https://www.afc.jp
10,8864,"Airport Facilities Co., Ltd.",航空,物流・海運,92,90,91,主力テーマ,A,official_site_supported,adjacent=aircraft; growth=research; official=航空; count=6; pos=0.58,航空,6,0.5786,https://www.afc.jp | https://www.afc.jp/company/ | https://www.afc.jp/company/profile.html,EQUITY,Real Estate,Real Estate Services,https://www.afc.jp
10,8869,Meiwa Estate Company Limited,マンション関連,不動産・建設,92,94,93,主力テーマ,A,ok,direct=condominium; position=0.13; growth=develops; official=マンション; count=37; pos=0.00,マンション,37,0.0006,https://www.meiwajisyo.co.jp | https://www.meiwajisyo.co.jp/tukurite/ | https://www.meiwajisyo.co.jp/youchi/tatekae/,EQUITY,Real Estate,Real Estate Services,https://www.meiwajisyo.co.jp
10,8869,Meiwa Estate Company Limited,不動産関連,不動産・建設,90,92,91,主力テーマ,A,ok,industry=Real Estate Services; adjacent=real estate/property management; growth=develops; official=不動産; count=8; pos=0.00,不動産,8,0.0014,https://www.meiwajisyo.co.jp | https://www.meiwajisyo.co.jp/tukurite/ | https://www.meiwajisyo.co.jp/youchi/tatekae/,EQUITY,Real Estate,Real Estate Services,https://www.meiwajisyo.co.jp
10,8871,"GOLDCREST Co.,Ltd.",ホテル,内需・消費,66,66,66,有力関連,B,qa_borderline,direct=hotel business; position=0.63; growth=development,,0,,https://www.goldcrest.co.jp,EQUITY,Real Estate,Real Estate - Development,https://www.goldcrest.co.jp
10,8871,"GOLDCREST Co.,Ltd.",マンション関連,不動産・建設,86,88,87,主力テーマ,A,ok,direct=condominium; position=0.28; growth=development,,0,,https://www.goldcrest.co.jp,EQUITY,Real Estate,Real Estate - Development,https://www.goldcrest.co.jp
10,8871,"GOLDCREST Co.,Ltd.",不動産関連,不動産・建設,90,92,91,主力テーマ,A,ok,industry=Real Estate - Development; adjacent=real estate; growth=development,,0,,https://www.goldcrest.co.jp,EQUITY,Real Estate,Real Estate - Development,https://www.goldcrest.co.jp
10,8876,"Relo Group, Inc.",ホテル,内需・消費,58,54,57,補助関連,C,needs_review,adjacent=hotel; growth=research; official=ホテル; count=4; pos=0.29,ホテル,4,0.2920,https://www.relo.jp | https://www.relo.jp/about/service.html | https://www.relo.jp/about/history.html,EQUITY,Industrials,Specialty Business Services,https://www.relo.jp
10,8876,"Relo Group, Inc.",不動産関連,不動産・建設,72,68,71,有力関連,B,needs_review,adjacent=real estate/property management; growth=research; official=不動産; count=8; pos=0.27,不動産,8,0.2685,https://www.relo.jp | https://www.relo.jp/about/service.html | https://www.relo.jp/about/history.html,EQUITY,Industrials,Specialty Business Services,https://www.relo.jp
10,8877,Eslead Corporation,マンション関連,不動産・建設,92,98,94,主力テーマ,A,ok,direct=condominium; position=0.06; growth=develops/development; official=マンション; count=51; pos=0.00,マンション,51,0.0010,https://www.eslead.co.jp | https://www.eslead.co.jp/company/ | https://www.eslead.co.jp/company/outline/,EQUITY,Real Estate,Real Estate - Development,https://www.eslead.co.jp
10,8877,Eslead Corporation,不動産関連,不動産・建設,90,94,91,主力テーマ,A,ok,industry=Real Estate - Development; adjacent=real estate; growth=develops/development; official=不動産; count=26; pos=0.00,不動産,26,0.0017,https://www.eslead.co.jp | https://www.eslead.co.jp/company/ | https://www.eslead.co.jp/company/outline/,EQUITY,Real Estate,Real Estate - Development,https://www.eslead.co.jp
10,8881,"NISSHIN GROUP HOLDINGS Company, Limited",マンション関連,不動産・建設,97,100,98,主力テーマ,A,ok,direct=condominium/apartment building; position=0.12; growth=develops; official=マンション; count=1; pos=0.55,マンション,1,0.5514,https://www.nisshin-hd.co.jp | https://nisshin-hd.co.jp/company-top | https://nisshin-hd.co.jp/company-top/aboutus,EQUITY,Real Estate,Real Estate Services,https://www.nisshin-hd.co.jp
10,8881,"NISSHIN GROUP HOLDINGS Company, Limited",不動産関連,不動産・建設,94,96,95,主力テーマ,A,ok,industry=Real Estate Services; direct=real estate business; position=0.19; growth=develops; official=不動産; count=4; pos=0.17,不動産,4,0.1653,https://www.nisshin-hd.co.jp | https://nisshin-hd.co.jp/company-top | https://nisshin-hd.co.jp/company-top/aboutus,EQUITY,Real Estate,Real Estate Services,https://www.nisshin-hd.co.jp
10,8887,"SYLA Holdings Co., Ltd.",マンション関連,不動産・建設,90,96,92,主力テーマ,A,official_site_supported,事業概要に直接根拠を確認できず; official=マンション; count=3; pos=0.17,マンション,3,0.1676,https://syla-holdings.jp | https://syla-holdings.jp/company/detail | https://syla-holdings.jp/business/real_estate,EQUITY,Real Estate,Real Estate - Development,https://syla-holdings.jp
10,8887,"SYLA Holdings Co., Ltd.",不動産関連,不動産・建設,90,96,92,主力テーマ,A,ok,industry=Real Estate - Development; adjacent=real estate; growth=develops/development; official=不動産; count=41; pos=0.02,不動産,41,0.0155,https://syla-holdings.jp | https://syla-holdings.jp/company/detail | https://syla-holdings.jp/business/real_estate,EQUITY,Real Estate,Real Estate - Development,https://syla-holdings.jp
10,8887,"SYLA Holdings Co., Ltd.",建設,不動産・建設,72,68,71,有力関連,B,needs_review,adjacent=construction; growth=develops/development; official=建設; count=15; pos=0.02,建設,15,0.0165,https://syla-holdings.jp | https://syla-holdings.jp/company/detail | https://syla-holdings.jp/business/real_estate,EQUITY,Real Estate,Real Estate - Development,https://syla-holdings.jp
10,8891,"AMG Holdings Co.,Ltd.",マンション関連,不動産・建設,90,96,92,主力テーマ,A,official_site_supported,direct=condominium; position=0.56; official=マンション; count=4; pos=0.14,マンション,4,0.1416,https://www.amg-hd.co.jp | https://www.amg-hd.co.jp/company/profile.php | https://www.amg-hd.co.jp/company/group.php,EQUITY,Real Estate,Real Estate Services,https://www.amg-hd.co.jp
10,8891,"AMG Holdings Co.,Ltd.",不動産関連,不動産・建設,90,82,88,主力テーマ,A,ok,industry=Real Estate Services; adjacent=real estate/property management; official=不動産; count=8; pos=0.13,不動産,8,0.1265,https://www.amg-hd.co.jp | https://www.amg-hd.co.jp/company/profile.php | https://www.amg-hd.co.jp/company/group.php,EQUITY,Real Estate,Real Estate Services,https://www.amg-hd.co.jp
10,8891,"AMG Holdings Co.,Ltd.",住宅関連,不動産・建設,72,68,71,有力関連,B,qa_borderline,direct=custom-built homes; position=0.63; official=住宅関連/住宅; count=8; pos=0.12,住宅関連 | 住宅,8,0.1225,https://www.amg-hd.co.jp | https://www.amg-hd.co.jp/company/profile.php | https://www.amg-hd.co.jp/company/group.php,EQUITY,Real Estate,Real Estate Services,https://www.amg-hd.co.jp
10,8892,ES-CON JAPAN Ltd.,インバウンド,内需・消費,42,44,43,補助関連,C,needs_review_macro,adjacent=hotel; growth=develops/development,,0,,https://www.es-conjapan.co.jp | https://www.es-conjapan.co.jp/about/ | https://www.es-conjapan.co.jp/business/,EQUITY,Real Estate,Real Estate - Development,https://www.es-conjapan.co.jp
10,8892,ES-CON JAPAN Ltd.,ホテル,内需・消費,42,44,43,補助関連,C,needs_review,adjacent=hotel; growth=develops/development,,0,,https://www.es-conjapan.co.jp | https://www.es-conjapan.co.jp/about/ | https://www.es-conjapan.co.jp/business/,EQUITY,Real Estate,Real Estate - Development,https://www.es-conjapan.co.jp
10,8892,ES-CON JAPAN Ltd.,マンション関連,不動産・建設,92,98,94,主力テーマ,A,ok,direct=condominium; position=0.03; growth=develops/development,,0,,https://www.es-conjapan.co.jp | https://www.es-conjapan.co.jp/about/ | https://www.es-conjapan.co.jp/business/,EQUITY,Real Estate,Real Estate - Development,https://www.es-conjapan.co.jp
10,8892,ES-CON JAPAN Ltd.,不動産関連,不動産・建設,94,100,96,主力テーマ,A,ok,industry=Real Estate - Development; direct=real estate development; position=0.11; growth=develops/development,,0,,https://www.es-conjapan.co.jp | https://www.es-conjapan.co.jp/about/ | https://www.es-conjapan.co.jp/business/,EQUITY,Real Estate,Real Estate - Development,https://www.es-conjapan.co.jp
10,8894,"Revolution Co., Ltd.",不動産テック,不動産・建設,90,68,83,主力テーマ,B,official_site_supported,事業概要に直接根拠を確認できず; official=不動産テック; count=1; pos=0.16,不動産テック,1,0.1599,https://revolution.co.jp,EQUITY,Real Estate,Real Estate Services,https://revolution.co.jp
10,8894,"Revolution Co., Ltd.",不動産関連,不動産・建設,94,96,95,主力テーマ,A,ok,industry=Real Estate Services; direct=real estate business; position=0.12; growth=investment; official=不動産; count=11; pos=0.09,不動産,11,0.0856,https://revolution.co.jp,EQUITY,Real Estate,Real Estate Services,https://revolution.co.jp
10,8897,"MIRARTH HOLDINGS,Inc.",ホテル,内需・消費,58,60,59,補助関連,C,needs_review,direct=hotel management; position=0.70; growth=develops/development; official=ホテル; count=1; pos=0.63,ホテル,1,0.6304,https://mirarth.co.jp,EQUITY,Real Estate,Real Estate - Development,https://mirarth.co.jp
10,8897,"MIRARTH HOLDINGS,Inc.",マンション関連,不動産・建設,92,98,94,主力テーマ,A,ok,direct=condominium; position=0.13; growth=develops/development; official=マンション; count=2; pos=0.47,マンション,2,0.4741,https://mirarth.co.jp,EQUITY,Real Estate,Real Estate - Development,https://mirarth.co.jp
10,8897,"MIRARTH HOLDINGS,Inc.",不動産関連,不動産・建設,94,100,96,主力テーマ,A,ok,industry=Real Estate - Development; direct=real estate business; position=0.04; growth=develops/development; official=不動産; count=7; pos=0.44,不動産,7,0.4351,https://mirarth.co.jp,EQUITY,Real Estate,Real Estate - Development,https://mirarth.co.jp
10,8897,"MIRARTH HOLDINGS,Inc.",住宅関連,不動産・建設,42,44,43,補助関連,C,needs_review,adjacent=housing; growth=develops/development; official=住宅; count=1; pos=0.62,住宅,1,0.6231,https://mirarth.co.jp,EQUITY,Real Estate,Real Estate - Development,https://mirarth.co.jp
10,8897,"MIRARTH HOLDINGS,Inc.",太陽光発電関連,GX・エネルギー,8,5,7,ノイズ候補,C,needs_review,事業概要に直接根拠を確認できず,,0,,https://mirarth.co.jp,EQUITY,Real Estate,Real Estate - Development,https://mirarth.co.jp
10,8898,Century21 Real Estate of Japan Ltd,マンション関連,不動産・建設,92,90,91,主力テーマ,A,official_site_supported,事業概要に直接根拠を確認できず; official=マンション; count=103; pos=0.00,マンション,103,0.0049,https://www.century21.jp | https://www.century21.jp/biz | https://www.century21.jp/biz/miyagi/04105/detail/100201-26975,EQUITY,Real Estate,Real Estate Services,https://www.century21.jp
10,8898,Century21 Real Estate of Japan Ltd,不動産関連,不動産・建設,90,82,88,主力テーマ,A,ok,industry=Real Estate Services; adjacent=real estate; official=不動産; count=23; pos=0.00,不動産,23,0.0000,https://www.century21.jp | https://www.century21.jp/biz | https://www.century21.jp/biz/miyagi/04105/detail/100201-26975,EQUITY,Real Estate,Real Estate Services,https://www.century21.jp
10,8904,"Avantia Co., Ltd.",マンション関連,不動産・建設,86,78,84,主力テーマ,B,ok,direct=condominium; position=0.28; official=マンション; count=2; pos=0.28,マンション,2,0.2781,https://avantia-g.co.jp,EQUITY,Consumer Cyclical,Residential Construction,https://avantia-g.co.jp
10,8904,"Avantia Co., Ltd.",不動産関連,不動産・建設,72,68,71,有力関連,B,qa_borderline,direct=real estate brokerage; position=0.54; official=不動産; count=6; pos=0.01,不動産,6,0.0137,https://avantia-g.co.jp,EQUITY,Consumer Cyclical,Residential Construction,https://avantia-g.co.jp
10,8904,"Avantia Co., Ltd.",住宅関連,不動産・建設,97,89,95,主力テーマ,A,ok,industry=Residential Construction; direct=housing business/residential construction; position=0.06; official=住宅; count=5; pos=0.02,住宅,5,0.0228,https://avantia-g.co.jp,EQUITY,Consumer Cyclical,Residential Construction,https://avantia-g.co.jp
10,8904,"Avantia Co., Ltd.",建設,不動産・建設,82,74,80,主力テーマ,B,ok,direct=civil engineering; position=0.43; official=建設; count=1; pos=0.80,建設,1,0.7964,https://avantia-g.co.jp,EQUITY,Consumer Cyclical,Residential Construction,https://avantia-g.co.jp
10,8908,"Mainichi Comnet Co., Ltd.",不動産関連,不動産・建設,94,98,95,主力テーマ,A,ok,industry=Real Estate Services; direct=real estate business; position=0.03; growth=develops/development; official=不動産; count=4; pos=0.08,不動産,4,0.0801,https://www.maicom.co.jp,EQUITY,Real Estate,Real Estate Services,https://www.maicom.co.jp
10,8908,"Mainichi Comnet Co., Ltd.",太陽光発電関連,GX・エネルギー,8,5,7,ノイズ候補,C,needs_review,事業概要に直接根拠を確認できず,,0,,https://www.maicom.co.jp,EQUITY,Real Estate,Real Estate Services,https://www.maicom.co.jp
10,8908,"Mainichi Comnet Co., Ltd.",旅行,内需・消費,8,5,7,ノイズ候補,C,needs_review,事業概要に直接根拠を確認できず,,0,,https://www.maicom.co.jp,EQUITY,Real Estate,Real Estate Services,https://www.maicom.co.jp
10,8912,Area Quest Inc.,不動産関連,不動産・建設,90,82,88,主力テーマ,A,ok,industry=Real Estate Services; adjacent=real estate; official=不動産; count=6; pos=0.00,不動産,6,0.0050,https://www.area-quest.com,EQUITY,Real Estate,Real Estate Services,https://www.area-quest.com
10,8914,"Arealink Co., Ltd.",不動産関連,不動産・建設,90,92,91,主力テーマ,A,ok,industry=Real Estate Services; adjacent=real estate/property management; growth=development,,0,,https://www.arealink.co.jp,EQUITY,Real Estate,Real Estate Services,https://www.arealink.co.jp
10,8914,"Arealink Co., Ltd.",倉庫,物流・海運,42,40,41,補助関連,C,needs_review,adjacent=storage; growth=development,,0,,https://www.arealink.co.jp,EQUITY,Real Estate,Real Estate Services,https://www.arealink.co.jp
10,8917,"First Juken Co., Ltd.",マンション関連,不動産・建設,86,78,84,主力テーマ,B,ok,direct=condominium; position=0.22,,0,,https://www.f-juken.co.jp,EQUITY,Consumer Cyclical,Residential Construction,https://www.f-juken.co.jp
10,8917,"First Juken Co., Ltd.",不動産関連,不動産・建設,42,30,38,ノイズ候補,C,needs_review,adjacent=real estate,,0,,https://www.f-juken.co.jp,EQUITY,Consumer Cyclical,Residential Construction,https://www.f-juken.co.jp
10,8917,"First Juken Co., Ltd.",住宅関連,不動産・建設,94,86,92,主力テーマ,A,qa_peripheral,industry=Residential Construction; direct=housing business/residential construction; position=0.54,,0,,https://www.f-juken.co.jp,EQUITY,Consumer Cyclical,Residential Construction,https://www.f-juken.co.jp
10,8918,"LAND Co., Ltd.",不動産関連,不動産・建設,94,100,96,主力テーマ,A,qa_peripheral,industry=Real Estate - Diversified; direct=real estate development; position=0.62; growth=developing/development,,0,,https://www.land.jp,EQUITY,Real Estate,Real Estate - Diversified,https://www.land.jp
10,8918,"LAND Co., Ltd.",再生可能エネルギー,GX・エネルギー,92,98,94,主力テーマ,A,ok,direct=renewable energy; position=0.07; growth=developing/development,,0,,https://www.land.jp,EQUITY,Real Estate,Real Estate - Diversified,https://www.land.jp
10,8918,"LAND Co., Ltd.",太陽光発電関連,GX・エネルギー,58,60,59,補助関連,C,needs_review,direct=solar power; position=0.72; growth=developing/development,,0,,https://www.land.jp,EQUITY,Real Estate,Real Estate - Diversified,https://www.land.jp
10,8919,"KATITAS CO., Ltd.",不動産テック,不動産・建設,8,5,7,ノイズ候補,C,needs_review,事業概要に直接根拠を確認できず,,0,,https://katitas.jp,EQUITY,Consumer Cyclical,Residential Construction,https://katitas.jp
10,8919,"KATITAS CO., Ltd.",不動産関連,不動産・建設,8,5,7,ノイズ候補,C,needs_review,事業概要に直接根拠を確認できず,,0,,https://katitas.jp,EQUITY,Consumer Cyclical,Residential Construction,https://katitas.jp
10,8919,"KATITAS CO., Ltd.",住宅関連,不動産・建設,94,86,92,主力テーマ,A,ok,industry=Residential Construction; direct=residential construction; official=住宅; count=36; pos=0.00,住宅,36,0.0006,https://katitas.jp,EQUITY,Consumer Cyclical,Residential Construction,https://katitas.jp
10,8920,"Tosho Co., Ltd.",ホテル,内需・消費,42,30,38,ノイズ候補,C,needs_review,adjacent=hotel,,0,,https://www.to-sho.net,EQUITY,Industrials,Conglomerates,https://www.to-sho.net
10,8920,"Tosho Co., Ltd.",マンション関連,不動産・建設,66,56,63,有力関連,B,qa_borderline,direct=apartment building; position=0.61,,0,,https://www.to-sho.net,EQUITY,Industrials,Conglomerates,https://www.to-sho.net
10,8923,Tosei Corporation,ホテル,内需・消費,92,96,93,主力テーマ,A,ok,direct=hotel business; position=0.12; growth=develops/development; official=ホテル; count=3; pos=0.12,ホテル,3,0.1159,https://www.toseicorp.co.jp,EQUITY,Real Estate,Real Estate - Diversified,https://www.toseicorp.co.jp
10,8923,Tosei Corporation,不動産ファンド,不動産・建設,90,96,92,主力テーマ,A,ok,direct=real estate fund; position=0.49; growth=develops/development; official=不動産ファンド; count=3; pos=0.11,不動産ファンド,3,0.1086,https://www.toseicorp.co.jp,EQUITY,Real Estate,Real Estate - Diversified,https://www.toseicorp.co.jp
10,8923,Tosei Corporation,不動産関連,不動産・建設,90,94,91,主力テーマ,A,ok,industry=Real Estate - Diversified; adjacent=real estate/property management; growth=develops/development; official=不動産; count=29; pos=0.06,不動産,29,0.0589,https://www.toseicorp.co.jp,EQUITY,Real Estate,Real Estate - Diversified,https://www.toseicorp.co.jp
10,8923,Tosei Corporation,住宅関連,不動産・建設,8,5,7,ノイズ候補,C,needs_review,事業概要に直接根拠を確認できず,,0,,https://www.toseicorp.co.jp,EQUITY,Real Estate,Real Estate - Diversified,https://www.toseicorp.co.jp
10,8927,"Meiho Enterprise Co., Ltd.",不動産関連,不動産・建設,100,100,100,主力テーマ,A,ok,industry=Real Estate - Diversified; direct=real estate business/real estate development/real estate brokerage; position=0.11; growth=development; official=不動産; count=25; pos=0.03,不動産,25,0.0329,https://www.meiho-est.com | https://meiho-est.com/company/ | https://meiho-est.com/business/,EQUITY,Real Estate,Real Estate - Diversified,https://www.meiho-est.com
10,8928,Anabuki Kosan Inc.,インバウンド,内需・消費,42,40,41,補助関連,C,needs_review_macro,adjacent=hotel; growth=development,,0,,https://www.anabuki.ne.jp,EQUITY,Real Estate,Real Estate Services,https://www.anabuki.ne.jp
10,8928,Anabuki Kosan Inc.,ホテル,内需・消費,42,40,41,補助関連,C,needs_review,adjacent=hotel; growth=development,,0,,https://www.anabuki.ne.jp,EQUITY,Real Estate,Real Estate Services,https://www.anabuki.ne.jp
10,8928,Anabuki Kosan Inc.,マンション関連,不動産・建設,92,98,94,主力テーマ,A,ok,direct=condominium; position=0.15; growth=development; official=マンション; count=12; pos=0.01,マンション,12,0.0119,https://www.anabuki.ne.jp,EQUITY,Real Estate,Real Estate Services,https://www.anabuki.ne.jp
10,8928,Anabuki Kosan Inc.,不動産関連,不動産・建設,97,99,98,主力テーマ,A,ok,industry=Real Estate Services; direct=real estate business/real estate brokerage; position=0.05; growth=development; official=不動産関連/不動産; count=16; pos=0.02,不動産関連 | 不動産,16,0.0150,https://www.anabuki.ne.jp,EQUITY,Real Estate,Real Estate Services,https://www.anabuki.ne.jp
10,8928,Anabuki Kosan Inc.,介護関連,医療・ヘルスケア,90,96,92,主力テーマ,A,official_site_supported,direct=nursing care; position=0.76; growth=development; official=介護; count=3; pos=0.06,介護,3,0.0616,https://www.anabuki.ne.jp,EQUITY,Real Estate,Real Estate Services,https://www.anabuki.ne.jp
10,8928,Anabuki Kosan Inc.,旅行,内需・消費,42,40,41,補助関連,C,needs_review,adjacent=travel; growth=development,,0,,https://www.anabuki.ne.jp,EQUITY,Real Estate,Real Estate Services,https://www.anabuki.ne.jp
10,8931,Wadakohsan Corporation,マンション関連,不動産・建設,86,88,87,主力テーマ,A,ok,direct=condominium; position=0.21; growth=development,,0,,https://www.wadakohsan.co.jp,EQUITY,Real Estate,Real Estate - Development,https://www.wadakohsan.co.jp
10,8931,Wadakohsan Corporation,不動産関連,不動産・建設,90,92,91,主力テーマ,A,ok,industry=Real Estate - Development; adjacent=real estate; growth=development,,0,,https://www.wadakohsan.co.jp,EQUITY,Real Estate,Real Estate - Development,https://www.wadakohsan.co.jp
10,8931,Wadakohsan Corporation,住宅関連,不動産・建設,42,40,41,補助関連,C,needs_review,adjacent=residential; growth=development,,0,,https://www.wadakohsan.co.jp,EQUITY,Real Estate,Real Estate - Development,https://www.wadakohsan.co.jp
10,8934,"Sun Frontier Fudousan Co., Ltd.",インバウンド,内需・消費,46,44,45,補助関連,C,needs_review_macro,adjacent=tourism/hotel; growth=development,,0,,https://www.sunfrt.co.jp | https://www.sunfrt.co.jp/company/profile_comp/ | https://www.sunfrt.co.jp/business/,EQUITY,Real Estate,Real Estate Services,https://www.sunfrt.co.jp
10,8934,"Sun Frontier Fudousan Co., Ltd.",ホテル,内需・消費,72,68,71,有力関連,B,needs_review,adjacent=hotel; growth=development; official=ホテル; count=50; pos=0.04,ホテル,50,0.0390,https://www.sunfrt.co.jp | https://www.sunfrt.co.jp/company/profile_comp/ | https://www.sunfrt.co.jp/business/,EQUITY,Real Estate,Real Estate Services,https://www.sunfrt.co.jp
10,8934,"Sun Frontier Fudousan Co., Ltd.",不動産関連,不動産・建設,90,92,91,主力テーマ,A,ok,industry=Real Estate Services; adjacent=real estate/property management; growth=development; official=不動産; count=64; pos=0.00,不動産,64,0.0008,https://www.sunfrt.co.jp | https://www.sunfrt.co.jp/company/profile_comp/ | https://www.sunfrt.co.jp/business/,EQUITY,Real Estate,Real Estate Services,https://www.sunfrt.co.jp
10,8935,"FJ Next Holdings Co., Ltd.",マンション関連,不動産・建設,92,90,91,主力テーマ,A,ok,direct=condominium; position=0.30; growth=development/investment; official=マンション; count=24; pos=0.00,マンション,24,0.0004,https://www.fjnext-hd.co.jp | https://www.fjnext-hd.co.jp/corporate/index.html | https://www.fjnext-hd.co.jp/business/index.html,EQUITY,Real Estate,Real Estate - Diversified,https://www.fjnext-hd.co.jp
10,8935,"FJ Next Holdings Co., Ltd.",不動産関連,不動産・建設,94,98,95,主力テーマ,A,ok,industry=Real Estate - Diversified; direct=real estate development; position=0.14; growth=development/investment; official=不動産; count=2; pos=0.39,不動産,2,0.3856,https://www.fjnext-hd.co.jp | https://www.fjnext-hd.co.jp/corporate/index.html | https://www.fjnext-hd.co.jp/business/index.html,EQUITY,Real Estate,Real Estate - Diversified,https://www.fjnext-hd.co.jp
10,8935,"FJ Next Holdings Co., Ltd.",建設,不動産・建設,42,42,42,補助関連,C,needs_review,adjacent=construction; growth=development/investment; official=建設; count=1; pos=0.39,建設,1,0.3877,https://www.fjnext-hd.co.jp | https://www.fjnext-hd.co.jp/corporate/index.html | https://www.fjnext-hd.co.jp/business/index.html,EQUITY,Real Estate,Real Estate - Diversified,https://www.fjnext-hd.co.jp
10,8938,"GLOME Holdings,Inc.",不動産関連,不動産・建設,94,86,92,主力テーマ,A,ok,industry=Real Estate Services; direct=real estate business; position=0.15,,0,,https://www.glome-holdings.com,EQUITY,Real Estate,Real Estate Services,https://www.glome-holdings.com
10,8944,"Land Business Co.,Ltd.",マンション関連,不動産・建設,8,5,7,ノイズ候補,C,needs_review,事業概要に直接根拠を確認できず,,0,,https://www.lbca.co.jp,EQUITY,Real Estate,Real Estate Services,https://www.lbca.co.jp
10,8944,"Land Business Co.,Ltd.",不動産関連,不動産・建設,90,92,91,主力テーマ,A,ok,industry=Real Estate Services; adjacent=real estate; growth=investment,,0,,https://www.lbca.co.jp,EQUITY,Real Estate,Real Estate Services,https://www.lbca.co.jp
10,8944,"Land Business Co.,Ltd.",外食,内需・消費,86,88,87,主力テーマ,A,ok,direct=restaurant; position=0.21; growth=investment,,0,,https://www.lbca.co.jp,EQUITY,Real Estate,Real Estate Services,https://www.lbca.co.jp
10,8945,SUNNEXTA GROUP Inc.,不動産関連,不動産・建設,90,82,88,主力テーマ,A,ok,industry=Real Estate Services; adjacent=real estate,,0,,https://www.sunnexta.co.jp,EQUITY,Real Estate,Real Estate Services,https://www.sunnexta.co.jp
10,8946,Asian Star Co.,マンション関連,不動産・建設,92,90,91,主力テーマ,A,official_site_supported,事業概要に直接根拠を確認できず; official=マンション; count=7; pos=0.44,マンション,7,0.4435,https://www.asian.co.jp | https://www.asian.co.jp/business/ | https://www.asian.co.jp/business/development/,EQUITY,Real Estate,Real Estate Services,https://www.asian.co.jp
10,8967,"Japan Logistics Fund, Inc.",物流,物流・海運,42,40,41,補助関連,C,needs_review,adjacent=logistics; growth=investment,,0,,https://8967.jp,EQUITY,Real Estate,REIT - Industrial,https://8967.jp
10,8985,Japan Hotel REIT Investment Corporation,ホテル,内需・消費,42,42,42,補助関連,C,needs_review,adjacent=hotel; growth=strategic/investment,,0,,https://www.jhrth.co.jp,EQUITY,Real Estate,REIT - Hotel & Motel,https://www.jhrth.co.jp
10,8995,"Makoto Construction Co,Ltd",住宅関連,不動産・建設,72,68,71,有力関連,B,needs_review,adjacent=housing; official=住宅; count=60; pos=0.00,住宅,60,0.0028,https://www.makoto-gr.com | https://www.makoto-gr.com/outline.html | https://www.makoto-gr.com/gaiyou.html,EQUITY,Real Estate,Real Estate - Diversified,https://www.makoto-gr.com
10,8996,"HouseFreedom Co.,Ltd.",不動産関連,不動産・建設,94,96,95,主力テーマ,A,ok,industry=Real Estate Services; direct=real estate brokerage; position=0.11; growth=development; official=不動産; count=1; pos=0.00,不動産,1,0.0043,https://www.housefreedom.co.jp,EQUITY,Real Estate,Real Estate Services,https://www.housefreedom.co.jp
10,8996,"HouseFreedom Co.,Ltd.",住宅関連,不動産・建設,46,44,45,補助関連,C,needs_review,adjacent=housing/residential; growth=development; official=住宅; count=1; pos=0.29,住宅,1,0.2935,https://www.housefreedom.co.jp,EQUITY,Real Estate,Real Estate Services,https://www.housefreedom.co.jp
10,8999,Grandy House Corporation,不動産関連,不動産・建設,90,92,91,主力テーマ,A,ok,industry=Real Estate Services; adjacent=real estate; growth=development; official=不動産; count=9; pos=0.04,不動産,9,0.0381,https://www.grandy.co.jp | https://www.grandy.co.jp/company | https://www.grandy.co.jp/business,EQUITY,Real Estate,Real Estate Services,https://www.grandy.co.jp
10,8999,Grandy House Corporation,住宅関連,不動産・建設,97,99,98,主力テーマ,A,ok,direct=home construction/custom-built homes; position=0.15; growth=development; official=住宅; count=51; pos=0.03,住宅,51,0.0279,https://www.grandy.co.jp | https://www.grandy.co.jp/company | https://www.grandy.co.jp/business,EQUITY,Real Estate,Real Estate Services,https://www.grandy.co.jp
10,9001,"Tobu Railway Co., Ltd.",インバウンド,内需・消費,42,42,42,補助関連,C,needs_review_macro,adjacent=hotel; growth=develops/development,,0,,https://www.tobu.co.jp | https://www.tobu.co.jp/railway/useful/ | https://www.tobu.co.jp/campaign/touch-payment/,EQUITY,Industrials,Railroads,https://www.tobu.co.jp
10,9001,"Tobu Railway Co., Ltd.",ホテル,内需・消費,42,42,42,補助関連,C,needs_review,adjacent=hotel; growth=develops/development,,0,,https://www.tobu.co.jp | https://www.tobu.co.jp/railway/useful/ | https://www.tobu.co.jp/campaign/touch-payment/,EQUITY,Industrials,Railroads,https://www.tobu.co.jp
10,9001,"Tobu Railway Co., Ltd.",不動産関連,不動産・建設,42,42,42,補助関連,C,needs_review,adjacent=real estate; growth=develops/development; official=不動産; count=1; pos=0.08,不動産,1,0.0757,https://www.tobu.co.jp | https://www.tobu.co.jp/railway/useful/ | https://www.tobu.co.jp/campaign/touch-payment/,EQUITY,Industrials,Railroads,https://www.tobu.co.jp
10,9001,"Tobu Railway Co., Ltd.",鉄道関連,物流・海運,97,100,98,主力テーマ,A,ok,direct=railway/railroad; position=0.00; growth=develops/development; official=鉄道; count=18; pos=0.00,鉄道,18,0.0001,https://www.tobu.co.jp | https://www.tobu.co.jp/railway/useful/ | https://www.tobu.co.jp/campaign/touch-payment/,EQUITY,Industrials,Railroads,https://www.tobu.co.jp
10,9003,"Sotetsu Holdings, Inc.",インバウンド,内需・消費,42,30,38,ノイズ候補,C,needs_review_macro,adjacent=hotel,,0,,https://www.sotetsu.co.jp,EQUITY,Industrials,Conglomerates,https://www.sotetsu.co.jp
10,9003,"Sotetsu Holdings, Inc.",ホテル,内需・消費,42,30,38,ノイズ候補,C,needs_review,adjacent=hotel,,0,,https://www.sotetsu.co.jp,EQUITY,Industrials,Conglomerates,https://www.sotetsu.co.jp
10,9003,"Sotetsu Holdings, Inc.",不動産関連,不動産・建設,42,30,38,ノイズ候補,C,needs_review,adjacent=real estate,,0,,https://www.sotetsu.co.jp,EQUITY,Industrials,Conglomerates,https://www.sotetsu.co.jp
10,9003,"Sotetsu Holdings, Inc.",介護関連,医療・ヘルスケア,8,5,7,ノイズ候補,C,needs_review,事業概要に直接根拠を確認できず,,0,,https://www.sotetsu.co.jp,EQUITY,Industrials,Conglomerates,https://www.sotetsu.co.jp
10,9003,"Sotetsu Holdings, Inc.",鉄道関連,物流・海運,92,84,90,主力テーマ,A,ok,direct=railway; position=0.07,,0,,https://www.sotetsu.co.jp,EQUITY,Industrials,Conglomerates,https://www.sotetsu.co.jp
10,9005,Tokyu Corporation,MaaS,自動車・モビリティ,8,5,7,ノイズ候補,C,needs_review,事業概要に直接根拠を確認できず,,0,,https://www.tokyu.co.jp,EQUITY,Consumer Cyclical,Department Stores,https://www.tokyu.co.jp
10,9005,Tokyu Corporation,ホテル,内需・消費,42,40,41,補助関連,C,needs_review,adjacent=hotel; growth=development,,0,,https://www.tokyu.co.jp,EQUITY,Consumer Cyclical,Department Stores,https://www.tokyu.co.jp
10,9005,Tokyu Corporation,不動産関連,不動産・建設,66,66,66,有力関連,B,qa_borderline,direct=real estate brokerage; position=0.61; growth=development,,0,,https://www.tokyu.co.jp,EQUITY,Consumer Cyclical,Department Stores,https://www.tokyu.co.jp
10,9005,Tokyu Corporation,介護関連,医療・ヘルスケア,8,5,7,ノイズ候補,C,needs_review,事業概要に直接根拠を確認できず,,0,,https://www.tokyu.co.jp,EQUITY,Consumer Cyclical,Department Stores,https://www.tokyu.co.jp
10,9005,Tokyu Corporation,再開発,不動産・建設,42,40,41,補助関連,C,needs_review,adjacent=urban development; growth=development,,0,,https://www.tokyu.co.jp,EQUITY,Consumer Cyclical,Department Stores,https://www.tokyu.co.jp
10,9005,Tokyu Corporation,空飛ぶクルマ,自動車・モビリティ,8,5,7,ノイズ候補,C,needs_review,事業概要に直接根拠を確認できず,,0,,https://www.tokyu.co.jp,EQUITY,Consumer Cyclical,Department Stores,https://www.tokyu.co.jp
10,9005,Tokyu Corporation,鉄道関連,物流・海運,92,94,93,主力テーマ,A,ok,direct=railway; position=0.16; growth=development,,0,,https://www.tokyu.co.jp,EQUITY,Consumer Cyclical,Department Stores,https://www.tokyu.co.jp
10,9006,Keikyu Corporation,ホテル,内需・消費,42,40,41,補助関連,C,needs_review,adjacent=hotel; growth=development,,0,,https://www.keikyu.co.jp,EQUITY,Industrials,Conglomerates,https://www.keikyu.co.jp
10,9006,Keikyu Corporation,不動産関連,不動産・建設,92,94,93,主力テーマ,A,ok,direct=real estate business; position=0.06; growth=development,,0,,https://www.keikyu.co.jp,EQUITY,Industrials,Conglomerates,https://www.keikyu.co.jp
10,9006,Keikyu Corporation,介護関連,医療・ヘルスケア,8,5,7,ノイズ候補,C,needs_review,事業概要に直接根拠を確認できず,,0,,https://www.keikyu.co.jp,EQUITY,Industrials,Conglomerates,https://www.keikyu.co.jp
10,9006,Keikyu Corporation,鉄道関連,物流・海運,92,94,93,主力テーマ,A,ok,direct=railway; position=0.02; growth=development; official=鉄道; count=3; pos=0.04,鉄道,3,0.0408,https://www.keikyu.co.jp,EQUITY,Industrials,Conglomerates,https://www.keikyu.co.jp
10,9007,"Odakyu Electric Railway Co., Ltd.",MaaS,自動車・モビリティ,8,5,7,ノイズ候補,C,needs_review,事業概要に直接根拠を確認できず,,0,,https://www.odakyu.jp | https://www.odakyu.jp/company_information/,EQUITY,Industrials,Railroads,https://www.odakyu.jp
10,9007,"Odakyu Electric Railway Co., Ltd.",ホテル,内需・消費,58,54,57,補助関連,C,needs_review,adjacent=hotel; official=ホテル; count=2; pos=0.20,ホテル,2,0.2039,https://www.odakyu.jp | https://www.odakyu.jp/company_information/,EQUITY,Industrials,Railroads,https://www.odakyu.jp
10,9007,"Odakyu Electric Railway Co., Ltd.",不動産関連,不動産・建設,42,30,38,ノイズ候補,C,needs_review,adjacent=real estate; official=不動産; count=1; pos=0.79,不動産,1,0.7937,https://www.odakyu.jp | https://www.odakyu.jp/company_information/,EQUITY,Industrials,Railroads,https://www.odakyu.jp
10,9007,"Odakyu Electric Railway Co., Ltd.",介護関連,医療・ヘルスケア,8,5,7,ノイズ候補,C,needs_review,事業概要に直接根拠を確認できず,,0,,https://www.odakyu.jp | https://www.odakyu.jp/company_information/,EQUITY,Industrials,Railroads,https://www.odakyu.jp
10,9007,"Odakyu Electric Railway Co., Ltd.",鉄道関連,物流・海運,97,100,98,主力テーマ,A,ok,direct=railway/railroad; position=0.03; official=鉄道; count=5; pos=0.21,鉄道,5,0.2100,https://www.odakyu.jp | https://www.odakyu.jp/company_information/,EQUITY,Industrials,Railroads,https://www.odakyu.jp
10,9008,Keio Corporation,インバウンド,内需・消費,46,34,42,補助関連,C,needs_review_macro,adjacent=hotel/restaurant,,0,,https://www.keio.co.jp,EQUITY,Industrials,Conglomerates,https://www.keio.co.jp
10,9008,Keio Corporation,ホテル,内需・消費,42,30,38,ノイズ候補,C,needs_review,adjacent=hotel,,0,,https://www.keio.co.jp,EQUITY,Industrials,Conglomerates,https://www.keio.co.jp
10,9008,Keio Corporation,不動産関連,不動産・建設,42,30,38,ノイズ候補,C,needs_review,adjacent=real estate,,0,,https://www.keio.co.jp,EQUITY,Industrials,Conglomerates,https://www.keio.co.jp
10,9008,Keio Corporation,介護関連,医療・ヘルスケア,8,5,7,ノイズ候補,C,needs_review,事業概要に直接根拠を確認できず,,0,,https://www.keio.co.jp,EQUITY,Industrials,Conglomerates,https://www.keio.co.jp
10,9008,Keio Corporation,鉄道関連,物流・海運,58,46,54,補助関連,C,needs_review,direct=railway; position=0.88,,0,,https://www.keio.co.jp,EQUITY,Industrials,Conglomerates,https://www.keio.co.jp
10,9009,"Keisei Electric Railway Co., Ltd.",インバウンド,内需・消費,46,34,42,補助関連,C,needs_review_macro,adjacent=hotel/restaurant,,0,,https://www.keisei.co.jp,EQUITY,Industrials,Railroads,https://www.keisei.co.jp
10,9009,"Keisei Electric Railway Co., Ltd.",不動産関連,不動産・建設,72,68,71,有力関連,B,needs_review,adjacent=real estate; official=不動産; count=6; pos=0.19,不動産,6,0.1881,https://www.keisei.co.jp,EQUITY,Industrials,Railroads,https://www.keisei.co.jp
10,9009,"Keisei Electric Railway Co., Ltd.",介護関連,医療・ヘルスケア,8,5,7,ノイズ候補,C,needs_review,事業概要に直接根拠を確認できず,,0,,https://www.keisei.co.jp,EQUITY,Industrials,Railroads,https://www.keisei.co.jp
10,9009,"Keisei Electric Railway Co., Ltd.",鉄道関連,物流・海運,97,89,95,主力テーマ,A,ok,direct=railway/railroad; position=0.02,,0,,https://www.keisei.co.jp,EQUITY,Industrials,Railroads,https://www.keisei.co.jp
10,9010,"Fuji Kyuko Co., Ltd.",インバウンド,内需・消費,46,34,42,補助関連,C,needs_review_macro,adjacent=tourism/hotel,,0,,https://www.fujikyu.co.jp,EQUITY,Industrials,Conglomerates,https://www.fujikyu.co.jp
10,9010,"Fuji Kyuko Co., Ltd.",旅行,内需・消費,92,84,90,主力テーマ,A,ok,direct=travel business; position=0.14,,0,,https://www.fujikyu.co.jp,EQUITY,Industrials,Conglomerates,https://www.fujikyu.co.jp
10,9010,"Fuji Kyuko Co., Ltd.",鉄道関連,物流・海運,66,56,63,有力関連,B,qa_borderline,direct=railway; position=0.55,,0,,https://www.fujikyu.co.jp,EQUITY,Industrials,Conglomerates,https://www.fujikyu.co.jp
10,9012,"Chichibu Railway Co., Ltd.",不動産関連,不動産・建設,42,30,38,ノイズ候補,C,needs_review,adjacent=real estate; official=不動産; count=1; pos=0.87,不動産,1,0.8700,https://www.chichibu-railway.co.jp,EQUITY,Industrials,Railroads,https://www.chichibu-railway.co.jp
10,9012,"Chichibu Railway Co., Ltd.",鉄道関連,物流・海運,97,90,95,主力テーマ,A,ok,direct=railway/railroad; position=0.02; official=鉄道; count=12; pos=0.00,鉄道,12,0.0015,https://www.chichibu-railway.co.jp,EQUITY,Industrials,Railroads,https://www.chichibu-railway.co.jp
10,9017,"Niigata Kotsu Co., Ltd.",ホテル,内需・消費,42,30,38,ノイズ候補,C,needs_review,adjacent=hotel,,0,,https://www.niigata-kotsu.co.jp,EQUITY,Industrials,Railroads,https://www.niigata-kotsu.co.jp
10,9017,"Niigata Kotsu Co., Ltd.",不動産関連,不動産・建設,86,78,84,主力テーマ,B,ok,direct=real estate business; position=0.21,,0,,https://www.niigata-kotsu.co.jp,EQUITY,Industrials,Railroads,https://www.niigata-kotsu.co.jp
10,9017,"Niigata Kotsu Co., Ltd.",旅行,内需・消費,86,78,84,主力テーマ,B,ok,direct=travel business; position=0.28,,0,,https://www.niigata-kotsu.co.jp,EQUITY,Industrials,Railroads,https://www.niigata-kotsu.co.jp
10,9020,East Japan Railway Company,MaaS,自動車・モビリティ,8,5,7,ノイズ候補,C,needs_review,事業概要に直接根拠を確認できず,,0,,https://www.jreast.co.jp,EQUITY,Industrials,Railroads,https://www.jreast.co.jp
10,9020,East Japan Railway Company,インバウンド,内需・消費,46,44,45,補助関連,C,needs_review_macro,adjacent=hotel/restaurant; growth=development,,0,,https://www.jreast.co.jp,EQUITY,Industrials,Railroads,https://www.jreast.co.jp
10,9020,East Japan Railway Company,キャッシュレス決済,金融・金利,8,5,7,ノイズ候補,C,needs_review,事業概要に直接根拠を確認できず,,0,,https://www.jreast.co.jp,EQUITY,Industrials,Railroads,https://www.jreast.co.jp
10,9020,East Japan Railway Company,ホテル,内需・消費,42,40,41,補助関連,C,needs_review,adjacent=hotel; growth=development,,0,,https://www.jreast.co.jp,EQUITY,Industrials,Railroads,https://www.jreast.co.jp
10,9020,East Japan Railway Company,介護関連,医療・ヘルスケア,8,5,7,ノイズ候補,C,needs_review,事業概要に直接根拠を確認できず,,0,,https://www.jreast.co.jp,EQUITY,Industrials,Railroads,https://www.jreast.co.jp
10,9020,East Japan Railway Company,再生可能エネルギー,GX・エネルギー,8,5,7,ノイズ候補,C,needs_review,事業概要に直接根拠を確認できず,,0,,https://www.jreast.co.jp,EQUITY,Industrials,Railroads,https://www.jreast.co.jp
10,9020,East Japan Railway Company,再開発,不動産・建設,8,5,7,ノイズ候補,C,needs_review,事業概要に直接根拠を確認できず,,0,,https://www.jreast.co.jp,EQUITY,Industrials,Railroads,https://www.jreast.co.jp
10,9020,East Japan Railway Company,国土強靱化,防衛・国土強靱化,42,40,41,補助関連,C,needs_review,adjacent=civil engineering; growth=development,,0,,https://www.jreast.co.jp,EQUITY,Industrials,Railroads,https://www.jreast.co.jp
10,9020,East Japan Railway Company,太陽光発電関連,GX・エネルギー,8,5,7,ノイズ候補,C,needs_review,事業概要に直接根拠を確認できず,,0,,https://www.jreast.co.jp,EQUITY,Industrials,Railroads,https://www.jreast.co.jp
10,9020,East Japan Railway Company,旅行,内需・消費,92,94,93,主力テーマ,A,ok,direct=travel agency; position=0.15; growth=development,,0,,https://www.jreast.co.jp,EQUITY,Industrials,Railroads,https://www.jreast.co.jp
10,9020,East Japan Railway Company,水素,GX・エネルギー,8,5,7,ノイズ候補,C,needs_review,事業概要に直接根拠を確認できず,,0,,https://www.jreast.co.jp,EQUITY,Industrials,Railroads,https://www.jreast.co.jp
10,9020,East Japan Railway Company,鉄道関連,物流・海運,97,99,98,主力テーマ,A,ok,direct=railway/railroad; position=0.01; growth=development,,0,,https://www.jreast.co.jp,EQUITY,Industrials,Railroads,https://www.jreast.co.jp
10,9020,East Japan Railway Company,風力発電,GX・エネルギー,8,5,7,ノイズ候補,C,needs_review,事業概要に直接根拠を確認できず,,0,,https://www.jreast.co.jp,EQUITY,Industrials,Railroads,https://www.jreast.co.jp
10,9021,West Japan Railway Company,インバウンド,内需・消費,50,48,49,補助関連,C,needs_review_macro,adjacent=tourism/hotel/restaurant; growth=develops,,0,,https://www.westjr.co.jp,EQUITY,Industrials,Railroads,https://www.westjr.co.jp
10,9021,West Japan Railway Company,キャッシュレス決済,金融・金利,8,5,7,ノイズ候補,C,needs_review,事業概要に直接根拠を確認できず,,0,,https://www.westjr.co.jp,EQUITY,Industrials,Railroads,https://www.westjr.co.jp
10,9021,West Japan Railway Company,ホテル,内需・消費,42,40,41,補助関連,C,needs_review,adjacent=hotel; growth=develops,,0,,https://www.westjr.co.jp,EQUITY,Industrials,Railroads,https://www.westjr.co.jp
10,9021,West Japan Railway Company,介護関連,医療・ヘルスケア,8,5,7,ノイズ候補,C,needs_review,事業概要に直接根拠を確認できず,,0,,https://www.westjr.co.jp,EQUITY,Industrials,Railroads,https://www.westjr.co.jp
10,9021,West Japan Railway Company,旅行,内需・消費,46,44,45,補助関連,C,needs_review,adjacent=tourism/travel; growth=develops,,0,,https://www.westjr.co.jp,EQUITY,Industrials,Railroads,https://www.westjr.co.jp
10,9021,West Japan Railway Company,鉄道関連,物流・海運,97,99,98,主力テーマ,A,ok,direct=railway/railroad; position=0.01; growth=develops,,0,,https://www.westjr.co.jp,EQUITY,Industrials,Railroads,https://www.westjr.co.jp
10,9022,Central Japan Railway Company,インバウンド,内需・消費,42,40,41,補助関連,C,needs_review_macro,adjacent=hotel; growth=develops,,0,,https://jr-central.co.jp,EQUITY,Industrials,Railroads,https://jr-central.co.jp
10,9022,Central Japan Railway Company,旅行,内需・消費,42,40,41,補助関連,C,needs_review,adjacent=travel; growth=develops,,0,,https://jr-central.co.jp,EQUITY,Industrials,Railroads,https://jr-central.co.jp
10,9022,Central Japan Railway Company,鉄道関連,物流・海運,97,99,98,主力テーマ,A,ok,direct=railway/railroad; position=0.02; growth=develops,,0,,https://jr-central.co.jp,EQUITY,Industrials,Railroads,https://jr-central.co.jp
10,9023,"Tokyo Metro Co., Ltd.",不動産関連,不動産・建設,8,5,7,ノイズ候補,C,needs_review,事業概要に直接根拠を確認できず,,0,,https://www.tokyometro.jp/index.html,EQUITY,Industrials,Railroads,https://www.tokyometro.jp/index.html
10,9023,"Tokyo Metro Co., Ltd.",再開発,不動産・建設,8,5,7,ノイズ候補,C,needs_review,事業概要に直接根拠を確認できず,,0,,https://www.tokyometro.jp/index.html,EQUITY,Industrials,Railroads,https://www.tokyometro.jp/index.html
10,9023,"Tokyo Metro Co., Ltd.",鉄道関連,物流・海運,97,99,98,主力テーマ,A,ok,direct=railway/railroad; position=0.09; growth=develops,,0,,https://www.tokyometro.jp/index.html,EQUITY,Industrials,Railroads,https://www.tokyometro.jp/index.html
10,9024,Seibu Holdings Inc.,ホテル,内需・消費,86,90,87,主力テーマ,A,ok,direct=operates hotels; position=0.26; growth=develops/development; official=ホテル; count=12; pos=0.52,ホテル,12,0.5216,https://www.seibuholdings.co.jp,EQUITY,Industrials,Conglomerates,https://www.seibuholdings.co.jp
10,9024,Seibu Holdings Inc.,不動産関連,不動産・建設,92,96,93,主力テーマ,A,ok,direct=real estate business; position=0.18; growth=develops/development; official=不動産; count=3; pos=0.81,不動産,3,0.8131,https://www.seibuholdings.co.jp,EQUITY,Industrials,Conglomerates,https://www.seibuholdings.co.jp
10,9024,Seibu Holdings Inc.,再開発,不動産・建設,42,42,42,補助関連,C,needs_review,adjacent=urban development; growth=develops/development,,0,,https://www.seibuholdings.co.jp,EQUITY,Industrials,Conglomerates,https://www.seibuholdings.co.jp
10,9024,Seibu Holdings Inc.,建設,不動産・建設,42,42,42,補助関連,C,needs_review,adjacent=construction; growth=develops/development,,0,,https://www.seibuholdings.co.jp,EQUITY,Industrials,Conglomerates,https://www.seibuholdings.co.jp
10,9024,Seibu Holdings Inc.,鉄道関連,物流・海運,92,96,93,主力テーマ,A,ok,direct=railway; position=0.15; growth=develops/development; official=鉄道; count=14; pos=0.49,鉄道,14,0.4882,https://www.seibuholdings.co.jp,EQUITY,Industrials,Conglomerates,https://www.seibuholdings.co.jp
10,9025,"Konoike Transport Co.,Ltd.",倉庫,物流・海運,58,46,54,補助関連,C,needs_review,direct=warehousing; position=0.74,,0,,https://www.konoike.net,EQUITY,Industrials,Integrated Freight & Logistics,https://www.konoike.net
10,9025,"Konoike Transport Co.,Ltd.",医療機器,医療・ヘルスケア,58,46,54,補助関連,C,needs_review,direct=medical device; position=0.83,,0,,https://www.konoike.net,EQUITY,Industrials,Integrated Freight & Logistics,https://www.konoike.net
10,9025,"Konoike Transport Co.,Ltd.",物流,物流・海運,97,89,95,主力テーマ,A,ok,industry=Integrated Freight & Logistics; direct=logistics business/logistics services; position=0.03; official=物流; count=6; pos=0.50,物流,6,0.4969,https://www.konoike.net,EQUITY,Industrials,Integrated Freight & Logistics,https://www.konoike.net
10,9025,"Konoike Transport Co.,Ltd.",鉄鋼,資源・素材,85,82,84,主力テーマ,B,official_site_supported,adjacent=steel; official=鉄鋼; count=3; pos=0.36,鉄鋼,3,0.3566,https://www.konoike.net,EQUITY,Industrials,Integrated Freight & Logistics,https://www.konoike.net
10,9025,"Konoike Transport Co.,Ltd.",陸運,物流・海運,42,30,38,ノイズ候補,C,needs_review,adjacent=transportation,,0,,https://www.konoike.net,EQUITY,Industrials,Integrated Freight & Logistics,https://www.konoike.net
10,9027,,倉庫,物流・海運,8,5,7,ノイズ候補,C,needs_official_ir,事業概要に直接根拠を確認できず,,0,,,,,,
10,9027,,物流,物流・海運,8,5,7,ノイズ候補,C,needs_official_ir,事業概要に直接根拠を確認できず,,0,,,,,,
10,9027,,陸運,物流・海運,8,5,7,ノイズ候補,C,needs_official_ir,事業概要に直接根拠を確認できず,,0,,,,,,
10,9028,"ZERO Co., Ltd.",MaaS,自動車・モビリティ,8,5,7,ノイズ候補,C,needs_review,事業概要に直接根拠を確認できず,,0,,https://www.zero-group.co.jp | https://www.zero-group.co.jp/Portals/0/transport/ | https://www.zero-group.co.jp/services/,EQUITY,Consumer Cyclical,Auto & Truck Dealerships,https://www.zero-group.co.jp
10,9028,"ZERO Co., Ltd.",陸運,物流・海運,90,82,88,主力テーマ,A,official_site_supported,adjacent=transportation; official=陸運; count=3; pos=0.06,陸運,3,0.0644,https://www.zero-group.co.jp | https://www.zero-group.co.jp/Portals/0/transport/ | https://www.zero-group.co.jp/services/,EQUITY,Consumer Cyclical,Auto & Truck Dealerships,https://www.zero-group.co.jp
10,9029,"Higashi Holdings Co., Ltd.",介護関連,医療・ヘルスケア,8,5,7,ノイズ候補,C,needs_review,事業概要に直接根拠を確認できず,,0,,https://www.e-higashi.co.jp,EQUITY,Industrials,Integrated Freight & Logistics,https://www.e-higashi.co.jp
10,9029,"Higashi Holdings Co., Ltd.",倉庫,物流・海運,46,34,42,補助関連,C,needs_review,adjacent=warehouse/storage,,0,,https://www.e-higashi.co.jp,EQUITY,Industrials,Integrated Freight & Logistics,https://www.e-higashi.co.jp
10,9029,"Higashi Holdings Co., Ltd.",物流,物流・海運,97,89,95,主力テーマ,A,ok,industry=Integrated Freight & Logistics; direct=logistics services/transportation and logistics; position=0.03,,0,,https://www.e-higashi.co.jp,EQUITY,Industrials,Integrated Freight & Logistics,https://www.e-higashi.co.jp
10,9029,"Higashi Holdings Co., Ltd.",陸運,物流・海運,46,34,42,補助関連,C,needs_review,adjacent=transportation/delivery,,0,,https://www.e-higashi.co.jp,EQUITY,Industrials,Integrated Freight & Logistics,https://www.e-higashi.co.jp
10,9031,"Nishi-Nippon Railroad Co., Ltd.",ホテル,内需・消費,58,58,58,補助関連,C,needs_review,direct=operates hotels; position=0.66; growth=developing/development; official=ホテル; count=4; pos=0.66,ホテル,4,0.6633,https://www.nishitetsu.co.jp | https://www.nishitetsu.co.jp/ja/group.html | https://www.nishitetsu.co.jp/ja/group/business.html,EQUITY,Industrials,Railroads,https://www.nishitetsu.co.jp
10,9031,"Nishi-Nippon Railroad Co., Ltd.",介護関連,医療・ヘルスケア,8,5,7,ノイズ候補,C,needs_review,事業概要に直接根拠を確認できず,,0,,https://www.nishitetsu.co.jp | https://www.nishitetsu.co.jp/ja/group.html | https://www.nishitetsu.co.jp/ja/group/business.html,EQUITY,Industrials,Railroads,https://www.nishitetsu.co.jp
10,9031,"Nishi-Nippon Railroad Co., Ltd.",住宅関連,不動産・建設,82,86,83,主力テーマ,B,ok,direct=housing business; position=0.42; growth=developing/development,,0,,https://www.nishitetsu.co.jp | https://www.nishitetsu.co.jp/ja/group.html | https://www.nishitetsu.co.jp/ja/group/business.html,EQUITY,Industrials,Railroads,https://www.nishitetsu.co.jp
10,9031,"Nishi-Nippon Railroad Co., Ltd.",物流,物流・海運,66,68,67,有力関連,B,qa_borderline,direct=logistics business; position=0.59; growth=developing/development; official=物流; count=4; pos=0.66,物流,4,0.6612,https://www.nishitetsu.co.jp | https://www.nishitetsu.co.jp/ja/group.html | https://www.nishitetsu.co.jp/ja/group/business.html,EQUITY,Industrials,Railroads,https://www.nishitetsu.co.jp
10,9031,"Nishi-Nippon Railroad Co., Ltd.",鉄道関連,物流・海運,97,100,98,主力テーマ,A,ok,direct=railway/railroad; position=0.01; growth=developing/development; official=鉄道; count=4; pos=0.58,鉄道,4,0.5796,https://www.nishitetsu.co.jp | https://www.nishitetsu.co.jp/ja/group.html | https://www.nishitetsu.co.jp/ja/group/business.html,EQUITY,Industrials,Railroads,https://www.nishitetsu.co.jp
10,9033,"Hiroshima Electric Railway Co.,Ltd.",不動産関連,不動産・建設,8,5,7,ノイズ候補,C,needs_review,事業概要に直接根拠を確認できず,,0,,https://www.hiroden.co.jp,EQUITY,Industrials,Railroads,https://www.hiroden.co.jp
10,9033,"Hiroshima Electric Railway Co.,Ltd.",建設,不動産・建設,8,5,7,ノイズ候補,C,needs_review,事業概要に直接根拠を確認できず,,0,,https://www.hiroden.co.jp,EQUITY,Industrials,Railroads,https://www.hiroden.co.jp
10,9033,"Hiroshima Electric Railway Co.,Ltd.",鉄道関連,物流・海運,97,99,98,主力テーマ,A,ok,direct=railway/railroad; position=0.03; growth=development,,0,,https://www.hiroden.co.jp,EQUITY,Industrials,Railroads,https://www.hiroden.co.jp
10,9034,"NANSO Transport Co.,Ltd.",不動産関連,不動産・建設,58,54,57,補助関連,C,needs_review,adjacent=real estate; official=不動産; count=2; pos=0.78,不動産,2,0.7781,https://www.nanso.co.jp | https://www.nanso.co.jp/business/ | https://www.nanso.co.jp/company/,EQUITY,Industrials,Integrated Freight & Logistics,https://www.nanso.co.jp
10,9034,"NANSO Transport Co.,Ltd.",倉庫,物流・海運,92,98,94,主力テーマ,A,ok,direct=warehousing; position=0.21; official=倉庫/倉庫業; count=48; pos=0.00,倉庫 | 倉庫業,48,0.0021,https://www.nanso.co.jp | https://www.nanso.co.jp/business/ | https://www.nanso.co.jp/company/,EQUITY,Industrials,Integrated Freight & Logistics,https://www.nanso.co.jp
10,9034,"NANSO Transport Co.,Ltd.",建設,不動産・建設,58,54,57,補助関連,C,needs_review,事業概要に直接根拠を確認できず; official=建設; count=4; pos=0.42,建設,4,0.4173,https://www.nanso.co.jp | https://www.nanso.co.jp/business/ | https://www.nanso.co.jp/company/,EQUITY,Industrials,Integrated Freight & Logistics,https://www.nanso.co.jp
10,9034,"NANSO Transport Co.,Ltd.",物流,物流・海運,94,86,92,主力テーマ,A,ok,industry=Integrated Freight & Logistics; direct=logistics services; position=0.05; official=物流; count=44; pos=0.00,物流,44,0.0009,https://www.nanso.co.jp | https://www.nanso.co.jp/business/ | https://www.nanso.co.jp/company/,EQUITY,Industrials,Integrated Freight & Logistics,https://www.nanso.co.jp
10,9034,"NANSO Transport Co.,Ltd.",陸運,物流・海運,90,96,92,主力テーマ,A,official_site_supported,adjacent=transportation; official=トラック輸送; count=3; pos=0.04,トラック輸送,3,0.0394,https://www.nanso.co.jp | https://www.nanso.co.jp/business/ | https://www.nanso.co.jp/company/,EQUITY,Industrials,Integrated Freight & Logistics,https://www.nanso.co.jp
10,9035,,不動産関連,不動産・建設,8,5,7,ノイズ候補,C,needs_official_ir,事業概要に直接根拠を確認できず,,0,,,,,,
10,9035,,陸運,物流・海運,8,5,7,ノイズ候補,C,needs_official_ir,事業概要に直接根拠を確認できず,,0,,,,,,
10,9036,"Tohbu Network Co., Ltd.",アンモニア,GX・エネルギー,8,5,7,ノイズ候補,C,needs_review,事業概要に直接根拠を確認できず,,0,,https://www.tohbu.co.jp | https://www.tohbu.co.jp/business/ | https://www.tohbu.co.jp/business/3pl/,EQUITY,Industrials,Integrated Freight & Logistics,https://www.tohbu.co.jp
10,9036,"Tohbu Network Co., Ltd.",不動産関連,不動産・建設,72,68,71,有力関連,B,needs_review,adjacent=real estate; growth=develops; official=不動産; count=9; pos=0.01,不動産,9,0.0148,https://www.tohbu.co.jp | https://www.tohbu.co.jp/business/ | https://www.tohbu.co.jp/business/3pl/,EQUITY,Industrials,Integrated Freight & Logistics,https://www.tohbu.co.jp
10,9036,"Tohbu Network Co., Ltd.",水素,GX・エネルギー,8,5,7,ノイズ候補,C,needs_review,事業概要に直接根拠を確認できず,,0,,https://www.tohbu.co.jp | https://www.tohbu.co.jp/business/ | https://www.tohbu.co.jp/business/3pl/,EQUITY,Industrials,Integrated Freight & Logistics,https://www.tohbu.co.jp
10,9036,"Tohbu Network Co., Ltd.",物流,物流・海運,97,99,98,主力テーマ,A,ok,industry=Integrated Freight & Logistics; direct=logistics services/transportation and logistics; position=0.05; growth=develops; official=物流; count=23; pos=0.05,物流,23,0.0538,https://www.tohbu.co.jp | https://www.tohbu.co.jp/business/ | https://www.tohbu.co.jp/business/3pl/,EQUITY,Industrials,Integrated Freight & Logistics,https://www.tohbu.co.jp
10,9036,"Tohbu Network Co., Ltd.",陸運,物流・海運,92,94,93,主力テーマ,A,ok,direct=truck transport; position=0.04; growth=develops,,0,,https://www.tohbu.co.jp | https://www.tohbu.co.jp/business/ | https://www.tohbu.co.jp/business/3pl/,EQUITY,Industrials,Integrated Freight & Logistics,https://www.tohbu.co.jp
10,9037,"Hamakyorex Co., Ltd.",物流,物流・海運,90,82,88,主力テーマ,A,ok,industry=Integrated Freight & Logistics; adjacent=logistics,,0,,https://www.hamakyorex.co.jp,EQUITY,Industrials,Integrated Freight & Logistics,https://www.hamakyorex.co.jp
10,9037,"Hamakyorex Co., Ltd.",陸運,物流・海運,92,84,90,主力テーマ,A,ok,direct=truck transport; position=0.11,,0,,https://www.hamakyorex.co.jp,EQUITY,Industrials,Integrated Freight & Logistics,https://www.hamakyorex.co.jp
10,9039,"Sakai Moving Service Co.,Ltd.",陸運,物流・海運,94,86,92,主力テーマ,A,ok,industry=Trucking; direct=trucking,,0,,https://www.hikkoshi-sakai.co.jp,EQUITY,Industrials,Trucking,https://www.hikkoshi-sakai.co.jp
10,9040,,物流,物流・海運,8,5,7,ノイズ候補,C,needs_official_ir,事業概要に直接根拠を確認できず,,0,,,,,,
10,9040,,陸運,物流・海運,8,5,7,ノイズ候補,C,needs_official_ir,事業概要に直接根拠を確認できず,,0,,,,,,
10,9041,"Kintetsu Group Holdings Co.,Ltd.",インバウンド,内需・消費,46,34,42,補助関連,C,needs_review_macro,adjacent=tourism/hotel,,0,,https://www.kintetsu-g-hd.co.jp,EQUITY,Industrials,Conglomerates,https://www.kintetsu-g-hd.co.jp
10,9041,"Kintetsu Group Holdings Co.,Ltd.",不動産関連,不動産・建設,42,30,38,ノイズ候補,C,needs_review,adjacent=real estate,,0,,https://www.kintetsu-g-hd.co.jp,EQUITY,Industrials,Conglomerates,https://www.kintetsu-g-hd.co.jp
10,9041,"Kintetsu Group Holdings Co.,Ltd.",介護関連,医療・ヘルスケア,8,5,7,ノイズ候補,C,needs_review,事業概要に直接根拠を確認できず,,0,,https://www.kintetsu-g-hd.co.jp,EQUITY,Industrials,Conglomerates,https://www.kintetsu-g-hd.co.jp
10,9041,"Kintetsu Group Holdings Co.,Ltd.",旅行,内需・消費,42,30,38,ノイズ候補,C,needs_review,adjacent=tourism,,0,,https://www.kintetsu-g-hd.co.jp,EQUITY,Industrials,Conglomerates,https://www.kintetsu-g-hd.co.jp
10,9041,"Kintetsu Group Holdings Co.,Ltd.",鉄道関連,物流・海運,86,78,84,主力テーマ,B,ok,direct=railway; position=0.21,,0,,https://www.kintetsu-g-hd.co.jp,EQUITY,Industrials,Conglomerates,https://www.kintetsu-g-hd.co.jp
10,9042,"Hankyu Hanshin Holdings, Inc.",不動産関連,不動産・建設,42,40,41,補助関連,C,needs_review,adjacent=real estate; growth=development,,0,,https://www.hankyu-hanshin.co.jp,EQUITY,Industrials,Conglomerates,https://www.hankyu-hanshin.co.jp
10,9042,"Hankyu Hanshin Holdings, Inc.",鉄道関連,物流・海運,92,94,93,主力テーマ,A,ok,direct=railway; position=0.16; growth=development,,0,,https://www.hankyu-hanshin.co.jp,EQUITY,Industrials,Conglomerates,https://www.hankyu-hanshin.co.jp
10,9044,"NANKAI Co., Ltd.",インバウンド,内需・消費,42,40,41,補助関連,C,needs_review_macro,adjacent=hotel; growth=development,,0,,https://www.nankai.co.jp | https://www.nankai.co.jp/company.html | https://www.nankai.co.jp/traffic/newticketless/about.html,EQUITY,Real Estate,Real Estate - Development,https://www.nankai.co.jp
10,9044,"NANKAI Co., Ltd.",不動産関連,不動産・建設,94,96,95,主力テーマ,A,ok,industry=Real Estate - Development; direct=real estate business; position=0.08; growth=development; official=不動産; count=2; pos=0.00,不動産,2,0.0028,https://www.nankai.co.jp | https://www.nankai.co.jp/company.html | https://www.nankai.co.jp/traffic/newticketless/about.html,EQUITY,Real Estate,Real Estate - Development,https://www.nankai.co.jp
10,9044,"NANKAI Co., Ltd.",介護関連,医療・ヘルスケア,8,5,7,ノイズ候補,C,needs_review,事業概要に直接根拠を確認できず,,0,,https://www.nankai.co.jp | https://www.nankai.co.jp/company.html | https://www.nankai.co.jp/traffic/newticketless/about.html,EQUITY,Real Estate,Real Estate - Development,https://www.nankai.co.jp
10,9044,"NANKAI Co., Ltd.",旅行,内需・消費,66,66,66,有力関連,B,qa_borderline,direct=travel agency; position=0.58; growth=development,,0,,https://www.nankai.co.jp | https://www.nankai.co.jp/company.html | https://www.nankai.co.jp/traffic/newticketless/about.html,EQUITY,Real Estate,Real Estate - Development,https://www.nankai.co.jp
10,9044,"NANKAI Co., Ltd.",鉄道関連,物流・海運,92,94,93,主力テーマ,A,ok,direct=railway; position=0.02; growth=development; official=鉄道; count=14; pos=0.23,鉄道,14,0.2307,https://www.nankai.co.jp | https://www.nankai.co.jp/company.html | https://www.nankai.co.jp/traffic/newticketless/about.html,EQUITY,Real Estate,Real Estate - Development,https://www.nankai.co.jp
10,9045,"Keihan Holdings Co., Ltd.",インバウンド,内需・消費,42,30,38,ノイズ候補,C,needs_review_macro,adjacent=hotel,,0,,https://www.keihan.co.jp | https://www.keihan.co.jp/traffic/ticket/commuterpass/webyoyaku/ | https://www.keihan.co.jp/traffic/useful/,EQUITY,Industrials,Conglomerates,https://www.keihan.co.jp
10,9045,"Keihan Holdings Co., Ltd.",ホテル,内需・消費,72,68,71,有力関連,B,needs_review,adjacent=hotel; official=ホテル; count=5; pos=0.21,ホテル,5,0.2120,https://www.keihan.co.jp | https://www.keihan.co.jp/traffic/ticket/commuterpass/webyoyaku/ | https://www.keihan.co.jp/traffic/useful/,EQUITY,Industrials,Conglomerates,https://www.keihan.co.jp
10,9045,"Keihan Holdings Co., Ltd.",マンション関連,不動産・建設,8,5,7,ノイズ候補,C,needs_review,事業概要に直接根拠を確認できず,,0,,https://www.keihan.co.jp | https://www.keihan.co.jp/traffic/ticket/commuterpass/webyoyaku/ | https://www.keihan.co.jp/traffic/useful/,EQUITY,Industrials,Conglomerates,https://www.keihan.co.jp
10,9045,"Keihan Holdings Co., Ltd.",不動産関連,不動産・建設,92,84,90,主力テーマ,A,ok,direct=real estate business; position=0.15; official=不動産; count=4; pos=0.07,不動産,4,0.0732,https://www.keihan.co.jp | https://www.keihan.co.jp/traffic/ticket/commuterpass/webyoyaku/ | https://www.keihan.co.jp/traffic/useful/,EQUITY,Industrials,Conglomerates,https://www.keihan.co.jp
10,9045,"Keihan Holdings Co., Ltd.",介護関連,医療・ヘルスケア,8,5,7,ノイズ候補,C,needs_review,事業概要に直接根拠を確認できず,,0,,https://www.keihan.co.jp | https://www.keihan.co.jp/traffic/ticket/commuterpass/webyoyaku/ | https://www.keihan.co.jp/traffic/useful/,EQUITY,Industrials,Conglomerates,https://www.keihan.co.jp
10,9045,"Keihan Holdings Co., Ltd.",旅行,内需・消費,8,5,7,ノイズ候補,C,needs_review,事業概要に直接根拠を確認できず,,0,,https://www.keihan.co.jp | https://www.keihan.co.jp/traffic/ticket/commuterpass/webyoyaku/ | https://www.keihan.co.jp/traffic/useful/,EQUITY,Industrials,Conglomerates,https://www.keihan.co.jp
10,9045,"Keihan Holdings Co., Ltd.",鉄道関連,物流・海運,91,83,89,主力テーマ,A,ok,direct=railway/railroad; position=0.32; official=鉄道; count=4; pos=0.10,鉄道,4,0.1035,https://www.keihan.co.jp | https://www.keihan.co.jp/traffic/ticket/commuterpass/webyoyaku/ | https://www.keihan.co.jp/traffic/useful/,EQUITY,Industrials,Conglomerates,https://www.keihan.co.jp
10,9046,"Kobe Electric Railway Co., Ltd.",不動産関連,不動産・建設,42,30,38,ノイズ候補,C,needs_review,adjacent=real estate,,0,,https://www.shintetsu.co.jp,EQUITY,Industrials,Railroads,https://www.shintetsu.co.jp
10,9046,"Kobe Electric Railway Co., Ltd.",介護関連,医療・ヘルスケア,82,74,80,主力テーマ,B,ok,direct=nursing care; position=0.44,,0,,https://www.shintetsu.co.jp,EQUITY,Industrials,Railroads,https://www.shintetsu.co.jp
10,9046,"Kobe Electric Railway Co., Ltd.",鉄道関連,物流・海運,97,89,95,主力テーマ,A,ok,direct=railway/railroad; position=0.02,,0,,https://www.shintetsu.co.jp,EQUITY,Industrials,Railroads,https://www.shintetsu.co.jp
10,9048,"Nagoya Railroad Co., Ltd.",マンション関連,不動産・建設,82,86,83,主力テーマ,B,ok,direct=condominium; position=0.44; growth=develops/development,,0,,https://www.meitetsu.co.jp,EQUITY,Industrials,Conglomerates,https://www.meitetsu.co.jp
10,9048,"Nagoya Railroad Co., Ltd.",介護関連,医療・ヘルスケア,8,5,7,ノイズ候補,C,needs_review,事業概要に直接根拠を確認できず,,0,,https://www.meitetsu.co.jp,EQUITY,Industrials,Conglomerates,https://www.meitetsu.co.jp
10,9048,"Nagoya Railroad Co., Ltd.",鉄道関連,物流・海運,92,96,93,主力テーマ,A,ok,direct=railroad; position=0.01; growth=develops/development,,0,,https://www.meitetsu.co.jp,EQUITY,Industrials,Conglomerates,https://www.meitetsu.co.jp
10,9049,"Keifuku Electric Railroad Co.,Ltd.",インバウンド,内需・消費,42,30,38,ノイズ候補,C,needs_review_macro,adjacent=hotel,,0,,https://www.keifuku.co.jp,EQUITY,Industrials,Railroads,https://www.keifuku.co.jp
10,9049,"Keifuku Electric Railroad Co.,Ltd.",ホテル,内需・消費,42,30,38,ノイズ候補,C,needs_review,adjacent=hotel,,0,,https://www.keifuku.co.jp,EQUITY,Industrials,Railroads,https://www.keifuku.co.jp
10,9049,"Keifuku Electric Railroad Co.,Ltd.",不動産関連,不動産・建設,42,30,38,ノイズ候補,C,needs_review,adjacent=real estate,,0,,https://www.keifuku.co.jp,EQUITY,Industrials,Railroads,https://www.keifuku.co.jp
10,9049,"Keifuku Electric Railroad Co.,Ltd.",鉄道関連,物流・海運,97,89,95,主力テーマ,A,ok,direct=railway/railroad; position=0.04; official=鉄道; count=3; pos=0.01,鉄道,3,0.0051,https://www.keifuku.co.jp,EQUITY,Industrials,Railroads,https://www.keifuku.co.jp
10,9051,"Senkon Logistics Co., Ltd.",倉庫,物流・海運,92,94,93,主力テーマ,A,ok,direct=warehousing; position=0.14; growth=development; official=倉庫; count=5; pos=0.01,倉庫,5,0.0056,https://www.senkon.co.jp | https://www.senkon.co.jp/company/index.html | https://www.senkon.co.jp/works/01.html,EQUITY,Industrials,Integrated Freight & Logistics,https://www.senkon.co.jp
10,9051,"Senkon Logistics Co., Ltd.",太陽光発電関連,GX・エネルギー,8,5,7,ノイズ候補,C,needs_review,事業概要に直接根拠を確認できず,,0,,https://www.senkon.co.jp | https://www.senkon.co.jp/company/index.html | https://www.senkon.co.jp/works/01.html,EQUITY,Industrials,Integrated Freight & Logistics,https://www.senkon.co.jp
10,9051,"Senkon Logistics Co., Ltd.",物流,物流・海運,94,96,95,主力テーマ,A,ok,industry=Integrated Freight & Logistics; direct=logistics services; position=0.04; growth=development; official=物流; count=18; pos=0.00,物流,18,0.0005,https://www.senkon.co.jp | https://www.senkon.co.jp/company/index.html | https://www.senkon.co.jp/works/01.html,EQUITY,Industrials,Integrated Freight & Logistics,https://www.senkon.co.jp
10,9051,"Senkon Logistics Co., Ltd.",陸運,物流・海運,92,94,93,主力テーマ,A,ok,direct=truck transport; position=0.09; growth=development,,0,,https://www.senkon.co.jp | https://www.senkon.co.jp/company/index.html | https://www.senkon.co.jp/works/01.html,EQUITY,Industrials,Integrated Freight & Logistics,https://www.senkon.co.jp
10,9052,"Sanyo Electric Railway Co.,Ltd.",不動産関連,不動産・建設,92,84,90,主力テーマ,A,ok,direct=real estate business; position=0.06; official=不動産; count=28; pos=0.03,不動産,28,0.0252,https://www.sanyo-railway.co.jp | https://www.sanyo-railway.co.jp/real_estate/zigyouyou.html | https://www.sanyo-railway.co.jp/group/index.html,EQUITY,Industrials,Railroads,https://www.sanyo-railway.co.jp
10,9052,"Sanyo Electric Railway Co.,Ltd.",外食,内需・消費,86,78,84,主力テーマ,B,ok,direct=restaurant; position=0.38,,0,,https://www.sanyo-railway.co.jp | https://www.sanyo-railway.co.jp/real_estate/zigyouyou.html | https://www.sanyo-railway.co.jp/group/index.html,EQUITY,Industrials,Railroads,https://www.sanyo-railway.co.jp
10,9052,"Sanyo Electric Railway Co.,Ltd.",鉄道関連,物流・海運,97,100,98,主力テーマ,A,ok,direct=railway/railroad; position=0.01; official=鉄道; count=35; pos=0.01,鉄道,35,0.0068,https://www.sanyo-railway.co.jp | https://www.sanyo-railway.co.jp/real_estate/zigyouyou.html | https://www.sanyo-railway.co.jp/group/index.html,EQUITY,Industrials,Railroads,https://www.sanyo-railway.co.jp
10,9057,"Enshu Truck Co.,Ltd.",倉庫,物流・海運,92,98,94,主力テーマ,A,ok,direct=warehousing; position=0.21; growth=development/research; official=倉庫/倉庫業; count=16; pos=0.00,倉庫 | 倉庫業,16,0.0029,https://www.enshu-truck.co.jp,EQUITY,Industrials,Trucking,https://www.enshu-truck.co.jp
10,9057,"Enshu Truck Co.,Ltd.",物流,物流・海運,92,96,93,主力テーマ,A,ok,direct=logistics services; position=0.05; growth=development/research; official=物流; count=17; pos=0.01,物流,17,0.0072,https://www.enshu-truck.co.jp,EQUITY,Industrials,Trucking,https://www.enshu-truck.co.jp
10,9057,"Enshu Truck Co.,Ltd.",陸運,物流・海運,94,98,95,主力テーマ,A,ok,industry=Trucking; direct=trucking; position=0.15; growth=development/research,,0,,https://www.enshu-truck.co.jp,EQUITY,Industrials,Trucking,https://www.enshu-truck.co.jp
10,9059,"Kanda Holdings Co.,Ltd.",物流,物流・海運,72,68,71,有力関連,B,needs_review,adjacent=logistics; growth=development; official=物流; count=34; pos=0.02,物流,34,0.0200,https://www.kanda-web.co.jp | https://www.kanda-web.co.jp/company-groupinfo/about/ | https://www.kanda-web.co.jp/our-business/,EQUITY,Industrials,Trucking,https://www.kanda-web.co.jp
10,9059,"Kanda Holdings Co.,Ltd.",陸運,物流・海運,97,99,98,主力テーマ,A,ok,industry=Trucking; direct=trucking/truck transport; position=0.09; growth=development,,0,,https://www.kanda-web.co.jp | https://www.kanda-web.co.jp/company-groupinfo/about/ | https://www.kanda-web.co.jp/our-business/,EQUITY,Industrials,Trucking,https://www.kanda-web.co.jp
10,9060,Japan Logistic Systems Corp.,倉庫,物流・海運,92,94,93,主力テーマ,A,ok,direct=warehousing; position=0.05; growth=develops,,0,,https://www.logitem.co.jp,EQUITY,Industrials,Trucking,https://www.logitem.co.jp
10,9060,Japan Logistic Systems Corp.,物流,物流・海運,42,40,41,補助関連,C,needs_review,adjacent=logistics; growth=develops,,0,,https://www.logitem.co.jp,EQUITY,Industrials,Trucking,https://www.logitem.co.jp
10,9060,Japan Logistic Systems Corp.,陸運,物流・海運,94,96,95,主力テーマ,A,ok,industry=Trucking; direct=trucking; growth=develops,,0,,https://www.logitem.co.jp,EQUITY,Industrials,Trucking,https://www.logitem.co.jp
10,9063,"Okayamaken Freight Transportation Co., Ltd.",物流,物流・海運,72,68,71,有力関連,B,needs_review,adjacent=logistics; official=物流; count=23; pos=0.00,物流,23,0.0008,https://www.okaken.co.jp | https://www.okaken.co.jp/company/ | https://www.okaken.co.jp/service_ph/,EQUITY,Industrials,Trucking,https://www.okaken.co.jp
10,9063,"Okayamaken Freight Transportation Co., Ltd.",陸運,物流・海運,94,86,92,主力テーマ,A,ok,industry=Trucking; direct=trucking,,0,,https://www.okaken.co.jp | https://www.okaken.co.jp/company/ | https://www.okaken.co.jp/service_ph/,EQUITY,Industrials,Trucking,https://www.okaken.co.jp
10,9064,"Yamato Holdings Co., Ltd.",クラウドコンピューティング,デジタル・サービス,8,5,7,ノイズ候補,C,needs_review,事業概要に直接根拠を確認できず,,0,,https://www.yamato-hd.co.jp,EQUITY,Industrials,Trucking,https://www.yamato-hd.co.jp
10,9064,"Yamato Holdings Co., Ltd.",宅配,物流・海運,86,88,87,主力テーマ,A,ok,direct=home delivery; position=0.34; growth=development; official=宅配; count=3; pos=0.62,宅配,3,0.6156,https://www.yamato-hd.co.jp,EQUITY,Industrials,Trucking,https://www.yamato-hd.co.jp
10,9064,"Yamato Holdings Co., Ltd.",物流,物流・海運,92,94,93,主力テーマ,A,ok,direct=logistics business; position=0.13; growth=development; official=物流; count=4; pos=0.54,物流,4,0.5400,https://www.yamato-hd.co.jp,EQUITY,Industrials,Trucking,https://www.yamato-hd.co.jp
10,9064,"Yamato Holdings Co., Ltd.",空飛ぶクルマ,自動車・モビリティ,8,5,7,ノイズ候補,C,needs_review,事業概要に直接根拠を確認できず,,0,,https://www.yamato-hd.co.jp,EQUITY,Industrials,Trucking,https://www.yamato-hd.co.jp
10,9064,"Yamato Holdings Co., Ltd.",陸運,物流・海運,94,96,95,主力テーマ,A,ok,industry=Trucking; direct=trucking/truck transport; position=0.25; growth=development,,0,,https://www.yamato-hd.co.jp,EQUITY,Industrials,Trucking,https://www.yamato-hd.co.jp
10,9065,Sankyu Inc.,物流,物流・海運,94,86,92,主力テーマ,A,ok,industry=Integrated Freight & Logistics; direct=logistics services; position=0.03,,0,,https://www.sankyu.co.jp,EQUITY,Industrials,Integrated Freight & Logistics,https://www.sankyu.co.jp
10,9065,Sankyu Inc.,陸運,物流・海運,42,30,38,ノイズ候補,C,needs_review,adjacent=transportation,,0,,https://www.sankyu.co.jp,EQUITY,Industrials,Integrated Freight & Logistics,https://www.sankyu.co.jp
10,9068,"Maruzen Showa Unyu Co., Ltd.",陸運,物流・海運,82,74,80,主力テーマ,B,ok,direct=truck transport; position=0.47,,0,,https://www.maruzenshowa.co.jp,EQUITY,Industrials,Integrated Freight & Logistics,https://www.maruzenshowa.co.jp
10,9069,"SENKO Group Holdings Co., Ltd.",ホテル,内需・消費,8,5,7,ノイズ候補,C,needs_review,事業概要に直接根拠を確認できず,,0,,https://www.senkogrouphd.co.jp,EQUITY,Industrials,Integrated Freight & Logistics,https://www.senkogrouphd.co.jp
10,9069,"SENKO Group Holdings Co., Ltd.",介護関連,医療・ヘルスケア,66,56,63,有力関連,B,qa_borderline,direct=nursing care/elderly care/care facility; position=0.51,,0,,https://www.senkogrouphd.co.jp,EQUITY,Industrials,Integrated Freight & Logistics,https://www.senkogrouphd.co.jp
10,9069,"SENKO Group Holdings Co., Ltd.",物流,物流・海運,94,86,92,主力テーマ,A,ok,industry=Integrated Freight & Logistics; direct=logistics business; position=0.10,,0,,https://www.senkogrouphd.co.jp,EQUITY,Industrials,Integrated Freight & Logistics,https://www.senkogrouphd.co.jp
10,9069,"SENKO Group Holdings Co., Ltd.",陸運,物流・海運,86,78,84,主力テーマ,B,ok,direct=trucking; position=0.21,,0,,https://www.senkogrouphd.co.jp,EQUITY,Industrials,Integrated Freight & Logistics,https://www.senkogrouphd.co.jp
10,9072,"NIKKON Holdings Co.,Ltd.",倉庫,物流・海運,97,100,98,主力テーマ,A,ok,direct=warehouse business/warehousing; position=0.10; growth=development; official=倉庫; count=2; pos=0.57,倉庫,2,0.5732,https://www.nikkon-hd.co.jp,EQUITY,Industrials,Integrated Freight & Logistics,https://www.nikkon-hd.co.jp
10,9072,"NIKKON Holdings Co.,Ltd.",物流,物流・海運,90,92,91,主力テーマ,A,ok,industry=Integrated Freight & Logistics; adjacent=logistics; growth=development; official=物流; count=5; pos=0.05,物流,5,0.0492,https://www.nikkon-hd.co.jp,EQUITY,Industrials,Integrated Freight & Logistics,https://www.nikkon-hd.co.jp
10,9072,"NIKKON Holdings Co.,Ltd.",陸運,物流・海運,46,44,45,補助関連,C,needs_review,adjacent=transportation/delivery; growth=development,,0,,https://www.nikkon-hd.co.jp,EQUITY,Industrials,Integrated Freight & Logistics,https://www.nikkon-hd.co.jp
10,9073,"Kyogoku unyu shoji Co., Ltd.",倉庫,物流・海運,90,96,92,主力テーマ,A,official_site_supported,direct=warehouse business; position=0.67; official=倉庫; count=1; pos=0.16,倉庫,1,0.1616,https://www.kyogoku.co.jp,EQUITY,Industrials,Trucking,https://www.kyogoku.co.jp
10,9073,"Kyogoku unyu shoji Co., Ltd.",港湾運送,物流・海運,66,56,63,有力関連,B,qa_borderline,direct=port transportation; position=0.54,,0,,https://www.kyogoku.co.jp,EQUITY,Industrials,Trucking,https://www.kyogoku.co.jp
10,9073,"Kyogoku unyu shoji Co., Ltd.",物流,物流・海運,72,68,71,有力関連,B,needs_review,事業概要に直接根拠を確認できず; official=物流; count=5; pos=0.03,物流,5,0.0267,https://www.kyogoku.co.jp,EQUITY,Industrials,Trucking,https://www.kyogoku.co.jp
10,9073,"Kyogoku unyu shoji Co., Ltd.",陸運,物流・海運,97,89,95,主力テーマ,A,ok,industry=Trucking; direct=trucking/truck transport; position=0.18,,0,,https://www.kyogoku.co.jp,EQUITY,Industrials,Trucking,https://www.kyogoku.co.jp
10,9074,"Japan Oil Transportation Co., Ltd.",太陽光発電関連,GX・エネルギー,58,46,54,補助関連,C,needs_review,direct=solar power; position=0.84,,0,,https://www.jot.co.jp,EQUITY,Industrials,Railroads,https://www.jot.co.jp
10,9074,"Japan Oil Transportation Co., Ltd.",陸運,物流・海運,66,56,63,有力関連,B,qa_borderline,direct=truck transport; position=0.51,,0,,https://www.jot.co.jp,EQUITY,Industrials,Railroads,https://www.jot.co.jp
10,9075,"Fukuyama Transporting Co., Ltd.",物流,物流・海運,72,68,71,有力関連,B,needs_review,adjacent=logistics; official=物流; count=9; pos=0.17,物流,9,0.1714,https://www.fukutsu.co.jp | https://www.fukutsu.co.jp/corp/service/ | https://www.fukutsu.co.jp/corp/service/transport/jet_overnight/,EQUITY,Industrials,Trucking,https://www.fukutsu.co.jp
10,9075,"Fukuyama Transporting Co., Ltd.",陸運,物流・海運,94,86,92,主力テーマ,A,ok,industry=Trucking; direct=trucking,,0,,https://www.fukutsu.co.jp | https://www.fukutsu.co.jp/corp/service/ | https://www.fukutsu.co.jp/corp/service/transport/jet_overnight/,EQUITY,Industrials,Trucking,https://www.fukutsu.co.jp
10,9076,"Seino Holdings Co., Ltd.",物流,物流・海運,86,78,84,主力テーマ,B,ok,direct=logistics services; position=0.31; official=物流; count=18; pos=0.31,物流,18,0.3061,https://www.seino.co.jp,EQUITY,Industrials,Trucking,https://www.seino.co.jp
10,9076,"Seino Holdings Co., Ltd.",陸運,物流・海運,94,86,92,主力テーマ,A,ok,industry=Trucking; direct=trucking,,0,,https://www.seino.co.jp,EQUITY,Industrials,Trucking,https://www.seino.co.jp
10,9081,"Kanagawa Chuo Kotsu Co., Ltd.",自動運転車,自動車・モビリティ,72,78,74,有力関連,B,needs_review,事業概要に直接根拠を確認できず; official=自動運転; count=1; pos=0.58,自動運転,1,0.5793,https://www.kanachu-ir.jp,EQUITY,Industrials,Railroads,https://www.kanachu-ir.jp
10,9081,"Kanagawa Chuo Kotsu Co., Ltd.",陸運,物流・海運,42,40,41,補助関連,C,needs_review,adjacent=transportation; growth=development,,0,,https://www.kanachu-ir.jp,EQUITY,Industrials,Railroads,https://www.kanachu-ir.jp
10,9082,"Daiwa Motor Transportation Co., Ltd.",マンション関連,不動産・建設,72,68,71,有力関連,B,needs_review,事業概要に直接根拠を確認できず; official=マンション; count=2; pos=0.32,マンション,2,0.3213,https://www.daiwaj.com | https://www.daiwaj.com/index.html | https://www.daiwaj.com/service/useful/,EQUITY,Consumer Cyclical,Auto & Truck Dealerships,https://www.daiwaj.com
10,9082,"Daiwa Motor Transportation Co., Ltd.",不動産関連,不動産・建設,86,78,84,主力テーマ,B,ok,direct=real estate business; position=0.26; official=不動産; count=14; pos=0.01,不動産,14,0.0077,https://www.daiwaj.com | https://www.daiwaj.com/index.html | https://www.daiwaj.com/service/useful/,EQUITY,Consumer Cyclical,Auto & Truck Dealerships,https://www.daiwaj.com
10,9082,"Daiwa Motor Transportation Co., Ltd.",陸運,物流・海運,42,30,38,ノイズ候補,C,needs_review,adjacent=transportation,,0,,https://www.daiwaj.com | https://www.daiwaj.com/index.html | https://www.daiwaj.com/service/useful/,EQUITY,Consumer Cyclical,Auto & Truck Dealerships,https://www.daiwaj.com
10,9083,"Shinki Bus Co.,Ltd.",MaaS,自動車・モビリティ,8,5,7,ノイズ候補,C,needs_review,事業概要に直接根拠を確認できず,,0,,https://www.shinkibus.co.jp | https://www.shinkibus.co.jp/ir/library/report.html,EQUITY,Industrials,Integrated Freight & Logistics,https://www.shinkibus.co.jp
10,9083,"Shinki Bus Co.,Ltd.",不動産関連,不動産・建設,8,5,7,ノイズ候補,C,needs_review,事業概要に直接根拠を確認できず,,0,,https://www.shinkibus.co.jp | https://www.shinkibus.co.jp/ir/library/report.html,EQUITY,Industrials,Integrated Freight & Logistics,https://www.shinkibus.co.jp
10,9083,"Shinki Bus Co.,Ltd.",介護関連,医療・ヘルスケア,58,56,57,補助関連,C,needs_review,direct=nursing care; position=0.81; growth=development,,0,,https://www.shinkibus.co.jp | https://www.shinkibus.co.jp/ir/library/report.html,EQUITY,Industrials,Integrated Freight & Logistics,https://www.shinkibus.co.jp
10,9083,"Shinki Bus Co.,Ltd.",陸運,物流・海運,42,40,41,補助関連,C,needs_review,adjacent=transportation; growth=development,,0,,https://www.shinkibus.co.jp | https://www.shinkibus.co.jp/ir/library/report.html,EQUITY,Industrials,Integrated Freight & Logistics,https://www.shinkibus.co.jp
10,9085,,ホテル,内需・消費,8,5,7,ノイズ候補,C,needs_official_ir,事業概要に直接根拠を確認できず,,0,,,,,,
10,9085,,建設,不動産・建設,8,5,7,ノイズ候補,C,needs_official_ir,事業概要に直接根拠を確認できず,,0,,,,,,
10,9085,,陸運,物流・海運,8,5,7,ノイズ候補,C,needs_official_ir,事業概要に直接根拠を確認できず,,0,,,,,,
10,9087,Takase Corporation,倉庫,物流・海運,85,82,84,主力テーマ,B,official_site_supported,adjacent=warehouse/storage; official=倉庫/倉庫業; count=5; pos=0.57,倉庫 | 倉庫業,5,0.5712,https://www.takase.co.jp | https://www.takase.co.jp/infomation | https://www.takase.co.jp/summary,EQUITY,Industrials,Specialty Business Services,https://www.takase.co.jp
10,9087,Takase Corporation,物流,物流・海運,97,89,95,主力テーマ,A,ok,direct=logistics business/logistics services; position=0.03; official=物流; count=33; pos=0.00,物流,33,0.0027,https://www.takase.co.jp | https://www.takase.co.jp/infomation | https://www.takase.co.jp/summary,EQUITY,Industrials,Specialty Business Services,https://www.takase.co.jp
10,9087,Takase Corporation,陸運,物流・海運,72,68,71,有力関連,B,needs_review,adjacent=transportation; official=陸運; count=1; pos=0.69,陸運,1,0.6891,https://www.takase.co.jp | https://www.takase.co.jp/infomation | https://www.takase.co.jp/summary,EQUITY,Industrials,Specialty Business Services,https://www.takase.co.jp
10,9090,AZ-COM MARUWA Holdings Inc.,物流,物流・海運,94,86,92,主力テーマ,A,ok,industry=Integrated Freight & Logistics; direct=logistics services; position=0.07; official=物流; count=3; pos=0.58,物流,3,0.5805,https://www.az-com-maruwa-hd.co.jp,EQUITY,Industrials,Integrated Freight & Logistics,https://www.az-com-maruwa-hd.co.jp
10,9090,AZ-COM MARUWA Holdings Inc.,陸運,物流・海運,42,30,38,ノイズ候補,C,needs_review,adjacent=transportation,,0,,https://www.az-com-maruwa-hd.co.jp,EQUITY,Industrials,Integrated Freight & Logistics,https://www.az-com-maruwa-hd.co.jp
10,9101,Nippon Yusen Kabushiki Kaisha,アンモニア,GX・エネルギー,8,5,7,ノイズ候補,C,needs_review,事業概要に直接根拠を確認できず,,0,,https://www.nyk.com,EQUITY,Industrials,Marine Shipping,https://www.nyk.com
10,9101,Nippon Yusen Kabushiki Kaisha,データセンター,データセンター・電力,8,5,7,ノイズ候補,C,needs_review,事業概要に直接根拠を確認できず,,0,,https://www.nyk.com,EQUITY,Industrials,Marine Shipping,https://www.nyk.com
10,9101,Nippon Yusen Kabushiki Kaisha,円安メリット,内需・消費,8,5,7,ノイズ候補,C,needs_review_macro,事業概要に直接根拠を確認できず,,0,,https://www.nyk.com,EQUITY,Industrials,Marine Shipping,https://www.nyk.com
10,9101,Nippon Yusen Kabushiki Kaisha,海運,物流・海運,90,82,88,主力テーマ,A,ok,industry=Marine Shipping; adjacent=shipping/vessel,,0,,https://www.nyk.com,EQUITY,Industrials,Marine Shipping,https://www.nyk.com
10,9104,"Mitsui O.S.K. Lines, Ltd.",アンモニア,GX・エネルギー,72,68,71,有力関連,B,needs_review,事業概要に直接根拠を確認できず; official=アンモニア; count=2; pos=0.22,アンモニア,2,0.2159,https://www.mol.co.jp | https://www.mol.co.jp/corporate/ | https://www.mol.co.jp/corporate/map/,EQUITY,Industrials,Marine Shipping,https://www.mol.co.jp
10,9104,"Mitsui O.S.K. Lines, Ltd.",円安メリット,内需・消費,8,5,7,ノイズ候補,C,needs_review_macro,事業概要に直接根拠を確認できず,,0,,https://www.mol.co.jp | https://www.mol.co.jp/corporate/ | https://www.mol.co.jp/corporate/map/,EQUITY,Industrials,Marine Shipping,https://www.mol.co.jp
10,9104,"Mitsui O.S.K. Lines, Ltd.",海運,物流・海運,90,92,91,主力テーマ,A,ok,industry=Marine Shipping; adjacent=shipping/vessel; growth=development; official=海運/海上輸送; count=4; pos=0.19,海運 | 海上輸送,4,0.1864,https://www.mol.co.jp | https://www.mol.co.jp/corporate/ | https://www.mol.co.jp/corporate/map/,EQUITY,Industrials,Marine Shipping,https://www.mol.co.jp
10,9107,"Kawasaki Kisen Kaisha, Ltd.",円安メリット,内需・消費,8,5,7,ノイズ候補,C,needs_review_macro,事業概要に直接根拠を確認できず,,0,,https://www.kline.co.jp | https://www.kline.co.jp/ja/service/drybulk.html | https://www.kline.co.jp/ja/service/car.html,EQUITY,Industrials,Marine Shipping,https://www.kline.co.jp
10,9107,"Kawasaki Kisen Kaisha, Ltd.",海運,物流・海運,90,92,91,主力テーマ,A,ok,industry=Marine Shipping; adjacent=shipping; growth=development; official=海運; count=3; pos=0.04,海運,3,0.0360,https://www.kline.co.jp | https://www.kline.co.jp/ja/service/drybulk.html | https://www.kline.co.jp/ja/service/car.html,EQUITY,Industrials,Marine Shipping,https://www.kline.co.jp
10,9110,"NS United Kaiun Kaisha, Ltd.",円安メリット,内需・消費,8,5,7,ノイズ候補,C,needs_review_macro,事業概要に直接根拠を確認できず,,0,,https://www.nsuship.co.jp | https://www.nsuship.co.jp/ja/company.html | https://www.nsuship.co.jp/ja/services.html,EQUITY,Industrials,Marine Shipping,https://www.nsuship.co.jp
10,9110,"NS United Kaiun Kaisha, Ltd.",海運,物流・海運,97,90,95,主力テーマ,A,ok,industry=Marine Shipping; direct=shipping business/marine transportation; position=0.07; official=海運; count=16; pos=0.00,海運,16,0.0032,https://www.nsuship.co.jp | https://www.nsuship.co.jp/ja/company.html | https://www.nsuship.co.jp/ja/services.html,EQUITY,Industrials,Marine Shipping,https://www.nsuship.co.jp
10,9115,"Meiji Shipping Group Co., Ltd.",ホテル,内需・消費,72,68,71,有力関連,B,needs_review,adjacent=hotel; growth=develops/development; official=ホテル; count=8; pos=0.15,ホテル,8,0.1478,https://www.meiji-group.com | https://www.meiji-group.com/services/ | https://www.meiji-group.com/services/marine.html,EQUITY,Industrials,Integrated Freight & Logistics,https://www.meiji-group.com
10,9115,"Meiji Shipping Group Co., Ltd.",介護関連,医療・ヘルスケア,92,90,91,主力テーマ,A,official_site_supported,事業概要に直接根拠を確認できず; official=介護; count=8; pos=0.15,介護,8,0.1530,https://www.meiji-group.com | https://www.meiji-group.com/services/ | https://www.meiji-group.com/services/marine.html,EQUITY,Industrials,Integrated Freight & Logistics,https://www.meiji-group.com
10,9115,"Meiji Shipping Group Co., Ltd.",円安メリット,内需・消費,8,5,7,ノイズ候補,C,needs_review_macro,事業概要に直接根拠を確認できず,,0,,https://www.meiji-group.com | https://www.meiji-group.com/services/ | https://www.meiji-group.com/services/marine.html,EQUITY,Industrials,Integrated Freight & Logistics,https://www.meiji-group.com
10,9115,"Meiji Shipping Group Co., Ltd.",海運,物流・海運,97,100,98,主力テーマ,A,ok,direct=shipping business/ocean shipping; position=0.17; growth=develops/development; official=海運/海上輸送; count=15; pos=0.15,海運 | 海上輸送,15,0.1463,https://www.meiji-group.com | https://www.meiji-group.com/services/ | https://www.meiji-group.com/services/marine.html,EQUITY,Industrials,Integrated Freight & Logistics,https://www.meiji-group.com
10,9119,"Iino Kaiun Kaisha, Ltd.",アンモニア,GX・エネルギー,8,5,7,ノイズ候補,C,needs_review,事業概要に直接根拠を確認できず,,0,,https://www.iino.co.jp,EQUITY,Industrials,Marine Shipping,https://www.iino.co.jp
10,9119,"Iino Kaiun Kaisha, Ltd.",円安メリット,内需・消費,8,5,7,ノイズ候補,C,needs_review_macro,事業概要に直接根拠を確認できず,,0,,https://www.iino.co.jp,EQUITY,Industrials,Marine Shipping,https://www.iino.co.jp
10,9119,"Iino Kaiun Kaisha, Ltd.",太陽光発電関連,GX・エネルギー,8,5,7,ノイズ候補,C,needs_review,事業概要に直接根拠を確認できず,,0,,https://www.iino.co.jp,EQUITY,Industrials,Marine Shipping,https://www.iino.co.jp
10,9119,"Iino Kaiun Kaisha, Ltd.",海運,物流・海運,90,82,88,主力テーマ,A,ok,industry=Marine Shipping; adjacent=shipping,,0,,https://www.iino.co.jp,EQUITY,Industrials,Marine Shipping,https://www.iino.co.jp
10,9127,"Tamai Steamship Co., Ltd.",アルミニウム,資源・素材,8,5,7,ノイズ候補,C,needs_review,事業概要に直接根拠を確認できず,,0,,https://www.tamaiship.co.jp,EQUITY,Industrials,Marine Shipping,https://www.tamaiship.co.jp
10,9127,"Tamai Steamship Co., Ltd.",海運,物流・海運,90,82,88,主力テーマ,A,ok,industry=Marine Shipping; adjacent=shipping,,0,,https://www.tamaiship.co.jp,EQUITY,Industrials,Marine Shipping,https://www.tamaiship.co.jp
10,9130,"Kyoei Tanker Co., Ltd.",円安メリット,内需・消費,8,5,7,ノイズ候補,C,needs_review_macro,事業概要に直接根拠を確認できず,,0,,https://www.kyoeitanker.co.jp,EQUITY,Industrials,Marine Shipping,https://www.kyoeitanker.co.jp
10,9130,"Kyoei Tanker Co., Ltd.",海運,物流・海運,90,92,91,主力テーマ,A,ok,industry=Marine Shipping; adjacent=shipping; growth=investment,,0,,https://www.kyoeitanker.co.jp,EQUITY,Industrials,Marine Shipping,https://www.kyoeitanker.co.jp
10,9142,Kyushu Railway Company,インバウンド,内需・消費,46,34,42,補助関連,C,needs_review_macro,adjacent=hotel/restaurant,,0,,https://www.jrkyushu.co.jp,EQUITY,Industrials,Conglomerates,https://www.jrkyushu.co.jp
10,9142,Kyushu Railway Company,ホテル,内需・消費,42,30,38,ノイズ候補,C,needs_review,adjacent=hotel,,0,,https://www.jrkyushu.co.jp,EQUITY,Industrials,Conglomerates,https://www.jrkyushu.co.jp
10,9142,Kyushu Railway Company,外食,内需・消費,97,89,95,主力テーマ,A,ok,direct=restaurant/food service; position=0.12,,0,,https://www.jrkyushu.co.jp,EQUITY,Industrials,Conglomerates,https://www.jrkyushu.co.jp
10,9142,Kyushu Railway Company,建設,不動産・建設,91,83,89,主力テーマ,A,ok,direct=construction business/civil engineering; position=0.31; official=建設; count=2; pos=0.14,建設,2,0.1414,https://www.jrkyushu.co.jp,EQUITY,Industrials,Conglomerates,https://www.jrkyushu.co.jp
10,9142,Kyushu Railway Company,旅行,内需・消費,72,68,71,有力関連,B,needs_review,direct=travel agency; position=0.83; official=旅行; count=9; pos=0.01,旅行,9,0.0143,https://www.jrkyushu.co.jp,EQUITY,Industrials,Conglomerates,https://www.jrkyushu.co.jp
10,9142,Kyushu Railway Company,鉄道関連,物流・海運,92,98,94,主力テーマ,A,ok,direct=railway; position=0.00; official=鉄道; count=7; pos=0.00,鉄道,7,0.0008,https://www.jrkyushu.co.jp,EQUITY,Industrials,Conglomerates,https://www.jrkyushu.co.jp
10,9143,"SG Holdings Co.,Ltd.",宅配,物流・海運,72,78,74,有力関連,B,needs_review,adjacent=delivery service; growth=develops; official=宅配; count=1; pos=0.59,宅配,1,0.5885,https://www.sg-hldgs.co.jp,EQUITY,Industrials,Integrated Freight & Logistics,https://www.sg-hldgs.co.jp
10,9143,"SG Holdings Co.,Ltd.",物流,物流・海運,90,92,91,主力テーマ,A,ok,industry=Integrated Freight & Logistics; adjacent=logistics; growth=develops; official=物流; count=7; pos=0.09,物流,7,0.0944,https://www.sg-hldgs.co.jp,EQUITY,Industrials,Integrated Freight & Logistics,https://www.sg-hldgs.co.jp
10,9143,"SG Holdings Co.,Ltd.",陸運,物流・海運,42,40,41,補助関連,C,needs_review,adjacent=delivery; growth=develops,,0,,https://www.sg-hldgs.co.jp,EQUITY,Industrials,Integrated Freight & Logistics,https://www.sg-hldgs.co.jp
10,9145,"Being Holdings Co., Ltd.",不動産関連,不動産・建設,42,40,41,補助関連,C,needs_review,adjacent=real estate; growth=development,,0,,https://being-group.jp | https://being-group.jp/corporate | https://being-group.jp/corporate/,EQUITY,Industrials,Integrated Freight & Logistics,https://being-group.jp
10,9145,"Being Holdings Co., Ltd.",保険,金融・金利,42,40,41,補助関連,C,needs_review,adjacent=insurance agency; growth=development,,0,,https://being-group.jp | https://being-group.jp/corporate | https://being-group.jp/corporate/,EQUITY,Industrials,Integrated Freight & Logistics,https://being-group.jp
10,9145,"Being Holdings Co., Ltd.",倉庫,物流・海運,42,40,41,補助関連,C,needs_review,adjacent=storage; growth=development,,0,,https://being-group.jp | https://being-group.jp/corporate | https://being-group.jp/corporate/,EQUITY,Industrials,Integrated Freight & Logistics,https://being-group.jp
10,9145,"Being Holdings Co., Ltd.",物流,物流・海運,97,99,98,主力テーマ,A,ok,industry=Integrated Freight & Logistics; direct=logistics business/logistics services; position=0.13; growth=development; official=物流; count=10; pos=0.00,物流,10,0.0005,https://being-group.jp | https://being-group.jp/corporate | https://being-group.jp/corporate/,EQUITY,Industrials,Integrated Freight & Logistics,https://being-group.jp
10,9147,"Nippon Express Holdings, Inc.",物流,物流・海運,94,96,95,主力テーマ,A,ok,industry=Integrated Freight & Logistics; direct=logistics services; position=0.07; growth=research; official=物流; count=13; pos=0.00,物流,13,0.0040,https://www.nipponexpress-holdings.com | https://www.nipponexpress-holdings.com/ja/about/profile/ | https://www.nipponexpress-holdings.com/ja/sustainability/paper-sourcing-policy/,EQUITY,Industrials,Integrated Freight & Logistics,https://www.nipponexpress-holdings.com
10,9147,"Nippon Express Holdings, Inc.",陸運,物流・海運,42,40,41,補助関連,C,needs_review,adjacent=transportation; growth=research,,0,,https://www.nipponexpress-holdings.com | https://www.nipponexpress-holdings.com/ja/about/profile/ | https://www.nipponexpress-holdings.com/ja/sustainability/paper-sourcing-policy/,EQUITY,Industrials,Integrated Freight & Logistics,https://www.nipponexpress-holdings.com
10,9158,CUC Inc.,ホームヘルスケア,医療・ヘルスケア,92,90,91,主力テーマ,A,official_site_supported,adjacent=home nursing; growth=launch/strategic; official=在宅医療; count=11; pos=0.14,在宅医療,11,0.1387,https://www.cuc-jpn.com | https://www.cuc-jpn.com/company/info/ | https://www.cuc-jpn.com/company/history/,EQUITY,Healthcare,Medical Care Facilities,https://www.cuc-jpn.com
10,9158,CUC Inc.,不動産関連,不動産・建設,42,42,42,補助関連,C,needs_review,adjacent=real estate; growth=launch/strategic; official=不動産; count=1; pos=0.92,不動産,1,0.9161,https://www.cuc-jpn.com | https://www.cuc-jpn.com/company/info/ | https://www.cuc-jpn.com/company/history/,EQUITY,Healthcare,Medical Care Facilities,https://www.cuc-jpn.com
10,9158,CUC Inc.,介護関連,医療・ヘルスケア,94,98,95,主力テーマ,A,qa_peripheral,industry=Medical Care Facilities; direct=nursing care; position=0.76; growth=launch/strategic; official=介護; count=22; pos=0.01,介護,22,0.0146,https://www.cuc-jpn.com | https://www.cuc-jpn.com/company/info/ | https://www.cuc-jpn.com/company/history/,EQUITY,Healthcare,Medical Care Facilities,https://www.cuc-jpn.com
10,9159,W TOKYO Inc.,サブスクリプション,デジタル・サービス,8,5,7,ノイズ候補,C,needs_review,事業概要に直接根拠を確認できず,,0,,https://w-tokyo.co.jp | https://w-tokyo.co.jp/about | https://w-tokyo.co.jp/service,EQUITY,Communication Services,Advertising Agencies,https://w-tokyo.co.jp
10,9160,"ON THE PAGE, Inc.",eコマース,内需・消費,92,90,91,主力テーマ,A,official_site_supported,事業概要に直接根拠を確認できず; official=EC; count=18; pos=0.02,EC,18,0.0174,https://onthepage.jp | https://onthepage.jp/about/ | https://onthepage.jp/produce/,EQUITY,Consumer Cyclical,Personal Services,https://onthepage.jp
10,9163,Nareru Group Inc.,デジタルトランスフォーメーション,デジタル・サービス,91,97,93,主力テーマ,A,ok,direct= dx /dx consulting; position=0.37; official=DX; count=2; pos=0.15,DX,2,0.1545,https://www.nareru-group.co.jp | https://nareru-group.co.jp/company | https://nareru-group.co.jp/company/summary,EQUITY,Industrials,Engineering & Construction,https://www.nareru-group.co.jp
10,9163,Nareru Group Inc.,建設,不動産・建設,90,82,88,主力テーマ,A,ok,industry=Engineering & Construction; adjacent=construction; official=建設; count=29; pos=0.10,建設,29,0.1023,https://www.nareru-group.co.jp | https://nareru-group.co.jp/company | https://nareru-group.co.jp/company/summary,EQUITY,Industrials,Engineering & Construction,https://www.nareru-group.co.jp
10,9165,"Qualtec Co.,Ltd.",全固体電池,自動車・モビリティ,8,5,7,ノイズ候補,C,needs_review,事業概要に直接根拠を確認できず,,0,,https://www.qualtec.co.jp | https://www.qualtec.co.jp/corporate/business.html | https://www.qualtec.co.jp/company/about/,EQUITY,Industrials,Specialty Business Services,https://www.qualtec.co.jp
10,9165,"Qualtec Co.,Ltd.",半導体部材・部品,AI・半導体,8,5,7,ノイズ候補,C,needs_review,事業概要に直接根拠を確認できず,,0,,https://www.qualtec.co.jp | https://www.qualtec.co.jp/corporate/business.html | https://www.qualtec.co.jp/company/about/,EQUITY,Industrials,Specialty Business Services,https://www.qualtec.co.jp
10,9165,"Qualtec Co.,Ltd.",電気自動車関連,自動車・モビリティ,8,5,7,ノイズ候補,C,needs_review,事業概要に直接根拠を確認できず,,0,,https://www.qualtec.co.jp | https://www.qualtec.co.jp/corporate/business.html | https://www.qualtec.co.jp/company/about/,EQUITY,Industrials,Specialty Business Services,https://www.qualtec.co.jp
10,9166,GENDA Inc.,ゲーム関連,デジタル・サービス,90,96,92,主力テーマ,A,official_site_supported,事業概要に直接根拠を確認できず; official=ゲーム; count=5; pos=0.16,ゲーム,5,0.1596,https://genda.jp | https://genda.jp/group/,EQUITY,Consumer Cyclical,Leisure,https://genda.jp
10,9168,"Rise Consulting Group, Inc.",デジタルトランスフォーメーション,デジタル・サービス,90,82,88,主力テーマ,A,official_site_supported,事業概要に直接根拠を確認できず; official=DX; count=4; pos=0.00,DX,4,0.0049,https://www.rise-cg.co.jp | https://www.rise-cg.co.jp/about/ | https://www.rise-cg.co.jp/about/profile/,EQUITY,Industrials,Consulting Services,https://www.rise-cg.co.jp
10,9168,"Rise Consulting Group, Inc.",フィンテック,金融・金利,8,5,7,ノイズ候補,C,needs_review,事業概要に直接根拠を確認できず,,0,,https://www.rise-cg.co.jp | https://www.rise-cg.co.jp/about/ | https://www.rise-cg.co.jp/about/profile/,EQUITY,Industrials,Consulting Services,https://www.rise-cg.co.jp
10,9170,,下水道,防衛・国土強靱化,8,5,7,ノイズ候補,C,needs_official_ir,事業概要に直接根拠を確認できず,,0,,,,,,
10,9170,,建設,不動産・建設,8,5,7,ノイズ候補,C,needs_official_ir,事業概要に直接根拠を確認できず,,0,,,,,,
10,9170,,水道関連,防衛・国土強靱化,8,5,7,ノイズ候補,C,needs_official_ir,事業概要に直接根拠を確認できず,,0,,,,,,
10,9171,"Kuribayashi Steamship Co., Ltd.",ホテル,内需・消費,92,84,90,主力テーマ,A,ok,direct=hotel business; position=0.19,,0,,https://www.kuribayashishosen.com,EQUITY,Industrials,Marine Shipping,https://www.kuribayashishosen.com
10,9171,"Kuribayashi Steamship Co., Ltd.",海運,物流・海運,97,89,95,主力テーマ,A,ok,industry=Marine Shipping; direct=shipping business/marine transportation; position=0.05,,0,,https://www.kuribayashishosen.com,EQUITY,Industrials,Marine Shipping,https://www.kuribayashishosen.com
10,9171,"Kuribayashi Steamship Co., Ltd.",陸運,物流・海運,46,34,42,補助関連,C,needs_review,adjacent=transportation/delivery,,0,,https://www.kuribayashishosen.com,EQUITY,Industrials,Marine Shipping,https://www.kuribayashishosen.com
10,9173,"Tokai Kisen Co., Ltd.",ホテル,内需・消費,86,78,84,主力テーマ,B,ok,direct=hotel business; position=0.27; official=ホテル; count=4; pos=0.29,ホテル,4,0.2899,https://www.tokaikisen.co.jp | https://www.tokaikisen.co.jp/news/701664/,EQUITY,Industrials,Marine Shipping,https://www.tokaikisen.co.jp
10,9173,"Tokai Kisen Co., Ltd.",旅行,内需・消費,72,68,71,有力関連,B,needs_review,事業概要に直接根拠を確認できず; official=旅行; count=5; pos=0.11,旅行,5,0.1058,https://www.tokaikisen.co.jp | https://www.tokaikisen.co.jp/news/701664/,EQUITY,Industrials,Marine Shipping,https://www.tokaikisen.co.jp
10,9173,"Tokai Kisen Co., Ltd.",海運,物流・海運,94,90,93,主力テーマ,A,ok,industry=Marine Shipping; direct=shipping business; position=0.11; official=海運; count=14; pos=0.13,海運,14,0.1292,https://www.tokaikisen.co.jp | https://www.tokaikisen.co.jp/news/701664/,EQUITY,Industrials,Marine Shipping,https://www.tokaikisen.co.jp
10,9193,"Tokyo Kisen Co.,Ltd.",旅行,内需・消費,8,5,7,ノイズ候補,C,needs_review,事業概要に直接根拠を確認できず,,0,,https://www.tokyokisen.co.jp,EQUITY,Industrials,Marine Shipping,https://www.tokyokisen.co.jp
10,9193,"Tokyo Kisen Co.,Ltd.",海運,物流・海運,90,82,88,主力テーマ,A,ok,industry=Marine Shipping; adjacent=shipping/vessel,,0,,https://www.tokyokisen.co.jp,EQUITY,Industrials,Marine Shipping,https://www.tokyokisen.co.jp
10,9193,"Tokyo Kisen Co.,Ltd.",防災,防衛・国土強靱化,86,78,84,主力テーマ,B,ok,direct=disaster prevention; position=0.35,,0,,https://www.tokyokisen.co.jp,EQUITY,Industrials,Marine Shipping,https://www.tokyokisen.co.jp
10,9201,"Japan Airlines Co., Ltd.",インバウンド,内需・消費,8,5,7,ノイズ候補,C,needs_review_macro,事業概要に直接根拠を確認できず,,0,,https://www.jal.com/en,EQUITY,Industrials,Airlines,https://www.jal.com/en
10,9201,"Japan Airlines Co., Ltd.",円高メリット,内需・消費,8,5,7,ノイズ候補,C,needs_review_macro,事業概要に直接根拠を確認できず,,0,,https://www.jal.com/en,EQUITY,Industrials,Airlines,https://www.jal.com/en
10,9201,"Japan Airlines Co., Ltd.",旅行,内需・消費,42,30,38,ノイズ候補,C,needs_review,adjacent=travel,,0,,https://www.jal.com/en,EQUITY,Industrials,Airlines,https://www.jal.com/en
10,9201,"Japan Airlines Co., Ltd.",空飛ぶクルマ,自動車・モビリティ,66,56,63,有力関連,B,qa_borderline,direct=air mobility; position=0.59,,0,,https://www.jal.com/en,EQUITY,Industrials,Airlines,https://www.jal.com/en
10,9201,"Japan Airlines Co., Ltd.",航空,物流・海運,94,86,92,主力テーマ,A,ok,industry=Airlines; direct=airline; position=0.01,,0,,https://www.jal.com/en,EQUITY,Industrials,Airlines,https://www.jal.com/en
10,9202,ANA Holdings Inc.,インバウンド,内需・消費,8,5,7,ノイズ候補,C,needs_review_macro,事業概要に直接根拠を確認できず,,0,,https://www.ana.co.jp,EQUITY,Industrials,Airlines,https://www.ana.co.jp
10,9202,ANA Holdings Inc.,ドローン,防衛・国土強靱化,8,5,7,ノイズ候補,C,needs_review,事業概要に直接根拠を確認できず,,0,,https://www.ana.co.jp,EQUITY,Industrials,Airlines,https://www.ana.co.jp
10,9202,ANA Holdings Inc.,円高メリット,内需・消費,8,5,7,ノイズ候補,C,needs_review_macro,事業概要に直接根拠を確認できず,,0,,https://www.ana.co.jp,EQUITY,Industrials,Airlines,https://www.ana.co.jp
10,9202,ANA Holdings Inc.,旅行,内需・消費,92,94,93,主力テーマ,A,ok,direct=travel services; position=0.18; growth=develops,,0,,https://www.ana.co.jp,EQUITY,Industrials,Airlines,https://www.ana.co.jp
10,9202,ANA Holdings Inc.,空飛ぶクルマ,自動車・モビリティ,8,5,7,ノイズ候補,C,needs_review,事業概要に直接根拠を確認できず,,0,,https://www.ana.co.jp,EQUITY,Industrials,Airlines,https://www.ana.co.jp
10,9202,ANA Holdings Inc.,航空,物流・海運,97,99,98,主力テーマ,A,ok,industry=Airlines; direct=airline/air transportation; position=0.06; growth=develops,,0,,https://www.ana.co.jp,EQUITY,Industrials,Airlines,https://www.ana.co.jp
10,9204,Skymark Airlines Inc.,旅行,内需・消費,8,5,7,ノイズ候補,C,needs_review,事業概要に直接根拠を確認できず,,0,,https://www.skymark.co.jp,EQUITY,Industrials,Airports & Air Services,https://www.skymark.co.jp
10,9204,Skymark Airlines Inc.,航空,物流・海運,97,89,95,主力テーマ,A,ok,industry=Airports & Air Services; direct=airline/air transportation; position=0.01,,0,,https://www.skymark.co.jp,EQUITY,Industrials,Airports & Air Services,https://www.skymark.co.jp
10,9206,Star Flyer Inc.,旅行,内需・消費,8,5,7,ノイズ候補,C,needs_review,事業概要に直接根拠を確認できず,,0,,https://www.starflyer.jp,EQUITY,Industrials,Airlines,https://www.starflyer.jp
10,9206,Star Flyer Inc.,航空,物流・海運,97,89,95,主力テーマ,A,ok,industry=Airlines; direct=airline/air transportation; position=0.03,,0,,https://www.starflyer.jp,EQUITY,Industrials,Airlines,https://www.starflyer.jp
