stock_code,segment_name,share_pct,basis,segment_sales,total_sales,source_url,year,evidence
7417,建設機械事業,39.80,external_customer_sales_table_v6,3561.0,8947.0,https://www.nanyo.co.jp/wp/wp-content/uploads/20260807_tanshin.pdf,2027,"92 579
四半期包括利益 581 1,249
（内訳）
親会社株主に係る四半期包括利益 581 1,249
非支配株主に係る四半期包括利益 ― ―
株式会社南陽(7417) 2027年３月期 第１四半期決算短信
― 7 ―
（３）四半期連結財務諸表に関する注記事項
（セグメント情報等の注記）
Ⅰ 前第１四半期連結累計期間(自 2025年４月１日 至 2025年６月30日)
１ 報告セグメントごとの売上高及び利益又は損失の金額に関する情報
(単位：百万円)
報告セグメント 調整額
(注)１
四半期連結
損益計算書
計上額
(注)２建設機械事業 産業機器事業 砕石事業 計
売上高
外部顧客への売上高 3,242 5,091 120 8,454 ― 8,454
セグメント間の内部
売上高又は振替高 5 5 ― 10 △10 ―
計 3,248 5,096 120 8,465 △10 8,454
セグメント利益 521 395 5 922 △208 713
(注) １ セグメント利益の調整額△208百万円は、各報告セグメントに配分していない全社費用であります。全社費
用は、主に報告セグメントに帰属しない一般管理費であります。
２ セグメント利益は、四半期連結損益計算書の営業利益と調整を行っております。
２ 報告セグメントごとの固定資産の減損損失又はのれん等に関する情報
該当事項はありません。
Ⅱ 当第１四半期連結累計期間(自 2026年４月１日 至 2026年６月30日)
１ 報告セグメントごとの売上高及び利益又は損失の金額に関する情報
(単位：百万円)
報告セグメント 調整額
(注)１
四半期連結
損益計算書
計上額
(注)２建設機械事業 産業機器事業 砕石事業 計
売上高
 外部顧客への売上高 3,561 5,258 127 8,947 ― 8,947
セグメント間の内部
売上高又は振替高 4 35 ― 40 △40 ―
計 3,566 5,293 127 8,987 △40 8,947
セグメント利益 627 329 13 970 △222 747
(注) １ セグメント利益の調整額△222百万円は、各報告セグメントに配分していない全社費用であります。全社費
用は、主に報告セグメントに帰属しない一般管理費であります。
２ セグメント利益は、四半期連結損益計算書の営業利益と調整を行っております。
２ 報告セグメントごとの固定資産の減損損失又はのれん等に関する情報
該当事項はありません。
（株主資本の金額に著しい変動があった場合の注記）
該当事項はありません。
（継続企業の前提に関する注記）
該当事項はありません。
株式会社南陽(7417) 2027年３月期 第１四半期決算短信
― 8 ―
（四半期連結キャッシュ・フロー計算書に関する注記）
当第１四半期連結累計期間に係る四半期連結キャッシュ・フロー計算書は作成しておりません。なお、第１四半
期連結累計期間に係る減価償却費(のれんを除く無形固定資産に係る償却費を含む。)及びのれんの償却額は、次の
とおりであります。
前第１四半期連結累計期間
(自 2025年４月１日
至 2025年６月30日)
当第１四半期連結累計期間
(自 2026年４月１日
至 2026年６月30日)
減価償却費 538百万円 549百万円
のれんの"
7417,産業機器事業,58.77,external_customer_sales_table_v6,5258.0,8947.0,https://www.nanyo.co.jp/wp/wp-content/uploads/20260807_tanshin.pdf,2027,"92 579
四半期包括利益 581 1,249
（内訳）
親会社株主に係る四半期包括利益 581 1,249
非支配株主に係る四半期包括利益 ― ―
株式会社南陽(7417) 2027年３月期 第１四半期決算短信
― 7 ―
（３）四半期連結財務諸表に関する注記事項
（セグメント情報等の注記）
Ⅰ 前第１四半期連結累計期間(自 2025年４月１日 至 2025年６月30日)
１ 報告セグメントごとの売上高及び利益又は損失の金額に関する情報
(単位：百万円)
報告セグメント 調整額
(注)１
四半期連結
損益計算書
計上額
(注)２建設機械事業 産業機器事業 砕石事業 計
売上高
外部顧客への売上高 3,242 5,091 120 8,454 ― 8,454
セグメント間の内部
売上高又は振替高 5 5 ― 10 △10 ―
計 3,248 5,096 120 8,465 △10 8,454
セグメント利益 521 395 5 922 △208 713
(注) １ セグメント利益の調整額△208百万円は、各報告セグメントに配分していない全社費用であります。全社費
用は、主に報告セグメントに帰属しない一般管理費であります。
２ セグメント利益は、四半期連結損益計算書の営業利益と調整を行っております。
２ 報告セグメントごとの固定資産の減損損失又はのれん等に関する情報
該当事項はありません。
Ⅱ 当第１四半期連結累計期間(自 2026年４月１日 至 2026年６月30日)
１ 報告セグメントごとの売上高及び利益又は損失の金額に関する情報
(単位：百万円)
報告セグメント 調整額
(注)１
四半期連結
損益計算書
計上額
(注)２建設機械事業 産業機器事業 砕石事業 計
売上高
 外部顧客への売上高 3,561 5,258 127 8,947 ― 8,947
セグメント間の内部
売上高又は振替高 4 35 ― 40 △40 ―
計 3,566 5,293 127 8,987 △40 8,947
セグメント利益 627 329 13 970 △222 747
(注) １ セグメント利益の調整額△222百万円は、各報告セグメントに配分していない全社費用であります。全社費
用は、主に報告セグメントに帰属しない一般管理費であります。
２ セグメント利益は、四半期連結損益計算書の営業利益と調整を行っております。
２ 報告セグメントごとの固定資産の減損損失又はのれん等に関する情報
該当事項はありません。
（株主資本の金額に著しい変動があった場合の注記）
該当事項はありません。
（継続企業の前提に関する注記）
該当事項はありません。
株式会社南陽(7417) 2027年３月期 第１四半期決算短信
― 8 ―
（四半期連結キャッシュ・フロー計算書に関する注記）
当第１四半期連結累計期間に係る四半期連結キャッシュ・フロー計算書は作成しておりません。なお、第１四半
期連結累計期間に係る減価償却費(のれんを除く無形固定資産に係る償却費を含む。)及びのれんの償却額は、次の
とおりであります。
前第１四半期連結累計期間
(自 2025年４月１日
至 2025年６月30日)
当第１四半期連結累計期間
(自 2026年４月１日
至 2026年６月30日)
減価償却費 538百万円 549百万円
のれんの"
7417,砕石事業,1.42,external_customer_sales_table_v6,127.0,8947.0,https://www.nanyo.co.jp/wp/wp-content/uploads/20260807_tanshin.pdf,2027,"92 579
四半期包括利益 581 1,249
（内訳）
親会社株主に係る四半期包括利益 581 1,249
非支配株主に係る四半期包括利益 ― ―
株式会社南陽(7417) 2027年３月期 第１四半期決算短信
― 7 ―
（３）四半期連結財務諸表に関する注記事項
（セグメント情報等の注記）
Ⅰ 前第１四半期連結累計期間(自 2025年４月１日 至 2025年６月30日)
１ 報告セグメントごとの売上高及び利益又は損失の金額に関する情報
(単位：百万円)
報告セグメント 調整額
(注)１
四半期連結
損益計算書
計上額
(注)２建設機械事業 産業機器事業 砕石事業 計
売上高
外部顧客への売上高 3,242 5,091 120 8,454 ― 8,454
セグメント間の内部
売上高又は振替高 5 5 ― 10 △10 ―
計 3,248 5,096 120 8,465 △10 8,454
セグメント利益 521 395 5 922 △208 713
(注) １ セグメント利益の調整額△208百万円は、各報告セグメントに配分していない全社費用であります。全社費
用は、主に報告セグメントに帰属しない一般管理費であります。
２ セグメント利益は、四半期連結損益計算書の営業利益と調整を行っております。
２ 報告セグメントごとの固定資産の減損損失又はのれん等に関する情報
該当事項はありません。
Ⅱ 当第１四半期連結累計期間(自 2026年４月１日 至 2026年６月30日)
１ 報告セグメントごとの売上高及び利益又は損失の金額に関する情報
(単位：百万円)
報告セグメント 調整額
(注)１
四半期連結
損益計算書
計上額
(注)２建設機械事業 産業機器事業 砕石事業 計
売上高
 外部顧客への売上高 3,561 5,258 127 8,947 ― 8,947
セグメント間の内部
売上高又は振替高 4 35 ― 40 △40 ―
計 3,566 5,293 127 8,987 △40 8,947
セグメント利益 627 329 13 970 △222 747
(注) １ セグメント利益の調整額△222百万円は、各報告セグメントに配分していない全社費用であります。全社費
用は、主に報告セグメントに帰属しない一般管理費であります。
２ セグメント利益は、四半期連結損益計算書の営業利益と調整を行っております。
２ 報告セグメントごとの固定資産の減損損失又はのれん等に関する情報
該当事項はありません。
（株主資本の金額に著しい変動があった場合の注記）
該当事項はありません。
（継続企業の前提に関する注記）
該当事項はありません。
株式会社南陽(7417) 2027年３月期 第１四半期決算短信
― 8 ―
（四半期連結キャッシュ・フロー計算書に関する注記）
当第１四半期連結累計期間に係る四半期連結キャッシュ・フロー計算書は作成しておりません。なお、第１四半
期連結累計期間に係る減価償却費(のれんを除く無形固定資産に係る償却費を含む。)及びのれんの償却額は、次の
とおりであります。
前第１四半期連結累計期間
(自 2025年４月１日
至 2025年６月30日)
当第１四半期連結累計期間
(自 2026年４月１日
至 2026年６月30日)
減価償却費 538百万円 549百万円
のれんの"
7421,デリカ事業,18.12,external_customer_sales_table_v6,3217.0,17751.0,https://www.kappa-create.co.jp/blog/wp-content/uploads/2026/08/rmbckpws-2.pdf,2027,"務諸表等の作成基準第4条第1項及び期中連結財務諸
表に係る我が国において一般に公正妥当と認められる企業会計の基準（ただし、四半期財務諸表等の作成基準第4
条第2項に定める記載の省略が適用されております。）に準拠して作成しております。
（四半期連結貸借対照表に関する注記）
（偶発債務）
（訴訟等）
 当社は、当社を被告として、株式会社はま寿司から、2023年12月27日付けで東京地方裁判所に、５億11百万
円の損害賠償の支払いを求める等の訴訟が提起されております。今後の推移によって当社の将来の連結業績に
影響を及ぼす可能性がありますが、現時点でその影響額を合理的に見積ることが困難であるため、四半期連結
財務諸表には反映をしておりません。
（単位：百万円）
回転寿司事業 デリカ事業 合 計
売上高
外部顧客への売上高 14,830 3,359 18,189
セグメント間の内部売上高又
は振替高 － 73 73
計 14,830 3,432 18,263
セグメント利益又は損失（△） 334 △28 306
（単位：百万円）
利益 金額
報告セグメント計 306
セグメント間取引消去 16
四半期連結損益計算書の営業利益 322
（セグメント情報等の注記）
Ⅰ 前第１四半期連結累計期間（自 2025年４月１日 至 2025年６月30日）
１．報告セグメントごとの売上高及び利益又は損失の金額に関する情報
２．報告セグメントの利益又は損失の金額の合計額と四半期連結損益計算書計上額との差額及び当該差額の主な内容
（差異調整に関する事項）
- 10 -
カッパ・クリエイト(株) （7421） 2027年３月期 第１四半期決算短信
（単位：百万円）
回転寿司事業 デリカ事業 合 計
売上高
 外部顧客への売上高 14,533 3,217 17,751
セグメント間の内部売上高又
は振替高 － 123 123
計 14,533 3,340 17,874
セグメント損失（△） △647 △76 △723
（単位：百万円）
利益 金額
報告セグメント計 △723
セグメント間取引消去 15
四半期連結損益計算書の営業損失（△） △707
Ⅱ 当第１四半期連結累計期間（自 2026年４月１日 至 2026年６月30日）
１．報告セグメントごとの売上高及び利益又は損失の金額に関する情報
２．報告セグメントの利益又は損失の金額の合計額と四半期連結損益計算書計上額との差額及び当該差額の主な内容
（差異調整に関する事項）
（株主資本の金額に著しい変動があった場合の注記）
該当事項はありません。
（継続企業の前提に関する注記）
該当事項はありません。
前第１四半期連結累計期間
（自 2025年４月１日
至 2025年６月30日）
当第１四半期連結累計期間
（自 2026年４月１日
至 2026年６月30日）
減価償却費 573百万円 570百万円
のれん償却額 2百万円 12百万円
（四半期連結キャッシュ・フロー計算書に関する注記）
 当第１四半期連結累計期間に係る四半期連結キャッシュ・フロー計算書は作成しておりません。なお、第１四
半期連結累計期間に係る減価償却費（無形固定資産に係る償却費を含む。）及びのれん償却額は、次のとおりで
あります。
- 11 -
カッパ・クリエイト(株) （7421） 20"
7421,回転寿司事業,81.87,external_customer_sales_table_v6,14533.0,17751.0,https://www.kappa-create.co.jp/blog/wp-content/uploads/2026/08/rmbckpws-2.pdf,2027,"務諸表等の作成基準第4条第1項及び期中連結財務諸
表に係る我が国において一般に公正妥当と認められる企業会計の基準（ただし、四半期財務諸表等の作成基準第4
条第2項に定める記載の省略が適用されております。）に準拠して作成しております。
（四半期連結貸借対照表に関する注記）
（偶発債務）
（訴訟等）
 当社は、当社を被告として、株式会社はま寿司から、2023年12月27日付けで東京地方裁判所に、５億11百万
円の損害賠償の支払いを求める等の訴訟が提起されております。今後の推移によって当社の将来の連結業績に
影響を及ぼす可能性がありますが、現時点でその影響額を合理的に見積ることが困難であるため、四半期連結
財務諸表には反映をしておりません。
（単位：百万円）
回転寿司事業 デリカ事業 合 計
売上高
外部顧客への売上高 14,830 3,359 18,189
セグメント間の内部売上高又
は振替高 － 73 73
計 14,830 3,432 18,263
セグメント利益又は損失（△） 334 △28 306
（単位：百万円）
利益 金額
報告セグメント計 306
セグメント間取引消去 16
四半期連結損益計算書の営業利益 322
（セグメント情報等の注記）
Ⅰ 前第１四半期連結累計期間（自 2025年４月１日 至 2025年６月30日）
１．報告セグメントごとの売上高及び利益又は損失の金額に関する情報
２．報告セグメントの利益又は損失の金額の合計額と四半期連結損益計算書計上額との差額及び当該差額の主な内容
（差異調整に関する事項）
- 10 -
カッパ・クリエイト(株) （7421） 2027年３月期 第１四半期決算短信
（単位：百万円）
回転寿司事業 デリカ事業 合 計
売上高
 外部顧客への売上高 14,533 3,217 17,751
セグメント間の内部売上高又
は振替高 － 123 123
計 14,533 3,340 17,874
セグメント損失（△） △647 △76 △723
（単位：百万円）
利益 金額
報告セグメント計 △723
セグメント間取引消去 15
四半期連結損益計算書の営業損失（△） △707
Ⅱ 当第１四半期連結累計期間（自 2026年４月１日 至 2026年６月30日）
１．報告セグメントごとの売上高及び利益又は損失の金額に関する情報
２．報告セグメントの利益又は損失の金額の合計額と四半期連結損益計算書計上額との差額及び当該差額の主な内容
（差異調整に関する事項）
（株主資本の金額に著しい変動があった場合の注記）
該当事項はありません。
（継続企業の前提に関する注記）
該当事項はありません。
前第１四半期連結累計期間
（自 2025年４月１日
至 2025年６月30日）
当第１四半期連結累計期間
（自 2026年４月１日
至 2026年６月30日）
減価償却費 573百万円 570百万円
のれん償却額 2百万円 12百万円
（四半期連結キャッシュ・フロー計算書に関する注記）
 当第１四半期連結累計期間に係る四半期連結キャッシュ・フロー計算書は作成しておりません。なお、第１四
半期連結累計期間に係る減価償却費（無形固定資産に係る償却費を含む。）及びのれん償却額は、次のとおりで
あります。
- 11 -
カッパ・クリエイト(株) （7421） 20"
7456,貴金属関連事業,85.18,external_customer_sales_table_v6,177718.0,208650.0,https://data.swcms.net/file/matsuda-sangyo/ja/news/auto_20260807513934/pdfFile.pdf,2027,"現金及び現金同等物に係る換算差額 △319 53
現金及び現金同等物の増減額（△は減少） △435 △476
現金及び現金同等物の期首残高 11,428 14,501
現金及び現金同等物の四半期末残高 10,993 14,025
松田産業株式会社(7456) 2027年３月期 第１四半期決算短信
-9-
（４）四半期連結財務諸表に関する注記事項
（継続企業の前提に関する注記）
該当事項はありません。
（株主資本の金額に著しい変動があった場合の注記）
該当事項はありません。
（セグメント情報等）
Ⅰ 前第１四半期連結累計期間(自 2025年４月１日 至 2025年６月30日)
報告セグメントごとの売上高及び利益又は損失の金額に関する情報
(単位：百万円)
報告セグメント 調整額
（注１）
四半期連結損益
計算書計上額
（注２）貴金属関連事業 食品関連事業 計
売上高
外部顧客への売上高 115,526 31,101 146,627 － 146,627
セグメント間の内部売上高
又は振替高 － 10 10 △10 －
計 115,526 31,112 146,638 △10 146,627
セグメント利益 2,782 961 3,743 － 3,743
(注) １ 調整額の内容は、セグメント間取引及び振替高の消去であります。
２ セグメント利益の合計額は、四半期連結損益計算書の営業利益と一致しております。
Ⅱ 当第１四半期連結累計期間(自 2026年４月１日 至 2026年６月30日)
報告セグメントごとの売上高及び利益又は損失の金額に関する情報
(単位：百万円)
報告セグメント 調整額
（注１）
四半期連結損益
計算書計上額
（注２）貴金属関連事業 食品関連事業 計
売上高
 外部顧客への売上高 177,718 30,931 208,650 － 208,650
セグメント間の内部売上高
又は振替高 － 10 10 △10 －
計 177,718 30,941 208,660 △10 208,650
セグメント利益 9,274 1,041 10,315 － 10,315
(注) １ 調整額の内容は、セグメント間取引及び振替高の消去であります。
２ セグメント利益の合計額は、四半期連結損益計算書の営業利益と一致しております。
（重要な後発事象）
該当事項はありません。"
7456,食品関連事業,14.82,external_customer_sales_table_v6,30931.0,208650.0,https://data.swcms.net/file/matsuda-sangyo/ja/news/auto_20260807513934/pdfFile.pdf,2027,"現金及び現金同等物に係る換算差額 △319 53
現金及び現金同等物の増減額（△は減少） △435 △476
現金及び現金同等物の期首残高 11,428 14,501
現金及び現金同等物の四半期末残高 10,993 14,025
松田産業株式会社(7456) 2027年３月期 第１四半期決算短信
-9-
（４）四半期連結財務諸表に関する注記事項
（継続企業の前提に関する注記）
該当事項はありません。
（株主資本の金額に著しい変動があった場合の注記）
該当事項はありません。
（セグメント情報等）
Ⅰ 前第１四半期連結累計期間(自 2025年４月１日 至 2025年６月30日)
報告セグメントごとの売上高及び利益又は損失の金額に関する情報
(単位：百万円)
報告セグメント 調整額
（注１）
四半期連結損益
計算書計上額
（注２）貴金属関連事業 食品関連事業 計
売上高
外部顧客への売上高 115,526 31,101 146,627 － 146,627
セグメント間の内部売上高
又は振替高 － 10 10 △10 －
計 115,526 31,112 146,638 △10 146,627
セグメント利益 2,782 961 3,743 － 3,743
(注) １ 調整額の内容は、セグメント間取引及び振替高の消去であります。
２ セグメント利益の合計額は、四半期連結損益計算書の営業利益と一致しております。
Ⅱ 当第１四半期連結累計期間(自 2026年４月１日 至 2026年６月30日)
報告セグメントごとの売上高及び利益又は損失の金額に関する情報
(単位：百万円)
報告セグメント 調整額
（注１）
四半期連結損益
計算書計上額
（注２）貴金属関連事業 食品関連事業 計
売上高
 外部顧客への売上高 177,718 30,931 208,650 － 208,650
セグメント間の内部売上高
又は振替高 － 10 10 △10 －
計 177,718 30,941 208,660 △10 208,650
セグメント利益 9,274 1,041 10,315 － 10,315
(注) １ 調整額の内容は、セグメント間取引及び振替高の消去であります。
２ セグメント利益の合計額は、四半期連結損益計算書の営業利益と一致しております。
（重要な後発事象）
該当事項はありません。"
7460,リテール事業,50.53,external_customer_sales_table_v6,43423.0,85934.0,https://www.yaginet.co.jp/ja/news/ir_news/auto_20260518540286/pdfFile.pdf,2026,"告セグメントごとの売上高、利益、資産、その他の項目の金額に関する情報及び収益の分解情報
前連結会計年度（自 2024年４月１日 至 2025年３月31日）
（注）１．調整額は、以下のとおりであります。
（１）セグメント利益の調整額△1,692百万円には、各報告セグメントに配分していない全社費用及びセ
グメント間取引消去等が含まれております。全社費用は、主に報告セグメントに帰属しない一般管
理費であります。
（２）セグメント資産の調整額18,589百万円には、各報告セグメントに配分していない全社資産及びセグ
メント間取引消去が含まれております。
（３）減価償却費の調整額332百万円は、主に本社管理部門に係る資産の減価償却費であります。
（４）持分法投資利益または損失の調整額50百万円は、報告セグメントに帰属しない持分法適用会社に係
るものであります。
（５）持分法適用会社への投資額の調整額496百万円は、報告セグメントに帰属しない持分法適用会社に
係るものであります。
（６）有形固定資産及び無形固定資産の増加額の調整額165百万円は、主に本社管理部門に係る資産の増
加額であります。
２．セグメント利益は、連結財務諸表の経常利益と調整を行っております。
- 15 -
㈱ヤギ(7460) 2026年３月期 決算短信
（単位：百万円）
報告セグメント
調整額
（注）１
連結財務
諸表計上額
（注）２マテリアル
事業
ライフスタイル
事業
アパレル
事業
ブランド・
リテール事業 不動産事業 計
売上高
顧客との契約から
生じる収益
23,676 4,886 43,423 13,319 － 85,305 － 83,305
その他の収益 － － － － 629 629 － 629
 外部顧客への売上高 23,676 4,886 43,423 13,319 629 85,934 － 85,934
セグメント間の内部
売上高または振替高
1,048 27 918 29 265 2,290 △2,290 －
計 24,725 4,913 44,341 13,348 895 88,225 △2,290 85,934
セグメント利益 589 443 3,508 2,006 313 6,861 △2,036 4,824
セグメント資産 15,050 7,590 27,651 6,329 2,937 59,558 23,069 82,628
その他の項目
減価償却費 40 88 0 179 65 373 283 657
のれん償却額 － 1 － － － 1 － 1
持分法投資利益
または損失（△）
－ － 175 △62 － 112 △46 65
持分法適用会社への
投資額
－ － 783 50 － 834 － 834
有形固定資産及び
無形固定資産の増加額
18 239 6 424 30 719 948 1,668
当連結会計年度（自 2025年４月１日 至 2026年３月31日）
（注）１．調整額は、以下のとおりであります。
（１）セグメント利益の調整額△2,036百万円には、各報告セグメントに配分していない全社費用及びセ
グメント間取引消去等が含まれております。全社費用は、主に報告セグメントに帰属しない一般管
理費であります。
（２）セグメント資産の調整額23,069百万円には"
7460,不動産事業,15.50,external_customer_sales_table_v6,13319.0,85934.0,https://www.yaginet.co.jp/ja/news/ir_news/auto_20260518540286/pdfFile.pdf,2026,"告セグメントごとの売上高、利益、資産、その他の項目の金額に関する情報及び収益の分解情報
前連結会計年度（自 2024年４月１日 至 2025年３月31日）
（注）１．調整額は、以下のとおりであります。
（１）セグメント利益の調整額△1,692百万円には、各報告セグメントに配分していない全社費用及びセ
グメント間取引消去等が含まれております。全社費用は、主に報告セグメントに帰属しない一般管
理費であります。
（２）セグメント資産の調整額18,589百万円には、各報告セグメントに配分していない全社資産及びセグ
メント間取引消去が含まれております。
（３）減価償却費の調整額332百万円は、主に本社管理部門に係る資産の減価償却費であります。
（４）持分法投資利益または損失の調整額50百万円は、報告セグメントに帰属しない持分法適用会社に係
るものであります。
（５）持分法適用会社への投資額の調整額496百万円は、報告セグメントに帰属しない持分法適用会社に
係るものであります。
（６）有形固定資産及び無形固定資産の増加額の調整額165百万円は、主に本社管理部門に係る資産の増
加額であります。
２．セグメント利益は、連結財務諸表の経常利益と調整を行っております。
- 15 -
㈱ヤギ(7460) 2026年３月期 決算短信
（単位：百万円）
報告セグメント
調整額
（注）１
連結財務
諸表計上額
（注）２マテリアル
事業
ライフスタイル
事業
アパレル
事業
ブランド・
リテール事業 不動産事業 計
売上高
顧客との契約から
生じる収益
23,676 4,886 43,423 13,319 － 85,305 － 83,305
その他の収益 － － － － 629 629 － 629
 外部顧客への売上高 23,676 4,886 43,423 13,319 629 85,934 － 85,934
セグメント間の内部
売上高または振替高
1,048 27 918 29 265 2,290 △2,290 －
計 24,725 4,913 44,341 13,348 895 88,225 △2,290 85,934
セグメント利益 589 443 3,508 2,006 313 6,861 △2,036 4,824
セグメント資産 15,050 7,590 27,651 6,329 2,937 59,558 23,069 82,628
その他の項目
減価償却費 40 88 0 179 65 373 283 657
のれん償却額 － 1 － － － 1 － 1
持分法投資利益
または損失（△）
－ － 175 △62 － 112 △46 65
持分法適用会社への
投資額
－ － 783 50 － 834 － 834
有形固定資産及び
無形固定資産の増加額
18 239 6 424 30 719 948 1,668
当連結会計年度（自 2025年４月１日 至 2026年３月31日）
（注）１．調整額は、以下のとおりであります。
（１）セグメント利益の調整額△2,036百万円には、各報告セグメントに配分していない全社費用及びセ
グメント間取引消去等が含まれております。全社費用は、主に報告セグメントに帰属しない一般管
理費であります。
（２）セグメント資産の調整額23,069百万円には"
7460,主に本社管理部門,27.55,external_customer_sales_table_v6,23676.0,85934.0,https://www.yaginet.co.jp/ja/news/ir_news/auto_20260518540286/pdfFile.pdf,2026,"告セグメントごとの売上高、利益、資産、その他の項目の金額に関する情報及び収益の分解情報
前連結会計年度（自 2024年４月１日 至 2025年３月31日）
（注）１．調整額は、以下のとおりであります。
（１）セグメント利益の調整額△1,692百万円には、各報告セグメントに配分していない全社費用及びセ
グメント間取引消去等が含まれております。全社費用は、主に報告セグメントに帰属しない一般管
理費であります。
（２）セグメント資産の調整額18,589百万円には、各報告セグメントに配分していない全社資産及びセグ
メント間取引消去が含まれております。
（３）減価償却費の調整額332百万円は、主に本社管理部門に係る資産の減価償却費であります。
（４）持分法投資利益または損失の調整額50百万円は、報告セグメントに帰属しない持分法適用会社に係
るものであります。
（５）持分法適用会社への投資額の調整額496百万円は、報告セグメントに帰属しない持分法適用会社に
係るものであります。
（６）有形固定資産及び無形固定資産の増加額の調整額165百万円は、主に本社管理部門に係る資産の増
加額であります。
２．セグメント利益は、連結財務諸表の経常利益と調整を行っております。
- 15 -
㈱ヤギ(7460) 2026年３月期 決算短信
（単位：百万円）
報告セグメント
調整額
（注）１
連結財務
諸表計上額
（注）２マテリアル
事業
ライフスタイル
事業
アパレル
事業
ブランド・
リテール事業 不動産事業 計
売上高
顧客との契約から
生じる収益
23,676 4,886 43,423 13,319 － 85,305 － 83,305
その他の収益 － － － － 629 629 － 629
 外部顧客への売上高 23,676 4,886 43,423 13,319 629 85,934 － 85,934
セグメント間の内部
売上高または振替高
1,048 27 918 29 265 2,290 △2,290 －
計 24,725 4,913 44,341 13,348 895 88,225 △2,290 85,934
セグメント利益 589 443 3,508 2,006 313 6,861 △2,036 4,824
セグメント資産 15,050 7,590 27,651 6,329 2,937 59,558 23,069 82,628
その他の項目
減価償却費 40 88 0 179 65 373 283 657
のれん償却額 － 1 － － － 1 － 1
持分法投資利益
または損失（△）
－ － 175 △62 － 112 △46 65
持分法適用会社への
投資額
－ － 783 50 － 834 － 834
有形固定資産及び
無形固定資産の増加額
18 239 6 424 30 719 948 1,668
当連結会計年度（自 2025年４月１日 至 2026年３月31日）
（注）１．調整額は、以下のとおりであります。
（１）セグメント利益の調整額△2,036百万円には、各報告セグメントに配分していない全社費用及びセ
グメント間取引消去等が含まれております。全社費用は、主に報告セグメントに帰属しない一般管
理費であります。
（２）セグメント資産の調整額23,069百万円には"
7460,事業,5.69,external_customer_sales_table_v6,4886.0,85934.0,https://www.yaginet.co.jp/ja/news/ir_news/auto_20260518540286/pdfFile.pdf,2026,"告セグメントごとの売上高、利益、資産、その他の項目の金額に関する情報及び収益の分解情報
前連結会計年度（自 2024年４月１日 至 2025年３月31日）
（注）１．調整額は、以下のとおりであります。
（１）セグメント利益の調整額△1,692百万円には、各報告セグメントに配分していない全社費用及びセ
グメント間取引消去等が含まれております。全社費用は、主に報告セグメントに帰属しない一般管
理費であります。
（２）セグメント資産の調整額18,589百万円には、各報告セグメントに配分していない全社資産及びセグ
メント間取引消去が含まれております。
（３）減価償却費の調整額332百万円は、主に本社管理部門に係る資産の減価償却費であります。
（４）持分法投資利益または損失の調整額50百万円は、報告セグメントに帰属しない持分法適用会社に係
るものであります。
（５）持分法適用会社への投資額の調整額496百万円は、報告セグメントに帰属しない持分法適用会社に
係るものであります。
（６）有形固定資産及び無形固定資産の増加額の調整額165百万円は、主に本社管理部門に係る資産の増
加額であります。
２．セグメント利益は、連結財務諸表の経常利益と調整を行っております。
- 15 -
㈱ヤギ(7460) 2026年３月期 決算短信
（単位：百万円）
報告セグメント
調整額
（注）１
連結財務
諸表計上額
（注）２マテリアル
事業
ライフスタイル
事業
アパレル
事業
ブランド・
リテール事業 不動産事業 計
売上高
顧客との契約から
生じる収益
23,676 4,886 43,423 13,319 － 85,305 － 83,305
その他の収益 － － － － 629 629 － 629
 外部顧客への売上高 23,676 4,886 43,423 13,319 629 85,934 － 85,934
セグメント間の内部
売上高または振替高
1,048 27 918 29 265 2,290 △2,290 －
計 24,725 4,913 44,341 13,348 895 88,225 △2,290 85,934
セグメント利益 589 443 3,508 2,006 313 6,861 △2,036 4,824
セグメント資産 15,050 7,590 27,651 6,329 2,937 59,558 23,069 82,628
その他の項目
減価償却費 40 88 0 179 65 373 283 657
のれん償却額 － 1 － － － 1 － 1
持分法投資利益
または損失（△）
－ － 175 △62 － 112 △46 65
持分法適用会社への
投資額
－ － 783 50 － 834 － 834
有形固定資産及び
無形固定資産の増加額
18 239 6 424 30 719 948 1,668
当連結会計年度（自 2025年４月１日 至 2026年３月31日）
（注）１．調整額は、以下のとおりであります。
（１）セグメント利益の調整額△2,036百万円には、各報告セグメントに配分していない全社費用及びセ
グメント間取引消去等が含まれております。全社費用は、主に報告セグメントに帰属しない一般管
理費であります。
（２）セグメント資産の調整額23,069百万円には"
7486,不動産事業,0.24,external_customer_sales_table_v6,15.0,6180.0,https://www.sanrinkk.co.jp/ir/files/a9a65d807ff0c9dde08afce6355478bb7620ff47.pdf,2027,"前第１四半期連結累計期間
(自 2025年４月１日
 至 2025年６月30日)
 当第１四半期連結累計期間
(自 2026年４月１日
 至 2026年６月30日)
四半期純利益 77 588
その他の包括利益
その他有価証券評価差額金 △35 △341
退職給付に係る調整額 △6 △3
持分法適用会社に対する持分相当額 9 △20
その他の包括利益合計 △33 △365
四半期包括利益 43 223
（内訳）
親会社株主に係る四半期包括利益 36 213
非支配株主に係る四半期包括利益 7 9
（四半期連結包括利益計算書）
- 7 -
サンリン㈱（7486） 2027年３月期 第１四半期決算短信
（３）四半期連結財務諸表に関する注記事項
（継続企業の前提に関する注記）
 該当事項はありません。
（株主資本の金額に著しい変動があった場合の注記）
 該当事項はありません。
前第１四半期連結累計期間
（自 2025年４月１日
至 2025年６月30日）
当第１四半期連結累計期間
（自 2026年４月１日
至 2026年６月30日）
減価償却費 175百万円 207百万円
のれんの償却額 9 44
（四半期連結キャッシュ・フロー計算書に関する注記）
 当第１四半期連結累計期間に係る四半期連結キャッシュ・フロー計算書は作成しておりません。なお、第１四半
期連結累計期間に係る減価償却費（のれんを除く無形固定資産に係る償却費を含む。）及びのれんの償却額は、次
のとおりであります。
- 8 -
サンリン㈱（7486） 2027年３月期 第１四半期決算短信
（単位：百万円）
報告セグメント
その他（注) 合計エネルギー
関連事業 製氷事業 青果事業 不動産事業 計
売上高
 外部顧客への売上高 5,379 103 554 15 6,052 127 6,180
セグメント間の内
部売上高又は振替
高
52 － － － 52 270 323
計 5,432 103 554 15 6,105 398 6,503
セグメント利益又は
損失（△） △135 6 △29 △3 △162 13 △149
 利益 金額
報告セグメント計 △162
「その他」の区分の利益 13
セグメント間取引消去 25
棚卸資産の調整額 0
四半期連結損益計算書の営業損失（△） △124
（セグメント情報等の注記）
【セグメント情報】
Ⅰ 前第１四半期連結累計期間（自 2025年４月１日 至 2025年６月30日）
１．報告セグメントごとの売上高及び利益又は損失の金額に関する情報
（注）「その他」の区分は、報告セグメントに含まれない事業セグメントであり、運送事業、建設事業等
を含んでおります。
２．報告セグメントの利益又は損失の金額の合計額と四半期連結損益計算書計上額との差額及び当該差額の
主な内容（差異調整に関する事項）
 （単位：百万円）
３．報告セグメントごとの固定資産の減損損失又はのれん等に関する情報
（固定資産に係る重要な減損損失）
 該当事項はありません。
（のれんの金額の重要な変動）
 該当事項はありません。
- 9 -
サンリン㈱（7486） 2027年３月期 第１四半期決算短信
（単位：百万円）
報告セグ"
7486,製氷事業,1.67,external_customer_sales_table_v6,103.0,6180.0,https://www.sanrinkk.co.jp/ir/files/a9a65d807ff0c9dde08afce6355478bb7620ff47.pdf,2027,"前第１四半期連結累計期間
(自 2025年４月１日
 至 2025年６月30日)
 当第１四半期連結累計期間
(自 2026年４月１日
 至 2026年６月30日)
四半期純利益 77 588
その他の包括利益
その他有価証券評価差額金 △35 △341
退職給付に係る調整額 △6 △3
持分法適用会社に対する持分相当額 9 △20
その他の包括利益合計 △33 △365
四半期包括利益 43 223
（内訳）
親会社株主に係る四半期包括利益 36 213
非支配株主に係る四半期包括利益 7 9
（四半期連結包括利益計算書）
- 7 -
サンリン㈱（7486） 2027年３月期 第１四半期決算短信
（３）四半期連結財務諸表に関する注記事項
（継続企業の前提に関する注記）
 該当事項はありません。
（株主資本の金額に著しい変動があった場合の注記）
 該当事項はありません。
前第１四半期連結累計期間
（自 2025年４月１日
至 2025年６月30日）
当第１四半期連結累計期間
（自 2026年４月１日
至 2026年６月30日）
減価償却費 175百万円 207百万円
のれんの償却額 9 44
（四半期連結キャッシュ・フロー計算書に関する注記）
 当第１四半期連結累計期間に係る四半期連結キャッシュ・フロー計算書は作成しておりません。なお、第１四半
期連結累計期間に係る減価償却費（のれんを除く無形固定資産に係る償却費を含む。）及びのれんの償却額は、次
のとおりであります。
- 8 -
サンリン㈱（7486） 2027年３月期 第１四半期決算短信
（単位：百万円）
報告セグメント
その他（注) 合計エネルギー
関連事業 製氷事業 青果事業 不動産事業 計
売上高
 外部顧客への売上高 5,379 103 554 15 6,052 127 6,180
セグメント間の内
部売上高又は振替
高
52 － － － 52 270 323
計 5,432 103 554 15 6,105 398 6,503
セグメント利益又は
損失（△） △135 6 △29 △3 △162 13 △149
 利益 金額
報告セグメント計 △162
「その他」の区分の利益 13
セグメント間取引消去 25
棚卸資産の調整額 0
四半期連結損益計算書の営業損失（△） △124
（セグメント情報等の注記）
【セグメント情報】
Ⅰ 前第１四半期連結累計期間（自 2025年４月１日 至 2025年６月30日）
１．報告セグメントごとの売上高及び利益又は損失の金額に関する情報
（注）「その他」の区分は、報告セグメントに含まれない事業セグメントであり、運送事業、建設事業等
を含んでおります。
２．報告セグメントの利益又は損失の金額の合計額と四半期連結損益計算書計上額との差額及び当該差額の
主な内容（差異調整に関する事項）
 （単位：百万円）
３．報告セグメントごとの固定資産の減損損失又はのれん等に関する情報
（固定資産に係る重要な減損損失）
 該当事項はありません。
（のれんの金額の重要な変動）
 該当事項はありません。
- 9 -
サンリン㈱（7486） 2027年３月期 第１四半期決算短信
（単位：百万円）
報告セグ"
7486,関連事業,87.04,external_customer_sales_table_v6,5379.0,6180.0,https://www.sanrinkk.co.jp/ir/files/a9a65d807ff0c9dde08afce6355478bb7620ff47.pdf,2027,"前第１四半期連結累計期間
(自 2025年４月１日
 至 2025年６月30日)
 当第１四半期連結累計期間
(自 2026年４月１日
 至 2026年６月30日)
四半期純利益 77 588
その他の包括利益
その他有価証券評価差額金 △35 △341
退職給付に係る調整額 △6 △3
持分法適用会社に対する持分相当額 9 △20
その他の包括利益合計 △33 △365
四半期包括利益 43 223
（内訳）
親会社株主に係る四半期包括利益 36 213
非支配株主に係る四半期包括利益 7 9
（四半期連結包括利益計算書）
- 7 -
サンリン㈱（7486） 2027年３月期 第１四半期決算短信
（３）四半期連結財務諸表に関する注記事項
（継続企業の前提に関する注記）
 該当事項はありません。
（株主資本の金額に著しい変動があった場合の注記）
 該当事項はありません。
前第１四半期連結累計期間
（自 2025年４月１日
至 2025年６月30日）
当第１四半期連結累計期間
（自 2026年４月１日
至 2026年６月30日）
減価償却費 175百万円 207百万円
のれんの償却額 9 44
（四半期連結キャッシュ・フロー計算書に関する注記）
 当第１四半期連結累計期間に係る四半期連結キャッシュ・フロー計算書は作成しておりません。なお、第１四半
期連結累計期間に係る減価償却費（のれんを除く無形固定資産に係る償却費を含む。）及びのれんの償却額は、次
のとおりであります。
- 8 -
サンリン㈱（7486） 2027年３月期 第１四半期決算短信
（単位：百万円）
報告セグメント
その他（注) 合計エネルギー
関連事業 製氷事業 青果事業 不動産事業 計
売上高
 外部顧客への売上高 5,379 103 554 15 6,052 127 6,180
セグメント間の内
部売上高又は振替
高
52 － － － 52 270 323
計 5,432 103 554 15 6,105 398 6,503
セグメント利益又は
損失（△） △135 6 △29 △3 △162 13 △149
 利益 金額
報告セグメント計 △162
「その他」の区分の利益 13
セグメント間取引消去 25
棚卸資産の調整額 0
四半期連結損益計算書の営業損失（△） △124
（セグメント情報等の注記）
【セグメント情報】
Ⅰ 前第１四半期連結累計期間（自 2025年４月１日 至 2025年６月30日）
１．報告セグメントごとの売上高及び利益又は損失の金額に関する情報
（注）「その他」の区分は、報告セグメントに含まれない事業セグメントであり、運送事業、建設事業等
を含んでおります。
２．報告セグメントの利益又は損失の金額の合計額と四半期連結損益計算書計上額との差額及び当該差額の
主な内容（差異調整に関する事項）
 （単位：百万円）
３．報告セグメントごとの固定資産の減損損失又はのれん等に関する情報
（固定資産に係る重要な減損損失）
 該当事項はありません。
（のれんの金額の重要な変動）
 該当事項はありません。
- 9 -
サンリン㈱（7486） 2027年３月期 第１四半期決算短信
（単位：百万円）
報告セグ"
7486,青果事業,8.96,external_customer_sales_table_v6,554.0,6180.0,https://www.sanrinkk.co.jp/ir/files/a9a65d807ff0c9dde08afce6355478bb7620ff47.pdf,2027,"前第１四半期連結累計期間
(自 2025年４月１日
 至 2025年６月30日)
 当第１四半期連結累計期間
(自 2026年４月１日
 至 2026年６月30日)
四半期純利益 77 588
その他の包括利益
その他有価証券評価差額金 △35 △341
退職給付に係る調整額 △6 △3
持分法適用会社に対する持分相当額 9 △20
その他の包括利益合計 △33 △365
四半期包括利益 43 223
（内訳）
親会社株主に係る四半期包括利益 36 213
非支配株主に係る四半期包括利益 7 9
（四半期連結包括利益計算書）
- 7 -
サンリン㈱（7486） 2027年３月期 第１四半期決算短信
（３）四半期連結財務諸表に関する注記事項
（継続企業の前提に関する注記）
 該当事項はありません。
（株主資本の金額に著しい変動があった場合の注記）
 該当事項はありません。
前第１四半期連結累計期間
（自 2025年４月１日
至 2025年６月30日）
当第１四半期連結累計期間
（自 2026年４月１日
至 2026年６月30日）
減価償却費 175百万円 207百万円
のれんの償却額 9 44
（四半期連結キャッシュ・フロー計算書に関する注記）
 当第１四半期連結累計期間に係る四半期連結キャッシュ・フロー計算書は作成しておりません。なお、第１四半
期連結累計期間に係る減価償却費（のれんを除く無形固定資産に係る償却費を含む。）及びのれんの償却額は、次
のとおりであります。
- 8 -
サンリン㈱（7486） 2027年３月期 第１四半期決算短信
（単位：百万円）
報告セグメント
その他（注) 合計エネルギー
関連事業 製氷事業 青果事業 不動産事業 計
売上高
 外部顧客への売上高 5,379 103 554 15 6,052 127 6,180
セグメント間の内
部売上高又は振替
高
52 － － － 52 270 323
計 5,432 103 554 15 6,105 398 6,503
セグメント利益又は
損失（△） △135 6 △29 △3 △162 13 △149
 利益 金額
報告セグメント計 △162
「その他」の区分の利益 13
セグメント間取引消去 25
棚卸資産の調整額 0
四半期連結損益計算書の営業損失（△） △124
（セグメント情報等の注記）
【セグメント情報】
Ⅰ 前第１四半期連結累計期間（自 2025年４月１日 至 2025年６月30日）
１．報告セグメントごとの売上高及び利益又は損失の金額に関する情報
（注）「その他」の区分は、報告セグメントに含まれない事業セグメントであり、運送事業、建設事業等
を含んでおります。
２．報告セグメントの利益又は損失の金額の合計額と四半期連結損益計算書計上額との差額及び当該差額の
主な内容（差異調整に関する事項）
 （単位：百万円）
３．報告セグメントごとの固定資産の減損損失又はのれん等に関する情報
（固定資産に係る重要な減損損失）
 該当事項はありません。
（のれんの金額の重要な変動）
 該当事項はありません。
- 9 -
サンリン㈱（7486） 2027年３月期 第１四半期決算短信
（単位：百万円）
報告セグ"
7494,サービス,3.57,external_customer_sales_table_v6,1617.0,45308.0,https://www.konaka.co.jp/ir/assets/2026/08/20260814_1.pdf,2026,"行と当座借越契約及び貸出コミットメント契約を締結しております。これらの契約に基づく借入未実行残高
は次のとおりであります。
（四半期連結損益計算書に関する注記）
※１ 売上高の季節的変動
前第３四半期連結累計期間（自 2024年10月１日 至 2025年６月30日）及び当第３四半期連結累計期間
（自 2025年10月１日 至 2026年６月30日）
 当社グループは事業の性質上、売上高に季節的変動があり、第１四半期から第３四半期に比し第４四半
期の売上高の割合が低くなります。
- 8 -
㈱コナカ（7494）
2026年9月期 第3四半期決算短信
前第３四半期連結累計期間
（自 2024年10月１日
至 2025年６月30日）
当第３四半期連結累計期間
（自 2025年10月１日
至 2026年６月30日）
減価償却費 406百万円 392百万円
（四半期連結キャッシュ・フロー計算書に関する注記）
当第３四半期連結累計期間に係る四半期連結キャッシュ・フロー計算書は作成しておりません。なお、第３四半
期連結累計期間に係る減価償却費（のれんを除く無形固定資産に係る償却費を含む。）は、次のとおりでありま
す。
（単位：百万円）
報告セグメント 四半期連結
損益計算書
計上額
（注）１ファッション フード
サービス 教育
売上高（注）２
重 衣 料 18,968 － － 18,968
中 衣 料 4,018 － － 4,018
軽 衣 料 7,760 － － 7,760
服飾雑貨 11,586 － － 11,586
そ の 他 605 1,617 753 2,975
顧客との契約から生じる収益 42,937 1,617 753 45,308
その他の収益 － － － －
 外部顧客への売上高 42,937 1,617 753 45,308
セグメント間の内部売上高
又は振替高 － － － －
計 42,937 1,617 753 45,308
セグメント利益 1,228 48 31 1,308
（セグメント情報等の注記）
【セグメント情報】
Ⅰ 前第３四半期連結累計期間（自 2024年10月１日 至 2025年６月30日）
１．報告セグメントごとの売上高及び利益又は損失の金額に関する事項並びに収益の分解情報
（注）１．セグメント利益は、四半期連結損益計算書の営業利益と一致しております。
２．重 衣 料・・・スーツ・フォーマル・イージーオーダー・コート
中 衣 料・・・ジャケット・ボトムス・アウター
軽 衣 料・・・カジュアル・ワイシャツ・ネクタイ・アンダーウェア
服飾雑貨・・・シューズ・バッグ・ジュエリー・アクセサリー
そ の 他・・・サービスの提供等
２．報告セグメントごとの固定資産の減損損失又はのれん等に関する情報
（固定資産に係る重要な減損損失）
 重要な減損損失はありません。
（のれんの金額の重要な変動）
 該当事項はありません。
- 9 -
㈱コナカ（7494）
2026年9月期 第3四半期決算短信
（単位：百万円）
報告セグメント 四半期連結
損益計算書
計上額
（注）１ファッション フード
サービス 教育
売上高（注）２
重 衣 料 18,356 － － 18,356
中 衣 料 3,764 － － 3,764
軽 衣 料 7,647 － － 7,"
7494,当社グループは事業,94.77,external_customer_sales_table_v6,42937.0,45308.0,https://www.konaka.co.jp/ir/assets/2026/08/20260814_1.pdf,2026,"行と当座借越契約及び貸出コミットメント契約を締結しております。これらの契約に基づく借入未実行残高
は次のとおりであります。
（四半期連結損益計算書に関する注記）
※１ 売上高の季節的変動
前第３四半期連結累計期間（自 2024年10月１日 至 2025年６月30日）及び当第３四半期連結累計期間
（自 2025年10月１日 至 2026年６月30日）
 当社グループは事業の性質上、売上高に季節的変動があり、第１四半期から第３四半期に比し第４四半
期の売上高の割合が低くなります。
- 8 -
㈱コナカ（7494）
2026年9月期 第3四半期決算短信
前第３四半期連結累計期間
（自 2024年10月１日
至 2025年６月30日）
当第３四半期連結累計期間
（自 2025年10月１日
至 2026年６月30日）
減価償却費 406百万円 392百万円
（四半期連結キャッシュ・フロー計算書に関する注記）
当第３四半期連結累計期間に係る四半期連結キャッシュ・フロー計算書は作成しておりません。なお、第３四半
期連結累計期間に係る減価償却費（のれんを除く無形固定資産に係る償却費を含む。）は、次のとおりでありま
す。
（単位：百万円）
報告セグメント 四半期連結
損益計算書
計上額
（注）１ファッション フード
サービス 教育
売上高（注）２
重 衣 料 18,968 － － 18,968
中 衣 料 4,018 － － 4,018
軽 衣 料 7,760 － － 7,760
服飾雑貨 11,586 － － 11,586
そ の 他 605 1,617 753 2,975
顧客との契約から生じる収益 42,937 1,617 753 45,308
その他の収益 － － － －
 外部顧客への売上高 42,937 1,617 753 45,308
セグメント間の内部売上高
又は振替高 － － － －
計 42,937 1,617 753 45,308
セグメント利益 1,228 48 31 1,308
（セグメント情報等の注記）
【セグメント情報】
Ⅰ 前第３四半期連結累計期間（自 2024年10月１日 至 2025年６月30日）
１．報告セグメントごとの売上高及び利益又は損失の金額に関する事項並びに収益の分解情報
（注）１．セグメント利益は、四半期連結損益計算書の営業利益と一致しております。
２．重 衣 料・・・スーツ・フォーマル・イージーオーダー・コート
中 衣 料・・・ジャケット・ボトムス・アウター
軽 衣 料・・・カジュアル・ワイシャツ・ネクタイ・アンダーウェア
服飾雑貨・・・シューズ・バッグ・ジュエリー・アクセサリー
そ の 他・・・サービスの提供等
２．報告セグメントごとの固定資産の減損損失又はのれん等に関する情報
（固定資産に係る重要な減損損失）
 重要な減損損失はありません。
（のれんの金額の重要な変動）
 該当事項はありません。
- 9 -
㈱コナカ（7494）
2026年9月期 第3四半期決算短信
（単位：百万円）
報告セグメント 四半期連結
損益計算書
計上額
（注）１ファッション フード
サービス 教育
売上高（注）２
重 衣 料 18,356 － － 18,356
中 衣 料 3,764 － － 3,764
軽 衣 料 7,647 － － 7,"
7500,当事業,0.13,external_customer_sales_table_v6,10.0,7500.0,https://www.nskw.co.jp/uploads/2026/08/kt2026.pdf,2026,"その他 合計
外部顧客への売上高 21,006,106 4,504,087 9,347,837 3,861,239 38,719,270
(注) 外部顧客への売上高の内訳は、一時点で認識する売上高が32,262,236千円、一定期間にわたり認識する売上高
が6,241,573千円、その他の売上高が215,461千円となります。
２ 地域ごとの情報
(1) 売上高
本邦の外部顧客への売上高が損益計算書の売上高の90%を超えるため、記載を省略しております。
(2) 有形固定資産
本邦以外に所在している有形固定資産がないため、該当事項はありません。
３ 主要な顧客ごとの情報
外部顧客への売上高のうち、損益計算書の売上高の10%以上を占める相手先がないため、記載はありません。
当事業年度(自 2025年７月１日 至 2026年６月30日)
１ 製品及びサービスごとの情報
(単位：千円)
制御・情報機器
システム 計測器 理化学機器 産業機器・その他 合計
外部顧客への売上高 22,571,313 5,801,499 10,518,906 6,328,428 45,220,147
(注) 外部顧客への売上高の内訳は、一時点で認識する売上高が39,219,055千円、一定期間にわたり認識する売上高
が5,727,132千円、その他の売上高が273,960千円となります。
西川計測㈱(7500) 2026年６月期 決算短信(非連結)
― 13 ―
２ 地域ごとの情報
(1) 売上高
本邦の外部顧客への売上高が損益計算書の売上高の90%を超えるため、記載を省略しております。
(2) 有形固定資産
本邦以外に所在している有形固定資産がないため、該当事項はありません。
３ 主要な顧客ごとの情報
 外部顧客への売上高 のうち、損益計算書の売上高の10%以上を占める相手先がないため、記載はありません。
【報告セグメントごとの固定資産の減損損失に関する情報】
該当事項はありません。
【報告セグメントごとののれんの償却額及び未償却残高に関する情報】
該当事項はありません。
【報告セグメントごとの負ののれん発生益に関する情報】
該当事項はありません。
西川計測㈱(7500) 2026年６月期 決算短信(非連結)
― 14 ―
(１株当たり情報)
前事業年度
(自 2024年７月１日
至 2025年６月30日)
当事業年度
(自 2025年７月１日
至 2026年６月30日)
１株当たり純資産額 6,045円10銭 １株当たり純資産額 7,554円40銭
１株当たり当期純利益金額 792円12銭 １株当たり当期純利益金額 971円35銭
(注) １．潜在株式が存在しないため、潜在株式調整後１株当たり当期純利益金額について記載しておりません。
２．算定上の基礎
１．１株当たり純資産額
項目 前事業年度
(2025年６月30日)
当事業年度
(2026年６月30日)
貸借対照表の純資産の部の合計額(千円) 20,480,298 25,622,576
普通株式に係る純資産額(千円) 20,480,298 25,622,576
普通株式の発行済株式数(千株) 3,432 3,432
普通株式の自己株式数(千株) 44 40
１株当たり純資産額の算定に用いられた普通株式の数
(千株) 3,387 3,391
２．"
7500,製品及びサービス,100.00,external_customer_sales_table_v6,7500.0,7500.0,https://www.nskw.co.jp/uploads/2026/08/kt2026.pdf,2026,"その他 合計
外部顧客への売上高 21,006,106 4,504,087 9,347,837 3,861,239 38,719,270
(注) 外部顧客への売上高の内訳は、一時点で認識する売上高が32,262,236千円、一定期間にわたり認識する売上高
が6,241,573千円、その他の売上高が215,461千円となります。
２ 地域ごとの情報
(1) 売上高
本邦の外部顧客への売上高が損益計算書の売上高の90%を超えるため、記載を省略しております。
(2) 有形固定資産
本邦以外に所在している有形固定資産がないため、該当事項はありません。
３ 主要な顧客ごとの情報
外部顧客への売上高のうち、損益計算書の売上高の10%以上を占める相手先がないため、記載はありません。
当事業年度(自 2025年７月１日 至 2026年６月30日)
１ 製品及びサービスごとの情報
(単位：千円)
制御・情報機器
システム 計測器 理化学機器 産業機器・その他 合計
外部顧客への売上高 22,571,313 5,801,499 10,518,906 6,328,428 45,220,147
(注) 外部顧客への売上高の内訳は、一時点で認識する売上高が39,219,055千円、一定期間にわたり認識する売上高
が5,727,132千円、その他の売上高が273,960千円となります。
西川計測㈱(7500) 2026年６月期 決算短信(非連結)
― 13 ―
２ 地域ごとの情報
(1) 売上高
本邦の外部顧客への売上高が損益計算書の売上高の90%を超えるため、記載を省略しております。
(2) 有形固定資産
本邦以外に所在している有形固定資産がないため、該当事項はありません。
３ 主要な顧客ごとの情報
 外部顧客への売上高 のうち、損益計算書の売上高の10%以上を占める相手先がないため、記載はありません。
【報告セグメントごとの固定資産の減損損失に関する情報】
該当事項はありません。
【報告セグメントごとののれんの償却額及び未償却残高に関する情報】
該当事項はありません。
【報告セグメントごとの負ののれん発生益に関する情報】
該当事項はありません。
西川計測㈱(7500) 2026年６月期 決算短信(非連結)
― 14 ―
(１株当たり情報)
前事業年度
(自 2024年７月１日
至 2025年６月30日)
当事業年度
(自 2025年７月１日
至 2026年６月30日)
１株当たり純資産額 6,045円10銭 １株当たり純資産額 7,554円40銭
１株当たり当期純利益金額 792円12銭 １株当たり当期純利益金額 971円35銭
(注) １．潜在株式が存在しないため、潜在株式調整後１株当たり当期純利益金額について記載しておりません。
２．算定上の基礎
１．１株当たり純資産額
項目 前事業年度
(2025年６月30日)
当事業年度
(2026年６月30日)
貸借対照表の純資産の部の合計額(千円) 20,480,298 25,622,576
普通株式に係る純資産額(千円) 20,480,298 25,622,576
普通株式の発行済株式数(千株) 3,432 3,432
普通株式の自己株式数(千株) 44 40
１株当たり純資産額の算定に用いられた普通株式の数
(千株) 3,387 3,391
２．"
7527,事業,32.08,external_customer_sales_table_v6,313613.0,977579.0,https://www.systemsoft.co.jp/wp-content/uploads/2026/08/tanshin20260807.pdf,2026,"は税金等調整前四半期
純損失（△） △143,393 163,175
法人税、住民税及び事業税 6,068 18,013
法人税等調整額 ― 36
法人税等合計 6,068 18,049
四半期純利益又は四半期純損失（△） △149,461 145,125
非支配株主に帰属する四半期純利益 385 1,092
親会社株主に帰属する四半期純利益又は親会社株主
に帰属する四半期純損失（△） △149,846 144,033
株式会社システムソフト(7527) 2026年９月期 第３四半期決算短信
7
四半期連結包括利益計算書
第３四半期連結累計期間
(単位：千円)
前第３四半期連結累計期間
(自 2024年10月１日
至 2025年６月30日)
当第３四半期連結累計期間
(自 2025年10月１日
至 2026年６月30日)
四半期純利益又は四半期純損失（△） △149,461 145,125
その他の包括利益
その他有価証券評価差額金 △9,812 33,295
その他の包括利益合計 △9,812 33,295
四半期包括利益 △159,274 178,421
（内訳）
親会社株主に係る四半期包括利益 △159,659 177,328
非支配株主に係る四半期包括利益 385 1,092
株式会社システムソフト(7527) 2026年９月期 第３四半期決算短信
8
（３）四半期連結財務諸表に関する注記事項
（セグメント情報等の注記）
Ⅰ 前第３四半期連結累計期間(自 2024年10月１日 至 2025年６月30日)
１．報告セグメントごとの売上高及び利益又は損失の金額に関する情報
（単位：千円）
報告セグメント
合計テクノロジー
事業
オープン
イノベーション
事業
計
売上高
 外部顧客への売上高 663,966 313,613 977,579 977,579
セグメント間の内部
売上高又は振替高 ― 821 821 821
計 663,966 314,435 978,401 978,401
セグメント利益又は
損失(△) △59,581 △49,643 △109,224 △109,224
２．報告セグメントの利益又は損失の金額の合計額と四半期連結損益計算書計上額との差額及び当該差額の主な
内容（差異調整に関する事項）
（単位：千円）
売上高 金額
報告セグメント計 978,401
セグメント間取引消去 △821
四半期連結損益計算書の売上高 977,579
（単位：千円）
利益 金額
報告セグメント計 △109,224
全社費用（注） △343,567
四半期連結損益計算書の営業利益 △452,791
(注) 全社費用は、主に報告セグメントに帰属しない一般管理費であります。
株式会社システムソフト(7527) 2026年９月期 第３四半期決算短信
9
Ⅱ 当第３四半期連結累計期間(自 2025年10月１日 至 2026年６月30日)
１．報告セグメントごとの売上高及び利益又は損失の金額に関する情報
（単位：千円）
報告セグメント
その他
(注) 合計テクノロジー
事業
オープン
イノベーション
事業
計
売上高
外部顧客への売上高 943,531 11,706 955,238 33,750 988,988
セグメント間の内部
売上高又は振替高 ― ― ― ― ―
計 9"
7527,住民税及び事業,67.92,external_customer_sales_table_v6,663966.0,977579.0,https://www.systemsoft.co.jp/wp-content/uploads/2026/08/tanshin20260807.pdf,2026,"は税金等調整前四半期
純損失（△） △143,393 163,175
法人税、住民税及び事業税 6,068 18,013
法人税等調整額 ― 36
法人税等合計 6,068 18,049
四半期純利益又は四半期純損失（△） △149,461 145,125
非支配株主に帰属する四半期純利益 385 1,092
親会社株主に帰属する四半期純利益又は親会社株主
に帰属する四半期純損失（△） △149,846 144,033
株式会社システムソフト(7527) 2026年９月期 第３四半期決算短信
7
四半期連結包括利益計算書
第３四半期連結累計期間
(単位：千円)
前第３四半期連結累計期間
(自 2024年10月１日
至 2025年６月30日)
当第３四半期連結累計期間
(自 2025年10月１日
至 2026年６月30日)
四半期純利益又は四半期純損失（△） △149,461 145,125
その他の包括利益
その他有価証券評価差額金 △9,812 33,295
その他の包括利益合計 △9,812 33,295
四半期包括利益 △159,274 178,421
（内訳）
親会社株主に係る四半期包括利益 △159,659 177,328
非支配株主に係る四半期包括利益 385 1,092
株式会社システムソフト(7527) 2026年９月期 第３四半期決算短信
8
（３）四半期連結財務諸表に関する注記事項
（セグメント情報等の注記）
Ⅰ 前第３四半期連結累計期間(自 2024年10月１日 至 2025年６月30日)
１．報告セグメントごとの売上高及び利益又は損失の金額に関する情報
（単位：千円）
報告セグメント
合計テクノロジー
事業
オープン
イノベーション
事業
計
売上高
 外部顧客への売上高 663,966 313,613 977,579 977,579
セグメント間の内部
売上高又は振替高 ― 821 821 821
計 663,966 314,435 978,401 978,401
セグメント利益又は
損失(△) △59,581 △49,643 △109,224 △109,224
２．報告セグメントの利益又は損失の金額の合計額と四半期連結損益計算書計上額との差額及び当該差額の主な
内容（差異調整に関する事項）
（単位：千円）
売上高 金額
報告セグメント計 978,401
セグメント間取引消去 △821
四半期連結損益計算書の売上高 977,579
（単位：千円）
利益 金額
報告セグメント計 △109,224
全社費用（注） △343,567
四半期連結損益計算書の営業利益 △452,791
(注) 全社費用は、主に報告セグメントに帰属しない一般管理費であります。
株式会社システムソフト(7527) 2026年９月期 第３四半期決算短信
9
Ⅱ 当第３四半期連結累計期間(自 2025年10月１日 至 2026年６月30日)
１．報告セグメントごとの売上高及び利益又は損失の金額に関する情報
（単位：千円）
報告セグメント
その他
(注) 合計テクノロジー
事業
オープン
イノベーション
事業
計
売上高
外部顧客への売上高 943,531 11,706 955,238 33,750 988,988
セグメント間の内部
売上高又は振替高 ― ― ― ― ―
計 9"
7531,報告されている事業,0.04,external_customer_sales_table_v6,24327.0,62577174.0,https://www.seiwa-chuo-holdings.co.jp/pdf2025/library_tanshin_71_04.pdf,2025,"23
清和中央ホールディングス㈱ (7531) 2024年12月期 決算短信
-11-
（５）連結財務諸表に関する注記事項
(継続企業の前提に関する注記)
該当事項はありません。
(セグメント情報等)
【セグメント情報】
１．報告セグメントの概要
当社グループの報告セグメントは、当社グループの構成単位のうち分離された財務情報が入手可能であり、取締役
会が、経営資源の配分の決定及び業績を評価するために、定期的に検討を行う対象となっているものであります。
当社グループは、鋼材販売を主たる事業内容として、国内各地域に展開しており、各拠点において包括的な戦略を
立案し、事業活動を展開しております。
従って、当社グループは、販売体制を基礎とした地域別のセグメントから構成されており、「西日本」、「東日
本」の報告セグメントに加えて、「その他」の区分として、持株会社事業を含めた３つを報告セグメントとしており
ます。
２．報告セグメントごとの売上高、利益又は損失、資産、負債その他の項目の金額の算定方法
報告されている事業セグメントの会計処理方法は、「連結財務諸表作成のための基本となる重要な事項」における
記載と概ね同一であります。
棚卸資産の評価については、収益性の低下に基づく簿価切下げ後の価額で評価しております。
報告セグメントの利益は、経常利益ベースの数値であります。
セグメント間の内部収益及び振替高は、市場実勢価格に基づいております。
３．報告セグメントごとの売上高、利益又は損失、資産、負債その他の項目の金額に関する情報
前連結会計年度（自 2023年１月１日 至 2023年12月31日）
(単位：千円)
報告セグメント
調整額 連結財務諸表
計上額西日本 東日本 その他 計
売上高
 外部顧客への売上高 29,839,315 32,713,530 24,327 62,577,174 － 62,577,174
セグメント間の内部売上高
又は振替高 2,106 17,249 794,236 813,593 △813,593 －
計 29,841,422 32,730,780 818,564 63,390,767 △813,593 62,577,174
セ グ メ ン ト 利 益 又 は 損 失
（△） 374,785 △258,168 401,633 518,250 △217,598 300,651
セグメント資産 19,825,229 18,885,830 14,950,344 53,661,404 △13,908,976 39,752,427
その他の項目
減価償却費 95,813 152,279 46,507 294,601 － 294,601
受取利息 5,058 2,323 18,539 25,921 △23,391 2,530
支払利息 － 18,539 12,581 31,121 △23,391 7,730
有形固定資産及び
無形固定資産の増加額 80,023 196,600 127,336 403,960 － 403,960
（注）１．セグメント利益又は損失（△）の調整額△217,598千円は、セグメント間の取引消去等であります。
２．セグメント利益又は損失（△）は、連結損益計算書の経常利益と調整を行っております。
３．セグメント資産の調整額△13,908,976千"
7531,持株会社事業,52.28,external_customer_sales_table_v6,32713530.0,62577174.0,https://www.seiwa-chuo-holdings.co.jp/pdf2025/library_tanshin_71_04.pdf,2025,"23
清和中央ホールディングス㈱ (7531) 2024年12月期 決算短信
-11-
（５）連結財務諸表に関する注記事項
(継続企業の前提に関する注記)
該当事項はありません。
(セグメント情報等)
【セグメント情報】
１．報告セグメントの概要
当社グループの報告セグメントは、当社グループの構成単位のうち分離された財務情報が入手可能であり、取締役
会が、経営資源の配分の決定及び業績を評価するために、定期的に検討を行う対象となっているものであります。
当社グループは、鋼材販売を主たる事業内容として、国内各地域に展開しており、各拠点において包括的な戦略を
立案し、事業活動を展開しております。
従って、当社グループは、販売体制を基礎とした地域別のセグメントから構成されており、「西日本」、「東日
本」の報告セグメントに加えて、「その他」の区分として、持株会社事業を含めた３つを報告セグメントとしており
ます。
２．報告セグメントごとの売上高、利益又は損失、資産、負債その他の項目の金額の算定方法
報告されている事業セグメントの会計処理方法は、「連結財務諸表作成のための基本となる重要な事項」における
記載と概ね同一であります。
棚卸資産の評価については、収益性の低下に基づく簿価切下げ後の価額で評価しております。
報告セグメントの利益は、経常利益ベースの数値であります。
セグメント間の内部収益及び振替高は、市場実勢価格に基づいております。
３．報告セグメントごとの売上高、利益又は損失、資産、負債その他の項目の金額に関する情報
前連結会計年度（自 2023年１月１日 至 2023年12月31日）
(単位：千円)
報告セグメント
調整額 連結財務諸表
計上額西日本 東日本 その他 計
売上高
 外部顧客への売上高 29,839,315 32,713,530 24,327 62,577,174 － 62,577,174
セグメント間の内部売上高
又は振替高 2,106 17,249 794,236 813,593 △813,593 －
計 29,841,422 32,730,780 818,564 63,390,767 △813,593 62,577,174
セ グ メ ン ト 利 益 又 は 損 失
（△） 374,785 △258,168 401,633 518,250 △217,598 300,651
セグメント資産 19,825,229 18,885,830 14,950,344 53,661,404 △13,908,976 39,752,427
その他の項目
減価償却費 95,813 152,279 46,507 294,601 － 294,601
受取利息 5,058 2,323 18,539 25,921 △23,391 2,530
支払利息 － 18,539 12,581 31,121 △23,391 7,730
有形固定資産及び
無形固定資産の増加額 80,023 196,600 127,336 403,960 － 403,960
（注）１．セグメント利益又は損失（△）の調整額△217,598千円は、セグメント間の取引消去等であります。
２．セグメント利益又は損失（△）は、連結損益計算書の経常利益と調整を行っております。
３．セグメント資産の調整額△13,908,976千"
7531,鋼材販売を主たる事業,47.68,external_customer_sales_table_v6,29839315.0,62577174.0,https://www.seiwa-chuo-holdings.co.jp/pdf2025/library_tanshin_71_04.pdf,2025,"23
清和中央ホールディングス㈱ (7531) 2024年12月期 決算短信
-11-
（５）連結財務諸表に関する注記事項
(継続企業の前提に関する注記)
該当事項はありません。
(セグメント情報等)
【セグメント情報】
１．報告セグメントの概要
当社グループの報告セグメントは、当社グループの構成単位のうち分離された財務情報が入手可能であり、取締役
会が、経営資源の配分の決定及び業績を評価するために、定期的に検討を行う対象となっているものであります。
当社グループは、鋼材販売を主たる事業内容として、国内各地域に展開しており、各拠点において包括的な戦略を
立案し、事業活動を展開しております。
従って、当社グループは、販売体制を基礎とした地域別のセグメントから構成されており、「西日本」、「東日
本」の報告セグメントに加えて、「その他」の区分として、持株会社事業を含めた３つを報告セグメントとしており
ます。
２．報告セグメントごとの売上高、利益又は損失、資産、負債その他の項目の金額の算定方法
報告されている事業セグメントの会計処理方法は、「連結財務諸表作成のための基本となる重要な事項」における
記載と概ね同一であります。
棚卸資産の評価については、収益性の低下に基づく簿価切下げ後の価額で評価しております。
報告セグメントの利益は、経常利益ベースの数値であります。
セグメント間の内部収益及び振替高は、市場実勢価格に基づいております。
３．報告セグメントごとの売上高、利益又は損失、資産、負債その他の項目の金額に関する情報
前連結会計年度（自 2023年１月１日 至 2023年12月31日）
(単位：千円)
報告セグメント
調整額 連結財務諸表
計上額西日本 東日本 その他 計
売上高
 外部顧客への売上高 29,839,315 32,713,530 24,327 62,577,174 － 62,577,174
セグメント間の内部売上高
又は振替高 2,106 17,249 794,236 813,593 △813,593 －
計 29,841,422 32,730,780 818,564 63,390,767 △813,593 62,577,174
セ グ メ ン ト 利 益 又 は 損 失
（△） 374,785 △258,168 401,633 518,250 △217,598 300,651
セグメント資産 19,825,229 18,885,830 14,950,344 53,661,404 △13,908,976 39,752,427
その他の項目
減価償却費 95,813 152,279 46,507 294,601 － 294,601
受取利息 5,058 2,323 18,539 25,921 △23,391 2,530
支払利息 － 18,539 12,581 31,121 △23,391 7,730
有形固定資産及び
無形固定資産の増加額 80,023 196,600 127,336 403,960 － 403,960
（注）１．セグメント利益又は損失（△）の調整額△217,598千円は、セグメント間の取引消去等であります。
２．セグメント利益又は損失（△）は、連結損益計算書の経常利益と調整を行っております。
３．セグメント資産の調整額△13,908,976千"
7565,取り扱う商品・サービス,43.70,external_customer_sales_table_v6,10673003.0,24422861.0,https://www.mansei.co.jp/mansei-admin/wp-content/uploads/2026/06/80th_report.pdf,2026,"備機器
パッケージエアコン、各種冷凍機、ルームエアコン、換気送風機、チラー、非常用発電機、
電気温水器、照明器具、エレベーター、エスカレーター、太陽光発電設備工事、電気工事、
空調・給排水衛生設備工事、冷凍・冷蔵設備工事、クリーンルーム工事、
冷暖房空調機器の保守・据付・修理、他
太陽光発電 電力
（セグメント情報等）
【セグメント情報】
1．報告セグメントの概要
 当社の報告セグメントは、当社グループの構成単位のうち分離された財務情報が入手可能であり、取締役会
等が経営資源の配分の決定及び業績を評価するために、定期的に検討を行う対象となっているものでありま
す。
 当社グループは、取り扱う商品・サービスを基礎として包括的な戦略を立案し、事業活動を展開しているた
め、その種類・性質の類似性を考慮して、「電気機器・産業用システム」、「電子デバイス・情報通信機
器」、「設備機器」、及び「太陽光発電」の4つを報告セグメントとしております。
 各報告セグメントに属する主な商品及びサービスは次のとおりであります。
2．報告セグメントごとの売上高、利益又は損失、資産その他の項目の金額の算定方法
 報告されている事業セグメントの会計処理方法は、連結財務諸表を作成するために採用される会計方針に準
拠した方法であります。
- 60 -
（単位：千円）
報告セグメント
調整額
(注1)
連結財務諸
表計上額電気機器・
産業用シス
テム
電子デバイ
ス・情報通
信機器
設備機器 太陽光発電 計
売上高
顧客との契約から生じる収
益
10,673,003 8,615,867 5,035,121 98,869 24,422,861 - 24,422,861
その他の収益 - - - - - - -
 外部顧客への売上高 10,673,003 8,615,867 5,035,121 98,869 24,422,861 - 24,422,861
セグメント間の内部売上高
又は振替高 - - - - - - -
計 10,673,003 8,615,867 5,035,121 98,869 24,422,861 - 24,422,861
セグメント利益（営業利益） 611,916 323,489 270,631 45,394 1,251,432 △116,854 1,134,577
セグメント資産 (注2) 499,204 856,566 174,246 405,515 1,935,533 18,466,994 20,402,528
その他の項目
減価償却費 68,084 29,359 30,722 41,611 169,776 - 169,776
（単位：千円）
報告セグメント
調整額
(注1)
連結財務諸
表計上額電気機器・
産業用シス
テム
電子デバイ
ス・情報通
信機器
設備機器 太陽光発電 計
売上高
顧客との契約から生じる収
益
12,017,917 8,428,557 6,444,715 101,634 26,992,825 - 26,992,825
その他の収益 - - - - - - -
外部顧客への売上高 12,017,917 8,428,557 6,444,715 101,634 26,992,825 - 26,992,825
セグメント間の内部売上高
又は振替高 - - -"
7565,各報告セグメントに属する主な商品及びサービス,35.28,external_customer_sales_table_v6,8615867.0,24422861.0,https://www.mansei.co.jp/mansei-admin/wp-content/uploads/2026/06/80th_report.pdf,2026,"備機器
パッケージエアコン、各種冷凍機、ルームエアコン、換気送風機、チラー、非常用発電機、
電気温水器、照明器具、エレベーター、エスカレーター、太陽光発電設備工事、電気工事、
空調・給排水衛生設備工事、冷凍・冷蔵設備工事、クリーンルーム工事、
冷暖房空調機器の保守・据付・修理、他
太陽光発電 電力
（セグメント情報等）
【セグメント情報】
1．報告セグメントの概要
 当社の報告セグメントは、当社グループの構成単位のうち分離された財務情報が入手可能であり、取締役会
等が経営資源の配分の決定及び業績を評価するために、定期的に検討を行う対象となっているものでありま
す。
 当社グループは、取り扱う商品・サービスを基礎として包括的な戦略を立案し、事業活動を展開しているた
め、その種類・性質の類似性を考慮して、「電気機器・産業用システム」、「電子デバイス・情報通信機
器」、「設備機器」、及び「太陽光発電」の4つを報告セグメントとしております。
 各報告セグメントに属する主な商品及びサービスは次のとおりであります。
2．報告セグメントごとの売上高、利益又は損失、資産その他の項目の金額の算定方法
 報告されている事業セグメントの会計処理方法は、連結財務諸表を作成するために採用される会計方針に準
拠した方法であります。
- 60 -
（単位：千円）
報告セグメント
調整額
(注1)
連結財務諸
表計上額電気機器・
産業用シス
テム
電子デバイ
ス・情報通
信機器
設備機器 太陽光発電 計
売上高
顧客との契約から生じる収
益
10,673,003 8,615,867 5,035,121 98,869 24,422,861 - 24,422,861
その他の収益 - - - - - - -
 外部顧客への売上高 10,673,003 8,615,867 5,035,121 98,869 24,422,861 - 24,422,861
セグメント間の内部売上高
又は振替高 - - - - - - -
計 10,673,003 8,615,867 5,035,121 98,869 24,422,861 - 24,422,861
セグメント利益（営業利益） 611,916 323,489 270,631 45,394 1,251,432 △116,854 1,134,577
セグメント資産 (注2) 499,204 856,566 174,246 405,515 1,935,533 18,466,994 20,402,528
その他の項目
減価償却費 68,084 29,359 30,722 41,611 169,776 - 169,776
（単位：千円）
報告セグメント
調整額
(注1)
連結財務諸
表計上額電気機器・
産業用シス
テム
電子デバイ
ス・情報通
信機器
設備機器 太陽光発電 計
売上高
顧客との契約から生じる収
益
12,017,917 8,428,557 6,444,715 101,634 26,992,825 - 26,992,825
その他の収益 - - - - - - -
外部顧客への売上高 12,017,917 8,428,557 6,444,715 101,634 26,992,825 - 26,992,825
セグメント間の内部売上高
又は振替高 - - -"
7565,報告されている事業,20.62,external_customer_sales_table_v6,5035121.0,24422861.0,https://www.mansei.co.jp/mansei-admin/wp-content/uploads/2026/06/80th_report.pdf,2026,"備機器
パッケージエアコン、各種冷凍機、ルームエアコン、換気送風機、チラー、非常用発電機、
電気温水器、照明器具、エレベーター、エスカレーター、太陽光発電設備工事、電気工事、
空調・給排水衛生設備工事、冷凍・冷蔵設備工事、クリーンルーム工事、
冷暖房空調機器の保守・据付・修理、他
太陽光発電 電力
（セグメント情報等）
【セグメント情報】
1．報告セグメントの概要
 当社の報告セグメントは、当社グループの構成単位のうち分離された財務情報が入手可能であり、取締役会
等が経営資源の配分の決定及び業績を評価するために、定期的に検討を行う対象となっているものでありま
す。
 当社グループは、取り扱う商品・サービスを基礎として包括的な戦略を立案し、事業活動を展開しているた
め、その種類・性質の類似性を考慮して、「電気機器・産業用システム」、「電子デバイス・情報通信機
器」、「設備機器」、及び「太陽光発電」の4つを報告セグメントとしております。
 各報告セグメントに属する主な商品及びサービスは次のとおりであります。
2．報告セグメントごとの売上高、利益又は損失、資産その他の項目の金額の算定方法
 報告されている事業セグメントの会計処理方法は、連結財務諸表を作成するために採用される会計方針に準
拠した方法であります。
- 60 -
（単位：千円）
報告セグメント
調整額
(注1)
連結財務諸
表計上額電気機器・
産業用シス
テム
電子デバイ
ス・情報通
信機器
設備機器 太陽光発電 計
売上高
顧客との契約から生じる収
益
10,673,003 8,615,867 5,035,121 98,869 24,422,861 - 24,422,861
その他の収益 - - - - - - -
 外部顧客への売上高 10,673,003 8,615,867 5,035,121 98,869 24,422,861 - 24,422,861
セグメント間の内部売上高
又は振替高 - - - - - - -
計 10,673,003 8,615,867 5,035,121 98,869 24,422,861 - 24,422,861
セグメント利益（営業利益） 611,916 323,489 270,631 45,394 1,251,432 △116,854 1,134,577
セグメント資産 (注2) 499,204 856,566 174,246 405,515 1,935,533 18,466,994 20,402,528
その他の項目
減価償却費 68,084 29,359 30,722 41,611 169,776 - 169,776
（単位：千円）
報告セグメント
調整額
(注1)
連結財務諸
表計上額電気機器・
産業用シス
テム
電子デバイ
ス・情報通
信機器
設備機器 太陽光発電 計
売上高
顧客との契約から生じる収
益
12,017,917 8,428,557 6,444,715 101,634 26,992,825 - 26,992,825
その他の収益 - - - - - - -
外部顧客への売上高 12,017,917 8,428,557 6,444,715 101,634 26,992,825 - 26,992,825
セグメント間の内部売上高
又は振替高 - - -"
7600,が独立した経営単位として事業,54.29,external_customer_sales_table_v6,13634057.0,25114033.0,https://www.jmdm.co.jp/wp/wp-content/uploads/WEB用有報_.pdf,2025,"・ディ ・エム（以下「当社」）、米国には海外子会社 Ortho Development Corporation（以下「ODEV
社」）が独立した経営単位として事業活動を展開しております。
したがって当社グループは、製造・販売を基礎とした地域別（国別）セグメントから構成されており、「日本」、
「米国」の２つを報告セグメントとしております。
「日本」では、当社が整形外科分野にお ける人工関節、骨接合材料、脊椎固定器具等製商品を 主にODEV社、その
他販売提携契約等に基づき国内外メー カーから仕入れ、日本国内において販売を 行っております。また「米国」で
は、ODEV社が人工関節、骨接合材料、脊椎固定器具等の開発製 造を行い当社に対して製 品供給を行うとともに、独
自に米国市場を中心に人工関節、脊椎固定器具等製品の販売を行っております。
２ 報告セグメント毎の売上高、利益又は損失、資産、負債その他の項目の金額の算定方法
報告されている事業セグ メントの会計処理の方法 は、「連結財務諸表作成のための基 本となる重要な事 項」にお
ける記載と同一であります。
報告セグメントの利益 は、営業利益ベースの数値で あります。セグメント間の内部収益 及び振替高は市場実勢価
格に基づいております。
３ 報告セグメント毎の売上高、利益又は損失、資産、負債その他の項目の金額に関する情報及び収益の分解情報
前連結会計年度(自 2024年４月１日 至 2025年３月31日)
(単位：千円)
報告セグメント
調整額(注)1,2
連結財務諸表
計上額
(注)3日本 米国 計
売上高
顧客との契約から生じる
収益 13,634,057 11,479,976 25,114,033 － 25,114,033
 外部顧客への売上高 13,634,057 11,479,976 25,114,033 － 25,114,033
セグメント間の内部
売上高又は振替高 － 4,031,412 4,031,412 △4,031,412 －
計 13,634,057 15,511,388 29,145,446 △4,031,412 25,114,033
セグメント利益 794,549 590,140 1,384,690 171,244 1,555,934
セグメント資産 17,954,492 17,113,107 35,067,599 △1,400,401 33,667,198
セグメント負債 3,787,227 5,178,128 8,965,356 △39,651 8,925,704
その他の項目
減価償却費 755,064 975,071 1,730,135 △58,692 1,671,443
有形固定資産及び
無形固定資産の増加額 547,417 1,139,648 1,687,066 △18,952 1,668,113
持分法適用会社への投資額 － 128,736 128,736 － 128,736
（注）１ セグメント利益、セグメント資産、セグメント負債及びその他の項目の調整額には、セグメント間取引消去
額を表示しております。
２ セグメント資産の調整額△1,400,401千円には、全社資産の金額2,654,872千円（その主なものは、当社の現
金・預金であります。）、及び棚卸資産の調整額△1,259,10"
7600,報告されている事業,45.71,external_customer_sales_table_v6,11479976.0,25114033.0,https://www.jmdm.co.jp/wp/wp-content/uploads/WEB用有報_.pdf,2025,"・ディ ・エム（以下「当社」）、米国には海外子会社 Ortho Development Corporation（以下「ODEV
社」）が独立した経営単位として事業活動を展開しております。
したがって当社グループは、製造・販売を基礎とした地域別（国別）セグメントから構成されており、「日本」、
「米国」の２つを報告セグメントとしております。
「日本」では、当社が整形外科分野にお ける人工関節、骨接合材料、脊椎固定器具等製商品を 主にODEV社、その
他販売提携契約等に基づき国内外メー カーから仕入れ、日本国内において販売を 行っております。また「米国」で
は、ODEV社が人工関節、骨接合材料、脊椎固定器具等の開発製 造を行い当社に対して製 品供給を行うとともに、独
自に米国市場を中心に人工関節、脊椎固定器具等製品の販売を行っております。
２ 報告セグメント毎の売上高、利益又は損失、資産、負債その他の項目の金額の算定方法
報告されている事業セグ メントの会計処理の方法 は、「連結財務諸表作成のための基 本となる重要な事 項」にお
ける記載と同一であります。
報告セグメントの利益 は、営業利益ベースの数値で あります。セグメント間の内部収益 及び振替高は市場実勢価
格に基づいております。
３ 報告セグメント毎の売上高、利益又は損失、資産、負債その他の項目の金額に関する情報及び収益の分解情報
前連結会計年度(自 2024年４月１日 至 2025年３月31日)
(単位：千円)
報告セグメント
調整額(注)1,2
連結財務諸表
計上額
(注)3日本 米国 計
売上高
顧客との契約から生じる
収益 13,634,057 11,479,976 25,114,033 － 25,114,033
 外部顧客への売上高 13,634,057 11,479,976 25,114,033 － 25,114,033
セグメント間の内部
売上高又は振替高 － 4,031,412 4,031,412 △4,031,412 －
計 13,634,057 15,511,388 29,145,446 △4,031,412 25,114,033
セグメント利益 794,549 590,140 1,384,690 171,244 1,555,934
セグメント資産 17,954,492 17,113,107 35,067,599 △1,400,401 33,667,198
セグメント負債 3,787,227 5,178,128 8,965,356 △39,651 8,925,704
その他の項目
減価償却費 755,064 975,071 1,730,135 △58,692 1,671,443
有形固定資産及び
無形固定資産の増加額 547,417 1,139,648 1,687,066 △18,952 1,668,113
持分法適用会社への投資額 － 128,736 128,736 － 128,736
（注）１ セグメント利益、セグメント資産、セグメント負債及びその他の項目の調整額には、セグメント間取引消去
額を表示しております。
２ セグメント資産の調整額△1,400,401千円には、全社資産の金額2,654,872千円（その主なものは、当社の現
金・預金であります。）、及び棚卸資産の調整額△1,259,10"
7619,単一の製品・サービス,99.90,external_customer_sales_table_v6,2024.0,2026.0,https://www.tanakashoji.co.jp/wp/wp-content/uploads/65-Q4tanshin.pdf,2026,"乏しいと考えられますので、記載は省略しております。
当連結会計年度(自 2025年４月１日 至 2026年３月31日)
当社グループは、電設資材卸売業以外のセグメントの重要性が乏しく、財務諸表利用者の判断を誤らせる可能性
が乏しいと考えられますので、記載は省略しております。
【関連情報】
前連結会計年度(自 2024年４月１日 至 2025年３月31日)
１．製品及びサービスごとの情報
単一の製品・サービスの区分の外部顧客への売上高が連結損益計算書の売上高の90%を超えるため、記載を省略
しております。
２．地域ごとの情報
(1) 売上高
本邦の外部顧客への売上高が連結損益計算書の売上高の90%を超えるため、記載を省略しております。
(2) 有形固定資産
本邦に所在している有形固定資産の金額が連結貸借対照表の有形固定資産の金額の90%を超えるため、記載を
省略しております。
３．主要な顧客ごとの情報
外部顧客への売上高のうち、損益計算書の売上高の10%以上を占める相手先がないため、記載はありません。
田中商事株式会社(7619) 2026年３月期 決算短信
12
当連結会計年度(自 2025年４月１日 至 2026年３月31日)
１．製品及びサービスごとの情報
単一の製品・サービスの区分の外部顧客への売上高が連結損益計算書の売上高の90%を超えるため、記載を省略
しております。
２．地域ごとの情報
(1) 売上高
本邦の外部顧客への売上高が連結損益計算書の売上高の90%を超えるため、記載を省略しております。
(2) 有形固定資産
本邦に所在している有形固定資産の金額が連結貸借対照表の有形固定資産の金額の90%を超えるため、記載を
省略しております。
３．主要な顧客ごとの情報
 外部顧客への売上高 のうち、損益計算書の売上高の10%以上を占める相手先がないため、記載はありません。
【報告セグメントごとの固定資産の減損損失に関する情報】
前連結会計年度(自 2024年４月１日 至 2025年３月31日)
当社グループは、電設資材卸売業以外のセグメントの重要性が乏しいため、報告セグメントごとの固定資産の減
損損失については、記載を省略しております。
当連結会計年度(自 2025年４月１日 至 2026年３月31日)
当社グループは、電設資材卸売業以外のセグメントの重要性が乏しいため、報告セグメントごとの固定資産の減
損損失については、記載を省略しております。
【報告セグメントごとののれんの償却額及び未償却残高に関する情報】
前連結会計年度(自 2024年４月１日 至 2025年３月31日)
該当事項はありません。
当連結会計年度(自 2025年４月１日 至 2026年３月31日)
該当事項はありません。
【報告セグメントごとの負ののれん発生益に関する情報】
前連結会計年度(自 2024年４月１日 至 2025年３月31日)
該当事項はありません。
当連結会計年度(自 2025年４月１日 至 2026年３月31日)
該当事項はありません。
田中商事株式会社(7619) 2026年３月期 決算短信
13
(１株当たり情報)
項目
前連結会計年度
(自 2024年４月１日
至 2025年３月31日)
当連結会計年度
(自 2025年４月１日
至 2026年３月31日)
１株当たり純資"
7619,製品及びサービス,0.49,external_customer_sales_table_v6,10.0,2026.0,https://www.tanakashoji.co.jp/wp/wp-content/uploads/65-Q4tanshin.pdf,2026,"乏しいと考えられますので、記載は省略しております。
当連結会計年度(自 2025年４月１日 至 2026年３月31日)
当社グループは、電設資材卸売業以外のセグメントの重要性が乏しく、財務諸表利用者の判断を誤らせる可能性
が乏しいと考えられますので、記載は省略しております。
【関連情報】
前連結会計年度(自 2024年４月１日 至 2025年３月31日)
１．製品及びサービスごとの情報
単一の製品・サービスの区分の外部顧客への売上高が連結損益計算書の売上高の90%を超えるため、記載を省略
しております。
２．地域ごとの情報
(1) 売上高
本邦の外部顧客への売上高が連結損益計算書の売上高の90%を超えるため、記載を省略しております。
(2) 有形固定資産
本邦に所在している有形固定資産の金額が連結貸借対照表の有形固定資産の金額の90%を超えるため、記載を
省略しております。
３．主要な顧客ごとの情報
外部顧客への売上高のうち、損益計算書の売上高の10%以上を占める相手先がないため、記載はありません。
田中商事株式会社(7619) 2026年３月期 決算短信
12
当連結会計年度(自 2025年４月１日 至 2026年３月31日)
１．製品及びサービスごとの情報
単一の製品・サービスの区分の外部顧客への売上高が連結損益計算書の売上高の90%を超えるため、記載を省略
しております。
２．地域ごとの情報
(1) 売上高
本邦の外部顧客への売上高が連結損益計算書の売上高の90%を超えるため、記載を省略しております。
(2) 有形固定資産
本邦に所在している有形固定資産の金額が連結貸借対照表の有形固定資産の金額の90%を超えるため、記載を
省略しております。
３．主要な顧客ごとの情報
 外部顧客への売上高 のうち、損益計算書の売上高の10%以上を占める相手先がないため、記載はありません。
【報告セグメントごとの固定資産の減損損失に関する情報】
前連結会計年度(自 2024年４月１日 至 2025年３月31日)
当社グループは、電設資材卸売業以外のセグメントの重要性が乏しいため、報告セグメントごとの固定資産の減
損損失については、記載を省略しております。
当連結会計年度(自 2025年４月１日 至 2026年３月31日)
当社グループは、電設資材卸売業以外のセグメントの重要性が乏しいため、報告セグメントごとの固定資産の減
損損失については、記載を省略しております。
【報告セグメントごとののれんの償却額及び未償却残高に関する情報】
前連結会計年度(自 2024年４月１日 至 2025年３月31日)
該当事項はありません。
当連結会計年度(自 2025年４月１日 至 2026年３月31日)
該当事項はありません。
【報告セグメントごとの負ののれん発生益に関する情報】
前連結会計年度(自 2024年４月１日 至 2025年３月31日)
該当事項はありません。
当連結会計年度(自 2025年４月１日 至 2026年３月31日)
該当事項はありません。
田中商事株式会社(7619) 2026年３月期 決算短信
13
(１株当たり情報)
項目
前連結会計年度
(自 2024年４月１日
至 2025年３月31日)
当連結会計年度
(自 2025年４月１日
至 2026年３月31日)
１株当たり純資"
7677,一般事業,9.50,external_customer_sales_table_v6,740946.0,7797364.0,https://www.yashima-co.co.jp/ja/news/irnews/auto_20260813518874/pdfFile.pdf,2027,"間
(自 2025年４月１日
至 2025年６月30日)
当第１四半期連結累計期間
(自 2026年４月１日
至 2026年６月30日)
四半期純利益 115,887 115,589
その他の包括利益
その他有価証券評価差額金 185,029 168,740
為替換算調整勘定 △66,512 46,246
その他の包括利益合計 118,517 214,987
四半期包括利益 234,404 330,576
（内訳）
親会社株主に係る四半期包括利益 234,404 330,576
株式会社ヤシマキザイ(7677) 2027年３月期 第１四半期決算短信
7
（３）四半期連結財務諸表に関する注記事項
（セグメント情報等）
【セグメント情報】
前第１四半期連結累計期間(自 2025年４月１日 至 2025年６月30日)
報告セグメントごとの売上高及び利益又は損失の金額に関する情報
(単位：千円)
報告セグメント
その他 合計
鉄道事業 一般事業 計
売上高
外部顧客への売上高 7,547,711 523,153 8,070,865 － 8,070,865
セグメント間の内部売上高
又は振替高 － － － － －
計 7,547,711 523,153 8,070,865 － 8,070,865
セグメント利益又は損失(△) 96,861 △29,669 67,192 － 67,192
(注) セグメント利益又は損失は、四半期連結損益計算書の営業利益と一致しております。
当第１四半期連結累計期間(自 2026年４月１日 至 2026年６月30日)
報告セグメントごとの売上高及び利益又は損失の金額に関する情報
(単位：千円)
報告セグメント
その他 合計
鉄道事業 一般事業 計
売上高
 外部顧客への売上高 7,056,417 740,946 7,797,364 － 7,797,364
セグメント間の内部売上高
又は振替高 － － － － －
計 7,056,417 740,946 7,797,364 － 7,797,364
セグメント利益又は損失(△) 142,357 △16,607 125,750 － 125,750
(注) セグメント利益又は損失は、四半期連結損益計算書の営業利益と一致しております。
（株主資本の金額に著しい変動があった場合の注記）
該当事項はありません。
（継続企業の前提に関する注記）
該当事項はありません。
（キャッシュ・フロー計算書に関する注記）
当第１四半期連結累計期間に係る四半期連結キャッシュ・フロー計算書は作成しておりません。なお、第１四半
期連結累計期間に係る減価償却費(無形固定資産に係る償却費を含む。)は、次のとおりであります。
前第１四半期連結累計期間
(自 2025年４月１日
至 2025年６月30日)
当第１四半期連結累計期間
(自 2026年４月１日
至 2026年６月30日)
減価償却費 10,579千円 11,040千円
(注) 負ののれんの償却額は金額的重要性がないため、記載を省略しています。
株式会社ヤシマキザイ(7677) 2027年３月期 第１四半期決算短信
8
（四半期連結損益計算書関係）
※１. 貸倒引当金戻入額
前第１四半期連結累計期間(自 2025年４月１日 至 2025年６月30日）
中国の連結子会社である亜西瑪（"
7677,鉄道事業,90.50,external_customer_sales_table_v6,7056417.0,7797364.0,https://www.yashima-co.co.jp/ja/news/irnews/auto_20260813518874/pdfFile.pdf,2027,"間
(自 2025年４月１日
至 2025年６月30日)
当第１四半期連結累計期間
(自 2026年４月１日
至 2026年６月30日)
四半期純利益 115,887 115,589
その他の包括利益
その他有価証券評価差額金 185,029 168,740
為替換算調整勘定 △66,512 46,246
その他の包括利益合計 118,517 214,987
四半期包括利益 234,404 330,576
（内訳）
親会社株主に係る四半期包括利益 234,404 330,576
株式会社ヤシマキザイ(7677) 2027年３月期 第１四半期決算短信
7
（３）四半期連結財務諸表に関する注記事項
（セグメント情報等）
【セグメント情報】
前第１四半期連結累計期間(自 2025年４月１日 至 2025年６月30日)
報告セグメントごとの売上高及び利益又は損失の金額に関する情報
(単位：千円)
報告セグメント
その他 合計
鉄道事業 一般事業 計
売上高
外部顧客への売上高 7,547,711 523,153 8,070,865 － 8,070,865
セグメント間の内部売上高
又は振替高 － － － － －
計 7,547,711 523,153 8,070,865 － 8,070,865
セグメント利益又は損失(△) 96,861 △29,669 67,192 － 67,192
(注) セグメント利益又は損失は、四半期連結損益計算書の営業利益と一致しております。
当第１四半期連結累計期間(自 2026年４月１日 至 2026年６月30日)
報告セグメントごとの売上高及び利益又は損失の金額に関する情報
(単位：千円)
報告セグメント
その他 合計
鉄道事業 一般事業 計
売上高
 外部顧客への売上高 7,056,417 740,946 7,797,364 － 7,797,364
セグメント間の内部売上高
又は振替高 － － － － －
計 7,056,417 740,946 7,797,364 － 7,797,364
セグメント利益又は損失(△) 142,357 △16,607 125,750 － 125,750
(注) セグメント利益又は損失は、四半期連結損益計算書の営業利益と一致しております。
（株主資本の金額に著しい変動があった場合の注記）
該当事項はありません。
（継続企業の前提に関する注記）
該当事項はありません。
（キャッシュ・フロー計算書に関する注記）
当第１四半期連結累計期間に係る四半期連結キャッシュ・フロー計算書は作成しておりません。なお、第１四半
期連結累計期間に係る減価償却費(無形固定資産に係る償却費を含む。)は、次のとおりであります。
前第１四半期連結累計期間
(自 2025年４月１日
至 2025年６月30日)
当第１四半期連結累計期間
(自 2026年４月１日
至 2026年６月30日)
減価償却費 10,579千円 11,040千円
(注) 負ののれんの償却額は金額的重要性がないため、記載を省略しています。
株式会社ヤシマキザイ(7677) 2027年３月期 第１四半期決算短信
8
（四半期連結損益計算書関係）
※１. 貸倒引当金戻入額
前第１四半期連結累計期間(自 2025年４月１日 至 2025年６月30日）
中国の連結子会社である亜西瑪（"
7713,事業,15.94,external_customer_sales_table_v6,1845656.0,11580528.0,https://www.sigma-koki.com/asset/data/260714_t.pdf,2026,"連結子会社による設置作業を必要としない商品又は製品については、「収益認識に関
する会計基準の適用指針」第98項を適用し、出荷時において収益を認識しています。
（6）重要な外貨建の資産又は負債の本邦通貨への換算の基準
 外貨建金銭債権債務は、連結決算日の直物為替相場により円貨に換算し、換算差額は損益として処理
しております。なお、在外子会社等の資産及び負債は、連結決算日の直物為替相場により円貨に換算
し、収益及び費用は期中平均相場により円貨に換算し、換算差額は純資産の部における為替換算調整勘
定及び非支配株主持分に含めております。
（7）重要なヘッジ会計の方法
イ．ヘッジ会計の方法
 為替変動リスクのヘッジについては振当処理の要件を満たしているため、振当処理を採用しており
ます。
ロ．ヘッジ手段とヘッジ対象
 ヘッジ手段…為替予約
 ヘッジ対象…外貨建金銭債務及び外貨建予定取引
ハ．ヘッジ方針
 主に当社の内規である「デリバティブ管理規程」に基づき、為替変動リスクをヘッジする目的でデ
リバティブ取引を行っております。
ニ．ヘッジ有効性評価の方法
 ヘッジ手段とヘッジ対象の相場変動又はキャッシュ・フロー変動の累計を比較し、その変動額の比
率によって有効性を評価しております。
- 15 -
シグマ光機㈱（7713） 2026年５月期決算短信
（8）連結キャッシュ・フロー計算書における資金の範囲
 手許現金、随時引出可能な預金及び容易に換金可能であり、かつ、価値の変動について僅少なリスク
しか負わない取得日から３ケ月以内に償還期限の到来する短期投資からなっております。
（単位：千円）
報告セグメント 調整額
（注）２
連結財務諸表
計上額要素部品事業 システム製品
事業 計
売上高
 外部顧客への売上高 9,734,872 1,845,656 11,580,528 － 11,580,528
セグメント間の内部売上高又は
振替高 22,867 74,762 97,629 (97,629) －
計 9,757,739 1,920,419 11,678,158 (97,629) 11,580,528
セグメント利益 1,642,107 72,885 1,714,992 (583,948) 1,131,044
セグメント資産 13,229,459 1,722,825 14,952,285 5,387,817 20,340,102
その他の項目
減価償却費 331,356 37,650 369,007 12,216 381,224
持分法適用会社への投資額 496,885 5,846 502,732 － 502,732
有形固定資産及び無形固定資産
の増加額 355,251 25,132 380,383 41,676 422,059
（セグメント情報等の注記）
【セグメント情報】
１．報告セグメントの概要
 当社グループの報告セグメントは、当社グループの構成単位のうち分離された財務情報が入手可能で
あり、取締役会が、経営資源の配分の決定及び業績を評価するために、定期的に検討を行う対象として
いるものです。
 当社グループは、光産業技術の分野における基礎研究、開発研究、応用研究分野に欠かせない光学機
器部品・装置の生産及び販売並びにこれら製品に係るサービスの提供をしており、"
7713,計上額要素部品事業,84.06,external_customer_sales_table_v6,9734872.0,11580528.0,https://www.sigma-koki.com/asset/data/260714_t.pdf,2026,"連結子会社による設置作業を必要としない商品又は製品については、「収益認識に関
する会計基準の適用指針」第98項を適用し、出荷時において収益を認識しています。
（6）重要な外貨建の資産又は負債の本邦通貨への換算の基準
 外貨建金銭債権債務は、連結決算日の直物為替相場により円貨に換算し、換算差額は損益として処理
しております。なお、在外子会社等の資産及び負債は、連結決算日の直物為替相場により円貨に換算
し、収益及び費用は期中平均相場により円貨に換算し、換算差額は純資産の部における為替換算調整勘
定及び非支配株主持分に含めております。
（7）重要なヘッジ会計の方法
イ．ヘッジ会計の方法
 為替変動リスクのヘッジについては振当処理の要件を満たしているため、振当処理を採用しており
ます。
ロ．ヘッジ手段とヘッジ対象
 ヘッジ手段…為替予約
 ヘッジ対象…外貨建金銭債務及び外貨建予定取引
ハ．ヘッジ方針
 主に当社の内規である「デリバティブ管理規程」に基づき、為替変動リスクをヘッジする目的でデ
リバティブ取引を行っております。
ニ．ヘッジ有効性評価の方法
 ヘッジ手段とヘッジ対象の相場変動又はキャッシュ・フロー変動の累計を比較し、その変動額の比
率によって有効性を評価しております。
- 15 -
シグマ光機㈱（7713） 2026年５月期決算短信
（8）連結キャッシュ・フロー計算書における資金の範囲
 手許現金、随時引出可能な預金及び容易に換金可能であり、かつ、価値の変動について僅少なリスク
しか負わない取得日から３ケ月以内に償還期限の到来する短期投資からなっております。
（単位：千円）
報告セグメント 調整額
（注）２
連結財務諸表
計上額要素部品事業 システム製品
事業 計
売上高
 外部顧客への売上高 9,734,872 1,845,656 11,580,528 － 11,580,528
セグメント間の内部売上高又は
振替高 22,867 74,762 97,629 (97,629) －
計 9,757,739 1,920,419 11,678,158 (97,629) 11,580,528
セグメント利益 1,642,107 72,885 1,714,992 (583,948) 1,131,044
セグメント資産 13,229,459 1,722,825 14,952,285 5,387,817 20,340,102
その他の項目
減価償却費 331,356 37,650 369,007 12,216 381,224
持分法適用会社への投資額 496,885 5,846 502,732 － 502,732
有形固定資産及び無形固定資産
の増加額 355,251 25,132 380,383 41,676 422,059
（セグメント情報等の注記）
【セグメント情報】
１．報告セグメントの概要
 当社グループの報告セグメントは、当社グループの構成単位のうち分離された財務情報が入手可能で
あり、取締役会が、経営資源の配分の決定及び業績を評価するために、定期的に検討を行う対象として
いるものです。
 当社グループは、光産業技術の分野における基礎研究、開発研究、応用研究分野に欠かせない光学機
器部品・装置の生産及び販売並びにこれら製品に係るサービスの提供をしており、"
7717,マスク装置事業,32.27,external_customer_sales_table_v6,14905.0,46182.0,https://www.vtec.co.jp/ja/ir/news/auto_20260624133000_S100YITH/pdfFile.pdf,2026,"額(△は減少) － －
期末残高 205 195
 
ニ 当該資産除去債務の金額の見積りの変更
前連結会計年度（自 2024年４月１日 至 2025年３月31日）
 当社グループの不動産賃貸借契約に伴う原状回復義務として計上していた資産除去債務について、新たな情報の
入手に伴い、原状回復費用及び使用見込期間に関して見積りの変更を行いました。この見積りの変更による減少額
△5百万円を変更前の資産除去債務残高から減算しております。
当連結会計年度（自 2025年４月１日 至 2026年3月31日）
 当社グループの不動産賃貸借契約に伴う原状回復義務として計上していた資産除去債務について、新たな情報の
入手に伴い、原状回復費用及び使用見込期間に関して見積りの変更を行いました。この見積りの変更による増加額
19百万円を変更前の資産除去債務残高に加算しております。
 
EDINET提出書類
株式会社ブイ・テクノロジー(E02334)
有価証券報告書
 74/111
（収益認識関係）
１．顧客との契約から生じる収益を分解した情報
 前連結会計年度（自 2024年４月１日 至 2025年３月31日)
 （単位：百万円）
 
報告セグメント その他
（注） 合計半導体・フォト
マスク装置事業
ＦＰＤ装置
事業 計
売上高 
製品 12,963 21,598 34,562 － 34,562
その他・サービス 等 1,941 8,210 10,152 1,468 11,620
顧客との契約から生じる収益 14,905 29,809 44,714 1,468 46,182
その他の収益 － － － － －
 外部顧客への売上高 14,905 29,809 44,714 1,468 46,182
（注）「その他」の区分は、報告セグメントに含まれない事業セグメントであり、ＩＴ事業・ＯＬＥＤ照明・農
業事業等です。
 
 当連結会計年度（自 2025年４月１日 至 2026年３月31日)
 （単位：百万円）
 
報告セグメント その他
（注） 合計半導体・フォト
マスク装置事業
ＦＰＤ装置
事業 計
売上高 
製品 16,356 24,696 41,052 － 41,052
その他・サービス 等 3,237 7,267 10,504 1,435 11,940
顧客との契約から生じる収益 19,593 31,964 51,557 1,435 52,992
その他の収益 － － － － －
外部顧客への売上高 19,593 31,964 51,557 1,435 52,992
（注）「その他」の区分は、報告セグメントに含まれない事業セグメントであり、ＩＴ事業・ＯＬＥＤ照明・農
業事業等です。
 
２．収益を理解するための基礎となる情報
(1）契約及び履行義務に関する情報
 当社グループは、主として、半導体・ＦＰＤ製造装置、検査装置等の製品の販売を行っております。また、当
社グループの製品に対する有償修理・保守・移設等の役務提供を行っております。
(2）取引価格の算定に関する情報
 当社グループは、取引価格の算定にあたって"
7717,事業,64.55,external_customer_sales_table_v6,29809.0,46182.0,https://www.vtec.co.jp/ja/ir/news/auto_20260624133000_S100YITH/pdfFile.pdf,2026,"額(△は減少) － －
期末残高 205 195
 
ニ 当該資産除去債務の金額の見積りの変更
前連結会計年度（自 2024年４月１日 至 2025年３月31日）
 当社グループの不動産賃貸借契約に伴う原状回復義務として計上していた資産除去債務について、新たな情報の
入手に伴い、原状回復費用及び使用見込期間に関して見積りの変更を行いました。この見積りの変更による減少額
△5百万円を変更前の資産除去債務残高から減算しております。
当連結会計年度（自 2025年４月１日 至 2026年3月31日）
 当社グループの不動産賃貸借契約に伴う原状回復義務として計上していた資産除去債務について、新たな情報の
入手に伴い、原状回復費用及び使用見込期間に関して見積りの変更を行いました。この見積りの変更による増加額
19百万円を変更前の資産除去債務残高に加算しております。
 
EDINET提出書類
株式会社ブイ・テクノロジー(E02334)
有価証券報告書
 74/111
（収益認識関係）
１．顧客との契約から生じる収益を分解した情報
 前連結会計年度（自 2024年４月１日 至 2025年３月31日)
 （単位：百万円）
 
報告セグメント その他
（注） 合計半導体・フォト
マスク装置事業
ＦＰＤ装置
事業 計
売上高 
製品 12,963 21,598 34,562 － 34,562
その他・サービス 等 1,941 8,210 10,152 1,468 11,620
顧客との契約から生じる収益 14,905 29,809 44,714 1,468 46,182
その他の収益 － － － － －
 外部顧客への売上高 14,905 29,809 44,714 1,468 46,182
（注）「その他」の区分は、報告セグメントに含まれない事業セグメントであり、ＩＴ事業・ＯＬＥＤ照明・農
業事業等です。
 
 当連結会計年度（自 2025年４月１日 至 2026年３月31日)
 （単位：百万円）
 
報告セグメント その他
（注） 合計半導体・フォト
マスク装置事業
ＦＰＤ装置
事業 計
売上高 
製品 16,356 24,696 41,052 － 41,052
その他・サービス 等 3,237 7,267 10,504 1,435 11,940
顧客との契約から生じる収益 19,593 31,964 51,557 1,435 52,992
その他の収益 － － － － －
外部顧客への売上高 19,593 31,964 51,557 1,435 52,992
（注）「その他」の区分は、報告セグメントに含まれない事業セグメントであり、ＩＴ事業・ＯＬＥＤ照明・農
業事業等です。
 
２．収益を理解するための基礎となる情報
(1）契約及び履行義務に関する情報
 当社グループは、主として、半導体・ＦＰＤ製造装置、検査装置等の製品の販売を行っております。また、当
社グループの製品に対する有償修理・保守・移設等の役務提供を行っております。
(2）取引価格の算定に関する情報
 当社グループは、取引価格の算定にあたって"
7719,に含まれない事業,72.06,external_customer_sales_table_v6,884226.0,1227103.0,http://tk100.jp/wp-content/uploads/2026/07/2027年２月期-第１四半期決算短信〔日本基準〕連結.pdf,2027,"― 1,761 1,761
外部顧客への売上高 695,209 133,130 ― 828,340 5,136 833,476
（注）１．「その他」の区分は、報告セグメントに含まれない事業セグメントであり、持分法適用会社からの管理業
務料と当社相模原工場の一部敷地を貸与したことによる賃料収入であります。
２．「その他の収益」は、「リース取引に関する会計基準」（企業会計基準第13号）の適用範囲に含まれる不
動産賃貸収入であります。
株式会社東京衡機(7719) 2027年２月期 第１四半期決算短信
- 11 -
当第１四半期連結累計期間（自 2026年３月１日 至 2026年５月31日）
（単位：千円）
報告セグメント
その他
（注）１ 合計試験機
事業
エンジニア
リング事業
デジタル
事業
（注）３
計
試験機製品 665,820 ― ― 665,820 ― 665,820
試験機修理 193,892 ― ― 193,892 ― 193,892
その他の試験機 24,513 ― ― 24,513 ― 24,513
締結部材 ― 72,128 ― 72,128 ― 72,128
商品販売売上 ― ― 8,333 8,333 ― 8,333
商品販売保守売上 ― ― 23,047 23,047 ― 23,047
受託開発売上 ― ― 213,601 213,601 ― 213,601
その他デジタル売上 ― ― 23,666 23,666 ― 23,666
その他 ― ― ― ― 300 300
顧客との契約から生じる収益 884,226 72,128 268,649 1,225,003 300 1,225,303
その他の収益（注）２ ― ― ― ― 1,800 1,800
 外部顧客への売上高 884,226 72,128 268,649 1,225,003 2,100 1,227,103
（注）１．「その他」の区分は、報告セグメントに含まれない事業セグメントであり、持分法適用会社からの管理業
務料と当社相模原工場の一部敷地を貸与したことによる賃料収入であります。
２．「その他の収益」は、「リース取引に関する会計基準」（企業会計基準第13号）の適用範囲に含まれる不
動産賃貸収入であります。
３．2025年３月31日付で、㈱先端力学シミュレーション研究所の株式の過半数を取得したことにより、「デジ
タル事業」を新たに報告セグメントに追加しております。なお、前第１四半期連結累計期間においては、同
社の貸借対照表のみを連結しており、四半期連結損益計算書に同社の業績は含まれておりません。
（セグメント情報等の注記）
【セグメント情報】
前第１四半期連結累計期間(自 2025年３月１日 至 2025年５月31日)
１ 報告セグメントごとの売上高及び利益又は損失の金額に関する情報
（単位：千円）
報告セグメント
その他
（注）１ 合計 調整額
（注）２
四半期連結
損益計算書
計上額
（注）３
試験機
事業
エンジニア
リング事業
デジタル
事業 計
売上高
(1)外部顧客に
対する売上高 695,209 133,130 ― 828,340 5,136 833,476 ― 833,476
(2)セグメント間
の内部売上高 ― ― ― ― ― ― ― ―
計 695,209 133,"
7719,リング事業,21.89,external_customer_sales_table_v6,268649.0,1227103.0,http://tk100.jp/wp-content/uploads/2026/07/2027年２月期-第１四半期決算短信〔日本基準〕連結.pdf,2027,"― 1,761 1,761
外部顧客への売上高 695,209 133,130 ― 828,340 5,136 833,476
（注）１．「その他」の区分は、報告セグメントに含まれない事業セグメントであり、持分法適用会社からの管理業
務料と当社相模原工場の一部敷地を貸与したことによる賃料収入であります。
２．「その他の収益」は、「リース取引に関する会計基準」（企業会計基準第13号）の適用範囲に含まれる不
動産賃貸収入であります。
株式会社東京衡機(7719) 2027年２月期 第１四半期決算短信
- 11 -
当第１四半期連結累計期間（自 2026年３月１日 至 2026年５月31日）
（単位：千円）
報告セグメント
その他
（注）１ 合計試験機
事業
エンジニア
リング事業
デジタル
事業
（注）３
計
試験機製品 665,820 ― ― 665,820 ― 665,820
試験機修理 193,892 ― ― 193,892 ― 193,892
その他の試験機 24,513 ― ― 24,513 ― 24,513
締結部材 ― 72,128 ― 72,128 ― 72,128
商品販売売上 ― ― 8,333 8,333 ― 8,333
商品販売保守売上 ― ― 23,047 23,047 ― 23,047
受託開発売上 ― ― 213,601 213,601 ― 213,601
その他デジタル売上 ― ― 23,666 23,666 ― 23,666
その他 ― ― ― ― 300 300
顧客との契約から生じる収益 884,226 72,128 268,649 1,225,003 300 1,225,303
その他の収益（注）２ ― ― ― ― 1,800 1,800
 外部顧客への売上高 884,226 72,128 268,649 1,225,003 2,100 1,227,103
（注）１．「その他」の区分は、報告セグメントに含まれない事業セグメントであり、持分法適用会社からの管理業
務料と当社相模原工場の一部敷地を貸与したことによる賃料収入であります。
２．「その他の収益」は、「リース取引に関する会計基準」（企業会計基準第13号）の適用範囲に含まれる不
動産賃貸収入であります。
３．2025年３月31日付で、㈱先端力学シミュレーション研究所の株式の過半数を取得したことにより、「デジ
タル事業」を新たに報告セグメントに追加しております。なお、前第１四半期連結累計期間においては、同
社の貸借対照表のみを連結しており、四半期連結損益計算書に同社の業績は含まれておりません。
（セグメント情報等の注記）
【セグメント情報】
前第１四半期連結累計期間(自 2025年３月１日 至 2025年５月31日)
１ 報告セグメントごとの売上高及び利益又は損失の金額に関する情報
（単位：千円）
報告セグメント
その他
（注）１ 合計 調整額
（注）２
四半期連結
損益計算書
計上額
（注）３
試験機
事業
エンジニア
リング事業
デジタル
事業 計
売上高
(1)外部顧客に
対する売上高 695,209 133,130 ― 828,340 5,136 833,476 ― 833,476
(2)セグメント間
の内部売上高 ― ― ― ― ― ― ― ―
計 695,209 133,"
7719,事業,5.88,external_customer_sales_table_v6,72128.0,1227103.0,http://tk100.jp/wp-content/uploads/2026/07/2027年２月期-第１四半期決算短信〔日本基準〕連結.pdf,2027,"― 1,761 1,761
外部顧客への売上高 695,209 133,130 ― 828,340 5,136 833,476
（注）１．「その他」の区分は、報告セグメントに含まれない事業セグメントであり、持分法適用会社からの管理業
務料と当社相模原工場の一部敷地を貸与したことによる賃料収入であります。
２．「その他の収益」は、「リース取引に関する会計基準」（企業会計基準第13号）の適用範囲に含まれる不
動産賃貸収入であります。
株式会社東京衡機(7719) 2027年２月期 第１四半期決算短信
- 11 -
当第１四半期連結累計期間（自 2026年３月１日 至 2026年５月31日）
（単位：千円）
報告セグメント
その他
（注）１ 合計試験機
事業
エンジニア
リング事業
デジタル
事業
（注）３
計
試験機製品 665,820 ― ― 665,820 ― 665,820
試験機修理 193,892 ― ― 193,892 ― 193,892
その他の試験機 24,513 ― ― 24,513 ― 24,513
締結部材 ― 72,128 ― 72,128 ― 72,128
商品販売売上 ― ― 8,333 8,333 ― 8,333
商品販売保守売上 ― ― 23,047 23,047 ― 23,047
受託開発売上 ― ― 213,601 213,601 ― 213,601
その他デジタル売上 ― ― 23,666 23,666 ― 23,666
その他 ― ― ― ― 300 300
顧客との契約から生じる収益 884,226 72,128 268,649 1,225,003 300 1,225,303
その他の収益（注）２ ― ― ― ― 1,800 1,800
 外部顧客への売上高 884,226 72,128 268,649 1,225,003 2,100 1,227,103
（注）１．「その他」の区分は、報告セグメントに含まれない事業セグメントであり、持分法適用会社からの管理業
務料と当社相模原工場の一部敷地を貸与したことによる賃料収入であります。
２．「その他の収益」は、「リース取引に関する会計基準」（企業会計基準第13号）の適用範囲に含まれる不
動産賃貸収入であります。
３．2025年３月31日付で、㈱先端力学シミュレーション研究所の株式の過半数を取得したことにより、「デジ
タル事業」を新たに報告セグメントに追加しております。なお、前第１四半期連結累計期間においては、同
社の貸借対照表のみを連結しており、四半期連結損益計算書に同社の業績は含まれておりません。
（セグメント情報等の注記）
【セグメント情報】
前第１四半期連結累計期間(自 2025年３月１日 至 2025年５月31日)
１ 報告セグメントごとの売上高及び利益又は損失の金額に関する情報
（単位：千円）
報告セグメント
その他
（注）１ 合計 調整額
（注）２
四半期連結
損益計算書
計上額
（注）３
試験機
事業
エンジニア
リング事業
デジタル
事業 計
売上高
(1)外部顧客に
対する売上高 695,209 133,130 ― 828,340 5,136 833,476 ― 833,476
(2)セグメント間
の内部売上高 ― ― ― ― ― ― ― ―
計 695,209 133,"
7745,主に管理部門,4.46,external_customer_sales_table_v6,40.0,897.0,https://andholon.com/wp-content/uploads/2026/08/holdings_tanshin_20260805_jp.pdf,2027,",438 6,229
セグメント間の内部売上高
又は振替高 912 19 － 784 1,717
計 4,469 1,115 139 2,223 7,947
セグメント利益又は損失(△) △52 △47 △7 163 56
医療・健康機器事業 調整額
(注１)
四半期連結
損益計算書
計上額
(注２)日本 米州 欧州 アジア・
オセアニア 計
売上高
外部顧客への売上高 936 2,442 1,905 152 5,436 － 14,555
セグメント間の内部売上高
又は振替高 2,936 1 － 1,731 4,669 △6,386 －
計 3,872 2,444 1,905 1,883 10,106 △6,386 14,555
セグメント利益又は損失(△) 702 △3 △139 49 608 △338 1,332
(注) １．セグメント利益又は損失の調整額△338百万円には、各報告セグメントに配分していない全社費用△473百万
円及び報告セグメント間の取引における棚卸資産の未実現利益の調整145百万円が含まれております。全社
費用は、主に管理部門に係る一般管理費であります。
２．セグメント利益又は損失は、四半期連結損益計算書の営業利益と調整を行っております。
２．報告セグメントごとの固定資産の減損損失又はのれん等に関する情報
該当事項はありません。
株式会社Ａ＆Ｄホロンホールディングス(7745) 2027年３月期 第１四半期決算短信
10
Ⅱ 当第１四半期連結累計期間(自 2026年４月１日 至 2026年６月30日)
１．報告セグメントごとの売上高及び利益又は損失の金額に関する情報
(単位：百万円)
半導体関連事業
日本 米州 欧州 アジア・
オセアニア 計
売上高
 外部顧客への売上高 845 40 － 11 897
セグメント間の内部売上高
又は振替高 32 － － － 32
計 878 40 － 11 930
セグメント利益又は損失(△) △139 13 － 3 △122
計測・計量機器事業
日本 米州 欧州 アジア・
オセアニア 計
売上高
外部顧客への売上高 3,816 1,137 175 1,649 6,779
セグメント間の内部売上高
又は振替高 722 21 － 905 1,649
計 4,539 1,159 175 2,554 8,428
セグメント利益又は損失(△) 112 △183 33 206 170
医療・健康機器事業 調整額
(注１)
四半期連結
損益計算書
計上額
(注２)日本 米州 欧州 アジア・
オセアニア 計
売上高
外部顧客への売上高 1,083 3,096 2,340 185 6,705 － 14,382
セグメント間の内部売上高
又は振替高 3,704 1 0 2,343 6,050 △7,731 －
計 4,788 3,097 2,341 2,528 12,755 △7,731 14,382
セグメント利益又は損失(△) 1,026 △26 71 63 1,134 △559 622
(注) １．セグメント利益又は損失の調整額△559百万円には、各報告セグメントに配分していない全社費用△564百万
円及び報告セグメント間の取引における棚卸資産の未実現利益消去△7百万円が含まれております。全社費
用は、主に管理部門に係る一"
7745,医療・健康機器事業,94.20,external_customer_sales_table_v6,845.0,897.0,https://andholon.com/wp-content/uploads/2026/08/holdings_tanshin_20260805_jp.pdf,2027,",438 6,229
セグメント間の内部売上高
又は振替高 912 19 － 784 1,717
計 4,469 1,115 139 2,223 7,947
セグメント利益又は損失(△) △52 △47 △7 163 56
医療・健康機器事業 調整額
(注１)
四半期連結
損益計算書
計上額
(注２)日本 米州 欧州 アジア・
オセアニア 計
売上高
外部顧客への売上高 936 2,442 1,905 152 5,436 － 14,555
セグメント間の内部売上高
又は振替高 2,936 1 － 1,731 4,669 △6,386 －
計 3,872 2,444 1,905 1,883 10,106 △6,386 14,555
セグメント利益又は損失(△) 702 △3 △139 49 608 △338 1,332
(注) １．セグメント利益又は損失の調整額△338百万円には、各報告セグメントに配分していない全社費用△473百万
円及び報告セグメント間の取引における棚卸資産の未実現利益の調整145百万円が含まれております。全社
費用は、主に管理部門に係る一般管理費であります。
２．セグメント利益又は損失は、四半期連結損益計算書の営業利益と調整を行っております。
２．報告セグメントごとの固定資産の減損損失又はのれん等に関する情報
該当事項はありません。
株式会社Ａ＆Ｄホロンホールディングス(7745) 2027年３月期 第１四半期決算短信
10
Ⅱ 当第１四半期連結累計期間(自 2026年４月１日 至 2026年６月30日)
１．報告セグメントごとの売上高及び利益又は損失の金額に関する情報
(単位：百万円)
半導体関連事業
日本 米州 欧州 アジア・
オセアニア 計
売上高
 外部顧客への売上高 845 40 － 11 897
セグメント間の内部売上高
又は振替高 32 － － － 32
計 878 40 － 11 930
セグメント利益又は損失(△) △139 13 － 3 △122
計測・計量機器事業
日本 米州 欧州 アジア・
オセアニア 計
売上高
外部顧客への売上高 3,816 1,137 175 1,649 6,779
セグメント間の内部売上高
又は振替高 722 21 － 905 1,649
計 4,539 1,159 175 2,554 8,428
セグメント利益又は損失(△) 112 △183 33 206 170
医療・健康機器事業 調整額
(注１)
四半期連結
損益計算書
計上額
(注２)日本 米州 欧州 アジア・
オセアニア 計
売上高
外部顧客への売上高 1,083 3,096 2,340 185 6,705 － 14,382
セグメント間の内部売上高
又は振替高 3,704 1 0 2,343 6,050 △7,731 －
計 4,788 3,097 2,341 2,528 12,755 △7,731 14,382
セグメント利益又は損失(△) 1,026 △26 71 63 1,134 △559 622
(注) １．セグメント利益又は損失の調整額△559百万円には、各報告セグメントに配分していない全社費用△564百万
円及び報告セグメント間の取引における棚卸資産の未実現利益消去△7百万円が含まれております。全社費
用は、主に管理部門に係る一"
7745,半導体関連事業,1.23,external_customer_sales_table_v6,11.0,897.0,https://andholon.com/wp-content/uploads/2026/08/holdings_tanshin_20260805_jp.pdf,2027,",438 6,229
セグメント間の内部売上高
又は振替高 912 19 － 784 1,717
計 4,469 1,115 139 2,223 7,947
セグメント利益又は損失(△) △52 △47 △7 163 56
医療・健康機器事業 調整額
(注１)
四半期連結
損益計算書
計上額
(注２)日本 米州 欧州 アジア・
オセアニア 計
売上高
外部顧客への売上高 936 2,442 1,905 152 5,436 － 14,555
セグメント間の内部売上高
又は振替高 2,936 1 － 1,731 4,669 △6,386 －
計 3,872 2,444 1,905 1,883 10,106 △6,386 14,555
セグメント利益又は損失(△) 702 △3 △139 49 608 △338 1,332
(注) １．セグメント利益又は損失の調整額△338百万円には、各報告セグメントに配分していない全社費用△473百万
円及び報告セグメント間の取引における棚卸資産の未実現利益の調整145百万円が含まれております。全社
費用は、主に管理部門に係る一般管理費であります。
２．セグメント利益又は損失は、四半期連結損益計算書の営業利益と調整を行っております。
２．報告セグメントごとの固定資産の減損損失又はのれん等に関する情報
該当事項はありません。
株式会社Ａ＆Ｄホロンホールディングス(7745) 2027年３月期 第１四半期決算短信
10
Ⅱ 当第１四半期連結累計期間(自 2026年４月１日 至 2026年６月30日)
１．報告セグメントごとの売上高及び利益又は損失の金額に関する情報
(単位：百万円)
半導体関連事業
日本 米州 欧州 アジア・
オセアニア 計
売上高
 外部顧客への売上高 845 40 － 11 897
セグメント間の内部売上高
又は振替高 32 － － － 32
計 878 40 － 11 930
セグメント利益又は損失(△) △139 13 － 3 △122
計測・計量機器事業
日本 米州 欧州 アジア・
オセアニア 計
売上高
外部顧客への売上高 3,816 1,137 175 1,649 6,779
セグメント間の内部売上高
又は振替高 722 21 － 905 1,649
計 4,539 1,159 175 2,554 8,428
セグメント利益又は損失(△) 112 △183 33 206 170
医療・健康機器事業 調整額
(注１)
四半期連結
損益計算書
計上額
(注２)日本 米州 欧州 アジア・
オセアニア 計
売上高
外部顧客への売上高 1,083 3,096 2,340 185 6,705 － 14,382
セグメント間の内部売上高
又は振替高 3,704 1 0 2,343 6,050 △7,731 －
計 4,788 3,097 2,341 2,528 12,755 △7,731 14,382
セグメント利益又は損失(△) 1,026 △26 71 63 1,134 △559 622
(注) １．セグメント利益又は損失の調整額△559百万円には、各報告セグメントに配分していない全社費用△564百万
円及び報告セグメント間の取引における棚卸資産の未実現利益消去△7百万円が含まれております。全社費
用は、主に管理部門に係る一"
7795,ション事業,89.00,external_customer_sales_table_v6,9680872.0,10877680.0,https://www.kyoritsu-hd.co.jp/docs/ir/pdf/202703/accounts202703_1Q.pdf,2027,"四半期連結
損益計算書計上額販促ソリュー
ション事業
コンテンツ
事業 環境事業 合計
売上高
顧客との契約から生
じる収益 8,970,405 584,000 344,679 9,899,084 － 9,899,084
外部顧客への売上高 8,970,405 584,000 344,679 9,899,084 － 9,899,084
セグメント間の内部
売上高又は振替高 － 1,751 8,016 9,768 △9,768 －
計 8,970,405 585,752 352,695 9,908,852 △9,768 9,899,084
セグメント利益 239,844 25,743 41,003 306,591 △86,128 220,463
（注）１.セグメント利益の調整額△86,128千円は、全社収益61,476千円、のれん償却額△46,051千円、子会社の取得
関連費用△25,000千円、各報告セグメントに配分していない全社費用△76,553千円が含まれています。なお
全社収益はグループ会社からの経営指導料等であり、全社費用は当社のグループ経営管理に係る費用であり
ます。
２.セグメント利益は、四半期連結損益計算書の営業利益と一致しております。
当第１四半期連結累計期間(自 2026年４月１日 至 2026年６月30日)
１．報告セグメントごとの売上高及び利益又は損失の金額に関する情報並びに収益の分解情報
(単位：千円)
報告セグメント
調整額 四半期連結
損益計算書計上額販促ソリュー
ション事業
コンテンツ
事業 環境事業 合計
売上高
顧客との契約から生
じる収益 9,680,872 607,926 588,881 10,877,680 － 10,877,680
 外部顧客への売上高 9,680,872 607,926 588,881 10,877,680 － 10,877,680
セグメント間の内部
売上高又は振替高 － 919 9,481 10,400 △10,400 －
計 9,680,872 608,845 598,363 10,888,081 △10,400 10,877,680
セグメント利益 270,120 52,233 98,549 420,904 △138,583 282,321
（注）１.セグメント利益の調整額△138,583千円は、全社収益71,376千円、のれん償却額△60,478千円、子会社の取
得関連費用△55,441千円、各報告セグメントに配分していない全社費用△94,040千円が含まれています。な
お、全社収益はグループ会社からの経営指導料等であり、全社費用は当社のグループ経営管理に係る費用で
あります。
２.セグメント利益は、四半期連結損益計算書の営業利益と一致しております。
株式会社ＫＹＯＲＩＴＳＵ(7795) 2027年３月期 第１四半期決算短信
― 9 ―
２．報告セグメントの変更等に関する事項
当社グループは、経済環境や市況の変化に対応するためセグメント区分の戦略的リビルドを行い、当第１四半期
連結会計期間より業務管理区分を次のとおりに変更しております。「情報デジタル事業」「プリントメディア事
業」「BPO事業」を統合し「販促ソリューション事業」とし、「情報デジタル事業」に含まれておりました電子書籍
事業、IP関連事"
7795,事業,5.59,external_customer_sales_table_v6,607926.0,10877680.0,https://www.kyoritsu-hd.co.jp/docs/ir/pdf/202703/accounts202703_1Q.pdf,2027,"四半期連結
損益計算書計上額販促ソリュー
ション事業
コンテンツ
事業 環境事業 合計
売上高
顧客との契約から生
じる収益 8,970,405 584,000 344,679 9,899,084 － 9,899,084
外部顧客への売上高 8,970,405 584,000 344,679 9,899,084 － 9,899,084
セグメント間の内部
売上高又は振替高 － 1,751 8,016 9,768 △9,768 －
計 8,970,405 585,752 352,695 9,908,852 △9,768 9,899,084
セグメント利益 239,844 25,743 41,003 306,591 △86,128 220,463
（注）１.セグメント利益の調整額△86,128千円は、全社収益61,476千円、のれん償却額△46,051千円、子会社の取得
関連費用△25,000千円、各報告セグメントに配分していない全社費用△76,553千円が含まれています。なお
全社収益はグループ会社からの経営指導料等であり、全社費用は当社のグループ経営管理に係る費用であり
ます。
２.セグメント利益は、四半期連結損益計算書の営業利益と一致しております。
当第１四半期連結累計期間(自 2026年４月１日 至 2026年６月30日)
１．報告セグメントごとの売上高及び利益又は損失の金額に関する情報並びに収益の分解情報
(単位：千円)
報告セグメント
調整額 四半期連結
損益計算書計上額販促ソリュー
ション事業
コンテンツ
事業 環境事業 合計
売上高
顧客との契約から生
じる収益 9,680,872 607,926 588,881 10,877,680 － 10,877,680
 外部顧客への売上高 9,680,872 607,926 588,881 10,877,680 － 10,877,680
セグメント間の内部
売上高又は振替高 － 919 9,481 10,400 △10,400 －
計 9,680,872 608,845 598,363 10,888,081 △10,400 10,877,680
セグメント利益 270,120 52,233 98,549 420,904 △138,583 282,321
（注）１.セグメント利益の調整額△138,583千円は、全社収益71,376千円、のれん償却額△60,478千円、子会社の取
得関連費用△55,441千円、各報告セグメントに配分していない全社費用△94,040千円が含まれています。な
お、全社収益はグループ会社からの経営指導料等であり、全社費用は当社のグループ経営管理に係る費用で
あります。
２.セグメント利益は、四半期連結損益計算書の営業利益と一致しております。
株式会社ＫＹＯＲＩＴＳＵ(7795) 2027年３月期 第１四半期決算短信
― 9 ―
２．報告セグメントの変更等に関する事項
当社グループは、経済環境や市況の変化に対応するためセグメント区分の戦略的リビルドを行い、当第１四半期
連結会計期間より業務管理区分を次のとおりに変更しております。「情報デジタル事業」「プリントメディア事
業」「BPO事業」を統合し「販促ソリューション事業」とし、「情報デジタル事業」に含まれておりました電子書籍
事業、IP関連事"
7795,環境事業,5.41,external_customer_sales_table_v6,588881.0,10877680.0,https://www.kyoritsu-hd.co.jp/docs/ir/pdf/202703/accounts202703_1Q.pdf,2027,"四半期連結
損益計算書計上額販促ソリュー
ション事業
コンテンツ
事業 環境事業 合計
売上高
顧客との契約から生
じる収益 8,970,405 584,000 344,679 9,899,084 － 9,899,084
外部顧客への売上高 8,970,405 584,000 344,679 9,899,084 － 9,899,084
セグメント間の内部
売上高又は振替高 － 1,751 8,016 9,768 △9,768 －
計 8,970,405 585,752 352,695 9,908,852 △9,768 9,899,084
セグメント利益 239,844 25,743 41,003 306,591 △86,128 220,463
（注）１.セグメント利益の調整額△86,128千円は、全社収益61,476千円、のれん償却額△46,051千円、子会社の取得
関連費用△25,000千円、各報告セグメントに配分していない全社費用△76,553千円が含まれています。なお
全社収益はグループ会社からの経営指導料等であり、全社費用は当社のグループ経営管理に係る費用であり
ます。
２.セグメント利益は、四半期連結損益計算書の営業利益と一致しております。
当第１四半期連結累計期間(自 2026年４月１日 至 2026年６月30日)
１．報告セグメントごとの売上高及び利益又は損失の金額に関する情報並びに収益の分解情報
(単位：千円)
報告セグメント
調整額 四半期連結
損益計算書計上額販促ソリュー
ション事業
コンテンツ
事業 環境事業 合計
売上高
顧客との契約から生
じる収益 9,680,872 607,926 588,881 10,877,680 － 10,877,680
 外部顧客への売上高 9,680,872 607,926 588,881 10,877,680 － 10,877,680
セグメント間の内部
売上高又は振替高 － 919 9,481 10,400 △10,400 －
計 9,680,872 608,845 598,363 10,888,081 △10,400 10,877,680
セグメント利益 270,120 52,233 98,549 420,904 △138,583 282,321
（注）１.セグメント利益の調整額△138,583千円は、全社収益71,376千円、のれん償却額△60,478千円、子会社の取
得関連費用△55,441千円、各報告セグメントに配分していない全社費用△94,040千円が含まれています。な
お、全社収益はグループ会社からの経営指導料等であり、全社費用は当社のグループ経営管理に係る費用で
あります。
２.セグメント利益は、四半期連結損益計算書の営業利益と一致しております。
株式会社ＫＹＯＲＩＴＳＵ(7795) 2027年３月期 第１四半期決算短信
― 9 ―
２．報告セグメントの変更等に関する事項
当社グループは、経済環境や市況の変化に対応するためセグメント区分の戦略的リビルドを行い、当第１四半期
連結会計期間より業務管理区分を次のとおりに変更しております。「情報デジタル事業」「プリントメディア事
業」「BPO事業」を統合し「販促ソリューション事業」とし、「情報デジタル事業」に含まれておりました電子書籍
事業、IP関連事"
7822,及び一般管理部門,0.01,external_customer_sales_table_v6,2.0,14233.0,https://www.eidai.com/profile/data/202606251000_1.pdf,2026,"ります。
２．セグメント利益又は損失の調整額は、主に報告セグメントに帰属しない一般管理費であります。
３．セグメント資産の調整額は、提出会社の余資運用資金（現金及び預金）、長期投資資金（投資有価証
券）及び一般管理部門に係る資産等であります。
４．減価償却費には長期前払費用の償却額等が含まれております。
５．減価償却費の調整額は、主に各報告セグメントに配分していない全社費用であります。
６．有形固定資産及び無形固定資産の増加額の調整額は、主に各報告セグメントに配分していない全社資産
の増加額であります。
７．セグメント利益又は損失は連結損益計算書の営業利益と調整を行っております。
 
【関連情報】
前連結会計年度（自 2024年４月１日 至 2025年３月31日）
１．製品及びサービスごとの情報
 報告セグメントと同一区分のため、記載を省略しております。
２．地域ごとの情報
(1）売上高
本邦以外の外部顧客への売上高は、重要性が乏しいため記載を省略しております。
 
(2）有形固定資産
本邦以外に所在している有形固定資産の金額は、重要性が乏しいため記載を省略しております。
 
 
３．主要な顧客ごとの情報
（単位：百万円） 
顧客の名称又は氏名 売上高 関連するセグメント名
住友林業株式会社 12,998 住宅資材、木質ボード
ＳＭＢ建材株式会社 9,992 住宅資材、木質ボード
 
 
EDINET提出書類
永大産業株式会社(E00631)
有価証券報告書
 80/105
当連結会計年度（自 2025年４月１日 至 2026年３月31日）
１．製品及びサービスごとの情報
 報告セグメントと同一区分のため、記載を省略しております。
２．地域ごとの情報
(1）売上高
本邦以外の 外部顧客への売上高 は、重要性が乏しいため記載を省略しております。
 
(2）有形固定資産
本邦以外に所在している有形固定資産の金額は、重要性が乏しいため記載を省略しております。
 
 
３．主要な顧客ごとの情報
（単位：百万円） 
顧客の名称又は氏名 売上高 関連するセグメント名
住友林業株式会社 14,233 住宅資材、木質ボード
ＳＭＢ建材株式会社 9,532 住宅資材、木質ボード
 
【報告セグメントごとの固定資産の減損損失に関する情報】
前連結会計年度（自 2024年４月１日 至 2025年３月31日）
 （単位：百万円）
 住宅資材 木質ボード その他 調整額 合計
減損損失 － 28 － － 28
 
当連結会計年度（自 2025年４月１日 至 2026年３月31日）
 （単位：百万円）
 住宅資材 木質ボード その他 調整額 合計
減損損失 0 5,170 － － 5,171
 
【報告セグメントごとののれんの償却額及び未償却残高に関する情報】
該当事項はありません。
なお、2010年４月１日前に行われた企業結合により発生した負ののれんの償却額及び未償却残高は、以下のと
おりであります。
 
前連結会計年度（自 2024年４月１日 至 2025年３月31日）
 （単位：百万円）
 住宅資材 木質ボード その他 調整額 合計
当期償却額 10 18 － － 29
当期末残高 6 12 － － 18
 
当連結会計年度（自 2025年４月１日 至 2026年３月3"
7822,製品及びサービス,100.00,external_customer_sales_table_v6,14233.0,14233.0,https://www.eidai.com/profile/data/202606251000_1.pdf,2026,"ります。
２．セグメント利益又は損失の調整額は、主に報告セグメントに帰属しない一般管理費であります。
３．セグメント資産の調整額は、提出会社の余資運用資金（現金及び預金）、長期投資資金（投資有価証
券）及び一般管理部門に係る資産等であります。
４．減価償却費には長期前払費用の償却額等が含まれております。
５．減価償却費の調整額は、主に各報告セグメントに配分していない全社費用であります。
６．有形固定資産及び無形固定資産の増加額の調整額は、主に各報告セグメントに配分していない全社資産
の増加額であります。
７．セグメント利益又は損失は連結損益計算書の営業利益と調整を行っております。
 
【関連情報】
前連結会計年度（自 2024年４月１日 至 2025年３月31日）
１．製品及びサービスごとの情報
 報告セグメントと同一区分のため、記載を省略しております。
２．地域ごとの情報
(1）売上高
本邦以外の外部顧客への売上高は、重要性が乏しいため記載を省略しております。
 
(2）有形固定資産
本邦以外に所在している有形固定資産の金額は、重要性が乏しいため記載を省略しております。
 
 
３．主要な顧客ごとの情報
（単位：百万円） 
顧客の名称又は氏名 売上高 関連するセグメント名
住友林業株式会社 12,998 住宅資材、木質ボード
ＳＭＢ建材株式会社 9,992 住宅資材、木質ボード
 
 
EDINET提出書類
永大産業株式会社(E00631)
有価証券報告書
 80/105
当連結会計年度（自 2025年４月１日 至 2026年３月31日）
１．製品及びサービスごとの情報
 報告セグメントと同一区分のため、記載を省略しております。
２．地域ごとの情報
(1）売上高
本邦以外の 外部顧客への売上高 は、重要性が乏しいため記載を省略しております。
 
(2）有形固定資産
本邦以外に所在している有形固定資産の金額は、重要性が乏しいため記載を省略しております。
 
 
３．主要な顧客ごとの情報
（単位：百万円） 
顧客の名称又は氏名 売上高 関連するセグメント名
住友林業株式会社 14,233 住宅資材、木質ボード
ＳＭＢ建材株式会社 9,532 住宅資材、木質ボード
 
【報告セグメントごとの固定資産の減損損失に関する情報】
前連結会計年度（自 2024年４月１日 至 2025年３月31日）
 （単位：百万円）
 住宅資材 木質ボード その他 調整額 合計
減損損失 － 28 － － 28
 
当連結会計年度（自 2025年４月１日 至 2026年３月31日）
 （単位：百万円）
 住宅資材 木質ボード その他 調整額 合計
減損損失 0 5,170 － － 5,171
 
【報告セグメントごとののれんの償却額及び未償却残高に関する情報】
該当事項はありません。
なお、2010年４月１日前に行われた企業結合により発生した負ののれんの償却額及び未償却残高は、以下のと
おりであります。
 
前連結会計年度（自 2024年４月１日 至 2025年３月31日）
 （単位：百万円）
 住宅資材 木質ボード その他 調整額 合計
当期償却額 10 18 － － 29
当期末残高 6 12 － － 18
 
当連結会計年度（自 2025年４月１日 至 2026年３月3"
7856,加工製品事業,84.88,external_customer_sales_table_v6,13344953.0,15721805.0,https://www.hagihara.co.jp/cms/wp-content/uploads/2602Q_tanshin_jp.pdf,2026,"58,817
オセアニア 410,138 － 410,138 － 410,138
アフリカ 2,964 1,154 4,119 － 4,119
顧客との契約から生じる収益 13,123,134 3,277,856 16,400,991 － 16,400,991
その他の収益 － － － － －
外部顧客への売上高 13,123,134 3,277,856 16,400,991 － 16,400,991
セグメント間の内部売上高又は
振替高 － 70,789 70,789 △70,789 －
計 13,123,134 3,348,646 16,471,780 △70,789 16,400,991
セグメント利益 630,649 268,737 899,387 － 899,387
（単位：千円）
報告セグメント
調整額
中間連結損益
計算書計上額
（注）合成樹脂
加工製品事業 機械製品事業 計
売上高
日本 9,233,994 1,838,161 11,072,155 － 11,072,155
アジア 1,547,286 389,853 1,937,140 － 1,937,140
北アメリカ 838,995 148,836 987,832 － 987,832
南アメリカ 1,015,965 － 1,015,965 － 1,015,965
ヨーロッパ 260,730 － 260,730 － 260,730
オセアニア 435,216 － 435,216 － 435,216
アフリカ 12,763 － 12,763 － 12,763
顧客との契約から生じる収益 13,344,953 2,376,851 15,721,805 － 15,721,805
その他の収益 － － － － －
 外部顧客への売上高 13,344,953 2,376,851 15,721,805 － 15,721,805
セグメント間の内部売上高又は
振替高 － 11,947 11,947 △11,947 －
計 13,344,953 2,388,799 15,733,753 △11,947 15,721,805
セグメント利益 652,258 262,036 914,295 － 914,295
（セグメント情報等の注記）
【セグメント情報】
Ⅰ 前中間連結会計期間（自 2024年11月１日 至 2025年４月30日）
 １．報告セグメントごとの売上高及び利益又は損失の金額に関する情報並びに収益の分解情報
（注）セグメント利益は、中間連結損益計算書の営業利益と一致しております。
Ⅱ 当中間連結会計期間（自 2025年11月１日 至 2026年４月30日）
 １．報告セグメントごとの売上高及び利益又は損失の金額に関する情報並びに収益の分解情報
（注）セグメント利益は、中間連結損益計算書の営業利益と一致しております。
- 10 -
萩原工業㈱ （7856） 2026年10月期 第２四半期（中間期）決算短信
（株主資本の金額に著しい変動があった場合の注記）
該当事項はありません。
（継続企業の前提に関する注記）
該当事項はありません。
（重要な後発事象）
該当事項はありません。
- 11 -
萩原工業㈱ （7856） 2026年10月期 第２四半期（中間期）決算短信"
7856,機械製品事業,15.12,external_customer_sales_table_v6,2376851.0,15721805.0,https://www.hagihara.co.jp/cms/wp-content/uploads/2602Q_tanshin_jp.pdf,2026,"58,817
オセアニア 410,138 － 410,138 － 410,138
アフリカ 2,964 1,154 4,119 － 4,119
顧客との契約から生じる収益 13,123,134 3,277,856 16,400,991 － 16,400,991
その他の収益 － － － － －
外部顧客への売上高 13,123,134 3,277,856 16,400,991 － 16,400,991
セグメント間の内部売上高又は
振替高 － 70,789 70,789 △70,789 －
計 13,123,134 3,348,646 16,471,780 △70,789 16,400,991
セグメント利益 630,649 268,737 899,387 － 899,387
（単位：千円）
報告セグメント
調整額
中間連結損益
計算書計上額
（注）合成樹脂
加工製品事業 機械製品事業 計
売上高
日本 9,233,994 1,838,161 11,072,155 － 11,072,155
アジア 1,547,286 389,853 1,937,140 － 1,937,140
北アメリカ 838,995 148,836 987,832 － 987,832
南アメリカ 1,015,965 － 1,015,965 － 1,015,965
ヨーロッパ 260,730 － 260,730 － 260,730
オセアニア 435,216 － 435,216 － 435,216
アフリカ 12,763 － 12,763 － 12,763
顧客との契約から生じる収益 13,344,953 2,376,851 15,721,805 － 15,721,805
その他の収益 － － － － －
 外部顧客への売上高 13,344,953 2,376,851 15,721,805 － 15,721,805
セグメント間の内部売上高又は
振替高 － 11,947 11,947 △11,947 －
計 13,344,953 2,388,799 15,733,753 △11,947 15,721,805
セグメント利益 652,258 262,036 914,295 － 914,295
（セグメント情報等の注記）
【セグメント情報】
Ⅰ 前中間連結会計期間（自 2024年11月１日 至 2025年４月30日）
 １．報告セグメントごとの売上高及び利益又は損失の金額に関する情報並びに収益の分解情報
（注）セグメント利益は、中間連結損益計算書の営業利益と一致しております。
Ⅱ 当中間連結会計期間（自 2025年11月１日 至 2026年４月30日）
 １．報告セグメントごとの売上高及び利益又は損失の金額に関する情報並びに収益の分解情報
（注）セグメント利益は、中間連結損益計算書の営業利益と一致しております。
- 10 -
萩原工業㈱ （7856） 2026年10月期 第２四半期（中間期）決算短信
（株主資本の金額に著しい変動があった場合の注記）
該当事項はありません。
（継続企業の前提に関する注記）
該当事項はありません。
（重要な後発事象）
該当事項はありません。
- 11 -
萩原工業㈱ （7856） 2026年10月期 第２四半期（中間期）決算短信"
7872,報告されている事業,7.16,external_customer_sales_table_v6,2239.0,31271.0,https://www.estelle.co.jp/wp_manager/wp-content/uploads/2026/05/2026年3月期決算短信.pdf,2026,"支配株主からの払込みによる収入 62 306
財務活動によるキャッシュ・フロー △999 △608
現金及び現金同等物に係る換算差額 17 △14
現金及び現金同等物の増減額（△は減少） △1,171 18
現金及び現金同等物の期首残高 6,263 5,092
現金及び現金同等物の期末残高 5,092 5,111
エステールホールディングス株式会社(7872) 2026年３月期 決算短信
12
（５）連結財務諸表に関する注記事項
(継続企業の前提に関する注記)
該当事項はありません。
(セグメント情報等)
【セグメント情報】
１．報告セグメントの概要
当社の報告セグメントは、当社グループの構成単位のうち分離された財務情報が入手可能であり、取締役会が、経
営資源の配分の決定及び業績を評価するために、定期的に検討を行う対象となっているものであります。
当社グループは、主に宝飾品の製造販売、眼鏡の製造販売及び食品販売・飲食店事業を営んでおります。したがっ
て、当社は「宝飾品」、「眼鏡」及び「食品販売・飲食店事業」を報告セグメントとしております。
２．報告セグメントごとの売上高、利益又は損失、資産、負債その他の項目の金額の算定方法
報告されている事業セグメントの会計処理の方法は、連結財務諸表作成のために採用される会計方針に準拠した方
法であります。
報告セグメントの利益は、営業利益ベースの数値であります。
３．報告セグメントごとの売上高、利益又は損失、資産、負債その他の項目の金額に関する情報
前連結会計年度(自 2024年４月１日 至 2025年３月31日)
(単位：百万円)
報告セグメント
合計 調整額(注)１ 連結財務諸表
計上額(注)２宝飾品 眼鏡 食品販売・
飲食店
売上高
 外部顧客への売上高 25,806 3,224 2,239 31,271 － 31,271
セグメント間の内部売上高
又は振替高 － － － － － －
計 25,806 3,224 2,239 31,271 － 31,271
セグメント利益又は損失(△) 297 205 △318 184 3 188
セグメント資産 27,391 2,296 673 30,361 △487 29,873
セグメント負債 16,923 465 246 17,635 △0 17,634
その他の項目
減価償却費 239 109 33 382 － 382
有形固定資産及び
無形固定資産の増加額 341 123 22 488 － 488
(注) １．セグメント利益又は損失(△)の調整額３百万円は、セグメント間取引消去であり、セグメント資産の調整額
△487百万円及びセグメント負債の調整額△０百万円は、セグメント間債権債務消去等であります。
２．セグメント利益又は損失(△)は、連結財務諸表の営業利益と調整を行っています。
エステールホールディングス株式会社(7872) 2026年３月期 決算短信
13
当連結会計年度(自 2025年４月１日 至 2026年３月31日)
(単位：百万円)
報告セグメント
合計 調整額(注)１ 連結財務諸表
計上額(注)２宝飾品 眼鏡 食品販売・
飲食店
売上高
外部顧客への売上高 27,498 4,253 2,138 33,890 － 33,890
セグメント間の内部売上高
又は振替高 － －"
7872,眼鏡の製造販売及び食品販売・飲食店事業,82.52,external_customer_sales_table_v6,25806.0,31271.0,https://www.estelle.co.jp/wp_manager/wp-content/uploads/2026/05/2026年3月期決算短信.pdf,2026,"支配株主からの払込みによる収入 62 306
財務活動によるキャッシュ・フロー △999 △608
現金及び現金同等物に係る換算差額 17 △14
現金及び現金同等物の増減額（△は減少） △1,171 18
現金及び現金同等物の期首残高 6,263 5,092
現金及び現金同等物の期末残高 5,092 5,111
エステールホールディングス株式会社(7872) 2026年３月期 決算短信
12
（５）連結財務諸表に関する注記事項
(継続企業の前提に関する注記)
該当事項はありません。
(セグメント情報等)
【セグメント情報】
１．報告セグメントの概要
当社の報告セグメントは、当社グループの構成単位のうち分離された財務情報が入手可能であり、取締役会が、経
営資源の配分の決定及び業績を評価するために、定期的に検討を行う対象となっているものであります。
当社グループは、主に宝飾品の製造販売、眼鏡の製造販売及び食品販売・飲食店事業を営んでおります。したがっ
て、当社は「宝飾品」、「眼鏡」及び「食品販売・飲食店事業」を報告セグメントとしております。
２．報告セグメントごとの売上高、利益又は損失、資産、負債その他の項目の金額の算定方法
報告されている事業セグメントの会計処理の方法は、連結財務諸表作成のために採用される会計方針に準拠した方
法であります。
報告セグメントの利益は、営業利益ベースの数値であります。
３．報告セグメントごとの売上高、利益又は損失、資産、負債その他の項目の金額に関する情報
前連結会計年度(自 2024年４月１日 至 2025年３月31日)
(単位：百万円)
報告セグメント
合計 調整額(注)１ 連結財務諸表
計上額(注)２宝飾品 眼鏡 食品販売・
飲食店
売上高
 外部顧客への売上高 25,806 3,224 2,239 31,271 － 31,271
セグメント間の内部売上高
又は振替高 － － － － － －
計 25,806 3,224 2,239 31,271 － 31,271
セグメント利益又は損失(△) 297 205 △318 184 3 188
セグメント資産 27,391 2,296 673 30,361 △487 29,873
セグメント負債 16,923 465 246 17,635 △0 17,634
その他の項目
減価償却費 239 109 33 382 － 382
有形固定資産及び
無形固定資産の増加額 341 123 22 488 － 488
(注) １．セグメント利益又は損失(△)の調整額３百万円は、セグメント間取引消去であり、セグメント資産の調整額
△487百万円及びセグメント負債の調整額△０百万円は、セグメント間債権債務消去等であります。
２．セグメント利益又は損失(△)は、連結財務諸表の営業利益と調整を行っています。
エステールホールディングス株式会社(7872) 2026年３月期 決算短信
13
当連結会計年度(自 2025年４月１日 至 2026年３月31日)
(単位：百万円)
報告セグメント
合計 調整額(注)１ 連結財務諸表
計上額(注)２宝飾品 眼鏡 食品販売・
飲食店
売上高
外部顧客への売上高 27,498 4,253 2,138 33,890 － 33,890
セグメント間の内部売上高
又は振替高 － －"
7872,食品販売・飲食店事業,10.31,external_customer_sales_table_v6,3224.0,31271.0,https://www.estelle.co.jp/wp_manager/wp-content/uploads/2026/05/2026年3月期決算短信.pdf,2026,"支配株主からの払込みによる収入 62 306
財務活動によるキャッシュ・フロー △999 △608
現金及び現金同等物に係る換算差額 17 △14
現金及び現金同等物の増減額（△は減少） △1,171 18
現金及び現金同等物の期首残高 6,263 5,092
現金及び現金同等物の期末残高 5,092 5,111
エステールホールディングス株式会社(7872) 2026年３月期 決算短信
12
（５）連結財務諸表に関する注記事項
(継続企業の前提に関する注記)
該当事項はありません。
(セグメント情報等)
【セグメント情報】
１．報告セグメントの概要
当社の報告セグメントは、当社グループの構成単位のうち分離された財務情報が入手可能であり、取締役会が、経
営資源の配分の決定及び業績を評価するために、定期的に検討を行う対象となっているものであります。
当社グループは、主に宝飾品の製造販売、眼鏡の製造販売及び食品販売・飲食店事業を営んでおります。したがっ
て、当社は「宝飾品」、「眼鏡」及び「食品販売・飲食店事業」を報告セグメントとしております。
２．報告セグメントごとの売上高、利益又は損失、資産、負債その他の項目の金額の算定方法
報告されている事業セグメントの会計処理の方法は、連結財務諸表作成のために採用される会計方針に準拠した方
法であります。
報告セグメントの利益は、営業利益ベースの数値であります。
３．報告セグメントごとの売上高、利益又は損失、資産、負債その他の項目の金額に関する情報
前連結会計年度(自 2024年４月１日 至 2025年３月31日)
(単位：百万円)
報告セグメント
合計 調整額(注)１ 連結財務諸表
計上額(注)２宝飾品 眼鏡 食品販売・
飲食店
売上高
 外部顧客への売上高 25,806 3,224 2,239 31,271 － 31,271
セグメント間の内部売上高
又は振替高 － － － － － －
計 25,806 3,224 2,239 31,271 － 31,271
セグメント利益又は損失(△) 297 205 △318 184 3 188
セグメント資産 27,391 2,296 673 30,361 △487 29,873
セグメント負債 16,923 465 246 17,635 △0 17,634
その他の項目
減価償却費 239 109 33 382 － 382
有形固定資産及び
無形固定資産の増加額 341 123 22 488 － 488
(注) １．セグメント利益又は損失(△)の調整額３百万円は、セグメント間取引消去であり、セグメント資産の調整額
△487百万円及びセグメント負債の調整額△０百万円は、セグメント間債権債務消去等であります。
２．セグメント利益又は損失(△)は、連結財務諸表の営業利益と調整を行っています。
エステールホールディングス株式会社(7872) 2026年３月期 決算短信
13
当連結会計年度(自 2025年４月１日 至 2026年３月31日)
(単位：百万円)
報告セグメント
合計 調整額(注)１ 連結財務諸表
計上額(注)２宝飾品 眼鏡 食品販売・
飲食店
売上高
外部顧客への売上高 27,498 4,253 2,138 33,890 － 33,890
セグメント間の内部売上高
又は振替高 － －"
7888,提出会社の管理部門,83.48,external_customer_sales_table_v6,81789.0,97979.0,https://www.sankogosei.co.jp/ja/ir/irnews/auto_20260828103500_S100YZ2B/pdfFile.pdf,2026,"いない全
社資産であります。
(3)減価償却費の調整額47百万円は、提出会社の管理部門に係る固定資産減価償却費47百万円であります。
(4)有形固定資産及び無形固定資産の増加額の調整額205百万円は、提出会社の管理部門に係る有形固定資産及
び無形固定資産の増加額205百万円であります。
 ２.セグメント利益は、連結損益計算書の営業利益と調整を行っております。
 
EDINET提出書類
三光合成株式会社(E00866)
有価証券報告書
 78/107
【関連情報】
前連結会計年度（自 2024年６月１日 至 2025年５月31日）
 １．製品及びサービスごとの情報
（単位：百万円）
 
 成形品 金型 合計
外部顧客への売上高 76,048 15,053 91,101
 
 ２．地域ごとの情報
 (1)売上高
（単位：百万円）
 
日本 欧州 アジア 北米 合計
29,922 12,133 29,862 19,182 91,101
 （注）１．売上高は顧客の所在地を基礎とし、国又は地域に分類しております。
 ２．北米のうち、アメリカは12,694百万円であります。
 
 (2)有形固定資産
（単位：百万円）
 
日本 欧州 アジア 北米 合計
11,872 3,965 8,995 9,256 34,090
 （注）北米のうち、アメリカは6,237百万円であります。
 
 ３．主要な顧客ごとの情報
 該当事項はありません。
 
 
EDINET提出書類
三光合成株式会社(E00866)
有価証券報告書
 79/107
当連結会計年度（自 2025年６月１日 至 2026年５月31日）
 １．製品及びサービスごとの情報
（単位：百万円）
 
 成形品 金型 合計
 外部顧客への売上高 81,789 16,189 97,979
 
 ２．地域ごとの情報
 (1)売上高
（単位：百万円）
 
日本 欧州 アジア 北米 合計
31,518 12,429 31,737 22,294 97,979
 （注）１．売上高は顧客の所在地を基礎とし、国又は地域に分類しております。
 ２．アジアのうち、タイは10,807百万円であります。
 ３．北米のうち、アメリカは16,369百万円であります。
 
 (2)有形固定資産
（単位：百万円）
 
日本 欧州 アジア 北米 合計
12,223 4,251 9,708 12,803 38,987
 （注）北米のうち、アメリカは9,211百万円であります。
 
 ３．主要な顧客ごとの情報
 該当事項はありません。
 
 
EDINET提出書類
三光合成株式会社(E00866)
有価証券報告書
 80/107
【報告セグメントごとの固定資産の減損損失に関する情報】
前連結会計年度（自 2024年６月１日 至 2025年５月31日）
 （単位：百万円）
 日本 欧州 アジア 北米 計 全社・消去 合計
減損損失 － － － － － － －
 
当連結会計年度（自 2025年６月１日 至 2026年５月31日）
 （単位：百万円）
 日本 欧州 アジア 北米 計 全社・消去 合計
減損損失 － － － － － － －
 
【報告セグメントごとののれんの償却額及び未償却残高に関する情報】
 前"
7888,製品及びサービス,16.52,external_customer_sales_table_v6,16189.0,97979.0,https://www.sankogosei.co.jp/ja/ir/irnews/auto_20260828103500_S100YZ2B/pdfFile.pdf,2026,"いない全
社資産であります。
(3)減価償却費の調整額47百万円は、提出会社の管理部門に係る固定資産減価償却費47百万円であります。
(4)有形固定資産及び無形固定資産の増加額の調整額205百万円は、提出会社の管理部門に係る有形固定資産及
び無形固定資産の増加額205百万円であります。
 ２.セグメント利益は、連結損益計算書の営業利益と調整を行っております。
 
EDINET提出書類
三光合成株式会社(E00866)
有価証券報告書
 78/107
【関連情報】
前連結会計年度（自 2024年６月１日 至 2025年５月31日）
 １．製品及びサービスごとの情報
（単位：百万円）
 
 成形品 金型 合計
外部顧客への売上高 76,048 15,053 91,101
 
 ２．地域ごとの情報
 (1)売上高
（単位：百万円）
 
日本 欧州 アジア 北米 合計
29,922 12,133 29,862 19,182 91,101
 （注）１．売上高は顧客の所在地を基礎とし、国又は地域に分類しております。
 ２．北米のうち、アメリカは12,694百万円であります。
 
 (2)有形固定資産
（単位：百万円）
 
日本 欧州 アジア 北米 合計
11,872 3,965 8,995 9,256 34,090
 （注）北米のうち、アメリカは6,237百万円であります。
 
 ３．主要な顧客ごとの情報
 該当事項はありません。
 
 
EDINET提出書類
三光合成株式会社(E00866)
有価証券報告書
 79/107
当連結会計年度（自 2025年６月１日 至 2026年５月31日）
 １．製品及びサービスごとの情報
（単位：百万円）
 
 成形品 金型 合計
 外部顧客への売上高 81,789 16,189 97,979
 
 ２．地域ごとの情報
 (1)売上高
（単位：百万円）
 
日本 欧州 アジア 北米 合計
31,518 12,429 31,737 22,294 97,979
 （注）１．売上高は顧客の所在地を基礎とし、国又は地域に分類しております。
 ２．アジアのうち、タイは10,807百万円であります。
 ３．北米のうち、アメリカは16,369百万円であります。
 
 (2)有形固定資産
（単位：百万円）
 
日本 欧州 アジア 北米 合計
12,223 4,251 9,708 12,803 38,987
 （注）北米のうち、アメリカは9,211百万円であります。
 
 ３．主要な顧客ごとの情報
 該当事項はありません。
 
 
EDINET提出書類
三光合成株式会社(E00866)
有価証券報告書
 80/107
【報告セグメントごとの固定資産の減損損失に関する情報】
前連結会計年度（自 2024年６月１日 至 2025年５月31日）
 （単位：百万円）
 日本 欧州 アジア 北米 計 全社・消去 合計
減損損失 － － － － － － －
 
当連結会計年度（自 2025年６月１日 至 2026年５月31日）
 （単位：百万円）
 日本 欧州 アジア 北米 計 全社・消去 合計
減損損失 － － － － － － －
 
【報告セグメントごとののれんの償却額及び未償却残高に関する情報】
 前"
7901,前事業,80.98,external_customer_sales_table_v6,1721749.0,2126156.0,https://www.matsumoto-inc.co.jp/wp/wp-content/uploads/2026/06/oshirase_20260615_1.pdf,2026,"減
 現状では、営業活動の季節偏重に則った経営資源の配分が固定費の高止まり要因となり、中でも当社の製造原価の
約4割を占める労務費、販売費及び一般管理費の約5割を占める人件費が収益を圧迫しております。そのため、新規採
用の抑制や人件費構成の見直しを進めるとともに、経営責任の明確化を目的として代表取締役報酬の40%減額を実施
いたします。また、組織体制の見直しや業務効率化を推進し、固定費の圧縮に取り組んでまいります。これらの施策
により、労務費及び人件費を前年比約4%削減することを計画しております。
③ 拠点の集約・売却等による効率化
 一部工場やオフィスの統合を行い、資産の圧縮や製造工程の効率化を計画しております。なお、新規の設備投資に
ついても当面の間更新投資のみといたします。
 しかしながら、これらの対応策は実施途上であり、関係当事者との最終的な合意が得られていないものもあるた
め、現時点においては継続企業の前提に関する重要な不確実性が存在するものと認識しております。
 なお、財務諸表は継続企業を前提として作成しており、継続企業の前提に関する重要な不確実性の影響を財務諸表
に反映しておりません。
（持分法損益等）
前事業年度（自 2024年５月１日 至 2025年４月30日）
 該当事項はありません。
当事業年度（自 2025年５月１日 至 2026年４月30日）
 該当事項はありません。
- 12 -
株式会社マツモト（7901）2026年4月期決算短信（非連結）
 学校アルバム（千円） 一般商業印刷（千円） 合計（千円）
 外部顧客への売上高 1,724,381 444,709 2,169,091
 学校アルバム（千円） 一般商業印刷（千円） 合計（千円）
 外部顧客への売上高 1,721,749 404,407 2,126,156
（セグメント情報等の注記）
【セグメント情報】
前事業年度（自 2024年５月１日 至 2025年４月30日）
 当社は、印刷事業の単一セグメントであるため、記載を省略しております。
当事業年度（自 2025年５月１日 至 2026年４月30日）
 当社は、印刷事業の単一セグメントであるため、記載を省略しております。
【関連情報】
 前事業年度（自 2024年５月１日 至 2025年４月30日）
１．製品及びサービスごとの情報
２．地域ごとの情報
（１）売上高
 本邦の外部顧客への売上高が損益計算書の売上高の90%を超えるため、記載を省略しております。
（２）有形固定資産
 本邦に所在している有形固定資産の金額が貸借対照表の有形固定資産の金額の90%を超えるため、
記載を省略しております。
３．主要な顧客ごとの情報
 外部顧客への売上高のうち、損益計算書の売上高の10%以上を占めるものがないため、記載を省略し
ております。
 当事業年度（自 2025年５月１日 至 2026年４月30日）
１．製品及びサービスごとの情報
２．地域ごとの情報
（１）売上高
 本邦の外部顧客への売上高が損益計算書の売上高の90%を超えるため、記載を省略しております。
（２）有形固定資産
 本邦に所在している有形固定資産の金額が貸借対照表の有形固定資産の金額の90%を超えるため、"
7901,当事業,19.02,external_customer_sales_table_v6,404407.0,2126156.0,https://www.matsumoto-inc.co.jp/wp/wp-content/uploads/2026/06/oshirase_20260615_1.pdf,2026,"減
 現状では、営業活動の季節偏重に則った経営資源の配分が固定費の高止まり要因となり、中でも当社の製造原価の
約4割を占める労務費、販売費及び一般管理費の約5割を占める人件費が収益を圧迫しております。そのため、新規採
用の抑制や人件費構成の見直しを進めるとともに、経営責任の明確化を目的として代表取締役報酬の40%減額を実施
いたします。また、組織体制の見直しや業務効率化を推進し、固定費の圧縮に取り組んでまいります。これらの施策
により、労務費及び人件費を前年比約4%削減することを計画しております。
③ 拠点の集約・売却等による効率化
 一部工場やオフィスの統合を行い、資産の圧縮や製造工程の効率化を計画しております。なお、新規の設備投資に
ついても当面の間更新投資のみといたします。
 しかしながら、これらの対応策は実施途上であり、関係当事者との最終的な合意が得られていないものもあるた
め、現時点においては継続企業の前提に関する重要な不確実性が存在するものと認識しております。
 なお、財務諸表は継続企業を前提として作成しており、継続企業の前提に関する重要な不確実性の影響を財務諸表
に反映しておりません。
（持分法損益等）
前事業年度（自 2024年５月１日 至 2025年４月30日）
 該当事項はありません。
当事業年度（自 2025年５月１日 至 2026年４月30日）
 該当事項はありません。
- 12 -
株式会社マツモト（7901）2026年4月期決算短信（非連結）
 学校アルバム（千円） 一般商業印刷（千円） 合計（千円）
 外部顧客への売上高 1,724,381 444,709 2,169,091
 学校アルバム（千円） 一般商業印刷（千円） 合計（千円）
 外部顧客への売上高 1,721,749 404,407 2,126,156
（セグメント情報等の注記）
【セグメント情報】
前事業年度（自 2024年５月１日 至 2025年４月30日）
 当社は、印刷事業の単一セグメントであるため、記載を省略しております。
当事業年度（自 2025年５月１日 至 2026年４月30日）
 当社は、印刷事業の単一セグメントであるため、記載を省略しております。
【関連情報】
 前事業年度（自 2024年５月１日 至 2025年４月30日）
１．製品及びサービスごとの情報
２．地域ごとの情報
（１）売上高
 本邦の外部顧客への売上高が損益計算書の売上高の90%を超えるため、記載を省略しております。
（２）有形固定資産
 本邦に所在している有形固定資産の金額が貸借対照表の有形固定資産の金額の90%を超えるため、
記載を省略しております。
３．主要な顧客ごとの情報
 外部顧客への売上高のうち、損益計算書の売上高の10%以上を占めるものがないため、記載を省略し
ております。
 当事業年度（自 2025年５月１日 至 2026年４月30日）
１．製品及びサービスごとの情報
２．地域ごとの情報
（１）売上高
 本邦の外部顧客への売上高が損益計算書の売上高の90%を超えるため、記載を省略しております。
（２）有形固定資産
 本邦に所在している有形固定資産の金額が貸借対照表の有形固定資産の金額の90%を超えるため、"
7927,事業,2.74,external_customer_sales_table_v6,217366.0,7939333.0,https://www.muto.co.jp/files/libs/4041/202608061544386278.pdf,2027,"ません。
（四半期連結財務諸表の作成に特有の会計処理の適用）
税金費用の計算
海外連結子会社の税金費用については、当第１四半期連結会計期間を含む連結会計年度の税引前当期純利益に
対する税効果会計適用後の実効税率を合理的に見積り、税引前四半期純利益に当該見積実効税率を乗じて計算す
る方法を採用しております。
ムトー精工株式会社(7927) 2027年３月期 第１四半期決算短信
－9－
（セグメント情報等の注記）
Ⅰ 前第１四半期連結累計期間(自 2025年４月１日 至 2025年６月30日)
１．報告セグメントごとの売上高及び利益又は損失の金額に関する情報
(単位：千円)
報告セグメント
調整額
四半期連結
損益計算書
計上額
プラスチック
成形事業
プリント基板
事業 計
売上高
外部顧客への売上高 6,897,794 165,158 7,062,952 － 7,062,952
セグメント間の内部
売上高又は振替高 1,091 － 1,091 △1,091 －
計 6,898,886 165,158 7,064,044 △1,091 7,062,952
セグメント利益 465,781 72,122 537,904 － 537,904
(注)セグメント利益の合計は、四半期連結損益計算書の営業利益と一致しております。
２．報告セグメントごとの固定資産の減損損失又はのれん等に関する情報
該当事項はありません。
Ⅱ 当第１四半期連結累計期間(自 2026年４月１日 至 2026年６月30日)
１．報告セグメントごとの売上高及び利益又は損失の金額に関する情報
(単位：千円)
報告セグメント
調整額
四半期連結
損益計算書
計上額
プラスチック
成形事業
プリント基板
事業 計
売上高
 外部顧客への売上高 7,721,967 217,366 7,939,333 － 7,939,333
セグメント間の内部
売上高又は振替高 1,433 － 1,433 △1,433 －
計 7,723,400 217,366 7,940,767 △1,433 7,939,333
セグメント利益 319,839 97,337 417,176 － 417,176
(注)セグメント利益の合計は、四半期連結損益計算書の営業利益と一致しております。
２．報告セグメントごとの固定資産の減損損失又はのれん等に関する情報
該当事項はありません。
（四半期連結キャッシュ・フロー計算書に関する注記）
当第１四半期連結累計期間に係る四半期連結キャッシュ・フロー計算書は作成しておりません。なお、第１四
半期連結累計期間に係る減価償却費(無形固定資産に係る償却費を含む。)は、次のとおりであります。
前第１四半期連結累計期間
(自 2025年４月１日
至 2025年６月30日)
当第１四半期連結累計期間
(自 2026年４月１日
至 2026年６月30日)
減価償却費 320,631千円 323,337千円"
7927,成形事業,97.26,external_customer_sales_table_v6,7721967.0,7939333.0,https://www.muto.co.jp/files/libs/4041/202608061544386278.pdf,2027,"ません。
（四半期連結財務諸表の作成に特有の会計処理の適用）
税金費用の計算
海外連結子会社の税金費用については、当第１四半期連結会計期間を含む連結会計年度の税引前当期純利益に
対する税効果会計適用後の実効税率を合理的に見積り、税引前四半期純利益に当該見積実効税率を乗じて計算す
る方法を採用しております。
ムトー精工株式会社(7927) 2027年３月期 第１四半期決算短信
－9－
（セグメント情報等の注記）
Ⅰ 前第１四半期連結累計期間(自 2025年４月１日 至 2025年６月30日)
１．報告セグメントごとの売上高及び利益又は損失の金額に関する情報
(単位：千円)
報告セグメント
調整額
四半期連結
損益計算書
計上額
プラスチック
成形事業
プリント基板
事業 計
売上高
外部顧客への売上高 6,897,794 165,158 7,062,952 － 7,062,952
セグメント間の内部
売上高又は振替高 1,091 － 1,091 △1,091 －
計 6,898,886 165,158 7,064,044 △1,091 7,062,952
セグメント利益 465,781 72,122 537,904 － 537,904
(注)セグメント利益の合計は、四半期連結損益計算書の営業利益と一致しております。
２．報告セグメントごとの固定資産の減損損失又はのれん等に関する情報
該当事項はありません。
Ⅱ 当第１四半期連結累計期間(自 2026年４月１日 至 2026年６月30日)
１．報告セグメントごとの売上高及び利益又は損失の金額に関する情報
(単位：千円)
報告セグメント
調整額
四半期連結
損益計算書
計上額
プラスチック
成形事業
プリント基板
事業 計
売上高
 外部顧客への売上高 7,721,967 217,366 7,939,333 － 7,939,333
セグメント間の内部
売上高又は振替高 1,433 － 1,433 △1,433 －
計 7,723,400 217,366 7,940,767 △1,433 7,939,333
セグメント利益 319,839 97,337 417,176 － 417,176
(注)セグメント利益の合計は、四半期連結損益計算書の営業利益と一致しております。
２．報告セグメントごとの固定資産の減損損失又はのれん等に関する情報
該当事項はありません。
（四半期連結キャッシュ・フロー計算書に関する注記）
当第１四半期連結累計期間に係る四半期連結キャッシュ・フロー計算書は作成しておりません。なお、第１四
半期連結累計期間に係る減価償却費(無形固定資産に係る償却費を含む。)は、次のとおりであります。
前第１四半期連結累計期間
(自 2025年４月１日
至 2025年６月30日)
当第１四半期連結累計期間
(自 2026年４月１日
至 2026年６月30日)
減価償却費 320,631千円 323,337千円"
7938,靴卸売事業,34.12,external_customer_sales_table_v6,1745.0,5114.0,https://www.regal.co.jp/cms/pdf/ir/tanshin/2026-08-05-1.pdf,2027,"係る四半期包括利益 1,198 △54
株式会社リーガルコーポレーション(7938) 2027年２月期 第１四半期決算短信
9
（３）四半期連結財務諸表に関する注記事項
（継続企業の前提に関する注記）
該当事項はありません。
（株主資本の金額に著しい変動があった場合の注記）
該当事項はありません。
（四半期連結財務諸表の作成に特有の会計処理の適用）
(税金費用の計算)
税金費用については、当第１四半期連結会計期間を含む連結会計年度の税引前当期純利益に対する税効果会計適
用後の実効税率を合理的に見積り、税引前四半期純利益に当該見積実効税率を乗じて計算しております。ただし、
当該見積実効税率を用いて税金費用を計算すると著しく合理性を欠く結果となる場合には、法定実効税率を使用す
る方法によっております。
（セグメント情報等の注記）
【セグメント情報】
Ⅰ 前第１四半期連結累計期間 (自 2025年４月１日 至 2025年６月30日)
１．報告セグメントごとの売上高及び利益又は損失の金額に関する情報並びに収益の分解情報
(単位：百万円)
報告セグメント その他
(注)１ 合計 調整額
(注)２
四半期連結
損益計算書
計上額
(注)３靴小売事業 靴卸売事業 計
売上高
直営店舗 3,027 － 3,027 － 3,027 － 3,027
オンラインショップ 336 221 558 － 558 － 558
百貨店 － 612 612 － 612 － 612
一般専門店等 － 911 911 － 911 － 911
その他 － － － 2 2 － 2
顧客との契約から生じる収益 3,363 1,745 5,109 2 5,111 － 5,111
その他の収益 － － － 2 2 － 2
 外部顧客への売上高 3,363 1,745 5,109 5 5,114 － 5,114
セグメント間の内部売上高
又は振替高 － － － 33 33 △33 －
計 3,363 1,745 5,109 38 5,147 △33 5,114
セグメント利益又は損失(△) △186 △20 △207 4 △203 1 △201
(注) １. 「その他」の区分は報告セグメントに含まれない事業セグメントであり、不動産賃貸等の事業を含んでお
ります。
２. セグメント利益又は損失(△)の調整額は、主にセグメント間取引消去であります。
３. セグメント利益又は損失(△)は、四半期連結損益計算書の営業損失と調整を行っております。
２．報告セグメントごとの固定資産の減損損失又はのれん等に関する情報
該当事項はありません。
株式会社リーガルコーポレーション(7938) 2027年２月期 第１四半期決算短信
10
Ⅱ 当第１四半期連結累計期間 (自 2026年４月１日 至 2026年６月30日)
１．報告セグメントごとの売上高及び利益又は損失の金額に関する情報並びに収益の分解情報
(単位：百万円)
報告セグメント その他
(注)１ 合計 調整額
(注)２
四半期連結
損益計算書
計上額
(注)３靴小売事業 靴卸売事業 計
売上高
直営店舗 2,911 － 2,911 － 2,911 － 2,911
オンラインショップ 339 244 583 － 583 － 583
百貨店 － 531 531 － 531 － 531"
7938,靴小売事業,65.76,external_customer_sales_table_v6,3363.0,5114.0,https://www.regal.co.jp/cms/pdf/ir/tanshin/2026-08-05-1.pdf,2027,"係る四半期包括利益 1,198 △54
株式会社リーガルコーポレーション(7938) 2027年２月期 第１四半期決算短信
9
（３）四半期連結財務諸表に関する注記事項
（継続企業の前提に関する注記）
該当事項はありません。
（株主資本の金額に著しい変動があった場合の注記）
該当事項はありません。
（四半期連結財務諸表の作成に特有の会計処理の適用）
(税金費用の計算)
税金費用については、当第１四半期連結会計期間を含む連結会計年度の税引前当期純利益に対する税効果会計適
用後の実効税率を合理的に見積り、税引前四半期純利益に当該見積実効税率を乗じて計算しております。ただし、
当該見積実効税率を用いて税金費用を計算すると著しく合理性を欠く結果となる場合には、法定実効税率を使用す
る方法によっております。
（セグメント情報等の注記）
【セグメント情報】
Ⅰ 前第１四半期連結累計期間 (自 2025年４月１日 至 2025年６月30日)
１．報告セグメントごとの売上高及び利益又は損失の金額に関する情報並びに収益の分解情報
(単位：百万円)
報告セグメント その他
(注)１ 合計 調整額
(注)２
四半期連結
損益計算書
計上額
(注)３靴小売事業 靴卸売事業 計
売上高
直営店舗 3,027 － 3,027 － 3,027 － 3,027
オンラインショップ 336 221 558 － 558 － 558
百貨店 － 612 612 － 612 － 612
一般専門店等 － 911 911 － 911 － 911
その他 － － － 2 2 － 2
顧客との契約から生じる収益 3,363 1,745 5,109 2 5,111 － 5,111
その他の収益 － － － 2 2 － 2
 外部顧客への売上高 3,363 1,745 5,109 5 5,114 － 5,114
セグメント間の内部売上高
又は振替高 － － － 33 33 △33 －
計 3,363 1,745 5,109 38 5,147 △33 5,114
セグメント利益又は損失(△) △186 △20 △207 4 △203 1 △201
(注) １. 「その他」の区分は報告セグメントに含まれない事業セグメントであり、不動産賃貸等の事業を含んでお
ります。
２. セグメント利益又は損失(△)の調整額は、主にセグメント間取引消去であります。
３. セグメント利益又は損失(△)は、四半期連結損益計算書の営業損失と調整を行っております。
２．報告セグメントごとの固定資産の減損損失又はのれん等に関する情報
該当事項はありません。
株式会社リーガルコーポレーション(7938) 2027年２月期 第１四半期決算短信
10
Ⅱ 当第１四半期連結累計期間 (自 2026年４月１日 至 2026年６月30日)
１．報告セグメントごとの売上高及び利益又は損失の金額に関する情報並びに収益の分解情報
(単位：百万円)
報告セグメント その他
(注)１ 合計 調整額
(注)２
四半期連結
損益計算書
計上額
(注)３靴小売事業 靴卸売事業 計
売上高
直営店舗 2,911 － 2,911 － 2,911 － 2,911
オンラインショップ 339 244 583 － 583 － 583
百貨店 － 531 531 － 531 － 531"
7992,ロボット機器事業,22.43,external_customer_sales_table_v6,964650.0,4300610.0,https://sailor.co.jp/wp-content/uploads/2026/03/第113期-有価証券報告書.pdf,2027,"による繰延税金資産及び繰延税金負債の金額の修正
「所得税法等の一部を改正する法律」（令和７年法律第13号）が2025年３月31日に国会で成立したことに
伴い、2026年４月１日以後開始する連結会計年度より、「防衛特別法人税」の課税が行われることになりま
した。
これに伴い、2027年１月１日に開始する連結会計年度以降に解消が見込まれる一時差異等に係る繰延税金
資産及び繰延税金負債については、法定実効税率を30.46%から31.36%に変更して計算しております。
この変更により、再評価に係る繰延税金負債は6,647千円増加し、土地再評価差額金が同額減少しており
ます。
（資産除去債務関係）
前連結会計年度（2024年12月31日）
重要性が乏しいため、記載を省略しております。
当連結会計年度（2025年12月31日）
重要性が乏しいため、記載を省略しております。
報告セグメント 合計文具事業 ロボット機器事業
筆記具 3,281,403 － 3,281,403
取出ロボット・特注機 － 956,633 956,633
その他 107,099 332,674 439,773
顧客との契約から生じる収益 3,388,503 1,289,307 4,677,810
その他収益 － － －
外部顧客への売上高 3,388,503 1,289,307 4,677,810
報告セグメント 合計文具事業 ロボット機器事業
筆記具 3,226,825 － 3,226,825
取出ロボット・特注機 － 636,165 636,165
その他 109,134 328,484 437,619
顧客との契約から生じる収益 3,335,960 964,650 4,300,610
その他収益 － － －
 外部顧客への売上高 3,335,960 964,650 4,300,610
（収益認識関係）
１．顧客との契約から生じる収益を分解した情報
前連結会計年度（自 2024年１月１日 至 2024年12月31日）
（単位：千円）
当連結会計年度（自 2025年１月１日 至 2025年12月31日）
（単位：千円）
２．顧客との契約から生じる収益を理解するための基礎となる情報
顧客との契約から生じる収益を理解するための基礎となる情報は、「注記事項（連結財務諸表作成のための
基本となる重要な事項）４．会計方針に関する事項 (5)重要な収益及び費用の計上基準」に記載のとおりであ
ります。
- 64 -
３．顧客との契約に基づく履行義務の充足と当該契約から生じるキャッシュ・フローとの関係並びに当連結会
計年度末において存在する顧客との契約から翌連結会計年度以降に認識すると見込まれる収益の金額及び時
期に関する情報
（１）顧客との契約から生じた債権、契約資産及び契約負債の残高
前連結会計年度（自 2024年１月１日 至 2024年12月31日）
顧客との契約から生じた債権(期首残高) 1,057,267千円
 （受取手形及び売掛金）
顧客との契約から生じた債権(期末残高) 1,252,916
 （受取手形及び売掛金）
契約資産(期首残高) －
契約資産(期末残高) －
契約負債(期首残高) 9,845
契約負債(期末残高)"
7992,文具事業,77.57,external_customer_sales_table_v6,3335960.0,4300610.0,https://sailor.co.jp/wp-content/uploads/2026/03/第113期-有価証券報告書.pdf,2027,"による繰延税金資産及び繰延税金負債の金額の修正
「所得税法等の一部を改正する法律」（令和７年法律第13号）が2025年３月31日に国会で成立したことに
伴い、2026年４月１日以後開始する連結会計年度より、「防衛特別法人税」の課税が行われることになりま
した。
これに伴い、2027年１月１日に開始する連結会計年度以降に解消が見込まれる一時差異等に係る繰延税金
資産及び繰延税金負債については、法定実効税率を30.46%から31.36%に変更して計算しております。
この変更により、再評価に係る繰延税金負債は6,647千円増加し、土地再評価差額金が同額減少しており
ます。
（資産除去債務関係）
前連結会計年度（2024年12月31日）
重要性が乏しいため、記載を省略しております。
当連結会計年度（2025年12月31日）
重要性が乏しいため、記載を省略しております。
報告セグメント 合計文具事業 ロボット機器事業
筆記具 3,281,403 － 3,281,403
取出ロボット・特注機 － 956,633 956,633
その他 107,099 332,674 439,773
顧客との契約から生じる収益 3,388,503 1,289,307 4,677,810
その他収益 － － －
外部顧客への売上高 3,388,503 1,289,307 4,677,810
報告セグメント 合計文具事業 ロボット機器事業
筆記具 3,226,825 － 3,226,825
取出ロボット・特注機 － 636,165 636,165
その他 109,134 328,484 437,619
顧客との契約から生じる収益 3,335,960 964,650 4,300,610
その他収益 － － －
 外部顧客への売上高 3,335,960 964,650 4,300,610
（収益認識関係）
１．顧客との契約から生じる収益を分解した情報
前連結会計年度（自 2024年１月１日 至 2024年12月31日）
（単位：千円）
当連結会計年度（自 2025年１月１日 至 2025年12月31日）
（単位：千円）
２．顧客との契約から生じる収益を理解するための基礎となる情報
顧客との契約から生じる収益を理解するための基礎となる情報は、「注記事項（連結財務諸表作成のための
基本となる重要な事項）４．会計方針に関する事項 (5)重要な収益及び費用の計上基準」に記載のとおりであ
ります。
- 64 -
３．顧客との契約に基づく履行義務の充足と当該契約から生じるキャッシュ・フローとの関係並びに当連結会
計年度末において存在する顧客との契約から翌連結会計年度以降に認識すると見込まれる収益の金額及び時
期に関する情報
（１）顧客との契約から生じた債権、契約資産及び契約負債の残高
前連結会計年度（自 2024年１月１日 至 2024年12月31日）
顧客との契約から生じた債権(期首残高) 1,057,267千円
 （受取手形及び売掛金）
顧客との契約から生じた債権(期末残高) 1,252,916
 （受取手形及び売掛金）
契約資産(期首残高) －
契約資産(期末残高) －
契約負債(期首残高) 9,845
契約負債(期末残高)"
8006,ホテル部門,2.99,external_customer_sales_table_v6,966.0,32355.0,https://www.yuasa-funashoku.com/yuasa_wp/wp-content/uploads/2026/08/f9b6d3b6b1cafc29e807ba78d518490a.pdf,2027,"益 660 810
非支配株主に帰属する四半期純利益 0 1
親会社株主に帰属する四半期純利益 659 808
（２）四半期連結損益計算書及び四半期連結包括利益計算書
（四半期連結損益計算書）
（第１四半期連結累計期間）
- 6 -
ユアサ・フナショク株式会社(8006)2027年３月期 第１四半期決算短信
（単位：百万円）
前第１四半期連結累計期間
(自 2025年４月１日
 至 2025年６月30日)
当第１四半期連結累計期間
(自 2026年４月１日
 至 2026年６月30日)
四半期純利益 660 810
その他の包括利益
その他有価証券評価差額金 175 655
退職給付に係る調整額 △12 △19
その他の包括利益合計 162 636
四半期包括利益 823 1,446
（内訳）
親会社株主に係る四半期包括利益 822 1,445
非支配株主に係る四半期包括利益 1 0
（四半期連結包括利益計算書）
（第１四半期連結累計期間）
- 7 -
ユアサ・フナショク株式会社(8006)2027年３月期 第１四半期決算短信
（単位：百万円）
報告セグメント
計 調整額
（注１）
四半期連結
損益計算書
計上額
（注２）商事部門 ホテル部門 不動産部門
売上高
外部顧客への売上高 29,933 939 66 30,939 － 30,939
セグメント間の内部売上高又は振替高 10 0 18 29 △29 －
計 29,944 939 85 30,968 △29 30,939
セグメント利益 494 390 68 953 △205 747
（単位：百万円）
報告セグメント
計 調整額
（注１）
四半期連結
損益計算書
計上額
（注２）商事部門 ホテル部門 不動産部門
売上高
 外部顧客への売上高 31,311 966 78 32,355 － 32,355
セグメント間の内部売上高又は振替高 10 0 15 26 △26 －
計 31,322 966 93 32,382 △26 32,355
セグメント利益 286 410 70 766 △185 581
（３）四半期連結財務諸表に関する注記事項
（セグメント情報等の注記）
Ｉ 前第１四半期連結累計期間（自 2025年４月１日 至 2025年６月30日）
１．報告セグメントごとの売上高及び利益又は損失の金額に関する情報
（注）１．セグメント利益の調整額△205百万円には、各報告セグメントに配分していない全社費用△205百万円等が含ま
れております。全社費用は、主に報告セグメントに帰属しない総務・人事・経理・情報システム部門等の管理
部門に係る費用であります。
２．セグメント利益は四半期連結損益計算書の営業利益と調整を行っております。
Ⅱ 当第１四半期連結累計期間（自 2026年４月１日 至 2026年６月30日）
１．報告セグメントごとの売上高及び利益又は損失の金額に関する情報
（注）１．セグメント利益の調整額△185百万円には、セグメント間取引に係る未実現利益の調整額４百万円、各報告セ
グメントに配分していない全社費用△191百万円等が含まれております。全社費用は、主に報告セグメントに
帰属しない総務・人事・経理・情報システム部門等の管理部門に係る費用であります。
２．セグメント利益は四半期連結損益計算書の営業利益と調整"
8006,不動産部門,0.24,external_customer_sales_table_v6,78.0,32355.0,https://www.yuasa-funashoku.com/yuasa_wp/wp-content/uploads/2026/08/f9b6d3b6b1cafc29e807ba78d518490a.pdf,2027,"益 660 810
非支配株主に帰属する四半期純利益 0 1
親会社株主に帰属する四半期純利益 659 808
（２）四半期連結損益計算書及び四半期連結包括利益計算書
（四半期連結損益計算書）
（第１四半期連結累計期間）
- 6 -
ユアサ・フナショク株式会社(8006)2027年３月期 第１四半期決算短信
（単位：百万円）
前第１四半期連結累計期間
(自 2025年４月１日
 至 2025年６月30日)
当第１四半期連結累計期間
(自 2026年４月１日
 至 2026年６月30日)
四半期純利益 660 810
その他の包括利益
その他有価証券評価差額金 175 655
退職給付に係る調整額 △12 △19
その他の包括利益合計 162 636
四半期包括利益 823 1,446
（内訳）
親会社株主に係る四半期包括利益 822 1,445
非支配株主に係る四半期包括利益 1 0
（四半期連結包括利益計算書）
（第１四半期連結累計期間）
- 7 -
ユアサ・フナショク株式会社(8006)2027年３月期 第１四半期決算短信
（単位：百万円）
報告セグメント
計 調整額
（注１）
四半期連結
損益計算書
計上額
（注２）商事部門 ホテル部門 不動産部門
売上高
外部顧客への売上高 29,933 939 66 30,939 － 30,939
セグメント間の内部売上高又は振替高 10 0 18 29 △29 －
計 29,944 939 85 30,968 △29 30,939
セグメント利益 494 390 68 953 △205 747
（単位：百万円）
報告セグメント
計 調整額
（注１）
四半期連結
損益計算書
計上額
（注２）商事部門 ホテル部門 不動産部門
売上高
 外部顧客への売上高 31,311 966 78 32,355 － 32,355
セグメント間の内部売上高又は振替高 10 0 15 26 △26 －
計 31,322 966 93 32,382 △26 32,355
セグメント利益 286 410 70 766 △185 581
（３）四半期連結財務諸表に関する注記事項
（セグメント情報等の注記）
Ｉ 前第１四半期連結累計期間（自 2025年４月１日 至 2025年６月30日）
１．報告セグメントごとの売上高及び利益又は損失の金額に関する情報
（注）１．セグメント利益の調整額△205百万円には、各報告セグメントに配分していない全社費用△205百万円等が含ま
れております。全社費用は、主に報告セグメントに帰属しない総務・人事・経理・情報システム部門等の管理
部門に係る費用であります。
２．セグメント利益は四半期連結損益計算書の営業利益と調整を行っております。
Ⅱ 当第１四半期連結累計期間（自 2026年４月１日 至 2026年６月30日）
１．報告セグメントごとの売上高及び利益又は損失の金額に関する情報
（注）１．セグメント利益の調整額△185百万円には、セグメント間取引に係る未実現利益の調整額４百万円、各報告セ
グメントに配分していない全社費用△191百万円等が含まれております。全社費用は、主に報告セグメントに
帰属しない総務・人事・経理・情報システム部門等の管理部門に係る費用であります。
２．セグメント利益は四半期連結損益計算書の営業利益と調整"
8006,商事部門,96.77,external_customer_sales_table_v6,31311.0,32355.0,https://www.yuasa-funashoku.com/yuasa_wp/wp-content/uploads/2026/08/f9b6d3b6b1cafc29e807ba78d518490a.pdf,2027,"益 660 810
非支配株主に帰属する四半期純利益 0 1
親会社株主に帰属する四半期純利益 659 808
（２）四半期連結損益計算書及び四半期連結包括利益計算書
（四半期連結損益計算書）
（第１四半期連結累計期間）
- 6 -
ユアサ・フナショク株式会社(8006)2027年３月期 第１四半期決算短信
（単位：百万円）
前第１四半期連結累計期間
(自 2025年４月１日
 至 2025年６月30日)
当第１四半期連結累計期間
(自 2026年４月１日
 至 2026年６月30日)
四半期純利益 660 810
その他の包括利益
その他有価証券評価差額金 175 655
退職給付に係る調整額 △12 △19
その他の包括利益合計 162 636
四半期包括利益 823 1,446
（内訳）
親会社株主に係る四半期包括利益 822 1,445
非支配株主に係る四半期包括利益 1 0
（四半期連結包括利益計算書）
（第１四半期連結累計期間）
- 7 -
ユアサ・フナショク株式会社(8006)2027年３月期 第１四半期決算短信
（単位：百万円）
報告セグメント
計 調整額
（注１）
四半期連結
損益計算書
計上額
（注２）商事部門 ホテル部門 不動産部門
売上高
外部顧客への売上高 29,933 939 66 30,939 － 30,939
セグメント間の内部売上高又は振替高 10 0 18 29 △29 －
計 29,944 939 85 30,968 △29 30,939
セグメント利益 494 390 68 953 △205 747
（単位：百万円）
報告セグメント
計 調整額
（注１）
四半期連結
損益計算書
計上額
（注２）商事部門 ホテル部門 不動産部門
売上高
 外部顧客への売上高 31,311 966 78 32,355 － 32,355
セグメント間の内部売上高又は振替高 10 0 15 26 △26 －
計 31,322 966 93 32,382 △26 32,355
セグメント利益 286 410 70 766 △185 581
（３）四半期連結財務諸表に関する注記事項
（セグメント情報等の注記）
Ｉ 前第１四半期連結累計期間（自 2025年４月１日 至 2025年６月30日）
１．報告セグメントごとの売上高及び利益又は損失の金額に関する情報
（注）１．セグメント利益の調整額△205百万円には、各報告セグメントに配分していない全社費用△205百万円等が含ま
れております。全社費用は、主に報告セグメントに帰属しない総務・人事・経理・情報システム部門等の管理
部門に係る費用であります。
２．セグメント利益は四半期連結損益計算書の営業利益と調整を行っております。
Ⅱ 当第１四半期連結累計期間（自 2026年４月１日 至 2026年６月30日）
１．報告セグメントごとの売上高及び利益又は損失の金額に関する情報
（注）１．セグメント利益の調整額△185百万円には、セグメント間取引に係る未実現利益の調整額４百万円、各報告セ
グメントに配分していない全社費用△191百万円等が含まれております。全社費用は、主に報告セグメントに
帰属しない総務・人事・経理・情報システム部門等の管理部門に係る費用であります。
２．セグメント利益は四半期連結損益計算書の営業利益と調整"
8008,2ブランド事業,66.11,external_customer_sales_table_v6,13196.0,19961.0,https://cdn.clipkit.co/tenants/2641/item_files/assets/000/005/651/original/20260710_77.1Q.tanshin.pdf,2027,"売上高
顧客との契約から生じる
収益 9,202 6,228 15,430 － 15,430
その他の収益（注）3 18 210 229 － 229
外部顧客への売上高 9,220 6,439 15,659 － 15,659
セグメント間の内部売上
高又は振替高 － 43 43 △43 －
 計 9,220 6,482 15,703 △43 15,659
セグメント利益 395 423 819 △269 549
（セグメント情報等の注記）
【セグメント情報】
Ⅰ 前第1四半期連結累計期間（自 2025年3月1日 至 2025年5月31日）
1 報告セグメントごとの売上高及び利益又は損失の金額に関する情報並びに収益の分解情報
（注）1 セグメント利益の調整額△269百万円は、のれん償却額△248百万円、各報告セグメントに配分していない全
社費用△110百万円、セグメント間取引消去額88百万円が含まれております。なお、全社費用は、主に報告セ
グメントに帰属しない一般管理費であります。
2 セグメント利益は、四半期連結損益計算書の営業利益と調整を行っております。
3 その他の収益は、不動産賃貸収入であります。
2 報告セグメントごとの固定資産の減損損失又はのれん等に関する情報
 記載すべき重要な事項はありません。
- 8 -
株式会社ヨンドシーホールディングス(8008) 2027年2月期 第1四半期決算短信
（単位：百万円）
報告セグメント
調整額
（注）1
四半期連結
損益計算書
計上額
（注）2ブランド事業 アパレル事業 計
売上高
顧客との契約から生じる
収益 13,176 6,573 19,750 － 19,750
その他の収益（注）3 19 192 211 － 211
 外部顧客への売上高 13,196 6,765 19,961 － 19,961
セグメント間の内部売上
高又は振替高 － 46 46 △46 －
 計 13,196 6,812 20,008 △46 19,961
セグメント利益 1,157 354 1,511 △228 1,283
Ⅱ 当第1四半期連結累計期間（自 2026年3月1日 至 2026年5月31日）
1 報告セグメントごとの売上高及び利益又は損失の金額に関する情報並びに収益の分解情報
（注）1 セグメント利益の調整額△228百万円は、のれん償却額△249百万円、各報告セグメントに配分していない全
社費用△114百万円、セグメント間取引消去額135百万円が含まれております。なお、全社費用は、主に報告
セグメントに帰属しない一般管理費であります。
2 セグメント利益は、四半期連結損益計算書の営業利益と調整を行っております。
3 その他の収益は、不動産賃貸収入であります。
2 報告セグメントごとの固定資産の減損損失又はのれん等に関する情報
 記載すべき重要な事項はありません。
（重要な後発事象）
（退職給付制度の改定）
当社の連結子会社である㈱アスティにおいて2026年6月1日に退職給付制度の改定を行い、確定給付企業年金制
度の一部を企業型確定拠出年金制度へ移行しました。
本制度の移行に伴う会計処理については、「退職給付制度間の移行等に関する会計処理」（企業会計基準適用
指針第1号 2016年12月16日）及び「退職給付制度間の移行等の会計処"
8008,アパレル事業,33.89,external_customer_sales_table_v6,6765.0,19961.0,https://cdn.clipkit.co/tenants/2641/item_files/assets/000/005/651/original/20260710_77.1Q.tanshin.pdf,2027,"売上高
顧客との契約から生じる
収益 9,202 6,228 15,430 － 15,430
その他の収益（注）3 18 210 229 － 229
外部顧客への売上高 9,220 6,439 15,659 － 15,659
セグメント間の内部売上
高又は振替高 － 43 43 △43 －
 計 9,220 6,482 15,703 △43 15,659
セグメント利益 395 423 819 △269 549
（セグメント情報等の注記）
【セグメント情報】
Ⅰ 前第1四半期連結累計期間（自 2025年3月1日 至 2025年5月31日）
1 報告セグメントごとの売上高及び利益又は損失の金額に関する情報並びに収益の分解情報
（注）1 セグメント利益の調整額△269百万円は、のれん償却額△248百万円、各報告セグメントに配分していない全
社費用△110百万円、セグメント間取引消去額88百万円が含まれております。なお、全社費用は、主に報告セ
グメントに帰属しない一般管理費であります。
2 セグメント利益は、四半期連結損益計算書の営業利益と調整を行っております。
3 その他の収益は、不動産賃貸収入であります。
2 報告セグメントごとの固定資産の減損損失又はのれん等に関する情報
 記載すべき重要な事項はありません。
- 8 -
株式会社ヨンドシーホールディングス(8008) 2027年2月期 第1四半期決算短信
（単位：百万円）
報告セグメント
調整額
（注）1
四半期連結
損益計算書
計上額
（注）2ブランド事業 アパレル事業 計
売上高
顧客との契約から生じる
収益 13,176 6,573 19,750 － 19,750
その他の収益（注）3 19 192 211 － 211
 外部顧客への売上高 13,196 6,765 19,961 － 19,961
セグメント間の内部売上
高又は振替高 － 46 46 △46 －
 計 13,196 6,812 20,008 △46 19,961
セグメント利益 1,157 354 1,511 △228 1,283
Ⅱ 当第1四半期連結累計期間（自 2026年3月1日 至 2026年5月31日）
1 報告セグメントごとの売上高及び利益又は損失の金額に関する情報並びに収益の分解情報
（注）1 セグメント利益の調整額△228百万円は、のれん償却額△249百万円、各報告セグメントに配分していない全
社費用△114百万円、セグメント間取引消去額135百万円が含まれております。なお、全社費用は、主に報告
セグメントに帰属しない一般管理費であります。
2 セグメント利益は、四半期連結損益計算書の営業利益と調整を行っております。
3 その他の収益は、不動産賃貸収入であります。
2 報告セグメントごとの固定資産の減損損失又はのれん等に関する情報
 記載すべき重要な事項はありません。
（重要な後発事象）
（退職給付制度の改定）
当社の連結子会社である㈱アスティにおいて2026年6月1日に退職給付制度の改定を行い、確定給付企業年金制
度の一部を企業型確定拠出年金制度へ移行しました。
本制度の移行に伴う会計処理については、「退職給付制度間の移行等に関する会計処理」（企業会計基準適用
指針第1号 2016年12月16日）及び「退職給付制度間の移行等の会計処"
8012,に含まれない事業,0.26,external_customer_sales_table_v6,21.0,8012.0,https://www.nagase.co.jp/assetfiles/uploads/20260507_IR_01.pdf,2026,"- 189,297 19.5
欧州 5,891 1,439 6,007 1,992 81,138 - 96,469 9.9
その他 1,105 2,845 10,320 207 378 - 14,857 1.5
顧客との契約から生
じる収益 153,642 206,690 172,891 130,256 309,207 94 972,783 100.0
外部顧客への売上高 153,642 206,690 172,891 130,256 309,207 94 972,783 100.0
（単位：百万円）
日本 米州 その他 合計
83,537 25,523 14,912 123,973
当連結会計年度（自 2025年４月１日 至 2026年３月31日）
１ 製品およびサービスごとの情報
 セグメント情報に同様の情報を開示しているため、記載を省略しております。
２ 地域ごとの情報
(1）売上高
 当社グループの売上高は、主に顧客との契約から認識された収益であり、各報告セグメントの売上高を地域別
に分解した場合の内訳は以下のとおりであります。
（注）１．売上高は当社および連結子会社の所在地を基礎として、国または地域別に表示しております。
２．日本以外の区分に属する主な国または地域
（1）グレーターチャイナ・・・中国、香港、台湾
（2）アセアン・・・・・・・・タイ、ベトナム、インドネシア
（3）米州・・・・・・・・・・米国、メキシコ
（4）欧州・・・・・・・・・・英国、ドイツ
（5）その他・・・・・・・・・韓国
３．「その他」の区分は、報告セグメントに含まれない事業セグメントであり、情報処理サービス、職能サービ
ス等を含んでおります。
(2）有形固定資産
３ 主要な顧客ごとの情報
 外部顧客への売上高 のうち、連結損益計算書の売上高の10%以上を占める相手先がないため、記載しておりま
せん。
- 21 -
長瀬産業㈱(8012) 2026年３月期 決算短信
（単位：百万円）
報告セグメント
その他 全社・消去 合計
機能素材 加工材料 電子・エネ
ルギー モビリティ 生活関連 計
減損損失 - - - - 1,173 1,173 - - 1,173
（単位：百万円）
報告セグメント
その他 全社・消去 合計
機能素材 加工材料 電子・エネ
ルギー モビリティ 生活関連 計
減損損失 - - - 100 - 100 - - 100
【報告セグメントごとの固定資産の減損損失に関する情報】
前連結会計年度（自 2024年４月１日 至 2025年３月31日）
（注） 「生活関連」セグメントにおける米国での医薬、香粧品原料の販売事業に係るのれん等について、当初想定した
収益が見込めなくなったことから 、帳簿価額を回収可能価額まで減額し、1,173百万円の減損損失を計上いたしま
した。
当連結会計年度（自 2025年４月１日 至 2026年３月31日）
【報告セグメントごとののれんの償却額および未償却残高に関する情報】
前連結会計年度（自 2024年４月１日 至 2025年３月31日）
 セグメント情報に同様の情報を開示しているため、記載を省略しております。
当連結会計年度（自 2025年４月１日 至 2026年３月31日）
 セグメント情報に同様の情報を開示しているため、記載を省略してお"
8012,情報処理サービス,100.00,external_customer_sales_table_v6,8012.0,8012.0,https://www.nagase.co.jp/assetfiles/uploads/20260507_IR_01.pdf,2026,"- 189,297 19.5
欧州 5,891 1,439 6,007 1,992 81,138 - 96,469 9.9
その他 1,105 2,845 10,320 207 378 - 14,857 1.5
顧客との契約から生
じる収益 153,642 206,690 172,891 130,256 309,207 94 972,783 100.0
外部顧客への売上高 153,642 206,690 172,891 130,256 309,207 94 972,783 100.0
（単位：百万円）
日本 米州 その他 合計
83,537 25,523 14,912 123,973
当連結会計年度（自 2025年４月１日 至 2026年３月31日）
１ 製品およびサービスごとの情報
 セグメント情報に同様の情報を開示しているため、記載を省略しております。
２ 地域ごとの情報
(1）売上高
 当社グループの売上高は、主に顧客との契約から認識された収益であり、各報告セグメントの売上高を地域別
に分解した場合の内訳は以下のとおりであります。
（注）１．売上高は当社および連結子会社の所在地を基礎として、国または地域別に表示しております。
２．日本以外の区分に属する主な国または地域
（1）グレーターチャイナ・・・中国、香港、台湾
（2）アセアン・・・・・・・・タイ、ベトナム、インドネシア
（3）米州・・・・・・・・・・米国、メキシコ
（4）欧州・・・・・・・・・・英国、ドイツ
（5）その他・・・・・・・・・韓国
３．「その他」の区分は、報告セグメントに含まれない事業セグメントであり、情報処理サービス、職能サービ
ス等を含んでおります。
(2）有形固定資産
３ 主要な顧客ごとの情報
 外部顧客への売上高 のうち、連結損益計算書の売上高の10%以上を占める相手先がないため、記載しておりま
せん。
- 21 -
長瀬産業㈱(8012) 2026年３月期 決算短信
（単位：百万円）
報告セグメント
その他 全社・消去 合計
機能素材 加工材料 電子・エネ
ルギー モビリティ 生活関連 計
減損損失 - - - - 1,173 1,173 - - 1,173
（単位：百万円）
報告セグメント
その他 全社・消去 合計
機能素材 加工材料 電子・エネ
ルギー モビリティ 生活関連 計
減損損失 - - - 100 - 100 - - 100
【報告セグメントごとの固定資産の減損損失に関する情報】
前連結会計年度（自 2024年４月１日 至 2025年３月31日）
（注） 「生活関連」セグメントにおける米国での医薬、香粧品原料の販売事業に係るのれん等について、当初想定した
収益が見込めなくなったことから 、帳簿価額を回収可能価額まで減額し、1,173百万円の減損損失を計上いたしま
した。
当連結会計年度（自 2025年４月１日 至 2026年３月31日）
【報告セグメントごとののれんの償却額および未償却残高に関する情報】
前連結会計年度（自 2024年４月１日 至 2025年３月31日）
 セグメント情報に同様の情報を開示しているため、記載を省略しております。
当連結会計年度（自 2025年４月１日 至 2026年３月31日）
 セグメント情報に同様の情報を開示しているため、記載を省略してお"
8012,製品およびサービス,0.12,external_customer_sales_table_v6,10.0,8012.0,https://www.nagase.co.jp/assetfiles/uploads/20260507_IR_01.pdf,2026,"- 189,297 19.5
欧州 5,891 1,439 6,007 1,992 81,138 - 96,469 9.9
その他 1,105 2,845 10,320 207 378 - 14,857 1.5
顧客との契約から生
じる収益 153,642 206,690 172,891 130,256 309,207 94 972,783 100.0
外部顧客への売上高 153,642 206,690 172,891 130,256 309,207 94 972,783 100.0
（単位：百万円）
日本 米州 その他 合計
83,537 25,523 14,912 123,973
当連結会計年度（自 2025年４月１日 至 2026年３月31日）
１ 製品およびサービスごとの情報
 セグメント情報に同様の情報を開示しているため、記載を省略しております。
２ 地域ごとの情報
(1）売上高
 当社グループの売上高は、主に顧客との契約から認識された収益であり、各報告セグメントの売上高を地域別
に分解した場合の内訳は以下のとおりであります。
（注）１．売上高は当社および連結子会社の所在地を基礎として、国または地域別に表示しております。
２．日本以外の区分に属する主な国または地域
（1）グレーターチャイナ・・・中国、香港、台湾
（2）アセアン・・・・・・・・タイ、ベトナム、インドネシア
（3）米州・・・・・・・・・・米国、メキシコ
（4）欧州・・・・・・・・・・英国、ドイツ
（5）その他・・・・・・・・・韓国
３．「その他」の区分は、報告セグメントに含まれない事業セグメントであり、情報処理サービス、職能サービ
ス等を含んでおります。
(2）有形固定資産
３ 主要な顧客ごとの情報
 外部顧客への売上高 のうち、連結損益計算書の売上高の10%以上を占める相手先がないため、記載しておりま
せん。
- 21 -
長瀬産業㈱(8012) 2026年３月期 決算短信
（単位：百万円）
報告セグメント
その他 全社・消去 合計
機能素材 加工材料 電子・エネ
ルギー モビリティ 生活関連 計
減損損失 - - - - 1,173 1,173 - - 1,173
（単位：百万円）
報告セグメント
その他 全社・消去 合計
機能素材 加工材料 電子・エネ
ルギー モビリティ 生活関連 計
減損損失 - - - 100 - 100 - - 100
【報告セグメントごとの固定資産の減損損失に関する情報】
前連結会計年度（自 2024年４月１日 至 2025年３月31日）
（注） 「生活関連」セグメントにおける米国での医薬、香粧品原料の販売事業に係るのれん等について、当初想定した
収益が見込めなくなったことから 、帳簿価額を回収可能価額まで減額し、1,173百万円の減損損失を計上いたしま
した。
当連結会計年度（自 2025年４月１日 至 2026年３月31日）
【報告セグメントごとののれんの償却額および未償却残高に関する情報】
前連結会計年度（自 2024年４月１日 至 2025年３月31日）
 セグメント情報に同様の情報を開示しているため、記載を省略しております。
当連結会計年度（自 2025年４月１日 至 2026年３月31日）
 セグメント情報に同様の情報を開示しているため、記載を省略してお"
8013,卸売り事業,81.12,external_customer_sales_table_v6,7326.0,9031.0,https://www.naigai.co.jp/core_sys/images/others/ir_release/news/2025/20251212_ir.pdf,2026,"計算書に関する注記）
 当第３四半期連結累計期間に係る四半期連結キャッシュ・フロー計算書は作成しておりません。なお、第３四半
期連結累計期間に係る減価償却費（無形固定資産に係る償却費を含む。）は、次のとおりであります。
（単位：百万円）
報告セグメント
合計 調整額
(注)１
四半期連結損益
計算書計上額
(注)２卸売り事業 小売り事業
売上高
外部顧客への売上高 7,370 1,505 8,875 － 8,875
セグメント間の内部売上高又は
振替高 94 0 94 △94 －
計 7,464 1,506 8,970 △94 8,875
セグメント損失（△） △283 △20 △303 － △303
（セグメント情報等の注記）
【セグメント情報】
Ⅰ 前第３四半期連結累計期間（自 2024年２月１日 至 2024年10月31日）
１．報告セグメントごとの売上高及び利益又は損失の金額に関する情報
（注）１．調整額はセグメント間の取引消去であります。
 ２．セグメント損失（△）は、四半期連結損益計算書の営業損失と一致しております。
２．報告セグメントごとの固定資産の減損損失又はのれん等に関する情報
（固定資産に係る重要な減損損失）
 「卸売り事業」及び「小売り事業」セグメントにおいて、固定資産の減損損失を計上しております。なお、当該
減損損失の計上額は、当第３四半期連結累計期間においては「卸売り事業」セグメントで39百万円、「小売り事
業」セグメントで５百万円であります。
- 8 -
㈱ナイガイ（8013） 2026年1月期 第３四半期決算短信
（単位：百万円）
報告セグメント
合計 調整額
(注)１
四半期連結損益
計算書計上額
(注)２卸売り事業 小売り事業
売上高
 外部顧客への売上高 7,326 1,705 9,031 － 9,031
セグメント間の内部売上高又は
振替高 35 0 35 △35 －
計 7,361 1,706 9,067 △35 9,031
セグメント利益又は損失（△） △439 38 △401 － △401
Ⅱ 当第３四半期連結累計期間（自 2025年２月１日 至 2025年10月31日）
報告セグメントごとの売上高及び利益又は損失の金額に関する情報
（注）１．調整額はセグメント間の取引消去であります。
 ２．セグメント利益又は損失（△）は、四半期連結損益計算書の営業損失と一致しております。
（重要な後発事象）
該当事項はありません。
３．その他
継続企業の前提に関する重要事象等
 当社グループは、前連結会計年度において営業損益は２期連続で黒字となったものの、営業キャッシュ・フローは
連続してマイナスを計上しております。従いまして、継続企業の前提に重要な疑義が生じさせる事象又は状況が引き
続き存在していると認識しております。
 このような状況を解消するために当社グループは、2025年２月３日に公表いたしました、第６次中期経営計画の着
実な実行により、営業キャッシュ・フローの黒字化を計画していることから、現時点では当社グループにおいて、継
続企業の前提に関する重要な不確実性は認められないものと判断しております。
 なお、資金面については、金融機関からの融資継続を含め手元資金は十分確保できており、財務面での安全性は確
保できております。"
8013,小売り事業,18.88,external_customer_sales_table_v6,1705.0,9031.0,https://www.naigai.co.jp/core_sys/images/others/ir_release/news/2025/20251212_ir.pdf,2026,"計算書に関する注記）
 当第３四半期連結累計期間に係る四半期連結キャッシュ・フロー計算書は作成しておりません。なお、第３四半
期連結累計期間に係る減価償却費（無形固定資産に係る償却費を含む。）は、次のとおりであります。
（単位：百万円）
報告セグメント
合計 調整額
(注)１
四半期連結損益
計算書計上額
(注)２卸売り事業 小売り事業
売上高
外部顧客への売上高 7,370 1,505 8,875 － 8,875
セグメント間の内部売上高又は
振替高 94 0 94 △94 －
計 7,464 1,506 8,970 △94 8,875
セグメント損失（△） △283 △20 △303 － △303
（セグメント情報等の注記）
【セグメント情報】
Ⅰ 前第３四半期連結累計期間（自 2024年２月１日 至 2024年10月31日）
１．報告セグメントごとの売上高及び利益又は損失の金額に関する情報
（注）１．調整額はセグメント間の取引消去であります。
 ２．セグメント損失（△）は、四半期連結損益計算書の営業損失と一致しております。
２．報告セグメントごとの固定資産の減損損失又はのれん等に関する情報
（固定資産に係る重要な減損損失）
 「卸売り事業」及び「小売り事業」セグメントにおいて、固定資産の減損損失を計上しております。なお、当該
減損損失の計上額は、当第３四半期連結累計期間においては「卸売り事業」セグメントで39百万円、「小売り事
業」セグメントで５百万円であります。
- 8 -
㈱ナイガイ（8013） 2026年1月期 第３四半期決算短信
（単位：百万円）
報告セグメント
合計 調整額
(注)１
四半期連結損益
計算書計上額
(注)２卸売り事業 小売り事業
売上高
 外部顧客への売上高 7,326 1,705 9,031 － 9,031
セグメント間の内部売上高又は
振替高 35 0 35 △35 －
計 7,361 1,706 9,067 △35 9,031
セグメント利益又は損失（△） △439 38 △401 － △401
Ⅱ 当第３四半期連結累計期間（自 2025年２月１日 至 2025年10月31日）
報告セグメントごとの売上高及び利益又は損失の金額に関する情報
（注）１．調整額はセグメント間の取引消去であります。
 ２．セグメント利益又は損失（△）は、四半期連結損益計算書の営業損失と一致しております。
（重要な後発事象）
該当事項はありません。
３．その他
継続企業の前提に関する重要事象等
 当社グループは、前連結会計年度において営業損益は２期連続で黒字となったものの、営業キャッシュ・フローは
連続してマイナスを計上しております。従いまして、継続企業の前提に重要な疑義が生じさせる事象又は状況が引き
続き存在していると認識しております。
 このような状況を解消するために当社グループは、2025年２月３日に公表いたしました、第６次中期経営計画の着
実な実行により、営業キャッシュ・フローの黒字化を計画していることから、現時点では当社グループにおいて、継
続企業の前提に関する重要な不確実性は認められないものと判断しております。
 なお、資金面については、金融機関からの融資継続を含め手元資金は十分確保できており、財務面での安全性は確
保できております。"
8016,国内事業,93.77,external_customer_sales_table_v6,59510.0,63466.0,https://www.onward-hd.co.jp/ir/library/2c3a2f3827f8e07407d8fc73f92e9ca5e2bd1c91.pdf,2027,",025
株式会社オンワードホールディングス(8016) 2027年２月期 第１四半期決算短信
8
（３）四半期連結財務諸表に関する注記事項
(セグメント情報等の注記)
Ⅰ 前第１四半期連結累計期間 (自 2025年３月１日 至 2025年５月31日)
１．報告セグメントごとの売上高および利益又は損失の金額に関する情報
(単位：百万円)
国内事業 海外事業 計 調整額
(注)１
四半期連結
損益計算書
計上額
(注)２
売上高
(１) 外部顧客への売上高 56,657 3,501 60,158 － 60,158
(２) セグメント間の内部売上高
又は振替高 363 1,035 1,398 △1,398 －
計 57,020 4,536 61,557 △1,398 60,158
セグメント利益又は損失(△) 5,804 △353 5,451 △97 5,353
(注)１. セグメント利益又は損失(△)の調整額△97百万円には、のれんの償却額△263百万円およびセグメント
間取引消去1,085百万円、各報告セグメントに配分していない全社費用△919百万円が含まれています。
全社費用は主にセグメントに帰属しない一般管理費です。
２. セグメント利益又は損失(△)は、四半期連結損益計算書の営業利益と一致しています。
２．報告セグメントごとの固定資産の減損損失又はのれん等に関する情報
重要な発生および変動はありません。
Ⅱ 当第１四半期連結累計期間 (自 2026年３月１日 至 2026年５月31日)
１．報告セグメントごとの売上高および利益又は損失の金額に関する情報
(単位：百万円)
国内事業 海外事業 計 調整額
(注)１
四半期連結
損益計算書
計上額
(注)２
売上高
(１) 外部顧客への売上高 59,510 3,955 63,466 － 63,466
(２) セグメント間の内部売上高
又は振替高 293 1,220 1,513 △1,513 －
計 59,804 5,175 64,980 △1,513 63,466
セグメント利益又は損失(△) 6,134 △315 5,818 △171 5,647
(注)１. セグメント利益又は損失(△)の調整額△171百万円には、のれんの償却額△329百万円およびセグメント
間取引消去1,098百万円、各報告セグメントに配分していない全社費用△940百万円が含まれています。
全社費用は主にセグメントに帰属しない一般管理費です。
２. セグメント利益又は損失(△)は、四半期連結損益計算書の営業利益と一致しています。
２．報告セグメントごとの固定資産の減損損失又はのれん等に関する情報
(のれんの金額の重要な変動)
当第１四半期連結会計期間において、株式会社コスメ・デ・ボーテの全株式を取得し、
連結子会社としました。これにより、のれんを2,848百万円計上しています。なお、のれ
んの金額は当第１四半期連結会計期間末において取得原価の配分が完了していないため、
暫定的に算定された金額です。
株式会社オンワードホールディングス(8016) 2027年２月期 第１四半期決算短信
9
(株主資本の金額に著しい変動があった場合の注記)
該当事項はありません。
(継続企業の前提に関する注記)
該当事項はありません。
(四半期連結キャッシュ・フロー計"
8016,海外事業,6.23,external_customer_sales_table_v6,3955.0,63466.0,https://www.onward-hd.co.jp/ir/library/2c3a2f3827f8e07407d8fc73f92e9ca5e2bd1c91.pdf,2027,",025
株式会社オンワードホールディングス(8016) 2027年２月期 第１四半期決算短信
8
（３）四半期連結財務諸表に関する注記事項
(セグメント情報等の注記)
Ⅰ 前第１四半期連結累計期間 (自 2025年３月１日 至 2025年５月31日)
１．報告セグメントごとの売上高および利益又は損失の金額に関する情報
(単位：百万円)
国内事業 海外事業 計 調整額
(注)１
四半期連結
損益計算書
計上額
(注)２
売上高
(１) 外部顧客への売上高 56,657 3,501 60,158 － 60,158
(２) セグメント間の内部売上高
又は振替高 363 1,035 1,398 △1,398 －
計 57,020 4,536 61,557 △1,398 60,158
セグメント利益又は損失(△) 5,804 △353 5,451 △97 5,353
(注)１. セグメント利益又は損失(△)の調整額△97百万円には、のれんの償却額△263百万円およびセグメント
間取引消去1,085百万円、各報告セグメントに配分していない全社費用△919百万円が含まれています。
全社費用は主にセグメントに帰属しない一般管理費です。
２. セグメント利益又は損失(△)は、四半期連結損益計算書の営業利益と一致しています。
２．報告セグメントごとの固定資産の減損損失又はのれん等に関する情報
重要な発生および変動はありません。
Ⅱ 当第１四半期連結累計期間 (自 2026年３月１日 至 2026年５月31日)
１．報告セグメントごとの売上高および利益又は損失の金額に関する情報
(単位：百万円)
国内事業 海外事業 計 調整額
(注)１
四半期連結
損益計算書
計上額
(注)２
売上高
(１) 外部顧客への売上高 59,510 3,955 63,466 － 63,466
(２) セグメント間の内部売上高
又は振替高 293 1,220 1,513 △1,513 －
計 59,804 5,175 64,980 △1,513 63,466
セグメント利益又は損失(△) 6,134 △315 5,818 △171 5,647
(注)１. セグメント利益又は損失(△)の調整額△171百万円には、のれんの償却額△329百万円およびセグメント
間取引消去1,098百万円、各報告セグメントに配分していない全社費用△940百万円が含まれています。
全社費用は主にセグメントに帰属しない一般管理費です。
２. セグメント利益又は損失(△)は、四半期連結損益計算書の営業利益と一致しています。
２．報告セグメントごとの固定資産の減損損失又はのれん等に関する情報
(のれんの金額の重要な変動)
当第１四半期連結会計期間において、株式会社コスメ・デ・ボーテの全株式を取得し、
連結子会社としました。これにより、のれんを2,848百万円計上しています。なお、のれ
んの金額は当第１四半期連結会計期間末において取得原価の配分が完了していないため、
暫定的に算定された金額です。
株式会社オンワードホールディングス(8016) 2027年２月期 第１四半期決算短信
9
(株主資本の金額に著しい変動があった場合の注記)
該当事項はありません。
(継続企業の前提に関する注記)
該当事項はありません。
(四半期連結キャッシュ・フロー計"
8023,の提供を行う単一の事業,52.21,external_customer_sales_table_v6,22191399.0,42500540.0,https://www.daiko-xtech.co.jp/_cms_/wp-content/uploads/2026/07/securities_2026_4.pdf,2026,"25年３月31日）及び当連結会計年度（自 2025年４月１日 至 
2026年３月31日）
当社グループはソリューションサービスの提供を行う単一の事業活動を営んでいるため、セグメント情報につい
ては記載を省略しております。
 
【関連情報】
前連結会計年度(自 2024年４月１日 至 2025年３月31日)
１．製品及びサービスごとの情報
 （単位：千円）
 プロダクト
ソリューション
ソフトウェア
ソリューション
ネットワーク
ソリューション 合計
外部顧客への売上高 18,681,999 20,780,371 3,227,889 42,690,259
 
（表示方法の変更）
製品及びサービスごとの情報の記載について、当連結会計年度より提供するソリューション区分別による開示に
変更しております。この表示方法の変更を反映するため、前連結会計年度の金額を組み替えております。
 
２．地域ごとの情報
(1)売上高
本邦の外部顧客への売上高が連結損益計算書の売上高の90%を超えるため、記載を省略しております。
(2)有形固定資産
本邦以外に所在している有形固定資産がないため、該当事項はありません。
 
３．主要な顧客ごとの情報
顧客の名称又は氏名 売上高
富士通株式会社 1,681,749千円
 
当連結会計年度(自 2025年４月１日 至 2026年３月31日)
１．製品及びサービスごとの情報
 （単位：千円）
 プロダクト
ソリューション
ソフトウェア
ソリューション
ネットワーク
ソリューション 合計
 外部顧客への売上高 17,457,628 22,191,399 2,851,512 42,500,540
 
２．地域ごとの情報
(1)売上高
本邦の外部顧客への売上高が連結損益計算書の売上高の90%を超えるため、記載を省略しております。
(2)有形固定資産
本邦以外に所在している有形固定資産がないため、該当事項はありません。
 
３．主要な顧客ごとの情報
顧客の名称又は氏名 売上高
富士通株式会社 1,371,777千円
 
【報告セグメントごとの固定資産の減損損失に関する情報】
当社グループは単一セグメントであるため、記載を省略しております。
 
【報告セグメントごとののれんの償却額及び未償却残高に関する情報】
当社グループは単一セグメントであるため、記載を省略しております。
 
【報告セグメントごとの負ののれん発生益に関する情報】
当社グループは単一セグメントであるため、記載を省略しております。
EDINET提出書類
ＤＡＩＫＯ ＸＴＥＣＨ株式会社(E02683)
有価証券報告書
 84/113
【関連当事者情報】
関連当事者との取引
（1）連結財務諸表提出会社と関連当事者との取引
① 連結財務諸表提出会社の親会社及び主要株主（会社等の場合に限る。）等
前連結会計年度（自 2024年４月１日 至 2025年３月31日）
種類 会社等の名
称又は氏名 所在地
資本金又は
出資金
（千円）
事業の内容
又は職業
議決権等の
所有（被所
有）割合
（%）
関連当事者
との関係 取引の内容 取引金額"
8023,当社グループはソリューションサービス,41.08,external_customer_sales_table_v6,17457628.0,42500540.0,https://www.daiko-xtech.co.jp/_cms_/wp-content/uploads/2026/07/securities_2026_4.pdf,2026,"25年３月31日）及び当連結会計年度（自 2025年４月１日 至 
2026年３月31日）
当社グループはソリューションサービスの提供を行う単一の事業活動を営んでいるため、セグメント情報につい
ては記載を省略しております。
 
【関連情報】
前連結会計年度(自 2024年４月１日 至 2025年３月31日)
１．製品及びサービスごとの情報
 （単位：千円）
 プロダクト
ソリューション
ソフトウェア
ソリューション
ネットワーク
ソリューション 合計
外部顧客への売上高 18,681,999 20,780,371 3,227,889 42,690,259
 
（表示方法の変更）
製品及びサービスごとの情報の記載について、当連結会計年度より提供するソリューション区分別による開示に
変更しております。この表示方法の変更を反映するため、前連結会計年度の金額を組み替えております。
 
２．地域ごとの情報
(1)売上高
本邦の外部顧客への売上高が連結損益計算書の売上高の90%を超えるため、記載を省略しております。
(2)有形固定資産
本邦以外に所在している有形固定資産がないため、該当事項はありません。
 
３．主要な顧客ごとの情報
顧客の名称又は氏名 売上高
富士通株式会社 1,681,749千円
 
当連結会計年度(自 2025年４月１日 至 2026年３月31日)
１．製品及びサービスごとの情報
 （単位：千円）
 プロダクト
ソリューション
ソフトウェア
ソリューション
ネットワーク
ソリューション 合計
 外部顧客への売上高 17,457,628 22,191,399 2,851,512 42,500,540
 
２．地域ごとの情報
(1)売上高
本邦の外部顧客への売上高が連結損益計算書の売上高の90%を超えるため、記載を省略しております。
(2)有形固定資産
本邦以外に所在している有形固定資産がないため、該当事項はありません。
 
３．主要な顧客ごとの情報
顧客の名称又は氏名 売上高
富士通株式会社 1,371,777千円
 
【報告セグメントごとの固定資産の減損損失に関する情報】
当社グループは単一セグメントであるため、記載を省略しております。
 
【報告セグメントごとののれんの償却額及び未償却残高に関する情報】
当社グループは単一セグメントであるため、記載を省略しております。
 
【報告セグメントごとの負ののれん発生益に関する情報】
当社グループは単一セグメントであるため、記載を省略しております。
EDINET提出書類
ＤＡＩＫＯ ＸＴＥＣＨ株式会社(E02683)
有価証券報告書
 84/113
【関連当事者情報】
関連当事者との取引
（1）連結財務諸表提出会社と関連当事者との取引
① 連結財務諸表提出会社の親会社及び主要株主（会社等の場合に限る。）等
前連結会計年度（自 2024年４月１日 至 2025年３月31日）
種類 会社等の名
称又は氏名 所在地
資本金又は
出資金
（千円）
事業の内容
又は職業
議決権等の
所有（被所
有）割合
（%）
関連当事者
との関係 取引の内容 取引金額"
8023,製品及びサービス,6.71,external_customer_sales_table_v6,2851512.0,42500540.0,https://www.daiko-xtech.co.jp/_cms_/wp-content/uploads/2026/07/securities_2026_4.pdf,2026,"25年３月31日）及び当連結会計年度（自 2025年４月１日 至 
2026年３月31日）
当社グループはソリューションサービスの提供を行う単一の事業活動を営んでいるため、セグメント情報につい
ては記載を省略しております。
 
【関連情報】
前連結会計年度(自 2024年４月１日 至 2025年３月31日)
１．製品及びサービスごとの情報
 （単位：千円）
 プロダクト
ソリューション
ソフトウェア
ソリューション
ネットワーク
ソリューション 合計
外部顧客への売上高 18,681,999 20,780,371 3,227,889 42,690,259
 
（表示方法の変更）
製品及びサービスごとの情報の記載について、当連結会計年度より提供するソリューション区分別による開示に
変更しております。この表示方法の変更を反映するため、前連結会計年度の金額を組み替えております。
 
２．地域ごとの情報
(1)売上高
本邦の外部顧客への売上高が連結損益計算書の売上高の90%を超えるため、記載を省略しております。
(2)有形固定資産
本邦以外に所在している有形固定資産がないため、該当事項はありません。
 
３．主要な顧客ごとの情報
顧客の名称又は氏名 売上高
富士通株式会社 1,681,749千円
 
当連結会計年度(自 2025年４月１日 至 2026年３月31日)
１．製品及びサービスごとの情報
 （単位：千円）
 プロダクト
ソリューション
ソフトウェア
ソリューション
ネットワーク
ソリューション 合計
 外部顧客への売上高 17,457,628 22,191,399 2,851,512 42,500,540
 
２．地域ごとの情報
(1)売上高
本邦の外部顧客への売上高が連結損益計算書の売上高の90%を超えるため、記載を省略しております。
(2)有形固定資産
本邦以外に所在している有形固定資産がないため、該当事項はありません。
 
３．主要な顧客ごとの情報
顧客の名称又は氏名 売上高
富士通株式会社 1,371,777千円
 
【報告セグメントごとの固定資産の減損損失に関する情報】
当社グループは単一セグメントであるため、記載を省略しております。
 
【報告セグメントごとののれんの償却額及び未償却残高に関する情報】
当社グループは単一セグメントであるため、記載を省略しております。
 
【報告セグメントごとの負ののれん発生益に関する情報】
当社グループは単一セグメントであるため、記載を省略しております。
EDINET提出書類
ＤＡＩＫＯ ＸＴＥＣＨ株式会社(E02683)
有価証券報告書
 84/113
【関連当事者情報】
関連当事者との取引
（1）連結財務諸表提出会社と関連当事者との取引
① 連結財務諸表提出会社の親会社及び主要株主（会社等の場合に限る。）等
前連結会計年度（自 2024年４月１日 至 2025年３月31日）
種類 会社等の名
称又は氏名 所在地
資本金又は
出資金
（千円）
事業の内容
又は職業
議決権等の
所有（被所
有）割合
（%）
関連当事者
との関係 取引の内容 取引金額"
8039,取り扱う商品・サービス,97.50,external_customer_sales_table_v6,60853.0,62414.0,https://www.tsukiji-uoichiba.co.jp/wp/wp-content/uploads/2026/05/rkt20260514.pdf,2026,"該当事項はありません。
（会計上の見積りの変更に関する注記）
該当事項はありません。
（追加情報の注記）
該当事項はありません。
- 12 -
築地魚市場株式会社（8039） 2026年３月期 決算短信
（セグメント情報等の注記）
【セグメント情報】
１．報告セグメントの概要
当社グループの報告セグメントは、当社グループの構成単位のうち分離された財務情報が入手可能で
あり、取締役等により構成する経営会議が、経営資源の配分の決定及び業績を評価するために、定期的
に検討を行う対象となっているものであります。
当社は、取り扱う商品・サービス別に、連結子会社においては個社別に報告を受け、業種別に包括的
な戦略を立案し、事業活動を展開しております。
したがって、当社は、業種別のセグメントで構成されており、「水産物卸売業」、「冷蔵倉庫業」及
び「不動産賃貸業」の３つを報告セグメントとしております。
「水産物卸売業」は、水産物及びその加工製品の卸売をしております。「冷蔵倉庫業」は、水産物の
冷蔵保管等をしております。「不動産賃貸業」は、不動産の賃貸等をしております。
２．報告セグメントごとの売上高、利益又は損失、資産その他の項目の金額の算定方法
報告されている事業セグメントの会計処理の方法は、連結財務諸表を作成するために採用される会計
方針に準拠した方法であります。報告セグメントの利益は、営業利益ベースの数値であります。
セグメント間の内部収益及び振替高は市場実勢価格に基づいております。
- 13 -
築地魚市場株式会社（8039） 2026年３月期 決算短信
（単位：百万円）
水産物卸売業 冷蔵倉庫業 不動産賃貸業 合 計 調整額
（注）１，２
連結財務諸
表計上額
（注）３
売上高
 外部顧客への売上高 60,853 1,403 157 62,414 - 62,414
セグメント間の内部売上高又は
振替高 - 275 - 275 △275 -
計 60,853 1,678 157 62,689 △275 62,414
セグメント利益又は損失（△） △189 409 83 302 - 302
セグメント資産 7,442 5,074 1,398 13,916 2,686 16,602
その他の項目
減価償却費 56 228 25 309 51 360
減損損失 11 - - 11 - 11
有形固定資産及び無形固定資産の
増加額 107 127 26 261 20 282
（単位：百万円）
水産物卸売業 冷蔵倉庫業 不動産賃貸業 合 計 調整額
（注）１，２
連結財務諸
表計上額
（注）３
売上高
外部顧客への売上高 65,833 1,466 151 67,450 - 67,450
セグメント間の内部売上高又は
振替高 - 309 - 309 △309 -
計 65,833 1,775 151 67,760 △309 67,450
セグメント利益又は損失（△） △372 466 72 166 - 166
セグメント資産 8,756 5,122 1,478 15,357 2,752 18,110
その他の項目
減価償却費 62 237 27 327 60 388
減損損失 - - - - - -
有形固定資産及び無形固定資産の
増加額 83 55 108 247 100 348
３．"
8039,報告されている事業,2.25,external_customer_sales_table_v6,1403.0,62414.0,https://www.tsukiji-uoichiba.co.jp/wp/wp-content/uploads/2026/05/rkt20260514.pdf,2026,"該当事項はありません。
（会計上の見積りの変更に関する注記）
該当事項はありません。
（追加情報の注記）
該当事項はありません。
- 12 -
築地魚市場株式会社（8039） 2026年３月期 決算短信
（セグメント情報等の注記）
【セグメント情報】
１．報告セグメントの概要
当社グループの報告セグメントは、当社グループの構成単位のうち分離された財務情報が入手可能で
あり、取締役等により構成する経営会議が、経営資源の配分の決定及び業績を評価するために、定期的
に検討を行う対象となっているものであります。
当社は、取り扱う商品・サービス別に、連結子会社においては個社別に報告を受け、業種別に包括的
な戦略を立案し、事業活動を展開しております。
したがって、当社は、業種別のセグメントで構成されており、「水産物卸売業」、「冷蔵倉庫業」及
び「不動産賃貸業」の３つを報告セグメントとしております。
「水産物卸売業」は、水産物及びその加工製品の卸売をしております。「冷蔵倉庫業」は、水産物の
冷蔵保管等をしております。「不動産賃貸業」は、不動産の賃貸等をしております。
２．報告セグメントごとの売上高、利益又は損失、資産その他の項目の金額の算定方法
報告されている事業セグメントの会計処理の方法は、連結財務諸表を作成するために採用される会計
方針に準拠した方法であります。報告セグメントの利益は、営業利益ベースの数値であります。
セグメント間の内部収益及び振替高は市場実勢価格に基づいております。
- 13 -
築地魚市場株式会社（8039） 2026年３月期 決算短信
（単位：百万円）
水産物卸売業 冷蔵倉庫業 不動産賃貸業 合 計 調整額
（注）１，２
連結財務諸
表計上額
（注）３
売上高
 外部顧客への売上高 60,853 1,403 157 62,414 - 62,414
セグメント間の内部売上高又は
振替高 - 275 - 275 △275 -
計 60,853 1,678 157 62,689 △275 62,414
セグメント利益又は損失（△） △189 409 83 302 - 302
セグメント資産 7,442 5,074 1,398 13,916 2,686 16,602
その他の項目
減価償却費 56 228 25 309 51 360
減損損失 11 - - 11 - 11
有形固定資産及び無形固定資産の
増加額 107 127 26 261 20 282
（単位：百万円）
水産物卸売業 冷蔵倉庫業 不動産賃貸業 合 計 調整額
（注）１，２
連結財務諸
表計上額
（注）３
売上高
外部顧客への売上高 65,833 1,466 151 67,450 - 67,450
セグメント間の内部売上高又は
振替高 - 309 - 309 △309 -
計 65,833 1,775 151 67,760 △309 67,450
セグメント利益又は損失（△） △372 466 72 166 - 166
セグメント資産 8,756 5,122 1,478 15,357 2,752 18,110
その他の項目
減価償却費 62 237 27 327 60 388
減損損失 - - - - - -
有形固定資産及び無形固定資産の
増加額 83 55 108 247 100 348
３．"
8065,ライフ営業事業,3.95,external_customer_sales_table_v6,8564.0,216554.0,https://data.swcms.net/file/satoshoji/dam/jcr:4ecb71eb-08ed-41ef-bcbf-b280c462178a/140120260202545207.pdf,2026,"利益 3 3
（四半期連結包括利益計算書）
- 6 -
佐藤商事㈱(8065) 2026年３月期 第３四半期決算短信
（３）四半期連結財務諸表に関する注記事項
（継続企業の前提に関する注記）
 該当事項はありません。
（株主資本の金額に著しい変動があった場合の注記）
 該当事項はありません。
前第３四半期連結累計期間
（自 2024年４月１日
至 2024年12月31日）
当第３四半期連結累計期間
（自 2025年４月１日
至 2025年12月31日）
減価償却費 808百万円 1,019百万円
（四半期連結キャッシュ・フロー計算書に関する注記）
 当第３四半期連結累計期間に係る四半期連結キャッシュ・フロー計算書は作成しておりません。なお、第３四
半期連結累計期間に係る減価償却費（のれんを除く無形固定資産に係る償却費を含む）は、次のとおりでありま
す。
- 7 -
佐藤商事㈱(8065) 2026年３月期 第３四半期決算短信
（単位：百万円）
鉄鋼事業 非鉄金属事業 電子事業 ライフ営業事業 機械・工具事業 営業開発事業
四半期連結損益
計算書計上額
（注）
売上高
外部顧客への売上高 136,207 31,334 31,884 7,035 5,065 3,360 214,888
セグメント間の内部売上高
又は振替高
－ － － － － － －
計 136,207 31,334 31,884 7,035 5,065 3,360 214,888
セグメント利益 2,434 264 1,572 277 181 129 4,860
（単位：百万円）
鉄鋼事業 非鉄金属事業 電子事業 ライフ営業事業 機械・工具事業 営業開発事業
四半期連結損益
計算書計上額
（注）
売上高
 外部顧客への売上高 132,638 29,594 37,775 8,564 4,606 3,374 216,554
セグメント間の内部売上高
又は振替高
－ － － － － － －
計 132,638 29,594 37,775 8,564 4,606 3,374 216,554
セグメント利益
又は損失（△）
2,042 385 2,211 426 △50 80 5,097
（セグメント情報等の注記）
Ⅰ 前第３四半期連結累計期間（自 2024年４月１日 至 2024年12月31日）
 報告セグメントごとの売上高及び利益又は損失の金額に関する情報
（注）セグメント利益は、四半期連結損益計算書の営業利益と一致しております。
Ⅱ 当第３四半期連結累計期間（自 2025年４月１日 至 2025年12月31日）
 報告セグメントごとの売上高及び利益又は損失の金額に関する情報
（注）セグメント利益又は損失（△）は、四半期連結損益計算書の営業利益と一致しております。
- 8 -
佐藤商事㈱(8065) 2026年３月期 第３四半期決算短信"
8065,営業開発事業,1.56,external_customer_sales_table_v6,3374.0,216554.0,https://data.swcms.net/file/satoshoji/dam/jcr:4ecb71eb-08ed-41ef-bcbf-b280c462178a/140120260202545207.pdf,2026,"利益 3 3
（四半期連結包括利益計算書）
- 6 -
佐藤商事㈱(8065) 2026年３月期 第３四半期決算短信
（３）四半期連結財務諸表に関する注記事項
（継続企業の前提に関する注記）
 該当事項はありません。
（株主資本の金額に著しい変動があった場合の注記）
 該当事項はありません。
前第３四半期連結累計期間
（自 2024年４月１日
至 2024年12月31日）
当第３四半期連結累計期間
（自 2025年４月１日
至 2025年12月31日）
減価償却費 808百万円 1,019百万円
（四半期連結キャッシュ・フロー計算書に関する注記）
 当第３四半期連結累計期間に係る四半期連結キャッシュ・フロー計算書は作成しておりません。なお、第３四
半期連結累計期間に係る減価償却費（のれんを除く無形固定資産に係る償却費を含む）は、次のとおりでありま
す。
- 7 -
佐藤商事㈱(8065) 2026年３月期 第３四半期決算短信
（単位：百万円）
鉄鋼事業 非鉄金属事業 電子事業 ライフ営業事業 機械・工具事業 営業開発事業
四半期連結損益
計算書計上額
（注）
売上高
外部顧客への売上高 136,207 31,334 31,884 7,035 5,065 3,360 214,888
セグメント間の内部売上高
又は振替高
－ － － － － － －
計 136,207 31,334 31,884 7,035 5,065 3,360 214,888
セグメント利益 2,434 264 1,572 277 181 129 4,860
（単位：百万円）
鉄鋼事業 非鉄金属事業 電子事業 ライフ営業事業 機械・工具事業 営業開発事業
四半期連結損益
計算書計上額
（注）
売上高
 外部顧客への売上高 132,638 29,594 37,775 8,564 4,606 3,374 216,554
セグメント間の内部売上高
又は振替高
－ － － － － － －
計 132,638 29,594 37,775 8,564 4,606 3,374 216,554
セグメント利益
又は損失（△）
2,042 385 2,211 426 △50 80 5,097
（セグメント情報等の注記）
Ⅰ 前第３四半期連結累計期間（自 2024年４月１日 至 2024年12月31日）
 報告セグメントごとの売上高及び利益又は損失の金額に関する情報
（注）セグメント利益は、四半期連結損益計算書の営業利益と一致しております。
Ⅱ 当第３四半期連結累計期間（自 2025年４月１日 至 2025年12月31日）
 報告セグメントごとの売上高及び利益又は損失の金額に関する情報
（注）セグメント利益又は損失（△）は、四半期連結損益計算書の営業利益と一致しております。
- 8 -
佐藤商事㈱(8065) 2026年３月期 第３四半期決算短信"
8065,機械・工具事業,2.13,external_customer_sales_table_v6,4606.0,216554.0,https://data.swcms.net/file/satoshoji/dam/jcr:4ecb71eb-08ed-41ef-bcbf-b280c462178a/140120260202545207.pdf,2026,"利益 3 3
（四半期連結包括利益計算書）
- 6 -
佐藤商事㈱(8065) 2026年３月期 第３四半期決算短信
（３）四半期連結財務諸表に関する注記事項
（継続企業の前提に関する注記）
 該当事項はありません。
（株主資本の金額に著しい変動があった場合の注記）
 該当事項はありません。
前第３四半期連結累計期間
（自 2024年４月１日
至 2024年12月31日）
当第３四半期連結累計期間
（自 2025年４月１日
至 2025年12月31日）
減価償却費 808百万円 1,019百万円
（四半期連結キャッシュ・フロー計算書に関する注記）
 当第３四半期連結累計期間に係る四半期連結キャッシュ・フロー計算書は作成しておりません。なお、第３四
半期連結累計期間に係る減価償却費（のれんを除く無形固定資産に係る償却費を含む）は、次のとおりでありま
す。
- 7 -
佐藤商事㈱(8065) 2026年３月期 第３四半期決算短信
（単位：百万円）
鉄鋼事業 非鉄金属事業 電子事業 ライフ営業事業 機械・工具事業 営業開発事業
四半期連結損益
計算書計上額
（注）
売上高
外部顧客への売上高 136,207 31,334 31,884 7,035 5,065 3,360 214,888
セグメント間の内部売上高
又は振替高
－ － － － － － －
計 136,207 31,334 31,884 7,035 5,065 3,360 214,888
セグメント利益 2,434 264 1,572 277 181 129 4,860
（単位：百万円）
鉄鋼事業 非鉄金属事業 電子事業 ライフ営業事業 機械・工具事業 営業開発事業
四半期連結損益
計算書計上額
（注）
売上高
 外部顧客への売上高 132,638 29,594 37,775 8,564 4,606 3,374 216,554
セグメント間の内部売上高
又は振替高
－ － － － － － －
計 132,638 29,594 37,775 8,564 4,606 3,374 216,554
セグメント利益
又は損失（△）
2,042 385 2,211 426 △50 80 5,097
（セグメント情報等の注記）
Ⅰ 前第３四半期連結累計期間（自 2024年４月１日 至 2024年12月31日）
 報告セグメントごとの売上高及び利益又は損失の金額に関する情報
（注）セグメント利益は、四半期連結損益計算書の営業利益と一致しております。
Ⅱ 当第３四半期連結累計期間（自 2025年４月１日 至 2025年12月31日）
 報告セグメントごとの売上高及び利益又は損失の金額に関する情報
（注）セグメント利益又は損失（△）は、四半期連結損益計算書の営業利益と一致しております。
- 8 -
佐藤商事㈱(8065) 2026年３月期 第３四半期決算短信"
8065,鉄鋼事業,61.25,external_customer_sales_table_v6,132638.0,216554.0,https://data.swcms.net/file/satoshoji/dam/jcr:4ecb71eb-08ed-41ef-bcbf-b280c462178a/140120260202545207.pdf,2026,"利益 3 3
（四半期連結包括利益計算書）
- 6 -
佐藤商事㈱(8065) 2026年３月期 第３四半期決算短信
（３）四半期連結財務諸表に関する注記事項
（継続企業の前提に関する注記）
 該当事項はありません。
（株主資本の金額に著しい変動があった場合の注記）
 該当事項はありません。
前第３四半期連結累計期間
（自 2024年４月１日
至 2024年12月31日）
当第３四半期連結累計期間
（自 2025年４月１日
至 2025年12月31日）
減価償却費 808百万円 1,019百万円
（四半期連結キャッシュ・フロー計算書に関する注記）
 当第３四半期連結累計期間に係る四半期連結キャッシュ・フロー計算書は作成しておりません。なお、第３四
半期連結累計期間に係る減価償却費（のれんを除く無形固定資産に係る償却費を含む）は、次のとおりでありま
す。
- 7 -
佐藤商事㈱(8065) 2026年３月期 第３四半期決算短信
（単位：百万円）
鉄鋼事業 非鉄金属事業 電子事業 ライフ営業事業 機械・工具事業 営業開発事業
四半期連結損益
計算書計上額
（注）
売上高
外部顧客への売上高 136,207 31,334 31,884 7,035 5,065 3,360 214,888
セグメント間の内部売上高
又は振替高
－ － － － － － －
計 136,207 31,334 31,884 7,035 5,065 3,360 214,888
セグメント利益 2,434 264 1,572 277 181 129 4,860
（単位：百万円）
鉄鋼事業 非鉄金属事業 電子事業 ライフ営業事業 機械・工具事業 営業開発事業
四半期連結損益
計算書計上額
（注）
売上高
 外部顧客への売上高 132,638 29,594 37,775 8,564 4,606 3,374 216,554
セグメント間の内部売上高
又は振替高
－ － － － － － －
計 132,638 29,594 37,775 8,564 4,606 3,374 216,554
セグメント利益
又は損失（△）
2,042 385 2,211 426 △50 80 5,097
（セグメント情報等の注記）
Ⅰ 前第３四半期連結累計期間（自 2024年４月１日 至 2024年12月31日）
 報告セグメントごとの売上高及び利益又は損失の金額に関する情報
（注）セグメント利益は、四半期連結損益計算書の営業利益と一致しております。
Ⅱ 当第３四半期連結累計期間（自 2025年４月１日 至 2025年12月31日）
 報告セグメントごとの売上高及び利益又は損失の金額に関する情報
（注）セグメント利益又は損失（△）は、四半期連結損益計算書の営業利益と一致しております。
- 8 -
佐藤商事㈱(8065) 2026年３月期 第３四半期決算短信"
8065,電子事業,17.44,external_customer_sales_table_v6,37775.0,216554.0,https://data.swcms.net/file/satoshoji/dam/jcr:4ecb71eb-08ed-41ef-bcbf-b280c462178a/140120260202545207.pdf,2026,"利益 3 3
（四半期連結包括利益計算書）
- 6 -
佐藤商事㈱(8065) 2026年３月期 第３四半期決算短信
（３）四半期連結財務諸表に関する注記事項
（継続企業の前提に関する注記）
 該当事項はありません。
（株主資本の金額に著しい変動があった場合の注記）
 該当事項はありません。
前第３四半期連結累計期間
（自 2024年４月１日
至 2024年12月31日）
当第３四半期連結累計期間
（自 2025年４月１日
至 2025年12月31日）
減価償却費 808百万円 1,019百万円
（四半期連結キャッシュ・フロー計算書に関する注記）
 当第３四半期連結累計期間に係る四半期連結キャッシュ・フロー計算書は作成しておりません。なお、第３四
半期連結累計期間に係る減価償却費（のれんを除く無形固定資産に係る償却費を含む）は、次のとおりでありま
す。
- 7 -
佐藤商事㈱(8065) 2026年３月期 第３四半期決算短信
（単位：百万円）
鉄鋼事業 非鉄金属事業 電子事業 ライフ営業事業 機械・工具事業 営業開発事業
四半期連結損益
計算書計上額
（注）
売上高
外部顧客への売上高 136,207 31,334 31,884 7,035 5,065 3,360 214,888
セグメント間の内部売上高
又は振替高
－ － － － － － －
計 136,207 31,334 31,884 7,035 5,065 3,360 214,888
セグメント利益 2,434 264 1,572 277 181 129 4,860
（単位：百万円）
鉄鋼事業 非鉄金属事業 電子事業 ライフ営業事業 機械・工具事業 営業開発事業
四半期連結損益
計算書計上額
（注）
売上高
 外部顧客への売上高 132,638 29,594 37,775 8,564 4,606 3,374 216,554
セグメント間の内部売上高
又は振替高
－ － － － － － －
計 132,638 29,594 37,775 8,564 4,606 3,374 216,554
セグメント利益
又は損失（△）
2,042 385 2,211 426 △50 80 5,097
（セグメント情報等の注記）
Ⅰ 前第３四半期連結累計期間（自 2024年４月１日 至 2024年12月31日）
 報告セグメントごとの売上高及び利益又は損失の金額に関する情報
（注）セグメント利益は、四半期連結損益計算書の営業利益と一致しております。
Ⅱ 当第３四半期連結累計期間（自 2025年４月１日 至 2025年12月31日）
 報告セグメントごとの売上高及び利益又は損失の金額に関する情報
（注）セグメント利益又は損失（△）は、四半期連結損益計算書の営業利益と一致しております。
- 8 -
佐藤商事㈱(8065) 2026年３月期 第３四半期決算短信"
8065,非鉄金属事業,13.67,external_customer_sales_table_v6,29594.0,216554.0,https://data.swcms.net/file/satoshoji/dam/jcr:4ecb71eb-08ed-41ef-bcbf-b280c462178a/140120260202545207.pdf,2026,"利益 3 3
（四半期連結包括利益計算書）
- 6 -
佐藤商事㈱(8065) 2026年３月期 第３四半期決算短信
（３）四半期連結財務諸表に関する注記事項
（継続企業の前提に関する注記）
 該当事項はありません。
（株主資本の金額に著しい変動があった場合の注記）
 該当事項はありません。
前第３四半期連結累計期間
（自 2024年４月１日
至 2024年12月31日）
当第３四半期連結累計期間
（自 2025年４月１日
至 2025年12月31日）
減価償却費 808百万円 1,019百万円
（四半期連結キャッシュ・フロー計算書に関する注記）
 当第３四半期連結累計期間に係る四半期連結キャッシュ・フロー計算書は作成しておりません。なお、第３四
半期連結累計期間に係る減価償却費（のれんを除く無形固定資産に係る償却費を含む）は、次のとおりでありま
す。
- 7 -
佐藤商事㈱(8065) 2026年３月期 第３四半期決算短信
（単位：百万円）
鉄鋼事業 非鉄金属事業 電子事業 ライフ営業事業 機械・工具事業 営業開発事業
四半期連結損益
計算書計上額
（注）
売上高
外部顧客への売上高 136,207 31,334 31,884 7,035 5,065 3,360 214,888
セグメント間の内部売上高
又は振替高
－ － － － － － －
計 136,207 31,334 31,884 7,035 5,065 3,360 214,888
セグメント利益 2,434 264 1,572 277 181 129 4,860
（単位：百万円）
鉄鋼事業 非鉄金属事業 電子事業 ライフ営業事業 機械・工具事業 営業開発事業
四半期連結損益
計算書計上額
（注）
売上高
 外部顧客への売上高 132,638 29,594 37,775 8,564 4,606 3,374 216,554
セグメント間の内部売上高
又は振替高
－ － － － － － －
計 132,638 29,594 37,775 8,564 4,606 3,374 216,554
セグメント利益
又は損失（△）
2,042 385 2,211 426 △50 80 5,097
（セグメント情報等の注記）
Ⅰ 前第３四半期連結累計期間（自 2024年４月１日 至 2024年12月31日）
 報告セグメントごとの売上高及び利益又は損失の金額に関する情報
（注）セグメント利益は、四半期連結損益計算書の営業利益と一致しております。
Ⅱ 当第３四半期連結累計期間（自 2025年４月１日 至 2025年12月31日）
 報告セグメントごとの売上高及び利益又は損失の金額に関する情報
（注）セグメント利益又は損失（△）は、四半期連結損益計算書の営業利益と一致しております。
- 8 -
佐藤商事㈱(8065) 2026年３月期 第３四半期決算短信"
8066,サービス,44.04,external_customer_sales_table_v6,33829.0,76820.0,https://www.mitani-corp.co.jp/ir/library/financial_results/20260813ir.pdf,2027,"0 0
税金等調整前四半期純利益 7,390 8,757
法人税、住民税及び事業税 2,077 2,554
法人税等調整額 △33 81
法人税等合計 2,043 2,636
四半期純利益 5,346 6,121
非支配株主に帰属する四半期純利益 478 500
親会社株主に帰属する四半期純利益 4,868 5,620
三谷商事株式会社 （8066） 2027年３月期 第１四半期決算短信 
6
四半期連結包括利益計算書
第１四半期連結累計期間
(単位：百万円)
前第１四半期連結累計期間
(自 2025年４月１日
至 2025年６月30日)
当第１四半期連結累計期間
(自 2026年４月１日
至 2026年６月30日)
四半期純利益 5,346 6,121
その他の包括利益
その他有価証券評価差額金 △33 △2
為替換算調整勘定 △1,032 396
退職給付に係る調整額 △64 △202
持分法適用会社に対する持分相当額 4 2
その他の包括利益合計 △1,126 193
四半期包括利益 4,220 6,315
（内訳）
親会社株主に係る四半期包括利益 3,794 5,866
非支配株主に係る四半期包括利益 425 449
三谷商事株式会社 （8066） 2027年３月期 第１四半期決算短信 
7
（３）四半期連結財務諸表に関する注記事項
（セグメント情報等）
Ⅰ 前第１四半期連結累計期間(自 2025年４月１日 至 2025年６月30日)
１．報告セグメントごとの売上高及び利益又は損失の金額に関する情報
(単位：百万円)
報告セグメント
調整額
四半期連結
損益計算書
計上額情報システム
関連事業
企業サプライ
関連事業
生活・地域
サービス
関連事業
計
売上高
 外部顧客への売上高 6,773 36,216 33,829 76,820 － 76,820
セグメント間の内部
売上高又は振替高 723 18,201 2,523 21,448 △21,448 －
計 7,497 54,418 36,353 98,269 △21,448 76,820
セグメント利益 770 5,412 1,230 7,413 △781 6,631
(注）１．セグメント利益の調整額△781百万円は、主に各報告セグメントに帰属しない一般管理費であります。
２．セグメント利益の合計の金額は、四半期連結損益計算書の営業利益と調整を行っております。
Ⅱ 当第１四半期連結累計期間(自 2026年４月１日 至 2026年６月30日)
１．報告セグメントごとの売上高及び利益又は損失の金額に関する情報
(単位：百万円)
報告セグメント
調整額
四半期連結
損益計算書
計上額情報システム
関連事業
企業サプライ
関連事業
生活・地域
サービス
関連事業
計
売上高
外部顧客への売上高 6,694 37,462 34,733 78,890 － 78,890
セグメント間の内部
売上高又は振替高 507 17,439 2,459 20,406 △20,406 －
計 7,201 54,902 37,192 99,296 △20,406 78,890
セグメント利益 928 6,066 1,242 8,237 △872 7,364
(注）１．セグメント利益の調整額△872百万円は、主に各報告セグメントに帰"
8066,住民税及び事業,8.82,external_customer_sales_table_v6,6773.0,76820.0,https://www.mitani-corp.co.jp/ir/library/financial_results/20260813ir.pdf,2027,"0 0
税金等調整前四半期純利益 7,390 8,757
法人税、住民税及び事業税 2,077 2,554
法人税等調整額 △33 81
法人税等合計 2,043 2,636
四半期純利益 5,346 6,121
非支配株主に帰属する四半期純利益 478 500
親会社株主に帰属する四半期純利益 4,868 5,620
三谷商事株式会社 （8066） 2027年３月期 第１四半期決算短信 
6
四半期連結包括利益計算書
第１四半期連結累計期間
(単位：百万円)
前第１四半期連結累計期間
(自 2025年４月１日
至 2025年６月30日)
当第１四半期連結累計期間
(自 2026年４月１日
至 2026年６月30日)
四半期純利益 5,346 6,121
その他の包括利益
その他有価証券評価差額金 △33 △2
為替換算調整勘定 △1,032 396
退職給付に係る調整額 △64 △202
持分法適用会社に対する持分相当額 4 2
その他の包括利益合計 △1,126 193
四半期包括利益 4,220 6,315
（内訳）
親会社株主に係る四半期包括利益 3,794 5,866
非支配株主に係る四半期包括利益 425 449
三谷商事株式会社 （8066） 2027年３月期 第１四半期決算短信 
7
（３）四半期連結財務諸表に関する注記事項
（セグメント情報等）
Ⅰ 前第１四半期連結累計期間(自 2025年４月１日 至 2025年６月30日)
１．報告セグメントごとの売上高及び利益又は損失の金額に関する情報
(単位：百万円)
報告セグメント
調整額
四半期連結
損益計算書
計上額情報システム
関連事業
企業サプライ
関連事業
生活・地域
サービス
関連事業
計
売上高
 外部顧客への売上高 6,773 36,216 33,829 76,820 － 76,820
セグメント間の内部
売上高又は振替高 723 18,201 2,523 21,448 △21,448 －
計 7,497 54,418 36,353 98,269 △21,448 76,820
セグメント利益 770 5,412 1,230 7,413 △781 6,631
(注）１．セグメント利益の調整額△781百万円は、主に各報告セグメントに帰属しない一般管理費であります。
２．セグメント利益の合計の金額は、四半期連結損益計算書の営業利益と調整を行っております。
Ⅱ 当第１四半期連結累計期間(自 2026年４月１日 至 2026年６月30日)
１．報告セグメントごとの売上高及び利益又は損失の金額に関する情報
(単位：百万円)
報告セグメント
調整額
四半期連結
損益計算書
計上額情報システム
関連事業
企業サプライ
関連事業
生活・地域
サービス
関連事業
計
売上高
外部顧客への売上高 6,694 37,462 34,733 78,890 － 78,890
セグメント間の内部
売上高又は振替高 507 17,439 2,459 20,406 △20,406 －
計 7,201 54,902 37,192 99,296 △20,406 78,890
セグメント利益 928 6,066 1,242 8,237 △872 7,364
(注）１．セグメント利益の調整額△872百万円は、主に各報告セグメントに帰"
8066,関連事業,47.14,external_customer_sales_table_v6,36216.0,76820.0,https://www.mitani-corp.co.jp/ir/library/financial_results/20260813ir.pdf,2027,"0 0
税金等調整前四半期純利益 7,390 8,757
法人税、住民税及び事業税 2,077 2,554
法人税等調整額 △33 81
法人税等合計 2,043 2,636
四半期純利益 5,346 6,121
非支配株主に帰属する四半期純利益 478 500
親会社株主に帰属する四半期純利益 4,868 5,620
三谷商事株式会社 （8066） 2027年３月期 第１四半期決算短信 
6
四半期連結包括利益計算書
第１四半期連結累計期間
(単位：百万円)
前第１四半期連結累計期間
(自 2025年４月１日
至 2025年６月30日)
当第１四半期連結累計期間
(自 2026年４月１日
至 2026年６月30日)
四半期純利益 5,346 6,121
その他の包括利益
その他有価証券評価差額金 △33 △2
為替換算調整勘定 △1,032 396
退職給付に係る調整額 △64 △202
持分法適用会社に対する持分相当額 4 2
その他の包括利益合計 △1,126 193
四半期包括利益 4,220 6,315
（内訳）
親会社株主に係る四半期包括利益 3,794 5,866
非支配株主に係る四半期包括利益 425 449
三谷商事株式会社 （8066） 2027年３月期 第１四半期決算短信 
7
（３）四半期連結財務諸表に関する注記事項
（セグメント情報等）
Ⅰ 前第１四半期連結累計期間(自 2025年４月１日 至 2025年６月30日)
１．報告セグメントごとの売上高及び利益又は損失の金額に関する情報
(単位：百万円)
報告セグメント
調整額
四半期連結
損益計算書
計上額情報システム
関連事業
企業サプライ
関連事業
生活・地域
サービス
関連事業
計
売上高
 外部顧客への売上高 6,773 36,216 33,829 76,820 － 76,820
セグメント間の内部
売上高又は振替高 723 18,201 2,523 21,448 △21,448 －
計 7,497 54,418 36,353 98,269 △21,448 76,820
セグメント利益 770 5,412 1,230 7,413 △781 6,631
(注）１．セグメント利益の調整額△781百万円は、主に各報告セグメントに帰属しない一般管理費であります。
２．セグメント利益の合計の金額は、四半期連結損益計算書の営業利益と調整を行っております。
Ⅱ 当第１四半期連結累計期間(自 2026年４月１日 至 2026年６月30日)
１．報告セグメントごとの売上高及び利益又は損失の金額に関する情報
(単位：百万円)
報告セグメント
調整額
四半期連結
損益計算書
計上額情報システム
関連事業
企業サプライ
関連事業
生活・地域
サービス
関連事業
計
売上高
外部顧客への売上高 6,694 37,462 34,733 78,890 － 78,890
セグメント間の内部
売上高又は振替高 507 17,439 2,459 20,406 △20,406 －
計 7,201 54,902 37,192 99,296 △20,406 78,890
セグメント利益 928 6,066 1,242 8,237 △872 7,364
(注）１．セグメント利益の調整額△872百万円は、主に各報告セグメントに帰"
8086,には再生医療事業,24.32,external_customer_sales_table_v6,40684.0,167286.0,https://www.nipro.co.jp/assets/document/ir_library/74th_first/financial_results.pdf,2027,"ジング
計
売上高
外部顧客への売上高 105,436 39,967 13,416 158,821 239 159,060 160 159,220
セグメント間の内部
売上高又は振替高 46 4 2,188 2,239 8,413 10,652 △10,652 －
計 105,482 39,972 15,605 161,060 8,652 169,712 △10,492 159,220
セグメント利益 10,316 4,012 148 14,477 120 14,598 △7,385 7,212
(注) １ 「その他」の区分は報告セグメントに含まれない事業セグメントであり、不動産賃貸等による売上高と本社
等の売上高を含んでおります。
２ 調整額は以下のとおりであります。
（1）外部顧客への売上高には再生医療事業の売上高160百万円が含まれております。
（2）セグメント利益の調整額△7,385百万円には、再生医療事業の利益△1,749百万円、未実現利益の調整額△
920百万円、本社費用△4,715百万円が含まれております。
（3）本社費用は主に報告セグメントに帰属しない一般管理費であります。
３ セグメント利益は、四半期連結損益計算書の営業利益と調整を行っております。
２ 報告セグメントごとの固定資産の減損損失又はのれん等に関する情報
該当事項はありません。
Ⅱ 当第１四半期連結累計期間(自 2026年４月１日 至 2026年６月30日)
１ 報告セグメントごとの売上高及び利益又は損失の金額に関する情報
(単位：百万円)
報告セグメント
その他
(注)１ 合計 調整額
(注)２
四半期連結
損益計算書
計上額
(注)３医療関連 医薬関連
ファーマ
パッケー
ジング
計
売上高
 外部顧客への売上高 111,935 40,684 14,419 167,038 247 167,286 258 167,545
セグメント間の内部
売上高又は振替高 133 28 2,562 2,724 7,360 10,085 △10,085 －
計 112,068 40,712 16,982 169,763 7,608 177,371 △9,826 167,545
セグメント利益 9,850 3,737 142 13,729 16 13,746 △6,036 7,710
(注) １ 「その他」の区分は報告セグメントに含まれない事業セグメントであり、不動産賃貸等による売上高と本社
等の売上高を含んでおります。
２ 調整額は以下のとおりであります。
（1）外部顧客への売上高には再生医療事業の売上高258百万円が含まれております。
（2）セグメント利益の調整額△6,036百万円には、再生医療事業の利益△1,551百万円、未実現利益の調整額△
230百万円、本社費用△4,254百万円が含まれております。
（3）本社費用は主に報告セグメントに帰属しない一般管理費であります。
３ セグメント利益は、四半期連結損益計算書の営業利益と調整を行っております。
ニプロ㈱(8086) 2027年３月期 第１四半期決算短信
10
２ 報告セグメントの変更等に関する事項
当第１四半期連結会計期間より、経営資源の配分・管理体制の実態をより適切に反映させるため、前連結会計年度
まで報告セグメントの医療関連に区分していた自社"
8086,の区分は報告セグメントに含まれない事業,66.91,external_customer_sales_table_v6,111935.0,167286.0,https://www.nipro.co.jp/assets/document/ir_library/74th_first/financial_results.pdf,2027,"ジング
計
売上高
外部顧客への売上高 105,436 39,967 13,416 158,821 239 159,060 160 159,220
セグメント間の内部
売上高又は振替高 46 4 2,188 2,239 8,413 10,652 △10,652 －
計 105,482 39,972 15,605 161,060 8,652 169,712 △10,492 159,220
セグメント利益 10,316 4,012 148 14,477 120 14,598 △7,385 7,212
(注) １ 「その他」の区分は報告セグメントに含まれない事業セグメントであり、不動産賃貸等による売上高と本社
等の売上高を含んでおります。
２ 調整額は以下のとおりであります。
（1）外部顧客への売上高には再生医療事業の売上高160百万円が含まれております。
（2）セグメント利益の調整額△7,385百万円には、再生医療事業の利益△1,749百万円、未実現利益の調整額△
920百万円、本社費用△4,715百万円が含まれております。
（3）本社費用は主に報告セグメントに帰属しない一般管理費であります。
３ セグメント利益は、四半期連結損益計算書の営業利益と調整を行っております。
２ 報告セグメントごとの固定資産の減損損失又はのれん等に関する情報
該当事項はありません。
Ⅱ 当第１四半期連結累計期間(自 2026年４月１日 至 2026年６月30日)
１ 報告セグメントごとの売上高及び利益又は損失の金額に関する情報
(単位：百万円)
報告セグメント
その他
(注)１ 合計 調整額
(注)２
四半期連結
損益計算書
計上額
(注)３医療関連 医薬関連
ファーマ
パッケー
ジング
計
売上高
 外部顧客への売上高 111,935 40,684 14,419 167,038 247 167,286 258 167,545
セグメント間の内部
売上高又は振替高 133 28 2,562 2,724 7,360 10,085 △10,085 －
計 112,068 40,712 16,982 169,763 7,608 177,371 △9,826 167,545
セグメント利益 9,850 3,737 142 13,729 16 13,746 △6,036 7,710
(注) １ 「その他」の区分は報告セグメントに含まれない事業セグメントであり、不動産賃貸等による売上高と本社
等の売上高を含んでおります。
２ 調整額は以下のとおりであります。
（1）外部顧客への売上高には再生医療事業の売上高258百万円が含まれております。
（2）セグメント利益の調整額△6,036百万円には、再生医療事業の利益△1,551百万円、未実現利益の調整額△
230百万円、本社費用△4,254百万円が含まれております。
（3）本社費用は主に報告セグメントに帰属しない一般管理費であります。
３ セグメント利益は、四半期連結損益計算書の営業利益と調整を行っております。
ニプロ㈱(8086) 2027年３月期 第１四半期決算短信
10
２ 報告セグメントの変更等に関する事項
当第１四半期連結会計期間より、経営資源の配分・管理体制の実態をより適切に反映させるため、前連結会計年度
まで報告セグメントの医療関連に区分していた自社"
8086,再生医療事業,8.62,external_customer_sales_table_v6,14419.0,167286.0,https://www.nipro.co.jp/assets/document/ir_library/74th_first/financial_results.pdf,2027,"ジング
計
売上高
外部顧客への売上高 105,436 39,967 13,416 158,821 239 159,060 160 159,220
セグメント間の内部
売上高又は振替高 46 4 2,188 2,239 8,413 10,652 △10,652 －
計 105,482 39,972 15,605 161,060 8,652 169,712 △10,492 159,220
セグメント利益 10,316 4,012 148 14,477 120 14,598 △7,385 7,212
(注) １ 「その他」の区分は報告セグメントに含まれない事業セグメントであり、不動産賃貸等による売上高と本社
等の売上高を含んでおります。
２ 調整額は以下のとおりであります。
（1）外部顧客への売上高には再生医療事業の売上高160百万円が含まれております。
（2）セグメント利益の調整額△7,385百万円には、再生医療事業の利益△1,749百万円、未実現利益の調整額△
920百万円、本社費用△4,715百万円が含まれております。
（3）本社費用は主に報告セグメントに帰属しない一般管理費であります。
３ セグメント利益は、四半期連結損益計算書の営業利益と調整を行っております。
２ 報告セグメントごとの固定資産の減損損失又はのれん等に関する情報
該当事項はありません。
Ⅱ 当第１四半期連結累計期間(自 2026年４月１日 至 2026年６月30日)
１ 報告セグメントごとの売上高及び利益又は損失の金額に関する情報
(単位：百万円)
報告セグメント
その他
(注)１ 合計 調整額
(注)２
四半期連結
損益計算書
計上額
(注)３医療関連 医薬関連
ファーマ
パッケー
ジング
計
売上高
 外部顧客への売上高 111,935 40,684 14,419 167,038 247 167,286 258 167,545
セグメント間の内部
売上高又は振替高 133 28 2,562 2,724 7,360 10,085 △10,085 －
計 112,068 40,712 16,982 169,763 7,608 177,371 △9,826 167,545
セグメント利益 9,850 3,737 142 13,729 16 13,746 △6,036 7,710
(注) １ 「その他」の区分は報告セグメントに含まれない事業セグメントであり、不動産賃貸等による売上高と本社
等の売上高を含んでおります。
２ 調整額は以下のとおりであります。
（1）外部顧客への売上高には再生医療事業の売上高258百万円が含まれております。
（2）セグメント利益の調整額△6,036百万円には、再生医療事業の利益△1,551百万円、未実現利益の調整額△
230百万円、本社費用△4,254百万円が含まれております。
（3）本社費用は主に報告セグメントに帰属しない一般管理費であります。
３ セグメント利益は、四半期連結損益計算書の営業利益と調整を行っております。
ニプロ㈱(8086) 2027年３月期 第１四半期決算短信
10
２ 報告セグメントの変更等に関する事項
当第１四半期連結会計期間より、経営資源の配分・管理体制の実態をより適切に反映させるため、前連結会計年度
まで報告セグメントの医療関連に区分していた自社"
8107,ル事業,11.90,external_customer_sales_table_v6,47.0,395.0,https://www.kimuratan.co.jp/corporate_cms/wp-content/uploads/2026/08/fef00be4a12e0f4d92afecfc91ea4d8a.pdf,2027,"間を含む連結会計年度の税引前当期純利益に対する税効果会計
適用後の実効税率を合理的に見積り、税引前四半期純利益に当該実効税率を乗じて計算しております。
㈱キムラタン (8107) 2027年3月期 第1四半期決算短信
― 9 ―
（セグメント情報等）
Ⅰ 前第１四半期連結累計期間(自 2025年４月１日 至 2025年６月30日)
１．報告セグメントごとの売上高及び利益又は損失の金額に関する情報並びに収益の分解情報
(単位：百万円)
報告セグメント
調整額
四半期連結損益
計算書計上額
(注)１不動産
事業
アパレル
事業
ウェアラブ
ル事業 計
売上高
顧客との契約から生じる収益 165 74 8 247 ― 247
その他の収益(注)２ 226 ― ― 226 ― 226
外部顧客への売上高 391 74 8 473 ― 473
セグメント間の内部
売上高又は振替高 ― ― ― ― ― ―
計 391 74 8 473 ― 473
セグメント利益又はセグメント
損失(△) 27 △18 △3 6 ― 6
(注)１．報告セグメントの利益は、四半期連結損益計算書の営業利益と合致しております。
２．その他の収益の主なものは、不動産賃貸収入であります。
Ⅱ 当第１四半期連結累計期間(自 2026年４月１日 至 2026年６月30日)
１．報告セグメントごとの売上高及び利益又は損失の金額に関する情報並びに収益の分解情報
(単位：百万円)
報告セグメント
調整額
四半期連結損益
計算書計上額
(注)１不動産
事業
アパレル
事業
ウェアラブ
ル事業 計
売上高
顧客との契約から生じる収益 108 47 9 166 ― 166
その他の収益(注)２ 229 ― ― 229 ― 229
 外部顧客への売上高 338 47 9 395 ― 395
セグメント間の内部
売上高又は振替高 ― ― ― ― ― ―
計 338 47 9 395 ― 395
セグメント利益又はセグメント
損失(△) 25 △15 △2 7 ― 7
(注)１．報告セグメントの利益は、四半期連結損益計算書の営業利益と合致しております。
２．その他の収益の主なものは、不動産賃貸収入であります。
㈱キムラタン (8107) 2027年3月期 第1四半期決算短信
― 10 ―
２．報告セグメントごとののれんに関する情報
前第１四半期連結累計期間(自 2025年４月１日 至 2025年６月30日)
（のれん）
のれんに関する報告セグメント別情報
報告セグメント
調整額 四半期連結
財務諸表計上額不動産
事業
アパレル
事業
ウェアラブ
ル事業 計
当四半期償却額 11 ― ― 11 ― 11
当四半期末残高 545 ― ― 545 ― 545
当第１四半期連結累計期間(自 2026年４月１日 至 2026年６月30日)
（のれん）
のれんに関する報告セグメント別情報
報告セグメント
調整額 四半期連結
財務諸表計上額不動産
事業
アパレル
事業
ウェアラブ
ル事業 計
当四半期償却額 12 ― ― 12 ― 12
当四半期末残高 541 ― ― 541 ― 541
（四半期連結キャッシュ・フロー計算書に関する注記）
当第１四半期連結累計期間に係る四半期連結キャッシュ・フロー計算書は作成しておりません。なお、第１四半
期連"
8107,事業,85.57,external_customer_sales_table_v6,338.0,395.0,https://www.kimuratan.co.jp/corporate_cms/wp-content/uploads/2026/08/fef00be4a12e0f4d92afecfc91ea4d8a.pdf,2027,"間を含む連結会計年度の税引前当期純利益に対する税効果会計
適用後の実効税率を合理的に見積り、税引前四半期純利益に当該実効税率を乗じて計算しております。
㈱キムラタン (8107) 2027年3月期 第1四半期決算短信
― 9 ―
（セグメント情報等）
Ⅰ 前第１四半期連結累計期間(自 2025年４月１日 至 2025年６月30日)
１．報告セグメントごとの売上高及び利益又は損失の金額に関する情報並びに収益の分解情報
(単位：百万円)
報告セグメント
調整額
四半期連結損益
計算書計上額
(注)１不動産
事業
アパレル
事業
ウェアラブ
ル事業 計
売上高
顧客との契約から生じる収益 165 74 8 247 ― 247
その他の収益(注)２ 226 ― ― 226 ― 226
外部顧客への売上高 391 74 8 473 ― 473
セグメント間の内部
売上高又は振替高 ― ― ― ― ― ―
計 391 74 8 473 ― 473
セグメント利益又はセグメント
損失(△) 27 △18 △3 6 ― 6
(注)１．報告セグメントの利益は、四半期連結損益計算書の営業利益と合致しております。
２．その他の収益の主なものは、不動産賃貸収入であります。
Ⅱ 当第１四半期連結累計期間(自 2026年４月１日 至 2026年６月30日)
１．報告セグメントごとの売上高及び利益又は損失の金額に関する情報並びに収益の分解情報
(単位：百万円)
報告セグメント
調整額
四半期連結損益
計算書計上額
(注)１不動産
事業
アパレル
事業
ウェアラブ
ル事業 計
売上高
顧客との契約から生じる収益 108 47 9 166 ― 166
その他の収益(注)２ 229 ― ― 229 ― 229
 外部顧客への売上高 338 47 9 395 ― 395
セグメント間の内部
売上高又は振替高 ― ― ― ― ― ―
計 338 47 9 395 ― 395
セグメント利益又はセグメント
損失(△) 25 △15 △2 7 ― 7
(注)１．報告セグメントの利益は、四半期連結損益計算書の営業利益と合致しております。
２．その他の収益の主なものは、不動産賃貸収入であります。
㈱キムラタン (8107) 2027年3月期 第1四半期決算短信
― 10 ―
２．報告セグメントごとののれんに関する情報
前第１四半期連結累計期間(自 2025年４月１日 至 2025年６月30日)
（のれん）
のれんに関する報告セグメント別情報
報告セグメント
調整額 四半期連結
財務諸表計上額不動産
事業
アパレル
事業
ウェアラブ
ル事業 計
当四半期償却額 11 ― ― 11 ― 11
当四半期末残高 545 ― ― 545 ― 545
当第１四半期連結累計期間(自 2026年４月１日 至 2026年６月30日)
（のれん）
のれんに関する報告セグメント別情報
報告セグメント
調整額 四半期連結
財務諸表計上額不動産
事業
アパレル
事業
ウェアラブ
ル事業 計
当四半期償却額 12 ― ― 12 ― 12
当四半期末残高 541 ― ― 541 ― 541
（四半期連結キャッシュ・フロー計算書に関する注記）
当第１四半期連結累計期間に係る四半期連結キャッシュ・フロー計算書は作成しておりません。なお、第１四半
期連"
