batch,stock_code,long_name,theme_name,cluster,revenue_share_pct,revenue_exposure_score,directness_score,growth_relevance_score,relevance_score,band,confidence,review_flag,score_source,share_status,share_basis,source_url,evidence,quote_type,sector,industry
1,1301,"Kyokuyo Co., Ltd.",円高メリット,内需・消費,,,8.0,5.0,,未確定,C,macro_sensitivity_required,macro_unknown,unknown,,,売上構成比を公式資料から数値で確認できず,EQUITY,Consumer Defensive,Packaged Foods
1,130A,Veritas In Silico Inc.,創薬,医療・ヘルスケア,,,94.0,100.0,,未確定,C,revenue_share_unknown,unknown,unknown,,https://www.veritasinsilico.com/jp/ir/news/news-262975785800273316.html,リバリーシステム 技術情報 成長戦略 IR情報 経営情報 業績・財務 IRライブラリ 株式情報 電子公告 IRニュース 「第13回 個人投資家サミット」(8月22日開催) アーカイブ動画公開のお知らせ ラジオNIKKEI「マーケット・テラス」に弊社代表が出演いたしました 採用情報 お問い合わせ プライバシーポリシー サイトポリシー 株式会社 Veritas In Silico IR情報 IRニュース IR動画配信のお知らせ（ IRTV Channel：Business Model） IR動画配信のお知らせ（ IRTV Channel：Business Model） 2026.08.07 IR Roboticsが運営している Youtube 「 IRTV Channel：Business Model」において、当社のビジネスモデルを解説した動画が公開されました。 弊社CEO 中村慎吾が、AI創薬会社が生み出した「新しい届け方」と題して事業解説しております。 動画URL: https://youtu.be/biVBB4A7OoQ ぜひ御視聴下さい。 IRニュース一覧へ戻る header-content header-content CLOSE MENU サイト内検索 当サイトはサービス向上を目的としてCookieを利用しています。Cookieの利用に同意いただける場合は「同意」ボタンをクリックしてください。同意いただけない場合は当サイトのご利用をお控えください。詳細は以下のページにてご確認ください。 プライバシーポリシー 同意 footer-content,EQUITY,Healthcare,Biotechnology
1,130A,Veritas In Silico Inc.,医薬品関連,医療・ヘルスケア,,,92.0,98.0,,未確定,C,revenue_share_unknown,unknown,unknown,,https://www.veritasinsilico.com/jp/ir/news/auto_20260805509176/pdfFile.pdf,3 27 16 4973 23 68 53 Si Li Co S InTa V Er I ©2026 Veritas In Silico Inc. ２０２６年１２月期 第２四半期 エグゼクティブサマリー 2 プラットフォーム事業：パートナーシップの推進 • 共同創薬研究は引き続き進行中。武田薬品との共同創薬研究終了 • スイス SpiroChemとmRNA標的化合物の共同探索研究を開始 • 新規契約獲得に向け、CDA締結済みの農薬企業含む国内外8社との契約交渉を継続し、事業開発を推進 202６年12月期 第２四半期決算の要約 • 事業収益は36百万円、事業費用は283百万円、当期純利益は△386百万円 パイプライン事業：自社開発パイプライン順調 • 自社パイプライン１については、非臨床試験に向けた動物実験を年内にも開始できる見込み • 自社パイプライン2については、2026年内の新規核酸医薬品に関する特許出願を目指し、複数の有望候補を創出 • ALS治療を対象とする新規核酸医薬品についての物質特許が公開され、東京慈恵会医科大学と共同記者会見を実施 ドラッグデリバリーシステム事業：ロードマップを着実に実行 • PMDA開発前相談を8/28に実施する。２０２７年販売開始の計画変更なし ©2026 Veritas In Silico Inc. 自社パイプラインの拡充: 製薬会社が求める医薬品候補物質創出する • パイプライン１については、DDS（ドラッグデリバリーシステム）による臨床試験のコストと期間を抜本的に 削減し、将来価値の向上と早期マネタイズを意識する • パイプライン2については、2026年度に創出する 多角化を通じた事業の安定を図る • 当社AI創薬プラットフォームaibVISの応用性を活かし、農薬事業について参入する • DDS自体のライセンスアウトによる収益化も視野に,EQUITY,Healthcare,Biotechnology
1,1326,SPDR Gold Shares,金,資源・素材,,,100.0,100.0,,未確定,C,non_operating_security,non_operating_security,non_operating_security,,,事業会社ではないため売上構成比の対象外,ETF,,
1,1328,NEXT FUNDS Gold Price Exchange Traded Fund,金,資源・素材,,,100.0,100.0,,未確定,C,non_operating_security,non_operating_security,non_operating_security,,,事業会社ではないため売上構成比の対象外,ETF,,
1,1332,Nissui Corporation,円高メリット,内需・消費,,,42.0,30.0,,未確定,C,macro_sensitivity_required,macro_unknown,unknown,,,売上構成比を公式資料から数値で確認できず,EQUITY,Consumer Defensive,Packaged Foods
1,1333,Umios Corporation,介護関連,医療・ヘルスケア,,,92.0,98.0,,未確定,C,revenue_share_unknown,unknown,unknown,,https://www.umios.com/jp/,Umios メニュー ニュース オンラインショップ 採用情報 お問い合わせ Global 検索 検索 商品情報 商品情報 トップ レイショクサイト DHA入りリサーラソーセージ 冷凍食品 缶詰 びん詰 トレー・パウチ ちくわ・練り製品 フィッシュソーセージ レトルト フリーズドライ ゼリー デザートの素 健康食品 介護食品 業務用商品 ギフト 宅配向け冷凍食品（生協含む） 新商品 人気商品ランキング シリーズ商品一覧 閉じる レシピ レシピ トップ 世界のサカナごはん タコ＆イカおすすめレシピ 人気レシピランキング さばの味噌汁 季節のおすすめレシピ ほたてときゅうりのさっぱりちらし寿司 世界のサカナごはん マグロとアボカドのタルタル 閉じる 見る・知る・楽しむ 見る・知る・楽しむ トップ 3分でわかるUmios GO!GO! FACTORY バーチャル工場見学 サカナクロス 海と魚が好きになるマガジン おいしいレシピと交流の場 リサーチ Umiosヒストリー 次の100年へ未来の地球を支えるUmiosの挑戦 CMギャラリー 閉じる 品質・研究 品質・研究 トップ フードディフェンス 品質保証体制 中央研究所 品質保証の基本的考え方 商品をお届けするまで 中期経営計画 知的財産 研究・開発（中央研究所）,EQUITY,Consumer Defensive,Packaged Foods
1,1333,Umios Corporation,円高メリット,内需・消費,,,8.0,5.0,,未確定,C,macro_sensitivity_required,macro_unknown,unknown,,,売上構成比を公式資料から数値で確認できず,EQUITY,Consumer Defensive,Packaged Foods
1,1333,Umios Corporation,宅配,物流・海運,,,92.0,98.0,,未確定,C,revenue_share_unknown,unknown,unknown,,https://www.umios.com/jp/,Umios メニュー ニュース オンラインショップ 採用情報 お問い合わせ Global 検索 検索 商品情報 商品情報 トップ レイショクサイト DHA入りリサーラソーセージ 冷凍食品 缶詰 びん詰 トレー・パウチ ちくわ・練り製品 フィッシュソーセージ レトルト フリーズドライ ゼリー デザートの素 健康食品 介護食品 業務用商品 ギフト 宅配向け冷凍食品（生協含む） 新商品 人気商品ランキング シリーズ商品一覧 閉じる レシピ レシピ トップ 世界のサカナごはん タコ＆イカおすすめレシピ 人気レシピランキング さばの味噌汁 季節のおすすめレシピ ほたてときゅうりのさっぱりちらし寿司 世界のサカナごはん マグロとアボカドのタルタル 閉じる 見る・知る・楽しむ 見る・知る・楽しむ トップ 3分でわかるUmios GO!GO! FACTORY バーチャル工場見学 サカナクロス 海と魚が好きになるマガジン おいしいレシピと交流の場 リサーチ Umiosヒストリー 次の100年へ未来の地球を支えるUmiosの挑戦 CMギャラリー 閉じる 品質・研究 品質・研究 トップ フードディフェンス 品質保証体制 中央研究所 品質保証の基本的考え方 商品をお届けするまで 中期経営計画 知的財産 研究・開発（中央研究所） Umiosの研究開発 研究開,EQUITY,Consumer Defensive,Packaged Foods
1,1333,Umios Corporation,食品,内需・消費,93.98,,97.0,89.0,,未確定,C,calculated_ratio_needs_qa,calculated_candidate_only,calculated_ratio_candidate,calculated_same_snippet,https://www.umios.com/jp/corporate/ir/library/pdf/20260515_4Q_jp_presentation_script.pdf,"% ー 4.0% ー 1.0倍 ー (単位：億円） 26年3月期 25年3月期 米ドル 150.43 円 151.44 円 ユーロ 169.18 円 163.80 円 タイバーツ 4.57 円 4.31 円 為替レート こちらは前期の全体業績となります。連結全体で増収増益を達成いたしました。 2025年8月に、営業利益を当初計画の 270億円から300億円へ上方修正を実施いたし ましたが、最終的にはその数値をさらに 12億円上回った312億円で着地をしており ます。CI変更や本社移転、パッケージの改定等の一過性の企業変革費用 20億円を除 いた事業ベースでは実質332億円と、前年同期比28億円、9％の増益となりました。 なお当期純利益については 、政策保有株式の縮減による投資有価証券売却益 77億円 を特別利益に計上しておりますが、2025年3月期での売却益109億円を計上しており ますので、若干の減益で222億円となっております。 7 Copyright © Umios Corporation 営業利益の増減分析（前年同期比） 8 +63 △22 △39 304 332 事業構造改革効果、 生産改善効果、販 売増加により大幅 増益 欧州事業は好調も、 畜産事業の収益構 造見直し・価格変 動影響などにより 減益 国内加工食品事業 の販売数量減に伴 う工場稼働低下に より減益 海外ペットフード 減益は為替影響に よるものであり、 販売は堅調 (単位：億円) 水産資源 食材流通 加工食品 312 企業変革費用 （一過性） 304 25年3月期 26年3月期その他 こちらでは、営業利益の増減要因をセグメント別に分解しています。 ご覧のとおり、食材流通と加工食品は減益となりましたが 、水産資源が大きく増益 を確保し、全体では増益となりました。 水産資源については 、漁業での操業効率の改善と不採算事業の撤退 、北米での生産 拠点の統合など、中期経営計画で掲げた事業構造改革の効果が想定以上に顕在化し たことで、前年同期比63億円と大幅な増益となりました 。食材流通は、水産商事の 欧州事業での商品の収益性向上に加え、5月に子会社化した利益貢献がありましたが、 畜産事業の収益構造改革や価格変動影響により減益となりました 。加工食品につい ては、国内の販売数量減少による工場稼働低下などにより減益となりました。 8 Copyright © Umios Corporation 2026年3月期 概況：水産資源セグメント 9 26年3月期 25年3月期 前期比 増減 増減率 売上高 1,294 1,276 +17 +1.4% 漁業 345 386 △ 41 △10.6% 養殖 211 174 +38 +21.7% 北米 738 717 +21 +2.9% 営業利益 24 △ 39 ",EQUITY,Consumer Defensive,Packaged Foods
1,135A,"VRAIN Solution, Inc.",IoT,設備投資・機械,,,90.0,82.0,,未確定,C,revenue_share_unknown,unknown,unknown,,https://vrain.co.jp/,hoenix Eye DXコンサルティング AI振動検査 Phoenix Analyzer AI異音検査 Phoenix Analyzer 生産計画最適化 安全管理 導入事例 採用情報 会社情報 VRAINとは 事業概要 会社概要 IR情報 資料DL お問い合わせ 無料ワークテスト English お問い合わせ 資料ダウンロード 無償検証テストお申込 ソリューション AI外観検査 Phoenix Vision Phoenix Eye DXコンサルティング AI振動検査 Phoenix Analyzer AI異音検査 Phoenix Analyzer 生産計画最適化 安全管理 導入事例 採用情報 会社情報 VRAINとは 事業概要 会社概要 IR情報 資料DL お問い合わせ 無料ワークテスト English 無償テスト申込 ダウンロード お問い合わせ 03-6280-4915 最先端のAI・IoT技術で 未来のスマートファクトリーを創る VRAIN Solutionとは NEWS 2026.08.18 event 【2026/10/7～9】展示会「ものづくり ワールド [大阪]」出展のお知らせ 2026.07.1 news 金沢営業所開設のお知らせ 2026.06.19 event 【2026/9/9～11】展示会「ファクトリーイノベーション Week」出展のお知らせ 2026.05.20 event 【2026/6/10～13】海外展示会「ProPak Asia 2026」出展のお知らせ 2026.05.13 event 【2026/6/10～12】「画像センシング展2026」への出展のお知らせ 新着ニュース 一覧 BUSINESS 事業紹介 製造現場の業務効率化に貢献 「最先端のAI技術」と「豊富な現場知識」で 製造業のあらゆる課題を解決し続けます AI × IoT 技術 AI,EQUITY,Technology,Software - Infrastructure
1,135A,"VRAIN Solution, Inc.",デジタルトランスフォーメーション,デジタル・サービス,,,92.0,90.0,,未確定,C,revenue_share_unknown,unknown,unknown,,https://vrain.co.jp/,株式会社VRAIN Solution | 製造業に特化したAI技術でDXを実現 株式会社 VRAIN Solution ソリューション AI外観検査 Phoenix Vision Phoenix Eye DXコンサルティング AI振動検査 Phoenix Analyzer AI異音検査 Phoenix Analyzer 生産計画最適化 安全管理 導入事例 採用情報 会社情報 VRAINとは 事業概要 会社概要 IR情報 資料DL お問い合わせ 無料ワークテスト English お問い合わせ 資料ダウンロード 無償検証テストお申込 ソリューション AI外観検査 Phoenix Vision Phoenix Eye DXコンサルティング AI振動検査 Phoenix Analyzer AI異音検査 Phoenix Analyzer 生産計画最適化 安全管理 導入事例 採用情報 会社情報 VRAINとは 事業概要 会社概要 IR情報 資料DL お問い合わせ 無料ワー,EQUITY,Technology,Software - Infrastructure
1,135A,"VRAIN Solution, Inc.",人工知能,AI・半導体,,,97.0,99.0,,未確定,C,revenue_share_unknown,unknown,unknown,,https://vrain.co.jp/,株式会社VRAIN Solution | 製造業に特化したAI技術でDXを実現 株式会社 VRAIN Solution ソリューション AI外観検査 Phoenix Vision Phoenix Eye DXコンサルティング AI振動検査 Phoenix Analyzer AI異音検査 Phoenix Analyzer 生産計画最適化 安全管理 導入事例 採用情報 会社情報 VRAINとは 事業概要 会社概要 IR情報 資料DL お問い合わせ 無料ワークテスト English お問い合わせ 資料ダウンロード 無償検証テストお申込 ソリューション AI外観検査 Phoenix Vision Phoenix Eye DXコンサルティング AI振動検査 Phoenix Analyzer AI異音検査 Phoenix Analyzer 生産計画最適化 安全管理 導入事例 採用情報 会社情報 VRAINとは 事業概,EQUITY,Technology,Software - Infrastructure
1,1375,"Yukiguni Factory Co., Ltd.",食品,内需・消費,,,94.0,86.0,,未確定,C,revenue_share_unknown,unknown,unknown,,https://www.yukiguni-factory.co.jp/,ユキグニファクトリー株式会社 | キノコのチカラ、ミライのセカイ 商品情報 きのこ大百科 サステナビリティ 会社情報 採用サイト ユキグニレシピ オンラインストア JP | EN 商品情報 きのこ大百科 サステナビリティ 会社情報 採用サイト ユキグニレシピ オンラインストア JP | EN 商品情報 雪国まいたけ極 雪国まいたけ極 白 雪国ぶなしめじ 雪国えりんぎ マッシュルーム キノコのお肉 健康食品 炊きこみごはんの素 大黒本しめじ・大粒丹波しめじ ブランド紹介 雪国まいたけ極 雪国えりんぎ マッシュルーム 大黒本しめじ・大粒丹波しめじ キノコのお肉 きのこ大百科 家のまわりのきのこたち 山できのこをみかけたら 気をつけたい・・・毒きのこ 商品に関するQ&A きのこ豆知識 ユキグニマルシェ サステナビリティ ESG関連データ ステークホルダー・エンゲージメント 環境への取り組み コーポレート・ガバナンスの取り組み サステナビリティマネジメント体制 マテリアリティ サステナビリティ方針・行動指針 社会への取り組み 会社情報 沿革 会社概要 拠点一覧 社長メッセージ コーポレート・アイデンティティ IR情報 採用サイト ユキグニレシピ オンラインストア JP | EN 商品情報トップ 商品情報 ブランド紹介 雪国まいたけ極 雪国まいたけ極 白 雪国ぶなしめじ 雪国えりんぎ マッシュルーム,EQUITY,Consumer Defensive,Packaged Foods
1,137A,"Cocolive, Inc.",IT関連,デジタル・サービス,,,90.0,82.0,,未確定,C,revenue_share_unknown,unknown,unknown,,,売上構成比を公式資料から数値で確認できず,EQUITY,Technology,Software - Infrastructure
1,137A,"Cocolive, Inc.",SaaS,デジタル・サービス,,,94.0,86.0,,未確定,C,revenue_share_unknown,unknown,unknown,,,売上構成比を公式資料から数値で確認できず,EQUITY,Technology,Software - Infrastructure
1,137A,"Cocolive, Inc.",クラウドコンピューティング,デジタル・サービス,,,92.0,84.0,,未確定,C,revenue_share_unknown,unknown,unknown,,https://cocolive.co.jp/,17件の予約を自動獲得！】膨大な反響対応の課題をクリアし、休眠顧客も掘り起こす「アンケート機能」活用法 ハウスドゥ 苫小牧東（有限会社山地不動産企画）様 詳細はこちら 事例一覧はこちら お役立ち資料 実践で得たデータやノウハウを体系的にまとめた小冊子となります。 実践から得た生情報を取得できますので自社の営業・マーケティング活動に活かせます。 工務店 売買仲介 来場率10%アップ！冊子を使って顧客をゴッソリ掘り起こす追客方法 工務店 ポータルサイトからの来場転換率を上げる具体的な施策 工務店 「オンライン勉強会」でよくやってしまう7つの失敗 お役立ち資料一覧はこちら お知らせ 2025.08.27 ニュース 本社移転のお知らせ 2025.01.21 ニュース 住宅・不動産業界向け自動追客・商談管理ツール『KASIKA』、住宅業界のDX化を推進する株式会社ダイテックの基幹システム「注文分譲クラウドDX」とのデータ連携を正式に開始 2024.09.13 ニュース 住宅・不動産業界向け自動追客・商談管理ツール『KASIKA』を提供するCocolive、『LINE公式アカウント』との連携機能をリリース 2024.06.18 ニュース 住宅・不動産業界向け自動追客・商談管理ツール『KASIKA』を提供するCocolive、住宅業界のＤＸ化を推進する株式会社ダイテックとパートナーシップ契約を締結 2024.02.28 ニュース 東京証券取引所グロース市場への上場に関するお知らせ お知らせ一覧はこちら IRニュース IRニュース一覧はこちら データとマーケティングの力で 不動産業界に新しい価値を KASIKAに関するお問い合わせ 03-6386-0038 運営会社 Cocolive株式会社 東京都千代田区神田神保町1-28-1 mirio 神保町7F サービス 主要機能 サポート体制 利用価格,EQUITY,Technology,Software - Infrastructure
1,137A,"Cocolive, Inc.",サブスクリプション,デジタル・サービス,,,8.0,5.0,,未確定,C,revenue_share_unknown,unknown,unknown,,,売上構成比を公式資料から数値で確認できず,EQUITY,Technology,Software - Infrastructure
1,137A,"Cocolive, Inc.",不動産テック,不動産・建設,,,92.0,90.0,,未確定,C,revenue_share_unknown,unknown,unknown,,https://cocolive.co.jp/,住宅・不動産業界に特化したマーケティングオートメーションツール『KASIKA』。 Cocolive株式会社 トップ 業界 工務店 売買仲介 マンション 主要機能 事例一覧 サポート 価格 お役立ち資料 IR情報 IRニュース 経営情報 財務ハイライト IRライブラリー 株式について IRカレンダー IRよくあるご質問 IRお問い合わせ 電子公告 免責事項 小冊子ダウンロード お問い合わせ 業界 工務店・ハウスメーカー 売買仲介 マンション 導入事例 導入事例 サービス 主要機能 サポート体制 利用価格 よくある質問 資料ブログ お役立ち資料 導入事例 お知らせ ニュース セミナー プレスリリース 会社案内 会社概要 プライバシーポリシー 情報セキュリティ方針 IR情報 IR情報 IRニュース 経営情報 財務ハイライト IRライブラリー 株式について IRカレンダー IRよくあるご質問 IRお問い合わせ 電子公告,EQUITY,Technology,Software - Infrastructure
1,137A,"Cocolive, Inc.",不動産関連,不動産・建設,,,72.0,68.0,,未確定,C,revenue_share_unknown,unknown,unknown,,https://cocolive.co.jp/,住宅・不動産業界に特化したマーケティングオートメーションツール『KASIKA』。 Cocolive株式会社 トップ 業界 工務店 売買仲介 マンション 主要機能 事例一覧 サポート 価格 お役立ち資料 IR情報 IRニュース 経営情報 財務ハイライト IRライブラリー 株式について IRカレンダー IRよくあるご質問 IRお問い合わせ 電子公告 免責事項 小冊子ダウンロード お問い合わせ 業界 工務店・ハウスメーカー 売買仲介 マンション 導入事例 導入事例 サービス 主要機能 サポート体制 利用価格 よくある質問 資料ブログ お役立ち資料 導入事例 お知らせ ニュース セミナー プレスリリース 会社案内 会社概要 プライバシーポリシー 情報セキュリティ方針 IR情報 IR情報 IRニュース 経営情報 財務ハイライト IRライブラリー 株式について IRカレンダー IRよくあるご質問 IRお問い合わせ,EQUITY,Technology,Software - Infrastructure
1,1380,"Akikawa Foods & Farms Co., Ltd.",宅配,物流・海運,,,92.0,98.0,,未確定,C,revenue_share_unknown,unknown,unknown,,https://www.akikawabokuen.com/,秋川牧園｜農ある暮らし / 自社生産の鶏肉・野菜などを宅配 おためし メニュー 会員注文 サイト 宅配 会員登録 業務用・卸 注文サイト そだてる そだてる 若鶏 卵 乳牛 野菜 黒豚 和牛 飼料へのこだわり └ 飼料米プロジェクト 農場MAP 生産者&産地レポート 放射能測定結果 つくる つくる 品質管理 副原料 たべる たべる 知のひろば レシピ 食のQ&A しる しる お知らせ 生産者&産地レポート 知のひろば レシピ 農園コラム 安心安全への挑戦 食のQ&A メディア掲載 放射能測定結果 商品について 若鶏 卵 牛乳・ヨーグルト 黒豚 和牛 野菜 冷凍食品 常温商品 私たちについて 会社概要 事業紹介 目指すもの 直売店 ウェブショップ IR情報 ブランドブック SDGsについて 宅配のご案内 宅配について 選ばれる理由 お客様座談会 あなたの農園 秋川セレクト 放射能検査・対策 よくある質問 山口・関西地区の方 よくある質問 （山口・関,EQUITY,Consumer Defensive,Farm Products
1,1381,"AXYZ Co., Ltd.",外食,内需・消費,,,86.0,78.0,,未確定,C,revenue_share_unknown,unknown,unknown,,,売上構成比を公式資料から数値で確認できず,EQUITY,Consumer Defensive,Farm Products
1,138A,"Hikari Food Service Co., Ltd.",外食,内需・消費,,,97.0,89.0,,未確定,C,revenue_share_unknown,unknown,unknown,,,売上構成比を公式資料から数値で確認できず,EQUITY,Consumer Cyclical,Restaurants
1,138A,"Hikari Food Service Co., Ltd.",小売り,内需・消費,,,8.0,5.0,,未確定,C,revenue_share_unknown,unknown,unknown,,,売上構成比を公式資料から数値で確認できず,EQUITY,Consumer Cyclical,Restaurants
1,1401,Mbs Inc,住宅関連,不動産・建設,,,8.0,5.0,,未確定,C,revenue_share_unknown,unknown,unknown,,https://www.homemakeup.co.jp/news-topics.html,ンドウで開きます 第27期定時株主総会 招集通知 記事公開日 2024/08/07 最終更新日 2026/04/02 新しいウィンドウで開きます お知らせ 2024年 漫画「if」第5話を更新しました 新しいウィンドウで開きます 漫画「if」第5話を更新しました。 記事公開日 2024/08/05 最終更新日 2026/04/01 新しいウィンドウで開きます 適時開示 2024年 自己株式の取得状況及び取得終了に関するお知らせ 新しいウィンドウで開きます 自己株式の取得状況及び取得終了についてお知らせいたします。 20240731jikokabusiki... 記事公開日 2024/07/31 最終更新日 2026/03/31 新しいウィンドウで開きます お知らせ 2024年 弊社施工物件「冷泉荘」が国の登録有形文化財へ この度、弊社が2016年に外壁改修工事を行いました福岡市博多区の集合住宅「冷泉荘」が、戦後の民間の鉄... 記事公開日 2024/07/26 最終更新日 2026/04/02 お知らせ 2024年 福証IRフェスタ 2024夏！（個人投資家向け会社説明会）参加のお知らせ 2024年8月22日(木)開催の「福証IRフェスタ2024夏!」（個人投資家向け会社説明会）に参加い... 記事公開日 2024/07/26 最終更新日 2026/04/01 適時開示 2024年 剰余金の配当に関するお知らせ 新しいウィンドウで開きます 本日の取締役会にて2024年5月31日を基準日とする剰余金の配当について、2024年8月29日に開催... 記事公開日 2024/07/25 最終更新日 2026/03/31 新しいウィンドウで開きます 決算短信 2024年 2024年５月期 決算短信〔日本基準〕（非連結） 新しいウィンドウで開きます 2024年５月期決算短信〔日本基準〕（非,EQUITY,Industrials,Engineering & Construction
1,1401,Mbs Inc,建設,不動産・建設,94.06,,94.0,96.0,,未確定,C,calculated_ratio_needs_qa,calculated_candidate_only,calculated_ratio_candidate,calculated_same_snippet,http://www.homemakeup.co.jp/dcms_media/other/ir_20251014.pdf,"……………………………………５ 第１四半期累計期間 ……………………………………………………………………………………………５ （３）四半期財務諸表に関する注記事項 ………………………………………………………………………６ （継続企業の前提に関する注記） ……………………………………………………………………………６ （株主資本の金額に著しい変動があった場合の注記） ……………………………………………………６ （持分法損益等） ………………………………………………………………………………………………６ （セグメント情報等） …………………………………………………………………………………………７ （キャッシュ・フロー計算書に関する注記） ………………………………………………………………８ （収益認識関係） ………………………………………………………………………………………………９ 株式会社エムビーエス(1401) 2026年５月期 第１四半期決算短信（非連結） 2 １．当四半期決算に関する定性的情報 （１）経営成績に関する説明 当第１四半期累計期間におけるわが国経済は、雇用・所得環境の改善や各種政策の効果等を背景に、インバウン ド需要の継続や堅調な企業業績等により景気は緩やかな回復基調で推移しました。しかしながら、原材料・エネル ギー価格の高騰や人件費等の上昇による物価上昇、米国の通商政策や中東情勢の緊迫化等、依然として厳しい状況 が続き先行き不透明な状況となっております。当社が属する建設業界におきましては、政府及び民間の建設投資は 一定の水準を維持しておりますが、施工を行う技術者不足が解消されていないことに加え、資材価格や労務費とい った建設コストの高騰が工事収益を圧迫する等、引き続き厳しい状況が続いております。 このような状況の中、当社は、引き続き既存店におけるパートナー（工務店等）との関係強化に取り組み、受注 拡大を図って参りました。また、原価低減と経費削減、工事採算性を重視した受注方針の徹底、施工管理と品質・ 技術の向上、定期的に施工会議を開き安全・良質な工事の提供に努めるとともに、業容拡大や収益力の向上等も図 って参りました。 これらにより、当第１四半期累計期間における売上高は、工事が順調に進捗したことにより、1,097,561千円（前 年同期比35.6％増）となり、営業利益は124,441千円（同147.4％増）、経常利益は134,402千円（同144.7％増）、 四半期純利益は92,138千円（同156.1％増）となりました。 セグメント別の経営成績は、次のとおりであります。 （ホームメイキャップ事業） ホームメイキャップ事業におきましては、工事が順調に進捗したことにより、売上高は1,032,386千円（前年同期 比34.2％増）、セグメント利益は1",EQUITY,Industrials,Engineering & Construction
1,1401,Mbs Inc,耐震化,防衛・国土強靱化,,,8.0,5.0,,未確定,C,revenue_share_unknown,unknown,unknown,,,売上構成比を公式資料から数値で確認できず,EQUITY,Industrials,Engineering & Construction
1,1401,Mbs Inc,防災,防衛・国土強靱化,,,92.0,90.0,,未確定,C,revenue_share_unknown,unknown,unknown,,https://www.homemakeup.co.jp/,株式会社エムビーエス｜列島リフォーム｜スケルトン防災コーティング｜ホームメイキャップ 主要ページへ移動 メニューへ移動 ページ下へ移動 サイト内検索 検索する IR情報 IR情報 適時開示 決算短信 IR資料 お知らせ 会社概要 会社概要 社長挨拶 企業理念 業績 沿革 事業拠点 パートナーシップ企業 SDGs 漫画 Presented by mbs 事業内容 事業内容 ホームメイキャップ スケルトン防災コーティング mbsの強み 列島リフォーム エンジニアリング アライアンス & ジャスト ソリューションパートナーズ 施工実績 ホームメイキャップ スケルトン防災コーティング 建築 採用情報 お問い合わせ 株式会社mbs INVESTOR RELATIONS IR情報 決算短信 適時開示 IR資料 お知らせ 適時開示 2026年 事業計画及び成長可能性に関する事項 新しいウィンドウで開きます 事業計画及び成長可能性に関する事項 2026/0,EQUITY,Industrials,Engineering & Construction
1,1407,West Holdings Corporation,再生可能エネルギー,GX・エネルギー,,,97.0,90.0,,未確定,C,revenue_share_unknown,unknown,unknown,,https://www.west-gr.co.jp/,太陽光発電のウエストグループ - WEST GROUP ウエストグループについて About ウエストグループについて トップ グループ情報 グループビジョン グループ理念 トップメッセージ 拠点一覧 沿革 社会・環境活動 採用情報 技術者・資格 企業情報 株式会社ウエストホールディングス 株式会社ウエストエネルギーソリューション 株式会社ウエストグリーンパワー 株式会社ウエストエナジー ウエストインターナショナルタイランド サステナビリティ Sustainability サステナビリティ トップ 環境活動 社会活動 ガバナンス 事業領域 Service 事業領域 トップ 再生可能エネルギー事業 省エネ事業 グリーン電力事業 CS事業 海外事業 施工実績 ニュース 株主・投資家情報 IR 株主・投資家情報 トップ トップメッセージ 経営戦略 IRニュース IRカレンダー IRライブラリー 決算短信 有価証券報告書 株主総会 株式情報 電子公告 事業計画 IRポリシー・免責事項 MENU SITE MAP ウエストグループについて グループ情報 企業情報 サステナビリティ 環境活動 社会活動 ガバナンス 事業領域 再生可能エネルギー事業 省エネ事業 グリーン電力事業 CS事業 海外事業 施工実績 ニュース 株主・投資家情報 トップメッセージ IRニュース IRカレンダー 決算短信 有価証券報告書 株主総会 株式情報 電子公告 事業計画 IRポリシー・免責事項 お問い合わせ PICK UP PAGE ウエストグループの 採用情報 個人情報保護方針 反社会的勢力に対する基本方針 ©,EQUITY,Utilities,Utilities - Renewable
1,1407,West Holdings Corporation,太陽光発電関連,GX・エネルギー,,,92.0,90.0,,未確定,C,revenue_share_unknown,unknown,unknown,,https://www.west-gr.co.jp/,太陽光発電のウエストグループ - WEST GROUP ウエストグループについて About ウエストグループについて トップ グループ情報 グループビジョン グループ理念 トップメッセージ 拠点一覧 沿革 社会・環境活動 採用情報 技術者・資格 企業情報 株式会社ウエストホールディングス 株式会社ウエストエネルギーソリューション 株式会社ウエストグリーンパワー 株式会社ウエストエナジー ウエストインターナショナルタイランド サステナビリティ Sustainability サステナビリティ トップ 環境活動 社会活動 ガバナンス 事業領域 Service 事業領域 トップ 再生可能エネルギー事業 省エネ事業 グリーン電力事業 CS事業 海外事業 施工実績 ニュース 株主・投資家情報 IR 株主・投資家情報 トップ トップメッセージ 経営戦略 IRニュース IRカレンダー IRライブラリー 決算短信,EQUITY,Utilities,Utilities - Renewable
1,1407,West Holdings Corporation,蓄電池,GX・エネルギー,,,92.0,90.0,,未確定,C,revenue_share_unknown,unknown,unknown,,https://www.west-gr.co.jp/,it 採用情報 Group グループ企業一覧 News お知らせ 一覧を見る すべて お知らせ プレスリリース IR CSR トピックス 2026.08.31 プレスリリース ウエストグループ、e-dash株式会社へ出資 ～再生可能エネルギーと脱炭素テクノロジーの知見を掛け合わせ、企業のGX推進に貢献～（439 KB） 2026.06.03 プレスリリース JERA Cross、ウエストホールディングスがセブン＆アイ・エナジーマネジメントへの太陽光発電由来の電力供給を開始（158 KB） 2026.06.01 プレスリリース MUFGファイナンス＆リーシングとの協業強化 ～自家消費型 太陽光発電設備導入支援～（527 KB） 2026.05.27 お知らせ フリーダイヤル受付時間変更に関するお知らせ（278 KB） 2026.05.12 プレスリリース ウエスト ニュージーランド村 系統用蓄電所の受電開始 ～中国電力管内で受電を開始した蓄電所では最大級～（＊ウエストグループ調べ）（477 KB） 2026.05.27 お知らせ フリーダイヤル受付時間変更に関するお知らせ（278 KB） 2026.02.24 お知らせ 東京本社 全館停電に関するお知らせ（379 KB） 2025.09.24 お知らせ ウエストグループが開発する15MWacの太陽光発電所から発電した電力が、JERAグループを介してGoogleデータセンターへ環境価値が提供されます。（JERAのプレスリリースより）（182 KB） 2025.02.21 お知らせ 東京本社 全館停電に関するお知らせ（360 KB） 2024.12.23 お知らせ 第2回出力抑制報告書<中国電力管内>データをアップしました。 2026.08.31 プレスリリース ウエストグループ、e-dash株式会社へ出資 ～再生可能エネルギーと脱炭素,EQUITY,Utilities,Utilities - Renewable
1,1414,"SHO-BOND Holdings Co.,Ltd.",国土強靱化,防衛・国土強靱化,,,72.0,78.0,,未確定,C,revenue_share_unknown,unknown,unknown,,,売上構成比を公式資料から数値で確認できず,EQUITY,Industrials,Engineering & Construction
1,1414,"SHO-BOND Holdings Co.,Ltd.",建設,不動産・建設,,,96.0,98.0,,未確定,C,revenue_share_unknown,unknown,unknown,,https://www.sho-bondhd.jp/,料 中期経営計画 有価証券報告書 年次報告書 統合報告書 株式情報 株式基本情報 株主総会 配当について 株式事務手続き 株価情報 サステナビリティ サステナビリティ マテリアリティ サステナビリティ方針 環境方針 品質方針 安全衛生方針 人権方針 調達方針 贈収賄防止方針 非財務情報一覧 環境 環境方針 環境に対する取り組み事例 TCFD提言に基づく 情報開示 補修工事による CO 2 排出量抑制効果 社会 品質 安全衛生 人権 調達 人的資本 健康経営 社会貢献活動 財団を通じた社会貢献 ガバナンス コーポレートガバナンス リスクマネジメント コンプライアンス 統合報告書 採用情報 検索 En glish お問い合わせ サイトマップ 1964年新潟県昭和大橋の落橋 国内初のエポキシ樹脂による復旧工事 復旧から50年後 追跡調査で健全性を確認 構造物 メンテナンス のパイオニア 造らない建設会社 直し続けることが 私たちの仕事です 今を見つめる、 未来へつなぐ 私たちの 「人」と「技術」で この国の「安全」と 「品質」を守ります ニュースリリース もっと見る トップメッセージ 社会資本を良好な状態で 次世代に引き継ぐという理念のもと、 広く社会に信頼される集団であり続けます。 ショーボンドホールディングス株式会社 代表取締役社長 岸本達也 トップメッセージ 「造らない建設会社」 創るのは社会インフラの未来です。 総合メンテナンス体制 多様なインフラ構造物 事業案内 グループ会社 一覧 サステナビリティ 工事実績 採用情報 特設サイト (日本語) Special Page (English) コーポレートムービー 実績集 PDF IR情報 統合報告書 決算短信・ 決算説明会資料 中期経営計画 （2025年6月期－2027年6月期） 業績・財務情報 IRカレンダー IR情報 HO,EQUITY,Industrials,Engineering & Construction
1,1414,"SHO-BOND Holdings Co.,Ltd.",耐震化,防衛・国土強靱化,,,58.0,56.0,,未確定,C,revenue_share_unknown,unknown,unknown,,,売上構成比を公式資料から数値で確認できず,EQUITY,Industrials,Engineering & Construction
1,1414,"SHO-BOND Holdings Co.,Ltd.",防災,防衛・国土強靱化,,,42.0,40.0,,未確定,C,revenue_share_unknown,unknown,unknown,,,売上構成比を公式資料から数値で確認できず,EQUITY,Industrials,Engineering & Construction
1,1417,MIRAIT ONE Corporation,データセンター,データセンター・電力,,,58.0,56.0,,未確定,C,revenue_share_unknown,unknown,unknown,,,売上構成比を公式資料から数値で確認できず,EQUITY,Industrials,Engineering & Construction
1,1417,MIRAIT ONE Corporation,ドローン,防衛・国土強靱化,,,8.0,5.0,,未確定,C,revenue_share_unknown,unknown,unknown,,,売上構成比を公式資料から数値で確認できず,EQUITY,Industrials,Engineering & Construction
1,1417,MIRAIT ONE Corporation,光ファイバー,データセンター・電力,,,8.0,5.0,,未確定,C,revenue_share_unknown,unknown,unknown,,,売上構成比を公式資料から数値で確認できず,EQUITY,Industrials,Engineering & Construction
1,1417,MIRAIT ONE Corporation,太陽光発電関連,GX・エネルギー,,,8.0,5.0,,未確定,C,revenue_share_unknown,unknown,unknown,,,売上構成比を公式資料から数値で確認できず,EQUITY,Industrials,Engineering & Construction
1,1417,MIRAIT ONE Corporation,建設,不動産・建設,,,97.0,99.0,,未確定,C,revenue_share_unknown,unknown,unknown,,,売上構成比を公式資料から数値で確認できず,EQUITY,Industrials,Engineering & Construction
1,1418,"Interlife Holdings Co., Ltd.",建設,不動産・建設,,,86.0,78.0,,未確定,C,revenue_share_unknown,unknown,unknown,,,売上構成比を公式資料から数値で確認できず,EQUITY,Industrials,Specialty Business Services
1,1419,"Tama Home Co., Ltd.",マンション関連,不動産・建設,,,92.0,90.0,,未確定,C,revenue_share_unknown,unknown,unknown,,https://www.tamahome.jp/,家を建てるならタマホーム株式会社 店舗検索 カタログ お問合せ 注文住宅 タマホームの考える家づくり 家づくりのステップ 商品ラインナップ 良質国産材の家 保証とサポート 住宅ローン 住宅net よくあるご質問 戸建分譲 住宅 リフォーム リフォームメニュー FAQ お問い合わせ 不動産 事業 分譲マンション 賃貸取扱物件 （サブリース事業） オフィスビル 区分所有権販売事業 建築実例 オーナー様の声 建築実例 生活サービス・ その他 ハッピーライフクラブ クレジットカード決済での購入 お客様紹介制度 タマネット 企業・ IR情報 会社概要 トップメッセージ 役員紹介 沿革 IR情報 経営方針 CSR情報 グループ会社 採用情報 受賞一覧 協賛イベント CMギャラリー MENU 店舗検索 カタログ お問合せ 令和8年8月千葉豪雨により被害を受けられた皆様へ 令和8年8月13日に発生した千葉豪雨により被害を受けられた皆様に、謹んでお見舞いを申し上げます。 この度の豪雨により被害を受けられた皆様に、お見舞いを申し上げますとともに、一日も早い復旧を心からお祈りいたします。 お住まいについてご質問・ご相談がございましたら、受付窓口までご連絡くださいますようお願い申し上げます。 お問い合わせ TEL:0,EQUITY,Consumer Cyclical,Residential Construction
1,1419,"Tama Home Co., Ltd.",住宅関連,不動産・建設,,,100.0,100.0,,未確定,C,revenue_share_unknown,unknown,unknown,,https://www.tamahome.jp/,家を建てるならタマホーム株式会社 店舗検索 カタログ お問合せ 注文住宅 タマホームの考える家づくり 家づくりのステップ 商品ラインナップ 良質国産材の家 保証とサポート 住宅ローン 住宅net よくあるご質問 戸建分譲 住宅 リフォーム リフォームメニュー FAQ お問い合わせ 不動産 事業 分譲マンション 賃貸取扱物件 （サブリース事業） オフィスビル 区分所有権販売事業 建築実例 オーナー様の声 建築実例 生活サービス・ その他 ハッピーライフクラブ クレジットカード決済での購入 お客様紹介制度 タマネット 企業・ IR情報 会社概要 トップメッセージ 役員紹介 沿革 IR情報 経営方針 CSR情報 グループ会社 採用情報 受賞一覧 協賛イベント CMギャラリー MENU 店舗検索 カタログ お問合せ 令和8年8月千葉豪雨により被害を受けられた皆様へ 令和8年8月13日に発生した千葉豪雨により被害を受けられた皆様に、謹んでお見舞いを申し上げます。 この度,EQUITY,Consumer Cyclical,Residential Construction
1,141A,"TRIAL Holdings, Inc.",デジタルトランスフォーメーション,デジタル・サービス,,,90.0,68.0,,未確定,C,revenue_share_unknown,unknown,unknown,,https://trial-holdings.inc/,トライアルホールディングス | リテールDXを通じて世の中を豊かな社会へ 企業情報 企業情報 企業情報 トップ トップメッセージ 経営理念 会社概要 役員一覧 会社沿革 アクセス 事業内容 事業内容 事業内容 トップ 流通小売事業 リテールAI事業 その他 ニュースルーム ニュースルーム ニュースルーム トップ ニュースリリース 広報ブログ メディアキット ビデオライブラリー メディア露出一覧 街づくりプロジェクト リモートワークタウン 株主・投資家向け情報 株主・投資家向け情報 株主・投資家向け情報 トップ IRニュース 経営方針 コーポレート・ガバナンス 業績・財務情報 IRライブラリー 個人投資家の皆様へ 株式情報 採用情報 採用情報 採用情報 トップ 新卒採用 キャリア採用 パート・アルバイト Retail AI トライアルシステム採用 JA EN 企業情報 企業情報 トップページ トップメッセージ 経営理念 会社概要 役員,EQUITY,Consumer Defensive,Discount Stores
1,141A,"TRIAL Holdings, Inc.",人工知能,AI・半導体,,,92.0,90.0,,未確定,C,revenue_share_unknown,unknown,unknown,,https://trial-holdings.inc/,トライアルホールディングス | リテールDXを通じて世の中を豊かな社会へ 企業情報 企業情報 企業情報 トップ トップメッセージ 経営理念 会社概要 役員一覧 会社沿革 アクセス 事業内容 事業内容 事業内容 トップ 流通小売事業 リテールAI事業 その他 ニュースルーム ニュースルーム ニュースルーム トップ ニュースリリース 広報ブログ メディアキット ビデオライブラリー メディア露出一覧 街づくりプロジェクト リモートワークタウン 株主・投資家向け情報 株主・投資家向け情報 株主・投資家向け情報 トップ IRニュース 経営方針 コーポレート・ガバナンス 業績・財務情報 IRライブラリー 個人投資家の皆様へ 株式情報 採用情報 採用情報 採用情報 トップ 新卒採用 キャリア採用 パート・アルバイト Retail AI トライアルシステム採用 JA EN 企業情報 企業情報 トップページ トップメッセージ 経営理念 会社概要 役員一覧 会社沿革 アクセス 事業内容 事業内容 トップページ 流通小売事業 リテールAI事業 その他 ニュースルーム ニュースルーム トップページ ニュースリリース 広報ブログ メディアキット ビデオラ,EQUITY,Consumer Defensive,Discount Stores
1,141A,"TRIAL Holdings, Inc.",外食,内需・消費,,,58.0,46.0,,未確定,C,revenue_share_unknown,unknown,unknown,,,売上構成比を公式資料から数値で確認できず,EQUITY,Consumer Defensive,Discount Stores
1,141A,"TRIAL Holdings, Inc.",小売り,内需・消費,,,94.0,86.0,,未確定,C,revenue_share_unknown,unknown,unknown,,,売上構成比を公式資料から数値で確認できず,EQUITY,Consumer Defensive,Discount Stores
1,141A,"TRIAL Holdings, Inc.",物流,物流・海運,,,42.0,30.0,,未確定,C,revenue_share_unknown,unknown,unknown,,,売上構成比を公式資料から数値で確認できず,EQUITY,Consumer Defensive,Discount Stores
1,141A,"TRIAL Holdings, Inc.",生活防衛,内需・消費,,,66.0,56.0,,未確定,C,macro_sensitivity_required,macro_unknown,unknown,,,売上構成比を公式資料から数値で確認できず,EQUITY,Consumer Defensive,Discount Stores
1,141A,"TRIAL Holdings, Inc.",食品,内需・消費,,,42.0,30.0,,未確定,C,revenue_share_unknown,unknown,unknown,,,売上構成比を公式資料から数値で確認できず,EQUITY,Consumer Defensive,Discount Stores
1,1420,Sanyo Homes Corporation,介護関連,医療・ヘルスケア,,,8.0,5.0,,未確定,C,revenue_share_unknown,unknown,unknown,,,売上構成比を公式資料から数値で確認できず,EQUITY,Consumer Cyclical,Residential Construction
1,1420,Sanyo Homes Corporation,住宅関連,不動産・建設,,,97.0,99.0,,未確定,C,revenue_share_unknown,unknown,unknown,,,売上構成比を公式資料から数値で確認できず,EQUITY,Consumer Cyclical,Residential Construction
1,1429,"Nippon Aqua Co., Ltd.",住宅関連,不動産・建設,9.20,,72.0,68.0,,未確定,C,calculated_ratio_needs_qa,calculated_candidate_only,calculated_ratio_candidate,calculated_same_snippet,https://www.n-aqua.jp/aqua_wp/wp-content/uploads/2026/02/9881900653801ゼンブン２-1.pdf,"なお当事業年度において、研 究開発活動の状況に重要な変更はありません。 （３）当期のキャッシュ・フローの概況 当事業年度における現金及び現金同等物（以下、「資金」という。）は、前事業年度末に比べ、151百万円増加 し、2,415百万円（前年同期2,263百万円）となりました。 （営業活動によるキャッシュ・フロー） 当事業年度における営業活動による資金の増加は1,510百万円（前年同期は516百万円の減少）となりました。 これは主に税引前当期純利益2,796百万円に加え、減価償却費214百万円による資金の増加の一方、売上債権の増 加290百万円、棚卸資産の増加525百万円、仕入債務の減少107百万円、未収入金の増加100百万円、法人税等の支 払618百万円による資金の減少等によるものであります。 （投資活動によるキャッシュ・フロー） 当事業年度における投資活動による資金の減少は603百万円（前年同期は338百万円の減少）となりました。こ れは主に有形固定資産の取得472百万円、無形固定資産の取得31百万円、保険積立金の積立96百万円等によるもの であります。 （財務活動によるキャッシュ・フロー） 当事業年度における財務活動による資金の減少は755百万円（前年同期は1,084百万円の増加）となりました。 これは主に短期借入金の純増加300百万円、配当金の支払いによる支出1,084百万円によるものであります。 （４）今後の見通し 今後の見通しにつきましては、足元の景気回復の動きに加え、住宅・建築物に関する法制度の改正、省エネル ギー対策を支援する補助金・優遇税制・低金利融資などの各種施策により、断熱材に対する需要の高まりが見込ま れます。当社は、持続的な成長の実現に向け、以下の取り組みを推進しております。 １．全社的な取り組みについて ① 中期経営計画について 当社は、2024年２月14日に、2026年度を最終年度とする中期経営計画「3 Pillars of Stability（安定した３ 本柱）」を策定し、2024年11月８日には、株主還元の安定性と継続的な向上を目的として、累進配当制度を導入し ております。その後、事業環境の変化を踏まえ、2025年２月７日に中期経営計画における業績目標を見直し、2026 年12月期の売上高目標を37,000百万円、経常利益目標を3,405百万円に修正いたしました。 さらに、本日公表のとおり、2026年12月期の業績予想について再度見直しを行い、売上高37,000百万円、経常 利益2,910百万円といたしました。主な要因は、建築物部門において、大型建設工事を中心に着工の遅延や計画の 見直しが引き続き複数発生しており、施工量が当初想定を下回る見込みとなったことによるものです。これに伴 い、当該部門では市場規模の一時的な縮小を背景に",EQUITY,Industrials,Engineering & Construction
1,1429,"Nippon Aqua Co., Ltd.",建設,不動産・建設,76.94,,90.0,92.0,,未確定,C,calculated_ratio_needs_qa,calculated_candidate_only,calculated_ratio_candidate,calculated_same_snippet,https://www.n-aqua.jp/aqua_wp/wp-content/uploads/2026/08/2026122Q_zenbun.pdf,"6.2％増）となりました。売上総利益は3,838百万 円（同9.9％増）、売上総利益率は22.6％（同0.8ポイント改善）となりました。営業利益は1,179百万円（同8.0％ 増）で、営業利益率は7.0％（同0.1ポイント改善）となりました。これは、販売費及び一般管理費が増加したものの、 売上高の増加および売上総利益率の改善が寄与したことによるものであります。なお、販売費及び一般管理費は2,659 百万円となり、その主な内訳は、人件費1,326百万円、実習生関連費400百万円であります。経常利益は1,150百万円 （同4.4％増）、中間純利益は755百万円（同1.1％増）となりました。 （２）財政状態に関する説明 (総資産) 当中間会計期間末における総資産は25,557百万円（前事業年度末比1.0％減）となり、前事業年度末に比べ252百万円 の減少となりました。 (流動資産) 当中間会計期間末における流動資産は19,663百万円（前事業年度末比1.8％減）となり、前事業年度末に比べ351百万 円の減少となりました。これは主として電子記録債権318百万円、未収入金187百万円が回収により減少、棚卸資産235 百万円減少したことに対し、現金及び預金が345百万円増加したことなどによるものであります。 (固定資産) 当中間会計期間末における固定資産は5,893百万円（前事業年度末比1.7％増）となり、前事業年度末に比べ98百万円 の増加となりました。これは主として鹿児島営業所着工により建設仮勘定123百万円増加、無形固定資産のその他に含 まれるソフトウェアが58百万円増加、投資その他の資産のその他に含まれる保険積立金が94百万円増加したことなどに 対し、減価償却費による資産の減少が106百万円、投資その他の資産のその他に含まれる長期前払費用が103百万円減少 したことなどによるものであります。 (負債合計) 当中間会計期間末における負債合計は14,278百万円（前事業年度末比0.7％増）となり、前事業年度末に比べ102百万 円の増加となりました。 (流動負債) 当中間会計期間末における流動負債は14,197百万円（前事業年度末比0.8％増）となり、前事業年度末に比べ106百万 円の増加となりました。これは主として短期借入金が200百万円増加、その他に含まれる未払金及び未払費用が50百万 円、預り金が49百万円、前受金が36百万円増加したことに対し、未払法人税等が246百万円減少したことなどによるも のであります。 (固定負債) 当中間会計期間末における固定負債は81百万円（前事業年度末比5.1％減）となり、前事業年度末に比べ4百万円の減 少となりました。これは主としてその他に含まれる長期未払金が４百万円減少したことなどによるものであります。 (純資産) 当中間会計",EQUITY,Industrials,Engineering & Construction
1,1430,First-corporation Inc.,マンション関連,不動産・建設,,,86.0,78.0,,未確定,C,revenue_share_unknown,unknown,unknown,,,売上構成比を公式資料から数値で確認できず,EQUITY,Consumer Cyclical,Residential Construction
1,1430,First-corporation Inc.,不動産関連,不動産・建設,,,86.0,78.0,,未確定,C,revenue_share_unknown,unknown,unknown,,,売上構成比を公式資料から数値で確認できず,EQUITY,Consumer Cyclical,Residential Construction
1,1430,First-corporation Inc.,建設,不動産・建設,,,86.0,78.0,,未確定,C,revenue_share_unknown,unknown,unknown,,,売上構成比を公式資料から数値で確認できず,EQUITY,Consumer Cyclical,Residential Construction
1,1431,"Lib Work Co.,Ltd.",3Dプリンター,設備投資・機械,,,90.0,96.0,,未確定,C,revenue_share_unknown,unknown,unknown,,https://www.libwork.co.jp/,ッフインタビュー コンサルティング営業部 ディレクター インテリアコーディネーター マーケティング課 設計・デザイナー 管理部 採用SNS モデルハウスをさがす モデルハウスTOP 熊本 福岡 大分 佐賀 鹿児島 千葉 Lib Workとは 数字で見るリブワークの家づくり コストパフォーマンス 家ができるまでの流れ ご購入者様の声 オーナーズクラブ ルームツアー動画 建売住宅・分譲地 建売住宅 分譲地 企業情報 会社概要 健康経営 組織図 CSR情報 役員紹介 新着情報 IR情報 決算短信 有価証券報告書 IRニュース 中期経営計画 株式情報 株主優待 株主総会 財務ハイライト 採用情報 新卒採用 中途採用 リブ活 新着情報 公式SNS 電子カタログ請求 お問い合わせ LINE友だち登録 スタイル エディトリアルブランド 「niko and ...」 とのコラボで生まれた住宅 詳しく見る 3Dプリンター住宅 「家」を再定義する -未来の家をつくる- 詳しく見る 地球にやさしい サステナブルな暮らし 詳しく見る 家族と共に 前向きに成長していく家 詳しく見る サステナブルな家づくり サステナブルな住まいづくりを通じて お客様の豊かな暮らしと地域の幸せの実現、 さらに地球環境への配慮に貢献します。 「サステナブルな家づくり」 をもっとみる イベント情報 NEW 9/12(土)～9/27(日) 福岡 【太宰府市高雄】6月にオープンしたばかり | 新モデルハウス見学会 NEW 9/12(土)～9/13(日) 佐賀 【鹿島市】中二階のある、平屋 | 完成見学会 まもなく終了 9/5(土)～9/6(日) 熊本 【益城町】2日間限定｜家事も子育ても、もっとラクになる家🎶完成見学会 まもなく終了 9/5(土)～9/6(日) 佐賀 【神埼市・佐賀市】niko and ...コラボの2か所同時見学会 まも,EQUITY,Real Estate,Real Estate - Diversified
1,1431,"Lib Work Co.,Ltd.",SaaS,デジタル・サービス,,,8.0,5.0,,未確定,C,revenue_share_unknown,unknown,unknown,,,売上構成比を公式資料から数値で確認できず,EQUITY,Real Estate,Real Estate - Diversified
1,1431,"Lib Work Co.,Ltd.",サブスクリプション,デジタル・サービス,,,8.0,5.0,,未確定,C,revenue_share_unknown,unknown,unknown,,,売上構成比を公式資料から数値で確認できず,EQUITY,Real Estate,Real Estate - Diversified
1,1431,"Lib Work Co.,Ltd.",人工知能,AI・半導体,,,92.0,98.0,,未確定,C,revenue_share_unknown,unknown,unknown,,https://www.libwork.co.jp/,れていると、何気ない日常も素敵に変わる。住む場所や家のデザインは、もっと自由でいい。 「ink」 をもっとみる 「サステナブルな暮らし」をブランドコンセプトとして、「Afternoon Tea」と「Lib Work」がコラボレーションした戸建て新ブランド「Afternoon Tea HOUSE」。 「Afternoon Tea HOUSE」 を もっとみる ニコアンドが編集する家 「日常にもワクワクを」をテーマとして、住むだけの器ではなく、住む人が居るだけでワクワクするような空間。家族との時間も趣味、そして何気ない日常も、欲張りに楽しめる遊び心のある住まい。 「niko and ... EDIT HOUSE」 を もっとみる 家族と共に前向きに成長していく家。 育児・家事で忙しくても、家族の穏やかな時間と豊かな未来を叶えたい。 という想いを込めて、理想の家をつくりました。 「BELLE MAISON DAYS house」 を もっとみる 人生をより健やかに、より自分らしく生きられる、そんな住環境をつくりたい 養生の知恵、 人体科学や行動学・運動学などの知見を持つ再春館製薬所と、サステナブルな暮らしを提案するLib Workがコラボレーションし「人生100年時代」にふさわしい住まいを考えました。 「再春館製薬所の家」 をもっとみる 自然と調和する唯一無二の空間 木造住宅が、もっと自由になる。 柱や壁は限りなく少なく 空間はどこまでも広がる。 理想のライフスタイルを叶える “余白”がそこかしこにある。 「LIVELY VILLA Noki」 をもっとみる ネオテラ NEOTELLA New Retro—懐かしさを、いまの暮らしに。 「NEOTELLA」 をもっとみる ノルディ Nordi 日本(和)と北欧を掛け合わせたトレンドのジャパンディスタイル 「Nordi」 をもっとみる,EQUITY,Real Estate,Real Estate - Diversified
1,1431,"Lib Work Co.,Ltd.",住宅関連,不動産・建設,,,72.0,68.0,,未確定,C,revenue_share_unknown,unknown,unknown,,https://www.libwork.co.jp/,Lib Work（リブワーク）｜熊本・福岡・大分・佐賀・千葉のハウスメーカー｜戸建住宅・注文住宅 熊本・福岡・大分の注文住宅・平屋はリブワーク Lib Workとは モデルハウスをさがす 建売住宅・分譲地 企業情報 IR情報 採用情報 カタログ お問い合わせ Lib Workとは Lib WorkとはTOP 数字で⾒るリブワークの家づくり 家ができるまでの流れ SDGs活動 コストパフォーマンス ご購入者様の声 オーナーズクラブ ルームツアー動画 モデルハウスをさがす モデルハウスTOP エリアからさがす 熊本 福岡 大分 佐賀 鹿児島 千葉 目的別でさがす モデルハウスからさがす デザインからさがす イベントからさがす 見学会からさがす 建売住宅・分譲地 建売住宅TOP 分譲地TOP 建売住宅をエリアからさがす 熊本 福岡 大分 佐賀 鹿児島 千葉 神奈川 分譲地をエリアからさがす 熊本 福岡 大分 佐賀 鹿児島 千葉 神奈川 企業情報 企業情報TOP 会社概要 健康経営,EQUITY,Real Estate,Real Estate - Diversified
1,1431,"Lib Work Co.,Ltd.",建設,不動産・建設,,,42.0,30.0,,未確定,C,revenue_share_unknown,unknown,unknown,,,売上構成比を公式資料から数値で確認できず,EQUITY,Real Estate,Real Estate - Diversified
1,1433,"Besterra Co., Ltd.",原子力発電,GX・エネルギー,,,8.0,5.0,,未確定,C,revenue_share_unknown,unknown,unknown,,,売上構成比を公式資料から数値で確認できず,EQUITY,Industrials,Engineering & Construction
1,1433,"Besterra Co., Ltd.",脱炭素,GX・エネルギー,,,8.0,5.0,,未確定,C,revenue_share_unknown,unknown,unknown,,,売上構成比を公式資料から数値で確認できず,EQUITY,Industrials,Engineering & Construction
1,1434,"Jesco Holdings, Inc.",再生可能エネルギー,GX・エネルギー,97.94,,92.0,98.0,,未確定,C,calculated_ratio_needs_qa,calculated_candidate_only,calculated_ratio_candidate,calculated_same_snippet,https://www.jesco.co.jp/ja/news/ir/auto_20260714593221/pdfFile.pdf,"した。 また、販売用不動産を２件売却した結果、増収増益となりました。 なお、金利動向については引き続き注視してまいりますが、現時点においては当社業績への影響は軽微で あると認識しております。 当第３四半期連結累計期間における当セグメントの受注高は、41億61百万円（前年同四半期比97.1%増）、 経営成績は、売上高41億61百万円（同97.1％増）、セグメント利益７億97百万円（同148.4％増）となりま した。 JESCOホールディングス株式会社(1434) 2026年８月期 第３四半期決算短信 4 ＜受注高、売上高及び繰越受注残高＞ （単位：百万円） 期間 セグメント 期首繰越 受注残高 当期受注高 当期売上高 次期繰越 受注残高 前第３四半期連結累計期間 （自 2024年９月１日 至 2025年５月31日） 国内EPC事業 8,187 7,675 9,069 6,794 アセアンEPC事業 944 804 1,143 604 不動産事業 ― 2,111 2,111 ― 合計 9,131 10,590 12,324 7,398 当第３四半期連結累計期間 （自 2025年９月１日 至 2026年５月31日） 国内EPC事業 9,129 12,546 9,170 12,505 アセアンEPC事業 872 535 979 427 不動産事業 ― 4,161 4,161 ― 合計 10,001 17,243 14,311 12,933 *１ 系統用蓄電設備：電力ネットワーク（系統）や再生可能エネルギー発電所等に大規模な蓄電池を接続し、電力の 充放電を行う設備 *２ フロントローディング：上流工程での検討を強化し、プロジェクト全体の品質向上と工期短縮を図る手法 *３ ICT：デジタル化された情報やデータを交換・共有する技術 ICT…Information and Communication Technology（情報通信技術） *４ 不動産再生型ビジネスモデル：再生可能な不動産を取得し、バリューアップ工事等により不動産の価値向上を図 り、その後売却するビジネスモデル JESCOホールディングス株式会社(1434) 2026年８月期 第３四半期決算短信 5 （２）財政状態に関する説明 当第３四半期連結会計期間末における流動資産は、159億95百万円となり、前連結会計年度末に比べ17億89百 万円の増加となりました。これは、現金及び預金が16億66百万円、販売用不動産が６億34百万円増加し、受取 手形・完成工事未収入金等が４億88百万円減少したこと等によるものであります。当第３四半期連結会計期間 末における固定資産は、34億71百万円となり、前連結会計年度末に比べ29百万円の増加となりました。これは、 有形固定資産が29百万円増加したこと等によるものであります。この結",EQUITY,Industrials,Engineering & Construction
1,1434,"Jesco Holdings, Inc.",建設,不動産・建設,95.88,,94.0,86.0,,未確定,C,calculated_ratio_needs_qa,calculated_candidate_only,calculated_ratio_candidate,calculated_same_snippet,https://www.jesco.co.jp/ja/news/ir/auto_20260714593221/pdfFile.pdf,8.9％増）、経常利益17億54百 万円（同122.5％増）、親会社株主に帰属する四半期純利益10億93百万円（同212.8％増）となりました。 セグメント別の経営成績は、以下のとおりであります。 a 国内EPC事業 再生可能エネルギーやセキュリティ強化の需要拡大を背景とし、系統用蓄電設備や通信システムを中心に 受注が大きく伸長するとともに、大型・長期プロジェクトの受注が進んだことにより、受注残も増加いたし ました。また、売上高においては、太陽光発電設備や系統用蓄電設備工事で、系統連系等の影響により期ず れが生じている一方、セキュリティ対策を目的とした監視カメラや道路設備等の通信インフラ設備工事の 他、建物の新設・更新需要の増加による電気設備工事が順調に推移しました。さらに収益面では、稼働率の 向上や好採算案件の進捗により、大幅な増益につながりました。 なお、原材料価格の高騰や在庫不足等の外部環境の変化については、契約時における書面への明記や早期 の資機材確保に努めており、引き続き今後の動向を注視してまいります。 当第３四半期連結累計期間における当セグメントの受注高は、125億46百万円（前年同四半期比63.5% 増）、経営成績は、売上高91億70百万円（同1.1％増）、セグメント利益12億78百万円（同70.5％増）とな りました。 b アセアンEPC事業 設計部門においては、現在注力している技術力強化及び技術員の増員等が新規顧客の獲得に寄与し、順調 に推移いたしました。一方、建設部門においては、現地企業からの受注を控えており、その結果減収となり ました。 当第３四半期連結累計期間における当セグメントの受注高は、５億35百万円（前年同四半期比33.4%減）、 経営成績は、売上高９億79百万円（同14.3％減）、セグメント損失30百万円（前年同四半期はセグメント損 失１億88百万円）となりました。 c 不動産事業 不動産価格が高騰する中、従来の転売型から、利益水準の堅持に向けた「不動産再生型ビジネスモデル* ４」への転換を推進し、保有ビルの賃料更新や満床稼働により、賃貸管理収入が順調に推移いたしました。 また、販売用不動産を２件売却した結果、増収増益となりました。 なお、金利動向については引き続き注視してまいりますが、現時点においては当社業績への影響は軽微で あると認識しております。 当第３四半期連結累計期間における当セグメントの受注高は、41億61百万円（前年同四半期比97.1%増）、 経営成績は、売上高41億61百万円（同97.1％増）、セグメント利益７億97百万円（同148.4％増）となりま した。 JESCOホールディングス株式会社(1434) 2026年８月期 第３四半期決算短信 4 ＜受注高、売上高及び繰越受注残高＞ （単位：百万円） 期間 セグ,EQUITY,Industrials,Engineering & Construction
1,1434,"Jesco Holdings, Inc.",防災,防衛・国土強靱化,,,92.0,98.0,,未確定,C,revenue_share_unknown,unknown,unknown,,https://www.jesco.co.jp/ja/index.html,JESCOホールディングス株式会社 日本語 ENGLISH ナビゲーション -> トップ ニュース＆トピックス一覧 PROJECT STORY 事業紹介 サステナビリティ［ESG+H］ IR情報 企業情報 採用情報 お問い合わせ グループ企業 JESCOネットワークシステム株式会社 JESCO SUGAYA株式会社 JESCO ASIA JESCO AKUZAWA 株式会社 JESCOエコシステム株式会社 JESCO MAGNA株式会社 JESCO CRE株式会社 サイトポリシー サイトマップ 事業紹介 JESCO初の特高メガソーラーに挑戦 建設計画から68年目に完成した八ッ場ダム建設プロジェクト 水防災情報システムを構築し、ベトナムの古都・フエ地区の洪水被害を軽減 海外初の防災関連設備プロジェクト ハノイの空の玄関口、ノイバイ国際空港 インフラを支えるJESCO グループ 日本の未来を創る、電力源のベストミックスの実現へ サスティナブルな社会に貢献するJESCOグループ いつでも、確実に、緊急情報を届ける 防災・減災に貢献する防災行政無線 日本品質のEPCをアジアに提供する JESCOグループの“現地化”の旗印 ドンナイ工科大学および日本語学校と三者協定を締結 中期経営計画（2026/8期～2028/8期）策定のお知らせ 那智勝浦町でネイチャーポジティブ実現。官⺠連携三者協定 ニュース&トピックス More 2026/07/21 東京アクアティクスセンター 舗装型太陽光発電設備工事受注のお知らせ （188KB） 2026/07/14 2026年8月期 第3四半期 決算短信〔日本基準〕（連,EQUITY,Industrials,Engineering & Construction
1,1434,"Jesco Holdings, Inc.",電力設備投資関連,データセンター・電力,,,91.0,83.0,,未確定,C,revenue_share_unknown,unknown,unknown,,,売上構成比を公式資料から数値で確認できず,EQUITY,Industrials,Engineering & Construction
1,1435,"Robot Home, Inc.",IoT,設備投資・機械,,,85.0,82.0,,未確定,C,revenue_share_unknown,unknown,unknown,,https://corp.robothome.jp/ir/message,- 職場環境と働き方 - 募集職種一覧 - 新卒採用ページ contact お問い合わせ jp ｜ en 日本語 ｜ English IR 投資家のみなさまへ top 投資家情報 投資家のみなさまへ 平素より格別のご高配を賜り、厚くお礼申しあげます。 当社グループは、「テクノロジーで、住宅を変え、世界を変えていく。」というミッションの元、人々の暮らしが豊かになる世界の実現をするべく、ITやAIなど先端情報テクノロジーを活用したリアルエステートテックを推進して参りました。 これまでコアコンピタンスであるITの開発力を活かして、当社のテクノロジーによる不動産業界の業務フローの改善や、顧客利便性の向上などに取り組んで参りましたが、昨今の外部環境変化による本格的なDX需要の到来により、さらなる業容の拡大と業績の向上を図り、企業価値の発展に努めております。 今後もこうした時代の変化を踏まえて、AI・IoT事業を「重要かつ戦略的な分野」と位置付け、特定の業界のみならず、様々な企業や顧客に対するDX総合支援サービスを開始することで、より本格的なテック企業として進化を図る方針です。 当社グループは、今後もテクノロジーを通じ、世の中の期待に応え、人々の暮らしが豊かになる世界の実現を目指して参ります。 株主の皆さまには、引き続き、倍旧のご支援とご鞭撻を賜りますよう、よろしくお願い申しあげます。 代表取締役CEO 古木 大咲 IR menu 投資家情報メニュー 投資家情報トップ 投資家のみなさまへ IRニュース 業績ハイライト IRライブラリ 株式情報 IRカレンダー 電子公告 免責事項 ディスクロージャーポリシー コンプライアンス基本方針 プライバシーポリシー 反社会勢力に対する基本方針 情報セキュリティに関する基本方針 カスタマーハラスメントに対する基本方針 勧誘方針（金融商品の販売に関して） ©,EQUITY,Real Estate,Real Estate Services
1,1435,"Robot Home, Inc.",デジタルトランスフォーメーション,デジタル・サービス,,,92.0,90.0,,未確定,C,revenue_share_unknown,unknown,unknown,,https://corp.robothome.jp/,株式会社robot home コーポレートサイト company 会社情報 - 会社情報 - 経営理念 - 代表メッセージ - 経営陣のご紹介 - 拠点・アクセス - コンプライアンス管理体制について - SDGsについて - DX推進方針について business 事業内容 IR 投資家情報 - 投資家情報トップ - 投資家のみなさまへ - IRニュース - 業績ハイライト - IRライブラリ - 株式情報 - IRカレンダー - 電子公告 - 免責事項 - ディスクロージャーポリシー news ニュース - プレスリリース - メディア掲載情報 recruit 採用情報 - 採用情報トップ - 代表メッセージ - 仕事紹介 - 社員インタビュー - 職場環境と働き方 - 募集職種一覧 - 新卒採用ページ contact お問い合わせ jp ｜ en 日本語 ｜ English 株式会社robot home コーポレートサイト topics トピックス scroll company 会社情報 本社所在地、代表者、設立年月日、従業員数など、 当社の基本情報を掲載しています。 learn more company 会社,EQUITY,Real Estate,Real Estate Services
1,1435,"Robot Home, Inc.",不動産テック,不動産・建設,,,8.0,5.0,,未確定,C,revenue_share_unknown,unknown,unknown,,,売上構成比を公式資料から数値で確認できず,EQUITY,Real Estate,Real Estate Services
1,1435,"Robot Home, Inc.",不動産ファンド,不動産・建設,,,8.0,5.0,,未確定,C,revenue_share_unknown,unknown,unknown,,,売上構成比を公式資料から数値で確認できず,EQUITY,Real Estate,Real Estate Services
1,1435,"Robot Home, Inc.",不動産関連,不動産・建設,,,90.0,92.0,,未確定,C,revenue_share_unknown,unknown,unknown,,https://corp.robothome.jp/ir/message,- IRカレンダー - 電子公告 - 免責事項 - ディスクロージャーポリシー news ニュース - プレスリリース - メディア掲載情報 recruit 採用情報 - 採用情報トップ - 代表メッセージ - 仕事紹介 - 社員インタビュー - 職場環境と働き方 - 募集職種一覧 - 新卒採用ページ contact お問い合わせ jp ｜ en 日本語 ｜ English IR 投資家のみなさまへ top 投資家情報 投資家のみなさまへ 平素より格別のご高配を賜り、厚くお礼申しあげます。 当社グループは、「テクノロジーで、住宅を変え、世界を変えていく。」というミッションの元、人々の暮らしが豊かになる世界の実現をするべく、ITやAIなど先端情報テクノロジーを活用したリアルエステートテックを推進して参りました。 これまでコアコンピタンスであるITの開発力を活かして、当社のテクノロジーによる不動産業界の業務フローの改善や、顧客利便性の向上などに取り組んで参りましたが、昨今の外部環境変化による本格的なDX需要の到来により、さらなる業容の拡大と業績の向上を図り、企業価値の発展に努めております。 今後もこうした時代の変化を踏まえて、AI・IoT事業を「重要かつ戦略的な分野」と位置付け、特定の業界のみならず、様々な企業や顧客に対するDX総合支援サービスを開始することで、より本格的なテック企業として進化を図る方針です。 当社グループは、今後もテクノロジーを通じ、世の中の期待に応え、人々の暮らしが豊かになる世界の実現を目指して参ります。 株主の皆さまには、引き続き、倍旧のご支援とご鞭撻を賜りますよう、よろしくお願い申しあげます。 代表取締役CEO 古木 大咲 IR menu 投資家情報メニュー 投資家情報トップ 投資家のみなさまへ IRニュース 業績ハイライト IRライブラリ 株式情報 IRカ,EQUITY,Real Estate,Real Estate Services
1,1436,GreenEnergy & Company Inc.,住宅関連,不動産・建設,,,42.0,42.0,,未確定,C,revenue_share_unknown,unknown,unknown,,https://green-energy.co.jp/,ト発電所 土地を最大限に活用したい方、発電設備に投資をしたい方へ close プライベート発電所とは？ 地主の方は、有休地に最適な集光設備を設置、 発電所にすることで、 安定した収益を目指すことができます。 また離れた場所に住まわれている方は、 発電所の区画を購入することで 安定した収益を目指すことができます。 グリーンエナジー・プラスの仲間たち FIT型太陽光発電 Non-FIT型太陽光発電 自家消費型太陽光発電 ネットゼロ・エネルギー・ハウス スタイリッシュで電気代ゼロの我が家がほしい方へ close ネットゼロ・エネルギー・ハウスとは？ これからの生活で自動化を享受するほど ますます電力を必要とするようになります。 太陽光発電ルーフを設置すれば光熱費はゼロ、 新時代の家電を存分に使用できます。 いっさいの無駄を省きながらも住みやすく、 しかも驚くほど美しい、新ミニマリズムを 追究した住宅がネットゼロ・エネルギー・ハウスです。 グリーンエナジー・ライフの仲間たち スタンダードモデル アップグレードモデル トレーラーハウス〈ASOBOX〉 いえとち本舗 スマート農業 発電しながら作物を作りたい方や、農業に投資したい方へ close スマート農業とは？ 活用されていない農地が増え、 また、予測できない気候変動など、日本の食の基盤が揺らいでます。 グリーンエナジー&カンパニーでは、農業者と協業、分業化するすることで事業化、一般の方も食糧生産に関われるモデルを考案しています。 スマート農業の仲間たち ソーラーシェアリング〈施設型〉 ソーラーシェアリング〈露地型〉 アグリファクトリー GXメンテナンス 発電設備を持続的に運営するために欠かせないサービス close GXメンテナンスとは？ エネルギーを安定的に生産するためには設備を最適な状態に保つことが重要です。 思いがけない影響に臨,EQUITY,Industrials,Engineering & Construction
1,1436,GreenEnergy & Company Inc.,再生可能エネルギー,GX・エネルギー,,,66.0,68.0,,未確定,C,revenue_share_unknown,unknown,unknown,,https://green-energy.co.jp/ir/ir_type/management/,メディア掲載実績 採用情報 採用情報TOP 法人アウトライン パーパス・ビジョン・バリュー 求める人財像 グループの仲間たち グリーンエナジー大学 お問い合わせ 株主・投資家の皆さまへ top 株主・投資家情報 株主・投資家の皆さまへ トップメッセージ 株主・投資家の皆さまへ 株主・投資家の皆様には平素より格別のご支援を賜り、厚く御礼申し上げます。 弊社は、2009年4月に創業して以来、クリーンエネルギーとスマートホームの事業を通し、様々なサービスを展開してまいりました。 現在、世界においては、深刻化する環境問題、気候変動問題への対応をはじめ、新型コロナウイルスの感染拡大がもたらした新たな生活様式への適応など、私たちは大きな歴史の転換期を迎えています。 また、日本においても、政府主導でのエネルギー政策の推進2011年の東日本大震災を契機にエネルギー政策の転換が図られています。 日本国内の再生可能エネルギー市場では、政府の2050年カーボンニュートラル宣言と2030年度の新たな温室効果ガス排出削減目標として、2013年度から46％削減、さらに50％削減の高みに向けて挑戦を続けるとの方針が示された、第6次エネルギー基本計画が発表され、再生可能エネルギーへの期待と存在感が一層高まっております。 個人においても企業においても、SDGs、ESG投資の動きが加速する中、「新しい常識で、地球と人をグリーンにする」を当社の purpose とし、日本の新しい「エネルギー供給」と「くらし」の仕組みづくりに積極的に挑戦します。 株主・投資家の皆様には、今後とも変わらぬご支援を賜りますよう、心よりお願い申し上げます。 株式会社グリーンエナジー＆カンパニー 代表取締役 鈴江 崇文 IRに関するお問い合わせはこちら Contact Info 株主・投資家の 皆さまへ IR・PRニュース IRライブラリ 株式情報 I,EQUITY,Industrials,Engineering & Construction
1,1436,GreenEnergy & Company Inc.,太陽光発電関連,GX・エネルギー,,,92.0,98.0,,未確定,C,revenue_share_unknown,unknown,unknown,,https://green-energy.co.jp/,グリーンエナジー＆カンパニー｜自然資本の新しい時代をリードする 株式会社グリーンエナジー・アンド・カンパニー menu 企業情報 大切にするもの 代表メッセージ 法人概要 沿革 Green Innovation マイクロGX NIKKEI GX会議 SDGs DXの取り組み Green制度 グリーンエナジー大学 Green Record サービス プライベート発電所 FIT型太陽光発電 Non-FIT型太陽光発電 自家消費型太陽光発電 系統用蓄電所 マイクロGX-Pack ネットゼロ・ エネルギー・ハウス スタンダードモデル アップグレードモデル トレーラーハウス 〈ASOBOX〉 いえとち本舗 スマート農業 ソーラーシェアリング 〈施設型〉 ソーラーシェアリング 〈露地型〉 アグリファクトリー GXメンテナンス 管理 / メンテナンス IR情報 IR情報 株主・投資家の皆さまへ IR・PRニュース IRライブラリ 株式情報 IRカレンダー 電子公告 業績ハイライト ディスクロージャーポリシー ニュース お知らせ プレスリリース メディア掲載実績 採用情報 採用情報TOP 法人アウトライン パーパス・ビジョン・バリュー 求める人財像 グループの仲間たち グリーンエナジー大学 お問い合わせ Connected by The Sun 詳しくはこちら → ビデオはこちら →,EQUITY,Industrials,Engineering & Construction
1,1436,GreenEnergy & Company Inc.,建設,不動産・建設,,,90.0,94.0,,未確定,C,revenue_share_unknown,unknown,unknown,,,売上構成比を公式資料から数値で確認できず,EQUITY,Industrials,Engineering & Construction
1,1436,GreenEnergy & Company Inc.,脱炭素,GX・エネルギー,,,92.0,98.0,,未確定,C,revenue_share_unknown,unknown,unknown,,https://green-energy.co.jp/,グリーンエナジー＆カンパニー｜自然資本の新しい時代をリードする 株式会社グリーンエナジー・アンド・カンパニー menu 企業情報 大切にするもの 代表メッセージ 法人概要 沿革 Green Innovation マイクロGX NIKKEI GX会議 SDGs DXの取り組み Green制度 グリーンエナジー大学 Green Record サービス プライベート発電所 FIT型太陽光発電 Non-FIT型太陽光発電 自家消費型太陽光発電 系統用蓄電所 マイクロGX-Pack ネットゼロ・ エネルギー・ハウス スタンダードモデル アップグレードモデル トレーラーハウス 〈ASOBOX〉 いえとち本舗 スマート農業 ソーラーシェアリング 〈施設型〉 ソーラーシェアリング 〈露地型〉 アグリファクトリー GXメンテナンス 管理 / メンテナンス IR情報 IR情報 株主・投資家の皆さまへ IR・PRニュース IRライブラリ 株式情報 IRカレンダー 電子公告 業績ハイライト ディスクロージャーポリシー ニュース お知らせ プレスリリース メディア掲載実績 採用情報 採用情報TOP 法人アウトライン パーパス・ビジョン,EQUITY,Industrials,Engineering & Construction
1,1436,GreenEnergy & Company Inc.,蓄電池,GX・エネルギー,,,92.0,98.0,,未確定,C,revenue_share_unknown,unknown,unknown,,https://green-energy.co.jp/,グリーンエナジー＆カンパニーは 家族単位で電力をつくりながら使う! 所有地を発電所として活用する! さらに土地を生かした食品自給メソッド まで クリーンな環境づくりをめざします 大切にするもの Purpose Vision Value 大切にするもの Message 鈴江崇文からご挨拶 グリーンエナジー&カンパニーの全体像 close プライベート発電所 FIT型太陽光発電 Non-FIT型太陽光発電 自家消費型太陽光発電 系統用蓄電所 マイクロGX-Pack ネットゼロ・エネルギー・ハウス スタンダードモデル アップグレードモデル トレーラーハウス〈ASOBOX〉 いえとち本舗 スマート農業 ソーラーシェアリング〈施設型〉 ソーラーシェアリング〈露地型〉 アグリファクトリー GXメンテナンス 管理 / メンテナンス グリーンエナジー＆ カンパニーのサービス 系統用蓄電所 系統に接続する蓄電池の開発から運用までをサポート close 系統用蓄電所とは？ 電力は、需要と供給のバランスが大切です。電気を「つくる」だけでなく、しっかりと「ためて」、必要なときに必要なだけ、電気を「つかえる」仕組みづくりが大切です。 私たちは、個人や企業が積極的に「蓄電所」の運営に参加できる仕組みづくりを目指しています。 グリーンエナジー・プラスの仲間たち 系統用蓄電所〈マイクロGX-Pack〉 プライベート発電所 土地を最大限に活用したい方、発電設備に投資をしたい方へ close プライベート発電所とは？ 地主の方は、有休地に最適な集光設備を設置、 発電所にすることで、 安定した収益を目指すことができます。 また離れた場所に住まわれている方は、 発電所の区画を購入することで 安定した収益を目指すことができます。 グリーンエナジー・プラスの仲間たち FIT型太陽光発電 Non-FIT型太陽光発電 自家消,EQUITY,Industrials,Engineering & Construction
1,1438,"Gifu landscape architect Co., Ltd.",住宅関連,不動産・建設,,,8.0,5.0,,未確定,C,revenue_share_unknown,unknown,unknown,,,売上構成比を公式資料から数値で確認できず,EQUITY,Industrials,Engineering & Construction
1,1438,"Gifu landscape architect Co., Ltd.",太陽光発電関連,GX・エネルギー,,,8.0,5.0,,未確定,C,revenue_share_unknown,unknown,unknown,,,売上構成比を公式資料から数値で確認できず,EQUITY,Industrials,Engineering & Construction
1,1438,"Gifu landscape architect Co., Ltd.",建設,不動産・建設,,,90.0,82.0,,未確定,C,revenue_share_unknown,unknown,unknown,,,売上構成比を公式資料から数値で確認できず,EQUITY,Industrials,Engineering & Construction
1,143A,"Ishin Co., Ltd.",デジタルトランスフォーメーション,デジタル・サービス,,,42.0,30.0,,未確定,C,revenue_share_unknown,unknown,unknown,,,売上構成比を公式資料から数値で確認できず,EQUITY,Communication Services,Advertising Agencies
1,143A,"Ishin Co., Ltd.",防災,防衛・国土強靱化,,,8.0,5.0,,未確定,C,revenue_share_unknown,unknown,unknown,,,売上構成比を公式資料から数値で確認できず,EQUITY,Communication Services,Advertising Agencies
1,1443,"Giken Holdings Co., Ltd.",建設,不動産・建設,,,94.0,96.0,,未確定,C,revenue_share_unknown,unknown,unknown,,,売上構成比を公式資料から数値で確認できず,EQUITY,Industrials,Engineering & Construction
1,1443,"Giken Holdings Co., Ltd.",防災,防衛・国土強靱化,,,8.0,5.0,,未確定,C,revenue_share_unknown,unknown,unknown,,,売上構成比を公式資料から数値で確認できず,EQUITY,Industrials,Engineering & Construction
1,1444,"Nissou Co.,Ltd.",不動産関連,不動産・建設,,,92.0,84.0,,未確定,C,revenue_share_unknown,unknown,unknown,,https://reform-nisso.co.jp/,ます。もちろんクオリティ的にも耐久性的にも問題はありません。多分リペア補修で可能かどうかの目利きはニッソウで一番です。 × 名前 小野 史也 入社年 2017年 仕事の目標は？ 私は福島の出身で、群馬の公立大学卒業後、東京の測量会社に就職いたしました。そして資格を取得し測量士をしておりましたが、新規一転ニッソウに転職しました。リフォーム業に携わってみると、緻密なデータの積み重ねや現場第一主義など、測量士と似ている事柄がたくさんあり、もともと建築（特に内装）には興味がありましたので、そんな意味で違和感なく現在の建築リフォームの仕事に入れました。また前職では国がお得意先でしたが、今では民間の不動産会社さんがお得意先です。私の意見も取り入れてもらえ、とても満足した仕事ができる環境です。 × 名前 瀬戸 泰輔 入社年 2018年 仕事の目標は？ この会社は、前職のお得意先です。大学卒業後長く前職の不動産関連会社に勤めていたので業界には詳しいです。そんな意味で現在の職務である不動産物件リフォームの仕事に、培った経験が活かせていると思います。また現在の得意先不動産会社さんには、前職の時の顔見知りの担当者様も結構多くいらっしゃいます。 × 名前 西田 竜二 入社年 2018年 仕事の目標は？ 20歳そこそこでメジャーデビュー後、音楽の道をあきらめきれず10年ほど、ウェイターをやりながら音楽活動を続けておりましたが、この会社に来て人生が変わりました。信じられないことですが、私のウェイター経験を高く評価してくれたのです。ウェイターは究極のサービス業だと、その経験はうちの仕事にはもってこいだと。ここからが私の職業人生のスタートです。会社の期待に必ず応えたいと思います。 × 名前 菊池 忠男 入社年 2007年 仕事の目標は？ 仕上がりに自信あり。私は長年現場で施工担当をやっておりました。そして営業兼監督,EQUITY,Consumer Cyclical,Residential Construction
1,1444,"Nissou Co.,Ltd.",住宅関連,不動産・建設,,,94.0,86.0,,未確定,C,revenue_share_unknown,unknown,unknown,,https://reform-nisso.co.jp/,Mが放送されます。 放送局：TBSテレビ「あさチャン！」 放送日：毎週火曜の朝6時台（第一部）内、約30秒間番組内の放送画面に提供で「ニッソウ」の表示も出ます。 従来バージョン 株式会社ニッソウ 採用情報 ニッソウでは現在、施工管理職を積極採用しております。 全国施工ネットワーク FRANCHISE ニッソウでは、リフォーム業のノウハウをおもちの工務店様（リフォーム業者様）を対象に、 全国各地で施工ネットワーク（協力店）を募集しています。 ニッソウの全国施工ネットワークとは？ 株式会社ニッソウの全国施工ネットワークとは、すでにリフォーム業のノウハウをお持ちの工務店様（リフォーム業者様）などと協力体制をとることです。顧客獲得の可能性が期待できる募集地域は日本全国です。貴社にはその地域の協力店として、当社が獲得した不動産得意先を随時、ご紹介いたします。当社は 業務内容 受注する業務内容は、戸建住宅、ビル、マンション、アパートなどの不動産専門リフォーム工事です。注文を受けるケースとしては以下があげられますが、行っていただく業務自体は、これまでご経験のあるリフォーム作業一式とお考えください。賃貸原状回復入居中修繕大規模修繕極小案件リフォーム買取再販 業務の流れ 全国施工ネットワーク業務の流れニッソウの全国施工ネットワーク業務の流れは、とてもシンプルで簡単です。貴社の当該地域に対しての広告・宣伝や問合せ対応は、当社が責任をもって行います。貴社は当社から見積依頼などの連絡を受けて、これまで行ってきたような内装・リフォーム業務に専念していただく サポート体制 ニッソウの全国施工ネットワークは、対等なパートナーシップ関係によって展開していくものです。各種サポート担当社員が親身になりサポートいたします。そして小さな不安から業務の問題まで解消していきます。こういった地域密着のきめ細かなサポートによ,EQUITY,Consumer Cyclical,Residential Construction
1,1447,"SAAF Holdings Co.,Ltd.",IT関連,デジタル・サービス,,,94.0,98.0,,未確定,C,revenue_share_unknown,unknown,unknown,,https://www.saaf-hd.co.jp/,SAAFホールディングス株式会社 JP EN Top トップページ Company 企業情報 トップメッセージ 経営理念 会社概要 役員一覧 グループ会社 社名・ロゴにかける想い Services 事業情報 コンサルティング事業 建設土木事業 システム開発事業 人材事業 News ニュース IR Information IR IRニュース 業績ハイライト IRライブラリ 株式・株主情報 IRカレンダー 電子公告 個人投資家の皆様へ ディスクロージャーポリシー コーポレートガバナンス IR アーカイブ Recruit 採用情報 お問い合わせ サイトポリシー 個人情報方針 コンプライアンス基本方針 LOADING... SCROLL News IR News Go to Latest News Go to Latest News Support As A Foundation. Support As A Foundation. Support As A Foundation. Support As A Foundation. Support As A Foundation. Support As A Foundation. Support As A Foundation. Support As A Foundation. Support As A Foundation. Support As A Foundation. Support As A Foundation. Support As A Foun,EQUITY,Technology,Information Technology Services
1,1447,"SAAF Holdings Co.,Ltd.",IoT,設備投資・機械,,,86.0,90.0,,未確定,C,revenue_share_unknown,unknown,unknown,,,売上構成比を公式資料から数値で確認できず,EQUITY,Technology,Information Technology Services
1,1447,"SAAF Holdings Co.,Ltd.",クラウドコンピューティング,デジタル・サービス,,,42.0,42.0,,未確定,C,revenue_share_unknown,unknown,unknown,,,売上構成比を公式資料から数値で確認できず,EQUITY,Technology,Information Technology Services
1,1447,"SAAF Holdings Co.,Ltd.",デジタルトランスフォーメーション,デジタル・サービス,,,8.0,5.0,,未確定,C,revenue_share_unknown,unknown,unknown,,,売上構成比を公式資料から数値で確認できず,EQUITY,Technology,Information Technology Services
1,1447,"SAAF Holdings Co.,Ltd.",フィンテック,金融・金利,,,8.0,5.0,,未確定,C,revenue_share_unknown,unknown,unknown,,,売上構成比を公式資料から数値で確認できず,EQUITY,Technology,Information Technology Services
1,1447,"SAAF Holdings Co.,Ltd.",マイナンバー,デジタル・サービス,,,8.0,5.0,,未確定,C,revenue_share_unknown,unknown,unknown,,,売上構成比を公式資料から数値で確認できず,EQUITY,Technology,Information Technology Services
1,1447,"SAAF Holdings Co.,Ltd.",防災,防衛・国土強靱化,,,8.0,5.0,,未確定,C,revenue_share_unknown,unknown,unknown,,,売上構成比を公式資料から数値で確認できず,EQUITY,Technology,Information Technology Services
1,1447,"SAAF Holdings Co.,Ltd.",電子政府,デジタル・サービス,,,8.0,5.0,,未確定,C,revenue_share_unknown,unknown,unknown,,,売上構成比を公式資料から数値で確認できず,EQUITY,Technology,Information Technology Services
1,1449,,住宅関連,不動産・建設,,,8.0,5.0,,未確定,C,revenue_share_unknown,unknown,unknown,,,会社公式サイトURL未取得,,,
1,1449,,建設,不動産・建設,,,8.0,5.0,,未確定,C,revenue_share_unknown,unknown,unknown,,,会社公式サイトURL未取得,,,
1,145A,L is B corp.,IT関連,デジタル・サービス,,,90.0,96.0,,未確定,C,revenue_share_unknown,unknown,unknown,,https://l-is-b.com/ja/,株式会社 L is B（エルイズビー） News ニュース Philosophy 企業理念 Our Service サービス Event イベント Company 会社概要 IR IR情報 Recruit 採用情報 Contact お問い合わせ サービス利用規約 個人情報の取り扱いについて 情報セキュリティ方針 特定商取引法に基づく表記 Menu アイデアと テクノロジーで 人々を笑顔にする！ News ニュース 2026 .08.20 (木) L is B ユーザーカンファレンス「LUC2026」（東京）全登壇企業決定レイズネクスト、ミニミニが登壇 2026 .08.10 (月) 現場向けビジネスチャット「direct」がStarlink Directに対応 2026 .07.30 (木) L is B ユーザーカンファレンス「LUC2026」（東京）現場DX・AI活用の実践事例を共有、大林組・安藤ハザマが登壇 2026 .07.21 (火) L is B、現場AI機能 「directアシスタント」の先行トライアル提供開始 ニュース一覧 Event& Seminar イベント・セミナー,EQUITY,Technology,Software - Infrastructure
1,145A,L is B corp.,SaaS,デジタル・サービス,,,90.0,96.0,,未確定,C,revenue_share_unknown,unknown,unknown,,,売上構成比を公式資料から数値で確認できず,EQUITY,Technology,Software - Infrastructure
1,145A,L is B corp.,デジタルトランスフォーメーション,デジタル・サービス,,,86.0,92.0,,未確定,C,revenue_share_unknown,unknown,unknown,,https://l-is-b.com/ja/,株式会社 L is B（エルイズビー） News ニュース Philosophy 企業理念 Our Service サービス Event イベント Company 会社概要 IR IR情報 Recruit 採用情報 Contact お問い合わせ サービス利用規約 個人情報の取り扱いについて 情報セキュリティ方針 特定商取引法に基づく表記 Menu アイデアと テクノロジーで 人々を笑顔にする！ News ニュース 2026 .08.20 (木) L is B ユーザーカンファレンス「LUC2026」（東京）全登壇企業決定レイズネクスト、ミニミニが登壇 2026 .08.10 (月) 現場向けビジネスチャット「direct」がStarlink Directに対応 2026 .07.30 (木) L is B ユーザーカンファレンス「LUC2026」（東京）現場DX・AI活用の実践事例を共有、大林組・安藤ハザマが登壇 2026 .07.21 (火) L is B、現場AI機能 「directアシスタント」の先行トライアル提供開始 ニュース一覧 Event& Seminar イベント・セミナー イベント Event 2026 .09.17 (木) 【9/17開催】L is Bユーザーカンファレンス2026 イベント一覧 セミナー Seminar 現場写真の整理・報告書作成を画面操作デモでご紹介 スマホで体験！360度映像による遠隔臨場をご紹介 建設業で「direct」が選ばれる3つの理由を解説！ 毎日のアルコールチェック、これで管理・承認の手間を減らせます 社内外の情報共有に課題がある方必見！まずは入門セミナーへ 社内のDX推進を担う人材を育成。基礎から実践まで体系的に学べる講座です ベテランのノウハウをどう伝える？動画で技術継承＆新人教育 長時間労働,EQUITY,Technology,Software - Infrastructure
1,145A,L is B corp.,人工知能,AI・半導体,,,85.0,82.0,,未確定,C,revenue_share_unknown,unknown,unknown,,https://l-is-b.com/ja/,株式会社 L is B（エルイズビー） News ニュース Philosophy 企業理念 Our Service サービス Event イベント Company 会社概要 IR IR情報 Recruit 採用情報 Contact お問い合わせ サービス利用規約 個人情報の取り扱いについて 情報セキュリティ方針 特定商取引法に基づく表記 Menu アイデアと テクノロジーで 人々を笑顔にする！ News ニュース 2026 .08.20 (木) L is B ユーザーカンファレンス「LUC2026」（東京）全登壇企業決定レイズネクスト、ミニミニが登壇 2026 .08.10 (月) 現場向けビジネスチャット「direct」がStarlink Directに対応 2026 .07.30 (木) L is B ユーザーカンファレンス「LUC2026」（東京）現場DX・AI活用の実践事例を共有、大林組・安藤ハザマが登壇 2026 .07.21 (火) L is B、現場AI機能 「directアシスタント」の先行トライアル提供開始 ニュース一覧 Event& Seminar イベント・セミナー イベント Event 2026 .09.17 (木) 【9/17開催】L is Bユーザーカンファレンス2026 イベント一覧 セミナー Seminar 現場写真の整理・報告書作成を画面操作デモでご紹介 スマホで体験！360度映像による遠隔臨場をご紹介 建設業で「direct」が選ばれる3つの理由を解説！ 毎日のアルコールチェック、これで管理・承認の手間を減らせます 社内外の情報共有に課題がある方必見！まずは入門セミナーへ 社内のDX推進を担う人材を育成。基礎から実践まで体系的に学べる講座です ベテランのノウハウをどう伝える？動画で技術継承＆新人教育 長時間労働の改善,EQUITY,Technology,Software - Infrastructure
1,145A,L is B corp.,生成AI,AI・半導体,,,8.0,5.0,,未確定,C,revenue_share_unknown,unknown,unknown,,https://l-is-b.com/ja/news/20260721_25147/,"日々のトークを「組織全体のナレッジ」に変える現場AIを先行体験 ～ L is B、現場AI機能 「directアシスタント」の先行トライアル提供開始 2026 .07.21 (火) 株式会社L is B （エルイズビー 本社：東京都千代田区、代表取締役社長CEO：横井 太輔、以下「L is B」）は、現場向けビジネスチャット「direct／ダイレクト」から直接呼び出せる現場AI機能「directアシスタント」を開発いたしました。2026年秋の正式リリースに先がけ、AIMS（AIマネジメントシステム）に準拠したセキュアな環境で本機能をお試しいただける先行トライアルを、2026年7月21日より提供開始いたしました。 開発背景 「direct」は、これまで10,000社以上の企業、特に立って働く現場（建設、インフラ・設備、小売など）で働くフィールドワーカーの方々に広く活用されてきました。企業でも生成AIの活用が当たり前となる時代の一方で、現場では人手不足や若手への技術伝承の遅れ、日々飛び交う大量のメッセージによる情報見落としなどが深刻な課題となっています。 これらの課題に対応するため、2025年10月に「directアシスタント」のベータ版をリリースし、多くの現場からフィードバックをいただいてまいりました。そしてこのたび、2026年5月22日に取得したAIMS（AIマネジメントシステム）に準拠した強固な安全管理体制のもと、2026年秋の正式リリースに先がけて先行トライアルの受付を開始いたします。 「directアシスタント」について 「directアシスタント」は「direct」のトーク画面からワンタップで利用できる、現場業務に寄り添うAIアシスタントです。アプリを切り替えることなくすぐに使える生成AIとして質問への回答や文書作成、翻訳などを支援し、日常業務のさまざまなシーンを効率化しま",EQUITY,Technology,Software - Infrastructure
1,146A,Columbia Works Inc.,ホテル,内需・消費,,,86.0,88.0,,未確定,C,revenue_share_unknown,unknown,unknown,,,売上構成比を公式資料から数値で確認できず,EQUITY,Real Estate,Real Estate - Development
1,146A,Columbia Works Inc.,マンション関連,不動産・建設,,,8.0,5.0,,未確定,C,revenue_share_unknown,unknown,unknown,,,売上構成比を公式資料から数値で確認できず,EQUITY,Real Estate,Real Estate - Development
1,146A,Columbia Works Inc.,不動産ファンド,不動産・建設,,,42.0,40.0,,未確定,C,revenue_share_unknown,unknown,unknown,,,売上構成比を公式資料から数値で確認できず,EQUITY,Real Estate,Real Estate - Development
1,146A,Columbia Works Inc.,不動産関連,不動産・建設,,,94.0,96.0,,未確定,C,revenue_share_unknown,unknown,unknown,,,売上構成比を公式資料から数値で確認できず,EQUITY,Real Estate,Real Estate - Development
1,147A,"Soracom, Inc.",IT関連,デジタル・サービス,,,90.0,82.0,,未確定,C,revenue_share_unknown,unknown,unknown,,http://soracom.io/,Global Cellular IoT Connectivity | Soracom Products Connectivity Connectivity Services Explore your connectivity options Cellular Connectivity Multicarrier data service for IoT Satellite Connectivity Add satellite data to cellular plans Connectivity for AWS Solutions AWS-native cellular connectivity for IoT Connectivity Hypervisor | SGP.32 Remote orchestration for multicarrier SIMs Discover Soracom IoT Solutions for a more conn,EQUITY,Technology,Software - Infrastructure
1,147A,"Soracom, Inc.",IoT,設備投資・機械,,,97.0,90.0,,未確定,C,revenue_share_unknown,unknown,unknown,,http://soracom.io/,Global Cellular IoT Connectivity | Soracom Products Connectivity Connectivity Services Explore your connectivity options Cellular Connectivity Multicarrier data service for IoT Satellite Connectivity Add satellite data to cellular plans Connectivity for AWS Solutions AWS-native cellular connectivity for IoT Connectivity Hypervisor | SGP.32 Remote orchestration for multicarrier SIMs Discover Soracom IoT Solutions for,EQUITY,Technology,Software - Infrastructure
1,147A,"Soracom, Inc.",クラウドコンピューティング,デジタル・サービス,,,42.0,30.0,,未確定,C,revenue_share_unknown,unknown,unknown,,,売上構成比を公式資料から数値で確認できず,EQUITY,Technology,Software - Infrastructure
1,147A,"Soracom, Inc.",人工知能,AI・半導体,,,92.0,90.0,,未確定,C,revenue_share_unknown,unknown,unknown,,http://soracom.io/,"Development Features Tools for development and prototyping Device Provisioning and Credentialing Provisioning, PKI, device registration, credential rotation Secure Networking Features Data routing and secure private networks Cloud Integrations and Data Pipelines Delivering and routing device data to cloud endpoints Automated Monitoring Features Analytics, workflow automation, fleet-wide insights AI-powered Insights & Automation AI for data exploration, workflow automation, and fleet visibility On-Demand Support Features Remote support, troubleshooting, diagnostics Connectivity Management Platform SIM lifecycle, admin, and operations Multitenancy & Downstream Billing Billing and bundling connectivity Explore All Products Coverage & Cost COVERAGE Cellular Coverage Map Multicarrier coverage in",EQUITY,Technology,Software - Infrastructure
1,147A,"Soracom, Inc.",生成AI,AI・半導体,,,8.0,5.0,,未確定,C,revenue_share_unknown,unknown,unknown,,https://soracom.io/customer-story/edgebeam-wireless/,"it needs – an architecture well-suited to the static web pages and desktop clients it was designed around. Workloads have evolved significantly since then. Modern internet traffic is overwhelmingly downstream, and a growing share of it consists of the same content being delivered to vast numbers of endpoints simultaneously: video streams, software updates, map data, and the large language models (LLM) now making their way into connected devices. A connected vehicle manufacturer recently told EdgeBeam that at today’s unicast pricing, keeping a $25,000 car’s software, maps, and models current over its lifetime would approach $20,000 in connectivity costs alone – a non-starter for any OEM outside the luxury tier. The same pattern shows up wherever one-to-many distribution collides with a unicast",EQUITY,Technology,Software - Infrastructure
1,148A,"Hatch Work Co.,Ltd.",クラウドコンピューティング,デジタル・サービス,,,72.0,78.0,,未確定,C,revenue_share_unknown,unknown,unknown,,,売上構成比を公式資料から数値で確認できず,EQUITY,Industrials,Specialty Business Services
1,1491,"Chugai Mining Co., Ltd.",ゲーム関連,デジタル・サービス,,,90.0,96.0,,未確定,C,revenue_share_unknown,unknown,unknown,,https://www.chugaikogyo.co.jp/,us 中外鉱業について 基幹事業である貴金属事業、不動産事業、機械事業の事業柱に加え、新たにコンテンツ部を新設し、多方面に展開しています。 会社情報を見る precious metal business real estate business content business machinery business Business 事業紹介 貴金属事業 precious metal business 100%国内発生原料の貴金属リサイクルから 法令遵守と、レアメタルの研究まで 貴金属・紛争鉱物に関するお問い合わせはこちら 不動産事業 real estate business 「資金力」「機動力」「情報力」を活かし、 ニーズを捉えた総合不動産デベロッパー業務を展開 コンテンツ事業 content business 企画コンセプトは「マニア心をくすぐる商品を！」 アニメーション・コミック・ゲーム関連キャラクターの 商品企画・製作・販売を行っております。 機械事業 machinery business 売上シェアは業界最大手、 今後は世界の市場へ 事業を詳しく見る 重要なお知らせ：当社の名を騙った偽サイト、フィッシング詐欺について News お知らせ 一覧を見る 2026.08.24 ニュース 「じゅじゅフェス 2026 -5th anniversary-」に「アニメ『呪術廻戦』5周年×羽田エアポートガーデン コラボ」ドリンク＆フードキッチンカーが出展決定！限定コラボメニューが登場！ 2026.08.20 ニュース 【2026/9/16～9/20】Jewellery & Gem WORLD: Hong Kong出展のお知らせ 2026.08.20 ニュース アニメ「ハイキュー!!」と「焼肉冷麺やまなか家」のコラボレーションが決定！やまなか家で焼肉を堪能する青根と二口の描き下ろしグッ,EQUITY,Basic Materials,Gold
1,1491,"Chugai Mining Co., Ltd.",レアメタル,資源・素材,,,90.0,96.0,,未確定,C,revenue_share_unknown,unknown,unknown,,https://www.chugaikogyo.co.jp/,用情報 中途キャリア採用情報 アルバイト求人情報 よくある質問 JP | EN お問い合わせ プライバシーポリシー サイトマップ 公式キャラクター グッズ販売 お問い合わせ JP | EN 柔軟な発想力を 強みに 当社グループの全役員・従業員には 大胆かつ柔軟な思考を持つことを 最重要課題とし成長し続ける企業を目指します。 About us 中外鉱業について 基幹事業である貴金属事業、不動産事業、機械事業の事業柱に加え、新たにコンテンツ部を新設し、多方面に展開しています。 会社情報を見る precious metal business real estate business content business machinery business Business 事業紹介 貴金属事業 precious metal business 100%国内発生原料の貴金属リサイクルから 法令遵守と、レアメタルの研究まで 貴金属・紛争鉱物に関するお問い合わせはこちら 不動産事業 real estate business 「資金力」「機動力」「情報力」を活かし、 ニーズを捉えた総合不動産デベロッパー業務を展開 コンテンツ事業 content business 企画コンセプトは「マニア心をくすぐる商品を！」 アニメーション・コミック・ゲーム関連キャラクターの 商品企画・製作・販売を行っております。 機械事業 machinery business 売上シェアは業界最大手、 今後は世界の市場へ 事業を詳しく見る 重要なお知らせ：当社の名を騙った偽サイト、フィッシング詐欺について News お知らせ 一覧を見る 2026.08.24 ニュース 「じゅじゅフェス 2026 -5th anniversary-」に「アニメ『呪術廻戦』5周年×羽田エアポートガーデン コラボ」ドリンク＆フードキッチンカーが出展決定,EQUITY,Basic Materials,Gold
1,1491,"Chugai Mining Co., Ltd.",不動産関連,不動産・建設,86.03,,86.0,90.0,,未確定,C,calculated_ratio_needs_qa,calculated_candidate_only,calculated_ratio_candidate,calculated_same_snippet,https://www.chugaikogyo.co.jp/wp/wp-content/uploads/2026/02/2026年３月期-第３四半期決算短信〔日本基準〕（連結）.pdf,"117,550,405 △14,384 117,536,021 セグメント利益又は セグメント損失（△） 821,654 10,675 732,432 △28,973 1,535,789 △362,423 1,173,366 （単位：千円） 報告セグメント その他 （注）１ 合計 調整額 （注）２ 四半期連結 損益計算書 計上額 （注）３ 貴金属事業 機械事業 コンテンツ 事業 売上高 （1）外部顧客への売 上高 191,028,579 518,083 2,033,643 13,513 193,593,819 － 193,593,819 （2）セグメント間の 内部売上高又は 振替高 10,160 11,123 － 11,047 32,331 △32,331 － 計 191,038,739 529,207 2,033,643 24,561 193,626,150 △32,331 193,593,819 セグメント利益又は セグメント損失（△） 1,920,930 △3,396 131,945 △49,730 1,999,748 △421,267 1,578,480 （セグメント情報等の注記） 【セグメント情報】 Ⅰ 前第３四半期連結累計期間（自2024年４月１日 至2024年12月31日） １．報告セグメントごとの売上高及び利益又は損失の金額に関する情報 （注）１．「その他」の区分は報告セグメントに含まれない事業セグメントであり、不動産事業、投資事業、太陽光発電 による売電収入及び不動産賃貸収入を含んでおります。 ２．セグメント利益又は損失（△）の調整額△362,423千円には、各報告セグメントに配分していない全社費用 △362,423千円が含まれております。全社費用は、主に報告セグメントに帰属しない一般管理費であります。 ３．セグメント利益又は損失（△）は、四半期連結損益計算書の営業利益と調整を行っております。 ２．報告セグメントごとの固定資産の減損損失又はのれん等に関する情報 該当事項はありません。 Ⅱ 当第３四半期連結累計期間（自2025年４月１日 至2025年12月31日） １．報告セグメントごとの売上高及び利益又は損失の金額に関する情報 （注）１．「その他」の区分は報告セグメントに含まれない事業セグメントであり、不動産事業、投資事業、太陽光発電 による売電収入及び不動産賃貸収入を含んでおります。 ２．セグメント利益又は損失（△）の調整額△421,267千円には、各報告セグメントに配分していない全社費用 △421,267千円が含まれております。全社費用は、主に報告セグメントに帰属しない一般管理費であります。 ３．セグメント利益又は損失（△）は、四半期連結損益計算書の営業利益と調整を行っております。 ２．報告セグメントごとの固定資産の減損損失又はのれん等",EQUITY,Basic Materials,Gold
1,1491,"Chugai Mining Co., Ltd.",工作機械,設備投資・機械,10.89,,72.0,78.0,,未確定,C,calculated_ratio_needs_qa,calculated_candidate_only,calculated_ratio_candidate,calculated_same_snippet,https://www.chugaikogyo.co.jp/wp/wp-content/uploads/2026/06/第134期有価証券報告書.pdf,"ております。 前連結会計年度における賃貸等不動産として使用される部分を含む不動産の賃貸損益は3,312千円の利益 （賃貸収益は売上に、主な賃貸費用は売上原価に計上）であります。当連結会計年度における賃貸等不動産と して使用される部分を含む不動産の賃貸損益は40,565千円の損失（賃貸収益は売上に、主な賃貸費用は売上原 価に計上）であります。 これら賃貸等不動産及び賃貸等不動産として使用される部分を含む不動産に関する連結貸借対照表計上額、 期中増減額及び時価は、次のとおりであります。 (注)１．連結貸借対照表計上額は、取得価額から減価償却累計額を控除した金額であります。 ２．期中増減額のうち、主な増加は賃貸等不動産の建築（1,592,632千円）であります。主な減少は賃貸等不 動産から事業用不動産への振替（173,458千円）であります。 ３．期末時価は、主に社外の不動産鑑定士による不動産鑑定評価書に基づく金額であります。ただし、直近の 評価時点から、一定の評価額や適切に市場価格を反映していると考えられる指標に重要な変動が生じてい ない場合には、当該評価額や指標を用いて調整した金額によっております。 - 61 - 報告セグメント その他 （注） 合計貴金属事業 機械事業 コンテンツ 事業 貴金属製品販売 155,749,118 － － － 155,749,118 宝飾品販売 1,882,508 － － － 1,882,508 不動産販売 － － － 53,864 53,864 中古工作機械販売 － 789,311 － － 789,311 グッズ販売 － － 3,561,254 － 3,561,254 複合カフェ － － 204,334 － 204,334 その他 － － 90,610 9,673 100,284 顧客との契約から生じる収益 157,631,627 789,311 3,856,199 63,537 162,340,676 その他の収益 － － － 4,489 4,489 外部顧客への売上高 157,631,627 789,311 3,856,199 68,027 162,345,165 （収益認識関係） （1）顧客との契約から生じる収益を分解した情報 主要な財又はサービス別に分解した収益の情報は以下のとおりであります。 前連結会計年度（自 2024年４月１日 至 2025年３月31日） （単位：千円） （注）「その他」の区分は報告セグメントに含まれない事業セグメントであり、不動産事業、投資事業、太陽光 発電による売電収入及び不動産賃貸収入を含んでおります。 また、「その他の収益」は、企業会計基準第13号「リース取引に関する会計基準」の範囲に含まれる不動 産賃貸収入です。 - 62 - 報告セグメント その他 （注） 合計貴金属事業 機械事業 コン",EQUITY,Basic Materials,Gold
1,1491,"Chugai Mining Co., Ltd.",機械,設備投資・機械,21.40,,72.0,68.0,,未確定,C,calculated_ratio_needs_qa,calculated_candidate_only,calculated_ratio_candidate,calculated_same_snippet,https://www.chugaikogyo.co.jp/wp/wp-content/uploads/2026/02/2026年３月期-第３四半期決算短信〔日本基準〕（連結）.pdf,"5年４月１日 至 2025年12月31日） 減 価 償 却 費 67,667千円 77,576千円 （四半期連結キャッシュ・フロー計算書に関する注記） 当第３四半期連結累計期間に係る四半期連結キャッシュ・フロー計算書は作成しておりません。なお、第３四半 期連結累計期間に係る減価償却費（のれんを除く無形固定資産に係る償却費を含む。）は、次のとおりでありま す。 - 7 - 中外鉱業㈱ （1491）2026年3月期 第3四半期決算短信 （単位：千円） 報告セグメント その他 （注）１ 合計 調整額 （注）２ 四半期連結 損益計算書 計上額 （注）３ 貴金属事業 機械事業 コンテンツ 事業 売上高 （1）外部顧客への売 上高 113,891,418 575,383 3,004,309 64,909 117,536,021 － 117,536,021 （2）セグメント間の 内部売上高又は 振替高 － 3,337 － 11,047 14,384 △14,384 － 計 113,891,418 578,721 3,004,309 75,956 117,550,405 △14,384 117,536,021 セグメント利益又は セグメント損失（△） 821,654 10,675 732,432 △28,973 1,535,789 △362,423 1,173,366 （単位：千円） 報告セグメント その他 （注）１ 合計 調整額 （注）２ 四半期連結 損益計算書 計上額 （注）３ 貴金属事業 機械事業 コンテンツ 事業 売上高 （1）外部顧客への売 上高 191,028,579 518,083 2,033,643 13,513 193,593,819 － 193,593,819 （2）セグメント間の 内部売上高又は 振替高 10,160 11,123 － 11,047 32,331 △32,331 － 計 191,038,739 529,207 2,033,643 24,561 193,626,150 △32,331 193,593,819 セグメント利益又は セグメント損失（△） 1,920,930 △3,396 131,945 △49,730 1,999,748 △421,267 1,578,480 （セグメント情報等の注記） 【セグメント情報】 Ⅰ 前第３四半期連結累計期間（自2024年４月１日 至2024年12月31日） １．報告セグメントごとの売上高及び利益又は損失の金額に関する情報 （注）１．「その他」の区分は報告セグメントに含まれない事業セグメントであり、不動産事業、投資事業、太陽光発電 による売電収入及び不動産賃貸収入を含んでおります。 ２．セグメント利益又は損失（△）の調整額△362,423千円には、各報告セグメントに配分していない全社費用 △362,4",EQUITY,Basic Materials,Gold
1,1491,"Chugai Mining Co., Ltd.",都市鉱山,資源・素材,,,90.0,96.0,,未確定,C,revenue_share_unknown,unknown,unknown,,https://www.chugaikogyo.co.jp/,働く仲間 新卒採用情報 第二新卒採用情報 中途キャリア採用情報 アルバイト求人情報 よくある質問 JP | EN お問い合わせ プライバシーポリシー サイトマップ 公式キャラクター グッズ販売 お問い合わせ JP | EN 柔軟な発想力を 強みに 当社グループの全役員・従業員には 大胆かつ柔軟な思考を持つことを 最重要課題とし成長し続ける企業を目指します。 About us 中外鉱業について 基幹事業である貴金属事業、不動産事業、機械事業の事業柱に加え、新たにコンテンツ部を新設し、多方面に展開しています。 会社情報を見る precious metal business real estate business content business machinery business Business 事業紹介 貴金属事業 precious metal business 100%国内発生原料の貴金属リサイクルから 法令遵守と、レアメタルの研究まで 貴金属・紛争鉱物に関するお問い合わせはこちら 不動産事業 real estate business 「資金力」「機動力」「情報力」を活かし、 ニーズを捉えた総合不動産デベロッパー業務を展開 コンテンツ事業 content business 企画コンセプトは「マニア心をくすぐる商品を！」 アニメーション・コミック・ゲーム関連キャラクターの 商品企画・製作・販売を行っております。 機械事業 machinery business 売上シェアは業界最大手、 今後は世界の市場へ 事業を詳しく見る 重要なお知らせ：当社の名を騙った偽サイト、フィッシング詐欺について News お知らせ 一覧を見る 2026.08.24 ニュース 「じゅじゅフェス 2026 -5th anniversary-」に「アニメ『呪術廻戦』5周年×羽田エアポートガーデン コラボ」ドリンク＆,EQUITY,Basic Materials,Gold
1,1491,"Chugai Mining Co., Ltd.",金,資源・素材,,,46.0,46.0,,未確定,C,revenue_share_unknown,unknown,unknown,,,売上構成比を公式資料から数値で確認できず,EQUITY,Basic Materials,Gold
1,149A,"Thinca Co.,Ltd.",IT関連,デジタル・サービス,,,90.0,92.0,,未確定,C,revenue_share_unknown,unknown,unknown,,https://www.thinca.co.jp/,ITで 世界をもっと おもしろく - 株式会社シンカ NEWS SERVICE ABOUT IR RECRUIT CONTACT [ EN ] ITで 世界をもっと おもしろく NEWS お知らせ 2026/9/1 お知らせ 弊社運営サイトへの不正アクセスおよび全サイトの公開再開に関するお知らせ 2026/9/1 プレスリリース シンカ、日本最大級の終活産業専門展「エンディング産業展2026」に出展 2026/8/26 メディア掲載 ラジオNIKKEI「企業トップが語る！威風堂々」に代表取締役社長 江尻高宏が出演しました 2026/8/26 プレスリリース シンカ、当社主催（運営：SBI証券）の個人投資家向けオンラインIR説明会を開催 ニュース一覧を見る IR NEWS IRニュース IRニュース一覧を見る SERVICE サービス 会話を クラウドで おもしろくしよう コミュニケーションプラ,EQUITY,Technology,Software - Application
1,149A,"Thinca Co.,Ltd.",SaaS,デジタル・サービス,,,90.0,92.0,,未確定,C,revenue_share_unknown,unknown,unknown,,https://www.thinca.co.jp/,"当社主催（運営：SBI証券）の個人投資家向けオンラインIR説明会を開催 ニュース一覧を見る IR NEWS IRニュース IRニュース一覧を見る SERVICE サービス 会話を クラウドで おもしろくしよう コミュニケーションプラットフォーム 「カイクラ」 「カイクラ」は、電話/SMS/メール/ビデオ通話など、様々なコミュニケーションアプリのやりとりを一元管理できます。異なるコミュニケーション手段を用いても、顧客ごとにコミュニケーション履歴情報が整理された状態で閲覧できるので、担当者以外でもこれまで経緯を把握した上で、顧客対応することが可能になります。 サービスを見る ITの専門家が、社内専属のように寄り添う。 「ITビジネスサポート」は、法人向けのIT機器まるごとサポートサービスです。電話・リモートサポート使い放題、セキュリティソフト無料提供、最大5万円のPC機器保険を、初期費用0円・月額1,650円（税込）／1台で提供。専門スタッフが「誰に頼めばいいか」の迷いをなくし、ビジネスを止めない安心の環境を整えます。 サービスを見る 企業のありとあらゆる 会話に関わる お役立ちテクノロジー情報を 配信。 カイクラ.magとは株式会社シンカが運営するオウンドメディアです。「音声を記録し、会話を企業価値に」をモットーに、「会話」に関する様々なテクノロジーや最新情報、企業の業務効率化や社内コミュニケーションの活性化事例など、すべての企業にとってお役に立てる情報を幅広く配信しています。 サービスを見る 自動車業界で働く、 すべての方へ。 株式会社シンカがお届けする自動車業界向けオウンドメディア「CarConnect」。業界の最新ニュースから、新人教育にも使える用語解説、お客様への提案に役立つ情報まで。明日からの仕事に役立つ知識を、わかりやすくお届けします。 サービスを見る RECRUIT",EQUITY,Technology,Software - Application
1,149A,"Thinca Co.,Ltd.",クラウドコンピューティング,デジタル・サービス,,,92.0,94.0,,未確定,C,revenue_share_unknown,unknown,unknown,,https://www.thinca.co.jp/,"ITで 世界をもっと おもしろく - 株式会社シンカ NEWS SERVICE ABOUT IR RECRUIT CONTACT [ EN ] ITで 世界をもっと おもしろく NEWS お知らせ 2026/9/1 お知らせ 弊社運営サイトへの不正アクセスおよび全サイトの公開再開に関するお知らせ 2026/9/1 プレスリリース シンカ、日本最大級の終活産業専門展「エンディング産業展2026」に出展 2026/8/26 メディア掲載 ラジオNIKKEI「企業トップが語る！威風堂々」に代表取締役社長 江尻高宏が出演しました 2026/8/26 プレスリリース シンカ、当社主催（運営：SBI証券）の個人投資家向けオンラインIR説明会を開催 ニュース一覧を見る IR NEWS IRニュース IRニュース一覧を見る SERVICE サービス 会話を クラウドで おもしろくしよう コミュニケーションプラットフォーム 「カイクラ」 「カイクラ」は、電話/SMS/メール/ビデオ通話など、様々なコミュニケーションアプリのやりとりを一元管理できます。異なるコミュニケーション手段を用いても、顧客ごとにコミュニケーション履歴情報が整理された状態で閲覧できるので、担当者以外でもこれまで経緯を把握した上で、顧客対応することが可能になります。 サービスを見る ITの専門家が、社内専属のように寄り添う。 「ITビジネスサポート」は、法人向けのIT機器まるごとサポートサービスです。電話・リモートサポート使い放題、セキュリティソフト無料提供、最大5万円のPC機器保険を、初期費用0円・月額1,650円（税込）／1台で提供。専門スタッフが「誰に頼めばいいか」の迷いをなくし、ビジネスを止めない安心の環境を整えます。 サービスを見る 企業のありとあらゆる 会話に関わる お役立",EQUITY,Technology,Software - Application
1,149A,"Thinca Co.,Ltd.",サブスクリプション,デジタル・サービス,,,72.0,68.0,,未確定,C,revenue_share_unknown,unknown,unknown,,https://www.thinca.co.jp/,"当社主催（運営：SBI証券）の個人投資家向けオンラインIR説明会を開催 ニュース一覧を見る IR NEWS IRニュース IRニュース一覧を見る SERVICE サービス 会話を クラウドで おもしろくしよう コミュニケーションプラットフォーム 「カイクラ」 「カイクラ」は、電話/SMS/メール/ビデオ通話など、様々なコミュニケーションアプリのやりとりを一元管理できます。異なるコミュニケーション手段を用いても、顧客ごとにコミュニケーション履歴情報が整理された状態で閲覧できるので、担当者以外でもこれまで経緯を把握した上で、顧客対応することが可能になります。 サービスを見る ITの専門家が、社内専属のように寄り添う。 「ITビジネスサポート」は、法人向けのIT機器まるごとサポートサービスです。電話・リモートサポート使い放題、セキュリティソフト無料提供、最大5万円のPC機器保険を、初期費用0円・月額1,650円（税込）／1台で提供。専門スタッフが「誰に頼めばいいか」の迷いをなくし、ビジネスを止めない安心の環境を整えます。 サービスを見る 企業のありとあらゆる 会話に関わる お役立ちテクノロジー情報を 配信。 カイクラ.magとは株式会社シンカが運営するオウンドメディアです。「音声を記録し、会話を企業価値に」をモットーに、「会話」に関する様々なテクノロジーや最新情報、企業の業務効率化や社内コミュニケーションの活性化事例など、すべての企業にとってお役に立てる情報を幅広く配信しています。 サービスを見る 自動車業界で働く、 すべての方へ。 株式会社シンカがお届けする自動車業界向けオウンドメディア「CarConnect」。業界の最新ニュースから、新人教育にも使える用語解説、お客様への提案に役立つ情報まで。明日からの仕事に役立つ知識を、わかりやすくお届けします。 サービスを見る RECRUIT",EQUITY,Technology,Software - Application
1,150A,"JSH Co.,Ltd.",旅行,内需・消費,,,58.0,54.0,,未確定,C,revenue_share_unknown,unknown,unknown,,,売上構成比を公式資料から数値で確認できず,EQUITY,Industrials,Conglomerates
1,1514,"Sumiseki Holdings,Inc.",半導体部材・部品,AI・半導体,,,8.0,5.0,,未確定,C,revenue_share_unknown,unknown,unknown,,,売上構成比を公式資料から数値で確認できず,EQUITY,Energy,Thermal Coal
1,1514,"Sumiseki Holdings,Inc.",風力発電,GX・エネルギー,,,8.0,5.0,,未確定,C,revenue_share_unknown,unknown,unknown,,,売上構成比を公式資料から数値で確認できず,EQUITY,Energy,Thermal Coal
1,1515,"Nittetsu Mining Co., Ltd.",下水道,防衛・国土強靱化,,,66.0,66.0,,未確定,C,revenue_share_unknown,unknown,unknown,,,売上構成比を公式資料から数値で確認できず,EQUITY,Basic Materials,Copper
1,1515,"Nittetsu Mining Co., Ltd.",不動産関連,不動産・建設,,,92.0,94.0,,未確定,C,revenue_share_unknown,unknown,unknown,,,売上構成比を公式資料から数値で確認できず,EQUITY,Basic Materials,Copper
1,1515,"Nittetsu Mining Co., Ltd.",太陽光発電関連,GX・エネルギー,,,58.0,56.0,,未確定,C,revenue_share_unknown,unknown,unknown,,,売上構成比を公式資料から数値で確認できず,EQUITY,Basic Materials,Copper
1,1515,"Nittetsu Mining Co., Ltd.",機械,設備投資・機械,,,42.0,40.0,,未確定,C,revenue_share_unknown,unknown,unknown,,,売上構成比を公式資料から数値で確認できず,EQUITY,Basic Materials,Copper
1,1515,"Nittetsu Mining Co., Ltd.",資源開発,資源・素材,,,42.0,40.0,,未確定,C,revenue_share_unknown,unknown,unknown,,,売上構成比を公式資料から数値で確認できず,EQUITY,Basic Materials,Copper
1,1515,"Nittetsu Mining Co., Ltd.",鉄鋼,資源・素材,,,82.0,84.0,,未確定,C,revenue_share_unknown,unknown,unknown,,,売上構成比を公式資料から数値で確認できず,EQUITY,Basic Materials,Copper
1,1515,"Nittetsu Mining Co., Ltd.",銅,資源・素材,,,42.0,40.0,,未確定,C,revenue_share_unknown,unknown,unknown,,,売上構成比を公式資料から数値で確認できず,EQUITY,Basic Materials,Copper
1,1515,"Nittetsu Mining Co., Ltd.",非鉄,資源・素材,,,8.0,5.0,,未確定,C,revenue_share_unknown,unknown,unknown,,,売上構成比を公式資料から数値で確認できず,EQUITY,Basic Materials,Copper
1,1518,"Mitsui Matsushima Holdings Co., Ltd.",半導体部材・部品,AI・半導体,,,8.0,5.0,,未確定,C,revenue_share_unknown,unknown,unknown,,,売上構成比を公式資料から数値で確認できず,EQUITY,Energy,Thermal Coal
1,151A,Dive Group Inc.,インバウンド,内需・消費,,,46.0,46.0,,未確定,C,macro_sensitivity_required,macro_unknown,unknown,,,売上構成比を公式資料から数値で確認できず,EQUITY,Industrials,Staffing & Employment Services
1,151A,Dive Group Inc.,ホテル,内需・消費,,,46.0,46.0,,未確定,C,revenue_share_unknown,unknown,unknown,,,売上構成比を公式資料から数値で確認できず,EQUITY,Industrials,Staffing & Employment Services
1,153A,Caulis Inc.,IT関連,デジタル・サービス,,,90.0,92.0,,未確定,C,revenue_share_unknown,unknown,unknown,,https://www.caulis.jp/,Caulis カウリス｜情報インフラを共創し、世界をより良くする。 お知らせ 事業内容 企業情報 企業情報 ABOUT 代表挨拶 会社概要 経営陣 沿革 IR情報 採用情報 採用情報 RECRUIT 事業紹介 代表メッセージ カウリスの仕事 社員インタビュー お問い合わせ 情 報 イ ン フ ラ を 共 創 し 世 界 を よ り 良 く す る お知らせ NEWS 2026.08.28 メディア掲載 『日本経済新聞』で「Grid Data KYC」をご紹介いただきました 2026.08.28 イベント・登壇 「Grid Data KYC」説明会を開催します 2026.08.17 お知らせ 令和8年熊本地震による被害への支援について 2026.08.03 プレスリリース 川口信用金庫、電力契約情報を活用した本人確認サービス「Grid Data KYC」を用いた実証実験を開始 ～継続的顧客管理業務の効率化・高度化を目指す～ 2026.07.31 お知らせ 株式会社千葉銀行様のインタビューを「お客様の声」に公開しました お知らせ一覧へ 事業内容 BUSINESS 不正アクセス検知サービス,EQUITY,Technology,Software - Infrastructure
1,153A,Caulis Inc.,SaaS,デジタル・サービス,,,90.0,82.0,,未確定,C,revenue_share_unknown,unknown,unknown,,,売上構成比を公式資料から数値で確認できず,EQUITY,Technology,Software - Infrastructure
1,153A,Caulis Inc.,クラウドコンピューティング,デジタル・サービス,,,72.0,68.0,,未確定,C,revenue_share_unknown,unknown,unknown,,,売上構成比を公式資料から数値で確認できず,EQUITY,Technology,Software - Infrastructure
1,153A,Caulis Inc.,サイバーセキュリティ,防衛・国土強靱化,,,92.0,90.0,,未確定,C,revenue_share_unknown,unknown,unknown,,https://www.caulis.jp/,reen へ登録。メールやSMSでURLが拡散される前に、ブラウザレベルでのブロックを支援します。 口座転売情報 X（旧Twitter）に投稿される口座買取のポストをクローリングし、顧客企業の買取件数・金額を日次で集計してメールでお知らせ。顧客企業以外の状況についても週次でExcelファイルをお送りします。 当社のサービスはメガバンク様をはじめ 多くの金融機関様・企業様にご利用いただいております。 ※50音順 ご挨拶 MESSAGE カウリスは2015年、「日本国内に不正アクセスのデータベースを構築する」という構想を胸に創業しました。おかげさまで現在、金融機関を中心に40社以上の企業でサービスを導入いただいており、業界を越えた不正アクセスの捕捉に成果を上げています。 また積極的に官民連携を進め、電力事業者との取り組みにおいて、「規制のサンドボックス制度」から国内初の事業化にこぎつけるなど、サイバーセキュリティ/AML業界を牽引しています。 今後も、誰もが安心してインターネットを利用できる環境を提供すること、電気、ガス、水道、通信に次ぐ“第5の社会インフラ”となることを目指し、サービスの開発・提供に努めてまいります。 株式会社カウリス 代表取締役 島津 敦好 企業情報 お問い合わせ CONTACT 採用情報 RECRUIT 株式会社カウリス 〒100-0004 東京都千代田区大手町1-6-1 大手町ビル4F FINOLAB お知らせ 事業内容 Fraud Alert Grid Data KYC 参考情報 企業情報 代表挨拶 会社概要 経営陣 沿革 IR情報 IRお問い合わせ 採用情報 お問い合わせ IS 739062 / ISO 27001 ブランドガイドライン 個人情報保護方針 情報セキュリティ基本⽅針 反社会的勢力に対する基本方針 環境に配慮する方針 ※当Webサイトに記載されている会社名や,EQUITY,Technology,Software - Infrastructure
1,153A,Caulis Inc.,証券,金融・金利,,,8.0,5.0,,未確定,C,revenue_share_unknown,unknown,unknown,,https://www.caulis.jp/ir/,IR情報 | Caulis カウリス｜情報インフラを共創し、世界をより良くする。 お知らせ 事業内容 企業情報 企業情報 ABOUT 代表挨拶 会社概要 経営陣 沿革 IR情報 採用情報 採用情報 RECRUIT 事業紹介 代表メッセージ カウリスの仕事 社員インタビュー お問い合わせ I N V E S T O R R E L A T I O N S IR情報 トップ IR情報 IRニュース IR NEWS IRニュース一覧へ 経営情報 株主・投資家の皆様へ コーポレート・ガバナンス ディスクロージャーポリシー IRライブラリー 決算短信 有価証券報告書 決算説明資料 IR資料 株式について 株式情報 株主総会 株価情報 財務ハイライト 詳しくはこちら IRカレンダー 詳しくはこちら よくあるご質問 詳しくはこちら IRお問い合わせ 電子公告 免責事項 IR情報 株主・投資家の皆様へ コーポレート・ガバナンス ディスクロージャーポリシー 決算短信 有価証券報告書 決算説明資料 IR資料 株式情報 株主総会 株価情報 IRニュース 電子公告 免責事項 財務ハイライト IRカレンダー よくあるご質問 IRお問い合わせ 株主・投資家の皆様へ コーポレート・ガバナンス ディスクロージャーポリシー 有価証券報告書 決算短信 決算説明資料 IR資料 株式情報 株主総会 株価情報 IRニュース 電子公告 免責事項 財務ハイライト IRカレンダー よくあるご質問 IRお問い合わせ 株式会社カウリス 〒100-0004 東京都千代田区大手町1-6-1,EQUITY,Technology,Software - Infrastructure
1,153A,Caulis Inc.,銀行,金融・金利,,,72.0,68.0,,未確定,C,revenue_share_unknown,unknown,unknown,,https://www.caulis.jp/,事業内容 企業情報 企業情報 ABOUT 代表挨拶 会社概要 経営陣 沿革 IR情報 採用情報 採用情報 RECRUIT 事業紹介 代表メッセージ カウリスの仕事 社員インタビュー お問い合わせ 情 報 イ ン フ ラ を 共 創 し 世 界 を よ り 良 く す る お知らせ NEWS 2026.08.28 メディア掲載 『日本経済新聞』で「Grid Data KYC」をご紹介いただきました 2026.08.28 イベント・登壇 「Grid Data KYC」説明会を開催します 2026.08.17 お知らせ 令和8年熊本地震による被害への支援について 2026.08.03 プレスリリース 川口信用金庫、電力契約情報を活用した本人確認サービス「Grid Data KYC」を用いた実証実験を開始 ～継続的顧客管理業務の効率化・高度化を目指す～ 2026.07.31 お知らせ 株式会社千葉銀行様のインタビューを「お客様の声」に公開しました お知らせ一覧へ 事業内容 BUSINESS 不正アクセス検知サービス Fraud Alert 300以上のパラメータ（検知項目）を活用して、オンラインの顧客接点である「口座開設」「ログイン」「入出金」チャネルを、金融庁が定めるガイドラインや要請に則してモニタリング。口座の不正利用を阻止します。 電力契約情報を用いた本人確認サービス Grid Data KYC 金融機関が保有する顧客情報を電力契約情報と照合し、電力契約の有無等により名義人等の整合性や空き家の状態を確認。継続的顧客管理の完了率向上やコスト削減、不正な口座開設・入会の防止を実現します。 フィッシング対策 フィッシングサイトが立ち上がった際にURLを自動検知し、カウリスにて Google Safe Browsing、Microsoft SmartScreen へ登録。メールやSMSで,EQUITY,Technology,Software - Infrastructure
1,1540,Japan Physical Gold ETF,金,資源・素材,,,100.0,100.0,,未確定,C,non_operating_security,non_operating_security,non_operating_security,,,事業会社ではないため売上構成比の対象外,ETF,,
1,155A,"Information Strategy and Technology Co.,Ltd.",IT関連,デジタル・サービス,,,94.0,96.0,,未確定,C,revenue_share_unknown,unknown,unknown,,https://www.is-tech.co.jp/,株式会社 情報戦略テクノロジー TOP PHILOSOPHY PHILOSOPHY TOP MESSAGE SERVICE PEOPLE CASE NEWS NEWS TOP INFO MEDIA PRESS SEMINAR RECRUIT RECRUIT TOP 企業理念 代表挨拶 新卒採用 中途採用 PARTNER IR COMPANY COMPANY TOP PROFILE OFFICER HISTORY ACCESS CONTACT MENU クリックでナビゲーションを閉じます。 2026.09.01 社長直轄組織「AICT部」を新設。AIドリブンな組織・ビジネスモデル転換を加速 2026.08.27 このたびの令和8年熊本地震により被災された皆様に、心よりお見舞い申し上げます。 2026.08.26 【セミナー開講・第1回開催レポート＆次回予告】ピープルドット、「AIエージェント時代のデータ＆AIガバナンス」全4回セミナーを開講！ MORE AIとビジネスの融合で金融の未来を創る。壁を越えた「ワンチーム」が実現する究極のアジャイル開発と”0次DX”の真髄要 「やってみなはれ」精神が加速するAI実装。壁を越えた「真の,EQUITY,Technology,Information Technology Services
1,155A,"Information Strategy and Technology Co.,Ltd.",クラウドコンピューティング,デジタル・サービス,,,92.0,98.0,,未確定,C,revenue_share_unknown,unknown,unknown,,,売上構成比を公式資料から数値で確認できず,EQUITY,Technology,Information Technology Services
1,155A,"Information Strategy and Technology Co.,Ltd.",サイバーセキュリティ,防衛・国土強靱化,,,72.0,78.0,,未確定,C,revenue_share_unknown,unknown,unknown,,,売上構成比を公式資料から数値で確認できず,EQUITY,Technology,Information Technology Services
1,155A,"Information Strategy and Technology Co.,Ltd.",デジタルトランスフォーメーション,デジタル・サービス,,,97.0,100.0,,未確定,C,revenue_share_unknown,unknown,unknown,,https://www.is-tech.co.jp/,TOP INFO MEDIA PRESS SEMINAR RECRUIT RECRUIT TOP 企業理念 代表挨拶 新卒採用 中途採用 PARTNER IR COMPANY COMPANY TOP PROFILE OFFICER HISTORY ACCESS CONTACT MENU クリックでナビゲーションを閉じます。 2026.09.01 社長直轄組織「AICT部」を新設。AIドリブンな組織・ビジネスモデル転換を加速 2026.08.27 このたびの令和8年熊本地震により被災された皆様に、心よりお見舞い申し上げます。 2026.08.26 【セミナー開講・第1回開催レポート＆次回予告】ピープルドット、「AIエージェント時代のデータ＆AIガバナンス」全4回セミナーを開講！ MORE AIとビジネスの融合で金融の未来を創る。壁を越えた「ワンチーム」が実現する究極のアジャイル開発と”0次DX”の真髄要 「やってみなはれ」精神が加速するAI実装。壁を越えた「真の共創」が切り拓く、人間とテクノロジーの未来 多重下請け構造を打破した情報戦略テクノロジーが見据える日本がIT先進国となる未来 株式会社WhiteBox、AWS Summit Japan 2025 生成AIハッカソン 優勝のお知らせ 「正しいことを、正しい時に、正しい方法で」 業界の常識を覆す『0次LAB』流、正義と愛のマネジメント MORE すべてが無くなった荒野に高層ビルが建ち並び、 そして、世界中を虜にするモノが次々と生まれた時代を、 たった一代で築き上げ世界を驚かせた、 この国のDNAには計り知れない潜在能力があります。 AIによって、年齢・性別・国境とは無関係に、 知見と環境と意志さえあれば、誰もが活躍することができる時代。 潜在能力が溢れる日本の大企業との距離が0の共創関係の中で、 AIとヒューマニティーの掛け,EQUITY,Technology,Information Technology Services
1,155A,"Information Strategy and Technology Co.,Ltd.",人工知能,AI・半導体,,,92.0,98.0,,未確定,C,revenue_share_unknown,unknown,unknown,,https://www.is-tech.co.jp/,株式会社 情報戦略テクノロジー TOP PHILOSOPHY PHILOSOPHY TOP MESSAGE SERVICE PEOPLE CASE NEWS NEWS TOP INFO MEDIA PRESS SEMINAR RECRUIT RECRUIT TOP 企業理念 代表挨拶 新卒採用 中途採用 PARTNER IR COMPANY COMPANY TOP PROFILE OFFICER HISTORY ACCESS CONTACT MENU クリックでナビゲーションを閉じます。 2026.09.01 社長直轄組織「AICT部」を新設。AIドリブンな組織・ビジネスモデル転換を加速 2026.08.27 このたびの令和8年熊本地震により被災された皆様に、心よりお見舞い申し上げます。 2026.08.26 【セミナー開講・第1回開催レポート＆次回予告】ピープルドット、「AIエージェント時代のデータ＆AIガバナンス」全4回セミナーを開講！ MORE AIとビジネスの融合で金融の未来を創る。壁を越えた「ワンチーム」が実現する究極のアジャイル開発と”0次DX”の真髄要 「やってみなはれ」精神が加速するAI実装。壁を越えた「真の共創」が切り拓く、人間とテクノロジーの未来 多重下請け構造を打破した情報戦略テクノロジーが見据える日本がIT先進国となる未来 株式会社WhiteBox、AWS Summit Japan 2025 生成AIハッカソン 優勝のお知らせ 「正しいことを、正しい時に、正しい方法で」 業界の常識を覆す『,EQUITY,Technology,Information Technology Services
1,155A,"Information Strategy and Technology Co.,Ltd.",生成AI,AI・半導体,,,90.0,96.0,,未確定,C,revenue_share_unknown,unknown,unknown,,https://www.is-tech.co.jp/,TACT MENU クリックでナビゲーションを閉じます。 2026.09.01 社長直轄組織「AICT部」を新設。AIドリブンな組織・ビジネスモデル転換を加速 2026.08.27 このたびの令和8年熊本地震により被災された皆様に、心よりお見舞い申し上げます。 2026.08.26 【セミナー開講・第1回開催レポート＆次回予告】ピープルドット、「AIエージェント時代のデータ＆AIガバナンス」全4回セミナーを開講！ MORE AIとビジネスの融合で金融の未来を創る。壁を越えた「ワンチーム」が実現する究極のアジャイル開発と”0次DX”の真髄要 「やってみなはれ」精神が加速するAI実装。壁を越えた「真の共創」が切り拓く、人間とテクノロジーの未来 多重下請け構造を打破した情報戦略テクノロジーが見据える日本がIT先進国となる未来 株式会社WhiteBox、AWS Summit Japan 2025 生成AIハッカソン 優勝のお知らせ 「正しいことを、正しい時に、正しい方法で」 業界の常識を覆す『0次LAB』流、正義と愛のマネジメント MORE すべてが無くなった荒野に高層ビルが建ち並び、 そして、世界中を虜にするモノが次々と生まれた時代を、 たった一代で築き上げ世界を驚かせた、 この国のDNAには計り知れない潜在能力があります。 AIによって、年齢・性別・国境とは無関係に、 知見と環境と意志さえあれば、誰もが活躍することができる時代。 潜在能力が溢れる日本の大企業との距離が0の共創関係の中で、 AIとヒューマニティーの掛け算で、 知と知、そして、心と心が化学反応を起こしていく。 そうして生まれる予測を超えるDXによって、 価値あるものを次々と生み出していく。 そのために、私たちは存在しています。 MORE 0次DX with AI & HUMANITY 0次DX お客様との共創がDXを成功に,EQUITY,Technology,Information Technology Services
1,156A,Material Group Inc.,IT関連,デジタル・サービス,,,72.0,68.0,,未確定,C,revenue_share_unknown,unknown,unknown,,https://materialgroup.jp/,マテリアルグループ株式会社 IR情報 VISION 私たちは、あらゆる個性に情熱を灯し、その可能性を最大化させることで、世界を熱くします。 GROUP 私たちは、PRコンサルティング事業を中核としたマーケティングコミュニケーションの専門事業集団です。 SUSTAINABILITY IR ABOUT US CEO MESSAGE OVERVIEW MEMBER AWARDS HISTORY NEWS RECRUIT CONTACT マテリアル コーポレートサイト 私たちマテリアルグループは、あらゆるビジネスのマーケティングコミュニケーションを総合的に支援する専門事業集団です。ブランド・プロダクト・サービス・タレントなど、あらゆる素材が持つ個性を引き出し、その可能性を最大化します。 VALUE PROPOSITION. 最適な価値提供を可能にする 高い専門性を有したグループ PR発想を中核としながら、組織のケイパビリティを拡充。 それぞれのクライアントの課題に応じてグループ各社が連携することで、最適な提供価値を生み出します。 グループページへ 個性に情熱を灯し、 価値観や常識を変え、 世界を熱くする。 ビジョンページへ NEWS NEWS一覧へ マテリアルリンクス、,EQUITY,Communication Services,Advertising Agencies
1,156A,Material Group Inc.,SaaS,デジタル・サービス,,,85.0,91.0,,未確定,C,revenue_share_unknown,unknown,unknown,,,売上構成比を公式資料から数値で確認できず,EQUITY,Communication Services,Advertising Agencies
1,156A,Material Group Inc.,サブスクリプション,デジタル・サービス,,,8.0,5.0,,未確定,C,revenue_share_unknown,unknown,unknown,,,売上構成比を公式資料から数値で確認できず,EQUITY,Communication Services,Advertising Agencies
1,1605,Inpex Corporation,アンモニア,GX・エネルギー,,,8.0,5.0,,未確定,C,revenue_share_unknown,unknown,unknown,,,売上構成比を公式資料から数値で確認できず,EQUITY,Energy,Oil & Gas E&P
1,1605,Inpex Corporation,レアメタル,資源・素材,,,8.0,5.0,,未確定,C,revenue_share_unknown,unknown,unknown,,,売上構成比を公式資料から数値で確認できず,EQUITY,Energy,Oil & Gas E&P
1,1605,Inpex Corporation,再生可能エネルギー,GX・エネルギー,,,8.0,5.0,,未確定,C,revenue_share_unknown,unknown,unknown,,,売上構成比を公式資料から数値で確認できず,EQUITY,Energy,Oil & Gas E&P
1,1605,Inpex Corporation,太陽光発電関連,GX・エネルギー,,,8.0,5.0,,未確定,C,revenue_share_unknown,unknown,unknown,,,売上構成比を公式資料から数値で確認できず,EQUITY,Energy,Oil & Gas E&P
1,1605,Inpex Corporation,核融合発電,GX・エネルギー,,,8.0,5.0,,未確定,C,revenue_share_unknown,unknown,unknown,,,売上構成比を公式資料から数値で確認できず,EQUITY,Energy,Oil & Gas E&P
1,1605,Inpex Corporation,水素,GX・エネルギー,,,8.0,5.0,,未確定,C,revenue_share_unknown,unknown,unknown,,,売上構成比を公式資料から数値で確認できず,EQUITY,Energy,Oil & Gas E&P
1,1605,Inpex Corporation,脱炭素,GX・エネルギー,,,8.0,5.0,,未確定,C,revenue_share_unknown,unknown,unknown,,,売上構成比を公式資料から数値で確認できず,EQUITY,Energy,Oil & Gas E&P
1,1605,Inpex Corporation,資源開発,資源・素材,,,8.0,5.0,,未確定,C,revenue_share_unknown,unknown,unknown,,,売上構成比を公式資料から数値で確認できず,EQUITY,Energy,Oil & Gas E&P
1,1605,Inpex Corporation,風力発電,GX・エネルギー,,,8.0,5.0,,未確定,C,revenue_share_unknown,unknown,unknown,,,売上構成比を公式資料から数値で確認できず,EQUITY,Energy,Oil & Gas E&P
1,160A,"As Partners CO.,LTD.",不動産関連,不動産・建設,,,92.0,94.0,,未確定,C,revenue_share_unknown,unknown,unknown,,https://www.as-partners.co.jp/,"株式会社アズパートナーズ ｜ そのあたらしさは、やさしさになる シニア事業 不動産事業 会社情報 IR情報 採用情報 アズハイムシリーズ toggle navigation シニア事業 シニア事業トップ アズパートナーズの思い 介護付きホーム （介護付有料老人ホーム） デイサービス（通所介護） ショートステイ（短期入所生活介護） 不動産事業 不動産事業トップ 事業アウトライン 物件情報 不動産用地募集 会社情報 会社情報 トップ 企業理念 会社概要 会社沿革 アクセス 役員・組織図 各種資料 サステナビリティ IR情報 EGAO link お問い合わせ 採用情報 アズハイム 個人情報保護方針（プライバシーポリシー）​ サイトのご利用にあたって Copyright © AS PARTNERS Co., Ltd. All Rights Reserved. INFORMATION NEW 会社情報 メディア情報 シニア 不動産 電子公告 サスティナビリティ その他 2026.",EQUITY,Industrials,Conglomerates
1,160A,"As Partners CO.,LTD.",介護関連,医療・ヘルスケア,,,92.0,90.0,,未確定,C,revenue_share_unknown,unknown,unknown,,https://www.as-partners.co.jp/,"株式会社アズパートナーズ ｜ そのあたらしさは、やさしさになる シニア事業 不動産事業 会社情報 IR情報 採用情報 アズハイムシリーズ toggle navigation シニア事業 シニア事業トップ アズパートナーズの思い 介護付きホーム （介護付有料老人ホーム） デイサービス（通所介護） ショートステイ（短期入所生活介護） 不動産事業 不動産事業トップ 事業アウトライン 物件情報 不動産用地募集 会社情報 会社情報 トップ 企業理念 会社概要 会社沿革 アクセス 役員・組織図 各種資料 サステナビリティ IR情報 EGAO link お問い合わせ 採用情報 アズハイム 個人情報保護方針（プライバシーポリシー）​ サイトのご利用にあたって Copyright © AS PARTNERS Co., Ltd. All Rights Reserved. INFORMATION NEW 会社情報 メディア情報 シニア 不動産 電子公告 サスティナビリティ その他 2026.08.26 三井不動産ケアデザイン室の「施設見学レポート」が掲載されました。 掲載情報 2026.08.19 「デイ出店を加速 M＆Aを視野に拡大」弊",EQUITY,Industrials,Conglomerates
1,1662,"Japan Petroleum Exploration Co., Ltd.",レアアース,資源・素材,,,8.0,5.0,,未確定,C,revenue_share_unknown,unknown,unknown,,,売上構成比を公式資料から数値で確認できず,EQUITY,Energy,Oil & Gas E&P
1,1662,"Japan Petroleum Exploration Co., Ltd.",レアメタル,資源・素材,,,8.0,5.0,,未確定,C,revenue_share_unknown,unknown,unknown,,,売上構成比を公式資料から数値で確認できず,EQUITY,Energy,Oil & Gas E&P
1,1662,"Japan Petroleum Exploration Co., Ltd.",資源開発,資源・素材,,,8.0,5.0,,未確定,C,revenue_share_unknown,unknown,unknown,,,売上構成比を公式資料から数値で確認できず,EQUITY,Energy,Oil & Gas E&P
1,166A,TASUKI Holdings Inc.,IoT,設備投資・機械,,,92.0,96.0,,未確定,C,revenue_share_unknown,unknown,unknown,,,売上構成比を公式資料から数値で確認できず,EQUITY,Technology,Software - Application
1,166A,TASUKI Holdings Inc.,SaaS,デジタル・サービス,,,90.0,82.0,,未確定,C,revenue_share_unknown,unknown,unknown,,,売上構成比を公式資料から数値で確認できず,EQUITY,Technology,Software - Application
1,166A,TASUKI Holdings Inc.,フィンテック,金融・金利,,,8.0,5.0,,未確定,C,revenue_share_unknown,unknown,unknown,,,売上構成比を公式資料から数値で確認できず,EQUITY,Technology,Software - Application
1,166A,TASUKI Holdings Inc.,マンション関連,不動産・建設,,,8.0,5.0,,未確定,C,revenue_share_unknown,unknown,unknown,,,売上構成比を公式資料から数値で確認できず,EQUITY,Technology,Software - Application
1,166A,TASUKI Holdings Inc.,不動産テック,不動産・建設,,,8.0,5.0,,未確定,C,revenue_share_unknown,unknown,unknown,,,売上構成比を公式資料から数値で確認できず,EQUITY,Technology,Software - Application
1,166A,TASUKI Holdings Inc.,不動産ファンド,不動産・建設,,,66.0,68.0,,未確定,C,revenue_share_unknown,unknown,unknown,,,売上構成比を公式資料から数値で確認できず,EQUITY,Technology,Software - Application
1,166A,TASUKI Holdings Inc.,不動産関連,不動産・建設,,,92.0,96.0,,未確定,C,revenue_share_unknown,unknown,unknown,,https://tasuki-holdings.co.jp/,サステナビリティ CONTACT CONTACT お問い合せフォーム JP EN MENU TOP COMPANY ミッション ご挨拶 役員体制 主なグループ会社 PR大使 タスキ ベンチャーズ リクルート NEWS 最新ニュース IR トップメッセージ IRニュース 業績・財務 株式情報 ライブラリ IR カレンダー IRに関するよくある質問 電子公告・決算公告 免責事項 TASUKI Value Report SUSTAINABILITY CONTACT IR ENGLISH プライバシーポリシー 反社会勢力に対する基本方針 JP EN MISSION 私たちタスキホールディングスの存在意義は、暮らしや 社会の未来をより良い方向へと変えていくことです。 古い常識や「あたりまえ」とされている慣習を疑い、 いままでとは違う仕組みを創造しなければなりません。 そのために我々が取り組むのは、不動産価値流通において業界を問わない価値提供と、 その基盤となるプラットフォームの構築です。 暮らしや社会の中心にいる「人」に想いを注ぎ、 「人」を起点に発想し、行動する。 そしてデジタルの力を活用し、最適な価値を提供する。 私たちは、新しい仕組みづくりをミッションに掲げ、未来の変革に貢献していきます。 MISSION NEWS 2026.08.07 メディア掲載 IR 「IR Agents」に当社2026年9月期第3四半期決算についての取材記事が掲載されました 2026.08.05 メディア掲載 「住宅新報」に当社代表取締役社長柏村のインタビューが掲載されました 2026.07.24 コーポレート 夏季休業のお知らせ VIEW MORE IR NEWS VIEW MORE TOP COMPANY ミッション ご挨拶 役員体制 主なグループ会社 PR大使 タスキ ベンチャーズ リクルート NEW,EQUITY,Technology,Software - Application
1,166A,TASUKI Holdings Inc.,住宅関連,不動産・建設,,,42.0,42.0,,未確定,C,revenue_share_unknown,unknown,unknown,,https://tasuki-holdings.co.jp/,ー 反社会勢力に対する基本方針 JP EN MISSION 私たちタスキホールディングスの存在意義は、暮らしや 社会の未来をより良い方向へと変えていくことです。 古い常識や「あたりまえ」とされている慣習を疑い、 いままでとは違う仕組みを創造しなければなりません。 そのために我々が取り組むのは、不動産価値流通において業界を問わない価値提供と、 その基盤となるプラットフォームの構築です。 暮らしや社会の中心にいる「人」に想いを注ぎ、 「人」を起点に発想し、行動する。 そしてデジタルの力を活用し、最適な価値を提供する。 私たちは、新しい仕組みづくりをミッションに掲げ、未来の変革に貢献していきます。 MISSION NEWS 2026.08.07 メディア掲載 IR 「IR Agents」に当社2026年9月期第3四半期決算についての取材記事が掲載されました 2026.08.05 メディア掲載 「住宅新報」に当社代表取締役社長柏村のインタビューが掲載されました 2026.07.24 コーポレート 夏季休業のお知らせ VIEW MORE IR NEWS VIEW MORE TOP COMPANY ミッション ご挨拶 役員体制 主なグループ会社 PR大使 タスキ ベンチャーズ リクルート NEWS 最新ニュース IR トップメッセージ IRニュース 業績・財務 株式情報 ライブラリ IR カレンダー IRに関するよくある質問 電子公告・決算公告 免責事項 IR ENGLISH SUSTAINABILITY CONTACT プライバシーポリシー 反社会勢力に対する基本方針 Copyright (c) TASUKI Holdings Inc. All Rights Reserved.,EQUITY,Technology,Software - Application
1,166A,TASUKI Holdings Inc.,生成AI,AI・半導体,,,8.0,5.0,,未確定,C,revenue_share_unknown,unknown,unknown,,,売上構成比を公式資料から数値で確認できず,EQUITY,Technology,Software - Application
1,1672,WisdomTree Physical Gold,金,資源・素材,,,100.0,100.0,,未確定,C,non_operating_security,non_operating_security,non_operating_security,,,事業会社ではないため売上構成比の対象外,ETF,,
1,167A,"Ryoyo Ryosan Holdings, Inc.",IoT,設備投資・機械,,,8.0,5.0,,未確定,C,revenue_share_unknown,unknown,unknown,,,売上構成比を公式資料から数値で確認できず,EQUITY,Technology,Electronics & Computer Distribution
1,167A,"Ryoyo Ryosan Holdings, Inc.",サイバーセキュリティ,防衛・国土強靱化,,,8.0,5.0,,未確定,C,revenue_share_unknown,unknown,unknown,,,売上構成比を公式資料から数値で確認できず,EQUITY,Technology,Electronics & Computer Distribution
1,167A,"Ryoyo Ryosan Holdings, Inc.",人工知能,AI・半導体,,,92.0,90.0,,未確定,C,revenue_share_unknown,unknown,unknown,,https://www.rr-hds.co.jp/,ためクッキー(Cookie)を使用しています。 サイトのクッキー(Cookie)の使用に関しては、弊社「 クッキーポリシー 」をお読みください。 同意する Cookieを無効化 日本語 English 企業情報 COMPANY INFORMATION 企業情報 トップメッセージ ビジョン 会社概要 グループ会社 沿革 アクセス リョーサン菱洋について 事業紹介 BUSINESS 事業紹介 半導体 電子部品 組み込み機器 組み込みソフトウェア サーバー・ネットワーク 製造DX・自動化支援 電源・パワーシステム セキュリティ 映像・プリンティング 機器設置・キッティングサービス 受託開発 導入事例 IR（投資家情報） INVESTOR RELATIONS IR（投資家情報） IRニュース IRライブラリー IRカレンダー 財務情報 株主・株式情報 電子公告 免責事項 サステナビリティ SUSTAINABILITY サステナビリティ 行動規範の紹介 マテリアリティ 人的資本への取り組み 環境への取り組み 社会への取り組み ガバナンス体制 ニュース 採用情報 お問い合わせ 個人情報の取り扱いについて サイトご利用について サイトマップ Hot Topics 常に一歩先へ。最先端の技術と市場をつなぐ、今注目の取り組みをご紹介します。 リョーサン菱洋のAI 未来を動かすロボティクス メディカル・ヘルスケアを 支えるソリューション Always one step ahead. News ニュース 2026.07.28 お知らせ リョーサン菱洋、プリケンへCO2排出量削減を支援 自動空調制御システムにより年間43.8トン(*1)相当を削減 ～製造業への知見を活かしたGX提案で電力削減と業務負荷削減を実現～ 2026.06.30 お知らせ ウエルシア薬局株式会社様の導入事例を公開しました 202,EQUITY,Technology,Electronics & Computer Distribution
1,167A,"Ryoyo Ryosan Holdings, Inc.",半導体,AI・半導体,,,92.0,94.0,,未確定,C,revenue_share_unknown,unknown,unknown,,https://www.rr-hds.co.jp/,tice on Automatic Translation This page has been automatically translated from Japanese. Please note that some parts may be inaccurate or differ from the original content. Accept Decline 当サイトでは、サイト利便性の向上のためクッキー(Cookie)を使用しています。 サイトのクッキー(Cookie)の使用に関しては、弊社「 クッキーポリシー 」をお読みください。 同意する Cookieを無効化 日本語 English 企業情報 COMPANY INFORMATION 企業情報 トップメッセージ ビジョン 会社概要 グループ会社 沿革 アクセス リョーサン菱洋について 事業紹介 BUSINESS 事業紹介 半導体 電子部品 組み込み機器 組み込みソフトウェア サーバー・ネットワーク 製造DX・自動化支援 電源・パワーシステム セキュリティ 映像・プリンティング 機器設置・キッティングサービス 受託開発 導入事例 IR（投資家情報） INVESTOR RELATIONS IR（投資家情報） IRニュース IRライブラリー IRカレンダー 財務情報 株主・株式情報 電子公告 免責事項 サステナビリティ SUSTAINABILITY サステナビリティ 行動規範の紹介 マテリアリティ 人的資本への取り組み 環境への取り組み 社会への取り組み ガバナンス体制 ニュース 採用情報 お問い合わせ 個人情報の取り扱いについて サイトご利用について サイトマップ Hot Topics 常に一歩先へ。最先端の技術と市場をつなぐ、今注目の取り組みをご紹介します。 リョーサン菱洋のAI 未来を動かすロボティクス メディカ,EQUITY,Technology,Electronics & Computer Distribution
1,167A,"Ryoyo Ryosan Holdings, Inc.",半導体商社,AI・半導体,,,42.0,40.0,,未確定,C,revenue_share_unknown,unknown,unknown,,,売上構成比を公式資料から数値で確認できず,EQUITY,Technology,Electronics & Computer Distribution
1,167A,"Ryoyo Ryosan Holdings, Inc.",自動車部材・部品,自動車・モビリティ,,,8.0,5.0,,未確定,C,revenue_share_unknown,unknown,unknown,,,売上構成比を公式資料から数値で確認できず,EQUITY,Technology,Electronics & Computer Distribution
1,167A,"Ryoyo Ryosan Holdings, Inc.",自動運転車,自動車・モビリティ,,,8.0,5.0,,未確定,C,revenue_share_unknown,unknown,unknown,,,売上構成比を公式資料から数値で確認できず,EQUITY,Technology,Electronics & Computer Distribution
1,168A,Itamiarts.Inc,eコマース,内需・消費,,,66.0,56.0,,未確定,C,revenue_share_unknown,unknown,unknown,,,売上構成比を公式資料から数値で確認できず,EQUITY,Communication Services,Advertising Agencies
1,1692,WisdomTree Aluminium,アルミニウム,資源・素材,,,100.0,100.0,,未確定,C,non_operating_security,non_operating_security,non_operating_security,,,事業会社ではないため売上構成比の対象外,ETF,,
1,1693,WisdomTree Copper,銅,資源・素材,,,100.0,100.0,,未確定,C,non_operating_security,non_operating_security,non_operating_security,,,事業会社ではないため売上構成比の対象外,ETF,,
1,1711,"SDS HOLDINGS Co.,Ltd.",再生可能エネルギー,GX・エネルギー,,,94.0,90.0,,未確定,C,revenue_share_unknown,unknown,unknown,,https://shodensya.com/,株式会社省電舎 環境ソリューションで社会に貢献する ソリューション ソリューション ソリューショントップ 省エネルギーソリューション 再生可能エネルギーソリューション BCP対策ソリューション 衛生管理ソリューション 商品・サービス 商品・サービス 商品・サービストップ 太陽光発電サービスサイト HACCPサービスサイト 消滅型生ごみ処理機サービスサイト LPガス災害バルクサービスサイト 災害用蓄電池サービスサイト ニュース 会社情報 SDSホールディングス IR情報 SDGs お問い合わせ 環境ソリューションで 社会に貢献する One Stop Energy Solution Company SOLUTION ソリューション 省電舎ではエネルギーに関する総合的なサービスをワンストップで提供いたします。 省エネルギー ソリューション 照明、空調にとどまらず、熱源、動⼒設備、⽣産設備、⼀部廃棄物処理設備に⾄るまで、クライアント施設全体に対してのあらゆる提案をワンストップで⾏います 詳細はこちら 再生可能エネルギー ソリューション 「⾃家消費,EQUITY,Utilities,Utilities - Renewable
1,1711,"SDS HOLDINGS Co.,Ltd.",太陽光発電関連,GX・エネルギー,,,92.0,90.0,,未確定,C,revenue_share_unknown,unknown,unknown,,https://shodensya.com/,株式会社省電舎 環境ソリューションで社会に貢献する ソリューション ソリューション ソリューショントップ 省エネルギーソリューション 再生可能エネルギーソリューション BCP対策ソリューション 衛生管理ソリューション 商品・サービス 商品・サービス 商品・サービストップ 太陽光発電サービスサイト HACCPサービスサイト 消滅型生ごみ処理機サービスサイト LPガス災害バルクサービスサイト 災害用蓄電池サービスサイト ニュース 会社情報 SDSホールディングス IR情報 SDGs お問い合わせ 環境ソリューションで 社会に貢献する One Stop Energy Solution Company SOLUTION ソリューション 省電舎ではエネルギーに関する総合的なサービスをワンストップで提供いたします。 省エネルギー ソリューション 照明、空調にとどまらず、熱源、動⼒設備、⽣産設備、⼀部廃棄物処理設備に⾄るまで、クライアント施設全体に対してのあらゆる提案をワンストップで⾏います 詳細はこちら 再生可能エネルギー ソリューション 「⾃家消費型発電設備」を中⼼に展開。当社は設置場所における最適な発電をご提案し、設計‧調達‧施⼯を⾏います。 詳細はこちら BCP対策 ソリ,EQUITY,Utilities,Utilities - Renewable
1,1711,"SDS HOLDINGS Co.,Ltd.",省エネ関連,GX・エネルギー,,,92.0,90.0,,未確定,C,revenue_share_unknown,unknown,unknown,,https://shodensya.com/,株式会社省電舎 環境ソリューションで社会に貢献する ソリューション ソリューション ソリューショントップ 省エネルギーソリューション 再生可能エネルギーソリューション BCP対策ソリューション 衛生管理ソリューション 商品・サービス 商品・サービス 商品・サービストップ 太陽光発電サービスサイト HACCPサービスサイト 消滅型生ごみ処理機サービスサイト LPガス災害バルクサービスサイト 災害用蓄電池サービスサイト ニュース 会社情報 SDSホールディングス IR情報 SDGs お問い合わせ 環境ソリューションで 社会に貢献する One Stop Energy Solution Company SOLUTION ソリューション 省電舎ではエネルギーに関する総合的なサービスをワンストップで提供いたします。 省エネルギー ソリューション 照明、空調にとどまらず、熱源、動⼒設備、⽣産設備、⼀部廃棄物処理設備に⾄るまで、クライアント施設全体に対してのあらゆる提案をワンストップで⾏います 詳細はこちら 再生可,EQUITY,Utilities,Utilities - Renewable
1,1718,"Mikikogyo Co., Ltd.",不動産関連,不動産・建設,,,42.0,30.0,,未確定,C,revenue_share_unknown,unknown,unknown,,,売上構成比を公式資料から数値で確認できず,EQUITY,Industrials,Engineering & Construction
1,1718,"Mikikogyo Co., Ltd.",住宅関連,不動産・建設,,,92.0,84.0,,未確定,C,revenue_share_unknown,unknown,unknown,,,売上構成比を公式資料から数値で確認できず,EQUITY,Industrials,Engineering & Construction
1,1718,"Mikikogyo Co., Ltd.",太陽光発電関連,GX・エネルギー,,,42.0,30.0,,未確定,C,revenue_share_unknown,unknown,unknown,,,売上構成比を公式資料から数値で確認できず,EQUITY,Industrials,Engineering & Construction
1,1718,"Mikikogyo Co., Ltd.",建設,不動産・建設,,,100.0,92.0,,未確定,C,revenue_share_unknown,unknown,unknown,,,売上構成比を公式資料から数値で確認できず,EQUITY,Industrials,Engineering & Construction
1,1719,Hazama Ando Corporation,再開発,不動産・建設,,,72.0,78.0,,未確定,C,revenue_share_unknown,unknown,unknown,,https://www.ad-hzm.co.jp/solution/,・ZEH 防災・減災 建物周辺環境配慮・快適空間 合理化施工 安藤ハザマ建築設計 環境 環境 土壌環境修復などの環境対策から、新エネルギー、CO 2 削減技術、生物多様性にいたるまでさまざまな環境ソリューションを提供し、地球環境の保護と調和に貢献します。 開く 廃棄物処分・土壌修復 除染・中間貯蔵関連技術 新エネルギー・ZEB 資源循環・CO₂削減 生物多様性 基盤技術 基盤技術 基礎技術、素材・材料、耐震・免震など建造物の基盤となる技術開発の取り組みはもとより、建設事業のDX化推進に向けて先端技術の開発にも積極的に取り組んでいます。 開く 建設ＤＸ（ICT、自動化・省人化、BIM/CIMほか） 基礎 建築構造・耐火 耐震・免震・制振 PCa（プレキャストコンクリート） コンクリート技術 高度解析技術 安全・健康経営への取り組み 不動産事業 インフラ運営事業 不動産事業 インフラ運営事業 再開発・マンション建替え、PFIの実績を活かし、不動産、ストック再生、PPP全般、地域創生の領域にて、お客様・地域の皆様とともに課題解決に取り組んでいきます。 開く 不動産事業 インフラ運営事業 海外進出サポート 海外進出サポート 安藤ハザマは、アジア・北米・中南米などに多数の海外拠点を配置し、それぞれの周辺地域に密着した事業展開を行っています。 技術研究所 安藤ハザマ技術研究所 研究所のコンセプトは「人間と自然環境を結ぶ技術の創出」。この実現に向けて、現在の技術的課題への対応はもちろん、将来的な研究ニーズにも十分対応できる柔軟性を有しています。 実験施設・設備 専門性と先進性を兼ね備えた実験施設・設備を動画等でご覧いただけます。 研究年報 安藤ハザマの論文（研究年報）をご覧いただけます。 施工実績 国内の実績 海外の実績 By安藤ハザマ ゲンバる 技術・ソリューション 土木 建築 環境 基盤技,EQUITY,Industrials,Engineering & Construction
1,1719,Hazama Ando Corporation,国土強靱化,防衛・国土強靱化,,,54.0,58.0,,未確定,C,revenue_share_unknown,unknown,unknown,,,売上構成比を公式資料から数値で確認できず,EQUITY,Industrials,Engineering & Construction
1,1719,Hazama Ando Corporation,建設,不動産・建設,,,94.0,100.0,,未確定,C,revenue_share_unknown,unknown,unknown,,https://www.ad-hzm.co.jp/,」をコンセプトに掲げ、現在そして将来に向けた研究開発に取り組んでいます。 海外進出サポート 海外での事業拡大や新規進出をお考えのお客様へ、豊富な実績で海外事業をサポートします。 次世代エネルギープロジェクト 水素も利用可能なプラントを技術研究所に設置し、省CO₂エネルギーを広域に届ける統合エネルギーマネジメントシステムを構築しています。本プロジェクトを通じて脱炭素・循環型社会の実現を目指します。 CARBON POOL CONCRETE PROJECT 参加15団体で構成するCPコンクリートコンソーシアム（幹事：安藤ハザマ）の専用WEBサイトです。 CMギャラリー ケンチくん・ドボくん・ミライちゃん 安藤ハザマのTVCMをご紹介しています。 第45回明治神宮薪能へのご招待 今年で第45回を迎える明治神宮薪能開催のお知らせです。 日本原子力学会 2026年秋の大会 放射性廃棄物の埋設処分施設建設に関する技術や、先端医療施設を支える技術について出展します。 メタバース技術展示 当社の注目技術や技術研究所の最新施設を紹介する展示会場を、メタバース空間に開設しました！ PROJECT STORY プロジェクト ストーリー STORY 06 松浜雨水ポンプ場調整池工事 豪雨災害から地域を守る雨水調整池の建設現場です。水を漏らさない構造物の築造、希少生態系への配慮、住民との信頼関係を重視しながら、高い技術力と誠意あるものづくりで地域インフラを支える現場の取り組みを紹介します。 STORY 05 八芳園本館改修工事 八芳園の本館が約50年ぶりに改装され、江戸から続く美しい庭園に新たな歴史が刻まれます。伝統と現代技術が融合した空間を実現するために、チーム全体が一体となり、厳しい施工条件の中で数々の課題を克服したプロジェクトです。 19 ゲンバる 第19回 美浦トレーニング・センター厩舎改築（第,EQUITY,Industrials,Engineering & Construction
1,1720,"Tokyu Construction Co., Ltd.",マンション関連,不動産・建設,,,42.0,40.0,,未確定,C,revenue_share_unknown,unknown,unknown,,,売上構成比を公式資料から数値で確認できず,EQUITY,Industrials,Engineering & Construction
1,1720,"Tokyu Construction Co., Ltd.",建設,不動産・建設,,,100.0,100.0,,未確定,C,revenue_share_unknown,unknown,unknown,,,売上構成比を公式資料から数値で確認できず,EQUITY,Industrials,Engineering & Construction
1,1721,COMSYS Holdings Corporation,データセンター,データセンター・電力,,,92.0,98.0,,未確定,C,revenue_share_unknown,unknown,unknown,,https://www.comsys-hd.co.jp/,年03月23日 IR情報 自己株式の取得状況及び取得終了に関するお知らせ [PDF:101.5KB] 2026年03月19日 グループ会社 長野県「ICT産業立地助成金」の事業認定を取得しました TOSYS 2026年03月16日 グループ会社 「北海道働き方改革推進企業認定制度」シルバー認定をいただきました つうけん 2026年03月10日 IR情報 IRスケジュールを更新しました 2026年03月10日 IR情報 最新月次情報（2月）を更新しました 2026年03月06日 IR情報 「Daiwa Investment Conference Tokyo 2026」プレゼンテーション資料を掲載しました 2026年03月05日 グループ会社 第10回AI・人工知能EXPO 出展のご案内 コムシス情報システム 2026年03月05日 グループ会社 株式会社ヤマウラと業務提携契約を締結「次世代型データセンター・地方分散NAGANOモデル」を開始 TOSYS 2026年03月04日 IR情報 自己株式の取得状況に関するお知らせ [PDF:168.7KB] 2026年03月02日 グループ会社 北陸電話工事株式会社様へ熊検知AIカメラ「AIJO Site Monitor」を導入 コムシス情報システム 2026年03月02日 グループ会社 白山ビルに熊検知AIカメラ「AIJO Site Monitor」を導入しました 北陸電話工事 2026年02月27日 IR情報 株式交付制度の導入に伴う自己株式の処分の払込完了に関するお知らせ [PDF:114.5KB] 2026年02月27日 企業情報 YouTube「コムシスグループ公式チャンネル」にデータセンター事業紹介動画を公開しました 2026年02月27日 グループ会社 Japan DX Week春展に出展 現場DXソリューションを展示 日本コムシス,EQUITY,Industrials,Engineering & Construction
1,1721,COMSYS Holdings Corporation,光ファイバー,データセンター・電力,,,86.0,88.0,,未確定,C,revenue_share_unknown,unknown,unknown,,,売上構成比を公式資料から数値で確認できず,EQUITY,Industrials,Engineering & Construction
1,1721,COMSYS Holdings Corporation,電力設備投資関連,データセンター・電力,,,46.0,44.0,,未確定,C,revenue_share_unknown,unknown,unknown,,,売上構成比を公式資料から数値で確認できず,EQUITY,Industrials,Engineering & Construction
1,1721,COMSYS Holdings Corporation,電線地中化,防衛・国土強靱化,,,42.0,40.0,,未確定,C,revenue_share_unknown,unknown,unknown,,,売上構成比を公式資料から数値で確認できず,EQUITY,Industrials,Engineering & Construction
1,1721,COMSYS Holdings Corporation,風力発電,GX・エネルギー,,,8.0,5.0,,未確定,C,revenue_share_unknown,unknown,unknown,,,売上構成比を公式資料から数値で確認できず,EQUITY,Industrials,Engineering & Construction
1,1724,Synclayer Inc.,光ファイバー,データセンター・電力,,,8.0,5.0,,未確定,C,revenue_share_unknown,unknown,unknown,,,売上構成比を公式資料から数値で確認できず,EQUITY,Technology,Communication Equipment
1,1724,Synclayer Inc.,防災,防衛・国土強靱化,,,8.0,5.0,,未確定,C,revenue_share_unknown,unknown,unknown,,,売上構成比を公式資料から数値で確認できず,EQUITY,Technology,Communication Equipment
1,1738,,太陽光発電関連,GX・エネルギー,,,8.0,5.0,,未確定,C,revenue_share_unknown,unknown,unknown,,,会社公式サイトURL未取得,,,
1,173A,Hammock Inc.,IT関連,デジタル・サービス,,,90.0,94.0,,未確定,C,revenue_share_unknown,unknown,unknown,,https://www.hammock.jp/,株式会社ハンモック｜統合IT運用管理／法人営業支援／データ入力支援 ハンモックTOP IR 新着情報 新着情報 新着情報トップ ニュースリリース お知らせ 事業案内 事業案内トップ ネットワークソリューション 「ヒト」を軸とした情報セキュリティ対策 AssetView Cloud ＋ 統合型IT運用管理ソフトウェア（オンプレミス）AssetView 統合型IT運用管理ソフトウェア（クラウド）AssetView CLOUD セールスDXソリューション 名刺管理・営業支援ツール ホットプロファイル 新規開拓 フォーム営業ツール ホットアプローチ AIデータエントリーソリューション 帳票設計不要のAI-OCRサービス DX OCR 受注業務のペーパレス、業務改善 AnyForm OCR 会社案内 会社案内トップ 沿革 主要取引先・提携企業 保有特許一覧 社会貢献活動 一般事業主行動計画 所在地 セミナー 情報システム部門向,EQUITY,Technology,Software - Infrastructure
1,173A,Hammock Inc.,クラウドコンピューティング,デジタル・サービス,,,92.0,90.0,,未確定,C,revenue_share_unknown,unknown,unknown,,https://www.hammock.jp/,株式会社ハンモック｜統合IT運用管理／法人営業支援／データ入力支援 ハンモックTOP IR 新着情報 新着情報 新着情報トップ ニュースリリース お知らせ 事業案内 事業案内トップ ネットワークソリューション 「ヒト」を軸とした情報セキュリティ対策 AssetView Cloud ＋ 統合型IT運用管理ソフトウェア（オンプレミス）AssetView 統合型IT運用管理ソフトウェア（クラウド）AssetView CLOUD セールスDXソリューション 名刺管理・営業支援ツール ホットプロファイル 新規開拓 フォーム営業ツール ホットアプローチ AIデータエントリーソリューション 帳票設計不要のAI-OCRサービス DX OCR 受注業務のペーパレス、業務改善 AnyForm OCR 会社案内 会社案内トップ 沿革 主要取引先・提携企業 保有特許一覧 社会貢献活動 一般事業主行動計画 所在地 セミナー 情報システム部門向け セキュリティセミナー 営業部門向け 営業支援セミナー バックオフィス部門向け 業務効率化セミナー パーパス 採用情報 セキュリティポリシー 個人情報保護方針について 情報セキュリティ基本方針および 特定個人情報保護基本方針について ソフトウェア開発における 情報セキュリティ基本方針について 本Webサイトについて サイトマップ メールマガジン お問い合わせ,EQUITY,Technology,Software - Infrastructure
1,173A,Hammock Inc.,サイバーセキュリティ,防衛・国土強靱化,,,92.0,90.0,,未確定,C,revenue_share_unknown,unknown,unknown,,https://www.hammock.jp/,株式会社ハンモック｜統合IT運用管理／法人営業支援／データ入力支援 ハンモックTOP IR 新着情報 新着情報 新着情報トップ ニュースリリース お知らせ 事業案内 事業案内トップ ネットワークソリューション 「ヒト」を軸とした情報セキュリティ対策 AssetView Cloud ＋ 統合型IT運用管理ソフトウェア（オンプレミス）AssetView 統合型IT運用管理ソフトウェア（クラウド）AssetView CLOUD セールスDXソリューション 名刺管理・営業支援ツール ホットプロファイル 新規開拓 フォーム営業ツール ホットアプローチ AIデータエントリーソリューション 帳票設計不要のAI-OCRサービス DX OCR 受注業務のペーパレス、業務改善 AnyForm OCR 会社案内 会社案内トップ 沿革 主要取引先・提携企業 保有特許一覧 社会貢献活動 一般事業主行動計画 所在地 セミナー 情報システム部門向け セキュリティセミナー 営業部門向け 営業支援セミナー バックオフィス部門向け 業務効率化セミナー パーパス 採用情報 セキュリティポリシー 個人情報保護方針について 情報セキュリティ基本方針および 特定個人情報保,EQUITY,Technology,Software - Infrastructure
1,173A,Hammock Inc.,デジタルトランスフォーメーション,デジタル・サービス,,,92.0,90.0,,未確定,C,revenue_share_unknown,unknown,unknown,,https://www.hammock.jp/,株式会社ハンモック｜統合IT運用管理／法人営業支援／データ入力支援 ハンモックTOP IR 新着情報 新着情報 新着情報トップ ニュースリリース お知らせ 事業案内 事業案内トップ ネットワークソリューション 「ヒト」を軸とした情報セキュリティ対策 AssetView Cloud ＋ 統合型IT運用管理ソフトウェア（オンプレミス）AssetView 統合型IT運用管理ソフトウェア（クラウド）AssetView CLOUD セールスDXソリューション 名刺管理・営業支援ツール ホットプロファイル 新規開拓 フォーム営業ツール ホットアプローチ AIデータエントリーソリューション 帳票設計不要のAI-OCRサービス DX OCR 受注業務のペーパレス、業務改善 AnyForm OCR 会社案内 会社案内トップ 沿革 主要取引先・提携企業 保有特許一覧 社会貢献活動 一般事業主行動計画 所在地 セミナー 情報システム部門向け セキュリティセミナー 営業部門向け 営業支援セミナー バックオフィス部門向け 業務効率化セミナー パーパス 採用情報 セキュリティポリシー 個人情報保護方針について 情報セキュリティ基本方針および 特定個人情報保護基本方針について ソフトウェア開発における 情報セキュリティ基本方針について 本Webサイトについて サイトマップ メールマガジン お問い合わせ PRODUCT TOP 事業案内 ネットワーク,EQUITY,Technology,Software - Infrastructure
1,173A,Hammock Inc.,人工知能,AI・半導体,,,92.0,90.0,,未確定,C,revenue_share_unknown,unknown,unknown,,https://www.hammock.jp/,株式会社ハンモック｜統合IT運用管理／法人営業支援／データ入力支援 ハンモックTOP IR 新着情報 新着情報 新着情報トップ ニュースリリース お知らせ 事業案内 事業案内トップ ネットワークソリューション 「ヒト」を軸とした情報セキュリティ対策 AssetView Cloud ＋ 統合型IT運用管理ソフトウェア（オンプレミス）AssetView 統合型IT運用管理ソフトウェア（クラウド）AssetView CLOUD セールスDXソリューション 名刺管理・営業支援ツール ホットプロファイル 新規開拓 フォーム営業ツール ホットアプローチ AIデータエントリーソリューション 帳票設計不要のAI-OCRサービス DX OCR 受注業務のペーパレス、業務改善 AnyForm OCR 会社案内 会社案内トップ 沿革 主要取引先・提携企業 保有特許一覧 社会貢献活動 一般事業主行動計画 所在地 セミナー 情報システム部門向け セキュリティセミナー 営業部門向け 営業支援セミナー バックオフィス部門向け 業務効率化セミナー パーパス 採用情報 セキュリティポリシー 個人情報保護方針について 情報セキュリティ基本方針および 特定個人情報保護基本方針について ソフトウェア開発における 情報セキュリティ基本方針について 本Webサイトについて サイトマップ メールマガジン お問い合わせ PRODUCT TOP 事業案内 ネットワークソリューション セールスDXソリューション AIデータエントリーソリューション 「ヒト」を軸とした情報セキュリティ,EQUITY,Technology,Software - Infrastructure
1,1758,"Taiyo Kisokogyo Co.,Ltd.",下水道,防衛・国土強靱化,,,8.0,5.0,,未確定,C,revenue_share_unknown,unknown,unknown,,,売上構成比を公式資料から数値で確認できず,EQUITY,Industrials,Engineering & Construction
1,1758,"Taiyo Kisokogyo Co.,Ltd.",耐震化,防衛・国土強靱化,,,85.0,82.0,,未確定,C,revenue_share_unknown,unknown,unknown,,,売上構成比を公式資料から数値で確認できず,EQUITY,Industrials,Engineering & Construction
1,1758,"Taiyo Kisokogyo Co.,Ltd.",防災,防衛・国土強靱化,,,72.0,68.0,,未確定,C,revenue_share_unknown,unknown,unknown,,,売上構成比を公式資料から数値で確認できず,EQUITY,Industrials,Engineering & Construction
1,1758,"Taiyo Kisokogyo Co.,Ltd.",電力設備投資関連,データセンター・電力,,,8.0,5.0,,未確定,C,revenue_share_unknown,unknown,unknown,,,売上構成比を公式資料から数値で確認できず,EQUITY,Industrials,Engineering & Construction
1,175A,"Will Smart Co.,LTD.",IT関連,デジタル・サービス,,,90.0,92.0,,未確定,C,revenue_share_unknown,unknown,unknown,,,売上構成比を公式資料から数値で確認できず,EQUITY,Technology,Software - Application
1,175A,"Will Smart Co.,LTD.",IoT,設備投資・機械,,,86.0,88.0,,未確定,C,revenue_share_unknown,unknown,unknown,,,売上構成比を公式資料から数値で確認できず,EQUITY,Technology,Software - Application
1,175A,"Will Smart Co.,LTD.",クラウドコンピューティング,デジタル・サービス,,,92.0,90.0,,未確定,C,revenue_share_unknown,unknown,unknown,,https://willsmart.co.jp/,株式会社Will Smart | 移動を支援するテクノロジー企業 IR情報 採用情報 ニュース セミナー ミライコラボ Will Smartの強み サービス モビリティシステムサービス 総合情報配信サービス （デジタルサイネージ） AI・データサイエンスサービス クラウド化支援サービス ソリューション モビリティサービス分野 公共交通分野 商業・不動産分野 物流・運送分野 国・地方自治体分野 モビリティ補助金活用ナビ 導入事例 企業情報 会社概要 代表メッセージ アクセスマップ お問い合わせ ダウンロード Will Smartの強み サービス モビリティシステムサービス 総合情報配信サービス （デジタルサイネージ） AI・データサイエンスサービス クラウド化支援サービス ソリューション モビリティサービス分野 公共交通分野 商業・不動産分野 物流・運送分野 国・地方自治体分野 モビリティ補助金活用ナビ 導入事例 企業情報 会社概要 代表メッセージ アクセスマップ IR情報 採用情報 ニュース セミナー ミライコラボ お問い合わせ ダウンロード アイデアとテクノロジーで 「移動」を支える Will Smartは移動を支援するテクノロジー企業として、 お客様の,EQUITY,Technology,Software - Application
1,175A,"Will Smart Co.,LTD.",デジタルトランスフォーメーション,デジタル・サービス,,,92.0,90.0,,未確定,C,revenue_share_unknown,unknown,unknown,,https://willsmart.co.jp/,ビリティサービス分野 公共交通分野 商業・不動産分野 物流・運送分野 国・地方自治体分野 モビリティ補助金活用ナビ 導入事例 企業情報 会社概要 代表メッセージ アクセスマップ お問い合わせ ダウンロード Will Smartの強み サービス モビリティシステムサービス 総合情報配信サービス （デジタルサイネージ） AI・データサイエンスサービス クラウド化支援サービス ソリューション モビリティサービス分野 公共交通分野 商業・不動産分野 物流・運送分野 国・地方自治体分野 モビリティ補助金活用ナビ 導入事例 企業情報 会社概要 代表メッセージ アクセスマップ IR情報 採用情報 ニュース セミナー ミライコラボ お問い合わせ ダウンロード アイデアとテクノロジーで 「移動」を支える Will Smartは移動を支援するテクノロジー企業として、 お客様の課題解決を通じて「モビリティ業界のDX」や「移動者の利便性向上」に取り組み、社会課題の解決を目指します。 Will Smartの強み 事業領域 Will Smartは、人や物の移動により経済活動を行う領域を「モビリティ市場」と位置付け、ソリューションを提供しております。 ソリューションの詳細はこちら BUSINESS STRATEGY 事業の方針 モビリティ市場の変化する課題に対して、経験やノウハウ、新技術を活用しながら、顧客（事業者及び行政）と共に社会課題を解決し、顧客の成長機会の支援と移動者の利便性向上を促進するためのソリューションの提供を行います。 SERVICE サービス 豊富な業界知識と開発ノウハウをもとにしたモビリティDXプラットフォーム「Will-MoBi」と、モビリティ業界に特化した「顧客理解力」を強みにしたコンサルティングから開発・保守までのワンストップ型の受託開発で、ニーズや課題に応じた開発が可能です。 サ,EQUITY,Technology,Software - Application
1,175A,"Will Smart Co.,LTD.",データ分析・解析,AI・半導体,,,66.0,66.0,,未確定,C,revenue_share_unknown,unknown,unknown,,,売上構成比を公式資料から数値で確認できず,EQUITY,Technology,Software - Application
1,175A,"Will Smart Co.,LTD.",人工知能,AI・半導体,,,92.0,90.0,,未確定,C,revenue_share_unknown,unknown,unknown,,https://willsmart.co.jp/,株式会社Will Smart | 移動を支援するテクノロジー企業 IR情報 採用情報 ニュース セミナー ミライコラボ Will Smartの強み サービス モビリティシステムサービス 総合情報配信サービス （デジタルサイネージ） AI・データサイエンスサービス クラウド化支援サービス ソリューション モビリティサービス分野 公共交通分野 商業・不動産分野 物流・運送分野 国・地方自治体分野 モビリティ補助金活用ナビ 導入事例 企業情報 会社概要 代表メッセージ アクセスマップ お問い合わせ ダウンロード Will Smartの強み サービス モビリティシステムサービス 総合情報配信サービス （デジタルサイネージ） AI・データサイエンスサービス クラウド化支援サービス ソリューション モビリティサービス分野 公共交通分野 商業・不動産分野 物流・運送分野 国・地方自治体分野 モビリティ補助金活用ナビ 導入事例 企業情報 会社概要 代表メッセージ アクセスマップ IR情報 採用情報 ニュース セミナー ミライコラボ お問い合わせ ダウンロード アイデアとテクノロジーで 「移動」を支える Will Smartは移動を支援す,EQUITY,Technology,Software - Application
1,1762,"Takamatsu Construction Group Co., Ltd.",マンション関連,不動産・建設,,,92.0,98.0,,未確定,C,revenue_share_unknown,unknown,unknown,,https://www.takamatsu-cg.co.jp/upload/docs/02cf0641232403ba548870cfffe3439116bd6610.pdf,"、エムズ、島田組の全ての会社が前年受注を下回ったことによるものです。 11 ページをご覧ください。木造戸建住宅事業のタカマツハウス、ミブコーポレーション、タツミ プランニングの受注についてです。 タカマツハウス単体では、前年受注の 8 億円から大きく成長し、93 億円の受注となりました。 サポート 日本 050-5212-7790 米国 1-800-674-8375 フリーダイアル 0120-966-744 メールアドレス support@scriptsasia.com 7 ミブコーポレーションは不動産売買を主な事業としており、これまで販売用不動産を保有して売却 するというモデルでしたが、販売用不動産の保有はミブコーポレーションでは行わず、タカマツハ ウスで行い、ミブコーポレーションは仲介手数料のみを得るモデルに変更したため、受注減となっ ております。 13 ページをご覧ください。TK のマンション・非マンション別受注高についてです。 前年受注で新型コロナウイルス感染拡大の影響を受けたものの、東京・大阪ともに回復し、新型コ ロナウイルス感染拡大の影響を受けていない 2020 年 3 月期の受注と比較しても、東京・大阪とも にそれを上回る水準となっております。 マンション・非マンションの比率に関しては、大阪はマンション比率が低く、非マンション比率が 高い、東京はマンション比率が高く、非マンション比率が低い傾向にあり、この傾向は2022 年 3 月期も継続しております。 サポート 日本 050-5212-7790 米国 1-800-674-8375 フリーダイアル 0120-966-744 メールアドレス support@scriptsasia.com 8 14 ページをご覧ください。2022 年 3 月期の売上高について説明いたします。 内訳としては、TK グループで 1,282 億円",EQUITY,Industrials,Engineering & Construction
1,1762,"Takamatsu Construction Group Co., Ltd.",不動産関連,不動産・建設,,,91.0,97.0,,未確定,C,revenue_share_unknown,unknown,unknown,,https://www.takamatsu-cg.co.jp/,Reserved. SEARCH 企業・グループ情報 社長メッセージ グループパーパス 基本理念 役員紹介 歴史と沿革 技術開発・DX 企業概要 サステナビリティ 環境における取組み 社会における取組み コーポレートガバナンス ダイバーシティ＆インクルージョン 株主・投資家の皆さまへ 中期経営計画 業績ハイライト（損益状況） IR資料室 株式・社債・株主総会 株主優待 コーポレートガバナンス IRカレンダー 株主・投資家等との対話 株主還元 このたびの令和８年熊本地震により被災された皆さまに、心よりお見舞い申し上げます。 被災地域の一日も早い復旧・復興と、皆さまのご健康とご安全を心よりお祈り申し上げます。 グループの事業 詳しく見る グループ別 分野別 髙松テクノサービス 髙松エステート 住之江工芸 金剛組 中村社寺 タカマツビルド 大昭工業 島田組 青木マリーン エムズ タカマツハウス不動産 持株会社 持株会社 株式会社髙松コンストラクショングループ 建築 建築 髙松建設 大昭工業 青木あすなろ建設 リノベーション リノベーション 髙松テクノサービス エムズ 高級内装 高級内装 住之江工芸 社寺建築 社寺建築 金剛組 中村社寺 埋蔵文化財 発掘調査 埋蔵文化財・発掘調査 島田組 陸上土木 陸上土木 大昭工業 青木あすなろ建設 みらい建設工業 東興ジオテック 海洋土木 海洋土木 みらい建設工業 青木マリーン 環境土木 環境土木 青木あすなろ建設 法面保護 法面保護 東興ジオテック 不動産 不動産 髙松建設 髙松エステート 大昭工業 青木あすなろ建設 タカマツハウス タカマツハウス不動産 タカマツハウス関西 髙松都市開発 総合ビル管理 総合ビル管理 髙松エステート 海外不動産 海外不動産 Takamatsu Construction Group USA Inc. 木造戸建住宅 木,EQUITY,Industrials,Engineering & Construction
1,1762,"Takamatsu Construction Group Co., Ltd.",建設,不動産・建設,,,97.0,100.0,,未確定,C,revenue_share_unknown,unknown,unknown,,https://www.takamatsu-cg.co.jp/,パス 基本理念 役員紹介 歴史と沿革 技術開発・DX 企業概要 サステナビリティ 環境における取組み 社会における取組み コーポレートガバナンス ダイバーシティ＆インクルージョン 株主・投資家の皆さまへ 中期経営計画 業績ハイライト（損益状況） IR資料室 株式・社債・株主総会 株主優待 コーポレートガバナンス IRカレンダー 株主・投資家等との対話 株主還元 このたびの令和８年熊本地震により被災された皆さまに、心よりお見舞い申し上げます。 被災地域の一日も早い復旧・復興と、皆さまのご健康とご安全を心よりお祈り申し上げます。 グループの事業 詳しく見る グループ別 分野別 髙松テクノサービス 髙松エステート 住之江工芸 金剛組 中村社寺 タカマツビルド 大昭工業 島田組 青木マリーン エムズ タカマツハウス不動産 持株会社 持株会社 株式会社髙松コンストラクショングループ 建築 建築 髙松建設 大昭工業 青木あすなろ建設 リノベーション リノベーション 髙松テクノサービス エムズ 高級内装 高級内装 住之江工芸 社寺建築 社寺建築 金剛組 中村社寺 埋蔵文化財 発掘調査 埋蔵文化財・発掘調査 島田組 陸上土木 陸上土木 大昭工業 青木あすなろ建設 みらい建設工業 東興ジオテック 海洋土木 海洋土木 みらい建設工業 青木マリーン 環境土木 環境土木 青木あすなろ建設 法面保護 法面保護 東興ジオテック 不動産 不動産 髙松建設 髙松エステート 大昭工業 青木あすなろ建設 タカマツハウス タカマツハウス不動産 タカマツハウス関西 髙松都市開発 総合ビル管理 総合ビル管理 髙松エステート 海外不動産 海外不動産 Takamatsu Construction Group USA Inc. 木造戸建住宅 木造戸建住宅 タカマツビルド 大昭工業 タカマツハウス タカマツハウス関西 木造アパ,EQUITY,Industrials,Engineering & Construction
1,1764,Kudo Corporation,不動産関連,不動産・建設,86.21,,72.0,68.0,,未確定,C,calculated_ratio_needs_qa,calculated_candidate_only,calculated_ratio_candidate,calculated_same_snippet,https://www.kudo.co.jp/wp-content/uploads/2026/02/48a68785d1136fd7956d83038807bf1e.pdf,",402 － 1,019,402 一定の期間にわたり移転 される財 5,109,633 301,129 2,946,365 8,357,129 － 8,357,129 顧客との契約から生じる 収益 5,780,106 539,142 3,057,283 9,376,531 － 9,376,531 その他の収益 － 1,004,258 3,000 1,007,258 － 1,007,258 外部顧客への売上高 5,780,106 1,543,400 3,060,283 10,383,790 － 10,383,790 セグメント間の 内部売上高又は振替高 － － － － － － 計 5,780,106 1,543,400 3,060,283 10,383,790 － 10,383,790 セグメント利益 327,276 95,525 231,641 654,443 △319,559 334,883 (注) １．セグメント利益の調整額△319,559千円は、各報告セグメントに配分していない全社費用であり主に報告セ グメントに帰属しない一般管理費であります。 ２．セグメント利益は、中間連結損益計算書の営業利益と調整を行っております。 当中間連結会計期間(自 2025年７月１日 至 2025年12月31日) １．報告セグメントごとの売上高及び利益又は損失の金額に関する情報並びに収益の分解情報 (単位：千円) 報告セグメント 調整額 (注)１ 中間連結 損益計算書 計上額 (注)２建設事業 不動産事業 介護事業 計 売上高 一時点で移転される財 886,327 299,203 112,942 1,298,473 － 1,298,473 一定の期間にわたり移転 される財 6,878,380 316,346 3,017,469 10,212,197 － 10,212,197 顧客との契約から生じる 収益 7,764,708 615,550 3,130,412 11,510,671 － 11,510,671 その他の収益 － 1,014,683 3,000 1,017,683 － 1,017,683 外部顧客への売上高 7,764,708 1,630,234 3,133,412 12,528,355 － 12,528,355 セグメント間の 内部売上高又は振替高 1,630 － － 1,630 △1,630 － 計 7,766,338 1,630,234 3,133,412 12,529,985 △1,630 12,528,355 セグメント利益 623,954 158,953 203,199 986,107 △370,665 615,441 (注) １．セグメント利益の調整額△370,665千円は、各報告セグメントに配分していない全社費用であり主に報告セ グメントに帰属しな",EQUITY,Industrials,Engineering & Construction
1,1764,Kudo Corporation,介護関連,医療・ヘルスケア,97.85,,92.0,90.0,,未確定,C,calculated_ratio_needs_qa,calculated_candidate_only,calculated_ratio_candidate,calculated_same_snippet,https://www.kudo.co.jp/wp-content/uploads/2026/08/59ad4a756434a070d3f47bc5b7f8e5f0.pdf,(1764) 2026年６月期 決算短信 2 １．経営成績等の概況 （１）当期の経営成績の概況 当連結会計年度における日本経済は、雇用・所得環境が個人消費を下支え、緩やかな成長局面が続いておりま す。一方で、中東情勢を主因としたエネルギー価格の変動を含めた物価上昇による消費者マインドへの影響、日銀 の金融正常化による金利上昇等、景気の先行きに影響を及ぼすリスクには引き続き留意が必要な状況が続いており ます。 建設業界におきましては、公共投資及び建設投資が底堅く推移しており、受注環境は良好な状況が続いておりま す。一方で、人材不足や資材価格・労務費の上昇が継続しており、依然として厳しい環境が続いております。 なお、住宅建設は、物価上昇や住宅価格の高騰、金利動向の影響等を背景に、新設住宅着工戸数は弱含みで推移 しており、引き続き市場動向を注視すべき状況が続いております。 不動産業界（当社グループの建物管理事業、不動産賃貸・仲介・売買事業等）におきましては、都市部を中心に 賃貸需要や投資需要は底堅く推移しておりますが、比較的景気動向の影響を受けにくいことから、管理戸数、入居 率、賃料水準はいずれも堅調に推移しております。 介護業界におきましては、高齢化の進展に伴い介護サービス需要が拡大しております。一方で、介護人材不足、 人件費の上昇および物価高騰によるコスト増加に加え、業務効率化への対応が経営上の大きな課題となっておりま す。このような環境のもと、DX・ICTの活用による業務効率化、介護負担の軽減および生産性向上に取り組んでおり ます。 このような情勢のなか、当社グループは、2024年度を初年度とする中期経営計画において「収益力の強化」、 「人財力の強化」、「サステナビリティの推進」の各施策を推進しております。 この結果、当連結会計年度における業績は、売上高246億19百万円（前年同期比9.4％増）、営業利益９億44百万円 （前年同期比46.0％増）、経常利益８億91百万円（前年同期比44.5％増）、親会社株主に帰属する当期純利益５億25 百万円（前年同期比8.8％増）となりました。 セグメントごとの経営成績は、次のとおりであります。 ＜ 建設事業 ＞ 売上高は、完成工事の増加により、150億８百万円（前年同期比16.6％増）となり、営業利益は11億９百万円（前 年同期比43.3％増）となりました。主な内訳として、建設部門の売上高は93億29百万円（前年同期比20.0％増）、営 業利益は６億93百万円（前年同期比55.5％増）、住宅部門の売上高は40億84百万円（前年同期比0.5％減）、営業利 益は３億52百万円（前年同期比7.7％増）となりました。 ＜ 不動産事業 ＞ 売上高は、建物管理業務による管理費改定や取引増加及び不動産仲介の取引増加により、33億53百,EQUITY,Industrials,Engineering & Construction
1,1764,Kudo Corporation,建設,不動産・建設,48.35,,97.0,89.0,,未確定,C,calculated_ratio_needs_qa,calculated_candidate_only,calculated_ratio_candidate,calculated_same_snippet,https://www.kudo.co.jp/wp-content/uploads/2026/08/59ad4a756434a070d3f47bc5b7f8e5f0.pdf,………………………………………………………………………７ 連結包括利益計算書 ……………………………………………………………………………………………８ （３）連結株主資本等変動計算書 ………………………………………………………………………………９ （４）連結キャッシュ・フロー計算書 …………………………………………………………………………11 （５）連結財務諸表に関する注記事項 …………………………………………………………………………12 (継続企業の前提に関する注記) ………………………………………………………………………………12 (セグメント情報) ………………………………………………………………………………………………12 (１株当たり情報) ………………………………………………………………………………………………15 (重要な後発事象) ………………………………………………………………………………………………16 工藤建設株式会社(1764) 2026年６月期 決算短信 2 １．経営成績等の概況 （１）当期の経営成績の概況 当連結会計年度における日本経済は、雇用・所得環境が個人消費を下支え、緩やかな成長局面が続いておりま す。一方で、中東情勢を主因としたエネルギー価格の変動を含めた物価上昇による消費者マインドへの影響、日銀 の金融正常化による金利上昇等、景気の先行きに影響を及ぼすリスクには引き続き留意が必要な状況が続いており ます。 建設業界におきましては、公共投資及び建設投資が底堅く推移しており、受注環境は良好な状況が続いておりま す。一方で、人材不足や資材価格・労務費の上昇が継続しており、依然として厳しい環境が続いております。 なお、住宅建設は、物価上昇や住宅価格の高騰、金利動向の影響等を背景に、新設住宅着工戸数は弱含みで推移 しており、引き続き市場動向を注視すべき状況が続いております。 不動産業界（当社グループの建物管理事業、不動産賃貸・仲介・売買事業等）におきましては、都市部を中心に 賃貸需要や投資需要は底堅く推移しておりますが、比較的景気動向の影響を受けにくいことから、管理戸数、入居 率、賃料水準はいずれも堅調に推移しております。 介護業界におきましては、高齢化の進展に伴い介護サービス需要が拡大しております。一方で、介護人材不足、 人件費の上昇および物価高騰によるコスト増加に加え、業務効率化への対応が経営上の大きな課題となっておりま す。このような環境のもと、DX・ICTの活用による業務効率化、介護負担の軽減および生産性向上に取り組んでおり ます。 このような情勢のなか、当社グループは、2024年度を初年度とする中期経営計画において「収益力の強化」、 「人財力の強化」、「サステナビリティの推進」の各施策を推進しております。 この結果、当連,EQUITY,Industrials,Engineering & Construction
1,1766,Token Corporation,マンション関連,不動産・建設,,,86.0,88.0,,未確定,C,revenue_share_unknown,unknown,unknown,,https://www.token.co.jp/inquiry/estate_request/,・相続税対策 入門ガイド 資産の相続や継承に伴う、相続税対策についてまとめたセットです。マンガと入門ガイドブックでわかりやすく紹介します。令和8年度相続税制改正に対応。 アパート経営基本セット ・リース建築経営のながれ ・知って得する！“満室”経営術 弊社サービスを利用した賃貸アパート経営に関する基本のセットです。賃貸アパートの長期安定経営を実現するための情報をまとめました。 パンフレット・リーフレットを個別に選ぶ マンガで分かる 相続対策 相続や土地活用に悩む家族を描きつつ、安定経営と快適な住まいを提案。マンガで分かるパンフレットです。令和8年度の相続税制改正に対応しています。 アパート経営のすすめ （ランドインベストメント） ランドインベストメント（土地を購入して保有する不動産投資）を活用し、初心者でも安定収益を生む仕組みがひと目でわかる入門書です。 相続税対策 入門ガイド アパート・マンション建築による相続税対策をわかりやすく紹介。資産を守って、攻めの対策術を！ リース建築経営のながれ 農地や遊休地の活用、相続税対策など土地に関する悩みを、アパート・賃貸住宅経営で解決。安定収入と節税を東建がサポートします。 知って得する！ “満室”経営術 少子高齢化時代の土地活用は、市場調査とエリア選定が鍵。長期安定経営が見込めるエリアをご提案します。 ①カタログ選択 ②お届け先入力 ③入力確認 ④送信完了 お届け先を入力してください お客様情報 お名前 （フルネーム） お名前（フルネーム）を入力してください。 ※氏名共にご入力ください ふりがな ふりがなを入力してください。 電話番号 （ハイフン不要） ⁩⁩電話番号（半角数字・ハイフンなし）を入力してください。 メール アドレス ⁩メールアドレスを入力してください。 資料送付先 郵便番号 （ハイフン不要） 郵便番号を入力してください。 ご住所,EQUITY,Real Estate,Real Estate Services
1,1766,Token Corporation,住宅関連,不動産・建設,,,42.0,40.0,,未確定,C,revenue_share_unknown,unknown,unknown,,https://www.token.co.jp/inquiry/estate_request/,ート経営基本セット ・リース建築経営のながれ ・知って得する！“満室”経営術 弊社サービスを利用した賃貸アパート経営に関する基本のセットです。賃貸アパートの長期安定経営を実現するための情報をまとめました。 パンフレット・リーフレットを個別に選ぶ マンガで分かる 相続対策 相続や土地活用に悩む家族を描きつつ、安定経営と快適な住まいを提案。マンガで分かるパンフレットです。令和8年度の相続税制改正に対応しています。 アパート経営のすすめ （ランドインベストメント） ランドインベストメント（土地を購入して保有する不動産投資）を活用し、初心者でも安定収益を生む仕組みがひと目でわかる入門書です。 相続税対策 入門ガイド アパート・マンション建築による相続税対策をわかりやすく紹介。資産を守って、攻めの対策術を！ リース建築経営のながれ 農地や遊休地の活用、相続税対策など土地に関する悩みを、アパート・賃貸住宅経営で解決。安定収入と節税を東建がサポートします。 知って得する！ “満室”経営術 少子高齢化時代の土地活用は、市場調査とエリア選定が鍵。長期安定経営が見込めるエリアをご提案します。 ①カタログ選択 ②お届け先入力 ③入力確認 ④送信完了 お届け先を入力してください お客様情報 お名前 （フルネーム） お名前（フルネーム）を入力してください。 ※氏名共にご入力ください ふりがな ふりがなを入力してください。 電話番号 （ハイフン不要） ⁩⁩電話番号（半角数字・ハイフンなし）を入力してください。 メール アドレス ⁩メールアドレスを入力してください。 資料送付先 郵便番号 （ハイフン不要） 郵便番号を入力してください。 ご住所 都道府県 北海道 青森県 岩手県 宮城県 秋田県 山形県 福島県 茨城県 栃木県 群馬県 埼玉県 千葉県 東京都 神奈川県 新潟県 富山県 石川県 福井県 山梨県 長,EQUITY,Real Estate,Real Estate Services
1,1766,Token Corporation,建設,不動産・建設,,,92.0,94.0,,未確定,C,revenue_share_unknown,unknown,unknown,,,売上構成比を公式資料から数値で確認できず,EQUITY,Real Estate,Real Estate Services
1,1766,Token Corporation,耐震化,防衛・国土強靱化,,,8.0,5.0,,未確定,C,revenue_share_unknown,unknown,unknown,,,売上構成比を公式資料から数値で確認できず,EQUITY,Real Estate,Real Estate Services
1,1768,Sonec Corporation,建設,不動産・建設,,,94.0,86.0,,未確定,C,revenue_share_unknown,unknown,unknown,,,売上構成比を公式資料から数値で確認できず,EQUITY,Industrials,Engineering & Construction
1,1770,"Fujita Engineering Co., Ltd.",建設,不動産・建設,92.98,,90.0,82.0,,未確定,C,calculated_ratio_needs_qa,calculated_candidate_only,calculated_ratio_candidate,calculated_same_snippet,https://www.fujita-eng.co.jp/wordpress/wp-content/uploads/ir-info/tan_2027-1q.pdf,"… 3 （１）四半期連結貸借対照表 …………………………………………………………………………………………… 3 （２）四半期連結損益計算書及び四半期連結包括利益計算書 ……………………………………………………… 5 （３）四半期連結財務諸表に関する注記事項 ………………………………………………………………………… 7 （セグメント情報等の注記） ……………………………………………………………………………………… 7 （株主資本の金額に著しい変動があった場合の注記） ………………………………………………………… 8 （継続企業の前提に関する注記） ………………………………………………………………………………… 8 （四半期連結キャッシュ・フロー計算書に関する注記） ……………………………………………………… 8 ○添付資料の目次 - 1 - 藤田エンジニアリング㈱ （１７７０） 2027年３月期 第１四半期決算短信 １．経営成績等の概況 （１）当四半期の経営成績の概況 当第１四半期連結累計期間における日本経済は、雇用・所得環境が改善し緩やかな回復基調が続いたものの、中 東情勢をはじめとする地政学リスクの高止まりや米国の通商政策をめぐる動向などにより、景気の下振れ感を払拭 できず、先行き不透明な状況で推移しました。 当社グループの主力事業が属する国内建設業界におきましては、公共投資は底堅く推移しており、また、民間に おいても企業の設備投資意欲の拡大が見られる一方で、技能労働者不足や、建設資材価格及び諸費用の上昇など、 依然として厳しい環境が続いております。 当第１四半期連結累計期間における当社グループの連結売上高は6,451百万円（前年同四半期比21.0％の増 加）、営業利益は450百万円（前年同四半期比82.8％の増加）、経常利益は520百万円（前年同四半期比74.9％の増 加）、親会社株主に帰属する四半期純利益は341百万円（前年同四半期比96.1％の増加）となりました。 セグメントの業績は次のとおりであります。 ① 建設事業 当社グループの主力事業である当事業におきましては、受注高は5,998百万円（前年同四半期比74.4％の増 加）となりました。部門別では、産業設備工事が2,100百万円（前年同四半期比54.9％の増加）、ビル設備工事 が2,938百万円（前年同四半期比305.9％の増加）、環境設備工事が959百万円（前年同四半期比29.4％の減少） となりました。 売上高は、堅調な受注に支えられ、3,176百万円（前年同四半期比55.6％の増加）となりました。部門別で は、産業設備工事が2,103百万円（前年同四半期比87.9％の増加）、ビル設備工事が816百万円（前年同四半期比 147.3％の増加）、環境設備工事が256百万円（前年同四半期比56.7",EQUITY,Industrials,Engineering & Construction
1,1771,,国土強靱化,防衛・国土強靱化,,,8.0,5.0,,未確定,C,revenue_share_unknown,unknown,unknown,,,会社公式サイトURL未取得,,,
1,1771,,建設,不動産・建設,,,8.0,5.0,,未確定,C,revenue_share_unknown,unknown,unknown,,,会社公式サイトURL未取得,,,
1,1771,,防災,防衛・国土強靱化,,,8.0,5.0,,未確定,C,revenue_share_unknown,unknown,unknown,,,会社公式サイトURL未取得,,,
1,1773,YTL Corporation Berhad,ホテル,内需・消費,,,86.0,90.0,,未確定,C,revenue_share_unknown,unknown,unknown,,,売上構成比を公式資料から数値で確認できず,EQUITY,Utilities,Utilities - Diversified
1,1773,YTL Corporation Berhad,不動産関連,不動産・建設,,,42.0,42.0,,未確定,C,revenue_share_unknown,unknown,unknown,,,売上構成比を公式資料から数値で確認できず,EQUITY,Utilities,Utilities - Diversified
1,1773,YTL Corporation Berhad,建設,不動産・建設,,,42.0,42.0,,未確定,C,revenue_share_unknown,unknown,unknown,,,売上構成比を公式資料から数値で確認できず,EQUITY,Utilities,Utilities - Diversified
1,1773,YTL Corporation Berhad,鉄道関連,物流・海運,,,8.0,5.0,,未確定,C,revenue_share_unknown,unknown,unknown,,,売上構成比を公式資料から数値で確認できず,EQUITY,Utilities,Utilities - Diversified
1,1773,YTL Corporation Berhad,電力会社,データセンター・電力,,,8.0,5.0,,未確定,C,revenue_share_unknown,unknown,unknown,,,売上構成比を公式資料から数値で確認できず,EQUITY,Utilities,Utilities - Diversified
1,1777,,下水道,防衛・国土強靱化,,,8.0,5.0,,未確定,C,revenue_share_unknown,unknown,unknown,,,会社公式サイトURL未取得,,,
1,1777,,建設,不動産・建設,,,8.0,5.0,,未確定,C,revenue_share_unknown,unknown,unknown,,,会社公式サイトURL未取得,,,
1,177A,"Kohjin Bio Co., Ltd.",バイオテクノロジー関連,医療・ヘルスケア,,,94.0,86.0,,未確定,C,revenue_share_unknown,unknown,unknown,,https://kohjin-bio.jp/,イブラリ 決算短信 決算説明資料 有価証券報告書 株主総会関連資料 適時開示情報 その他IR資料 株式情報 株式基本情報 株価情報 その他IR情報 IRカレンダー FAQ ディスクロージャーポリシー 免責事項 電子公告 電子公告 決算公告 お知らせ お知らせ 会社情報 セミナー展示会 製品 新卒採用 新卒採用 採用選考の流れ 募集要項 先輩社員の声 製品案内 製品案内 組織培養関連 感染症・微生物関連 細胞培養加工受託サービス 培養関連機器 イムノクロマトキット Ｉ－ブロックシリーズ 血液・血清・血漿 培養上清液関連 三次元ヒト人工皮膚モデル 試験成績書 試験成績書 試験成績書ダウンロード 試験成績書（LOVO） お問い合わせ 製品名で検索する JP EN CN Japanese English Chinese お問い合わせ バ イ オ テ ク ノ ロ ジ ー の 明 日 を 考 え る バイオテクノロジーの 明日を考える 製品検索 カテゴリから探す 組織培養培地関連 感染症・微生物関連 細胞培養加工受託サービス 培養関連機器 イムノクロマトキット Ｉ－ブロックシリーズ 血液・血清・血漿 培養上清液関連 三次元ヒト人工皮膚モデル ニュース・ プレスリリース すべて 会社情報 セミナー展示会 製品 2026/07/15 製品 【新発売】RepliSkin 3D™ -張力付加型 三次元ヒト人工皮膚モデル- コージンバイオ株式会社（本社：埼玉県坂戸市、代表取締役社長：中村 雄一、以下「当社」）は、張力付加型三次元人工皮膚モデル… 2026/04/01 会社情報 資本業務提携契約締結に関するお知らせ コージンバイオ株式会社（東証グロース市場：177A）は、シスメックス株式会社とともに、株式会社Vetanicへの出資を行い、同社と… 2026/03/06 セミナー展示会 【出展のお知らせ】第25回 日,EQUITY,Healthcare,Biotechnology
1,177A,"Kohjin Bio Co., Ltd.",再生医療,医療・ヘルスケア,,,92.0,90.0,,未確定,C,revenue_share_unknown,unknown,unknown,,https://kohjin-bio.jp/,明日を考える 製品検索 カテゴリから探す 組織培養培地関連 感染症・微生物関連 細胞培養加工受託サービス 培養関連機器 イムノクロマトキット Ｉ－ブロックシリーズ 血液・血清・血漿 培養上清液関連 三次元ヒト人工皮膚モデル ニュース・ プレスリリース すべて 会社情報 セミナー展示会 製品 2026/07/15 製品 【新発売】RepliSkin 3D™ -張力付加型 三次元ヒト人工皮膚モデル- コージンバイオ株式会社（本社：埼玉県坂戸市、代表取締役社長：中村 雄一、以下「当社」）は、張力付加型三次元人工皮膚モデル… 2026/04/01 会社情報 資本業務提携契約締結に関するお知らせ コージンバイオ株式会社（東証グロース市場：177A）は、シスメックス株式会社とともに、株式会社Vetanicへの出資を行い、同社と… 2026/03/06 セミナー展示会 【出展のお知らせ】第25回 日本再生医療学会総会 第25回再生医療学会総会の出展が決定いたしました。弊社ブースの詳細は、下記の通りです。皆様のご来場を心よりお待ちしており… 2026/02/16 製品 【新発売】同定確認用試験管培地 20本包装 平素は格別のご高配を賜り、誠にありがとうございます。 この度、コージンバイオ株式会社では、多くのお客様からご要望をいた… 2026/02/03 会社情報 一般用SARS コロナウイルス抗原キット・インフルエンザウイルス抗原キット「KBM ラインチェックnCoV/Flu（一般用）」自主回収のお知らせ コージンバイオ株式会社（本社：埼玉県坂戸市、代表取締役社長：中村 孝人、以下、「当社」という）は一般用SARSコロナウイル… 2026/04/01 会社情報 資本業務提携契約締結に関するお知らせ コージンバイオ株式会社（東証グロース市場：177A）は、シスメックス株式会社とともに、株式会社Ve,EQUITY,Healthcare,Biotechnology
1,177A,"Kohjin Bio Co., Ltd.",創薬,医療・ヘルスケア,,,90.0,82.0,,未確定,C,revenue_share_unknown,unknown,unknown,,,売上構成比を公式資料から数値で確認できず,EQUITY,Healthcare,Biotechnology
1,177A,"Kohjin Bio Co., Ltd.",医薬品関連,医療・ヘルスケア,,,92.0,90.0,,未確定,C,revenue_share_unknown,unknown,unknown,,https://kohjin-bio.jp/,05/22 セミナー展示会 【出展のお知らせ】第6回再生医療EXPO東京 第6回再生医療EXPO東京に出展が決定いたしました。 弊社ブースの詳細は、下記の通りです。 皆様のご来場を心よりお待ちしてお… 2026/07/15 製品 【新発売】RepliSkin 3D™ -張力付加型 三次元ヒト人工皮膚モデル- コージンバイオ株式会社（本社：埼玉県坂戸市、代表取締役社長：中村 雄一、以下「当社」）は、張力付加型三次元人工皮膚モデル… 2026/02/16 製品 【新発売】同定確認用試験管培地 20本包装 平素は格別のご高配を賜り、誠にありがとうございます。 この度、コージンバイオ株式会社では、多くのお客様からご要望をいた… 2026/01/13 製品 【新発売】SARSコロナウイルス抗原・インフルエンザウイルスキット「KBMラインチェックnCoV/FluⅡ」 2026年1月13日に、体外診断用医薬品SARS コロナウイルス・インフルエンザウイルス抗原キット「KBM ラインチェックnCoV/FluⅡ」を… 2025/12/23 製品 【新発売】毛包・皮膚間葉細胞培養用キット「KBM OT002」 本日2025年12月23日に、毛包・皮膚間葉細胞培養用キット「KBM OT002」を発売することとなりましたのでご案内申し上げます。 詳… 2025/10/27 製品 「KBMラインチェックAPAP」に関する研究成果が国際学術誌に掲載されました このたび、新潟大学大学院 医歯学総合研究科、さいたま赤十字病院 呼吸器内科、GM-CSF吸入推進機構との共同研究の成果が、Asian… もっと見る コージンバイオ について 「コージン」、 つまり 「考える人（考人）の組織集団」 として、 再生医療の国内トップランナーとして走り続けています 「コージンバイオ」は、実験動物の飼育管理から始まり、動物血液や,EQUITY,Healthcare,Biotechnology
1,1780,Yamaura Corporation,マンション関連,不動産・建設,,,92.0,98.0,,未確定,C,revenue_share_unknown,unknown,unknown,,https://yamaura.co.jp/,業、首都圏事業 MENU ホーム 企業情報 技術紹介 事業部門 施工実績 IR情報 新着情報 表彰実績・リリース 建設コラム 採用情報 お問い合わせ プライバシーポリシー サイトマップ 〒399-4195 長野県駒ヶ根市北町22-1 TEL. 0265-81-6010 FAX 0265-82-3966 Scrool ホーム 表彰実績・リリース 新着情報 文字サイズ 小 中 大 企業情報 技術紹介 事業部門 施工実績 IR情報 採用情報 建設コラム お問い合わせ 社長メッセージ 会社概要 理念・ブランド ネットワーク ヤマウラの人づくり ESG 役員一覧 ヤマウラの技術 ものづくりのDNA ヤマウラの環境技術 PAS99 動画で見る工事技術 表彰実績 設計部門 建築部門 土木部門 エンジニアリング事業部門 首都圏事業部門 官庁建築 官庁土木 民間建築 エンジニアリング事業 水力発電 開発分譲マンション事業 IRカレンダー IRライブラリ IRニュース 株価情報 株主優待について 株主の方のお問い合わせ 新着情報 NEWS 一覧 全て お知らせ IR情報 イベント CSR活動 その他 適時開示 IR情報 09月03日 自己株式の取得状況に関するお知らせ IR情報 08月26日 熱中症対策等を想定した複合気象観測装置「ハレルヤ」を開発 IR情報 08月06日 2027年3月期 第1四半期決算説明資料 IR情報 08月06日 2027年３月期 第１四半期決算短信〔日本基準〕（連結） IR情報 08月05日 自己株式の取得状況に関するお知らせ IR情報 08月03日 長野県飯田市松尾城に新住宅展示場「VARY’S 飯田松尾展示場」を開設 IR情報 07月03日 自己株式の消却完了に関するお知らせ IR情報 06月30日 支配株主等に関する事項について IR情報 06月30日 親会社等の決算に関,EQUITY,Industrials,Engineering & Construction
1,1780,Yamaura Corporation,建設,不動産・建設,,,97.0,99.0,,未確定,C,revenue_share_unknown,unknown,unknown,,https://yamaura.co.jp/,100年先をつくる。株式会社ヤマウラ - 設計・デザイン、建築、土木、エンジニアリング事業、首都圏事業 MENU ホーム 企業情報 技術紹介 事業部門 施工実績 IR情報 新着情報 表彰実績・リリース 建設コラム 採用情報 お問い合わせ プライバシーポリシー サイトマップ 〒399-4195 長野県駒ヶ根市北町22-1 TEL. 0265-81-6010 FAX 0265-82-3966 Scrool ホーム 表彰実績・リリース 新着情報 文字サイズ 小 中 大 企業情報 技術紹介 事業部門 施工実績 IR情報 採用情報 建設コラム お問い合わせ 社長メッセージ 会社概要 理念・ブランド ネットワーク ヤマウラの人づくり ESG 役員一覧 ヤマウラの技術 ものづくりのDNA ヤマウラの環境技術 PAS99 動画で見る工事技術 表彰実績 設計部門 建築部門 土木部門 エンジニアリング事業部門 首都圏事業部門 官庁建築 官庁土木 民間建築 エンジニアリング事業 水力発電 開発分譲マンション事業 IRカレンダー IRライブラリ IRニュース 株価情報 株主優待について 株主の方のお問い合わせ 新着,EQUITY,Industrials,Engineering & Construction
1,1783,"Fantasista Co., Ltd.",ホテル,内需・消費,92.55,,72.0,68.0,,未確定,C,calculated_ratio_needs_qa,calculated_candidate_only,calculated_ratio_candidate,calculated_same_snippet,https://fantasista-tokyo.jp/wp-content/uploads/2026/05/2026年９月期第２四半期中間期決算短信〔日本基準〕連結.pdf,改善を背景として、総じて緩やかな回復基調を維 持いたしました。 一方で、物価上昇の長期化や円安基調の継続に加え、米国・中東情勢をはじめとする国際情勢の緊張の高まり、な らびに米国および中国などの大国とわが国との関係性の変化を背景として、エネルギー価格や金融市場の変動リスク が意識されるなど、先行きに対する不透明感は依然として高い状況にあります。 このような経済環境のもと、当社の主業である不動産分野におきましては、堅調な需要を背景に需給環境は引き続 き良好であり、住宅地・商業地・工業地のいずれの用途においても地価は上昇基調を維持するなど、総じて底堅い動 きとなりました。 以上の結果、当中間連結会計期間の業績は、売上高16億３百万円（前年同期比76.5％減少）、営業利益94百万円 （前年同期比477.3％増加）、経常利益62百万円（前年同期は２億５百万円）、親会社株主に帰属する中間純損失23百 万円（前年同期比89.1％減少）となりました。 セグメントの業績は次のとおりです。なお、以下の売上高にはセグメント間の内部売上高を含んでおりません。 １） リアルエステート事業 当事業におきましては、期中売却を予定している都内大型案件の販売準備を進める一方、当中間連結会計期間に おいては中小型物件の売却および仲介手数料収益が中心となったことから、売上高は前年同期比で減少いたしまし た。 しかしながら、売上総利益面では、利益率の高い仲介手数料収益の増加に加え、インバウンド需要の回復を背景 としたホテル事業の収益が寄与したことから、セグメント利益は前年同期並みの水準を確保いたしました。 この結果、当中間連結会計期間における業績は、売上高13億84百万円（前年同期比79.2％減少）、営業利益３億 10百万円（前年同期比4.3％減少）となりました。 ２） ヘルスケア事業 当事業におきましては、既存の5-ALA製品に加え、新たな顧客層へのアプローチを目的として、男性用、子ども 用およびペット用の３種類のサプリメントを開発いたしました。このうち、男性用およびペット用のサプリメント については、当中間連結会計期間より販売を開始しております。残る１製品についても、近日中に販売を開始する 予定であります。 現在は、新商品展開に向けた販売促進体制の構築等の先行投資段階にあることから、当中間連結会計期間の業績 は、売上高62百万円（前年同期比12.9％減少）、営業損失10百万円（前年同期は営業損失6百万円）となりまし た。 ３） クリーンエネルギー事業 当事業におきましては、従来の系統用蓄電池用地販売による収益に加え、2025年８月より運転を開始した「群馬 太田蓄電所（fantasista gunma PSS）」において、電力需給調整市場への本格参入を果たしたことにより、電力販 売収益を安定的,EQUITY,Real Estate,Real Estate - Diversified
1,1783,"Fantasista Co., Ltd.",不動産関連,不動産・建設,89.36,,94.0,98.0,,未確定,C,calculated_ratio_needs_qa,calculated_candidate_only,calculated_ratio_candidate,calculated_same_snippet,https://fantasista-tokyo.jp/wp-content/uploads/2026/05/2026年９月期第２四半期中間期決算短信〔日本基準〕連結.pdf,……………７ （３）中間連結キャッシュ・フロー計算書 ……………………………………………………………………８ （４）中間連結財務諸表に関する注記事項 ……………………………………………………………………10 （継続企業の前提に関する注記） ……………………………………………………………………………10 （株主資本の金額に著しい変動があった場合の注記） ……………………………………………………10 （四半期連結キャッシュ・フロー計算書関係） ……………………………………………………………10 （セグメント情報等の注記） …………………………………………………………………………………11 （重要な後発事象） ……………………………………………………………………………………………12 株式会社ｆａｎｔａｓｉｓｔａ(1783) 2026年９月期 第２四半期(中間期)決算短信 2 １．当中間連結会計期間の経営成績等の概況 （１）経営成績に関する説明 当中間連結会計期間におけるわが国の経済は、雇用・所得環境の改善を背景として、総じて緩やかな回復基調を維 持いたしました。 一方で、物価上昇の長期化や円安基調の継続に加え、米国・中東情勢をはじめとする国際情勢の緊張の高まり、な らびに米国および中国などの大国とわが国との関係性の変化を背景として、エネルギー価格や金融市場の変動リスク が意識されるなど、先行きに対する不透明感は依然として高い状況にあります。 このような経済環境のもと、当社の主業である不動産分野におきましては、堅調な需要を背景に需給環境は引き続 き良好であり、住宅地・商業地・工業地のいずれの用途においても地価は上昇基調を維持するなど、総じて底堅い動 きとなりました。 以上の結果、当中間連結会計期間の業績は、売上高16億３百万円（前年同期比76.5％減少）、営業利益94百万円 （前年同期比477.3％増加）、経常利益62百万円（前年同期は２億５百万円）、親会社株主に帰属する中間純損失23百 万円（前年同期比89.1％減少）となりました。 セグメントの業績は次のとおりです。なお、以下の売上高にはセグメント間の内部売上高を含んでおりません。 １） リアルエステート事業 当事業におきましては、期中売却を予定している都内大型案件の販売準備を進める一方、当中間連結会計期間に おいては中小型物件の売却および仲介手数料収益が中心となったことから、売上高は前年同期比で減少いたしまし た。 しかしながら、売上総利益面では、利益率の高い仲介手数料収益の増加に加え、インバウンド需要の回復を背景 としたホテル事業の収益が寄与したことから、セグメント利益は前年同期並みの水準を確保いたしました。 この結果、当中間連結会計期間における業績は、売上高13億84百万円（前年同期比79.2％減少）、営,EQUITY,Real Estate,Real Estate - Diversified
1,1783,"Fantasista Co., Ltd.",蓄電池,GX・エネルギー,97.78,,92.0,90.0,,未確定,C,calculated_ratio_needs_qa,calculated_candidate_only,calculated_ratio_candidate,calculated_same_snippet,https://fantasista-tokyo.jp/wp-content/uploads/2026/08/notice_fs260814.pdf,14百万円（前年同期は営業利益23百万円）、経常利益１億50百万円（前年同期は経常損失１億88百万円）、親会社株 主に帰属する四半期純損失17百万円（前年同期は親会社株主に帰属する四半期純損失２億23百万円）となりました。 セグメントの業績は次のとおりであります。 なお、以下の売上高にはセグメント間の内部売上高を含んでおりません。 １）リアルエステート事業 当事業におきましては、都内大型案件の販売に向けた準備を進めるとともに、中小型物件の売却及び仲介 業務を推進いたしました。また、インバウンド需要を背景としたホテル事業も堅調に推移いたしました。こ の結果、売上高19億84百万円（前年同期比73.7％減少）、営業利益４億86百万円（前年同期比22.2％増加） となりました。 ２）ヘルスケア事業 当事業におきましては、既存のサプリメント商品である5-ALA（ファイブアラ）の販売に加え、新商品とし て、男性向けサプリメント「ZINC×5-ALA」（昨年１2月）、ペット向けサプリメント「ファイブアラ犬猫 用」（3月）、こども向けサプリメント「ぞうさんのすまいるルテイン」（7月）を投入し、ブランド＆商品 の認知向上のための先行投資を継続いたしました。この結果、当第３四半期連結累計期間は、売上高94百万 円（前年同期売上高１億５百万円）、営業損失13百万円（前年同期営業利益４百万円）となりました。 ３）クリーンエネルギー事業 当事業におきましては、系統用蓄電池関連事業の推進に加え、「群馬太田蓄電所（fantasista gunma PSS）」の運営を通じて電力需給調整市場での収益を計上いたしました。この結果、売上高２億61百万円（前 年同期売上高１億49百万円）、営業利益１億76百万円（前年同期営業利益51百万円）となりました。 ４）その他 当事業におきましては、第３四半期連結会計期間より連結子会社となった株式会社アモティのリユース事 業の業績が寄与いたしました。この結果、売上高３億40百万円、営業利益43百万円を計上いたしました。当 期末には独立のセグメントとする方針であります。 株式会社ｆａｎｔａｓｉｓｔａ(1783) 2026年９月期 第３四半期決算短信 3 （２）財政状態に関する説明 資産、負債及び純資産の状況 １） 資産 当第３四半期連結累計期間末の総資産は、前連結会計年度末に比べて18億42百万円増加し、110億80百万円と なりました。 流動資産は17億90百万円増加し93億１百万円、固定資産は52百万円増加し17億78百万円となりました。 流動資産増加の主な要因は、販売用不動産の増加10億62百万円、前渡金の増加２億17百万円、未収入金の増加 ３億15百万円などです。 固定資産増加の主な要因は、建物及び構築物の増加69百万円、土地の増加72百万円、有形固,EQUITY,Real Estate,Real Estate - Diversified
1,1786,Oriental Shiraishi Corporation,国土強靱化,防衛・国土強靱化,,,46.0,34.0,,未確定,C,revenue_share_unknown,unknown,unknown,,,売上構成比を公式資料から数値で確認できず,EQUITY,Industrials,Engineering & Construction
1,1786,Oriental Shiraishi Corporation,建設,不動産・建設,,,100.0,92.0,,未確定,C,revenue_share_unknown,unknown,unknown,,,売上構成比を公式資料から数値で確認できず,EQUITY,Industrials,Engineering & Construction
1,1786,Oriental Shiraishi Corporation,耐震化,防衛・国土強靱化,,,46.0,34.0,,未確定,C,revenue_share_unknown,unknown,unknown,,,売上構成比を公式資料から数値で確認できず,EQUITY,Industrials,Engineering & Construction
1,1787,"Nakabohtec Corrosion Protecting Co.,Ltd.",国土強靱化,防衛・国土強靱化,,,42.0,30.0,,未確定,C,revenue_share_unknown,unknown,unknown,,,売上構成比を公式資料から数値で確認できず,EQUITY,Industrials,Metal Fabrication
1,1788,Santo Corporation,下水道,防衛・国土強靱化,,,92.0,90.0,,未確定,C,revenue_share_unknown,unknown,unknown,,https://www.santo.co.jp/,あなたに 技術を社会に 笑顔をあなたに 三東工業社は、1954年に土木を柱として創業いたしました。 以来、建築事業、環境事業にも分野を広げ、技術革新を進めながら、道路や橋、ダムなどのインフラ整備はもとより、琵琶湖周辺の環境保全活動、工業建築物や工場、店舗等の建築工事なども幅広く手掛けております。 これまで積み上げてきた信頼と実績をもとに、最新技術の導入・活用で更なる事業の拡大を目指してまいります。 歴史と伝統 創業 70 年 以上の歴史 滋賀県の上場10社のうち 建設業としては のみ SDGS・CSR・ESGの取り組み これまでの10の取り組みを継続し発展します 地域貢献活動 少年野球大会主催 環境保全への取り組み 植樹活動 社会貢献活動 美知メセナ・まち美化活動 品質環境方針 建設業の原点にかえり現場力を高め顧客に満足と誇りを提供する BUSINESS 事業内容 土木事業 一般土木工事、下水道工事、地盤改良工事、舗装工事 etc. 建築事業 宿泊施設、事務所・庁舎、倉庫・流通施設、マンション・住宅、教育・文化施設、医療・福祉施設、寺社・仏閣、娯楽施設 etc. 環境開発事業 土地造成開発、マンション・ビル開発、賃貸事業、CLT etc. 三東工業社の技術 CLT工法 広がる木材の可能性 TRD工法 等厚式ソイルセメント地中連続壁工法 i-Construction 作業効率が飛躍的に向上 JST工法 ２液瞬結攪拌工法 SPR工法 パイプライン更生工法 管推進工法 都市と人の快適をつなぐ推進工法 company 会社情報 news 三東ニュース 2026.08.06 お知らせ 当社社長のインタビュー記事が「社長名鑑」に掲載されました 2026.08.06 お知らせ 令和8年度 安全衛生大会を開催いたしました 2026.08.06 お知らせ 協力会社様へ向けた「健康経営優良法人認定制,EQUITY,Industrials,Engineering & Construction
1,1788,Santo Corporation,建設,不動産・建設,,,97.0,100.0,,未確定,C,revenue_share_unknown,unknown,unknown,,https://www.santo.co.jp/,わせ 電子公告 株主総会資料 採用情報 採用情報トップ 社長メッセージ セクション紹介 職場環境／福利厚生 募集要項 先輩メッセージ キャリアパス ニュース お問い合わせ プライバシーポリシー 01 02 03 news 2026/08/06 お知らせ 当社社長のインタビュー記事が「社長名鑑」に掲載されました 技術を社会に 笑顔をあなたに 技術を社会に 笑顔をあなたに 三東工業社は、1954年に土木を柱として創業いたしました。 以来、建築事業、環境事業にも分野を広げ、技術革新を進めながら、道路や橋、ダムなどのインフラ整備はもとより、琵琶湖周辺の環境保全活動、工業建築物や工場、店舗等の建築工事なども幅広く手掛けております。 これまで積み上げてきた信頼と実績をもとに、最新技術の導入・活用で更なる事業の拡大を目指してまいります。 歴史と伝統 創業 70 年 以上の歴史 滋賀県の上場10社のうち 建設業としては のみ SDGS・CSR・ESGの取り組み これまでの10の取り組みを継続し発展します 地域貢献活動 少年野球大会主催 環境保全への取り組み 植樹活動 社会貢献活動 美知メセナ・まち美化活動 品質環境方針 建設業の原点にかえり現場力を高め顧客に満足と誇りを提供する BUSINESS 事業内容 土木事業 一般土木工事、下水道工事、地盤改良工事、舗装工事 etc. 建築事業 宿泊施設、事務所・庁舎、倉庫・流通施設、マンション・住宅、教育・文化施設、医療・福祉施設、寺社・仏閣、娯楽施設 etc. 環境開発事業 土地造成開発、マンション・ビル開発、賃貸事業、CLT etc. 三東工業社の技術 CLT工法 広がる木材の可能性 TRD工法 等厚式ソイルセメント地中連続壁工法 i-Construction 作業効率が飛躍的に向上 JST工法 ２液瞬結攪拌工法 SPR工法 パイプライン更生工法,EQUITY,Industrials,Engineering & Construction
1,1788,Santo Corporation,防災,防衛・国土強靱化,,,92.0,96.0,,未確定,C,revenue_share_unknown,unknown,unknown,,,売上構成比を公式資料から数値で確認できず,EQUITY,Industrials,Engineering & Construction
1,1795,Masaru Corporation,マンション関連,不動産・建設,,,92.0,84.0,,未確定,C,revenue_share_unknown,unknown,unknown,,,売上構成比を公式資料から数値で確認できず,EQUITY,Industrials,Engineering & Construction
1,1795,Masaru Corporation,建設,不動産・建設,,,90.0,82.0,,未確定,C,revenue_share_unknown,unknown,unknown,,,売上構成比を公式資料から数値で確認できず,EQUITY,Industrials,Engineering & Construction
1,1798,Moriya Corporation,再生可能エネルギー,GX・エネルギー,,,8.0,5.0,,未確定,C,revenue_share_unknown,unknown,unknown,,,売上構成比を公式資料から数値で確認できず,EQUITY,Industrials,Engineering & Construction
1,1798,Moriya Corporation,建設,不動産・建設,,,96.0,88.0,,未確定,C,revenue_share_unknown,unknown,unknown,,https://www.moriya-s.co.jp/,株式会社守谷商会 ー 長野県長野市の総合建設会社 本文へ移動 TEL. 1111-111-111 守谷商会について 最近の主な受賞等 守谷のもり 守谷の仲間 レクレーション・ボランティア等 現場紹介 会社案内 ごあいさつ 会社概要 コンプライアンス 安全への取り組み ISO 事業所一覧 本社 佐久営業所 上越営業所 新潟営業所 松本支店 飯田営業所 あづみ野営業所 東京支店 渋谷営業所 名古屋支店 関連会社 リンク集 技術・施工物件案内 守谷の技術 ZEBプランナー ◆守谷の地中熱◆ 施工作品紹介 公共・文化施設 ホテル・保養所・宿泊施設 オフィスビル・商業施設 教育・研究施設 医療・葬祭・福祉施設 宗教施設 生産・流通施設（工場・倉庫） 共同住宅・個人住宅・社宅 土木部門全般 History of MORIYA 旧制松本高等学校 長野県内初の鉄骨鉄筋コンクリート建築 電弧溶接工法の採用 パワーショベルの登場 現場事務所にプレハブ登,EQUITY,Industrials,Engineering & Construction
1,1799,Daiichi Kensetsu Corporation,鉄道関連,物流・海運,,,92.0,98.0,,未確定,C,revenue_share_unknown,unknown,unknown,,https://www.daiichi-kensetsu.co.jp/,第一建設工業株式会社 メニューを開く 技術とソリューション Technology & Solution 技術とソリューション 技術とソリューショントップへ D-flip工法 Sto乾式吹付けモルタル工法 ZEB・ZEH-M 事業紹介 Business 事業紹介 事業紹介トップへ 土木事業 建築事業 線路事業 不動産事業 実績紹介 Works 実績紹介 実績紹介トップへ 土木 鉄道関連（土木） 公共事業関連 建築 鉄道関連（建築） 公共施設 教育・文化施設 医療・福祉施設 商業施設 事務所・倉庫・工場 共同住宅 線路 軌道新設 線路保守・修繕 会社情報 Company 会社情報 会社情報トップへ 社長ご挨拶 経営理念 会社概要 数字で見る第一建設工業 役員紹介 沿革 事業所一覧 ESG・SDGsへの取り組み 環境への取り組み 健康経営への取り組み メディアギャラリー ニュース News ニュース ニューストップへ 全て お知らせ 採用情報 投資家情報 投資家情報トップへ 株主・投資家の皆様へ 財務ハイライト 電子公告 IR資料 中期経営計画 株主総会 株式事務のご案内 IRカレンダー IRニュース 採用情報 採用情報トップへ 新卒採用サイト キャリア採用情報 資料請求フォーム 協力会社の皆様へ 協力会社の皆様へトップへ 資料ダウンロード 協力業者募集 お問い合わせ,EQUITY,Industrials,Engineering & Construction
1,1801,Taisei Corporation,サーバー冷却,データセンター・電力,,,8.0,5.0,,未確定,C,revenue_share_unknown,unknown,unknown,,,売上構成比を公式資料から数値で確認できず,EQUITY,Industrials,Engineering & Construction
1,1801,Taisei Corporation,サービスロボット,設備投資・機械,,,8.0,5.0,,未確定,C,revenue_share_unknown,unknown,unknown,,,売上構成比を公式資料から数値で確認できず,EQUITY,Industrials,Engineering & Construction
1,1801,Taisei Corporation,マンション関連,不動産・建設,,,8.0,5.0,,未確定,C,revenue_share_unknown,unknown,unknown,,,売上構成比を公式資料から数値で確認できず,EQUITY,Industrials,Engineering & Construction
1,1801,Taisei Corporation,不動産関連,不動産・建設,,,8.0,5.0,,未確定,C,revenue_share_unknown,unknown,unknown,,,売上構成比を公式資料から数値で確認できず,EQUITY,Industrials,Engineering & Construction
1,1801,Taisei Corporation,国土強靱化,防衛・国土強靱化,,,42.0,42.0,,未確定,C,revenue_share_unknown,unknown,unknown,,,売上構成比を公式資料から数値で確認できず,EQUITY,Industrials,Engineering & Construction
1,1801,Taisei Corporation,建設,不動産・建設,,,94.0,98.0,,未確定,C,revenue_share_unknown,unknown,unknown,,,売上構成比を公式資料から数値で確認できず,EQUITY,Industrials,Engineering & Construction
1,1801,Taisei Corporation,耐震化,防衛・国土強靱化,,,8.0,5.0,,未確定,C,revenue_share_unknown,unknown,unknown,,,売上構成比を公式資料から数値で確認できず,EQUITY,Industrials,Engineering & Construction
1,1801,Taisei Corporation,防災,防衛・国土強靱化,,,8.0,5.0,,未確定,C,revenue_share_unknown,unknown,unknown,,,売上構成比を公式資料から数値で確認できず,EQUITY,Industrials,Engineering & Construction
1,1801,Taisei Corporation,風力発電,GX・エネルギー,,,8.0,5.0,,未確定,C,revenue_share_unknown,unknown,unknown,,,売上構成比を公式資料から数値で確認できず,EQUITY,Industrials,Engineering & Construction
1,1802,Obayashi Corporation,サーバー冷却,データセンター・電力,,,8.0,5.0,,未確定,C,revenue_share_unknown,unknown,unknown,,,売上構成比を公式資料から数値で確認できず,EQUITY,Industrials,Engineering & Construction
1,1802,Obayashi Corporation,再開発,不動産・建設,,,8.0,5.0,,未確定,C,revenue_share_unknown,unknown,unknown,,,売上構成比を公式資料から数値で確認できず,EQUITY,Industrials,Engineering & Construction
1,1802,Obayashi Corporation,国土強靱化,防衛・国土強靱化,,,50.0,48.0,,未確定,C,revenue_share_unknown,unknown,unknown,,,売上構成比を公式資料から数値で確認できず,EQUITY,Industrials,Engineering & Construction
1,1802,Obayashi Corporation,建設,不動産・建設,,,97.0,99.0,,未確定,C,revenue_share_unknown,unknown,unknown,,,売上構成比を公式資料から数値で確認できず,EQUITY,Industrials,Engineering & Construction
1,1802,Obayashi Corporation,核融合発電,GX・エネルギー,,,8.0,5.0,,未確定,C,revenue_share_unknown,unknown,unknown,,,売上構成比を公式資料から数値で確認できず,EQUITY,Industrials,Engineering & Construction
1,1802,Obayashi Corporation,水素,GX・エネルギー,,,8.0,5.0,,未確定,C,revenue_share_unknown,unknown,unknown,,,売上構成比を公式資料から数値で確認できず,EQUITY,Industrials,Engineering & Construction
1,1802,Obayashi Corporation,耐震化,防衛・国土強靱化,,,8.0,5.0,,未確定,C,revenue_share_unknown,unknown,unknown,,,売上構成比を公式資料から数値で確認できず,EQUITY,Industrials,Engineering & Construction
1,1802,Obayashi Corporation,鉄道関連,物流・海運,,,86.0,88.0,,未確定,C,revenue_share_unknown,unknown,unknown,,,売上構成比を公式資料から数値で確認できず,EQUITY,Industrials,Engineering & Construction
1,1802,Obayashi Corporation,防災,防衛・国土強靱化,,,8.0,5.0,,未確定,C,revenue_share_unknown,unknown,unknown,,,売上構成比を公式資料から数値で確認できず,EQUITY,Industrials,Engineering & Construction
1,1802,Obayashi Corporation,風力発電,GX・エネルギー,,,58.0,56.0,,未確定,C,revenue_share_unknown,unknown,unknown,,,売上構成比を公式資料から数値で確認できず,EQUITY,Industrials,Engineering & Construction
1,1803,Shimizu Corporation,スマートグリッド,データセンター・電力,,,8.0,5.0,,未確定,C,revenue_share_unknown,unknown,unknown,,,売上構成比を公式資料から数値で確認できず,EQUITY,Industrials,Engineering & Construction
1,1803,Shimizu Corporation,介護関連,医療・ヘルスケア,,,8.0,5.0,,未確定,C,revenue_share_unknown,unknown,unknown,,,売上構成比を公式資料から数値で確認できず,EQUITY,Industrials,Engineering & Construction
1,1803,Shimizu Corporation,国土強靱化,防衛・国土強靱化,,,50.0,50.0,,未確定,C,revenue_share_unknown,unknown,unknown,,,売上構成比を公式資料から数値で確認できず,EQUITY,Industrials,Engineering & Construction
1,1803,Shimizu Corporation,建設,不動産・建設,,,90.0,94.0,,未確定,C,revenue_share_unknown,unknown,unknown,,https://www.shimz.co.jp/,子どもたちに誇れるしごとを。清水建設 お問い合わせ FAQ お知らせ サイト内検索 JP EN トップページ 企業情報 企業情報 戻る 企業情報 トップメッセージ 会社概要 役員一覧 沿革 経営方針 コーポレート・ガバナンス コーポレートメッセージ ダイバーシティ・エクイティ＆インクルージョン ダイバーシティ・エクイティ＆インクルージョン 清水建設のダイバーシティ推進 清水建設のダイバーシティ推進 インタビュー 清水建設のダイバーシティ宣言 女性活躍推進 女性活躍推進 データブック けんせつ小町 シミズ・ウーマン 女性管理職座談会 外国籍従業員の活躍推進 外国籍従業員の活躍推進 シミズ・メンバーズ 障がい者雇用・活躍推進 障がい者雇用・活躍推進 データブック シミズ・メンバーズ ワークライフバランス ワークライフバランス データブック 家族の日 LGBTQ+ LGBTQ+ ALLYの会 理解促進活動 インクルーシブリーダー（,EQUITY,Industrials,Engineering & Construction
1,1803,Shimizu Corporation,水素,GX・エネルギー,,,90.0,96.0,,未確定,C,revenue_share_unknown,unknown,unknown,,https://www.shimz.co.jp/,ブリーダー（イクボス） インクルーシブリーダー（イクボス） 上司座談会 メディア掲載情報 メディア掲載情報 2026年 2025年 2024年 2023年 2022年 2021年 2020年以降はこちら ダイバーシティ新着一覧 コーポレートレポート シミズのDX ニュースリリース 事業紹介 建築事業 土木事業 海外建設事業 不動産開発事業 エンジニアリング事業 グリーンエネルギー開発事業 フロンティア事業 事業トピックス 事業所一覧 事業所一覧 本社 建築総本部 土木総本部 北海道支店 東北支店 北陸支店 東京支店 東京木工場 横浜支店 千葉支店 名古屋支店 関西支店 四国支店 広島支店 九州支店 土木東京支店 投資開発本部 エンジニアリング事業本部 技術研究所 NOVARE 海外の事業所一覧 シミズグループ 技術研究所 技術研究所 研究開発トピックス 研究開発トピックス 免震・制震技術 水素活用技術 音声ナビゲーションシステム 美観に優れたコンクリート 研究組織 研究組織 建設基盤技術センター 環境基盤技術センター 安全安心技術センター エネルギー技術センター 社会システム技術センター 未来創造技術センター 研究施設 研究施設 材料実験棟 大型構造実験棟 遠心実験棟 多目的実験棟 風洞実験棟 音響実験棟 環境実験ブロック クリーンルーム実験棟 先端地震防災研究棟 耐火実験ブロック 岩石実験ブロック サイバー実験棟 ビオトープ 技術のショールーム 技術のショールーム 建設技術歴史展示室 オープンイノベーション 人員構成・受賞・沿革 アクセス＆マップ NOVARE Shimz DESIGN CM・広告ライブラリー シミズ・ドリーム PRコンテンツ 清水建設のSNSについて シミズのあゆみ Photo Gallery「the 現場」 マンガで読む「シミズのイノベーションが生まれた日,EQUITY,Industrials,Engineering & Construction
1,1803,Shimizu Corporation,耐震化,防衛・国土強靱化,,,8.0,5.0,,未確定,C,revenue_share_unknown,unknown,unknown,,,売上構成比を公式資料から数値で確認できず,EQUITY,Industrials,Engineering & Construction
1,1803,Shimizu Corporation,防災,防衛・国土強靱化,,,90.0,96.0,,未確定,C,revenue_share_unknown,unknown,unknown,,https://www.shimz.co.jp/,エネルギー開発事業 フロンティア事業 事業トピックス 事業所一覧 事業所一覧 本社 建築総本部 土木総本部 北海道支店 東北支店 北陸支店 東京支店 東京木工場 横浜支店 千葉支店 名古屋支店 関西支店 四国支店 広島支店 九州支店 土木東京支店 投資開発本部 エンジニアリング事業本部 技術研究所 NOVARE 海外の事業所一覧 シミズグループ 技術研究所 技術研究所 研究開発トピックス 研究開発トピックス 免震・制震技術 水素活用技術 音声ナビゲーションシステム 美観に優れたコンクリート 研究組織 研究組織 建設基盤技術センター 環境基盤技術センター 安全安心技術センター エネルギー技術センター 社会システム技術センター 未来創造技術センター 研究施設 研究施設 材料実験棟 大型構造実験棟 遠心実験棟 多目的実験棟 風洞実験棟 音響実験棟 環境実験ブロック クリーンルーム実験棟 先端地震防災研究棟 耐火実験ブロック 岩石実験ブロック サイバー実験棟 ビオトープ 技術のショールーム 技術のショールーム 建設技術歴史展示室 オープンイノベーション 人員構成・受賞・沿革 アクセス＆マップ NOVARE Shimz DESIGN CM・広告ライブラリー シミズ・ドリーム PRコンテンツ 清水建設のSNSについて シミズのあゆみ Photo Gallery「the 現場」 マンガで読む「シミズのイノベーションが生まれた日」 企業情報 基本情報 トップメッセージ 会社概要 役員一覧 沿革 ポリシー 経営方針 コーポレート・ガバナンス コーポレートメッセージ ダイバーシティ・エクイティ＆インクルージョン コーポレートレポート シミズのDX 事業 ニュースリリース 事業紹介 建築事業 土木事業 海外建設事業 不動産開発事業 エンジニアリング事業 グリーンエネルギー開発事業 フロンティア事業,EQUITY,Industrials,Engineering & Construction
1,1803,Shimizu Corporation,風力発電,GX・エネルギー,,,82.0,86.0,,未確定,C,revenue_share_unknown,unknown,unknown,,https://www.shimz.co.jp/company/ir/,予定 2026年11月 2027年3月期第2四半期決算発表 IRカレンダー コーポレート・ガバナンス サステナビリティ 個人投資家の皆様へ 株価情報 PR動画 公開:2025年12月（12分23秒） 放映:2025年12月（18分） 開催:2026年5月（4分15秒） 新着情報 IRニュース ニュースリリース 2026年09月04日 ニュースリリース シミズ ハイウッド ビームに1.5時間耐火仕様をラインナップ 2026年09月02日 ニュースリリース 移動式LiDARを用いた切羽計測システム「S-LiRT」を開発・実用化 2026年08月28日 ニュースリリース 遠隔装薬システム「CHARGE MASTER」の開発を推進 2026年08月18日 ニュースリリース 清水建設×東京科学大学 産学協働の建築生産研究拠点を開設 2026年08月17日 ニュースリリース NEDO「次世代浮体式洋上風力発電システム実証研究（浮体式洋上風力発電の導入促進に資する次世代技術の開発）」に採択 新着情報一覧 経営方針 トップメッセージ 投資家向けメッセージ動画 経営理念 SHIMZ VISION 2030 （長期ビジョン） 中期経営計画〈2024－2026〉 株主・投資家等とのコミュニケーション（対話） IR活動報告（事業説明会等） ディスクロージャーポリシー コーポレート・ガバナンス 基本的な考え方 体制 取締役・監査役・執行役員 役員報酬 政策保有株式 内部統制システムの整備 リスクマネジメント コンプライアンス 財務情報・IRライブラリー 業績ハイライト 売上高・売上総利益の内訳 財務データブック （財務諸表・売上高推移） チャートジェネレーター 決算関連資料 有価証券報告書・四半期報告書 IR関連資料 株主総会資料・「株主のみなさまへ」 （報告書・中間報告書） コーポレートレポート IR動画,EQUITY,Industrials,Engineering & Construction
1,1807,"Watanabe Sato Co., Ltd.",防災,防衛・国土強靱化,,,8.0,5.0,,未確定,C,revenue_share_unknown,unknown,unknown,,https://watanabesato.co.jp/ir/strategy/,4年6月1日付で当社普通株式１株につき２株の割合で株式分割を行っております。 年間配当金額については、当該株式分割前の配当額を記載しております。 自己株式取得 ・株式流動性や成長投資の成果等を勘案した上で検討します。 ③ＥＳＧ経営の推進 サステナビリティマテリアリティ 環境 Environment カーボンニュートラル社会の実現 ・ 省 エネ ルギー設備の導入 ・ 再生可能エネルギーの利用拡大 ・ NEDO事業参画(持続可能なビジネスの実現) ・ 環境負荷の低減効果のある製品利用の推進 社会 Social 人的資本価値の向上 ・ 従業員エンゲージメントの向上 ・ ワークライフバランスの推進 ・ ダイバーシティの推進 ・ 社員の学びへの支援 人権の尊重 ・ 人権方針の策定 ・ サプライチェーンを含めた教育・研修の実施 レジリエンスの強化 ・ インフラの構築・メンテナンスを通した地域貢献 ・ 災害対策や復興に向けた社会貢献 取引先とのパートナーシップの醸成 ・ パートナーシップ構築宣言の厳守 ・ 建設キャリアアップシステムの導入推進 地域・社会への貢献 ・ 事業を通じた地域貢献 ガバナンス Governance コーポレートガバナンスの強化 ・ 取締役会の実効性評価 ・ 内部統制システムの整備 ・ コンプライアンスの徹底 ・ リスクマネジメントの推進 ステークホルダーとの関係強化 ・ 適示適切な情報開示の実施 過去の中期経営計画資料 2021/05/14 中期経営経営計画（2021〜2023年度） 2018/05/17 中期経営経営計画（2018〜2020年度） 企業情報 トップメッセージ パーパス 経営理念・行動規範 会社概要 沿革 役員一覧 組織図 事業所一覧 グループ会社 工事情報 株主・投資家情報 中期経営計画 IRライブラリ 株主・株式情報 電子公告 サステナビリティ サステ,EQUITY,Industrials,Engineering & Construction
1,1808,HASEKO Corporation,マンション関連,不動産・建設,,,92.0,98.0,,未確定,C,revenue_share_unknown,unknown,unknown,,https://www.haseko.co.jp/hc/,﻿ 株式会社長谷工コーポレーション｜住まいと暮らしの創造企業グループ 長谷工グループについて グループ全体像 個人向け事業 マンション管理組合向け事業 法人向け事業 グループ会社一覧 思いを、はせる。 JA EN SEARCH MENU 企業情報 企業情報 トップ 基本情報 トップメッセージ 会社概要 組織体制 役員一覧 事業所一覧 会社沿革 コーポレートガバナンス コンプライアンス及びリスク管理体制 長谷工ライブラリー 長谷工グループ理念 グループ会社一覧 広告ライブラリー お知らせ プレスリリース IRニュース 技術・品質 技術・品質 トップ 設計 施工 技術研究所 長谷工版BIM 長谷工の実績 長谷工テクニカルセンター 長谷工プレミアムアフターサービス IR情報 IR情報 トップ 経営方針・戦略 業績・財務 IRライブラリ 個人投資家の皆さまへ 株式情報 IRニュース IRカレンダー 電子公告 免責事項 IR情報サイトマップ サステナビリティ サステナビリティ トップ サステナビリティ推進担当役員メッセージ サステ,EQUITY,Consumer Cyclical,Residential Construction
1,1808,HASEKO Corporation,介護関連,医療・ヘルスケア,,,8.0,5.0,,未確定,C,revenue_share_unknown,unknown,unknown,,https://www.haseko.co.jp/hc/ir/news/upload_files/20260625_1.pdf,"統括を行っております。 子会社である㈱長谷工不動産 、総合地所㈱ 、㈱長谷工総合開発がマンションの分譲及び賃貸を行っており ます。 子会社である㈱長谷工アーベストが分譲マンションの販売受託を行っております。 子会社である㈱長谷工リアルエステートが不動産の流通仲介 、マンションのリノベーション事業を行って おります。 子会社である㈱長谷工インテックがインテリア販売を行っております。 〔管理運営事業〕 子会社である㈱長谷工管理ホールディングスが分譲マンションの管理事業の統括を行っております。 子会社である㈱長谷工コミュニティ他が分譲マンションの建物管理を行っております。 子会社である㈱長谷工ライブネット他がマンション等の賃貸及び賃貸管理を行っております。 子会社である㈱長谷工ビジネスプロクシーが社宅の管理代行を行っております。 子会社である㈱長谷工シニアウェルデザインが有料老人ホームの運営及び介護保険事業を行っております。 子会社である㈱長谷工システムズ他が印刷等の関連サービス事業を行っております。 〔海外事業〕 子会社であるHASEKO A merica,Inc.他がアメリカ合衆国等にて不動産の開発・販売及び商業施設の運営を行っ ております。 以上、述べた事項を事業系統図によって示すと、次のとおりであります。 ― 7 ― ― 8 ― ４ 【 関係会社の状況】 名称 住所 資本金 又は 出資金 (百万円) 主要な事業 の内容 議決権の 所有割合 (％) 関係内容 (連結子会社) 不二建設㈱ 東京都港区 200 建 設関連事業 1 00.0 当社より事業資金を貸付けております。 当社へ余剰資金を貸付けております。 役員の兼任等 ２ 名 ㈱ハセック(注)２ 東京都港区 100 建設関連事業 100.0 当社の工事を受注し 、当社に建設資材等を納 入しております。 役員の兼任等 ７ 名",EQUITY,Consumer Cyclical,Residential Construction
1,1808,HASEKO Corporation,建設,不動産・建設,,,58.0,54.0,,未確定,C,revenue_share_unknown,unknown,unknown,,https://www.haseko.co.jp/hc/,環境 社会 ガバナンス 特集コンテンツ 思いを、はせる。サステナブルな未来 生物多様性に配慮したマンションづくり 関連情報 サステナビリティニュース 統合報告書 ESGデータ 理念・方針 編集方針・GRIスタンダード対照表 外部からの評価・表彰 採用情報 このたびの「令和8年熊本地震」によりお亡くなりになられた方々に謹んでお悔やみ申しあげますとともに、被災された方々に心よりお見舞い申しあげます。 すべてのニュース 長谷工コーポレーション 長谷工グループ IR サステナビリティ プレスリリース・IRニュース プレスリリース一覧 プレスリリース一覧 IRニュース一覧 サステナビリティニュース一覧 住まいのスタンダードを築いてきた マンション業界のリーディングカンパニー 実績 これまでの実績 マンション施工累計実績 戸 ※ 首都圏： ％ 近畿圏： ％ ※ 技術・品質 設計・施工一貫体制 当社が建設を手掛けるマンション建設の95％ ※ で設計・施工一貫体制を構築しています。現場で得られた知見を全ての設計に生かすことで高い施工品質を保っています。 ※ 2024年実績 設計 施工 3次元設計施工システム 「長谷工版BIM」 現在当社では、マンションに特化した3次元設計施工システム「長谷工版BIM」を、ほぼ全ての設計・施工案件で採用し、効率的で迅速な情報連携を実現しています。 長谷工版BIM 市場ニーズを反映した商品・技術の 研究開発 「住む人が、永く安心して快適に暮らせる住まいづくり」を目指し、顧客や社会の新たなニーズに応えるべく、自社の技術研究所で、マンションの商品・技術に関する様々な研究開発を続けています。 DX戦略 技術研究所 グループ紹介 住まいと暮らしの創造企業グループ 長谷工グループでは、多様化するライフスタイルや日本を取り巻く社会課題や社会環境の変化に対し、ハード・ソフトの,EQUITY,Consumer Cyclical,Residential Construction
1,1810,"Matsui Construction Co., Ltd.",マンション関連,不動産・建設,,,8.0,5.0,,未確定,C,revenue_share_unknown,unknown,unknown,,https://www.matsui-ken.co.jp/module/wp-content/uploads/2026/05/2026年3月期-決算説明資料・資本コストや株価を意識した経営の実現に向けた対応について（アップデート）-1.pdf,",396103,604計 7211,5491,633637不動産事業等 112,71994,552103,029104,242合計 （単位︓百万円） 8 当期の主な受注⼯事 ⼯事場所⼯事名 宮城県（仮称）仙台市太⽩区⼤野⽥１丁⽬共同住宅新築⼯事 東京都武蔵野⼤学武蔵野キャンパス⼤学図書館建替計画 東京都東京消防庁第⼗消防⽅⾯訓練場（７）新築⼯事その２ 東京都旧江⼾川（江⼾川四丁⽬地区）スーパー堤防被覆修景⼯事その２ ⽯川県澁⾕⼯業株式会社 ＳＸ森本⼯場建設⼯事 ⽯川県重要⽂化財總持寺祖院⼤祖堂ほか１６棟保存修理事業 仏殿ほか解体格納⼯事 愛知県ジャストイン太⽥川駅前新築⼯事 兵庫県シュゼット⻄宮浜⼯場新築⼯事 福岡県福岡⼤学新本館（仮称）新築⼯事 福岡県重要⽂化財今村天主堂ほか７基建造物保存修理⼯事（第１期⼯事） 9 当期の主な完成⼯事 ⼯事場所⼯事名 宮城県（仮称）仙台市⻘葉区五橋⼆丁⽬マンションプロジェクト新築⼯事 千葉県（仮称）医療法⼈社団太公会 我孫⼦東邦病院移転新築⼯事 東京都都⽴城南職業能⼒開発センター⼤⽥校（５）改築⼯事 東京都呑川防潮堤耐震補強⼯事（その２０２） 新潟県新潟⼤学（旭町）ヒト脳科学・ヘルスイノベーションセンター（仮称）新営⼯事 岐⾩県⽩川町新庁舎建設⼯事 ⼤阪府JA堺市 本所建替⼯事 和歌⼭県⾼野⼭⾦剛峯寺奥之院燈籠堂改修⼯事 福岡県（仮称）ＬＯＧＩＬＡＮＤ福岡⼩郡（北棟）新築⼯事 ⻑崎県重要⽂化財旧⻑崎英国領事館本館ほか保存修理第２期⼯事 10 太陽光事業発電事業の推進 当社保有の栄町駐⾞場（千葉県船橋市）にソーラーカーポート を設置し、発電した電⼒を本社ビル（東京都中央区）で⾃家 消費する「⾃⼰託送」を2026年6⽉より開始する予定です。 トピックス（サステナビリティへの取り組み） 概要  本社ビルの年間使⽤電⼒の20％程度を賄うことが 可能で、",EQUITY,Industrials,Engineering & Construction
1,1810,"Matsui Construction Co., Ltd.",太陽光発電関連,GX・エネルギー,96.97,,8.0,5.0,,未確定,C,calculated_ratio_needs_qa,calculated_candidate_only,calculated_ratio_candidate,calculated_same_snippet,https://www.matsui-ken.co.jp/module/wp-content/uploads/2026/05/2026年3月期-決算説明資料・資本コストや株価を意識した経営の実現に向けた対応について（アップデート）-1.pdf,"トイン太⽥川駅前新築⼯事 兵庫県シュゼット⻄宮浜⼯場新築⼯事 福岡県福岡⼤学新本館（仮称）新築⼯事 福岡県重要⽂化財今村天主堂ほか７基建造物保存修理⼯事（第１期⼯事） 9 当期の主な完成⼯事 ⼯事場所⼯事名 宮城県（仮称）仙台市⻘葉区五橋⼆丁⽬マンションプロジェクト新築⼯事 千葉県（仮称）医療法⼈社団太公会 我孫⼦東邦病院移転新築⼯事 東京都都⽴城南職業能⼒開発センター⼤⽥校（５）改築⼯事 東京都呑川防潮堤耐震補強⼯事（その２０２） 新潟県新潟⼤学（旭町）ヒト脳科学・ヘルスイノベーションセンター（仮称）新営⼯事 岐⾩県⽩川町新庁舎建設⼯事 ⼤阪府JA堺市 本所建替⼯事 和歌⼭県⾼野⼭⾦剛峯寺奥之院燈籠堂改修⼯事 福岡県（仮称）ＬＯＧＩＬＡＮＤ福岡⼩郡（北棟）新築⼯事 ⻑崎県重要⽂化財旧⻑崎英国領事館本館ほか保存修理第２期⼯事 10 太陽光事業発電事業の推進 当社保有の栄町駐⾞場（千葉県船橋市）にソーラーカーポート を設置し、発電した電⼒を本社ビル（東京都中央区）で⾃家 消費する「⾃⼰託送」を2026年6⽉より開始する予定です。 トピックス（サステナビリティへの取り組み） 概要  本社ビルの年間使⽤電⼒の20％程度を賄うことが 可能で、コスト削減効果も期待できます  想定発電量91,577wh/年 ⾃⼰託送による再⽣可能エネルギーの活⽤ ふなばしソーラー発電所 松井本社ビル 当社は今後も、再⽣可能エネルギーの活⽤を含む 環境負荷の低減に継続的に取り組んでまいります。 ふなばしソーラー発電所（千葉県船橋市） 11 建設現場の脱炭素化を推進 ●外⽪に特殊防⽕断熱パネルを採⽤ ●1階床および屋根裏天井に断熱材を敷込み ●LED照明と⼈感センサーの設置による照明負荷の低減 ●⾼効率空調・換気機器の導⼊ トピックス（サステナビリティへの取り組み） 建設現場におけるCO₂排出量削減を⽬指し、 「シュゼット⻄宮浜⼯場新築⼯事」の仮設現場事務所に おいて「ZEB Ready」認証を取得いたしました。 これは当社初の試みとなります。今後もサステナビリティへの 取り組みを推進してまいります。 仮設現場事務所で『ZEB Ready』認証を取得 12 資本コストや株価を意識した 経営の実現に向けた対応について （アップデート） 13 中期経営計画〈２０２５-2027〉 財務資本戦略［１．基本数値目標（連結）］ 0.0% 1.0% 2.0% 3.0% 4.0% 5.0% 6.0% 7.0% 8.0% 9.0% 0 20 40 60 80 100 120 2021 年度 2022 年度 2023 年度 2024 年度 2025 年度 2027 年度 (目標) 利益額（ 億円） 完成工事総利益 不動産事業等総利益 ROE 2025年度 実績 2027年度 目標 960億円990億円",EQUITY,Industrials,Engineering & Construction
1,1810,"Matsui Construction Co., Ltd.",建設,不動産・建設,90.62,,100.0,100.0,,未確定,C,calculated_ratio_needs_qa,calculated_candidate_only,calculated_ratio_candidate,calculated_same_snippet,https://www.matsui-ken.co.jp/module/wp-content/uploads/2026/05/2026年3月期-決算短信.pdf,"11 （５）連結財務諸表に関する注記事項 …………………………………………………………………………13 (継続企業の前提に関する注記) ………………………………………………………………………………13 (セグメント情報等の注記) ……………………………………………………………………………………13 (１株当たり情報の注記) ………………………………………………………………………………………15 (重要な後発事象の注記) ………………………………………………………………………………………15 ４．その他 ……………………………………………………………………………………………………………16 （１）受注高、売上高及び次期繰越高の状況（個別） ………………………………………………………16 （２）役員の異動 …………………………………………………………………………………………………16 松井建設株式会社(1810) 2026年３月期 決算短信 2 １．経営成績等の概況 （１）当期の経営成績の概況 当連結会計年度におけるわが国経済は、雇用及び所得環境の改善が続く中、個人消費は持ち直しの動きが見ら れ、緩やかな回復基調で推移しました。一方で、依然続く各地紛争の長期化やアメリカの通商政策による影響に 加えて、新たに中東情勢の緊迫化が招く原油高や物流停滞の長期化への懸念が高まっております。 建設業界におきましては、公共投資は底堅く推移し、設備投資は持ち直しの動きが見られるものの、資機材価 格や建設技能者の労務費の上昇等による建設コスト高騰の影響により、依然として先行き不透明な事業環境が続 いております。 このような経済情勢の中で、当連結会計年度の業績は、以下のとおりとなりました。 連結売上高につきましては、前連結会計年度比3.2％減の960億37百万円となりました。 利益につきましては、営業利益は、前連結会計年度比67.3％増の56億59百万円、経常利益は同62.1％増の62億 31百万円、親会社株主に帰属する当期純利益は同59.6％増の43億50百万円となりました。 セグメントの業績は以下のとおりです。 (建設事業) 完成工事高につきましては、前連結会計年度比2.7％減の944億70百万円となりました。利益につきましては、 完成工事総利益率の改善によりセグメント利益(営業利益)は同70.3％増の62億３百万円となりました。 なお、当社単体の建設受注高につきましては、前事業年度比1.9％減の1,013億96百万円となり、その内訳は建 築工事が同2.2％減の1,001億85百万円、土木工事が同21.8％増の12億10百万円となりました。 (不動産事業等) 不動産事業等売上高は、連結子会社における開発型不動産売上の減少により、前連結会計年度比27.2％減の15 億67百万円と",EQUITY,Industrials,Engineering & Construction
1,1810,"Matsui Construction Co., Ltd.",耐震化,防衛・国土強靱化,,,72.0,78.0,,未確定,C,revenue_share_unknown,unknown,unknown,,https://www.matsui-ken.co.jp/,井角平記念財団 1586年(天正14年)の創業以来、松井建設株式会社の使命となっているのが社寺建築です。日本の風土に根付いた伝統的な文化を新しいかたちで後世に伝えたい。そうした理念のもと、歴史と文化を支えてきた松井建設株式会社の技術は、時代のニーズにお応えしながら新しい歴史をつくりあげています。「社寺の松井」は、これからも歴史と伝統を支えてきた信頼と技術で、社寺建築界をリードしていきます。 会社情報 社長挨拶 会社概要 企業理念体系 企業倫理 サステナビリティ あゆみ(沿革) 役員一覧 事業所一覧 グループ企業 協力会社の皆様へ お問い合わせ 個人情報保護方針 情報セキュリティ基本方針 カスタマーハラスメント基本方針 本サイトご利用について 施工実績 神社・仏閣・文化財 庁舎・オフィスビル 教育・研究・文化 商業・流通・生産 医療・福祉・厚生 住空間 環境整備 技術情報 免震・制振の技術 耐震の技術 多重塔の技術 キャプテンパイル工法 ＺＥＢ・ＺＥＨ-Ｍ 木質構造 投資家の皆様へ IR情報 中期経営計画 決算短信 決算説明資料 有価証券報告書 業績ハイライト IRカレンダー 株主総会資料 株式情報 株価情報 株式事務のご案内 電子公告 採用情報 新卒採用情報 キャリア採用情報 インターンシップ Copyright © Matsui Kensetsu K.K. all rights reserved. PAGE TOP ▲,EQUITY,Industrials,Engineering & Construction
1,1810,"Matsui Construction Co., Ltd.",防災,防衛・国土強靱化,,,8.0,5.0,,未確定,C,revenue_share_unknown,unknown,unknown,,https://www.matsui-ken.co.jp/module/wp-content/uploads/2026/06/有価証券報告書2026.pdf,関する分析及び方針、戦略 気候変動によって自社が被るリスクと機会の特定及び評価と対応策の検討にあたり、当社グループではIPCCやIEA が公表するシナリオを用いて、産業革命期頃の世界平均気温と比較して2100年頃までに4℃上昇する4℃シナリオ と、パリ協定並びにCOP26での世界的合意を踏まえた1.5℃目標の達成を前提として気温上昇が抑制される1.5℃シナ リオ（2℃未満シナリオを含む）の2つのシナリオを設定し、それぞれの世界観における2030年時点での当社グルー プへの影響について分析を実施した。 4℃シナリオにおいては台風や大雨をはじめとする異常気象の激甚化に伴う物理的リスクが拡大することによる直 接的な被害が想定されるほか、慢性的な気温上昇により屋外での労働環境悪化による熱中症リスクの拡大や生産効 率の低下をはじめとした影響を認識している。一方で、気象災害の被害防止・抑制を見据えた、防災減災工事需要 の拡大も見込んでおり、事業機会ひいては社会貢献の可能性の1つとして捉えている。 1.5℃シナリオでも4℃シナリオと同様に物理的リスクが拡大する可能性も確認しているほか、脱炭素化への移行 に向けた取り組みによる影響が大きくなると想定しており、炭素税の導入や再生可能エネルギー発電の導入による 電力価格の高騰をはじめとした支出増加、サプライチェーンにおける同様の影響からのセメントや鉄原材料のコス ト増が想定される。一方で、省エネ・再エネ需要の拡大からZEBの普及や再エネ関連工事の増加が見込まれ、積極的 な関連工事への参画による事業機会を確認している。 EDINET提出書類 松井建設株式会社(E00064) 有価証券報告書 9/117 項目 2030年における影響 現在の取り組み、対応方針 種類 事象 4℃ 1.5℃ （2℃ 未満） シナリ オ シナリ オ 移 行 リ ス ク リ ス,EQUITY,Industrials,Engineering & Construction
1,1811,The Zenitaka Corporation,建設,不動産・建設,92.52,,94.0,96.0,,未確定,C,calculated_ratio_needs_qa,calculated_candidate_only,calculated_ratio_candidate,calculated_same_snippet,https://www.zenitaka.co.jp/news/shi2603-3.pdf,"……………………………… 5 四半期連結包括利益計算書 第３四半期連結累計期間 ……………………………………………………………………………………… 6 （３）四半期連結財務諸表に関する注記事項 ………………………………………………………………………… 7 （セグメント情報等の注記） ……………………………………………………………………………………… 7 （株主資本の金額に著しい変動があった場合の注記） ………………………………………………………… 8 （継続企業の前提に関する注記） ………………………………………………………………………………… 8 （四半期連結キャッシュ・フロー計算書に関する注記） ……………………………………………………… 8 ３．補足情報 ………………………………………………………………………………………………………………… 8 （１）個別受注情報 ……………………………………………………………………………………………………… 8 ○添付資料の目次 - 1 - 株式会社錢高組（１８１１） 2026年３月期 第３四半期決算短信 １．経営成績等の概況 （１）当四半期の経営成績の概況 当第３四半期連結累計期間における世界経済は、米国の通商政策の影響について留意が必要なものの、総じてみ れば回復基調にあります。わが国経済においては、物価上昇の継続による個人消費への影響はあるものの、雇用・ 所得環境は改善し、企業収益は高水準を維持しており、緩やかに回復しております。 建設市場においては、民間設備投資は堅調に推移しております。資材価格については一部下落傾向にあるものの 全般的には高値で推移し、労務費は引き続き上昇基調であり 、依然として厳しい経営環境 が続く見通しでありま す。 このような状況のもと、当第３四半期連結累計期間の経営成績は次のとおりとなりました。 売上高につきましては 、建設事業90,683百万円に不動産事業2,007百万円を加えた92,691百万円（前年同四半期 比12.1％増）となりました。利益面につきましては、営業利益は3,474百万円（前年同四半期比113.6％増）、経常 利益は5,070百万円（前年同四半期比63.8％増）、親会社株主に帰属する四半期純利益は2,966百万円（前年同四半 期比34.2％増）となりました。 （２）当四半期の財政状態の概況 当第３四半期連結会計期間末における 資産の部は、前連結会計年度末比 7,090百万円増（3.4％増）の213,851百 万円となりました 。その内訳としましては 、流動資産 は、前連結会計年度末比 10,332百万円減 （9.2％減）の 102,153百万円、固定資産は、前連結会計年度末比17,422百万円増（18.5％増）の111,697百万円となりました。 負債の部は、前連",EQUITY,Industrials,Engineering & Construction
1,1811,The Zenitaka Corporation,耐震化,防衛・国土強靱化,97.93,,8.0,5.0,,未確定,C,calculated_ratio_needs_qa,calculated_candidate_only,calculated_ratio_candidate,calculated_same_snippet,https://www.zenitaka.co.jp/news/shi2603-4.pdf,"……………………………… 13 ４．個別財務諸表及び主な注記 （１）貸借対照表 ……………………………………………………………………………………… 14 （２）損益計算書 ……………………………………………………………………………………… 17 （３）株主資本等変動計算書 ………………………………………………………………………… 19 ５．受注、売上高の状況 ………………………………………………………………………………… 21 ○添付資料の目次 - 1 - ㈱錢高組 （１８１１） 2026年３月期 決算短信 ・国立大学法人東北大学 東北大学（青葉山３）産学共創拠点施設新営工事 宮城県 ・大和ハウス寒川開発特定 目的会社 ＤＰＬ寒川Ⅰ新築工事 神奈川県 ・株式会社明治 神奈川新工場建設建築工事 神奈川県 ・北陸地方整備局 千曲川上今井遊水地可動堰本体工事 長野県 ・九州地方整備局 日南・志布志道路中尾橋上部工工事 鹿児島県 ・岩手県 一般国道281号下平トンネル築造工事 岩手県 ・京セラ株式会社 鹿児島川内工場第２３工場１階～４階、６階内装設 備工事 鹿児島県 ・三井不動産株式会社 岡崎商業施設新築計画新築工事 愛知県 ・学校法人北里研究所 北里大学相模原キャンパス大学図書館新築工事 神奈川県 ・関東地方整備局 霞ヶ浦導水石岡トンネル（第４工区）新設工事 茨城県 ・近畿地方整備局 すさみ串本道路鬮野川橋上部工事 和歌山県 ・西日本高速道路株式会社 高知自動車道辺地床第一高架橋他７橋耐震補強工事 愛媛県 高知県 １．経営成績等の概況 （１）当期の経営成績・財政状態の概況 ①当期の経営成績の概況 当連結会計年度の世界経済は、総じて見れば緩やかな回復基調にありましたが、米国の通商政 策、中東情勢の緊迫化などによって不確実性が増大しており、引き続き注視が必要な状況であり ます。また、わが国経済においては、底堅い企業収益や雇用・所得環境の改善により回復基調が 継続しておりましたが、物価上昇は依然継続しており、更に為替相場や金利の動向など、今後の 懸念材料は多岐にわたります。 建設市場においては、民間設備投資は好調な企業収益を背景に堅調に推移し、公共投資も横ば いの動きとなりましたが、エネルギー・資材価格の高騰、労務費の上昇基調は継続しており、依 然として厳しい経営環境下にあります。 このような情勢のもと、当連結会計年度の経営成績は次のとおりとなりました。 受注高につきましては 、建築工事802億円（前期比33.3％減）、土木工事218億円（前期比 45.0％減）の合計1,020億円（前期比36.2％減）であります。 主な受注工事は下記のとおりであります。 売上高につきましては 、建設事業1,228億円（前期比3.9％増）に不動産事業26億円（前期比 9.7％増）を加えた",EQUITY,Industrials,Engineering & Construction
1,1812,Kajima Corporation,サーバー冷却,データセンター・電力,,,8.0,5.0,,未確定,C,revenue_share_unknown,unknown,unknown,,,売上構成比を公式資料から数値で確認できず,EQUITY,Industrials,Engineering & Construction
1,1812,Kajima Corporation,ロボット,AI・半導体,,,8.0,5.0,,未確定,C,revenue_share_unknown,unknown,unknown,,,売上構成比を公式資料から数値で確認できず,EQUITY,Industrials,Engineering & Construction
1,1812,Kajima Corporation,再開発,不動産・建設,,,8.0,5.0,,未確定,C,revenue_share_unknown,unknown,unknown,,,売上構成比を公式資料から数値で確認できず,EQUITY,Industrials,Engineering & Construction
1,1812,Kajima Corporation,国土強靱化,防衛・国土強靱化,,,50.0,54.0,,未確定,C,revenue_share_unknown,unknown,unknown,,,売上構成比を公式資料から数値で確認できず,EQUITY,Industrials,Engineering & Construction
1,1812,Kajima Corporation,太陽光発電関連,GX・エネルギー,,,8.0,5.0,,未確定,C,revenue_share_unknown,unknown,unknown,,,売上構成比を公式資料から数値で確認できず,EQUITY,Industrials,Engineering & Construction
1,1812,Kajima Corporation,建設,不動産・建設,,,94.0,100.0,,未確定,C,revenue_share_unknown,unknown,unknown,,,売上構成比を公式資料から数値で確認できず,EQUITY,Industrials,Engineering & Construction
1,1812,Kajima Corporation,耐震化,防衛・国土強靱化,,,8.0,5.0,,未確定,C,revenue_share_unknown,unknown,unknown,,,売上構成比を公式資料から数値で確認できず,EQUITY,Industrials,Engineering & Construction
1,1812,Kajima Corporation,脱炭素,GX・エネルギー,,,42.0,46.0,,未確定,C,revenue_share_unknown,unknown,unknown,,,売上構成比を公式資料から数値で確認できず,EQUITY,Industrials,Engineering & Construction
1,1812,Kajima Corporation,鉄道関連,物流・海運,,,92.0,100.0,,未確定,C,revenue_share_unknown,unknown,unknown,,,売上構成比を公式資料から数値で確認できず,EQUITY,Industrials,Engineering & Construction
1,1812,Kajima Corporation,防災,防衛・国土強靱化,,,8.0,5.0,,未確定,C,revenue_share_unknown,unknown,unknown,,,売上構成比を公式資料から数値で確認できず,EQUITY,Industrials,Engineering & Construction
1,1812,Kajima Corporation,風力発電,GX・エネルギー,,,58.0,62.0,,未確定,C,revenue_share_unknown,unknown,unknown,,,売上構成比を公式資料から数値で確認できず,EQUITY,Industrials,Engineering & Construction
1,1813,Fudo Tetra Corporation,国土強靱化,防衛・国土強靱化,,,42.0,30.0,,未確定,C,revenue_share_unknown,unknown,unknown,,,売上構成比を公式資料から数値で確認できず,EQUITY,Industrials,Engineering & Construction
1,1813,Fudo Tetra Corporation,建設,不動産・建設,,,94.0,86.0,,未確定,C,revenue_share_unknown,unknown,unknown,,,売上構成比を公式資料から数値で確認できず,EQUITY,Industrials,Engineering & Construction
1,1813,Fudo Tetra Corporation,防災,防衛・国土強靱化,,,8.0,5.0,,未確定,C,revenue_share_unknown,unknown,unknown,,,売上構成比を公式資料から数値で確認できず,EQUITY,Industrials,Engineering & Construction
1,1813,Fudo Tetra Corporation,風力発電,GX・エネルギー,,,8.0,5.0,,未確定,C,revenue_share_unknown,unknown,unknown,,,売上構成比を公式資料から数値で確認できず,EQUITY,Industrials,Engineering & Construction
1,1814,"Daisue Construction Co., Ltd.",マンション関連,不動産・建設,46.67,,92.0,98.0,,未確定,C,calculated_ratio_needs_qa,calculated_candidate_only,calculated_ratio_candidate,calculated_same_snippet,https://www.daisue.co.jp/ir/aboutus/,"26年3月末現 在） ▸連結業績・財務 （2026年3月期） 売上高 ：1,055億円 / 営業利益：65億円 総資産 ： 596億円 / 純資産 ：252億円 事業所 ：全国6拠点（大阪・東京・名古屋・仙台・高松・福岡） グループ会社 ： 大末テクノサービス（株）、やすらぎ（株）、（株）神島組、川西土木（株） 中長期経営計画 ココがポイント 2026年4月に中長期経営計画「Road to 100th anniversary～飛躍への挑戦～」を更新しました。 中長期経営計画の最終年度である2030年度に、売上高1,400億円、 営業利益84億円以上（営業利益率6.0%以上）と業績目標を従来から引き上げています。そして、創業100周年となる2037年に売上高3,000億円を目指します。 “建築事業の強靭化”、“高収益ポートフォリオの拡充”、“経営基盤の次世代化”の3 つの挑戦による抜本的変革を通じて、プライム上場企業として飛躍的な成長を実現します。 IR情報 IRニュース 経営方針 3分で分かる！大末建設 財務ハイライト IRライブラリー 株式について よくあるお問い合わせ 電子公告 ニュース 企業情報 ごあいさつ 経営方針 事業内容 会社概要 役員一覧 組織図 沿革 コーポレート ガバナンス 事業所一覧 動画ギャラリー グループ会社 だいすえってなに？ 実績紹介 施設から探す 物流倉庫・工場 医療・福祉・高齢者住宅 教育・文化・スポーツ 商業施設 庁舎・オフィス イベントホール マンション・集合住宅 リニューアル その他 大阪・関西万博 チェコパビリオン 技術とソリューション 施設やニーズから探す 物流倉庫・工場 医療・福祉・高齢者住宅 教育・文化・スポーツ 商業施設 庁舎・オフィス イベントホール マンション・集合住宅 リニューアル 保有技術を見る 構造技術 施工技術 耐震技術 環境に配慮した技術 高品質技術 プロジェクトレポート IR情報 IRニュース 経営方針 3分で分かる！大末建設 財務ハイライト IRライブラリー 株式について よくあるお問い合わせ 電子公告 サステナビリティ トップコミットメント マテリアリティ（重要課題） 環境 社会 ガバナンス ステークホルダーとのコミュニケーション 統合報告書 DX推進 採用情報 お問い合わせ 一木会 さぁ、あなたも職人に 協力会社の皆様へ 個人情報保護方針 サイトマップ © 2024 大末建設株式会社 All Rights Reserved.",EQUITY,Real Estate,Real Estate - Development
1,1814,"Daisue Construction Co., Ltd.",建設,不動産・建設,65.77,,72.0,68.0,,未確定,C,calculated_ratio_needs_qa,calculated_candidate_only,calculated_ratio_candidate,calculated_same_snippet,https://www.daisue.co.jp/uploads/2026/08/140120260804507777.pdf,"算短信 （単位：百万円） 前第１四半期連結累計期間 (自 2025年４月１日 至 2025年６月30日) 当第１四半期連結累計期間 (自 2026年４月１日 至 2026年６月30日) 売上高 完成工事高 21,251 27,583 不動産事業等売上高 213 204 売上高合計 21,464 27,787 売上原価 完成工事原価 19,248 24,216 不動産事業等売上原価 168 167 売上原価合計 19,416 24,383 売上総利益 完成工事総利益 2,002 3,366 不動産事業等総利益 44 37 売上総利益合計 2,047 3,403 販売費及び一般管理費 1,255 1,298 営業利益 792 2,104 営業外収益 受取利息 0 0 受取配当金 5 12 その他 32 7 営業外収益合計 38 19 営業外費用 支払利息 17 17 支払手数料 9 4 その他 1 0 営業外費用合計 28 23 経常利益 802 2,101 特別利益 固定資産売却益 － 1 特別利益合計 － 1 税金等調整前四半期純利益 802 2,103 法人税、住民税及び事業税 351 609 法人税等調整額 △46 61 法人税等合計 305 671 四半期純利益 496 1,431 非支配株主に帰属する四半期純利益 － － 親会社株主に帰属する四半期純利益 496 1,431 （２）四半期連結損益計算書及び四半期連結包括利益計算書 （四半期連結損益計算書） - 5 - 大末建設㈱（1814）2027年３月期 第１四半期決算短信 （単位：百万円） 前第１四半期連結累計期間 (自 2025年４月１日 至 2025年６月30日) 当第１四半期連結累計期間 (自 2026年４月１日 至 2026年６月30日) 四半期純利益 496 1,431 その他の包括利益 その他有価証券評価差額金 △4 △44 退職給付に係る調整額 2 △11 その他の包括利益合計 △2 △55 四半期包括利益 494 1,375 （内訳） 親会社株主に係る四半期包括利益 494 1,375 非支配株主に係る四半期包括利益 － － （四半期連結包括利益計算書） - 6 - 大末建設㈱（1814）2027年３月期 第１四半期決算短信 （３）四半期連結財務諸表に関する注記事項 （継続企業の前提に関する注記） 該当事項はありません。 （株主資本の金額に著しい変動があった場合の注記） 該当事項はありません。 前第１四半期連結累計期間 （自 2025年４月１日 至 2025年６月30日） 当第１四半期連結累計期間 （自 2026年４月１日 至 2026年６月30日） 減価償却費 111百万円 73百万円 （四半期連結キャッシュ・フロー計算書に関する注記） 当第１四半期連結累計期間に係る四半期連結キ",EQUITY,Real Estate,Real Estate - Development
1,1815,Tekken Corporation,マンション関連,不動産・建設,,,8.0,5.0,,未確定,C,revenue_share_unknown,unknown,unknown,,,売上構成比を公式資料から数値で確認できず,EQUITY,Industrials,Engineering & Construction
1,1815,Tekken Corporation,再開発,不動産・建設,,,8.0,5.0,,未確定,C,revenue_share_unknown,unknown,unknown,,,売上構成比を公式資料から数値で確認できず,EQUITY,Industrials,Engineering & Construction
1,1815,Tekken Corporation,国土強靱化,防衛・国土強靱化,,,50.0,50.0,,未確定,C,revenue_share_unknown,unknown,unknown,,,売上構成比を公式資料から数値で確認できず,EQUITY,Industrials,Engineering & Construction
1,1815,Tekken Corporation,鉄道関連,物流・海運,,,86.0,90.0,,未確定,C,revenue_share_unknown,unknown,unknown,,,売上構成比を公式資料から数値で確認できず,EQUITY,Industrials,Engineering & Construction
1,1815,Tekken Corporation,防災,防衛・国土強靱化,,,8.0,5.0,,未確定,C,revenue_share_unknown,unknown,unknown,,,売上構成比を公式資料から数値で確認できず,EQUITY,Industrials,Engineering & Construction
1,1820,"Nishimatsu Construction Co., Ltd.",ホテル,内需・消費,,,8.0,5.0,,未確定,C,revenue_share_unknown,unknown,unknown,,,売上構成比を公式資料から数値で確認できず,EQUITY,Industrials,Engineering & Construction
1,1820,"Nishimatsu Construction Co., Ltd.",下水道,防衛・国土強靱化,,,82.0,84.0,,未確定,C,revenue_share_unknown,unknown,unknown,,,売上構成比を公式資料から数値で確認できず,EQUITY,Industrials,Engineering & Construction
1,1820,"Nishimatsu Construction Co., Ltd.",不動産関連,不動産・建設,,,42.0,40.0,,未確定,C,revenue_share_unknown,unknown,unknown,,,売上構成比を公式資料から数値で確認できず,EQUITY,Industrials,Engineering & Construction
1,1820,"Nishimatsu Construction Co., Ltd.",国土強靱化,防衛・国土強靱化,,,8.0,5.0,,未確定,C,revenue_share_unknown,unknown,unknown,,,売上構成比を公式資料から数値で確認できず,EQUITY,Industrials,Engineering & Construction
1,1820,"Nishimatsu Construction Co., Ltd.",建設,不動産・建設,,,94.0,96.0,,未確定,C,revenue_share_unknown,unknown,unknown,,https://www.nishimatsu.co.jp/,まかせられる人が、いる。 西松建設株式会社 採用情報 ニュース 協力会社の皆様へ お問い合わせ グループ会社一覧 実績 技術&ソリューション 技術&ソリューション トップ 技術 土木技術 建築技術 環境技術 技術研究所 ソリューション 土木リニューアル 耐震改修 BIM ZEB 地域環境ソリューション事業 アセットバリューアッド事業 技報 閉じる 西松建設について 西松建設について トップ 会社情報 会社情報 トップ 社長挨拶 企業理念 方針一覧 会社概要 コーポレートガバナンス 沿革 役員一覧 グループネットワーク 広告・CM 受賞一覧 西松建設の強み（現場力） 閉じる サステナビリティ サステナビリティ トップ 社長メッセージ サステナビリティの目的と方針 サステナビリティ推進体制 マテリアリティ(重要課題) マテリアリティとKPI 環境 社会 ガバナンス サステナブルファイナンス 統合報告書 閉じる 株主・投資家情報,EQUITY,Industrials,Engineering & Construction
1,1822,Daiho Corporation,下水道,防衛・国土強靱化,70.06,,90.0,68.0,,未確定,C,calculated_ratio_needs_qa,calculated_candidate_only,calculated_ratio_candidate,calculated_same_snippet,https://www.daiho.co.jp/wp/wp-content/uploads/2026/05/20260513-tanshint1.pdf,"年３月期の債務償還年数及びインタレスト・カバレッジ・レシオは、営業キャッシュ・フローがマイナ スであるため記載しておりません。 - 3 - 大豊建設株式会社（1822） 2026年３月期決算短信 （４）今後の見通し 世界経済では、米国の保護主義的関税政策や中東情勢の緊迫化に伴うエネルギー価格の高騰が下押しリスクとな っています。日本経済では、賃上げと脱デフレの好循環が続く一方、円安・物価高が個人消費を圧迫し、先行きに は不透明感が漂っています。 建設業界においては、都市再開発・インフラ更新・防災投資により需要は底堅く推移しているものの、深刻な人 手不足、資材・エネルギーコストの高騰、DX・脱炭素への対応が収益を左右する重要課題となっています。 当社は、中期経営計画で掲げる「事業規模の拡大は追わず、利益最優先」のもと、「人的資本経営の強化」、 「事業構造の変革」の２つの基本方針に基づき、「技術力と高い収益性を併せ持つ、特色あるゼネコン」の確立を 目指します。 まず、「人的資本経営の強化」については、人材確保を最優先課題と位置付け、働き方改革や賃上げを通じて、 社員がいきいきと働ける会社を目指します。また、生産性向上と効率化のために、得意工法における自律施工技術 の実装や施工管理のデジタル化・遠隔化などDX ・ ICT技術の習得を加速させます。 「事業構造の変革」に向け、土木事業では、ニューマチックケーソン・シールドなどの得意分野に経営資源を集 中させ、競争優位性を強化するとともに、下水道リニューアル技術の研究開発を推進してまいります。建築事業で は、官公庁工事の受注に注力しつつ、引き続き選別受注を徹底してまいります。また、M&Aについては、既存事業 を補完・強化し得る企業を対象に、優れた技術の獲得を通じて、大豊グループの持続的な成長を目指してまいりま す。 2027年３月期（2026年度）の通期業績予想につきましては 、連結で売上高157,000百万円（前期比12.3％増）、 経常利益8,000百万円（前期比9.1％増）、親会社株主に帰属する当期純利益4,700百万円（前期比3.1%増）となる 見込みであります。うち、当社の完成工事高で110,000百万円（前期比6.9％増）、経常利益6,200百万円（前期比 6.5%増）、当期純利益3,900百万円（前期比2.8%減）となる見込みであります。 ２．会計基準の選択に関する基本的な考え方 当社グループは、連結財務諸表の期間比較可能性及び企業間の比較可能性を考慮し、当面は、日本基準で連結財務諸 表を作成する方針であります。 なお、ＩＦＲＳの適用につきましては、国内外の諸情勢を考慮の上、適切に対応していく方針であります。 - 4 - 大豊建設株式会社（1822） 2026年３月期決算短信 (単位：百万円) 前連結会計",EQUITY,Industrials,Engineering & Construction
1,1822,Daiho Corporation,国土強靱化,防衛・国土強靱化,9.42,,42.0,42.0,,未確定,C,calculated_ratio_needs_qa,calculated_candidate_only,calculated_ratio_candidate,calculated_same_snippet,https://www.daiho.co.jp/wp/wp-content/uploads/2026/08/20260807-tanshin.pdf,"…………………………………… 7 （会計方針の変更） ………………………………………………………………………………………………… 7 （株主資本の金額に著しい変動があった場合の注記） ………………………………………………………… 7 （四半期連結キャッシュ・フロー計算書に関する注記） ……………………………………………………… 7 （セグメント情報等の注記） ……………………………………………………………………………………… 8 ３．補足情報 ………………………………………………………………………………………………………………… 9 （１）四半期個別受注の概況 …………………………………………………………………………………………… 9 （２）四半期決算の概況 ………………………………………………………………………………………………… 10 ○添付資料の目次 - 1 - 大豊建設株式会社（1822） 2027年３月期 第１四半期決算短信 １．当四半期決算に関する定性的情報 （１）経営成績に関する説明 当第１四半期連結累計期間における我が国経済は、雇用・所得環境の改善や各種政策の効果に支えられ、緩やか な回復を続けました。一方で、物価高騰の継続及び中東紛争に起因する不安定な国際情勢や金融資本市場の変動に よる景気の下振れリスクなど 、先行き不透明感 が増す中、引き続き物価動向及 び経済を注視する必要がありまし た。 このような状況の中、当社グループの主要事業である建設事業では、政府の国土強靭化対策等に基づく防災・イ ンフラ整備を中心とした公共投資が堅調に推移し、民間投資においても、堅調な企業収益や省力化投資への対応を 背景に、持ち直しの動きが見られました。一方で、建設資材費や人件費のさらなる高騰、建設従事者の不足といっ た構造的課題が継続し、事業を取り巻く環境は、引き続き厳しい状況にありました。 このような情勢下におきまして 、当社がビジネスシナジーを 目的として保有している投資有価証券 （非上場株 式）に関しまして、先方の業績動向により株式の実質的価値が著しく下落しその回復の可能性が見込めないものに ついて、減損処理による株式評価損として 289百万円を計上いたしました 。本件につきましては 、2026年５月13日 に発表しました「2027年３月期の連結業績予想」、「2027年３月期の個別業績予想」の修正を伴うものではござい ません。 なお、当社グループを挙げて営業活動を行いました結果、売上高が34,674百万円（前年同期比11.6%増）、売上 総利益が3,268百万円（前年同期比59.6%増）となりましたことから 、営業利益が1,011百万円（前年同期は営業利 益4百万円）、経常利益が774百万円（前年同期比242.4%増）となり、親会社株主に帰属する四半期",EQUITY,Industrials,Engineering & Construction
1,1822,Daiho Corporation,建設,不動産・建設,87.81,,100.0,100.0,,未確定,C,calculated_ratio_needs_qa,calculated_candidate_only,calculated_ratio_candidate,calculated_same_snippet,https://www.daiho.co.jp/ir/pdf/mid_term_businessplan_adjust.pdf,"Page.0 大豊建設株式会社 中期経営計画 信頼に応える 確かな技術 2023 – 27年度 【アジャスト版】 2025年5月9日 Page.1 人と自然が共生する 地球の未来を創造する エンジニリング・コ ントラクタ－であり 続けたい 目次 中期経営計画（2023-27年度）【アジャスト版】の概要 事業の課題及び取り組み 中長期的な展望について 株主還元策について キャッシュ・アロケーションの見通し 本件に関するお問い合わせ先： 大豊建設株式会社 経営企画部 〒104-8289 東京都中央区新川1-24-4 TEL 03-3297-7406 mail daiho-ir@daiho.jp …Ｐ2 …Ｐ3 …Ｐ4 …Ｐ5 …Ｐ6 ※ 本資料に掲載されております計画、 予測または見通しなど将来に関する 事項は、 本資料の発表日現在における当社戦略、 目標、前提または仮定 に基づいており、 実際の業績は、 今後の様々な要因により異なる結果と なる可能性があります。 Page.2 4.6 55.3 -20.7 36.9 0.3% 3.9% 営業利益 純利益 営業利益率 中期経営計画（2023-27年度）【アジャスト版】の概要 2023年度 項目 2023年度実績 2024年度実績 連結売上高 1,632億円 1,433億円 連結営業利益 4.6億円 55.3億円 連結営業利益率 0.3% 3.9% 当期純利益 △20.7億円 36.9億円 ROE △3.0% 5.3% 2025年度計画 2026年度計画 2",EQUITY,Industrials,Engineering & Construction
1,1822,Daiho Corporation,防災,防衛・国土強靱化,15.71,,8.0,5.0,,未確定,C,calculated_ratio_needs_qa,calculated_candidate_only,calculated_ratio_candidate,calculated_same_snippet,https://www.daiho.co.jp/wp/wp-content/uploads/2026/08/20260807-tanshin.pdf,"…… 7 （会計方針の変更） ………………………………………………………………………………………………… 7 （株主資本の金額に著しい変動があった場合の注記） ………………………………………………………… 7 （四半期連結キャッシュ・フロー計算書に関する注記） ……………………………………………………… 7 （セグメント情報等の注記） ……………………………………………………………………………………… 8 ３．補足情報 ………………………………………………………………………………………………………………… 9 （１）四半期個別受注の概況 …………………………………………………………………………………………… 9 （２）四半期決算の概況 ………………………………………………………………………………………………… 10 ○添付資料の目次 - 1 - 大豊建設株式会社（1822） 2027年３月期 第１四半期決算短信 １．当四半期決算に関する定性的情報 （１）経営成績に関する説明 当第１四半期連結累計期間における我が国経済は、雇用・所得環境の改善や各種政策の効果に支えられ、緩やか な回復を続けました。一方で、物価高騰の継続及び中東紛争に起因する不安定な国際情勢や金融資本市場の変動に よる景気の下振れリスクなど 、先行き不透明感 が増す中、引き続き物価動向及 び経済を注視する必要がありまし た。 このような状況の中、当社グループの主要事業である建設事業では、政府の国土強靭化対策等に基づく防災・イ ンフラ整備を中心とした公共投資が堅調に推移し、民間投資においても、堅調な企業収益や省力化投資への対応を 背景に、持ち直しの動きが見られました。一方で、建設資材費や人件費のさらなる高騰、建設従事者の不足といっ た構造的課題が継続し、事業を取り巻く環境は、引き続き厳しい状況にありました。 このような情勢下におきまして 、当社がビジネスシナジーを 目的として保有している投資有価証券 （非上場株 式）に関しまして、先方の業績動向により株式の実質的価値が著しく下落しその回復の可能性が見込めないものに ついて、減損処理による株式評価損として 289百万円を計上いたしました 。本件につきましては 、2026年５月13日 に発表しました「2027年３月期の連結業績予想」、「2027年３月期の個別業績予想」の修正を伴うものではござい ません。 なお、当社グループを挙げて営業活動を行いました結果、売上高が34,674百万円（前年同期比11.6%増）、売上 総利益が3,268百万円（前年同期比59.6%増）となりましたことから 、営業利益が1,011百万円（前年同期は営業利 益4百万円）、経常利益が774百万円（前年同期比242.4%増）となり、親会社株主に帰属する四半期純利益 は188百 万円",EQUITY,Industrials,Engineering & Construction
1,1826,"Sata Construction Co., Ltd.",下水道,防衛・国土強靱化,30.50,38.1,92.0,98.0,63.3,有力関連,B,explicit_ratio_needs_qa,revenue_share_v4_candidate,explicit_ratio_candidate,explicit_percent,https://www.sata.co.jp/uploads/2026/05/sata_financial_release_20260518_01.pdf,"All Rights Reserved. その他 | 人的資本戦略 32 企業価値向上を支える人的資本戦略として、中途人材の獲得、各役職に対する評価・研修の導入、人事制度の改訂など の施策を着実に実行しています 人材育成人材確保 働きやすい環境づくり • 階層別・専門研修の整備とし て、部長職・課長代理職や、 現場代理人などに研修を導 入 • 若手社員の部署ローテーショ ンによる他部門の業務理解の 向上 • 社員スキルマップの整備 • 中途採用として、次期幹部ク ラスならびにエキスパート人材 の獲得 • 新卒・中途採用における人材 ターゲティングの設定 • 資格手当対象資格の拡充 • 部長職以上のインセンティブ拡大やシニアマスター手当等の給与水準の改訂 • 健康経営実現に向け、アニバーサリー休暇・リフレッシュ休暇を導入 • 女性の働きやすさ向上に向け、小学校3年修了まで柔軟な働き方措置の適用延長 2025年度実施事項 Copyright © Sata Construction Co.,Ltd. All Rights Reserved. Copyright © Sata Construction Co.,Ltd. All Rights Reserved. 参考資料 Appendix 33 Copyright © Sata Construction Co.,Ltd. All Rights Reserved. ビジネスモデルと当社グループの強み 34 佐田道路㈱ 土木・道路、舗装、上下水道 等の専門的な工事を担当 ㈱リフォーム群馬 リフォームのみならず、住宅・工場・ 事務所・店舗建設等の工事を担当 ㈱島田組 土木建築工事一式を専門に サポート 彩光建設㈱ 建築・土木・内装等に係わる 工事全般を担当 佐田建設㈱ ゼネコン 各種専門的な工事や建設用資材･機器･装置の調達 まで一貫してサポート可能なグループ総合力 強み ① 多くの公共工事を完成させてきた 確かな技術力と顧客からの高い信頼 強み ② クライアント 国・自治体・民間・各種団体 GGGファンド Gunma Green Growthファンドを 通じて地域建設業への投資 Copyright © Sata Construction Co.,Ltd. All Rights Reserved. 土木事業の特徴（施工実績など） 35  過去の施工実績で培った確かな技術力に先進技術を掛け合わせ、大小多様な社会資本の整備に貢献  国や自治体等との災害協定に基づき、地域の守り手として迅速かつ的確な対応を行い、安心・安全な地域づくりに寄与 売上高構成比（2026年3月期） 売上高と売上総利益の推移（百万円） 土木事業の特徴と施工実績 大和川左岸（三宝）地区A・B工区宅地整備工事（大阪府堺市） 横環南栄床版工事（神奈川県横浜市",EQUITY,Industrials,Engineering & Construction
1,1826,"Sata Construction Co., Ltd.",建設,不動産・建設,68.30,85.4,97.0,100.0,91.1,主力テーマ,B,explicit_ratio_needs_qa,revenue_share_v4_candidate,explicit_ratio_candidate,explicit_percent,https://www.sata.co.jp/uploads/2026/05/sata_financial_release_20260518_01.pdf,"onstruction Co.,Ltd. All Rights Reserved. Copyright © Sata Construction Co.,Ltd. All Rights Reserved. 会社概要 Business Outline 3 Copyright © Sata Construction Co.,Ltd. All Rights Reserved. 会社概要 4 会社名 佐田建設株式会社（Sata Construction Co.,Ltd.） 本社所在地 群馬県前橋市元総社町1-1-7 代表者 代表取締役社長 星野 克行 創業 / 設立 創業：大正9年3月10日 / 会社設立：昭和24年10月3日 資本金 18億8千6百万円 市場 東京証券取引所 スタンダード市場 事業内容 総合建設業（土木関連事業・建築関連事業） 従業員数（ 連結 ） 463名（2026年3月31日時点） グループ会社（ 連結） 佐田道路㈱ / ㈱リフォーム群馬 / ㈱島田組 / 彩光建設㈱ Copyright © Sata Construction Co.,Ltd. All Rights Reserved. 事業内容（土木・建築・兼業） 5 30.5% 68.3% 1.2% 土木事業 30.5% 道路、高速道路、橋梁、トンネル、ダム、 土地造成、災害復旧工事等を関東、東北、 関西等全国各地で実績を上げている。 建築事業 68.3 % 群馬県庁や前橋市役所等、群馬県内の ランドマークを数多く建設。 群馬県内に留まらず、首都圏を中心に 全国各地でも実績を上げている。 兼業事業 1.2% アスファルトプラントを保有し、前橋市を中心に アスファルト合材等を製造・販売。 太陽光発電所を保有し、年間自社消費電力量の 約90%相当を発電。 セグメント別売上高構成比 （2026年3月期実績） Copyright © Sata Construction Co.,Ltd. All Rights Reserved. Copyright © Sata Construction Co.,Ltd. All Rights Reserved. 2026年3月期 決算報告 Financial Results 6 Copyright © Sata Construction Co.,Ltd. All Rights Reserved. 200 960 1,772 0.8% 3.0% 4.8% 0.0% 1.0% 2.0% 3.0% 4.0% 5.0% 6.0% 7.0% 8.0% 9.0% 10.0% 0 200 400 600 800 1,000 1,200 1,400 1,600 1,800 2,000 2024.3期 2025.3期 2026.3期 2026年3月期 決算ハイライト① 7  堅調な民",EQUITY,Industrials,Engineering & Construction
1,1826,"Sata Construction Co., Ltd.",耐震化,防衛・国土強靱化,40.53,,92.0,98.0,,未確定,C,calculated_ratio_needs_qa,calculated_candidate_only,calculated_ratio_candidate,calculated_same_snippet,https://www.sata.co.jp/ir/shareholders,"に実現するため、従来8％に設定していたROEの目標を10％以上に引き上げ、企業の持続的成長と資本効率性の向上を図っていくこととしました。この目標を達成すべく、さらなる収益力の強化、自己資本のコントロール、株主還元の拡大、そしてガバナンスの強化を掲げています。 中期経営計画の最終年度2028年3月期の連結ベースの目標は、売上高380億円、営業利益16億円、当期純利益12億円です。自己資本を154億円（2025.3）から120億円（2028.3）へ圧縮し、3年間で発行済株式数の24％の自己株式取得、株主還元としてDOE6%を目標に剰余金の配当を行います。また、DX・人材・大型設備・地方創生分野に対して約28億円の投資を行い、さらなる成長を目指します。 ガバナンス強化については、取締役会の最適化、女性社外取締役の招聘、指名・報酬諮問委員会の設置、業績連動型の役員報酬制度の導入、役員のスキルマトリックス再定義を行っていきます。 当社は2020年に創業100周年を迎えました。次なる100年に向け、今後ともお客さま・地域社会・投資家の皆さまから必要とされる企業であることを目指していく所存です。 代表取締役社長 星野 克行 トップ 会社情報 会社概要 トップメッセージ 経営方針 IR・SR情報 株主の皆様へ ～メッセージ～ IRニュース 株式について IRカレンダー 事業内容 建築事業 土木事業 施工実績 建築事業 土木事業 技術力 BIM CIM and ICT施工 免震･制震技術【建築】 耐震補強【建築】 耐震補強【土木】 橋梁基礎関係 トンネル関係 下水道関係 サステナビリティ グループ会社 現場だより 協力業者の皆様へ 退職者の皆様へ お問い合わせ 事業計画をお持ちの方 機材センター 技術センター 前橋アスコン プライバシーポリシー Copyright © Sata Construction Co.,Ltd. All Rights Reserved.",EQUITY,Industrials,Engineering & Construction
1,1827,Nakano Corporation,建設,不動産・建設,97.96,,94.0,86.0,,未確定,C,calculated_ratio_needs_qa,calculated_candidate_only,calculated_ratio_candidate,calculated_same_snippet,https://www.wave-nakano.co.jp/uploads/pdf/677/1Q20260807.pdf,………………………………………………10 連結業績の建設事業の受注高、売上高、繰越高 ………………………………………………………………10 ㈱ナカノフドー建設(1827) 2027年３月期 第１四半期決算短信 ―2― １．経営成績等の概況 （１）当四半期連結累計期間の経営成績の概況 当第１四半期連結累計期間における経営成績につきましては、売上高は、建設事業331億23百万円(前年同四半 期比39.4%増)に不動産事業他３億67百万円(前年同四半期比0.8%減)を合わせ、334億91百万円(前年同四半期比 38.8%増)となりました。 損益面におきましては、営業利益は12億93百万円(前年同四半期比285.1%増)、経常利益は14億50百万円(前年同 四半期比230.0%増)、親会社株主に帰属する四半期純利益は８億65百万円(前年同四半期比358.9%増)となりまし た。 セグメントごとの経営成績は次のとおりであります。(セグメント間の内部売上高等を含めて記載しておりま す。) 建設事業 日本 当社グループの建設事業の日本における受注高は、435億94百万円(前年同四半期比192.3%増)となりまし た。 売上高は、前年同四半期に比べ46億63百万円増加し、207億11百万円(前年同四半期比29.1%増)となり、売 上高の増加などにより、営業利益は、前年同四半期に比べ10億98百万円増加し、12億68百万円(前年同四半期 比646.0%増)となりました。 東南アジア 当社グループの建設事業の東南アジアにおける受注高は、349億33百万円(前年同四半期比454.9%増)となり ました。 売上高は、前年同四半期に比べ46億96百万円増加し、124億12百万円(前年同四半期比60.9%増)となり、売 上高は増加したものの、工事利益率の低下などにより、営業損失は、94百万円(前年同四半期 営業利益９百 万円)となりました。 不動産事業 日本 賃貸事業を中心とする不動産事業の日本における売上高は、前年同四半期に比べ０百万円増加し、３億22 百万円(前年同四半期比0.2%増)となり、営業費用の増加などにより、営業利益は、前年同四半期に比べ34百 万円減少し、１億６百万円(前年同四半期比24.1%減)となりました。 東南アジア 不動産事業の東南アジアにおける売上高は、前年同四半期に比べ０百万円増加し、１百万円(前年同四半期 比19.2%増)となり、営業利益は、０百万円(前年同四半期比69.8%増)となりました。 その他の事業 その他の事業の売上高は、前年同四半期に比べ３百万円減少し、44百万円(前年同四半期比8.0%減)となり、 営業利益は、前年同四半期に比べ３百万円減少し、12百万円(前年同四半期比23.2%減)となりました。 ㈱ナカノフドー建設(1827) 2027年３,EQUITY,Industrials,Engineering & Construction
1,1828,Tanabe Engineering Corporation,建設,不動産・建設,,,94.0,86.0,,未確定,C,revenue_share_unknown,unknown,unknown,,https://www.tanabe-ind.co.jp/,田辺工業株式会社 | プラント建設や施設の電気設備設計・メンテナンス 田辺工業株式会社 購買・協力会社の皆様へ サステナビリティ ニュース English お問い合わせ 会社情報 事業・技術 田辺工業の取り組み IR情報 採用情報 すべて インフラ 化学 医薬 液晶 環境 石油 自動車 電力 医薬系プラント 機器製作(塔類・槽類) メンテナンス 化学系プラント 発電系プラント 環境系プラント プラント系電気工事 インフラ系電気工事 制御システム(DCS/PLC) エコ関連 送電工事 TANABE Robotics AGV WYN-200 AGV WYN-500 AGV WYN-700 Type (Ⅰ) AGV WYN-700 Type (Ⅱ) 袋包装ロボットセル 自動車系装置 原反包装ライン 液晶系装置 医薬系装置 搬送系装置 洗浄・充填装置 特殊系装置 加熱・乾燥装置 もっと見る 設立から40年を越える歴史ある田辺工業。,EQUITY,Industrials,Engineering & Construction
1,1832,,データセンター,データセンター・電力,,,8.0,5.0,,未確定,C,revenue_share_unknown,unknown,unknown,,,会社公式サイトURL未取得,,,
1,1832,,再生可能エネルギー,GX・エネルギー,,,8.0,5.0,,未確定,C,revenue_share_unknown,unknown,unknown,,,会社公式サイトURL未取得,,,
1,1832,,太陽光発電関連,GX・エネルギー,,,8.0,5.0,,未確定,C,revenue_share_unknown,unknown,unknown,,,会社公式サイトURL未取得,,,
1,1832,,建設,不動産・建設,,,8.0,5.0,,未確定,C,revenue_share_unknown,unknown,unknown,,,会社公式サイトURL未取得,,,
1,1832,,電力設備投資関連,データセンター・電力,,,8.0,5.0,,未確定,C,revenue_share_unknown,unknown,unknown,,,会社公式サイトURL未取得,,,
1,1832,,風力発電,GX・エネルギー,,,8.0,5.0,,未確定,C,revenue_share_unknown,unknown,unknown,,,会社公式サイトURL未取得,,,
1,1833,Okumura Corporation,下水道,防衛・国土強靱化,,,8.0,5.0,,未確定,C,revenue_share_unknown,unknown,unknown,,,売上構成比を公式資料から数値で確認できず,EQUITY,Industrials,Engineering & Construction
1,1833,Okumura Corporation,建設,不動産・建設,,,94.0,98.0,,未確定,C,revenue_share_unknown,unknown,unknown,,,売上構成比を公式資料から数値で確認できず,EQUITY,Industrials,Engineering & Construction
1,1833,Okumura Corporation,耐震化,防衛・国土強靱化,,,8.0,5.0,,未確定,C,revenue_share_unknown,unknown,unknown,,,売上構成比を公式資料から数値で確認できず,EQUITY,Industrials,Engineering & Construction
1,1833,Okumura Corporation,防災,防衛・国土強靱化,,,8.0,5.0,,未確定,C,revenue_share_unknown,unknown,unknown,,,売上構成比を公式資料から数値で確認できず,EQUITY,Industrials,Engineering & Construction
1,1835,"Totetsu Kogyo Co., Ltd.",国土強靱化,防衛・国土強靱化,,,50.0,38.0,,未確定,C,revenue_share_unknown,unknown,unknown,,,売上構成比を公式資料から数値で確認できず,EQUITY,Industrials,Engineering & Construction
1,1835,"Totetsu Kogyo Co., Ltd.",建設,不動産・建設,,,94.0,86.0,,未確定,C,revenue_share_unknown,unknown,unknown,,,売上構成比を公式資料から数値で確認できず,EQUITY,Industrials,Engineering & Construction
1,1835,"Totetsu Kogyo Co., Ltd.",耐震化,防衛・国土強靱化,,,42.0,30.0,,未確定,C,revenue_share_unknown,unknown,unknown,,,売上構成比を公式資料から数値で確認できず,EQUITY,Industrials,Engineering & Construction
1,1835,"Totetsu Kogyo Co., Ltd.",鉄道関連,物流・海運,,,92.0,84.0,,未確定,C,revenue_share_unknown,unknown,unknown,,,売上構成比を公式資料から数値で確認できず,EQUITY,Industrials,Engineering & Construction
1,1835,"Totetsu Kogyo Co., Ltd.",防災,防衛・国土強靱化,,,8.0,5.0,,未確定,C,revenue_share_unknown,unknown,unknown,,,売上構成比を公式資料から数値で確認できず,EQUITY,Industrials,Engineering & Construction
1,1840,"Tsuchiya Holdings Co., Ltd.",住宅関連,不動産・建設,11.80,14.8,94.0,86.0,49.2,補助関連,B,explicit_ratio_needs_qa,revenue_share_v4_candidate,explicit_ratio_candidate,explicit_percent,https://www.tsuchiya.co.jp/wp-content/uploads/2026/06/2b4116e53a7cce315a84ce3a15d0755a.pdf,"2026 年10月期 第2四半期 決算説明資料 株式会社土屋ホールディングス 東証スタンダード : 1840 2026年6月15日 エグゼクティブ・サマリー ©Tsuchiya Holdings co,ltd. 2 – 売上高は住宅事業における大型の非住宅物件の売上計上もあり前年同期比 +10.9 ％の増収 – 営業利益はリフォーム事業の低迷や不動産事業で前期に大型の開発用地を計上した反動 減の影響もあり、赤字幅は拡大 積水ハウスとの共同事業であるSI事業に おいて、2026年１月に福島県郡山市にSI- COLLABORATIONによるモデルハウスを 開設 2026年10月期の方針 積水ハウスとの共同建築事業 2026年10月期第2四半期の総括 – WEBマーケティング戦略が浸透、 完成・構造現場の体験機会を活かした差 別化営業を徹底 – 北海道における積水ハウスとのDJ構法 （ダイレクトジョイント構法）の販売に 向けた取組みを開始 INDEX ©Tsuchiya Holdings co,ltd. 3 01. 02. 03. 2026年10月期第2四半期決算概要 2026年10月期通期見通し APPENDIX 2026 年10月期第2四半期 決算概要 4 01 – 売上高は住宅事業において大型の非住宅物件の売上計上もあり、10.9％の増収を達成 – 売上総利益はリフォーム事業が低調、また不動産事業では前期に大型の開発用地を計上した反動減の 影響もあり前年比11.8%減 ©Tsuchiya Holdings co,ltd. 5 2026 年10 月期 第2四半期決算概要 （単位：百万円） 2025年10月期 第2四半期 構成比 （％） 2026年10月期 第2四半期 構成比 （％） 前年同期比 （％） 金額差",EQUITY,Consumer Cyclical,Residential Construction
1,1844,"Ohmori Co.,Ltd.",下水道,防衛・国土強靱化,,,92.0,98.0,,未確定,C,revenue_share_unknown,unknown,unknown,,https://www.ohmori.co.jp/,株式会社大盛工業 | 大盛工業は東京都内を中心に下水道を中心とした土木工事や小規模マンションの建設及び販売などの不動産事業を行っている、東証二部上場の総合建設会社です。1967年の設立以来、生活を支える最も重要なインフラである下水道の土木工事において、数多くの実績を持っています。 MENU 会社情報 会社情報 代表挨拶 沿革 グループ会社 早わかり大盛工業 事業紹介 事業紹介 建設事業 ＯＬＹ事業 不動産事業 ＯＬＹ工法 サステナビリティ IR情報 IR情報 IRニュース IRライブラリー IRメールマガジン 採用情報 採用情報 募集要項 働く環境を知る 採用・説明会応募フォーム お知らせ お問い合わせ プライバシーポリシー サイトポリシー サイトマップ IR情報 一覧を見る お知らせ 一覧を見る 2026/08/31 お知らせ 令和8年度「工事施行成績優良業者」として表彰を受けました。 2026/06/10 お知らせ 新規工事を受注いたしま,EQUITY,Industrials,Engineering & Construction
1,1844,"Ohmori Co.,Ltd.",不動産関連,不動産・建設,,,72.0,68.0,,未確定,C,revenue_share_unknown,unknown,unknown,,https://www.ohmori.co.jp/,株式会社大盛工業 | 大盛工業は東京都内を中心に下水道を中心とした土木工事や小規模マンションの建設及び販売などの不動産事業を行っている、東証二部上場の総合建設会社です。1967年の設立以来、生活を支える最も重要なインフラである下水道の土木工事において、数多くの実績を持っています。 MENU 会社情報 会社情報 代表挨拶 沿革 グループ会社 早わかり大盛工業 事業紹介 事業紹介 建設事業 ＯＬＹ事業 不動産事業 ＯＬＹ工法 サステナビリティ IR情報 IR情報 IRニュース IRライブラリー IRメールマガジン 採用情報 採用情報 募集要項 働く環境を知る 採用・説明会応募フォーム お知らせ お問い合わせ プライバシーポリシー サイトポリシー サイトマップ IR情報 一覧を見る お知らせ 一覧を見る 2026/08/31 お知らせ 令和8年度「工事施行成績優良業者」として表彰を受けました。 2026/06/10 お知らせ 新規工事を受注いたしました 2026/04/23 お知らせ 新規工事を受注いたしました,EQUITY,Industrials,Engineering & Construction
1,1844,"Ohmori Co.,Ltd.",水道関連,防衛・国土強靱化,,,92.0,98.0,,未確定,C,revenue_share_unknown,unknown,unknown,,https://www.ohmori.co.jp/,株式会社大盛工業 | 大盛工業は東京都内を中心に下水道を中心とした土木工事や小規模マンションの建設及び販売などの不動産事業を行っている、東証二部上場の総合建設会社です。1967年の設立以来、生活を支える最も重要なインフラである下水道の土木工事において、数多くの実績を持っています。 MENU 会社情報 会社情報 代表挨拶 沿革 グループ会社 早わかり大盛工業 事業紹介 事業紹介 建設事業 ＯＬＹ事業 不動産事業 ＯＬＹ工法 サステナビリティ IR情報 IR情報 IRニュース IRライブラリー IRメールマガジン 採用情報 採用情報 募集要項 働く環境を知る 採用・説明会応募フォーム お知らせ お問い合わせ プライバシーポリシー サイトポリシー サイトマップ IR情報 一覧を見る お知らせ 一覧を見る 2026/08/31 お知らせ 令和8年度「工事施行成績優良業者」として表彰を受けました。 2026/06/10 お知らせ 新規工事を受注いたしま,EQUITY,Industrials,Engineering & Construction
1,1844,"Ohmori Co.,Ltd.",電線地中化,防衛・国土強靱化,,,42.0,30.0,,未確定,C,revenue_share_unknown,unknown,unknown,,,売上構成比を公式資料から数値で確認できず,EQUITY,Industrials,Engineering & Construction
1,1847,"Ichiken Co., Ltd.",建設,不動産・建設,,,100.0,100.0,,未確定,C,revenue_share_unknown,unknown,unknown,,,売上構成比を公式資料から数値で確認できず,EQUITY,Real Estate,Real Estate - Development
1,1848,Fuji P.S Corporation,国土強靱化,防衛・国土強靱化,,,92.0,90.0,,未確定,C,revenue_share_unknown,unknown,unknown,,https://www.fujips.co.jp/,株式会社富士ピー・エス ｜ 人と人をつなぐ。それはやがて、景色になる。 JP EN 富士ピー・エスについて 富士ピー・エスについて トップメッセージ 企業理念 会社概要 役員一覧 沿革・あゆみ 事業所案内 グループ会社 富士ピー・エス安全協力会 技術情報 技術情報 PCとは？ 富士ピー・エスの技術 橋梁 その他土木構造物 国土強靭化・メンテリニューアル 建築 耐震補強 施工実績 施工実績 土木 建築 受賞実績 CSR／社会・環境 CSR／社会・環境 経営の健全性に関する取り組み 安全衛生・品質・環境への取り組み ダイバーシティ&ワークライフバランス グローバル人材の活躍 ステークホルダーとのコミュニケーション ギャラリー 地域貢献への取り組み 健康経営 SDGsの取り組み IR情報 IR情報 株主・投資家の皆様へ IRニュース 経営情報 財務ハイライト IRライブラリー 株式について IRカレンダー 電子公告 FAQ 免責事項 データで見る富士ピー・エス 3分でわかる！富士ピー・エス 個人投資家向けWEB説明会 採用情報 採用情報 新卒採用 キャリア採用 お取引先の皆様へ お問い合わせ 富士ピー・エスについて 技術情報 施工実績 CSR／社会・環境 IR情報 採用情報 お取引先の皆様へ お問い合わせ JP EN 人と,EQUITY,Industrials,Engineering & Construction
1,1848,Fuji P.S Corporation,建設,不動産・建設,,,97.0,89.0,,未確定,C,revenue_share_unknown,unknown,unknown,,https://www.fujips.co.jp/,ア採用 お取引先の皆様へ お問い合わせ 富士ピー・エスについて 技術情報 施工実績 CSR／社会・環境 IR情報 採用情報 お取引先の皆様へ お問い合わせ JP EN 人と人をつなぐ 。 それはやがて 、 景色になる 。 WE CONNECT PEOPLE. AND IT WILL EVENTUALLY BECOME A LANDSCAPE. 新着情報 新着情報一覧を見る 2026-07-30 お知らせ お知らせ 令和8年熊本地震により被災された皆様に、謹んでお見舞い申し上げます。 2026-07-01 お知らせ お知らせ 【お取引先の皆様へ】電子注文システムの導入案内とご利用のお願い 2026-06-24 お知らせ お知らせ 役員人事を決定しました。 2026-05-29 お知らせ お知らせ 九州小竹工場 新事務所棟の落成式を執り行いました。 2026-03-11 お知らせ お知らせ 「建設技能者を大切にする企業の自主宣言（職人いきいき宣言）」を行いました IRニュース IRニュース一覧を見る INVESTOR RELATIONS IR情報 富士ピー・エスの決算短信・有価証券報告書・株主通信などのIR関係資料や財務ハイライトをご覧いただけます。 RECRUIT 採用情報 『想いをシゴトに 夢をカタチに。』 モノづくりの醍醐味がココにある！ FUJI P.S 2021 RECRUIT PICK UP CONTENTS グローバル人材の活躍 「モノづくり」に掛ける想いは世界共通。 富士ピー・エスでは多様なグローバル人材が活躍しています。 データで見る富士ピー・エス 会社にまつわるデータや社員の男女比率、年代構成、新卒・キャリア比率などの各種データを掲載しています。 テクニカルレポート 当社独自の工法や技術、製品、また様々な施工実績から生まれた創意工夫や取り組みについて、 テクニカ,EQUITY,Industrials,Engineering & Construction
1,1848,Fuji P.S Corporation,耐震化,防衛・国土強靱化,,,92.0,90.0,,未確定,C,revenue_share_unknown,unknown,unknown,,https://www.fujips.co.jp/,株式会社富士ピー・エス ｜ 人と人をつなぐ。それはやがて、景色になる。 JP EN 富士ピー・エスについて 富士ピー・エスについて トップメッセージ 企業理念 会社概要 役員一覧 沿革・あゆみ 事業所案内 グループ会社 富士ピー・エス安全協力会 技術情報 技術情報 PCとは？ 富士ピー・エスの技術 橋梁 その他土木構造物 国土強靭化・メンテリニューアル 建築 耐震補強 施工実績 施工実績 土木 建築 受賞実績 CSR／社会・環境 CSR／社会・環境 経営の健全性に関する取り組み 安全衛生・品質・環境への取り組み ダイバーシティ&ワークライフバランス グローバル人材の活躍 ステークホルダーとのコミュニケーション ギャラリー 地域貢献への取り組み 健康経営 SDGsの取り組み IR情報 IR情報 株主・投資家の皆様へ IRニュース 経営情報 財務ハイライト IRライブラリー 株式について IRカレンダー 電子公告 FAQ 免責事項 データで見る富士ピー・エス 3分でわかる！富士ピー・エス 個人投資家向けWEB説明会 採用情報 採用情報 新卒採用 キャリア採用 お取引先の皆様へ お問い合わせ 富士ピー・エスについて 技術情報 施工実績 CSR／社会・環境 IR情報 採用情報 お取引先の皆様へ お問い合わせ JP EN 人と人をつなぐ 。 それはやがて 、,EQUITY,Industrials,Engineering & Construction
1,1848,Fuji P.S Corporation,鉄道関連,物流・海運,,,92.0,90.0,,未確定,C,revenue_share_unknown,unknown,unknown,,https://www.fujips.co.jp/,で見る富士ピー・エス 会社にまつわるデータや社員の男女比率、年代構成、新卒・キャリア比率などの各種データを掲載しています。 テクニカルレポート 当社独自の工法や技術、製品、また様々な施工実績から生まれた創意工夫や取り組みについて、 テクニカルレポートを発行しご紹介しています。 SDGsの取り組み グループ一丸となって推進するSDGs（持続可能な開発目標）の達成に向けた取り組みについて掲載しています。 TECHNOLOGY & CONSTRUCTION RESULTS 技術情報・施工実績 私たちが培ってきた技術は、地域に溶け込み、育まれ、現在も社会インフラを支え続けています。富士ピー・エスはこれからも未来を見据え、質の高い技術力と最新技術で土木・建築分野の社会的ニーズに貢献します。 技術情報を見る 施工実績を見る こんなところに富士ピー・エス 1 都市をはしるPC高架橋 2 都市をはしるPC鉄道橋 3 川をわたるPC橋 4 海をわたるPC橋 5 PCタンク 6 PC舗装 7 PCマクラギ 8 FR板 9 DM板 10 プレキャストPC工法 11 PC段床版 12 スマイルパラレル工法 13 風力発電施設の開発 都市をはしるPC高架橋 川や海を渡る橋、または道路や高速道路、鉄道、新幹線などの高架橋の中で、プレストレストコンクリート（PC）によって建設された橋梁をPC橋と呼びます。 PC橋は、PC鋼材の使用により、通常の鉄筋コンクリートに比べて強い荷重に抵抗できるため、鉄筋コンクリートよりも長スパンの建設を可能にしています。 閉じる 都市をはしるPC鉄道橋 川や海を渡る橋、または道路や高速道路、鉄道、新幹線などの高架橋の中で、プレストレストコンクリート（PC）によって建設された橋梁をPC橋と呼びます。 PC橋は、PC鋼材の使用により、通常の鉄筋コンクリートに比べて強い荷重に抵抗できる,EQUITY,Industrials,Engineering & Construction
1,1850,"Nankai Tatsumura Construction Co., Ltd.",建設,不動産・建設,,,90.0,92.0,,未確定,C,revenue_share_unknown,unknown,unknown,,https://www.nantatsu.co.jp/,南海辰村建設株式会社 お知らせ 取引業者の皆さまへ 会社情報 ごあいさつ 会社概要 沿革 社是・企業倫理規範 グループ会社 会社情報 会社情報TOP ごあいさつ 会社概要 沿革 社是・企業倫理規範 グループ会社 事業紹介 建築 土木 鉄道 ソリューション リフォーム工事・分譲マンション大規模修繕工事 ZEH-M 施工実績 建築 土木 鉄道 プロジェクト紹介 事業紹介 事業紹介TOP 建築 土木 鉄道 ソリューション ソリューションTOP リフォーム工事・分譲マンション大規模修繕工事 ZEH-M 施工実績 施工実績TOP 建築 土木 鉄道 プロジェクト紹介 サステナビリティ IR情報 採用情報 サステナビリティ IR情報 お知らせ お問い合わせ 採用情報 2025.10.01 新生30周年特設ページを公開しました。 2025.10.01 2026年度新卒採用エントリー受付を開始しました IRニュース 2,EQUITY,Industrials,Engineering & Construction
1,1850,"Nankai Tatsumura Construction Co., Ltd.",鉄道関連,物流・海運,,,92.0,98.0,,未確定,C,revenue_share_unknown,unknown,unknown,,https://www.nantatsu.co.jp/,南海辰村建設株式会社 お知らせ 取引業者の皆さまへ 会社情報 ごあいさつ 会社概要 沿革 社是・企業倫理規範 グループ会社 会社情報 会社情報TOP ごあいさつ 会社概要 沿革 社是・企業倫理規範 グループ会社 事業紹介 建築 土木 鉄道 ソリューション リフォーム工事・分譲マンション大規模修繕工事 ZEH-M 施工実績 建築 土木 鉄道 プロジェクト紹介 事業紹介 事業紹介TOP 建築 土木 鉄道 ソリューション ソリューションTOP リフォーム工事・分譲マンション大規模修繕工事 ZEH-M 施工実績 施工実績TOP 建築 土木 鉄道 プロジェクト紹介 サステナビリティ IR情報 採用情報 サステナビリティ IR情報 お知らせ お問い合わせ 採用情報 2025.10.01 新生30周年特設ページを公開しました。 2025.10.01 2026年度新卒採用エントリー受付を開始しました IRニュース 2026.07.29 IR情報 第８４期（２０２７年３月期）第１四半期決算短信 2026.06.23 IR情報 臨時報告書 2026.06.16 IR情報 「第８３回定時株主総会決議ご通知」 2026.06.16 IR情報 支配,EQUITY,Industrials,Engineering & Construction
1,1852,Asanuma Corporation,建設,不動産・建設,,,94.0,86.0,,未確定,C,revenue_share_unknown,unknown,unknown,,,売上構成比を公式資料から数値で確認できず,EQUITY,Industrials,Engineering & Construction
1,1852,Asanuma Corporation,耐震化,防衛・国土強靱化,,,8.0,5.0,,未確定,C,revenue_share_unknown,unknown,unknown,,,売上構成比を公式資料から数値で確認できず,EQUITY,Industrials,Engineering & Construction
1,1853,"Mori-Gumi Co., Ltd.",マンション関連,不動産・建設,,,8.0,5.0,,未確定,C,revenue_share_unknown,unknown,unknown,,,売上構成比を公式資料から数値で確認できず,EQUITY,Industrials,Engineering & Construction
1,1853,"Mori-Gumi Co., Ltd.",建設,不動産・建設,,,100.0,92.0,,未確定,C,revenue_share_unknown,unknown,unknown,,,売上構成比を公式資料から数値で確認できず,EQUITY,Industrials,Engineering & Construction
1,1860,Toda Corporation,介護関連,医療・ヘルスケア,,,8.0,5.0,,未確定,C,revenue_share_unknown,unknown,unknown,,,売上構成比を公式資料から数値で確認できず,EQUITY,Industrials,Engineering & Construction
1,1860,Toda Corporation,国土強靱化,防衛・国土強靱化,,,42.0,44.0,,未確定,C,revenue_share_unknown,unknown,unknown,,,売上構成比を公式資料から数値で確認できず,EQUITY,Industrials,Engineering & Construction
1,1860,Toda Corporation,建設,不動産・建設,,,94.0,100.0,,未確定,C,revenue_share_unknown,unknown,unknown,,,売上構成比を公式資料から数値で確認できず,EQUITY,Industrials,Engineering & Construction
1,1860,Toda Corporation,脱炭素,GX・エネルギー,,,42.0,44.0,,未確定,C,revenue_share_unknown,unknown,unknown,,,売上構成比を公式資料から数値で確認できず,EQUITY,Industrials,Engineering & Construction
1,1860,Toda Corporation,風力発電,GX・エネルギー,,,58.0,60.0,,未確定,C,revenue_share_unknown,unknown,unknown,,,売上構成比を公式資料から数値で確認できず,EQUITY,Industrials,Engineering & Construction
1,1861,"Kumagai Gumi Co.,Ltd.",再開発,不動産・建設,,,8.0,5.0,,未確定,C,revenue_share_unknown,unknown,unknown,,,売上構成比を公式資料から数値で確認できず,EQUITY,Industrials,Engineering & Construction
1,1861,"Kumagai Gumi Co.,Ltd.",建設,不動産・建設,,,94.0,96.0,,未確定,C,revenue_share_unknown,unknown,unknown,,,売上構成比を公式資料から数値で確認できず,EQUITY,Industrials,Engineering & Construction
1,1866,Kitano Construction Corp.,ホテル,内需・消費,,,42.0,40.0,,未確定,C,revenue_share_unknown,unknown,unknown,,,売上構成比を公式資料から数値で確認できず,EQUITY,Industrials,Engineering & Construction
1,1866,Kitano Construction Corp.,建設,不動産・建設,,,100.0,100.0,,未確定,C,revenue_share_unknown,unknown,unknown,,,売上構成比を公式資料から数値で確認できず,EQUITY,Industrials,Engineering & Construction
1,1867,UEKI Corporation,介護関連,医療・ヘルスケア,,,8.0,5.0,,未確定,C,revenue_share_unknown,unknown,unknown,,,売上構成比を公式資料から数値で確認できず,EQUITY,Industrials,Engineering & Construction
1,1867,UEKI Corporation,建設,不動産・建設,,,97.0,99.0,,未確定,C,revenue_share_unknown,unknown,unknown,,https://www.uekigumi.co.jp/ir/strategy/,とつくるSDGs 環境 安全 健康経営 ワークライフバランス 採用情報 採用情報TOP 新卒採用 インターンシップ キャリア採用 アルムナイ採用 ニュース 協力会社の皆様へ お問い合わせ 検索 中期経営計画 長期ビジョンと中期経営計画の位置付け 当社は2025年、創業140年を迎えた老舗企業ですが、 その歴史は挑戦の連続でした。 ものづくりの伝統を継承しつつ、 先進的に新技術や新領域に 挑戦することにより成長を遂げてきました。 そして、これからも150年企業を目指し、 楽しみながら挑戦を続けていきます。 長期ビジョン「UEKI VISION 150」にはそのような意味が込められています。 長期ビジョンの重点テーマ 重点テーマには「営業力強化」「技術力強化」「人財力強化」を掲げました。ESGなど設備投資が見込まれる優位性ある事業領域の受注拡大に積極的に取り組みます。また、ICTをはじめとした建設新技術の更なる活用とDXを促進し技術力を強化します。そのほか、戦略的な成長投資として人財育成の強化も図ります。営業力強化・技術力強化・人財力強化とともに、ガバナンスの強化を図り、企業価値の向上を目指します。 第15次中期経営計画 2025年、創業140年を迎えたこの年に長期ビジョン実現への着実なステップアップへ向け、第15次中期経営計画（2025～2027年度）を策定しました。長期ビジョン「UEKI VISION 150」で掲げた3つの挑戦を継続すべく「営業力強化」／「技術力強化」／「人財力強化」を重点テーマに置き、お客様の期待に応える価値を提供するとともに、建設新技術の研究開発とDXの推進を図り、働きがいのある職場環境づくりに取り組んでまいります。 第15次中期経営計画の詳細は こちら をご覧ください。 ※記載されている業績見通し等の将来に関する記述は、当社が現在入手している情報及び合理,EQUITY,Industrials,Engineering & Construction
1,1869,,耐震化,防衛・国土強靱化,,,8.0,5.0,,未確定,C,revenue_share_unknown,unknown,unknown,,,会社公式サイトURL未取得,,,
1,1869,,鉄道関連,物流・海運,,,8.0,5.0,,未確定,C,revenue_share_unknown,unknown,unknown,,,会社公式サイトURL未取得,,,
1,1869,,防災,防衛・国土強靱化,,,8.0,5.0,,未確定,C,revenue_share_unknown,unknown,unknown,,,会社公式サイトURL未取得,,,
1,186A,Astroscale Holdings Inc.,宇宙開発関連,防衛・国土強靱化,,,92.0,90.0,,未確定,C,revenue_share_unknown,unknown,unknown,,https://www.astroscale.com/ja,アストロスケール | 宇宙の持続可能性の確保 顧客 ソリューション ミッション 会社概要 IR情報 Region 日本語 その他の情報 その他の情報 顧客 ソリューション ミッション 会社概要 IR情報 Resources 法規制 オービタリウム ニュース お問い合わせ 将来の世代の利益のための安全で持続可能な宇宙開発 軌道の安全性と持続可能性を確保します Taken in space by ADRAS-J 顧客 宇宙航空研究開発機構（JAXA） 欧州宇宙機関（ESA） Eutelsat Oneweb 英国宇宙庁（UKSA） United States Space Force フランス国立宇宙研究センター（CNES） 宇宙航空研究開発機構（JAXA） 欧州宇宙機関（ESA） Eutelsat Oneweb 英国宇宙庁（UKSA） United States Space Force フランス国立宇宙研究センター（CNES） ソリューション すべての軌道 軌道やニーズに合わせてカスタマイズされた最先端のソリューションをご提供します。 RPO技術をコアとして複数のサービスを実現 Inspect（観測） 複雑なRPOミッションおよび運用のための軌道上での観測・点検 Service（サービス） 衛星の運用寿命を延,EQUITY,Industrials,Aerospace & Defense
1,186A,Astroscale Holdings Inc.,防衛,防衛・国土強靱化,,,72.0,68.0,,未確定,C,revenue_share_unknown,unknown,unknown,,,売上構成比を公式資料から数値で確認できず,EQUITY,Industrials,Aerospace & Defense
1,1870,"Yahagi Construction Co.,Ltd.",不動産関連,不動産・建設,,,92.0,96.0,,未確定,C,revenue_share_unknown,unknown,unknown,,,売上構成比を公式資料から数値で確認できず,EQUITY,Industrials,Engineering & Construction
1,1870,"Yahagi Construction Co.,Ltd.",国土強靱化,防衛・国土強靱化,,,42.0,42.0,,未確定,C,revenue_share_unknown,unknown,unknown,,,売上構成比を公式資料から数値で確認できず,EQUITY,Industrials,Engineering & Construction
1,1870,"Yahagi Construction Co.,Ltd.",建設,不動産・建設,,,94.0,98.0,,未確定,C,revenue_share_unknown,unknown,unknown,,,売上構成比を公式資料から数値で確認できず,EQUITY,Industrials,Engineering & Construction
1,1870,"Yahagi Construction Co.,Ltd.",耐震化,防衛・国土強靱化,,,86.0,90.0,,未確定,C,revenue_share_unknown,unknown,unknown,,,売上構成比を公式資料から数値で確認できず,EQUITY,Industrials,Engineering & Construction
1,1870,"Yahagi Construction Co.,Ltd.",鉄道関連,物流・海運,,,91.0,95.0,,未確定,C,revenue_share_unknown,unknown,unknown,,,売上構成比を公式資料から数値で確認できず,EQUITY,Industrials,Engineering & Construction
1,1870,"Yahagi Construction Co.,Ltd.",防災,防衛・国土強靱化,,,42.0,42.0,,未確定,C,revenue_share_unknown,unknown,unknown,,,売上構成比を公式資料から数値で確認できず,EQUITY,Industrials,Engineering & Construction
1,1871,"PS Construction Co., Ltd.",国土強靱化,防衛・国土強靱化,,,46.0,34.0,,未確定,C,revenue_share_unknown,unknown,unknown,,,売上構成比を公式資料から数値で確認できず,EQUITY,Industrials,Engineering & Construction
1,1871,"PS Construction Co., Ltd.",建設,不動産・建設,,,100.0,92.0,,未確定,C,revenue_share_unknown,unknown,unknown,,,売上構成比を公式資料から数値で確認できず,EQUITY,Industrials,Engineering & Construction
1,1871,"PS Construction Co., Ltd.",耐震化,防衛・国土強靱化,,,8.0,5.0,,未確定,C,revenue_share_unknown,unknown,unknown,,,売上構成比を公式資料から数値で確認できず,EQUITY,Industrials,Engineering & Construction
1,1871,"PS Construction Co., Ltd.",防災,防衛・国土強靱化,,,8.0,5.0,,未確定,C,revenue_share_unknown,unknown,unknown,,,売上構成比を公式資料から数値で確認できず,EQUITY,Industrials,Engineering & Construction
1,1873,"Nihon House Holdings Co., Ltd.",ホテル,内需・消費,,,66.0,56.0,,未確定,C,revenue_share_unknown,unknown,unknown,,https://www.nihonhouse-hd.co.jp/,詳細解説！ 高断熱高気密（高気密高断熱）の住宅は快適？メリットやデメリット、注意点などを詳しく解説 セントラルヒーティングで家全体を暖める？セントラルヒーティングを徹底解説！ 断熱とは？定義や遮熱との違い、メリット・デメリットを網羅的に解説！ 住まいのコラムをもっと見る デザイン賞 三賞受賞 グッドデザイン賞 受賞 ウッドデザイン賞 受賞 キッズデザイン賞 受賞 ニュースリリース 2026年08月28日 Hinoki Plaza 埼玉の「ひのきの図書館」が2026年度「キッズデザイン賞」受賞 2026年08月17日 日本ハウス檜百年住宅 平屋の家「悠華」新発売 2026年08月17日 8-10月キャンペーンのお知らせ 2026年08月17日 2050先導型住宅推進事業採択のお知らせ 2026年07月10日 盛岡みらいえ展示場7/18オープン ニュースリリース一覧はこちら （株）日本ハウス・ホテル＆リゾート フラワー＆ガーデン森の風 （株）日本ハウス・ホテル＆リゾート倶楽部 見て聞いて触れて体感しよう！ お近くの展示場／来場予約 都道府県を選択 住まいのイベント／来場予約 都道府県を選択 カタログ請求はこちら お問い合わせはこちら ホーム 脱炭素・檜の家 選ばれる理由 檜の魅力 注文住宅 注文住宅 トップ グレートステージ クレステージ 施工事例 平屋の家 外観・インテリア集 WEB住宅展示場 お近くの展示場 イベント情報 カタログ請求（無料） 暮らし方提案 住まいのコラム 住まいのお手入れ集 リフォーム リフォーム トップ リフォームメニュー 選ばれる理由 リフォームの流れ 介護保険利用で快適リフォーム カタログ請求（無料） 資産活用 資産活用 トップ 賃貸併用住宅のメリット 安心のサポートシステム 商品紹介 展示場案内 買取サービス 分譲住宅・土地 分譲マンション 分譲マンショ,EQUITY,Consumer Cyclical,Residential Construction
1,1873,"Nihon House Holdings Co., Ltd.",住宅関連,不動産・建設,,,94.0,86.0,,未確定,C,revenue_share_unknown,unknown,unknown,,https://www.nihonhouse-hd.co.jp/,日本ハウスHD - 檜の注文住宅 お近くの展示場 カタログ請求 イベント情報 公式SNS 会社情報 会員サイト 展示場 来場予約 脱炭素・檜の家 環境にやさしい、脱炭素社会の住宅 檜・木造住宅 耐震構造 高耐久住宅 高断熱・高気密の家 エネルギー自給自足 ZEH特集 感謝訪問・長期保証 直営工事 1メーターモジュール 冷暖房標準装備 24時間対応コールセンター デザイン賞各種受賞 セントラルヒーティング 選ばれる理由 檜の魅力 檜の魅力 トップ 檜と日本人 1000年を超えて生きる檜 知られざる檜の効果・作用 檜の住まいデザイン 理想の木材「檜」 注文住宅 注文住宅 トップ グレートステージ クレステージ 施工事例 平屋の家 外観・インテリア集 WEB住宅展示場 暮らし方提案 住まいのコラム 住まいのお手入れ集 施工事例 リフォーム リフォーム トップ リフォームメニュー 選ばれる理由 リフォームの流れ 介護保険利用で快,EQUITY,Consumer Cyclical,Residential Construction
1,1878,"Daito Trust Construction Co.,Ltd.",住宅関連,不動産・建設,,,46.0,46.0,,未確定,C,revenue_share_unknown,unknown,unknown,,,売上構成比を公式資料から数値で確認できず,EQUITY,Real Estate,Real Estate - Diversified
1,1879,Shinnihon Corporation,マンション関連,不動産・建設,87.50,,92.0,90.0,,未確定,C,calculated_ratio_needs_qa,calculated_candidate_only,calculated_ratio_candidate,calculated_same_snippet,https://www.shinnihon-c.co.jp/common/img/ir/library/2027/20260731_01.pdf,"…………………………………………………６ （３）四半期連結財務諸表に関する注記事項 …………………………………………………………………７ （セグメント情報等の注記） …………………………………………………………………………………７ （株主資本の金額に著しい変動があった場合の注記） ……………………………………………………７ （継続企業の前提に関する注記） ……………………………………………………………………………７ （キャッシュ・フロー計算書に関する注記） ………………………………………………………………７ ３．その他 ……………………………………………………………………………………………………………８ 連結受注の概況 …………………………………………………………………………………………………８ 新日本建設株式会社(1879) 2027年３月期 第１四半期決算短信 - 2 - １．当四半期決算に関する定性的情報 （１）経営成績に関する説明 当第１四半期連結累計期間におけるわが国経済は、中東情勢を背景とした資源・エネルギー価格 の高止まりにより、世界的にインフレ圧力が継続するなか、国内では雇用・所得環境の改善から実 質賃金がプラスに転換するなど、緩やかな回復基調で推移しました。 当社グループをとりまく事業環境につきましては、建設事業では、建築需要は堅調に推移してい るものの、慢性的な労務不足に加え、石油関連資材を中心とした建設資材価格の高騰が続きまし た。開発事業等では、首都圏でのマンション販売価格の上昇が続いているものの、供給戸数は低水 準で推移しており、実需層の需給バランスはおおむね均衡して推移しました。 このような事業環境のもと、当社グループの当第１四半期連結累計期間の連結業績は、次のとお りとなりました。売上高は、前第１四半期連結累計期間と比べて29.0％増加し、330億33百万円と なりました。利益につきましては、営業利益は、前第１四半期連結累計期間と比べて5.4％増加し、 38億53百万円、経常利益は7.9％増加し、40億48百万円、親会社株主に帰属する当期純利益は4.4％ 増加し、27億84百万円となりました。 なお、当社グループでは、通常の営業形態として工事の完成・物件の引渡しが第４四半期に集中 しているため、第１四半期連結会計期間から第３四半期連結会計期間に比べ、第４四半期連結会計 期間の売上高が多くなるといった季節的変動があります。 （２）財政状態に関する説明 (資産) 流動資産は、前連結会計年度末と比べて32億18百万円減少し、1,674億4百万円となりました。こ の主な要因は、現金預金が228億62百万円減少したことによるものであります。 固定資産は、前連結会計年度末と比べて96百万円減少し、145億75百万円となりました。この主 な要",EQUITY,Industrials,Engineering & Construction
1,1879,Shinnihon Corporation,不動産関連,不動産・建設,16.67,,42.0,42.0,,未確定,C,calculated_ratio_needs_qa,calculated_candidate_only,calculated_ratio_candidate,calculated_same_snippet,https://www.shinnihon-c.co.jp/common/img/ir/library/2026/20260512_01.pdf,"リーズにおいて、環境に配慮したＺＥＨ－Ｍへの取り組みや太陽光発電シス テムの導入等を進めてブランド力を強化するとともに、大型の再開発プロジェクトへの参画やシニ アマンションの開発など、収益構造の多角化を進めてまいります。 次期(2027年３月期)の連結業績見通しにつきましては、売上高1,560億円、営業利益255億円、経 常利益260億円、親会社株主に帰属する当期純利益175億円を見込んでおります。 なお、上記の業績予想等の将来に関する記述は、発表日現在で当社が入手可能な情報及び合理的 であると判断する一定の前提に基づいて作成したものであります。実際の業績は今後の中東情勢 等、様々な要因によって予想値と異なる場合があります。 ２．会計基準の選択に関する基本的な考え方 当社グループは、連結財務諸表の期間比較可能性及び企業間の比較可能性を考慮し、当面は、日 本基準で連結財務諸表を作成する方針であります。なお、ＩＦＲＳ（国際財務報告基準）の適用に つきましては、国内外の諸情勢及び同業他社の動向等を考慮の上、適切に対応していく方針であり ます。 新日本建設株式会社(1879) 2026年３月期 決算短信 - 4 - ３．連結財務諸表及び主な注記 （１）連結貸借対照表 (単位：百万円) 前連結会計年度 (2025年３月31日) 当連結会計年度 (2026年３月31日) 資産の部 流動資産 現金預金 82,653 95,824 受取手形・完成工事未収入金等 18,266 12,649 販売用不動産 7,112 5,831 未成工事支出金 582 1,297 開発事業等支出金 48,899 53,938 材料貯蔵品 60 49 その他 1,155 1,040 貸倒引当金 △36 △8 流動資産合計 158,693 170,623 固定資産 有形固定資産 建物・構築物（純額） 4,174 4,160 機械及び装置（純額） 136 185 車両運搬具及び工具器具備品（純額） 436 295 土地 5,862 5,862 リース資産（純額） 12 62 有形固定資産合計 10,622 10,566 無形固定資産 138 105 投資その他の資産 投資有価証券 1,345 1,972 繰延税金資産 1,460 1,334 その他 699 699 貸倒引当金 △5 △5 投資その他の資産合計 3,499 4,000 固定資産合計 14,261 14,672 資産合計 172,954 185,296 新日本建設株式会社(1879) 2026年３月期 決算短信 - 5 - (単位：百万円) 前連結会計年度 (2025年３月31日) 当連結会計年度 (2026年３月31日) 負債の部 流動負債 支払手形・工事未払金等 32,173 30,179 未払法人税等 4,548 4,624 未成",EQUITY,Industrials,Engineering & Construction
1,1879,Shinnihon Corporation,建設,不動産・建設,16.67,,100.0,100.0,,未確定,C,calculated_ratio_needs_qa,calculated_candidate_only,calculated_ratio_candidate,calculated_same_snippet,https://www.shinnihon-c.co.jp/common/img/ir/library/2026/20260512_01.pdf,"6.9 52.9 61.1 キャッシュ・フロー対有利子 負債比率 ― ― ― ― ― インタレスト・カバレッジ・ レシオ ― ― ― ― ― （注）自己資本比率：自己資本/総資産 時価ベースの自己資本比率：株式時価総額/総資産 キャッシュ・フロー対有利子負債比率：有利子負債残高/営業キャッシュ・フロー インタレスト・カバレッジ・レシオ：営業キャッシュ・フロー/利息の支払額(利払い) ※ 各指標は、いずれも連結ベースの財務数値により算出しております。 ※ 株式時価総額は、期末株価終値×期末発行済株式数（自己株式控除後）により算出しております。 ※ 営業キャッシュ・フローは、連結キャッシュ・フロー計算書の営業活動によるキャッシュ・フローを使用し ております。 ※ 有利子負債は、連結貸借対照表に計上されている負債のうち利子を支払っている全ての負債を対象としてお ります。 （４）今後の見通し 今後のわが国経済は、所得環境の改善等により引き続き回復基調で推移することが期待されます が、中東情勢の今後の動向によっては下振れするリスクがあります。 当社グループをとりまく事業環境におきましては、建設事業では、慢性的な労務不足に加え、今 後の原油市場の動向により建築資材の更なる高騰や調達難を招くことが懸念されます。一方、開発 事業等では、首都圏マンション市場の販売価格の上昇が続くなか、今後は金利上昇と物価高騰によ る顧客の購入意欲の低下が懸念されます。 このような状況におきまして、当社グループは、建設事業では、建物の付加価値向上をベースに した企画開発型営業を推進するとともに、設備投資需要の増加を捉え、工場、倉庫、商業施設、宿 泊施設等の非住宅案件への取り組みを強化するなど、成長分野の受注に取り組んでまいります。ま た、当社の安定的な成長を支える施工体制を維持・向上させるため、新たな協力業者及び技術人材 を確保するとともに、より一層の生産性向上に注力してまいります。 開発事業等では、用地取得から企画・設計・施工・分譲・管理・アフターサービスまで全て当社 グループで行う「自社製販一貫体制」による安心・安全の自社マンションブランド「ＥＸＣＥＬＬ ＥＮＴ ＣＩＴＹ」シリーズにおいて、環境に配慮したＺＥＨ－Ｍへの取り組みや太陽光発電シス テムの導入等を進めてブランド力を強化するとともに、大型の再開発プロジェクトへの参画やシニ アマンションの開発など、収益構造の多角化を進めてまいります。 次期(2027年３月期)の連結業績見通しにつきましては、売上高1,560億円、営業利益255億円、経 常利益260億円、親会社株主に帰属する当期純利益175億円を見込んでおります。 なお、上記の業績予想等の将来に関する記述は、発表日現在で当社が入手可能な情報及び合理的 であると判断する一定の前提に基づ",EQUITY,Industrials,Engineering & Construction
1,1879,Shinnihon Corporation,耐震化,防衛・国土強靱化,,,8.0,5.0,,未確定,C,revenue_share_unknown,unknown,unknown,,,売上構成比を公式資料から数値で確認できず,EQUITY,Industrials,Engineering & Construction
1,1882,Toa Road Corporation,国土強靱化,防衛・国土強靱化,93.23,,50.0,48.0,,未確定,C,calculated_ratio_needs_qa,calculated_candidate_only,calculated_ratio_candidate,calculated_same_snippet,https://www.toadoro.co.jp/ir/docs/43a66e6d649cd4eaa48318855471f65cdd8e5d64.pdf,"……………13 (未適用の会計基準等) …………………………………………………………………………………………13 (表示方法の変更) ………………………………………………………………………………………………13 (セグメント情報) ………………………………………………………………………………………………14 (１株当たり情報) ………………………………………………………………………………………………17 (重要な後発事象) ………………………………………………………………………………………………17 ４．その他 ……………………………………………………………………………………………………………18 生産、受注及び販売の状況 ……………………………………………………………………………………18 東亜道路工業株式会社(1882) 2026年３月期 決算短信 2 １．経営成績等の概況 （１）当期の経営成績の概況 当連結会計年度におけるわが国の経済は、雇用環境の改善を背景に個人消費は持ち直しの動きがみられ、訪日外国 人の増加によるインバウンド需要の拡大も継続する中、緩やかな回復基調で推移いたしました。一方で、物価上昇の 長期化に加え、地政学的リスクの高まりや原油・エネルギー価格の変動、物流コストの上昇、米国をはじめとする海 外経済の動向や金融政策の影響等により、景気の先行きは依然として不透明な状況が続いております。 当社グループの主要事業であります道路建設業界におきましては、防災・減災、国土強靭化に資する公共投資が引 き続き堅調に推移したものの、受注競争の激化に加え、建設資材価格や労務費の高止まり、原油価格の変動に伴うア スファルト等材料コストの影響に加え、エネルギー価格や物流コストの上昇も影響し、厳しい経営環境となりまし た。 このような状況の中、当社グループは中期経営計画（2024年度～2026年度）の取組を推進し、当社グループ全体の 総合力の強化に取組んでまいりました。 この結果、当連結会計年度の受注高は130,134百万円（前連結会計年度比8.8％増加）、売上高は121,327百万円 （同比4.1％減少）となりました。 一方、損益につきましては、営業利益は5,788百万円（同比15.4％増加）、経常利益は5,997百万円（同比15.2％増 加）となりました。また、親会社株主に帰属する当期純利益は3,426百万円（同比17.0％減少)となりました。 セグメント別の業績は次のとおりであります。 ①建設事業 当連結会計年度の受注高は83,105百万円（前連結会計年度比17.9％増加）となりました。また、完成工事高は 74,298百万円（同比4.0％減少）となり、次期繰越高は36,864百万円（同比31.4％増加）となりました。利益面に おきましてはセグメント利益は",EQUITY,Industrials,Engineering & Construction
1,1885,TOA Corporation,レアアース,資源・素材,,,8.0,5.0,,未確定,C,revenue_share_unknown,unknown,unknown,,,売上構成比を公式資料から数値で確認できず,EQUITY,Industrials,Engineering & Construction
1,1885,TOA Corporation,建設,不動産・建設,,,97.0,99.0,,未確定,C,revenue_share_unknown,unknown,unknown,,,売上構成比を公式資料から数値で確認できず,EQUITY,Industrials,Engineering & Construction
1,1885,TOA Corporation,防災,防衛・国土強靱化,,,8.0,5.0,,未確定,C,revenue_share_unknown,unknown,unknown,,,売上構成比を公式資料から数値で確認できず,EQUITY,Industrials,Engineering & Construction
1,1885,TOA Corporation,風力発電,GX・エネルギー,,,8.0,5.0,,未確定,C,revenue_share_unknown,unknown,unknown,,,売上構成比を公式資料から数値で確認できず,EQUITY,Industrials,Engineering & Construction
1,1887,JDC Corporation,マンション関連,不動産・建設,,,90.0,68.0,,未確定,C,revenue_share_unknown,unknown,unknown,,https://www.n-kokudo.co.jp/,.28 IR 2026年5月期 株主通信を公開しました Read more 私たちについて わたしたちは国土のソリューションカンパニーです 日本国土開発は、優れた機械技術を導入し、戦後復興を行うために誕生しました。 これからも、さまざまな社会課題の解決のため、環境に配慮したソリューションをお客様にとって魅力的なかたちで提供することを目指し、「挑戦と創造」を続けてまいります。 企業情報 Read more 社長メッセージ Read more IR情報 Read more 日本国土開発だから できること 日本国土開発は道路・橋などのインフラ構築や安全・安心な社会のための災害対策工事から超高層建築、既存の建物の価値向上まで、 確かな技術力を活かした多彩なソリューションを提供し、豊かな社会づくりに貢献しています。 Read more 持続可能な くらし 災害に強く 快適な街を開発 地震に強いビルやマンションを開発。重要な機器などを免震化するためのソリューションもご提供します。 長年のノウハウを活用し、高品質な社会インフラの提供にも貢献します。 Read more 持続可能な エネルギー 再生可能エネルギーを ワンストップでご提供 自社事業として多くの太陽光発電所を開発してきた経験を活用し、再生可能エネルギーの導入支援を行います。 また、エネルギー効率に優れたビルやマンション、工場を実現します。 Read more 持続可能な ビジネス 環境への配慮と 生産性向上を両立 生産性と安全性の高い食品工場や、効率性に優れた物流倉庫の建設などを、計画段階からサポート。 オフィスビルの価値向上に関するサービスもご提供しています。 Read more 事業紹介 強みを磨いた各事業のシナジーで 独自の価値を提供します 日本国土開発は、災害対策や大規模な造成工事などを得意とする土木事業、超高層建築などに強みを,EQUITY,Industrials,Engineering & Construction
1,1887,JDC Corporation,下水道,防衛・国土強靱化,,,92.0,96.0,,未確定,C,revenue_share_unknown,unknown,unknown,,,売上構成比を公式資料から数値で確認できず,EQUITY,Industrials,Engineering & Construction
1,1887,JDC Corporation,不動産関連,不動産・建設,,,42.0,42.0,,未確定,C,revenue_share_unknown,unknown,unknown,,https://www.n-kokudo.co.jp/,震化するためのソリューションもご提供します。 長年のノウハウを活用し、高品質な社会インフラの提供にも貢献します。 Read more 持続可能な エネルギー 再生可能エネルギーを ワンストップでご提供 自社事業として多くの太陽光発電所を開発してきた経験を活用し、再生可能エネルギーの導入支援を行います。 また、エネルギー効率に優れたビルやマンション、工場を実現します。 Read more 持続可能な ビジネス 環境への配慮と 生産性向上を両立 生産性と安全性の高い食品工場や、効率性に優れた物流倉庫の建設などを、計画段階からサポート。 オフィスビルの価値向上に関するサービスもご提供しています。 Read more 事業紹介 強みを磨いた各事業のシナジーで 独自の価値を提供します 日本国土開発は、災害対策や大規模な造成工事などを得意とする土木事業、超高層建築などに強みを持つ建築事業、エネルギーや不動産といった独自のビジネスを行う関連事業の3分野で事業を展開しています。 土木事業 Read more 建築事業 Read more 関連事業 Read more 未来への取り組み 私たちはオープンイノベーションによる研究開発や、独自の再生可能エネルギー事業をはじめとしたSDGs達成への取り組みを通じて、持続可能な社会づくりに邁進しています。また、未来を切り拓く人財の育成にも力を注いでいます。 研究開発 Read more サステナビリティ Read more 採用情報 日本国土開発は、社会課題の解決という「夢」を共有する方を募集しています。 Read more,EQUITY,Industrials,Engineering & Construction
1,1887,JDC Corporation,再開発,不動産・建設,,,8.0,5.0,,未確定,C,revenue_share_unknown,unknown,unknown,,,売上構成比を公式資料から数値で確認できず,EQUITY,Industrials,Engineering & Construction
1,1887,JDC Corporation,国土強靱化,防衛・国土強靱化,,,50.0,50.0,,未確定,C,revenue_share_unknown,unknown,unknown,,,売上構成比を公式資料から数値で確認できず,EQUITY,Industrials,Engineering & Construction
1,1887,JDC Corporation,太陽光発電関連,GX・エネルギー,,,90.0,90.0,,未確定,C,revenue_share_unknown,unknown,unknown,,https://www.n-kokudo.co.jp/,、環境に配慮したソリューションをお客様にとって魅力的なかたちで提供することを目指し、「挑戦と創造」を続けてまいります。 企業情報 Read more 社長メッセージ Read more IR情報 Read more 日本国土開発だから できること 日本国土開発は道路・橋などのインフラ構築や安全・安心な社会のための災害対策工事から超高層建築、既存の建物の価値向上まで、 確かな技術力を活かした多彩なソリューションを提供し、豊かな社会づくりに貢献しています。 Read more 持続可能な くらし 災害に強く 快適な街を開発 地震に強いビルやマンションを開発。重要な機器などを免震化するためのソリューションもご提供します。 長年のノウハウを活用し、高品質な社会インフラの提供にも貢献します。 Read more 持続可能な エネルギー 再生可能エネルギーを ワンストップでご提供 自社事業として多くの太陽光発電所を開発してきた経験を活用し、再生可能エネルギーの導入支援を行います。 また、エネルギー効率に優れたビルやマンション、工場を実現します。 Read more 持続可能な ビジネス 環境への配慮と 生産性向上を両立 生産性と安全性の高い食品工場や、効率性に優れた物流倉庫の建設などを、計画段階からサポート。 オフィスビルの価値向上に関するサービスもご提供しています。 Read more 事業紹介 強みを磨いた各事業のシナジーで 独自の価値を提供します 日本国土開発は、災害対策や大規模な造成工事などを得意とする土木事業、超高層建築などに強みを持つ建築事業、エネルギーや不動産といった独自のビジネスを行う関連事業の3分野で事業を展開しています。 土木事業 Read more 建築事業 Read more 関連事業 Read more 未来への取り組み 私たちはオープンイノベーションによる研究開発や、,EQUITY,Industrials,Engineering & Construction
1,1887,JDC Corporation,建設,不動産・建設,,,97.0,100.0,,未確定,C,revenue_share_unknown,unknown,unknown,,https://www.n-kokudo.co.jp/,フラ構築や安全・安心な社会のための災害対策工事から超高層建築、既存の建物の価値向上まで、 確かな技術力を活かした多彩なソリューションを提供し、豊かな社会づくりに貢献しています。 Read more 持続可能な くらし 災害に強く 快適な街を開発 地震に強いビルやマンションを開発。重要な機器などを免震化するためのソリューションもご提供します。 長年のノウハウを活用し、高品質な社会インフラの提供にも貢献します。 Read more 持続可能な エネルギー 再生可能エネルギーを ワンストップでご提供 自社事業として多くの太陽光発電所を開発してきた経験を活用し、再生可能エネルギーの導入支援を行います。 また、エネルギー効率に優れたビルやマンション、工場を実現します。 Read more 持続可能な ビジネス 環境への配慮と 生産性向上を両立 生産性と安全性の高い食品工場や、効率性に優れた物流倉庫の建設などを、計画段階からサポート。 オフィスビルの価値向上に関するサービスもご提供しています。 Read more 事業紹介 強みを磨いた各事業のシナジーで 独自の価値を提供します 日本国土開発は、災害対策や大規模な造成工事などを得意とする土木事業、超高層建築などに強みを持つ建築事業、エネルギーや不動産といった独自のビジネスを行う関連事業の3分野で事業を展開しています。 土木事業 Read more 建築事業 Read more 関連事業 Read more 未来への取り組み 私たちはオープンイノベーションによる研究開発や、独自の再生可能エネルギー事業をはじめとしたSDGs達成への取り組みを通じて、持続可能な社会づくりに邁進しています。また、未来を切り拓く人財の育成にも力を注いでいます。 研究開発 Read more サステナビリティ Read more 採用情報 日本国土開発は、社会課題の解,EQUITY,Industrials,Engineering & Construction
1,1887,JDC Corporation,建設機械,設備投資・機械,,,8.0,5.0,,未確定,C,revenue_share_unknown,unknown,unknown,,,売上構成比を公式資料から数値で確認できず,EQUITY,Industrials,Engineering & Construction
1,1887,JDC Corporation,耐震化,防衛・国土強靱化,,,8.0,5.0,,未確定,C,revenue_share_unknown,unknown,unknown,,,売上構成比を公式資料から数値で確認できず,EQUITY,Industrials,Engineering & Construction
1,1887,JDC Corporation,防災,防衛・国土強靱化,,,90.0,86.0,,未確定,C,revenue_share_unknown,unknown,unknown,,https://www.n-kokudo.co.jp/,of the 97th Ordinary General Meeting of Shareholders 2026.08.28 トピックス WEBマガジン 「トンガレコクド🄬」 に新社長インタビューを公開しました 2026.08.28 IR 2026年5月期 株主通信を公開しました Read more 私たちについて わたしたちは国土のソリューションカンパニーです 日本国土開発は、優れた機械技術を導入し、戦後復興を行うために誕生しました。 これからも、さまざまな社会課題の解決のため、環境に配慮したソリューションをお客様にとって魅力的なかたちで提供することを目指し、「挑戦と創造」を続けてまいります。 企業情報 Read more 社長メッセージ Read more IR情報 Read more 日本国土開発だから できること 日本国土開発は道路・橋などのインフラ構築や安全・安心な社会のための災害対策工事から超高層建築、既存の建物の価値向上まで、 確かな技術力を活かした多彩なソリューションを提供し、豊かな社会づくりに貢献しています。 Read more 持続可能な くらし 災害に強く 快適な街を開発 地震に強いビルやマンションを開発。重要な機器などを免震化するためのソリューションもご提供します。 長年のノウハウを活用し、高品質な社会インフラの提供にも貢献します。 Read more 持続可能な エネルギー 再生可能エネルギーを ワンストップでご提供 自社事業として多くの太陽光発電所を開発してきた経験を活用し、再生可能エネルギーの導入支援を行います。 また、エネルギー効率に優れたビルやマンション、工場を実現します。 Read more 持続可能な ビジネス 環境への配慮と 生産性向上を両立 生産性と安全性の高い食品工場や、効率性に優れた物流倉庫の建設などを、計画段階からサポート。 オフィ,EQUITY,Industrials,Engineering & Construction
1,1888,"Wakachiku Construction Co., Ltd.",国土強靱化,防衛・国土強靱化,,,8.0,5.0,,未確定,C,revenue_share_unknown,unknown,unknown,,https://www.wakachiku.co.jp/data/news/208/news.pdf,"© WAKACHIKU CONSTRUCTION Co., Ltd. All rights reserved. ４ .中期経営計画≪2024-2026≫の進捗状況 26 Copyright © WAKACHIKU CONSTRUCTION Co., Ltd. All rights reserved. 事業戦略の６本柱 民間 土木 民間 建築 不動産 事業 海外 事業 官庁 建築 官庁 土木 27 事業戦略 — 各部門の強みをいかした事業展開による案件の大規模化・高収益化 Sustainability Ⅰ 市場での持続可能性向上 ・大型プロジェクトへの取組 物流倉庫・工場で大型案件を獲得 生産性向上へ大型案件への取組を更に加速 少子高齢化社会に対応した福祉施設等への 取組を強化 ・組織の拡充 建築設計部を新設し、幅広い顧客ニーズ に応えられる体制を整備 ・インフラ整備 羽田空港耐震工事など国土強靱化関連工 事を複数獲得 ・港湾整備 横浜港・名古屋港などでWTO関連工事 を複数獲得 ・防衛関連工事 護岸整備工事等を獲得。今後も大型事業に 対応 ・再生可能エネルギー 陸上風力・小水力発電施設工事を受注 バイオマス発電への取組は継続 ・民間設備投資 民間の岸壁施設工事、航路浚渫工事を獲得 造船業等、国家成長戦略に関する事業への 取組を強化 土木･建築一体で大型案件への取組を加速 ・安定収益賃貸資産への投資を継続 現有資産の組替を実施 優良案件への投資を今後も推進 ・現有資産の有効活用 保有不動産の活用・整備・売却 ・防衛関連工事 大型工事を複数受注 ・公共施設大型案件への取組 福岡県福智町で総合体育館建設を獲得 ・顧客満足度の向上 北熊本SA工事では、高い工事評価点を 獲得 ・ODA案件 ミクロネシア連邦で港湾拡張工事 東ティモールで病院建設を獲得 ・人材育成 外国人技術者を積極的に雇用、",EQUITY,Industrials,Engineering & Construction
1,1888,"Wakachiku Construction Co., Ltd.",建設,不動産・建設,0.30,0.4,94.0,86.0,41.3,補助関連,B,explicit_ratio_needs_qa,revenue_share_v4_candidate,explicit_ratio_candidate,explicit_percent,https://www.wakachiku.co.jp/data/news/221/news.pdf,".8 経常利益 127 0.7 1,643 6.3 1,186.8 当期純利益 68 0.3 1,109 4.2 1,523.0 単体 連結 ポイント1 ポイント2 ポイント3 ポイント1 ポイント2 ポイント3 売上高は全ての工種で進捗率が進み、昨年同期比33.7％増の262億円（過去最高(1Q)） 営業利益は売上高の増加と採算性向上により、昨年同期比1,745.8％増の15億円（過去最高(1Q)） 受注高は昨年度の反動で、昨年同期比11.2％減の269億円 Copyright © WAKACHIKU CONSTRUCTION Co., Ltd. All rights reserved. セグメント別の状況 概要 5 2026/3 1Q 2027/3 1Q 増減率 （％） 完成工事 19,506 26,151 34.1 土木 12,064 15,289 26.7 建築 7,442 10,862 45.9 不動産事業等 119 85 △28.5 合計 19,626 26,237 33.7 2026/3 1Q 2027/3 1Ｑ 増減率 （％） 完成工事 1,878 3,598 91.5 土木 1,234 2,171 75.9 建築 644 1,426 121.4 不動産事業等 61 44 △26.5 合計 1,939 3,643 87.8 （百万円） （百万円） 売上高 （百万円） 単体 売上総利益 （百万円） 次期繰越高 2026/3 1Q 2027/3 1Q 増減率 （％） 建設事業 132,459 150,098 13.3 土木 77,791 74,608 △4.1 建築 54,667 75,489 38.1 不動産事業等 1,467 344 △76.6 合計 133,926 150,442 12.3 （百万円） 2027年 3月期 1Q セグメント別売上高割合 不動産事業等 土木事業 建築事業 0.3% 41.4% 58.3% Copyright © WAKACHIKU CONSTRUCTION Co., Ltd. All rights reserved. 0 10,000 20,000 30,000 2023/3 2024/3 2025/3 2026/3 2027/3 １Ｑ ２Ｑ ３Ｑ ４Ｑ セグメント別の状況 四半期別完成工事高推移 6 単体 年度別完成工事高推移 昨年度から継続施工中の大型工事で進捗が進み、第１四半期では過去最高の261億円の完工高となった Copyright © WAKACHIKU CONSTRUCTION Co., Ltd. All rights reserved. セグメント別の状況 ①土木 7 • 陸上土木工事の進捗が順調に推移し、昨年同期 比26.7％増の152億円 • 陸上土木工事の生産性向上により利益率は 14.2",EQUITY,Industrials,Engineering & Construction
1,1892,,建設,不動産・建設,,,8.0,5.0,,未確定,C,revenue_share_unknown,unknown,unknown,,,会社公式サイトURL未取得,,,
1,1893,"Penta-Ocean Construction Co., Ltd.",データセンター,データセンター・電力,,,8.0,5.0,,未確定,C,revenue_share_unknown,unknown,unknown,,,売上構成比を公式資料から数値で確認できず,EQUITY,Industrials,Engineering & Construction
1,1893,"Penta-Ocean Construction Co., Ltd.",ドローン,防衛・国土強靱化,,,8.0,5.0,,未確定,C,revenue_share_unknown,unknown,unknown,,,売上構成比を公式資料から数値で確認できず,EQUITY,Industrials,Engineering & Construction
1,1893,"Penta-Ocean Construction Co., Ltd.",国土強靱化,防衛・国土強靱化,,,50.0,48.0,,未確定,C,revenue_share_unknown,unknown,unknown,,,売上構成比を公式資料から数値で確認できず,EQUITY,Industrials,Engineering & Construction
1,1893,"Penta-Ocean Construction Co., Ltd.",建設,不動産・建設,,,94.0,96.0,,未確定,C,revenue_share_unknown,unknown,unknown,,,売上構成比を公式資料から数値で確認できず,EQUITY,Industrials,Engineering & Construction
1,1893,"Penta-Ocean Construction Co., Ltd.",鉄道関連,物流・海運,,,82.0,84.0,,未確定,C,revenue_share_unknown,unknown,unknown,,,売上構成比を公式資料から数値で確認できず,EQUITY,Industrials,Engineering & Construction
1,1893,"Penta-Ocean Construction Co., Ltd.",防災,防衛・国土強靱化,,,8.0,5.0,,未確定,C,revenue_share_unknown,unknown,unknown,,,売上構成比を公式資料から数値で確認できず,EQUITY,Industrials,Engineering & Construction
1,1893,"Penta-Ocean Construction Co., Ltd.",風力発電,GX・エネルギー,,,8.0,5.0,,未確定,C,revenue_share_unknown,unknown,unknown,,,売上構成比を公式資料から数値で確認できず,EQUITY,Industrials,Engineering & Construction
1,1897,"The Kaneshita Construction Co.,Ltd.",建設,不動産・建設,88.89,,97.0,89.0,,未確定,C,calculated_ratio_needs_qa,calculated_candidate_only,calculated_ratio_candidate,calculated_same_snippet,https://www.kaneshita.co.jp/file/c66b1701cbe48eb4470d394b464d0f90.pdf,…… 3 （２）四半期連結損益計算書及び四半期連結包括利益計算書 ……………………………………………………… 5 四半期連結損益計算書 第３四半期連結累計期間 ……………………………………………………………………………………… 5 四半期連結包括利益計算書 第３四半期連結累計期間 ……………………………………………………………………………………… 6 （３）四半期連結財務諸表に関する注記事項 ………………………………………………………………………… 7 （会計方針の変更に関する注記） ………………………………………………………………………………… 7 （四半期連結財務諸表の作成に特有の会計処理に関する注記） ……………………………………………… 7 （株主資本の金額に著しい変動があった場合の注記） ………………………………………………………… 7 （継続企業の前提に関する注記） ………………………………………………………………………………… 7 （四半期連結キャッシュ・フロー計算書に関する注記） ……………………………………………………… 7 （セグメント情報等の注記） ……………………………………………………………………………………… 8 ３．補足情報 ………………………………………………………………………………………………………………… 9 四半期個別受注の状況 ………………………………………………………………………………………………… 9 ○添付資料の目次 - 1 - 金下建設㈱ (1897) 2025年12月期 第３四半期決算短信 １．経営成績等の概況 （１）当四半期の経営成績の概況 当第３四半期連結累計期間におけるわが国経済は、雇用・所得環境の改善等を背景に、景気は緩やかな回復基調 で推移しました。しかしながら、米国の通商政策の影響や物価の上昇等、景気の先行きは、依然として不透明な状 況となりました。 建設業界におきましては、公共投資は底堅く推移し、民間設備投資の一部に持ち直しの動きも見られましたが、 建設資材価格の高止まりや、建設技術者・労働者不足が慢性化しており、引き続き厳しい状況となりました。 このような状況の中、当第３四半期連結累計期間の当社グループの売上高は、受注高の減少や工事進捗の遅れ等 により、59億1千万円（前年同四半期比23.2％減）となりました。 利益面につきましては、売上高が減少したこと等により、営業利益は9百万円（前年同四半期比96.5％減）、経 常利益は1億5千4百万円（前年同四半期比59.3％減）、親会社株主に帰属する四半期純利益は1億1千3百万円（前年 同四半期比54.3％減）となりました。 セグメントごとの経営成績は、次のとおりであります。（セグメントごとの経営成績については、セグメント間 の内部売上高又は振替高を含,EQUITY,Industrials,Engineering & Construction
1,1898,"Seikitokyu Kogyo Co., Ltd.",国土強靱化,防衛・国土強靱化,,,42.0,30.0,,未確定,C,revenue_share_unknown,unknown,unknown,,https://www.seikitokyu.co.jp/assets/file/pdf/ir/plan/ir_plan_01.pdf,"の設置、取締役定員削減を実施、コーポレートガバナンスを強化。 〇株主還元：従前の還元方針「安定配当10円＋特別配当」を見直し、「総還元性向30%程度」を目安とした安定的な株主還元を継続。 投資計画 ●株主還元の推移 「総還元性向30％程度」を目安とした 安定的な株主還元を継続 個別戦略・重点施策 ・中核事業のブラッシュアップ ・将来の企業価値向上に資する成長投資の実践 ・将来に亘る担い手確保に向けた働き方改革への取り組み ・コンプライアンス経営によるリスクマネジメントの徹底 ・中長期的な企業価値向上に向けたコーポレートガバナンスの強化 27円 47円 43円 31.3% 28.9% 33.5% 2018年度 2019年度 2020年度（予定） 1株当たり配当 配当性向 中期経営計画 （ 2021 - 2023 年度） 2 Compass2030 12 ◆道路建設業界においては、防災・減災、国土強靭化対策等により底堅い公共需要が見込まれるものの、新型コロナウイ ルス感染症の影響による市場縮小が懸念され、また、中長期的には、人口減少・高齢化による国や地方の税収減に伴い、 公共事業関係費の漸減傾向が想定される等、先行き予断を許さない事業環境。 ◆少子高齢化に伴う生産年齢人口減少の影響等により、事業規模の維持・拡大に必要な技術者・技能労働者等の人材確保 がますます困難になる事態が懸念される。 ●公共事業関係費（予算ベース）と当社工事受注高［単体］ 0 200 400 600 800 1,000 1,200 1,400 0.0 2.0 4.0 6.0 8.0 10.0 12.0 14.0 1997 1998 1999 2000 2001 2002 2003 2004 2005 2006 2007 2008 2009 2010 2011 2012 2013 2014 2015 2016 2017",EQUITY,Industrials,Engineering & Construction
1,1898,"Seikitokyu Kogyo Co., Ltd.",防災,防衛・国土強靱化,26.87,,72.0,68.0,,未確定,C,calculated_ratio_needs_qa,calculated_candidate_only,calculated_ratio_candidate,calculated_same_snippet,https://www.seikitokyu.co.jp/assets/file/pdf/ir/plan/ir_plan_01.pdf,になるため、当期純利益は減少。 ◆[23年度売上高計画値／事業別内訳] ・単体建設事業 670億円 ・単体製品事業 180億円 ・国内関連会社 88億円 売上総利益117億円（12.8%） ・海外関連会社 10億円 一般管理費 59億円 ・連結内部消去 ▲32億円 営 業 利 益 58億円 （単位：億円）（単位：億円） 56 60 85 58 35 65 52 37 740 786 900 916 2018年度 2019年度 2020年度 2023年度 （計画） 営業利益 当期純利益 売上高 315 366 408 430 11.7% 19.2% 13.4% 8.6% 2018年度 2019年度 2020年度 2023年度 （計画） 自己資本 ＲＯＥ 16Compass2030 個別戦略・重点施策 中期経営計画 （ 2021 - 2023 年度） 2 ■保有する道路の点検・診断技術等をさらに磨き、包括的維持工事の受注に向けたアドバンテージを獲得する。 ■海外事業を軌道に乗せ、国内建設市場の変化に左右されない新たな収益の柱として確立する。 ■既存事業とのシナジーや事業領域・マーケットの拡大につながるＭ＆Ａ・提携等を推進し、成長基盤づくりを加速する。 【建設事業】 ■施工実績の蓄積と対応体制の強化により、国交省・高速道路会社発注工事における受注競争力を高める。 ■国内の建設工事拠点（営業所）全てが地域で自立自活し、基盤数値の底上げを図る。 ■底堅い需要が見込まれるインフラ老朽化対策、防災・減災分野、再生可能エネルギー事業への営業展開に注力する。 【舗装資材製造販売事業】 ■自社工事を網羅する拠点配置、設備と営業員の拡充により、市場規模の大きい大都市圏において販売量を確保する。 ■低環境負荷商品の充実と製品の品質向上により顧客の要求に応え、さらなる販売シェア拡大につなげる。 【技術開発】 ■将来における舗装の役割や機能の変化を見据えた技術開発を遂行し、新たな付加価値を創出する。 個別戦略①：本業のさらなる競争力強化による安定収益の拡大 個別戦略②：事業領域の拡大、新たな事業分野開拓への挑戦 17Compass2030 個別戦略・重点施策 中期経営計画 （ 2021 - 2023 年度） 2 ■ＩＣＴの積極活用および業務効率化等により、生産性の向上と長時間労働の是正、４週８休を実現する。 ■業務プロセスのデジタル化等による効率向上を図るとともに、ワークライフバランスの実現できる環境整備を推進する。 ■ダイバーシティ採用の推進、教育機関との結びつき強化等により、目指す事業規模達成に必要な人材を確保する。 ■従業員にとって働きやすく働き甲斐のある「魅力ある職場づくり」を推進し、エンゲージメントの向上を図る。 ■多様化する人材に応じたキャリアパスの形成と教育体系の再構築に,EQUITY,Industrials,Engineering & Construction
1,1899,Fukuda Corporation,不動産関連,不動産・建設,97.19,,92.0,94.0,,未確定,C,calculated_ratio_needs_qa,calculated_candidate_only,calculated_ratio_candidate,calculated_same_snippet,https://www.fkd.co.jp/wp-content/uploads/2022/04/medium_term_2025.pdf,"00年に向けた挑戦 (2016年2⽉公表） 強い連結経営で 地方ゼネコンの枠を超えた全国展開 全てのステークホルダーと WIN・WINの関係を構築 品質と安全で 顧客満足の創造 ⾼い技術⼒・⾼い提案⼒ のある企業集団 優秀な⼈材の確保と活躍 できる環境の整備 収益性指標︓ROE 安定的に8％程度 株 主 還 元︓純資産配当率2.0％又は配当性向20％を目安に 2026・・・・2030・・・・ 2030年及び その先の 更なる⾶躍へ 次期⻑期 ビジョンへ 9 Ⅵ. 中期経営計画2025策定の考え方︓ 「量」と「質」のバランス 「100年先も誠実」 ●「量」と「質」のバランスをとり、企業価値を向上させる 少子⾼齢化・⼈⼝縮⼩により国内建設市場の量的縮⼩は不可避だが 市場規模動向に左右されないサステナブルな成⻑へ 量 利益 売上⾼ 受注量 ⾼付加価値 ブランド ⼈財 質 質 ⾼付加価値 ⼈財 ブランド 量 利益 売上⾼ 受注量 © 2022 Fukuda Corporation. Ⅶ-1．中期経営計画2025 基本方針 10© 2022 Fukuda Corporation. ● 前中計の継続課題と外部環境の変化を踏まえ、5つの基本方針を策定し、持続可能なFUKUDAへ 前 中 計 の 継 続 課 題 ＋ 外 部 環 境 の 変 化 前 中 計 の 継 続 課 題 ＋ 外 部 環 境 の 変 化 基本方針 主要事業（建設・不動産）の進化と深化 〜再強化と可能性の追求〜 主要事業（建設・不動産）の進化と深化 〜再強化と可能性の追求〜 フクダグループによる誠実ブランドの確⽴ 〜信頼による営業⼒の強化〜 フクダグループによる誠実ブランドの確⽴ 〜信頼による営業⼒の強化〜 安全と品質の強化と徹底 安全と品質の強化と徹底 企業価値向上のためのESG経営 企業価値向上のためのESG経営 ⼈財の充実と成⻑ 〜組織を⽀える多様な基盤の整備〜 ⼈財の充実と成⻑ 〜組織を⽀える多様な基盤の整備〜 1. 2. 3. 4. 5. Ⅶ-2．業績目標 項目 2021年12月期 実績 2022年12月期 計画 2025年12月期 計画 売上⾼ 1,798億円 1,550億円 1,850億円 営業利益 88億円 62億円 84億円 売上⾼営業利益率 4.9％ 4.0％ 4.5％ 11© 2022 Fukuda Corporation. ⻑期ビジョン2025 0 500 1,000 1,500 2,000 2016 2017 2018 2019 2020 2021 2022 2025 売上高の推移 前中期経営計画 中期経営計画 1,550億円 1,850 億円 （億円） ⻑期ビジョン2025 0% 1% 2% 3% 4% 5% 6% 0 20 40 60 80 100 120 2016 2017 ",EQUITY,Industrials,Engineering & Construction
1,1899,Fukuda Corporation,建設,不動産・建設,76.36,,97.0,99.0,,未確定,C,calculated_ratio_needs_qa,calculated_candidate_only,calculated_ratio_candidate,calculated_same_snippet,https://www.fkd.co.jp/wp-content/uploads/2026/03/fukudavision2035_chuukikeieikeikaku2030.pdf,"12 FUKUDA VISION 2035｜10年後のありたい姿に込めた想い 「企業」の成⻑は「人」の成⻑がなければあり得ません。 全役職員が生き生きと働き、互いの成⻑を実感し喜びあえる。 そのような姿を目指し、私たちは人財への投資を積極的に行っ てまいります。 私たちは地域の皆様に⽀えられながら、ともに成⻑を続けてき ました。そのことが、私たちの強みになっています。 そして、私たちはこれからも地域の皆様とともに地域の未来を 提案・創造できる企業を目指します。 私たちは120年以上ものあいだ、建設事業を通じ社会に貢献して きました。このことは私たちの誇りでもあります。 これからも建設業の誇りを胸に、ものづくりの責任と使命感を もって、魅力溢れるまちづくりに貢献してまいります。 私たちは「100年先も誠実」を根底に、安全で高品質なサービス の提供を心掛けてきました。そして、当たり前のことを当たり 前に行い続けることで、確かな技術と信頼を築いてきました。 その技術と信頼をしっかりと次世代にも伝承してまいります。 福田グループが限られた経営資源の中で、更なる成⻑を続けて いくためには、グループ内での企業連携を強化し、ブランド力 を高めていくことが必要です。これからも福田グループ全社一 丸で新たな価値を創造し、企業価値の向上を目指します。 一人ひとりが生き生きと働き 互いの成⻑を誇る 社業の発展と未来の創造に向け 挑戦し続ける意欲を絶やさない 地域とともに成⻑し 地域とともに未来を創る 建設業の誇りを胸に まちづくりに貢献する 当たり前の安全・品質を提供し 社会・人との信頼を繋ぐ グループ一丸で 新たな価値を創造する 6つのありたい姿から抽出されるキーワード 人財 事業 ブランド © 2026 Fukuda Corporation. 13 FUKUDA VISION 2035｜主要数値目標 売上高 1,680億円 2,200億円 営業利益 78億円 143億円 指標 2025年12⽉期実績 2035年12⽉期計画 営業利益率 4.6% 6.5% ROE 6.4% 8.5% 人財・事業・ブランドの3軸を戦略の柱に据え ビジョンの実現、持続的な成⻑を目指す © 2026 Fukuda Corporation. 中期経営計画2030 目次 14 1. 前中期経営計画2025の振り返り - 定性面の振り返り - 定量面の振り返り 2. FUKUDA VISION 2035 - 我々の外部環境認識 - 我々のパーパス - ビジョン全体像 - スローガンに込めた想い - 10年後のありたい姿に込めた想い - 主要数値目標 3. 中期経営計画2030 - 中期経営計画2030の位置づけ - 主要数値目標〜財務目標〜 - 重点戦略全体像 - ⼈財戦略詳細 - 事業戦略詳細〜⼟⽊・建",EQUITY,Industrials,Engineering & Construction
1,1899,Fukuda Corporation,鉄道関連,物流・海運,,,8.0,5.0,,未確定,C,revenue_share_unknown,unknown,unknown,,,売上構成比を公式資料から数値で確認できず,EQUITY,Industrials,Engineering & Construction
1,189A,"D & M Company Co., Ltd.",リース,金融・金利,,,58.0,54.0,,未確定,C,revenue_share_unknown,unknown,unknown,,,売上構成比を公式資料から数値で確認できず,EQUITY,Healthcare,Medical Care Facilities
1,189A,"D & M Company Co., Ltd.",介護関連,医療・ヘルスケア,,,97.0,99.0,,未確定,C,revenue_share_unknown,unknown,unknown,,https://www.dmcompany.co.jp/,"医療・福祉事業の経営をサポートをする会社 | 株式会社D&Mカンパニー ホーム 事業案内 当社の強み 会社紹介 IR情報 お知らせ 採用情報 お問い合わせ 私たちは、 医療・介護・福祉事業に携わる方々の 経営の安定と発展をサポートする 会社です お問い合わせ お知らせ 2026.08.31 IR 決議通知 (490KB) 2026.08.31 IR 臨時報告書 (13KB) 2026.08.31 IR 臨時報告書 (14KB) 2026.08.31 IR コーポレート・ガバナンスに関する報告書 2026/08/31 (99KB) 2026.08.28 IR 事業計画及び成長可能性に関する事項 (2,532KB) 2026.08.27 IR 有価証券報告書－第11期(2025/06/01－2026/05/31) (813KB) 一覧へ ２分で大体わかる D&Mカンパニー 現在の医療・介護・福祉業界の状況と、当社の取り組みについてのご紹介です。 数字で見る当社の支援実績 医療・介護・福祉事業者様との取引状況を、主要なデータを通じてお伝えします。 当社取引の構成比 当社",EQUITY,Healthcare,Medical Care Facilities
1,189A,"D & M Company Co., Ltd.",医療機器,医療・ヘルスケア,,,82.0,84.0,,未確定,C,revenue_share_unknown,unknown,unknown,,,売上構成比を公式資料から数値で確認できず,EQUITY,Healthcare,Medical Care Facilities
1,1904,"Taisei Oncho Co., Ltd.",建設,不動産・建設,,,94.0,86.0,,未確定,C,revenue_share_unknown,unknown,unknown,,,売上構成比を公式資料から数値で確認できず,EQUITY,Industrials,Building Products & Equipment
1,1905,Tenox Corporation,住宅関連,不動産・建設,,,72.0,68.0,,未確定,C,revenue_share_unknown,unknown,unknown,,,売上構成比を公式資料から数値で確認できず,EQUITY,Industrials,Engineering & Construction
1,1905,Tenox Corporation,国土強靱化,防衛・国土強靱化,,,42.0,30.0,,未確定,C,revenue_share_unknown,unknown,unknown,,,売上構成比を公式資料から数値で確認できず,EQUITY,Industrials,Engineering & Construction
1,1909,"Nippon Dry-Chemical Co., Ltd.",機械,設備投資・機械,,,42.0,30.0,,未確定,C,revenue_share_unknown,unknown,unknown,,,売上構成比を公式資料から数値で確認できず,EQUITY,Industrials,Security & Protection Services
1,1909,"Nippon Dry-Chemical Co., Ltd.",設備投資,設備投資・機械,,,42.0,30.0,,未確定,C,revenue_share_unknown,unknown,unknown,,,売上構成比を公式資料から数値で確認できず,EQUITY,Industrials,Security & Protection Services
1,1909,"Nippon Dry-Chemical Co., Ltd.",防災,防衛・国土強靱化,,,97.0,89.0,,未確定,C,revenue_share_unknown,unknown,unknown,,https://www.ndc-group.co.jp/inquiry/index.php,お問い合わせ｜日本ドライケミカル株式会社 ＞ English HOME 企業情報 製品・及びサービス 投資家の皆様へ お問い合わせ 採用情報 サイトマップ 企業情報 企業情報 概要 社長メッセージ 企業理念 沿革 事業所一覧 サステナビリティ 製品・サービス 製品・サービス 建築防災設備 概要 設備一覧 施工実績例 自動火災報知設備 概要 設備一覧 プラント防災設備 概要 設備一覧 施工実績 船舶防災設備 概要 設備一覧 メンテナンス 概要 各種サービスのご案内 消火器・消火用具 概要 各種消火器 消火用具その他関連製品 防災用品 概要 防災用品一覧 消防車 概要 消防自動車一覧 投資家の皆様へ 投資家の皆様へ IRニュース 経営ビジョン 社長メッセージ 企業理念 中期経営計画 コーポレート・ガバナンス IRライブラリ 決算短信 適時開示資料 株主通信 有価証券報告書 IR・会社説明会 株主総会 財務・業績データ 株式情報 銘柄基本情報 株式の状況 配当情報 株主優待制度 株式事務のご案内 IRカレンダー IRお問合せ窓口 お問合せ 採用情報 お問い合わせ 日本ドライケミカルのホームページをご覧いただき、誠にありがとうございました。弊社へのご質問を下記のフォームにご入,EQUITY,Industrials,Security & Protection Services
1,190A,Chordia Therapeutics Inc.,バイオテクノロジー関連,医療・ヘルスケア,,,97.0,100.0,,未確定,C,revenue_share_unknown,unknown,unknown,,,売上構成比を公式資料から数値で確認できず,EQUITY,Healthcare,Biotechnology
1,190A,Chordia Therapeutics Inc.,創薬,医療・ヘルスケア,,,90.0,82.0,,未確定,C,revenue_share_unknown,unknown,unknown,,,売上構成比を公式資料から数値で確認できず,EQUITY,Healthcare,Biotechnology
1,1911,"Sumitomo Forestry Co., Ltd.",住宅関連,不動産・建設,,,97.0,100.0,,未確定,C,revenue_share_unknown,unknown,unknown,,https://sfc.jp/information/ir/library/statements/pdf/2026_2q_fact.pdf,"Quarter of the Fiscal Year Ending December 31, 2026 Aug 7, 2026 本資料における予想数値は現時点での予測に基づいており、実際の業績はこれら予想と異なる結果となる場合があり得ます。 The estimated figures on this factbook are based on the present forecast. Therefore, the actual results could differ from the estimates. 目次 Index ページ 更新* ページ 更新 Page Update* Page Update 実績 予想 実績 予想 Actual Forecast Actual Forecast 連結業績の推移 Consolidated Business Results 4-5 〇 〇 海外住宅事業セグメントの状況 The State of Overseas Housing Business Segment 20-21 〇 〇 財務指標および1株当たり情報の推移 Financial Indicators and Per Share Data 米国戸建住宅の状況 The State of Single-family homes business in the U.S. 財務指標 Financial Indicators 6 - 〇 受注の推移 Change in Orders 22 〇 - 一株当たり情報 Per Share Data 6 - 〇 受注残の推移 Change in Backlog of Orders 22 〇 - セグメント別業績の推移 Performance by Segment 7-10 〇 〇 販売の推移 Change in Sales 23 〇 〇 木材建材",EQUITY,Consumer Cyclical,Residential Construction
1,1911,"Sumitomo Forestry Co., Ltd.",耐震化,防衛・国土強靱化,,,8.0,5.0,,未確定,C,revenue_share_unknown,unknown,unknown,,,売上構成比を公式資料から数値で確認できず,EQUITY,Consumer Cyclical,Residential Construction
1,1911,"Sumitomo Forestry Co., Ltd.",風力発電,GX・エネルギー,,,8.0,5.0,,未確定,C,revenue_share_unknown,unknown,unknown,,,売上構成比を公式資料から数値で確認できず,EQUITY,Consumer Cyclical,Residential Construction
1,1914,"Japan Foundation Engineering Co., Ltd.",国土強靱化,防衛・国土強靱化,,,42.0,30.0,,未確定,C,revenue_share_unknown,unknown,unknown,,,売上構成比を公式資料から数値で確認できず,EQUITY,Industrials,Engineering & Construction
1,1914,"Japan Foundation Engineering Co., Ltd.",耐震化,防衛・国土強靱化,,,8.0,5.0,,未確定,C,revenue_share_unknown,unknown,unknown,,,売上構成比を公式資料から数値で確認できず,EQUITY,Industrials,Engineering & Construction
1,1914,"Japan Foundation Engineering Co., Ltd.",防災,防衛・国土強靱化,,,92.0,90.0,,未確定,C,revenue_share_unknown,unknown,unknown,,https://www.jafec.co.jp/,'26(2026/6/3～2025/6/4)に出展いたしました。 2025.11.12 Wed サステナビリティ・CSR 建設技術フェア2025in中部（12/4～12/5）に出展いたしました。 2025.10.20 Mon サステナビリティ・CSR 建設技術展2025関東（2025/11/19～20）に出展いたしました。 2025.09.26 Fri サステナビリティ・CSR 建設技術展2025近畿（2025/10/30～31）に出展いたしました。 2025.06.09 Mon 企業情報 小口径自動削孔機（ABM10）がNETIS に登録されました 2025.04.21 Mon サステナビリティ・CSR 令和６年能登半島地震への協力で農林水産大臣名の感謝状をいただきました。 2025.01.29 Wed 企業情報 Eight工法が国土交通省のICT建設機械に認定されました。 00／00 災害対策：台風（大雨、洪水） 岩盤グラウチング技術 小口径自動削孔機（ABM-10） <p>自動削孔プログラムとボーリングロッドを自動で接続・脱着する機能を搭載し、作業の効率化や作業時間の短縮が可能になりました。そのため、作業の省力化、安全性を向上し、経験が浅い不慣れな作業員の安全な削孔作業をサポートします。また、地質毎の削孔データ、削孔時間を蓄積し、地質の解析や工程管理に活用可能です。</p> 構造分類：ダム 災害対策： 斜面・のり面対策技術 A-RPD（Automatic Rotary Percussion Drill） <p>所定の位置に削孔機本体とロッド補給装置を設置して使用します。「二重管の接続」「地質に応じた制御削孔」「インナーロッドとアウターケーシングの抜管」を自動で行い、削孔長や削孔速度などの削孔データも自動で記録管理することができます。従来の人力作業ではなく、自動で削孔・接続・抜,EQUITY,Industrials,Engineering & Construction
1,1921,Tomoe Corporation,マンション関連,不動産・建設,,,8.0,5.0,,未確定,C,revenue_share_unknown,unknown,unknown,,,売上構成比を公式資料から数値で確認できず,EQUITY,Industrials,Engineering & Construction
1,1921,Tomoe Corporation,不動産関連,不動産・建設,,,86.0,78.0,,未確定,C,revenue_share_unknown,unknown,unknown,,https://www.tomoe-corporation.co.jp/,巴コーポレーション 会社案内 企業概要 社長挨拶 会社沿革 役員一覧 中期経営計画 企業目標 環境方針 ISOの取組み パートナーシップ構築宣言 一般事業主行動計画 事業所案内 製品紹介 総合建設 電波暗室・電磁シールド 立体構造 鉄塔 橋梁 鉄骨・特殊鉄骨 不動産 施工例・製作例の紹介 100周年特設サイト 技術紹介 技術紹介 技報 カタログダウンロード IR情報 株主の皆様へ 株主総会 IRニュース 決算短信 有価証券報告書・半期報告書 コーポレート・ガバナンス 貸借対照表・損益計算書 電子公告 採用情報 採用情報 新卒採用 中途採用 地方工場採用_札幌巴コーポレーション 地方工場採用_東北巴コーポレーション 静岡県 伊豆ベロドローム 巴コーポレーションは、 信頼と安心の技術で社会に貢献します。 新着情報 News お知らせ お知らせ一覧へ > 2026/08/26 橋梁 実績一覧ページを更新致しました。 2026/07/28 株式会社鴻池組様より「優良賞（法人）」を受賞しました。 2026/07/24 技術紹介「技報」のページを更新致しました。 お知らせ一覧へ IR情報 IR情報一覧へ > 2026/08/07 「9年3月期 第1四半期 決算短,EQUITY,Industrials,Engineering & Construction
1,1921,Tomoe Corporation,建設,不動産・建設,,,90.0,82.0,,未確定,C,revenue_share_unknown,unknown,unknown,,https://www.tomoe-corporation.co.jp/,巴コーポレーション 会社案内 企業概要 社長挨拶 会社沿革 役員一覧 中期経営計画 企業目標 環境方針 ISOの取組み パートナーシップ構築宣言 一般事業主行動計画 事業所案内 製品紹介 総合建設 電波暗室・電磁シールド 立体構造 鉄塔 橋梁 鉄骨・特殊鉄骨 不動産 施工例・製作例の紹介 100周年特設サイト 技術紹介 技術紹介 技報 カタログダウンロード IR情報 株主の皆様へ 株主総会 IRニュース 決算短信 有価証券報告書・半期報告書 コーポレート・ガバナンス 貸借対照表・損益計算書 電子公告 採用情報 採用情報 新卒採用 中途採用 地方工場採用_札幌巴コーポレーション 地方工場採用_東北巴コーポレーション 静岡県 伊豆ベロドローム 巴コーポレーションは、 信頼と安心の技術で社会に貢献します。 新着情報 News お知らせ お知らせ一覧へ > 2026/08/26 橋梁 実績一覧ページを更新致しました。 2026/07/28 株式会社鴻池組様より「優良賞（法人）」を受賞しました。 2026/07/24 技術紹介「技報」のページを更新致しました。 お知らせ一覧へ IR情報 IR,EQUITY,Industrials,Engineering & Construction
1,1921,Tomoe Corporation,耐震化,防衛・国土強靱化,,,8.0,5.0,,未確定,C,revenue_share_unknown,unknown,unknown,,https://www.tomoe-corporation.co.jp/ir/doc/dai3_tomoe_build_up_5-2.pdf,的、環境目標を定めて、継続的改善に取り組む。 ６．社員に対し必要な教育・訓練を行い、環境保全意識が高く、なすべき行動がとれる人材に育成する。 〔２－４〕ESG、SDGs取組方針 以前より前述の「品質方針」「環境方針」を掲げてきたが、持続的な成長のためこれらの方針に加え、環境（Environment）、社会 （Social）、企業統治（Governance）の観点から課題を整理し、取り組み方法を検討していく。 次項に示すように、SDGs目標のうち当社の強みが発揮できる課題から優先して取り組む。 2 〔２－５〕当社におけるESG、SDGs取り組みの例 ・設計施工案件での環境認証の取得 ・小山工場にてソーラー発電開始 Ｅ ・ソーラー発電事業者に対する苫小牧事業所の賃貸 ・木材を使用した製品の開発（木鋼ハイブリッド） ・AR部材認証システムによる不適合防止 ・既設桁の再現による補強設計の効率化 ・耐震技術の開発（座屈拘束ブレース、置屋根支承等） ・鉄塔長寿命化（ドローン調査、合金めっき適用） ・物流効率化に資する施設の建設 ・BIM/CIMの導入による設計品質・性能の向上 Ｓ ・DX推進による効率的な生産体制の構築 ・臨機応変に対応できるサプライチェーンの構築 ・重大事故防止を目的とした作業標準の見直し ・アーク溶接作業のヒューム対策 ・小山、札幌、十和田工場に、それぞれ塗装工場を新設 ・事業継続のためのBCP強化 ・ローテーションによる多能化、社内活性化 ・キャリア選択肢を増やす制度の創設 ・国籍等に囚われない人材や障害者の積極的雇用 ・丁寧な面談と個別指導によるミスマッチ低減 ・時差出勤やテレワーク等、働き方の改革 ・（公財）野澤一郎育英会を通じた社会貢献の継続的な実施 ・事業所及び現場事務所が立地する地域への社会貢献活動展開 ・経営トップからの社内外に対する継続したメッセージの発,EQUITY,Industrials,Engineering & Construction
1,1921,Tomoe Corporation,送電,データセンター・電力,,,8.0,5.0,,未確定,C,revenue_share_unknown,unknown,unknown,,https://www.tomoe-corporation.co.jp/ir/doc/dai3_tomoe_build_up_5-2.pdf,が働きやすい環境を整えること、②ＩＣＴを活用した業務の 効率化等、生産性の向上に取り組むこと、③次世代を継承する人材の獲得、育成を図ることが求められる等、人手不足対策が鍵を握るこ とになります。 〔１－４〕今後計画されている大型案件、プロジェクト 建設需要を支えた東京オリンピック・パラリンピックが終わり、緊張の続く世界情勢、原材料費の高騰や人材不足等、問題は山積して いますが、今後、以下のようなプロジェクト、インフラ整備等が計画されており、旺盛な建設需要は継続すると思われます。 ① 国土強靭化、防災・減災への取り組み、老朽化に伴うインフラの整備 ② 東京首都圏における大規模再開発案件の出件 ③ ＩＲリゾート構想の具現化、観光立国促進に向けた環境の整備 ④ 北海道新幹線の札幌延伸、札幌駅周辺の再開発 ⑤ 情報、通信技術の進展に伴う電磁環境の整備、拡充 ⑥ 電力レベニューキャップ制度導入に伴う送電網の整備 ⑦ スポーツプロ化に伴うスタジアム・アリーナの拡充 ⑧ 防衛力強化に向けた関連施設の拡充 ⑨ 大阪湾岸道路西伸部の建設 ⑩ リニア中央新幹線プロジェクトの推進 ⑪ 海上風力発電プラントの建設推進 8 〔２〕コンセプト 完 工 高 320億円 完 工 高 290億円 完工営利 22.0億円 完工営利 22.0億円 営 利 率 ７％ 営 利 率 ８％ ※ 収益認識に関する 会計基準等の 初年度適用に伴い 未計上となった 完工高を示す 9 2015 2022 2027 H27 R1 R4 第2期中期経営計画 『TOMOE KEEP on 3』 次のステージに繋ぐ 架け橋の３年 第3期中期経営計画 『TOMOE BUILD up ５』 次のステージに続く 基盤強化の５年 第１期中期経営計画 『TOMOE NEXT－５』 次のステージに向けた 持続的な成長・体質構築 TOMOE BUILD,EQUITY,Industrials,Engineering & Construction
1,1921,Tomoe Corporation,電力設備投資関連,データセンター・電力,,,8.0,5.0,,未確定,C,revenue_share_unknown,unknown,unknown,,,売上構成比を公式資料から数値で確認できず,EQUITY,Industrials,Engineering & Construction
1,1925,"Daiwa House Industry Co., Ltd.",サービスロボット,設備投資・機械,,,8.0,5.0,,未確定,C,revenue_share_unknown,unknown,unknown,,,売上構成比を公式資料から数値で確認できず,EQUITY,Real Estate,Real Estate - Development
1,1925,"Daiwa House Industry Co., Ltd.",スマートグリッド,データセンター・電力,,,8.0,5.0,,未確定,C,revenue_share_unknown,unknown,unknown,,,売上構成比を公式資料から数値で確認できず,EQUITY,Real Estate,Real Estate - Development
1,1925,"Daiwa House Industry Co., Ltd.",データセンター,データセンター・電力,,,8.0,5.0,,未確定,C,revenue_share_unknown,unknown,unknown,,,売上構成比を公式資料から数値で確認できず,EQUITY,Real Estate,Real Estate - Development
1,1925,"Daiwa House Industry Co., Ltd.",マンション関連,不動産・建設,,,92.0,96.0,,未確定,C,revenue_share_unknown,unknown,unknown,,,売上構成比を公式資料から数値で確認できず,EQUITY,Real Estate,Real Estate - Development
1,1925,"Daiwa House Industry Co., Ltd.",リチウムイオン電池,自動車・モビリティ,,,8.0,5.0,,未確定,C,revenue_share_unknown,unknown,unknown,,,売上構成比を公式資料から数値で確認できず,EQUITY,Real Estate,Real Estate - Development
1,1925,"Daiwa House Industry Co., Ltd.",ロボット,AI・半導体,,,8.0,5.0,,未確定,C,revenue_share_unknown,unknown,unknown,,,売上構成比を公式資料から数値で確認できず,EQUITY,Real Estate,Real Estate - Development
1,1925,"Daiwa House Industry Co., Ltd.",不動産ファンド,不動産・建設,,,42.0,42.0,,未確定,C,revenue_share_unknown,unknown,unknown,,,売上構成比を公式資料から数値で確認できず,EQUITY,Real Estate,Real Estate - Development
1,1925,"Daiwa House Industry Co., Ltd.",介護関連,医療・ヘルスケア,,,66.0,68.0,,未確定,C,revenue_share_unknown,unknown,unknown,,,売上構成比を公式資料から数値で確認できず,EQUITY,Real Estate,Real Estate - Development
1,1925,"Daiwa House Industry Co., Ltd.",住宅関連,不動産・建設,,,92.0,96.0,,未確定,C,revenue_share_unknown,unknown,unknown,,,売上構成比を公式資料から数値で確認できず,EQUITY,Real Estate,Real Estate - Development
1,1925,"Daiwa House Industry Co., Ltd.",再生可能エネルギー,GX・エネルギー,,,66.0,68.0,,未確定,C,revenue_share_unknown,unknown,unknown,,,売上構成比を公式資料から数値で確認できず,EQUITY,Real Estate,Real Estate - Development
1,1925,"Daiwa House Industry Co., Ltd.",太陽光発電関連,GX・エネルギー,,,8.0,5.0,,未確定,C,revenue_share_unknown,unknown,unknown,,,売上構成比を公式資料から数値で確認できず,EQUITY,Real Estate,Real Estate - Development
1,1925,"Daiwa House Industry Co., Ltd.",物流,物流・海運,,,42.0,42.0,,未確定,C,revenue_share_unknown,unknown,unknown,,,売上構成比を公式資料から数値で確認できず,EQUITY,Real Estate,Real Estate - Development
1,1925,"Daiwa House Industry Co., Ltd.",蓄電池,GX・エネルギー,,,8.0,5.0,,未確定,C,revenue_share_unknown,unknown,unknown,,,売上構成比を公式資料から数値で確認できず,EQUITY,Real Estate,Real Estate - Development
1,1925,"Daiwa House Industry Co., Ltd.",防災,防衛・国土強靱化,,,8.0,5.0,,未確定,C,revenue_share_unknown,unknown,unknown,,,売上構成比を公式資料から数値で確認できず,EQUITY,Real Estate,Real Estate - Development
1,1925,"Daiwa House Industry Co., Ltd.",風力発電,GX・エネルギー,,,8.0,5.0,,未確定,C,revenue_share_unknown,unknown,unknown,,,売上構成比を公式資料から数値で確認できず,EQUITY,Real Estate,Real Estate - Development
1,1926,"Raito Kogyo Co., Ltd.",国土強靱化,防衛・国土強靱化,,,42.0,30.0,,未確定,C,revenue_share_unknown,unknown,unknown,,,売上構成比を公式資料から数値で確認できず,EQUITY,Industrials,Engineering & Construction
1,1926,"Raito Kogyo Co., Ltd.",建設,不動産・建設,,,97.0,89.0,,未確定,C,revenue_share_unknown,unknown,unknown,,https://www.raito.co.jp/inquiry/,売り込み等、営業目的でのご利用は固くお断りいたします。 営業目的のご連絡には個別にご返信いたしかねますので、あらかじめご了承ください。 お問い合わせのご回答は弊社営業時間内に順次対応させていただきます。 お問い合わせの内容によっては、回答にお時間をいただく場合や、回答いたしかねる場合がございます。 弊社から差し上げる回答メールは、お問い合わせいただいたご本人への回答となります。その一部または全部をその他の目的で転載や二次利用をすることはご遠慮ください。 ライト工業グループ事業活動におけるコンプライアンス、ハラスメント、人権に関わる相談は、相談窓口にご連絡ください。相談窓口は こちら 。 お名前 必須 フリガナ 必須 会社/団体情報 会社/団体（学校）名 必須 部署名 任意 役職名 任意 所属 必須 会社/団体（学校） 個人 業種 必須 —以下から選択してください— 官公庁 コンサルタント 建設 その他 電話番号 必須 （半角数字） メールアドレス 必須 （半角数字） 確認のためもう一度ご入力ください。 住所 必須 （半角数字） 〒 都道府県 —以下から選択してください— 北海道 青森県 岩手県 宮城県 秋田県 山形県 福島県 茨城県 栃木県 群馬県 埼玉県 千葉県 東京都 神奈川県 新潟県 富山県 石川県 福井県 山梨県 長野県 岐阜県 静岡県 愛知県 三重県 滋賀県 京都府 大阪府 兵庫県 奈良県 和歌山県 鳥取県 島根県 岡山県 広島県 山口県 徳島県 香川県 愛媛県 高知県 福岡県 佐賀県 長崎県 熊本県 大分県 宮崎県 鹿児島県 沖縄県 市区町村 丁目番地 建物名 お問い合わせの種類をお選びください 必須 —以下から選択してください— 土木 建築 海外 会社・IR 採用 その他 お問い合わせの内容をご記入ください 必須 以下の内容でお間違えがないかご確認ください。 お名,EQUITY,Industrials,Engineering & Construction
1,1926,"Raito Kogyo Co., Ltd.",耐震化,防衛・国土強靱化,,,42.0,30.0,,未確定,C,revenue_share_unknown,unknown,unknown,,,売上構成比を公式資料から数値で確認できず,EQUITY,Industrials,Engineering & Construction
1,1926,"Raito Kogyo Co., Ltd.",防災,防衛・国土強靱化,,,72.0,68.0,,未確定,C,revenue_share_unknown,unknown,unknown,,https://www.raito.co.jp/ir/management/message/,子公告 よくあるご質問 免責事項 サステナビリティ トップコミットメント サステナビリティの考え方 マテリアリティ SDGsと事業活動 統合報告書 各種方針 ESG 各種イニシアチブへの賛同 DX推進 健康経営の推進 採用情報 新卒採用情報 中途採用情報 ライト工業みらい奨学基金 お知らせ一覧 お問い合わせ 個人情報保護方針 サイトマップ TOP IR情報 経営方針 トップメッセージ IR情報 メニュー 経営方針 メニュー トップメッセージ 中期経営計画 コーポレート・ガバナンス 資本コストや株価を意識した経営の実現に向けた対応について サステナビリティ ディスクロージャーポリシー 株主・投資家との対話 経営方針 トップメッセージ 株主の皆様には、平素より格別のご高配を賜り、厚く御礼申し上げます。 当社は昭和18年の創業以来、特殊技術の開発、導入を積極的に進め、専門土木分野において、国土の防災やインフラ整備を通じ、社会に大きく貢献してまいりました。 永年蓄積した豊富な経験と確かな技術のもと、社会に貢献していくことを変わることのない使命と深く認識するとともに、将来価値は、常に新たな挑戦の中からしか生まれないと捉え、新しい事業領域への挑戦、新技術の開発等を通じ、人々の安心できる災害に強い国土の形成に尽力してまいります。 株主の皆様におかれましては、今後とも変わらぬご愛顧とご支援を賜りますよう、お願い申し上げます。 ライト工業株式会社 本社 〒102-8236 東京都千代田区九段北四丁目2番35号 TEL: 03-3265-2551 / FAX: 03-3265-0879 会社情報 事業内容 IR情報 サステナビリティ 採用情報 お問い合わせ 個人情報保護方針 サイトマップ 会社情報 事業内容 IR情報 サステナビリティ 採用情報 お問い合わせ 個人情報保護方針 サイトマップ Cop,EQUITY,Industrials,Engineering & Construction
1,1928,"Sekisui House, Ltd.",マンション関連,不動産・建設,,,86.0,88.0,,未確定,C,revenue_share_unknown,unknown,unknown,,,売上構成比を公式資料から数値で確認できず,EQUITY,Consumer Cyclical,Residential Construction
1,1928,"Sekisui House, Ltd.",介護関連,医療・ヘルスケア,,,8.0,5.0,,未確定,C,revenue_share_unknown,unknown,unknown,,,売上構成比を公式資料から数値で確認できず,EQUITY,Consumer Cyclical,Residential Construction
1,1928,"Sekisui House, Ltd.",住宅関連,不動産・建設,,,94.0,96.0,,未確定,C,revenue_share_unknown,unknown,unknown,,,売上構成比を公式資料から数値で確認できず,EQUITY,Consumer Cyclical,Residential Construction
1,1928,"Sekisui House, Ltd.",太陽光発電関連,GX・エネルギー,,,8.0,5.0,,未確定,C,revenue_share_unknown,unknown,unknown,,,売上構成比を公式資料から数値で確認できず,EQUITY,Consumer Cyclical,Residential Construction
1,1928,"Sekisui House, Ltd.",防災,防衛・国土強靱化,,,8.0,5.0,,未確定,C,revenue_share_unknown,unknown,unknown,,,売上構成比を公式資料から数値で確認できず,EQUITY,Consumer Cyclical,Residential Construction
1,1929,"Nittoc Construction Co., Ltd.",国土強靱化,防衛・国土強靱化,91.17,,72.0,68.0,,未確定,C,calculated_ratio_needs_qa,calculated_candidate_only,calculated_ratio_candidate,calculated_same_snippet,https://www.nittoc.co.jp/wp-content/uploads/2026/05/IR2026.05.11_04.pdf,"17 8-③.中期経営計画2026 業績目標 PBR 株主還元財務 2024/3〜2026/3 中計3か年平均（実績） 増減2027/3〜2029/3 ３か年平均 743億円 46億円 6.2％ 売上高 営業利益 営業利益率 +9.7％ +23.9% +0.8 ポイント 815億円 57億円 7.0％ 倍以上 3か年平均 億円EBITDA ROIC ％以上 配当 累進配当を採⽤ DOE 現状水準を維持する 業績 1.5 60 10.0 ※2026年3月期は⼤型案件の進捗により高水準となりましたが、当社事業は案件構成により単年度業績が変動しやすい特性があります。 そのため、中期経営計画2026では単年度のピークではなく、3か年平均で安定的に売上高815億円以上、営業利益57億円以上を確保する体制を構築します。 10.0 ％以上ROE © 2026 NITTOC Co.,Ltd. 18 9-①.工種区分の変更について リニューアル分野拡大に向け、2026年度より工種区分を変更します 今後、社会インフラの老朽化進行にともない、生活基盤の更新・保全事業が大きな市場となることが予想されます。 このインフラリニューアル市場を取り込み当社の事業の大きな柱とすべく、取り組むべき対象となるインフラを明確化して資 源を集中させるため、中期経営計画2026に合わせて、工種区分を変更いたします。具体的には、従来「補修補強」と区分して きた構造物の耐震補修補強工事（橋梁、トンネル）に、下水道管路補修、法面インフラ補修などを加え「リニューアル」とし、 国土強靭化・生活基盤の保全に向けた取り組みを進めます。 基礎・地盤改良 法面 補修 その他法面補修 麻生 FC 基礎・地盤改良 法面 リニューアル その他 従来区分 変更後 構造物補修新設法面 【従来区分】 法面：新設法面、法面補修 補修：構造物補修、軽量盛土、 管路閉塞、空洞充填工等 【変更後】 法面：新設法面 リニューアル：構造物補修、法面補修（既設盛土・切土法面対策）、下水道管路補修、 鉄道大規模更新、水力ダム嵩上げ、管路閉塞、空洞充填工等 ※2025年度実績を基に作成 麻生FC 基礎・地盤改良 © 2026 NITTOC Co.,Ltd. 19 9-②.工種区分の変更について 百万円新区分 29,500法面 27,500基礎・地盤改良 17,000リニューアル 7,000その他 81,000合計 百万円旧区分 38,500法面 27,500基礎・地盤改良 8,000補修 7,000その他 81,000合計 工種別受注高 業績目標（単位：百万円） 2026年度の工種別受注高 業績目標は以下のとおりです。 © 2026 NITTOC Co.,Ltd. 20 10-①.トピックス（下水道管路マネジメントシステムの共同研究） 下水道管路の",EQUITY,Industrials,Engineering & Construction
1,1929,"Nittoc Construction Co., Ltd.",防災,防衛・国土強靱化,84.44,,72.0,68.0,,未確定,C,calculated_ratio_needs_qa,calculated_candidate_only,calculated_ratio_candidate,calculated_same_snippet,https://www.nittoc.co.jp/wp-content/uploads/2026/08/2027年３月期-第１四半期決算短信.pdf,"……………………… 7 （株主資本の金額に著しい変動があった場合の注記） ………………………………………………………… 7 （セグメント情報等の注記） ……………………………………………………………………………………… 7 （四半期連結キャッシュ・フロー計算書に関する注記） ……………………………………………………… 7 ３．補足情報 ………………………………………………………………………………………………………………… 8 受注高・売上高・繰越高（連結） …………………………………………………………………………………… 8 ○添付資料の目次 - 1 - 日特建設株式会社（1929）2027年３月期 第１四半期決算短信 １．当四半期決算に関する定性的情報 （１）経営成績に関する説明 当第１四半期連結累計期間におけるわが国経済は、雇用・所得環境の改善や各種政策の効果もあり、緩やかな回復 傾向が続きました。一方で、中東情勢の影響や円安の進行に伴う資源・エネルギー価格の上昇、物価上昇の継続への 懸念などから、先行きは依然として不透明な状況にあります。 建設市場におきましては 、公共建設投資 は、国土強靭化関連 を中心に堅調に推移しました 。また、民間設備投資 は、鉄道、電力、都市開発等の社会インフラ関連分野で、当社技術を活用できる案件機会が継続しています。 このような環境下において、当社グループの主な事業領域である法面工事、基礎・地盤改良工事、リニューアル工 事においては、国土強靭化、防災・減災、災害復旧・復興に加え、社会インフラ老朽化対応を背景とした需要が継続 しました。一方で、資材価格や労務費等の上昇により、受注段階からの採算性確認、施工段階における原価管理、設 計変更・追加工事への適切な対応の重要性が一層高まりました。 こうした経営環境のもと 、当社グループは、2026年5月に公表した「中期経営計画2026（2026～2028年度）」の初 年度として、「人的資本への投資（人財の確保・育成）」に主眼をおき、「安定的に収益を上げ成長を続けられる実 力と体制の確立」を目指し、「見えないところにこそ 、私たちのプライドがある 」というブランドメッセージのも と、グループ一丸となって企業価値の向上に努めてまいりました。 その結果、当第１四半期連結累計期間の業績は以下のとおりとなりました。 ①受注高、売上高 受注高は、前年同四半期 と同水準の好調な結果となり、21,944百万円（前年同四半期 比0.6％増）となりました 。 主な内訳として、注力している基礎・地盤改良工事は、前年の大型工事受注の反動減により前年同四半期比13.1％減 の7,007百万円と減少しましたが、法面工事については 、能登半島地震の災害復旧などの大型工事受注により前年同 四半期比27.5％増の11,",EQUITY,Industrials,Engineering & Construction
1,1930,"Hokuriku Electrical Construction Co.,Ltd.",データセンター,データセンター・電力,,,8.0,5.0,,未確定,C,revenue_share_unknown,unknown,unknown,,,売上構成比を公式資料から数値で確認できず,EQUITY,Industrials,Engineering & Construction
1,1930,"Hokuriku Electrical Construction Co.,Ltd.",建設,不動産・建設,,,97.0,89.0,,未確定,C,revenue_share_unknown,unknown,unknown,,,売上構成比を公式資料から数値で確認できず,EQUITY,Industrials,Engineering & Construction
1,1930,"Hokuriku Electrical Construction Co.,Ltd.",鉄道関連,物流・海運,,,8.0,5.0,,未確定,C,revenue_share_unknown,unknown,unknown,,,売上構成比を公式資料から数値で確認できず,EQUITY,Industrials,Engineering & Construction
1,1930,"Hokuriku Electrical Construction Co.,Ltd.",電力設備投資関連,データセンター・電力,,,92.0,84.0,,未確定,C,revenue_share_unknown,unknown,unknown,,,売上構成比を公式資料から数値で確認できず,EQUITY,Industrials,Engineering & Construction
1,1934,Yurtec Corporation,電力設備投資関連,データセンター・電力,,,8.0,5.0,,未確定,C,revenue_share_unknown,unknown,unknown,,,売上構成比を公式資料から数値で確認できず,EQUITY,Industrials,Engineering & Construction
1,1934,Yurtec Corporation,風力発電,GX・エネルギー,,,8.0,5.0,,未確定,C,revenue_share_unknown,unknown,unknown,,,売上構成比を公式資料から数値で確認できず,EQUITY,Industrials,Engineering & Construction
1,1938,"Nippon Rietec Co.,Ltd.",太陽光発電関連,GX・エネルギー,9.90,12.4,72.0,78.0,40.1,補助関連,B,explicit_ratio_needs_qa,revenue_share_v4_candidate,explicit_ratio_candidate,explicit_percent,https://www.j-rietec.co.jp/wp/wp-content/themes/j-rietec/assets/pdf/medium-term-management-plan_2025-2027.pdf,」 重大事故件数 0件 （3年累計） 4件 ◆ 階層別役割の再教育と安全マネジメントの深化 死亡事故件数 0件 （3年累計） 0件 ◆ デジタル化・機械化を核として他企業との共創も含め、積極的なイノベ ーション活動を推進 技術開発、DX化件数 20件/年 （3年累計） 58件 ◆ 働き方改革の推進 一月あたりの時間外労働時間 （全社平均）20時間以内 （3年平均） 12.3時間 年次有給休暇の取得日数 （全社平均）10日以上 （3年平均） 14.9日 8 ０２ ESG マテリアリティ 目標 結果(2025年3月期) (S)社会 （Social） ◆ 多様な人財の育成と「誇り」「働きがい」を感じられる各種労務施策の改善 ◆ 健康経営の強化と従業員満足度向上施策の推進 ・ 時代を取り込み未来 へつなぐ研修項目の充実 年間採用者数（新卒者・中途者等） 60名以上 （3年平均） 46名 女性従業員の割合 10％以上 9.9% 一級施工管理技士合格率 80％以上 55.7% (G)ガバナンス (Governance) ◆ コンプライアンスの強化 重大なコンプライアンス事象 0件 （3年累計） 0件 コンプライアンス研修 全員参加 100% ◆ コーポレートガバナンス体制の維持向上 環境の取り組みを含めた統合報告書 を発行 未発行 前中期経営計画の振り返り＜非財務目標の達成状況②＞前中期経営計画の振り返り＜非財務目標の達成状況②＞ ＜総 括＞ ◼ 【環境】環境負荷低減に向けた取り組みとして、太陽光発電設備の設置や社有車のHV化を推進した結果、目標を大きく上回り、達成することがで きました。これは、持続可能な社会の実現に向けた当社の取り組みが、着実に進展していることを示すものと認識しております。 ◼ 【環境】再生可能エネルギー事業および設備強靭化工事の参画については、目標を大幅に上回る売上高を計上することができました。この結果は、 当社の収益の柱を確立し、事業ポートフォリオの多角化と持続可能な社会の実現に貢献するものと考えております。 ◼ 【社会】死亡事故は発生しませんでしたが、当社基準で定める重大事故が発生し、安全に関しては依然として大きな課題が残る結果となりました。 この状況を真摯に受け止め、安全の取り組みの一層の強化と、従業員一人ひとりの安全意識の更なる向上に、引き続き取り組んでまいります。 ◼ 【社会】技術開発件数は目標値に届きませんでしたが、現場のニーズを的確に反映させた安全性向上や生産性向上に寄与する開発を、施工部門 が中心となって実施することができました。これらの開発成果は、今後の当社の競争力強化に繋がると期待されます。 ◼ 【社会】働き方改革の推進は目標を達成できた一方で、採用者数、一級施工管理技士合格率は目標を達成することができませんでした。これらの 課,EQUITY,Industrials,Engineering & Construction
1,1938,"Nippon Rietec Co.,Ltd.",鉄道関連,物流・海運,10.00,,92.0,98.0,,未確定,C,calculated_ratio_needs_qa,calculated_candidate_only,calculated_ratio_candidate,calculated_same_snippet,https://www.j-rietec.co.jp/ir/plan/,"施し、市場動向や金利変動などのリスク要因を常にモニタリングすることで、リスクを最小限に抑えながら、着実な成長を実現していく。 （１） 安全関連投資（総資本回転率） ICT技術導入、遠隔安パト・サポート体制の充実 等 （２） 施工基盤強化投資 作業環境の整備、協力会社との関係強化 等 （３） 人的資本関連投資 採用強化、働きがい向上、多能化強化 等 （４） 新技術・DX関連投資 研究開発・技術開発推進、ICT技術導入 等 （５） 環境経営・GX関連投資 再生可能エネルギー関連、環境負荷低減活動 等 （６） 戦略的M&A、資本・事業提携 施工体制やエリア拡大に向けた戦略的M&A 等 Ⅲ． 経営数値目標 【 中期経営計画における最終2027年度（第19期）の目標 】 ●連結売上高 775億円 ●連結営業利益 77.5億円 ●ROE 9.0% 経営情報 ー トップメッセージ ー 中期経営計画 業績ハイライト ー 業績ハイライト IRライブラリー ー IRライブラリー ー 決算短信 ー 有価証券報告書 ー IR説明会資料 ー 報告書 株式情報／ 株主総会 ー 株式情報／株主総会 その他 ー IRニュース ー IRカレンダー ー 個人投資家の皆さまへ ー 電子公告 ー 免責事項 トップページ IR情報 中期経営計画 PAGE TOP TOP 会社情報 トップメッセージ NRグループパーパス／経営理念 NR HISTORY 会社概要／グループ会社 役員一覧／組織図 本店・支店所在地 事業紹介 鉄道電気設備部門 道路設備部門 屋内外電気設備部門 送電線設備部門 工事実績 IR情報 トップメッセージ 中期経営計画 業績ハイライト IRニュース IRライブラリー IRカレンダー 株式情報／株主総会 個人投資家の皆さまへ 電子公告 免責事項 サステナビリティ 環境基本理念 TCFD提言に基づく気候関連の情報開示 環境戦略 安全の取り組み DX戦略 技術開発 お客さまからの言葉 マルチステークホルダー方針 コーポレート・ガバナンス 内部統制システム構築の基本方針 リスクマネジメント コンプライアンス パートナーシップ構築宣言 人財ポリシー 健康経営 ダイバーシティへの取り組み 人財育成 ニュース 協力会社紹介 マスコット紹介 よくあるご質問 採用情報 総合研修センター SNS公式アカウント ： SNS公式アカウント: Copyright © NIPPON RIETEC CO.,LTD. All rights reserved. サイトマップ サイトの利用にあたって",EQUITY,Industrials,Engineering & Construction
1,1938,"Nippon Rietec Co.,Ltd.",電力設備投資関連,データセンター・電力,,,72.0,78.0,,未確定,C,revenue_share_unknown,unknown,unknown,,,売上構成比を公式資料から数値で確認できず,EQUITY,Industrials,Engineering & Construction
1,1939,Yondenko Corporation,リース,金融・金利,57.09,,92.0,94.0,,未確定,C,calculated_ratio_needs_qa,calculated_candidate_only,calculated_ratio_candidate,calculated_same_snippet,https://www.yondenko.co.jp/pdf/ir/integrated-report/yondenko_ir_a4-2025.pdf,"を送る ために必要なのが送電設備 （送電線・鉄塔など） です。 送電・土木工事は、 大規模で工期の長いものも多く、 天候などによって工事進捗が左右されます。当社は 設備の設計・施工・保守を請け負っております。 送電 ・ 土木工事 建築設備工事業の中核を担っているのが、 屋内電 気配線などの電気 ・計装工事と空調 ・管工事です。 施工対象とする建物は、 公共施設や病院、 学校、 マン ション、 工場、 物流施設など多岐にわたります。設 備の設計から施工管理、 施工した物件のメンテナン スやリノベーションなどを手掛けています。 電気 ・ 計装工事／空調 ・ 管工事 電力会社が発電した電気を各家庭や企業へ届ける ために必要なのが配電設備 （電線 ・電柱など） です。 当社は創業以来、 四国管内の配電設備の工事を担っ てきました。設計から施工 ・保守までを一貫して担 える体制や、 専属の協力企業との緊密な連携体制の 構築により、 施工効率の最適化に努めています。 また、 災害時には協力企業や自治体、 自衛隊など と協力しながら、 迅速な電力供給の復旧にあたります。 配電工事 建築設備工事業 送配電設備工事業 送配電設備工事業 404億円 建築設備工事業 604億円 事業別連結売上高 Ⅰ イ ン ト ロ ダ ク シ ョ ン ➡ P.20 ➡P.22 得意先 電力会社 発電事業者 ほか 得意先 電気 ・ 計装工事 （34.4%） 情報通信工事 （7.8%） 送電 ・ 土木工事 （4.8%） リース （1.5%） 空調 ・ 管工事 （14.8%） 配電工事 （33.4%） 太陽光発電 （2.0%） その他 （1.3%） 364 15782 353 50 21 13 15 2024年度 1,058億円 06 Ⅰ イ ン ト ロ ダ ク シ ョ ン 事業相関図 全国の 事業所数 49拠点 連結子会社 15社 非連結子会社 11社 関連会社 8社 当社の事業拠点は本店所在地である四国エリアのほか、 首都圏や関⻄圏を含めて広域的に事 業を展開しており、 現在の事業所数は49カ所、 グループ企業は34社となっています。当社を含 めたグループ各社が、 お互いにパートナーとして協調・連携することで、 四電工グループとして の総合力を発揮してまいります。 ㈱鈴木建築設計事務所 横山工業㈱ 菱栄設備工業㈱ 有元温調㈱ アイ電 気通信 ㈱ 恒栄通建㈱ ㈱一水社 ㈱マルケン ㈱ 香川クリエイト ㈱キャデワサービス ㈱ヨンコービジネス ㈱ヨンコーソーラー ㈱仁尾太陽光発電 ㈱宇多津給食サービス ㈱三木町学校給食施設 香川電工㈲ ㈱アクセル徳島 ㈱桑野太陽光発電 ㈱徳島農林水産 PFI サービス ㈱徳島県警 PFI サービス 徳島電工㈲ ㈱アクセル松山 ㈱大洲給食 PFI サービス ㈱大洲学校 P",EQUITY,Industrials,Engineering & Construction
1,1939,Yondenko Corporation,太陽光発電関連,GX・エネルギー,57.09,,86.0,88.0,,未確定,C,calculated_ratio_needs_qa,calculated_candidate_only,calculated_ratio_candidate,calculated_same_snippet,https://www.yondenko.co.jp/pdf/ir/integrated-report/yondenko_ir_a4-2025.pdf,"す。 また、 災害時には協力企業や自治体、 自衛隊など と協力しながら、 迅速な電力供給の復旧にあたります。 配電工事 建築設備工事業 送配電設備工事業 送配電設備工事業 404億円 建築設備工事業 604億円 事業別連結売上高 Ⅰ イ ン ト ロ ダ ク シ ョ ン ➡ P.20 ➡P.22 得意先 電力会社 発電事業者 ほか 得意先 電気 ・ 計装工事 （34.4%） 情報通信工事 （7.8%） 送電 ・ 土木工事 （4.8%） リース （1.5%） 空調 ・ 管工事 （14.8%） 配電工事 （33.4%） 太陽光発電 （2.0%） その他 （1.3%） 364 15782 353 50 21 13 15 2024年度 1,058億円 06 Ⅰ イ ン ト ロ ダ ク シ ョ ン 事業相関図 全国の 事業所数 49拠点 連結子会社 15社 非連結子会社 11社 関連会社 8社 当社の事業拠点は本店所在地である四国エリアのほか、 首都圏や関⻄圏を含めて広域的に事 業を展開しており、 現在の事業所数は49カ所、 グループ企業は34社となっています。当社を含 めたグループ各社が、 お互いにパートナーとして協調・連携することで、 四電工グループとして の総合力を発揮してまいります。 ㈱鈴木建築設計事務所 横山工業㈱ 菱栄設備工業㈱ 有元温調㈱ アイ電 気通信 ㈱ 恒栄通建㈱ ㈱一水社 ㈱マルケン ㈱ 香川クリエイト ㈱キャデワサービス ㈱ヨンコービジネス ㈱ヨンコーソーラー ㈱仁尾太陽光発電 ㈱宇多津給食サービス ㈱三木町学校給食施設 香川電工㈲ ㈱アクセル徳島 ㈱桑野太陽光発電 ㈱徳島農林水産 PFI サービス ㈱徳島県警 PFI サービス 徳島電工㈲ ㈱アクセル松山 ㈱大洲給食 PFI サービス ㈱大洲学校 PFI サービス ㈱松山学校空調 PFI サービス ㈱ 西 予まちづくりサービ ス ㈱西条学校空調 PFI サービス ㈱高知クリエイト ㈱関西設備 こうち 名 高 山 ソ ー ラ ーフ ァ ーム ㈱ 南海電工㈲ ㈱ベルテック ㈱笠岡給食 PFI サービス 東北営業所 沖縄営業所 東京本部 本店 大阪本部 香川支店 徳島支店愛媛支店 高知支店 Yondenko Vietnam Company Limited海外拠点 事業拠点 四 電 工 グル ープ 太陽光発電事業 リース 事 業 設備工事業 その他 一部工事の発注 ㈱アクセル徳島 ㈱高知クリエイト ㈱アクセル松山 ㈱ 香川クリエイト 有元温調㈱ アイ電 気通信 ㈱ 菱栄設備工業㈱ ㈱関西設備 横山工業㈱ ㈱ベルテック 配電工事の協力企業との 取引に係る事務代行 徳島電工㈲ 南海電工㈲ 香川電工㈲ C A Dによる図面 作成 等の発 注 ㈱キャデワサービス C ADによる図面作成 等の 発注など Yond",EQUITY,Industrials,Engineering & Construction
1,1939,Yondenko Corporation,建設,不動産・建設,83.33,,97.0,99.0,,未確定,C,calculated_ratio_needs_qa,calculated_candidate_only,calculated_ratio_candidate,calculated_same_snippet,https://www.yondenko.co.jp/pdf/ir/document/management_guideline_2030.pdf,"0.94倍PBR 1.0倍 資本収益性の向上に向けた基本方針（2023年8月公表） 人材投資をはじめとする成長投資を実践することで、利益の持続的な伸長 を図るとともに、株主還元の充実等により適正な資本構成を実現します。 ROEの向上にフォーカスした取り組みを進めます （注） 1. 2021年10月1日付で株式分割（1 2株）2024年10月1日付で株式分割（1 3株） 6 Ⅲ-1. 『中期経営指針2030』の重点テーマ ⚫ 『中期経営指針2030』では、現下の政治・経済情勢や事業を取り巻く環境等を踏まえ、経営理念に掲げるパーパス（存在意義）を より高い次元で具体化すべく、重点テーマを次のとおり設定します。 2030年に向けて取り組むべき重点テーマ 成長の持続に向けた中長期的な施工力の確保 少子化が進むなか、成長の持続に向けた計画的な人材の確保、DX・AIの活用等を含めた省力化、生産性・収益性の向上 大都市圏での施工力拡大 四国経済の成長鈍化が懸念されるなか、建設需要の旺盛な首都圏・関西圏の受注拡⼤に向けた施工力の拡⼤ 電力需要の増加に伴う送配電設備の増強への対応 四国域内の電力設備の更新需要に加え、設備増強投資にも対応した施工力の拡充、新技術・新工法等による省力化 資機材価格・外注費の上昇、調達困難化等のリスク軽減 受注時前提条件の確認、価格交渉の徹底、原価管理および調達戦略の強化、直営施工力の確保 設備工事を通じた脱炭素社会実現への貢献 脱炭素化投資を受けての再エネ・省エネ設備建設需要の取り込み、再エネ関連投資等による発電事業の展開 DX・AIの活用による付加価値創出・生産性向上 収益力の強化や作業効率の改善等に資するAI技術の活用、DX投資 ESG経営の実践 事業活動のあらゆる面で、持続可能性を前提とした経営判断・ガバナンスの実践 東京一極集中 地域経済の衰退 電力需要増加想定 少子高齢化 生産年齢人口の減少 地政学的リスク サプライチェーンの分断 AIの進化地球温暖化 自然災害の多発 ・・・ パーパス （存在意義） 進化する総合設備企業として⼈と社会と未来をつなぎます 物価・人件費上昇 7 2030年度2025年度 Ⅲ-2. 連結数値目標 ⚫ 首都圏・関西圏を中⼼とした建築設備工事の収益力の強化を基本に据えながら、送配電設備工事においても拡⼤が見込まれる 更新需要に的確に対応することなどにより収益の拡⼤を目指してまいります。 ⚫ 株主還元については、ROE目標を踏まえ、純資産額の中期的な水準を考慮した配当を実施してまいります。 項目 指標 予想 目標 業績 売上高 1,000億円 1,200億円 （+200） 建築設備工事 他 首都圏・関西圏 170億円 370億円 （+200） 四国・近隣圏 410億円 360億円 （△50） 送配電設備工事 四国・",EQUITY,Industrials,Engineering & Construction
1,1939,Yondenko Corporation,電力設備投資関連,データセンター・電力,83.33,,92.0,94.0,,未確定,C,calculated_ratio_needs_qa,calculated_candidate_only,calculated_ratio_candidate,calculated_same_snippet,https://www.yondenko.co.jp/pdf/ir/document/management_guideline_2030.pdf,",000 8,000 10,000 2017年度 2018年度 2019年度 2020年度 2021年度 2022年度 2023年度 2024年度 営業利益 ROE 営業利益 （百万円） ROE （%） ROE 8.2% ROE目標 8.0% 株価とPBRの推移 (注)1 株価 （円） PBR （倍） PBR 0.94倍PBR 1.0倍 資本収益性の向上に向けた基本方針（2023年8月公表） 人材投資をはじめとする成長投資を実践することで、利益の持続的な伸長 を図るとともに、株主還元の充実等により適正な資本構成を実現します。 ROEの向上にフォーカスした取り組みを進めます （注） 1. 2021年10月1日付で株式分割（1 2株）2024年10月1日付で株式分割（1 3株） 6 Ⅲ-1. 『中期経営指針2030』の重点テーマ ⚫ 『中期経営指針2030』では、現下の政治・経済情勢や事業を取り巻く環境等を踏まえ、経営理念に掲げるパーパス（存在意義）を より高い次元で具体化すべく、重点テーマを次のとおり設定します。 2030年に向けて取り組むべき重点テーマ 成長の持続に向けた中長期的な施工力の確保 少子化が進むなか、成長の持続に向けた計画的な人材の確保、DX・AIの活用等を含めた省力化、生産性・収益性の向上 大都市圏での施工力拡大 四国経済の成長鈍化が懸念されるなか、建設需要の旺盛な首都圏・関西圏の受注拡⼤に向けた施工力の拡⼤ 電力需要の増加に伴う送配電設備の増強への対応 四国域内の電力設備の更新需要に加え、設備増強投資にも対応した施工力の拡充、新技術・新工法等による省力化 資機材価格・外注費の上昇、調達困難化等のリスク軽減 受注時前提条件の確認、価格交渉の徹底、原価管理および調達戦略の強化、直営施工力の確保 設備工事を通じた脱炭素社会実現への貢献 脱炭素化投資を受けての再エネ・省エネ設備建設需要の取り込み、再エネ関連投資等による発電事業の展開 DX・AIの活用による付加価値創出・生産性向上 収益力の強化や作業効率の改善等に資するAI技術の活用、DX投資 ESG経営の実践 事業活動のあらゆる面で、持続可能性を前提とした経営判断・ガバナンスの実践 東京一極集中 地域経済の衰退 電力需要増加想定 少子高齢化 生産年齢人口の減少 地政学的リスク サプライチェーンの分断 AIの進化地球温暖化 自然災害の多発 ・・・ パーパス （存在意義） 進化する総合設備企業として⼈と社会と未来をつなぎます 物価・人件費上昇 7 2030年度2025年度 Ⅲ-2. 連結数値目標 ⚫ 首都圏・関西圏を中⼼とした建築設備工事の収益力の強化を基本に据えながら、送配電設備工事においても拡⼤が見込まれる 更新需要に的確に対応することなどにより収益の拡⼤を目指してまいります。 ⚫ 株主還元について",EQUITY,Industrials,Engineering & Construction
1,1941,Chudenko Corporation,電力設備投資関連,データセンター・電力,,,42.0,40.0,,未確定,C,revenue_share_unknown,unknown,unknown,,,売上構成比を公式資料から数値で確認できず,EQUITY,Industrials,Engineering & Construction
1,1941,Chudenko Corporation,電線地中化,防衛・国土強靱化,,,8.0,5.0,,未確定,C,revenue_share_unknown,unknown,unknown,,,売上構成比を公式資料から数値で確認できず,EQUITY,Industrials,Engineering & Construction
1,1942,"Kandenko Co.,Ltd.",スマートグリッド,データセンター・電力,,,42.0,40.0,,未確定,C,revenue_share_unknown,unknown,unknown,,,売上構成比を公式資料から数値で確認できず,EQUITY,Industrials,Engineering & Construction
1,1942,"Kandenko Co.,Ltd.",データセンター,データセンター・電力,,,8.0,5.0,,未確定,C,revenue_share_unknown,unknown,unknown,,,売上構成比を公式資料から数値で確認できず,EQUITY,Industrials,Engineering & Construction
1,1942,"Kandenko Co.,Ltd.",太陽光発電関連,GX・エネルギー,,,58.0,56.0,,未確定,C,revenue_share_unknown,unknown,unknown,,,売上構成比を公式資料から数値で確認できず,EQUITY,Industrials,Engineering & Construction
1,1942,"Kandenko Co.,Ltd.",送電,データセンター・電力,,,66.0,66.0,,未確定,C,revenue_share_unknown,unknown,unknown,,,売上構成比を公式資料から数値で確認できず,EQUITY,Industrials,Engineering & Construction
1,1942,"Kandenko Co.,Ltd.",防災,防衛・国土強靱化,,,42.0,40.0,,未確定,C,revenue_share_unknown,unknown,unknown,,,売上構成比を公式資料から数値で確認できず,EQUITY,Industrials,Engineering & Construction
1,1942,"Kandenko Co.,Ltd.",電力設備投資関連,データセンター・電力,,,58.0,56.0,,未確定,C,revenue_share_unknown,unknown,unknown,,,売上構成比を公式資料から数値で確認できず,EQUITY,Industrials,Engineering & Construction
1,1942,"Kandenko Co.,Ltd.",電線地中化,防衛・国土強靱化,,,8.0,5.0,,未確定,C,revenue_share_unknown,unknown,unknown,,,売上構成比を公式資料から数値で確認できず,EQUITY,Industrials,Engineering & Construction
1,1942,"Kandenko Co.,Ltd.",風力発電,GX・エネルギー,,,8.0,5.0,,未確定,C,revenue_share_unknown,unknown,unknown,,,売上構成比を公式資料から数値で確認できず,EQUITY,Industrials,Engineering & Construction
1,1944,Kinden Corporation,スマートグリッド,データセンター・電力,,,8.0,5.0,,未確定,C,revenue_share_unknown,unknown,unknown,,,売上構成比を公式資料から数値で確認できず,EQUITY,Industrials,Engineering & Construction
1,1944,Kinden Corporation,データセンター,データセンター・電力,,,8.0,5.0,,未確定,C,revenue_share_unknown,unknown,unknown,,,売上構成比を公式資料から数値で確認できず,EQUITY,Industrials,Engineering & Construction
1,1944,Kinden Corporation,太陽光発電関連,GX・エネルギー,,,58.0,56.0,,未確定,C,revenue_share_unknown,unknown,unknown,,,売上構成比を公式資料から数値で確認できず,EQUITY,Industrials,Engineering & Construction
1,1944,Kinden Corporation,送電,データセンター・電力,,,86.0,88.0,,未確定,C,revenue_share_unknown,unknown,unknown,,,売上構成比を公式資料から数値で確認できず,EQUITY,Industrials,Engineering & Construction
1,1944,Kinden Corporation,電力設備投資関連,データセンター・電力,,,86.0,88.0,,未確定,C,revenue_share_unknown,unknown,unknown,,,売上構成比を公式資料から数値で確認できず,EQUITY,Industrials,Engineering & Construction
1,1944,Kinden Corporation,電線地中化,防衛・国土強靱化,,,8.0,5.0,,未確定,C,revenue_share_unknown,unknown,unknown,,,売上構成比を公式資料から数値で確認できず,EQUITY,Industrials,Engineering & Construction
1,1944,Kinden Corporation,風力発電,GX・エネルギー,,,58.0,56.0,,未確定,C,revenue_share_unknown,unknown,unknown,,,売上構成比を公式資料から数値で確認できず,EQUITY,Industrials,Engineering & Construction
1,1945,Tokyo Energy & Systems Inc.,データセンター,データセンター・電力,,,8.0,5.0,,未確定,C,revenue_share_unknown,unknown,unknown,,,売上構成比を公式資料から数値で確認できず,EQUITY,Industrials,Engineering & Construction
1,1945,Tokyo Energy & Systems Inc.,再生可能エネルギー,GX・エネルギー,,,8.0,5.0,,未確定,C,revenue_share_unknown,unknown,unknown,,https://www.qtes.co.jp/ir/,IR情報 | 株式会社東京エネシス 調達情報 お問い合わせ サイトマップ ENGLISH 検索 企業情報 トップメッセージ 役員 基本理念・ビジョン 沿革 会社概要 グループ会社 事業所案内 有資格者 組織図 サステナビリティ 行動憲章 労働基準 コーポレートガバナンス ダイバーシティ&インクルージョン サステナビリティ 社会貢献 労働安全衛生 コンプライアンス 品質 健康経営 ® 環境 IR情報 トップメッセージ 業績・財務データ IRライブラリー 株主・株式情報 電子公告 IRカレンダー 株価情報 ご質問（FAQ） 営業紹介 私たちの事業 エネルギーソリューション グリーンエネルギー事業 情報通信 火力 電気設備 原子力 海外 水力 溶接・検査センター 変電 土木・建築 O&M事業 工事実績 火力発電関係 情報通信関係 原子力発電関係 公共工事関係 水力発電関係 ゼロカーボン関係 変電関係 グリーンエネルギー事業関係 土木・建築関係 海外関係 コージェネレーション関係 溶接・非破壊検査関係 電気・空調設備関係 技術開発 東京エネシスの技術開発 技術紹介 ニュース お知らせ トピックス 決算・適時開示 IR資料 採用情報 アスリート部 企業情報 トップメッセージ 基本理念・ビジョン 会社概要 事業所案内 組織図 役員 沿革 グループ会社 有資格者 サステナビリティ 行動憲章 コーポレートガバナンス サステナビリティ 労働安全衛生 品質 環境 労働基準 ダイバーシティ&インクルージョン 社会貢献 コンプライアンス 健康経営 ® IR情報 トップメッセージ 業績・財務データ,EQUITY,Industrials,Engineering & Construction
1,1945,Tokyo Energy & Systems Inc.,原子力発電,GX・エネルギー,,,92.0,84.0,,未確定,C,revenue_share_unknown,unknown,unknown,,https://www.qtes.co.jp/ir/,IR情報 | 株式会社東京エネシス 調達情報 お問い合わせ サイトマップ ENGLISH 検索 企業情報 トップメッセージ 役員 基本理念・ビジョン 沿革 会社概要 グループ会社 事業所案内 有資格者 組織図 サステナビリティ 行動憲章 労働基準 コーポレートガバナンス ダイバーシティ&インクルージョン サステナビリティ 社会貢献 労働安全衛生 コンプライアンス 品質 健康経営 ® 環境 IR情報 トップメッセージ 業績・財務データ IRライブラリー 株主・株式情報 電子公告 IRカレンダー 株価情報 ご質問（FAQ） 営業紹介 私たちの事業 エネルギーソリューション グリーンエネルギー事業 情報通信 火力 電気設備 原子力 海外 水力 溶接・検査センター 変電 土木・建築 O&M事業 工事実績 火力発電関係 情報通信関係 原子力発電関係 公共工事関係 水力発電関係 ゼロカーボン関係 変電関係 グリーンエネルギー事業関係 土木・建築関係 海外関係 コージェネレーション関係 溶接・非破壊検査関係 電気・空調設備関係 技術開発 東京エネシスの技術開発 技術紹介 ニュース お知らせ トピックス 決算・適時開示 IR資料 採用情報 アスリート部 企業情報 トップメッセージ 基本理念・ビジョン 会社概要 事業所案内 組織図 役員 沿革 グループ会社 有資格者 サステナビリティ 行動憲章 コーポレートガバナンス サステナビリティ 労働安全衛生 品質 環境 労働基準 ダイバーシティ&インクルージョン 社会貢献 コンプライアンス 健康経営 ® IR情報 トップメッセージ 業績・財務データ IRライブラリー 決算短信 有価証券報告書 株主向け開示資料 適時開示等 株主・株式情報 電子公告 IRカレンダー 株価情報 ご質問（FAQ） 営業,EQUITY,Industrials,Engineering & Construction
1,1945,Tokyo Energy & Systems Inc.,太陽光発電関連,GX・エネルギー,,,8.0,5.0,,未確定,C,revenue_share_unknown,unknown,unknown,,,売上構成比を公式資料から数値で確認できず,EQUITY,Industrials,Engineering & Construction
1,1945,Tokyo Energy & Systems Inc.,電力設備投資関連,データセンター・電力,,,86.0,78.0,,未確定,C,revenue_share_unknown,unknown,unknown,,,売上構成比を公式資料から数値で確認できず,EQUITY,Industrials,Engineering & Construction
1,1946,Toenec Corporation,電力設備投資関連,データセンター・電力,,,46.0,34.0,,未確定,C,revenue_share_unknown,unknown,unknown,,,売上構成比を公式資料から数値で確認できず,EQUITY,Industrials,Engineering & Construction
1,1948,"The Kodensha Co., Ltd.",電力設備投資関連,データセンター・電力,,,92.0,94.0,,未確定,C,revenue_share_unknown,unknown,unknown,,,売上構成比を公式資料から数値で確認できず,EQUITY,Industrials,Engineering & Construction
1,194A,"WOLVES HAND Co., Ltd.",サブスクリプション,デジタル・サービス,,,8.0,5.0,,未確定,C,revenue_share_unknown,unknown,unknown,,,売上構成比を公式資料から数値で確認できず,EQUITY,Healthcare,Medical Care Facilities
1,194A,"WOLVES HAND Co., Ltd.",創薬,医療・ヘルスケア,,,8.0,5.0,,未確定,C,revenue_share_unknown,unknown,unknown,,,売上構成比を公式資料から数値で確認できず,EQUITY,Healthcare,Medical Care Facilities
1,194A,"WOLVES HAND Co., Ltd.",医療機器,医療・ヘルスケア,,,58.0,58.0,,未確定,C,revenue_share_unknown,unknown,unknown,,,売上構成比を公式資料から数値で確認できず,EQUITY,Healthcare,Medical Care Facilities
1,1950,"Nippon Densetsu Kogyo Co., Ltd.",再生可能エネルギー,GX・エネルギー,,,58.0,46.0,,未確定,C,revenue_share_unknown,unknown,unknown,,https://www.densetsuko.co.jp/company/sustainability/environment/,"事業案内 Business 実績紹介 Works 採用情報 Recruit お問合せ Contact JP EN NIPPON DENSETSU KOGYO CO.,LTD NIPPON DENSETSU KOGYO CO.,LTD トップページ > 企業情報 > サステナビリティ > 環境（E） 企業情報 Company サステナビリティ Environment 環境（E） 脱炭素社会・循環型社会の実現に向けて 私たちは、「 環境方針 」を定め、事業活動を通じて、環境負荷低減や資源の有効活用、環境保全への取り組みを継続的に推進することで、脱炭素社会・循環型社会の実現を目指しています。 マテリアリティ1 脱炭素社会への貢献 マテリアリティ2 資源循環の推進 Materiality 1 脱炭素社会への貢献 カーボンニュートラルの実現に向けて 地球温暖化対策として脱炭素に対する関心が高まる中、再生可能エネルギーの普及促進やGHG排出量削減の取り組みを行っています。 再生可能エネルギーの普及促進 私たちは、2013年11月に「日本電設白老町川沿ソーラーファーム」を開設し、太陽光発電事業を展開しており、再生可能エネルギーを利用した電気の供給により環境への貢献に取り組んでいます。同施設には、地域の方々に環境に優しいエネルギー供給や自然エネルギーに興味を持っていただけるようソーラーパネルを一望できる見学台を設置。白老町役場内に発電情報を把握できるモニタを設置しています。 事業活動におけるGHG（温室効果ガス）排出量削減 事業活動におけるGHG排出量を2030年度までに2013年度比で50%削減するとともに、2050年度にはカーボンニュートラルを目指しています。当社はZEBプランナーとしての高い技術力をベースに、お客様に省エネ対策設備などの提案を積極的に行うとともに、自らがZEBリーディング・オーナーとな",EQUITY,Industrials,Infrastructure Operations
1,1950,"Nippon Densetsu Kogyo Co., Ltd.",太陽光発電関連,GX・エネルギー,,,8.0,5.0,,未確定,C,revenue_share_unknown,unknown,unknown,,https://www.densetsuko.co.jp/company/sustainability/environment/,"PON DENSETSU KOGYO CO.,LTD トップページ > 企業情報 > サステナビリティ > 環境（E） 企業情報 Company サステナビリティ Environment 環境（E） 脱炭素社会・循環型社会の実現に向けて 私たちは、「 環境方針 」を定め、事業活動を通じて、環境負荷低減や資源の有効活用、環境保全への取り組みを継続的に推進することで、脱炭素社会・循環型社会の実現を目指しています。 マテリアリティ1 脱炭素社会への貢献 マテリアリティ2 資源循環の推進 Materiality 1 脱炭素社会への貢献 カーボンニュートラルの実現に向けて 地球温暖化対策として脱炭素に対する関心が高まる中、再生可能エネルギーの普及促進やGHG排出量削減の取り組みを行っています。 再生可能エネルギーの普及促進 私たちは、2013年11月に「日本電設白老町川沿ソーラーファーム」を開設し、太陽光発電事業を展開しており、再生可能エネルギーを利用した電気の供給により環境への貢献に取り組んでいます。同施設には、地域の方々に環境に優しいエネルギー供給や自然エネルギーに興味を持っていただけるようソーラーパネルを一望できる見学台を設置。白老町役場内に発電情報を把握できるモニタを設置しています。 事業活動におけるGHG（温室効果ガス）排出量削減 事業活動におけるGHG排出量を2030年度までに2013年度比で50%削減するとともに、2050年度にはカーボンニュートラルを目指しています。当社はZEBプランナーとしての高い技術力をベースに、お客様に省エネ対策設備などの提案を積極的に行うとともに、自らがZEBリーディング・オーナーとなり、自社ビルのZEB化や太陽光発電設備の導入などによる省エネ対策を実施し、GHG排出量削減を推進しています。 Materiality 2 資源循環の推進 限りある地球の資源",EQUITY,Industrials,Infrastructure Operations
1,1950,"Nippon Densetsu Kogyo Co., Ltd.",鉄道関連,物流・海運,,,92.0,90.0,,未確定,C,revenue_share_unknown,unknown,unknown,,https://www.densetsuko.co.jp/,rks 採用情報 Recruit お問合せ Contact JP EN Back to Menu 企業情報 Company 私たちについて 社長挨拶 経営理念 会社概要 沿革 コーポレートガバナンス 事業所一覧 サステナビリティ IR情報 NDKグループ JP EN Back to Menu サステナビリティ トップコミットメント NDKグループのマテリアリティ 環境（E） 社会（S） ガバナンス（G） 各種方針 TCFD提言に基づく情報開示 ESGデータ集 統合報告書 CSR活動実績 イニシアティブへの参画 社外からの評価 第三者検証 GRI内容索引 JP EN Back to Menu IR情報 経営方針・経営計画 業績ハイライト IR資料集 株主・株式情報 株価情報 よくある質問 ディスクロージャーポリシー 電子公告 JP EN Back to Menu 事業案内 Business 鉄道電気工事 一般電気工事 情報通信工事 環境エネルギー工事 関連事業 技術開発 安全への取り組み 中央学園 JP EN 企業情報 INDEX 私たちについて 社長挨拶 経営理念 会社概要 沿革 コーポレートガバナンス 事業所一覧 サステナビリティ トップコミットメント NDKグループのマテリアリティ 環境（E） 社会（S） ガバナンス（G） 各種方針 TCFD提言に基づく情報開示 ESGデータ集 統合報告書 CSR活動実績 イニシアティブへの参画 社外からの評価 第三者検証 GRI内容索引 IR情報 経営方針・経営計画 業績ハイライト IR資料集 株主・株式情報 株価情報 よくある質問 電子公告 ディスクロージャー ポリシー NDKグループ 事業案内 INDEX 鉄道電気工事 一般電気工事 情報通信工事 環境エネルギー工事 関連事業 技術開発 安全への取り組み NDK安全文化創造館 中央学園,EQUITY,Industrials,Infrastructure Operations
1,1951,"EXEO Group, Inc.",IoT,設備投資・機械,,,8.0,5.0,,未確定,C,revenue_share_unknown,unknown,unknown,,https://www.exeo.co.jp/ir/keiei.html,ã¡ã¼ã·ã§ã³ï¼ã«è²¢ç®ããè±ç­ç´ ç¤¾ä¼å®ç¾ã«åããåçå¯è½ã¨ãã«ã®ã¼å¸å ´ã®æ¡å¤§ã«ä»å¾æå¾ ãããäºæ¥­åéã§ãã ãï¼ï¼ï¼ã·ã¹ãã ã½ãªã¥ã¼ã·ã§ã³äºæ¥­ ãå½ç¤¾ã°ã«ã¼ãã®å£²ä¸æ¯ç30ï¼ ãå ããã®ãã·ã¹ãã ã½ãªã¥ã¼ã·ã§ã³äºæ¥­ã§ãã ãä¼æ¥­ãå®å ¬åºç­ã«ãããDXæ¦ç¥ææ¬²ã®é«ã¾ãã¨ãæè²ç³»åæãIoTæ©å¨ã®å°å ¥å¸å ´ã®æ¡å¤§ãæå¾ ãããäºæ¥­ã»ã°ã¡ã³ãã§ãã ãã¾ãã·ã³ã¬ãã¼ã«ã«äºæ¥­æ ç¹ãç½®ããçµæ¸æé·ãç¶ãæ±åã¢ã¸ã¢ã®å¸å ´æ·±èã«åãçµãã§ããã¾ãã Learn more æ ªä¸»ã»æè³å®¶æ å ±ããã£ã¨ç¥ã çµå¶æ¹é è²¡åã»æ¥­ç¸¾ æ ªå¼ã»åµå¸æ å ± ãã¡ã¯ãã·ã¼ã åäººæè³å®¶ã®çæ§ã¸ IRã«ã¬ã³ãã¼ IRè³æå,EQUITY,Industrials,Engineering & Construction
1,1951,"EXEO Group, Inc.",クラウドコンピューティング,デジタル・サービス,,,42.0,40.0,,未確定,C,revenue_share_unknown,unknown,unknown,,,売上構成比を公式資料から数値で確認できず,EQUITY,Industrials,Engineering & Construction
1,1951,"EXEO Group, Inc.",デジタルトランスフォーメーション,デジタル・サービス,,,85.0,82.0,,未確定,C,revenue_share_unknown,unknown,unknown,,https://www.exeo.co.jp/,ç¥ãã 2026.08.24 ãç¥ãã ãä»¤å8å¹´çæ¬å°éãè¢«ç½å°ã¸ã®ç¾©æ´éæ åºã«ã¤ãã¦ ãã¥ã¼ã¹ä¸è¦§ã¸ What we do äºæ¥­å å®¹ äºæ¥­å å®¹ã¸ äººã»é½å¸ã»ãã¸ãã¹ ç¤¾ä¼ãã¤ãªãã§ããã®ã¯ã ã¨ã¯ã·ãªã°ã«ã¼ã 5Gãªã©ã®éä¿¡ã¤ã³ãã©ã®æ´åãåçå¯è½ã¨ãã«ã®ã¼ãé½å¸ã¤ã³ãã©ã®æ§ç¯ãã¯ã©ã¤ã¢ã³ããã¸ãã¹ãè¡æ¿ã®DXæ¨é²ãªã©ãæè¡åãæ´»ããããè±ããªç¤¾ä¼ãã¤ãªãã§ãã¾ãã ç¤¾ä¼ãã¤ãªããï¼ã¤ã®äºæ¥­ 01 éä¿¡ã¤ã³ãã©äºæ¥­ æ¥æ¬ãã°ã­ã¼ãã«ã§ éä¿¡ã¤ã³ãã©ã®æ§ç¯ã»éç¨ãæ ã 02 ç¤¾ä¼ã¤ã³ãã©äºæ¥­ åçå¯è½ã¨ãã«ã®ã¼ãã¯ããã ç¤¾ä¼ãæ¯ããã¤ã³ãã©æ§ç¯ 03 ã·ã¹ãã ã½ãªã¥ã¼ã·ã§ã³äºæ¥­ æå ç«¯æè¡ãé§ä½¿ã,EQUITY,Industrials,Engineering & Construction
1,1951,"EXEO Group, Inc.",データセンター,データセンター・電力,,,82.0,84.0,,未確定,C,revenue_share_unknown,unknown,unknown,,,売上構成比を公式資料から数値で確認できず,EQUITY,Industrials,Engineering & Construction
1,1951,"EXEO Group, Inc.",光ファイバー,データセンター・電力,,,8.0,5.0,,未確定,C,revenue_share_unknown,unknown,unknown,,,売上構成比を公式資料から数値で確認できず,EQUITY,Industrials,Engineering & Construction
1,1951,"EXEO Group, Inc.",耐震化,防衛・国土強靱化,,,8.0,5.0,,未確定,C,revenue_share_unknown,unknown,unknown,,,売上構成比を公式資料から数値で確認できず,EQUITY,Industrials,Engineering & Construction
1,1951,"EXEO Group, Inc.",鉄道関連,物流・海運,,,8.0,5.0,,未確定,C,revenue_share_unknown,unknown,unknown,,,売上構成比を公式資料から数値で確認できず,EQUITY,Industrials,Engineering & Construction
1,1951,"EXEO Group, Inc.",防災,防衛・国土強靱化,,,8.0,5.0,,未確定,C,revenue_share_unknown,unknown,unknown,,,売上構成比を公式資料から数値で確認できず,EQUITY,Industrials,Engineering & Construction
1,1951,"EXEO Group, Inc.",電線地中化,防衛・国土強靱化,,,42.0,40.0,,未確定,C,revenue_share_unknown,unknown,unknown,,,売上構成比を公式資料から数値で確認できず,EQUITY,Industrials,Engineering & Construction
1,1952,"Shin Nippon Air Technologies Co., Ltd.",データセンター,データセンター・電力,,,85.0,91.0,,未確定,C,revenue_share_unknown,unknown,unknown,,,売上構成比を公式資料から数値で確認できず,EQUITY,Industrials,Building Products & Equipment
1,1952,"Shin Nippon Air Technologies Co., Ltd.",原子力発電,GX・エネルギー,,,72.0,78.0,,未確定,C,revenue_share_unknown,unknown,unknown,,,売上構成比を公式資料から数値で確認できず,EQUITY,Industrials,Building Products & Equipment
1,1959,Kraftia Corporation,データセンター,データセンター・電力,,,8.0,5.0,,未確定,C,revenue_share_unknown,unknown,unknown,,,売上構成比を公式資料から数値で確認できず,EQUITY,Industrials,Engineering & Construction
1,1959,Kraftia Corporation,太陽光発電関連,GX・エネルギー,,,8.0,5.0,,未確定,C,revenue_share_unknown,unknown,unknown,,,売上構成比を公式資料から数値で確認できず,EQUITY,Industrials,Engineering & Construction
1,1959,Kraftia Corporation,送電,データセンター・電力,,,8.0,5.0,,未確定,C,revenue_share_unknown,unknown,unknown,,,売上構成比を公式資料から数値で確認できず,EQUITY,Industrials,Engineering & Construction
1,1959,Kraftia Corporation,防災,防衛・国土強靱化,,,82.0,74.0,,未確定,C,revenue_share_unknown,unknown,unknown,,https://www.kraftia.co.jp/service/airconduct/,情報通信事業 エコ事業 住宅エコ事業 新規事業 海外事業 施工事例 株主・投資家情報 - 株主・投資家情報 トップ IR資料室 株式情報 業績ハイライト 中期経営計画 ディスクロージャーポリシー IRカレンダー IR関連動画 サステナビリティ - サステナビリティ トップ サステナビリティ基本方針 マテリアリティ（重要課題） TCFD提言に基づく情報開示 環境（Environment） 社会（Society） ガバナンス（Governance） 非財務情報 KRAFTIAの取組み - KRAFTIAの取組み トップ DXへの取組み BCP（事業継続計画）の策定 「働き方改革関連法」への取組み 採用情報 サイトマップ お問い合わせ - ホーム 営業案内 空調管事業 空調管事業 空調管工事 オフィスビル・病院・ホテル・工場など、人々が生活するあらゆる建物の空調設備・換気設備・給排水衛生設備・防災設備などの工事を通じて、空気と水の快適な環境はもとより、安心と安全を提供いたします。 環境資源設備工事 『水の安全・安心』、『CO 2 排出量削減』、『資源循環』をキーワードに日本がめざす低炭素社会、資源循環型社会の形成に努め、排水処理施設や上水施設、各種資源循環プラントの設計、施工、維持管理を行っています。 営業案内 配電事業 電気事業 空調管事業 空調管工事 環境資源設備工事 情報通信事業 エコ事業 住宅エコ事業 新規事業 海外事業 施工事例 HOME 企業情報 営業案内 株主・投資家情報 サステナビリティ 採用情報 KRAFTIAの取組み お問い合わせ サイトマップ 個人情報保護基本情報 ソーシャルメディアガイドライン ©KRAFTIA Page top,EQUITY,Industrials,Engineering & Construction
1,1959,Kraftia Corporation,電力設備投資関連,データセンター・電力,,,92.0,84.0,,未確定,C,revenue_share_unknown,unknown,unknown,,,売上構成比を公式資料から数値で確認できず,EQUITY,Industrials,Engineering & Construction
1,1959,Kraftia Corporation,電線地中化,防衛・国土強靱化,,,8.0,5.0,,未確定,C,revenue_share_unknown,unknown,unknown,,,売上構成比を公式資料から数値で確認できず,EQUITY,Industrials,Engineering & Construction
1,1959,Kraftia Corporation,風力発電,GX・エネルギー,,,8.0,5.0,,未確定,C,revenue_share_unknown,unknown,unknown,,,売上構成比を公式資料から数値で確認できず,EQUITY,Industrials,Engineering & Construction
1,195A,MUSCAT GROUP Inc.,eコマース,内需・消費,,,92.0,90.0,,未確定,C,revenue_share_unknown,unknown,unknown,,https://muscatgroup.co.jp/,株式会社MUSCAT GROUP (マスカットグループ) Close Contact 本社所在地 東京都渋谷区道玄坂1丁目12番1号 渋谷マークシティウエスト20階 Google Map Follow us Contact Copyright © MUSCAT GROUP Inc. We are 役員紹介 会社概要 沿革 Project People Business ブランドプロデュース領域 ブランドパートナー領域 CCXcloud News IR ニュース IR資料 Recruit 求人情報 各種制度/よくある質問 社員インタビュー Privacy Policy Home EN Difference for the Future. MUSCAT GROUPは 一人一人の違いに着目し、 新たな生活を提案していく ブランドプロデュースカンパニーです。 Discover MUSCAT Pick Up Business ブランドプロデュース領域 View more People View more Project View more We are We are MUSCAT GROUP 私たちは「Difference for the Future.」を掲げ、ブランドプロデュース・M&A・テクノロジーを武器に、多様なブランド,EQUITY,Technology,Software - Infrastructure
1,195A,MUSCAT GROUP Inc.,クラウドコンピューティング,デジタル・サービス,,,42.0,42.0,,未確定,C,revenue_share_unknown,unknown,unknown,,,売上構成比を公式資料から数値で確認できず,EQUITY,Technology,Software - Infrastructure
1,195A,MUSCAT GROUP Inc.,デジタルトランスフォーメーション,デジタル・サービス,,,90.0,68.0,,未確定,C,revenue_share_unknown,unknown,unknown,,https://muscatgroup.co.jp/,たか 若年層に最適化した価値設計と開発により、新たな市場を創出したオーラル美容ブランド『MiiS』。SNS上の行動データから言語化されていなかったニーズを捉え、「オーラルケア」を美容として再定義した。データ... View more # M&Aの取り組み グローバル・ニッチへの挑戦 ブランドの自律性を保ちながら、 成長を拡張する経営統合 人気コスメブランド『Fujiko』などを展開するかならぼが、MUSCAT GROUPにジョインした。両社の接点にあったのは、次の成長余地をいかに広げるかという視点。経営統合に至った背景と、その先に見据... View more # 老舗企業の再生 デジタル化の遅れで業績悪化 老舗企業が1400％成長を遂げた、 V字回復の舞台裏 デジタル化の遅れ等を背景に業績が低迷していたキッズ・ティーン向け雑貨メーカー 松村商店。MUSCAT GROUP参画後、大胆な社内DXとEC化によってV字回復を実現した。信頼関係の再構築から若手人材の... View more Approach P e o p l e MUSCAT GROUPには、多様な才能が集まり、 事業を推進しています。 その強みとメンバーを紹介します。 View all Business MUSCAT GROUPの 主力事業についてご紹介します。 View more B r a n d P r o d u c e ブランドプロデュース View more B r a n d P a r t n e r ブランドパートナー View more N e w s お知らせ View all 渋谷区初のe-Bike返礼品に認定！「MOVE.eBike」の3モデルが、ふるさと納税に登場！ 2026.03.24 9人のお子さんを持つママが開発！毎回即完売の大人気ヘアケアブランド「bialne」から“大人ピンク,EQUITY,Technology,Software - Infrastructure
1,195A,MUSCAT GROUP Inc.,データ分析・解析,AI・半導体,,,92.0,96.0,,未確定,C,revenue_share_unknown,unknown,unknown,,,売上構成比を公式資料から数値で確認できず,EQUITY,Technology,Software - Infrastructure
1,1960,Sanyo Engineering & Construction Inc.,建設,不動産・建設,,,94.0,86.0,,未確定,C,revenue_share_unknown,unknown,unknown,,,売上構成比を公式資料から数値で確認できず,EQUITY,Industrials,Engineering & Construction
1,1960,Sanyo Engineering & Construction Inc.,電力設備投資関連,データセンター・電力,,,66.0,56.0,,未確定,C,revenue_share_unknown,unknown,unknown,,,売上構成比を公式資料から数値で確認できず,EQUITY,Industrials,Engineering & Construction
1,1961,"Sanki Engineering Co., Ltd.",FA関連,設備投資・機械,,,72.0,78.0,,未確定,C,revenue_share_unknown,unknown,unknown,,https://www.sanki.co.jp/,rcle_right 事業内容 BUSINESS 事業一覧ページへ 建築設備事業 多岐にわたり、社会インフラのさまざまな分野にかかわっています。単独でも成り立ちますが社会の要請に対して横断的に事業を融合することで総合エンジニアリング力を発揮します。 AIR CONDITIONING ビル空調衛生事業 ビルの空調衛生を総合的に提供し、省エネやコスト削減、快適性向上で付加価値を高めます。 INDUSTRY 産業空調事業 経験豊富な技術と独自のクリーンルーム技術で、省エネシステムを提供し、最先端産業を支えます。 ELECTRONICS 電気事業 用途に応じた電気設備や管理で、安定供給と有効利用のシステムを提供します。 SMART BUILDING スマートビル ソリューション事業 総合エンジニアリングとICTを活用し、空調・衛生・電気のBA技術で省エネと快適性を高めるスマートビルを提供します。 FACILITY ファシリティシステム 事業 オフィス等のワークプレイスに設計・プロジェクト管理・技術・ICTコンサルを提供し、ワークスタイル改革を支援しています。 プラント設備事業 物流システム・搬送機器を提供する機械システム事業や上水・下水処理設備や廃棄物処理設備を手掛ける環境システム事業などがございます。 MACHINERY 機械システム事業 サプライチェーンマネジメントにおけるお客さまのニーズや課題に対応した物流システム・搬送機器を提供しています。 ENVIRONMENT 環境システム事業 独自の水・廃棄物処理システムで省エネやCO₂削減を実現し、生活環境を向上させます。 事業一覧ページへ Technical Research & Development Center 研究開発について 三機工業ではR&Dセンターにおいて、多様な事業領域に合せてさまざまな研究開発を推進しており、それぞれ,EQUITY,Industrials,Engineering & Construction
1,1961,"Sanki Engineering Co., Ltd.",サーバー冷却,データセンター・電力,,,46.0,34.0,,未確定,C,revenue_share_unknown,unknown,unknown,,,売上構成比を公式資料から数値で確認できず,EQUITY,Industrials,Engineering & Construction
1,1961,"Sanki Engineering Co., Ltd.",データセンター,データセンター・電力,,,8.0,5.0,,未確定,C,revenue_share_unknown,unknown,unknown,,https://www.sanki.co.jp/ir/policy/doc/index_20250513_01.pdf,".0%以上 ※1 売上 3,000 億円 営業利益 300 億円 DOE5.0%以上 （配当方針の見直し） 従業員数 2,900 人 経営目標 2030年 ありたい姿 売上 3,５00億円 ROE 16.0%以上 従業員数 3,000 人 ※１ ROEは政策保有株式の売却益除く 02MIRAI 2030 03 04 05011 2 04 ２０３０年 ありたい姿 ・ 目標 Century2025 PHASE3 最終年 2024年度 Century2025 PHASE2 最終年 2021年度 05 2030年に向けた市場環境の見通し 顧客業種別 市場環境 （予測） ● “CASE”に表されるような電動化・自動運転技術の進展 ● 社会情勢に合わせた技術の発達（自動運転など） ● 2030年の脱炭素投資は約 17兆円規模 ● 生成AI技術の進展などによるデータ利用が急増 ● 地政学的な観点による、データセンター含む製造拠点国内回帰 ● 2030年に世界市場は100兆円、日本市場は15兆円へ成長 ● 2030年までに年平均成長率が6.7％で成長すると予測される成長分野 ● 日本市場のみで2021年には441億ドルの市場規模 ● 日本政府は2030年時点でバイオ関連市場総額92兆円の創出を目指し取り組 みを推進 ● 大型災害などに対する国土強靭化 5か年加速化対策の進展 ● 上下水・廃棄物処理施設 のPPP・ＤＢＯ拡大 ● 人財不足などに伴う自動化需要増 自動車・電池 半導体 公共施設・設備 三機工業グループの 取り組み ● フロントローディングによる施工業務の最適化 ● BIMやICTを最大限活用し、生産性向上と高品質施工を 両立 ● 大型の先端分野案件に対応する全社横断的な体制の構 築 ● スタートアップとの協業によるデジタル技術のサービス化 ● 国土強靭化施策に基づく空港の防災 ・ 減災対策",EQUITY,Industrials,Engineering & Construction
1,1961,"Sanki Engineering Co., Ltd.",下水道,防衛・国土強靱化,,,72.0,78.0,,未確定,C,revenue_share_unknown,unknown,unknown,,https://www.sanki.co.jp/,します。 AIR CONDITIONING ビル空調衛生事業 ビルの空調衛生を総合的に提供し、省エネやコスト削減、快適性向上で付加価値を高めます。 INDUSTRY 産業空調事業 経験豊富な技術と独自のクリーンルーム技術で、省エネシステムを提供し、最先端産業を支えます。 ELECTRONICS 電気事業 用途に応じた電気設備や管理で、安定供給と有効利用のシステムを提供します。 SMART BUILDING スマートビル ソリューション事業 総合エンジニアリングとICTを活用し、空調・衛生・電気のBA技術で省エネと快適性を高めるスマートビルを提供します。 FACILITY ファシリティシステム 事業 オフィス等のワークプレイスに設計・プロジェクト管理・技術・ICTコンサルを提供し、ワークスタイル改革を支援しています。 プラント設備事業 物流システム・搬送機器を提供する機械システム事業や上水・下水処理設備や廃棄物処理設備を手掛ける環境システム事業などがございます。 MACHINERY 機械システム事業 サプライチェーンマネジメントにおけるお客さまのニーズや課題に対応した物流システム・搬送機器を提供しています。 ENVIRONMENT 環境システム事業 独自の水・廃棄物処理システムで省エネやCO₂削減を実現し、生活環境を向上させます。 事業一覧ページへ Technical Research & Development Center 研究開発について 三機工業ではR&Dセンターにおいて、多様な事業領域に合せてさまざまな研究開発を推進しており、それぞれ高度な専門技術者による、新技術の開発および保有技術の改良に取り組んでいます。 詳しくはこちら 実績 WORKS 実績一覧ページへ 三機工業が手掛けた実績の一部を紹介いたします。 日本生命淀屋橋ビル ビル空調衛生事業 電気事業 邑智クリーンセンタ,EQUITY,Industrials,Engineering & Construction
1,1961,"Sanki Engineering Co., Ltd.",建設,不動産・建設,,,94.0,86.0,,未確定,C,revenue_share_unknown,unknown,unknown,,https://www.sanki.co.jp/ir/policy/doc/index_20250513_01.pdf,"08 09 1006 11 12 13 141 2 中期経営計画2027 ©2025 SANKI ENGINEERING CO., LTD. All Rights Reserved. １１ 07 08 09 1006 11 12 13 141 2 中期経営計画2027 深化と共創 コア事業の戦略的深化 デジタル技術による事業進化 戦略的アライアンスによる共創と事業拡大 人的資本経営の推進 成長投資と株主還元の両立 環境技術による脱炭素事業の推進 0６ 重点テーマと戦略骨子 重点テーマ 事業戦略 財務・資本戦略 人財戦略 建築 ファシリ 機械 環境 共通 ● オフィス環境構築から経営課題解決まで業務範囲を拡大 ● 医療・食品分野への注力による競争優位性確保 ● 強みを活かした新商品・サービスの開発強化 ● LCE（ライフ・サイクル・エンジニアリング）事業の推進 アフターサービスを軸にした施設建設、メンテナンス メニューの最適化 ● フロントローディングの拡張による施工業務の最適化 ● 大型の先端分野案件に対応する全社横断的な体制の構築 ● オフサイト工法の推進による現場作業の効率化・品質向上の実現 解体・撤去 開発・設計 建設・EPC 運転管理維持 メンテナンス 改良・補修 ライフサイクルエンジニアリング 07 ©2025 SANKI ENGINEERING CO., LTD. All Rights Reserved. １２ 事業戦略－コア事業の戦略的深化 07 08 09 1006 11 12 13 141 2 中期経営計画2027 ●施工の最適化 iPadなどを利用した事前調査 ●コンビニ向け製品の開発 ●エアロウィング（散気装置）の開発 ©2025 SANKI ENGINEERING CO., LTD. All Rights Reserved. １３ 事業戦略－環境技術によ",EQUITY,Industrials,Engineering & Construction
1,1961,"Sanki Engineering Co., Ltd.",水道関連,防衛・国土強靱化,,,92.0,98.0,,未確定,C,revenue_share_unknown,unknown,unknown,,https://www.sanki.co.jp/,ます。 AIR CONDITIONING ビル空調衛生事業 ビルの空調衛生を総合的に提供し、省エネやコスト削減、快適性向上で付加価値を高めます。 INDUSTRY 産業空調事業 経験豊富な技術と独自のクリーンルーム技術で、省エネシステムを提供し、最先端産業を支えます。 ELECTRONICS 電気事業 用途に応じた電気設備や管理で、安定供給と有効利用のシステムを提供します。 SMART BUILDING スマートビル ソリューション事業 総合エンジニアリングとICTを活用し、空調・衛生・電気のBA技術で省エネと快適性を高めるスマートビルを提供します。 FACILITY ファシリティシステム 事業 オフィス等のワークプレイスに設計・プロジェクト管理・技術・ICTコンサルを提供し、ワークスタイル改革を支援しています。 プラント設備事業 物流システム・搬送機器を提供する機械システム事業や上水・下水処理設備や廃棄物処理設備を手掛ける環境システム事業などがございます。 MACHINERY 機械システム事業 サプライチェーンマネジメントにおけるお客さまのニーズや課題に対応した物流システム・搬送機器を提供しています。 ENVIRONMENT 環境システム事業 独自の水・廃棄物処理システムで省エネやCO₂削減を実現し、生活環境を向上させます。 事業一覧ページへ Technical Research & Development Center 研究開発について 三機工業ではR&Dセンターにおいて、多様な事業領域に合せてさまざまな研究開発を推進しており、それぞれ高度な専門技術者による、新技術の開発および保有技術の改良に取り組んでいます。 詳しくはこちら 実績 WORKS 実績一覧ページへ 三機工業が手掛けた実績の一部を紹介いたします。 日本生命淀屋橋ビル ビル空調衛生事業 電気事業 邑智クリーンセンタ,EQUITY,Industrials,Engineering & Construction
1,1961,"Sanki Engineering Co., Ltd.",物流,物流・海運,,,58.0,54.0,,未確定,C,revenue_share_unknown,unknown,unknown,,https://www.sanki.co.jp/,横断的に事業を融合することで総合エンジニアリング力を発揮します。 AIR CONDITIONING ビル空調衛生事業 ビルの空調衛生を総合的に提供し、省エネやコスト削減、快適性向上で付加価値を高めます。 INDUSTRY 産業空調事業 経験豊富な技術と独自のクリーンルーム技術で、省エネシステムを提供し、最先端産業を支えます。 ELECTRONICS 電気事業 用途に応じた電気設備や管理で、安定供給と有効利用のシステムを提供します。 SMART BUILDING スマートビル ソリューション事業 総合エンジニアリングとICTを活用し、空調・衛生・電気のBA技術で省エネと快適性を高めるスマートビルを提供します。 FACILITY ファシリティシステム 事業 オフィス等のワークプレイスに設計・プロジェクト管理・技術・ICTコンサルを提供し、ワークスタイル改革を支援しています。 プラント設備事業 物流システム・搬送機器を提供する機械システム事業や上水・下水処理設備や廃棄物処理設備を手掛ける環境システム事業などがございます。 MACHINERY 機械システム事業 サプライチェーンマネジメントにおけるお客さまのニーズや課題に対応した物流システム・搬送機器を提供しています。 ENVIRONMENT 環境システム事業 独自の水・廃棄物処理システムで省エネやCO₂削減を実現し、生活環境を向上させます。 事業一覧ページへ Technical Research & Development Center 研究開発について 三機工業ではR&Dセンターにおいて、多様な事業領域に合せてさまざまな研究開発を推進しており、それぞれ高度な専門技術者による、新技術の開発および保有技術の改良に取り組んでいます。 詳しくはこちら 実績 WORKS 実績一覧ページへ 三機工業が手掛けた実績の一部を紹介いたします。 日本生,EQUITY,Industrials,Engineering & Construction
1,1961,"Sanki Engineering Co., Ltd.",省エネ関連,GX・エネルギー,,,85.0,91.0,,未確定,C,revenue_share_unknown,unknown,unknown,,https://www.sanki.co.jp/,earch mail お問い合わせ･資料請求 採用情報 menu このたびの令和8年熊本地震および令和8年8月千葉豪雨により亡くなられた方々に 謹んでお悔やみ申しあげますとともに、被災された皆様に心よりお見舞い申しあげます。 被災地の一日も早い復旧・復興を心よりお祈り申しあげます。 当社グループは、被災地の復旧・復興に向けて取り組んでまいります。 INFORMATION 全て表示 技術開発 サステナビリティ IR お知らせ お知らせをもっと見る arrow_circle_right 事業内容 BUSINESS 事業一覧ページへ 建築設備事業 多岐にわたり、社会インフラのさまざまな分野にかかわっています。単独でも成り立ちますが社会の要請に対して横断的に事業を融合することで総合エンジニアリング力を発揮します。 AIR CONDITIONING ビル空調衛生事業 ビルの空調衛生を総合的に提供し、省エネやコスト削減、快適性向上で付加価値を高めます。 INDUSTRY 産業空調事業 経験豊富な技術と独自のクリーンルーム技術で、省エネシステムを提供し、最先端産業を支えます。 ELECTRONICS 電気事業 用途に応じた電気設備や管理で、安定供給と有効利用のシステムを提供します。 SMART BUILDING スマートビル ソリューション事業 総合エンジニアリングとICTを活用し、空調・衛生・電気のBA技術で省エネと快適性を高めるスマートビルを提供します。 FACILITY ファシリティシステム 事業 オフィス等のワークプレイスに設計・プロジェクト管理・技術・ICTコンサルを提供し、ワークスタイル改革を支援しています。 プラント設備事業 物流システム・搬送機器を提供する機械システム事業や上水・下水処理設備や廃棄物処理設備を手掛ける環境システム事業などがございます。 MACHINERY 機械シ,EQUITY,Industrials,Engineering & Construction
1,1961,"Sanki Engineering Co., Ltd.",防災,防衛・国土強靱化,,,92.0,84.0,,未確定,C,revenue_share_unknown,unknown,unknown,,https://www.sanki.co.jp/corporate/business/aircon.html,ステム事業 不動産事業 不動産事業 ビル空調衛生事業の主な技術サービス 多くの技術・サービスの中からピックアップしてご紹介します。 空気調和設備 「空調」は冷暖房だけではなく、「空間の空気状態を総合的にコントロールすること」が求められます。温度・湿度・気流・空気中に含まれる塵埃や化学成分・臭気、更には振動や騒音なども含め、さまざまな要素を適切に調整する技術が空気調和です。三機工業は創業以来、高い技術力をもって設計・施工を数多く手がけています。 給排水衛生設備 人々の生活に欠かせない水。それは飲料水・生活用水・産業用水など、さまざまな目的で利用されています。三機工業の給排水衛生技術は、用途にあった水量・水圧・水質を提供するとともに適切な排水処理をおこない、また、給排水処理における環境配慮、省エネルギーの視点からの節水システム、雨水や中水の有効利用など、さまざまな要求に応えることができます。 防災設備 万が一に備える三機の防災システムは、覚知・報知から避難・誘導まで、さらに初期消火から延焼防止に至るまで、感知器とITVの連動システムを採用し、中央集中管理によってコントロールします。センサ、スプリンクラー、防火ドアなど信頼性の高い一貫したシステムでお客さまの大切な財産をお守りします。 厨房設備 食文化はますます多様化、複雑化しています。更に、給食施設での食中毒対策など、その品質に対しての要求は高まっています。三機工業は食品関連施設の各種厨房設備から空調・衛生·電気設備をトータルエンジニアリングで対応し、設計・施工・メンテナンスまで一貫しておこないます。 地域冷暖房施設 地域冷暖房は、ーヶ所の熱源プラントから複数の建物群に地域配管を通して、冷水や温水、蒸気等を送り、冷暖房・給湯を行う都市基盤施設であり、エネルギー利用の効率化を図るため、高密度化し、高効率機器やシステムの採用、未利用工ネ,EQUITY,Industrials,Engineering & Construction
1,1961,"Sanki Engineering Co., Ltd.",電力設備投資関連,データセンター・電力,,,8.0,5.0,,未確定,C,revenue_share_unknown,unknown,unknown,,,売上構成比を公式資料から数値で確認できず,EQUITY,Industrials,Engineering & Construction
1,1963,JGC Holdings Corporation,アンモニア,GX・エネルギー,,,8.0,5.0,,未確定,C,revenue_share_unknown,unknown,unknown,,,売上構成比を公式資料から数値で確認できず,EQUITY,Industrials,Engineering & Construction
1,1963,JGC Holdings Corporation,レアアース,資源・素材,,,8.0,5.0,,未確定,C,revenue_share_unknown,unknown,unknown,,,売上構成比を公式資料から数値で確認できず,EQUITY,Industrials,Engineering & Construction
1,1963,JGC Holdings Corporation,円安メリット,内需・消費,,,8.0,5.0,,未確定,C,macro_sensitivity_required,macro_unknown,unknown,,,売上構成比を公式資料から数値で確認できず,EQUITY,Industrials,Engineering & Construction
1,1963,JGC Holdings Corporation,原子力発電,GX・エネルギー,,,8.0,5.0,,未確定,C,revenue_share_unknown,unknown,unknown,,,売上構成比を公式資料から数値で確認できず,EQUITY,Industrials,Engineering & Construction
1,1963,JGC Holdings Corporation,核融合発電,GX・エネルギー,,,8.0,5.0,,未確定,C,revenue_share_unknown,unknown,unknown,,,売上構成比を公式資料から数値で確認できず,EQUITY,Industrials,Engineering & Construction
1,1963,JGC Holdings Corporation,水素,GX・エネルギー,,,8.0,5.0,,未確定,C,revenue_share_unknown,unknown,unknown,,,売上構成比を公式資料から数値で確認できず,EQUITY,Industrials,Engineering & Construction
1,1963,JGC Holdings Corporation,脱炭素,GX・エネルギー,,,8.0,5.0,,未確定,C,revenue_share_unknown,unknown,unknown,,,売上構成比を公式資料から数値で確認できず,EQUITY,Industrials,Engineering & Construction
1,1963,JGC Holdings Corporation,蓄電池,GX・エネルギー,,,8.0,5.0,,未確定,C,revenue_share_unknown,unknown,unknown,,,売上構成比を公式資料から数値で確認できず,EQUITY,Industrials,Engineering & Construction
1,1963,JGC Holdings Corporation,資源開発,資源・素材,,,42.0,40.0,,未確定,C,revenue_share_unknown,unknown,unknown,,,売上構成比を公式資料から数値で確認できず,EQUITY,Industrials,Engineering & Construction
1,1964,"Chugai Ro Co., Ltd.",アンモニア,GX・エネルギー,99.38,,92.0,98.0,,未確定,C,calculated_ratio_needs_qa,calculated_candidate_only,calculated_ratio_candidate,calculated_same_snippet,https://chugai.co.jp/cms/wp-content/uploads/2026/06/84q4.pdf,"全性を確保、ファイアウォールの設置など予防措置を図ると ともに、定期的な対応訓練や監査を実施して、リスクの回避、影響の最小化に努めております。 ― 15 ― ４ 【経営者による財政状態、経営成績及びキャッシュ・フローの状況の分析】 当連結会計年度における当社グループ（当社及び連結子会社)の財政状態、経営成績及びキャッシュ・フロー（以 下、「経営成績等」という。）の状況の概要並びに経営者の視点による当社グループの経営成績等の状況に関する 認識及び分析・検討内容は次のとおりであります。 なお、文中の将来に関する事項は、当連結会計年度末現在において判断したものであります。 (1)経営成績の状況の概要及び分析・検討内容 当連結会計年度におけるわが国経済は、米国の関税措置の強化と、それに伴う中国経済の停滞が世界経済全体に 不透明感をもたらしています。さらに、イランをはじめとする中東地域での紛争拡大や地政学的リスクの急激な高 まりにより、原油供給の不安定化やエネルギー価格の急騰が深刻なリスクとなっています。とりわけ、中東情勢の 著しい悪化は原材料価格の高騰を招き、物価上昇圧力を一段と強める要因となっています。 一方で、2050年カーボンニュートラルの目標実現に向けた政策動向や、環境意識の更なる高まりを背景に、脱炭 素化に関連する設備投資は堅調に推移しました。 このような事業環境の中、当社グループは、中期経営計画の重点施策である「カーボンニュートラルへの貢献」 を中心に事業活動を推進し、水素・アンモニア等の次世代燃料の活用や熱処理プロセスの電化・省エネ化に関する 研究開発・設備提案を積極的に進めてまいりました。 その結果、受注面につきましては、国内鉄鋼向け連続焼鈍ライン改造工事や、非鉄向け加熱炉、鉄鋼向け電気炉 ダストリサイクル設備、電気炉用取鍋予熱装置、次世代電池関連熱処理装置、住宅設備部材向け焼成炉などの成約 を得て、受注高は前期比94.0％の37,100百万円となりました。 売上面につきましては、次世代太陽電池製造装置や、電極材料・固体電解質熱処理装置、国内鉄鋼向け加熱炉省 エネ改造工事、脱臭炉、海外向けステンレス製造設備、国立研究開発法人新エネルギー・産業技術総合開発機構 （NEDO）の「グリーンイノベーション基金事業／製造分野における熱プロセスの脱炭素化」案件などの工事が順調 に進捗し、売上高は前期比103.0％の37,332百万円と増加しました。 利益面につきましては、人件費や原材料価格の上昇分の適正な価格転嫁や、調達コストの削減に取り組み、営業 利益は前期比105.3％の2,879百万円、経常利益は前期比103.6％の3,110百万円と増加しました。また、政策保有株 式の純資産に対する保有比率を、2026年3月末時点で「20％未満」とすることを目標に掲げてお",EQUITY,Industrials,Specialty Industrial Machinery
1,1964,"Chugai Ro Co., Ltd.",全固体電池,自動車・モビリティ,,,92.0,98.0,,未確定,C,revenue_share_unknown,unknown,unknown,,https://chugai.co.jp/cms/wp-content/uploads/2026/06/84q4.pdf,"施設は主に、次世代燃料（水素やアンモニア）を用いた脱炭素・省エネ燃焼技術を開 発する「燃焼ゾーン」、先端材料の熱処理技術を研究する「機能材ゾーン」、社内外の共同研究・開発を促進する 「共創スペース」の3つのゾーンで構成されています。また、熱技術創造センターはGXプロジェクト室が中心となって 進めているNEDOのグリーンイノベーション基金事業にも活用され、脱炭素技術の開発を推進しています。このセンタ ーを通じて、当社は持続可能な社会の実現に向けた技術革新を加速させ、企業の社会的責任を果たす取り組みを強化 しています。 当連結会計年度におけるグループ全体の研究開発費は1,094百万円であります。各分野での研究開発のトピックスを 下記に記載します。 (1) 熱処理事業 CO ₂ を排出しない電気自動車や燃料電池車向けの高機能材料・機能部品事業領域分野だけでなく、次世代の二次電 池として期待される全固体電池向けの製造装置についても開発を進めており、開発段階～連続処理装置のプロセス提 案に向けて継続して取り組んでおります。 また、自動車業界の製造プロセスで必要とされる金型の長寿命化ニーズに対しては、ガス窒化、ガス軟窒化をはじ め、浸窒焼入、チタン窒化処理が可能なだけでなく、雰囲気ガス発生に伴うエネルギーを40％削減（当社比）、アン モニアガス使用量を30％削減可能な多目的窒化炉を開発し、お客様のニーズにお応えできるよう取り組んでおりま す。 (2) プラント事業 加熱炉のCO ₂ 排出量削減や省エネルギーだけでなく、高品質を実現するために、炉内温度分布の改善や、圧延機の 効率向上に貢献する鋼材の傾斜加熱など、炉内温度を自在に制御する技術の開発に取り組んでいます。その一環とし て、拡散燃焼方式で燃焼するリジェネバーナに火炎長可変機構を設けたバーナおよび制御システムを開発しました。 さらに、火炎を",EQUITY,Industrials,Specialty Industrial Machinery
1,1964,"Chugai Ro Co., Ltd.",水素,GX・エネルギー,82.88,,92.0,98.0,,未確定,C,calculated_ratio_needs_qa,calculated_candidate_only,calculated_ratio_candidate,calculated_same_snippet,https://chugai.co.jp/cms/wp-content/uploads/2026/07/85-1.pdf,"………………………６ （３）四半期連結財務諸表に関する注記事項 …………………………………………………………………７ （継続企業の前提に関する注記） ……………………………………………………………………………７ （株主資本の金額に著しい変動があった場合の注記） ……………………………………………………７ （会計方針の変更に関する注記） ……………………………………………………………………………７ （四半期連結財務諸表の作成に特有の会計処理の適用） …………………………………………………７ （キャッシュ・フロー計算書に関する注記） ………………………………………………………………７ （セグメント情報等の注記） …………………………………………………………………………………８ ３．その他 ……………………………………………………………………………………………………………９ （１）受注及び販売の状況 ………………………………………………………………………………………９ 中外炉工業株式会社(1964) 2027年３月期 第１四半期決算短信 2 １．経営成績等の概況 （１）当四半期連結累計期間の経営成績の概況 当社は、中期経営計画の最終年度である2027年3月期の達成に向け、重点施策を着実に推進しております。第1四半 期の業績は、受注は前年同期比で減少したものの、おおむね想定どおりに推移しました。 当第1四半期連結累計期間においては、引き続き当社グループのエンジニアリングノウハウを活用し、水素・アンモ ニア燃料の熱処理プロセスへの適用、熱処理プロセスの省エネ・電化など、カーボンニュートラルに資する技術提案 を積極的に展開しました。自動車関連電池・モータなどの主要部材製造プロセス用の熱処理設備や半導体関連の機能 材熱処理設備において、当社独自技術に基づく営業活動を継続する一方、顧客ニーズの多様化や製品ライフサイクル の変化に迅速に対応すべく、最新鋭の研究施設である熱技術創造センターを有効活用し、研究開発力の強化および社 内外での共同開発を推進しました。 その結果、受注面につきましては、国内化学向け熱処理設備、電池素材熱処理炉、熱風発生装置、自動車等向け真 空炉、国内鉄鋼向け取鍋予熱装置、燃焼装置などの成約を得て、受注高は前年同期比63.0％の7,383百万円となりまし た。 売上面につきましては、国内非鉄向け加熱炉、鉄鋼向けプロセス設備および排ガス処理設備に加え、機械部品熱処 理設備、機能材火炎内処理設備などの工事が進捗し、売上高は前年同期比96.4％の6,119百万円となりました。 利益面につきましては、人件費や原材料価格の上昇分の適正な価格転嫁および業務効率化を進め、営業損失209百万 円（前年同期は371百万円の損失）、経常損失108百万円（前年同期は252百万円",EQUITY,Industrials,Specialty Industrial Machinery
1,1964,"Chugai Ro Co., Ltd.",設備投資,設備投資・機械,99.38,,82.0,84.0,,未確定,C,calculated_ratio_needs_qa,calculated_candidate_only,calculated_ratio_candidate,calculated_same_snippet,https://chugai.co.jp/cms/wp-content/uploads/2026/06/84q4.pdf,"績に影響 を及ぼす可能性があります。当社グループでは、情報セキュリティにかかる管理規定を整備し、在宅勤務時は専用パ ソコン貸与によるＶＰＮ（仮想専用線）接続で通信の安全性を確保、ファイアウォールの設置など予防措置を図ると ともに、定期的な対応訓練や監査を実施して、リスクの回避、影響の最小化に努めております。 ― 15 ― ４ 【経営者による財政状態、経営成績及びキャッシュ・フローの状況の分析】 当連結会計年度における当社グループ（当社及び連結子会社)の財政状態、経営成績及びキャッシュ・フロー（以 下、「経営成績等」という。）の状況の概要並びに経営者の視点による当社グループの経営成績等の状況に関する 認識及び分析・検討内容は次のとおりであります。 なお、文中の将来に関する事項は、当連結会計年度末現在において判断したものであります。 (1)経営成績の状況の概要及び分析・検討内容 当連結会計年度におけるわが国経済は、米国の関税措置の強化と、それに伴う中国経済の停滞が世界経済全体に 不透明感をもたらしています。さらに、イランをはじめとする中東地域での紛争拡大や地政学的リスクの急激な高 まりにより、原油供給の不安定化やエネルギー価格の急騰が深刻なリスクとなっています。とりわけ、中東情勢の 著しい悪化は原材料価格の高騰を招き、物価上昇圧力を一段と強める要因となっています。 一方で、2050年カーボンニュートラルの目標実現に向けた政策動向や、環境意識の更なる高まりを背景に、脱炭 素化に関連する設備投資は堅調に推移しました。 このような事業環境の中、当社グループは、中期経営計画の重点施策である「カーボンニュートラルへの貢献」 を中心に事業活動を推進し、水素・アンモニア等の次世代燃料の活用や熱処理プロセスの電化・省エネ化に関する 研究開発・設備提案を積極的に進めてまいりました。 その結果、受注面につきましては、国内鉄鋼向け連続焼鈍ライン改造工事や、非鉄向け加熱炉、鉄鋼向け電気炉 ダストリサイクル設備、電気炉用取鍋予熱装置、次世代電池関連熱処理装置、住宅設備部材向け焼成炉などの成約 を得て、受注高は前期比94.0％の37,100百万円となりました。 売上面につきましては、次世代太陽電池製造装置や、電極材料・固体電解質熱処理装置、国内鉄鋼向け加熱炉省 エネ改造工事、脱臭炉、海外向けステンレス製造設備、国立研究開発法人新エネルギー・産業技術総合開発機構 （NEDO）の「グリーンイノベーション基金事業／製造分野における熱プロセスの脱炭素化」案件などの工事が順調 に進捗し、売上高は前期比103.0％の37,332百万円と増加しました。 利益面につきましては、人件費や原材料価格の上昇分の適正な価格転嫁や、調達コストの削減に取り組み、営業 利益は前期比105.3％の2,879百万円、経常利",EQUITY,Industrials,Specialty Industrial Machinery
1,1964,"Chugai Ro Co., Ltd.",鉄鋼,資源・素材,15.77,,92.0,98.0,,未確定,C,calculated_ratio_needs_qa,calculated_candidate_only,calculated_ratio_candidate,calculated_same_snippet,https://chugai.co.jp/cms/wp-content/uploads/2026/07/85-1.pdf,"………………………………………………９ （１）受注及び販売の状況 ………………………………………………………………………………………９ 中外炉工業株式会社(1964) 2027年３月期 第１四半期決算短信 2 １．経営成績等の概況 （１）当四半期連結累計期間の経営成績の概況 当社は、中期経営計画の最終年度である2027年3月期の達成に向け、重点施策を着実に推進しております。第1四半 期の業績は、受注は前年同期比で減少したものの、おおむね想定どおりに推移しました。 当第1四半期連結累計期間においては、引き続き当社グループのエンジニアリングノウハウを活用し、水素・アンモ ニア燃料の熱処理プロセスへの適用、熱処理プロセスの省エネ・電化など、カーボンニュートラルに資する技術提案 を積極的に展開しました。自動車関連電池・モータなどの主要部材製造プロセス用の熱処理設備や半導体関連の機能 材熱処理設備において、当社独自技術に基づく営業活動を継続する一方、顧客ニーズの多様化や製品ライフサイクル の変化に迅速に対応すべく、最新鋭の研究施設である熱技術創造センターを有効活用し、研究開発力の強化および社 内外での共同開発を推進しました。 その結果、受注面につきましては、国内化学向け熱処理設備、電池素材熱処理炉、熱風発生装置、自動車等向け真 空炉、国内鉄鋼向け取鍋予熱装置、燃焼装置などの成約を得て、受注高は前年同期比63.0％の7,383百万円となりまし た。 売上面につきましては、国内非鉄向け加熱炉、鉄鋼向けプロセス設備および排ガス処理設備に加え、機械部品熱処 理設備、機能材火炎内処理設備などの工事が進捗し、売上高は前年同期比96.4％の6,119百万円となりました。 利益面につきましては、人件費や原材料価格の上昇分の適正な価格転嫁および業務効率化を進め、営業損失209百万 円（前年同期は371百万円の損失）、経常損失108百万円（前年同期は252百万円の損失）と、いずれも損失が縮小しま した。一方、前年同期に計上されていた株式売却益がなくなったため、親会社株主に帰属する四半期純損失74百万円 （前年同期は704百万円の利益）となりました。 セグメントごとの経営成績は、次の通りであります。 また、セグメント別の各金額は、セグメント間取引等相殺消去前の金額によっております。 受注高 （百万円） 前年同期 増減率 （％） 売上高 （百万円） 前年同期 増減率 （％） 営業利益 （百万円） 前年同期 増減率 （％） 熱処理事業 3,785 4.3 2,510 △32.7 △422 － プラント事業 2,625 △58.7 3,045 51.5 371 － 開発事業 372 △62.4 176 △36.5 △163 － その他 1,384 △21.7 1,014 △21.7 △27 － ",EQUITY,Industrials,Specialty Industrial Machinery
1,1965,Techno Ryowa Ltd.,建設,不動産・建設,67.07,,90.0,82.0,,未確定,C,calculated_ratio_needs_qa,calculated_candidate_only,calculated_ratio_candidate,calculated_same_snippet,https://www.techno-ryowa.co.jp/cms/wp-content/uploads/2026/08/085ce9bda0ffc191375e50d4d67082dc.pdf,"……………………… 4 (1) 四半期連結貸借対照表 ………………………………………………………………………… 4 (2) 四半期連結損益計算書及び四半期連結包括利益計算書 …………………………………… 6 (3) 四半期連結財務諸表に関する注記事項 ……………………………………………………… 8 (継続企業の前提に関する注記) ……………………………………………………………… 8 (株主資本の金額に著しい変動があった場合の注記) ……………………………………… 8 (セグメント情報等の注記) …………………………………………………………………… 8 (四半期連結キャッシュ・フロー計算書に関する注記) …………………………………… 8 (重要な後発事象) ……………………………………………………………………………… 9 ３．補足情報 ……………………………………………………………………………………………10 事業のセグメント別受注高、売上高及び手持工事高 ………………………………………10 ㈱テクノ菱和(1965) 2027年３月期 第１四半期決算短信 － 2 － １．当四半期決算に関する定性的情報 (1) 経営成績に関する説明 当第１四半期連結累計期間におけるわが国経済は、中東情勢の緊迫化等を背景に先行き不透明感がみられたもの の、世界的なＡＩ需要の拡大を受けて電子部品やデバイスの生産が好調に推移し、個人消費も底堅い状況が続くな ど、景気は緩やかな回復基調で推移いたしました。 建設業界におきましては、公共投資は総じて堅調に推移しており、高水準の企業収益を背景とした設備投資意欲 も引き続き旺盛である一方で、建設資材の供給制約や価格高騰といった懸念もあって、今後の情勢次第では、企業 の設備投資計画が見直される可能性があるなど、引き続き予断を許さない状況が続いております。 このような状況の中、当社グループといたしましては、中長期経営ビジョン「TECHNO RYOWA2032」や中期３か年 事業計画に掲げる各方針を踏まえ、主力分野である産業用空調設備の設計施工を中心に全社としてバランスの取れ た受注を推進するとともに、社員教育や採用活動をはじめとする人的資本への投資の促進、ＣＳＲ活動を通じた社 会への貢献や企業価値の向上に向けた施策等を実施しております。 その結果、当第１四半期連結累計期間における受注高につきましては、前年同四半期比53.3％増加の51,090百万 円(前年同四半期33,326百万円)となりました。これは産業設備工事分野において、半導体及び食品関連の複数の大 型物件を受注したこと、及び一般ビル設備工事分野において、リゾート関連の大型物件を受注したことによるもの であります。 売上高につきましては、前年同四半期比9.1％増加の22,351百万円(前年",EQUITY,Industrials,Engineering & Construction
1,1965,Techno Ryowa Ltd.,省エネ関連,GX・エネルギー,,,92.0,90.0,,未確定,C,revenue_share_unknown,unknown,unknown,,https://www.techno-ryowa.co.jp/,環境のトータルエンジニアリング企業｜株式会社テクノ菱和 TECHNO RYOWA 空気と水の テクノロジー 株式会社テクノ菱和 企業情報 企業情報 トップメッセージ 理念・ビジョン > 企業理念 > 経営ビジョン 会社概要 > 会社概要 > 組織図 > 役員紹介 > 沿革 > 拠点一覧 ひと目でわかる テクノ菱和 トータル エンジニアリング 技術・ソリューション 技術・ソリューション 省エネ・環境対策 クリーンシステム 空調システム リニューアル／メンテナンス 冷熱機器販売 最近の施工事例 湿り空気状態値算出 業務用エアコンの 能力診断 空気線図による 空調機能力の計算 0.1μmの粒子を可視化 みるクリーン（Web 版） 気象データを 空気線図にプロット サステナビリティ サステナビリティ CSR活動への取り組み > 企業倫理行動指針 > テクノ菱和のCSR > マテリアリティ（重要課題） > 社会貢献・地域との共生 > テクノ菱和CSR調達方針 > テクノ菱和グループ 人権方針 > 国連グローバル・ コンパクトへの参加 環境負荷軽減の取り組み > 環境マネジメント > 環境保全の取り組み事例 安心・安全への取り組み > 品質マネジメント > 情報セキュリティ基本方針 ワークライフバランス実現 への取り組み > ワークライフバランス 実現に向けて > キャリアビジョン 統合,EQUITY,Industrials,Engineering & Construction
1,1966,Takada Corporation,半導体製造装置,AI・半導体,,,8.0,5.0,,未確定,C,revenue_share_unknown,unknown,unknown,,,売上構成比を公式資料から数値で確認できず,EQUITY,Industrials,Engineering & Construction
1,1966,Takada Corporation,原子力発電,GX・エネルギー,,,8.0,5.0,,未確定,C,revenue_share_unknown,unknown,unknown,,,売上構成比を公式資料から数値で確認できず,EQUITY,Industrials,Engineering & Construction
1,1966,Takada Corporation,電力設備投資関連,データセンター・電力,,,8.0,5.0,,未確定,C,revenue_share_unknown,unknown,unknown,,,売上構成比を公式資料から数値で確認できず,EQUITY,Industrials,Engineering & Construction
1,1967,Yamato Corporation,下水道,防衛・国土強靱化,,,97.0,89.0,,未確定,C,revenue_share_unknown,unknown,unknown,,,売上構成比を公式資料から数値で確認できず,EQUITY,Industrials,Engineering & Construction
1,1967,Yamato Corporation,建設,不動産・建設,,,94.0,86.0,,未確定,C,revenue_share_unknown,unknown,unknown,,,売上構成比を公式資料から数値で確認できず,EQUITY,Industrials,Engineering & Construction
1,1967,Yamato Corporation,水道関連,防衛・国土強靱化,,,97.0,89.0,,未確定,C,revenue_share_unknown,unknown,unknown,,,売上構成比を公式資料から数値で確認できず,EQUITY,Industrials,Engineering & Construction
1,1968,"Taihei Dengyo Kaisha, Ltd.",再生可能エネルギー,GX・エネルギー,,,92.0,94.0,,未確定,C,revenue_share_unknown,unknown,unknown,,,売上構成比を公式資料から数値で確認できず,EQUITY,Industrials,Engineering & Construction
1,1968,"Taihei Dengyo Kaisha, Ltd.",原子力発電,GX・エネルギー,,,42.0,40.0,,未確定,C,revenue_share_unknown,unknown,unknown,,,売上構成比を公式資料から数値で確認できず,EQUITY,Industrials,Engineering & Construction
1,1968,"Taihei Dengyo Kaisha, Ltd.",耐震化,防衛・国土強靱化,,,8.0,5.0,,未確定,C,revenue_share_unknown,unknown,unknown,,,売上構成比を公式資料から数値で確認できず,EQUITY,Industrials,Engineering & Construction
1,1968,"Taihei Dengyo Kaisha, Ltd.",防災,防衛・国土強靱化,,,8.0,5.0,,未確定,C,revenue_share_unknown,unknown,unknown,,,売上構成比を公式資料から数値で確認できず,EQUITY,Industrials,Engineering & Construction
1,1968,"Taihei Dengyo Kaisha, Ltd.",電力設備投資関連,データセンター・電力,,,42.0,40.0,,未確定,C,revenue_share_unknown,unknown,unknown,,,売上構成比を公式資料から数値で確認できず,EQUITY,Industrials,Engineering & Construction
1,1968,"Taihei Dengyo Kaisha, Ltd.",風力発電,GX・エネルギー,,,66.0,66.0,,未確定,C,revenue_share_unknown,unknown,unknown,,,売上構成比を公式資料から数値で確認できず,EQUITY,Industrials,Engineering & Construction
1,1969,"Takasago Thermal Engineering Co., Ltd.",サーバー冷却,データセンター・電力,,,46.0,34.0,,未確定,C,revenue_share_unknown,unknown,unknown,,,売上構成比を公式資料から数値で確認できず,EQUITY,Industrials,Building Products & Equipment
1,1969,"Takasago Thermal Engineering Co., Ltd.",データセンター,データセンター・電力,,,82.0,74.0,,未確定,C,revenue_share_unknown,unknown,unknown,,,売上構成比を公式資料から数値で確認できず,EQUITY,Industrials,Building Products & Equipment
1,1969,"Takasago Thermal Engineering Co., Ltd.",建設,不動産・建設,,,90.0,82.0,,未確定,C,revenue_share_unknown,unknown,unknown,,,売上構成比を公式資料から数値で確認できず,EQUITY,Industrials,Building Products & Equipment
1,1969,"Takasago Thermal Engineering Co., Ltd.",水素,GX・エネルギー,,,42.0,30.0,,未確定,C,revenue_share_unknown,unknown,unknown,,,売上構成比を公式資料から数値で確認できず,EQUITY,Industrials,Building Products & Equipment
1,196A,"MFS, Inc.",住宅関連,不動産・建設,,,72.0,68.0,,未確定,C,revenue_share_unknown,unknown,unknown,,https://mortgagefss.jp/,「新しい住宅ローン選びの形、ユーザーに常にベストな選択を」 ｜株式会社MFS 新しい住宅ローン選びの形、ユーザーに常にベストな選択を サービス 採用情報 お知らせ 会社概要 投資家情報 ミッション Mission テクノロジーと分析の力でユーザーにパワーを 代表メッセージ 多くの人にとって人生最大の借り入れとなる住宅ローンですが、皆さんは住宅ローンの選択で困ったことはありませんか。今借りている住宅ローンがベストな条件なのか、金利タイプはどれを選べばいいのか、繰上げ返済をした方がいいのか、借り換えしたら得するのか、など住宅ローンについての疑問は尽きないと思います。そのような皆さんの疑問に答えるサービス、真に借手の立場で最適な住宅ローンをアドバイスしてくれるサービスがあればいいと思いませんか。 当社は、長年住宅ローンの証券化などに携わった住宅ローンファイナンス＆アナリティクスのプロフェッショナル集団です。,EQUITY,Financial Services,Mortgage Finance
1,1972,"Sanko Metal Industrial Co., Ltd.",建設,不動産・建設,,,94.0,86.0,,未確定,C,revenue_share_unknown,unknown,unknown,,,売上構成比を公式資料から数値で確認できず,EQUITY,Industrials,Building Products & Equipment
1,1975,"Asahi Kogyosha Co., Ltd.",データセンター,データセンター・電力,,,8.0,5.0,,未確定,C,revenue_share_unknown,unknown,unknown,,https://www.asahikogyosha.co.jp/wp-content/uploads/2026/08/98_1st-quarter-financial-results-appendix.pdf,"34 265 12.8 利益率 5.8% 11.7% 12.0% 0.3pt - 特別損益 △2 △11 0 11 - 親会社株主に帰属する四半期純利益 708 1,390 1,546 156 11.3 利益率 3.8% 7.9% 7.9% 0pt - 2027年3月期 第1四半期 連結決算概要 © ASAHI KOGYOSHA CO.,LTD. 4 ▎ 受注高は、生産環境施設を中心とした旺盛な建設需要を背景に、前年同期を上回る水準。 ▎ 売上高は、複数の高採算大型工事の竣工や手持工事の進捗により、前年同期比で増収。 ▎ 売上総利益以下の各段階利益は、全体的な受注時採算性および工事利益率の向上により、前年同期を上回る水準。 1Qは超大型物件の竣工はなかったものの、竣工件数が多く、竣工に近づくにつれて利益が計上される傾向があることから、高水準の利益を確保。 四半期業績の推移① ▎ 受注高は、データセンター、リゾートホテル、工場、研究施設等の大型受注が相次ぎ、例年の1Qと比べて高水準で推移。 ▎ 売上高は、エネルギー関連工場の竣工や、データセンター工事の進捗等により、例年の1Qを上回る水準。 ▎ 各段階利益は、複数の高採算大型工事の寄与により、例年の1Qを上回る水準で推移。 ▎ 販売費及び一般管理費は、 人件費の増加により増加したものの、売上総利益の増加により吸収 。 5© ASAHI KOGYOSHA CO.,LTD. （単位：百万円） ’25/3期 ’26/3期 ’27/3期 1Q 2Q 3Q 4Q 1Q 2Q 3Q 4Q 1Q 受注高 21,087 16,101 27,813 28,095 31,261 25,105 24,546 35,582 36,232 売上高 18,471 22,031 22,174 29,271 17,677 23,764 27,126 36,255 19,4",EQUITY,Industrials,Engineering & Construction
1,1975,"Asahi Kogyosha Co., Ltd.",半導体製造装置,AI・半導体,38.30,,42.0,40.0,,未確定,C,calculated_ratio_needs_qa,calculated_candidate_only,calculated_ratio_candidate,calculated_same_snippet,https://www.asahikogyosha.co.jp/wp-content/uploads/2026/08/98_1st-quarter-financial-results.pdf,"注記） ………………………………………………………………………………… 7 （四半期連結キャッシュ・フロー計算書に関する注記） ……………………………………………………… 7 ３．補足情報 ………………………………………………………………………………………………………………… 8 （１）連結受注高 ………………………………………………………………………………………………………… 8 （２）個別受注高 ………………………………………………………………………………………………………… 8 独立監査人の四半期連結財務諸表に対する期中レビュー報告書 ……………………………………………………… 9 ○添付資料の目次 - 1 - ㈱朝日工業社(1975) 2027年３月期 第１四半期決算短信 １．経営成績等の概況 （１）当四半期の経営成績の概況 当第１四半期連結累計期間におけるわが国経済は、企業収益や雇用・所得環境の改善、各種政策の効果などに より緩やかな回復基調で推移しました。一方で、中東情勢の長期化による資源価格の高止まり、中国経済の先行 き懸念、米国の政策動向、国内物価の上昇、金融資本市場の変動に伴う影響など、先行きは依然として不透明な 状況が続きました。 当社グループの事業環境は、設備工事事業につきましては、建設投資は堅調に推移しているものの、引き続き 資機材価格の高止まりや労働者不足によるコストの上昇などが懸念される状況が続きました。精密環境制御機器 の製造販売事業につきましては、半導体製造装置向け製品は、ＦＰＤ（フラットパネルディスプレイ）製造装置 向け製品は、一部で生産調整の影響が見られるものの、下半期に受注が回復する見込みです。 こうした経営環境の下で、当社グループは業績の向上に総力を上げて取り組んでまいりました。その結果、当 第１四半期連結累計期間の売上高は19,483百万円（前年同期比10.2％増加）、営業利益は2,205百万円、経常利 益は2,334百万円、親会社株主に帰属する四半期純利益は1,546百万円となりました。 セグメントの業績を示すと次のとおりであります。 （設備工事事業） 売上高 18,668百万円 （ 14.1％） 営業利益 2,242百万円 （ 17.3％） 受注高は35,204百万円で前年同期比17.2％の増加となりました。 売上高は前年同期比14.1％の増加となり、営業利益は売上高の増加及び売上総利益率の改善により、前年同期 より330百万円増加し、2,242百万円となりました。 （機器製造販売事業） 売上高 814百万円 （ △38.4％） 営業損失 37百万円 （ －％） 受注高は1,028百万円で前年同期比15.4％の減少となりました。 売上高は前年同期比38.4％の減少となり、売上総利益率は改善しましたが、売上高の減少",EQUITY,Industrials,Engineering & Construction
1,1975,"Asahi Kogyosha Co., Ltd.",建設,不動産・建設,55.34,,90.0,92.0,,未確定,C,calculated_ratio_needs_qa,calculated_candidate_only,calculated_ratio_candidate,calculated_same_snippet,https://www.asahikogyosha.co.jp/wp-content/uploads/2026/08/98_1st-quarter-financial-results.pdf,"……………………………………………………………… 7 （株主資本の金額に著しい変動があった場合の注記） ………………………………………………………… 7 （継続企業の前提に関する注記） ………………………………………………………………………………… 7 （四半期連結キャッシュ・フロー計算書に関する注記） ……………………………………………………… 7 ３．補足情報 ………………………………………………………………………………………………………………… 8 （１）連結受注高 ………………………………………………………………………………………………………… 8 （２）個別受注高 ………………………………………………………………………………………………………… 8 独立監査人の四半期連結財務諸表に対する期中レビュー報告書 ……………………………………………………… 9 ○添付資料の目次 - 1 - ㈱朝日工業社(1975) 2027年３月期 第１四半期決算短信 １．経営成績等の概況 （１）当四半期の経営成績の概況 当第１四半期連結累計期間におけるわが国経済は、企業収益や雇用・所得環境の改善、各種政策の効果などに より緩やかな回復基調で推移しました。一方で、中東情勢の長期化による資源価格の高止まり、中国経済の先行 き懸念、米国の政策動向、国内物価の上昇、金融資本市場の変動に伴う影響など、先行きは依然として不透明な 状況が続きました。 当社グループの事業環境は、設備工事事業につきましては、建設投資は堅調に推移しているものの、引き続き 資機材価格の高止まりや労働者不足によるコストの上昇などが懸念される状況が続きました。精密環境制御機器 の製造販売事業につきましては、半導体製造装置向け製品は、ＦＰＤ（フラットパネルディスプレイ）製造装置 向け製品は、一部で生産調整の影響が見られるものの、下半期に受注が回復する見込みです。 こうした経営環境の下で、当社グループは業績の向上に総力を上げて取り組んでまいりました。その結果、当 第１四半期連結累計期間の売上高は19,483百万円（前年同期比10.2％増加）、営業利益は2,205百万円、経常利 益は2,334百万円、親会社株主に帰属する四半期純利益は1,546百万円となりました。 セグメントの業績を示すと次のとおりであります。 （設備工事事業） 売上高 18,668百万円 （ 14.1％） 営業利益 2,242百万円 （ 17.3％） 受注高は35,204百万円で前年同期比17.2％の増加となりました。 売上高は前年同期比14.1％の増加となり、営業利益は売上高の増加及び売上総利益率の改善により、前年同期 より330百万円増加し、2,242百万円となりました。 （機器製造販売事業） 売上高 814百万円 （ △38.4％） 営業損失",EQUITY,Industrials,Engineering & Construction
1,1976,"MEISEI INDUSTRIAL Co.,Ltd.",原子力発電,GX・エネルギー,,,82.0,74.0,,未確定,C,revenue_share_unknown,unknown,unknown,,,売上構成比を公式資料から数値で確認できず,EQUITY,Industrials,Engineering & Construction
1,1976,"MEISEI INDUSTRIAL Co.,Ltd.",建設,不動産・建設,,,94.0,86.0,,未確定,C,revenue_share_unknown,unknown,unknown,,,売上構成比を公式資料から数値で確認できず,EQUITY,Industrials,Engineering & Construction
1,1979,Taikisha Ltd.,自動車製造装置,自動車・モビリティ,,,8.0,5.0,,未確定,C,revenue_share_unknown,unknown,unknown,,,売上構成比を公式資料から数値で確認できず,EQUITY,Industrials,Building Products & Equipment
1,197A,"TAUNS Laboratories,Inc.",医薬品関連,医療・ヘルスケア,,,92.0,98.0,,未確定,C,revenue_share_unknown,unknown,unknown,,https://www.tauns.co.jp/,"情報 業績・財務情報 業績・財務ハイライト 株式関連情報 株式関連情報 株式情報 株主還元 株価情報 株主総会 電子公告 株式手続きのご案内 よくあるご質問 用語集 免責事項 IRお問い合わせ IRサイトマップ 研究開発 研究開発トップ 研究開発方針 独自の技術 研究開発体制 サステナビリティ サステナビリティトップ マテリアリティ（重要課題） 環境への取り組み 環境に対する取り組み 社会への取り組み グローバルヘルスへの貢献 責任ある製品・品質とサービスの提供 魅力ある職場環境 社会貢献活動 ガバナンス コーポレート・ガバナンス リスク・コンプライアンス ニュース 企業情報 企業情報トップ CEOメッセージ 経営理念 中期経営計画 タウンズってどんな会社？ コーポレート・ガバナンス 会社概要 組織図 役員紹介 会社沿革 採用情報 お問い合わせ 診断技術で、安心な毎日を。 独自の体外診断用医薬品により 人々の生活に安心と潤いを。 患者さんにやさしい製品を。 重要なお知らせ 【一般の方向け】新型コロナウイルス抗原定性検査キット「イムノエース ® SARS-CoV-2 Ⅱ」「イムノエース ® SARS-CoV-2 Saliva」の使用方法 NEWS すべて ニュースリリース お知らせ 2026年08月26日 ニュースリリース 定款一部変更に関するお知らせ 2026年08月26日 ニュースリリース 監査等委員会設置会社への移行および役員人事に関するお知らせ 2026年08月20日 ニュースリリース Asia Pathogenomics Co., Ltd.との資本業務提携に関するお知らせ 2026年08月18日 ニュースリリース 株式会社タウンズをCo-lead InvestorとするCraif株式会社のシリーズDラウンド実施のお知らせ 2026年08月06日 ニュースリリース ASAG",EQUITY,Healthcare,Medical Instruments & Supplies
1,1980,"Dai-Dan Co., Ltd.",クラウドコンピューティング,デジタル・サービス,,,8.0,5.0,,未確定,C,revenue_share_unknown,unknown,unknown,,,売上構成比を公式資料から数値で確認できず,EQUITY,Industrials,Specialty Industrial Machinery
1,1980,"Dai-Dan Co., Ltd.",サーバー冷却,データセンター・電力,,,42.0,30.0,,未確定,C,revenue_share_unknown,unknown,unknown,,,売上構成比を公式資料から数値で確認できず,EQUITY,Industrials,Specialty Industrial Machinery
1,1980,"Dai-Dan Co., Ltd.",データセンター,データセンター・電力,,,8.0,5.0,,未確定,C,revenue_share_unknown,unknown,unknown,,https://www.daidan.co.jp/wp/wp-content/uploads/2026/08/34bfac8836978e47ea665586f0f984c4.pdf,"アサービス 海外工事  シンガポール  シンガポール支店  DAI-DAN INTERNATIONAL ASIA PTE.LTD.  Presico Engineering Pte. Ltd.  DAI-DAN（THAILAND）Co.,LTD. （単位：百万円） 第1四半期 決算ハイライト 2027年３月期 第１四半期決算 © 2026 DAI-DAN CO.,Ltd. 28,374 64,340 0 30,000 60,000 90,000 120,000 150,000 180,000 FY2023 FY2024 FY2025 FY2026 Q1 FY2025 1Q FY2026 1Q 前期比 産業施設工事 28,374 64,340 35,966 （受注比率%） 42.7% 42.6% ▲ 0.1p 受注工事高 66,492 151,176 84,684 ※工場、研究所、データセンター、物流施設を「産業施設」として区分しています。 11 連結受注工事高の状況：産業施設工事 （単位：百万円）  計画延期となっていた大型のデータセンターや半導体工場等の受注により、前期に比べ大幅に増加しました。  データセンターの受注工事高は、25,759百万円（前期：4,311百万円）となり、大幅に増加しました。  今後とも産業施設工事については、安定的な受注の確保に努めてまいります。 産業施設工事の受注工事高の推移 【参考】四半期の推移 Q2～Q４ Q1 （単位：百万円） 大型のデータセンターや半導体工場の受注により大幅に増加 30,044 35,872 24,051 58,612 2,800 4,101 4,323 5,728 0.0% 20.0% 40.0% 60.0% 0 20,000 40,000 60,000 FY2023 1Q FY2024 1Q FY2025 1Q F",EQUITY,Industrials,Specialty Industrial Machinery
1,1980,"Dai-Dan Co., Ltd.",下水道,防衛・国土強靱化,,,8.0,5.0,,未確定,C,revenue_share_unknown,unknown,unknown,,,売上構成比を公式資料から数値で確認できず,EQUITY,Industrials,Specialty Industrial Machinery
1,1980,"Dai-Dan Co., Ltd.",人工知能,AI・半導体,33.98,,92.0,98.0,,未確定,C,calculated_ratio_needs_qa,calculated_candidate_only,calculated_ratio_candidate,calculated_same_snippet,https://www.daidan.co.jp/wp/wp-content/uploads/2026/08/34bfac8836978e47ea665586f0f984c4.pdf,"2026年 8月5日 2027年３月期 第１四半期決算説明 連結業績サマリー 第1四半期決算ハイライト 2027年３月期通期業績予想 ＜参考＞DATA FILE 目次 2027年３月期 第１四半期決算 連結業績サマリー © 2026 DAI-DAN CO.,Ltd. 33,538 93,824 231,206 351,024 FY2025 1Q FY2026 1Q 10,072 31,731 56,419 119,444 FY2025 1Q FY2026 1Q 444,848百万円（68.0％）期末繰越 工事高 61,601百万円（2.4％）完成工事高 151,176百万円（127.4％） 連結業績サマリー 受注工事高 前年比 前年比 受注工事高 空調衛生工事 電気工事 66,492 151,176 60,147 61,601 営業利益率 大型工事の受注により受注工事高が大幅に増加 空調衛生工事 電気工事 10,932百万円（12.7％）営業利益 前年比 前年比 営業利益 完成工事高 期末繰越工事高 264,744 444,848 空調衛生工事 電気工事 11,497 10,940 48,649 50,661 FY2025 1Q FY2026 1Q 9,703 10,932 16.1% 17.7% FY2025 1Q FY2026 1Q © 2026 DAI-DAN CO.,Ltd. 1,492 完成工事総利益率の 上昇 連結業績サマリー：連結営業利益増減の内訳 5 9,703 営業利益 10,932 営業利益 収益構造の改善が着実に進み前期比で増加  完成工事総利益率は、工事原価の低減策により採算性が改善し、上昇しました。  一般管理費は「従業員数の増加に伴う従業員給料」、「研究開発」等の費用により、増加しました。 （単位：百万円） 増加 減少 353 完成工事高の増加 FY2026 Q1 FY2025 Q１ ▲616 一般管理費の増加 © 2026 DAI-DAN CO.,Ltd. 連結業績サマリー：完成工事・営業利益および利益率の推移 6 FY2025 1Q FY2026 1Q 増減 完成工事総利益 14,610 16,454 1,844 完成工事総利益率(%) 24.3% 26.7% 2.4p 営業利益 9,703 10,932 1,228 営業利益率(%) 16.1% 17.7% 1.6p 完成工事総利益 営業利益 完成工事総利益率 営業利益率 工事原価の低減策及び価格転嫁により利益率は上昇傾向 完成工事・営業利益および利益率の推移 （単位：百万円）  施工段階において、プレハブ・ユニット加工のためのオフサイト施設を 活用したフロントローディングや、バックオフィスからの現場サポートによ る施工プロセスの高度化が定着しつつあり、これらが工事原価",EQUITY,Industrials,Specialty Industrial Machinery
1,1980,"Dai-Dan Co., Ltd.",受変電設備,データセンター・電力,,,8.0,5.0,,未確定,C,revenue_share_unknown,unknown,unknown,,,売上構成比を公式資料から数値で確認できず,EQUITY,Industrials,Specialty Industrial Machinery
1,1980,"Dai-Dan Co., Ltd.",建設,不動産・建設,93.84,,42.0,30.0,,未確定,C,calculated_ratio_needs_qa,calculated_candidate_only,calculated_ratio_candidate,calculated_same_snippet,https://www.daidan.co.jp/wp/wp-content/uploads/2026/08/34bfac8836978e47ea665586f0f984c4.pdf,"Y2026 1Q © 2026 DAI-DAN CO.,Ltd. 1,492 完成工事総利益率の 上昇 連結業績サマリー：連結営業利益増減の内訳 5 9,703 営業利益 10,932 営業利益 収益構造の改善が着実に進み前期比で増加  完成工事総利益率は、工事原価の低減策により採算性が改善し、上昇しました。  一般管理費は「従業員数の増加に伴う従業員給料」、「研究開発」等の費用により、増加しました。 （単位：百万円） 増加 減少 353 完成工事高の増加 FY2026 Q1 FY2025 Q１ ▲616 一般管理費の増加 © 2026 DAI-DAN CO.,Ltd. 連結業績サマリー：完成工事・営業利益および利益率の推移 6 FY2025 1Q FY2026 1Q 増減 完成工事総利益 14,610 16,454 1,844 完成工事総利益率(%) 24.3% 26.7% 2.4p 営業利益 9,703 10,932 1,228 営業利益率(%) 16.1% 17.7% 1.6p 完成工事総利益 営業利益 完成工事総利益率 営業利益率 工事原価の低減策及び価格転嫁により利益率は上昇傾向 完成工事・営業利益および利益率の推移 （単位：百万円）  施工段階において、プレハブ・ユニット加工のためのオフサイト施設を 活用したフロントローディングや、バックオフィスからの現場サポートによ る施工プロセスの高度化が定着しつつあり、これらが工事原価の低 減に貢献しています。  近年の建設工事の大型化を背景に、事業所間で流動的に人員を 配置し、全社的なバックアップ体制を通じて、施工体制を構築してお ります。  人件費や資機材価格の高騰に対する価格転嫁が進み、利益率は 上昇しております。 各種施策 （単位：百万円） 5,731 14,610 16,454 1,725 9,703 10,932 12.9% 24.3% 26.7% 3.9% 16.1% 17.7% 0.0% 5.0% 10.0% 15.0% 20.0% 25.0% 30.0% 0 3,000 6,000 9,000 12,000 15,000 18,000 FY2024 1Q FY2025 1Q FY2026 1Q © 2026 DAI-DAN CO.,Ltd. FY2026 Q1 7 連結業績サマリー 連結経営指標等（財政状態）の概要 固定資産 564 資本 (純資産) 1,328 うち自己資本 1,304 総資産 2,320億円 FY2025 FY2026 1Q 増減 1株当たり純資産(BPS) 1,008.47円 1,006.71円 ▲1.76円 株価純資産倍率(PBR) 2.60倍 2.85倍 － 1株当たり純利益(EPS) 53.51円 50.79円 ▲2.72円 自己資本比率 56.2% ",EQUITY,Industrials,Specialty Industrial Machinery
1,1980,"Dai-Dan Co., Ltd.",水道関連,防衛・国土強靱化,,,8.0,5.0,,未確定,C,revenue_share_unknown,unknown,unknown,,,売上構成比を公式資料から数値で確認できず,EQUITY,Industrials,Specialty Industrial Machinery
1,1981,"Kyowanissei Co.,Ltd.",水道関連,防衛・国土強靱化,99.03,,92.0,84.0,,未確定,C,calculated_ratio_needs_qa,calculated_candidate_only,calculated_ratio_candidate,calculated_same_snippet,https://www.kyowa-nissei.co.jp/ir/event/pdf/01/202604.pdf,"計金額には外部顧客に対する工材販売手数料等の金額（2024年度69百万円）を含めております。 建築設備 ガス・機器設備 ガス導管 電設・土木 【セグメント別売上高】 （百万円） 建築設備事業の牽引で売上高は前期比5.3%増加。他方でガス導管事業、電設・土木事業における低利益率物件の完成 増加、販売費および一般管理費増加等で、営業利益・経常利益は減少。最終利益は賃上げ税制の優遇措置適用で増加。 4 決算のポイント 売上高の増減 前期比+1,968百万円 ※1）ガスヒートポンプエアコン ※2）排水管ライニング工事を含めた改修工事 ※3）緑化散水設備工事およびクラブハウス等の設備工事 ガス・機器設備事業 前期比+1,388百万円 建築設備事業 前期比+1,949百万円 東京ガスネットワーク株式会社における工事内 容や施工エリアの特性が変化したことなどを背 景に、同社の設備投資計画に伴う工事の完成が 減少。 ガス導管事業 前期比▲1,340百万円 ゴルフ場のイリゲーション工事※3において、複 数の大規模物件が完成。 電設・土木事業 前期比▲25百万円 給排水衛生設備工事やGHP※1工事の受注が好調。 工場営繕工事での大規模物件の完成が増加。 GHPメンテナンスにおいて大規模な修繕工事が 完成。リノベーション工事※2も順調に推移。 ガス設備工事や集合住宅の給湯・暖房工事にお いて、受注が好調に推移。 取引先の着工数減少の影響を受けていた⼾建住 宅の給排水設備工事が回復基調。 一方で、東京都水道局関連工事の受注が低調で あった影響で減収。 5 決算のポイント 【主なポイント】 経常利益の増減 前期比▲47百万円 材料費の増加に加え、ベースアップ等による人件費の増加や、新基幹システム導入に伴うシステム関連 費用の増加。 人的資本投資は、採用強化に伴う採用関連費用が増加した一方で、前年度に計上していた人的資本プロ ジェクトに係るコンサルティング費用が減少したことにより、増減額は概ね相殺。 これらの結果、経常利益は前年同期比で微減。 1,674 ▲ 1,634 ▲ 358 ▲ 110 87 1,627 1,968 2024年度 経常利益 売上高の増加 現場材料費等 の増加 従業員の人件費 の増加 システム 関連費用の増加 その他 2025年度 経常利益 0 1000 2000 3000 4000 6  流動資産 現金及び預金 +404百万円 完成工事未収入金及び契約資産 +540百万円 未成工事支出金 ▲780百万円 貸借対照表（要約） 前期比2025年度末2024年度末 資産の部 +45517,45817,002流動資産 +87812,23311,355固定資産 ▲1875,9726,160有形固定資産 ▲89387477無形固定資産 +1,1555,8734,718投資",EQUITY,Industrials,Building Products & Equipment
1,1982,"Hibiya Engineering, Ltd.",サーバー冷却,データセンター・電力,,,42.0,40.0,,未確定,C,revenue_share_unknown,unknown,unknown,,,売上構成比を公式資料から数値で確認できず,EQUITY,Industrials,Engineering & Construction
1,1982,"Hibiya Engineering, Ltd.",データセンター,データセンター・電力,70.00,87.5,92.0,90.0,89.2,主力テーマ,B,explicit_ratio_needs_qa,revenue_share_v4_candidate,explicit_ratio_candidate,explicit_percent,https://www.hibiya-eng.co.jp/ja/ir/news/auto_20260806511695/pdfFile.pdf,26/6 73 39 30 21 71 45 33 16 116 36 392 14 0 100 200 300 400 500 ＮＴＴグループ 官公庁 民間 その他 2024/6 2025/6 2026/6 3 受注高 顧客別/分野別（連結） （単位：億円） （単位：億円）顧客別（連結） 分野別（連結） ◼ 「民間」は、大型データセンター案件等の受注により、対前年同期で大幅に増加。 ◼ 結果、受注高における「民間」の構成比は70.0%と大きく増加。 ◼ 「空調」「衛生」「電気」各分野とも大きく増加。 ◼ 特に大型データセンター案件受注に伴う「電気」の増加が顕著。 42.5% 27.1% 20.2% 10.2% ※連結子会社分 ※ ※ ※ ※ 20.9% 6.6% 70.0% 2.5% ＮＴＴグループ 官公庁 民間 その他 2025/6 2026/6 2025/6 2026/6 38.4% 24.4% 34.7% 2.5% 空調 衛生 電気 その他 58 41 4 33 1 4 52 42 6 6 0 40 419 33 30 26 35 0 0 100 200 300 400 500 データセンター/情報 オフィス 生産/物流 教育/ヘルスケア ホテル/リゾート その他 2024/6 2025/6 2026/6 4 受注高 建物用途別/新築・リニューアル別（単体） （単位：億円） （単位：億円）建物用途別（単体） 新 築 ・ リ ニ ュ ー ア ル 別 （ 単 体 ） ◼ 大型データセンター案件の受注により、「データセンター/情報」の構成比が 76.7%まで増加。 ◼ 「ホテル/リゾート」「教育/ヘルスケア」「生産/物流」でも受注あり、対前年同期で増加。 ◼ 「リニューアル」は、データセンターフィットアウト工事案件の大口受注により、 対前年同期で大幅に増加。 ◼ 「ホテル/リゾート」等の「新築」案件も対前年同期で増加したため、 構成比は同水準で推移。 34 110 25 124 91 455 0 100 200 300 400 500 新築 リニューアル 2024/6 2025/6 2026/6 16.9% 83.1% 16.8% 83.2% 新築 リニューアル 2025/6 2026/6 2025/6 2026/6 35.0% 28.2%4.6% 4.6% 0.3% 27.3% 76.7% 6.1% 5.5% 4.9%6.5% 0.3% 2026/6 データセンター/情報 オフィス 生産/物流 教育/ヘルスケア ホテル/リゾート その他 86 45 23 19 101 41 31 16 96 43 25 12 0 20 40 60 80 100 120 空調 衛生 電気 その他 2024/6 2025/6 2026/6 68 6 81 19 69 16 ,EQUITY,Industrials,Engineering & Construction
1,198A,PostPrime Inc.,サブスクリプション,デジタル・サービス,,,8.0,5.0,,未確定,C,revenue_share_unknown,unknown,unknown,,,売上構成比を公式資料から数値で確認できず,EQUITY,Technology,Software - Application
1,1992,"Kanda Tsushinki Co., Ltd.",人工知能,AI・半導体,,,72.0,68.0,,未確定,C,revenue_share_unknown,unknown,unknown,,https://www.kandt.co.jp/,"幅広い貸付事業をまとめて管理～ここる機能ご紹介②貸付金 社会福祉協議会様の情報共有を進めませんか？～ここる機能ご紹介①総合情報 そのPDF、提出前に要チェック！！ Web会議とは？メリットからデメリットまで徹底解説！！ 【ここる】お客様の声をご紹介 vol.2 電話応対マニュアルを公開 企業の事業再構築を支援！中小企業等事業再構築促進事業のご紹介 BCP対策、こんな目線で見直しませんか。 テレワークに必要なものって何？簡単に安く導入する3つの方法 こんなはずじゃなかったー！！サーマルカメラきちんと使えていますか？ テレワークにチャレンジ‼ ～人材確保等支援助成金～ PPAPって何？政府も廃止する危なすぎる理由とは… テレワーク中の電話対応どうする？解決方法を3つ大公開！ 超初級編！！どこから始めればいいの！？テレワーク 【ここる】お客様の声をご紹介 vol.1 声がリモコンになる。音声・AI制御システム「ツイートREMO」 【超基本】感染予防・拡大防止に不可欠なモノたち どうする？これからの健康管理～企業がやるべきこと～ クラウドPBXとは？仕組みやメリット・デメリットまで徹底解説！ MORE 会社情報 COMPANY MORE 投資家情報 INVESTOR RELATIONS MORE 採用情報 RECRUIT MORE ご質問・ご相談に関しては こちらからお問い合わせください。 お問い合わせ 公式アカウント Youtubeチャンネル メールマガジン サイトご利用条件 個人情報保護方針 情報セキュリティ基本方針 サイトマップ © Kanda Tsushinki Co., Ltd. 1996",EQUITY,Technology,Communication Equipment
1,1994,Takahashi Curtain Wall Corporation,建設,不動産・建設,92.41,,90.0,82.0,,未確定,C,calculated_ratio_needs_qa,calculated_candidate_only,calculated_ratio_candidate,calculated_same_snippet,https://t-cw.co.jp/wp/wp-content/uploads/2025/11/8366a5c664c8eebff4aef66cb6309178.pdf,……………………………………………………３ （２）四半期連結損益計算書及び四半期連結包括利益計算書 ………………………………………………５ 四半期連結損益計算書 …………………………………………………………………………………………５ 第３四半期連結累計期間 ……………………………………………………………………………………５ 四半期連結包括利益計算書 ……………………………………………………………………………………６ 第３四半期連結累計期間 ……………………………………………………………………………………６ （３）四半期連結財務諸表に関する注記事項 …………………………………………………………………７ （継続企業の前提に関する注記） ……………………………………………………………………………７ （株主資本の金額に著しい変動があった場合の注記） ……………………………………………………７ （キャッシュ・フロー計算書に関する注記） ………………………………………………………………７ （セグメント情報等） …………………………………………………………………………………………７ 高橋カーテンウォール工業株式会社(1994) 2025年12月期 第３四半期決算短信 ― 2 ― １．当四半期決算に関する定性的情報 （１）経営成績に関する説明 当第3四半期連結累計期間における日本経済は、ロシア・ウクライナ戦争やイスラエル・ハマス戦争の長期化の影 響や円安継続により、コスト上昇が続いており、そこに建設業、運輸業の働き方改革による労働力不足の深刻度が 急速に増して、インフレが加速しました。 このような状況の下、当建設業界におきましては、ゼネコン及びその協力会社である当社は資材高、人手不足に よるコストアップを反映した見積もりを出さざるを得ず、その結果、延期もしくは見直しされる開発案件が続出し ました。また、働き方改革により、ゼネコンが処理できるキャパシティーが減ったため、建設業施工総量が減少し ています。それらの影響で、当社の工場稼働率は昨年に比べて低下し、売上、利益ともに減少しました。 プールを手掛けるアクア事業では、引き続き主力である学校プール新設に加え、老朽化したプール施設のリニュ ーアル工事等の拡大を図っております。インバウンド復活でホテルのプールが増加傾向にあります。 この結果、当第3四半期連結累計期間における当社企業グループの業績は売上高51億79百万円(前年同四半期比 25.6%減)、営業損失35百万円(前年同四半期は4億57百万円の営業利益)、経常利益17百万円(前年同四半期比96.7% 減)、親会社株主に帰属する四半期純損失14百万円(前年同四半期は3億26百万円の親会社株主に帰属する四半期純 利 益)となりました。なお、 受注高は55億8百万円 （前年同四半,EQUITY,Industrials,Building Products & Equipment
1,1997,"Akatsuki Eazima Co., Ltd.",下水道,防衛・国土強靱化,,,58.0,46.0,,未確定,C,revenue_share_unknown,unknown,unknown,,,売上構成比を公式資料から数値で確認できず,EQUITY,Industrials,Engineering & Construction
1,1997,"Akatsuki Eazima Co., Ltd.",水道関連,防衛・国土強靱化,,,86.0,78.0,,未確定,C,revenue_share_unknown,unknown,unknown,,,売上構成比を公式資料から数値で確認できず,EQUITY,Industrials,Engineering & Construction
1,2001,Nippn Corporation,バイオテクノロジー関連,医療・ヘルスケア,,,58.0,58.0,,未確定,C,revenue_share_unknown,unknown,unknown,,,売上構成比を公式資料から数値で確認できず,EQUITY,Consumer Defensive,Packaged Foods
1,2001,Nippn Corporation,円高メリット,内需・消費,,,8.0,5.0,,未確定,C,macro_sensitivity_required,macro_unknown,unknown,,,売上構成比を公式資料から数値で確認できず,EQUITY,Consumer Defensive,Packaged Foods
1,2001,Nippn Corporation,食品,内需・消費,0.06,,97.0,100.0,,未確定,C,calculated_ratio_needs_qa,calculated_candidate_only,calculated_ratio_candidate,calculated_same_snippet,https://www.nippn.co.jp/ir/ir_news/detail/__icsFiles/afieldfile/2022/05/16/20220516.pdf,"69 その他の項目 減価償却費 3,874 4,947 8,822 1,148 9,970 261 10,232 有形固定資産及び無形 固定資産の増加額 2,380 7,992 10,373 1,193 11,566 42 11,608 （注） １． 「その他」 の区分は、 報告セグメントに含まれない事 業セグメントであり、 ペットフー ド、 健康食品類、 エン ジニアリング、不動産賃貸等を含んでおります。 ２．セグメント利益の調整額４百万円は、セグメント間取引消去額と全社費用が含まれております。 ３． セグメント資産の調整額に含 めた全社資産の金額は66,402百万円であり、 その主なものは、 当 社での余資運 用資金（現金及び預金、有価証券） 、管理部門に係る有形固定資産であります。 ４． 有形固定資産及び無形固定資産の増加額の調整額42 百万円は、 主に管理部門の設備投資額及び セグメント間 の取引消去によるものであります。 ５．セグメント利益は、連結財務諸表の営業利益と調整を行っております。 ６．減価償却費、有形固定資産及び無形固定資産の増加額には、長期前払費用の増加額と同費用に係る償却額が 含まれております。 ７．セグメントに対する固定資産の配分基準と関連する減価償却費の配分基準が異なっております。 [訂正後] 当連結会計年度（自 2021年４月１日 至 2022年３月31 日） （単位：百万円） 報告セグメント その他 合計 調整額 連結 財務諸表 計上額 製粉事業 食品事業 計 売上高 顧客との契約から生じ る収益 96,934 185,865 282,800 37,516 320,316 － 320,316 その他の収益 － 46 46 954 1,000 － 1,000 外部顧客への売上高 96,934 185,911 282,846 38,471 321,317 － 321,317 セグメント間の内部売上高 又は振替高 2,060 606 2,667 2,391 5,058 △5,058 － 計 98,995 186,518 285,513 40,862 326,376 △5,058 321,317 セグメント利益 6,211 4,068 10,280 996 11,277 4 11,282 セグメント資産 109,620 125,667 235,287 23,713 259,001 66,867 325,869 その他の項目 減価償却費 3,193 5,449 8,643 1,199 9,842 390 10,232 有形固定資産及び無形 固定資産の増加額 2,109 8,095 10,205 1,193 11,398 210 11,608 （注） １． 「その他」 の区分は、 報告セグメントに含まれない事 業セグメントであり、 ペット",EQUITY,Consumer Defensive,Packaged Foods
1,2002,Nisshin Seifun Group Inc.,円高メリット,内需・消費,,,8.0,5.0,,未確定,C,macro_sensitivity_required,macro_unknown,unknown,,,売上構成比を公式資料から数値で確認できず,EQUITY,Consumer Defensive,Packaged Foods
1,2002,Nisshin Seifun Group Inc.,機械,設備投資・機械,,,8.0,5.0,,未確定,C,revenue_share_unknown,unknown,unknown,,,売上構成比を公式資料から数値で確認できず,EQUITY,Consumer Defensive,Packaged Foods
1,2002,Nisshin Seifun Group Inc.,食品,内需・消費,,,94.0,86.0,,未確定,C,revenue_share_unknown,unknown,unknown,,https://www.nisshin.com/,日清製粉グループ 日清製粉グループ 健康と信頼をお届けする ニュースリリース 商品情報 採用情報 お問い合わせ English グループについて グループ について 社長メッセージ 経営理念 会社概要 長期ビジョン 中期経営計画２０２６ グローバル展開 DXへの取組み 数字で見る日清製粉グループ 価値創造の歩み 沿革 NISSHIN Stories ビジョンムービー グループ企業一覧 株式会社日清製粉グループ本社 日清製粉株式会社 株式会社日清製粉ウェルナ オリエンタル酵母工業株式会社 トオカツフーズ株式会社 日清エンジニアリング株式会社 株式会社NBCメッシュテック 事業紹介 事業紹介 製粉事業 加工食品事業 酵母・健康・バイオ事業 中食・惣菜事業 エンジニアリング事業 メッシュクロス事業 研究開発 研究開発 研究開発領域 研究開発体制 研究成果 学会発表・論文リスト・受賞歴 もっと知る：小麦の栄養と機能 もっと知る：毎日の食事を通じて～小麦粉のひみつ～ もっと知る：おいしさの技術 安全・安心 安全・安心 当社グループの主なマネジメントシステム取得一覧 IR情報 IR情報 IRニュース 経営方針 個人投資家の皆様へ IR資料室 業績・財務情報 株主・株式情報 IRスケジュール 電子公告 よくあるご質問 サステナビリティ サステナビリティ 社長メッセージ 日清製粉グループのサステナビリティ 環境 人と社会 ガバナンス サステナビリティの歩み ESGデータブック GRIスタンダード対照表 消費者志向の取組み実績 編集方針 レシピ・エンタメ レシピ・エンタメ レシピ CM こむぎ粉くらぶ 小麦粉,EQUITY,Consumer Defensive,Packaged Foods
1,2003,"Nitto Fuji Flour Milling Co.,Ltd.",外食,内需・消費,,,66.0,56.0,,未確定,C,revenue_share_unknown,unknown,unknown,,,売上構成比を公式資料から数値で確認できず,EQUITY,Consumer Defensive,Farm Products
1,2003,"Nitto Fuji Flour Milling Co.,Ltd.",食品,内需・消費,,,90.0,82.0,,未確定,C,revenue_share_unknown,unknown,unknown,,,売上構成比を公式資料から数値で確認できず,EQUITY,Consumer Defensive,Farm Products
1,2036,NEXT NOTES Nikkei-TOCOM Leveraged Gold ETN,金,資源・素材,,,100.0,100.0,,未確定,C,non_operating_security,non_operating_security,non_operating_security,,,事業会社ではないため売上構成比の対象外,ETF,,
1,2037,NEXT NOTES Nikkei-TOCOM Inverse Gold ETN,金,資源・素材,,,100.0,100.0,,未確定,C,non_operating_security,non_operating_security,non_operating_security,,,事業会社ではないため売上構成比の対象外,ETF,,
1,2053,"Chubu Shiryo Co., Ltd.",円高メリット,内需・消費,,,8.0,5.0,,未確定,C,macro_sensitivity_required,macro_unknown,unknown,,,売上構成比を公式資料から数値で確認できず,EQUITY,Consumer Defensive,Packaged Foods
1,2058,,食品,内需・消費,,,8.0,5.0,,未確定,C,revenue_share_unknown,unknown,unknown,,,会社公式サイトURL未取得,,,
1,205A,Logos Holdings Inc.,住宅関連,不動産・建設,,,94.0,86.0,,未確定,C,revenue_share_unknown,unknown,unknown,,https://logos-holdings.jp/,企業情報 事業内容 最新情報 サステナビリティ 採用情報 IR情報 資料請求 JP EN お問い合わせ NEWS 2026.08.19 新着情報 【住宅情報サイト『SUUMOジャーナル』】「TOPインタビュー」に当社の記事が掲載されました 2026.07.01 プレスリリース 【ロゴスHD】帯広市で全83区画の大規模造成地の第1弾分譲を開始 2026.06.16 その他 【登壇情報】2026年8月20日開催 JGBA主催イベントに、当社代表取締役社長の池田が登壇 お知らせ一覧 家づくりで 幸せな家庭を世の中に増やす。 私たちのミッションは「家づくり」を通して、 幸せな暮らしを⼀軒でも多くのご家庭にお届けし、 感動していただくこと。 ひとりひとりのスタッフが このミッションを理解して発信、 ⾏動できる住宅会社を⽬指しています。 BUSINESS 事業内容 注文住宅販売 「北海道品質。北海道価格。」をコンセプトに、どこにもまねのできない発想力と行動力で「十勝型住宅」をより多くのご家族にお届けしています。 「理想の住まいを納得できる価格でつくる,EQUITY,Consumer Cyclical,Residential Construction
1,205A,Logos Holdings Inc.,建設,不動産・建設,,,72.0,68.0,,未確定,C,revenue_share_unknown,unknown,unknown,,https://logos-holdings.jp/,ベントに、当社代表取締役社長の池田が登壇 お知らせ一覧 家づくりで 幸せな家庭を世の中に増やす。 私たちのミッションは「家づくり」を通して、 幸せな暮らしを⼀軒でも多くのご家庭にお届けし、 感動していただくこと。 ひとりひとりのスタッフが このミッションを理解して発信、 ⾏動できる住宅会社を⽬指しています。 BUSINESS 事業内容 注文住宅販売 「北海道品質。北海道価格。」をコンセプトに、どこにもまねのできない発想力と行動力で「十勝型住宅」をより多くのご家族にお届けしています。 「理想の住まいを納得できる価格でつくるために」。 北海道の中心「札幌」の注文住宅会社として住宅戸数・満足度ともにナンバーワンの評価を受けています。 栃木県でデザイン注文住宅を手掛ける工務店「栃木建築社」を運営。こんな時代だからこそ、お客様に“密着”した家づくりをしようと思います。 新潟で約80年前に創業した坂井建設の住宅事業部【ディテールホーム】では、年間250棟を超えるデザイン注文住宅を提供しています。 DX支援事業 オフショア開発事業 RECRUIT 採用情報 まだない未来に、感動を ロゴスホールディングスのグループ企業の採用情報をお知らせします。 詳しく見る 企業情報 サステナビリティ 株式会社ロゴスホールディングス 企業情報 理念 トップメッセージ 会社概要・沿革 グループ企業 事業内容 最新情報 サステナビリティ 環境 社会 ガバナンス 採用情報 ロゴスホーム 新卒採用 豊栄建設 新卒採用 ギャラリーハウス 新卒採用 中途採用 IR情報 経営成績 業績・財務状態 IRライブラリ 株式情報 その他IR情報 電子公告 資料請求 お問合わせ プライバシーポリシー サイトマップ ©︎LOGOS HOLDINGS.,EQUITY,Consumer Cyclical,Residential Construction
1,205A,Logos Holdings Inc.,建設DX,不動産・建設,,,8.0,5.0,,未確定,C,revenue_share_unknown,unknown,unknown,,,売上構成比を公式資料から数値で確認できず,EQUITY,Consumer Cyclical,Residential Construction
1,2060,"Feed One Co.,Ltd.",円高メリット,内需・消費,,,8.0,5.0,,未確定,C,macro_sensitivity_required,macro_unknown,unknown,,,売上構成比を公式資料から数値で確認できず,EQUITY,Consumer Defensive,Packaged Foods
1,206A,"PRISM BioLab Co.,LTD",バイオテクノロジー関連,医療・ヘルスケア,,,94.0,100.0,,未確定,C,revenue_share_unknown,unknown,unknown,,,売上構成比を公式資料から数値で確認できず,EQUITY,Healthcare,Biotechnology
1,206A,"PRISM BioLab Co.,LTD",創薬,医療・ヘルスケア,,,94.0,100.0,,未確定,C,revenue_share_unknown,unknown,unknown,,https://prismbiolab.com/,PRISM BioLab - 細胞膜の向こう側にひろがるフロンティアへ。 News IR About Careers Contact EN JP Team Technology PepMetics®コア技術 拡張する 計算する 選定する 評価する 出版物・特許 Pipeline Blog EN JP × About Technology News Pipeline IR Blog Careers Contact 細胞膜の 向こう側にひろがる フロンティアへ。 わたしたちは独自の PepMetics®技術で あたらしい薬を届けていく News IR 一覧へ News 一覧へ 2026年09月01日 プレスリリース ウェブサイトリニューアルプレスリリースのお知らせ 2026年08月25日 お知らせ LINK-J シンポジウム「創薬のフロンティア 2026」イベントレポート公開のお知らせ 2026年08月13日 お知らせ ホームページリニューアルのお知らせ 細胞膜の向こうにひろがる フロンティア 体の中では無数の細胞の中で起こるタンパク・タンパク結合（PPI）。 情報伝達や、物質のやりとりも含め重要な役割を担い、 ひとたび不具合が起こるとさまざまな疾患を引き起してしまいます。 これまでに疾患をひきおこす細胞膜の中での結合を 別の化合物でタンパク質に擬態し ブロックする可能性が探られてきました。 が、そもそも低分子でなければ細胞膜に入り込めない。 そしてタンパク質に擬態し 強く結合をブロックできる低分子構造をつくることが難しく、 創薬ターゲットになりえませんでした。 PepMetics®技術で あたらしい薬を届けていく。 詳しく見る 細胞膜の向こうに広がるフロンティア。 そのフロンティアで新しい薬をつぎつぎとつくりだす,EQUITY,Healthcare,Biotechnology
1,206A,"PRISM BioLab Co.,LTD",医薬品関連,医療・ヘルスケア,,,97.0,100.0,,未確定,C,revenue_share_unknown,unknown,unknown,,https://prismbiolab.com/,い。 そしてタンパク質に擬態し 強く結合をブロックできる低分子構造をつくることが難しく、 創薬ターゲットになりえませんでした。 PepMetics®技術で あたらしい薬を届けていく。 詳しく見る 細胞膜の向こうに広がるフロンティア。 そのフロンティアで新しい薬をつぎつぎとつくりだす創薬基盤、 それがPRISMBioLabが開発したPepMetics技術です。 タンパク結合面の６割に関与しているヘリックス構造を 高い精度で再現。 さらに複数のヘリックス構造を模倣した骨格と アミノ酸側鎖を組み合わせることで 億単位の組み合わせを作り出すことができるようになりました。 この技術で細胞膜の向こう側で起こる疾患を引き起こす さまざまなタンパク結合をブロックできる低分子化合物を つくりだす道がついに拓けたのです。 PepMetics®化合物 About us わたしたち PRISM BioLab は、製薬会社・バイオテック・研究者のみなさまと共に、このフロンティアを開拓し、世界へ希望を届けます。 詳しく見る Business model 自社開発事業 自社で創薬標的を選定し臨床化合物を開発してライセンス 共同開発事業 パートナー（製薬会社）の創薬標的に対し、PepMeticsを活用して臨床化合物を探索してライセンス Page Top About ごあいさつ わたしたちのミッション ビジネスモデル 会社概要 アクセスマップ Technology PepMetics®コア技術 PepMetics®ライブラリー 独自の合成基盤 in Silico 創薬技術 AI 創薬への取り組み 創薬標的の設定 メニュー項目 ライブラリー化合物のハイスループット評価 薬効薬理評価 標的タンパク質への結合解析 出版物・特許 技術ブログ Teams Management Team Team Members Scie,EQUITY,Healthcare,Biotechnology
1,208A,KOZO KEIKAKU ENGINEERING HOLDINGS Inc.,IT関連,デジタル・サービス,,,58.0,54.0,,未確定,C,revenue_share_unknown,unknown,unknown,,https://www.kke-hd.co.jp/cms/uploads/2026/08/explanation_20260821.pdf,"ィング ⚫ 日本の顧客特有のニーズ に対応した機能開発 https://www.kke-hd.co.jp/ Copyright© KOZOKEIKAKU ENGINEERING HOLDINGS Inc. All Rights Reserved. 50 NavVis 2013年 NavVis ミュンヘン工科大学の 研究プロジェクトから誕生 2015年～業務提携 「NavVis」 日本展開開始 2018年～ 資本参加 2022年～ 出向 自動車・製造業： 最新のデジタルデータを活用した製造ライン の検討 プラント・化学業界： 現場のデジタルデータを活用した遠隔での 維持管理支援 建設・測量業界：BIMデータと点群データを 活用した施工管理の省人化 累計出資額：2,150万€ 独NavVis社同様、 フィジカル AI等の活用 を促進していく （今後の予定） 10月16日 NavVis Summit https://www.kke-hd.co.jp/ Copyright© KOZOKEIKAKU ENGINEERING HOLDINGS Inc. All Rights Reserved. 51 NavVis NavVis社のシリーズD資金調達完了と株式転換により第3位株主へ。フィジカル AI領域への進化とグローバル展開を加速 シリーズD完了と株式転換 今後の展開 1. 米国大手PE（TJC）がリー ド投資。NavVis社の事業性 が評価された 2. 2025年拠出資金（750万 €）の株式転換により、KKE はNavVis社の第3位株主へ • フィジカルAI等への対応加速の ため、次世代インフラ、AIレイヤ ーの強化 • 米国展開強化 • AI技術を活用した空間データの 利活用の拡大 • 日本企業のグローバル展開強化 • 8,500万ドルのシリーズD完了 グローバルなオープンプラット",EQUITY,Industrials,Engineering & Construction
1,208A,KOZO KEIKAKU ENGINEERING HOLDINGS Inc.,クラウドコンピューティング,デジタル・サービス,97.47,,72.0,68.0,,未確定,C,calculated_ratio_needs_qa,calculated_candidate_only,calculated_ratio_candidate,calculated_same_snippet,https://www.kke-hd.co.jp/cms/uploads/2026/05/NewsRelease_ir_20260511_01.pdf,",490 16.7 461 418 △9.3 売上総利益 4,559 5,102 11.9 2,248 2,660 18.3 167 117 △29.9 売上総利益率 （％） 55.3 53.5 - 40.4 41.0 - 36.4 28.1 - 受注残高 6,633 7,056 6.4 2,203 2,009 △8.8 28 44 52.8 当第３四半期連結累計期間の報告セグメント別の状況は、次のとおりであります。 （単位：百万円） （エンジニアリングコンサルティング） 当第３四半期連結累計期間においては前連結会計年度から繰り越された案件、及び今期獲得した受注案件を着実 に遂行し、前年同期を上回る売上、利益となりました。 なお、原価回収基準の適用案件の割合が増加した影響で利益率が低下しておりますが、これらは完成・引渡しに 応じて、利益を認識する見込みです。引き続き、徹底した品質管理により着実に案件を遂行するとともに、付加価 値の高い案件獲得に努めてまいります。 （プロダクツサービス） 当第３四半期連結累計期間においては、引き続きクラウドサービス提供型ビジネスが受注、売上成長をけん引し ました。クラウド型入退室管理システムRemoteLOCKは、今期本格始動した株式会社リモートロックジャパンのも と、宿泊施設や地方自治体等への導入を順調に進めております。 なお、ソフトウェアパッケージ販売型ビジネスにおいては、成熟期のプロダクツの成長鈍化に対する対策とし て、新製品の立ち上げや完全クラウド型CAEプラットフォームSimScaleの提供を開始しておりますが、これらプロ ダクトミックスの構成変化に伴い、従来製品の保守サービスの受注残高が減少しております。一方で、クラウドサ ービスは、受注と売上がほぼ同時に計上されるため、受注残高には反映されにくい特性を有しております。クラウ ドサービスのARR（Annual Recurring Revenue)合計は、40億34百万円、前年同期比で20.5％増加しております。 - 3 - （株）構造計画研究所ホールディングス（208A）2026年６月期 第３四半期決算短信 （２）財政状態に関する説明 （資産） 当第３四半期連結会計期間末の流動資産は、前連結会計年度末に比べて6.5％増加し、100億61百万円となりまし た。これは主に、受取手形、売掛金及び契約資産が20億32百万円、前渡金が４億24百万円増加する一方、現金及び 預金が17億70百万円、半製品が１億12百万円減少したことによります。 当第３四半期連結会計期間末の固定資産は、前連結会計年度末に比べて2.8％増加し、129億77百万円となりまし た。これは主に、投資有価証券が３億79百万円増加する一方、建物が71百万円減少したことによります。 この結果、総資産は、230億",EQUITY,Industrials,Engineering & Construction
1,208A,KOZO KEIKAKU ENGINEERING HOLDINGS Inc.,サブスクリプション,デジタル・サービス,,,8.0,5.0,,未確定,C,revenue_share_unknown,unknown,unknown,,https://www.kke-hd.co.jp/cms/uploads/2026/08/explanation_20260821.pdf,"ジニアリングコンサルティング プロダクツサービス その他（単位：百万円） ※‘24/6期以前は（株）構造計画研究所の数値を記載しております https://www.kke-hd.co.jp/ Copyright© KOZOKEIKAKU ENGINEERING HOLDINGS Inc. All Rights Reserved. https://www.kke-hd.co.jp/ Copyright© KOZOKEIKAKU ENGINEERING HOLDINGS Inc. All Rights Reserved. 1,557 2,193 2,881 3,504 4,218 0 500 1,000 1,500 2,000 2,500 3,000 3,500 4,000 4,500 '22/6期 '23/6期 '24/6期 '25/6期 '26/6期 20 クラウドサービス提供型ビジネスのサブスクリプション収入 （単位：百万円） (+20.4％) ※ハードウェアの販売収入は 含まれていません +714 CAGR +28.3％ 単体 連結 ARRは、一時的な影響を排除し実態を反映するため、「直近3ヶ月平均MRR×12」にて算出しています。 ※‘24/6期以前は（株）構造計画研究所の数値を記載しております ARR(Annual Recurring Revenue） https://www.kke-hd.co.jp/ Copyright© KOZOKEIKAKU ENGINEERING HOLDINGS Inc. All Rights Reserved. https://www.kke-hd.co.jp/ Copyright© KOZOKEIKAKU ENGINEERING HOLDINGS Inc. All Rights Reserved. 4,227 4,357 5,195 5,306 5,6",EQUITY,Industrials,Engineering & Construction
1,208A,KOZO KEIKAKU ENGINEERING HOLDINGS Inc.,データ分析・解析,AI・半導体,,,8.0,5.0,,未確定,C,revenue_share_unknown,unknown,unknown,,,売上構成比を公式資料から数値で確認できず,EQUITY,Industrials,Engineering & Construction
1,208A,KOZO KEIKAKU ENGINEERING HOLDINGS Inc.,建設DX,不動産・建設,,,82.0,84.0,,未確定,C,revenue_share_unknown,unknown,unknown,,https://www.kke-hd.co.jp/cms/uploads/2026/08/NewsRelease_ir_20260810_01.pdf,当社グループの構成単位のうち分離された財務諸表が入手可能であ り、取締役会が、経営資源の配分決定及び業績を評価するために、定期的に検討を行う対象となっている ものであります。 当社グループは、製品・サービス別の事業部門を置き、各事業部門は、取り扱う製品・サービスについ て包括的な戦略を立案し、事業活動を展開しております。 従って、当社グループは、これらを基礎とした製品・サービス別のセグメントから構成されており、 「エンジニアリングコンサルティング」及び「プロダクツサービス」の２つを報告セグメントとしており ます。 （２）各報告セグメントに属する製品及びサービスの種類 ① エンジニアリングコンサルティング ・構造設計・構造解析コンサルティング：高層建築設計、大規模建築物の構造解析 ・環境評価・防災コンサルティング：地震動評価、風況解析、災害リスク評価 ・住宅・建設分野のシステム開発：ＣＡＤ・ＢＩＭ・構造計算を含むシステム開発 ・意思決定支援コンサルティング：社会シミュレーション、事業評価、最適化 ・情報通信技術コンサルティング：通信ネットワーク・電波伝搬・電磁界シミュレーション ・製造技術コンサルティング：流体・粉体シミュレーション ② プロダクツサービス ・製造業関連：ＣＡＥ、熱流体解析、粒子法、粉体解析、営業支援ソリューション等 ・建築・土木関連：建築構造物解析、地盤解析等 ・情報通信関連：電波伝搬解析等 ・その他・業界横断：社会シミュレーション、リスク評価、最適化、人流計測等 メール配信(Twilio SendGrid)※、屋内デジタル化プラットフォーム(NavVis)※ クラウド型入退室管理プラットフォーム(RemoteLOCK)※等 ※はクラウドサービス ２．報告セグメントごとの売上高、利益又は損失、資産、負債その他の項目の金額の算定方法 報告されている事業セグメントの会,EQUITY,Industrials,Engineering & Construction
1,208A,KOZO KEIKAKU ENGINEERING HOLDINGS Inc.,耐震化,防衛・国土強靱化,,,8.0,5.0,,未確定,C,revenue_share_unknown,unknown,unknown,,,売上構成比を公式資料から数値で確認できず,EQUITY,Industrials,Engineering & Construction
1,208A,KOZO KEIKAKU ENGINEERING HOLDINGS Inc.,防災,防衛・国土強靱化,69.79,,42.0,40.0,,未確定,C,calculated_ratio_needs_qa,calculated_candidate_only,calculated_ratio_candidate,calculated_same_snippet,https://www.kke-hd.co.jp/cms/uploads/2026/09/explanation_script_20260821.pdf,のサポート業務を地方拠点から提供す るとともに、独自のSEサービスも展開しております。 連結損益計算書についてご説明いたします。 当期の売上高は、前期比23億15百万円増の224億53百万円となりました。営業 利益は前期比4億67百万円増の35億40百万円、経常利益は前期比1億49百万円増 の31億96百万円、親会社株主に帰属する当期純利益は21億14百万円となってお ります。 売上総利益率については前期と比較して若干低下しておりますが、これは所員に 対してしっかりと還元を行った結果が原価に反映されたことによるものであり、 特段の問題はないと認識しております。 営業利益率は15.8％へと上昇いたしました。これは、売上が増加する中で販売費 及び一般管理費を大幅に増やすことなく事業活動を進めた結果、利益率の向上に つながったものと考えております。 過去10年間の業績推移については、概ね右肩上がりでの成長を継続しております。 当社グループは、エンジニアリングコンサルティングとプロダクツサービスの2 つのセグメントで構成されています。 営業利益は前期比で4億67百万円の増加となりましたが、そのセグメント別の内 訳といたしましては、エンジニアリングコンサルティング事業において3億7百万 円、プロダクツサービス事業において2億23百万円の利益増加となっております。 続いて、セグメント別のご説明を申し上げます。エンジニアリングコンサルティ ング事業においては、主に構造設計・構造解析、環境評価・防災、住宅・建設分 野のシステム開発、意思決定支援、情報通信技術、および製造業向けのデータ活 用という6つの分野を展開しております。 エンジニアリングコンサルティングの売上、利益、受注残高については、いずれ も前期を上回る水準で推移しました。前年度からの豊富な受注残高を背景に、年 初より高い稼働率で好調なスタートを切ることができ、品質に留意しつつ利益率 もしっかりと確保いたしました。 なお、利益超過分の一部を所員へ還元したことに伴い原価率が上昇し、利益率自 体は若干低下いたしましたが、引き続き高い収益性を維持していると認識してお ります。 次に、プロダクツサービス事業についてご説明いたします。本セグメントは、各 事業テーマに対応したパッケージ販売型のビジネスと、クラウドサービス提供型 の3つの新規ビジネスで構成されております。 当期におきましては、同セグメントをけん引するクラウドサービスがセグメント 全体の約60％を占め、次いで製造業向けの設計支援サービスが約26％を占める 構成となっております。 プロダクツサービスの業績についても、前期と比較して受注、売上、利益の全て において増加いたしました。 また、両セグメントの売上比率の推移について、10年前はプロダクツサービス事 業が全体の,EQUITY,Industrials,Engineering & Construction
1,208A,KOZO KEIKAKU ENGINEERING HOLDINGS Inc.,風力発電,GX・エネルギー,,,8.0,5.0,,未確定,C,revenue_share_unknown,unknown,unknown,,,売上構成比を公式資料から数値で確認できず,EQUITY,Industrials,Engineering & Construction
1,2108,"Nippon Beet Sugar Manufacturing Co.,Ltd.",円高メリット,内需・消費,,,8.0,5.0,,未確定,C,macro_sensitivity_required,macro_unknown,unknown,,,売上構成比を公式資料から数値で確認できず,EQUITY,Consumer Defensive,Confectioners
1,2108,"Nippon Beet Sugar Manufacturing Co.,Ltd.",食品,内需・消費,,,90.0,82.0,,未確定,C,revenue_share_unknown,unknown,unknown,,https://www.nitten.co.jp/,日本甜菜製糖株式会社 ー てん菜のあらゆる可能性を探求する企業 ニッテン 主要ページへ移動 メニューへ移動 ページ下へ移動 サイト内検索 検索する よくある質問 お知らせ 採用情報 ONLINE SHOP 日本甜菜製糖について About 日本甜菜製糖について TOP 詳細ページへ こんなところにニッテン 私たちの強み ニッテンの歩み 製品ができるまで ビート資料館 動画ライブラリー 事業内容 Business 事業内容 TOP 詳細ページへ 砂糖・食品事業 飼料事業 農業資材事業 海外事業 不動産事業 研究開発 製品 Product 製品 TOP 詳細ページへ 家庭用 業務用 飼料製品 農業資材製品 知る・楽しむ Column 知る・楽しむ TOP 詳細ページへ 製品コラム てん菜のこと レシピ IR情報 Ir IR情報 TOP 詳細ページへ 決算ハイライト 株主・投資家の皆様へ IRライブラリ サステナビリティ Sustainability サステナビリティ TOP 詳細ページへ サステナビリティ方針 マテリアリティと推進体制 健康経営の推進 企業情報 Company 企業情報 TOP 詳細ページへ ご挨拶 パーパス 会社概要 事業所 日甜アグリーン戦略 お問い合わせ 日本甜菜製糖株式会社 〜北海道のてん菜の恵みをさまざまな産業へ〜 北海道のてん菜の恵みを さまざまな産業へ てん菜を余すところなく活用し 新たな産業の可能性を追求 原料,EQUITY,Consumer Defensive,Confectioners
1,2109,"Mitsui DM Sugar Co.,Ltd.",円高メリット,内需・消費,,,8.0,5.0,,未確定,C,macro_sensitivity_required,macro_unknown,unknown,,,売上構成比を公式資料から数値で確認できず,EQUITY,Consumer Defensive,Confectioners
1,2109,"Mitsui DM Sugar Co.,Ltd.",食品,内需・消費,,,90.0,82.0,,未確定,C,revenue_share_unknown,unknown,unknown,,,売上構成比を公式資料から数値で確認できず,EQUITY,Consumer Defensive,Confectioners
1,2112,"Ensuiko Sugar Refining Co., Ltd.",食品,内需・消費,99.18,,90.0,82.0,,未確定,C,calculated_ratio_needs_qa,calculated_candidate_only,calculated_ratio_candidate,calculated_same_snippet,https://www.ensuiko.co.jp/file/ir/20260807105927-file.pdf,連結累計期間 ……………………………………………………………………………………６ 四半期連結包括利益計算書 ……………………………………………………………………………………７ 第１四半期連結累計期間 ……………………………………………………………………………………７ （３）四半期連結財務諸表に関する注記事項 …………………………………………………………………８ （継続企業の前提に関する注記） ……………………………………………………………………………８ （株主資本の金額に著しい変動があった場合の注記） ……………………………………………………８ （セグメント情報等） …………………………………………………………………………………………９ （キャッシュ・フロー計算書に関する注記） ………………………………………………………………９ 独立監査人の四半期連結財務諸表に対する期中レビュー報告書 …………………………………………10 塩水港精糖株式会社(2112) 2027年３月期 第１四半期決算短信 ―2― １．当四半期決算に関する定性的情報 （１）経営成績に関する説明 当第１四半期連結累計期間における我が国経済は、雇用・所得環境の改善等を背景に緩やかな回復基調が続いて いるものの、物価上昇の継続や人件費等のコスト上昇に加え、海外経済の不確実性や金融資本市場の変動等により、 先行きは依然として不透明な状況が続いております。 このような環境の下、当社及びグループは、国民の生活を支える基礎的食品である砂糖や、オリゴ糖をはじめ健 康付加価値のある機能性素材等を、消費者の皆様に安定してお届けすることを第一義とし、品質管理及び危機管理 体制の強化、環境変化にも適応じた事業体制の構築と経営基盤のさらなる強化に努めてまいります。また、中期経 営計画「NEXT 2030」に基づき、砂糖事業の安定的な収益確保と、バイオ事業（オリゴ・ビーツ）を中心とした収益 基盤の多角化に向けた諸施策を着実に実行し、持続的な企業価値の向上に邁進してまいります。 当第１四半期連結累計期間の業績は以下のとおりとなりました。 ①砂糖事業 海外原糖市況は、ニューヨーク市場粗糖先物相場において15.44セントで始まりました。期初は、タイの増産見 通しを背景とした供給過剰感から下落基調で推移し、４月中旬に2020年９月以来となる安値13.22セントを付けま した。その後、ブラジルでのエタノール増産予測やインドの干ばつ懸念から15.49セントまで反発したものの、5 月下旬以降はブラジル国内のエネルギー政策を受け、同国の製糖比率が回復するとの観測が強まり、14.34セント で当第１四半期連結累計期間を終了いたしました。 国内市中価格（日本経済新聞掲載、上白大袋１ｋｇ当たり）は、期初241円～243円で始まり、同水準の,EQUITY,Consumer Defensive,Confectioners
1,2114,Fuji Nihon Corporation,食品,内需・消費,89.37,,90.0,82.0,,未確定,C,calculated_ratio_needs_qa,calculated_candidate_only,calculated_ratio_candidate,calculated_same_snippet,https://www.fuji-nihon.com/_sys/wp-content/uploads/2026/08/2027年３月期第１四半期決算短信〔日本基準〕連結.pdf,"52 － － 52 機能性食品 － 3,372 － 3,372 － － 3,372 切花活力剤 － － － － 54 － 54 顧客との契約から 生じる収益 3,472 3,424 － 6,896 54 － 6,951 その他の収益 － － 156 156 － － 156 外部顧客への売上高 3,472 3,424 156 7,053 54 － 7,107 セグメント間の内部 売上高又は振替高 3 － 1 5 － △5 － 計 3,476 3,424 157 7,058 54 △5 7,107 セグメント利益 584 288 142 1,015 10 △269 756 （注）１ 「その他」の区分は報告セグメントに含まれない事業セグメントであります。 ２ セグメント利益の調整額△269百万円は、報告セグメントに帰属しない親会社の管理部門及び研究開発に係 る一般管理費であります。 ３ セグメント利益は、四半期連結損益計算書の営業利益と調整を行っております。 フジ日本株式会社(2114) 2027年3月期 第1四半期決算短信 －9－ 当第１四半期連結累計期間(自 2026年４月１日 至 2026年６月30日) (単位：百万円) 報告セグメント その他 (注１) 調整額 (注２) 四半期連結 損益計算書 計上額 (注３) 糖類 機能性 素材 不動産 計 売上高 精製糖、 砂糖関連製品 3,357 － － 3,357 － － 3,357 食品添加物 － 69 － 69 － － 69 機能性食品 － 3,622 － 3,622 － － 3,622 切花活力剤 － － － － 70 － 70 顧客との契約から 生じる収益 3,357 3,692 － 7,049 70 － 7,120 その他の収益 － － 153 153 － － 153 外部顧客への売上高 3,357 3,692 153 7,203 70 － 7,274 セグメント間の内部 売上高又は振替高 2 － － 2 － △2 － 計 3,359 3,692 153 7,205 70 △2 7,274 セグメント利益 628 498 138 1,264 20 △301 984 （注）１ 「その他」の区分は報告セグメントに含まれない事業セグメントであります。 ２ セグメント利益の調整額△301百万円は、報告セグメントに帰属しない親会社の管理部門及び研究開発に係 る一般管理費であります。 ３ セグメント利益は、四半期連結損益計算書の営業利益と調整を行っております。 （株主資本の金額に著しい変動があった場合の注記） 該当事項はありません。 （継続企業の前提に関する注記） 該当事項はありません。 （キャッシュ・フロー計算書に関する注記） 当第１四半期連結累計期間に係る四半期連結キャッシュ・フロー計算書は作成しておりません。な",EQUITY,Consumer Defensive,Confectioners
1,2117,"WELLNEO SUGAR Co., Ltd.",倉庫,物流・海運,,,90.0,96.0,,未確定,C,revenue_share_unknown,unknown,unknown,,https://www.wellneo-sugar.co.jp/,"・投資家情報 サステナビリティ 採用情報 English 機能性素材研究サイト ONLINE STORE お問い合わせ 検索 ウェルネオシュガー公式SNS プライバシーポリシー サイトマップ Copyright © WELLNEO SUGAR Co., Ltd. All Rights Reserved. Food＆Wellness 新商品 サステナビリティ シュガーラボ 2026年3月期決算・中期経営計画説明会 商品一覧へ レシピ レシピTOPへ 学ぶ・楽しむ お砂糖について楽しく学べるコンテンツが盛りだくさん！ 大人からお子様まで、ぜひご一緒にお楽しみください。 サステナビリティ ウェルネオシュガーグループのサステナビリティに関する考え方や取り組みについて紹介しています。 企業情報 株主・投資家 情報 採用情報 お知らせ お知らせ一覧へ 2026/08/07 その他 千葉物流センター第三倉庫改修工事 開札結果について 2026/08/03 会社 令和８年熊本地震被害に対する義援金について 2026/07/18 その他 弊社ホームページ サーバーメンテナンス実施のお知らせ IRニュース IRニュース一覧へ 砂糖・甘味料専門店ならではの品ぞろえ。 きび砂糖やオリゴ糖商品など、人気商品をご購入いただけます。 公式オンラインストアへ 商品情報 レシピ 学ぶ・楽しむ 学ぶ・楽しむ 保護者向け 子ども向け 企業情報 株主・投資家情報 サステナビリティ 採用情報 English 機能性素材研究サイト ONLINE STORE お問い合わせ ウェルネオシュガー公式SNS プライバシーポリシー サイトマップ Copyright © WELLNEO SUGAR Co., Ltd. All Rights Reserved. シュガーラボは、大人から子供まで お砂糖について楽しく学べる食育サイトです",EQUITY,Consumer Defensive,Confectioners
1,211A,Cados Corporation,不動産関連,不動産・建設,,,72.0,68.0,,未確定,C,revenue_share_unknown,unknown,unknown,,https://cados.jp/,告書等 法定開示資料 株主総会関連資料 その他IR資料 適時開示情報 株式情報 株式基本情報 株価情報 その他IR情報 IRカレンダー FAQ ディスクロージャー ポリシー 免責事項 IRに関する お問い合わせ 電子公告 電子公告 閉じる 企業情報 企業情報 企業情報トップ 会社案内 代表挨拶 会社概要 沿革 SDGsへの取り組み CM紹介 閉じる お知らせ 採用情報 採用情報 採用情報トップ 事業内容 新卒採用 インターンシップ 中途採用 会社概要 エントリーフォーム 閉じる 083-974-5007 お問い合わせ プライバシーポリシー サイトマップ 人が街がそこから動き始める 生きた土地活用・建物の活用をご提案 私たち株式会社カドス・コーポレーションは 眠った土地を活用する方法を 知っています。 建設事業 建築工事 開発許可申請 建築設計 宅地分譲工事 土木工事 測量・設計 造成工事 不動産事業 不動産賃貸 不動産売買 不動産仲介 売電事業 Scroll Social レノファ山口FCと2026年シーズンのオフィシャルパートナー契約を継続 SDGs 当社のSDGsへの取り組みについて TVCM 川野太郎さん出演CM放映中 Environment 「やまぐちぶちエコでんき」の加入企業に認定されました Environment 小野田太陽光発電所より売電開始 新着情報 New arrivals お知らせ 施工事例 施工事例 2026.09.01 施工事例をアップしました。 施工事例 2026.08.27 施工事例をアップしました。 お知らせ 2026.08.06 夏季休業のお知らせ お知らせ 2026.08.04 【2026年8月28日・29日】日経・東証IRフェア2026に参加します 一覧表示 IRニュース IR News 一覧表示 土地活用のご提案 Proposals for,EQUITY,Industrials,Engineering & Construction
1,211A,Cados Corporation,太陽光発電関連,GX・エネルギー,,,90.0,68.0,,未確定,C,revenue_share_unknown,unknown,unknown,,https://cados.jp/,お知らせ 採用情報 採用情報 採用情報トップ 事業内容 新卒採用 インターンシップ 中途採用 会社概要 エントリーフォーム 閉じる 083-974-5007 お問い合わせ プライバシーポリシー サイトマップ 人が街がそこから動き始める 生きた土地活用・建物の活用をご提案 私たち株式会社カドス・コーポレーションは 眠った土地を活用する方法を 知っています。 建設事業 建築工事 開発許可申請 建築設計 宅地分譲工事 土木工事 測量・設計 造成工事 不動産事業 不動産賃貸 不動産売買 不動産仲介 売電事業 Scroll Social レノファ山口FCと2026年シーズンのオフィシャルパートナー契約を継続 SDGs 当社のSDGsへの取り組みについて TVCM 川野太郎さん出演CM放映中 Environment 「やまぐちぶちエコでんき」の加入企業に認定されました Environment 小野田太陽光発電所より売電開始 新着情報 New arrivals お知らせ 施工事例 施工事例 2026.09.01 施工事例をアップしました。 施工事例 2026.08.27 施工事例をアップしました。 お知らせ 2026.08.06 夏季休業のお知らせ お知らせ 2026.08.04 【2026年8月28日・29日】日経・東証IRフェア2026に参加します 一覧表示 IRニュース IR News 一覧表示 土地活用のご提案 Proposals for Land Utilization 眠った土地を活用する方法を知っています。 土地オーナー様にそれぞれの土地の個性に合った土地活用を「カドスLANシステム」により立案し、テナント企業様（借主）へのご紹介から、土地の契約、建築プランの作成、そして施工までの全てをトータルプロデュースします。今は、『何も利用していない土地』『月極駐車場等で利用している土地』『,EQUITY,Industrials,Engineering & Construction
1,211A,Cados Corporation,建設,不動産・建設,,,94.0,86.0,,未確定,C,revenue_share_unknown,unknown,unknown,,https://cados.jp/,ュ・フロー の状況 IRライブラリ IRライブラリ一覧 決算短信 決算説明資料 有価証券報告書等 法定開示資料 株主総会関連資料 その他IR資料 適時開示情報 株式情報 株式基本情報 株価情報 その他IR情報 IRカレンダー FAQ ディスクロージャー ポリシー 免責事項 IRに関する お問い合わせ 電子公告 電子公告 閉じる 企業情報 企業情報 企業情報トップ 会社案内 代表挨拶 会社概要 沿革 SDGsへの取り組み CM紹介 閉じる お知らせ 採用情報 採用情報 採用情報トップ 事業内容 新卒採用 インターンシップ 中途採用 会社概要 エントリーフォーム 閉じる 083-974-5007 お問い合わせ プライバシーポリシー サイトマップ 人が街がそこから動き始める 生きた土地活用・建物の活用をご提案 私たち株式会社カドス・コーポレーションは 眠った土地を活用する方法を 知っています。 建設事業 建築工事 開発許可申請 建築設計 宅地分譲工事 土木工事 測量・設計 造成工事 不動産事業 不動産賃貸 不動産売買 不動産仲介 売電事業 Scroll Social レノファ山口FCと2026年シーズンのオフィシャルパートナー契約を継続 SDGs 当社のSDGsへの取り組みについて TVCM 川野太郎さん出演CM放映中 Environment 「やまぐちぶちエコでんき」の加入企業に認定されました Environment 小野田太陽光発電所より売電開始 新着情報 New arrivals お知らせ 施工事例 施工事例 2026.09.01 施工事例をアップしました。 施工事例 2026.08.27 施工事例をアップしました。 お知らせ 2026.08.06 夏季休業のお知らせ お知らせ 2026.08.04 【2026年8月28日・29日】日経・東証IRフェア2026に参加します 一覧,EQUITY,Industrials,Engineering & Construction
1,2120,"LIFULL Co.,Ltd.",不動産テック,不動産・建設,,,8.0,5.0,,未確定,C,revenue_share_unknown,unknown,unknown,,,売上構成比を公式資料から数値で確認できず,EQUITY,Communication Services,Internet Content & Information
1,2120,"LIFULL Co.,Ltd.",不動産関連,不動産・建設,88.73,,72.0,68.0,,未確定,C,calculated_ratio_needs_qa,calculated_candidate_only,calculated_ratio_candidate,calculated_same_snippet,https://lifull.com/doc/2026/08/260812_FY2026Q3_report.pdf,"0) 2026年９月期 第３四半期決算短信 －12－ （５）要約四半期連結財務諸表に関する注記事項 １. 継続企業の前提に関する注記 該当事項はありません。 ２. 表示方法の変更 （要約四半期連結キャッシュ・フロー計算書） 前第３四半期連結累計期間において、営業活動によるキャッシュ・フローの「その他」に含めておりました「賞与 引当金の増減額」は金額的重要性が増したため、当中間連結会計期間より独立掲記しております。この表示方法の変 更を反映させるため、前第３四半期連結累計期間の要約四半期連結財務諸表の組替えを行っております。 この結果、前第３四半期連結累計期間の要約四半期連結キャッシュ・フロー計算書において、営業活動によるキャ ッシュ・フローの「その他」に表示していた496百万円は、「賞与引当金の増減額」559百万円及び「その他」△63百 万円として組み替えております。 ３. セグメント情報 (1) 報告セグメントの概要 当社グループの報告セグメントは、当社グループの構成単位のうち分離された財務情報が入手可能であり、取締 役会が、経営資源の配分の決定及び業績を評価するために、定期的に検討を行う対象となっているものでありま す。 当社グループは、主に提供するサービス内容や業績管理の構成単位を基礎として、「HOME'S関連事業」を報告セ グメントとしております。 報告セグメントに属するサービスの種類は、以下のとおりであります。 報告セグメント サービスの種類 HOME'S関連事業 主に不動産・住宅情報サイト「LIFULL HOME'S」や不動産投資と収益物件の情報サイト 「健美家」、及び関連事業等 株式会社LIFULL(2120) 2026年９月期 第３四半期決算短信 －13－ (2) 報告セグメントごとの売上収益、利益又は損失、及びその他の項目 報告セグメントの会計方針は、要約四半期連結財務諸表作成の会計方針と同じであります。 報告セグメント間の売上収益は市場実勢を勘案し、交渉の上決定しております。 当社グループの報告セグメントごとの売上収益、利益又は損失、及びその他の項目は以下のとおりであります。 前第３四半期連結累計期間（自 2024年10月１日 至 2025年６月30日） （単位：百万円） 報告セグメント その他 (注２) 合計 調整額 (注３) 連結HOME'S関連事業 売上収益 外部顧客からの売上収益 19,176 1,883 21,059 － 21,059 セグメント間の売上収益 5 － 5 △5 － 計 19,182 1,883 21,065 △5 21,059 セグメント利益(△損失)(注１) 3,427 △270 3,157 9 3,167 その他の収益及び費用(純額) △166 営業利益 3,001 金融収益及び費用(純額) 21 持分法投資",EQUITY,Communication Services,Internet Content & Information
1,2122,"Interspace Co.,Ltd.",サブスクリプション,デジタル・サービス,,,42.0,30.0,,未確定,C,revenue_share_unknown,unknown,unknown,,https://www.interspace.ne.jp/company/director.html,7日生まれ 1984年10月 監査法人中央会計事務所入所 1988年03月 公認会計士登録 2001年07月 中央青山監査法人社員登録 2006年11月 石久保公認会計士事務所開業 2010年06月 京都きもの友禅株式会社（現株式会社YU－WA Creation Holdings）社外取締役 2015年10月 株式会社シーアールイー社外取締役・監査等委員 2015年12月 当社社外監査役 2022年12月 当社社外取締役・監査等委員（現任） 社外取締役（非常勤） 吉富 純一 Yoshitomi Junichi 1963年06月15日生まれ 1987年04月 和光証券株式会社（現みずほ証券株式会社）入社 2008年04月 同社グローバル投資銀行部門企業推進第一部部長 2012年07月 株式会社JYソリューション設立 代表取締役（現任） 2014年08月 コンバージョンテクノロジー株式会社（現サブスクリプションファクトリー株式会社）社外取締役 2021年12月 当社社外監査役 2022年06月 株式会社ＪＣＤソリューション（現株式会社トップヒルズ）社外取締役・監査等委員 2022年12月 当社社外取締役・監査等委員（現任） 会社情報 社長挨拶 経営方針 会社概要 役員紹介 沿革 アクセスマップ トップに戻る 会社情報 社長挨拶 経営方針 会社概要 役員紹介 沿革 アクセスマップ 事業内容 パフォーマンス マーケティング事業 Webゼミ メディア事業 ママスタ 4MEEE ヨガジャーナル saita プロリア 派遣サーチ 塾シル 海外事業 ニュース プレスリリース パブリシティ お知らせ IR情報 IRニュース 経営情報 トップメッセージ 事業等のリスク コーポレート・ガバナンス 財務ハイライト 株式について 株式情報 株価情報 IR情報 IRライブラリー 決算短信 有価証券報告書 決算説明会資料,EQUITY,Communication Services,Advertising Agencies
1,212A,FIT EASY Inc.,サブスクリプション,デジタル・サービス,,,8.0,5.0,,未確定,C,revenue_share_unknown,unknown,unknown,,,売上構成比を公式資料から数値で確認できず,EQUITY,Consumer Cyclical,Leisure
1,2130,"Members Co., Ltd.",IT関連,デジタル・サービス,,,8.0,5.0,,未確定,C,revenue_share_unknown,unknown,unknown,,https://www.members.co.jp/,メント プロダクト・ システム開発 データ活用 マーケティング SaaS活用 脱炭素DX・サーキュラーエコノミー ナレッジ 支援事例 セミナー ホワイトペーパー サービス資料 セミナー動画 コラム IR IR 個人投資家のみなさまへ 企業理念・経営方針 経営・株主還元方針 IRライブラリ 財務ハイライト 株式・株価情報 English IR サステナビリティ 採用情報 新卒採用 キャリア採用 障がい者採用 トップ メンバーズ｜Members C... ページ上部へ 顧客と共に 社会変革をリードする デジタル実装パートナー DXの現場支援により、顧客企業の「内製実行力」の向上を通じた組織・事業変革を実現します。デジタルの力で持続可能なビジネスモデルへの転換を実現し、脱炭素をはじめとする社会課題を解決することで、社会変革をリードしていきます。 サービスを見る FUTURE VISION Digital for Hope. デジタルクリエイターの創造性を解放し、気候変動をグリーン成長に、 人口減少を一人ひとりの豊かさに変える FUTURE VISIONを見る News お知らせ 2026年9月1日 一般社団法人生成 AI 活用普及協会（GUGA）主催の「GenAI HR Awards 2026」にてグループ執行役員 白井 恵里が審査員を務めます プレスリリース 2026年8月24日 AIで空いた時間を、ユーザー理解と品質判断へ。アジケ代表・梅本周作の書籍『AIを味方にする デザインワークフロー実践ガイド』を8月24日刊行 【株式会社アジケ】 プレスリリース 2026年8月18日 業務改善から意思決定まで、AIの業務実装に向けたデータ環境づくりを支援。「AI Readyデータマネジメント常駐支援サービス」提供開始 プレスリリース 2026年8月4日 現場部門起点で部門間・経営へとAXを,EQUITY,Communication Services,Advertising Agencies
1,2130,"Members Co., Ltd.",人工知能,AI・半導体,,,92.0,90.0,,未確定,C,revenue_share_unknown,unknown,unknown,,https://www.members.co.jp/,"メンバーズ｜Members Co.,Ltd. 会社情報 会社情報 企業理念・経営方針 FUTURE VISION 社長メッセージ 会社概要 役員 グループ体制 アクセス・拠点 ニュース ニュース 2026年 2025年 2024年 2023年 2022年 2021年 サービス サービス AI サービスデザイン・UX プロジェクト マネジメント プロダクト・ システム開発 データ活用 マーケティング SaaS活用 脱炭素DX・サーキュラーエコノミー ナレッジ ナレッジ 支援事例 セミナー ホワイトペーパー サービス資料 セミナー動画 コラム IR IR 個人投資家のみなさまへ 企業理念・経営方針 経営・株主還元方針 IRライブラリ 財務ハイライト 株式・株価情報 English IR サステナビリティ サステナビリティ 採用情報 採用情報 新卒採用 キャリア採用 障がい者採用 お問い合わせ 資料請求 サイト内検索 お問い合わせ 資料請求 会社情報 会社情報 企業理念・経営方針 FUTURE VISION 社長メッセージ 会社概要 役員 グループ体制 アクセス・拠点 ニュース ニュース 2026年 2025年 2024年 2023年 2022年 2021年 サービス サービス A",EQUITY,Communication Services,Advertising Agencies
1,2130,"Members Co., Ltd.",生成AI,AI・半導体,,,8.0,5.0,,未確定,C,revenue_share_unknown,unknown,unknown,,,売上構成比を公式資料から数値で確認できず,EQUITY,Communication Services,Advertising Agencies
1,2134,"Kitahama Capital Partners Co.,Ltd.",データセンター,データセンター・電力,7.60,,72.0,68.0,,未確定,C,calculated_ratio_needs_qa,calculated_candidate_only,calculated_ratio_candidate,calculated_same_snippet,https://kitahamabank.co.jp/wp-content/uploads/2026/06/260602_（訂正・数値データ訂正）「2026年３月期決算短信〔日本基準〕（連結）」の一部訂正に関するお知らせ.pdf,"、継続企業の前提に重要な疑義を 生じさせるような状況が存在しております。当社グループは、当該状況を早期に改善・解消すべく、以下の対応策を 実施してまいります。 １．第15回新株予約権の発行による資金調達 当社グループにとって、機動的に資金調達を行うことは重要な課題と認識しており、この課題に取り組んでおり ます。2026年４月15日に合同会社Orion SPV1を割当先とした第15回新株予約権（第三者割当）を発行することを決 議し、同年５月１日に新株予約権発行による調達（48,000,000円）を完了しております。また、今後の財務体質の 強化、資金繰りの安定化のため、さらなる資金調達を当社グループにとって最適な手法により進めるとともに、継 続的なコスト削減に取り組み、事業資金の安定的な確保と維持に努めてまいります。 ２．蓄電所開発事業への取り組みによる収益計上 当社が注力しているデータセンター事業においては、その一環として蓄電所をはじめとする再生可能エネルギー 事業の強化に積極的に取り組む計画です。2025年９月に子会社化した太陽光発電及び蓄電所の開発事業者であるト ラストコーポレーションとの連携により、グループ内におけるシナジーを高め、同分野における事業基盤の構築と 収益の拡大を図ってまいります。本取組みは、データセンターと共に注目を集めている系統用蓄電池事業への足掛 かりとなるものであり、新たに蓄電所開発事業に着手することで収益の計上を見込んでおります。また、当該事業 の展開はデータセンター事業の推進にも寄与するものと見込まれます。 しかしながら、上記のすべての事業が計画通り実現するとは限らず、これらの対応策の実現可能性は、市場の状況、 需要動向、他社との競合等の影響も受けることや、資金調達や事業計画の達成如何にも左右されるため、現時点では 継続企業の前提に関する重要な不確実性が認められます。 なお、連結財務諸表は継続企業を前提として作成しており、継続企業の前提に関する重要な不確実性の影響を連結 財務諸表に反映しておりません。 (表示方法の変更) 前連結会計年度において、流動資産に独立掲記しておりました「商品」「仕掛品」及び「貯蔵品」は、当連結会 計年度より「未成工事支出金」が発生したこと及び資産総額に占める重要性が低下したため、「棚卸資産」として 一括掲記する方法に変更しております。 この表示方法の変更を反映させるため、前連結会計年度の連結財務諸表の組替えを行っております。 この結果、前連結会計年度の連結貸借対照表において、流動資産に表示していた「商品」631,356千円、「仕掛 品」14,682千円及び「貯蔵品」6,869千円は、「棚卸資産」として組み替えております。 また、前連結会計年度において、流動資産の「商品」に含めて表示しておりました「林木」は",EQUITY,Financial Services,Asset Management
1,2134,"Kitahama Capital Partners Co.,Ltd.",不動産ファンド,不動産・建設,,,42.0,44.0,,未確定,C,revenue_share_unknown,unknown,unknown,,,売上構成比を公式資料から数値で確認できず,EQUITY,Financial Services,Asset Management
1,2134,"Kitahama Capital Partners Co.,Ltd.",不動産関連,不動産・建設,99.60,,8.0,5.0,,未確定,C,calculated_ratio_needs_qa,calculated_candidate_only,calculated_ratio_candidate,calculated_same_snippet,https://kitahamabank.co.jp/wp-content/uploads/2026/08/260814_2027年３月期第１四半期決算短信〔日本基準〕（連結）.pdf,…………………………10 （四半期連結財務諸表の作成に特有の会計処理の適用） …………………………………………………10 （株主資本の金額に著しい変動があった場合の注記） ……………………………………………………10 （セグメント情報等の注記） …………………………………………………………………………………12 （キャッシュ・フロー計算書に関する注記） ………………………………………………………………12 （重要な後発事象） ……………………………………………………………………………………………13 独立監査人の四半期連結財務諸表に対する期中レビュー報告書 …………………………………………14 北浜キャピタルパートナーズ株式会社(2134) 2027年３月期 第１四半期決算短信 2 １．当四半期連結累計期間の経営成績等の概況 （１）経営成績に関する概況 文中の将来に関する事項は、当第１四半期連結累計期間の末日現在において判断したものであります。 (1) 業績の状況 当第１四半期連結累計期間におけるわが国経済は、雇用・所得環境の改善やインバウンド需要の継続的な拡大を 背景に、景気は緩やかな回復基調で推移いたしました。一方で、日本銀行による政策金利の引き上げなど金融政策 の正常化が進むなか、米国の通商政策の動向や中東地域をめぐる地政学的リスク、原材料・エネルギー価格の高止 まりに伴う物価上昇が個人消費や企業活動に与える影響など、先行きは依然として注視を要する状況が続いており ます。 不動産業界におきましては、金利の先高観や、人件費および建設資材価格の高騰に伴う建築コストの上昇が重石 となる一方、円安基調の継続やインフレ下での資産保全ニーズを背景に、国内外の投資家による不動産投資意欲は 引き続き底堅く推移いたしました。特に都心部を中心とした資産価値の高い物件への需要は堅調に推移いたしまし たが、金利上昇局面における投資家の選別姿勢の強まりには留意を要する状況となっております。 再生可能エネルギー関連投資事業につきましては、政府の「2050年カーボンニュートラル」および「2030年度温 室効果ガス46％削減（2013年度比）」という目標に向けた施策が引き続き推進されております。GX（グリーントラ ンスフォーメーション）推進法に基づく取組みや、コーポレートPPA（電力販売契約）への関心の高まりを受け、脱 炭素社会の実現に向けた再生可能エネルギーの導入需要は、今後も中長期的に拡大していくものと期待されており ます。 当第１四半期連結累計期間における当社グループの売上高につきましては58百万円（前年同四半期比39.8％ 増）、営業損失は496百万円（前年同四半期は234百万円の営業損失）、経常損失は494百万円（前年同四半期は 236百万円の経常損失）、親会社株主に帰属す,EQUITY,Financial Services,Asset Management
1,2134,"Kitahama Capital Partners Co.,Ltd.",再生可能エネルギー,GX・エネルギー,11.39,,86.0,92.0,,未確定,C,calculated_ratio_needs_qa,calculated_candidate_only,calculated_ratio_candidate,calculated_same_snippet,https://kitahamabank.co.jp/wp-content/uploads/2026/02/2026年３月期第３四半期決算短信〔日本基準〕（連結）.pdf,") 「投資事業」セグメントにおいて、当中間連結会計期間に、株式会社トラストコーポレーションの株式を 取得し、当社の連結子会社となったことから、のれん442,605千円を計上いたしました。 また、（固定資産に係る重要な減損損失）に記載の通り、「投資事業」セグメントに属する連結子会社の 山陽小野田バイオマス燃料供給株式会社及びサンテック株式会社においてのれんの減損損失を計上しており のれんの金額に重要な変動が生じております。 北浜キャピタルパートナーズ株式会社(2134) 2026年３月期 第３四半期決算短信 12 （収益認識関係） 前第３四半期連結累計期間(自 2024年４月１日 至 2024年12月31日) 顧客との契約から生じる収益を分解した情報 （単位：千円） 報告セグメント 合計 投資事業 アセット マネージメント 事業 その他の事業 計 再生可能エネルギー 事業売上高 458,189 － － 458,189 458,189 ゴルフ場売上高 104,059 － － 104,059 104,059 地代収入 － － － － － その他 45,020 － － 45,020 45,020 外部顧客への売上高 607,268 － － 607,268 607,268 当第３四半期連結累計期間(自 2025年４月１日 至 2025年12月31日) 顧客との契約から生じる収益を分解した情報 （単位：千円） 報告セグメント 合計 投資事業 アセット マネージメント 事業 その他の事業 計 再生可能エネルギー 事業売上高 238,244 － － 238,244 238,244 ゴルフ場売上高 104,167 － － 104,167 104,167 地代収入 － － － － － その他 2,279 － － 2,279 2,279 外部顧客への売上高 344,691 － － 344,691 344,691 （キャッシュ・フロー計算書に関する注記） 当第３四半期連結累計期間に係る四半期連結キャッシュ・フロー計算書は作成しておりません。なお、第３四半 期連結累計期間に係る減価償却費(無形固定資産に係る償却費を含む。)及びのれん償却額は、次のとおりでありま す。 前第３四半期連結累計期間 (自 2024年４月１日 至 2024年12月31日) 当第３四半期連結累計期間 (自 2025年４月１日 至 2025年12月31日) 減価償却費 37,417千円 19,983千円 のれん償却額 20,737千円 50,409千円",EQUITY,Financial Services,Asset Management
1,2137,,介護関連,医療・ヘルスケア,,,8.0,5.0,,未確定,C,revenue_share_unknown,unknown,unknown,,,会社公式サイトURL未取得,,,
1,2138,"CROOZ, Inc.",eコマース,内需・消費,84.82,,92.0,94.0,,未確定,C,calculated_ratio_needs_qa,calculated_candidate_only,calculated_ratio_candidate,calculated_same_snippet,https://crooz.co.jp/wp-content/uploads/2026/08/2027年3月期1Q_決算短信.pdf,",762 43,775 △21,254 29,633 52,950 その他 （注）１ 合計 調整額 （注）２ 四半期連結損益計 算書計上額 （注）３ 売上高 外部顧客への売上高 233,393 2,900,607 △127,649 2,772,957 セグメント間の内部 売上高又は振替高 － 76,376 △76,376 － 計 233,393 2,976,984 △204,026 2,772,957 セグメント利益又は損失 （△） 2,941 55,892 △146,499 △90,607 （セグメント情報等の注記） Ⅰ 前第１四半期連結累計期間（自 2025年４月１日 至 2025年６月30日） １．報告セグメントごとの売上高及び利益又は損失の金額に関する情報 （注）１ 「その他」の区分は報告セグメントに含まれない事業セグメントであります。 ２ セグメント利益又は損失の調整額△146,499千円は全社費用等であり、主に報告セグメントに帰属しない一 般管理費であります。 ３ セグメント利益又は損失の合計額は四半期連結損益計算書の営業損失と調整を行っております。 ２．報告セグメントごとの固定資産の減損損失又はのれん等に関する情報 該当事項はありません。 - 8 - クルーズ株式会社(2138) 2027年３月期 第１四半期決算短信 （単位：千円） 報告セグメント ホテルコンバー ジョン事業 介護派遣事業 エンジニア派遣 事業 コールセンター、 求人、人材紹介 事業 Ada.事業（EC事 業） 計 売上高 外部顧客への売上高 191,952 520,954 1,191,781 724,674 1,151,791 3,781,154 セグメント間の内部 売上高又は振替高 － － － 90,663 － 90,663 計 191,952 520,954 1,191,781 815,337 1,151,791 3,871,817 セグメント利益又は損失 （△） 33,933 △50,357 42,230 △46,685 42,424 21,544 その他 （注）１ 合計 調整額 （注）２ 四半期連結損益計 算書計上額 （注）３ 売上高 外部顧客への売上高 3,469 3,784,624 － 3,784,624 セグメント間の内部 売上高又は振替高 － 90,663 △90,663 － 計 3,469 3,875,287 △90,663 3,784,624 セグメント利益又は損失 （△） 3,469 25,014 △124,262 △99,247 Ⅱ 当第１四半期連結累計期間（自 2026年４月１日 至 2026年６月30日） １．報告セグメントごとの売上高及び利益又は損失の金額に関する情報 （注）１ 「その他」の区分は報告セグメントに含まれない事業セグメントであります",EQUITY,Technology,Software - Application
1,2138,"CROOZ, Inc.",介護関連,医療・ヘルスケア,52.87,,8.0,5.0,,未確定,C,calculated_ratio_needs_qa,calculated_candidate_only,calculated_ratio_candidate,calculated_same_snippet,https://crooz.co.jp/wp-content/uploads/2026/08/2027年3月期1Q_決算短信.pdf,"0 △46,685 42,424 21,544 その他 （注）１ 合計 調整額 （注）２ 四半期連結損益計 算書計上額 （注）３ 売上高 外部顧客への売上高 3,469 3,784,624 － 3,784,624 セグメント間の内部 売上高又は振替高 － 90,663 △90,663 － 計 3,469 3,875,287 △90,663 3,784,624 セグメント利益又は損失 （△） 3,469 25,014 △124,262 △99,247 Ⅱ 当第１四半期連結累計期間（自 2026年４月１日 至 2026年６月30日） １．報告セグメントごとの売上高及び利益又は損失の金額に関する情報 （注）１ 「その他」の区分は報告セグメントに含まれない事業セグメントであります。 ２ セグメント利益又は損失の調整額△124,262千円は全社費用等であり、主に報告セグメントに帰属しない一 般管理費であります。 ３ セグメント利益又は損失の合計額は四半期連結損益計算書の営業損失と一致しております。 ２．報告セグメントごとの固定資産の減損損失又はのれん等に関する情報 該当事項はありません。 ３．報告セグメントの変更等に関する事項 前連結会計年度において、当社グループの報告セグメントを「ITアウトソーシング事業」及び「EC事 業」の２事業としておりましたが、当第１四半期連結会計期間より事業ポートフォリオに基づく各事業領 域の収益性、投資効率などを明確にするため、「ホテルコンバージョン事業」、「介護派遣事業」、「エ ンジニア派遣事業」、「コールセンター、求人、人材紹介事業」及び「Ada.事業（EC事業）」の５事業を 報告セグメントとして記載する方法に変更しております。 なお、前第１四半期連結累計期間のセグメント情報は、当第１四半期連結累計期間の報告セグメントの 区分に基づき作成したものを開示しております。 また、前連結会計年度において、賃貸収益及び賃貸費用につきましては営業外収益及び営業外費用に計 上しておりましたが、投資不動産を事業化したことに伴い、「売上高」、「売上原価」及び「販売費及び 一般管理費」に計上する方法に変更いたしました。 （株主資本の金額に著しい変動があった場合の注記） 該当事項はありません。 （継続企業の前提に関する注記） 該当事項はありません。 - 9 - クルーズ株式会社(2138) 2027年３月期 第１四半期決算短信 前第１四半期連結累計期間 （自 2025年４月１日 至 2025年６月30日） 当第１四半期連結累計期間 （自 2026年４月１日 至 2026年６月30日） 減価償却費 51,876千円 65,701千円 （四半期連結キャッシュ・フロー計算書に関する注記） 当第１四半期連結累計期間に係る四半期連結キャッシュ・フロー計算書は作成して",EQUITY,Technology,Software - Application
1,2139,"Chuco Co., Ltd.",eコマース,内需・消費,,,92.0,90.0,,未確定,C,revenue_share_unknown,unknown,unknown,,https://chuco.co.jp/,株式会社 中広 採用情報 Recruit TOP メディア Media ＞メディア一覧 ＞情報誌・フリーペーパー ＞WEB・アプリ ＞イベント・セミナー ＞Eコマース ＞業務用商材 サービス Service ＞サービス一覧 ＞フリーマガジン・情報誌 ＞ペーパーメディア（紙媒体） ＞交通広告 ＞デジタルメディア ＞イベントプロモーション ＞クリエイティブ・デザイン ＞映像・マスメディア広告 ＞オフィスソリューション 企業情報 Overview ＞社長メッセージ ＞会社概要 ＞沿革 ＞サステナビリティ ＞事業所一覧 ＞中広報 ＞地域の人々とともに地域に貢献 ー 中広のCSR ＞児童虐待防止運動 ＞個人情報保護方針 投資家情報 Investor information ＞業績ハイライト ＞株式情報 ＞株価情報（外部リンク） ＞電子公告 ＞IRライブラリ ＞投資家向けQ&A お問い合わせ Contact MENU MENU TO,EQUITY,Communication Services,Advertising Agencies
1,2148,ITmedia Inc.,IT関連,デジタル・サービス,,,72.0,68.0,,未確定,C,revenue_share_unknown,unknown,unknown,,https://corp.itmedia.co.jp/,"トップページ - アイティメディア株式会社 会社情報 ニュース IR サステナビリティ プライバシー 採用 メディア一覧 広告サービス お問合せ EN 当社の事業概要、収益モデル、 競争優位性、成長分野など、 詳しくお伝えします。 東証プライム市場に 上場しております。 ITとその周辺領域にフォーカスした 質の高い記事を提供します。 IRリリース、決算情報、事業説明動画などの 資料をご紹介しています。 月間4,000万ユニークブラウザを超える利用者を持つ アイティメディアの媒体を是非ともご活用ください。 メディアを成長させるイノベーターとしての志を共有し、 共にチャレンジできる仲間を求めています。 会社情報 会社概要 アイティメディアの「事業」 アイティメディアの「あゆみ」 アイティメディアの「思い」 アイティメディアの「人」 経営陣紹介 ニュース プレスリリース お知らせ 株主・投資家情報 IRニュース 経営情報 個人投資家の皆様へ 業績・財務情報 IRライブラリ 株式情報 その他IR関連情報 サステナビリティ プライバシー 個人情報保護方針 プライバシーポリシー クッキーポリシー 採用 採用情報 女性活躍推進に向けた取り組み メディア一覧 広告・サービス",EQUITY,Communication Services,Advertising Agencies
1,2148,ITmedia Inc.,クラウドコンピューティング,デジタル・サービス,,,8.0,5.0,,未確定,C,revenue_share_unknown,unknown,unknown,,,売上構成比を公式資料から数値で確認できず,EQUITY,Communication Services,Advertising Agencies
1,2148,ITmedia Inc.,デジタルトランスフォーメーション,デジタル・サービス,,,8.0,5.0,,未確定,C,revenue_share_unknown,unknown,unknown,,,売上構成比を公式資料から数値で確認できず,EQUITY,Communication Services,Advertising Agencies
1,2148,ITmedia Inc.,データ分析・解析,AI・半導体,,,8.0,5.0,,未確定,C,revenue_share_unknown,unknown,unknown,,,売上構成比を公式資料から数値で確認できず,EQUITY,Communication Services,Advertising Agencies
1,2148,ITmedia Inc.,人工知能,AI・半導体,,,8.0,5.0,,未確定,C,revenue_share_unknown,unknown,unknown,,https://corp.itmedia.co.jp/corp/inquiry/,お問い合わせ - 会社・事業紹介 会社情報 ニュース IR サステナビリティ プライバシー 採用 メディア一覧 広告サービス お問合せ EN HOME > 会社・事業紹介 > お問い合わせ お問い合わせ 会社・事業紹介トップへ > 会社概要 地図・アクセス 会社・事業紹介 アイティメディアの「事業」 リードジェン紹介動画 アイティメディアの「あゆみ」 アイティメディアの「思い」 アイティメディアの「人」 サステナビリティ 経営陣紹介 会社からのお知らせ 次世代育成支援行動計画 女性活躍推進行動計画 アイティメディア AI倫理ポリシー リンク集 PAGE TOP 会社情報 会社概要 アイティメディアの「事業」 アイティメディアの「あゆみ」 アイティメディアの「思い」 アイティメディアの「人」 経営陣紹介 ニュース プレスリリース お知らせ 株主・投資家情報 IRニュース 経営情報 個人投資家の皆様へ 業績・財務情報 IRライブラリ 株式情報 その他IR関連情報 サステナビリティ プライバシー 個人情報保護方針 プライバシーポリシー クッキーポリシー 採用 採用情報 女性活躍推進に向けた取り組み メディア一覧 広告・サービス サービス一覧 媒体資料一覧 お問い合わせ お取引先様相談窓口 本サイトに掲載されているすべてのコンテンツの無断複写・転載・公衆送信等を禁じます。 Copyright ITmedia Inc. All Rights Reserved.,EQUITY,Communication Services,Advertising Agencies
1,2153,E J Holdings Inc.,国土強靱化,防衛・国土強靱化,,,42.0,42.0,,未確定,C,revenue_share_unknown,unknown,unknown,,,売上構成比を公式資料から数値で確認できず,EQUITY,Industrials,Engineering & Construction
1,2153,E J Holdings Inc.,防災,防衛・国土強靱化,,,82.0,86.0,,未確定,C,revenue_share_unknown,unknown,unknown,,,売上構成比を公式資料から数値で確認できず,EQUITY,Industrials,Engineering & Construction
1,2158,"FRONTEO, Inc.",IT関連,デジタル・サービス,,,94.0,86.0,,未確定,C,revenue_share_unknown,unknown,unknown,,https://www.fronteo.com/,"ンプライアンス支援のソリューションは、すべてのメガバンクにご導入いただいています。累計導入企業数は300社以上。国産AI企業としての多くの日本企業に認めていただいています 国際訴訟支援、不正調査支援件数 （2026年5月時点） 11,000 件 メガバンクグループ導入率 100 % 五大証券会社導入率 80 % News すべて お知らせ メディア情報 プレスリリース 2026.09.03 プレスリリース FRONTEOとカイオム・バイオサイエンス、 バイスペシフィック抗体医薬品創出に向けた共同研究を開始 2026.09.02 お知らせ 「個人投資家向け会社説明会」アーカイブ配信開始のお知らせ 2026.08.31 プレスリリース FRONTEO CSO豊柴 博義、 上位50製薬企業すべてが集う米国AI創薬サミット 「AI Drug Discovery & Development Summit 2026」に登壇 2026.09.02 お知らせ 「個人投資家向け会社説明会」アーカイブ配信開始のお知らせ 2026.08.18 お知らせ 【お知らせ】野村インベスター・リレーションズ株式会社主催の個人投資家向けWEBセミナーを開催 2026.08.18 お知らせ 【お知らせ】エンヴァリス、決算速報、決算説明会速報レポート発出 2026.08.28 メディア情報 日本経済新聞朝刊・日本経済新聞電子版・Nikkei Asia 「科学論文、安保上｢懸念ある｣組織との共著倍増 国内の研究機関」 2026.05.19 メディア情報 日本経済新聞電子版「FRONTEO、AI創薬拠点を開設 データ蓄積で予測精度向上」 2026.05.12 メディア情報 日本経済新聞電子版「東京科学大学とFRONTEO、AI創薬の拠点 がん治療薬など探索」 2026.09.03 プレスリリース FRONTEOとカイオ",EQUITY,Technology,Information Technology Services
1,2158,"FRONTEO, Inc.",クラウドコンピューティング,デジタル・サービス,,,8.0,5.0,,未確定,C,revenue_share_unknown,unknown,unknown,,,売上構成比を公式資料から数値で確認できず,EQUITY,Technology,Information Technology Services
1,2158,"FRONTEO, Inc.",データ分析・解析,AI・半導体,,,66.0,56.0,,未確定,C,revenue_share_unknown,unknown,unknown,,,売上構成比を公式資料から数値で確認できず,EQUITY,Technology,Information Technology Services
1,2158,"FRONTEO, Inc.",ロボット,AI・半導体,,,8.0,5.0,,未確定,C,revenue_share_unknown,unknown,unknown,,,売上構成比を公式資料から数値で確認できず,EQUITY,Technology,Information Technology Services
1,2158,"FRONTEO, Inc.",人工知能,AI・半導体,,,100.0,92.0,,未確定,C,revenue_share_unknown,unknown,unknown,,https://www.fronteo.com/,"株式会社FRONTEO | 自社開発のAIでビジネスソリューションを提供 | FRONTEO, Inc. | 自社開発のAIでビジネスソリューションを提供 企業情報 企業情報 企業概要 CEOメッセージ CEO特別対談 企業理念・企業動画 事業概要 沿革 役員一覧 上場物語 採用情報 プレスリリース 国内外拠点 IR情報 ライフサイエンスAI リスクマネジメント リーガルテックAI 経済安全保障 ビジネスインテリジェンス・コンプライアンス支援 ビジネスインテリジェンス・プロフェッショナル支援 DX DX内製化支援/システム開発（株式会社アルネッツ） 問い合わせ English 日本語 Read More AI創薬導出パイプライン Our Solution ライフサイエンスAI AI創薬 AI医療機器／非医療機器 リスクマネジメント リーガルテックAI 経済安全保障 コンプライアンス支援 プロフェッショナル支援 DX DX内製化支援",EQUITY,Technology,Information Technology Services
1,2158,"FRONTEO, Inc.",創薬,医療・ヘルスケア,,,92.0,90.0,,未確定,C,revenue_share_unknown,unknown,unknown,,https://www.fronteo.com/,"株式会社FRONTEO | 自社開発のAIでビジネスソリューションを提供 | FRONTEO, Inc. | 自社開発のAIでビジネスソリューションを提供 企業情報 企業情報 企業概要 CEOメッセージ CEO特別対談 企業理念・企業動画 事業概要 沿革 役員一覧 上場物語 採用情報 プレスリリース 国内外拠点 IR情報 ライフサイエンスAI リスクマネジメント リーガルテックAI 経済安全保障 ビジネスインテリジェンス・コンプライアンス支援 ビジネスインテリジェンス・プロフェッショナル支援 DX DX内製化支援/システム開発（株式会社アルネッツ） 問い合わせ English 日本語 Read More AI創薬導出パイプライン Our Solution ライフサイエンスAI AI創薬 AI医療機器／非医療機器 リスクマネジメント リーガルテックAI 経済安全保障 コンプライアンス支援 プロフェッショナル支援 DX DX内製化支援/システム開発 Our Business FRONTEOは、リスクマネジメント、ライフサイエンスAI、DXの分野で、専門家の可能性を“拡張”する支援を行っています。国際訴訟、不正調査といったリーガルテック領域では１万件以上の実績を誇り、コンプライアンス支援のソリューションは、すべてのメガバンクにご導入いただいています。累計導入企業数は300社以上。国産AI企業としての多くの日本企業に認めていただいています 国際訴訟支援、不正調査支援件数 （2026年5月時点） 11,000 件 メガバンクグループ導入率 100 % 五大証券会社導入率 80 % News すべて お知らせ",EQUITY,Technology,Information Technology Services
1,2158,"FRONTEO, Inc.",生成AI,AI・半導体,,,85.0,82.0,,未確定,C,revenue_share_unknown,unknown,unknown,,https://www.fronteo.com/,"2026.08.26 プレスリリース FRONTEO、AIレビューツール「KIBIT Automator」をアップデート 不正調査を担う弁護士（調査担当者）が、自身でAI検索を実行できる機能を追加 一覧を見る Seminar イベント/セミナー ライフサイエンスセミナー 【9/29開催オンラインセミナー】薬理研究者が事例で解説 精神疾患創薬のブレイクスルー： エンドフェノタイプ×KIBITによる新規標的探索 イベント/セミナー リスクマネジメントセミナー 【9/15開催ハイブリッドセミナー】企業不祥事対応をアップグレードする イベント/セミナー リスクマネジメントセミナー 【9/8開催オンラインセミナー】アクティビスト投資家対応～エクイティ・ガバナンス時代を如何に乗り切るか～ 一覧を見る AI Learning RAG（検索拡張生成）とは。カギは「検索」するAI – 意味や仕組み、LLM・生成AIとの関連も解説 概念検索はキーワード検索とどう違う？AIの概念検索が人類の集合知から新境地を切り開く 生成AIとは 簡単にわかりやすく – 種類と使い方,仕組みやデメリット,ChatGPTの躍進も解説 一覧を見る 企業概要 企業概要 CEOメッセージ 役員一覧 採用情報 IR情報 IR情報 業績・財務 IR資料室 IRカレンダー ライフサイエンスAI ライフサイエンスAI AI創薬支援プラットフォーム AI論文探索 AI医療機器 リスクマネジメント リーガルテックAI 経済安全保障 コンプライアンス支援 プロフェッショナル支援 DX DX内製化支援/システム開発 （株式会社アルネッツ） 問い合わせ 問い合わせ 個人情報の取り扱いについて 情報セキュリティ方針 ソーシャルメディアポリシー ウェブサイト利用規約 Cookieポリシー AIガバナンス・倫理ポリシー Copyright © FRO",EQUITY,Technology,Information Technology Services
1,2160,GNI Group Ltd.,バイオテクノロジー関連,医療・ヘルスケア,,,94.0,100.0,,未確定,C,revenue_share_unknown,unknown,unknown,,https://www.gnipharma.com/wp/wp-content/uploads/2025/08/GNI-Materials-2025.08.22_%E6%97%A5%E6%9C%AC%E8%AA%9E-1.pdf,"We Bring New Hope to Life 株式会社ジーエヌアイグループ Securities Code: TSE:2160 2025年12月期 第２四半期決算説明会 2025年8月29日 We Bring New Hope to LifeWe Bring New Hope to Life ジーエヌアイグループ 概要 グローバル展開 中国、米国市場を活用し、日本本社から持続的な事業成長を実現する グローバルバイオ医薬品企業（東証: 2160） 事業構成 ① 製薬事業 ② 創薬事業 ③ 医療機器事業 重点疾患領域：線維症、疼痛、がん、整形外科 グローバルネットワーク 主要事業拠点：日本、中国、米国、豪州 会社数：26社 従業員数：915名 研究開発と販売 開発中のパイプラインおよび上市製品：23 中国における病院等の販売網：3,000 中国におけるMR人数：400名 © 2025 GNI Group Ltd. All rights reserved 2 We Bring New Hope to LifeWe Bring New Hope to Life 戦略的グローバル体制によるグループ成長の加速 ジーエヌアイグループは、中国・米国・日本にまたがるヘルスケア・バリューチェーンにおいて、独自のポジションを 確立しています。「イノベーション」「効率性」「機動力」の戦略的バランスをグローバルに実現し、相互補完",EQUITY,Healthcare,Biotechnology
1,2160,GNI Group Ltd.,創薬,医療・ヘルスケア,10.50,,90.0,82.0,,未確定,C,calculated_ratio_needs_qa,calculated_candidate_only,calculated_ratio_candidate,calculated_same_snippet,https://www.gnipharma.com/wp/wp-content/uploads/2025/08/GNI-Materials-2025.08.22_%E6%97%A5%E6%9C%AC%E8%AA%9E-1.pdf,"09 3,992 633 604 営業利益 2,399 1,622 △1,487 △2,274 707 773 3,060 △1,704 セグメント別（累計） Note：Gyre Therapeutics,Inc.の業績はその他に含まれております。 各セグメントの合算値と連結財務諸表における実績値との乖離は連結修正によるものです。 ・その他セグメントでは2024年に当社がGNI USAから受領したGYRE株式を用いた貸付金返済に伴う貸倒引当金戻入益約60億円を計上していることから営業黒字 （グループ内取引のため、連結決算上は為替換算差額を除いて全額連結消去） We Bring New Hope to LifeWe Bring New Hope to Life セグメント別業績（累計） • GNI Group（当社）がGNI USAから受領したGYRE株式を用いた貸付金返済に伴う貸倒引当金戻入益約60億円を計上している ことから営業黒字（グループ内取引のため、連結決算上は為替換算差額を除いて全額連結消去） 事業セグメント セグメントに 含まれる企業数 企業 説明 その他 14社 • GNI Group（日本） • Gyre Therapeutics（米国） • 上海リーフ（中国） • マイクレン・ヘルスケア（日本） 他 当社ならびに創薬事業を展開する米国上場企業Gyre Therapeuticsの２社を含 み、将来の成長基盤を支える戦略的な投資を行う事業群 （単位：百万円） 製薬 創薬 メドテック その他 2024 Q2 2025 Q2 2024 Q2 2025 Q2 2024 Q2 2025 Q2 2024 Q2 2025 Q2 売上収益 7,844 7,171 754 480 2,509 3,992 633 604 営業利益 2,399 1,622 △1,487 △2,274 707 773 3,060 △1,704 その他セグメント詳細 • Gyre Therapeutics社（米国上場子会社）の研究開発費等、先行投資費用も含まれる • 2025年Q1にGNI Group（当社）自社株価予約取引の損失6.3億円の計上 2024年Q2 営業利益の要因 2025年Q2 営業損失の要因 © 2025 GNI Group Ltd. All rights reserved 7 We Bring New Hope to LifeWe Bring New Hope to Life 2025年度 業績予想 （単位：百万円） 2024年通期 実績 2025年通期 予想 売上収益 23,611 28,733 売上総利益 18,037 22,954 営業利益 1,402 23,217 税引前当期利益 238 22,541 当期利益 △9 15,868 親会社帰属当期利益 1,",EQUITY,Healthcare,Biotechnology
1,2160,GNI Group Ltd.,医療機器,医療・ヘルスケア,,,92.0,98.0,,未確定,C,revenue_share_unknown,unknown,unknown,,https://www.gnipharma.com/wp/wp-content/uploads/2025/08/GNI-Materials-2025.08.22_%E6%97%A5%E6%9C%AC%E8%AA%9E-1.pdf,"We Bring New Hope to Life 株式会社ジーエヌアイグループ Securities Code: TSE:2160 2025年12月期 第２四半期決算説明会 2025年8月29日 We Bring New Hope to LifeWe Bring New Hope to Life ジーエヌアイグループ 概要 グローバル展開 中国、米国市場を活用し、日本本社から持続的な事業成長を実現する グローバルバイオ医薬品企業（東証: 2160） 事業構成 ① 製薬事業 ② 創薬事業 ③ 医療機器事業 重点疾患領域：線維症、疼痛、がん、整形外科 グローバルネットワーク 主要事業拠点：日本、中国、米国、豪州 会社数：26社 従業員数：915名 研究開発と販売 開発中のパイプラインおよび上市製品：23 中国における病院等の販売網：3,000 中国におけるMR人数：400名 © 2025 GNI Group Ltd. All rights reserved 2 We Bring New Hope to LifeWe Bring New Hope to Life 戦略的グローバル体制によるグループ成長の加速 ジーエヌアイグループは、中国・米国・日本にまたがるヘルスケア・バリューチェーンにおいて、独自のポジションを 確立しています。「イノベーション」「効率性」「機動力」の戦略的バランスをグローバルに実現し、相互補完的な 強みを最大限に活用しています。 日本 • 本社および東証上場拠点（216",EQUITY,Healthcare,Biotechnology
1,2160,GNI Group Ltd.,医薬品関連,医療・ヘルスケア,10.50,,97.0,100.0,,未確定,C,calculated_ratio_needs_qa,calculated_candidate_only,calculated_ratio_candidate,calculated_same_snippet,https://www.gnipharma.com/wp/wp-content/uploads/2025/08/GNI-Materials-2025.08.22_%E6%97%A5%E6%9C%AC%E8%AA%9E-1.pdf,"2,509 3,992 633 604 営業利益 2,399 1,622 △1,487 △2,274 707 773 3,060 △1,704 セグメント別（累計） Note：Gyre Therapeutics,Inc.の業績はその他に含まれております。 各セグメントの合算値と連結財務諸表における実績値との乖離は連結修正によるものです。 ・その他セグメントでは2024年に当社がGNI USAから受領したGYRE株式を用いた貸付金返済に伴う貸倒引当金戻入益約60億円を計上していることから営業黒字 （グループ内取引のため、連結決算上は為替換算差額を除いて全額連結消去） We Bring New Hope to LifeWe Bring New Hope to Life セグメント別業績（累計） • GNI Group（当社）がGNI USAから受領したGYRE株式を用いた貸付金返済に伴う貸倒引当金戻入益約60億円を計上している ことから営業黒字（グループ内取引のため、連結決算上は為替換算差額を除いて全額連結消去） 事業セグメント セグメントに 含まれる企業数 企業 説明 その他 14社 • GNI Group（日本） • Gyre Therapeutics（米国） • 上海リーフ（中国） • マイクレン・ヘルスケア（日本） 他 当社ならびに創薬事業を展開する米国上場企業Gyre Therapeuticsの２社を含 み、将来の成長基盤を支える戦略的な投資を行う事業群 （単位：百万円） 製薬 創薬 メドテック その他 2024 Q2 2025 Q2 2024 Q2 2025 Q2 2024 Q2 2025 Q2 2024 Q2 2025 Q2 売上収益 7,844 7,171 754 480 2,509 3,992 633 604 営業利益 2,399 1,622 △1,487 △2,274 707 773 3,060 △1,704 その他セグメント詳細 • Gyre Therapeutics社（米国上場子会社）の研究開発費等、先行投資費用も含まれる • 2025年Q1にGNI Group（当社）自社株価予約取引の損失6.3億円の計上 2024年Q2 営業利益の要因 2025年Q2 営業損失の要因 © 2025 GNI Group Ltd. All rights reserved 7 We Bring New Hope to LifeWe Bring New Hope to Life 2025年度 業績予想 （単位：百万円） 2024年通期 実績 2025年通期 予想 売上収益 23,611 28,733 売上総利益 18,037 22,954 営業利益 1,402 23,217 税引前当期利益 238 22,541 当期利益 △9 15,868 親会社帰属当期利益",EQUITY,Healthcare,Biotechnology
1,2164,"Chiikishinbunsha Co.,Ltd.",人工知能,AI・半導体,,,8.0,5.0,,未確定,C,revenue_share_unknown,unknown,unknown,,,売上構成比を公式資料から数値で確認できず,EQUITY,Communication Services,Publishing
1,2164,"Chiikishinbunsha Co.,Ltd.",生成AI,AI・半導体,,,8.0,5.0,,未確定,C,revenue_share_unknown,unknown,unknown,,,売上構成比を公式資料から数値で確認できず,EQUITY,Communication Services,Publishing
1,2169,"CDS Co.,Ltd.",FA関連,設備投資・機械,,,92.0,98.0,,未確定,C,revenue_share_unknown,unknown,unknown,,https://www.cds-japan.jp/ja/,トップページ – CDS株式会社 ホーム CDSとは 企業情報 CORPORATE INFORMATION 企業情報 企業情報一覧へ 代表挨拶・社是 会社概要・沿革 事業所一覧 IR情報 INVESTOR RELATIONS IR情報 IR情報一覧へ IRライブラリ 財務ハイライト IR新着情報 IRカレンダー 電子公告 株式について 事業内容 OUR BUSINESS 事業内容 技術情報ソリューション事業 取扱説明書 サービスマニュアル デジタルコンテンツ Web・eラーニングコンテンツ 多言語翻訳 ワンソース・マルチユース コンサルティング 3D-CAD設計 FAロボットソリューション事業 ものづくり事業 人づくり事業 デジタルソリューション事業 総合デジタルソリューション サステナビリティ SUSTAINABILITY サステナビリティ サステナビリティ方針 企業活動を通じた取り組み 環境への取り組み 社会貢献の取り組み 新たなワークスタイルの取り組み 事業活動を通じた取り組み 採用情報 CDSグループ CDS GROUP CDSグループ 一覧へ CDSグループの強み CDSグループ一覧 CONTACT CONTACT US 各種お問い合わせ 一般のお問い合わせ 当社に関するお問い合わせや、カタログ請求等はこちら から IR情報に関するお問い合わせ 投資家情報に関するお問い合わせはこちらから 採用に関するお問い合わせ 採用情報・説明会・エントリーに関するお問い合わせは こちらから JP EN グループ新情報＆プレスリリース 新情報 2026/07,EQUITY,Technology,Software - Application
1,2169,"CDS Co.,Ltd.",IoT,設備投資・機械,,,8.0,5.0,,未確定,C,revenue_share_unknown,unknown,unknown,,,売上構成比を公式資料から数値で確認できず,EQUITY,Technology,Software - Application
1,2169,"CDS Co.,Ltd.",ロボット,AI・半導体,,,92.0,98.0,,未確定,C,revenue_share_unknown,unknown,unknown,,https://www.cds-japan.jp/ja/,トップページ – CDS株式会社 ホーム CDSとは 企業情報 CORPORATE INFORMATION 企業情報 企業情報一覧へ 代表挨拶・社是 会社概要・沿革 事業所一覧 IR情報 INVESTOR RELATIONS IR情報 IR情報一覧へ IRライブラリ 財務ハイライト IR新着情報 IRカレンダー 電子公告 株式について 事業内容 OUR BUSINESS 事業内容 技術情報ソリューション事業 取扱説明書 サービスマニュアル デジタルコンテンツ Web・eラーニングコンテンツ 多言語翻訳 ワンソース・マルチユース コンサルティング 3D-CAD設計 FAロボットソリューション事業 ものづくり事業 人づくり事業 デジタルソリューション事業 総合デジタルソリューション サステナビリティ SUSTAINABILITY サステナビリティ サステナビリティ方針 企業活動を通じた取り組み 環境への取り組み 社会貢献の取り組み 新たなワークスタイルの取り組み 事業活動を通じた取り組み 採用情報 CDSグループ CDS GROUP CDSグループ 一覧へ CDSグループの強み CDSグループ一覧 CONTACT CONTACT US 各種お問い合わせ 一般のお問い合わせ 当社に関するお問い合わせや、カタログ請求等はこちら から IR情報に関するお問い合わせ 投資家情報に関するお問い合わせはこちらから 採用に関するお問い合わせ 採用情報・説明会・エントリーに関するお問い合わせは こちらから JP EN グループ新情報＆プレスリリース 新情報 2026/07/21,EQUITY,Technology,Software - Application
1,2170,Link and Motivation Inc.,クラウドコンピューティング,デジタル・サービス,50.00,62.5,92.0,94.0,76.1,有力関連,B,explicit_ratio_needs_qa,revenue_share_v4_candidate,explicit_ratio_candidate,explicit_percent,https://www.lmi.ne.jp/ir/,TCFD） 社会（人的資本マネジメント） 社会（人権） 社会（DE&I） 社会（地域社会） コーポレート・ガバナンス コンプライアンス データ 社外からの評価 採用情報 お問い合わせ JP EN Close IR情報 HOME IR情報 For Investors 株主・投資家の皆様へ Top Message トップメッセージ For Individual Investors 個人投資家の皆様へ Shareholder benefits 株主優待制度 Financial Highlight 財務・業績ハイライト Summary & Topics （2026年2Q） 決算サマリ Summary & Topics 売上収益、売上総利益は、前年比 大幅増 。 営業利益は前年比微増も、業績予想に対する 進捗率は50%を超え、順調に進捗 。 「モチベーションクラウド エントリーマネジメント」の好調な立ち上がり により、 モチベーションクラウドの月会費売上計画を 前年比116.4% の 7.3億円 に 上方修正 。 8月には、マネジメント支援の新プロダクト 「モチベーションクラウド マネジメント」 をリリース。 AIエージェントとして、AIがマネジメント業務を自律的に支援。 既存サービスについても、中堅企業、自治体、海外において順調に拡大。 SELF株式会社 を 株式交換により完全子会社化 することに向けた 協議を開始する旨の基本合意書を締結。 同社サービス「SELFBOT」をモチベーションクラウドに追加し、顧客の生産性向上を支援。 2026年2月より、取得金額の上限を 60億円 とする 過去最大規模の自己株式取得 を実施。 2026年7月31日現在、 取得株数47.01% 、 取得総額54.11% の進捗状況。 株主優待制度のベース金額を 10%増額 。 最大年間44万円分 の株主優待品を進呈。 株価リアルタイム Stock Info Real-Time : 証券コード Code 取引値 Price 前日比 Change 前日終値 Previous 出来高 Volume チャートはこちらから IR Library IRライブラリ 最新資料 一括ダウンロード(ZIP形式) Report Library レポートライブラリ News release ニュースリリース 2026.9.3 お知らせ 個人投資家向け説明会に登壇しました （大和インベスター・リレーションズ） 2026.9.1 IR情報 経営 自己株式取得の取得結果及び取得終了のお知らせ 2026.8.20 お知らせ 「モチベーションクラウド エンゲージメント」が 売上金額シェア10年連続第1位を獲得！ 2026.8.10 IR情報 株主優待制度の拡充に関するお知らせ 2026.8.10 IR情報 経営 SELF株,EQUITY,Industrials,Consulting Services
1,2170,Link and Motivation Inc.,サブスクリプション,デジタル・サービス,,,8.0,5.0,,未確定,C,revenue_share_unknown,unknown,unknown,,,売上構成比を公式資料から数値で確認できず,EQUITY,Industrials,Consulting Services
1,2173,Hakuten Corporation,サービスロボット,設備投資・機械,,,8.0,5.0,,未確定,C,revenue_share_unknown,unknown,unknown,,,売上構成比を公式資料から数値で確認できず,EQUITY,Communication Services,Advertising Agencies
1,2173,Hakuten Corporation,人工知能,AI・半導体,,,92.0,90.0,,未確定,C,revenue_share_unknown,unknown,unknown,,https://www.hakuten.co.jp/,株式会社博展 HAKUTEN | Communication Design® 株式会社 博展 SERVICE WORKS STORY COMPANY IR RECRUIT CONTACT TOP SERVICE WORKS STORY COMPANY PURPOSE SUSTAINABILITY NEWS IR RECRUIT CONTACT MEDIA JP EN Facebook Twitter Instagram note youtube サイトマップ サイトポリシー プライバシーポリシー ソーシャルメディアポリシー 人・モノ・コトが時間や場所を問わずつながることができる時代において、 私たちは社会の流れを常に捉え、コミュニケーションの本質とは何かを探究し続けます。 そして、ココロある豊かなコミュニケーションをデザインすることで、 人と社会に創造力を生み出し、未来へつなげる原動力をつくります。 MORE Find Carrier（HVAC&R JAPAN 2026） 日本キヤリア株式会社 Find Carrier（HVAC&R JAPAN 2026） HVAC&R JAPAN 2026で日本キヤリアブースの企画・デザイン・設計・施工を担当しました。 本ブース,EQUITY,Communication Services,Advertising Agencies
1,2175,"SMS Co., Ltd.",サブスクリプション,デジタル・サービス,,,8.0,5.0,,未確定,C,revenue_share_unknown,unknown,unknown,,,売上構成比を公式資料から数値で確認できず,EQUITY,Healthcare,Health Information Services
1,2175,"SMS Co., Ltd.",介護関連,医療・ヘルスケア,,,97.0,100.0,,未確定,C,revenue_share_unknown,unknown,unknown,,https://www.bm-sms.co.jp/,"株式会社エス・エム・エス 企業情報 企業情報TOP 理念 私たちが大切にしていること 私たちが目指していること 事業創造の歴史 トップメッセージ 会社概要 経営陣紹介 国内所在地一覧 グループ企業 事業内容 事業内容TOP キャリア 介護事業者 ヘルスケア シニアライフ 海外 ニュース ニュースTOP プレスリリース お知らせ メディア掲載情報 株主・投資家情報 株主・投資家情報TOP 経営方針 IRライブラリ 株式情報 財務情報 IRニュース IRカレンダー 個人投資家の皆様へ IRポリシー よくあるご質問 サステナビリティ サステナビリティTOP 社会課題解決による価値創造 マテリアリティ／外部からの評価 社会 ガバナンス 環境 ESGデータ 採用情報 お問い合わせ English 高齢社会に適した情報インフラを構築することで 人々の生活の質を向上し、社会に貢献し続ける ニュース 2026年9月1日 プレスリリース エス・エム・エス、介護・医療・障害福祉特化型ファクタリング 「カイポケ早期入金」の導入が3,000法人を突破。～利用拡大を機にサイトリニューアル。情報提供を強化し、「ケアを支える事業者の金融包摂」を推進～",EQUITY,Healthcare,Health Information Services
1,2183,"Linical Co., Ltd.",バイオテクノロジー関連,医療・ヘルスケア,,,94.0,100.0,,未確定,C,revenue_share_unknown,unknown,unknown,,https://www.linical.com/ja/,リニカルは、すべてのフェーズにおいて試験を成功に導く計画立案をサポートし、高い品質で業務を遂行します。 症例登録 世界各国の施設との強い関係性を活かし、施設に合わせた取り組みを計画に織り込むことで、スケジュール通り遂行できるよう支援します。 質の高いデータ 最終ゴールを常に念頭に置いて計画を立て、正確で有用なデータ取得を支援することで、皆さまの目標達成をサポートいたします。 開発の成功を共に目指す真のパートナーとしてご評価いただいています。 「リニカルチームの皆さま - 当社の治験において、重要なマイルストーンの達成に貢献してくれたプロジェクト・チーム全員に感謝の意を表したいと思います。御社の支援と尽力がなければ、このほとんど不可能ともいえるスケジュールに合わせることは本当に不可能であったと思います。 どうもありがとうございました。」 – アソシエイト・グローバル治験ディレクター、中規模バイオテクノロジー企業 「治験実施に向けた誠実な取組み、そして情熱と献身と創造力に満ちた支援に心より感謝いたします。才能あふれるリニカルのクリニカルオペレーションチームと共に仕事が出来たことに喜びを感じています。」 – 臨床開発本部長、中規模バイオテクノロジー企業 「綿密な症例登録管理が本当に素晴らしいと思います！今回のプロジェクトは簡単な試験とは言えません。関わったメンバー全員に感謝しています！プロジェクトのデータの提出等をお任せしましたがすべてFDAの審査を通過しました。このようなことはこれまで他のCROではなかったことでした。」 – 臨床事業担当エグゼクティブ・ディレクター、中規模バイオテクノロジー企業 「開発プログラム全体にわたり、リニカルと一緒に仕事ができてよかったです。彼らは私たちのチームと協力して共にゴールを目指す真のパートナーです。」 – チーフメディカルオフィサー、中規模バイオテクノロジー,EQUITY,Healthcare,Biotechnology
1,2183,"Linical Co., Ltd.",認知症薬,医療・ヘルスケア,,,8.0,5.0,,未確定,C,revenue_share_unknown,unknown,unknown,,,売上構成比を公式資料から数値で確認できず,EQUITY,Healthcare,Biotechnology
1,2186,Sobal Corporation,IT関連,デジタル・サービス,,,90.0,96.0,,未確定,C,revenue_share_unknown,unknown,unknown,,https://www.sobal.co.jp/,¦ãæ¯æ´ããã¨ã³ã¸ãã¢ãã¯ã¯ã¯ã¯ã§ããä¼ç¤¾ãæ¥æ¬ä¸ã«ãªããã¨ãç®æ¨ã«ãã¦ãã¾ãã æ¡ç¨æ å ±ã¸ One-Stop Solution å ¨å·¥ç¨ãä¸è²«ãã¦å®çµããå¼·ã¿ è¦æ±å®ç¾©ããè¨­è¨ã»éçºã»è©ä¾¡ã»ä¿å®éç¨ã¾ã§ãã½ã¼ãã«ã§ã¯ã¯ã³ã¹ãããã§å¯¾å¿ãããã¨ãå¯è½ã§ãããã­ã¸ã§ã¯ãã®å ¨ã¦ã®å·¥ç¨ã«ããã¦ãé«åè³ªãªITãµã¼ãã¹ããå±ããããã¾ãã äºæ¥­æ¡å ã¸ Trust & Stability çå¿µãæ¯ããä¿¡é ¼ã¨å®å® 1983å¹´ã®åµæ¥­ãããæè¡ã§ç¤¾ä¼ã«è²¢ç®ãããã¨ããå¤ããã¬çå¿µãæ²ããèªå¾çãªæé·ãéãã¦ãã¾ãããä¸å ´ä¼æ¥­ã¨ãã¦ã®å¼·åºãªåºç¤ã®ãã¨ãè±ããªæä»£ã®åµé ãç®æãã¦ã¾ããã¾ãã çµå¶åºæ¬æ¹éã¸ AI Artificial In,EQUITY,Technology,Software - Application
1,2186,Sobal Corporation,IoT,設備投資・機械,,,90.0,82.0,,未確定,C,revenue_share_unknown,unknown,unknown,,https://www.sobal.co.jp/,ä¼ç¤¾ ãã¥ã¼ã¹ã»ãç¥ãã èªè¨¼ã»è³æ ¼ CSR CSR TOP CSRçå¿µ ãã©ã³ãã£ã¢æ´»å ç½å®³æ¯æ´ å¯ä» æ å ±ã»ã­ã¥ãªãã£æ¹é CSR ãååã äºæ¥­æ¡å äºæ¥­æ¡å TOP AI AIï¼ãã¼ã¿ãµã¤ã¨ã³ã¹ ã¢ãã¬ã«ECåã ã¬ã³ã¡ã³ãã·ã¹ãã WEBã¢ããªï¼æ¥­åç³» ã¢ããªã±ã¼ã·ã§ã³éçº WEBã»ã¯ã©ã¦ãéçº Salesforceéçº çµè¾¼ã¿ çµè¾¼ã¿éçº IoTã½ãªã¥ã¼ã·ã§ã³ éçºæ¯æ´ ããã¥ã¢ã«ã»WEBå¶ä½ ECãµã¤ãå¶ä½ çµ±è¨è§£æ ãã¸ãã¹ãã¼ããã¼åéã®ãæ¡å æ¥­åã®ãä¾é ¼ã»ãç¸è« IRæ å ± IRæ å ± TOP çµå¶æ¹é çµå¶æ¹é TOP çµå¶åºæ¬æ¹é ä¸­æçµå¶è¨ç» ä»æã®è¦éã ã³ã¼ãã¬ã¼ãã¬ããã³ã¹ ãã£ã¹ã¯ã­ã¼ã¸ã£ã¼ããªã·ã¼ äºæ¥­ç­ã®ãªã¹ã¯ è²¡åã»æ¥­ç¸¾ è²¡åã»,EQUITY,Technology,Software - Application
1,2186,Sobal Corporation,人工知能,AI・半導体,,,92.0,90.0,,未確定,C,revenue_share_unknown,unknown,unknown,,https://www.sobal.co.jp/,¡ã¤ã³ã³ã³ãã³ãã¸ã¹ã­ãã ä¼æ¥­æ å ± äºæ¥­æ¡å IRæ å ± æ¡ç¨æ å ± ãååã ä¼æ¥­æ å ± ä¼æ¥­æ å ± TOP ãæ¨æ¶ ä¼ç¤¾æ¦è¦ äºæ¥­æ¦æ³ ã¢ã¯ã»ã¹ããã æ²¿é© ã°ã«ã¼ãä¼ç¤¾ ãã¥ã¼ã¹ã»ãç¥ãã èªè¨¼ã»è³æ ¼ CSR CSR TOP CSRçå¿µ ãã©ã³ãã£ã¢æ´»å ç½å®³æ¯æ´ å¯ä» æ å ±ã»ã­ã¥ãªãã£æ¹é CSR ãååã äºæ¥­æ¡å äºæ¥­æ¡å TOP AI AIï¼ãã¼ã¿ãµã¤ã¨ã³ã¹ ã¢ãã¬ã«ECåã ã¬ã³ã¡ã³ãã·ã¹ãã WEBã¢ããªï¼æ¥­åç³» ã¢ããªã±ã¼ã·ã§ã³éçº WEBã»ã¯ã©ã¦ãéçº Salesforceéçº çµè¾¼ã¿ çµè¾¼ã¿éçº IoTã½ãªã¥ã¼ã·ã§ã³ éçºæ¯æ´ ããã¥ã¢ã«ã»WEBå¶ä½ ECãµã¤ãå¶ä½ çµ±è¨è§£æ ãã¸ãã¹ãã¼ããã¼åéã®ãæ¡å æ¥­åã®ãä¾é ¼ã»ãç¸è« IRæ å ± IRæ å ± TOP çµ,EQUITY,Technology,Software - Application
1,2186,Sobal Corporation,自動運転車,自動車・モビリティ,,,8.0,5.0,,未確定,C,revenue_share_unknown,unknown,unknown,,,売上構成比を公式資料から数値で確認できず,EQUITY,Technology,Software - Application
1,218A,"Liberaware Co., Ltd.",IoT,設備投資・機械,,,86.0,88.0,,未確定,C,revenue_share_unknown,unknown,unknown,,https://liberaware.co.jp/,セキュリティ・安全性向上を提供。 03 DX DXサービス 狭くて、暗くて、危険な3D化が難しい空間にも対応可能な画像解析サービスを提供。 04 ENTRUSTED DEVELOPMENT 受託開発 自社に最適のドローン・ソフトウェア・専用デバイスの開発など、研究フェーズから商品化までワンストップで提供。 一覧を見る 2026.09.02 お知らせ LiberawareとNEO Battery Materials Koreaドローン用高性能バッテリーの国内生産・共同事業化に向けた意向書（LOI）を締結 ～HINOTATEも協力事業に参画し、重要構成部品の国内サプライチェーン構築を推進～ 2026.09.01 お知らせ Liberawareが千葉県のオープンイノベーションプログラム「CHIBA OPEN INNOVATION PROGRAM『PORT』」のホスト企業に採択 ～ロボット・AI・IoTをつなぐ次世代現場DXサービスの創出を目指し、全国から共創パートナーを募集～ 2026.09.01 お知らせ Liberawareと千葉市がドローン技術の社会実装と地域課題解決に向けた包括連携協定を締結 ～両者のリソースを相互に活用し、企業・市民が共に成長できるまちづくりへ～ 2026.09.01 お知らせ 千葉市豪雨災害で被害を受けた排水路調査を実施～「IBIS2 Chainage」を活用し、被災箇所のスクリーニング調査を実施～ 2026.08.28 お知らせ Liberawareが東京都のグローバルイニシアチブ「SusHi Tech Global Startups」に採択 〜サステナブルな都市・社会の実現に向け、ハイテクノロジーによるグローバル展開を加速〜 世界でも珍しい「狭くて、暗くて、危険な」かつ「屋内空間」の点検・計測に特化した世界最小級のドローン開発と、当該ドローンで収集した画,EQUITY,Technology,Computer Hardware
1,218A,"Liberaware Co., Ltd.",デジタルトランスフォーメーション,デジタル・サービス,,,92.0,90.0,,未確定,C,revenue_share_unknown,unknown,unknown,,https://liberaware.co.jp/,サービス SERVICE 導入プラン よくあるご質問 INSPECTION 点検・導入サービス PATROL 自動巡回サービス DX DXサービス ENTRUSTED DEVELOPMENT 受託開発 導入事例 お役立ち情報 お知らせ 私たちについて ABOUT US MISSION VISION VALUE ミッション・ビジョン・ バリュー TOP MESSAGE 代表メッセージ OUR OBSESSION Liberawareのこだわり INITIATIVES FOR SDGS SDGsへの取り組み COMPANY PROFILE 会社概要 IR情報 採用情報 お問い合わせ お問い合わせ トップページ サービス 点検・レンタルサービス 自動巡回サービス DX 受託開発 導入事例 私たちについて お役立ち情報 お知らせ IR情報 採用情報 お問い合わせ サイトポリシー プライバシーポリシー 情報セキュリティ方針 規約・申込書 反社会的勢力に対する基本方針 SCROLL DOWN 「IBIS2 Chainage（チェイ,EQUITY,Technology,Computer Hardware
1,218A,"Liberaware Co., Ltd.",データ分析・解析,AI・半導体,,,8.0,5.0,,未確定,C,revenue_share_unknown,unknown,unknown,,,売上構成比を公式資料から数値で確認できず,EQUITY,Technology,Computer Hardware
1,218A,"Liberaware Co., Ltd.",ドローン,防衛・国土強靱化,,,92.0,90.0,,未確定,C,revenue_share_unknown,unknown,unknown,,https://liberaware.co.jp/,表メッセージ OUR OBSESSION Liberawareのこだわり INITIATIVES FOR SDGS SDGsへの取り組み COMPANY PROFILE 会社概要 IR情報 採用情報 お問い合わせ お問い合わせ トップページ サービス 点検・レンタルサービス 自動巡回サービス DX 受託開発 導入事例 私たちについて お役立ち情報 お知らせ IR情報 採用情報 お問い合わせ サイトポリシー プライバシーポリシー 情報セキュリティ方針 規約・申込書 反社会的勢力に対する基本方針 SCROLL DOWN 「IBIS2 Chainage（チェイネージ）※」は、「IBIS2 Assist」の制御技術をベースに、距離測定機能・傷測定機能を実装しました。 最大の特長は、管路点検等において不可欠な「位置把握」をリアルタイムで提供できる点にあります。 進入困難な環境下において、人の代わりにドローンが進入し点検・距離測定を行う。 No entryへの一歩を踏み出したIBIS2 Cが、施設保全の未来を切り拓きます。 ※主に土木・測量分野で使われており、鉄道・道路・トンネル・管路など線状インフラの現場において「中心線に沿って測量・記録された距離（地点）」を示す言葉 「トリノス」は、広大な施設における巡視点検業務を変革することを目的に開発した製品で、大型データセンターやプラント、洞道、ダムの監査廊、トンネルといった施設を対象に、巡視点検の自動化を起点として設備保全DXを加速させます。 Project SPARROWは危険な鉄道現場の作業をドローンで変えるプロジェクトです。 デスクの PC から飛行を予約し、ドローンが自動で現場を撮影。 データはクラウドで解析され、鉄道事業者は遠隔で設備の状態を確認できます。 これまでの足を使った作業が大幅に減り、労務負担を軽減しながら安全な点検業務を可能に,EQUITY,Technology,Computer Hardware
1,218A,"Liberaware Co., Ltd.",ロボット,AI・半導体,,,72.0,68.0,,未確定,C,revenue_share_unknown,unknown,unknown,,https://liberaware.co.jp/,検作業の省力化、セキュリティ・安全性向上を提供。 03 DX DXサービス 狭くて、暗くて、危険な3D化が難しい空間にも対応可能な画像解析サービスを提供。 04 ENTRUSTED DEVELOPMENT 受託開発 自社に最適のドローン・ソフトウェア・専用デバイスの開発など、研究フェーズから商品化までワンストップで提供。 一覧を見る 2026.09.02 お知らせ LiberawareとNEO Battery Materials Koreaドローン用高性能バッテリーの国内生産・共同事業化に向けた意向書（LOI）を締結 ～HINOTATEも協力事業に参画し、重要構成部品の国内サプライチェーン構築を推進～ 2026.09.01 お知らせ Liberawareが千葉県のオープンイノベーションプログラム「CHIBA OPEN INNOVATION PROGRAM『PORT』」のホスト企業に採択 ～ロボット・AI・IoTをつなぐ次世代現場DXサービスの創出を目指し、全国から共創パートナーを募集～ 2026.09.01 お知らせ Liberawareと千葉市がドローン技術の社会実装と地域課題解決に向けた包括連携協定を締結 ～両者のリソースを相互に活用し、企業・市民が共に成長できるまちづくりへ～ 2026.09.01 お知らせ 千葉市豪雨災害で被害を受けた排水路調査を実施～「IBIS2 Chainage」を活用し、被災箇所のスクリーニング調査を実施～ 2026.08.28 お知らせ Liberawareが東京都のグローバルイニシアチブ「SusHi Tech Global Startups」に採択 〜サステナブルな都市・社会の実現に向け、ハイテクノロジーによるグローバル展開を加速〜 世界でも珍しい「狭くて、暗くて、危険な」かつ「屋内空間」の点検・計測に特化した世界最小級のドローン開発と、当該ドロー,EQUITY,Technology,Computer Hardware
1,218A,"Liberaware Co., Ltd.",下水道,防衛・国土強靱化,,,8.0,5.0,,未確定,C,revenue_share_unknown,unknown,unknown,,,売上構成比を公式資料から数値で確認できず,EQUITY,Technology,Computer Hardware
1,218A,"Liberaware Co., Ltd.",人工知能,AI・半導体,,,90.0,88.0,,未確定,C,revenue_share_unknown,unknown,unknown,,https://liberaware.co.jp/,動巡回サービス DX DXサービス ENTRUSTED DEVELOPMENT 受託開発 導入事例 お役立ち情報 お知らせ 私たちについて ABOUT US MISSION VISION VALUE ミッション・ビジョン・ バリュー TOP MESSAGE 代表メッセージ OUR OBSESSION Liberawareのこだわり INITIATIVES FOR SDGS SDGsへの取り組み COMPANY PROFILE 会社概要 IR情報 採用情報 お問い合わせ お問い合わせ トップページ サービス 点検・レンタルサービス 自動巡回サービス DX 受託開発 導入事例 私たちについて お役立ち情報 お知らせ IR情報 採用情報 お問い合わせ サイトポリシー プライバシーポリシー 情報セキュリティ方針 規約・申込書 反社会的勢力に対する基本方針 SCROLL DOWN 「IBIS2 Chainage（チェイネージ）※」は、「IBIS2 Assist」の制御技術をベースに、距離測定機能・傷測定機能を実装しました。 最大の特長は、管路点検等において不可欠な「位置把握」をリアルタイムで提供できる点にあります。 進入困難な環境下において、人の代わりにドローンが進入し点検・距離測定を行う。 No entryへの一歩を踏み出したIBIS2 Cが、施設保全の未来を切り拓きます。 ※主に土木・測量分野で使われており、鉄道・道路・トンネル・管路など線状インフラの現場において「中心線に沿って測量・記録された距離（地点）」を示す言葉 「トリノス」は、広大な施設における巡視点検業務を変革することを目的に開発した製品で、大型データセンターやプラント、洞道、ダムの監査廊、トンネルといった施設を対象に、巡視点検の自動化を起点として設備保全DXを加速させます。 Project SPARROWは危険な鉄道現場,EQUITY,Technology,Computer Hardware
1,2193,Cookpad Inc.,eコマース,内需・消費,,,86.0,78.0,,未確定,C,revenue_share_unknown,unknown,unknown,,,売上構成比を公式資料から数値で確認できず,EQUITY,Communication Services,Internet Content & Information
1,2193,Cookpad Inc.,宅配,物流・海運,,,8.0,5.0,,未確定,C,revenue_share_unknown,unknown,unknown,,,売上構成比を公式資料から数値で確認できず,EQUITY,Communication Services,Internet Content & Information
1,2195,"Amita Holdings Co.,Ltd.",脱炭素,GX・エネルギー,,,92.0,98.0,,未確定,C,revenue_share_unknown,unknown,unknown,,https://www.amita-net.co.jp/,ロジェクト ハーチ株式会社 様 サーキュラーデザイン市場を活性化する共創パートナーシップ 大手総合電機・ITソリューション企業 様 サーキュラーエコノミーのモデル構築に向けた調査・ディスカッション 某アメニティメーカー 様 ホテルアメニティの回収・リサイクル実証 キユーピー株式会社、日清オイリオグループ株式会社 様 油付きPETボトル回収実証実験に関する支援 豊田メタル株式会社 様 リサイクルの質的向上と目標達成のための再資源化支援 大手総合建材メーカー 様 アウトソーシング＆システム導入による多拠点型廃棄物管理 神戸市 様、三井化学株式会社 様、日本山村硝子株式会社 様、川上産業株式会社 様、貝印株式会社 様 自治体・メーカー・リサイクラーと共同した水平リサイクル実証実験および資源回収スキームの構築 川崎重工業株式会社 様 サーキュラーエコノミー型の新規事業構想 大平洋金属株式会社 様 脱炭素経営に向けた移行支援 大手非鉄精錬メーカー 様 ネイチャーポジティブ達成に向けたファーストステップキットの実践 社会課題解決市場を切り開く「未来戦略共創OS」 詳しく見る 持続可能なまちづくり MEGURU STYLE 詳しく見る 人と資源と情報が集まる拠点｜MEGURU STATION® 資源循環ソリューション｜MEGURU COMPLEX 福岡県 大刀洗町 MEGURU STATIONを全小学校区に展開 宮城県 南三陸町 “ひと 森 里 海 いのちめぐるまち”を実現する地域づくり 環境認証審査サービス 詳しく見る 森林認証 FSC® / PEFC 水産認証 MSC / ASC その他の認証サービス 南三陸杉の家 FSC全体プロジェクト認証を取得した「南三陸杉の家」に込めた想い 株式会社亀和商店 水産資源は、適切な管理ができれば、永遠に持続可能なもの 海外事業 詳しく見る 代替資源の供給,EQUITY,Industrials,Waste Management
1,2198,IKK Holdings Inc.,介護関連,医療・ヘルスケア,92.50,100.0,92.0,94.0,96.7,主力テーマ,B,explicit_ratio_needs_qa,revenue_share_v4_candidate,explicit_ratio_candidate,explicit_percent,https://www.ikk-grp.jp/ir/irnews/IRNews-202606110-4/main/0/link/Integrated%20Report2026.pdf,"き た経営基盤 私た ち は、 「誠実」 「情熱」 「挑戦」 と い う 3つの コ アバ リ ュ ー を掲げて い ま す。 私 たちの パ ー パスである 「ご縁 ある人 々の 笑 顔 の ために」 を追 求し、 「 ワ ク ワ ク す る 未来事業を つ く る 」 と い う ミ ッ シ ョ ン の実現に向け、 一人ひ と り が挑戦 し 続け、 社会に新た な価値を届け ま す。 誠実 情熱 挑戦 ご縁 ある人 々の 笑 顔 のために 01 Chapter 1 私たちが 大 切 に して い ること Chapter 2 会 長・社 長 に よ る コ ミ ット メ ン ト Chapter 3 中長期拡大の 確かな裏 付け Chapter 4 価値創造の全体像 Chapter 5 持続可能性の担保 Chapter 6 データ sp_セキュリティなし_HP用_0000587892605.indd 1sp_セキュリティなし_HP用_0000587892605.indd 1 2026/05/21 10:42:312026/05/21 10:42:31 婚礼事業 92.5% 介護事業 3.0% 食品事業 2.0% フ ォト 事 業 4.0% ＩＫ Ｋとは アイ ・ ケイ ・ ケイホ ー ルディングスは 、 ウェディングを 中 心 に 多彩な事業を展開す る ブ ラ イ ダル業界の リ ーダーです。 主力の ウ ェ デ ィ ン グ事業が売上の約92.5 ％ を 占め る な か、 介護事業、 食品事業、 そ し て フ ォ ト ウ ェ デ ィ ン グ事業に も フ ィ ール ド を広げ、 豊か な人生に寄 り 添 う 価値創出を 力 強く推 進しています 。 事業概要 パ フォー マ ンス （2025年10月31日現在） 店舗展開の状況 連結売上高 22,455 百万円 独 自 の 設 計 コン セ プト の ウェディング 施 設 を 国内17都市に 19店舗を展開 財務 売上高 22,455百万円 営業利益 1,820百万円 親会社株主に帰属する 当期純利益 1,963百万円 自己資本比率 58.4% ROIC 8.7% WACC 4.5% 非財務 マイ ナビ ・ 日経 大学生 就職企業人気ラ ンキ ン グ 九 州・沖 縄 4年連続1位 マイ ナビ ・ 日経 大学生 就職企業人気ラ ンキ ン グ 冠婚葬祭部門 12年連続1位 料理が美味 しい式場 NO.1 ※ ゲス ト満足度 NO.1 ※ 先輩花嫁満足度 NO.1 ※ 業 界トップ クラス 時価総額 220.3億円 ブラ イ ダル上場企業 第 １ 位 株主数 74,403名 海外事業と し て、 イ ン ドネ シア共和国 ジャカルタ市 に 6店舗を展開 ※ 日本マーケテ ィ ン グ リ サーチ機構調べ 20",EQUITY,Consumer Cyclical,Personal Services
1,2198,IKK Holdings Inc.,食品,内需・消費,92.50,100.0,72.0,68.0,86.8,主力テーマ,B,explicit_ratio_needs_qa,revenue_share_v4_candidate,explicit_ratio_candidate,explicit_percent,https://www.ikk-grp.jp/ir/irnews/IRNews-202606110-4/main/0/link/Integrated%20Report2026.pdf,"す る ⃝ 私た ち は2028年 ま で に、 ７ 年後日本を代表す る 、 ワクワク する未 来 事 業 をつく る 経営理念の詳細は こ ち ら を ご覧 く だ さ い。 https:/ /www.ikk-grp.jp/company/ideal.html IKKが大切に し て き た経営基盤 私た ち は、 「誠実」 「情熱」 「挑戦」 と い う 3つの コ アバ リ ュ ー を掲げて い ま す。 私 たちの パ ー パスである 「ご縁 ある人 々の 笑 顔 の ために」 を追 求し、 「 ワ ク ワ ク す る 未来事業を つ く る 」 と い う ミ ッ シ ョ ン の実現に向け、 一人ひ と り が挑戦 し 続け、 社会に新た な価値を届け ま す。 誠実 情熱 挑戦 ご縁 ある人 々の 笑 顔 のために 01 Chapter 1 私たちが 大 切 に して い ること Chapter 2 会 長・社 長 に よ る コ ミ ット メ ン ト Chapter 3 中長期拡大の 確かな裏 付け Chapter 4 価値創造の全体像 Chapter 5 持続可能性の担保 Chapter 6 データ sp_セキュリティなし_HP用_0000587892605.indd 1sp_セキュリティなし_HP用_0000587892605.indd 1 2026/05/21 10:42:312026/05/21 10:42:31 婚礼事業 92.5% 介護事業 3.0% 食品事業 2.0% フ ォト 事 業 4.0% ＩＫ Ｋとは アイ ・ ケイ ・ ケイホ ー ルディングスは 、 ウェディングを 中 心 に 多彩な事業を展開す る ブ ラ イ ダル業界の リ ーダーです。 主力の ウ ェ デ ィ ン グ事業が売上の約92.5 ％ を 占め る な か、 介護事業、 食品事業、 そ し て フ ォ ト ウ ェ デ ィ ン グ事業に も フ ィ ール ド を広げ、 豊か な人生に寄 り 添 う 価値創出を 力 強く推 進しています 。 事業概要 パ フォー マ ンス （2025年10月31日現在） 店舗展開の状況 連結売上高 22,455 百万円 独 自 の 設 計 コン セ プト の ウェディング 施 設 を 国内17都市に 19店舗を展開 財務 売上高 22,455百万円 営業利益 1,820百万円 親会社株主に帰属する 当期純利益 1,963百万円 自己資本比率 58.4% ROIC 8.7% WACC 4.5% 非財務 マイ ナビ ・ 日経 大学生 就職企業人気ラ ンキ ン グ 九 州・沖 縄 4年連続1位 マイ ナビ ・ 日経 大学生 就職企業人気ラ ンキ ン グ 冠婚葬祭部門 12年連続1位 料理が美味 しい式場 NO.1 ※ ゲス ト満足",EQUITY,Consumer Cyclical,Personal Services
1,219A,Heartseed Inc.,再生医療,医療・ヘルスケア,,,8.0,5.0,,未確定,C,revenue_share_unknown,unknown,unknown,,,売上構成比を公式資料から数値で確認できず,EQUITY,Healthcare,Biotechnology
1,219A,Heartseed Inc.,創薬,医療・ヘルスケア,,,90.0,82.0,,未確定,C,revenue_share_unknown,unknown,unknown,,,売上構成比を公式資料から数値で確認できず,EQUITY,Healthcare,Biotechnology
1,2206,"Ezaki Glico Co., Ltd.",食品,内需・消費,,,94.0,86.0,,未確定,C,revenue_share_unknown,unknown,unknown,,,売上構成比を公式資料から数値で確認できず,EQUITY,Consumer Defensive,Packaged Foods
1,2207,"Meito Co., Ltd.",食品,内需・消費,92.87,,97.0,89.0,,未確定,C,calculated_ratio_needs_qa,calculated_candidate_only,calculated_ratio_candidate,calculated_same_snippet,https://www.meito-abc.co.jp/content/wp-content/uploads/ir/6868/20270810_release.pdf,"27年３月期 第１四半期決算短信 ― 8 ― （３）四半期連結財務諸表に関する注記事項 （継続企業の前提に関する注記） 該当事項はありません。 （株主資本の金額に著しい変動があった場合の注記） 該当事項はありません。 （セグメント情報等の注記） Ⅰ 前第１四半期連結累計期間(自 2025年４月１日 至 2025年６月30日) １. 報告セグメントごとの売上高及び利益又は損失の金額に関する情報 （単位：百万円） 報告セグメント 調整額 （注１） 四半期連結 損益計算書 計上額 （注２）食品事業 化成品事業 不動産事業 計 売上高 外部顧客への売上高 5,201 947 65 6,214 － 6,214 セグメント間の内部 売上高又は振替高 － － － － － － 計 5,201 947 65 6,214 － 6,214 セグメント利益 432 279 21 733 △262 471 (注) １ セグメント利益の調整額は、各セグメントに帰属しない一般管理費であります。 ２ セグメント利益の合計額は、四半期連結損益計算書の営業利益と調整を行っております。 ２. 報告セグメントごとの固定資産の減損損失又はのれん等に関する情報 該当事項はありません。 Ⅱ 当第１四半期連結累計期間(自 2026年４月１日 至 2026年６月30日) １. 報告セグメントごとの売上高及び利益又は損失の金額に関する情報 （単位：百万円） 報告セグメント 調整額 （注１） 四半期連結 損益計算書 計上額 （注２）食品事業 化成品事業 不動産事業 計 売上高 外部顧客への売上高 5,223 993 119 6,337 － 6,337 セグメント間の内部 売上高又は振替高 － － － － － － 計 5,223 993 119 6,337 － 6,337 セグメント利益 178 267 58 504 △325 179 (注) １ セグメント利益の調整額は、各セグメントに帰属しない一般管理費であります。 ２ セグメント利益の合計額は、四半期連結損益計算書の営業利益と調整を行っております。 ２. 報告セグメントごとの固定資産の減損損失又はのれん等に関する情報 該当事項はありません。 株式会社meito(2207) 2027年３月期 第１四半期決算短信 ― 9 ― （キャッシュ・フロー計算書に関する注記） 当第１四半期連結累計期間に係る四半期連結キャッシュ・フロー計算書は作成しておりません。なお、第１四半 期連結累計期間に係る減価償却費(のれんを除く無形固定資産に係る償却費を含む。)及びのれんの償却額は、次の とおりであります。 前第１四半期連結累計期間 当第１四半期連結累計期間 （自 2025年４月１日 （自 2026年４月１日 至 2025年６月30日） 至 2026年６月30日） 減価償却費 4",EQUITY,Consumer Defensive,Confectioners
1,2208,Bourbon Corporation,再生医療,医療・ヘルスケア,,,72.0,68.0,,未確定,C,revenue_share_unknown,unknown,unknown,,https://www.bourbon.co.jp/,情報 会社情報トップ ブルボンについて 安全・安心への取組み IR情報 サスティナビリティへの取組み ニュース一覧 会社概要 トップメッセージ 中期３か年経営計画 行動規範・指針・ コンプライアンス基本方針 役員一覧 沿革 人材育成 健康を重視した経営 ダイバーシティ、エクイティ、インクルージョン マルチステークホルダー方針 拠点情報 海外事業展開 会社情報 会社情報トップ ブルボンについて 安全・安心への取組み IR情報 サスティナビリティへの取組み 採用情報 お客様相談窓口 English Chinese 重要なお知らせ 当社代表者を騙る「Slack招待」メールに関する注意喚起 弊社商品の自主回収について プチクマコンテナ お菓子を積んで出発！！ 日本パッケージングコンテスト 菓子包装部門賞受賞 ブルボンのビスケットの歴史 設備の近代化と量産化 食品安全マネジメントシステム ブルボンの再生医療研究 Find BOURBON 一覧を見る ブランドサイト アルフォート ルマンド プチシリーズ フェットチーネグミ 濃厚チョコブラウニー シルベーヌ ロアンヌ 贅沢シリーズ ビスケットシリーズ しゃりもにグミ チョコあ～んぱん きこりの切株・エブリバーガー ビットシリーズ ラッシュシリーズ 雪室ショコラ チーズおかき 羽衣あられ 80kcalシリーズ おやつで栄養習慣 プレーンクラッカー・バジルクラッカー かんたんクッキング WINGRAM（ウィングラム） ココアシリーズ お菓子アイス もっと見る 新商品 一覧を見る アルフォートミニチョコレート ショコラサブレ チョコレート アルフォートミニチョコレート バニラホワイト チョコレート アルフォートミニチョコレート リッチミルク チョコレート アルフォートミニチョコレート チョコレート アルフォートミニチョコレート柚子抹茶 チョコレート,EQUITY,Consumer Defensive,Confectioners
1,2209,"Imuraya Group Co., Ltd.",食品,内需・消費,91.67,,94.0,86.0,,未確定,C,calculated_ratio_needs_qa,calculated_candidate_only,calculated_ratio_candidate,calculated_same_snippet,https://www.imuraya-group.com/common_files/media/2026/08/2027shihanki_dai1.pdf,"RAYA USA, INC.において現地生 産 商 品 の 「MOCHI ice cream」 の 売 上 が 好 調 に 推 移 し、 マ レ ー シ ア で は IMURAYA MALAYSIA SDN. BHD. に お い て 「Mochi Mochi」の販売が増加しました。 井村屋株式会社においては、建設を進めておりました新工場「アイス FACTORY」が、６月５日に竣工しました。 最盛期に向けて順調に稼働を開始しております。 以上の結果、冷菓カテゴリーの売上高は49億１百万円（前年同期比6.6％増）となりました。 （点心・デリカテゴリー） 「肉まん・あんまん」などの点心・デリカテゴリーは、定番商品を中心にコンビニエンスストアでのスチーマー 販売が増加しました。 以上の結果、点心・デリカテゴリーの売上高は８億59百万円（前年同期比18.8％増）となりました。 （フードサービスカテゴリー） フードサービスカテゴリーでは、2026年２月にオープンした「アンナミラーズ 南青山店」と「ラッセリア」が 順調に推移し、売上増加に貢献しました。また、「La maison JOUVAUD（ラ・メゾン・ジュヴォー）」においても、 広尾店、KITTE名古屋店、JR京都伊勢丹で売上が前年同期を上回りました。 以上の結果、フードサービスカテゴリーの売上高は１億88百万円（前年同期比76.3％増）となりました。 ② 調味料事業 国内では井村屋フーズ株式会社のシーズニング事業において、機能性・健康食品商材を用いたOEM商品を中心に 売上が伸長しました。また、海外の中国事業においても中国国内の売上が伸長しました。 以上の結果、調味料事業の売上高は12億９百万円（前年同期比10.0％増）となり、セグメント利益は１億96百万 円（同38.1％増）となりました。 ③ その他事業 イムラ株式会社においてSDGsの一環として井村屋商品のアウトレット販売を行っている「MOTTAINAI屋」が地域 のお客様の支持を得て売上が伸長しました。 井村屋グループ株式会社の賃貸事業を加えた、その他事業の売上高は59百万円（前年同期比5.5％増）となり、 セグメント利益は17百万円（同35.7％増）となりました。 井村屋グループ㈱(2209) 2027年３月期 第１四半期決算短信 4 （２）当四半期連結累計期間の財政状態の概況 当第１四半期連結会計期間の財政状態は以下のとおりであります。 総資産は482億22百万円となり、前連結会計年度末に比べ48億96百万円の増加となりました。流動資産は、販売 増加に伴う売掛金や棚卸資産の増加などにより、23億56百万円増の160億13百万円となりました。固定資産は、新 工場建設に伴う有形固定資産の増加などにより、25億40百万円増の322億９百万円となりました。 負",EQUITY,Consumer Defensive,Confectioners
1,220A,Faber Company Inc.,SaaS,デジタル・サービス,,,90.0,82.0,,未確定,C,revenue_share_unknown,unknown,unknown,,https://www.fabercompany.co.jp/ir/message/,電子公告 免責事項 IRに関するお問い合わせ M&A 採用 セミナー・資料 ミエルカマーケティングジャーナル 【ミエルカ】セミナー・イベント情報 資料ダウンロード お問い合わせ 代表メッセージ MESSAGE TOP IR情報 代表メッセージ 代表メッセージ 株主・投資家の皆様へ 平素より格別のご高配を賜り、厚く御礼申し上げます。 このたび、当社グループは2024年7月31日に東京証券取引所スタンダード市場に上場いたしました。ここに謹んでご報告申し上げますとともに、皆様からのご支援、ご指導に心より感謝申し上げます。 2005年10月の会社設立以来、「辺境の知から“マーケティングゼロ”を実現する」というパーパス（存在意義）のもと、デジタルマーケティングの実践を通じて企業の目標達成、事業成長、ビジネス変革を支援してまいりました。コンサルティング事業からスタートした当社は、「ミエルカSEO」などSaaS形態による自動化ツールの提供を含め、デジタルマーケティングのワンストップソリューションへと事業領域を拡大してまいりました。 今後も、継続的に売上高を成長させながら利益を創出していくことができる会社になるために、既存事業の深化に邁進するとともに、時代の変化を捉えた新しい成長分野の探索も積極的に行い、持続的な企業価値の拡大を実現してまいります。 持続的な企業価値の拡大には、人的資本の充実が必要であり、優秀な人材の確保と育成環境の整備が成長を実現する源泉と考えています。当社のカルチャーはDNAマップと価値観に集約されています。社員数が増加する中でもカルチャーを浸透させ、全員で一丸となることができる強い組織を創ってまいります。 株主・投資家の皆様には、末永くご支援、ご指導賜りますようお願い申し上げます。 株式会社Faber Company 代表取締役 / Inatsugu Masaki Faber,EQUITY,Technology,Software - Application
1,220A,Faber Company Inc.,デジタルトランスフォーメーション,デジタル・サービス,,,92.0,90.0,,未確定,C,revenue_share_unknown,unknown,unknown,,https://www.fabercompany.co.jp/,株式会社Faber Company (ファベルカンパニー) Skip to content ニュース 特長 サービス サービス サービス一覧 ツール ミエルカSEO ミエルカGEO ミエルカヒートマップ ローカルミエルカ コンバージョンミエルカ SEO ZERO WARP リソース ミエルカコネクト SEOコンサルティング CROコンサルティング コンテンツマーケティング支援 GA4活用支援 BIツール構築支援 GEO/LLMO支援 ディストリビューション DXミエルカ メディア ミエルカチャンネル ミエルカマーケティングジャーナル AI×SEO 課題からサービスを探す 生成AI検索でブランド露出･URL採用を強化したい SEO・コンテンツマーケティングの成果を上げたい UI/UX改善、LPOを行いたい Googleアナリティクスを活用したい Webマーケティングの知識を得たい 店舗集客を成功させたい YouTubeチャンネルを育てたい 導入事例 会社情報 会社情報 会社情報一覧 代表メッセージ 経営理念 会社概要 サステナビリティ 役員紹介 IR IR 経営情報 代表メッセージ コーポレート・ガバナンス ディスクロージャーポリシー IRニュース 業績ハイライト IRライブラリー 決算短信 適時開示 決算説明資料 有価証券報告書 その他IR資料 株式について 株式情報 株主総会 IRカレンダー IRよくあるご質問 電子公告 免責事項 IRに関する,EQUITY,Technology,Software - Application
1,2211,"Fujiya Co., Ltd.",外食,内需・消費,,,82.0,74.0,,未確定,C,revenue_share_unknown,unknown,unknown,,,売上構成比を公式資料から数値で確認できず,EQUITY,Consumer Defensive,Confectioners
1,2211,"Fujiya Co., Ltd.",食品,内需・消費,,,94.0,86.0,,未確定,C,revenue_share_unknown,unknown,unknown,,,売上構成比を公式資料から数値で確認できず,EQUITY,Consumer Defensive,Confectioners
1,2212,"Yamazaki Baking Co., Ltd.",外食,内需・消費,,,8.0,5.0,,未確定,C,revenue_share_unknown,unknown,unknown,,,売上構成比を公式資料から数値で確認できず,EQUITY,Consumer Defensive,Packaged Foods
1,2212,"Yamazaki Baking Co., Ltd.",食品,内需・消費,3.85,,100.0,92.0,,未確定,C,calculated_ratio_needs_qa,calculated_candidate_only,calculated_ratio_candidate,calculated_same_snippet,https://www.yamazakipan.co.jp/ir/ir-library/tanshin/pdf/2026/2026-2q.pdf,"663 △2,224 配当金の支払額 △8,917 △11,798 非支配株主への配当金の支払額 △701 △621 財務活動によるキャッシュ・フロー △13,578 △22,789 現金及び現金同等物に係る換算差額 △69 1,366 現金及び現金同等物の増減額（△は減少） 19,958 7,804 現金及び現金同等物の期首残高 145,939 155,423 現金及び現金同等物の中間期末残高 165,897 163,228 －10－ 山崎製パン㈱ (2212) 2026年12月期 第２四半期(中間期)決算短信 (4)中間連結財務諸表に関する注記事項 （継続企業の前提に関する注記） 該当事項はありません。 （株主資本の金額に著しい変動があった場合の注記） 当社は、2026年２月25 日開催の取締役会決議に基づき、自己株式649,800 株の取得を行っております。こ の結果等により、当中間連結会計期間において、自己株式が2,224百万円増加し、当中間連結会計期間末にお いて自己株式が57,741百万円となっております。 －11－ 山崎製パン㈱ (2212) 2026年12月期 第２四半期(中間期)決算短信 （セグメント情報等） Ⅰ 前中間連結会計期間（自 2025 年１月１日 至 2025 年６月30 日） 報告セグメントごとの売上高及び利益又は損失の金額に関する情報並びに収益の分解情報 （単位：百万円） 報告セグメント 調整額 (注)1 中間 連結 損益計算書 計上額(注)2 食品事業 流通事業 その他 事 業 計 売 上 高 食パン 菓子パン 和菓子 洋菓子 調理パン・米飯 類 製菓・米菓・その他商品類 そ の 他 62,345 243,606 39,217 81,639 84,468 93,243 － － － － － － － 38,951 － － － － － － 7,057 62,345 243,606 39,217 81,639 84,468 93,243 46,008 － － － － － － － 62,345 243,606 39,217 81,639 84 ,468 93,243 46,008 顧客との契約から生じる収益 604,520 38,951 7,057 650,529 － 650,529 その他の収益 － － 103 103 － 103 外部顧客への売上高 セグメント間の内部売上高 又は振替高 604,520 7,598 38,951 4,783 7,160 24,199 650,633 36,582 － △36,582 650,633 － 計 612,119 43,735 31,360 687,215 △36,582 650,633 セグメント利益又は損失（△） 33,069 △ 243 1,630 34,455 235 34,690",EQUITY,Consumer Defensive,Packaged Foods
1,2215,"First Baking Co., Ltd.",食品,内需・消費,98.48,,97.0,89.0,,未確定,C,calculated_ratio_needs_qa,calculated_candidate_only,calculated_ratio_candidate,calculated_same_snippet,https://www.daiichipan.co.jp/wp-content/uploads/2026/05/2026shihanki2.pdf,"業施策により、既存顧客の支持拡大と新規顧客の 獲得が進んだことは、売上高の伸長に大きく寄与しました。 また、各種コストの上昇に対しては、部門別損益管理の運用を更に深化させるとともに、単品毎の原価管理の精 度向上により、原単位における徹底したコスト削減と生産効率の追求に努めました。 当中間連結会計期間の業績につきましては、売上高は14,969百万円と前中間連結会計期間比961百万円（6.9％） の増収となりました。営業利益は、原材料価格の高止まりや人件費、物流費などの増加があったものの、DPS （Daiichi-pan Production System：第一パン生産方式）活動の継続による生産効率の向上、低採算製品の販売抑 制・高採算製品の伸長、その他コスト削減に向けた取り組みの効果などにより351百万円と前中間連結会計期間比 211百万円（151.1％）の増益となりました。経常利益は354百万円と前中間連結会計期間比214百万円（154.0％）の 増益、親会社株主に帰属する中間純利益は213百万円と前中間連結会計期間比141百万円（196.2％）の増益となりま した。 セグメントごとの経営成績は、次のとおりであります。 なお、当中間連結会計期間より、各報告セグメントの業績をより適切に評価するために、従来、各セグメントに 配分していなかった全社費用の一部を、合理的な基準に基づき配分しております。前年同期比較については、変更 後の費用配分方法に基づいた数値で比較分析しております。 〈食品事業〉 既存の自社ブランド（ＮＢ）商品につきましては、各種販売戦略が功を奏し、売上高は前年同期の実績を上回る 推移となりました。具体的には、４月に主力商品である「大きなデニッシュ」シリーズにおいて、また６月には同 じく主力商品の「ひとくちつつみ」シリーズにおいて、相次いで増量企画を実施しました。これにより、厳しい市 場環境下においても確固たるコストパフォーマンスを訴求し、購買頻度の更なる向上と客単価の維持を図りまし た。加えて、堅調な推移を見せるキャラクターパンにおきましては、５月より新たなキャラクターを採用した新商 品を戦略的に投入したことにより、新規顧客の獲得とシェア拡大に繋がりました。 また、ハンバーガーチェーン向けなどの業務用食材パンや、コンビニエンスストア向けの店内加工用食材につき ましても、各社の販促企画に合わせ、柔軟かつ継続的に商品提案を行ったことにより、引き続き好調に推移しまし た。 以上の結果、売上高は14,741百万円（前年同期比5.8％増）、セグメント営業利益は146百万円（前年同期比58.8 ％増）となりました。 第一屋製パン株式会社(2215) 2026年12月期 第２四半期（中間期）決算短信 3 〈不動産事業〉 横浜工場跡地にかかる賃料収入は、建設完了",EQUITY,Consumer Defensive,Packaged Foods
1,2216,Kanro Inc.,食品,内需・消費,,,94.0,86.0,,未確定,C,revenue_share_unknown,unknown,unknown,,,売上構成比を公式資料から数値で確認できず,EQUITY,Consumer Defensive,Confectioners
1,2220,"Kameda Seika Co.,Ltd.",防災,防衛・国土強靱化,,,8.0,5.0,,未確定,C,revenue_share_unknown,unknown,unknown,,,売上構成比を公式資料から数値で確認できず,EQUITY,Consumer Defensive,Packaged Foods
1,2220,"Kameda Seika Co.,Ltd.",食品,内需・消費,,,94.0,86.0,,未確定,C,revenue_share_unknown,unknown,unknown,,,売上構成比を公式資料から数値で確認できず,EQUITY,Consumer Defensive,Packaged Foods
1,2222,"Kotobuki Spirits Co., Ltd.",インバウンド,内需・消費,19.55,,8.0,5.0,,未確定,C,macro_sensitivity_required,macro_unknown,calculated_ratio_candidate,calculated_same_snippet,https://www.kotobukispirits.co.jp/ja/ir/news/auto_20260728500771/pdfFile.pdf,"」の販売強化、ルタオ運河プラザ店では限定スイーツ「アミニョン」の販売強化など各直 営店において、主力商品を軸に新作限定スイーツを順次発売し、ブランド訴求力の向上に取り組みました。インバ ウンド対策では、国際線ターミナルを中心に販売人員の増強や新ブランド「岡田謹製茶織屋」による催事展開など に注力いたしました。「ピスタアンドトーキョー」などの首都圏ブランドでは、ブランド認知度を高めるため、期 間限定出店に注力いたしました。新規出店では、本年４月に「岡田謹製あんバタ屋」ルミネ大宮店を出店いたしま した。その結果、売上高は5,376百万円（前年同期比9.9％増）となり、営業利益は1,016百万円（前年同期比 16.9％増）となりました。 ③ 寿製菓グループ 寿製菓グループは、新商品開発に注力し、主要代理店及び販売子会社への提案営業を推進いたしました。沖縄展 開では、主要代理店とタイアップしたＯＥＭ展開の推進や自社ブランドのパイナップルスイーツ専門店「ニューキ ュー」の展開強化などに取り組みました。また、「ニューキュー」２店舗目となる那覇空港店を本年６月にオープ ンいたしました。地元の山陰地区では、主力商品「因幡の白うさぎ」を中心に売場提案を推進いたしました。その 結果、売上高は4,293百万円（前年同期比12.5％増）、営業利益は1,033百万円（前年同期比23.8％増）となりまし た。 ④ 販売子会社 販売子会社は、各販売拠点において主力商品対策及び地域特性にマッチした新商品の発売、インバウンド対策な どに注力いたしました。エリア別では、東海地区は、15周年を迎えた主力商品「小倉トーストラングドシャ」の販 売強化、関西地区は、新商品「大阪とらさんど」及び季節限定商品「大阪みたらし水まんじゅう」の販売強化など に取り組みました。また、福岡地区では、「博多まっかな苺」ブランドの展開強化及び新商品の博多料亭 稚加榮 「明太天ぷらせんべい」の販売強化などに取り組みました。その結果、売上高は1,952百万円（前年同期比9.7％ 増）、営業利益は276百万円（前年同期比32.8％増）となりました。 - 2 - 寿スピリッツ㈱（2222）2027年３月期第１四半期決算短信 ⑤ その他 その他は、損害保険代理業、健康食品事業、海外（台湾）における菓子事業が含まれております。売上高は148 百万円（前年同期比48.1％増）となり、営業損失は３百万円（前年同期は営業損失13百万円）となりました。 （２）当四半期の財政状態の概況 当第１四半期連結会計期間末における総資産は、56,299百万円となり前連結会計年度末と比べ3,843百万円減少 いたしました。 主な要因は、現金及び預金の減少（3,388百万円）、受取手形及び売掛金の減少（1,687百万円）、有形固定資産 の増加（637百万",EQUITY,Consumer Defensive,Confectioners
1,2222,"Kotobuki Spirits Co., Ltd.",旅行,内需・消費,,,8.0,5.0,,未確定,C,revenue_share_unknown,unknown,unknown,,,売上構成比を公式資料から数値で確認できず,EQUITY,Consumer Defensive,Confectioners
1,2222,"Kotobuki Spirits Co., Ltd.",食品,内需・消費,71.00,,90.0,82.0,,未確定,C,calculated_ratio_needs_qa,calculated_candidate_only,calculated_ratio_candidate,calculated_same_snippet,https://www.kotobukispirits.co.jp/ja/ir/news/auto_20260728500771/pdfFile.pdf,"であります。 ３．セグメント利益（△は損失）は、四半期連結損益計算書の営業利益と調整を行っております。 ２．報告セグメントごとの固定資産の減損損失又はのれん等に関する情報 該当事項はありません。 - 8 - 寿スピリッツ㈱（2222）2027年３月期第１四半期決算短信 （単位：百万円） 報告セグメント シュクレイ グループ ケイシイシイ グループ 寿製菓 グループ 販売子会社 計 売上高 外部顧客への売上高 8,413 5,255 2,917 1,933 18,519 セグメント間の内部 売上高又は振替高 216 121 1,376 19 1,732 計 8,629 5,376 4,293 1,952 20,252 セグメント利益 （△は損失） 1,641 1,016 1,033 276 3,968 その他 (注)1 合計 調整額 (注)2 四半期連結損益 計算書計上額(注)3 売上高 外部顧客への売上高 148 18,668 － 18,668 セグメント間の内部 売上高又は振替高 0 1,733 △1,733 － 計 148 20,401 △1,733 18,668 セグメント利益 （△は損失） △3 3,965 186 4,152 Ⅱ 当第１四半期連結累計期間（自 2026年４月１日 至 2026年６月30日） １．報告セグメントごとの売上高及び利益又は損失の金額に関する情報 （注）１．「その他」の区分は、報告セグメントに含まれない事業セグメントであり、損害保険代理業及び健康食品 事業並びに海外（台湾）における菓子事業が含まれております。 ２．セグメント利益（△は損失）の調整額186百万円は、当社とセグメントとの内部取引消去額600百万円、セ グメント間取引消去額７百万円、棚卸資産の調整額５百万円、各報告セグメントに配分していない全社費用 △426百万円であります。全社費用は主に提出会社におけるグループ管理に係る費用であります。 ３．セグメント利益（△は損失）は、四半期連結損益計算書の営業利益と調整を行っております。 ２．報告セグメントの変更に関する事項 株式会社ケイシイシイが2026年４月１日付で株式会社箱根ときのみを100％出資により設立したこと に伴い、「ケイシイシイ」としていた報告セグメントの名称を当第１四半期連結会計期間より「ケイシ イシイグループ」に変更いたしております。 ３．報告セグメントごとの固定資産の減損損失又はのれん等に関する情報 該当事項はありません。 - 9 - 寿スピリッツ㈱（2222）2027年３月期第１四半期決算短信",EQUITY,Consumer Defensive,Confectioners
1,2226,KOIKE-YA Inc.,食品,内需・消費,,,94.0,86.0,,未確定,C,revenue_share_unknown,unknown,unknown,,,売上構成比を公式資料から数値で確認できず,EQUITY,Consumer Defensive,Packaged Foods
1,2229,"Calbee, Inc.",食品,内需・消費,,,97.0,89.0,,未確定,C,revenue_share_unknown,unknown,unknown,,https://www.calbee.co.jp/ir/pdf/2026/yukasyokenhokokusyo_20260619.pdf,"America, Inc.のスナ ック事業を継承。 2013年７月 PT. Calbee-Wings Food（インドネシア ジャカルタ、連結子会社）を設立。 2014年３月 Calbee（UK） Ltd（英国ウェスト・ヨークシャー州、連結子会社、現Calbee Group (UK) Ltd）を 設立。 2015年４月 Moh Seng Marketing Pte. Ltd.（シンガポール、連結子会社、現Calbee Moh Seng Pte. Ltd.）を 子会社化。 10月 Calbee E-commerce Limited（香港、連結子会社）を設立。 2016年９月 Calbee Australia Pty Limited（オーストラリア メルボルン、連結子会社）を設立。 2017年１月 Calbee North America, LLCを子会社化。 2018年２月 カルビー（杭州）食品有限公司（中国浙江省、連結子会社）を設立。 10月 Seabrook Crisps Limited（英国ウェスト・ヨークシャー州）を子会社化。 2019年10月 Warnock Food Products, Inc.（米国カリフォルニア州）を子会社化。 2020年１月 カルビー（中国）管理有限公司（中国上海市、連結子会社）を設立。 Calbee(UK)Ltdは、Seabrook Crisps Limitedを統合し、Calbee Group (UK) Ltdに社名変更。 ４月 ㈱ポテトかいつか（茨城県かすみがうら市、連結子会社、現：カルビーかいつかスイートポテト ㈱）を子会社化。 2022年４月 東京証券取引所の市場区分の見直しにより、東京証券取引所の市場第一部からプライム市場に移 行。 2022年７月 Greenday Global Co., Ltd.（タイ サムットプラカーン、連結子会",EQUITY,Consumer Defensive,Packaged Foods
1,2264,"Morinaga Milk Industry Co., Ltd.",介護関連,医療・ヘルスケア,,,72.0,68.0,,未確定,C,revenue_share_unknown,unknown,unknown,,https://www.morinagamilk.co.jp/,サステナビリティ 停止 再生 大切なお知らせ 2026年08月06日 令和8年熊本地震による被災地・被災者への支援に関するお知らせ 2026年07月31日 令和8年熊本地震により被災された皆さまへ 2026年06月17日 公正取引委員会による立入検査について 2026年04月28日 【更新】公式を装った「なりすましアカウント」、「なりすましサイト」、「迷惑メール」にご注意ください 森永乳業note 公式アカウント レシピ ビヒダスで爽やか麻辣湯 簡単！パルテノでコールスロー～適塩～ 熟成チーズでコク旨ポテトサラダ 濃厚チーズケーキディップ 2026/9/1 「季節を楽しむおすすめレシピ」 公開中！ 商品紹介 新商品 キャンペーン ブランドサイト 牛乳類 飲料 ヨーグルト デザート アイス クリープ・れん乳・ スキムミルク・とうふ チーズ・バター 育児用食品 ヘルスケア・ 健康食品 流動食・介護食 (森永乳業クリニコ株式会社） 機能性表示食品 栄養成分一覧 販売店検索 宅配サービス 健康食品通販サイト 業務用商品サイト CM・動画・ 公式アカウント ビフィズス菌「小さくなった大きな容器」篇 ラクトフェリン２００「のどにバリア」篇 ソーシャルメディア公式アカウント 更新情報 2026年09月01日 CM/キャンペーン 秋のビフィズス菌まつりキャンペーン 2026年09月01日 レシピ 「季節を楽しむおすすめレシピ」更新しました 2026年08月10日 CM/キャンペーン アンケート回答で毎月100名様にPinoが当たる！ 2026年08月01日 CM/キャンペーン 【第２弾】夏のシナぷしゅコラボキャンペーン 2026年07月01日 CM/キャンペーン ディズニーデザインのミルクをたくさん飲もう！キャンペーン ニュースリリース 2026年09月03日 商品情報 「ピノ チョコアソート,EQUITY,Consumer Defensive,Packaged Foods
1,2264,"Morinaga Milk Industry Co., Ltd.",宅配,物流・海運,,,72.0,68.0,,未確定,C,revenue_share_unknown,unknown,unknown,,https://www.morinagamilk.co.jp/,本地震による被災地・被災者への支援に関するお知らせ 2026年07月31日 令和8年熊本地震により被災された皆さまへ 2026年06月17日 公正取引委員会による立入検査について 2026年04月28日 【更新】公式を装った「なりすましアカウント」、「なりすましサイト」、「迷惑メール」にご注意ください 森永乳業note 公式アカウント レシピ ビヒダスで爽やか麻辣湯 簡単！パルテノでコールスロー～適塩～ 熟成チーズでコク旨ポテトサラダ 濃厚チーズケーキディップ 2026/9/1 「季節を楽しむおすすめレシピ」 公開中！ 商品紹介 新商品 キャンペーン ブランドサイト 牛乳類 飲料 ヨーグルト デザート アイス クリープ・れん乳・ スキムミルク・とうふ チーズ・バター 育児用食品 ヘルスケア・ 健康食品 流動食・介護食 (森永乳業クリニコ株式会社） 機能性表示食品 栄養成分一覧 販売店検索 宅配サービス 健康食品通販サイト 業務用商品サイト CM・動画・ 公式アカウント ビフィズス菌「小さくなった大きな容器」篇 ラクトフェリン２００「のどにバリア」篇 ソーシャルメディア公式アカウント 更新情報 2026年09月01日 CM/キャンペーン 秋のビフィズス菌まつりキャンペーン 2026年09月01日 レシピ 「季節を楽しむおすすめレシピ」更新しました 2026年08月10日 CM/キャンペーン アンケート回答で毎月100名様にPinoが当たる！ 2026年08月01日 CM/キャンペーン 【第２弾】夏のシナぷしゅコラボキャンペーン 2026年07月01日 CM/キャンペーン ディズニーデザインのミルクをたくさん飲もう！キャンペーン ニュースリリース 2026年09月03日 商品情報 「ピノ チョコアソート（パウパトパッケージ）」、「ピノ シーズンアソート（パウパトパッケージ）」 9月,EQUITY,Consumer Defensive,Packaged Foods
1,2264,"Morinaga Milk Industry Co., Ltd.",食品,内需・消費,,,96.0,88.0,,未確定,C,revenue_share_unknown,unknown,unknown,,https://www.morinagamilk.co.jp/,森永乳業株式会社 商品・キャンペーン レシピ 学ぶ・体験 サステナビリティ 会社情報 IR 研究開発 お客さま相談室 商品・キャンペーン 一覧へ 新商品 商品紹介 ブランドサイト キャンペーン CM・動画・公式アカウント 取扱店舗検索 栄養成分一覧 閉じる レシピ 一覧へ 季節を楽しむおすすめレシピ レシピ動画 おすすめレシピ特集一覧 閉じる 学ぶ・体験 一覧へ 工場見学 森永乳業の｢次世代成長支援」 健康セミナー 食品安全・品質について 酪農との関わり 閉じる サステナビリティ 一覧へ サステナビリティニュース トップメッセージ 森永乳業の サステナビリティ経営 マネジメント体制 コーポレート・ガバナンス 食とウェルビーイング 資源と環境 人と社会 ESGデータ 閉じる 会社情報 一覧へ 社長メッセージ 会社概要 理念体系 沿革 グローバル 役員紹介 事業所一覧 関係会社一覧 採用情報 閉じる IR 一覧へ IRニュース 経営情報 個人投資家の皆さまへ 業績情報 株式情報 IR資料室 IRカレンダー IRに関するお問い合わせ 閉じる 研究開発 一覧へ 私たちのミッション イノベーションストーリー 研究者インタビュー 研究開発領域 研究開発ヒストリー 論文・学会発表 閉じる お客さま相談室 一覧へ お電話でのお問い合わせ メールでのお問い合わせ LINEでのお問い合わせ 取扱店舗検索 よくいただくご質問,EQUITY,Consumer Defensive,Packaged Foods
1,2267,"Yakult Honsha Co.,Ltd.",食品,内需・消費,,,94.0,86.0,,未確定,C,revenue_share_unknown,unknown,unknown,,https://www.yakult.co.jp/,ヤクルト本社 オンラインショップ オンライン ショップ 一覧 ヤクルトレディがお届けします 乳製品・清涼飲料 宅配便でお届けします 化粧品 健康食品、青汁、アイスクリーム めん類（ラーメン、うどんなど） ペット商品（犬、猫用） English 企業情報 商品情報 商品情報 一覧 商品情報一覧 全商品 新商品 乳製品 乳酸菌飲料 のむヨーグルト 食べる ヨーグルト はっ酵豆乳食品 その他 清涼飲料 野菜・果実飲料 豆乳類 栄養ドリンク お茶類 乳性飲料 コーヒー 乳飲料 その他 食品 めん類 健康食品 オンラインショップ キャンペーン・特集 ブランドサイト 保健機能食品制度 商品の購入方法 製造所固有記号 栄養成分・アレルギー表示 オンラインショップ オンラインショップ一覧 ヤクルトレディがお届けします ・乳製品・清涼飲料 宅配便でお届けします ・化粧品 ・健康食品、青汁、アイスクリーム ・めん類（ラーメン、うどんなど） ・ペット商品（犬、猫用） キャンペーン・特集 見学 知る・楽しむ 知る・楽しむ 一覧 知る・楽しむ一覧 CMギャラリ,EQUITY,Consumer Defensive,Beverages - Non-Alcoholic
1,2269,"Meiji Holdings Co., Ltd.",介護関連,医療・ヘルスケア,,,8.0,5.0,,未確定,C,revenue_share_unknown,unknown,unknown,,,売上構成比を公式資料から数値で確認できず,EQUITY,Consumer Defensive,Packaged Foods
1,2269,"Meiji Holdings Co., Ltd.",宅配,物流・海運,,,8.0,5.0,,未確定,C,revenue_share_unknown,unknown,unknown,,,売上構成比を公式資料から数値で確認できず,EQUITY,Consumer Defensive,Packaged Foods
1,2269,"Meiji Holdings Co., Ltd.",食品,内需・消費,,,97.0,89.0,,未確定,C,revenue_share_unknown,unknown,unknown,,,売上構成比を公式資料から数値で確認できず,EQUITY,Consumer Defensive,Packaged Foods
1,2270,"MEGMILK SNOW BRAND Co.,Ltd.",食品,内需・消費,,,100.0,92.0,,未確定,C,revenue_share_unknown,unknown,unknown,,https://www.meg-snow.com/,雪印メグミルク株式会社 - Love Earth. Love Life. 商品・ キャンペーン 商品のご案内TOP 牛乳・乳飲料 果汁・飲料 ヨーグルト デザート クリーム バター・ マーガリン チーズ 練乳・スキムミルク・ その他 宅配商品 育児用粉ミルク サプリメント・ 健康食品 業務用商品 新商品 商品ブランド一覧 健康を考えた商品 プレゼントキャンペーン ムービーギャラリー 閉じる 学ぶ・ 体験 学ぶ・体験 体験・イベント 体験・イベント 学ぶ・楽しむ 学ぶ・楽しむ ムービーギャラリー キャンペーン メンバー会員 メンバー会員 閉じる レシピ お料理レシピTOP 特集一覧 レシピを選ぶ レシピを選ぶ レシピ動画 栗原はるみのミルクのある生活 チーズクラブ 閉じる サステナビリティ サステナビリティTOP トップメッセージ 雪印メグミルクグループの理念体系 サステナビリティ経営 重要課題（マテリアリティ）特定プロセス 雪印メグミルクレポート （統合報告書） ESGデータ集 Environment（環境） Society（社会） Governance（ガバナンス） 閉じる 会社情報 会社情報TOP 雪印メグミルクグループの理念体系 トップメッセージ 沿革 事業案内,EQUITY,Consumer Defensive,Packaged Foods
1,2282,NH Foods Ltd.,食品,内需・消費,,,94.0,86.0,,未確定,C,revenue_share_unknown,unknown,unknown,,https://www.nipponham.co.jp/corporate/ir/policy/vision2030.html,"連結財務諸表 株式・株主情報 株式・株主情報 トップ 株式の状況 配当金 株主メモ 株主優待情報 株主優待品のご案内 株式諸手続きについて 定款・株式取扱規程 アナリストカバレッジ 株価情報 IRライブラリー IRライブラリー トップ 決算短信 決算説明会資料 IRイベント資料 データブック 有価証券報告書 統合報告書/アニュアルレポート ファイリング情報 コーポレート・ガバナンス報告書 市場動向資料集 IRイベント IRイベント トップ IRカレンダー 個人投資家説明会 株主総会 株主様向け情報 よくあるご質問 IRに関するお問い合わせ 電子公告 動画配信 免責事項 ニュース ニッポンハムグループ Vision2030 当社グループは、体の1/5を占め、人が生きる上で欠かせない栄養素である「たんぱく質」に、創業以来向き合ってまいりました。この「たんぱく質」をベースに安全・安心でおいしい食品を安定的にお届けしていく責任と使命は変わりませんが、これに加え、外部環境の変化に伴う課題と、ライフスタイルの変化に伴う多様な食シーンにもしっかりと取り組んでいくべく、「Vision2030」を策定しました。 Throughout its history, the NH Foods Group has given form to the joy of eating by responding to people’s food needs, while also addressing social issues. 「Vision2030」は、これまでの提供価値である「安全・安心」「おいしさ」に加え、常識にとらわれない「自由」な発想で「たんぱく質」の可能性を広げることで、社会環境や人々のライフスタイルの変化に対応する多様な食シーンを創出し、毎日の幸せな食生活を支え続けたいという当社グループの想い",EQUITY,Consumer Defensive,Packaged Foods
1,228A,"OPRO Co., Ltd.",IT関連,デジタル・サービス,,,90.0,82.0,,未確定,C,revenue_share_unknown,unknown,unknown,,https://corp.opro.net/,ããã¼ã·ã§ã³ã® ã­ã¼ã« ãªãã ããã¯ã æªæ¥ã â¼¤ãã å¤ãã ã¤ããã¼ã·ã§ã³ã® ã­ã¼ã«ãªãã ç§ãã¡ã«ã¤ãã¦ãè¦ã 02 äºæ¥­å å®¹ã«ã¤ãã¦ æ¥­åã å¤é© ãã 2ã¤ã® ã½ãªã¥ã¼ã·ã§ã³ã æä¾ äºæ¥­å å®¹ãè¦ã ãã¼ããã¼ãµã¤ããè¦ã Solution 01 ãã¼ã¿ãªããã£ãã¤ãº ã½ãªã¥ã¼ã·ã§ã³ éèã»å ¬å ±ã»è£½é ã»ITãªã©æ¥­çç¹æã®ãã¸ãã¹ãã¼ã¿ã çµç¹ãæã¤ããããæ å ±ãå¦çã»æ´çãã¾ãã DXæ¨é²ã»çµå¶ä¼ç»ã®æ¹ã çªå£ç³è«ã®é»å­åãæ¨é²ãã¦ããæ¹ Solution 02 ã»ã¼ã«ã¹ããã¸ã¡ã³ã ã½ãªã¥ã¼ã·ã§ã³ çµå¶ãäºæ¥­ã®ã´ã¼ã«ã«å¯¾ãã¦ã ããããæ å ±ãä¸å ç®¡çããæ¥­åãã­ã»ã¹ãæ¯ãã¾ãã SaaSäºæ¥­è ã»æ°è¦äº,EQUITY,Technology,Software - Infrastructure
1,228A,"OPRO Co., Ltd.",クラウドコンピューティング,デジタル・サービス,,,42.0,30.0,,未確定,C,revenue_share_unknown,unknown,unknown,,,売上構成比を公式資料から数値で確認できず,EQUITY,Technology,Software - Infrastructure
1,228A,"OPRO Co., Ltd.",サブスクリプション,デジタル・サービス,,,58.0,46.0,,未確定,C,revenue_share_unknown,unknown,unknown,,,売上構成比を公式資料から数値で確認できず,EQUITY,Technology,Software - Infrastructure
1,228A,"OPRO Co., Ltd.",デジタルトランスフォーメーション,デジタル・サービス,,,90.0,82.0,,未確定,C,revenue_share_unknown,unknown,unknown,,https://corp.opro.net/,æ±ºç®èª¬æè³æ æä¾¡è¨¼å¸å ±åæ¸ ãã®ä»IRè³æ æ ªå¼ã«ã¤ãã¦ æ ªå¼æ å ± æ ªä¸»ç·ä¼ æ ªä¾¡æ å ± IRãåãåãã IRã«ã¬ã³ãã¼ ãããããè³ªå é»å­å ¬å å è²¬äºé æ¡ç¨æ å ± ãåãåãã ãªãã­ã¯å¸³ç¥¨ãä¸»ä½ã¨ãã ããããåéã§æ¥­åã®æµããå¤é©ããä¼ç¤¾ã§ãã Scroll down 2026å¹´08æ26æ¥ ãã¬ã¹ãªãªã¼ã¹ ãå¸³ç¥¨DXãå ¬å¼ãµã¤ããAIæ´»ç¨ãæ°ããªæ±ã«ãªãã¥ã¼ã¢ã« 01 ç§ãã¡ã«ã¤ãã¦ ããã¯ã æªæ¥ã â¼¤ããå¤ãã ã¤ããã¼ã·ã§ã³ã® ã­ã¼ã« ãªãã ããã¯ã æªæ¥ã â¼¤ãã å¤ãã ã¤ããã¼ã·ã§ã³ã® ã­ã¼ã«ãªãã ç§ãã¡ã«ã¤ãã¦ãè¦ã 02 äºæ¥­å å®¹ã«ã¤ãã¦ æ¥­åã å¤é© ãã 2ã¤ã® ã½ãªã¥ã¼ã·ã§ã³ã æä¾ äºæ¥­å å®¹,EQUITY,Technology,Software - Infrastructure
1,228A,"OPRO Co., Ltd.",データ分析・解析,AI・半導体,,,8.0,5.0,,未確定,C,revenue_share_unknown,unknown,unknown,,,売上構成比を公式資料から数値で確認できず,EQUITY,Technology,Software - Infrastructure
1,228A,"OPRO Co., Ltd.",電子政府,デジタル・サービス,,,8.0,5.0,,未確定,C,revenue_share_unknown,unknown,unknown,,,売上構成比を公式資料から数値で確認できず,EQUITY,Technology,Software - Infrastructure
1,2292,S Foods Inc.,食品,内需・消費,,,94.0,86.0,,未確定,C,revenue_share_unknown,unknown,unknown,,,売上構成比を公式資料から数値で確認できず,EQUITY,Consumer Defensive,Farm Products
1,2294,"Kakiyasu Honten Co., Ltd.",外食,内需・消費,,,58.0,46.0,,未確定,C,revenue_share_unknown,unknown,unknown,,,売上構成比を公式資料から数値で確認できず,EQUITY,Consumer Defensive,Food Distribution
1,2296,Itoham Yonekyu Holdings Inc.,食品,内需・消費,90.20,,94.0,86.0,,未確定,C,calculated_ratio_needs_qa,calculated_candidate_only,calculated_ratio_candidate,calculated_same_snippet,https://www.itoham-yonekyu-holdings.com/Portals/0\images\ir\pdf\earnings report\202703_1Q_earnings_JP.pdf,"-9- （４）四半期連結財務諸表に関する注記事項 （会計上の見積りの変更と区別することが困難な会計方針の変更） （有形固定資産の減価償却方法の変更） 従来、当社及び国内連結子会社は、有形固定資産（リース資産を除く）の減価償却方法として定率法（但 し、1998年４月１日以降に取得した建物（除く建物附属設備）及び2016年４月１日以降に取得した建物附属設 備及び構築物は定額法）を採用していましたが、当第１四半期連結会計期間より定額法へ変更しています。 当社グループでは、2026年度下期に新三島工場の竣工・減価償却開始を予定しています。これを機に当社グ ループが保有している有形固定資産の使用実態を検証した結果、急激な技術的・経済的陳腐化は見られず、今 後も長期にわたり安定的に稼働することが見込まれるため、従来の定率法から耐用年数にわたり均等に費用を 配分する定額法に変更することで使用実態を財務諸表により適切に反映できると判断したものです。 この結果、従来の方法によった場合と比較し、当第１四半期連結累計期間の営業利益、経常利益及び税金等 調整前四半期純利益は313百万円それぞれ増加しています。 （セグメント情報等の注記） Ⅰ 前第１四半期連結累計期間（自 2025年４月１日 至 2025年６月30日） １．報告セグメントごとの売上高及び利益又は損失の金額に関する情報 (単位：百万円) 報告セグメント その他 (注)１ 合計 調整額 (注)２ 四半期連結 損益計算書 計上額 (注)３ 加工食品 事業 食肉 事業 計 売上高 外部顧客への売上高 100,266 196,841 297,107 3 297,110 － 297,110 セグメント間の内部 売上高又は振替高 9,078 21,134 30,213 376 30,589 △30,589 － 計 109,344 217,976 327,320 379 327,700 △30,589 297,110 セグメント利益 2,200 7,254 9,455 41 9,496 △335 9,161 (注) １．「その他」の区分は、報告セグメントに含まれない事業セグメントであり、人事給与関連業務サービス 等です。 ２．セグメント利益の調整額の主な内容は、のれんの償却額△347百万円等です。 ３．セグメント利益は、四半期連結損益計算書の経常利益と調整を行っています。 Ⅱ 当第１四半期連結累計期間（自 2026年４月１日 至 2026年６月30日） １．報告セグメントごとの売上高及び利益又は損失の金額に関する情報 (単位：百万円) 報告セグメント その他 (注)１ 合計 調整額 (注)２ 四半期連結 損益計算書 計上額 (注)３ 加工食品 事業 食肉 事業 計 売上高 外部顧客への売上高 97,610 183,449 281,0",EQUITY,Consumer Defensive,Packaged Foods
1,2303,Dawn Corp.,IT関連,デジタル・サービス,,,94.0,96.0,,未確定,C,revenue_share_unknown,unknown,unknown,,https://www.dawn-corp.co.jp/,株式会社ドーン | 地理情報システム(GIS） TOP COMPANY PRODUCTS/SERVICES Apps IR NEWS TOPICS/MEDIA SDGs RECRUIT CONTACT CREATE A SAFE AND SECURE SOCIETY. 安心・安全な社会を、創る。 聴覚や発話に 障がいのある方のための NET119 緊急通報 システム 国内標準化仕様 NET119 2.0に対応。 スマートフォン・携帯電話の インターネット接続機能を利用して、 簡単な操作で素早く 119番通報することができます。 映像通報システム Live119 通報現場の状況を撮影しリアルタイムに 伝送することを実現した全く新しい 通報システムです。 映像通報システム Live110 警察官と110番通報者間での 映像コミュニケーションを実現します。 AED運搬支援システム AED GO 心肺停止時に、指令台から救命ボラン ティアへ事案情報 を配信します。 救急隊が到着するまでの間に、 AEDを使用した応急手当を行うことが できる支援体制を実現します。 高品質な住民サー,EQUITY,Technology,Software - Application
1,2303,Dawn Corp.,クラウドコンピューティング,デジタル・サービス,,,92.0,94.0,,未確定,C,revenue_share_unknown,unknown,unknown,,https://www.dawn-corp.co.jp/,影しリアルタイムに 伝送することを実現した全く新しい 通報システムです。 映像通報システム Live110 警察官と110番通報者間での 映像コミュニケーションを実現します。 AED運搬支援システム AED GO 心肺停止時に、指令台から救命ボラン ティアへ事案情報 を配信します。 救急隊が到着するまでの間に、 AEDを使用した応急手当を行うことが できる支援体制を実現します。 高品質な住民サービスを実現 スマートフォン アプリ アプリを活用したサービスをワンストップで提供。 利用者を持続的に増やし利用頻度を高める 仕掛けを持ち、 高い満足度を維持する先進的なアプリ開発を行います。 DMaCS 災害情報共有サービス 災害時に被害情報等を収集・一元管理し、 初動期における災害対策本部の意思決定を支援するサービス。 災害現場や避難所、事務局や災害対策本部にいる職員を結び、 スムーズな災害対応をクラウド型サービスにより支援します。 まちかど案内 まちづくり地図 目指したのはかんたん・便利。 遊び心のある地図広場、幅広い住民のニーズに応えて、 自治体の管理効率も両立。 まちかど地図 Pro 総合型GISを低予算で構築。職員の様々な権限を統括管理。 電子住宅地図を標準搭載。GISの初心者も理解しやすい機能統計。 インターネット公開GISと楽々連携。国内最高水準のデータセンタで運用。 感染症危機管理 システム 感染症サーベイランス情報を管理する システムをクラウド型で構築可能！ 医療機関・福祉関係機関・教育機関との間で 迅速な危機管理情報共有を実現します。 かんたんログ解析 アクセスした地域や企業名がわかる ホームページアクセスログサービス。 GeoBase／GeoBase.NET 優れた表現力・豊富な機能 超高速地図表示大規模運用への対応、そしてクラウド対応。 公共事業や社会インフラを初めと,EQUITY,Technology,Software - Application
1,2303,Dawn Corp.,ドローン,防衛・国土強靱化,,,8.0,5.0,,未確定,C,revenue_share_unknown,unknown,unknown,,,売上構成比を公式資料から数値で確認できず,EQUITY,Technology,Software - Application
1,2303,Dawn Corp.,自動運転車,自動車・モビリティ,,,8.0,5.0,,未確定,C,revenue_share_unknown,unknown,unknown,,,売上構成比を公式資料から数値で確認できず,EQUITY,Technology,Software - Application
1,2303,Dawn Corp.,防災,防衛・国土強靱化,,,92.0,90.0,,未確定,C,revenue_share_unknown,unknown,unknown,,https://www.dawn-corp.co.jp/,"6/04/23 毎日新聞 東海3県版に当社の「Live-X」が全面カラー広告で掲載されました 2026/03/27 FNN系NST新潟総合テレビで当社開発の「にいがたポリス」を利用した奏功事例が紹介されました 2026/03/25 長崎新聞で当社の「Live119」導入に関する事例が報道されました 2026/03/17 第8回通信指令シンポジウムに登壇・出展しました 2026/03/09 健康経営優良法人2026（中小規模法人部門）に認定されました IR NEWS 投資家の皆様へ more COMPANY 会社情報 ""なぜ誰も思いつかなかったのか""をカタチに －社会課題に挑戦し新しい価値を創造する － more PRODUCTS/SERVICES 製品・サービス 私たちの製品・サービスは社会の「安心・安全」を支えるシステムを提供する企業という役割を担っており、 主に地方自治体等の安心安全、防災防犯分野、民間企業の社会インフラ分野に利用されています。 more RECRUIT 採用情報 さらなる発展を目指し、一緒に働く新たな仲間を募集しています。 「同じ目標に向かって歩きたい」「何かを成し遂げたい」という意欲ある方からの募集をお待ちしております。 more 過去に当社で働いていた方へ アルムナイ採用制度（退職後再雇用制度） TOP ©2018-2024 Dawn corp. 会社情報 トップメッセージ 会社概要・沿革 主要取引先と加盟団体 アクセス 製品・サービス NET119 緊急通報システム Live110 映像通報システム Live119 映像通報システム Live-X 映像通話システム DMaCS 災害情報共有サービス AED GO AED運搬支援システム mailio メッセージ配信サービス まちかど案内まちづくり地図 まちかど地図Pro 感染症危機管理システム かんた",EQUITY,Technology,Software - Application
1,2304,"CSS Holdings,Ltd.",ホテル,内需・消費,,,42.0,30.0,,未確定,C,revenue_share_unknown,unknown,unknown,,,売上構成比を公式資料から数値で確認できず,EQUITY,Industrials,Specialty Business Services
1,2304,"CSS Holdings,Ltd.",外食,内需・消費,,,86.0,78.0,,未確定,C,revenue_share_unknown,unknown,unknown,,,売上構成比を公式資料から数値で確認できず,EQUITY,Industrials,Specialty Business Services
1,2307,"Cross Cat Co., Ltd.",IT関連,デジタル・サービス,34.50,43.1,94.0,86.0,64.8,有力関連,B,explicit_ratio_needs_qa,revenue_share_v4_candidate,explicit_ratio_candidate,explicit_percent,"https://www.xcat.co.jp/ja/ir/library/result/main/00/teaserItems1/01113/linkList/0/link/Consolidated%20Financial%20Results%20for%20the%20Fiscal%20Year%20Ended%20March%2031,%202025%20%5BJ-GAAP%5D%201.pdf","1, 2025 (April 1, 2024 to March 31, 2025) (1) Consolidated operating results (% indicates changes from the previous corresponding period.) Net sales Operating profit Ordinary profit Profit attributable to owners of parent Fiscal year ended Millions of yen % Millions of yen % Millions of yen % Millions of yen % March 31, 2025 16,194 8.5 1,836 20.7 1,898 20.9 1,316 0.4 March 31, 2024 14,931 7.9 1,521 4.2 1,570 4.0 1,311 28.6 (Note) Comprehensive income: Fiscal year ended March 31, 2025: ¥ 1,367 million [ (5.4) %] Fiscal year ended March 31, 2024: ¥ 1,445 million [ 34.5 %] Basic earnings per share Diluted earnings per share Rate of return on equity Ordinary profit to total assets ratio Operating profit to net sales ratio Fiscal year ended Yen Yen % % % March 31, 2025 93.17 ― 24.1 19.0 11.3 March 31, 2024 90.28 ― 25.8 17.4 10.2 (Reference) Equity in earnings (losses) of affiliated companies: Fiscal year ended March 31, 2025: ¥ - million Fiscal year ended March 31, 2024: ¥ - million (2) Consolidated financial position Total assets Net assets Equity ratio Net assets per share As of Millions of yen Millions of yen % Yen March 31, 2025 10,526 5,853 55.6 415.03 March 31, 2024 9,466 5,083 53",EQUITY,Technology,Software - Application
1,2307,"Cross Cat Co., Ltd.",キャッシュレス決済,金融・金利,,,8.0,5.0,,未確定,C,revenue_share_unknown,unknown,unknown,,,売上構成比を公式資料から数値で確認できず,EQUITY,Technology,Software - Application
1,2307,"Cross Cat Co., Ltd.",クラウドコンピューティング,デジタル・サービス,19.00,23.8,86.0,92.0,52.7,補助関連,B,explicit_ratio_needs_qa,revenue_share_v4_candidate,explicit_ratio_candidate,explicit_percent,https://www.xcat.co.jp/ja/ir/library/result/main/00/teaserItems1/01115/linkList/0/link/2025_05_23_financial_results_briefing_material.pdf,"15,000 20,000 25,000 30,000 35,000 2014年度 2015年度 2016年度 2017年度 2018年度 2019年度 2020年度 2021年度 2022年度 2023年度 2024年度 2025年度 2026年度 2027年度 2028年度 2029年度 2030年度 2031年度 2032年度 2033年度 2034年度 インオーガニック成⾧ オーガニック成⾧ 営業利益率 3-3.経営ビジョンを達成するための3つのポイント 17  約５％の売上高成⾧を達成しつつ、変化するDX需要を取り込むM&Aを実施し、経営ビジョン達成を目指す ①社会インフラを支えるSI※事業の安定成⾧・安定利益率【平均成⾧率4%以上】 ②M&Aを行いつつ、企業成⾧を支えるDX※事業の高成⾧・高利益率【平均成⾧率10%以上】 ③高く安定したCF創出能力を活用した高い資本効率性 【ROE 20%以上】 ※SI…システムインテグレーションの略、DX…デジタルトランスフォーメーションの略 Copyright（C）2025 Cross Cat Co.,Ltd All Rights Reserved. 3-4.持続的な事業成⾧を支える市場環境について  不確実性が高まる経済環境においても、持続的な成⾧が予測される国内ITサービス市場 成⾧が続く国内ITサービス市場 ※出典:IDC JAPAN「国内 IT サービス市場 産業分野別予測、 2025年～ 2029年」  金融などでクラウド移行とモダナイゼーション需要増  官公庁や地方自治体での大型システム刷新PJT進行 SI分野  デジタルビジネス化に向けた新システム構築投資増  顧客エクスペリエンス（CX）向上のための需要増  AIのPoCから実践へ、AIユースケースの発展 DX分野 18Copyright（C）2025 Cross Cat Co.,Ltd All Rights Reserved. 3-5.持続的な事業成⾧を可能にする3つのポイント-1 19  持続的な安定成⾧を牽引するコアビジネス・SI事業 さらなる成⾧に向けた取り組み 安定した成⾧性要因 クレジット 19.0% 金融 16.0% 官公庁公共 25.0% その他 40.0％ 官公庁公共・クレジット・金融事業 構成割合 官公庁、公共 金融、クレジット 社会インフラ系の顧客中心 一括請負開発拡大に向けた 組織力の強化 生産性向上のための開発や保守に 関するナレッジの標準化 Copyright（C）2025 Cross Cat Co.,Ltd All Rights Reserved. 主要領域（金融、クレジット、公共） 8,538 10,921 12,486 13,174 13,988 2020年度 2021年度 2022年度 202",EQUITY,Technology,Software - Application
1,2307,"Cross Cat Co., Ltd.",デジタルトランスフォーメーション,デジタル・サービス,19.00,23.8,92.0,98.0,55.4,補助関連,B,explicit_ratio_needs_qa,revenue_share_v4_candidate,explicit_ratio_candidate,explicit_percent,https://www.xcat.co.jp/ja/ir/library/result/main/00/teaserItems1/01115/linkList/0/link/2025_05_23_financial_results_briefing_material.pdf,"8Copyright（C）2025 Cross Cat Co.,Ltd All Rights Reserved. 3-5.持続的な事業成⾧を可能にする3つのポイント-1 19  持続的な安定成⾧を牽引するコアビジネス・SI事業 さらなる成⾧に向けた取り組み 安定した成⾧性要因 クレジット 19.0% 金融 16.0% 官公庁公共 25.0% その他 40.0％ 官公庁公共・クレジット・金融事業 構成割合 官公庁、公共 金融、クレジット 社会インフラ系の顧客中心 一括請負開発拡大に向けた 組織力の強化 生産性向上のための開発や保守に 関するナレッジの標準化 Copyright（C）2025 Cross Cat Co.,Ltd All Rights Reserved. 主要領域（金融、クレジット、公共） 8,538 10,921 12,486 13,174 13,988 2020年度 2021年度 2022年度 2023年度 2024年度 （百万円） SI領域ビジネス業績推移 10,343 5,727 行政デジタル化推進への対応ニーズ ネットバンキング、マルチ決済など多様化する 顧客サービス体験への対応ニーズ 景気動向に左右されない安定受注 充実したユーザーコミュニティ 3-6.持続的な事業成⾧を可能にする3つのポイント-2 20  継続的に企業課題を把握する仕組みを活かし、M&Aを活かしつつ、高成⾧を目指すDX事業 クロスセル・アップセル 新規 顧客 既存 顧客 安定重要顧客 DX推進フレームワーク 提案活動 課題把握 Copyright（C）2025 Cross Cat Co.,Ltd All Rights Reserved.  データ活用  AI アライアンス・M&A自社独自開発・機能強化 他社プロダクト etc 自社プロダクト 「CC-BizMate」 「Data Knowledge」 etc エンドユーザー 比率 展示会等 3-7. SI・DXの各事業における収益力向上に関する取組みについて  成⾧が続く国内ITサービス市場における当社の事業展開と高収益を実現する要因 ナレッジマネジメントシステムPMO ISO/CMMI 【徹底した品質管理】 プロジェクト管理能力 システム品質チェック 【開発の効率化・高品質化】 ナレッジ活用による開発能力の強化 人的資本投資（人材育成） SI事業 取り組み 強み  金融、公共分野等の専門知識、業務ノウハウ  一括開発・技術の提供実績  クラウドモダナイゼーション等のナレッジ共有  一括請負開発拡大に向けたPJTリーダー育成  全社的な取り組みによるクラウド技術向上  OCI環境構築効率化のためのテンプレート化推進  PoC開発等、お客様の状況に応じたきめ細かい対応力  幅広い分野でのOCI活",EQUITY,Technology,Software - Application
1,2307,"Cross Cat Co., Ltd.",フィンテック,金融・金利,,,8.0,5.0,,未確定,C,revenue_share_unknown,unknown,unknown,,,売上構成比を公式資料から数値で確認できず,EQUITY,Technology,Software - Application
1,2307,"Cross Cat Co., Ltd.",マイナンバー,デジタル・サービス,,,8.0,5.0,,未確定,C,revenue_share_unknown,unknown,unknown,,,売上構成比を公式資料から数値で確認できず,EQUITY,Technology,Software - Application
1,2307,"Cross Cat Co., Ltd.",電子政府,デジタル・サービス,,,8.0,5.0,,未確定,C,revenue_share_unknown,unknown,unknown,,,売上構成比を公式資料から数値で確認できず,EQUITY,Technology,Software - Application
1,2311,"EPCO Co.,Ltd.",下水道,防衛・国土強靱化,,,8.0,5.0,,未確定,C,revenue_share_unknown,unknown,unknown,,,売上構成比を公式資料から数値で確認できず,EQUITY,Industrials,Engineering & Construction
1,2311,"EPCO Co.,Ltd.",住宅関連,不動産・建設,19.10,23.9,72.0,68.0,44.9,補助関連,B,explicit_ratio_needs_qa,revenue_share_v4_candidate,explicit_ratio_candidate,explicit_percent,https://www.epco.co.jp/data/pdf/our_vision/management_plan.pdf,"%から40%に上昇 THT、ENE’s、ENECHANGE グループ各社が業績貢献 メンテナンスサービス （旧 H-M事業） CRMは想定より広がらず 事業モデル確立に課題 設計サービス （旧 D-TECH事業） BIMは想定より広がらず 住宅業界の普及は時間要す 2025年 目標 2023年 実績 2024年 実績 2025年 計画 売上高 100億円 50.5憶円 56.0億円 61.1億円 経常利益率 20.0% 8.4％ 7.9% 7.6％ ROE 20.0% 13.8% 7.0％ 9.1％ 定 性 目 標 定 量 目 標 建築DXで高付加価値化 事業ポートフォリオの変革 グループ経営の推進 定性目標：グループ経営の推進により事業ポートフォリオ変革が進むも、建築DXによる高付加価値化に課題 定量目標：2025年中計目標は未達見込みも、再エネ領域のサービス拡大により、売上は着実に増加傾向 5COPYRIGHT EPCO Co., Ltd. ALL RIGHT RESERVED. 3,544 3,540 3,359 836 1,277 2,247 4,380 4,818 5,607 19.1% 26.5% 40.1% 0.0% 10.0% 20.0% 30.0% 40.0% 50.0% 60.0% 70.0% 80.0% 90.0% 100.0% 0 1,000 2,000 3,000 4,000 5,000 6,000 7,000 FY2020 FY2022 FY2024 住宅領域 再エネ領域 再エネ領域の割合 エプコグループ 売上高 事業ポートフォリオ変革の推移（住宅領域→再エネ領域） 住宅領域 ：住宅着工戸数減少の影響により、売上横ばい 再エネ領域：設計・工事・メンテ売上いずれも成長し、売上高構成比率が40%まで拡大 836 +346 +850 +213 2,247 FY2020 売上高 設計サービス 再エネサービス メンテサービス FY2024 売上高 0 500 1,000 1,500 2,000 2,500 ※ 再エネ領域：太陽光発電・蓄電池・EV充電器等の設備に関連するサービス売上高の合計 （単位：百万円） （単位：百万円） セグメント内訳 設計 489 再エネ 1,379 メンテ 377 再エネ工事 （太陽光・蓄電池） 保守管理 （メンテ） 再エネ設計 （太陽光・EV充電器） 事業セグメント 再エネ領域 売上高の増減 設計 再エネ メンテ 6COPYRIGHT EPCO Co., Ltd. ALL RIGHT RESERVED. エプコグループを取り巻く外部環境 170 122 81 58 1990 2000 2023 2030 2040 7 42 72 87 125 227 2012 16 20 23 30 40 (年) (GW) 向か",EQUITY,Industrials,Engineering & Construction
1,2311,"EPCO Co.,Ltd.",太陽光発電関連,GX・エネルギー,19.10,23.9,92.0,90.0,54.2,補助関連,B,explicit_ratio_needs_qa,revenue_share_v4_candidate,explicit_ratio_candidate,explicit_percent,https://www.epco.co.jp/data/pdf/our_vision/management_plan.pdf,"% 13.8% 7.0％ 9.1％ 定 性 目 標 定 量 目 標 建築DXで高付加価値化 事業ポートフォリオの変革 グループ経営の推進 定性目標：グループ経営の推進により事業ポートフォリオ変革が進むも、建築DXによる高付加価値化に課題 定量目標：2025年中計目標は未達見込みも、再エネ領域のサービス拡大により、売上は着実に増加傾向 5COPYRIGHT EPCO Co., Ltd. ALL RIGHT RESERVED. 3,544 3,540 3,359 836 1,277 2,247 4,380 4,818 5,607 19.1% 26.5% 40.1% 0.0% 10.0% 20.0% 30.0% 40.0% 50.0% 60.0% 70.0% 80.0% 90.0% 100.0% 0 1,000 2,000 3,000 4,000 5,000 6,000 7,000 FY2020 FY2022 FY2024 住宅領域 再エネ領域 再エネ領域の割合 エプコグループ 売上高 事業ポートフォリオ変革の推移（住宅領域→再エネ領域） 住宅領域 ：住宅着工戸数減少の影響により、売上横ばい 再エネ領域：設計・工事・メンテ売上いずれも成長し、売上高構成比率が40%まで拡大 836 +346 +850 +213 2,247 FY2020 売上高 設計サービス 再エネサービス メンテサービス FY2024 売上高 0 500 1,000 1,500 2,000 2,500 ※ 再エネ領域：太陽光発電・蓄電池・EV充電器等の設備に関連するサービス売上高の合計 （単位：百万円） （単位：百万円） セグメント内訳 設計 489 再エネ 1,379 メンテ 377 再エネ工事 （太陽光・蓄電池） 保守管理 （メンテ） 再エネ設計 （太陽光・EV充電器） 事業セグメント 再エネ領域 売上高の増減 設計 再エネ メンテ 6COPYRIGHT EPCO Co., Ltd. ALL RIGHT RESERVED. エプコグループを取り巻く外部環境 170 122 81 58 1990 2000 2023 2030 2040 7 42 72 87 125 227 2012 16 20 23 30 40 (年) (GW) 向かい風 • 再エネ、省エネ住宅の普及拡大 • 住宅防災対策の重要性の高まり • 地球温暖化防止に向けた補助金制度、 PV設置義務化などの拡充 • 生産年齢人口の減少による施工人材の不足 • 住宅着工戸数の減少 DXによる 労働生産性向上 再エネ設備を含む 防災関連事業を強化 再エネ領域 日本の太陽光発電総容量 住宅着工戸数の推移 (年) (万戸) 住宅領域 対策方針 出典 実績値：IRENA 「RENEWABLE CAPACITY STATISTICS 2024」 予",EQUITY,Industrials,Engineering & Construction
1,2311,"EPCO Co.,Ltd.",蓄電池,GX・エネルギー,19.10,23.9,92.0,90.0,54.2,補助関連,B,explicit_ratio_needs_qa,revenue_share_v4_candidate,explicit_ratio_candidate,explicit_percent,https://www.epco.co.jp/data/pdf/our_vision/management_plan.pdf,"% 7.0％ 9.1％ 定 性 目 標 定 量 目 標 建築DXで高付加価値化 事業ポートフォリオの変革 グループ経営の推進 定性目標：グループ経営の推進により事業ポートフォリオ変革が進むも、建築DXによる高付加価値化に課題 定量目標：2025年中計目標は未達見込みも、再エネ領域のサービス拡大により、売上は着実に増加傾向 5COPYRIGHT EPCO Co., Ltd. ALL RIGHT RESERVED. 3,544 3,540 3,359 836 1,277 2,247 4,380 4,818 5,607 19.1% 26.5% 40.1% 0.0% 10.0% 20.0% 30.0% 40.0% 50.0% 60.0% 70.0% 80.0% 90.0% 100.0% 0 1,000 2,000 3,000 4,000 5,000 6,000 7,000 FY2020 FY2022 FY2024 住宅領域 再エネ領域 再エネ領域の割合 エプコグループ 売上高 事業ポートフォリオ変革の推移（住宅領域→再エネ領域） 住宅領域 ：住宅着工戸数減少の影響により、売上横ばい 再エネ領域：設計・工事・メンテ売上いずれも成長し、売上高構成比率が40%まで拡大 836 +346 +850 +213 2,247 FY2020 売上高 設計サービス 再エネサービス メンテサービス FY2024 売上高 0 500 1,000 1,500 2,000 2,500 ※ 再エネ領域：太陽光発電・蓄電池・EV充電器等の設備に関連するサービス売上高の合計 （単位：百万円） （単位：百万円） セグメント内訳 設計 489 再エネ 1,379 メンテ 377 再エネ工事 （太陽光・蓄電池） 保守管理 （メンテ） 再エネ設計 （太陽光・EV充電器） 事業セグメント 再エネ領域 売上高の増減 設計 再エネ メンテ 6COPYRIGHT EPCO Co., Ltd. ALL RIGHT RESERVED. エプコグループを取り巻く外部環境 170 122 81 58 1990 2000 2023 2030 2040 7 42 72 87 125 227 2012 16 20 23 30 40 (年) (GW) 向かい風 • 再エネ、省エネ住宅の普及拡大 • 住宅防災対策の重要性の高まり • 地球温暖化防止に向けた補助金制度、 PV設置義務化などの拡充 • 生産年齢人口の減少による施工人材の不足 • 住宅着工戸数の減少 DXによる 労働生産性向上 再エネ設備を含む 防災関連事業を強化 再エネ領域 日本の太陽光発電総容量 住宅着工戸数の推移 (年) (万戸) 住宅領域 対策方針 出典 実績値：IRENA 「RENEWABLE CAPACITY STATISTICS 2024」 予測値：JPE",EQUITY,Industrials,Engineering & Construction
1,2315,CAICA DIGITAL Inc.,IT関連,デジタル・サービス,25.12,,94.0,100.0,,未確定,C,calculated_ratio_needs_qa,calculated_candidate_only,calculated_ratio_candidate,calculated_same_snippet,https://www.caica.jp/wp-content/uploads/2026/06/20260615_1_tanshin.pdf,)、親会社株主に帰属する中間純利益は 52百万円（前年同期比90.4％減）となりました。 売上高につきましては、ITサービス事業及びIoT関連事業が堅調に推移したことにより、前年同期を上回りまし た。利益面につきましても、営業利益及び経常利益はいずれも前年同期を上回って推移いたしました。 また、親会社株主に帰属する中間純利益につきましては、善光総研の子会社化に伴い、段階取得に係る差益207 百万円を特別利益として計上いたしました。これは、当社の連結子会社である株式会社カイカフィナンシャルホ ールディングスが、株式交付による追加取得以前から保有していた同社株式について、追加取得時点の時価によ り再評価を行ったことによるものであります。 一方で、善光総研の子会社化に伴い発生したのれんの一部について、減損損失207百万円を特別損失として計上 いたしました。これは、株式交付による善光総研の子会社化の決定公表後に、当社の株価が上昇したことにより、 善光総研の株主に交付する当社株式の評価額が当初想定を上回ったためであります。その結果、企業結合日にお ける会計上の取得価額が増加し、取得価額と当初想定していた善光総研の事業価値との差額について会計上の処 理として減損損失を計上したものであります。 なお、本減損は当社株価の変動に起因する会計上の処理によるものであり、善光総研の事業価値の低下や業績 悪化によるものではありません。 セグメントごとの業績は以下のとおりであります。 １）ITサービス事業 ITサービス事業はＣＡＩＣＡテクノロジーズが主体となってシステム開発及び各種ソリューションサービス を提供しております。 金融機関向けシステム開発分野におきましては、企業による既存システム刷新やAI関連投資への関心の高ま りを背景に、金融機関におけるシステム投資需要は底堅く推移いたしました。AI活用については本格導入前の 段階であることから、既存システム開発への影響は限定的であり、このような環境のもと、銀行、証券、保険 向け案件を中心に堅調に推移いたしました。 非金融向けシステム開発分野におきましては、DX推進、業務効率化及びセキュリティ強化に対する需要は引 き続き高い水準で推移いたしました。一方で、技術者及びビジネスパートナー要員の確保に時間を要したこと などから、売上高は概ね横ばいで推移いたしました。 フィンテック関連のシステム開発分野におきましては、既存の暗号資産関連プロジェクトの縮小影響があっ たものの、AI関連プロジェクトの立ち上げ等に取り組みました。しかしながら、当該縮小影響を補うには至ら ず、売上高は前年同期を下回って推移いたしました。 DXソリューションサービスは、顧客企業のDX推進を支援するため、大規模エンタープライズ向けDXソリュー ションを有する海外ベンダーとの,EQUITY,Technology,Information Technology Services
1,2315,CAICA DIGITAL Inc.,データ分析・解析,AI・半導体,,,8.0,5.0,,未確定,C,revenue_share_unknown,unknown,unknown,,,売上構成比を公式資料から数値で確認できず,EQUITY,Technology,Information Technology Services
1,2315,CAICA DIGITAL Inc.,フィンテック,金融・金利,99.57,,72.0,68.0,,未確定,C,calculated_ratio_needs_qa,calculated_candidate_only,calculated_ratio_candidate,calculated_same_snippet,https://www.caica.jp/wp-content/uploads/2025/06/20250613_1_tanshin.pdf,"います。）の株式を取得することによる弁済（代物弁済）を受 けるとともに、ZEDホールディングス株式をカイカFHDから株式会社ネクスグループに譲渡しました。本株式譲渡 により、当中間連結会計期間において、特別利益として投資有価証券売却益529百万円を計上しました。 当中間連結会計期間における売上高は2,543百万円（前年同期比11.3％減）、営業利益は25百万円（前年同期比 67.1％減）、経常利益は32百万円(前年同期比60.5％減)、親会社株主に帰属する中間純利益は551百万円（前年同 期は親会社株主に帰属する中間純損失35百万円）となりました。 売上高はITサービス事業である株式会社ＣＡＩＣＡテクノロジーズにおいて、利益率向上を目的とした高単価 案件の選別受注を継続的に行っている影響や、技術者の人員不足による受注の遅れによりやや弱含んで推移して おりますが、利益面につきましては、第１四半期に引き続き当中間連結会計期間においても各段階利益で黒字と なりました。 セグメントごとの業績は以下のとおりであります。 １）ITサービス事業 金融機関向けのシステム開発分野は、銀行向け案件が好調であるものの、技術者人員の不足による受注の遅 れが生じております。人員不足を解消すべく、現在外注先のビジネスパートナーの積極活用に加え、一層の採 用活動の強化に努めております。非金融向けシステム開発分野は、顧客の事業拡大意欲が強くIT投資も依然継 続されており、とりわけ旅行業が好調に推移しております。フィンテック関連のシステム開発分野は、決済系 の案件を中心に安定的に受注を獲得しました。 また、新規ビジネスであるDXソリューションサービスが好調なスタートを切っており、とりわけテクニカル サポート案件の受注数が大きく伸長しております。DXソリューションサービスは、顧客のDX化の加速を目的と し、大規模エンタープライズ向けのDXソリューションを有する大手海外ベンダーと提携し、プロダクト販売、 コンサルティング、設計、追加システム開発、導入サポート、保守・運用までをフルSIとして提供します。 これらの結果、ITサービス事業の売上高は、2,554百万円（前年同期比10.2％減）、営業利益は273百万円 （前年同期比18.3％減）となりました。 株式会社ＣＡＩＣＡ ＤＩＧＩＴＡＬ(2315) 2025年10月期 第２四半期(中間期)決算短信 3 ２）金融サービス事業 当中間連結会計期間においては、暗号資産を含むリスク資産全般への警戒感の影響により、暗号資産の投 資・運用が低調でありました。カイカFHDが運営する審査制NFT販売所、Zaif INOの売上高は、NFTの販売高に応 じた販売手数料を収益源としております。当中間連結会計期間は、読者と漫画家が共に出版を目指す、NFT漫画 プロジェク",EQUITY,Technology,Information Technology Services
1,2315,CAICA DIGITAL Inc.,人工知能,AI・半導体,15.68,,92.0,90.0,,未確定,C,calculated_ratio_needs_qa,calculated_candidate_only,calculated_ratio_candidate,calculated_same_snippet,https://www.caica.jp/wp-content/uploads/2025/12/2025.12.19_1_tanshin.pdf,(前連結会計年度比45.2％減)、親会社株主に帰属する当期純利益は166 百万円（前連結会計年度比444.4％増）となりました。 売上高は、ITサービス事業である株式会社ＣＡＩＣＡテクノロジーズ（以下「ＣＡＩＣＡテクノロジーズ」と いいます。）において、利益率向上を目的とした高単価案件の選別受注を継続的に行った影響により減少いたし ました。 利益面につきましては、売上高減少の影響や業務委託費等の販売費及び一般管理費の増加に伴い、営業利益及 び経常利益は減益となりました。親会社株主に帰属する当期純利益は子会社が保有する有価証券の一部売却に伴 い、投資有価証券売却益等を特別利益として815百万円計上した一方で、株式交換にて子会社化したネクスの取得 時に発生するのれんの減損損失等を特別損失として711百万円計上いたしました。 株式会社ＣＡＩＣＡ ＤＩＧＩＴＡＬ(2315) 2025年10月期 決算短信 3 セグメントごとの業績は以下のとおりであります。 １）ITサービス事業 金融機関向けのシステム開発分野は、銀行向け案件において想定していた大型案件の引き合い獲得に遅れが 生じたものの売上高は前連結会計年度を上回って着地いたしました。証券及び保険向け案件は新規案件の獲得 が不足し軟調でありました。 非金融向けシステム開発分野は、DXや業務効率化、セキュリティへの需要が底堅く推移いたしました。AI技 術の浸透により顧客におけるIT要員の内製化が進んでおり、ＣＡＩＣＡテクノロジーズにおいてもAI時代にマ ッチしたニーズへの対応を強化しております。 フィンテック関連のシステム開発分野は、DID/VC ※ 技術など新たな受注を獲得いたしました。 ※DID/VCとは、分散型ID（DID: Decentralized Identifier）ととととと検証可能な証明書（VC: Verifiable Credential）を組み合わせた、 次世代のデジタル認証・証明技術です。ブロックチェーン技術などを活用し、個人が自分の情報を主体的に管理しながら、必要な情 報だけを安全に他者へ提示できるようになります。 また、当連結会計年度より本格始動した、DXソリューションサービスは、コンサルティングの過程でハード ウェア納品の遅れが生じた影響で、売上高の一部が2026年10月期に後ろ倒しとなったものの、概ね期初の想定 どおりに伸長いたしました。DXソリューションサービスは、顧客のDX化の加速を目的とし、大規模エンタープ ライズ向けのDXソリューションを有する大手海外ベンダーと提携し、プロダクト販売、コンサルティング、設 計、追加システム開発、導入サポート、保守・運用までをフルSIとして提供するサービスです。2025年７月に は、各製品に関する情報を発信するランディングページ（LP）を新たに公開,EQUITY,Technology,Information Technology Services
1,2317,Systena Corporation,IT関連,デジタル・サービス,,,94.0,98.0,,未確定,C,revenue_share_unknown,unknown,unknown,,https://www.systena.co.jp/,æ ªå¼ä¼ç¤¾ã·ã¹ããï¼å¹ åºãITäºæ¥­ãå±éãããã¼ã¿ã«ã»ã½ãªã¥ã¼ã·ã§ã³ã»ãµã¼ãã¹ãæä¾ãã¦ããã¾ã ä¼ç¤¾æ å ± ä¼ç¤¾æ å ± çµå¶çå¿µã»ã¡ãã»ã¼ã¸ ä¼ç¤¾æ¦è¦ ã·ã¹ããã®ããã¿ ã°ã«ã¼ãä¼ç¤¾ ãµã¹ããããªãã£ äºæ¥­ã»ã°ã¡ã³ã è£½åã»ãµã¼ãã¹ è£½åã»ãµã¼ãã¹ ãªãªã¸ãã«ãµã¼ãã¹ ã½ãªã¥ã¼ã·ã§ã³ãµã¼ãã¹ å®ç¸¾ç´¹ä» IRæ å ± IRæ å ± IR,EQUITY,Technology,Information Technology Services
1,2317,Systena Corporation,IoT,設備投資・機械,,,86.0,90.0,,未確定,C,revenue_share_unknown,unknown,unknown,,https://www.systena.co.jp/ir/management/business.html,ãã¼åé å¿åã»ãåãåãã ãµã¤ãã®ãå©ç¨ã«ããã£ã¦ CSRã«ã¤ãã¦ åäººæ å ±ã®åãæ±ãã«ã¤ãã¦ ãåãåãã ããã IRæ å ± åäººæè³å®¶ã®çæ§ã¸ äºæ¥­ã»ã°ã¡ã³ã äºæ¥­ã»ã°ã¡ã³ã Business Segment ã·ã¹ããã°ã«ã¼ãã§ã¯ãèªåéè»¢ã»è»è¼ã·ã¹ãã ãç¤¾ä¼ã¤ã³ãã©ã·ã¹ãã ãWebãã¸ãã¹åãã·ã¹ãã ãIoTé¢é£ã·ã¹ãã ããã³ã­ããã/AIãã¢ãã¤ã«æ©å¨ç­ã®ã½ããã¦ã§ã¢ã®éçºã»åè³ªæ¤è¨¼ãéèæ©é¢åãã·ã¹ãã éçºãã·ã¹ãã ã®éç¨ã»ãã«ããã¹ã¯ãITååã®è²©å£²ããã³ã·ã¹ãã ã¤ã³ãã°ã¬ã¼ã·ã§ã³ãã¯ã©ã¦ããµã¼ãã¹ã®æä¾ãã²ã¼ã ã³ã³ãã³ãã®éçºãªã©ãã·ã¹ãã ã®ä¼ç»ã»è¨­è¨ã»éçºã»å°å ¥ããä¿,EQUITY,Technology,Information Technology Services
1,2317,Systena Corporation,クラウドコンピューティング,デジタル・サービス,,,42.0,42.0,,未確定,C,revenue_share_unknown,unknown,unknown,,,売上構成比を公式資料から数値で確認できず,EQUITY,Technology,Information Technology Services
1,2317,Systena Corporation,マイナンバー,デジタル・サービス,,,8.0,5.0,,未確定,C,revenue_share_unknown,unknown,unknown,,,売上構成比を公式資料から数値で確認できず,EQUITY,Technology,Information Technology Services
1,2317,Systena Corporation,人工知能,AI・半導体,,,86.0,90.0,,未確定,C,revenue_share_unknown,unknown,unknown,,https://www.systena.co.jp/,ãã¦ããã¾ãã View More æ¡ç¨æ å ± Careers ITã¯ãã£ã¨ å¹¸ããä½ããã¯ãã ã·ã¹ããã¯ãâ³ãå®¢æ§ã®ããâ³ãä¸çªã«èããå¤å½©ãªãã¼ãºã«ãå¿ãã§ãããµã¼ãã¹ãæä¾ãã¦ããã¾ãããã¼ãºã®é«ã¾ãå°éæ§ãèº«ã«ã¤ããå ±ã«æé·ãã¾ãããï¼ View More IRæ å ± Investor Relations IR View More ãµã¹ããããªãã£ Sustainability Sustainability View More ãã¸ãã¹ãã¼ããã¼ Business Partner å½ç¤¾ã§ã¯ãã½ããã¦ã§ã¢éçºæ¥­åã»ITãµãã¼ãæ¥­åç­ããæä¼ãããã ãããã¸ãã¹ãã¼ããã¼ä¼ç¤¾æ§ãåéãã¦ããã¾ãããæ°è»½ã«ãé£çµ¡ãã ããã View More ä¼ç¤¾æ å ± ä¼ç¤¾æ å ± çµå¶çå¿µã»ã¡ãã»ã¼ã¸ ä¼ç¤¾æ¦è¦ ã·ã¹ããã®ããã¿ ã°ã«ã¼ã,EQUITY,Technology,Information Technology Services
1,2317,Systena Corporation,自動運転車,自動車・モビリティ,,,8.0,5.0,,未確定,C,revenue_share_unknown,unknown,unknown,,,売上構成比を公式資料から数値で確認できず,EQUITY,Technology,Information Technology Services
1,231A,,マンション関連,不動産・建設,,,8.0,5.0,,未確定,C,revenue_share_unknown,unknown,unknown,,,会社公式サイトURL未取得,,,
1,231A,,下水道,防衛・国土強靱化,,,8.0,5.0,,未確定,C,revenue_share_unknown,unknown,unknown,,,会社公式サイトURL未取得,,,
1,231A,,住宅関連,不動産・建設,,,8.0,5.0,,未確定,C,revenue_share_unknown,unknown,unknown,,,会社公式サイトURL未取得,,,
1,231A,,建設,不動産・建設,,,8.0,5.0,,未確定,C,revenue_share_unknown,unknown,unknown,,,会社公式サイトURL未取得,,,
1,2321,Softfront Holdings,IT関連,デジタル・サービス,,,90.0,92.0,,未確定,C,revenue_share_unknown,unknown,unknown,,https://www.softfront.co.jp/,"SOFTFRONT | ソフトフロントホールディングス ニュース・お知らせ ニュース一覧 IRニュース お知らせ 事業 ソフトフロントについて ご挨拶 企業理念 事業概要と経営方針 会社概要 沿革 アクセス 子会社 株主と投資家の皆様へ 株主の皆様へ IRライブラリ IRカレンダー ディスクロージャーポリシー 株価情報 株式情報 よくあるご質問 お問い合わせ 採用情報 中途採用 新卒採用 お問い合わせ InterconnectExpert あらゆる『モノ』をつなげるプロフェッショナルとして、 グローバルで頼られる企業に News ニュース・お知らせ IRニュース 2026年08月28日 IRニュース （開示事項の変更）販売用「サーバー向けGPU（RTX PRO 6000 Blackwell Server Edition）」の取得に関するお知らせ（PDF：470KB） 2026年08月12日 IRニュース 営業外費用及び特別利益の計上に関するお知らせ（PDF：321KB） 2026年08月12日 IRニュース 2027年３月期第１四半期決算短信〔日本基準〕（連結）（PDF：338KB） 2026年08月07日 IRニュース （開示事項の経過）販売用「サーバー向けGPU（RTX PRO 6000 Blackwell Server Edition)」の取得に関するお知らせ（PDF：303KB） プレスリリース 2026年08月05日 プレスリリース ＜ソフトフロントジャパン＞国内最大級の医療介護求人サイト ジョブメドレーの電話業務に AI ボイスボット「commubo」が採用 架電自動化により工数削減と業務成果改善を同時に達成（PDF:1,001KB） お知らせ 2026年07月29日 お知らせ ＜ソフ",EQUITY,Technology,Software - Application
1,2321,Softfront Holdings,クラウドコンピューティング,デジタル・サービス,,,42.0,40.0,,未確定,C,revenue_share_unknown,unknown,unknown,,,売上構成比を公式資料から数値で確認できず,EQUITY,Technology,Software - Application
1,2321,Softfront Holdings,サービスロボット,設備投資・機械,,,8.0,5.0,,未確定,C,revenue_share_unknown,unknown,unknown,,,売上構成比を公式資料から数値で確認できず,EQUITY,Technology,Software - Application
1,2321,Softfront Holdings,データセンター,データセンター・電力,,,8.0,5.0,,未確定,C,revenue_share_unknown,unknown,unknown,,https://www.softfront.co.jp/ir-message/,"。 むしろ、お客様の現場で培ってきた経験や知識こそが、AIを実際の業務で活用するための大きな強みになると信じています。 だから私たちは、AI Voicebotだけではなく、Knowledge Platform、Model as a Service（MaaS）、AI Infrastructure、書籍、そしてRoboticsへと事業領域を広げています。 一見すると、それぞれ別の事業に見えるかもしれません。 しかし私たちの中では、すべてが一つの未来につながっています。 それは、AIを企業や社会で ""安心して使える環境"" を提供することです。 AIを支えるInfrastructureと、人とAIをつなぐIntelligence。 その両方を提供できる企業へ進化することが、私たちの目指す姿です。 AIが社会に広がるほど、その基盤となる計算資源や電力の重要性はさらに高まります。 そのため当社は、AIデータセンター事業に加え、クリーンエネルギーや蓄電分野への取り組みも進めています。 AIを支えるインフラから、その上で価値を生み出すアプリケーションまで。 私たちは、それらを 一つのエコシステムとしてつなぐこと で、新しい企業価値を創りたいと考えています。 私は、企業の価値は短期的な成果だけで決まるものではないと思っています。 どのような未来を目指し、その未来に向けて挑戦し続けられるか。 そこに企業の本当の価値があると考えています。 私たちはまだ道半ばです。 しかし、一歩ずつ着実に挑戦を積み重ね、株主の皆様の期待に応えられる企業へ成長してまいります。 これからも、変わらぬご支援を賜りますよう、よろしくお願い申し上げます。 2026年8月 株式会社ソフトフロントホールディングス 代表取締役社長 時 慧 ▼ニュース・お知らせ ニュース一覧 IRニュース プレスリリース お知らせ ▼株主と投資家の皆様へ 株主",EQUITY,Technology,Software - Application
1,2321,Softfront Holdings,人工知能,AI・半導体,,,72.0,68.0,,未確定,C,revenue_share_unknown,unknown,unknown,,https://www.softfront.co.jp/,"らせ IRニュース 2026年08月28日 IRニュース （開示事項の変更）販売用「サーバー向けGPU（RTX PRO 6000 Blackwell Server Edition）」の取得に関するお知らせ（PDF：470KB） 2026年08月12日 IRニュース 営業外費用及び特別利益の計上に関するお知らせ（PDF：321KB） 2026年08月12日 IRニュース 2027年３月期第１四半期決算短信〔日本基準〕（連結）（PDF：338KB） 2026年08月07日 IRニュース （開示事項の経過）販売用「サーバー向けGPU（RTX PRO 6000 Blackwell Server Edition)」の取得に関するお知らせ（PDF：303KB） プレスリリース 2026年08月05日 プレスリリース ＜ソフトフロントジャパン＞国内最大級の医療介護求人サイト ジョブメドレーの電話業務に AI ボイスボット「commubo」が採用 架電自動化により工数削減と業務成果改善を同時に達成（PDF:1,001KB） お知らせ 2026年07月29日 お知らせ ＜ソフトフロントジャパン＞音声通話機能の活用領域拡大を受け、開発・実装事例集を無料公開 ロボット、防災、モビリティなど、実案件をもとに構成図付きで紹介 すべてのニュース・お知らせ ▶ 株主・投資家情報(IR) グループ企業経営の強化、財務基盤を充実も進め、今後とも、よりよい社会の実現に貢献し、企業価値を向上させるために最善を尽くしてまいります。 株主・投資家情報(IR) 企業情報 「技術を愛し、技術を提供することによって、社会変革の牽引役となり、豊かな社会を実現すること」を目指し、グループ一丸となって今後更なる価値を提供していきます。 企業情報 Group ソフトフロント グループ企業一覧 電話に加え、Webも含めたインターフェー",EQUITY,Technology,Software - Application
1,2321,Softfront Holdings,生成AI,AI・半導体,,,42.0,40.0,,未確定,C,revenue_share_unknown,unknown,unknown,,https://www.softfront.co.jp/ir-message/,"▶ IRライブラリ ▶ 業績ハイライト ▶ 定時株主総会 ▶ IRイベント ▶ 決算発表資料 ▶ 株価情報 ▶ 株式情報 ▶ 株式事務手続き ▶ よくあるご質問 ▶ ディスクロージャーポリシー ▶ お問い合せ ▶ 株主と投資家の皆様へ 株主の皆様へ ▶ IRニュース ▶ IRカレンダー ▶ IRライブラリ ▶ 業績ハイライト ▶ 定時株主総会 ▶ IRイベント ▶ 決算発表資料 ▶ 株価情報 ▶ 株式情報 ▶ 株式事務手続き ▶ よくあるご質問 ▶ ディスクロージャーポリシー ▶ お問い合せ ▶ 株主の皆様へ 社長メッセージ | 株式会社ソフトフロントホールディングス 株主の皆様には、日頃より当社グループをご支援いただき、心より御礼申し上げます。 私は、この一年ほど、自分自身に何度も問いかけてきました。 「ソフトフロントグループは、このままで次の10年、20年を迎えられるのだろうか。」 生成AIの登場は、ソフトウェア産業だけでなく、企業の仕事の進め方や社会の仕組みそのものを変え始めています。その変化の大きさは、私たちがこれまで経験してきた技術革新とは明らかに違います。 だからこそ私は、「従来の延長線上で事業を続ける」という選択ではなく、会社をもう一度成長軌道に乗せるための ""第二の創業"" に挑戦することを決めました。 もちろん、この挑戦に約束された成功はありません。 新しい市場には新たな競合が存在し、思い通りにいかないことも数多くあるでしょう。 それでも、変化を待つ会社ではなく、 自ら変化を創る会社でありたい。 それが、私たちの決断です。 創業以来、当社は通信技術、音声技術、コンテンツマネジメントなど、「人と情報をつなぐ」技術を磨き続けてきました。 私は、この積み重ねがAI時代でも価値を失うとは考えていません。 むしろ、お客様の現場で培ってきた経験や知識こそが、AIを実際の業務で",EQUITY,Technology,Software - Application
1,2323,fonfun corporation,IT関連,デジタル・サービス,33.33,,94.0,96.0,,未確定,C,calculated_ratio_needs_qa,calculated_candidate_only,calculated_ratio_candidate,calculated_same_snippet,https://www.fonfun.co.jp/,IR情報 IRニュース 中期経営計画 財務ハイライト 株式情報・大株主 持株会 IRライブラリー コーポレートガバナンス IRカレンダー よくある質問 M＆A / 提携 事業案内 Close 事業案内 Open 事業案内 事業案内 DXソリューション クラウドソリューション ニュース Close ニュース Open ニュース ニュース IRニュース 採用情報 お問い合わせ 株価 2026/09/03 15:30 更新 東証スタンダード:2323 終値: 316円 (-2.77%) 時価総額:6729百万円 ホーム 企業情報 会社概要・グループ企業 役員一覧 会社沿革 3分でわかるfonfun 代表インタビュー IR情報 IRニュース 中期経営計画 財務ハイライト 株式情報・大株主 持株会 IRライブラリー コーポレートガバナンス IRカレンダー よくある質問 M＆A / 提携 事業案内 DXソリューション クラウドソリューション ニュース 採用情報 ホーム 企業情報 会社概要・グループ企業 役員一覧 会社沿革 3分でわかるfonfun 代表インタビュー IR情報 IRニュース 中期経営計画 財務ハイライト 株式情報・大株主 持株会 IRライブラリー コーポレートガバナンス IRカレンダー よくある質問 M＆A / 提携 事業案内 DXソリューション クラウドソリューション ニュース 採用情報 テクノロジーで社会をもっとスマートに。 Making society smarter with our technology. わたしたちは、データ･テクノロジー･深いビジネス理解で､ クライアントと共に｢DX｣によるイノベーションを実現します 「グッド！モーニング」で 当社の取り組みが紹介されました テクノロジーで社会を もっとスマートに。 Making society smarter with our technology. わたしたちは、データ･テクノロジー･深いビジネス理解で､クライアントと共に｢DX｣によるイノベーションを実現します 「グッド！モーニング」で 当社の取り組みが紹介されました INVESTOR RELATIONS IR情報 第二次中期経営計画 PROJECT PHOENIX Ⅱ 第二次中期経営計画 「プロジェクトフェニックスⅡ」を掲げ、「M&A」による非連続な成長を継続・加速し、売上高100億円・EBITDA20億円・時価総額300億円の実現を目指します。 第二次中期経営計画について IRニュース IRライブラリ 株式情報・大株主 コーポレートガバナンス IRカレンダー よくあるご質問 NEWS ニュース すべて ニュース IRニュース YouTubeチャンネル「島田雄左｜社長の景色」に当社代表の水口が出演いたしました 2026年8月26日 連結,EQUITY,Technology,Information Technology Services
1,2323,fonfun corporation,SaaS,デジタル・サービス,,,92.0,98.0,,未確定,C,revenue_share_unknown,unknown,unknown,,https://www.fonfun.co.jp/,日 IRニュース一覧を見る M&A M＆A／提携 当社は次なる成長のため、M&Aを通じて新たな可能性を追求しています。強固なビジネス基盤と豊富な経験を持つチームが、あなたのビジョンを共に実現するパートナーとしてお待ちしています。業界のリーダーとしての地位を築くために、新たなる展開を共に考え、成長戦略を加速させましょう。 詳細はこちら 会社概要 COMPANY PROFILE 役員一覧 MANAGEMENT 沿革 HISTORY BUSINESS 事業案内 DXソリューション DX SOLUTION 事業課題の抽出から最適な技術選定と開発プロセスをご提案。フロントのUI設計からシステム構築まで、お客様のビジネスの成長に貢献します。 詳細はこちら クラウドソリューション CLOUD SOLUTION SMS配信基盤をはじめ、セキュアな環境でビジネスシーンを支えるリモートシリーズなど、クラウド型SaaSツールを提供しています。 詳細はこちら CUSTOMERS 導入企業 弊社が提供する「 バンソウSMS 」や「 CallConnect 」をはじめとするクラウドソリューション導入企業の一部をご紹介します。幅広い規模・業種でご利用いただいています。 COMPANY 企業情報 会社概要 COMPANY PROFILE 3分でわかるfonfun 3MINUTES FONFUN 役員一覧 MANAGEMENT 沿革 HISTORY CASE 導入事例 IRニュース IRライブラリ 株式情報・大株主 コーポレートガバナンス IRカレンダー よくあるご質問 RECRUIT 採用情報 お客様とお客様を、DXで繋ぐ仕事。 当社はDXとクラウドのスペシャリストとして、ビジネスの革新に挑戦しています。最先端のテクノロジーを駆使し、お客様の課題に最適なソリューションを提供しています。一緒に未来を創り上げる仲間を,EQUITY,Technology,Information Technology Services
1,2323,fonfun corporation,クラウドコンピューティング,デジタル・サービス,33.33,,92.0,98.0,,未確定,C,calculated_ratio_needs_qa,calculated_candidate_only,calculated_ratio_candidate,calculated_same_snippet,https://www.fonfun.co.jp/ir/,IR情報 | 株式会社fonfun(フォンファン) Skip to content 株価 2026/09/03 15:30 更新 東証スタンダード:2323 終値: 316円 (-2.77%) 時価総額:6729百万円 企業情報 Close 企業情報 Open 企業情報 企業情報 会社概要・グループ企業 役員一覧 会社沿革 3分でわかるfonfun 代表インタビュー IR情報 Close IR情報 Open IR情報 IR情報 IRニュース 中期経営計画 財務ハイライト 株式情報・大株主 持株会 IRライブラリー コーポレートガバナンス IRカレンダー よくある質問 M＆A / 提携 事業案内 Close 事業案内 Open 事業案内 事業案内 DXソリューション クラウドソリューション ニュース Close ニュース Open ニュース ニュース IRニュース 採用情報 お問い合わせ 株価 2026/09/03 15:30 更新 東証スタンダード:2323 終値: 316円 (-2.77%) 時価総額:6729百万円 ホーム 企業情報 会社概要・グループ企業 役員一覧 会社沿革 3分でわかるfonfun 代表インタビュー IR情報 IRニュース 中期経営計画 財務ハイライト 株式情報・大株主 持株会 IRライブラリー コーポレートガバナンス IRカレンダー よくある質問 M＆A / 提携 事業案内 DXソリューション クラウドソリューション ニュース 採用情報 ホーム 企業情報 会社概要・グループ企業 役員一覧 会社沿革 3分でわかるfonfun 代表インタビュー IR情報 IRニュース 中期経営計画 財務ハイライト 株式情報・大株主 持株会 IRライブラリー コーポレートガバナンス IRカレンダー よくある質問 M＆A / 提携 事業案内 DXソリューション クラウドソリューション ニュース 採用情報 IR情報 INVESTOR RELATIONS You are here: ホーム IR情報 IRニュース 連結子会社（株式会社YNP）によるインサイドグロース株式会社のカスタマー派遣事業譲受に関するお知らせ 2026年8月24日 連結子会社（株式会社YNP）によるインサイドグロース株式会社のカスタマー派遣事業譲受に関する補足説明資料 2026年8月24日 2027年3月期第1四半期オンライン決算説明会Q&A書き起こし公開のお知らせ 2026年8月20日 2027年3月期 第1四半期決算説明資料 2026年8月13日 2027年3月期 第1四半期決算短信〔日本基準〕（連結） 2026年8月13日 IRニュース一覧を見る Yahoo!で株価を見る 第二次中期経営計画 第二次中期経営計画 「プロジェクトフェニックスⅡ」を掲げ、「M&A」による非連続な成長を継続,EQUITY,Technology,Information Technology Services
1,2323,fonfun corporation,サイバーセキュリティ,防衛・国土強靱化,,,92.0,98.0,,未確定,C,revenue_share_unknown,unknown,unknown,,https://www.fonfun.co.jp/,Rカレンダー よくあるご質問 RECRUIT 採用情報 お客様とお客様を、DXで繋ぐ仕事。 当社はDXとクラウドのスペシャリストとして、ビジネスの革新に挑戦しています。最先端のテクノロジーを駆使し、お客様の課題に最適なソリューションを提供しています。一緒に未来を創り上げる仲間を募集しています！ 詳細はこちら CONTACT バンソウSMSなどのサービスやWEBアプリケーション開発など、お気軽にお問い合わせください。 お問い合わせ 株式会社fonfunは東京証券取引所スタンダード市場の上場企業で、ソフトウェア開発事業を中心とするDXソリューション事業、SaaSや自社プロダクトの運営を行うクラウドソリューション事業を展開しています。 運営会社：株式会社fonfun（フォンファン）／所在地：東京都渋谷区笹塚2-1-6 ＪＭＦビル笹塚01 6階 株式会社fonfunは国際システム審査株式会社により情報セキュリティマネジメントシステム(ISMS)における国際規格ISO27001(認証番号：ISA IS 0387)の認証を取得し、継続的な情報セキュリティ対策の取り組みを推進しています。 ホーム 企業情報 会社概要・グループ企業 ミッション・ビジョン 役員一覧 会社沿革 3分でわかるfonfun 代表インタビュー アクセス IR情報 IRニュース 中期経営計画 財務ハイライト 株式情報・大株主 持株会 IRライブラリー コーポレートガバナンス IRカレンダー よくある質問 免責事項 M＆A / 提携 事業案内 DXソリューション クラウドソリューション リモートメール バンソウSMS/一斉配信 バンソウ緊急SMS/安否確認 CallConnect/クラウドPBX れすだく/飲食日次決算 セールスパフォーマー/営業DX ニュース 採用情報 お問い合わせ 個人情報保護方針 情報セキュリティ基本方針 サイトご,EQUITY,Technology,Information Technology Services
1,2323,fonfun corporation,デジタルトランスフォーメーション,デジタル・サービス,33.33,,100.0,100.0,,未確定,C,calculated_ratio_needs_qa,calculated_candidate_only,calculated_ratio_candidate,calculated_same_snippet,https://www.fonfun.co.jp/ir/,IR情報 | 株式会社fonfun(フォンファン) Skip to content 株価 2026/09/03 15:30 更新 東証スタンダード:2323 終値: 316円 (-2.77%) 時価総額:6729百万円 企業情報 Close 企業情報 Open 企業情報 企業情報 会社概要・グループ企業 役員一覧 会社沿革 3分でわかるfonfun 代表インタビュー IR情報 Close IR情報 Open IR情報 IR情報 IRニュース 中期経営計画 財務ハイライト 株式情報・大株主 持株会 IRライブラリー コーポレートガバナンス IRカレンダー よくある質問 M＆A / 提携 事業案内 Close 事業案内 Open 事業案内 事業案内 DXソリューション クラウドソリューション ニュース Close ニュース Open ニュース ニュース IRニュース 採用情報 お問い合わせ 株価 2026/09/03 15:30 更新 東証スタンダード:2323 終値: 316円 (-2.77%) 時価総額:6729百万円 ホーム 企業情報 会社概要・グループ企業 役員一覧 会社沿革 3分でわかるfonfun 代表インタビュー IR情報 IRニュース 中期経営計画 財務ハイライト 株式情報・大株主 持株会 IRライブラリー コーポレートガバナンス IRカレンダー よくある質問 M＆A / 提携 事業案内 DXソリューション クラウドソリューション ニュース 採用情報 ホーム 企業情報 会社概要・グループ企業 役員一覧 会社沿革 3分でわかるfonfun 代表インタビュー IR情報 IRニュース 中期経営計画 財務ハイライト 株式情報・大株主 持株会 IRライブラリー コーポレートガバナンス IRカレンダー よくある質問 M＆A / 提携 事業案内 DXソリューション クラウドソリューション ニュース 採用情報 IR情報 INVESTOR RELATIONS You are here: ホーム IR情報 IRニュース 連結子会社（株式会社YNP）によるインサイドグロース株式会社のカスタマー派遣事業譲受に関するお知らせ 2026年8月24日 連結子会社（株式会社YNP）によるインサイドグロース株式会社のカスタマー派遣事業譲受に関する補足説明資料 2026年8月24日 2027年3月期第1四半期オンライン決算説明会Q&A書き起こし公開のお知らせ 2026年8月20日 2027年3月期 第1四半期決算説明資料 2026年8月13日 2027年3月期 第1四半期決算短信〔日本基準〕（連結） 2026年8月13日 IRニュース一覧を見る Yahoo!で株価を見る 第二次中期経営計画 第二次中期経営計画 「プロジェクトフェニックスⅡ」を掲げ、「M&A」による非連続な成長を継続,EQUITY,Technology,Information Technology Services
1,2325,"NJS Co., Ltd.",ドローン,防衛・国土強靱化,,,92.0,90.0,,未確定,C,revenue_share_unknown,unknown,unknown,,https://www.njs.co.jp/ja/index.html,Environment 地域と環境のソリューション 地域特性をいかした水環境・地球環境の保全や、まちづくり・防災減災を推進しています。 Infrastructure インフラソリューション 人口減少や気候変動、災害激化、老朽化等の環境変化に対応したインフラの計画、設計、整備、運営管理の最適化を推進しています。 Global グローバルソリューション 水と環境の技術により、世界の環境保全およびレジリエントな社会に貢献するほか、現地における水と環境の運営能力構築を支援しています。 ソフトウエア Software ソフトウェアサービス インフラ管理、防災減災、事業運営に関するソフトウェアサービスを提供するほか、AI活用やプラットフォーム連携サービスを提供しています。 Inspection インスペクションサービス インフラ点検・調査のデジタルトランスフォーメーションに向けて、高性能のインフラ点検ドローン・ロボット・センサーの開発や診断・予測技術の強化などのインスペクションサービスを提供しています。 Customer Service カスタマーサービス 地域住民やユーザーなどのカスタマーに対するサービスの向上に向け、情報発信やカスタマーリレーションの強化、コミュニケーションの促進等を実施しています。 View more NJSのオペレーションカンパニーサービス NJSは、水と環境のソリューションだけでなく、課題解決を推進するソフトウェア、インスペクション、カスタマーサービスを提供しています。幅広い技術とノウハウにより的確なソリューションを構築できること、事業を効果的に推進するDXサービスとカスタマーサービスを提供できることがNJSの強みです。 Company 会社情報 トップメッセージ Top Message Top Message フィロソフィ Philosophy Philosophy,EQUITY,Industrials,Waste Management
1,2325,"NJS Co., Ltd.",下水道,防衛・国土強靱化,99.96,,92.0,90.0,,未確定,C,calculated_ratio_needs_qa,calculated_candidate_only,calculated_ratio_candidate,calculated_same_snippet,https://www.njs.co.jp/ja/investors/event/statement/main/0118/teaserItems3/04/linkList/00/link/250812IRDoc.pdf,"会社説明資料 健全な水と環境を次世代に引き継ぐ 2025 年 8 月 26 日 1.会社概要 設 立 事業内容 事 業 所 上場市場 業 績 従業員数 1951年9月3日（創業74年目） 水と環境のオペレーションカンパニー 本社 東京都港区 国内64ヶ所 海外10ヶ所 連結売上高 225.9億円 連結1,362人 東証プライム市場 NJSの事業フィールド 上下水道インフラを中心とし、まちづくり・地球環境保全まで （2024年12月期） 2 地域 下水道管路 2.NJSの価値創造 3 健全な水と環境を次世代に引き継ぐ Purpose NJSは1951年の創業以来、上下水道を中心に 水と環境のコンサルタントを 展開してきました。 人口減少、気候変動、災害激化などにより、水と 環境のサービスの重要性が高まっています。 NJSは、変化に対応した機能の強化とともに水イ ンフラの新たな価値創出に取り組んでいます。 価値創出の焦点は次の3点です。 ①くらしの安全・健康・快適をまもる ②地域と環境をまもる ③水インフラをまもる ① ② ③ ④ ⑤ 3. ビジネス活動 ①コンサルティング ②グローバルビジネス ③ソフトウェア ④インスペクション ⑤カスタマー 2024年12月期 売上高 226億円 上下水道などの調査・計画・設計 上下水道などの海外プロジェクト推進 情報システムの調査・開発・構築・運用 点検調査サービスとシステムの開発・販売 上下水道などの事業運営サービス 176億円 24億円 5億円 8億円 13億円 現在は、国内コンサルティングが1/3、 ソフトウェア、インスペクション、オペレーションの ビジネスが高いポテンシャルをもつ 4 4. 成長の軌跡 グローバルビジネス ソフトウェア インスペクション カスタマーサービスビジネス領域 の拡大 インフラ整備に対応したビジネス拡張期 課題の多様化に 対応した拡大期 オペレーション カンパニー による",EQUITY,Industrials,Waste Management
1,2325,"NJS Co., Ltd.",水道関連,防衛・国土強靱化,99.96,,92.0,90.0,,未確定,C,calculated_ratio_needs_qa,calculated_candidate_only,calculated_ratio_candidate,calculated_same_snippet,https://www.njs.co.jp/ja/investors/event/statement/main/0118/teaserItems3/04/linkList/00/link/250812IRDoc.pdf,"会社説明資料 健全な水と環境を次世代に引き継ぐ 2025 年 8 月 26 日 1.会社概要 設 立 事業内容 事 業 所 上場市場 業 績 従業員数 1951年9月3日（創業74年目） 水と環境のオペレーションカンパニー 本社 東京都港区 国内64ヶ所 海外10ヶ所 連結売上高 225.9億円 連結1,362人 東証プライム市場 NJSの事業フィールド 上下水道インフラを中心とし、まちづくり・地球環境保全まで （2024年12月期） 2 地域 下水道管路 2.NJSの価値創造 3 健全な水と環境を次世代に引き継ぐ Purpose NJSは1951年の創業以来、上下水道を中心に 水と環境のコンサルタントを 展開してきました。 人口減少、気候変動、災害激化などにより、水と 環境のサービスの重要性が高まっています。 NJSは、変化に対応した機能の強化とともに水イ ンフラの新たな価値創出に取り組んでいます。 価値創出の焦点は次の3点です。 ①くらしの安全・健康・快適をまもる ②地域と環境をまもる ③水インフラをまもる ① ② ③ ④ ⑤ 3. ビジネス活動 ①コンサルティング ②グローバルビジネス ③ソフトウェア ④インスペクション ⑤カスタマー 2024年12月期 売上高 226億円 上下水道などの調査・計画・設計 上下水道などの海外プロジェクト推進 情報システムの調査・開発・構築・運用 点検調査サービスとシステムの開発・販売 上下水道などの事業運営サービス 176億円 24億円 5億円 8億円 13億円 現在は、国内コンサルティングが1/3、 ソフトウェア、インスペクション、オペレーションの ビジネスが高いポテンシャルをもつ 4 4. 成長の軌跡 グローバルビジネス ソフトウェア インスペクション カスタマーサービスビジネス領域 の拡大 インフラ整備に対応したビジネス拡張期 課題の多様化に 対応した拡大期 オペレーション カンパニー による",EQUITY,Industrials,Waste Management
1,2325,"NJS Co., Ltd.",耐震化,防衛・国土強靱化,,,8.0,5.0,,未確定,C,revenue_share_unknown,unknown,unknown,,https://www.njs.co.jp/ja/investors/event/statement/main/0118/teaserItems3/04/linkList/00/link/250812IRDoc.pdf,くり 地域とともにつくる災害に強いまち ● グリーンインフラ ● サーキュラーエコノミー ● 再生可能エネルギー 下水処理場の未利用地を活 用した太陽光発電 地域人材育成プロジェクト まちおしAWARD@大船渡 ● 地域の自然と文化 ● まちおしAWARD ● 地域価値を高める インフラマネジメント ● シミュレーション ● スカイマンホール ● 能登半島地震 浸水シミュレーションによる 災害リスク判定 8 7-2.インフラソリューション インフラマネジメント 経営コンサルティング調査・計画 健全な水循環とくらしをまもる ライフサイクルを通した管理最適化 サステナビリティ向上とPPP戦略 ● 基本計画/ビジョン ● 汚泥の有効利用 ● 水循環基本計画 タウンミーティング等で 合意を形成 最新技術を利用し、最適な インフラ管理を提案 （画像は3Dモデル設計事例） ● 改築・更新計画 ● 施設耐震化・耐水化 ● 分散型上下水道 ● 経営診断・経営戦略 ● 共同化・広域化計画 ● PPP導入調査・検討 施設の健全性調査に基づき 将来の事業費をシミュレーション 9 7-3.グローバルソリューション インフラ整備 運営能力構築支援調査・計画 現地の風土や生活に対応した計画策定 持続的な事業を実現するインフラ整備 現地ニーズに対応した運営と人材育成 ● 環境調査・事業計画 ● 雨水管理計画 ● 水源調査計画 現地の状況を調査し、最適な 水インフラの整備を推進 ●インフラ設計 ●設計監理 ●ｺﾝｽﾄﾗｸｼｮﾝ･ﾏﾈｼﾞﾒﾝﾄ ● 事業運営支援 ● 技術移転支援 ● 人材育成支援 日本の技術と経験を活かし 現地の上下水道事業を育成する 水へのアクセスと環境保全を 両立する事業を提案 10 7-4.ソフトウェアサービス 防災減災システム 事業運営システムインフラ管理システム インフラ情報の一元化,EQUITY,Industrials,Waste Management
1,2325,"NJS Co., Ltd.",防災,防衛・国土強靱化,96.55,,92.0,90.0,,未確定,C,calculated_ratio_needs_qa,calculated_candidate_only,calculated_ratio_candidate,calculated_same_snippet,https://www.njs.co.jp/ja/investors/event/statement/main/0113/teaserItems3/04/linkList/00/link/2026-08-28_Q2FinancialResultsforFY2026.pdf,+60.0% 39.1 49.7 36.0 利益率 (27.3%) (29.6%) (12.9%) 39.6 50.9 +11.3 +28.4% 37.0 +137.4% 26.8 36.2 24.5 利益率 (18.8%) (21.6%) (8.8%) 受 注 高 売 上 高 営業利益 経常利益 純 利 益 2025年12月期 第2四半期 （前期） 2026年12月期 第2四半期 通期進捗 実績 前期比 公表済見通し比 +138.0% +147.8% +34.9% +9.4 +27.0% +10.6 5 ■ 受注高 ■ 売上高 ■ 営業利益 2.四半期業績の推移  上半期への業績集中が進む。 見通し 見通し 見通し 6 3.セグメント別業績 増減額 増減率 113.4 132.2 +18.9 +16.7% 133.7 158.2 +24.4 +18.3% 39.7 50.3 +10.6 +26.7% 利益率 (29.7%) (31.8%) 2025年12月期 第2四半期 （前期） 2026年12月期 第2四半期 実績 前期比 受 注 高 売 上 高 利 益 国 内 海 外 増減額 増減率 8.8 8.6 ▲0.2 ▲2.2% 9.2 9.8 +0.6 +6.0% ▲0.6 ▲0.7 ▲0.0 － 利益率 (▲6.9%) (▲7.0%) 2025年12月期 第2四半期 （前期） 2026年12月期 第2四半期 実績 前期比 受 注 高 売 上 高 利 益  老朽化施設の更新、災害対策関係の大型案件受注  前期からの繰越案件の売上計上  新規連結子会社の業績が貢献  在インド子会社の業績が堅調に推移  日本ODA案件（JICA等）も順調に受注  全体としてはほぼ前年並みとなった （単位：億円） （単位：億円） 7 （参考） 受注単価（国内コンサルティング）  国内コンサルティング業務は受注単価が継続的に上昇、案件の大型化が進む  案件の大型化が利益向上に貢献  国内業務が引き続き堅調に推移し受注高は290億円（前期比4.9％増）、売上高は280億円（同12.7％増）  売上拡大に伴い営業利益は36億円（前期比10.2％増）と大きく成長、純利益は24.5億円（同12.3％増）  いずれも過去最高値を更新 4.通期業績予想 8 ■ 2026年12月期連結業績予想 （単位：億円） ■ 受注高・売上高 ■ 営業利益・純利益 増減額 増減率 276.4 290.0 +13.6 +4.9% 248.5 280.0 +31.5 +12.7% 32.7 36.0 利益率 (13.1%) (12.9%) 33.9 37.0 +3.1 +9.3% 21.8 24.5 利益率 (8.8%) (8.8%) +10.2% +3.3 純 利 益 経常利益 2026,EQUITY,Industrials,Waste Management
1,2326,Digital Arts Inc.,IT関連,デジタル・サービス,,,90.0,92.0,,未確定,C,revenue_share_unknown,unknown,unknown,,https://www.daj.jp/,/ãµã¼ãã¹ ãåäººæ å ±ä¿è­·æ³ã¯ã©ãå¤ããï¼ãä»¤å8å¹´æ¹æ­£ããèãããããããã®æ å ±ã®å®ãæ¹ 2026/08/14 è£½å/ãµã¼ãã¹ ãi-ãã£ã«ã¿ã¼ 10ãããããã£ããã»ã¯ã³ã®ããããã£ããã»ã¹ãã¼ã·ã§ã³ãã§åãæ±ãéå§ ä¸è¦§ãè¦ã 2025/11/06 Web ãZDNETãã«å¼ç¤¾è¨äºãæ²è¼ããã¾ãã 2025/11/06 Web ãScanNetSecurityãã«å¼ç¤¾è¨äºãæ²è¼ããã¾ãã ä¸è¦§ãè¦ã IRãã¥ã¼ã¹ 2026/08/27 ãã®ä» ãã¸ã¿ã«ã¢ã¼ããå½ç£æè¡ãZ-FILTERãã§NECã®æ°ãµã¼ãã¹ãæ¯ããäºæ¥­æ¡å¤§ã¸ ï½2026å¹´åº¦ãã2030å¹´åº¦ã¾ã§ã®5å¹´éã§ç´¯è¨ç´88ååã®åæ³¨ãç®æãï½ 2026/08/27 ãã®ä» ãªã¼ã«ã¸ã£ãã³ä½å¶ã§ãµãã©ã¤ãã§ã¼ã³å ¨ä½ãå®ãå½ç£ã»ã­ã¥ãªãã,EQUITY,Technology,Software - Infrastructure
1,2326,Digital Arts Inc.,SaaS,デジタル・サービス,,,90.0,82.0,,未確定,C,revenue_share_unknown,unknown,unknown,,,売上構成比を公式資料から数値で確認できず,EQUITY,Technology,Software - Infrastructure
1,2326,Digital Arts Inc.,サイバーセキュリティ,防衛・国土強靱化,,,92.0,94.0,,未確定,C,revenue_share_unknown,unknown,unknown,,,売上構成比を公式資料から数値で確認できず,EQUITY,Technology,Software - Infrastructure
1,2326,Digital Arts Inc.,サブスクリプション,デジタル・サービス,,,8.0,5.0,,未確定,C,revenue_share_unknown,unknown,unknown,,,売上構成比を公式資料から数値で確認できず,EQUITY,Technology,Software - Infrastructure
1,2326,Digital Arts Inc.,マイナンバー,デジタル・サービス,,,8.0,5.0,,未確定,C,revenue_share_unknown,unknown,unknown,,,売上構成比を公式資料から数値で確認できず,EQUITY,Technology,Software - Infrastructure
1,2327,NS Solutions Corporation,IT関連,デジタル・サービス,,,100.0,100.0,,未確定,C,revenue_share_unknown,unknown,unknown,,https://www.nssol.nipponsteel.com/,ãªã¼ã¹ CXã»ã³ã³ã¿ã¯ãã»ã³ã¿ã¼é«åº¦åæ¯æ´ãµã¼ãã¹ãNSRelatoãã®æä¾ãéå§ 2026å¹´8æ18æ¥ ãã¬ã¹ãªãªã¼ã¹ æé©åã¢ãã«ã®ã©ã¤ããµã¤ã¯ã«ç®¡çãã©ãããã©ã¼ã ãwisepotããæä¾éå§ ãã¬ã¹ã«ã¼ã éè¦ãªãç¥ãã å½ç¤¾åã»å½ç¤¾å½¹å¡åç­ãé¨ãã¡ã¼ã«ã«ãæ³¨æãã ããã æ¡ç¨æ å ± æ¡ç¨ãµã¤ã SNS Xï¼æ§Twitterï¼ Facebook Youtube ãã¼ã¸ãããã¸ ã¡ãã¥ã¼ ãã¼ã¸ãããã¸ Corepeak TO THE FUTURE NSSOL STORIES æè¡å äººæå NSSOLã®ããã¾ã§ã¨ãããã å¥®éã®è»è·¡ ãã¬ã¹ã«ã¼ã äºä¾ äºä¾ ã¦ã¼ã¶ã¼ãºãã¤ã¹ ãå®¢æ§äºä¾ äºæ¥­æ¦è¦ è£½é ã»æ¶è²»è²¡ æµé éè ãããã»ãµã¼ãã¹æ¥­ å ¬å ±ã»å ¬ç éä¿¡ DX ITã¤ã³ãã©/ã¯ã©ã¦ã/ãã¼ã¿,EQUITY,Technology,Information Technology Services
1,2327,NS Solutions Corporation,IoT,設備投資・機械,,,90.0,82.0,,未確定,C,revenue_share_unknown,unknown,unknown,,https://www.nssol.nipponsteel.com/,¦ ãã¦ã³ã­ã¼ã ã»ããã¼ã»ã¤ãã³ã æ¡ç¨æ å ± ENGLISH ãåãåãã éãã TO THE FUTUREããã NSSOL STORIES NSSOLã®å¼·ã¿ æè¡å äººæå ãã£ã¨è¦ãã¦ããNSSOL NSSOLã®ããã¾ã§ã¨ãããã å¥®éã®è»è·¡ éãã ãã¬ã¹ã«ã¼ã äºæ¥­æ¦è¦ äºæ¥­æ¦è¦ããã ã­ã¼ã¯ã¼ãããæ¢ã æ¥­ç¨®ããæ¢ã DX AI ã­ã¼ã«ã«5G ãã¼ã¿æ´»ç¨ IoT ã¢ããã¤ã¼ã¼ã·ã§ã³ ã¢ã¦ãã½ã¼ã·ã³ã° ã¤ã³ã½ã¼ã·ã³ã° ã°ã­ã¼ãã« è£½é ã»æ¶è²»è²¡ æµé éè ãããã»ãµã¼ãã¹æ¥­ å ¬å ±ã»å ¬ç éä¿¡ ãã®ä»ã®æ¥­ç¨®ã¯ãã¡ã æ¤ç´¢ éãã ã½ãªã¥ã¼ã·ã§ã³ã»ãµã¼ãã¹ äºä¾ äºä¾ ãå®¢æ§äºä¾ ã¦ã¼ã¶ã¼ãºãã¤ã¹ éãã ãµã¹ããããªãã£ ãµã¹ããããªãã£ããã ãµã¹ããã,EQUITY,Technology,Information Technology Services
1,2327,NS Solutions Corporation,SaaS,デジタル・サービス,,,8.0,5.0,,未確定,C,revenue_share_unknown,unknown,unknown,,,売上構成比を公式資料から数値で確認できず,EQUITY,Technology,Information Technology Services
1,2327,NS Solutions Corporation,クラウドコンピューティング,デジタル・サービス,,,8.0,5.0,,未確定,C,revenue_share_unknown,unknown,unknown,,https://www.nssol.nipponsteel.com/cgi-bin/form/inquiry.pl,。）に応じます。 開示等に応じる窓口は、当該「お問い合わせフォーム」になります。 個人情報を与えることの任意性及び当該情報を与えなかった場合に生じる結果 個人情報を取得する項目は、全てご本人によってご提供いただくものです。 ただし、必要な項目をいただけない場合、利用目的に記載の諸手続又は処理に支障が生じる可能性があります。 本人が容易に知覚できない方法による個人情報の取得 本フォームでは、セッション管理のためCookieを使用しています。 同意する 入力内容を確認する ページトップへ メニュー ページトップへ Corepeak TO THE FUTURE NSSOL STORIES 技術力 人材力 NSSOLのこれまでとこれから 奮闘の軌跡 プレスルーム 事例 事例 ユーザーズボイス お客様事例 事業概要 製造・消費財 流通 金融 ネット・サービス業 公共・公益 通信 DX ITインフラ/クラウド/データセンター コンサルティング 業務アプリケーション 中堅企業向けソリューション ライフサイエンス/ヘルスケア ビッグデータ デジタルソリューション BXDC IoX ローカル5G グローバル サステナビリティ サステナビリティメッセージ サステナビリティマネジメント 環境 人的資本経営 健康経営宣言 ダイバーシティ・エクイティ・インクルージョン 人権 社会・地域との関わり コーポレート・ガバナンス コーポレート・ガバナンスの充実に向けた取組み コンプライアンス 情報セキュリティへの取り組み 社外からの評価 IR情報 IR基本方針 業績推移 有価証券報告書 決算短信 決算説明会 経営計画説明会 事業説明会 適時開示情報 統合報告書・ケースブック 株主優待 株主総会 株式情報 株式手続のご案内 アナリスト・カバレッジ 電子公告 個人投資家の皆様へ よくあるご質問 企業情報 社長メッセージ,EQUITY,Technology,Information Technology Services
1,2327,NS Solutions Corporation,サイバーセキュリティ,防衛・国土強靱化,,,8.0,5.0,,未確定,C,revenue_share_unknown,unknown,unknown,,https://www.nssol.nipponsteel.com/cgi-bin/form/inquiry.pl,S NSSOLの強み 技術力 人材力 もっと見えてくるNSSOL NSSOLのこれまでとこれから 奮闘の軌跡 閉じる プレスルーム 事業概要 事業概要トップ キーワードから探す 業種から探す DX AI ローカル5G データ活用 IoT モダナイゼーション アウトソーシング インソーシング グローバル 製造・消費財 流通 金融 ネット・サービス業 公共・公益 通信 その他の業種はこちら 検索 閉じる ソリューション・サービス 事例 事例 お客様事例 ユーザーズボイス 閉じる サステナビリティ サステナビリティトップ サステナビリティ メッセージ サステナビリティ マネジメント 環境 社会 人的資本経営 健康経営宣言 ダイバーシティ・エクイティ・インクルージョン 人権 社会・地域との関わり ガバナンス コーポレート・ガバナンス コーポレート・ガバナンスの充実に向けた取組み コンプライアンス 情報セキュリティへの取り組み 社外からの評価 閉じる IR情報 IR情報トップ IR基本方針 業績推移 IR資料 有価証券報告書 決算短信 決算説明会 経営計画説明会 事業説明会 適時開示情報 統合報告書・ケースブック IRカレンダー IRニュース一覧 株式関連情報 株主優待 株主総会 株式情報 株式手続のご案内 アナリスト・カバレッジ 電子公告 個人投資家の皆様へ よくあるご質問 閉じる 企業情報 企業情報トップ 社長メッセージ 企業理念 コーポレートメッセージ NSSOL パーパス 社員のパーパス・ バリューへの想い NSSOL 2030ビジョン グローバル・ビジネス・ コンダクト ロゴマーク 研究開発 システム研究開発センター 企業データ 会社概要 役員・組織 グループ会社一覧 沿革 地図・アクセス 閉じる 検索 閉じる サイト内検索 対象サイトの絞り込み コーポレートサイトカテゴリの絞り込み 検索,EQUITY,Technology,Information Technology Services
1,2327,NS Solutions Corporation,デジタルトランスフォーメーション,デジタル・サービス,,,92.0,90.0,,未確定,C,revenue_share_unknown,unknown,unknown,,https://www.nssol.nipponsteel.com/,ãº SEARCH ãã¬ãã¸ï¼ãã¦ãã¦ ãã¦ã³ã­ã¼ã ã»ããã¼ã»ã¤ãã³ã æ¡ç¨æ å ± ENGLISH ãåãåãã éãã TO THE FUTUREããã NSSOL STORIES NSSOLã®å¼·ã¿ æè¡å äººæå ãã£ã¨è¦ãã¦ããNSSOL NSSOLã®ããã¾ã§ã¨ãããã å¥®éã®è»è·¡ éãã ãã¬ã¹ã«ã¼ã äºæ¥­æ¦è¦ äºæ¥­æ¦è¦ããã ã­ã¼ã¯ã¼ãããæ¢ã æ¥­ç¨®ããæ¢ã DX AI ã­ã¼ã«ã«5G ãã¼ã¿æ´»ç¨ IoT ã¢ããã¤ã¼ã¼ã·ã§ã³ ã¢ã¦ãã½ã¼ã·ã³ã° ã¤ã³ã½ã¼ã·ã³ã° ã°ã­ã¼ãã« è£½é ã»æ¶è²»è²¡ æµé éè ãããã»ãµã¼ãã¹æ¥­ å ¬å ±ã»å ¬ç éä¿¡ ãã®ä»ã®æ¥­ç¨®ã¯ãã¡ã æ¤ç´¢ éãã ã½ãªã¥ã¼ã·ã§ã³ã»ãµã¼ãã¹ äºä¾ äºä¾ ãå®¢æ§äºä¾ ã¦ã¼ã¶ã¼ãºãã¤ã¹ éãã ãµã¹ããããªãã£ ãµã¹ãã,EQUITY,Technology,Information Technology Services
1,2327,NS Solutions Corporation,データセンター,データセンター・電力,,,8.0,5.0,,未確定,C,revenue_share_unknown,unknown,unknown,,https://www.nssol.nipponsteel.com/cgi-bin/form/inquiry.pl,ます。 開示等に応じる窓口は、当該「お問い合わせフォーム」になります。 個人情報を与えることの任意性及び当該情報を与えなかった場合に生じる結果 個人情報を取得する項目は、全てご本人によってご提供いただくものです。 ただし、必要な項目をいただけない場合、利用目的に記載の諸手続又は処理に支障が生じる可能性があります。 本人が容易に知覚できない方法による個人情報の取得 本フォームでは、セッション管理のためCookieを使用しています。 同意する 入力内容を確認する ページトップへ メニュー ページトップへ Corepeak TO THE FUTURE NSSOL STORIES 技術力 人材力 NSSOLのこれまでとこれから 奮闘の軌跡 プレスルーム 事例 事例 ユーザーズボイス お客様事例 事業概要 製造・消費財 流通 金融 ネット・サービス業 公共・公益 通信 DX ITインフラ/クラウド/データセンター コンサルティング 業務アプリケーション 中堅企業向けソリューション ライフサイエンス/ヘルスケア ビッグデータ デジタルソリューション BXDC IoX ローカル5G グローバル サステナビリティ サステナビリティメッセージ サステナビリティマネジメント 環境 人的資本経営 健康経営宣言 ダイバーシティ・エクイティ・インクルージョン 人権 社会・地域との関わり コーポレート・ガバナンス コーポレート・ガバナンスの充実に向けた取組み コンプライアンス 情報セキュリティへの取り組み 社外からの評価 IR情報 IR基本方針 業績推移 有価証券報告書 決算短信 決算説明会 経営計画説明会 事業説明会 適時開示情報 統合報告書・ケースブック 株主優待 株主総会 株式情報 株式手続のご案内 アナリスト・カバレッジ 電子公告 個人投資家の皆様へ よくあるご質問 企業情報 社長メッセージ 企業理念 コー,EQUITY,Technology,Information Technology Services
1,2327,NS Solutions Corporation,ドローン,防衛・国土強靱化,,,8.0,5.0,,未確定,C,revenue_share_unknown,unknown,unknown,,,売上構成比を公式資料から数値で確認できず,EQUITY,Technology,Information Technology Services
1,2327,NS Solutions Corporation,人工知能,AI・半導体,,,92.0,90.0,,未確定,C,revenue_share_unknown,unknown,unknown,,https://www.nssol.nipponsteel.com/,SEARCH ãã¬ãã¸ï¼ãã¦ãã¦ ãã¦ã³ã­ã¼ã ã»ããã¼ã»ã¤ãã³ã æ¡ç¨æ å ± ENGLISH ãåãåãã éãã TO THE FUTUREããã NSSOL STORIES NSSOLã®å¼·ã¿ æè¡å äººæå ãã£ã¨è¦ãã¦ããNSSOL NSSOLã®ããã¾ã§ã¨ãããã å¥®éã®è»è·¡ éãã ãã¬ã¹ã«ã¼ã äºæ¥­æ¦è¦ äºæ¥­æ¦è¦ããã ã­ã¼ã¯ã¼ãããæ¢ã æ¥­ç¨®ããæ¢ã DX AI ã­ã¼ã«ã«5G ãã¼ã¿æ´»ç¨ IoT ã¢ããã¤ã¼ã¼ã·ã§ã³ ã¢ã¦ãã½ã¼ã·ã³ã° ã¤ã³ã½ã¼ã·ã³ã° ã°ã­ã¼ãã« è£½é ã»æ¶è²»è²¡ æµé éè ãããã»ãµã¼ãã¹æ¥­ å ¬å ±ã»å ¬ç éä¿¡ ãã®ä»ã®æ¥­ç¨®ã¯ãã¡ã æ¤ç´¢ éãã ã½ãªã¥ã¼ã·ã§ã³ã»ãµã¼ãã¹ äºä¾ äºä¾ ãå®¢æ§äºä¾ ã¦ã¼ã¶ã¼ãºãã¤ã¹ éãã ãµã¹ããããªãã£ ãµã¹ããã,EQUITY,Technology,Information Technology Services
1,2327,NS Solutions Corporation,電子政府,デジタル・サービス,,,8.0,5.0,,未確定,C,revenue_share_unknown,unknown,unknown,,,売上構成比を公式資料から数値で確認できず,EQUITY,Technology,Information Technology Services
1,2330,"Forside Co.,Ltd.",ゲーム関連,デジタル・サービス,0.16,,8.0,5.0,,未確定,C,calculated_ratio_needs_qa,calculated_candidate_only,calculated_ratio_candidate,calculated_same_snippet,https://www.forside.co.jp/wordpress/wp-content/uploads/2026/05/2026年12月期-第1四半期決算短信［日本基準］（連結）.pdf,"025年～2029年の年間平均成長率 （CAGR：Compound Annual Growth Rate）は36.0％で推移し、2029年の市場規模は2025年比で2.9倍の6兆8,897億円に拡大していくものと予測されて おります。 人材関連ビジネス業界におきましては、我が国では急速な少子高齢化の進行に伴い、労働力人口の減少が長期的 な課題となっております。2026年３月の有効求人倍率は、1.22倍と2025年３月から0.07ポイント減少したものの、 2014年以降は求人倍率が１倍を超えて推移しており、人材不足は引き続き事業者にとって大きな課題となることが 予想されております。特に医療業界や物流業界及びIT業界において即戦力となる人材不足が深刻となっており、人 材サービス業界へのニーズはさらに高まっていくものと考えられます。 このような経済状況の中、当社グループにおいては、主力事業であるプライズ事業・総合人材サービス事業を中 心に事業収益の拡大を図ってまいりました。 これらの結果、当第１四半期連結累計期間の売上高は1,406,573千円（前年同期比5.2％減）、営業利益は32,852 千円（前年同期比45.2％減）、経常利益は35,915千円（前年同期比40.9％減）、親会社株主に帰属する四半期純利 益は34,526千円（前年同期比37.6％減）となりました。 セグメント別の経営成績は次のとおりであります。 ①プライズ事業 プライズ事業につきましては、株式会社ブレイクがクレーンゲーム機等のプライズゲーム用景品の企画・製作・ 販売を行っております。 当第１四半期連結累計期間においては、キャラクターグッズや雑貨系商材を中心に受注件数が堅調に推移し、外 国人観光客の増加等により、アミューズメント施設の集客が好調となり、売上高は前年同期を上回りました。ま た、円安の進行及び輸送費や原材料費が高騰する中、継続した原価低減策による原価率の改善に努めた結果、セグ メント利益が増加いたしました。 以上の結果、売上高は773,175千円（前年同期比16.3％増）、セグメント利益は85,623千円（前年同期比20.5％ 増）となりました。 ②コンテンツ事業 コンテンツ事業につきましては、主に株式会社ポップティーンが電子書籍配信サイト「モビぶっく」の運営を行 っております。 当第１四半期連結累計期間においては、電子書籍配信サイト「モビぶっく」において、引き続き広告宣伝費の抑 制に努めながらも、費用対効果の高いプロモーション施策を継続することで、新規顧客の獲得に努めてまいりまし た。また、既存ユーザーに対しては、取扱い作品数の拡充やサイトのユーザビリティの向上を図ることで、顧客継 続率を高めるための施策を行ってまいりましたが、安定的な顧客獲得には至りませんでした。一方で、固定費の",EQUITY,Consumer Cyclical,Leisure
1,2330,"Forside Co.,Ltd.",人工知能,AI・半導体,10.23,,92.0,90.0,,未確定,C,calculated_ratio_needs_qa,calculated_candidate_only,calculated_ratio_candidate,calculated_same_snippet,https://www.forside.co.jp/wordpress/wp-content/uploads/2026/02/2025年12月期-決算短信日本基準（連結）.pdf,") 2025年12月期決算短信 当連結会計年度においては、「PSYCHOVISION hide MUSEUM Since 2000」FINAL企画展の大型イベントの開催等によ り、セグメント損失は改善したものの、その他固定費を賄うだけの利益を確保するまでには至りませんでした。 以上の結果、売上高は206,633千円（前年同期比63.2％増）、セグメント損失は3,164千円（前年同期はセグメント 損失34,188千円）となりました。 ④マスターライツ事業 マスターライツ事業につきましては、主に株式会社ポップティーンが出版事業を行っております。 当連結会計年度においては、Popteenモデルにおいて、「2025年専属モデルオーディション」の開催及び複数のタ イアップ案件の獲得に加えて、女子小中学生向け雑誌「Cuugal」の発売、Popteen編集部及びCuugal編集部共同によ る「ポップキューフェス2025」の開催を実施しました。また、前連結会計年度に引き続き制作コストの削減及び一 般管理費の削減に努めてまいりましたが、「Cuugal」の発行部数の減少等により、利益を確保するまでには至りませ んでした。 以上の結果、売上高は154,959千円（前年同期比5.9％減）、セグメント損失は9,217千円（前年同期はセグメント 損失16,545千円）となりました。 ⑤AI関連事業 AI関連事業につきましては、株式会社AI Tech SolutionsがAIを活用した事業効率化ツールの開発、AI開発支援向 けGPUサーバーの販売及び販売代理を行っております。 当連結会計年度においては、GPUサーバーの販売促進策が功を奏し多額の案件を複数獲得したものの、複数の同業 他社がGPUサーバーの販売市場に参入したことにより、第３四半期連結会計期間より受注高が減少し、第４四半期連 結会計期間は新規受注がゼロ件となりました。また、第３四半期連結会計期間において、生成AIを活用した「退院 サマリーシステム」のローンチが完了しました。 以上の結果、売上高は3,097,800千円（前年同期比 353.4％増）、セグメント利益 は198,350千円（前年同期比 345.5％増）となりました。 ⑥物流関連事業 物流関連事業につきましては、株式会社antz及び株式会社エムが一般貨物自動車運送事業及び貨物利用運送事業 を行っております。 当連結会計年度においては、取引先の見直しを行い株式会社エムの取扱高が減少したものの、収益性の高い案件 に注力したことに加えて、株式会社antzの物流関連事業への参入により、売上高は拡大しております。 以上の結果、売上高は316,996千円（前年同期比242.5％増）、セグメント利益は62,083千円（前年同期比48.5％ 増）となりました。 ⑦総合人材サービス事業",EQUITY,Consumer Cyclical,Leisure
1,2330,"Forside Co.,Ltd.",物流,物流・海運,2.00,,58.0,54.0,,未確定,C,calculated_ratio_needs_qa,calculated_candidate_only,calculated_ratio_candidate,calculated_same_snippet,https://www.forside.co.jp/wordpress/wp-content/uploads/2025/11/2025年12月期-第3四半期決算短信［日本基準］（連結）.pdf,",643 22,200 29,763 セグメント利益又はセグ メント損失(△） 175,516 △19,669 △13,026 △26,996 △3,045 16,002 16,204 （単位：千円） 合計 調整額 （注）１ 四半期連結損 益計算書計上 額（注）２ 売上高 顧客との契約から生じ る収益 3,608,913 － 3,608,913 その他の収益（注）３ 51,042 － 51,042 外部顧客への売上高 3,659,955 － 3,659,955 セグメント間の内部売 上高又は振替高 － － － 計 3,659,955 － 3,659,955 セグメント利益又はセグ メント損失(△） 144,985 △139,040 5,944 （セグメント情報等の注記） 【セグメント情報】 Ⅰ 前第３四半期連結累計期間（自2024年１月１日 至2024年９月30日） １．報告セグメントごとの売上高及び利益又は損失の金額に関する情報並びに収益の分解情報 （注）１．セグメント利益又はセグメント損失（△）の調整額△139,040千円は、各報告セグメントに配分していな い全社費用等であり、主に報告セグメントに帰属しない一般管理費であります。 ２．セグメント利益又はセグメント損失（△）は、四半期連結損益計算書の営業利益と調整を行っておりま す。 ３．その他の収益は、不動産賃貸収入であります。 ２．報告セグメントごとの固定資産の減損損失又はのれん等に関する情報 （重要な負ののれん発生益） 「物流関連」セグメントにおいて、株式会社エムの株式を取得し連結子会社としたことにより、負ののれ ん発生益を認識しております。当該事象による負ののれん発生益の計上額は、2,780千円であります。なお、 負ののれん発生益は特別利益のため、上記セグメント利益には含まれておりません。 - 10 - ㈱フォーサイド(2330) 2025年12月期 第３四半期決算短信 報告セグメント プライズ コンテンツ イベント マスターラ イツ AI関連 物流関連 総合人材サ ービス 売上高 顧客との契約から生じ る収益 2,483,041 62,874 195,085 117,153 2,897,800 203,137 883,397 外部顧客への売上高 2,483,041 62,874 195,085 117,153 2,897,800 203,137 883,397 セグメント間の内部売 上高又は振替高 － 1,600 － 3,471 － 186 4,765 計 2,483,041 64,474 195,085 120,625 2,897,800 203,323 888,163 セグメント利益又はセグ メント損失(△） 255,988 △5,903 12,737 △12,959 199,194 55,3",EQUITY,Consumer Cyclical,Leisure
1,2330,"Forside Co.,Ltd.",生成AI,AI・半導体,46.09,,8.0,5.0,,未確定,C,calculated_ratio_needs_qa,calculated_candidate_only,calculated_ratio_candidate,calculated_same_snippet,https://www.forside.co.jp/wordpress/wp-content/uploads/2026/02/2025年12月期-決算短信日本基準（連結）.pdf,"164千円（前年同期はセグメント 損失34,188千円）となりました。 ④マスターライツ事業 マスターライツ事業につきましては、主に株式会社ポップティーンが出版事業を行っております。 当連結会計年度においては、Popteenモデルにおいて、「2025年専属モデルオーディション」の開催及び複数のタ イアップ案件の獲得に加えて、女子小中学生向け雑誌「Cuugal」の発売、Popteen編集部及びCuugal編集部共同によ る「ポップキューフェス2025」の開催を実施しました。また、前連結会計年度に引き続き制作コストの削減及び一 般管理費の削減に努めてまいりましたが、「Cuugal」の発行部数の減少等により、利益を確保するまでには至りませ んでした。 以上の結果、売上高は154,959千円（前年同期比5.9％減）、セグメント損失は9,217千円（前年同期はセグメント 損失16,545千円）となりました。 ⑤AI関連事業 AI関連事業につきましては、株式会社AI Tech SolutionsがAIを活用した事業効率化ツールの開発、AI開発支援向 けGPUサーバーの販売及び販売代理を行っております。 当連結会計年度においては、GPUサーバーの販売促進策が功を奏し多額の案件を複数獲得したものの、複数の同業 他社がGPUサーバーの販売市場に参入したことにより、第３四半期連結会計期間より受注高が減少し、第４四半期連 結会計期間は新規受注がゼロ件となりました。また、第３四半期連結会計期間において、生成AIを活用した「退院 サマリーシステム」のローンチが完了しました。 以上の結果、売上高は3,097,800千円（前年同期比 353.4％増）、セグメント利益 は198,350千円（前年同期比 345.5％増）となりました。 ⑥物流関連事業 物流関連事業につきましては、株式会社antz及び株式会社エムが一般貨物自動車運送事業及び貨物利用運送事業 を行っております。 当連結会計年度においては、取引先の見直しを行い株式会社エムの取扱高が減少したものの、収益性の高い案件 に注力したことに加えて、株式会社antzの物流関連事業への参入により、売上高は拡大しております。 以上の結果、売上高は316,996千円（前年同期比242.5％増）、セグメント利益は62,083千円（前年同期比48.5％ 増）となりました。 ⑦総合人材サービス事業 総合人材サービス事業につきましては、2025年３月31日に株式会社antzを完全子会社化したことに伴い、当連結 会計年度より事業を開始しており、当該子会社が一般労働者派遣及び作業請負業務等を行っております。 当連結会計年度においては、既存の顧客の需要開拓に加えて、新規の顧客開拓を行うとともに、ITソリューショ ン事業で、規模の大きい作業請負業務を完了したことに",EQUITY,Consumer Cyclical,Leisure
1,2330,"Forside Co.,Ltd.",陸運,物流・海運,,,66.0,68.0,,未確定,C,revenue_share_unknown,unknown,unknown,,,売上構成比を公式資料から数値で確認できず,EQUITY,Consumer Cyclical,Leisure
1,2331,"Alsok Co.,Ltd.",サブスクリプション,デジタル・サービス,,,8.0,5.0,,未確定,C,revenue_share_unknown,unknown,unknown,,,売上構成比を公式資料から数値で確認できず,EQUITY,Industrials,Security & Protection Services
1,2331,"Alsok Co.,Ltd.",サービスロボット,設備投資・機械,,,42.0,30.0,,未確定,C,revenue_share_unknown,unknown,unknown,,,売上構成比を公式資料から数値で確認できず,EQUITY,Industrials,Security & Protection Services
1,2331,"Alsok Co.,Ltd.",ドローン,防衛・国土強靱化,,,8.0,5.0,,未確定,C,revenue_share_unknown,unknown,unknown,,,売上構成比を公式資料から数値で確認できず,EQUITY,Industrials,Security & Protection Services
1,2331,"Alsok Co.,Ltd.",マイナンバー,デジタル・サービス,,,8.0,5.0,,未確定,C,revenue_share_unknown,unknown,unknown,,,売上構成比を公式資料から数値で確認できず,EQUITY,Industrials,Security & Protection Services
1,2331,"Alsok Co.,Ltd.",マンション関連,不動産・建設,,,86.0,78.0,,未確定,C,revenue_share_unknown,unknown,unknown,,,売上構成比を公式資料から数値で確認できず,EQUITY,Industrials,Security & Protection Services
1,2331,"Alsok Co.,Ltd.",ロボット,AI・半導体,,,82.0,74.0,,未確定,C,revenue_share_unknown,unknown,unknown,,,売上構成比を公式資料から数値で確認できず,EQUITY,Industrials,Security & Protection Services
1,2331,"Alsok Co.,Ltd.",介護関連,医療・ヘルスケア,,,92.0,84.0,,未確定,C,revenue_share_unknown,unknown,unknown,,,売上構成比を公式資料から数値で確認できず,EQUITY,Industrials,Security & Protection Services
1,2331,"Alsok Co.,Ltd.",防災,防衛・国土強靱化,,,8.0,5.0,,未確定,C,revenue_share_unknown,unknown,unknown,,,売上構成比を公式資料から数値で確認できず,EQUITY,Industrials,Security & Protection Services
1,2332,"Quest Co., Ltd.",IT関連,デジタル・サービス,,,94.0,96.0,,未確定,C,revenue_share_unknown,unknown,unknown,,https://www.quest.co.jp/,ITサービス&ソリューションの株式会社クエスト 未来を共創する ITカンパニー、クエスト Service ＆ Solution データはある。 問題は、どう使うかだ。 データエンジニアリングサービス 「まさか我が社が・・・」 サイバー被害に終止符を。 サイバーセキュリティサービス クエストって どんな会社？ クエストは、デジタルの未来を お客様と探求し共創するITカンパニーです。 主な事業領域 半導体 製造 金融 情報通信 エンタテインメント 公共・社会 移動・物流 ヘルスケア・メディカル Service ＆ Solution インフラ 戦略パートナーとして、お客様のITインフラ上のご要望や課題に対して、最適なITインフラを設計・構築し、運用・保守します。 アプリケーション ワンストップシステム開発とエンジニアによるご支援によりソフトウェアやシステム開発、アプリ開発を強力にサポートします。 ソ,EQUITY,Technology,Information Technology Services
1,2334,eole Inc.,ゲーム関連,デジタル・サービス,,,8.0,5.0,,未確定,C,revenue_share_unknown,unknown,unknown,,,売上構成比を公式資料から数値で確認できず,EQUITY,Technology,Software - Application
1,2334,eole Inc.,データセンター,データセンター・電力,,,8.0,5.0,,未確定,C,revenue_share_unknown,unknown,unknown,,,売上構成比を公式資料から数値で確認できず,EQUITY,Technology,Software - Application
1,2334,eole Inc.,人工知能,AI・半導体,,,90.0,68.0,,未確定,C,revenue_share_unknown,unknown,unknown,,https://www.eole.co.jp/,ã¤ãªã¬ï½æ°ããä¾¿å©ãæ°ãããããã³ãã¤ããã æ°ããä¾¿å©ã æ°ãããããã³ãã¤ããã ãã¼ã ä¼ç¤¾æ å ± ç¤¾é·ã¡ãã»ã¼ã¸ ä¼ç¤¾æ¦è¦ ã¢ã¯ã»ã¹ å½¹å¡ç´¹ä» æ²¿é© ãµã¼ãã¹ ã³ãã¥ãã±ã¼ã·ã§ã³ãã¼ã¿äºæ¥­ pinpoint HRãã¼ã¿äºæ¥­ æ±äººæ¤ç´¢ã¨ã³ã¸ã³åºåä»£çéç¨äºæ¥­ e-FEED JOBOLE HRã¢ããã©ãããã©ã¼ã AIãã¼ã¿ã»ã³ã¿ã¼äºæ¥­ GPUãµã¼ãã¼è²©å£² ã¡ãã£ã¢äºæ¥­ ä¼æ¥ãã¬é¨ ä¼æ¥ã°ã©ã³ãã³ã°é¨ ãã®ä» åºååºç¨¿ã«ã¤ãã¦ ãã¥ã¼ã¹ ãã¥ã¼ã¹ãªãªã¼ã¹ ã¡ãã£ã¢ã»ç»å£æ å ± IR IRãã¥ã¼ã¹ çµå¶æ å ± ã³ã¼ãã¬ã¼ãã»ã¬ããã³ã¹ æ¥­ç¸¾ã»è²¡åæ å ± çµå¶æç¸¾ è²¡æ¿ç¶æ  ã­ã£ãã·ã¥ã»ãã­ã¼ã®ç¶æ³ æå·è³ç£ã¢ããªãã£ã¯ã¹,EQUITY,Technology,Software - Application
1,2335,Cube System Inc.,IT関連,デジタル・サービス,,,97.0,99.0,,未確定,C,revenue_share_unknown,unknown,unknown,,https://www.cubesystem.co.jp/,NFORMATION IR情報 IR INFORMATION IR情報 TOPへ IRニュース IRカレンダー 免責事項 電子公告 よくあるご質問 IR ライブラリー IR ライブラリーTOPへ 決算短信 決算説明会 有価証券報告書等 株主通信・株主レター ファクトブック 統合報告書 個人投資家の皆様へ 個人投資家の皆様へTOPへ キューブシステムの事業内容 キューブシステムの強み 優待制度について 個人投資家向け説明会 財務・業績情報 財務・業績情報TOPへ 業績ハイライト （連結） 財政状況（連結） キャッシュ・フローの状況（連結） 財務諸表 経営方針 経営方針TOPへ コーポレート・ガバナンスについて 対処すべき課題 事業等のリスク ディスクロージャーポリシー 株式情報 株主・株式情報TOPへ 株式状況 株主還元/配当 株主総会情報 株式事務 サステナビリティ SUSTAINABILITY サステナビリティ SUSTAINABILITY サステナビリティ TOPへ 次世代育成支援 地域貢献 環境への取り組み コンプライアンス 人権方針 BLOG BLOG キューブシステム公式BLOG BLOG BLOG一覧へ 採用情報 RECRUIT 採用情報 RECRUIT 採用情報 TOPへ 新卒採用 新卒採用TOPへ ３分でわかるキューブシステム リアル＆データ 先輩たちの声 人材育成 福利厚生 社長メッセージ Q&A 募集要項 キャリア採用 キャリア採用TOPへ キャリア採用概要 社員インタビュー 数字で見るキューブシステム 人事制度 人材育成と資格取得支援 FAQ 障がいのある方の採用 お問い合わせ Japanese English お客さまの一番近くで、企業と社会のニーズに応える。 システム開発のベストパートナーとして。 COMPANY 企業情報 NEWS お知らせ 2026,EQUITY,Technology,Information Technology Services
1,2335,Cube System Inc.,デジタルトランスフォーメーション,デジタル・サービス,,,90.0,96.0,,未確定,C,revenue_share_unknown,unknown,unknown,,https://www.cubesystem.co.jp/,CE サービス SERVICE サービス TOPへ 3つのビジネスモデル 業種別サービス 業種別サービスTOPへ 金融 流通 通信 製造 その他 サービス提供形態 サービス提供形態TOPへ システム開発 インフラソリューション エンハンス オフショア活用 PMO Oracleソリューション OracleソリューションTOPへ Oracleとの歴史 Oracleサービスメニュー Oracle Cloudサービス Oracle Cloudサービスへ スマイルシェアプロダクト スマイルシェアプロダクトTOPへ サンクスコネクト Cubecoin スマイルレジ 実績紹介 WORKS 実績紹介 WORKS 実績紹介 TOPへ 企業情報 COMPANY 企業情報 COMPANY 企業情報 TOPへ お知らせ ごあいさつ 企業概要 経営方針 沿革 組織図 ISO認証取得について 拠点（国内外）アクセス DX事業推進 資格取得者数 パートナーの皆様へ 50周年記念サイト IR情報 IR INFORMATION IR情報 IR INFORMATION IR情報 TOPへ IRニュース IRカレンダー 免責事項 電子公告 よくあるご質問 IR ライブラリー IR ライブラリーTOPへ 決算短信 決算説明会 有価証券報告書等 株主通信・株主レター ファクトブック 統合報告書 個人投資家の皆様へ 個人投資家の皆様へTOPへ キューブシステムの事業内容 キューブシステムの強み 優待制度について 個人投資家向け説明会 財務・業績情報 財務・業績情報TOPへ 業績ハイライト （連結） 財政状況（連結） キャッシュ・フローの状況（連結） 財務諸表 経営方針 経営方針TOPへ コーポレート・ガバナンスについて 対処すべき課題 事業等のリスク ディスクロージャーポリシー 株式情報 株主・株式情報TOPへ 株式状況,EQUITY,Technology,Information Technology Services
1,2335,Cube System Inc.,フィンテック,金融・金利,,,8.0,5.0,,未確定,C,revenue_share_unknown,unknown,unknown,,,売上構成比を公式資料から数値で確認できず,EQUITY,Technology,Information Technology Services
1,2335,Cube System Inc.,人工知能,AI・半導体,,,92.0,98.0,,未確定,C,revenue_share_unknown,unknown,unknown,,https://www.cubesystem.co.jp/,情報 IR INFORMATION IR情報 IR INFORMATION IR情報 TOPへ IRニュース IRカレンダー 免責事項 電子公告 よくあるご質問 IR ライブラリー IR ライブラリーTOPへ 決算短信 決算説明会 有価証券報告書等 株主通信・株主レター ファクトブック 統合報告書 個人投資家の皆様へ 個人投資家の皆様へTOPへ キューブシステムの事業内容 キューブシステムの強み 優待制度について 個人投資家向け説明会 財務・業績情報 財務・業績情報TOPへ 業績ハイライト （連結） 財政状況（連結） キャッシュ・フローの状況（連結） 財務諸表 経営方針 経営方針TOPへ コーポレート・ガバナンスについて 対処すべき課題 事業等のリスク ディスクロージャーポリシー 株式情報 株主・株式情報TOPへ 株式状況 株主還元/配当 株主総会情報 株式事務 サステナビリティ SUSTAINABILITY サステナビリティ SUSTAINABILITY サステナビリティ TOPへ 次世代育成支援 地域貢献 環境への取り組み コンプライアンス 人権方針 BLOG BLOG キューブシステム公式BLOG BLOG BLOG一覧へ 採用情報 RECRUIT 採用情報 RECRUIT 採用情報 TOPへ 新卒採用 新卒採用TOPへ ３分でわかるキューブシステム リアル＆データ 先輩たちの声 人材育成 福利厚生 社長メッセージ Q&A 募集要項 キャリア採用 キャリア採用TOPへ キャリア採用概要 社員インタビュー 数字で見るキューブシステム 人事制度 人材育成と資格取得支援 FAQ 障がいのある方の採用 お問い合わせ Japanese English お客さまの一番近くで、企業と社会のニーズに応える。 システム開発のベストパートナーとして。 COMPANY 企業情報 NEWS お知,EQUITY,Technology,Information Technology Services
1,2337,Ichigo Inc.,不動産ファンド,不動産・建設,10.00,12.5,97.0,100.0,51.0,補助関連,B,explicit_ratio_needs_qa,revenue_share_v4_candidate,explicit_ratio_candidate,explicit_percent,https://www.ichigo.gr.jp/news/p_news_file/file/Ichigo_20260715_Corporate_Presentation_FY27Q1_JPN.pdf,"10% 東京以外 首都圏 8% 名古屋 6% 札幌 5% 仙台 2% その他 4% ■ 地域別残高（構成比） ■ 物件規模別残高比率 59 【心築・ホテル・いちごオーナーズ】 資産ポートフォリオ アセットタイプをバランスよく分散 首都圏・主要都市中心 資産価値向上余地のある 中規模不動産中心 自己保有資産残高 3,336億円（2027年2月期1Q末時点簿価ベース） ※ ECO発電所・蓄電所は含まず © Ichigo Inc. All rights reserved. 心築事業 ： オフィス・商業を中心とした現存不動産の価値最大化 60  心築ノウハウにより、建物長寿命化と収益期間拡張、 地域やテナント様ごとの異なるニーズに対応し、物件価値を最大化  多様な売却チャネルを通じた高収益・資本効率化による高い競争優位性 THE VILLAGE OSAKA ■ オフィス・商業ブランド 「dot. 」 商業ビルブランド dot.harajuku | 4 グループネットワークと盤石な財務体質により、保有・売却の最適戦略を選択可能 戦略的 保有・売却 取得 ハード ： 自社ブランド化、リノベーション、設備更新、セットアップ ソフト ： テナント・地域イベント等によるコミュニティ形成 心築収益モデル ： NOI +25~40%（保有期間 約3~5年） 豊富な実績で培われた目利き力 × ネットワークにより 大きな価値向上ポテンシャルを持つ物件をソーシング ① 外部売却（フロー収益） ② 運用REIT / ファンド組み入れ（フロー収益 + ストック収益） ③ 保有継続（ストック収益） ■ 心築事業の価値創造モデル 価値向上 （保有） 取得 心築 THE VILLAGE OSAKA 「VILLAGE」 コミュニティ創出型オフィスブランド © Ichigo Inc. All rights reserved. ホテル事業 ： ホテル事業に関するあらゆる場面で物件価値を向上 61 保有、価値向上、アセットマネジメント、オペレーション、DXソリューションまで 一貫した垂直型事業モデル ホテルオペレーター報酬 PROPERA利用料 AM報酬 AM受託 賃料収入 保有 ストック収益アセットマネジメント事業 ストック収益 ストック収益 ストック収益 ホテルブランド 「THE KNOT」、「The OneFive」 日本の「ライフスタイル ホテル」市場を開拓 日本流のおもてなしと質にこだわり、 シンプルで上質な居心地を提供 AIレベニューマネジメントシステム 「PROPERA」 実務経験15年以上・100施設超の 実績を持つレベニューマネー ジャーの知見を搭載 年間収益10～40％向上の実績 保有期間 AM受託 取得 売却 フロー収益売却益 ホテルオペレーター 「ワンファイブホテルズ」 フル",EQUITY,Real Estate,Real Estate Services
1,2337,Ichigo Inc.,不動産関連,不動産・建設,50.41,,94.0,100.0,,未確定,C,calculated_ratio_needs_qa,calculated_candidate_only,calculated_ratio_candidate,calculated_same_snippet,https://www.ichigo.gr.jp/news/p_news_file/file/Ichigo_20260715_Corporate_Presentation_FY27Q1_JPN.pdf,".99% 0.98% 1.00% 1.27% 1.43% 1.53% 10.1年 10.0年 8.9年 9.3年 8.9年 8.6年 6.5年 6.1年 5.2年 6.2年 5.9年 5.8年 0年 3年 6年 9年 12年 0.75% 1.25% 1.75% 2.25% 2.75% 2022年2月期末 2023年2月期末 2024年2月期末 2025年2月期末 2026年2月期末 2027年2月期 1Q末 （金利） （期間） 盤石な財務基盤 ： 借入期間、残存期間および金利の推移 14 ■ コーポレート借入金の加重平均金利および加重平均借入期間 — 加重平均借入期間 — 加重平均残存期間 — 加重平均金利（※） （※） 金利上昇リスクの低減に向けた金利スワップ取引および金利キャップ取引による金利固定化後の利率 金利固定化による金利上昇リスクの低減 固定化比率56%、加重平均金利1.53% © Ichigo Inc. All rights reserved. 事業ポートフォリオ 15 © Ichigo Inc. All rights reserved. アセットマネジメント 12 心築 185ホテル 51 いちごオーナーズ 76 クリーンエネルギー 14 ■ セグメント別事業利益（通期予想ベース） （単位：億円） 事業ポートフォリオの全体像 16 ■ 各事業の保有・運用資産残高（2026年5月31日時点） 合計 7,253億円 心築 いちご オーナーズホテル 3,336億円 保有不動産 （簿価） クリーンエネルギー 260億円 発電所・蓄電所 （簿価） アセットマネジメント 3,656億円 運用資産残高 （取得価格） 2027年2月期 通期予想 340億円 （総事業費 425億円） © Ichigo Inc. All rights reserved. 件数 簿価（A） 件数 売上高（B） 心築 3 15,675 3 12,078 +3,597 オフィス 3 15,675 - - +15,675 商業 - - 1 2,004 -2,004 ロジスティクス - - - - - レジデンス - - - - - その他（※） - - 2 10,074 -10,074 ホテル - - - - - いちごオーナーズ 12 18,468 - - +18,468 合計 15 34,143 3 12,078 +22,065 （簿価） 7,767 +26,375 取得 売却 差額 （A）-（B） 2027年2月期 1Q ： 220億円買い越し  取得（簿価） ： 341億円（前年同期比+92%）  売却（売上） ： 120億円（前年同期比+186%） 取得・売却実績 17 （単位：百万円） （※） 不動産保有子会社の売却を含む © Ichigo Inc. All right",EQUITY,Real Estate,Real Estate Services
1,2337,Ichigo Inc.,太陽光発電関連,GX・エネルギー,75.00,93.8,42.0,46.0,71.1,有力関連,B,explicit_ratio_needs_qa,revenue_share_v4_candidate,explicit_ratio_candidate,explicit_percent,https://www.ichigo.gr.jp/news/p_news_file/file/Ichigo_20260715_Corporate_Presentation_FY27Q1_JPN.pdf,キャッシュ・フロー向上 （一方でROEは低下） 成長投資・株主還元に活用 © Ichigo Inc. All rights reserved. リーマンショック時との収益基盤と財務基盤の対比 2009年2月期末 （リーマンショック時） 2014年2月期末 （Ｓｈｉｆｔ Up 戦略開始） 2026年2月期末 加重平均借入期間 （全有利子負債） 3年以内返済予定 借入割合 （全有利子負債） ストック収益 固定費カバー率 2.8年 5.6年 8.9年 75% リーマンショック時との差異 ▲0.79pt 140% 195% 2.6倍に増加 3.2倍に長期化 2.8年 5.6年 2.8年 93% 28% 24% ▲69pt 2.22% 1.96% 1.43%加重平均借入金利 （コーポレート有利子負債） 3年以内 28% 3年超 72% 3年以内 93% 3年超 7% 52 3年以内 29% 3年超 21% 3年以内 24% 3年超 76% 3年以内 28% 3年超 72%3年以内 93% 3年超 7% © Ichigo Inc. All rights reserved. 53 Appendix 心築を軸とした5つの事業セグメント © Ichigo Inc. All rights reserved. いちごの不動産技術とノウハウを活用し、一つ一つの不動産に心を込めた 丁寧な価値向上を図り、現存不動産に新しい価値を創造 心築機能を軸とした事業モデル グリーンインフラ いちごグリーン 9282 太陽光発電所 不動産 オフィス いちごオフィス 8975 ホテル いちごホテル 3463 心築 心を込めて 現存不動産に 新しい価値を創造 売却 取得 取得 売却 不動産 外 部 心築を軸としたいちごの事業モデル 54 © Ichigo Inc. All rights reserved. 5つの事業セグメント 55 （※） アルゴリズムにより最適な宿泊価格を提示し、ホテル収益の最大化にアプローチする自社開発のAIレベニューマネジメントシステム アセット マネジメント J-REIT、インフラ投資法人、セキュリティ・トークン、私募不動産ファンドの運用事業 投資主価値の最大化に向け、投資魅力が高い物件の発掘（ソーシング）、心築による価値向上、売却による利益を実現 クリーン エネルギー 地球に優しく安全性に優れた太陽光発電および風力発電を主軸とした事業 わが国における不動産の新たな有効活用として、遊休地を活用したECO発電所の開発、 エネルギー自給率向上への貢献 私たちの信条「心で築く、心を築く」のもと、現存不動産に新しい価値を創造する事業 賃料収入を享受しつつ、いちごの不動産技術とノウハウを最大限活用することにより、不動産の価値向上を実現し、 ストック収益および売却によるフロー収益を創出心,EQUITY,Real Estate,Real Estate Services
1,2337,Ichigo Inc.,風力発電,GX・エネルギー,4.50,5.6,72.0,72.0,35.5,ノイズ候補,B,explicit_ratio_needs_qa,revenue_share_v4_candidate,explicit_ratio_candidate,explicit_percent,https://www.ichigo.gr.jp/news/p_news_file/file/Ichigo_20260715_Corporate_Presentation_FY27Q1_JPN.pdf,震強化等  NOI（純収益）利回り 4.5%、物件価格 20億円の不動産を取得する場合  借入条件 LTV（資産に対する借入割合） 75%、金利 1.0%  保有期間 5年間、保有中に0.5億円かけて、貸床面積の拡大や動線改善等によるテナント 売上向上を図り、賃料UP等のバリューアップを実現、NOIを25%向上した上で売却 【取得時】 ・（年間NOI 90百万円）－（年間金利 15百万円）＝年間収益 75百万円･･･① ・①÷投資金額＝15%･･･期中投資利回り 【バリューアップ後】 ・（年間NOI 112.5百万円）－（年間金利 15百万円）＝年間収益 97.5百万円･･･② ・②÷投資金額（5億円+0.5億円）＝17.7%･･･期中投資利回り → 取得後5年間の期中収益を獲得のうえ、NOI 25%UPとなるバリューアップ 実施後に売却すると、不動産売却価格も取得金額より25%UP 20億円×125%＝25億円 → 25億円－（20億円+0.5億円）＝4.5億円のキャピタルゲイン 【結果として】 ・5.5億円の投資に対して、5年間で8.25億円の収益獲得 → 1年あたり 30%の利回りを実現 不動産 20億円 借入 15億円 自己資金 5億円 0.5億円かけて心築 【心築・ホテル・いちごオーナーズ】 心築による価値向上の手段およびリターンイメージ（参考） 64 © Ichigo Inc. All rights reserved.  遊休地を有効活用し、全国に太陽光発電と風力発電を展開  グループ事業を通じた地域とのつながりを生かしたソーシングと開発力 クリ－ンエネルギー事業 : 遊休地を活用したECO発電所を展開 65 ■ 稼働中の発電所 太陽光 48発電所 151.4MW 風力 1発電所 7.3MW 太陽光 15発電所 29.4MW ■ 地域分散されたポートフォリオ 地方自治体との連携、 地元不動産会社・建設会社 とのリレーション活用により 効率的に土地を探索 不動産開発で培ったノウハウ を生かし、地域社会との良好 な関係を構築しながら円滑に 許認可手続きを遂行 全国に所在する、いちご保有 およびいちごグリーン保有の 発電所の運営実績を背景と した保守管理体制を構築 ソーシング・地域活性化 開発 保守・運営 北海道 7.2% 東北 6.4% 関東 36.5% 中部 10.0%関西 5.0% 中国 16.1% 四国 3.3% 九州 11.0% 沖縄 4.5%64 発電所 約188.2MW いちご いちご グリーン © Ichigo Inc. All rights reserved. パネル出力 合計（MW） 固定買取 価格（税抜） 東京電力 67.4 14～40円 中国電力 26.6 18～40円 九州電力 19.3 32～40円 中部電力 17,EQUITY,Real Estate,Real Estate Services
1,2338,"Quantum Solutions Co.,Ltd.",エッジコンピューティング,AI・半導体,,,8.0,5.0,,未確定,C,revenue_share_unknown,unknown,unknown,,,売上構成比を公式資料から数値で確認できず,EQUITY,Technology,Information Technology Services
1,2338,"Quantum Solutions Co.,Ltd.",ゲーム関連,デジタル・サービス,,,92.0,98.0,,未確定,C,revenue_share_unknown,unknown,unknown,,https://www.quantum-s.co.jp/,クオンタムソリューションズ | AIインフラ・AIゲーム・企業向けAIソリューション ホーム 私たちについて 私たちの事業 IR情報 お問い合わせ 日本語 | ENGLISH 最先端のAIソリューションでよりよい明日の実現を 革新技術で 今日を変え 未来 を彩る ニュース 続きを読む 会社概要 クオンタムソリューションズ株式会社は、東京に本社を置き、アジア太平洋地域に拠点を持つ、AIに特化したビジネスを展開する企業です。1999年に設立され、2002年に東京証券取引所に上場（銘柄コードJP 2338）しました。 当社は現在、AIを活用したいと考える企業や個人向けに、包括的なAIソリューションを提供しています。 お客様のあらゆるAIニーズに対応できる、革新的なソリューションを提供すると同時に、最先端の技術、卓越したカスタマーサポートの提供を通じて、AI業界を牽引する企業となることを目指しています。 私たちの事業 クオンタムソリューションズは、AI,EQUITY,Technology,Information Technology Services
1,2338,"Quantum Solutions Co.,Ltd.",データセンター,データセンター・電力,,,92.0,98.0,,未確定,C,revenue_share_unknown,unknown,unknown,,https://www.quantum-s.co.jp/,取引所に上場（銘柄コードJP 2338）しました。 当社は現在、AIを活用したいと考える企業や個人向けに、包括的なAIソリューションを提供しています。 お客様のあらゆるAIニーズに対応できる、革新的なソリューションを提供すると同時に、最先端の技術、卓越したカスタマーサポートの提供を通じて、AI業界を牽引する企業となることを目指しています。 私たちの事業 クオンタムソリューションズは、AIビジネスの経験とパートナーとの協業を活かし、AIインフラ、AIゲーム、企業向けAIソリューション、ウェルネスソリューションの4つの領域で事業機会を創出しています。多様な企業、組織、公共分野のステークホルダーとの連携を通じて、日本、アジア、中東の市場における企業とプロフェッショナルの成長に貢献してまいります。 01 AIインフラストラクチャー Quantum Solutionsは、GPUサーバーの導入、高密度データセンター容量、AIコンピューティングリソース、およびクラウド型AIソリューションを中心に、スケーラブルなAI活用を求める法人顧客向けに、AIインフラ領域における事業展開を進めています。 02 AIゲーム AAA級タイトル「JEWEL」の制作において、ゲーム制作会社JP GAMESとの協業が、中東市場でのゲームビジネスを牽引。 03 企業向AIソリューション クオンタムソリューションズは、多様な企業向けのソリューションの商業化に向けて、潜在的な顧客とのコミュニケーションを続けています。潜在顧客との製品テストは、将来提供する製品を微調整やマーケティング手法の見極めのためには重要なステップです。 04 ウェルネスソリューション グループ関連事業 ↗ ウェルネスソリューションは、クオンタムソリューションズのグループ関連ウェルネス事業をご案内する外部サイトです。 AIインフラストラクチャー Quantum,EQUITY,Technology,Information Technology Services
1,2338,"Quantum Solutions Co.,Ltd.",人工知能,AI・半導体,,,97.0,100.0,,未確定,C,revenue_share_unknown,unknown,unknown,,https://www.quantum-s.co.jp/,クオンタムソリューションズ | AIインフラ・AIゲーム・企業向けAIソリューション ホーム 私たちについて 私たちの事業 IR情報 お問い合わせ 日本語 | ENGLISH 最先端のAIソリューションでよりよい明日の実現を 革新技術で 今日を変え 未来 を彩る ニュース 続きを読む 会社概要 クオンタムソリューションズ株式会社は、東京に本社を置き、アジア太平洋地域に拠点を持つ、AIに特化したビジネスを展開する企業です。1999年に設立され、2002年に東京証券取引所に上場（銘柄コードJP 2338）しました。 当社は現在、AIを活用したいと考える企業や個人向けに、包括的なAIソリューションを提供しています。 お客様のあらゆるAIニーズに対応できる、革新的なソリューションを提供すると同時に、最先端の技術、卓越したカスタマーサポートの提供を通じて、AI業界を牽引する企業となることを目指しています。 私たちの事業 クオンタムソリ,EQUITY,Technology,Information Technology Services
1,2341,"Arbeit-Times Co., Ltd.",サブスクリプション,デジタル・サービス,,,8.0,5.0,,未確定,C,revenue_share_unknown,unknown,unknown,,,売上構成比を公式資料から数値で確認できず,EQUITY,Communication Services,Publishing
1,2342,Transgenic Group Inc.,eコマース,内需・消費,6.82,,85.0,82.0,,未確定,C,calculated_ratio_needs_qa,calculated_candidate_only,calculated_ratio_candidate,calculated_same_snippet,https://transgenic-group.co.jp/ir/library/description/FP20260812.pdf,"350 400 450 500 2026 2027 第1四半期 通期 2,634 3,224 10,922 11,750 0 2,000 4,000 6,000 8,000 10,000 12,000 14,000 2026 2027 第1四半期 通期 営業利益売上高 （百万円） （百万円） 投資・コンサルティング事業：業績概要(1/2) ➢ 商社事業における大型案件の5月度納品集中等により、売上高3,224百万円（前年同期比+22.4%）、 営業利益220百万円（前年同期比+87.6%）と大幅な増収増益を達成。 ➢ 当第1四半期時点での通期予想に対する進捗率は高水準（営業利益進捗率45.9%）であるものの、第2 四半期以降の需要動向や事業環境の変化を慎重に見極め、引き続き業績管理を徹底。 Copyright© TRANS GENIC GROUP INC. All Rights Reserved. 10 ● ● ● ● ● ● ● ● ● △11 7 100 154 28 58 △50 0 50 100 150 200 250 前第1Q 当第1Q EC 商社 製造等 960 1,029 1,349 1,779 324 416 0 500 1,000 1,500 2,000 2,500 3,000 3,500 前第1Q 当第1Q EC 商社 製造等 営業利益売上高 （百万円） （百万円） 投資・コンサルティング事業：業績概要(2/2) ➢ 商社事業における大型案件の納品集中に加え、EC事業の黒字化および製造等事業での価格転嫁が進み、 全ての事業部門において前年同期比で増収増益を達成。セグメント利益は220百万円（前年同期比 +87.6%増）と大幅に拡大。 部 門 項 目 増 減 単位：百万円 コ メ ン ト E C (黒字化) 売上高 +69 物価高の浸透に伴い流通量が回 復。適切な価格転嫁と在庫適正 化の結果、営業利益+19百万円 改善により黒字に転換。営業利益 +19 商 社 (牽引) 売上高 +429 5月度における大型案件の納 品・利益計上が寄与し、第1四 半期における売上・セグメント 利益全体の押し上げを牽引。営業利益 +54 製造等 (堅調) 売上高 +91 仕入高騰等に対する適正な価格 交渉と徹底したコスト管理を推 進し、安定的な粗利確保を進め 堅調に増益。営業利益 +29 合 計 売上高 +590 大型案件の爆発力と既存事業の 収益改善が噛み合い、全ての事 業部門において前年同期比で大 幅な増収増益を達成。営業利益 +102 Copyright© TRANS GENIC GROUP INC. All Rights Reserved. 11 ● ● ● ● ● ● ● ● ● Ⅳ. 2027年3月期連結業績予想 Copyright© TRANS ",EQUITY,Healthcare,Biotechnology
1,2342,Transgenic Group Inc.,バイオテクノロジー関連,医療・ヘルスケア,,,94.0,100.0,,未確定,C,revenue_share_unknown,unknown,unknown,,https://transgenic-group.co.jp/,ました トランスジェニックグループの事業分野 Business Field 祖業である遺伝子改変事業を起点として、創薬の初期段階である探索基礎研究・創薬研究から、 非臨床試験、臨床試験まで創薬のあらゆるステージに対応できるシームレスなサービスを提供する 「創薬支援事業」、及びM&Aによる新規事業の推進と幅広い分野における事業承継及び事業再生分野に係る 助言・支援及び投資を行う「投資・コンサルティング事業」を展開しています。 トランスジェニックグループの 成長ストーリー 研究開発 研究開発 創薬 糖鎖化学関連 モデルマウス開発 受託サービス CRO事業 臨床試験 遺伝子改変マウス作製 小動物〜大動物非臨床試験 収益基盤 投資・コンサルティング事業 トランスジェニックグループが目指していること Introduction Video CRO / Biotechnology 創薬支援事業 CRO・バイオテクノロジー 基礎研究支援 創薬支援事業においては、基礎研究支援のためのゲノム編集技術(CRISPR/Cas9)等を用いた遺伝子改変動物の作製受託、抗体作製、モデルマウスの供給を行います。また、これらによる非臨床試験、臨床試験と、探索研究から医薬品、抗体医薬、研究開発をトータルでサポートします。 詳しくはこちら Investment / Consulting 投資・ コンサルティング 事業 投資・コンサルティング 幅広い分野における事業承継及び事業再生分野に係る助言・支援サービス、ならびにM&Aを展開し、企業・経営者の悩みを解決します。 詳しくはこちら News Releases トランスジェニックグループ グループ会社 2026.08.12 決算説明会資料 2027年3月期 第１四半期決算説明会 動画配信 2026.08.12 プレスリリース PDF 2027年3月期第1四半期決算説明会動画配信及び,EQUITY,Healthcare,Biotechnology
1,2345,"HODL 1,inc.",AIエージェント,AI・半導体,,,85.0,82.0,,未確定,C,revenue_share_unknown,unknown,unknown,,,売上構成比を公式資料から数値で確認できず,EQUITY,Technology,Software - Application
1,2349,"Nippon Information Development Co., Ltd.",IT関連,デジタル・サービス,,,97.0,99.0,,未確定,C,revenue_share_unknown,unknown,unknown,,,売上構成比を公式資料から数値で確認できず,EQUITY,Technology,Information Technology Services
1,2349,"Nippon Information Development Co., Ltd.",IoT,設備投資・機械,,,92.0,94.0,,未確定,C,revenue_share_unknown,unknown,unknown,,,売上構成比を公式資料から数値で確認できず,EQUITY,Technology,Information Technology Services
1,2349,"Nippon Information Development Co., Ltd.",クラウドコンピューティング,デジタル・サービス,,,42.0,40.0,,未確定,C,revenue_share_unknown,unknown,unknown,,,売上構成比を公式資料から数値で確認できず,EQUITY,Technology,Information Technology Services
1,2349,"Nippon Information Development Co., Ltd.",人工知能,AI・半導体,,,8.0,5.0,,未確定,C,revenue_share_unknown,unknown,unknown,,,売上構成比を公式資料から数値で確認できず,EQUITY,Technology,Information Technology Services
1,2351,ASJ Inc.,IT関連,デジタル・サービス,,,90.0,96.0,,未確定,C,revenue_share_unknown,unknown,unknown,,,売上構成比を公式資料から数値で確認できず,EQUITY,Technology,Software - Infrastructure
1,2351,ASJ Inc.,eコマース,内需・消費,,,8.0,5.0,,未確定,C,revenue_share_unknown,unknown,unknown,,,売上構成比を公式資料から数値で確認できず,EQUITY,Technology,Software - Infrastructure
1,2351,ASJ Inc.,クラウドコンピューティング,デジタル・サービス,,,58.0,60.0,,未確定,C,revenue_share_unknown,unknown,unknown,,,売上構成比を公式資料から数値で確認できず,EQUITY,Technology,Software - Infrastructure
1,2351,ASJ Inc.,サブスクリプション,デジタル・サービス,,,8.0,5.0,,未確定,C,revenue_share_unknown,unknown,unknown,,,売上構成比を公式資料から数値で確認できず,EQUITY,Technology,Software - Infrastructure
1,2351,ASJ Inc.,フィンテック,金融・金利,,,8.0,5.0,,未確定,C,revenue_share_unknown,unknown,unknown,,,売上構成比を公式資料から数値で確認できず,EQUITY,Technology,Software - Infrastructure
1,2353,"NIPPON PARKING DEVELOPMENT Co.,Ltd.",インバウンド,内需・消費,8.10,,8.0,5.0,,未確定,C,macro_sensitivity_required,macro_unknown,explicit_ratio_candidate,explicit_percent,https://n-p-d.co.jp/wp-content/uploads/2023/10/setsumeikai_4Q.pdf,"幅に増加 ノンスキーヤー層の拡大等の施策が奏功、インバウンドの来場が回復 5,569 6,898 ’22/07 ’23/07 売上高 [百万円] 254 1,036 ’22/07 ’23/07 営業利益 [百万円] Copyright©2023 NIPPON PARKING DEVELOPMENT Co.,Ltd．All Rights Reserved ― 関わる人全てがハッピーなビジネスを ― スキー場事業 営業利益増減要因 13 グリーン期、ウィンター期ともに来場者数が増加し営業利益も純増 新たな重点取組事項であるグループ外のスキーリゾートへの支援事業や、宿泊・不動産に関連する 事業も本格始動 2022/7期 営業利益 2023/7期 営業利益 グリーン期 グリーン全体+127 8~10月は新型コロナウイルス蔓 延後初めての行動制限のない夏 を迎え、お盆期間も多数のお客様 にご利用頂く。5~7月も連休や夏 休み前半の恵まれた天候や広告 宣伝強化による来場者増。第4 四半期に安全のための追加修繕 及び露出が不足するリゾートの 追加広告宣伝を実施 254 ウィンター期 ウィンター全体+634 アライアンス・開発 1,036 +20 日帰り中心の川場、めいほうは 前期同様にコロナの来場者数に 対する影響は比較的限られる +176 +98 岩岳 八方 栂池 めいほう・ 川場 +163 +133 +48 竜王・ ハーレ 白馬エリアは各種営業施策に伴 う国内来場者数の回復だけでは なく、インバウンド来場も回復し、 全体的に好調に推移 ｽﾊﾟｲｼｰ その他 +158 254 +16 (単位：百万円) 新たな重点取組 事項の外部スキー 場に対するコンサル ティングも前期比 受注増。菅平で宿 泊事業も開始△126 8~10月 5~7月 +95 第4四半期の 追加修繕・ 広告宣伝費 Copyright©2023 NIPPON PARKING DEVELOPMENT Co.,Ltd．All Rights Reserved ― 関わる人全てがハッピーなビジネスを ― 2万名のNSDキッズプログラム会員を獲得、前期から倍増 国内こども来場者数は前期比1.6万人増の10.1万人 14 スキー場事業 – こども来場者数の増加「キッズプログラム」– 国内来場者数の推移(インバウンド除く) 国内こども来場者数の推移(インバウンド除く) (千人) (千人) (*)八方のこども来場者数は、22-23シーズンよりこども券に中高生も含まれることとなったため、八方の前年実績に他7スキー場の当期のこども券の増加率を掛けて計算しています [NSDキッズプログラム] 将来のプレイヤー育成や、家族でスキー場へ遊びに行きやすい環境づくりを目 的とし、小学生以下シーズン券無料・レンタル割引等、エントリーのハー",EQUITY,Industrials,Conglomerates
1,2353,"NIPPON PARKING DEVELOPMENT Co.,Ltd.",不動産関連,不動産・建設,56.49,,72.0,68.0,,未確定,C,calculated_ratio_needs_qa,calculated_candidate_only,calculated_ratio_candidate,calculated_same_snippet,https://n-p-d.co.jp/wp-content/uploads/2024/03/Setsumeikai_2024_2Q.pdf,"3 + 4.8% （件） 海外 68 70 + 2 + 2.9% 総台数 国内 44,643 45,887 + 1,244 + 2.8% （台） 海外 17,471 15,262 △ 2,209 △ 1.6% 既存物件改善および新規物件取得が堅調に進み 過去最高売上・過去最高益 7,645 8,310 '23/01 '24/01 売上高 [百万円] 1,635 1,665 '23/01 '24/01 営業利益 （全社調整反映後） [百万円] 1,376 1,441 '23/01 '24/01 物件数 [棟] Copyright©2024 NIPPON PARKING DEVELOPMENT Co.,Ltd．All Rights Reserved ― 関わる人全てがハッピーなビジネスを ― 9 駐車場事業 営業利益増減要因 9 【物件閉鎖】 1,635 (単位：百万円)国内駐車場 △135 【既存物件】 前期受注物件の 通期寄与 海外駐車場 コスト管理 【海外物件】 従業員増による給与 の増加 【新規物件】 当期受注 ’23/01 営業利益 ’24/01 営業利益 ＋171 △99 +71 +67 △7 +168 ■物件閉鎖による減益(△135百万円)を上回る新規および既存物件改善(＋239百万円) ■月極検索サイトの仲介契約数増加や、代替案件の増加等により＋67百万円の増益 △21 【その他】 ・ネット事業の好 調による仲介契約 数の増加 ・代替案件の増加 【全社費】 ・子会社の不動産売却により 経営指導料が前期に発生し たため前年対比で減少 ・新卒採用強化による採用費 用の増加 ・ストックオプションの株式報酬 費用の増加 1,677 【管理費】 【全社費】 Copyright©2024 NIPPON PARKING DEVELOPMENT Co.,Ltd．All Rights Reserved ― 関わる人全てがハッピーなビジネスを ― 10 駐車場事業 – ユーザー営業強化 –  掲載物件数 ⇒ 103千件超まで拡大（日本最大級）  申込・契約手続のオンライン化 ⇒ 契約完了までの期間短縮 月極駐車場検索ポータル「日本駐車場検索」の充実 「日本駐車場検索」の充実 申込・契約のデジタルシフト  物件数10万件超と日本最大級 日本最大級の掲載物件数のポータルサイト。物件 情報の質向上に向けて、写真の掲載やサイズ表記、 空満情報などを随時更新中。検索エンジンからの評 価も上昇し、検索結果の上位に表示。  契約スピードの改善と生産性向上 お客さまと書面で取り交わしていた申込と契約手続 をオンライン化。書面の印刷・記入・捺印・郵送等 に掛かっていた時間が短縮され、契約までの期間を 改善。当社社員の生産性も向上。 オンライン問合せ件数が’20/7上期対比 7",EQUITY,Industrials,Conglomerates
1,2353,"NIPPON PARKING DEVELOPMENT Co.,Ltd.",再生可能エネルギー,GX・エネルギー,,,92.0,90.0,,未確定,C,revenue_share_unknown,unknown,unknown,,https://n-p-d.co.jp/,ローバル 新規事業 Service 不稼働資産を有効活用し、世の中に貢献するために、 幅広い分野でサービスを展開しています 駐車場・不動産 駐車場業界初のサブリース事業によって成長し、新サービスを次々と生み出し続けている日本駐車場開発グループの根幹事業。今後は駐車場だけでなく、不動産という大きな枠組みの中で不稼動資産の活用を進めていきます。 詳しく見る スポーツ・観光 スキー場の再生事業からスタートし、現在では地域の特産品のブランディング等、地域創成まで含めた事業を展開しています。また、スポーツツーリズムや都心のビジネスパーソン向けのスポーツ施設の取り組みもはじまっています。 詳しく見る 教育 教育事業を行うTCK Workshopは海外子女・帰国子女向けのオンライン家庭教師サービスです。 外国語の習得や異文化での生活についてアドバイスを行います。 詳しく見る 環境 環境事業を行うスマートグリーンエネルギーでは 脱炭素に向けた投資を行い、山林資源を生かした 小型のバイオマス発電機のプロジェクトを行っています。 また、保有する土地の近隣の山を買い取り、 間伐と植林によって荒れた山林を育て、 CO2を吸着させる活動にも取り組んでいます。 詳しく見る グローバル 2010年、タイに初の海外現地法人を設立。以降、ASEANの加盟国を中心にグローバル化を進めてきました。単なる海外への事業展開に留まらず、事故や渋滞の解消等、その国の課題を解決できるような事業を目指しています。 詳しく見る 新規事業 駐車場ビジネスからはじまり、スキー場の再生や教育など、様々な新規事業を立ち上げてきました。ヘルスケア施設やテーマパーク再生、農業、エネルギーなど、今後もハッピートライアングルをベースに多様な分野でチャレンジを続けます。 詳しく見る News & Topics 一覧はこちら 2025.10.23 第34期 定時,EQUITY,Industrials,Conglomerates
1,2354,YE DIGITAL Corporation,FA関連,設備投資・機械,,,8.0,5.0,,未確定,C,revenue_share_unknown,unknown,unknown,,,売上構成比を公式資料から数値で確認できず,EQUITY,Technology,Information Technology Services
1,2354,YE DIGITAL Corporation,IT関連,デジタル・サービス,,,94.0,86.0,,未確定,C,revenue_share_unknown,unknown,unknown,,https://www.ye-digital.com/jp/,情報 NEWS 2026年09月01日 イベント 10/8（木）「ものづくり ワールド［大阪］2026」の特別講演に当社常務執行役員が登壇します。 2026年08月28日 イベント YEデジタル、国際物流総合展2026に出展 2026年08月27日 ニュース YEデジタルとNTTデータ・ビズインテグラル、ERPパッケージ「Biz∫」販売パートナー契約を締結 2026年08月26日 ニュース YEデジタル、農場マップ情報と飼料タンクの資産台帳を一元管理する「ファームマップ」９月提供開始 2026年08月07日 トピックス 「コミュニケーションペーパーvol.5」を公開しました。学校ICT向け「NetSHAKER」の新機能（生成AI活用支援）への挑戦をご紹介します。 2026年08月06日 メディア 日刊工業新聞（8月6日付、13面）「DHC、物流拠点自動化」の中に、倉庫自動化にはYE DIGITALのシステムを導入と紹介されました。 2026年08月06日 メディア 週刊粧業（8月3日付、5面）「YEデジタル AIの活用により倉庫自動化を支援 コスト低減とリスク管理向上を支援」と掲載されました。 2026年08月05日 ニュース YEデジタルのWES「MMLogiStation」、DHC川崎ロジスティクスセンターで本格稼働開始 2026年07月27日 お知らせ 2026年度下期 組織改正および人事異動に関するお知らせ 2026年07月22日 ニュース YEデジタル、安川電機の最先端工場にWESを導入 もっと見る 新着情報一覧 RSS 株式会社 YEデジタル 新着情報一覧 お問い合わせ 製品情報 物流 交通 農業・畜産 保守・保全 検査・監視・最適化（AI） 教育（GIGAスクール） ビジネスDX支援 セキュリティ 運用サポート・サービス システム開発 会社情報 ごあいさつ 会社概,EQUITY,Technology,Information Technology Services
1,2354,YE DIGITAL Corporation,IoT,設備投資・機械,,,100.0,92.0,,未確定,C,revenue_share_unknown,unknown,unknown,,https://www.ye-digital.com/jp/,株式会社YEデジタル デジタルで、 暮らしに明るい変革を。 メニューを閉じる 製品情報 製品情報 製品情報 物流 － 倉庫自動化システム(WES) － 工程間搬送自動化パッケージ － 意思決定支援ダッシュボード － 物流倉庫向けAIソリューション 交通 － スマートバス停 － モビリティサイネージクラウド 農業・畜産 － 飼料タンク残量管理ソリューション － 飼料発注業務効率化 － 飼料流通合理化 － タンク残量監視ソリューション ビジネスDX支援 － データで企業価値を進化させる事業ブランド － データの価値をビジネスに繋げるサービス群 － ビジネスDXリーディングセンター － ERP経営効率化 保守・保全 － IoTプラットフォーム － AI故障予知サービス － IoT/M2M通信機器 検査・監視・最適化（AI） － 生成AIソフトウェア開発支援 － AI画像判定サービス 教育（GIGAスクール） － 校内LANセキュリティ － 学校専門ヘルプデスク － 時間割作成システム セキュリティ － サイバー攻撃対策 － 多機能アプライアンスサーバー 運用サポート・サービス － 運用保守データ活用サービス － システム運用支援 － SAP運用・保守 システム開発 － 社会システム開発（搬送制御・鉄道） 会社情報 会社情報 会社情報 ごあいさつ 会社概要 事業内容 経営理念 企業理念 所在地・関係会社 サステナビリティ 本社紹介 東京支社紹介 沿革 資料ダウンロード 資料ダウンロード 資料ダウンロード 会社案内 DX総合カタログ 物流 交通 農業・畜産 保守・保全 検査・監視・最適化（AI） 教育 セキュリティ,EQUITY,Technology,Information Technology Services
1,2354,YE DIGITAL Corporation,クラウドコンピューティング,デジタル・サービス,,,90.0,82.0,,未確定,C,revenue_share_unknown,unknown,unknown,,https://www.ye-digital.com/jp/,株式会社YEデジタル デジタルで、 暮らしに明るい変革を。 メニューを閉じる 製品情報 製品情報 製品情報 物流 － 倉庫自動化システム(WES) － 工程間搬送自動化パッケージ － 意思決定支援ダッシュボード － 物流倉庫向けAIソリューション 交通 － スマートバス停 － モビリティサイネージクラウド 農業・畜産 － 飼料タンク残量管理ソリューション － 飼料発注業務効率化 － 飼料流通合理化 － タンク残量監視ソリューション ビジネスDX支援 － データで企業価値を進化させる事業ブランド － データの価値をビジネスに繋げるサービス群 － ビジネスDXリーディングセンター － ERP経営効率化 保守・保全 － IoTプラットフォーム － AI故障予知サービス － IoT/M2M通信機器 検査・監視・最適化（AI） － 生成AIソフトウェア開発支援 － AI画像判定サービス 教育（GIGAスクール） － 校内LANセキュリティ － 学校専門ヘルプデスク － 時間割作成システム セキュリティ － サイバー攻撃対策 － 多機能アプライアンスサーバー 運用サポート・サービス － 運用保守データ活用サービス － システム運用支援 － SAP運用・保守 システム開発 － 社会システム開発（搬送制御,EQUITY,Technology,Information Technology Services
1,2354,YE DIGITAL Corporation,サイバーセキュリティ,防衛・国土強靱化,,,8.0,5.0,,未確定,C,revenue_share_unknown,unknown,unknown,,,売上構成比を公式資料から数値で確認できず,EQUITY,Technology,Information Technology Services
1,2354,YE DIGITAL Corporation,デジタルトランスフォーメーション,デジタル・サービス,,,92.0,90.0,,未確定,C,revenue_share_unknown,unknown,unknown,,https://www.ye-digital.com/jp/,株式会社YEデジタル デジタルで、 暮らしに明るい変革を。 メニューを閉じる 製品情報 製品情報 製品情報 物流 － 倉庫自動化システム(WES) － 工程間搬送自動化パッケージ － 意思決定支援ダッシュボード － 物流倉庫向けAIソリューション 交通 － スマートバス停 － モビリティサイネージクラウド 農業・畜産 － 飼料タンク残量管理ソリューション － 飼料発注業務効率化 － 飼料流通合理化 － タンク残量監視ソリューション ビジネスDX支援 － データで企業価値を進化させる事業ブランド － データの価値をビジネスに繋げるサービス群 － ビジネスDXリーディングセンター － ERP経営効率化 保守・保全 － IoTプラットフォーム － AI故障予知サービス － IoT/M2M通信機器 検査・監視・最適化（AI） － 生成AIソフトウェア開発支援 － AI画像判定サービス 教育（GIGAスクール） － 校内LANセキュリティ － 学校専門ヘルプデスク － 時間割作成システム セキュリティ － サイバー攻撃対策 － 多機能アプライアンスサーバー 運用サポート・サービス － 運用保守データ活用サービス － システム運用支援 － SAP運用・保守 システム開発 － 社会システム開発（搬送制御・鉄道） 会社情報 会社情報 会社情報 ごあいさつ 会社概要 事業内容 経営理念 企業理念 所在地・関係会社 サステナビリティ 本社紹介 東京,EQUITY,Technology,Information Technology Services
1,2354,YE DIGITAL Corporation,人工知能,AI・半導体,,,92.0,90.0,,未確定,C,revenue_share_unknown,unknown,unknown,,https://www.ye-digital.com/jp/,株式会社YEデジタル デジタルで、 暮らしに明るい変革を。 メニューを閉じる 製品情報 製品情報 製品情報 物流 － 倉庫自動化システム(WES) － 工程間搬送自動化パッケージ － 意思決定支援ダッシュボード － 物流倉庫向けAIソリューション 交通 － スマートバス停 － モビリティサイネージクラウド 農業・畜産 － 飼料タンク残量管理ソリューション － 飼料発注業務効率化 － 飼料流通合理化 － タンク残量監視ソリューション ビジネスDX支援 － データで企業価値を進化させる事業ブランド － データの価値をビジネスに繋げるサービス群 － ビジネスDXリーディングセンター － ERP経営効率化 保守・保全 － IoTプラットフォーム － AI故障予知サービス － IoT/M2M通信機器 検査・監視・最適化（AI） － 生成AIソフトウェア開発支援 － AI画像判定サービス 教育（GIGAスクール） － 校内LANセキュリティ － 学校専門ヘルプデスク － 時間割作成システム セキュリティ － サイバー攻撃対策 － 多機能アプライアンスサーバー 運用サポート・サービス － 運用保守データ活用サービス － システム運,EQUITY,Technology,Information Technology Services
1,2354,YE DIGITAL Corporation,教育ICT,デジタル・サービス,,,72.0,68.0,,未確定,C,revenue_share_unknown,unknown,unknown,,https://www.ye-digital.com/jp/,usion システム運用支援／Smart Service AQUA SAP運用・保守／グローバルサービスセンター システム開発 システム開発 システム開発TOP 社会システム開発（搬送制御・鉄道） 導入事例・解決提案 導入事例一覧 製造 / 物流・流通 / 交通 / 農業・畜産 / 装置メーカー / 保守サービス / 自治体 事例【AI画像判定サービス】 お菓子成型後の検査工程を全自動化 株式会社マツザワ 事例【スマートバス停】 バス停スマート化で管理利便性の高いまちづくりに 神姫バス株式会社 ソリューション SOLUTION DXへの取り組み 仕事や生活をもっと便利に・快適に。新しい暮らしのあり方を創造します。 IoTソリューション スマート化で生産性・効率性・利便性を向上 AIソリューション 製造業で磨かれた独自のエンジニアリング系AI「Paradigm」 教育ソリューション より良い教育ICT環境づくりをお手伝い 導入事例 当社ソリューションの導入事例を一部ご紹介 資料ダウンロード ホワイトペーパー 事例シート カタログ note YEデジタル公式アカウント YouTube YEデジタル公式チャンネル X YEデジタル公式アカウント 新着情報 NEWS 2026年09月01日 イベント 10/8（木）「ものづくり ワールド［大阪］2026」の特別講演に当社常務執行役員が登壇します。 2026年08月28日 イベント YEデジタル、国際物流総合展2026に出展 2026年08月27日 ニュース YEデジタルとNTTデータ・ビズインテグラル、ERPパッケージ「Biz∫」販売パートナー契約を締結 2026年08月26日 ニュース YEデジタル、農場マップ情報と飼料タンクの資産台帳を一元管理する「ファームマップ」９月提供開始 2026年08月07日 トピックス 「コミュニケーションペー,EQUITY,Technology,Information Technology Services
1,2359,Core Corporation,IT関連,デジタル・サービス,,,94.0,86.0,,未確定,C,revenue_share_unknown,unknown,unknown,,https://www.core.co.jp/,お知らせ一覧 サービス サービス Service サービストップ コアのサービス提供領域 未来社会ソリューション事業 公共 医療・介護 エネルギー 産業技術ソリューション事業 IoT・ロボティクス ソーシャルメディア 宇宙テック BX クラウドサービス セキュリティ対策 顧客共創ビジネス事業 製造業務 金融業務 製品・サービス検索 製品・サービスを探す お知らせ一覧 企業情報 企業情報 Company 企業情報トップ ごあいさつ 経営理念 サステナビリティ 会社概要 事業内容 沿革 組織図 事業所一覧 連結会社、関連会社 マネジメント情報 パートナー企業募集 お知らせ一覧 IR情報 IR情報 IR IR情報トップ コアについて 業績ハイライト 株式情報 IRカレンダー IRライブラリー 電子公告 情報開示ポリシー よくあるご質問 東京証券取引所 お知らせ一覧 採用情報 採用情報 Recruit 採用情報トップ メッセージ 事業紹介 社員紹介 働き方／福利厚生 キャリアパス 教育プログラム オフィス データで見るコア 新卒採用 キャリア採用 インターンシップ よくあるご質問 マイナビ2027 マイナビ2028 キャリア採用ENTRY お知らせ一覧 資料請求 メインナビゲーション（スマホ版） ホーム コアのとりくみ とりくみトップ 社会の課題解決に貢献 「未来」の「社会」を共創する 「産業」と「技術」を紡ぐ 顧客の業務に向き合う コアのとりくみ事例 サービス サービストップ コアのサービス提供領域 未来社会ソリューション事業 公共 医療・介護 エネルギー 産業技術ソリューション事業 IoT・ロボティクス ソーシャルメディア 宇宙テック BX クラウドサービス セキュリティ対策 顧客共創ビジネス事業 製造業務 金融業務 製品・サービス検索 製品・サービスを探す 企業情報 企業情報トッ,EQUITY,Technology,Information Technology Services
1,2359,Core Corporation,IoT,設備投資・機械,,,92.0,90.0,,未確定,C,revenue_share_unknown,unknown,unknown,,https://www.core.co.jp/,株式会社コア メインコンテンツに移動 お問い合わせ総合 メインナビゲーション ホーム コアのとりくみ コアのとりくみ CORE'S WAY とりくみトップ 社会の課題解決に貢献 「未来」の「社会」を共創する 「産業」と「技術」を紡ぐ 顧客の業務に向き合う コアのとりくみ事例 お知らせ一覧 サービス サービス Service サービストップ コアのサービス提供領域 未来社会ソリューション事業 公共 医療・介護 エネルギー 産業技術ソリューション事業 IoT・ロボティクス ソーシャルメディア 宇宙テック BX クラウドサービス セキュリティ対策 顧客共創ビジネス事業 製造業務 金融業務 製品・サービス検索 製品・サービスを探す お知らせ一覧 企業情報 企業情報 Company 企業情報トップ ごあいさつ 経営理念 サステナビリティ 会社概要 事業内容 沿革 組織図 事業所一覧 連結会社、関連会社 マネジメント情報 パートナー企業募集 お知らせ一覧 IR情報 IR情報 IR IR情報トップ コアについて 業績ハイライト 株式情報 IRカレンダー IRライブラリー 電子公告 情報開示ポリシー よくあるご質問 東京証券取引所 お知らせ一覧 採用情報 採用情報 Recruit 採用情報トップ メッセージ 事業紹介 社員紹介 働き方／福利厚生 キャリアパス 教育プログラム オフィス データで見るコア 新卒採用 キャリア採用 インターンシップ よくあるご,EQUITY,Technology,Information Technology Services
1,2359,Core Corporation,エッジコンピューティング,AI・半導体,,,42.0,30.0,,未確定,C,revenue_share_unknown,unknown,unknown,,,売上構成比を公式資料から数値で確認できず,EQUITY,Technology,Information Technology Services
1,2359,Core Corporation,クラウドコンピューティング,デジタル・サービス,,,92.0,90.0,,未確定,C,revenue_share_unknown,unknown,unknown,,https://www.core.co.jp/,株式会社コア メインコンテンツに移動 お問い合わせ総合 メインナビゲーション ホーム コアのとりくみ コアのとりくみ CORE'S WAY とりくみトップ 社会の課題解決に貢献 「未来」の「社会」を共創する 「産業」と「技術」を紡ぐ 顧客の業務に向き合う コアのとりくみ事例 お知らせ一覧 サービス サービス Service サービストップ コアのサービス提供領域 未来社会ソリューション事業 公共 医療・介護 エネルギー 産業技術ソリューション事業 IoT・ロボティクス ソーシャルメディア 宇宙テック BX クラウドサービス セキュリティ対策 顧客共創ビジネス事業 製造業務 金融業務 製品・サービス検索 製品・サービスを探す お知らせ一覧 企業情報 企業情報 Company 企業情報トップ ごあいさつ 経営理念 サステナビリティ 会社概要 事業内容 沿革 組織図 事業所一覧 連結会社、関連会社 マネジメント情報 パートナー企業募集 お知らせ一覧 IR情報 IR情報 IR IR情報トップ コアについて 業績ハイライト 株式情報 IRカレンダー IRライブラリー 電子公告 情報開示ポリシー よくあるご質問 東京証券取引所 お知らせ一覧 採用情報 採用情報 Recruit 採用情報トップ メッセージ 事業紹介 社員紹介 働き方／福利厚生 キャリアパス 教育プログラム オフィス データで見るコア 新卒採用 キャリア採用 インターンシップ よくあるご質問 マイナビ2027 マイナビ2028 キャリア採用ENTR,EQUITY,Technology,Information Technology Services
1,2359,Core Corporation,マイナンバー,デジタル・サービス,,,8.0,5.0,,未確定,C,revenue_share_unknown,unknown,unknown,,,売上構成比を公式資料から数値で確認できず,EQUITY,Technology,Information Technology Services
1,2359,Core Corporation,宇宙開発関連,防衛・国土強靱化,,,8.0,5.0,,未確定,C,revenue_share_unknown,unknown,unknown,,,売上構成比を公式資料から数値で確認できず,EQUITY,Technology,Information Technology Services
1,2359,Core Corporation,自動運転車,自動車・モビリティ,,,8.0,5.0,,未確定,C,revenue_share_unknown,unknown,unknown,,,売上構成比を公式資料から数値で確認できず,EQUITY,Technology,Information Technology Services
1,2370,"MEDINET Co., Ltd.",バイオテクノロジー関連,医療・ヘルスケア,,,94.0,98.0,,未確定,C,revenue_share_unknown,unknown,unknown,,https://www.medinet-inc.co.jp/ir/managementpolicy/risk.php,す。その中には、不治の病を改善する画期的な新薬もありますが、新技術であるがゆえに、想定しえない甚大な副作用を起こすリスクもあります。甚大な副作用等の損害が発生した場合、再生医療という新技術に対してイメージの悪化による患者の減少が見込まれます。 業界イメージの悪化による患者数の減少は当社の業績に影響を与える可能性があります。 競合及び競合他社に係るリスク (1)再生医療に係る分野への企業参入状況 「再生医療等安全性確保法」及び「医薬品医療機器等法」により再生医療に関して、明確な法的枠組みが整い、複数の企業が、当社のビジネスと類似したモデルで免疫細胞治療を含む再生医療に係る分野に参入しております。再生医療に関連する画期的な新技術や技術革新の進展により、再生医療市場の拡大が見込まれております。競争が激化して、当社の競争優位が保てなくなる場合には、当社の業績に影響を与える可能性があります。 (2)バイオテクノロジーの進歩に伴う競合 当社の属するバイオテクノロジー業界は急速に変化・拡大しておりますが、特にがん治療分野では新しい治療薬の研究開発が進んでおります。大手製薬企業が、がんをターゲットとして開発を進める免疫チェックポイント阻害薬、分子標的薬、遺伝子治療薬等、保険適用される画期的な新薬が開発、販売されております。仮に免疫細胞治療との併用とは関連なく、治療効果の高い医薬品が開発された場合には、当社の業績に影響を与える可能性があります。また、当社においては、積極的な研究開発投資により、常に最先端の技術への対応、業界に先駆けた新技術の開発等に注力しておりますが、当該技術革新への対応が遅れた場合、あるいは、現在の主力事業の対象となっている免疫細胞治療に代わる画期的な治療法が開発された場合等には、当社の業績に影響を与える可能性があります。 品質管理体制に係るリスク 当社は、「再生医療等安全性確保法」及び「医,EQUITY,Healthcare,Biotechnology
1,2370,"MEDINET Co., Ltd.",再生医療,医療・ヘルスケア,,,97.0,100.0,,未確定,C,revenue_share_unknown,unknown,unknown,,https://www.medinet-inc.co.jp/,セグメント別売上高・財務ハイライト 財務諸表 個人投資家の皆さまへ 市場環境 メディネットの事業 メディネットが選ばれている理由 メディネットの株主になると 免疫細胞治療とは サステナビリティ IRライブラリー 決算短信 決算説明会動画・資料など 有価証券報告書・内部統制報告書等 株式情報 株式の状況 株主総会 配当政策 株式事務情報 IRカレンダー IRポリシー 電子公告 IRニュース IRについてのFAQ 採用情報 採用情報TOP 仕事紹介 募集要項 各種お問い合わせ 各種お問い合わせTOP 事業に関するお問い合わせ 自己がん組織バンクに関する資料請求 株主・投資家情報に関するお問い合わせ 採用に関するお問い合わせ 法令・企業倫理・研究倫理に関するお問い合わせ ENGLISH MEDINET 選ばれている理由 製造拠点・体制 事業内容 事業内容 BUSINESS 特定細胞加工物製造業 再生医療等安全性確保法に基づく特定細胞加工物の製造を受託します。 詳しく見る CDMO事業 医薬品医療機器等法（薬機法）に基づく再生医療等製品・治験製品の工程開発から製造受託までトータルサポートで承ります。 詳しく見る バリューチェーン事業 再生医療の細胞加工に携わるすべてのお客様の業務負荷を軽減するためのソリューションを提供し、円滑な再生医療の実施を支援いたします。 詳しく見る 自己がん組織バンク 将来のがん治療に備えて、がんの手術などで摘出した患者さんのがん組織を無償でお預かりします。 詳しく見る 免疫細胞治療とは 免疫細胞治療は、自分の免疫細胞を使ってがんを攻撃する治療法です。メディネットは創業以来、免疫細胞治療の技術開発に取り組んでいます。 詳しく見る 新着情報 WHAT'S NEW 過去のニュースを見る 免疫細胞治療とは 免疫細胞治療は、自分の免疫細胞を使ってがんを攻撃する治療法です。メ,EQUITY,Healthcare,Biotechnology
1,2371,"Kakaku.com, Inc.",サブスクリプション,デジタル・サービス,,,8.0,5.0,,未確定,C,revenue_share_unknown,unknown,unknown,,,売上構成比を公式資料から数値で確認できず,EQUITY,Communication Services,Internet Content & Information
1,2371,"Kakaku.com, Inc.",保険,金融・金利,,,8.0,5.0,,未確定,C,revenue_share_unknown,unknown,unknown,,,売上構成比を公式資料から数値で確認できず,EQUITY,Communication Services,Internet Content & Information
1,2371,"Kakaku.com, Inc.",外食,内需・消費,,,92.0,84.0,,未確定,C,revenue_share_unknown,unknown,unknown,,,売上構成比を公式資料から数値で確認できず,EQUITY,Communication Services,Internet Content & Information
1,2371,"Kakaku.com, Inc.",旅行,内需・消費,,,42.0,30.0,,未確定,C,revenue_share_unknown,unknown,unknown,,,売上構成比を公式資料から数値で確認できず,EQUITY,Communication Services,Internet Content & Information
1,2371,"Kakaku.com, Inc.",生活防衛,内需・消費,,,8.0,5.0,,未確定,C,macro_sensitivity_required,macro_unknown,unknown,,,売上構成比を公式資料から数値で確認できず,EQUITY,Communication Services,Internet Content & Information
1,2373,Care Twentyone Corporation,介護関連,医療・ヘルスケア,,,94.0,86.0,,未確定,C,revenue_share_unknown,unknown,unknown,,,売上構成比を公式資料から数値で確認できず,EQUITY,Healthcare,Medical Care Facilities
1,2375,GiG Works Inc.,IT関連,デジタル・サービス,97.78,,94.0,96.0,,未確定,C,calculated_ratio_needs_qa,calculated_candidate_only,calculated_ratio_candidate,calculated_same_snippet,https://www.gig.co.jp/wp/wp-content/uploads/2026/06/3edd834437a4e992864a027212b5eb91.pdf,……………………14 （重要な後発事象） ……………………………………………………………………………………………15 ギグワークス株式会社(2375) 2026年10月期 第２四半期（中間期）決算短信 2 １．当中間決算に関する定性的情報 （１）経営成績に関する説明 当中間連結会計期間におけるわが国経済は、雇用・所得環境の改善やインバウンド需要の拡大を背景に、個人消費 や設備投資に持ち直しの動きが見られるなど、緩やかな回復基調で推移いたしました。一方で、継続する物価上昇に 加え、米国の通商政策をはじめとする海外経済の不確実性や地政学リスクの高まり等の影響により、先行きは依然と して不透明な状況が続いております。 当社グループは、『日本一のギグ・エコノミーのプラットフォーマーになり、労働市場に革命を起こす』をビジョ ンに掲げ、単なる仕事の仲介に留まらず、プラットフォームの「GiGWorks Basic」を通じて、ギグワーカーとクライ アント企業が直接仕事を受発注できる環境を提供しております。これにより、短時間の副業、フリーランス、テレワ ークなどの多様な働き方を選択可能とし、個々の生活に合ったワークスタイルを実現しております。構造的な人手不 足が深刻化する現在、当社グループの社会的な重要性が高まっていると考えております。 このような環境下、当社グループは、ITに精通した登録ギグワーカーが活躍するオンデマンドエコノミー事業、AI やブロックチェーン技術を応用したWeb3サービス事業、ITエンジニアによるシステム開発を中心としたシステムソリ ューション事業、個人事業主から大手法人まで企業規模を問わず利用可能な機能的なシェアオフィス提供を主体とす るシェアリングエコノミー事業、また、作詞家・プロデューサーである秋元康氏との共同出資による合弁会社「株式 会社Green Light」によるイベントの企画・運営やスタッフィングサービス（ライブエンタメ）により、業容拡大と持 続的な企業価値の向上に取り組んでまいりました。 また、2025年12月には、アニメやゲーム、芸能人などのサブライセンスを取得、保有した上でのイベント企画およ びグッズ販売を手掛け、特にイベント・コンサートとコラボレーションした企画・運営・プロデュースには定評があ り、「乃木坂４６」や「日向坂４６」といった坂道シリーズと呼ばれるアイドルグループの企画も多数手掛けている 株式会社spacetimesを子会社とするなど、M&Aを活用した事業拡大も進めております。 以上の結果、当中間連結会計期間における当社グループの売上高は114億51百万円（前年同期比3.5％増）、営業利 益は２億90百万円（前中間連結会計期間は３億70百万円の損失）、経常利益は88百万円（前中間連結会計期間は４億 75百万円の損失）、親会社,EQUITY,Technology,Information Technology Services
1,2375,GiG Works Inc.,人工知能,AI・半導体,98.61,,90.0,68.0,,未確定,C,calculated_ratio_needs_qa,calculated_candidate_only,calculated_ratio_candidate,calculated_same_snippet,https://www.gig.co.jp/wp/wp-content/uploads/2026/06/3edd834437a4e992864a027212b5eb91.pdf,"PIT」の独自トークン「SNPIT Token （SNPT）」は、国内暗号資産取引所において取引されております。また、企業におけるAI人材育成ニーズの高まりを 背景に、当中間連結会計期間よりAI人材の育成を目的とした研修の企画・コンサルティングならびに研修プログラム の開発および提供に取り組み、収益に寄与いたしました。今後も、Web3開発会社およびAIコンサルティングの強みを 活かし、継続的な収益基盤の構築に努めてまいります。 以上の結果、当中間連結会計期間におけるWeb3サービス事業の売上高は２億72百万円（前年同期比650.5％増）、セ グメント利益は45百万円（前中間連結会計期間は３億71百万円の損失）となりました。 ギグワークス株式会社(2375) 2026年10月期 第２四半期（中間期）決算短信 3 （システムソリューション事業） システムソリューション事業は、ITエンジニアによるシステム開発を基盤に、プロフェッショナルサービスを提供 しております。自社開発のCRMシステム「デコールCC.CRM3」は、AIの活用による機能拡充を進め製品力の向上に取り 組んでおります。受託開発業務およびシステムエンジニアリングサービスにおいては、パートナーとの協業体制によ るプロジェクトの拡大・推進が継続したことに加え、複数の請負案件を受注したことにより、売上高が伸長するとと もに、利益面においても大きく伸長いたしました。引き続き、中小企業の業務効率化ニーズに対応すべく、DX推進お よびAIを活用したコンサルティングサービスの拡充、自社コンサルタントの育成、AI駆動型開発を中心としたスピー ド開発、これらを活用した地域創生や提携セミナーの開催などを通じて、更なる受注拡大を目指してまいります。 以上の結果、当中間連結会計期間におけるシステムソリューション事業の売上高は28億20百万円（前年同期比24.9 ％増）、セグメント利益は４億50百万円（前年同期比32.2％増）となりました。 （シェアリングエコノミー事業） シェアリングエコノミー事業は、個人事業主から大手法人まで企業規模を問わず「必要なときに必要なだけ使え る」機能的なシェアオフィスを提供しております。展開するシェアオフィスブランド「THE HUB」は、運営拠点数81拠 点に加え、ご利用いただけるワークスペースが国内最大級となる1,800か所へと拡大いたしました。働き方の多様化や リモートワークの普及によってオフィスの存在意義も変わり、また首都圏でのオフィス賃料上昇下の対応策の選択肢 としても、シェアオフィス需要が高まっている背景から、用途に応じて選択できる9つの契約プランに刷新しておりま す。Webマーケティングの強化により会員数は26,800に増加し、既存オフィスの稼働率と利用率も向上いたしました。 また、",EQUITY,Technology,Information Technology Services
1,2375,GiG Works Inc.,生成AI,AI・半導体,,,8.0,5.0,,未確定,C,revenue_share_unknown,unknown,unknown,,https://www.gig.co.jp/ir/news/8427,シスタントの連携による実践的な業務自動化モデルを紹介 ■ よくある質問（FAQ） Q. このセミナーはどのような課題を持つ人におすすめですか？ A. 社内の業務効率化やDX推進を担っているが具体的な成果が出せずにお困りの方や、「AIに資料やマニュアルを読み込ませたが現場で使われない」とお悩みの企業担当者様に最適です。 Q. ITやAIに関する専門知識は必要ですか？ A. 不要です。技術論ではなく自社の書類仕事や手続きをAIに任せる具体的な考え方に焦点を当てているため、専門知識がなくても自社主導で成果を出す手順やイメージを体感いただけます。 ■ 講師プロフィール 田賀 芳大 氏 ギグワークスクロスアイティ株式会社 IT戦略コンサルティング部 AI・DXコンサルタント IT業界で30年以上にわたり、システム開発、ITセキュリティ、業務改善、IT戦略立案、部門計画策定など幅広い業務に従事。近年は生成AIを活用した業務改革やDX推進を中心に、製造業、建設業、卸売業など多様な業界で業務改善やシステム提案を支援している。これまでIT分野を中心に30回以上のセミナー・研修に登壇し、近年はAI活用やAIエージェントをテーマとした講演も実施。現場ですぐに活用できるノウハウを分かりやすく伝えることを得意としている。 福田 芳明 氏 一般社団法人労務コンプライアンス協会 理事／みらいコンサルティンググループ 執行役員／社会保険労務士法人みらいコンサルティング 代表社員 特定社会保険労務士 主に、IPOに向けた人事労務コンサルティング、企業へのBPO・BPRサービスを展開し、人事労務全般に関するコンサルティングを行っている。専門誌寄稿、専門書の執筆及び関連セミナー実績多数。 ■ ギグワークスクロスアイティ株式会社について ギグワークスクロスアイティは、ITソリューションの提供をはじめ、DX推進・AI導入支,EQUITY,Technology,Information Technology Services
1,2376,Scinex Corporation,eコマース,内需・消費,,,92.0,90.0,,未確定,C,revenue_share_unknown,unknown,unknown,,https://www.scinex.co.jp/,の「熱量」を未来へつなぐ ―自治体・実行委員会・地域が協働する、新しい祭りのかたち #観光誘致 #地域DX #地域活性化 #地域イベント #関係人口 2026.08.07 医療・介護対策に必要な地域包括ケアシステムとは？高齢者にやさしい公共交通システムなど自治体支援も紹介 #移住・定住 #終活支援 #自治体向け Read More 会社案内 About Us 地方創生のプラットフォームを担う 「社会貢献型企業」 「官」と「民」をつなぎ、官民協働で地方創生を支援しています。 Read More 事業案内 Business 情報メディア事業 総合行政情報誌『わが街事典』 DXサポート事業 わが街AI チャットボット ロジスティクス事業 DMソリューション ヘルスケア事業 デンタルサプライ 投資事業 投資事業 情報メディア事業 50音別電話帳 『テレパル50』 DXサポート事業 サイネックスの ECサイト ロジスティクス事業 ポスティング サービス 情報メディア事業 デジタルサイネージ『わが街NAVI』 DXサポート事業 マーケットプレイス型サービス『シイレル』 情報メディア事業 わが街ポータル DXサポート事業 ICTビジネス ソリューション DXサポート事業 システムインテグレーション DXサポート事業 デジタル クリエイティブ Read More IR・投資家情報 IR 経営基盤を強化し、 持続可能な地域社会の実現に貢献する。 地方自治体や地域事業者のプロモーションやビジネスを支援する多種多様なサービスを提供しています。 Read More 理念・サスティナビリティ Sustainability 地域自らが持続可能な社会を生み出すために。 地域自身が自律的で持続的な社会を創造できることを目指しています Read More 採用情報 Recruit “地域に貢献する” を叶えるサ,EQUITY,Communication Services,Publishing
1,2376,Scinex Corporation,キャッシュレス決済,金融・金利,,,8.0,5.0,,未確定,C,revenue_share_unknown,unknown,unknown,,,売上構成比を公式資料から数値で確認できず,EQUITY,Communication Services,Publishing
1,2376,Scinex Corporation,デジタルトランスフォーメーション,デジタル・サービス,,,92.0,96.0,,未確定,C,revenue_share_unknown,unknown,unknown,,https://www.scinex.co.jp/,株式会社サイネックス サイネックス・マガジン 早わかりサイネックス 会社案内 会社案内トップ ご挨拶 会社概要 役員紹介 サイネックスのあゆみ 組織拠点 事業案内 事業案内トップ 情報メディア事業 DXサポート事業 ロジスティクス事業 ヘルスケア事業 投資事業 IR・投資家情報 IR・投資家情報トップ 経営方針 IRニュース IRライブラリ 株主優待 財務・非財務ハイライト よくある質問 免責事項 法定公告 株主総会関連資料 理念・サステナビリティ 採用情報 採用情報トップ 新卒採用 キャリア採用 社員紹介動画 ニュース 検索 検索 広告出稿の お問い合わせ 一般の お問い合わせ MENU CLOSE 会社案内 会社案内 会社案内トップ ご挨拶 会社概要 役員紹介 サイネックスのあゆみ 組織拠点 事業案内 事業案内 事業案内トップ 情報メディア事業 DXサポート事業 ロジスティクス事業 ヘルスケア事業 投資事業 理念・サステナビリティ IR・投資家情報 IR・投資家情報 IR・投資家情報トップ 経営方針 IRニュース IRライブラリ 株主優待 財務・非財務ハイライト よくある質問 免責事,EQUITY,Communication Services,Publishing
1,2376,Scinex Corporation,人工知能,AI・半導体,,,91.0,95.0,,未確定,C,revenue_share_unknown,unknown,unknown,,https://www.scinex.co.jp/,zine 2026.08.28 防災DXと地域の備え―デジタル技術とアナログの力が守る、災害に強い街づくり #地域DX #防災・減災 #わが街事典 #ジャンル別 #自治体向け 2026.08.21 地域の「熱量」を未来へつなぐ ―自治体・実行委員会・地域が協働する、新しい祭りのかたち #観光誘致 #地域DX #地域活性化 #地域イベント #関係人口 2026.08.07 医療・介護対策に必要な地域包括ケアシステムとは？高齢者にやさしい公共交通システムなど自治体支援も紹介 #移住・定住 #終活支援 #自治体向け Read More 会社案内 About Us 地方創生のプラットフォームを担う 「社会貢献型企業」 「官」と「民」をつなぎ、官民協働で地方創生を支援しています。 Read More 事業案内 Business 情報メディア事業 総合行政情報誌『わが街事典』 DXサポート事業 わが街AI チャットボット ロジスティクス事業 DMソリューション ヘルスケア事業 デンタルサプライ 投資事業 投資事業 情報メディア事業 50音別電話帳 『テレパル50』 DXサポート事業 サイネックスの ECサイト ロジスティクス事業 ポスティング サービス 情報メディア事業 デジタルサイネージ『わが街NAVI』 DXサポート事業 マーケットプレイス型サービス『シイレル』 情報メディア事業 わが街ポータル DXサポート事業 ICTビジネス ソリューション DXサポート事業 システムインテグレーション DXサポート事業 デジタル クリエイティブ Read More IR・投資家情報 IR 経営基盤を強化し、 持続可能な地域社会の実現に貢献する。 地方自治体や地域事業者のプロモーションやビジネスを支援する多種多様なサービスを提供しています。 Read More 理念・サスティナビリティ Sustai,EQUITY,Communication Services,Publishing
1,2376,Scinex Corporation,旅行,内需・消費,,,8.0,5.0,,未確定,C,revenue_share_unknown,unknown,unknown,,,売上構成比を公式資料から数値で確認できず,EQUITY,Communication Services,Publishing
1,2376,Scinex Corporation,生成AI,AI・半導体,,,46.0,46.0,,未確定,C,revenue_share_unknown,unknown,unknown,,,売上構成比を公式資料から数値で確認できず,EQUITY,Communication Services,Publishing
1,2378,"Renaissance,Incorporated",介護関連,医療・ヘルスケア,92.50,,90.0,68.0,,未確定,C,calculated_ratio_needs_qa,calculated_candidate_only,calculated_ratio_candidate,calculated_same_snippet,https://www.s-renaissance.co.jp/ir/message/,、インフレ定着への動きが見られる一方で、為替相場の大きな変動や物価高の継続が企業収益への圧迫要因となっています。さらに、日本銀行による「金利のある世界」への移行がより現実味を帯びており、資金調達や経営コストへの影響を注視していく必要があります。また、人手不足と人材確保競争の激化は賃上げ圧力を強めており、コスト構造の最適化と生産性の向上がこれまで以上に喫緊の課題となっています。 一方で、国内の急速な高齢化により、健康寿命の延伸や介護サービスの質の向上への社会ニーズはかつてないほど高まっており、当社グループにとって大きな成長機会です。政府による「地域包括ケア」の推進や、生活者の「ウェルビーイング」重視へのシフトを背景に、私たちが提供する「運動を通じた健康ソリューション」の社会的な期待と重要性は高まり続けています。 2027年3月期第1四半期決算概要：構造改革の成果と具体的な進捗 当第１四半期連結累計期間の業績は、売上高164億5百万円（前年同期比5.4％増）、営業利益3億61百万円（前年同期より6億42百万円増）、経常利益１億62百万円（前年同期より６億80百万円増）、親会社株主に帰属する四半期純利益74百万円（前年同期比47.4％増）と、増収増益を達成いたしました。人件費等が増加する中、設備投資の厳選や水光熱費の抑制に努め、利益水準は計画通り推移しております。 なお、M&Aや事業規模拡大を踏まえ、当期より報告セグメントを「スポーツクラブ及びその周辺事業」「ホームフィットネス事業」「介護リハビリ事業」の3つに変更いたしました。各セグメントの状況は以下の通りです。 ＜スポーツクラブ及びその周辺事業＞ 営業体制整備が奏功し、期初の新規入会が順調に推移しました。特に、旧スポーツオアシスとの合併シナジーが本格化しており、企業・健保向けコーポレート会員が好調に推移したほか、スイミングスクールの運営安定化によりジュニア会員の入退会が大きく改善しました。 また、収支構造改革の一環として6月末に大阪府の2施設を退店した一方で、7月からは東急スポーツシステム株式会社より8施設を事業譲受し、「アトリオドゥーエNext」「アトリオライト」として新たな運営を開始するなど、店舗ポートフォリオの最適化を進めています。周辺事業のPPP（官民連携）事業や地域健康推進事業でも、複数の自治体との連携拡大が順調に進捗しております。 これらの結果、売上高は146億64百万円（前年同期比4.8％増）、セグメント利益は12億20百万円（前年同期比159.3％増）と大幅な増益となりました。 ＜ホームフィットネス事業＞ EC販売にて「ステッパーシリーズ」が順調に推移したほか、5月より販売を開始した美顔器の新タイプ「スタイリーフェイスpetit（プチ）」が順調な滑り出しを見せています。当セグメントの売上高は8億,EQUITY,Communication Services,Entertainment
1,2379,DIP Corporation,人工知能,AI・半導体,,,92.0,98.0,,未確定,C,revenue_share_unknown,unknown,unknown,,https://www.dip-net.co.jp/,"6.08.03 プレスリリース 千葉県警察、千葉東警察署、京葉銀行と連携した 「学生、生徒を守る闇バイトゼロプロジェクト」実施 千葉東警察署より感謝状が贈呈されました 2026.07.31 プレスリリース 環境省「暑さ指数（WBGT）」に基づく「夏期営業活動ガイドライン」運用開始 2026.07.31 プレスリリース 2026年6月度派遣求人 三大都市圏の平均時給は1,677円 2026.07.15 ニュース一覧 IR NEWS IRニュース IRトップ IRニュース IRトップ SERVICES サービス一覧 バイトル スポットバイトル バイトルNEXT はたらこねっと バイトルPRO ナースではたらこ 介護ではたらこ 面接コボット 人事労務コボット​ 採用ページコボット​ HRコボット 集客コボット for MEO 常連コボット for LINE​ バイトルマガジン はたらこマガジン AINOW dip people ディップ総合研究所 サービス一覧 SUSTAINABILITY NEWS サステナビリティトップ サステナブルな社会の実現への取り組み NPOとの取り組み 2025.08.06 サステナビリティトップ 採用情報 “夢” “アイデア” “情熱”に溢れる あなた方との出会いを楽しみにしています。 採用情報トップ 会社情報 会社概要 トップメッセージ フィロソフィー 沿革 グループ企業 ブランドアンバサダー大谷翔平選手 スペシャルサイト 拠点一覧 IR情報 IRニュース 経営方針 個人投資家の皆様へ IRライブラリ 株式情報 業績ハイライト IRカレンダー 株主総会 決算公告・電子公告 統合報告書 中期経営計画 新規投資家様向け資料 ご利用にあたって 採用情報 採用情報トップ サービス 面接コボット 人事労務コボット​ 採用ページコボット​ HRコボット 集客コボッ",EQUITY,Communication Services,Internet Content & Information
1,2384,"SBS Holdings, Inc.",不動産関連,不動産・建設,,,58.0,54.0,,未確定,C,revenue_share_unknown,unknown,unknown,,,売上構成比を公式資料から数値で確認できず,EQUITY,Industrials,Integrated Freight & Logistics
1,2384,"SBS Holdings, Inc.",物流,物流・海運,,,97.0,100.0,,未確定,C,revenue_share_unknown,unknown,unknown,,,売上構成比を公式資料から数値で確認できず,EQUITY,Industrials,Integrated Freight & Logistics
1,2384,"SBS Holdings, Inc.",陸運,物流・海運,,,86.0,90.0,,未確定,C,revenue_share_unknown,unknown,unknown,,,売上構成比を公式資料から数値で確認できず,EQUITY,Industrials,Integrated Freight & Logistics
1,2385,Soiken Holdings Inc.,バイオテクノロジー関連,医療・ヘルスケア,,,94.0,98.0,,未確定,C,revenue_share_unknown,unknown,unknown,,,売上構成比を公式資料から数値で確認できず,EQUITY,Healthcare,Biotechnology
1,2388,"Wedge Holdings CO.,LTD.",ゲーム関連,デジタル・サービス,97.62,,8.0,5.0,,未確定,C,calculated_ratio_needs_qa,calculated_candidate_only,calculated_ratio_candidate,calculated_same_snippet,https://www.wedge-hd.com/cms_v2/assets/files/IR/NEWS/2026/i20260814_1.pdf,した結果、12億55百万円の持分法による投資損失を計上することとなり、12億35百万円 の赤字となりました。また、当社の昭和ホールディングス株式会社等に対する貸付金等の債権について回収可能性 を検討した結果、13億84百万円の特別損失（貸倒引当金繰入額）を計上することとなり、親会社株主に帰属する四 半期純損失は大幅な赤字となりました。今後とも訴訟等への対応や債権等の回収を地道に実施し、長期的に赤字を 解消してまいります。 当社といたしましては、今後とも短期的な景気判断や収益について適切に対処しながらもそれらに囚われること なく、中長期的視点で経済成長する地域に適切に投資し、当社の成長を目指しております。 セグメントの業績につきましては、当社は従来「コンテンツ事業」「Digital Finance事業」の２つを報告セグ メントとしておりましたが、「コンテンツ事業」の単一セグメントへ変更いたしました。 従いましてセグメント業績ではありませんが、従前と同様の処理を行った場合の業績概要を参考に記載いたしま す。 ① コンテンツ事業 当事業の当第３四半期連結累計期間における業績は、増収増益となりました。当第３四半期連結累計期間におけ る業績は、売上高７億36百万円（前年同四半期比29.2％増）、セグメント利益は１億82百万円（同8.1％増）とな りました。これは受注状況が堅調であったことと、ロイヤリティ収入も順調に推移したことによるものです。 当事業は、主にゲームの企画開発や漫画やアニメ、ゲーム等のエンターテインメント関連の書籍及び電子書籍の 企画編集、様々なコンテンツを商品・イベント化する企画開発など、コンテンツ商品の企画開発分野で独自性を持 って展開しております。 現在、当社の祖業でありますコンテンツ事業においては長年の不振を払しょくし、過去10年以上かけて戦略的に 事業を選択集中させるとともに海外事業を含めて新規事業に取り組み、営業拡大を図り、同時に生産性の改善、コ ストの適正化を図ってまいりました成果が実を結んでいる結果、長期的に利益改善が進んでおります。 当事業は、ゲーム企画開発、書籍編集、その他コンテンツ関連企画開発等の受注が堅調に推移し、ロイヤリティ 収入が堅調に推移したことで、利益貢献を果たしております。それと同時に、今後のさらなる成長に向け、人的資 源を新規事業並びに海外展開に適切に投資的経費を投下し続けており、長期的にはこれらも利益化して利益貢献す るものと考えております。 今後は、中期経営計画でお知らせしましたように、国内の新規事業展開と海外展開を積極的に進めることで、本 格的な事業拡大につなげる方針を継続してまいります。 株式会社ウェッジホールディングス(2388) 2026年９月期 第３四半期決算短信 3 ② Digital Finance事,EQUITY,Industrials,Conglomerates
1,2388,"Wedge Holdings CO.,LTD.",リース,金融・金利,,,8.0,5.0,,未確定,C,revenue_share_unknown,unknown,unknown,,,売上構成比を公式資料から数値で確認できず,EQUITY,Industrials,Conglomerates
1,2391,"Planet, Inc.",IT関連,デジタル・サービス,,,94.0,86.0,,未確定,C,revenue_share_unknown,unknown,unknown,,https://www.planet-van.co.jp/,﻿ 株式会社プラネット 日本語 English バイヤーズネット・ログイン サービス 知る・役立つ・参加する ニュース 企業情報 株主・投資家向け情報 採用情報 アクセスマップ お問い合わせ サービス EDI（データ交換） 基幹EDI 接続パッケージ一覧 全データ一覧（20種類） EDIサポート機能 MITEOS(ミテオス) Web発注 FAX発注 販売レポート 取引先データベース ロジスティクスEDI 資材EDI データベース 医薬品説明文書データベース バイヤーズネット バイヤーズネット 商品マスタ登録支援 よくあるご質問 ご利用のお客様の声 パンフレット 知る 役立つ 参加する 調査研究 意識調査 Fromプラネット 広報誌 Planet VAN VAN インバウンドの取り組み セミナー・イベント 玉生弘昌（名誉会長） ライブラリー 会長の読書 会長のエッセイ 会長著書 卸売業有用論 ニュース ニュースリリース お知らせ メディア掲載情報 企業情報 企業情報 会社概要 プラネットの設立経緯と歩み トップメッセージ 社長プロフィール 経営理念 企業理念・役割 企業行動憲章・指針 ビジョン・スローガン コンプライアンス・内部統制 ディスクロージャー・ポリシー BCP（事業継続計画） サービ,EQUITY,Technology,Information Technology Services
1,2391,"Planet, Inc.",インバウンド,内需・消費,,,54.0,54.0,,未確定,C,macro_sensitivity_required,macro_unknown,unknown,,https://www.planet-van.co.jp/,﻿ 株式会社プラネット 日本語 English バイヤーズネット・ログイン サービス 知る・役立つ・参加する ニュース 企業情報 株主・投資家向け情報 採用情報 アクセスマップ お問い合わせ サービス EDI（データ交換） 基幹EDI 接続パッケージ一覧 全データ一覧（20種類） EDIサポート機能 MITEOS(ミテオス) Web発注 FAX発注 販売レポート 取引先データベース ロジスティクスEDI 資材EDI データベース 医薬品説明文書データベース バイヤーズネット バイヤーズネット 商品マスタ登録支援 よくあるご質問 ご利用のお客様の声 パンフレット 知る 役立つ 参加する 調査研究 意識調査 Fromプラネット 広報誌 Planet VAN VAN インバウンドの取り組み セミナー・イベント 玉生弘昌（名誉会長） ライブラリー 会長の読書 会長のエッセイ 会長著書 卸売業有用論 ニュース ニュースリリース お知らせ メディア掲載情報 企業情報 企業情報 会社概要 プラネットの設立経緯と歩み トップメッセージ 社長プロフィール 経営理念 企業理念・役割 企業行動憲章・指針 ビジョン・スローガン コンプライアンス・内部統制 ディスクロージャー・ポリシー BCP（事業継続計画） サービス利用・登録状況 基幹EDI利用メーカー 基幹EDI利用卸売業 資材EDI利用サプライヤー 医薬品説明文書データベース登録メーカー パンフレット 株主・投資家 向け情報 株主・投資家向け情報 IRニュース 経営方針 トップメッセージ 役員一覧 コーポレート・ガバナンス 事業等のリスク ディスクロージャー・ポリシー 個人投資家の皆さまへ 個人投資家向け説明会資料 プラネット,EQUITY,Technology,Information Technology Services
1,2391,"Planet, Inc.",データベース,デジタル・サービス,,,92.0,98.0,,未確定,C,revenue_share_unknown,unknown,unknown,,https://www.planet-van.co.jp/,﻿ 株式会社プラネット 日本語 English バイヤーズネット・ログイン サービス 知る・役立つ・参加する ニュース 企業情報 株主・投資家向け情報 採用情報 アクセスマップ お問い合わせ サービス EDI（データ交換） 基幹EDI 接続パッケージ一覧 全データ一覧（20種類） EDIサポート機能 MITEOS(ミテオス) Web発注 FAX発注 販売レポート 取引先データベース ロジスティクスEDI 資材EDI データベース 医薬品説明文書データベース バイヤーズネット バイヤーズネット 商品マスタ登録支援 よくあるご質問 ご利用のお客様の声 パンフレット 知る 役立つ 参加する 調査研究 意識調査 Fromプラネット 広報誌 Planet VAN VAN インバウンドの取り組み セミナー・イベント 玉生弘昌（名誉会長） ライブラリー 会長の読書 会長のエッセイ 会長著書 卸売業有用論 ニュース ニュースリリース お知らせ メディア掲載情報 企業情報 企業情報 会社概要 プラネットの設立経緯と歩み トップメッセージ 社長プロフィール 経営理念 企業理念・役割 企業行動憲章・指針 ビジョン・スローガン コンプライアンス・内部統制 ディスクロージャー・ポリシー BCP（事業継続計画） サービス利用・登録状況 基幹EDI利用メーカー 基幹EDI利用卸売業 資材EDI利,EQUITY,Technology,Information Technology Services
1,2393,"Nippon Care Supply Co., Ltd.",介護関連,医療・ヘルスケア,49.00,61.3,92.0,90.0,74.8,有力関連,B,explicit_ratio_needs_qa,revenue_share_v4_candidate,explicit_ratio_candidate,explicit_percent,https://www.caresupply.co.jp/ir/upload_file/m000-/20260520_setsumeikai.pdf,"ダーの皆様との協働により、豊かな暮らしに 役立つ商品やサービスの提供によって、社会課題の解決に挑みます。 そして、新しい価値の創造と健全な事業活動を通じて、中長期的な企業価値向上を追求し、持続可能な社会の実現に貢献する ことを目指します。 ※目標値は、2022年度+αを基準に2030年度目標を表示しております。新たな目標値策定の際は、内容を更新します。 当社は、従来の資源を有効活用する循環型ビジネスである福祉用レンタルビジネスの推進に加え、以下の「サステナビリティに 関する基本方針」に基づき、重点課題を継続的に取り組みます。 重点課題 Environment 環境 Social 社会 Governance 企業統治 目標* ・GHG排出量：政府目標に準じて半減 ・売上高エネルギー使用量比率(kl/億円） ・売上高廃棄物総量比率（t/億円） ・重大労働災害件数：0件 ・人材開発投資額（外注費用）：倍増（28千円/人） ・有給休暇取得率：70％ ・育休取得率、復帰率：100％ ・コンプライアンス違反件数：0件 ・情報セキュリティ事故件数：0件 ・個人情報漏洩件数：0件 ：省エネ法の努力義務及び目標 に準じて、毎年1％程度削減 21 ＜参考＞福祉用具サービス（ビジネスモデル図） ▲介護保険対象の福祉用具イメージ図 2024年4月からレンタル対象の福祉用具のうち3種目（スロープ・歩 行器・歩行補助杖の一部）でレンタル・購入の選択制を導入 22 介護保険でレンタル対象の 福祉用具13種目 介護保険で購入対象の 福祉用具6種目 当社が手掛ける福祉用具レンタル卸事業は、介護保険の対象となるベッド、車いす 等の福祉用具を地域の「福祉用具貸与事業者」（以下、事業者）にレンタルし、さら に「事業者」が自宅で暮らす「利用者」に貸出します。使用後返却された福祉用具は、 当社が洗浄・消毒、検品・修理して、再び「事業者」に貸出すリサイクルシステムです。 資源を有効利用する循環型のビジネスモデルであり、当社が先駆けとなってこの 仕組みを確立しました。 出荷 洗浄・ 消毒 検品 修理 保管 福祉用具メーカー 福祉用具レンタル卸 循環型 ビジネスモデル 購 入 当社 ベッ ド、 車いすなど レンタル 資産を 保有しない 事業者 レンタル 資産を 保有する 事業者 要介護・ 要支援認定を受けた在宅の利用者 介護保険制度の 福祉用具貸与サービス 福祉用具貸与 事業者 返却 レンタル 返却 レンタル 購入 返却 レンタル 返却 レンタル 0 2,000 4,000 6,000 8,000 0 1,000 2,000 3,000 4,000 介護費 事業所数（右軸） ＜参考＞福祉用具貸与の介護費・事業所数の推移 （億円） 厚生労働省HP「介護保険制度における福祉用具貸与について」より （箇所） 23",EQUITY,Industrials,Rental & Leasing Services
1,2395,"Shin Nippon Biomedical Laboratories, Ltd.",バイオテクノロジー関連,医療・ヘルスケア,,,8.0,5.0,,未確定,C,revenue_share_unknown,unknown,unknown,,,売上構成比を公式資料から数値で確認できず,EQUITY,Healthcare,Diagnostics & Research
1,2395,"Shin Nippon Biomedical Laboratories, Ltd.",ホテル,内需・消費,,,58.0,60.0,,未確定,C,revenue_share_unknown,unknown,unknown,,,売上構成比を公式資料から数値で確認できず,EQUITY,Healthcare,Diagnostics & Research
1,2395,"Shin Nippon Biomedical Laboratories, Ltd.",再生医療,医療・ヘルスケア,,,86.0,92.0,,未確定,C,revenue_share_unknown,unknown,unknown,,,売上構成比を公式資料から数値で確認できず,EQUITY,Healthcare,Diagnostics & Research
1,2395,"Shin Nippon Biomedical Laboratories, Ltd.",創薬,医療・ヘルスケア,,,72.0,68.0,,未確定,C,revenue_share_unknown,unknown,unknown,,https://snbl.com/,科学 - SNBL EN JP 会社情報 会長メッセージ 社長メッセージ 企業理念 人財戦略 経営計画 会社概要 沿革 役員紹介 国内・海外拠点 主要子会社及び 関連会社 はやわかり 新日本科学 事業内容 CRO (医薬品開発受託)事業 トランスレーショナル リサーチ事業 メディポリス (社会的利益創出)事業 その他事業 IR情報 IR活動・情報開示方針 IRライブラリー 財務・業績ハイライト IRイベント 株主・株式情報 個人投資家の皆さまへ ESG経営 環境 社会 ガバナンス CEOメッセージ サステナビリティの 方針 マテリアリティ (重要課題) ESGデータ 各種ポリシー コミットメントと 評価・表彰 SDGsへの取組み TCFD提言に 基づく開示 GRIスタンダード 対照表 お問い合わせ 採用情報 ニュース EN JP 環境、生命、人材を 大切にする会社で あり続ける。 私達は、創薬と医療技術の向上を支援し、 人類を苦痛から解放する事を 絶対的な使命とします。 重要なお知らせ 第53回定時株主総会関連資料はこちら 最新ニュース 採用ニュース 2026年06月09日 2027年卒対象のエントリー受付終了と2028年卒のエントリー受付開始！！ すべてのニュースを見る 会長メッセージ 詳しく見る 社長メッセージ 詳しく見る 会社概要 新日本科学は、60年以上にわたる豊富な経験と実績に裏付けされた確かな技術力により、質の高いサービスとニーズに合わせたソリューションを提供します。 詳しく見る 事業内容 「環境・生命・人材」を大切にする会社であり続けることを本質的な企業の存在意義としてとらえ、多岐にわたる事業拡大にも挑戦しています。 詳しく見る 私たちのストーリー 詳しく見る 財務・ 業績ハイライト 詳しく見る IRライブラリー 詳しく見る ESG経営 詳しく見る 採用情報 創り,EQUITY,Healthcare,Diagnostics & Research
1,2395,"Shin Nippon Biomedical Laboratories, Ltd.",医薬品関連,医療・ヘルスケア,,,97.0,100.0,,未確定,C,revenue_share_unknown,unknown,unknown,,https://snbl.com/,株式会社新日本科学 - SNBL EN JP 会社情報 会長メッセージ 社長メッセージ 企業理念 人財戦略 経営計画 会社概要 沿革 役員紹介 国内・海外拠点 主要子会社及び 関連会社 はやわかり 新日本科学 事業内容 CRO (医薬品開発受託)事業 トランスレーショナル リサーチ事業 メディポリス (社会的利益創出)事業 その他事業 IR情報 IR活動・情報開示方針 IRライブラリー 財務・業績ハイライト IRイベント 株主・株式情報 個人投資家の皆さまへ ESG経営 環境 社会 ガバナンス CEOメッセージ サステナビリティの 方針 マテリアリティ (重要課題) ESGデータ 各種ポリシー コミットメントと 評価・表彰 SDGsへの取組み TCFD提言に 基づく開示 GRIスタンダード 対照表 お問い合わせ 採用情報 ニュース EN JP 環境、生命、人材を 大切にする会社で あり続ける。 私達は、創薬と医療技術の向上を支援し、 人類を苦痛から解放する事を 絶対的な使命とします。 重要なお知らせ 第53回定時株主総会関連資料はこちら 最新ニュース 採用ニュース 2026年06月09日 2027年卒対象のエントリー受付,EQUITY,Healthcare,Diagnostics & Research
1,2395,"Shin Nippon Biomedical Laboratories, Ltd.",水素,GX・エネルギー,,,8.0,5.0,,未確定,C,revenue_share_unknown,unknown,unknown,,,売上構成比を公式資料から数値で確認できず,EQUITY,Healthcare,Diagnostics & Research
1,2404,"Tetsujin Holdings, Inc.",外食,内需・消費,83.45,,92.0,84.0,,未確定,C,calculated_ratio_needs_qa,calculated_candidate_only,calculated_ratio_candidate,calculated_same_snippet,https://www.tetsujin.ne.jp/topics/news/pdf2026/20260715a.pdf,"県1店舗、愛知県1店舗、大阪府1店舗、京都府1店舗、愛媛県 1店舗、福岡県1店舗、新潟県1店舗を運営しております。 カラオケ市場では、大手チェーンによる設備更新や新規出店など積極的な取り組みが進んでおります。 当社グループにおきましては、アニメ・ゲーム等のコンテンツとコラボレーションした「カラオケの鉄人コラボ ミックス」を積極的に展開し、当第３四半期連結累計期間に３店舗を新規出店いたしました。今後も地方都市を中 心に出店を推進してまいります。 業績は、年末年始及び歓送迎会シーズン等の繁忙期需要を取り込み、堅調に推移いたしました。一方で、物価上 昇に伴う設備営繕費や人件費などの店舗運営コストが増加しております。 なお、コラボミックス店舗につきましては、注目度の高いコンテンツを導入した結果、足元の業績が大幅に好転 しております。 比較可能な既存店※26店舗の売上高は前年同期比102.7％となりました。 (飲食事業） 当第３四半期連結累計期間における飲食事業の売上高は1,813百万円（前年同四半期比21.6％増）、セグメント利 益は167百万円（前年同四半期比53.6％増）となりました。 当事業は、子会社の株式会社直久が「直久」ブランドのラーメン店舗（直営7店舗、FC3店舗、業務受託1店舗）を 運営し、また株式会社鉄人エンタープライズが「赤から」4店舗、「かにざんまい」3店舗、「京都勝牛」、さらに 子会社の株式会社鳥竹が焼き鳥専門店「鳥竹」2店舗を運営しております。 当事業においては、外食需要の持ち直しにより堅調に推移した一方、慢性的な人手不足による採用競争の激化や 人件費上昇、原材料価格・物流費の高騰が業績面で負担となっております。 新規出店も積極的に推進しており、当第３四半期連結累計期間に、「直久」、「かにざんまい」、「赤から」、 「鳥竹」の全てのブランドで出店を実施いたしました。 比較可能な直営・既存店※11店舗の売上高は前年同期比106.9％となりました。 (美容事業） 当第３四半期連結累計期間における美容事業の売上高は1,513百万円（前年同四半期比10.6％増）、セグメント利 益は54百万円（前年同四半期比79.5％増）となりました。 本事業は、中京エリアを商圏とする株式会社Rich to（9店舗）と、首都圏エリアを商圏とするビアンカグループ （55店舗）により運営しております。 まつ毛パーマ（ラッシュリフト）を中心としたまつ毛メニューやネイルサービスの需要は安定して推移しており、 SNSを活用した集客施策と顧客満足度向上への取り組みにより、リピート率の向上と新規顧客の獲得に努めました。 一方で、テナント更新時の家賃上昇に加え、スタイリストの転職など業界特有の課題は継続しており、業績面で 負担となっております。また、投資ボリュームの小ささから新規参入が",EQUITY,Consumer Cyclical,Lodging
1,2408,"KG Intelligence CO., LTD.",住宅関連,不動産・建設,,,58.0,54.0,,未確定,C,revenue_share_unknown,unknown,unknown,,https://www.kg-net.co.jp/,株式会社KG情報 | ホーム Top ホーム Company 企業情報 会社概要 沿革 理念 組織 拠点一覧 アクセスマップ Data IR情報 投資家の皆様へ 財務情報 主要株主状況 株価情報 IRカレンダー 公告 更新情報 お問い合わせ Service サービスのご案内 人材 住宅 釣り・レジャー 生活情報 事業支援 印刷事業 Recruit 採用情報 Contact お問い合わせ 情報でつながる、幸せな世界。 リアル対面 × IT（デジタル）の二軸を中心に多種多様な商品サービスを展開。暮らしの様々なシーンへ、価値ある情報を発信しています。 情報でつながる、幸せな世界。 リアル対面 × IT（デジタル）の二軸を中心に 多種多様な商品サービスを展開。 暮らしの様々なシーンへ、価値ある情報を発信しています。 サービスのご案内 人材 住宅 釣り・レジャー 生活情報 事業支援 詳しくはこちら インフォメーション 採用情報 IR情報 ニュースリリース 2026/8/31 info 岡山市外国人材受入セミナー 開催と参加募集のお知らせ 2026/8/17 news 第47期中間事業報告書（2026年12月期） 2026/7/15 info 公共交通分野の担い⼿不⾜解消に向け、,EQUITY,Communication Services,Publishing
1,2411,Gendai Agency Inc.,不動産関連,不動産・建設,12.21,,42.0,44.0,,未確定,C,calculated_ratio_needs_qa,calculated_candidate_only,calculated_ratio_candidate,calculated_same_snippet,https://www.gendai-a.co.jp/ir/investors.php,"見せており、業界タレントなどの来店プロモーション企画や、インターネット広告の需要は高まりつつあります。一方で、集客手法のデジタルシフトが想定以上の速度で進んだことにより、取扱高の大きい折込広告などの紙媒体広告は、当第3四半期以降、急激な減少傾向となりました。こうした中、2025年5月にパチンコ業界４団体から「広告宣伝ガイドライン第三版」が発出されたことにより、これまで曖昧であった広告手法や集客支援サービスについて、実施可能な範囲がより明確化されました。これにより、突発的な広告自主規制などといった当社グループの業績に影響を与えるリスクは軽減しております。 こうした環境下において、当社グループでは、ガイドラインに則った集客施策の開発・販売に注力するとともに、紙媒体の減退に対応すべく、高付加価値なDSP広告や自社保有サイト「パチ7」のオリジナルサービスなどの拡販を推進いたしました。これら高収益サービスの伸長により売上総利益率は向上したものの、紙媒体の急減による売上総利益の減少を完全には補いきれず、加えて、持続的成長に向けた人的資本への投資（採用・賃上げなど）による販売費及び一般管理費の増加もあり、セグメント利益は当初の想定を下回る結果となりました。 なお、収益構造の転換自体は着実に進展しており、高付加価値サービスは市場への浸透に伴い継続的な受注に繋がっております。 その結果、売上高は7,431百万円（前年同期比2.5％減）、セグメント利益は907百万円（同30.6％増）となりました。 不動産事業 当連結会計年度においては、連結子会社㈱ランドサポートが所有する千葉県柏市の土地の賃貸収益のほか、賃貸仲介物件等に伴う手数料収益48百万円の計上がありました。 その結果、売上高は99百万円（前年同期比75.7％増）、セグメント利益は47百万円（同140.3％増）となりました。 中長期的な会社の経営戦略 当社グループは、主力のパチンコホール広告分野において、広告サービスの付加価値と生産性の向上を不断に追求し、厳しい環境下においても最大限の収益を確保していくと同時に、特定業種への依存度が高い現状を改善し収益の多様化を実現させるため、常に新たな事業機会を模索し、積極的な事業開発に取り組むことにより、グループの持続的な成長を実現していきたいと考えております。 持続的な成長を実現するため取り組むべき戦略課題のうち、主なものは以下のとおりです。 ・パチンコホール広告以外の分野における市場開拓 ・集客施設におけるデジタルメディアの市場浸透 ・事業領域の拡大 株主・投資家の皆様に対しましては、積極的かつタイムリーな情報の開示を行い、業績に応じた利益還元を方針として、企業価値の最大化に努めてまいります。 今後ともご支援、ご鞭撻を賜りますよう、よろしくお願いいたします。 以上 IR・投資家情報",EQUITY,Communication Services,Advertising Agencies
1,2413,"M3, Inc.",IT関連,デジタル・サービス,,,8.0,5.0,,未確定,C,revenue_share_unknown,unknown,unknown,,,売上構成比を公式資料から数値で確認できず,EQUITY,Healthcare,Health Information Services
1,2413,"M3, Inc.",人工知能,AI・半導体,,,8.0,5.0,,未確定,C,revenue_share_unknown,unknown,unknown,,,売上構成比を公式資料から数値で確認できず,EQUITY,Healthcare,Health Information Services
1,2413,"M3, Inc.",介護関連,医療・ヘルスケア,,,8.0,5.0,,未確定,C,revenue_share_unknown,unknown,unknown,,,売上構成比を公式資料から数値で確認できず,EQUITY,Healthcare,Health Information Services
1,2413,"M3, Inc.",遠隔医療,医療・ヘルスケア,,,8.0,5.0,,未確定,C,revenue_share_unknown,unknown,unknown,,,売上構成比を公式資料から数値で確認できず,EQUITY,Healthcare,Health Information Services
1,2415,"Human Holdings Co., Ltd.",介護関連,医療・ヘルスケア,,,92.0,96.0,,未確定,C,revenue_share_unknown,unknown,unknown,,,売上構成比を公式資料から数値で確認できず,EQUITY,Consumer Defensive,Education & Training Services
1,2418,TSUKADA GLOBAL HOLDINGS Inc.,インバウンド,内需・消費,99.48,,46.0,44.0,,未確定,C,macro_sensitivity_required,macro_unknown,calculated_ratio_candidate,calculated_same_snippet,https://www.tsukada-global.holdings/assets/attachmentfile/attachmentfile-file-1290.pdf,") 3,871 3,519 △351 △9.1％ 経常利益(百万円) 2,312 3,104 791 34.2％ 親会社株主に帰属する中間純利益(百万円) 4,385 2,285 △2,100 △47.9％ １株当たり中間純利益(円) 92.44 48.47 △43.97 △47.6％ セグメント別の業績は次のとおりであります。 ① 婚礼事業 当中間連結会計期間においては、婚礼施行単価については引き続き緩やかに回復しておりますが、店舗閉鎖及 び大規模改修による休館等により婚礼施行件数が4,018件（同10.2％減）と減少したことから売上高は減少いたし ました。利益面においては、施行件数の減少や人件費、エネルギーコスト及び原材料価格の上昇等の影響により 減少いたしました。 この結果、当セグメントの売上高は17,657百万円（同3.4％減）、セグメント利益は2,505百万円（同15.6％ 減）となりました。 株式会社ツカダ・グローバルホールディング(2418) 2026年12月期 第２四半期（中間期）決算短信 -3- ② ホテル事業 当中間連結会計期間においては、ホテル婚礼施行件数が776件（同0.4％増）と微増となり、また、昨年取得し た「W Hotel Dallas Victory」（米国テキサス州）及び「ＡＮＡホリデイ・イン東京ベイ」（東京都品川区）の 売上寄与、並びに「ホテル インターコンチネンタル 東京ベイ」（東京都港区）をはじめとする国内ラグジュ アリーホテルにおいては、訪日外国人数が高い水準で推移していることから宿泊稼働率及び宿泊単価が堅調に推 移いたしました。 この結果、当セグメントの売上高は17,750百万円（同26.5％増）、セグメント利益は2,320百万円（同21.8％ 増）となりました。 ③ Ｗ＆Ｒ事業 当中間連結会計期間においては、英国式リフレクソロジーサロン「クイーンズウェイ」については引き続き厳 しい状況にありますが、複合温浴施設「美楽温泉SPA-HERBS」の来館者数及び飲食売上高が堅調に推移したことに より売上高及びセグメント利益は微増となりました。 この結果、当セグメントの売上高は1,468百万円（同2.4％増）、セグメント利益は77百万円（同47.3％増）と なりました。 （セグメントの状況） 2025年12月期 中間期 2026年12月期 中間期 増減額 増減率 売上高(百万円) 33,748 36,876 3,127 9.3％ 婚礼事業 18,282 17,657 △624 △3.4％ ホテル事業 14,032 17,750 3,718 26.5％ Ｗ＆Ｒ事業 1,433 1,468 34 2.4％ セグメント利益(百万円) 3,871 3,519 △351 △9.1％ 婚礼事業 2,969 2,505 △464 △15",EQUITY,Consumer Cyclical,Personal Services
1,2418,TSUKADA GLOBAL HOLDINGS Inc.,ホテル,内需・消費,59.79,,100.0,100.0,,未確定,C,calculated_ratio_needs_qa,calculated_candidate_only,calculated_ratio_candidate,calculated_same_snippet,https://www.tsukada-global.holdings/assets/attachmentfile/attachmentfile-file-1307.pdf,"% 前年同期比 前年同期比 +34.2 % 親会社株主に帰属する 中間純利益 （参考）EBITDA * 2,285 百万円 百万円 純利益率 6.2% EBITDA率 15.9% 前年同期比 前年同期比 △47.9 % （参考）EBITDA * 5,886 百万円 百万円 EBITDA率 16.0% 前年同期比 +1.6 % ※ 営業利益に各種減価償却費を加算 連結売上高・営業利益推移 売上高は6期連続で増加し、中間期として過去最高を更新。 © 2026 TSUKADA GLOBAL HOLDINGS Inc. 5 営業利益（中間・百万円）売上高（中間・百万円） 29,071 11,793 13,126 22,539 26,842 28,549 33,748 36,876 18,378 7,160 7,942 15,068 16,067 16,136 18,282 17,657 8,745 3,492 3,869 6,020 9,334 10,957 14,032 17,7501,947 1,139 1,314 1,450 1,440 1,454 1,433 1,468 0 5,000 10,000 15,000 20,000 25,000 30,000 35,000 40,000 0 5,000 10,000 15,000 20,000 25,000 30,000 35,000 40,000 2019 2020 2021 2022 2023 2024 2025 2026 婚礼 ホテル W&R 2,261 △7,740 △5,518 △349 1,418 2,330 3,871 3,519 2019 2020 2021 2022 2023 2024 2025 2026 婚礼セグメントの減収をホテルセグメントの増収が上回った。 営業利益は前年同期を下回ったものの、3,519百万円と引き続き高い水準を確保。 四半期推移 第1四半期・第2四半期とも、ホテルセグメントの伸長により前年同期比で増収。 © 2026 TSUKADA GLOBAL HOLDINGS Inc. 6 営業利益（百万円）売上高（百万円） 15,842 17,235 17,906 19,640 15,364 23,982 8,410 8,099 9,872 9,558 7,584 12,933 6,695 8,405 7,336 9,345 7,013 10,299 736 731 697 736 766 748 0 5,000 10,000 15,000 20,000 25,000 30,000 0 5,000 10,000 15,000 20,000 25,000 30,000 2025 2026 2025 2026 2025 2026 2025 2026 1Q 2Q 3Q 4Q 婚礼 ホテル",EQUITY,Consumer Cyclical,Personal Services
1,241A,"ROXX,inc.",サブスクリプション,デジタル・サービス,,,8.0,5.0,,未確定,C,revenue_share_unknown,unknown,unknown,,,売上構成比を公式資料から数値で確認できず,EQUITY,Technology,Software - Application
1,241A,"ROXX,inc.",データベース,デジタル・サービス,,,8.0,5.0,,未確定,C,revenue_share_unknown,unknown,unknown,,,売上構成比を公式資料から数値で確認できず,EQUITY,Technology,Software - Application
1,241A,"ROXX,inc.",人工知能,AI・半導体,,,85.0,82.0,,未確定,C,revenue_share_unknown,unknown,unknown,,https://roxx.co.jp/,"³ãã¼ ãããããè³ªå ãåãåãã é»å­å ¬å å è²¬äºé æ å ±ã»ã­ã¥ãªãã£ åäººæ å ±ç­ã®åæ±ãã«ã¤ãã¦ åç¤¾ä¼çå¢åã«å¯¾ããåºæ¬æ¹é © ROXX, inc. ALL RIGHTS RESERVED. æ¥æ¬å ¨ä½ã®æå¾åä¸ã® å®ç¾ãç®æãã å´åå¸å ´ã®éçµ¦ãã¹ãããã ãã¯ãã­ã¸ã¼ã§è§£æ±ºãã HRããã¯ã«ã³ããã¼ã§ãã OUR BUSINESS VIEW DETAIL æªçµé¨æ­£ç¤¾å¡ã®æ¡ç¨ã«ç¹åãã è»¢è·ãã©ãããã©ã¼ã NEWS VIEW ALL ãROXXããZã­ã£ãªã¢ ãã©ãããã©ã¼ã ãã«ããã¦Branding Careerã¨ã®æ±äººé£æºãéå§ 2026.09.03 Zã­ã£ãªã¢ ãã¬ã¹ãªãªã¼ã¹ ãROXXããZã­ã£ãªã¢ AIé¢æ¥å®ãã«ããã¦ãæ¸é¡ã¢ããã­ã¼ããæ©è½ãæä¾éå§ 2026.08.27 Zã­ã£ãªã¢ ãã¬ã¹ãªãªã¼ã¹ å½",EQUITY,Technology,Software - Application
1,2425,"Care Service Co.,Ltd.",介護関連,医療・ヘルスケア,,,94.0,86.0,,未確定,C,revenue_share_unknown,unknown,unknown,,,売上構成比を公式資料から数値で確認できず,EQUITY,Healthcare,Medical Care Facilities
1,2428,Wellnet Corporation,IT関連,デジタル・サービス,,,90.0,92.0,,未確定,C,revenue_share_unknown,unknown,unknown,,https://www.wellnet.co.jp/,WELLNETï½DEPARTURE TO THE FUTURE DEPARTURE TO THE FUTURE ãã¤ã§ãã»ã©ãã§ãã®å®ç¾ãç®æãã¦ã NEWS æ°çæ å ± ä¸è¦§ãè¦ã {{ row.title }} {{ row.title }} BUSINESS ä¼å¡ç®¡çãµã¼ãã¹ MEMBERSHIP MANAGEMENT SERVICE ãµã¼ãã¹ãè¦ã æ±ºæ¸ãµã¼ãã¹ PAYMENT SERVICE ãµã¼ãã¹ä¸è¦§ãè¦ã äº¤éITãµã¼ãã¹ MOBILITY IT SERVICE ãµã¼ãã¹ä¸è¦§ãè¦ã INFORMATION,EQUITY,Technology,Software - Infrastructure
1,2428,Wellnet Corporation,MaaS,自動車・モビリティ,,,58.0,56.0,,未確定,C,revenue_share_unknown,unknown,unknown,,,売上構成比を公式資料から数値で確認できず,EQUITY,Technology,Software - Infrastructure
1,2428,Wellnet Corporation,eコマース,内需・消費,,,8.0,5.0,,未確定,C,revenue_share_unknown,unknown,unknown,,,売上構成比を公式資料から数値で確認できず,EQUITY,Technology,Software - Infrastructure
1,2428,Wellnet Corporation,キャッシュレス決済,金融・金利,,,42.0,40.0,,未確定,C,revenue_share_unknown,unknown,unknown,,,売上構成比を公式資料から数値で確認できず,EQUITY,Technology,Software - Infrastructure
1,2428,Wellnet Corporation,フィンテック,金融・金利,,,8.0,5.0,,未確定,C,revenue_share_unknown,unknown,unknown,,,売上構成比を公式資料から数値で確認できず,EQUITY,Technology,Software - Infrastructure
1,2429,"World Holdings Co., Ltd.",不動産関連,不動産・建設,3.07,,72.0,68.0,,未確定,C,calculated_ratio_needs_qa,calculated_candidate_only,calculated_ratio_candidate,calculated_same_snippet,https://world-hd.co.jp/app/wp-content/uploads/2026/08/20260807_tanshin-1.pdf,"…………………………………………………………………………………… 9 （株主資本の金額に著しい変動があった場合の注記）…………………………………………………………… 10 （継続企業の前提に関する注記） ………………………………………………………………………………… 10 ○添付資料の目次 - 1 - ㈱ワールドホールディングス(2429) 2026年12月期 第２四半期（中間期）決算短信 １．経営成績等の概況 (1）当中間期の経営成績の概況 当中間連結会計期間におけるわが国経済は、地政学リスクの長期化やコスト上昇に伴う企業マインドの慎重化、 力強さを欠く個人消費などにより一進一退の動きを見せつつも、全体としては緩やかな回復基調を維持いたしまし た。先行きについては、海外景気や通商政策の動向に加え、国内における継続的な金利の引き上げが企業活動や家 計に与える影響が懸念され、不透明な状況が続くものと見込まれます。 当社グループを取り巻く主な事業環境としては、ＡＩ・データセンター関連需要を背景とした半導体分野での旺 盛な投資拡大に加え、その他の製造業分野においても回復の動きが見られたことから、当社グループの主力である 人材教育ビジネスへの人材需要は高い水準で推移いたしました。一方で、緊迫化する中東情勢をはじめとした国際 情勢の動向が、エネルギー価格や製造業のサプライチェーン、生産動向へ及ぼす影響が懸念されるなど、足元は堅 調ながらも先行きへの警戒感は払拭されない状況が続いております。不動産分野においては、建築コストの上昇等 を背景に物件価格の高止まりが続く中、購買層における選別姿勢が見られるほか、今後の金利上昇に対する警戒感 も意識されるなど、市況の先行きに対して慎重な見方が広がる展開となりました。 こうした状況の中、当社グループにおいては、売上高は前年同期を上回る増収となり、利益面におきましても期 初計画を上振れて推移いたしました。これは、多様な事業セグメントを有する当社グループならではの「複数事業 構造が生み出す景気変動耐性」が基盤として機能する中、主力を担う「プロダクツＨＲ事業」が幅広い産業分野に おける活発な人材需要を確実に捉え、全体の業績を着実に牽引したことによるものです。 なお、前年同期比の各利益につきましては、「不動産事業」における物件の引渡しが当連結会計年度の下期に集 中する計画となっているため、一時的な減益となりましたが、これは期初計画通りの進捗であり、通期での増収増 益計画に変更はありません。 以上の結果、売上高は138,366百万円（前年同期比5.0％増 / 計画比2.2％増）、営業利益は4,249百万円（前年 同期比14.6％減 / 計画比20.4％増）、経常利益は4,094百万円（前年同期比15.1％減 / 計画比19.7％増）、親会 ",EQUITY,Industrials,Staffing & Employment Services
1,2432,"DeNA Co., Ltd.",IT関連,デジタル・サービス,,,72.0,68.0,,未確定,C,revenue_share_unknown,unknown,unknown,,https://dena.com/intl/,"DeNA loading Top Page Company Mission, Aspiration, Value and Quality Message Overview Our People Milestones Logo Guideline Services News IR To Our Investors IR News IR Events Integrated Reports Corporate Governance Reports Other Materials Earnings Highlights Financial Position Cash Flow Dividends Stock Information General Meeting of Shareholders FAQ IR Calendar Disclaimer Sustainability LANGUAGE: JA / EN Top Page Company Mission, Aspiration, Value and Quality Mes",EQUITY,Industrials,Conglomerates
1,2432,"DeNA Co., Ltd.",MaaS,自動車・モビリティ,,,8.0,5.0,,未確定,C,revenue_share_unknown,unknown,unknown,,,売上構成比を公式資料から数値で確認できず,EQUITY,Industrials,Conglomerates
1,2432,"DeNA Co., Ltd.",eコマース,内需・消費,,,72.0,68.0,,未確定,C,revenue_share_unknown,unknown,unknown,,https://dena.com/intl/,"stors IR News IR Events Integrated Reports Corporate Governance Reports Other Materials Earnings Highlights Financial Position Cash Flow Dividends Stock Information General Meeting of Shareholders FAQ IR Calendar Disclaimer Sustainability NEWS 2026.05.12 Corporate / NEW DeNA Reports Fourth Quarter and Fiscal Year 2025 Financial Results 2026.05.12 Corporate / NEW Notice Regarding Candidates for Director and Corporate Auditor 2026.04.27 Other / NEW DeNA to Acquire Knot, Inc., Operator of AI Global Recruitment Platform “Noxx” Founder Kiyotaka Kobayashi to Join DeNA to Lead New Business Creation and Startup Investment 2026.02.18 Live Community / NEW Interactive VTuber Streaming App IRIAM Launches in Canada. Global expansion continues following the US launch, welcoming Canada-based streamers star",EQUITY,Industrials,Conglomerates
1,2432,"DeNA Co., Ltd.",フィンテック,金融・金利,,,8.0,5.0,,未確定,C,revenue_share_unknown,unknown,unknown,,,売上構成比を公式資料から数値で確認できず,EQUITY,Industrials,Conglomerates
1,2432,"DeNA Co., Ltd.",人工知能,AI・半導体,,,92.0,90.0,,未確定,C,revenue_share_unknown,unknown,unknown,,https://dena.com/intl/,"DeNA loading Top Page Company Mission, Aspiration, Value and Quality Message Overview Our People Milestones Logo Guideline Services News IR To Our Investors IR News IR Events Integrated Reports Corporate Governance Reports Other Materials Earnings Highlights Financial Position Cash Flow Dividends Stock Information General Meeting of Shareholders FAQ IR Calendar Disclaimer Sustainability LANGUAGE: JA / EN Top Page Company Mission, Aspiration, Value and Quality Message Overview Our People Milestones Logo Guideline Services News IR To Our Investors IR News IR Events Integrated Reports Corporate Governance Reports Other Materials Earnings Highlights Financial Position Cash Flow Dividends Stock Information General Meeting of Shareholders FAQ IR Calendar Disclaimer S",EQUITY,Industrials,Conglomerates
1,2432,"DeNA Co., Ltd.",自動運転車,自動車・モビリティ,,,66.0,70.0,,未確定,C,revenue_share_unknown,unknown,unknown,,,売上構成比を公式資料から数値で確認できず,EQUITY,Industrials,Conglomerates
1,2432,"DeNA Co., Ltd.",電気自動車関連,自動車・モビリティ,,,90.0,82.0,,未確定,C,revenue_share_unknown,unknown,unknown,,https://dena.com/intl/,"DeNA loading Top Page Company Mission, Aspiration, Value and Quality Message Overview Our People Milestones Logo Guideline Services News IR To Our Investors IR News IR Events Integrated Reports Corporate Governance Reports Other Materials Earnings Highlights Financial Position Cash Flow Dividends Stock Information General Meeting of Shareholders FAQ IR Calendar Disclaimer Sustainability LANGUAGE: JA / EN Top Page Company Mission, Aspiration, Value and Quality Message Overview Our People Milestones Logo Guideline Services News IR To Our Investors IR News IR Events",EQUITY,Industrials,Conglomerates
1,2433,Hakuhodo DY Holdings Inc,クラウドコンピューティング,デジタル・サービス,,,8.0,5.0,,未確定,C,revenue_share_unknown,unknown,unknown,,,売上構成比を公式資料から数値で確認できず,EQUITY,Communication Services,Advertising Agencies
1,2435,"CEDAR.Co.,Ltd.",介護関連,医療・ヘルスケア,,,94.0,86.0,,未確定,C,revenue_share_unknown,unknown,unknown,,,売上構成比を公式資料から数値で確認できず,EQUITY,Healthcare,Medical Care Facilities
1,2436,"Kyodo Public Relations Co., Ltd.",SaaS,デジタル・サービス,,,8.0,5.0,,未確定,C,revenue_share_unknown,unknown,unknown,,,売上構成比を公式資料から数値で確認できず,EQUITY,Communication Services,Advertising Agencies
1,2436,"Kyodo Public Relations Co., Ltd.",デジタルトランスフォーメーション,デジタル・サービス,,,8.0,5.0,,未確定,C,revenue_share_unknown,unknown,unknown,,https://www.kyodo-pr.co.jp/wp/wp-content/uploads/2024/02/【最終版】FY2024-FY2026中計_20240213.pdf,"ワーク グループのプロダクト 10 ©KYODO PUBLIC RELATIONS CO.,LTD. ヒットするPR メソッドを科学的に創る 創業来、大切にしているメソッド “鳥の目”で全体を、 “虫の目”で現状を、 “魚の目”で世の中の変化をつかむ。 （仮）New‘S design studio 設立予定 グループ資産を集結し強化 11 ©KYODO PUBLIC RELATIONS CO.,LTD. グループ最重要事項：人的資本/ 知的資本－Professionalism の追求 ・Professional Standard ・PRｰProfessional・SNS MKT－Professional・DATA-Professional ・幹部人材の育成 ・若手リーダーの育成 ノウハウ・スキル の向上と多様化 ・経営戦略にそった人材 ポートフォリオ ・リスキリング ・コンサルティングの DX化による質の向上 イノベーションの 創出 ・新規事業、M&A ・アルムナイネットワー クの形成 ・グループ企業内の連携 （共創型） 働き甲斐のある 環境・組織風土 ・従業員エンゲージメン ト向上 ・多様な人材の受入れ ・リアルとオンラインの ハイブリッドな環境 データ・デジタル 技術活用 ・DX体制の構築 ・オンライン、電子化 ・AI導入による個人の 能力向上 12 ©KYODO PUBLIC RELATIONS CO.,LTD. 人的資本の最大化 13 定義した Pro人材の スキル評価 育成機会の 提供/研修等 適正配置 スキル発揮 機会の提供 スキルの 定義 【人材育成のメソッド】 【人材育成のマイルストーン】 Professional Standard マインド醸成・カルチャー理解 行動力・実行力の養成 ジェネラリスト 問題解決能力 課題 解決 幹部育成 次世代育成 高度技術の習得",EQUITY,Communication Services,Advertising Agencies
1,2436,"Kyodo Public Relations Co., Ltd.",データ分析・解析,AI・半導体,,,42.0,30.0,,未確定,C,revenue_share_unknown,unknown,unknown,,,売上構成比を公式資料から数値で確認できず,EQUITY,Communication Services,Advertising Agencies
1,2436,"Kyodo Public Relations Co., Ltd.",人工知能,AI・半導体,,,92.0,98.0,,未確定,C,revenue_share_unknown,unknown,unknown,,https://www.kyodo-pr.co.jp/,共同ピーアール株式会社 | 国内最大規模の総合PR会社| 広報、メディアリレーションズ、危険管理、PRコンサルティング PRとは サービス ニュース セミナー 企業情報 IR情報 採用情報 お問い合わせ メディアのみなさまへ EN 中文 検索 PRとは What is PR PRの根幹：メディアリレーションズとは PR会社と広告会社の違いとは？ PR会社の市場推移 PRは人々との信頼関係を築く活動 全国の記者クラブに投げ込み サービス Service 広報・PRコンサルティング デジタルPR 海外広報 危機管理広報 広報教育 インフルエンサーマーケティング AI・ビッグデータソリューション 企業情報 Company 共同PRとは トップメッセージ 経営理念・行動規範 会社概要 グループ会社 沿革 IR情報 Investor Relations 経営情報 株主・投資家の皆様へ IRニュース 業績ハイライト 中期経営計画 株式情報 株式基本情報 株価情報 株主優待 電子公告 IRライブラリ 決算短信 決算補足資料 有価証券報告書 株主通信 IRイベント IRカレンダー 決算説明会 個人投資家向け説明会 株主総会 その他 よくある質問 IRに関するお問い合わせ IRメールマガジン登録フォーム 免責事項 PRとは PRとは PRの根幹：メディアリレーションズとは PR会社と広告会社の違いとは？ PR会社の市場推移 PRは人々との信頼関係を築く活動 全国の記者クラブに投げ込み サービス サービス 広報・PRコンサルティング デジタルPR 危機管理広報 海外,EQUITY,Communication Services,Advertising Agencies
1,2437,"Shinwa Wise Holdings Co.,Ltd.",再生可能エネルギー,GX・エネルギー,,,42.0,30.0,,未確定,C,revenue_share_unknown,unknown,unknown,,,売上構成比を公式資料から数値で確認できず,EQUITY,Consumer Cyclical,Personal Services
1,2437,"Shinwa Wise Holdings Co.,Ltd.",太陽光発電関連,GX・エネルギー,,,66.0,56.0,,未確定,C,revenue_share_unknown,unknown,unknown,,,売上構成比を公式資料から数値で確認できず,EQUITY,Consumer Cyclical,Personal Services
1,2438,"Asukanet Co., Ltd.",フィンテック,金融・金利,,,8.0,5.0,,未確定,C,revenue_share_unknown,unknown,unknown,,,売上構成比を公式資料から数値で確認できず,EQUITY,Consumer Cyclical,Personal Services
1,2440,"Gurunavi, Inc.",IT関連,デジタル・サービス,,,8.0,5.0,,未確定,C,revenue_share_unknown,unknown,unknown,,,売上構成比を公式資料から数値で確認できず,EQUITY,Communication Services,Internet Content & Information
1,2440,"Gurunavi, Inc.",インバウンド,内需・消費,,,42.0,40.0,,未確定,C,macro_sensitivity_required,macro_unknown,unknown,,,売上構成比を公式資料から数値で確認できず,EQUITY,Communication Services,Internet Content & Information
1,2440,"Gurunavi, Inc.",外食,内需・消費,,,92.0,94.0,,未確定,C,revenue_share_unknown,unknown,unknown,,,売上構成比を公式資料から数値で確認できず,EQUITY,Communication Services,Internet Content & Information
1,2440,"Gurunavi, Inc.",生活防衛,内需・消費,,,8.0,5.0,,未確定,C,macro_sensitivity_required,macro_unknown,unknown,,,売上構成比を公式資料から数値で確認できず,EQUITY,Communication Services,Internet Content & Information
