batch,stock_code,long_name,theme_name,cluster,revenue_share_pct,revenue_exposure_score,directness_score,growth_relevance_score,relevance_score,band,confidence,review_flag,score_source,segment_names,share_basis,source_url,evidence
7,6193,"Virtualex Holdings, Inc.",AIエージェント,AI・半導体,,,8.0,5.0,,未確定,C,revenue_share_unknown,unknown,,,,売上セグメントとテーマを直接対応できず
7,6193,"Virtualex Holdings, Inc.",IT関連,デジタル・サービス,,,94.0,98.0,,未確定,C,revenue_share_unknown,unknown,,,,売上セグメントとテーマを直接対応できず
7,6193,"Virtualex Holdings, Inc.",サブスクリプション,デジタル・サービス,,,8.0,5.0,,未確定,C,revenue_share_unknown,unknown,,,,売上セグメントとテーマを直接対応できず
7,6193,"Virtualex Holdings, Inc.",デジタルトランスフォーメーション,デジタル・サービス,,,85.0,82.0,,未確定,C,revenue_share_unknown,unknown,,,,売上セグメントとテーマを直接対応できず
7,6193,"Virtualex Holdings, Inc.",人工知能,AI・半導体,,,92.0,90.0,,未確定,C,revenue_share_unknown,unknown,,,,売上セグメントとテーマを直接対応できず
7,6193,"Virtualex Holdings, Inc.",教育ICT,デジタル・サービス,,,8.0,5.0,,未確定,C,revenue_share_unknown,unknown,,,,売上セグメントとテーマを直接対応できず
7,6193,"Virtualex Holdings, Inc.",生成AI,AI・半導体,,,8.0,5.0,,未確定,C,revenue_share_unknown,unknown,,,,売上セグメントとテーマを直接対応できず
7,6194,"Atrae, Inc.",IT関連,デジタル・サービス,,,8.0,5.0,,未確定,C,revenue_share_unknown,unknown,,,,売上セグメントとテーマを直接対応できず
7,6194,"Atrae, Inc.",人工知能,AI・半導体,,,66.0,66.0,,未確定,C,revenue_share_unknown,unknown,,,,売上セグメントとテーマを直接対応できず
7,6198,"CAREER CO., LTD.",介護関連,医療・ヘルスケア,,,92.0,90.0,,未確定,C,revenue_share_unknown,unknown,,,,売上セグメントとテーマを直接対応できず
7,6199,"SERAKU Co., Ltd.",IT関連,デジタル・サービス,,,94.0,96.0,,未確定,C,revenue_share_unknown,unknown,,,,売上セグメントとテーマを直接対応できず
7,6199,"SERAKU Co., Ltd.",IoT,設備投資・機械,,,92.0,90.0,,未確定,C,revenue_share_unknown,unknown,,,,売上セグメントとテーマを直接対応できず
7,6199,"SERAKU Co., Ltd.",クラウドコンピューティング,デジタル・サービス,,,92.0,90.0,,未確定,C,revenue_share_unknown,unknown,,,,売上セグメントとテーマを直接対応できず
7,6199,"SERAKU Co., Ltd.",サイバーセキュリティ,防衛・国土強靱化,,,92.0,94.0,,未確定,C,revenue_share_unknown,unknown,,,,売上セグメントとテーマを直接対応できず
7,6199,"SERAKU Co., Ltd.",デジタルトランスフォーメーション,デジタル・サービス,,,92.0,94.0,,未確定,C,revenue_share_unknown,unknown,,,,売上セグメントとテーマを直接対応できず
7,6199,"SERAKU Co., Ltd.",人工知能,AI・半導体,,,92.0,90.0,,未確定,C,revenue_share_unknown,unknown,,,,売上セグメントとテーマを直接対応できず
7,619A,,ホテル,内需・消費,,,8.0,5.0,,未確定,C,revenue_share_unknown,unknown,,,,会社公式サイトURL未取得
7,6200,"Insource Co., Ltd.",サブスクリプション,デジタル・サービス,,,72.0,78.0,,未確定,C,revenue_share_unknown,unknown,,,,売上セグメントとテーマを直接対応できず
7,6200,"Insource Co., Ltd.",デジタルトランスフォーメーション,デジタル・サービス,,,92.0,98.0,,未確定,C,revenue_share_unknown,unknown,,,,売上セグメントとテーマを直接対応できず
7,6203,"Howa Machinery, Ltd.",工作機械,設備投資・機械,,,97.0,100.0,,未確定,C,revenue_share_unknown,unknown,,,,売上セグメントとテーマを直接対応できず
7,6203,"Howa Machinery, Ltd.",機械,設備投資・機械,,,82.0,74.0,,未確定,C,revenue_share_unknown,unknown,,,,売上セグメントとテーマを直接対応できず
7,6203,"Howa Machinery, Ltd.",防衛,防衛・国土強靱化,,,90.0,96.0,,未確定,C,revenue_share_unknown,unknown,,,,売上セグメントとテーマを直接対応できず
7,6208,"Ishikawa Seisakusho, Ltd.",半導体製造装置,AI・半導体,,,8.0,5.0,,未確定,C,revenue_share_unknown,unknown,,,,売上セグメントとテーマを直接対応できず
7,6208,"Ishikawa Seisakusho, Ltd.",機械,設備投資・機械,,,82.0,74.0,,未確定,C,revenue_share_unknown,unknown,,,,売上セグメントとテーマを直接対応できず
7,6208,"Ishikawa Seisakusho, Ltd.",防衛,防衛・国土強靱化,,,66.0,56.0,,未確定,C,revenue_share_unknown,unknown,,,,売上セグメントとテーマを直接対応できず
7,6209,NPR-Riken Corporation,半導体製造装置,AI・半導体,,,8.0,5.0,,未確定,C,revenue_share_unknown,unknown,,,,売上セグメントとテーマを直接対応できず
7,6209,NPR-Riken Corporation,自動車部材・部品,自動車・モビリティ,,,82.0,88.0,,未確定,C,revenue_share_unknown,unknown,,,,売上セグメントとテーマを直接対応できず
7,6217,Tsudakoma Corp.,円安メリット,内需・消費,,,8.0,5.0,,未確定,C,macro_sensitivity_required,macro_unknown,,,,売上セグメントとテーマを直接対応できず
7,6217,Tsudakoma Corp.,工作機械,設備投資・機械,,,92.0,90.0,,未確定,C,revenue_share_unknown,unknown,,,,売上セグメントとテーマを直接対応できず
7,6217,Tsudakoma Corp.,空飛ぶクルマ,自動車・モビリティ,,,8.0,5.0,,未確定,C,revenue_share_unknown,unknown,,,,売上セグメントとテーマを直接対応できず
7,6218,ENSHU Limited,工作機械,設備投資・機械,,,97.0,89.0,,未確定,C,revenue_share_unknown,unknown,,,,売上セグメントとテーマを直接対応できず
7,6218,ENSHU Limited,機械,設備投資・機械,,,82.0,74.0,,未確定,C,revenue_share_unknown,unknown,,,,売上セグメントとテーマを直接対応できず
7,6218,ENSHU Limited,自動車製造装置,自動車・モビリティ,,,42.0,30.0,,未確定,C,revenue_share_unknown,unknown,,,,売上セグメントとテーマを直接対応できず
7,6218,ENSHU Limited,自動車部材・部品,自動車・モビリティ,,,42.0,30.0,,未確定,C,revenue_share_unknown,unknown,,,,売上セグメントとテーマを直接対応できず
7,621A,,サブスクリプション,デジタル・サービス,,,8.0,5.0,,未確定,C,revenue_share_unknown,unknown,,,,会社公式サイトURL未取得
7,6222,"Shima Seiki Mfg.,Ltd.",サブスクリプション,デジタル・サービス,,,86.0,88.0,,未確定,C,revenue_share_unknown,unknown,,,,売上セグメントとテーマを直接対応できず
7,6222,"Shima Seiki Mfg.,Ltd.",円安メリット,内需・消費,,,8.0,5.0,,未確定,C,macro_sensitivity_required,macro_unknown,,,,売上セグメントとテーマを直接対応できず
7,6222,"Shima Seiki Mfg.,Ltd.",機械,設備投資・機械,,,82.0,84.0,,未確定,C,revenue_share_unknown,unknown,,,,売上セグメントとテーマを直接対応できず
7,6223,"Seibu Giken Co.,Ltd.",機械,設備投資・機械,,,82.0,84.0,,未確定,C,revenue_share_unknown,unknown,,,,売上セグメントとテーマを直接対応できず
7,6224,"JRC Co.,Ltd.",ロボット,AI・半導体,,,92.0,94.0,,未確定,C,revenue_share_unknown,unknown,,,,売上セグメントとテーマを直接対応できず
7,6224,"JRC Co.,Ltd.",機械,設備投資・機械,,,82.0,84.0,,未確定,C,revenue_share_unknown,unknown,,,,売上セグメントとテーマを直接対応できず
7,6224,"JRC Co.,Ltd.",物流,物流・海運,,,8.0,5.0,,未確定,C,revenue_share_unknown,unknown,,,,売上セグメントとテーマを直接対応できず
7,6224,"JRC Co.,Ltd.",設備投資,設備投資・機械,,,82.0,84.0,,未確定,C,revenue_share_unknown,unknown,,,,売上セグメントとテーマを直接対応できず
7,6225,,機械,設備投資・機械,,,8.0,5.0,,未確定,C,revenue_share_unknown,unknown,,,,会社公式サイトURL未取得
7,6225,,省エネ関連,GX・エネルギー,,,8.0,5.0,,未確定,C,revenue_share_unknown,unknown,,,,会社公式サイトURL未取得
7,6225,,設備投資,設備投資・機械,,,8.0,5.0,,未確定,C,revenue_share_unknown,unknown,,,,会社公式サイトURL未取得
7,6226,"Moriya Transportation Engineering and Manufacturing Co.,Ltd.",倉庫,物流・海運,,,42.0,30.0,,未確定,C,revenue_share_unknown,unknown,,,,売上セグメントとテーマを直接対応できず
7,6226,"Moriya Transportation Engineering and Manufacturing Co.,Ltd.",機械,設備投資・機械,,,42.0,30.0,,未確定,C,revenue_share_unknown,unknown,,,,売上セグメントとテーマを直接対応できず
7,6226,"Moriya Transportation Engineering and Manufacturing Co.,Ltd.",物流,物流・海運,,,8.0,5.0,,未確定,C,revenue_share_unknown,unknown,,,,売上セグメントとテーマを直接対応できず
7,6227,"AIMECHATEC, Ltd.",半導体,AI・半導体,,,92.0,98.0,,未確定,C,revenue_share_unknown,unknown,,,,売上セグメントとテーマを直接対応できず
7,6227,"AIMECHATEC, Ltd.",半導体製造装置,AI・半導体,,,72.0,68.0,,未確定,C,revenue_share_unknown,unknown,,,,売上セグメントとテーマを直接対応できず
7,6227,"AIMECHATEC, Ltd.",機械,設備投資・機械,,,42.0,44.0,,未確定,C,revenue_share_unknown,unknown,,,,売上セグメントとテーマを直接対応できず
7,6228,"J.E.T. Co., Ltd.",半導体,AI・半導体,,,94.0,96.0,,未確定,C,revenue_share_unknown,unknown,,,,売上セグメントとテーマを直接対応できず
7,6228,"J.E.T. Co., Ltd.",半導体製造装置,AI・半導体,,,94.0,96.0,,未確定,C,revenue_share_unknown,unknown,,,,売上セグメントとテーマを直接対応できず
7,6228,"J.E.T. Co., Ltd.",機械,設備投資・機械,,,42.0,40.0,,未確定,C,revenue_share_unknown,unknown,,,,売上セグメントとテーマを直接対応できず
7,6229,Okumura Engineering corp.,アンモニア,GX・エネルギー,,,8.0,5.0,,未確定,C,revenue_share_unknown,unknown,,,,売上セグメントとテーマを直接対応できず
7,6229,Okumura Engineering corp.,水素,GX・エネルギー,,,8.0,5.0,,未確定,C,revenue_share_unknown,unknown,,,,売上セグメントとテーマを直接対応できず
7,6229,Okumura Engineering corp.,脱炭素,GX・エネルギー,,,8.0,5.0,,未確定,C,revenue_share_unknown,unknown,,,,売上セグメントとテーマを直接対応できず
7,622A,,IT関連,デジタル・サービス,,,8.0,5.0,,未確定,C,revenue_share_unknown,unknown,,,,会社公式サイトURL未取得
7,622A,,SaaS,デジタル・サービス,,,8.0,5.0,,未確定,C,revenue_share_unknown,unknown,,,,会社公式サイトURL未取得
7,622A,,サブスクリプション,デジタル・サービス,,,8.0,5.0,,未確定,C,revenue_share_unknown,unknown,,,,会社公式サイトURL未取得
7,6230,Sanei Ltd.,IoT,設備投資・機械,,,8.0,5.0,,未確定,C,revenue_share_unknown,unknown,,,,売上セグメントとテーマを直接対応できず
7,6230,Sanei Ltd.,水道関連,防衛・国土強靱化,,,8.0,5.0,,未確定,C,revenue_share_unknown,unknown,,,,売上セグメントとテーマを直接対応できず
7,6231,"KIMURA KOHKI Co.,Ltd.",データセンター,データセンター・電力,,,8.0,5.0,,未確定,C,revenue_share_unknown,unknown,,,,売上セグメントとテーマを直接対応できず
7,6231,"KIMURA KOHKI Co.,Ltd.",機械,設備投資・機械,,,42.0,40.0,,未確定,C,revenue_share_unknown,unknown,,,,売上セグメントとテーマを直接対応できず
7,6232,ACSL Ltd.,IoT,設備投資・機械,,,8.0,5.0,,未確定,C,revenue_share_unknown,unknown,,,,売上セグメントとテーマを直接対応できず
7,6232,ACSL Ltd.,サブスクリプション,デジタル・サービス,,,8.0,5.0,,未確定,C,revenue_share_unknown,unknown,,,,売上セグメントとテーマを直接対応できず
7,6232,ACSL Ltd.,ドローン,防衛・国土強靱化,,,92.0,84.0,,未確定,C,revenue_share_unknown,unknown,,,,売上セグメントとテーマを直接対応できず
7,6232,ACSL Ltd.,人工知能,AI・半導体,,,8.0,5.0,,未確定,C,revenue_share_unknown,unknown,,,,売上セグメントとテーマを直接対応できず
7,6232,ACSL Ltd.,宇宙開発関連,防衛・国土強靱化,,,8.0,5.0,,未確定,C,revenue_share_unknown,unknown,,,,売上セグメントとテーマを直接対応できず
7,6232,ACSL Ltd.,空飛ぶクルマ,自動車・モビリティ,,,8.0,5.0,,未確定,C,revenue_share_unknown,unknown,,,,売上セグメントとテーマを直接対応できず
7,6232,ACSL Ltd.,防衛,防衛・国土強靱化,,,8.0,5.0,,未確定,C,revenue_share_unknown,unknown,,,,売上セグメントとテーマを直接対応できず
7,6233,KLASS Corporation,FA関連,設備投資・機械,,,72.0,68.0,,未確定,C,revenue_share_unknown,unknown,,,,売上セグメントとテーマを直接対応できず
7,6233,KLASS Corporation,ロボット,AI・半導体,,,72.0,68.0,,未確定,C,revenue_share_unknown,unknown,,,,売上セグメントとテーマを直接対応できず
7,6233,KLASS Corporation,住宅関連,不動産・建設,,,58.0,54.0,,未確定,C,revenue_share_unknown,unknown,,,,売上セグメントとテーマを直接対応できず
7,6233,KLASS Corporation,機械,設備投資・機械,,,82.0,84.0,,未確定,C,revenue_share_unknown,unknown,,,,売上セグメントとテーマを直接対応できず
7,6233,KLASS Corporation,蓄電池,GX・エネルギー,,,42.0,40.0,,未確定,C,revenue_share_unknown,unknown,,,,売上セグメントとテーマを直接対応できず
7,6235,"Optorun Co.,Ltd.",データセンター,データセンター・電力,,,8.0,5.0,,未確定,C,revenue_share_unknown,unknown,,,,売上セグメントとテーマを直接対応できず
7,6235,"Optorun Co.,Ltd.",医療機器,医療・ヘルスケア,,,8.0,5.0,,未確定,C,revenue_share_unknown,unknown,,,,売上セグメントとテーマを直接対応できず
7,6235,"Optorun Co.,Ltd.",半導体,AI・半導体,,,90.0,68.0,,未確定,C,revenue_share_unknown,unknown,,,,売上セグメントとテーマを直接対応できず
7,6235,"Optorun Co.,Ltd.",機械,設備投資・機械,,,82.0,74.0,,未確定,C,revenue_share_unknown,unknown,,,,売上セグメントとテーマを直接対応できず
7,6237,"Iwaki Co., Ltd.",サーバー冷却,データセンター・電力,,,8.0,5.0,,未確定,C,revenue_share_unknown,unknown,,,,売上セグメントとテーマを直接対応できず
7,6237,"Iwaki Co., Ltd.",データセンター,データセンター・電力,,,90.0,68.0,,未確定,C,revenue_share_unknown,unknown,,,,売上セグメントとテーマを直接対応できず
7,6237,"Iwaki Co., Ltd.",医療機器,医療・ヘルスケア,,,92.0,90.0,,未確定,C,revenue_share_unknown,unknown,,,,売上セグメントとテーマを直接対応できず
7,6237,"Iwaki Co., Ltd.",半導体製造装置,AI・半導体,,,8.0,5.0,,未確定,C,revenue_share_unknown,unknown,,,,売上セグメントとテーマを直接対応できず
7,6237,"Iwaki Co., Ltd.",機械,設備投資・機械,,,82.0,84.0,,未確定,C,revenue_share_unknown,unknown,,,,売上セグメントとテーマを直接対応できず
7,6239,Nagaoka International Corporation,機械,設備投資・機械,,,8.0,5.0,,未確定,C,revenue_share_unknown,unknown,,,,売上セグメントとテーマを直接対応できず
7,6239,Nagaoka International Corporation,水道関連,防衛・国土強靱化,,,92.0,98.0,,未確定,C,revenue_share_unknown,unknown,,,,売上セグメントとテーマを直接対応できず
7,623A,,マンション関連,不動産・建設,,,8.0,5.0,,未確定,C,revenue_share_unknown,unknown,,,,会社公式サイトURL未取得
7,623A,,不動産ファンド,不動産・建設,,,8.0,5.0,,未確定,C,revenue_share_unknown,unknown,,,,会社公式サイトURL未取得
7,623A,,不動産関連,不動産・建設,,,8.0,5.0,,未確定,C,revenue_share_unknown,unknown,,,,会社公式サイトURL未取得
7,6240,Yamashin-Filter Corp.,建設機械,設備投資・機械,,,92.0,94.0,,未確定,C,revenue_share_unknown,unknown,,,,売上セグメントとテーマを直接対応できず
7,6245,"HIRANO TECSEED Co.,Ltd.",機械,設備投資・機械,,,92.0,84.0,,未確定,C,revenue_share_unknown,unknown,,,,売上セグメントとテーマを直接対応できず
7,6245,"HIRANO TECSEED Co.,Ltd.",電気自動車関連,自動車・モビリティ,,,8.0,5.0,,未確定,C,revenue_share_unknown,unknown,,,,売上セグメントとテーマを直接対応できず
7,6246,Techno Smart Corp.,機械,設備投資・機械,,,82.0,74.0,,未確定,C,revenue_share_unknown,unknown,,,,売上セグメントとテーマを直接対応できず
7,6247,"Hisaka Works, Ltd.",機械,設備投資・機械,,,92.0,94.0,,未確定,C,revenue_share_unknown,unknown,,,,売上セグメントとテーマを直接対応できず
7,6248,"Yokota Manufacturing Co., Ltd.",機械,設備投資・機械,,,82.0,84.0,,未確定,C,revenue_share_unknown,unknown,,,,売上セグメントとテーマを直接対応できず
7,6249,"Gamecard Holdings, Inc.",機械,設備投資・機械,,,46.0,44.0,,未確定,C,revenue_share_unknown,unknown,,,,売上セグメントとテーマを直接対応できず
7,624A,,デジタルトランスフォーメーション,デジタル・サービス,,,8.0,5.0,,未確定,C,revenue_share_unknown,unknown,,,,会社公式サイトURL未取得
7,6250,Yamabiko Corporation,ドローン,防衛・国土強靱化,,,8.0,5.0,,未確定,C,revenue_share_unknown,unknown,,,,売上セグメントとテーマを直接対応できず
7,6250,Yamabiko Corporation,機械,設備投資・機械,,,92.0,84.0,,未確定,C,revenue_share_unknown,unknown,,,,売上セグメントとテーマを直接対応できず
7,6250,Yamabiko Corporation,水素,GX・エネルギー,,,8.0,5.0,,未確定,C,revenue_share_unknown,unknown,,,,売上セグメントとテーマを直接対応できず
7,6254,"Nomura Micro Science Co., Ltd.",半導体,AI・半導体,,,42.0,30.0,,未確定,C,revenue_share_unknown,unknown,,,,売上セグメントとテーマを直接対応できず
7,6254,"Nomura Micro Science Co., Ltd.",半導体製造装置,AI・半導体,,,8.0,5.0,,未確定,C,revenue_share_unknown,unknown,,,,売上セグメントとテーマを直接対応できず
7,6254,"Nomura Micro Science Co., Ltd.",機械,設備投資・機械,,,42.0,30.0,,未確定,C,revenue_share_unknown,unknown,,,,売上セグメントとテーマを直接対応できず
7,6255,NPC Incorporated,FA関連,設備投資・機械,,,92.0,98.0,,未確定,C,revenue_share_unknown,unknown,,,,売上セグメントとテーマを直接対応できず
7,6255,NPC Incorporated,再生可能エネルギー,GX・エネルギー,,,8.0,5.0,,未確定,C,revenue_share_unknown,unknown,,,,売上セグメントとテーマを直接対応できず
7,6255,NPC Incorporated,太陽光発電関連,GX・エネルギー,,,92.0,98.0,,未確定,C,revenue_share_unknown,unknown,,,,売上セグメントとテーマを直接対応できず
7,6255,NPC Incorporated,機械,設備投資・機械,,,82.0,86.0,,未確定,C,revenue_share_unknown,unknown,,,,売上セグメントとテーマを直接対応できず
7,6257,"Fujishoji Co.,Ltd.",機械,設備投資・機械,,,42.0,42.0,,未確定,C,revenue_share_unknown,unknown,,,,売上セグメントとテーマを直接対応できず
7,6258,Hirata Corporation,FA関連,設備投資・機械,,,90.0,68.0,,未確定,C,revenue_share_unknown,unknown,,,,売上セグメントとテーマを直接対応できず
7,6258,Hirata Corporation,ロボット,AI・半導体,,,92.0,84.0,,未確定,C,revenue_share_unknown,unknown,,,,売上セグメントとテーマを直接対応できず
7,6258,Hirata Corporation,医療機器,医療・ヘルスケア,,,8.0,5.0,,未確定,C,revenue_share_unknown,unknown,,,,売上セグメントとテーマを直接対応できず
7,6258,Hirata Corporation,半導体,AI・半導体,,,92.0,84.0,,未確定,C,revenue_share_unknown,unknown,,,,売上セグメントとテーマを直接対応できず
7,6258,Hirata Corporation,半導体製造装置,AI・半導体,,,42.0,30.0,,未確定,C,revenue_share_unknown,unknown,,,,売上セグメントとテーマを直接対応できず
7,6258,Hirata Corporation,機械,設備投資・機械,,,82.0,74.0,,未確定,C,revenue_share_unknown,unknown,,,,売上セグメントとテーマを直接対応できず
7,6258,Hirata Corporation,自動車製造装置,自動車・モビリティ,,,8.0,5.0,,未確定,C,revenue_share_unknown,unknown,,,,売上セグメントとテーマを直接対応できず
7,6258,Hirata Corporation,電気自動車関連,自動車・モビリティ,,,92.0,84.0,,未確定,C,revenue_share_unknown,unknown,,,,売上セグメントとテーマを直接対応できず
7,6262,"Pegasus Co., Ltd.",円安メリット,内需・消費,,,8.0,5.0,,未確定,C,macro_sensitivity_required,macro_unknown,,,,売上セグメントとテーマを直接対応できず
7,6262,"Pegasus Co., Ltd.",自動車部材・部品,自動車・モビリティ,,,66.0,56.0,,未確定,C,revenue_share_unknown,unknown,,,,売上セグメントとテーマを直接対応できず
7,6264,"Marumae Co., Ltd.",ロボット,AI・半導体,,,8.0,5.0,,未確定,C,revenue_share_unknown,unknown,,,,売上セグメントとテーマを直接対応できず
7,6264,"Marumae Co., Ltd.",半導体,AI・半導体,,,8.0,5.0,,未確定,C,revenue_share_unknown,unknown,,,,売上セグメントとテーマを直接対応できず
7,6264,"Marumae Co., Ltd.",半導体製造装置,AI・半導体,,,8.0,5.0,,未確定,C,revenue_share_unknown,unknown,,,,売上セグメントとテーマを直接対応できず
7,6265,CONVUM Ltd.,ロボット,AI・半導体,,,92.0,84.0,,未確定,C,revenue_share_unknown,unknown,,,,売上セグメントとテーマを直接対応できず
7,6265,CONVUM Ltd.,半導体,AI・半導体,,,8.0,5.0,,未確定,C,revenue_share_unknown,unknown,,,,売上セグメントとテーマを直接対応できず
7,6265,CONVUM Ltd.,半導体製造装置,AI・半導体,,,8.0,5.0,,未確定,C,revenue_share_unknown,unknown,,,,売上セグメントとテーマを直接対応できず
7,6265,CONVUM Ltd.,機械,設備投資・機械,,,82.0,74.0,,未確定,C,revenue_share_unknown,unknown,,,,売上セグメントとテーマを直接対応できず
7,6266,"Tazmo Co., Ltd.",FA関連,設備投資・機械,,,8.0,5.0,,未確定,C,revenue_share_unknown,unknown,,,,売上セグメントとテーマを直接対応できず
7,6266,"Tazmo Co., Ltd.",ロボット,AI・半導体,,,92.0,98.0,,未確定,C,revenue_share_unknown,unknown,,,,売上セグメントとテーマを直接対応できず
7,6266,"Tazmo Co., Ltd.",半導体製造装置,AI・半導体,,,97.0,100.0,,未確定,C,revenue_share_unknown,unknown,,,,売上セグメントとテーマを直接対応できず
7,6266,"Tazmo Co., Ltd.",機械,設備投資・機械,,,42.0,40.0,,未確定,C,revenue_share_unknown,unknown,,,,売上セグメントとテーマを直接対応できず
7,6266,"Tazmo Co., Ltd.",設備投資,設備投資・機械,,,66.0,66.0,,未確定,C,revenue_share_unknown,unknown,,,,売上セグメントとテーマを直接対応できず
7,6267,"General Packer Co., Ltd.",機械,設備投資・機械,,,82.0,74.0,,未確定,C,revenue_share_unknown,unknown,,,,売上セグメントとテーマを直接対応できず
7,6268,Nabtesco Corporation,3Dプリンター,設備投資・機械,,,8.0,5.0,,未確定,C,revenue_share_unknown,unknown,,,,売上セグメントとテーマを直接対応できず
7,6268,Nabtesco Corporation,サービスロボット,設備投資・機械,,,42.0,30.0,,未確定,C,revenue_share_unknown,unknown,,,,売上セグメントとテーマを直接対応できず
7,6268,Nabtesco Corporation,スマートグリッド,データセンター・電力,,,8.0,5.0,,未確定,C,revenue_share_unknown,unknown,,,,売上セグメントとテーマを直接対応できず
7,6268,Nabtesco Corporation,フィジカルAI,AI・半導体,,,42.0,30.0,,未確定,C,revenue_share_unknown,unknown,,,,売上セグメントとテーマを直接対応できず
7,6268,Nabtesco Corporation,ロボット,AI・半導体,,,92.0,84.0,,未確定,C,revenue_share_unknown,unknown,,,,売上セグメントとテーマを直接対応できず
7,6268,Nabtesco Corporation,太陽光発電関連,GX・エネルギー,,,8.0,5.0,,未確定,C,revenue_share_unknown,unknown,,,,売上セグメントとテーマを直接対応できず
7,6268,Nabtesco Corporation,工作機械,設備投資・機械,,,42.0,30.0,,未確定,C,revenue_share_unknown,unknown,,,,売上セグメントとテーマを直接対応できず
7,6268,Nabtesco Corporation,建設機械,設備投資・機械,,,97.0,89.0,,未確定,C,revenue_share_unknown,unknown,,,,売上セグメントとテーマを直接対応できず
7,6268,Nabtesco Corporation,自動車部材・部品,自動車・モビリティ,,,42.0,30.0,,未確定,C,revenue_share_unknown,unknown,,,,売上セグメントとテーマを直接対応できず
7,6268,Nabtesco Corporation,設備投資,設備投資・機械,,,82.0,74.0,,未確定,C,revenue_share_unknown,unknown,,,,売上セグメントとテーマを直接対応できず
7,6268,Nabtesco Corporation,鉄道関連,物流・海運,,,97.0,100.0,,未確定,C,revenue_share_unknown,unknown,,,,売上セグメントとテーマを直接対応できず
7,6268,Nabtesco Corporation,防衛,防衛・国土強靱化,,,8.0,5.0,,未確定,C,revenue_share_unknown,unknown,,,,売上セグメントとテーマを直接対応できず
7,6268,Nabtesco Corporation,風力発電,GX・エネルギー,,,90.0,96.0,,未確定,C,revenue_share_unknown,unknown,,,,売上セグメントとテーマを直接対応できず
7,6269,"MODEC, Inc.",アンモニア,GX・エネルギー,,,8.0,5.0,,未確定,C,revenue_share_unknown,unknown,,,,売上セグメントとテーマを直接対応できず
7,6269,"MODEC, Inc.",レアアース,資源・素材,,,8.0,5.0,,未確定,C,revenue_share_unknown,unknown,,,,売上セグメントとテーマを直接対応できず
7,6269,"MODEC, Inc.",レアメタル,資源・素材,,,8.0,5.0,,未確定,C,revenue_share_unknown,unknown,,,,売上セグメントとテーマを直接対応できず
7,6269,"MODEC, Inc.",機械,設備投資・機械,,,42.0,30.0,,未確定,C,revenue_share_unknown,unknown,,,,売上セグメントとテーマを直接対応できず
7,6269,"MODEC, Inc.",脱炭素,GX・エネルギー,,,8.0,5.0,,未確定,C,revenue_share_unknown,unknown,,,,売上セグメントとテーマを直接対応できず
7,6269,"MODEC, Inc.",資源開発,資源・素材,,,8.0,5.0,,未確定,C,revenue_share_unknown,unknown,,,,売上セグメントとテーマを直接対応できず
7,6272,"Rheon Automatic Machinery Co., Ltd.",ロボット,AI・半導体,,,42.0,40.0,,未確定,C,revenue_share_unknown,unknown,,,,売上セグメントとテーマを直接対応できず
7,6272,"Rheon Automatic Machinery Co., Ltd.",円安メリット,内需・消費,,,8.0,5.0,,未確定,C,macro_sensitivity_required,macro_unknown,,,,売上セグメントとテーマを直接対応できず
7,6272,"Rheon Automatic Machinery Co., Ltd.",機械,設備投資・機械,,,97.0,99.0,,未確定,C,revenue_share_unknown,unknown,,,,売上セグメントとテーマを直接対応できず
7,6273,SMC Corporation,FA関連,設備投資・機械,,,8.0,5.0,,未確定,C,revenue_share_unknown,unknown,,,,売上セグメントとテーマを直接対応できず
7,6273,SMC Corporation,サービスロボット,設備投資・機械,,,42.0,30.0,,未確定,C,revenue_share_unknown,unknown,,,,売上セグメントとテーマを直接対応できず
7,6273,SMC Corporation,フィジカルAI,AI・半導体,,,42.0,30.0,,未確定,C,revenue_share_unknown,unknown,,,,売上セグメントとテーマを直接対応できず
7,6273,SMC Corporation,ロボット,AI・半導体,,,92.0,84.0,,未確定,C,revenue_share_unknown,unknown,,,,売上セグメントとテーマを直接対応できず
7,6273,SMC Corporation,円安メリット,内需・消費,,,8.0,5.0,,未確定,C,macro_sensitivity_required,macro_unknown,,,,売上セグメントとテーマを直接対応できず
7,6273,SMC Corporation,機械,設備投資・機械,,,82.0,74.0,,未確定,C,revenue_share_unknown,unknown,,,,売上セグメントとテーマを直接対応できず
7,6273,SMC Corporation,設備投資,設備投資・機械,,,82.0,74.0,,未確定,C,revenue_share_unknown,unknown,,,,売上セグメントとテーマを直接対応できず
7,6276,"SiriusVision Co., Ltd.",クラウドコンピューティング,デジタル・サービス,,,92.0,90.0,,未確定,C,revenue_share_unknown,unknown,,,,売上セグメントとテーマを直接対応できず
7,6276,"SiriusVision Co., Ltd.",サブスクリプション,デジタル・サービス,,,8.0,5.0,,未確定,C,revenue_share_unknown,unknown,,,,売上セグメントとテーマを直接対応できず
7,6276,"SiriusVision Co., Ltd.",デジタルトランスフォーメーション,デジタル・サービス,,,82.0,84.0,,未確定,C,revenue_share_unknown,unknown,,,,売上セグメントとテーマを直接対応できず
7,6276,"SiriusVision Co., Ltd.",人工知能,AI・半導体,,,92.0,90.0,,未確定,C,revenue_share_unknown,unknown,,,,売上セグメントとテーマを直接対応できず
7,6277,Hosokawa Micron Corporation,全固体電池,自動車・モビリティ,,,8.0,5.0,,未確定,C,revenue_share_unknown,unknown,,,,売上セグメントとテーマを直接対応できず
7,6278,Union Tool Co.,医療機器,医療・ヘルスケア,,,8.0,5.0,,未確定,C,revenue_share_unknown,unknown,,,,売上セグメントとテーマを直接対応できず
7,6278,Union Tool Co.,半導体製造装置,AI・半導体,,,8.0,5.0,,未確定,C,revenue_share_unknown,unknown,,,,売上セグメントとテーマを直接対応できず
7,6278,Union Tool Co.,工作機械,設備投資・機械,,,42.0,40.0,,未確定,C,revenue_share_unknown,unknown,,,,売上セグメントとテーマを直接対応できず
7,6278,Union Tool Co.,機械,設備投資・機械,,,42.0,40.0,,未確定,C,revenue_share_unknown,unknown,,,,売上セグメントとテーマを直接対応できず
7,6278,Union Tool Co.,設備投資,設備投資・機械,,,42.0,40.0,,未確定,C,revenue_share_unknown,unknown,,,,売上セグメントとテーマを直接対応できず
7,6279,Zuiko Corporation,機械,設備投資・機械,,,82.0,84.0,,未確定,C,revenue_share_unknown,unknown,,,,売上セグメントとテーマを直接対応できず
7,627A,,IT関連,デジタル・サービス,,,8.0,5.0,,未確定,C,revenue_share_unknown,unknown,,,,会社公式サイトURL未取得
7,6282,Oiles Corporation,国土強靱化,防衛・国土強靱化,,,42.0,30.0,,未確定,C,revenue_share_unknown,unknown,,,,売上セグメントとテーマを直接対応できず
7,6282,Oiles Corporation,建設機械,設備投資・機械,,,92.0,84.0,,未確定,C,revenue_share_unknown,unknown,,,,売上セグメントとテーマを直接対応できず
7,6282,Oiles Corporation,耐震化,防衛・国土強靱化,,,8.0,5.0,,未確定,C,revenue_share_unknown,unknown,,,,売上セグメントとテーマを直接対応できず
7,6282,Oiles Corporation,自動車部材・部品,自動車・モビリティ,,,8.0,5.0,,未確定,C,revenue_share_unknown,unknown,,,,売上セグメントとテーマを直接対応できず
7,6282,Oiles Corporation,防災,防衛・国土強靱化,,,42.0,30.0,,未確定,C,revenue_share_unknown,unknown,,,,売上セグメントとテーマを直接対応できず
7,6284,"Nissei ASB Machine Co., Ltd.",円安メリット,内需・消費,,,8.0,5.0,,未確定,C,macro_sensitivity_required,macro_unknown,,,,売上セグメントとテーマを直接対応できず
7,6284,"Nissei ASB Machine Co., Ltd.",機械,設備投資・機械,,,82.0,84.0,,未確定,C,revenue_share_unknown,unknown,,,,売上セグメントとテーマを直接対応できず
7,6286,Seiko Corporation,FA関連,設備投資・機械,,,92.0,98.0,,未確定,C,revenue_share_unknown,unknown,,,,売上セグメントとテーマを直接対応できず
7,6286,Seiko Corporation,機械,設備投資・機械,19.03,23.8,92.0,84.0,53.3,補助関連,B,structured_segment_v6_needs_final_qa,structured_segment_v6,産業機械事業,external_customer_sales_table_v6,https://www.seiko-co.com/ir/pdf/tanshin202703_1q.pdf,"内訳）
親会社株主に係る四半期包括利益 177,634 449,471
非支配株主に係る四半期包括利益 － －
（四半期包括利益計算書）
- 7 -
靜甲㈱ (6286) 2027年３月期 第１四半期決算短信
（３）四半期連結財務諸表に関する注記事項
（四半期連結財務諸表の作成に特有の会計処理に関する注記）
（税金費用の計算方法）
当第１四半期連結会計期間を含む連結会計年度の税引前当期純利益に対する税効果会計適用後の実効税率を合理的
に見積り、税引前四半期純利益に当該見積実効税率を乗じて計算しております。
- 8 -
靜甲㈱ (6286) 2027年３月期 第１四半期決算短信
（単位：千円）
報告セグメント
合計
産業機械事業 冷間鍛造事業 電機機器事業 車両関係事業
不動産等賃貸
事業
売上高
（1）外部顧客への売上高 2,277,648 392,749 2,084,140 5,889,783 34,556 10,678,878
（2）セグメント間の内部
売上高又は振替高 39,066 - 2,887 31,380 85,737 159,071
計 2,316,714 392,749"
7,6286,Seiko Corporation,自動車部材・部品,自動車・モビリティ,,,72.0,78.0,,未確定,C,revenue_share_unknown,unknown,,,,売上セグメントとテーマを直接対応できず
7,6287,Sato Corporation,キャッシュレス決済,金融・金利,,,8.0,5.0,,未確定,C,revenue_share_unknown,unknown,,,,売上セグメントとテーマを直接対応できず
7,6287,Sato Corporation,介護関連,医療・ヘルスケア,,,8.0,5.0,,未確定,C,revenue_share_unknown,unknown,,,,売上セグメントとテーマを直接対応できず
7,6287,Sato Corporation,機械,設備投資・機械,,,42.0,42.0,,未確定,C,revenue_share_unknown,unknown,,,,売上セグメントとテーマを直接対応できず
7,6289,Giken Ltd.,国土強靱化,防衛・国土強靱化,,,42.0,40.0,,未確定,C,revenue_share_unknown,unknown,,,,売上セグメントとテーマを直接対応できず
7,6289,Giken Ltd.,建設機械,設備投資・機械,,,92.0,94.0,,未確定,C,revenue_share_unknown,unknown,,,,売上セグメントとテーマを直接対応できず
7,6289,Giken Ltd.,機械,設備投資・機械,,,72.0,68.0,,未確定,C,revenue_share_unknown,unknown,,,,売上セグメントとテーマを直接対応できず
7,6289,Giken Ltd.,耐震化,防衛・国土強靱化,,,8.0,5.0,,未確定,C,revenue_share_unknown,unknown,,,,売上セグメントとテーマを直接対応できず
7,6289,Giken Ltd.,防災,防衛・国土強靱化,,,72.0,78.0,,未確定,C,revenue_share_unknown,unknown,,,,売上セグメントとテーマを直接対応できず
7,6291,"Airtech Japan, Ltd.",機械,設備投資・機械,,,42.0,30.0,,未確定,C,revenue_share_unknown,unknown,,,,売上セグメントとテーマを直接対応できず
7,6292,"Kawata Mfg. Co., Ltd.",全固体電池,自動車・モビリティ,,,8.0,5.0,,未確定,C,revenue_share_unknown,unknown,,,,売上セグメントとテーマを直接対応できず
7,6292,"Kawata Mfg. Co., Ltd.",機械,設備投資・機械,,,82.0,74.0,,未確定,C,revenue_share_unknown,unknown,,,,売上セグメントとテーマを直接対応できず
7,6292,"Kawata Mfg. Co., Ltd.",自動車製造装置,自動車・モビリティ,,,8.0,5.0,,未確定,C,revenue_share_unknown,unknown,,,,売上セグメントとテーマを直接対応できず
7,6292,"Kawata Mfg. Co., Ltd.",自動車軽量化,自動車・モビリティ,,,8.0,5.0,,未確定,C,revenue_share_unknown,unknown,,,,売上セグメントとテーマを直接対応できず
7,6292,"Kawata Mfg. Co., Ltd.",電気自動車関連,自動車・モビリティ,,,8.0,5.0,,未確定,C,revenue_share_unknown,unknown,,,,売上セグメントとテーマを直接対応できず
7,6294,Okada Aiyon Corporation,国土強靱化,防衛・国土強靱化,,,8.0,5.0,,未確定,C,revenue_share_unknown,unknown,,,,売上セグメントとテーマを直接対応できず
7,6294,Okada Aiyon Corporation,建設機械,設備投資・機械,,,82.0,74.0,,未確定,C,revenue_share_unknown,unknown,,,,売上セグメントとテーマを直接対応できず
7,6298,"Y.A.C. Holdings Co., Ltd.",医療機器,医療・ヘルスケア,,,8.0,5.0,,未確定,C,revenue_share_unknown,unknown,,,,売上セグメントとテーマを直接対応できず
7,6298,"Y.A.C. Holdings Co., Ltd.",半導体,AI・半導体,,,92.0,98.0,,未確定,C,revenue_share_unknown,unknown,,,,売上セグメントとテーマを直接対応できず
7,6298,"Y.A.C. Holdings Co., Ltd.",半導体製造装置,AI・半導体,,,42.0,42.0,,未確定,C,revenue_share_unknown,unknown,,,,売上セグメントとテーマを直接対応できず
7,6298,"Y.A.C. Holdings Co., Ltd.",機械,設備投資・機械,,,92.0,96.0,,未確定,C,revenue_share_unknown,unknown,,,,売上セグメントとテーマを直接対応できず
7,6301,Komatsu Ltd.,3Dプリンター,設備投資・機械,,,8.0,5.0,,未確定,C,revenue_share_unknown,unknown,,,,売上セグメントとテーマを直接対応できず
7,6301,Komatsu Ltd.,FA関連,設備投資・機械,,,8.0,5.0,,未確定,C,revenue_share_unknown,unknown,,,,売上セグメントとテーマを直接対応できず
7,6301,Komatsu Ltd.,IoT,設備投資・機械,,,8.0,5.0,,未確定,C,revenue_share_unknown,unknown,,,,売上セグメントとテーマを直接対応できず
7,6301,Komatsu Ltd.,ドローン,防衛・国土強靱化,,,8.0,5.0,,未確定,C,revenue_share_unknown,unknown,,,,売上セグメントとテーマを直接対応できず
7,6301,Komatsu Ltd.,リチウムイオン電池,自動車・モビリティ,,,42.0,40.0,,未確定,C,revenue_share_unknown,unknown,,,,売上セグメントとテーマを直接対応できず
7,6301,Komatsu Ltd.,円安メリット,内需・消費,,,8.0,5.0,,未確定,C,macro_sensitivity_required,macro_unknown,,,,売上セグメントとテーマを直接対応できず
7,6301,Komatsu Ltd.,国土強靱化,防衛・国土強靱化,,,42.0,40.0,,未確定,C,revenue_share_unknown,unknown,,,,売上セグメントとテーマを直接対応できず
7,6301,Komatsu Ltd.,工作機械,設備投資・機械,,,42.0,40.0,,未確定,C,revenue_share_unknown,unknown,,,,売上セグメントとテーマを直接対応できず
7,6301,Komatsu Ltd.,建設機械,設備投資・機械,,,97.0,99.0,,未確定,C,revenue_share_unknown,unknown,,,,売上セグメントとテーマを直接対応できず
7,6301,Komatsu Ltd.,水素,GX・エネルギー,,,8.0,5.0,,未確定,C,revenue_share_unknown,unknown,,,,売上セグメントとテーマを直接対応できず
7,6301,Komatsu Ltd.,自動車製造装置,自動車・モビリティ,,,8.0,5.0,,未確定,C,revenue_share_unknown,unknown,,,,売上セグメントとテーマを直接対応できず
7,6301,Komatsu Ltd.,自動運転車,自動車・モビリティ,,,90.0,68.0,,未確定,C,revenue_share_unknown,unknown,,,,売上セグメントとテーマを直接対応できず
7,6301,Komatsu Ltd.,蓄電池,GX・エネルギー,,,42.0,40.0,,未確定,C,revenue_share_unknown,unknown,,,,売上セグメントとテーマを直接対応できず
7,6301,Komatsu Ltd.,防衛,防衛・国土強靱化,,,8.0,5.0,,未確定,C,revenue_share_unknown,unknown,,,,売上セグメントとテーマを直接対応できず
7,6302,"Sumitomo Heavy Industries, Ltd.",FA関連,設備投資・機械,,,42.0,30.0,,未確定,C,revenue_share_unknown,unknown,,,,売上セグメントとテーマを直接対応できず
7,6302,"Sumitomo Heavy Industries, Ltd.",フィジカルAI,AI・半導体,,,8.0,5.0,,未確定,C,revenue_share_unknown,unknown,,,,売上セグメントとテーマを直接対応できず
7,6302,"Sumitomo Heavy Industries, Ltd.",ロボット,AI・半導体,,,8.0,5.0,,未確定,C,revenue_share_unknown,unknown,,,,売上セグメントとテーマを直接対応できず
7,6302,"Sumitomo Heavy Industries, Ltd.",医療機器,医療・ヘルスケア,,,8.0,5.0,,未確定,C,revenue_share_unknown,unknown,,,,売上セグメントとテーマを直接対応できず
7,6302,"Sumitomo Heavy Industries, Ltd.",半導体製造装置,AI・半導体,,,82.0,74.0,,未確定,C,revenue_share_unknown,unknown,,,,売上セグメントとテーマを直接対応できず
7,6302,"Sumitomo Heavy Industries, Ltd.",宇宙開発関連,防衛・国土強靱化,,,8.0,5.0,,未確定,C,revenue_share_unknown,unknown,,,,売上セグメントとテーマを直接対応できず
7,6302,"Sumitomo Heavy Industries, Ltd.",建設機械,設備投資・機械,,,66.0,56.0,,未確定,C,revenue_share_unknown,unknown,,,,売上セグメントとテーマを直接対応できず
7,6302,"Sumitomo Heavy Industries, Ltd.",機械,設備投資・機械,,,92.0,84.0,,未確定,C,revenue_share_unknown,unknown,,,,売上セグメントとテーマを直接対応できず
7,6302,"Sumitomo Heavy Industries, Ltd.",自動車軽量化,自動車・モビリティ,,,8.0,5.0,,未確定,C,revenue_share_unknown,unknown,,,,売上セグメントとテーマを直接対応できず
7,6302,"Sumitomo Heavy Industries, Ltd.",蓄電池,GX・エネルギー,,,8.0,5.0,,未確定,C,revenue_share_unknown,unknown,,,,売上セグメントとテーマを直接対応できず
7,6302,"Sumitomo Heavy Industries, Ltd.",設備投資,設備投資・機械,,,92.0,84.0,,未確定,C,revenue_share_unknown,unknown,,,,売上セグメントとテーマを直接対応できず
7,6302,"Sumitomo Heavy Industries, Ltd.",防衛,防衛・国土強靱化,,,66.0,56.0,,未確定,C,revenue_share_unknown,unknown,,,,売上セグメントとテーマを直接対応できず
7,6305,"Hitachi Construction Machinery Co., Ltd.",FA関連,設備投資・機械,,,8.0,5.0,,未確定,C,revenue_share_unknown,unknown,,,,売上セグメントとテーマを直接対応できず
7,6305,"Hitachi Construction Machinery Co., Ltd.",円安メリット,内需・消費,,,8.0,5.0,,未確定,C,macro_sensitivity_required,macro_unknown,,,,売上セグメントとテーマを直接対応できず
7,6305,"Hitachi Construction Machinery Co., Ltd.",国土強靱化,防衛・国土強靱化,,,8.0,5.0,,未確定,C,revenue_share_unknown,unknown,,,,売上セグメントとテーマを直接対応できず
7,6305,"Hitachi Construction Machinery Co., Ltd.",建設機械,設備投資・機械,,,97.0,89.0,,未確定,C,revenue_share_unknown,unknown,,,,売上セグメントとテーマを直接対応できず
7,6306,"Nikko Co., Ltd.",アンモニア,GX・エネルギー,,,8.0,5.0,,未確定,C,revenue_share_unknown,unknown,,,,売上セグメントとテーマを直接対応できず
7,6306,"Nikko Co., Ltd.",国土強靱化,防衛・国土強靱化,,,8.0,5.0,,未確定,C,revenue_share_unknown,unknown,,,,売上セグメントとテーマを直接対応できず
7,6306,"Nikko Co., Ltd.",機械,設備投資・機械,,,58.0,54.0,,未確定,C,revenue_share_unknown,unknown,,,,売上セグメントとテーマを直接対応できず
7,6306,"Nikko Co., Ltd.",水素,GX・エネルギー,,,8.0,5.0,,未確定,C,revenue_share_unknown,unknown,,,,売上セグメントとテーマを直接対応できず
7,6307,"Sansei Co.,Ltd.",機械,設備投資・機械,,,72.0,68.0,,未確定,C,revenue_share_unknown,unknown,,,,売上セグメントとテーマを直接対応できず
7,6309,"Tomoe Engineering Co., Ltd.",下水道,防衛・国土強靱化,,,85.0,82.0,,未確定,C,revenue_share_unknown,unknown,,,,売上セグメントとテーマを直接対応できず
7,6309,"Tomoe Engineering Co., Ltd.",半導体製造装置,AI・半導体,,,8.0,5.0,,未確定,C,revenue_share_unknown,unknown,,,,売上セグメントとテーマを直接対応できず
7,6309,"Tomoe Engineering Co., Ltd.",半導体部材・部品,AI・半導体,,,42.0,30.0,,未確定,C,revenue_share_unknown,unknown,,,,売上セグメントとテーマを直接対応できず
7,6309,"Tomoe Engineering Co., Ltd.",機械,設備投資・機械,,,82.0,74.0,,未確定,C,revenue_share_unknown,unknown,,,,売上セグメントとテーマを直接対応できず
7,6310,"Iseki & Co., Ltd.",円安メリット,内需・消費,,,8.0,5.0,,未確定,C,macro_sensitivity_required,macro_unknown,,,,売上セグメントとテーマを直接対応できず
7,6310,"Iseki & Co., Ltd.",機械,設備投資・機械,,,72.0,68.0,,未確定,C,revenue_share_unknown,unknown,,,,売上セグメントとテーマを直接対応できず
7,6315,TOWA Corporation,円安メリット,内需・消費,,,8.0,5.0,,未確定,C,macro_sensitivity_required,macro_unknown,,,,売上セグメントとテーマを直接対応できず
7,6315,TOWA Corporation,半導体製造装置,AI・半導体,93.51,100.0,97.0,99.0,99.0,主力テーマ,B,structured_segment_v6_needs_final_qa,structured_segment_v6,半導体製造装置事業,external_customer_sales_table_v6,https://www.towajapan.co.jp/jp/wp-content/uploads/sites/2/2026/08/2026first_quarter.pdf,",412,753
（四半期連結包括利益計算書）
- 7 -
 ＴＯＷＡ株式会社 （6315）
2027年３月期 第１四半期決算短信
（３）四半期連結財務諸表に関する注記事項
（継続企業の前提に関する注記）
該当事項はありません。
（株主資本の金額に著しい変動があった場合の注記）
該当事項はありません。
前第１四半期連結累計期間
（自 2025年４月１日
至 2025年６月30日）
当第１四半期連結累計期間
（自 2026年４月１日
至 2026年６月30日）
減価償却費 689,605千円 854,131千円
のれんの償却額 35,650千円 38,202千円
（四半期連結キャッシュ・フロー計算書に関する注記）
当第１四半期連結累計期間 に係る四半期連結キャッシュ ・フロー計算書 は作成しておりません 。なお、第１四
半期連結累計期間 に係る減価償却費 （のれんを 除く無形固定資産 に係る償却費 を含む。）及びのれんの償却額
は、次のとおりであります。
- 8 -
 ＴＯＷＡ株式会社 （6315）
2027年３月期 第１四半期決算短信
（単位：千円）
半導体製造装置事業 メディカルデバ"
7,6315,TOWA Corporation,核融合発電,GX・エネルギー,,,8.0,5.0,,未確定,C,revenue_share_unknown,unknown,,,,売上セグメントとテーマを直接対応できず
7,6315,TOWA Corporation,機械,設備投資・機械,,,42.0,40.0,,未確定,C,revenue_share_unknown,unknown,,,,売上セグメントとテーマを直接対応できず
7,6315,TOWA Corporation,生成AI,AI・半導体,,,8.0,5.0,,未確定,C,revenue_share_unknown,unknown,,,,売上セグメントとテーマを直接対応できず
7,6315,TOWA Corporation,自動車部材・部品,自動車・モビリティ,,,8.0,5.0,,未確定,C,revenue_share_unknown,unknown,,,,売上セグメントとテーマを直接対応できず
7,6316,"Maruyama Mfg. Co., Inc.",水素,GX・エネルギー,,,72.0,78.0,,未確定,C,revenue_share_unknown,unknown,,,,売上セグメントとテーマを直接対応できず
7,6316,"Maruyama Mfg. Co., Inc.",防災,防衛・国土強靱化,,,90.0,96.0,,未確定,C,revenue_share_unknown,unknown,,,,売上セグメントとテーマを直接対応できず
7,6317,Kitagawa Corporation,半導体部材・部品,AI・半導体,,,8.0,5.0,,未確定,C,revenue_share_unknown,unknown,,,,売上セグメントとテーマを直接対応できず
7,6317,Kitagawa Corporation,工作機械,設備投資・機械,,,92.0,84.0,,未確定,C,revenue_share_unknown,unknown,,,,売上セグメントとテーマを直接対応できず
7,6317,Kitagawa Corporation,建設機械,設備投資・機械,,,8.0,5.0,,未確定,C,revenue_share_unknown,unknown,,,,売上セグメントとテーマを直接対応できず
7,6317,Kitagawa Corporation,機械,設備投資・機械,,,92.0,84.0,,未確定,C,revenue_share_unknown,unknown,,,,売上セグメントとテーマを直接対応できず
7,6317,Kitagawa Corporation,自動車部材・部品,自動車・モビリティ,,,42.0,30.0,,未確定,C,revenue_share_unknown,unknown,,,,売上セグメントとテーマを直接対応できず
7,6322,Tacmina Corporation,半導体製造装置,AI・半導体,,,8.0,5.0,,未確定,C,revenue_share_unknown,unknown,,,,売上セグメントとテーマを直接対応できず
7,6322,Tacmina Corporation,機械,設備投資・機械,,,82.0,74.0,,未確定,C,revenue_share_unknown,unknown,,,,売上セグメントとテーマを直接対応できず
7,6323,Rorze Corporation,FA関連,設備投資・機械,,,72.0,68.0,,未確定,C,revenue_share_unknown,unknown,,,,売上セグメントとテーマを直接対応できず
7,6323,Rorze Corporation,ロボット,AI・半導体,,,86.0,88.0,,未確定,C,revenue_share_unknown,unknown,,,,売上セグメントとテーマを直接対応できず
7,6323,Rorze Corporation,半導体製造装置,AI・半導体,,,94.0,96.0,,未確定,C,revenue_share_unknown,unknown,,,,売上セグメントとテーマを直接対応できず
7,6323,Rorze Corporation,機械,設備投資・機械,,,46.0,44.0,,未確定,C,revenue_share_unknown,unknown,,,,売上セグメントとテーマを直接対応できず
7,6323,Rorze Corporation,設備投資,設備投資・機械,,,58.0,56.0,,未確定,C,revenue_share_unknown,unknown,,,,売上セグメントとテーマを直接対応できず
7,6324,Harmonic Drive Systems Inc.,FA関連,設備投資・機械,,,72.0,78.0,,未確定,C,revenue_share_unknown,unknown,,,,売上セグメントとテーマを直接対応できず
7,6324,Harmonic Drive Systems Inc.,サービスロボット,設備投資・機械,,,42.0,30.0,,未確定,C,revenue_share_unknown,unknown,,,,売上セグメントとテーマを直接対応できず
7,6324,Harmonic Drive Systems Inc.,フィジカルAI,AI・半導体,,,42.0,30.0,,未確定,C,revenue_share_unknown,unknown,,,,売上セグメントとテーマを直接対応できず
7,6324,Harmonic Drive Systems Inc.,ロボット,AI・半導体,,,90.0,96.0,,未確定,C,revenue_share_unknown,unknown,,,,売上セグメントとテーマを直接対応できず
7,6324,Harmonic Drive Systems Inc.,半導体製造装置,AI・半導体,,,58.0,46.0,,未確定,C,revenue_share_unknown,unknown,,,,売上セグメントとテーマを直接対応できず
7,6324,Harmonic Drive Systems Inc.,宇宙開発関連,防衛・国土強靱化,,,8.0,5.0,,未確定,C,revenue_share_unknown,unknown,,,,売上セグメントとテーマを直接対応できず
7,6324,Harmonic Drive Systems Inc.,工作機械,設備投資・機械,,,42.0,30.0,,未確定,C,revenue_share_unknown,unknown,,,,売上セグメントとテーマを直接対応できず
7,6324,Harmonic Drive Systems Inc.,機械,設備投資・機械,,,82.0,74.0,,未確定,C,revenue_share_unknown,unknown,,,,売上セグメントとテーマを直接対応できず
7,6324,Harmonic Drive Systems Inc.,空飛ぶクルマ,自動車・モビリティ,,,8.0,5.0,,未確定,C,revenue_share_unknown,unknown,,,,売上セグメントとテーマを直接対応できず
7,6324,Harmonic Drive Systems Inc.,自動車部材・部品,自動車・モビリティ,,,8.0,5.0,,未確定,C,revenue_share_unknown,unknown,,,,売上セグメントとテーマを直接対応できず
7,6324,Harmonic Drive Systems Inc.,設備投資,設備投資・機械,,,82.0,74.0,,未確定,C,revenue_share_unknown,unknown,,,,売上セグメントとテーマを直接対応できず
7,6325,"Takakita Co., Ltd.",機械,設備投資・機械,,,42.0,30.0,,未確定,C,revenue_share_unknown,unknown,,,,売上セグメントとテーマを直接対応できず
7,6325,"Takakita Co., Ltd.",鉄道関連,物流・海運,,,8.0,5.0,,未確定,C,revenue_share_unknown,unknown,,,,売上セグメントとテーマを直接対応できず
7,6325,"Takakita Co., Ltd.",風力発電,GX・エネルギー,,,8.0,5.0,,未確定,C,revenue_share_unknown,unknown,,,,売上セグメントとテーマを直接対応できず
7,6326,Kubota Corporation,ドローン,防衛・国土強靱化,,,8.0,5.0,,未確定,C,revenue_share_unknown,unknown,,,,売上セグメントとテーマを直接対応できず
7,6326,Kubota Corporation,下水道,防衛・国土強靱化,,,66.0,56.0,,未確定,C,revenue_share_unknown,unknown,,,,売上セグメントとテーマを直接対応できず
7,6326,Kubota Corporation,介護関連,医療・ヘルスケア,,,8.0,5.0,,未確定,C,revenue_share_unknown,unknown,,,,売上セグメントとテーマを直接対応できず
7,6326,Kubota Corporation,円安メリット,内需・消費,,,8.0,5.0,,未確定,C,macro_sensitivity_required,macro_unknown,,,,売上セグメントとテーマを直接対応できず
7,6326,Kubota Corporation,太陽光発電関連,GX・エネルギー,,,8.0,5.0,,未確定,C,revenue_share_unknown,unknown,,,,売上セグメントとテーマを直接対応できず
7,6326,Kubota Corporation,建設機械,設備投資・機械,,,97.0,89.0,,未確定,C,revenue_share_unknown,unknown,,,,売上セグメントとテーマを直接対応できず
7,6326,Kubota Corporation,水素,GX・エネルギー,,,8.0,5.0,,未確定,C,revenue_share_unknown,unknown,,,,売上セグメントとテーマを直接対応できず
7,6326,Kubota Corporation,水道関連,防衛・国土強靱化,,,66.0,56.0,,未確定,C,revenue_share_unknown,unknown,,,,売上セグメントとテーマを直接対応できず
7,6326,Kubota Corporation,自動運転車,自動車・モビリティ,,,8.0,5.0,,未確定,C,revenue_share_unknown,unknown,,,,売上セグメントとテーマを直接対応できず
7,6327,"Kitagawa Seiki Co.,Ltd.",FA関連,設備投資・機械,,,92.0,90.0,,未確定,C,revenue_share_unknown,unknown,,,,売上セグメントとテーマを直接対応できず
7,6327,"Kitagawa Seiki Co.,Ltd.",宇宙開発関連,防衛・国土強靱化,,,86.0,78.0,,未確定,C,revenue_share_unknown,unknown,,,,売上セグメントとテーマを直接対応できず
7,6327,"Kitagawa Seiki Co.,Ltd.",機械,設備投資・機械,,,82.0,74.0,,未確定,C,revenue_share_unknown,unknown,,,,売上セグメントとテーマを直接対応できず
7,6327,"Kitagawa Seiki Co.,Ltd.",自動車製造装置,自動車・モビリティ,,,42.0,30.0,,未確定,C,revenue_share_unknown,unknown,,,,売上セグメントとテーマを直接対応できず
7,6327,"Kitagawa Seiki Co.,Ltd.",自動車軽量化,自動車・モビリティ,,,8.0,5.0,,未確定,C,revenue_share_unknown,unknown,,,,売上セグメントとテーマを直接対応できず
7,6327,"Kitagawa Seiki Co.,Ltd.",自動車部材・部品,自動車・モビリティ,,,8.0,5.0,,未確定,C,revenue_share_unknown,unknown,,,,売上セグメントとテーマを直接対応できず
7,6328,"Ebara Jitsugyo Co.,Ltd.",アンモニア,GX・エネルギー,,,8.0,5.0,,未確定,C,revenue_share_unknown,unknown,,,,売上セグメントとテーマを直接対応できず
7,6328,"Ebara Jitsugyo Co.,Ltd.",下水道,防衛・国土強靱化,,,91.0,97.0,,未確定,C,revenue_share_unknown,unknown,,,,売上セグメントとテーマを直接対応できず
7,6328,"Ebara Jitsugyo Co.,Ltd.",機械,設備投資・機械,,,58.0,54.0,,未確定,C,revenue_share_unknown,unknown,,,,売上セグメントとテーマを直接対応できず
7,6328,"Ebara Jitsugyo Co.,Ltd.",水道関連,防衛・国土強靱化,,,97.0,100.0,,未確定,C,revenue_share_unknown,unknown,,,,売上セグメントとテーマを直接対応できず
7,6328,"Ebara Jitsugyo Co.,Ltd.",蓄電池,GX・エネルギー,,,90.0,96.0,,未確定,C,revenue_share_unknown,unknown,,,,売上セグメントとテーマを直接対応できず
7,6328,"Ebara Jitsugyo Co.,Ltd.",防災,防衛・国土強靱化,,,90.0,96.0,,未確定,C,revenue_share_unknown,unknown,,,,売上セグメントとテーマを直接対応できず
7,6330,Toyo Engineering Corporation,アンモニア,GX・エネルギー,,,8.0,5.0,,未確定,C,revenue_share_unknown,unknown,,,,売上セグメントとテーマを直接対応できず
7,6330,Toyo Engineering Corporation,レアアース,資源・素材,,,8.0,5.0,,未確定,C,revenue_share_unknown,unknown,,,,売上セグメントとテーマを直接対応できず
7,6330,Toyo Engineering Corporation,円安メリット,内需・消費,,,8.0,5.0,,未確定,C,macro_sensitivity_required,macro_unknown,,,,売上セグメントとテーマを直接対応できず
7,6330,Toyo Engineering Corporation,水素,GX・エネルギー,,,8.0,5.0,,未確定,C,revenue_share_unknown,unknown,,,,売上セグメントとテーマを直接対応できず
7,6330,Toyo Engineering Corporation,資源開発,資源・素材,,,58.0,58.0,,未確定,C,revenue_share_unknown,unknown,,,,売上セグメントとテーマを直接対応できず
7,6330,Toyo Engineering Corporation,鉄道関連,物流・海運,,,8.0,5.0,,未確定,C,revenue_share_unknown,unknown,,,,売上セグメントとテーマを直接対応できず
7,6331,"Mitsubishi Kakoki Kaisha, Ltd.",下水道,防衛・国土強靱化,,,86.0,78.0,,未確定,C,revenue_share_unknown,unknown,,,,売上セグメントとテーマを直接対応できず
7,6331,"Mitsubishi Kakoki Kaisha, Ltd.",機械,設備投資・機械,,,46.0,34.0,,未確定,C,revenue_share_unknown,unknown,,,,売上セグメントとテーマを直接対応できず
7,6331,"Mitsubishi Kakoki Kaisha, Ltd.",水素,GX・エネルギー,,,42.0,30.0,,未確定,C,revenue_share_unknown,unknown,,,,売上セグメントとテーマを直接対応できず
7,6332,"Tsukishima Holdings Co., Ltd.",下水道,防衛・国土強靱化,,,92.0,98.0,,未確定,C,revenue_share_unknown,unknown,,,,売上セグメントとテーマを直接対応できず
7,6332,"Tsukishima Holdings Co., Ltd.",機械,設備投資・機械,,,46.0,34.0,,未確定,C,revenue_share_unknown,unknown,,,,売上セグメントとテーマを直接対応できず
7,6332,"Tsukishima Holdings Co., Ltd.",水道関連,防衛・国土強靱化,,,92.0,98.0,,未確定,C,revenue_share_unknown,unknown,,,,売上セグメントとテーマを直接対応できず
7,6333,Teikoku Corporation,アンモニア,GX・エネルギー,,,8.0,5.0,,未確定,C,revenue_share_unknown,unknown,,,,売上セグメントとテーマを直接対応できず
7,6333,Teikoku Corporation,機械,設備投資・機械,,,82.0,74.0,,未確定,C,revenue_share_unknown,unknown,,,,売上セグメントとテーマを直接対応できず
7,6333,Teikoku Corporation,水素,GX・エネルギー,,,8.0,5.0,,未確定,C,revenue_share_unknown,unknown,,,,売上セグメントとテーマを直接対応できず
7,6333,Teikoku Corporation,電力設備投資関連,データセンター・電力,,,58.0,46.0,,未確定,C,revenue_share_unknown,unknown,,,,売上セグメントとテーマを直接対応できず
7,6334,"Meiji Machine Co., Ltd.",不動産関連,不動産・建設,,,8.0,5.0,,未確定,C,revenue_share_unknown,unknown,,,,売上セグメントとテーマを直接対応できず
7,6334,"Meiji Machine Co., Ltd.",太陽光発電関連,GX・エネルギー,,,8.0,5.0,,未確定,C,revenue_share_unknown,unknown,,,,売上セグメントとテーマを直接対応できず
7,6334,"Meiji Machine Co., Ltd.",機械,設備投資・機械,,,82.0,74.0,,未確定,C,revenue_share_unknown,unknown,,,,売上セグメントとテーマを直接対応できず
7,6335,"Tokyo Kikai Seisakusho, Ltd.",FA関連,設備投資・機械,,,92.0,90.0,,未確定,C,revenue_share_unknown,unknown,,,,売上セグメントとテーマを直接対応できず
7,6335,"Tokyo Kikai Seisakusho, Ltd.",機械,設備投資・機械,,,82.0,74.0,,未確定,C,revenue_share_unknown,unknown,,,,売上セグメントとテーマを直接対応できず
7,6335,"Tokyo Kikai Seisakusho, Ltd.",防衛,防衛・国土強靱化,,,8.0,5.0,,未確定,C,revenue_share_unknown,unknown,,,,売上セグメントとテーマを直接対応できず
7,6336,"Ishii Hyoki Co., Ltd.",全固体電池,自動車・モビリティ,,,8.0,5.0,,未確定,C,revenue_share_unknown,unknown,,,,売上セグメントとテーマを直接対応できず
7,6336,"Ishii Hyoki Co., Ltd.",半導体製造装置,AI・半導体,,,8.0,5.0,,未確定,C,revenue_share_unknown,unknown,,,,売上セグメントとテーマを直接対応できず
7,6337,TESEC Corporation,半導体製造装置,AI・半導体,,,94.0,96.0,,未確定,C,revenue_share_unknown,unknown,,,,売上セグメントとテーマを直接対応できず
7,6338,Takatori Corporation,医療機器,医療・ヘルスケア,3.70,4.6,92.0,96.0,44.5,補助関連,B,structured_segment_v6_needs_final_qa,structured_segment_v6,医療機器事業,external_customer_sales_table_v6,https://www.takatori-g.co.jp/ir/pdf/investor2025.11.12.pdf,"セグメント間の内部売上高又は振替高は市場実勢価格に基づいております。
- 15 -
㈱タカトリ（6338）2025年９月期 決算短信
（単位：千円）
報告セグメント
調整額（注)１
連結財務諸表
計上額
（注）２電子機器事業 繊維機器事業 医療機器事業 計
売上高
顧客との契約 
から生じる収益 15,730,586 246,140 105,544 16,082,270 － 16,082,270
その他の収益 － － － － － －
外部顧客への売上高 15,730,586 246,140 105,544 16,082,270 － 16,082,270
セグメント間の内部売
上高又は振替高 － － － － － －
計 15,730,586 246,140 105,544 16,082,270 － 16,082,270
セグメント利益
又は損失（△） 2,901,662 16,661 △131,497 2,786,827 － 2,786,827
セグメント資産 9,752,831 301,933 133,121 10,187,886 7,257,745 17,445,631
その他の項目"
7,6338,Takatori Corporation,半導体製造装置,AI・半導体,,,82.0,86.0,,未確定,C,revenue_share_unknown,unknown,,,,売上セグメントとテーマを直接対応できず
7,6338,Takatori Corporation,機械,設備投資・機械,,,46.0,46.0,,未確定,C,revenue_share_unknown,unknown,,,,売上セグメントとテーマを直接対応できず
7,6339,"Sintokogio,Ltd.",3Dプリンター,設備投資・機械,,,90.0,68.0,,未確定,C,revenue_share_unknown,unknown,,,,売上セグメントとテーマを直接対応できず
7,6339,"Sintokogio,Ltd.",全固体電池,自動車・モビリティ,,,8.0,5.0,,未確定,C,revenue_share_unknown,unknown,,,,売上セグメントとテーマを直接対応できず
7,6339,"Sintokogio,Ltd.",半導体製造装置,AI・半導体,,,8.0,5.0,,未確定,C,revenue_share_unknown,unknown,,,,売上セグメントとテーマを直接対応できず
7,6339,"Sintokogio,Ltd.",機械,設備投資・機械,,,82.0,74.0,,未確定,C,revenue_share_unknown,unknown,,,,売上セグメントとテーマを直接対応できず
7,6339,"Sintokogio,Ltd.",自動車製造装置,自動車・モビリティ,,,8.0,5.0,,未確定,C,revenue_share_unknown,unknown,,,,売上セグメントとテーマを直接対応できず
7,6339,"Sintokogio,Ltd.",自動車軽量化,自動車・モビリティ,,,8.0,5.0,,未確定,C,revenue_share_unknown,unknown,,,,売上セグメントとテーマを直接対応できず
7,6339,"Sintokogio,Ltd.",自動車部材・部品,自動車・モビリティ,,,90.0,68.0,,未確定,C,revenue_share_unknown,unknown,,,,売上セグメントとテーマを直接対応できず
7,6339,"Sintokogio,Ltd.",設備投資,設備投資・機械,,,90.0,74.0,,未確定,C,revenue_share_unknown,unknown,,,,売上セグメントとテーマを直接対応できず
7,6339,"Sintokogio,Ltd.",電気自動車関連,自動車・モビリティ,,,92.0,90.0,,未確定,C,revenue_share_unknown,unknown,,,,売上セグメントとテーマを直接対応できず
7,6340,Shibuya Corporation,3Dプリンター,設備投資・機械,,,8.0,5.0,,未確定,C,revenue_share_unknown,unknown,,,,売上セグメントとテーマを直接対応できず
7,6340,Shibuya Corporation,ロボット,AI・半導体,,,8.0,5.0,,未確定,C,revenue_share_unknown,unknown,,,,売上セグメントとテーマを直接対応できず
7,6340,Shibuya Corporation,再生医療,医療・ヘルスケア,,,66.0,56.0,,未確定,C,revenue_share_unknown,unknown,,,,売上セグメントとテーマを直接対応できず
7,6340,Shibuya Corporation,医療機器,医療・ヘルスケア,,,58.0,46.0,,未確定,C,revenue_share_unknown,unknown,,,,売上セグメントとテーマを直接対応できず
7,6340,Shibuya Corporation,半導体製造装置,AI・半導体,,,8.0,5.0,,未確定,C,revenue_share_unknown,unknown,,,,売上セグメントとテーマを直接対応できず
7,6340,Shibuya Corporation,機械,設備投資・機械,,,82.0,74.0,,未確定,C,revenue_share_unknown,unknown,,,,売上セグメントとテーマを直接対応できず
7,6340,Shibuya Corporation,水素,GX・エネルギー,,,8.0,5.0,,未確定,C,revenue_share_unknown,unknown,,,,売上セグメントとテーマを直接対応できず
7,6342,"Taihei Machinery Works, Limited",機械,設備投資・機械,,,72.0,68.0,,未確定,C,revenue_share_unknown,unknown,,,,売上セグメントとテーマを直接対応できず
7,6343,Freesia Macross Corporation,住宅関連,不動産・建設,,,8.0,5.0,,未確定,C,revenue_share_unknown,unknown,,,,売上セグメントとテーマを直接対応できず
7,6343,Freesia Macross Corporation,機械,設備投資・機械,,,82.0,84.0,,未確定,C,revenue_share_unknown,unknown,,,,売上セグメントとテーマを直接対応できず
7,6345,Aichi Corporation,機械,設備投資・機械,,,72.0,68.0,,未確定,C,revenue_share_unknown,unknown,,,,売上セグメントとテーマを直接対応できず
7,6345,Aichi Corporation,鉄道関連,物流・海運,,,92.0,90.0,,未確定,C,revenue_share_unknown,unknown,,,,売上セグメントとテーマを直接対応できず
7,6345,Aichi Corporation,電力設備投資関連,データセンター・電力,,,8.0,5.0,,未確定,C,revenue_share_unknown,unknown,,,,売上セグメントとテーマを直接対応できず
7,6346,"Kikukawa Enterprise, Inc.",工作機械,設備投資・機械,,,92.0,90.0,,未確定,C,revenue_share_unknown,unknown,,,,売上セグメントとテーマを直接対応できず
7,6346,"Kikukawa Enterprise, Inc.",機械,設備投資・機械,,,82.0,74.0,,未確定,C,revenue_share_unknown,unknown,,,,売上セグメントとテーマを直接対応できず
7,6346,"Kikukawa Enterprise, Inc.",鉄道関連,物流・海運,,,72.0,68.0,,未確定,C,revenue_share_unknown,unknown,,,,売上セグメントとテーマを直接対応できず
7,6347,"Placo Co., Ltd.",機械,設備投資・機械,,,82.0,74.0,,未確定,C,revenue_share_unknown,unknown,,,,売上セグメントとテーマを直接対応できず
7,6347,"Placo Co., Ltd.",水素,GX・エネルギー,,,8.0,5.0,,未確定,C,revenue_share_unknown,unknown,,,,売上セグメントとテーマを直接対応できず
7,6347,"Placo Co., Ltd.",自動車部材・部品,自動車・モビリティ,,,8.0,5.0,,未確定,C,revenue_share_unknown,unknown,,,,売上セグメントとテーマを直接対応できず
7,634A,,AIエージェント,AI・半導体,,,8.0,5.0,,未確定,C,revenue_share_unknown,unknown,,,,会社公式サイトURL未取得
7,634A,,IT関連,デジタル・サービス,,,8.0,5.0,,未確定,C,revenue_share_unknown,unknown,,,,会社公式サイトURL未取得
7,634A,,SaaS,デジタル・サービス,,,8.0,5.0,,未確定,C,revenue_share_unknown,unknown,,,,会社公式サイトURL未取得
7,634A,,デジタルトランスフォーメーション,デジタル・サービス,,,8.0,5.0,,未確定,C,revenue_share_unknown,unknown,,,,会社公式サイトURL未取得
7,634A,,遠隔医療,医療・ヘルスケア,,,8.0,5.0,,未確定,C,revenue_share_unknown,unknown,,,,会社公式サイトURL未取得
7,6351,"Tsurumi Manufacturing Co.,Ltd.",機械,設備投資・機械,,,82.0,74.0,,未確定,C,revenue_share_unknown,unknown,,,,売上セグメントとテーマを直接対応できず
7,6356,"Nippon Gear Co., Ltd.",原子力発電,GX・エネルギー,,,8.0,5.0,,未確定,C,revenue_share_unknown,unknown,,,,売上セグメントとテーマを直接対応できず
7,6356,"Nippon Gear Co., Ltd.",自動車部材・部品,自動車・モビリティ,,,82.0,74.0,,未確定,C,revenue_share_unknown,unknown,,,,売上セグメントとテーマを直接対応できず
7,6356,"Nippon Gear Co., Ltd.",電力設備投資関連,データセンター・電力,,,8.0,5.0,,未確定,C,revenue_share_unknown,unknown,,,,売上セグメントとテーマを直接対応できず
7,6357,"Sansei Technologies, Inc.",サービスロボット,設備投資・機械,,,8.0,5.0,,未確定,C,revenue_share_unknown,unknown,,,,売上セグメントとテーマを直接対応できず
7,6357,"Sansei Technologies, Inc.",機械,設備投資・機械,,,72.0,68.0,,未確定,C,revenue_share_unknown,unknown,,,,売上セグメントとテーマを直接対応できず
7,6358,"Sakai Heavy Industries, Ltd.",円安メリット,内需・消費,,,8.0,5.0,,未確定,C,macro_sensitivity_required,macro_unknown,,,,売上セグメントとテーマを直接対応できず
7,6358,"Sakai Heavy Industries, Ltd.",国土強靱化,防衛・国土強靱化,,,8.0,5.0,,未確定,C,revenue_share_unknown,unknown,,,,売上セグメントとテーマを直接対応できず
7,6358,"Sakai Heavy Industries, Ltd.",建設機械,設備投資・機械,,,97.0,100.0,,未確定,C,revenue_share_unknown,unknown,,,,売上セグメントとテーマを直接対応できず
7,6360,"Tokyo Automatic Machinery Works, Ltd.",機械,設備投資・機械,,,82.0,84.0,,未確定,C,revenue_share_unknown,unknown,,,,売上セグメントとテーマを直接対応できず
7,6360,"Tokyo Automatic Machinery Works, Ltd.",食品,内需・消費,,,8.0,5.0,,未確定,C,revenue_share_unknown,unknown,,,,売上セグメントとテーマを直接対応できず
7,6361,Ebara Corporation,アンモニア,GX・エネルギー,,,8.0,5.0,,未確定,C,revenue_share_unknown,unknown,,,,売上セグメントとテーマを直接対応できず
7,6361,Ebara Corporation,サーバー冷却,データセンター・電力,,,8.0,5.0,,未確定,C,revenue_share_unknown,unknown,,,,売上セグメントとテーマを直接対応できず
7,6361,Ebara Corporation,再生可能エネルギー,GX・エネルギー,,,8.0,5.0,,未確定,C,revenue_share_unknown,unknown,,,,売上セグメントとテーマを直接対応できず
7,6361,Ebara Corporation,半導体製造装置,AI・半導体,,,8.0,5.0,,未確定,C,revenue_share_unknown,unknown,,,,売上セグメントとテーマを直接対応できず
7,6361,Ebara Corporation,太陽光発電関連,GX・エネルギー,,,8.0,5.0,,未確定,C,revenue_share_unknown,unknown,,,,売上セグメントとテーマを直接対応できず
7,6361,Ebara Corporation,機械,設備投資・機械,,,82.0,74.0,,未確定,C,revenue_share_unknown,unknown,,,,売上セグメントとテーマを直接対応できず
7,6361,Ebara Corporation,水素,GX・エネルギー,,,8.0,5.0,,未確定,C,revenue_share_unknown,unknown,,,,売上セグメントとテーマを直接対応できず
7,6361,Ebara Corporation,脱炭素,GX・エネルギー,,,8.0,5.0,,未確定,C,revenue_share_unknown,unknown,,,,売上セグメントとテーマを直接対応できず
7,6363,"Torishima Pump Mfg. Co., Ltd.",アンモニア,GX・エネルギー,,,8.0,5.0,,未確定,C,revenue_share_unknown,unknown,,,,売上セグメントとテーマを直接対応できず
7,6363,"Torishima Pump Mfg. Co., Ltd.",機械,設備投資・機械,,,82.0,74.0,,未確定,C,revenue_share_unknown,unknown,,,,売上セグメントとテーマを直接対応できず
7,6363,"Torishima Pump Mfg. Co., Ltd.",水素,GX・エネルギー,,,8.0,5.0,,未確定,C,revenue_share_unknown,unknown,,,,売上セグメントとテーマを直接対応できず
7,6363,"Torishima Pump Mfg. Co., Ltd.",風力発電,GX・エネルギー,,,66.0,56.0,,未確定,C,revenue_share_unknown,unknown,,,,売上セグメントとテーマを直接対応できず
7,6364,Airman Corporation,建設機械,設備投資・機械,,,100.0,92.0,,未確定,C,revenue_share_unknown,unknown,,,,売上セグメントとテーマを直接対応できず
7,6364,Airman Corporation,機械,設備投資・機械,,,92.0,84.0,,未確定,C,revenue_share_unknown,unknown,,,,売上セグメントとテーマを直接対応できず
7,6365,DMW Corporation,防災,防衛・国土強靱化,,,8.0,5.0,,未確定,C,revenue_share_unknown,unknown,,,,売上セグメントとテーマを直接対応できず
7,6366,Chiyoda Corporation,アンモニア,GX・エネルギー,,,72.0,78.0,,未確定,C,revenue_share_unknown,unknown,,,,売上セグメントとテーマを直接対応できず
7,6366,Chiyoda Corporation,円安メリット,内需・消費,,,8.0,5.0,,未確定,C,macro_sensitivity_required,macro_unknown,,,,売上セグメントとテーマを直接対応できず
7,6366,Chiyoda Corporation,水素,GX・エネルギー,,,92.0,98.0,,未確定,C,revenue_share_unknown,unknown,,,,売上セグメントとテーマを直接対応できず
7,6366,Chiyoda Corporation,資源開発,資源・素材,,,8.0,5.0,,未確定,C,revenue_share_unknown,unknown,,,,売上セグメントとテーマを直接対応できず
7,6367,"Daikin Industries,Ltd.",サーバー冷却,データセンター・電力,,,46.0,34.0,,未確定,C,revenue_share_unknown,unknown,,,,売上セグメントとテーマを直接対応できず
7,6367,"Daikin Industries,Ltd.",データセンター,データセンター・電力,,,8.0,5.0,,未確定,C,revenue_share_unknown,unknown,,,,売上セグメントとテーマを直接対応できず
7,6367,"Daikin Industries,Ltd.",円安メリット,内需・消費,,,8.0,5.0,,未確定,C,macro_sensitivity_required,macro_unknown,,,,売上セグメントとテーマを直接対応できず
7,6367,"Daikin Industries,Ltd.",再生可能エネルギー,GX・エネルギー,,,8.0,5.0,,未確定,C,revenue_share_unknown,unknown,,,,売上セグメントとテーマを直接対応できず
7,6367,"Daikin Industries,Ltd.",半導体部材・部品,AI・半導体,,,8.0,5.0,,未確定,C,revenue_share_unknown,unknown,,,,売上セグメントとテーマを直接対応できず
7,6367,"Daikin Industries,Ltd.",太陽光発電関連,GX・エネルギー,,,8.0,5.0,,未確定,C,revenue_share_unknown,unknown,,,,売上セグメントとテーマを直接対応できず
7,6367,"Daikin Industries,Ltd.",自動車部材・部品,自動車・モビリティ,,,8.0,5.0,,未確定,C,revenue_share_unknown,unknown,,,,売上セグメントとテーマを直接対応できず
7,6367,"Daikin Industries,Ltd.",防衛,防衛・国土強靱化,,,58.0,46.0,,未確定,C,revenue_share_unknown,unknown,,,,売上セグメントとテーマを直接対応できず
7,6368,Organo Corporation,下水道,防衛・国土強靱化,,,91.0,83.0,,未確定,C,revenue_share_unknown,unknown,,,,売上セグメントとテーマを直接対応できず
7,6368,Organo Corporation,半導体製造装置,AI・半導体,,,8.0,5.0,,未確定,C,revenue_share_unknown,unknown,,,,売上セグメントとテーマを直接対応できず
7,6368,Organo Corporation,原子力発電,GX・エネルギー,,,8.0,5.0,,未確定,C,revenue_share_unknown,unknown,,,,売上セグメントとテーマを直接対応できず
7,6368,Organo Corporation,機械,設備投資・機械,,,42.0,30.0,,未確定,C,revenue_share_unknown,unknown,,,,売上セグメントとテーマを直接対応できず
7,6368,Organo Corporation,水道関連,防衛・国土強靱化,,,97.0,89.0,,未確定,C,revenue_share_unknown,unknown,,,,売上セグメントとテーマを直接対応できず
7,6369,Toyo Kanetsu K.K.,FA関連,設備投資・機械,,,8.0,5.0,,未確定,C,revenue_share_unknown,unknown,,,,売上セグメントとテーマを直接対応できず
7,6369,Toyo Kanetsu K.K.,アンモニア,GX・エネルギー,,,8.0,5.0,,未確定,C,revenue_share_unknown,unknown,,,,売上セグメントとテーマを直接対応できず
7,6369,Toyo Kanetsu K.K.,倉庫,物流・海運,,,42.0,40.0,,未確定,C,revenue_share_unknown,unknown,,,,売上セグメントとテーマを直接対応できず
7,6369,Toyo Kanetsu K.K.,機械,設備投資・機械,,,82.0,84.0,,未確定,C,revenue_share_unknown,unknown,,,,売上セグメントとテーマを直接対応できず
7,6369,Toyo Kanetsu K.K.,水素,GX・エネルギー,,,8.0,5.0,,未確定,C,revenue_share_unknown,unknown,,,,売上セグメントとテーマを直接対応できず
7,6369,Toyo Kanetsu K.K.,物流,物流・海運,,,42.0,40.0,,未確定,C,revenue_share_unknown,unknown,,,,売上セグメントとテーマを直接対応できず
7,6370,Kurita Water Industries Ltd.,半導体製造装置,AI・半導体,,,8.0,5.0,,未確定,C,revenue_share_unknown,unknown,,,,売上セグメントとテーマを直接対応できず
7,6370,Kurita Water Industries Ltd.,宇宙開発関連,防衛・国土強靱化,,,8.0,5.0,,未確定,C,revenue_share_unknown,unknown,,,,売上セグメントとテーマを直接対応できず
7,6370,Kurita Water Industries Ltd.,機械,設備投資・機械,,,42.0,30.0,,未確定,C,revenue_share_unknown,unknown,,,,売上セグメントとテーマを直接対応できず
7,6371,Tsubakimoto Chain Co.,FA関連,設備投資・機械,,,92.0,90.0,,未確定,C,revenue_share_unknown,unknown,,,,売上セグメントとテーマを直接対応できず
7,6371,Tsubakimoto Chain Co.,ドローン,防衛・国土強靱化,,,8.0,5.0,,未確定,C,revenue_share_unknown,unknown,,,,売上セグメントとテーマを直接対応できず
7,6371,Tsubakimoto Chain Co.,工作機械,設備投資・機械,,,42.0,30.0,,未確定,C,revenue_share_unknown,unknown,,,,売上セグメントとテーマを直接対応できず
7,6371,Tsubakimoto Chain Co.,機械,設備投資・機械,,,82.0,74.0,,未確定,C,revenue_share_unknown,unknown,,,,売上セグメントとテーマを直接対応できず
7,6371,Tsubakimoto Chain Co.,自動車部材・部品,自動車・モビリティ,,,8.0,5.0,,未確定,C,revenue_share_unknown,unknown,,,,売上セグメントとテーマを直接対応できず
7,6376,"Nikkiso Co., Ltd.",アンモニア,GX・エネルギー,,,8.0,5.0,,未確定,C,revenue_share_unknown,unknown,,,,売上セグメントとテーマを直接対応できず
7,6376,"Nikkiso Co., Ltd.",医療機器,医療・ヘルスケア,,,8.0,5.0,,未確定,C,revenue_share_unknown,unknown,,,,売上セグメントとテーマを直接対応できず
7,6376,"Nikkiso Co., Ltd.",水素,GX・エネルギー,,,8.0,5.0,,未確定,C,revenue_share_unknown,unknown,,,,売上セグメントとテーマを直接対応できず
7,6376,"Nikkiso Co., Ltd.",空飛ぶクルマ,自動車・モビリティ,,,8.0,5.0,,未確定,C,revenue_share_unknown,unknown,,,,売上セグメントとテーマを直接対応できず
7,6378,"Kimura Chemical Plants Co., Ltd.",アンモニア,GX・エネルギー,,,8.0,5.0,,未確定,C,revenue_share_unknown,unknown,,,,売上セグメントとテーマを直接対応できず
7,6378,"Kimura Chemical Plants Co., Ltd.",原子力発電,GX・エネルギー,,,72.0,68.0,,未確定,C,revenue_share_unknown,unknown,,,,売上セグメントとテーマを直接対応できず
7,6378,"Kimura Chemical Plants Co., Ltd.",核融合発電,GX・エネルギー,,,8.0,5.0,,未確定,C,revenue_share_unknown,unknown,,,,売上セグメントとテーマを直接対応できず
7,6378,"Kimura Chemical Plants Co., Ltd.",機械,設備投資・機械,,,82.0,74.0,,未確定,C,revenue_share_unknown,unknown,,,,売上セグメントとテーマを直接対応できず
7,6378,"Kimura Chemical Plants Co., Ltd.",水素,GX・エネルギー,,,8.0,5.0,,未確定,C,revenue_share_unknown,unknown,,,,売上セグメントとテーマを直接対応できず
7,6378,"Kimura Chemical Plants Co., Ltd.",省エネ関連,GX・エネルギー,,,92.0,90.0,,未確定,C,revenue_share_unknown,unknown,,,,売上セグメントとテーマを直接対応できず
7,6378,"Kimura Chemical Plants Co., Ltd.",脱炭素,GX・エネルギー,,,8.0,5.0,,未確定,C,revenue_share_unknown,unknown,,,,売上セグメントとテーマを直接対応できず
7,6378,"Kimura Chemical Plants Co., Ltd.",設備投資,設備投資・機械,,,82.0,74.0,,未確定,C,revenue_share_unknown,unknown,,,,売上セグメントとテーマを直接対応できず
7,6380,"Oriental Chain Mfg. Co., Ltd.",FA関連,設備投資・機械,,,72.0,68.0,,未確定,C,revenue_share_unknown,unknown,,,,売上セグメントとテーマを直接対応できず
7,6380,"Oriental Chain Mfg. Co., Ltd.",医療機器,医療・ヘルスケア,,,8.0,5.0,,未確定,C,revenue_share_unknown,unknown,,,,売上セグメントとテーマを直接対応できず
7,6380,"Oriental Chain Mfg. Co., Ltd.",工作機械,設備投資・機械,,,8.0,5.0,,未確定,C,revenue_share_unknown,unknown,,,,売上セグメントとテーマを直接対応できず
7,6380,"Oriental Chain Mfg. Co., Ltd.",自動車部材・部品,自動車・モビリティ,,,8.0,5.0,,未確定,C,revenue_share_unknown,unknown,,,,売上セグメントとテーマを直接対応できず
7,6381,ANEST IWATA Corporation,自動車製造装置,自動車・モビリティ,,,8.0,5.0,,未確定,C,revenue_share_unknown,unknown,,,,売上セグメントとテーマを直接対応できず
7,6382,Trinity Industrial Corporation,機械,設備投資・機械,,,92.0,84.0,,未確定,C,revenue_share_unknown,unknown,,,,売上セグメントとテーマを直接対応できず
7,6382,Trinity Industrial Corporation,自動車製造装置,自動車・モビリティ,,,8.0,5.0,,未確定,C,revenue_share_unknown,unknown,,,,売上セグメントとテーマを直接対応できず
7,6382,Trinity Industrial Corporation,自動車部材・部品,自動車・モビリティ,,,92.0,98.0,,未確定,C,revenue_share_unknown,unknown,,,,売上セグメントとテーマを直接対応できず
7,6382,Trinity Industrial Corporation,設備投資,設備投資・機械,,,92.0,84.0,,未確定,C,revenue_share_unknown,unknown,,,,売上セグメントとテーマを直接対応できず
7,6383,"Daifuku Co., Ltd.",FA関連,設備投資・機械,,,72.0,68.0,,未確定,C,revenue_share_unknown,unknown,,,,売上セグメントとテーマを直接対応できず
7,6383,"Daifuku Co., Ltd.",フィジカルAI,AI・半導体,,,8.0,5.0,,未確定,C,revenue_share_unknown,unknown,,,,売上セグメントとテーマを直接対応できず
7,6383,"Daifuku Co., Ltd.",ロボット,AI・半導体,,,8.0,5.0,,未確定,C,revenue_share_unknown,unknown,,,,売上セグメントとテーマを直接対応できず
7,6383,"Daifuku Co., Ltd.",人工知能,AI・半導体,,,92.0,90.0,,未確定,C,revenue_share_unknown,unknown,,,,売上セグメントとテーマを直接対応できず
7,6383,"Daifuku Co., Ltd.",倉庫,物流・海運,,,86.0,78.0,,未確定,C,revenue_share_unknown,unknown,,,,売上セグメントとテーマを直接対応できず
7,6383,"Daifuku Co., Ltd.",半導体製造装置,AI・半導体,,,42.0,30.0,,未確定,C,revenue_share_unknown,unknown,,,,売上セグメントとテーマを直接対応できず
7,6383,"Daifuku Co., Ltd.",機械,設備投資・機械,,,82.0,74.0,,未確定,C,revenue_share_unknown,unknown,,,,売上セグメントとテーマを直接対応できず
7,6383,"Daifuku Co., Ltd.",物流,物流・海運,,,8.0,5.0,,未確定,C,revenue_share_unknown,unknown,,,,売上セグメントとテーマを直接対応できず
7,6383,"Daifuku Co., Ltd.",物流テック,設備投資・機械,,,8.0,5.0,,未確定,C,revenue_share_unknown,unknown,,,,売上セグメントとテーマを直接対応できず
7,6383,"Daifuku Co., Ltd.",設備投資,設備投資・機械,,,82.0,74.0,,未確定,C,revenue_share_unknown,unknown,,,,売上セグメントとテーマを直接対応できず
7,6384,"Showa Shinku Co., Ltd.",半導体製造装置,AI・半導体,,,8.0,5.0,,未確定,C,revenue_share_unknown,unknown,,,,売上セグメントとテーマを直接対応できず
7,6384,"Showa Shinku Co., Ltd.",宇宙開発関連,防衛・国土強靱化,,,42.0,30.0,,未確定,C,revenue_share_unknown,unknown,,,,売上セグメントとテーマを直接対応できず
7,6384,"Showa Shinku Co., Ltd.",機械,設備投資・機械,,,82.0,74.0,,未確定,C,revenue_share_unknown,unknown,,,,売上セグメントとテーマを直接対応できず
7,6384,"Showa Shinku Co., Ltd.",自動車部材・部品,自動車・モビリティ,,,8.0,5.0,,未確定,C,revenue_share_unknown,unknown,,,,売上セグメントとテーマを直接対応できず
7,6387,SAMCO Inc.,データセンター,データセンター・電力,,,8.0,5.0,,未確定,C,revenue_share_unknown,unknown,,,,売上セグメントとテーマを直接対応できず
7,6387,SAMCO Inc.,半導体製造装置,AI・半導体,,,94.0,90.0,,未確定,C,revenue_share_unknown,unknown,,,,売上セグメントとテーマを直接対応できず
7,6390,"Kato Works Co.,Ltd.",建設機械,設備投資・機械,,,87.0,79.0,,未確定,C,revenue_share_unknown,unknown,,,,売上セグメントとテーマを直接対応できず
7,6391,Kaji Technology Corporation,機械,設備投資・機械,,,82.0,74.0,,未確定,C,revenue_share_unknown,unknown,,,,売上セグメントとテーマを直接対応できず
7,6391,Kaji Technology Corporation,水素,GX・エネルギー,,,92.0,98.0,,未確定,C,revenue_share_unknown,unknown,,,,売上セグメントとテーマを直接対応できず
7,6392,Yamada Corporation,機械,設備投資・機械,,,82.0,74.0,,未確定,C,revenue_share_unknown,unknown,,,,売上セグメントとテーマを直接対応できず
7,6393,"Yuken Kogyo Co., Ltd.",工作機械,設備投資・機械,,,42.0,40.0,,未確定,C,revenue_share_unknown,unknown,,,,売上セグメントとテーマを直接対応できず
7,6393,"Yuken Kogyo Co., Ltd.",建設機械,設備投資・機械,,,8.0,5.0,,未確定,C,revenue_share_unknown,unknown,,,,売上セグメントとテーマを直接対応できず
7,6395,Tadano Ltd.,円安メリット,内需・消費,,,8.0,5.0,,未確定,C,macro_sensitivity_required,macro_unknown,,,,売上セグメントとテーマを直接対応できず
7,6395,Tadano Ltd.,国土強靱化,防衛・国土強靱化,,,42.0,30.0,,未確定,C,revenue_share_unknown,unknown,,,,売上セグメントとテーマを直接対応できず
7,6395,Tadano Ltd.,建設機械,設備投資・機械,,,82.0,88.0,,未確定,C,revenue_share_unknown,unknown,,,,売上セグメントとテーマを直接対応できず
7,6395,Tadano Ltd.,電力設備投資関連,データセンター・電力,,,8.0,5.0,,未確定,C,revenue_share_unknown,unknown,,,,売上セグメントとテーマを直接対応できず
7,6396,"Unozawa-gumi Iron Works, Limited",機械,設備投資・機械,,,82.0,74.0,,未確定,C,revenue_share_unknown,unknown,,,,売上セグメントとテーマを直接対応できず
7,6400,"Fuji Seiki Co.,Ltd.",医療機器,医療・ヘルスケア,,,85.0,82.0,,未確定,C,revenue_share_unknown,unknown,,,,売上セグメントとテーマを直接対応できず
7,6400,"Fuji Seiki Co.,Ltd.",自動車部材・部品,自動車・モビリティ,,,85.0,82.0,,未確定,C,revenue_share_unknown,unknown,,,,売上セグメントとテーマを直接対応できず
7,6402,"Kanematsu Engineering Co., Ltd.",下水道,防衛・国土強靱化,,,8.0,5.0,,未確定,C,revenue_share_unknown,unknown,,,,売上セグメントとテーマを直接対応できず
7,6402,"Kanematsu Engineering Co., Ltd.",機械,設備投資・機械,,,82.0,74.0,,未確定,C,revenue_share_unknown,unknown,,,,売上セグメントとテーマを直接対応できず
7,6402,"Kanematsu Engineering Co., Ltd.",都市鉱山,資源・素材,,,8.0,5.0,,未確定,C,revenue_share_unknown,unknown,,,,売上セグメントとテーマを直接対応できず
7,6405,Suzumo Machinery Company Limited,サービスロボット,設備投資・機械,,,8.0,5.0,,未確定,C,revenue_share_unknown,unknown,,,,売上セグメントとテーマを直接対応できず
7,6405,Suzumo Machinery Company Limited,ロボット,AI・半導体,,,8.0,5.0,,未確定,C,revenue_share_unknown,unknown,,,,売上セグメントとテーマを直接対応できず
7,6405,Suzumo Machinery Company Limited,機械,設備投資・機械,,,82.0,74.0,,未確定,C,revenue_share_unknown,unknown,,,,売上セグメントとテーマを直接対応できず
7,6407,CKD Corporation,サービスロボット,設備投資・機械,,,8.0,5.0,,未確定,C,revenue_share_unknown,unknown,,,,売上セグメントとテーマを直接対応できず
7,6407,CKD Corporation,半導体製造装置,AI・半導体,,,8.0,5.0,,未確定,C,revenue_share_unknown,unknown,,,,売上セグメントとテーマを直接対応できず
7,6407,CKD Corporation,機械,設備投資・機械,,,82.0,84.0,,未確定,C,revenue_share_unknown,unknown,,,,売上セグメントとテーマを直接対応できず
7,6407,CKD Corporation,自動車製造装置,自動車・モビリティ,,,8.0,5.0,,未確定,C,revenue_share_unknown,unknown,,,,売上セグメントとテーマを直接対応できず
7,6408,"Ogura Clutch Co.,Ltd.",機械,設備投資・機械,,,86.0,78.0,,未確定,C,revenue_share_unknown,unknown,,,,売上セグメントとテーマを直接対応できず
7,6408,"Ogura Clutch Co.,Ltd.",自動車部材・部品,自動車・モビリティ,,,42.0,30.0,,未確定,C,revenue_share_unknown,unknown,,,,売上セグメントとテーマを直接対応できず
7,6417,"Sankyo Co., Ltd.",機械,設備投資・機械,,,46.0,44.0,,未確定,C,revenue_share_unknown,unknown,,,,売上セグメントとテーマを直接対応できず
7,6418,"Japan Cash Machine Co., Ltd.",円安メリット,内需・消費,,,8.0,5.0,,未確定,C,macro_sensitivity_required,macro_unknown,,,,売上セグメントとテーマを直接対応できず
7,6419,Mars Group Holdings Corporation,ホテル,内需・消費,,,42.0,42.0,,未確定,C,revenue_share_unknown,unknown,,,,売上セグメントとテーマを直接対応できず
7,6420,Galilei Holdings Co.Ltd.,医療機器,医療・ヘルスケア,,,8.0,5.0,,未確定,C,revenue_share_unknown,unknown,,,,売上セグメントとテーマを直接対応できず
7,6424,"Takamisawa Cybernetics Company, Ltd.",キャッシュレス決済,金融・金利,,,8.0,5.0,,未確定,C,revenue_share_unknown,unknown,,,,売上セグメントとテーマを直接対応できず
7,6424,"Takamisawa Cybernetics Company, Ltd.",防災,防衛・国土強靱化,,,92.0,90.0,,未確定,C,revenue_share_unknown,unknown,,,,売上セグメントとテーマを直接対応できず
7,6425,Universal Entertainment Corporation,ホテル,内需・消費,,,8.0,5.0,,未確定,C,revenue_share_unknown,unknown,,,,売上セグメントとテーマを直接対応できず
7,6425,Universal Entertainment Corporation,機械,設備投資・機械,,,46.0,46.0,,未確定,C,revenue_share_unknown,unknown,,,,売上セグメントとテーマを直接対応できず
7,6428,OIZUMI Corporation,eコマース,内需・消費,,,72.0,68.0,,未確定,C,revenue_share_unknown,unknown,,,,売上セグメントとテーマを直接対応できず
7,6428,OIZUMI Corporation,ゲーム関連,デジタル・サービス,,,85.0,82.0,,未確定,C,revenue_share_unknown,unknown,,,,売上セグメントとテーマを直接対応できず
7,6428,OIZUMI Corporation,太陽光発電関連,GX・エネルギー,,,92.0,90.0,,未確定,C,revenue_share_unknown,unknown,,,,売上セグメントとテーマを直接対応できず
7,6428,OIZUMI Corporation,機械,設備投資・機械,,,46.0,46.0,,未確定,C,revenue_share_unknown,unknown,,,,売上セグメントとテーマを直接対応できず
7,6428,OIZUMI Corporation,食品,内需・消費,,,58.0,54.0,,未確定,C,revenue_share_unknown,unknown,,,,売上セグメントとテーマを直接対応できず
7,6430,"Daikoku Denki Co., Ltd.",ゲーム関連,デジタル・サービス,,,42.0,44.0,,未確定,C,revenue_share_unknown,unknown,,,,売上セグメントとテーマを直接対応できず
7,6430,"Daikoku Denki Co., Ltd.",機械,設備投資・機械,,,42.0,44.0,,未確定,C,revenue_share_unknown,unknown,,,,売上セグメントとテーマを直接対応できず
7,6432,"Takeuchi Mfg. Co., Ltd.",円安メリット,内需・消費,,,8.0,5.0,,未確定,C,macro_sensitivity_required,macro_unknown,,,,売上セグメントとテーマを直接対応できず
7,6432,"Takeuchi Mfg. Co., Ltd.",建設機械,設備投資・機械,,,97.0,99.0,,未確定,C,revenue_share_unknown,unknown,,,,売上セグメントとテーマを直接対応できず
7,6433,"HEPHAIST Co., Ltd.",3Dプリンター,設備投資・機械,,,8.0,5.0,,未確定,C,revenue_share_unknown,unknown,,,,売上セグメントとテーマを直接対応できず
7,6433,"HEPHAIST Co., Ltd.",サービスロボット,設備投資・機械,,,8.0,5.0,,未確定,C,revenue_share_unknown,unknown,,,,売上セグメントとテーマを直接対応できず
7,6433,"HEPHAIST Co., Ltd.",フィジカルAI,AI・半導体,,,8.0,5.0,,未確定,C,revenue_share_unknown,unknown,,,,売上セグメントとテーマを直接対応できず
7,6433,"HEPHAIST Co., Ltd.",ロボット,AI・半導体,,,8.0,5.0,,未確定,C,revenue_share_unknown,unknown,,,,売上セグメントとテーマを直接対応できず
7,6436,Amano Corporation,機械,設備投資・機械,,,8.0,5.0,,未確定,C,revenue_share_unknown,unknown,,,,売上セグメントとテーマを直接対応できず
7,6439,,太陽光発電関連,GX・エネルギー,,,8.0,5.0,,未確定,C,revenue_share_unknown,unknown,,,,会社公式サイトURL未取得
7,6439,,建設機械,設備投資・機械,,,8.0,5.0,,未確定,C,revenue_share_unknown,unknown,,,,会社公式サイトURL未取得
7,6439,,自動車部材・部品,自動車・モビリティ,,,8.0,5.0,,未確定,C,revenue_share_unknown,unknown,,,,会社公式サイトURL未取得
7,6440,Juki Corporation,FA関連,設備投資・機械,,,8.0,5.0,,未確定,C,revenue_share_unknown,unknown,,,,売上セグメントとテーマを直接対応できず
7,6440,Juki Corporation,ロボット,AI・半導体,,,8.0,5.0,,未確定,C,revenue_share_unknown,unknown,,,,売上セグメントとテーマを直接対応できず
7,6440,Juki Corporation,円安メリット,内需・消費,,,8.0,5.0,,未確定,C,macro_sensitivity_required,macro_unknown,,,,売上セグメントとテーマを直接対応できず
7,6444,Sanden Corporation,機械,設備投資・機械,,,8.0,5.0,,未確定,C,revenue_share_unknown,unknown,,,,売上セグメントとテーマを直接対応できず
7,6444,Sanden Corporation,自動車部材・部品,自動車・モビリティ,,,82.0,84.0,,未確定,C,revenue_share_unknown,unknown,,,,売上セグメントとテーマを直接対応できず
7,6444,Sanden Corporation,電気自動車関連,自動車・モビリティ,,,8.0,5.0,,未確定,C,revenue_share_unknown,unknown,,,,売上セグメントとテーマを直接対応できず
7,6445,JANOME Corporation,ロボット,AI・半導体,,,66.0,56.0,,未確定,C,revenue_share_unknown,unknown,,,,売上セグメントとテーマを直接対応できず
7,6445,JANOME Corporation,機械,設備投資・機械,,,46.0,34.0,,未確定,C,revenue_share_unknown,unknown,,,,売上セグメントとテーマを直接対応できず
7,6448,"Brother Industries, Ltd.",FA関連,設備投資・機械,,,92.0,90.0,,未確定,C,revenue_share_unknown,unknown,,,,売上セグメントとテーマを直接対応できず
7,6448,"Brother Industries, Ltd.",フィジカルAI,AI・半導体,,,8.0,5.0,,未確定,C,revenue_share_unknown,unknown,,,,売上セグメントとテーマを直接対応できず
7,6448,"Brother Industries, Ltd.",ロボット,AI・半導体,,,8.0,5.0,,未確定,C,revenue_share_unknown,unknown,,,,売上セグメントとテーマを直接対応できず
7,6448,"Brother Industries, Ltd.",円安メリット,内需・消費,,,8.0,5.0,,未確定,C,macro_sensitivity_required,macro_unknown,,,,売上セグメントとテーマを直接対応できず
7,6448,"Brother Industries, Ltd.",工作機械,設備投資・機械,,,82.0,74.0,,未確定,C,revenue_share_unknown,unknown,,,,売上セグメントとテーマを直接対応できず
7,6448,"Brother Industries, Ltd.",水素,GX・エネルギー,,,8.0,5.0,,未確定,C,revenue_share_unknown,unknown,,,,売上セグメントとテーマを直接対応できず
7,6454,"Max Co., Ltd.",介護関連,医療・ヘルスケア,,,8.0,5.0,,未確定,C,revenue_share_unknown,unknown,,,,売上セグメントとテーマを直接対応できず
7,6454,"Max Co., Ltd.",建設機械,設備投資・機械,,,8.0,5.0,,未確定,C,revenue_share_unknown,unknown,,,,売上セグメントとテーマを直接対応できず
7,6454,"Max Co., Ltd.",機械,設備投資・機械,,,46.0,34.0,,未確定,C,revenue_share_unknown,unknown,,,,売上セグメントとテーマを直接対応できず
7,6455,Morita Holdings Corporation,機械,設備投資・機械,,,92.0,94.0,,未確定,C,revenue_share_unknown,unknown,,,,売上セグメントとテーマを直接対応できず
7,6455,Morita Holdings Corporation,防災,防衛・国土強靱化,,,97.0,100.0,,未確定,C,revenue_share_unknown,unknown,,,,売上セグメントとテーマを直接対応できず
7,6457,Glory Ltd.,キャッシュレス決済,金融・金利,,,8.0,5.0,,未確定,C,revenue_share_unknown,unknown,,,,売上セグメントとテーマを直接対応できず
7,6457,Glory Ltd.,サブスクリプション,デジタル・サービス,,,8.0,5.0,,未確定,C,revenue_share_unknown,unknown,,,,売上セグメントとテーマを直接対応できず
7,6458,Sinko Industries Ltd.,サーバー冷却,データセンター・電力,,,42.0,30.0,,未確定,C,revenue_share_unknown,unknown,,,,売上セグメントとテーマを直接対応できず
7,6458,Sinko Industries Ltd.,データセンター,データセンター・電力,,,92.0,98.0,,未確定,C,revenue_share_unknown,unknown,,,,売上セグメントとテーマを直接対応できず
7,6458,Sinko Industries Ltd.,機械,設備投資・機械,,,42.0,30.0,,未確定,C,revenue_share_unknown,unknown,,,,売上セグメントとテーマを直接対応できず
7,6459,Daiwa Ltd.,外食,内需・消費,,,8.0,5.0,,未確定,C,revenue_share_unknown,unknown,,,,売上セグメントとテーマを直接対応できず
7,6459,Daiwa Ltd.,機械,設備投資・機械,,,82.0,74.0,,未確定,C,revenue_share_unknown,unknown,,,,売上セグメントとテーマを直接対応できず
7,6460,Sega Sammy Holdings Inc.,ゲーム関連,デジタル・サービス,,,90.0,82.0,,未確定,C,revenue_share_unknown,unknown,,,,売上セグメントとテーマを直接対応できず
7,6463,"TPR Co., Ltd.",機械,設備投資・機械,,,42.0,40.0,,未確定,C,revenue_share_unknown,unknown,,,,売上セグメントとテーマを直接対応できず
7,6463,"TPR Co., Ltd.",自動車部材・部品,自動車・モビリティ,,,82.0,84.0,,未確定,C,revenue_share_unknown,unknown,,,,売上セグメントとテーマを直接対応できず
7,6463,"TPR Co., Ltd.",電気自動車関連,自動車・モビリティ,,,86.0,88.0,,未確定,C,revenue_share_unknown,unknown,,,,売上セグメントとテーマを直接対応できず
7,6464,"Tsubaki Nakashima Co., Ltd.",工作機械,設備投資・機械,,,92.0,98.0,,未確定,C,revenue_share_unknown,unknown,,,,売上セグメントとテーマを直接対応できず
7,6464,"Tsubaki Nakashima Co., Ltd.",自動車部材・部品,自動車・モビリティ,,,42.0,30.0,,未確定,C,revenue_share_unknown,unknown,,,,売上セグメントとテーマを直接対応できず
7,6464,"Tsubaki Nakashima Co., Ltd.",電気自動車関連,自動車・モビリティ,,,92.0,98.0,,未確定,C,revenue_share_unknown,unknown,,,,売上セグメントとテーマを直接対応できず
7,6465,Hoshizaki Corporation,外食,内需・消費,,,86.0,90.0,,未確定,C,revenue_share_unknown,unknown,,,,売上セグメントとテーマを直接対応できず
7,6466,"TVE Co., Ltd.",原子力発電,GX・エネルギー,,,92.0,98.0,,未確定,C,revenue_share_unknown,unknown,,,,売上セグメントとテーマを直接対応できず
7,6466,"TVE Co., Ltd.",機械,設備投資・機械,,,82.0,74.0,,未確定,C,revenue_share_unknown,unknown,,,,売上セグメントとテーマを直接対応できず
7,6467,Nichidai Corporation,宇宙開発関連,防衛・国土強靱化,,,82.0,86.0,,未確定,C,revenue_share_unknown,unknown,,,,売上セグメントとテーマを直接対応できず
7,6467,Nichidai Corporation,自動車製造装置,自動車・モビリティ,,,8.0,5.0,,未確定,C,revenue_share_unknown,unknown,,,,売上セグメントとテーマを直接対応できず
7,6467,Nichidai Corporation,自動車部材・部品,自動車・モビリティ,,,86.0,90.0,,未確定,C,revenue_share_unknown,unknown,,,,売上セグメントとテーマを直接対応できず
7,6469,"Hoden Seimitsu Kako Kenkyusho Co., Ltd.",機械,設備投資・機械,,,82.0,74.0,,未確定,C,revenue_share_unknown,unknown,,,,売上セグメントとテーマを直接対応できず
7,6469,"Hoden Seimitsu Kako Kenkyusho Co., Ltd.",自動車部材・部品,自動車・モビリティ,,,82.0,74.0,,未確定,C,revenue_share_unknown,unknown,,,,売上セグメントとテーマを直接対応できず
7,6469,"Hoden Seimitsu Kako Kenkyusho Co., Ltd.",防衛,防衛・国土強靱化,,,8.0,5.0,,未確定,C,revenue_share_unknown,unknown,,,,売上セグメントとテーマを直接対応できず
7,6470,"Taiho Kogyo Co., Ltd.",自動車製造装置,自動車・モビリティ,,,8.0,5.0,,未確定,C,revenue_share_unknown,unknown,,,,売上セグメントとテーマを直接対応できず
7,6470,"Taiho Kogyo Co., Ltd.",自動車軽量化,自動車・モビリティ,,,8.0,5.0,,未確定,C,revenue_share_unknown,unknown,,,,売上セグメントとテーマを直接対応できず
7,6470,"Taiho Kogyo Co., Ltd.",自動車部材・部品,自動車・モビリティ,,,90.0,74.0,,未確定,C,revenue_share_unknown,unknown,,,,売上セグメントとテーマを直接対応できず
7,6470,"Taiho Kogyo Co., Ltd.",自動車電子化,自動車・モビリティ,,,8.0,5.0,,未確定,C,revenue_share_unknown,unknown,,,,売上セグメントとテーマを直接対応できず
7,6471,NSK Ltd.,FA関連,設備投資・機械,,,92.0,90.0,,未確定,C,revenue_share_unknown,unknown,,,,売上セグメントとテーマを直接対応できず
7,6471,NSK Ltd.,スマートグリッド,データセンター・電力,,,8.0,5.0,,未確定,C,revenue_share_unknown,unknown,,,,売上セグメントとテーマを直接対応できず
7,6471,NSK Ltd.,ロボット,AI・半導体,,,8.0,5.0,,未確定,C,revenue_share_unknown,unknown,,,,売上セグメントとテーマを直接対応できず
7,6471,NSK Ltd.,半導体製造装置,AI・半導体,,,46.0,34.0,,未確定,C,revenue_share_unknown,unknown,,,,売上セグメントとテーマを直接対応できず
7,6471,NSK Ltd.,建設機械,設備投資・機械,,,8.0,5.0,,未確定,C,revenue_share_unknown,unknown,,,,売上セグメントとテーマを直接対応できず
7,6471,NSK Ltd.,自動車軽量化,自動車・モビリティ,,,8.0,5.0,,未確定,C,revenue_share_unknown,unknown,,,,売上セグメントとテーマを直接対応できず
7,6471,NSK Ltd.,自動車部材・部品,自動車・モビリティ,,,82.0,74.0,,未確定,C,revenue_share_unknown,unknown,,,,売上セグメントとテーマを直接対応できず
7,6471,NSK Ltd.,設備投資,設備投資・機械,,,92.0,84.0,,未確定,C,revenue_share_unknown,unknown,,,,売上セグメントとテーマを直接対応できず
7,6471,NSK Ltd.,鉄道関連,物流・海運,,,58.0,46.0,,未確定,C,revenue_share_unknown,unknown,,,,売上セグメントとテーマを直接対応できず
7,6471,NSK Ltd.,電気自動車関連,自動車・モビリティ,,,92.0,90.0,,未確定,C,revenue_share_unknown,unknown,,,,売上セグメントとテーマを直接対応できず
7,6471,NSK Ltd.,風力発電,GX・エネルギー,,,58.0,46.0,,未確定,C,revenue_share_unknown,unknown,,,,売上セグメントとテーマを直接対応できず
7,6472,NTN Corporation,スマートグリッド,データセンター・電力,,,8.0,5.0,,未確定,C,revenue_share_unknown,unknown,,,,売上セグメントとテーマを直接対応できず
7,6472,NTN Corporation,円安メリット,内需・消費,,,8.0,5.0,,未確定,C,macro_sensitivity_required,macro_unknown,,,,売上セグメントとテーマを直接対応できず
7,6472,NTN Corporation,再生可能エネルギー,GX・エネルギー,,,8.0,5.0,,未確定,C,revenue_share_unknown,unknown,,,,売上セグメントとテーマを直接対応できず
7,6472,NTN Corporation,宇宙開発関連,防衛・国土強靱化,,,42.0,30.0,,未確定,C,revenue_share_unknown,unknown,,,,売上セグメントとテーマを直接対応できず
7,6472,NTN Corporation,建設機械,設備投資・機械,,,8.0,5.0,,未確定,C,revenue_share_unknown,unknown,,,,売上セグメントとテーマを直接対応できず
7,6472,NTN Corporation,自動車部材・部品,自動車・モビリティ,,,42.0,30.0,,未確定,C,revenue_share_unknown,unknown,,,,売上セグメントとテーマを直接対応できず
7,6472,NTN Corporation,設備投資,設備投資・機械,,,46.0,34.0,,未確定,C,revenue_share_unknown,unknown,,,,売上セグメントとテーマを直接対応できず
7,6472,NTN Corporation,鉄道関連,物流・海運,,,72.0,68.0,,未確定,C,revenue_share_unknown,unknown,,,,売上セグメントとテーマを直接対応できず
7,6472,NTN Corporation,電気自動車関連,自動車・モビリティ,,,72.0,68.0,,未確定,C,revenue_share_unknown,unknown,,,,売上セグメントとテーマを直接対応できず
7,6472,NTN Corporation,風力発電,GX・エネルギー,,,72.0,68.0,,未確定,C,revenue_share_unknown,unknown,,,,売上セグメントとテーマを直接対応できず
7,6473,JTEKT Corporation,スマートグリッド,データセンター・電力,,,8.0,5.0,,未確定,C,revenue_share_unknown,unknown,,,,売上セグメントとテーマを直接対応できず
7,6473,JTEKT Corporation,宇宙開発関連,防衛・国土強靱化,,,8.0,5.0,,未確定,C,revenue_share_unknown,unknown,,,,売上セグメントとテーマを直接対応できず
7,6473,JTEKT Corporation,工作機械,設備投資・機械,,,97.0,100.0,,未確定,C,revenue_share_unknown,unknown,,,,売上セグメントとテーマを直接対応できず
7,6473,JTEKT Corporation,機械,設備投資・機械,,,91.0,95.0,,未確定,C,revenue_share_unknown,unknown,,,,売上セグメントとテーマを直接対応できず
7,6473,JTEKT Corporation,自動車部材・部品,自動車・モビリティ,,,85.0,86.0,,未確定,C,revenue_share_unknown,unknown,,,,売上セグメントとテーマを直接対応できず
7,6473,JTEKT Corporation,自動運転車,自動車・モビリティ,,,8.0,5.0,,未確定,C,revenue_share_unknown,unknown,,,,売上セグメントとテーマを直接対応できず
7,6473,JTEKT Corporation,設備投資,設備投資・機械,,,86.0,90.0,,未確定,C,revenue_share_unknown,unknown,,,,売上セグメントとテーマを直接対応できず
7,6473,JTEKT Corporation,風力発電,GX・エネルギー,,,72.0,68.0,,未確定,C,revenue_share_unknown,unknown,,,,売上セグメントとテーマを直接対応できず
7,6474,Nachi-Fujikoshi Corp.,FA関連,設備投資・機械,,,8.0,5.0,,未確定,C,revenue_share_unknown,unknown,,,,売上セグメントとテーマを直接対応できず
7,6474,Nachi-Fujikoshi Corp.,ロボット,AI・半導体,,,92.0,90.0,,未確定,C,revenue_share_unknown,unknown,,,,売上セグメントとテーマを直接対応できず
7,6474,Nachi-Fujikoshi Corp.,工作機械,設備投資・機械,,,97.0,90.0,,未確定,C,revenue_share_unknown,unknown,,,,売上セグメントとテーマを直接対応できず
7,6474,Nachi-Fujikoshi Corp.,建設機械,設備投資・機械,,,90.0,68.0,,未確定,C,revenue_share_unknown,unknown,,,,売上セグメントとテーマを直接対応できず
7,6474,Nachi-Fujikoshi Corp.,機械,設備投資・機械,,,72.0,68.0,,未確定,C,revenue_share_unknown,unknown,,,,売上セグメントとテーマを直接対応できず
7,6474,Nachi-Fujikoshi Corp.,自動車部材・部品,自動車・モビリティ,,,42.0,30.0,,未確定,C,revenue_share_unknown,unknown,,,,売上セグメントとテーマを直接対応できず
7,6474,Nachi-Fujikoshi Corp.,設備投資,設備投資・機械,,,42.0,30.0,,未確定,C,revenue_share_unknown,unknown,,,,売上セグメントとテーマを直接対応できず
7,6479,MINEBEA MITSUMI Inc.,IoT,設備投資・機械,,,92.0,90.0,,未確定,C,revenue_share_unknown,unknown,,,,売上セグメントとテーマを直接対応できず
7,6479,MINEBEA MITSUMI Inc.,ゲーム関連,デジタル・サービス,,,8.0,5.0,,未確定,C,revenue_share_unknown,unknown,,,,売上セグメントとテーマを直接対応できず
7,6479,MINEBEA MITSUMI Inc.,ドローン,防衛・国土強靱化,,,8.0,5.0,,未確定,C,revenue_share_unknown,unknown,,,,売上セグメントとテーマを直接対応できず
7,6479,MINEBEA MITSUMI Inc.,フィジカルAI,AI・半導体,,,8.0,5.0,,未確定,C,revenue_share_unknown,unknown,,,,売上セグメントとテーマを直接対応できず
7,6479,MINEBEA MITSUMI Inc.,ロボット,AI・半導体,,,8.0,5.0,,未確定,C,revenue_share_unknown,unknown,,,,売上セグメントとテーマを直接対応できず
7,6479,MINEBEA MITSUMI Inc.,円安メリット,内需・消費,,,8.0,5.0,,未確定,C,macro_sensitivity_required,macro_unknown,,,,売上セグメントとテーマを直接対応できず
7,6479,MINEBEA MITSUMI Inc.,半導体,AI・半導体,,,92.0,84.0,,未確定,C,revenue_share_unknown,unknown,,,,売上セグメントとテーマを直接対応できず
7,6479,MINEBEA MITSUMI Inc.,宇宙開発関連,防衛・国土強靱化,,,42.0,30.0,,未確定,C,revenue_share_unknown,unknown,,,,売上セグメントとテーマを直接対応できず
7,6479,MINEBEA MITSUMI Inc.,自動車軽量化,自動車・モビリティ,,,8.0,5.0,,未確定,C,revenue_share_unknown,unknown,,,,売上セグメントとテーマを直接対応できず
7,6479,MINEBEA MITSUMI Inc.,自動車部材・部品,自動車・モビリティ,,,42.0,30.0,,未確定,C,revenue_share_unknown,unknown,,,,売上セグメントとテーマを直接対応できず
7,6479,MINEBEA MITSUMI Inc.,自動運転車,自動車・モビリティ,,,8.0,5.0,,未確定,C,revenue_share_unknown,unknown,,,,売上セグメントとテーマを直接対応できず
7,6479,MINEBEA MITSUMI Inc.,設備投資,設備投資・機械,,,92.0,84.0,,未確定,C,revenue_share_unknown,unknown,,,,売上セグメントとテーマを直接対応できず
7,6479,MINEBEA MITSUMI Inc.,防衛,防衛・国土強靱化,,,8.0,5.0,,未確定,C,revenue_share_unknown,unknown,,,,売上セグメントとテーマを直接対応できず
7,6480,"Nippon Thompson Co., Ltd.",FA関連,設備投資・機械,,,92.0,90.0,,未確定,C,revenue_share_unknown,unknown,,,,売上セグメントとテーマを直接対応できず
7,6480,"Nippon Thompson Co., Ltd.",フィジカルAI,AI・半導体,,,42.0,40.0,,未確定,C,revenue_share_unknown,unknown,,,,売上セグメントとテーマを直接対応できず
7,6480,"Nippon Thompson Co., Ltd.",ロボット,AI・半導体,,,82.0,84.0,,未確定,C,revenue_share_unknown,unknown,,,,売上セグメントとテーマを直接対応できず
7,6480,"Nippon Thompson Co., Ltd.",円安メリット,内需・消費,,,8.0,5.0,,未確定,C,macro_sensitivity_required,macro_unknown,,,,売上セグメントとテーマを直接対応できず
7,6480,"Nippon Thompson Co., Ltd.",半導体製造装置,AI・半導体,,,8.0,5.0,,未確定,C,revenue_share_unknown,unknown,,,,売上セグメントとテーマを直接対応できず
7,6480,"Nippon Thompson Co., Ltd.",建設機械,設備投資・機械,,,8.0,5.0,,未確定,C,revenue_share_unknown,unknown,,,,売上セグメントとテーマを直接対応できず
7,6480,"Nippon Thompson Co., Ltd.",設備投資,設備投資・機械,,,42.0,40.0,,未確定,C,revenue_share_unknown,unknown,,,,売上セグメントとテーマを直接対応できず
7,6481,"THK Co., Ltd.",FA関連,設備投資・機械,,,8.0,5.0,,未確定,C,revenue_share_unknown,unknown,,,,売上セグメントとテーマを直接対応できず
7,6481,"THK Co., Ltd.",ロボット,AI・半導体,,,58.0,46.0,,未確定,C,revenue_share_unknown,unknown,,,,売上セグメントとテーマを直接対応できず
7,6481,"THK Co., Ltd.",半導体製造装置,AI・半導体,,,42.0,30.0,,未確定,C,revenue_share_unknown,unknown,,,,売上セグメントとテーマを直接対応できず
7,6481,"THK Co., Ltd.",工作機械,設備投資・機械,,,58.0,46.0,,未確定,C,revenue_share_unknown,unknown,,,,売上セグメントとテーマを直接対応できず
7,6481,"THK Co., Ltd.",機械,設備投資・機械,,,58.0,46.0,,未確定,C,revenue_share_unknown,unknown,,,,売上セグメントとテーマを直接対応できず
7,6481,"THK Co., Ltd.",耐震化,防衛・国土強靱化,,,8.0,5.0,,未確定,C,revenue_share_unknown,unknown,,,,売上セグメントとテーマを直接対応できず
7,6481,"THK Co., Ltd.",自動車部材・部品,自動車・モビリティ,,,8.0,5.0,,未確定,C,revenue_share_unknown,unknown,,,,売上セグメントとテーマを直接対応できず
7,6481,"THK Co., Ltd.",設備投資,設備投資・機械,,,58.0,46.0,,未確定,C,revenue_share_unknown,unknown,,,,売上セグメントとテーマを直接対応できず
7,6481,"THK Co., Ltd.",電気自動車関連,自動車・モビリティ,,,8.0,5.0,,未確定,C,revenue_share_unknown,unknown,,,,売上セグメントとテーマを直接対応できず
7,6482,Yushin Company,FA関連,設備投資・機械,,,92.0,94.0,,未確定,C,revenue_share_unknown,unknown,,,,売上セグメントとテーマを直接対応できず
7,6482,Yushin Company,サービスロボット,設備投資・機械,,,42.0,40.0,,未確定,C,revenue_share_unknown,unknown,,,,売上セグメントとテーマを直接対応できず
7,6482,Yushin Company,ロボット,AI・半導体,,,92.0,94.0,,未確定,C,revenue_share_unknown,unknown,,,,売上セグメントとテーマを直接対応できず
7,6482,Yushin Company,機械,設備投資・機械,,,82.0,84.0,,未確定,C,revenue_share_unknown,unknown,,,,売上セグメントとテーマを直接対応できず
7,6482,Yushin Company,物流,物流・海運,,,8.0,5.0,,未確定,C,revenue_share_unknown,unknown,,,,売上セグメントとテーマを直接対応できず
7,6482,Yushin Company,設備投資,設備投資・機械,,,82.0,84.0,,未確定,C,revenue_share_unknown,unknown,,,,売上セグメントとテーマを直接対応できず
7,6484,KVK Corporation,水道関連,防衛・国土強靱化,,,58.0,46.0,,未確定,C,revenue_share_unknown,unknown,,,,売上セグメントとテーマを直接対応できず
7,6485,"Maezawa Kyuso Industries Co.,Ltd.",機械,設備投資・機械,,,42.0,30.0,,未確定,C,revenue_share_unknown,unknown,,,,売上セグメントとテーマを直接対応できず
7,6485,"Maezawa Kyuso Industries Co.,Ltd.",水道関連,防衛・国土強靱化,,,97.0,100.0,,未確定,C,revenue_share_unknown,unknown,,,,売上セグメントとテーマを直接対応できず
7,6486,"Eagle Industry Co.,Ltd.",半導体製造装置,AI・半導体,,,42.0,30.0,,未確定,C,revenue_share_unknown,unknown,,,,売上セグメントとテーマを直接対応できず
7,6486,"Eagle Industry Co.,Ltd.",原子力発電,GX・エネルギー,,,72.0,68.0,,未確定,C,revenue_share_unknown,unknown,,,,売上セグメントとテーマを直接対応できず
7,6486,"Eagle Industry Co.,Ltd.",宇宙開発関連,防衛・国土強靱化,,,42.0,30.0,,未確定,C,revenue_share_unknown,unknown,,,,売上セグメントとテーマを直接対応できず
7,6486,"Eagle Industry Co.,Ltd.",建設機械,設備投資・機械,,,92.0,90.0,,未確定,C,revenue_share_unknown,unknown,,,,売上セグメントとテーマを直接対応できず
7,6486,"Eagle Industry Co.,Ltd.",自動車部材・部品,自動車・モビリティ,,,8.0,5.0,,未確定,C,revenue_share_unknown,unknown,,,,売上セグメントとテーマを直接対応できず
7,6488,Yoshitake Inc.,水素,GX・エネルギー,,,8.0,5.0,,未確定,C,revenue_share_unknown,unknown,,,,売上セグメントとテーマを直接対応できず
7,6488,Yoshitake Inc.,設備投資,設備投資・機械,,,58.0,56.0,,未確定,C,revenue_share_unknown,unknown,,,,売上セグメントとテーマを直接対応できず
7,6490,PILLAR Corporation,半導体製造装置,AI・半導体,,,42.0,40.0,,未確定,C,revenue_share_unknown,unknown,,,,売上セグメントとテーマを直接対応できず
7,6490,PILLAR Corporation,耐震化,防衛・国土強靱化,,,8.0,5.0,,未確定,C,revenue_share_unknown,unknown,,,,売上セグメントとテーマを直接対応できず
7,6490,PILLAR Corporation,防災,防衛・国土強靱化,,,42.0,40.0,,未確定,C,revenue_share_unknown,unknown,,,,売上セグメントとテーマを直接対応できず
7,6492,Okano Valve Mfg.Co.Ltd.,原子力発電,GX・エネルギー,,,58.0,58.0,,未確定,C,revenue_share_unknown,unknown,,,,売上セグメントとテーマを直接対応できず
7,6493,NITTAN Corporation,建設機械,設備投資・機械,,,8.0,5.0,,未確定,C,revenue_share_unknown,unknown,,,,売上セグメントとテーマを直接対応できず
7,6493,NITTAN Corporation,自動車部材・部品,自動車・モビリティ,,,82.0,74.0,,未確定,C,revenue_share_unknown,unknown,,,,売上セグメントとテーマを直接対応できず
7,6494,"NFK Holdings Co., Ltd.",半導体,AI・半導体,,,8.0,5.0,,未確定,C,revenue_share_unknown,unknown,,,,売上セグメントとテーマを直接対応できず
7,6494,"NFK Holdings Co., Ltd.",機械,設備投資・機械,,,82.0,86.0,,未確定,C,revenue_share_unknown,unknown,,,,売上セグメントとテーマを直接対応できず
7,6495,"Miyairi Valve Mfg. Co., Ltd.",水素,GX・エネルギー,,,8.0,5.0,,未確定,C,revenue_share_unknown,unknown,,,,売上セグメントとテーマを直接対応できず
7,6497,Hamai Industries Ltd.,半導体製造装置,AI・半導体,,,8.0,5.0,,未確定,C,revenue_share_unknown,unknown,,,,売上セグメントとテーマを直接対応できず
7,6497,Hamai Industries Ltd.,水素,GX・エネルギー,,,42.0,30.0,,未確定,C,revenue_share_unknown,unknown,,,,売上セグメントとテーマを直接対応できず
7,6498,KITZ Corporation,サーバー冷却,データセンター・電力,,,8.0,5.0,,未確定,C,revenue_share_unknown,unknown,,,,売上セグメントとテーマを直接対応できず
7,6498,KITZ Corporation,データセンター,データセンター・電力,,,8.0,5.0,,未確定,C,revenue_share_unknown,unknown,,,,売上セグメントとテーマを直接対応できず
7,6498,KITZ Corporation,ホテル,内需・消費,,,42.0,30.0,,未確定,C,revenue_share_unknown,unknown,,,,売上セグメントとテーマを直接対応できず
7,6498,KITZ Corporation,下水道,防衛・国土強靱化,,,8.0,5.0,,未確定,C,revenue_share_unknown,unknown,,,,売上セグメントとテーマを直接対応できず
7,6498,KITZ Corporation,半導体製造装置,AI・半導体,,,8.0,5.0,,未確定,C,revenue_share_unknown,unknown,,,,売上セグメントとテーマを直接対応できず
7,6498,KITZ Corporation,太陽光発電関連,GX・エネルギー,,,8.0,5.0,,未確定,C,revenue_share_unknown,unknown,,,,売上セグメントとテーマを直接対応できず
7,6498,KITZ Corporation,水素,GX・エネルギー,,,8.0,5.0,,未確定,C,revenue_share_unknown,unknown,,,,売上セグメントとテーマを直接対応できず
7,6501,"Hitachi, Ltd.",AIエージェント,AI・半導体,,,8.0,5.0,,未確定,C,revenue_share_unknown,unknown,,,,売上セグメントとテーマを直接対応できず
7,6501,"Hitachi, Ltd.",IT関連,デジタル・サービス,,,97.0,89.0,,未確定,C,revenue_share_unknown,unknown,,,,売上セグメントとテーマを直接対応できず
7,6501,"Hitachi, Ltd.",IoT,設備投資・機械,,,92.0,90.0,,未確定,C,revenue_share_unknown,unknown,,,,売上セグメントとテーマを直接対応できず
7,6501,"Hitachi, Ltd.",クラウドコンピューティング,デジタル・サービス,,,92.0,90.0,,未確定,C,revenue_share_unknown,unknown,,,,売上セグメントとテーマを直接対応できず
7,6501,"Hitachi, Ltd.",サブスクリプション,デジタル・サービス,,,8.0,5.0,,未確定,C,revenue_share_unknown,unknown,,,,売上セグメントとテーマを直接対応できず
7,6501,"Hitachi, Ltd.",サーバー冷却,データセンター・電力,,,8.0,5.0,,未確定,C,revenue_share_unknown,unknown,,,,売上セグメントとテーマを直接対応できず
7,6501,"Hitachi, Ltd.",サービスロボット,設備投資・機械,,,42.0,30.0,,未確定,C,revenue_share_unknown,unknown,,,,売上セグメントとテーマを直接対応できず
7,6501,"Hitachi, Ltd.",スマートグリッド,データセンター・電力,,,42.0,30.0,,未確定,C,revenue_share_unknown,unknown,,,,売上セグメントとテーマを直接対応できず
7,6501,"Hitachi, Ltd.",データセンター,データセンター・電力,,,8.0,5.0,,未確定,C,revenue_share_unknown,unknown,,,,売上セグメントとテーマを直接対応できず
7,6501,"Hitachi, Ltd.",フィジカルAI,AI・半導体,,,42.0,30.0,,未確定,C,revenue_share_unknown,unknown,,,,売上セグメントとテーマを直接対応できず
7,6501,"Hitachi, Ltd.",マイナンバー,デジタル・サービス,,,8.0,5.0,,未確定,C,revenue_share_unknown,unknown,,,,売上セグメントとテーマを直接対応できず
7,6501,"Hitachi, Ltd.",リチウムイオン電池,自動車・モビリティ,,,8.0,5.0,,未確定,C,revenue_share_unknown,unknown,,,,売上セグメントとテーマを直接対応できず
7,6501,"Hitachi, Ltd.",ロボット,AI・半導体,,,58.0,46.0,,未確定,C,revenue_share_unknown,unknown,,,,売上セグメントとテーマを直接対応できず
7,6501,"Hitachi, Ltd.",人工知能,AI・半導体,,,90.0,82.0,,未確定,C,revenue_share_unknown,unknown,,,,売上セグメントとテーマを直接対応できず
7,6501,"Hitachi, Ltd.",全固体電池,自動車・モビリティ,,,8.0,5.0,,未確定,C,revenue_share_unknown,unknown,,,,売上セグメントとテーマを直接対応できず
7,6501,"Hitachi, Ltd.",円安メリット,内需・消費,,,8.0,5.0,,未確定,C,macro_sensitivity_required,macro_unknown,,,,売上セグメントとテーマを直接対応できず
7,6501,"Hitachi, Ltd.",再生医療,医療・ヘルスケア,,,8.0,5.0,,未確定,C,revenue_share_unknown,unknown,,,,売上セグメントとテーマを直接対応できず
7,6501,"Hitachi, Ltd.",医療機器,医療・ヘルスケア,,,8.0,5.0,,未確定,C,revenue_share_unknown,unknown,,,,売上セグメントとテーマを直接対応できず
7,6501,"Hitachi, Ltd.",原子力発電,GX・エネルギー,,,42.0,30.0,,未確定,C,revenue_share_unknown,unknown,,,,売上セグメントとテーマを直接対応できず
7,6501,"Hitachi, Ltd.",宇宙開発関連,防衛・国土強靱化,,,8.0,5.0,,未確定,C,revenue_share_unknown,unknown,,,,売上セグメントとテーマを直接対応できず
7,6501,"Hitachi, Ltd.",核融合発電,GX・エネルギー,,,8.0,5.0,,未確定,C,revenue_share_unknown,unknown,,,,売上セグメントとテーマを直接対応できず
7,6501,"Hitachi, Ltd.",水素,GX・エネルギー,,,8.0,5.0,,未確定,C,revenue_share_unknown,unknown,,,,売上セグメントとテーマを直接対応できず
7,6501,"Hitachi, Ltd.",生成AI,AI・半導体,,,8.0,5.0,,未確定,C,revenue_share_unknown,unknown,,,,売上セグメントとテーマを直接対応できず
7,6501,"Hitachi, Ltd.",自動車部材・部品,自動車・モビリティ,,,42.0,30.0,,未確定,C,revenue_share_unknown,unknown,,,,売上セグメントとテーマを直接対応できず
7,6501,"Hitachi, Ltd.",自動車電子化,自動車・モビリティ,,,8.0,5.0,,未確定,C,revenue_share_unknown,unknown,,,,売上セグメントとテーマを直接対応できず
7,6501,"Hitachi, Ltd.",自動運転車,自動車・モビリティ,,,8.0,5.0,,未確定,C,revenue_share_unknown,unknown,,,,売上セグメントとテーマを直接対応できず
7,6501,"Hitachi, Ltd.",蓄電池,GX・エネルギー,,,8.0,5.0,,未確定,C,revenue_share_unknown,unknown,,,,売上セグメントとテーマを直接対応できず
7,6501,"Hitachi, Ltd.",送電,データセンター・電力,,,42.0,30.0,,未確定,C,revenue_share_unknown,unknown,,,,売上セグメントとテーマを直接対応できず
7,6501,"Hitachi, Ltd.",都市鉱山,資源・素材,,,42.0,30.0,,未確定,C,revenue_share_unknown,unknown,,,,売上セグメントとテーマを直接対応できず
7,6501,"Hitachi, Ltd.",量子コンピューター,AI・半導体,,,8.0,5.0,,未確定,C,revenue_share_unknown,unknown,,,,売上セグメントとテーマを直接対応できず
7,6501,"Hitachi, Ltd.",鉄道関連,物流・海運,,,92.0,90.0,,未確定,C,revenue_share_unknown,unknown,,,,売上セグメントとテーマを直接対応できず
7,6501,"Hitachi, Ltd.",防災,防衛・国土強靱化,,,8.0,5.0,,未確定,C,revenue_share_unknown,unknown,,,,売上セグメントとテーマを直接対応できず
7,6501,"Hitachi, Ltd.",防衛,防衛・国土強靱化,,,8.0,5.0,,未確定,C,revenue_share_unknown,unknown,,,,売上セグメントとテーマを直接対応できず
7,6501,"Hitachi, Ltd.",電力設備投資関連,データセンター・電力,,,42.0,30.0,,未確定,C,revenue_share_unknown,unknown,,,,売上セグメントとテーマを直接対応できず
7,6501,"Hitachi, Ltd.",電子政府,デジタル・サービス,,,8.0,5.0,,未確定,C,revenue_share_unknown,unknown,,,,売上セグメントとテーマを直接対応できず
7,6501,"Hitachi, Ltd.",風力発電,GX・エネルギー,,,8.0,5.0,,未確定,C,revenue_share_unknown,unknown,,,,売上セグメントとテーマを直接対応できず
7,6503,Mitsubishi Electric Corporation,3Dプリンター,設備投資・機械,,,8.0,5.0,,未確定,C,revenue_share_unknown,unknown,,,,売上セグメントとテーマを直接対応できず
7,6503,Mitsubishi Electric Corporation,FA関連,設備投資・機械,,,86.0,88.0,,未確定,C,revenue_share_unknown,unknown,,,,売上セグメントとテーマを直接対応できず
7,6503,Mitsubishi Electric Corporation,IT関連,デジタル・サービス,,,72.0,68.0,,未確定,C,revenue_share_unknown,unknown,,,,売上セグメントとテーマを直接対応できず
7,6503,Mitsubishi Electric Corporation,IoT,設備投資・機械,,,8.0,5.0,,未確定,C,revenue_share_unknown,unknown,,,,売上セグメントとテーマを直接対応できず
7,6503,Mitsubishi Electric Corporation,クラウドコンピューティング,デジタル・サービス,,,8.0,5.0,,未確定,C,revenue_share_unknown,unknown,,,,売上セグメントとテーマを直接対応できず
7,6503,Mitsubishi Electric Corporation,サーバー冷却,データセンター・電力,,,42.0,40.0,,未確定,C,revenue_share_unknown,unknown,,,,売上セグメントとテーマを直接対応できず
7,6503,Mitsubishi Electric Corporation,スマートグリッド,データセンター・電力,,,8.0,5.0,,未確定,C,revenue_share_unknown,unknown,,,,売上セグメントとテーマを直接対応できず
7,6503,Mitsubishi Electric Corporation,データセンター,データセンター・電力,,,58.0,56.0,,未確定,C,revenue_share_unknown,unknown,,,,売上セグメントとテーマを直接対応できず
7,6503,Mitsubishi Electric Corporation,ドローン,防衛・国土強靱化,,,8.0,5.0,,未確定,C,revenue_share_unknown,unknown,,,,売上セグメントとテーマを直接対応できず
7,6503,Mitsubishi Electric Corporation,フィジカルAI,AI・半導体,,,8.0,5.0,,未確定,C,revenue_share_unknown,unknown,,,,売上セグメントとテーマを直接対応できず
7,6503,Mitsubishi Electric Corporation,ロボット,AI・半導体,,,42.0,40.0,,未確定,C,revenue_share_unknown,unknown,,,,売上セグメントとテーマを直接対応できず
7,6503,Mitsubishi Electric Corporation,人工知能,AI・半導体,,,92.0,90.0,,未確定,C,revenue_share_unknown,unknown,,,,売上セグメントとテーマを直接対応できず
7,6503,Mitsubishi Electric Corporation,円安メリット,内需・消費,,,8.0,5.0,,未確定,C,macro_sensitivity_required,macro_unknown,,,,売上セグメントとテーマを直接対応できず
7,6503,Mitsubishi Electric Corporation,医療機器,医療・ヘルスケア,,,8.0,5.0,,未確定,C,revenue_share_unknown,unknown,,,,売上セグメントとテーマを直接対応できず
7,6503,Mitsubishi Electric Corporation,半導体,AI・半導体,,,92.0,94.0,,未確定,C,revenue_share_unknown,unknown,,,,売上セグメントとテーマを直接対応できず
7,6503,Mitsubishi Electric Corporation,原子力発電,GX・エネルギー,,,8.0,5.0,,未確定,C,revenue_share_unknown,unknown,,,,売上セグメントとテーマを直接対応できず
7,6503,Mitsubishi Electric Corporation,宇宙開発関連,防衛・国土強靱化,,,86.0,88.0,,未確定,C,revenue_share_unknown,unknown,,,,売上セグメントとテーマを直接対応できず
7,6503,Mitsubishi Electric Corporation,核融合発電,GX・エネルギー,,,8.0,5.0,,未確定,C,revenue_share_unknown,unknown,,,,売上セグメントとテーマを直接対応できず
7,6503,Mitsubishi Electric Corporation,空飛ぶクルマ,自動車・モビリティ,,,8.0,5.0,,未確定,C,revenue_share_unknown,unknown,,,,売上セグメントとテーマを直接対応できず
7,6503,Mitsubishi Electric Corporation,自動車電子化,自動車・モビリティ,,,87.0,89.0,,未確定,C,revenue_share_unknown,unknown,,,,売上セグメントとテーマを直接対応できず
7,6503,Mitsubishi Electric Corporation,設備投資,設備投資・機械,,,46.0,44.0,,未確定,C,revenue_share_unknown,unknown,,,,売上セグメントとテーマを直接対応できず
7,6503,Mitsubishi Electric Corporation,量子コンピューター,AI・半導体,,,8.0,5.0,,未確定,C,revenue_share_unknown,unknown,,,,売上セグメントとテーマを直接対応できず
7,6503,Mitsubishi Electric Corporation,鉄道関連,物流・海運,,,42.0,40.0,,未確定,C,revenue_share_unknown,unknown,,,,売上セグメントとテーマを直接対応できず
7,6503,Mitsubishi Electric Corporation,防衛,防衛・国土強靱化,,,8.0,5.0,,未確定,C,revenue_share_unknown,unknown,,,,売上セグメントとテーマを直接対応できず
7,6503,Mitsubishi Electric Corporation,電力設備投資関連,データセンター・電力,,,96.0,98.0,,未確定,C,revenue_share_unknown,unknown,,,,売上セグメントとテーマを直接対応できず
7,6503,Mitsubishi Electric Corporation,電子政府,デジタル・サービス,,,8.0,5.0,,未確定,C,revenue_share_unknown,unknown,,,,売上セグメントとテーマを直接対応できず
7,6504,"Fuji Electric Co., Ltd.",FA関連,設備投資・機械,,,85.0,82.0,,未確定,C,revenue_share_unknown,unknown,,,,売上セグメントとテーマを直接対応できず
7,6504,"Fuji Electric Co., Ltd.",IT関連,デジタル・サービス,,,72.0,68.0,,未確定,C,revenue_share_unknown,unknown,,,,売上セグメントとテーマを直接対応できず
7,6504,"Fuji Electric Co., Ltd.",IoT,設備投資・機械,,,8.0,5.0,,未確定,C,revenue_share_unknown,unknown,,,,売上セグメントとテーマを直接対応できず
7,6504,"Fuji Electric Co., Ltd.",サーバー冷却,データセンター・電力,,,42.0,40.0,,未確定,C,revenue_share_unknown,unknown,,,,売上セグメントとテーマを直接対応できず
7,6504,"Fuji Electric Co., Ltd.",スマートグリッド,データセンター・電力,,,42.0,40.0,,未確定,C,revenue_share_unknown,unknown,,,,売上セグメントとテーマを直接対応できず
7,6504,"Fuji Electric Co., Ltd.",データセンター,データセンター・電力,,,86.0,88.0,,未確定,C,revenue_share_unknown,unknown,,,,売上セグメントとテーマを直接対応できず
7,6504,"Fuji Electric Co., Ltd.",半導体,AI・半導体,,,92.0,94.0,,未確定,C,revenue_share_unknown,unknown,,,,売上セグメントとテーマを直接対応できず
7,6504,"Fuji Electric Co., Ltd.",太陽光発電関連,GX・エネルギー,,,42.0,40.0,,未確定,C,revenue_share_unknown,unknown,,,,売上セグメントとテーマを直接対応できず
7,6504,"Fuji Electric Co., Ltd.",宇宙開発関連,防衛・国土強靱化,,,8.0,5.0,,未確定,C,revenue_share_unknown,unknown,,,,売上セグメントとテーマを直接対応できず
7,6504,"Fuji Electric Co., Ltd.",設備投資,設備投資・機械,,,42.0,40.0,,未確定,C,revenue_share_unknown,unknown,,,,売上セグメントとテーマを直接対応できず
7,6504,"Fuji Electric Co., Ltd.",鉄道関連,物流・海運,,,42.0,40.0,,未確定,C,revenue_share_unknown,unknown,,,,売上セグメントとテーマを直接対応できず
7,6504,"Fuji Electric Co., Ltd.",防災,防衛・国土強靱化,,,8.0,5.0,,未確定,C,revenue_share_unknown,unknown,,,,売上セグメントとテーマを直接対応できず
7,6504,"Fuji Electric Co., Ltd.",電力設備投資関連,データセンター・電力,,,42.0,40.0,,未確定,C,revenue_share_unknown,unknown,,,,売上セグメントとテーマを直接対応できず
7,6504,"Fuji Electric Co., Ltd.",電気自動車関連,自動車・モビリティ,,,92.0,90.0,,未確定,C,revenue_share_unknown,unknown,,,,売上セグメントとテーマを直接対応できず
7,6504,"Fuji Electric Co., Ltd.",風力発電,GX・エネルギー,,,8.0,5.0,,未確定,C,revenue_share_unknown,unknown,,,,売上セグメントとテーマを直接対応できず
7,6505,Toyo Denki Seizo K.K.,FA関連,設備投資・機械,,,8.0,5.0,,未確定,C,revenue_share_unknown,unknown,,,,売上セグメントとテーマを直接対応できず
7,6505,Toyo Denki Seizo K.K.,鉄道関連,物流・海運,,,66.0,56.0,,未確定,C,revenue_share_unknown,unknown,,,,売上セグメントとテーマを直接対応できず
7,6505,Toyo Denki Seizo K.K.,防災,防衛・国土強靱化,,,8.0,5.0,,未確定,C,revenue_share_unknown,unknown,,,,売上セグメントとテーマを直接対応できず
7,6506,YASKAWA Electric Corporation,FA関連,設備投資・機械,,,72.0,78.0,,未確定,C,revenue_share_unknown,unknown,,,,売上セグメントとテーマを直接対応できず
7,6506,YASKAWA Electric Corporation,IT関連,デジタル・サービス,,,8.0,5.0,,未確定,C,revenue_share_unknown,unknown,,,,売上セグメントとテーマを直接対応できず
7,6506,YASKAWA Electric Corporation,サービスロボット,設備投資・機械,,,46.0,34.0,,未確定,C,revenue_share_unknown,unknown,,,,売上セグメントとテーマを直接対応できず
7,6506,YASKAWA Electric Corporation,スマートグリッド,データセンター・電力,,,8.0,5.0,,未確定,C,revenue_share_unknown,unknown,,,,売上セグメントとテーマを直接対応できず
7,6506,YASKAWA Electric Corporation,フィジカルAI,AI・半導体,,,72.0,78.0,,未確定,C,revenue_share_unknown,unknown,,,,売上セグメントとテーマを直接対応できず
7,6506,YASKAWA Electric Corporation,ロボット,AI・半導体,,,100.0,100.0,,未確定,C,revenue_share_unknown,unknown,,,,売上セグメントとテーマを直接対応できず
7,6506,YASKAWA Electric Corporation,人工知能,AI・半導体,,,85.0,91.0,,未確定,C,revenue_share_unknown,unknown,,,,売上セグメントとテーマを直接対応できず
7,6506,YASKAWA Electric Corporation,再生医療,医療・ヘルスケア,,,8.0,5.0,,未確定,C,revenue_share_unknown,unknown,,,,売上セグメントとテーマを直接対応できず
7,6506,YASKAWA Electric Corporation,半導体製造装置,AI・半導体,,,72.0,78.0,,未確定,C,revenue_share_unknown,unknown,,,,売上セグメントとテーマを直接対応できず
7,6506,YASKAWA Electric Corporation,自動車製造装置,自動車・モビリティ,,,8.0,5.0,,未確定,C,revenue_share_unknown,unknown,,,,売上セグメントとテーマを直接対応できず
7,6506,YASKAWA Electric Corporation,設備投資,設備投資・機械,,,46.0,34.0,,未確定,C,revenue_share_unknown,unknown,,,,売上セグメントとテーマを直接対応できず
7,6506,YASKAWA Electric Corporation,防災,防衛・国土強靱化,,,8.0,5.0,,未確定,C,revenue_share_unknown,unknown,,,,売上セグメントとテーマを直接対応できず
7,6506,YASKAWA Electric Corporation,電力設備投資関連,データセンター・電力,,,42.0,30.0,,未確定,C,revenue_share_unknown,unknown,,,,売上セグメントとテーマを直接対応できず
7,6506,YASKAWA Electric Corporation,電気自動車関連,自動車・モビリティ,,,85.0,91.0,,未確定,C,revenue_share_unknown,unknown,,,,売上セグメントとテーマを直接対応できず
7,6506,YASKAWA Electric Corporation,風力発電,GX・エネルギー,,,8.0,5.0,,未確定,C,revenue_share_unknown,unknown,,,,売上セグメントとテーマを直接対応できず
7,6507,"Sinfonia Technology Co.,Ltd.",FA関連,設備投資・機械,,,85.0,82.0,,未確定,C,revenue_share_unknown,unknown,,,,売上セグメントとテーマを直接対応できず
7,6507,"Sinfonia Technology Co.,Ltd.",ロボット,AI・半導体,,,72.0,68.0,,未確定,C,revenue_share_unknown,unknown,,,,売上セグメントとテーマを直接対応できず
7,6507,"Sinfonia Technology Co.,Ltd.",半導体製造装置,AI・半導体,,,42.0,30.0,,未確定,C,revenue_share_unknown,unknown,,,,売上セグメントとテーマを直接対応できず
7,6507,"Sinfonia Technology Co.,Ltd.",宇宙開発関連,防衛・国土強靱化,,,72.0,68.0,,未確定,C,revenue_share_unknown,unknown,,,,売上セグメントとテーマを直接対応できず
7,6507,"Sinfonia Technology Co.,Ltd.",自動車製造装置,自動車・モビリティ,,,8.0,5.0,,未確定,C,revenue_share_unknown,unknown,,,,売上セグメントとテーマを直接対応できず
7,6507,"Sinfonia Technology Co.,Ltd.",自動車部材・部品,自動車・モビリティ,,,46.0,34.0,,未確定,C,revenue_share_unknown,unknown,,,,売上セグメントとテーマを直接対応できず
7,6507,"Sinfonia Technology Co.,Ltd.",防災,防衛・国土強靱化,,,8.0,5.0,,未確定,C,revenue_share_unknown,unknown,,,,売上セグメントとテーマを直接対応できず
7,6507,"Sinfonia Technology Co.,Ltd.",防衛,防衛・国土強靱化,,,8.0,5.0,,未確定,C,revenue_share_unknown,unknown,,,,売上セグメントとテーマを直接対応できず
7,6507,"Sinfonia Technology Co.,Ltd.",電力設備投資関連,データセンター・電力,,,42.0,30.0,,未確定,C,revenue_share_unknown,unknown,,,,売上セグメントとテーマを直接対応できず
7,6507,"Sinfonia Technology Co.,Ltd.",電気自動車関連,自動車・モビリティ,,,8.0,5.0,,未確定,C,revenue_share_unknown,unknown,,,,売上セグメントとテーマを直接対応できず
7,6507,"Sinfonia Technology Co.,Ltd.",風力発電,GX・エネルギー,,,8.0,5.0,,未確定,C,revenue_share_unknown,unknown,,,,売上セグメントとテーマを直接対応できず
7,6508,Meidensha Corporation,FA関連,設備投資・機械,,,92.0,90.0,,未確定,C,revenue_share_unknown,unknown,,,,売上セグメントとテーマを直接対応できず
7,6508,Meidensha Corporation,IoT,設備投資・機械,,,72.0,68.0,,未確定,C,revenue_share_unknown,unknown,,,,売上セグメントとテーマを直接対応できず
7,6508,Meidensha Corporation,スマートグリッド,データセンター・電力,,,8.0,5.0,,未確定,C,revenue_share_unknown,unknown,,,,売上セグメントとテーマを直接対応できず
7,6508,Meidensha Corporation,下水道,防衛・国土強靱化,,,66.0,56.0,,未確定,C,revenue_share_unknown,unknown,,,,売上セグメントとテーマを直接対応できず
7,6508,Meidensha Corporation,再生可能エネルギー,GX・エネルギー,,,8.0,5.0,,未確定,C,revenue_share_unknown,unknown,,,,売上セグメントとテーマを直接対応できず
7,6508,Meidensha Corporation,太陽光発電関連,GX・エネルギー,,,86.0,78.0,,未確定,C,revenue_share_unknown,unknown,,,,売上セグメントとテーマを直接対応できず
7,6508,Meidensha Corporation,脱炭素,GX・エネルギー,,,8.0,5.0,,未確定,C,revenue_share_unknown,unknown,,,,売上セグメントとテーマを直接対応できず
7,6508,Meidensha Corporation,自動車製造装置,自動車・モビリティ,,,8.0,5.0,,未確定,C,revenue_share_unknown,unknown,,,,売上セグメントとテーマを直接対応できず
7,6508,Meidensha Corporation,蓄電池,GX・エネルギー,,,8.0,5.0,,未確定,C,revenue_share_unknown,unknown,,,,売上セグメントとテーマを直接対応できず
7,6508,Meidensha Corporation,鉄道関連,物流・海運,,,86.0,78.0,,未確定,C,revenue_share_unknown,unknown,,,,売上セグメントとテーマを直接対応できず
7,6508,Meidensha Corporation,防災,防衛・国土強靱化,,,8.0,5.0,,未確定,C,revenue_share_unknown,unknown,,,,売上セグメントとテーマを直接対応できず
7,6508,Meidensha Corporation,電力設備投資関連,データセンター・電力,,,100.0,92.0,,未確定,C,revenue_share_unknown,unknown,,,,売上セグメントとテーマを直接対応できず
7,6508,Meidensha Corporation,電気自動車関連,自動車・モビリティ,,,92.0,90.0,,未確定,C,revenue_share_unknown,unknown,,,,売上セグメントとテーマを直接対応できず
7,6508,Meidensha Corporation,風力発電,GX・エネルギー,,,8.0,5.0,,未確定,C,revenue_share_unknown,unknown,,,,売上セグメントとテーマを直接対応できず
7,6513,"Origin Company, Limited",医療機器,医療・ヘルスケア,,,72.0,68.0,,未確定,C,revenue_share_unknown,unknown,,,,売上セグメントとテーマを直接対応できず
7,6513,"Origin Company, Limited",半導体製造装置,AI・半導体,,,94.0,86.0,,未確定,C,revenue_share_unknown,unknown,,,,売上セグメントとテーマを直接対応できず
7,6513,"Origin Company, Limited",太陽光発電関連,GX・エネルギー,,,8.0,5.0,,未確定,C,revenue_share_unknown,unknown,,,,売上セグメントとテーマを直接対応できず
7,6513,"Origin Company, Limited",自動車部材・部品,自動車・モビリティ,,,8.0,5.0,,未確定,C,revenue_share_unknown,unknown,,,,売上セグメントとテーマを直接対応できず
7,6516,"Sanyo Denki Co., Ltd.",FA関連,設備投資・機械,,,42.0,30.0,,未確定,C,revenue_share_unknown,unknown,,,,売上セグメントとテーマを直接対応できず
7,6516,"Sanyo Denki Co., Ltd.",スマートグリッド,データセンター・電力,,,8.0,5.0,,未確定,C,revenue_share_unknown,unknown,,,,売上セグメントとテーマを直接対応できず
7,6516,"Sanyo Denki Co., Ltd.",ロボット,AI・半導体,,,58.0,46.0,,未確定,C,revenue_share_unknown,unknown,,,,売上セグメントとテーマを直接対応できず
7,6516,"Sanyo Denki Co., Ltd.",再生可能エネルギー,GX・エネルギー,,,8.0,5.0,,未確定,C,revenue_share_unknown,unknown,,,,売上セグメントとテーマを直接対応できず
7,6516,"Sanyo Denki Co., Ltd.",半導体製造装置,AI・半導体,,,58.0,46.0,,未確定,C,revenue_share_unknown,unknown,,,,売上セグメントとテーマを直接対応できず
7,6516,"Sanyo Denki Co., Ltd.",太陽光発電関連,GX・エネルギー,,,8.0,5.0,,未確定,C,revenue_share_unknown,unknown,,,,売上セグメントとテーマを直接対応できず
7,6516,"Sanyo Denki Co., Ltd.",工作機械,設備投資・機械,,,58.0,46.0,,未確定,C,revenue_share_unknown,unknown,,,,売上セグメントとテーマを直接対応できず
7,6517,"Denyo Co., Ltd.",水素,GX・エネルギー,,,92.0,98.0,,未確定,C,revenue_share_unknown,unknown,,,,売上セグメントとテーマを直接対応できず
7,6517,"Denyo Co., Ltd.",防災,防衛・国土強靱化,,,92.0,98.0,,未確定,C,revenue_share_unknown,unknown,,,,売上セグメントとテーマを直接対応できず
7,6518,"Sanso Electric Co.,Ltd.",半導体製造装置,AI・半導体,,,8.0,5.0,,未確定,C,revenue_share_unknown,unknown,,,,売上セグメントとテーマを直接対応できず
7,6521,OXIDE Corporation,データセンター,データセンター・電力,,,72.0,68.0,,未確定,C,revenue_share_unknown,unknown,,,,売上セグメントとテーマを直接対応できず
7,6521,OXIDE Corporation,医療機器,医療・ヘルスケア,,,8.0,5.0,,未確定,C,revenue_share_unknown,unknown,,,,売上セグメントとテーマを直接対応できず
7,6521,OXIDE Corporation,半導体,AI・半導体,,,90.0,88.0,,未確定,C,revenue_share_unknown,unknown,,,,売上セグメントとテーマを直接対応できず
7,6521,OXIDE Corporation,半導体製造装置,AI・半導体,,,42.0,40.0,,未確定,C,revenue_share_unknown,unknown,,,,売上セグメントとテーマを直接対応できず
7,6521,OXIDE Corporation,半導体部材・部品,AI・半導体,,,42.0,40.0,,未確定,C,revenue_share_unknown,unknown,,,,売上セグメントとテーマを直接対応できず
7,6521,OXIDE Corporation,量子コンピューター,AI・半導体,,,8.0,5.0,,未確定,C,revenue_share_unknown,unknown,,,,売上セグメントとテーマを直接対応できず
7,6523,PHC Holdings Corporation,再生医療,医療・ヘルスケア,,,8.0,5.0,,未確定,C,revenue_share_unknown,unknown,,,,売上セグメントとテーマを直接対応できず
7,6523,PHC Holdings Corporation,医療機器,医療・ヘルスケア,,,58.0,60.0,,未確定,C,revenue_share_unknown,unknown,,,,売上セグメントとテーマを直接対応できず
7,6524,"Kohoku Kogyo CO.,LTD.",データセンター,データセンター・電力,,,8.0,5.0,,未確定,C,revenue_share_unknown,unknown,,,,売上セグメントとテーマを直接対応できず
7,6524,"Kohoku Kogyo CO.,LTD.",光ファイバー,データセンター・電力,,,66.0,56.0,,未確定,C,revenue_share_unknown,unknown,,,,売上セグメントとテーマを直接対応できず
7,6524,"Kohoku Kogyo CO.,LTD.",半導体製造装置,AI・半導体,,,8.0,5.0,,未確定,C,revenue_share_unknown,unknown,,,,売上セグメントとテーマを直接対応できず
7,6524,"Kohoku Kogyo CO.,LTD.",生成AI,AI・半導体,,,8.0,5.0,,未確定,C,revenue_share_unknown,unknown,,,,売上セグメントとテーマを直接対応できず
7,6524,"Kohoku Kogyo CO.,LTD.",自動車部材・部品,自動車・モビリティ,,,8.0,5.0,,未確定,C,revenue_share_unknown,unknown,,,,売上セグメントとテーマを直接対応できず
7,6524,"Kohoku Kogyo CO.,LTD.",電気自動車関連,自動車・モビリティ,,,8.0,5.0,,未確定,C,revenue_share_unknown,unknown,,,,売上セグメントとテーマを直接対応できず
7,6525,Kokusai Electric Corporation,半導体,AI・半導体,,,94.0,100.0,,未確定,C,revenue_share_unknown,unknown,,,,売上セグメントとテーマを直接対応できず
7,6525,Kokusai Electric Corporation,半導体製造装置,AI・半導体,,,94.0,100.0,,未確定,C,revenue_share_unknown,unknown,,,,売上セグメントとテーマを直接対応できず
7,6526,Socionext Inc.,IoT,設備投資・機械,,,86.0,90.0,,未確定,C,revenue_share_unknown,unknown,,,,売上セグメントとテーマを直接対応できず
7,6526,Socionext Inc.,半導体,AI・半導体,,,8.0,5.0,,未確定,C,revenue_share_unknown,unknown,,,,売上セグメントとテーマを直接対応できず
7,6526,Socionext Inc.,自動運転車,自動車・モビリティ,,,8.0,5.0,,未確定,C,revenue_share_unknown,unknown,,,,売上セグメントとテーマを直接対応できず
7,6532,"Baycurrent, Inc.",IT関連,デジタル・サービス,,,66.0,56.0,,未確定,C,revenue_share_unknown,unknown,,,,売上セグメントとテーマを直接対応できず
7,6532,"Baycurrent, Inc.",デジタルトランスフォーメーション,デジタル・サービス,,,42.0,30.0,,未確定,C,revenue_share_unknown,unknown,,,,売上セグメントとテーマを直接対応できず
7,6533,Orchestra Holdings Inc.,IT関連,デジタル・サービス,,,42.0,42.0,,未確定,C,revenue_share_unknown,unknown,,,,売上セグメントとテーマを直接対応できず
7,6533,Orchestra Holdings Inc.,クラウドコンピューティング,デジタル・サービス,,,42.0,42.0,,未確定,C,revenue_share_unknown,unknown,,,,売上セグメントとテーマを直接対応できず
7,6533,Orchestra Holdings Inc.,デジタルトランスフォーメーション,デジタル・サービス,,,92.0,96.0,,未確定,C,revenue_share_unknown,unknown,,,,売上セグメントとテーマを直接対応できず
7,6535,"i-mobile Co.,Ltd.",IT関連,デジタル・サービス,,,72.0,68.0,,未確定,C,revenue_share_unknown,unknown,,,,売上セグメントとテーマを直接対応できず
7,6538,Disruptors Inc.,IT関連,デジタル・サービス,,,8.0,5.0,,未確定,C,revenue_share_unknown,unknown,,,,売上セグメントとテーマを直接対応できず
7,6545,internet infinity Inc.,介護関連,医療・ヘルスケア,,,92.0,90.0,,未確定,C,revenue_share_unknown,unknown,,,,売上セグメントとテーマを直接対応できず
7,6547,"Greens Co.,Ltd.",インバウンド,内需・消費,,,46.0,34.0,,未確定,C,macro_sensitivity_required,macro_unknown,,,,売上セグメントとテーマを直接対応できず
7,6547,"Greens Co.,Ltd.",ホテル,内需・消費,,,72.0,68.0,,未確定,C,revenue_share_unknown,unknown,,,,売上セグメントとテーマを直接対応できず
7,6548,Tabikobo Co. Ltd.,インバウンド,内需・消費,,,42.0,30.0,,未確定,C,macro_sensitivity_required,macro_unknown,,,,売上セグメントとテーマを直接対応できず
7,6548,Tabikobo Co. Ltd.,旅行,内需・消費,,,82.0,74.0,,未確定,C,revenue_share_unknown,unknown,,,,売上セグメントとテーマを直接対応できず
7,6549,"DM Solutions Co.,Ltd",eコマース,内需・消費,,,92.0,98.0,,未確定,C,revenue_share_unknown,unknown,,,,売上セグメントとテーマを直接対応できず
7,6549,"DM Solutions Co.,Ltd",物流,物流・海運,,,72.0,68.0,,未確定,C,revenue_share_unknown,unknown,,,,売上セグメントとテーマを直接対応できず
7,6551,"Tsunagu Group Holdings, Inc.",IT関連,デジタル・サービス,,,8.0,5.0,,未確定,C,revenue_share_unknown,unknown,,,,売上セグメントとテーマを直接対応できず
7,6551,"Tsunagu Group Holdings, Inc.",宅配,物流・海運,,,8.0,5.0,,未確定,C,revenue_share_unknown,unknown,,,,売上セグメントとテーマを直接対応できず
7,6552,GameWith Inc.,ゲーム関連,デジタル・サービス,,,72.0,68.0,,未確定,C,revenue_share_unknown,unknown,,,,売上セグメントとテーマを直接対応できず
7,6554,"SUS Co.,Ltd.",人工知能,AI・半導体,,,92.0,90.0,,未確定,C,revenue_share_unknown,unknown,,,,売上セグメントとテーマを直接対応できず
7,6555,"MS&Consulting Co., Ltd.",インバウンド,内需・消費,,,42.0,40.0,,未確定,C,macro_sensitivity_required,macro_unknown,,,,売上セグメントとテーマを直接対応できず
7,6555,"MS&Consulting Co., Ltd.",データ分析・解析,AI・半導体,,,8.0,5.0,,未確定,C,revenue_share_unknown,unknown,,,,売上セグメントとテーマを直接対応できず
7,6557,AIAI Group Corporation,IT関連,デジタル・サービス,,,72.0,68.0,,未確定,C,revenue_share_unknown,unknown,,,,売上セグメントとテーマを直接対応できず
7,6557,AIAI Group Corporation,eコマース,内需・消費,,,8.0,5.0,,未確定,C,revenue_share_unknown,unknown,,,,売上セグメントとテーマを直接対応できず
7,6557,AIAI Group Corporation,教育ICT,デジタル・サービス,,,8.0,5.0,,未確定,C,revenue_share_unknown,unknown,,,,売上セグメントとテーマを直接対応できず
7,6558,"Cookbiz Co.,Ltd.",IT関連,デジタル・サービス,,,72.0,68.0,,未確定,C,revenue_share_unknown,unknown,,,,売上セグメントとテーマを直接対応できず
7,6558,"Cookbiz Co.,Ltd.",eコマース,内需・消費,,,8.0,5.0,,未確定,C,revenue_share_unknown,unknown,,,,売上セグメントとテーマを直接対応できず
7,6558,"Cookbiz Co.,Ltd.",サブスクリプション,デジタル・サービス,,,8.0,5.0,,未確定,C,revenue_share_unknown,unknown,,,,売上セグメントとテーマを直接対応できず
7,6558,"Cookbiz Co.,Ltd.",外食,内需・消費,,,8.0,5.0,,未確定,C,revenue_share_unknown,unknown,,,,売上セグメントとテーマを直接対応できず
7,6560,"LTS, Inc.",IT関連,デジタル・サービス,,,8.0,5.0,,未確定,C,revenue_share_unknown,unknown,,,,売上セグメントとテーマを直接対応できず
7,6560,"LTS, Inc.",IoT,設備投資・機械,,,8.0,5.0,,未確定,C,revenue_share_unknown,unknown,,,,売上セグメントとテーマを直接対応できず
7,6560,"LTS, Inc.",デジタルトランスフォーメーション,デジタル・サービス,,,82.0,74.0,,未確定,C,revenue_share_unknown,unknown,,,,売上セグメントとテーマを直接対応できず
7,6560,"LTS, Inc.",データ分析・解析,AI・半導体,,,8.0,5.0,,未確定,C,revenue_share_unknown,unknown,,,,売上セグメントとテーマを直接対応できず
7,6560,"LTS, Inc.",人工知能,AI・半導体,,,8.0,5.0,,未確定,C,revenue_share_unknown,unknown,,,,売上セグメントとテーマを直接対応できず
7,6561,"Hanatour Japan Co., Ltd.",インバウンド,内需・消費,,,46.0,46.0,,未確定,C,macro_sensitivity_required,macro_unknown,,,,売上セグメントとテーマを直接対応できず
7,6561,"Hanatour Japan Co., Ltd.",ホテル,内需・消費,,,58.0,56.0,,未確定,C,revenue_share_unknown,unknown,,,,売上セグメントとテーマを直接対応できず
7,6561,"Hanatour Japan Co., Ltd.",旅行,内需・消費,,,97.0,99.0,,未確定,C,revenue_share_unknown,unknown,,,,売上セグメントとテーマを直接対応できず
7,6562,"Geniee, Inc.",AIエージェント,AI・半導体,,,8.0,5.0,,未確定,C,revenue_share_unknown,unknown,,,,売上セグメントとテーマを直接対応できず
7,6562,"Geniee, Inc.",IT関連,デジタル・サービス,,,72.0,68.0,,未確定,C,revenue_share_unknown,unknown,,,,売上セグメントとテーマを直接対応できず
7,6562,"Geniee, Inc.",データ分析・解析,AI・半導体,,,58.0,46.0,,未確定,C,revenue_share_unknown,unknown,,,,売上セグメントとテーマを直接対応できず
7,6562,"Geniee, Inc.",人工知能,AI・半導体,,,92.0,90.0,,未確定,C,revenue_share_unknown,unknown,,,,売上セグメントとテーマを直接対応できず
7,6562,"Geniee, Inc.",生成AI,AI・半導体,,,72.0,68.0,,未確定,C,revenue_share_unknown,unknown,,,,売上セグメントとテーマを直接対応できず
7,6563,Mirai Works Inc.,デジタルトランスフォーメーション,デジタル・サービス,,,72.0,68.0,,未確定,C,revenue_share_unknown,unknown,,,,売上セグメントとテーマを直接対応できず
7,6565,,インバウンド,内需・消費,,,8.0,5.0,,未確定,C,macro_sensitivity_required,macro_unknown,,,,会社公式サイトURL未取得
7,6565,,ホテル,内需・消費,,,8.0,5.0,,未確定,C,revenue_share_unknown,unknown,,,,会社公式サイトURL未取得
7,6565,,旅行,内需・消費,,,8.0,5.0,,未確定,C,revenue_share_unknown,unknown,,,,会社公式サイトURL未取得
7,6568,"KNC Laboratories Co., Ltd.",バイオテクノロジー関連,医療・ヘルスケア,,,8.0,5.0,,未確定,C,revenue_share_unknown,unknown,,,,売上セグメントとテーマを直接対応できず
7,6568,"KNC Laboratories Co., Ltd.",半導体部材・部品,AI・半導体,,,8.0,5.0,,未確定,C,revenue_share_unknown,unknown,,,,売上セグメントとテーマを直接対応できず
7,6570,Kyowa Corporation,ゲーム関連,デジタル・サービス,,,92.0,90.0,,未確定,C,revenue_share_unknown,unknown,,,,売上セグメントとテーマを直接対応できず
7,6572,"OPEN Group, Inc.",IT関連,デジタル・サービス,,,94.0,86.0,,未確定,C,revenue_share_unknown,unknown,,,,売上セグメントとテーマを直接対応できず
7,6572,"OPEN Group, Inc.",デジタルトランスフォーメーション,デジタル・サービス,,,90.0,68.0,,未確定,C,revenue_share_unknown,unknown,,,,売上セグメントとテーマを直接対応できず
7,6572,"OPEN Group, Inc.",人工知能,AI・半導体,,,92.0,90.0,,未確定,C,revenue_share_unknown,unknown,,,,売上セグメントとテーマを直接対応できず
7,6573,CRAVIA Inc.,IT関連,デジタル・サービス,,,8.0,5.0,,未確定,C,revenue_share_unknown,unknown,,,,売上セグメントとテーマを直接対応できず
7,6573,CRAVIA Inc.,データ分析・解析,AI・半導体,,,8.0,5.0,,未確定,C,revenue_share_unknown,unknown,,,,売上セグメントとテーマを直接対応できず
7,6573,CRAVIA Inc.,人工知能,AI・半導体,,,92.0,90.0,,未確定,C,revenue_share_unknown,unknown,,,,売上セグメントとテーマを直接対応できず
7,6574,Convano Inc.,デジタルトランスフォーメーション,デジタル・サービス,,,92.0,98.0,,未確定,C,revenue_share_unknown,unknown,,,,売上セグメントとテーマを直接対応できず
7,6574,Convano Inc.,データセンター,データセンター・電力,,,8.0,5.0,,未確定,C,revenue_share_unknown,unknown,,,,売上セグメントとテーマを直接対応できず
7,6574,Convano Inc.,データ分析・解析,AI・半導体,,,8.0,5.0,,未確定,C,revenue_share_unknown,unknown,,,,売上セグメントとテーマを直接対応できず
7,6574,Convano Inc.,人工知能,AI・半導体,,,92.0,98.0,,未確定,C,revenue_share_unknown,unknown,,,,売上セグメントとテーマを直接対応できず
7,6574,Convano Inc.,医療機器,医療・ヘルスケア,,,8.0,5.0,,未確定,C,revenue_share_unknown,unknown,,,,売上セグメントとテーマを直接対応できず
7,6574,Convano Inc.,医薬品関連,医療・ヘルスケア,,,72.0,78.0,,未確定,C,revenue_share_unknown,unknown,,,,売上セグメントとテーマを直接対応できず
7,6577,"Bestone.Com Co.,Ltd",インバウンド,内需・消費,,,42.0,30.0,,未確定,C,macro_sensitivity_required,macro_unknown,,,,売上セグメントとテーマを直接対応できず
7,6577,"Bestone.Com Co.,Ltd",旅行,内需・消費,,,97.0,89.0,,未確定,C,revenue_share_unknown,unknown,,,,売上セグメントとテーマを直接対応できず
7,6578,"CORREC Co., Ltd.",ゲーム関連,デジタル・サービス,,,72.0,68.0,,未確定,C,revenue_share_unknown,unknown,,,,売上セグメントとテーマを直接対応できず
7,6578,"CORREC Co., Ltd.",不動産関連,不動産・建設,,,86.0,78.0,,未確定,C,revenue_share_unknown,unknown,,,,売上セグメントとテーマを直接対応できず
7,6578,"CORREC Co., Ltd.",太陽光発電関連,GX・エネルギー,,,58.0,46.0,,未確定,C,revenue_share_unknown,unknown,,,,売上セグメントとテーマを直接対応できず
7,6579,"logly,Inc.",IT関連,デジタル・サービス,,,58.0,54.0,,未確定,C,revenue_share_unknown,unknown,,,,売上セグメントとテーマを直接対応できず
7,6579,"logly,Inc.",データ分析・解析,AI・半導体,,,8.0,5.0,,未確定,C,revenue_share_unknown,unknown,,,,売上セグメントとテーマを直接対応できず
7,6580,"Writeup Co.,Ltd.",AIエージェント,AI・半導体,,,8.0,5.0,,未確定,C,revenue_share_unknown,unknown,,,,売上セグメントとテーマを直接対応できず
7,6580,"Writeup Co.,Ltd.",IT関連,デジタル・サービス,,,72.0,68.0,,未確定,C,revenue_share_unknown,unknown,,,,売上セグメントとテーマを直接対応できず
7,6580,"Writeup Co.,Ltd.",クラウドコンピューティング,デジタル・サービス,,,8.0,5.0,,未確定,C,revenue_share_unknown,unknown,,,,売上セグメントとテーマを直接対応できず
7,6580,"Writeup Co.,Ltd.",デジタルトランスフォーメーション,デジタル・サービス,,,8.0,5.0,,未確定,C,revenue_share_unknown,unknown,,,,売上セグメントとテーマを直接対応できず
7,6580,"Writeup Co.,Ltd.",データ分析・解析,AI・半導体,,,8.0,5.0,,未確定,C,revenue_share_unknown,unknown,,,,売上セグメントとテーマを直接対応できず
7,6580,"Writeup Co.,Ltd.",人工知能,AI・半導体,,,92.0,90.0,,未確定,C,revenue_share_unknown,unknown,,,,売上セグメントとテーマを直接対応できず
7,6580,"Writeup Co.,Ltd.",生成AI,AI・半導体,,,8.0,5.0,,未確定,C,revenue_share_unknown,unknown,,,,売上セグメントとテーマを直接対応できず
7,6584,"Sanoh Industrial Co., Ltd.",サーバー冷却,データセンター・電力,,,8.0,5.0,,未確定,C,revenue_share_unknown,unknown,,,,売上セグメントとテーマを直接対応できず
7,6584,"Sanoh Industrial Co., Ltd.",データセンター,データセンター・電力,,,8.0,5.0,,未確定,C,revenue_share_unknown,unknown,,,,売上セグメントとテーマを直接対応できず
7,6584,"Sanoh Industrial Co., Ltd.",全固体電池,自動車・モビリティ,,,8.0,5.0,,未確定,C,revenue_share_unknown,unknown,,,,売上セグメントとテーマを直接対応できず
7,6584,"Sanoh Industrial Co., Ltd.",半導体,AI・半導体,,,8.0,5.0,,未確定,C,revenue_share_unknown,unknown,,,,売上セグメントとテーマを直接対応できず
7,6584,"Sanoh Industrial Co., Ltd.",省エネ関連,GX・エネルギー,,,8.0,5.0,,未確定,C,revenue_share_unknown,unknown,,,,売上セグメントとテーマを直接対応できず
7,6584,"Sanoh Industrial Co., Ltd.",自動車部材・部品,自動車・モビリティ,,,97.0,89.0,,未確定,C,revenue_share_unknown,unknown,,,,売上セグメントとテーマを直接対応できず
7,6584,"Sanoh Industrial Co., Ltd.",電気自動車関連,自動車・モビリティ,,,8.0,5.0,,未確定,C,revenue_share_unknown,unknown,,,,売上セグメントとテーマを直接対応できず
7,6586,Makita Corporation,円安メリット,内需・消費,,,8.0,5.0,,未確定,C,macro_sensitivity_required,macro_unknown,,,,売上セグメントとテーマを直接対応できず
7,6588,Toshiba Tec Corporation,キャッシュレス決済,金融・金利,,,8.0,5.0,,未確定,C,revenue_share_unknown,unknown,,,,売上セグメントとテーマを直接対応できず
7,6588,Toshiba Tec Corporation,円安メリット,内需・消費,,,8.0,5.0,,未確定,C,macro_sensitivity_required,macro_unknown,,,,売上セグメントとテーマを直接対応できず
7,6590,Shibaura Mechatronics Corporation,半導体,AI・半導体,,,94.0,100.0,,未確定,C,revenue_share_unknown,unknown,,,,売上セグメントとテーマを直接対応できず
7,6590,Shibaura Mechatronics Corporation,半導体製造装置,AI・半導体,,,94.0,100.0,,未確定,C,revenue_share_unknown,unknown,,,,売上セグメントとテーマを直接対応できず
7,6590,Shibaura Mechatronics Corporation,自動車製造装置,自動車・モビリティ,,,8.0,5.0,,未確定,C,revenue_share_unknown,unknown,,,,売上セグメントとテーマを直接対応できず
7,6592,"Mabuchi Motor Co., Ltd.",ロボット,AI・半導体,,,8.0,5.0,,未確定,C,revenue_share_unknown,unknown,,,,売上セグメントとテーマを直接対応できず
7,6592,"Mabuchi Motor Co., Ltd.",円安メリット,内需・消費,,,8.0,5.0,,未確定,C,macro_sensitivity_required,macro_unknown,,,,売上セグメントとテーマを直接対応できず
7,6592,"Mabuchi Motor Co., Ltd.",機械,設備投資・機械,,,42.0,30.0,,未確定,C,revenue_share_unknown,unknown,,,,売上セグメントとテーマを直接対応できず
7,6592,"Mabuchi Motor Co., Ltd.",自動車部材・部品,自動車・モビリティ,,,82.0,74.0,,未確定,C,revenue_share_unknown,unknown,,,,売上セグメントとテーマを直接対応できず
7,6592,"Mabuchi Motor Co., Ltd.",自動車電子化,自動車・モビリティ,,,8.0,5.0,,未確定,C,revenue_share_unknown,unknown,,,,売上セグメントとテーマを直接対応できず
7,6594,Nidec Corporation,FA関連,設備投資・機械,,,42.0,40.0,,未確定,C,revenue_share_unknown,unknown,,,,売上セグメントとテーマを直接対応できず
7,6594,Nidec Corporation,IoT,設備投資・機械,,,66.0,66.0,,未確定,C,revenue_share_unknown,unknown,,,,売上セグメントとテーマを直接対応できず
7,6594,Nidec Corporation,サーバー冷却,データセンター・電力,,,8.0,5.0,,未確定,C,revenue_share_unknown,unknown,,,,売上セグメントとテーマを直接対応できず
7,6594,Nidec Corporation,スマートグリッド,データセンター・電力,,,8.0,5.0,,未確定,C,revenue_share_unknown,unknown,,,,売上セグメントとテーマを直接対応できず
7,6594,Nidec Corporation,データセンター,データセンター・電力,,,8.0,5.0,,未確定,C,revenue_share_unknown,unknown,,,,売上セグメントとテーマを直接対応できず
7,6594,Nidec Corporation,ロボット,AI・半導体,,,66.0,66.0,,未確定,C,revenue_share_unknown,unknown,,,,売上セグメントとテーマを直接対応できず
7,6594,Nidec Corporation,円安メリット,内需・消費,,,8.0,5.0,,未確定,C,macro_sensitivity_required,macro_unknown,,,,売上セグメントとテーマを直接対応できず
7,6594,Nidec Corporation,半導体製造装置,AI・半導体,,,8.0,5.0,,未確定,C,revenue_share_unknown,unknown,,,,売上セグメントとテーマを直接対応できず
7,6594,Nidec Corporation,工作機械,設備投資・機械,,,82.0,84.0,,未確定,C,revenue_share_unknown,unknown,,,,売上セグメントとテーマを直接対応できず
7,6594,Nidec Corporation,空飛ぶクルマ,自動車・モビリティ,,,8.0,5.0,,未確定,C,revenue_share_unknown,unknown,,,,売上セグメントとテーマを直接対応できず
7,6594,Nidec Corporation,自動車軽量化,自動車・モビリティ,,,8.0,5.0,,未確定,C,revenue_share_unknown,unknown,,,,売上セグメントとテーマを直接対応できず
7,6594,Nidec Corporation,自動車部材・部品,自動車・モビリティ,,,86.0,88.0,,未確定,C,revenue_share_unknown,unknown,,,,売上セグメントとテーマを直接対応できず
7,6594,Nidec Corporation,自動車電子化,自動車・モビリティ,,,8.0,5.0,,未確定,C,revenue_share_unknown,unknown,,,,売上セグメントとテーマを直接対応できず
7,6594,Nidec Corporation,自動運転車,自動車・モビリティ,,,8.0,5.0,,未確定,C,revenue_share_unknown,unknown,,,,売上セグメントとテーマを直接対応できず
7,6594,Nidec Corporation,電気自動車関連,自動車・モビリティ,,,8.0,5.0,,未確定,C,revenue_share_unknown,unknown,,,,売上セグメントとテーマを直接対応できず
7,6594,Nidec Corporation,風力発電,GX・エネルギー,,,8.0,5.0,,未確定,C,revenue_share_unknown,unknown,,,,売上セグメントとテーマを直接対応できず
7,6597,HPC SYSTEMS Inc.,IT関連,デジタル・サービス,,,72.0,68.0,,未確定,C,revenue_share_unknown,unknown,,,,売上セグメントとテーマを直接対応できず
7,6597,HPC SYSTEMS Inc.,IoT,設備投資・機械,,,90.0,96.0,,未確定,C,revenue_share_unknown,unknown,,,,売上セグメントとテーマを直接対応できず
7,6597,HPC SYSTEMS Inc.,エッジコンピューティング,AI・半導体,,,42.0,42.0,,未確定,C,revenue_share_unknown,unknown,,,,売上セグメントとテーマを直接対応できず
7,6597,HPC SYSTEMS Inc.,サーバー冷却,データセンター・電力,,,8.0,5.0,,未確定,C,revenue_share_unknown,unknown,,,,売上セグメントとテーマを直接対応できず
7,6597,HPC SYSTEMS Inc.,人工知能,AI・半導体,,,92.0,98.0,,未確定,C,revenue_share_unknown,unknown,,,,売上セグメントとテーマを直接対応できず
7,6597,HPC SYSTEMS Inc.,半導体製造装置,AI・半導体,,,8.0,5.0,,未確定,C,revenue_share_unknown,unknown,,,,売上セグメントとテーマを直接対応できず
7,6597,HPC SYSTEMS Inc.,自動運転車,自動車・モビリティ,,,8.0,5.0,,未確定,C,revenue_share_unknown,unknown,,,,売上セグメントとテーマを直接対応できず
7,6597,HPC SYSTEMS Inc.,量子コンピューター,AI・半導体,,,8.0,5.0,,未確定,C,revenue_share_unknown,unknown,,,,売上セグメントとテーマを直接対応できず
7,6599,"Ebrains, Inc.",FA関連,設備投資・機械,,,92.0,90.0,,未確定,C,revenue_share_unknown,unknown,,,,売上セグメントとテーマを直接対応できず
7,6599,"Ebrains, Inc.",エッジコンピューティング,AI・半導体,,,92.0,90.0,,未確定,C,revenue_share_unknown,unknown,,,,売上セグメントとテーマを直接対応できず
7,6599,"Ebrains, Inc.",クラウドコンピューティング,デジタル・サービス,,,72.0,68.0,,未確定,C,revenue_share_unknown,unknown,,,,売上セグメントとテーマを直接対応できず
7,6599,"Ebrains, Inc.",医療機器,医療・ヘルスケア,,,72.0,68.0,,未確定,C,revenue_share_unknown,unknown,,,,売上セグメントとテーマを直接対応できず
7,6599,"Ebrains, Inc.",半導体製造装置,AI・半導体,,,72.0,68.0,,未確定,C,revenue_share_unknown,unknown,,,,売上セグメントとテーマを直接対応できず
7,6599,"Ebrains, Inc.",自動運転車,自動車・モビリティ,,,72.0,68.0,,未確定,C,revenue_share_unknown,unknown,,,,売上セグメントとテーマを直接対応できず
7,6599,"Ebrains, Inc.",鉄道関連,物流・海運,,,8.0,5.0,,未確定,C,revenue_share_unknown,unknown,,,,売上セグメントとテーマを直接対応できず
7,6599,"Ebrains, Inc.",防衛,防衛・国土強靱化,,,72.0,68.0,,未確定,C,revenue_share_unknown,unknown,,,,売上セグメントとテーマを直接対応できず
7,6613,"QD Laser, Inc.",医療機器,医療・ヘルスケア,,,86.0,78.0,,未確定,C,revenue_share_unknown,unknown,,,,売上セグメントとテーマを直接対応できず
7,6613,"QD Laser, Inc.",半導体,AI・半導体,,,94.0,90.0,,未確定,C,revenue_share_unknown,unknown,,,,売上セグメントとテーマを直接対応できず
7,6613,"QD Laser, Inc.",半導体製造装置,AI・半導体,,,42.0,30.0,,未確定,C,revenue_share_unknown,unknown,,,,売上セグメントとテーマを直接対応できず
7,6613,"QD Laser, Inc.",半導体部材・部品,AI・半導体,,,42.0,30.0,,未確定,C,revenue_share_unknown,unknown,,,,売上セグメントとテーマを直接対応できず
7,6613,"QD Laser, Inc.",量子コンピューター,AI・半導体,,,8.0,5.0,,未確定,C,revenue_share_unknown,unknown,,,,売上セグメントとテーマを直接対応できず
7,6614,"Shikino High-Tech CO.,LTD.",半導体,AI・半導体,,,94.0,96.0,,未確定,C,revenue_share_unknown,unknown,,,,売上セグメントとテーマを直接対応できず
7,6614,"Shikino High-Tech CO.,LTD.",半導体製造装置,AI・半導体,,,42.0,40.0,,未確定,C,revenue_share_unknown,unknown,,,,売上セグメントとテーマを直接対応できず
7,6614,"Shikino High-Tech CO.,LTD.",自動運転車,自動車・モビリティ,,,8.0,5.0,,未確定,C,revenue_share_unknown,unknown,,,,売上セグメントとテーマを直接対応できず
7,6615,"UMC Electronics Co., Ltd.",半導体製造装置,AI・半導体,,,42.0,30.0,,未確定,C,revenue_share_unknown,unknown,,,,売上セグメントとテーマを直接対応できず
7,6615,"UMC Electronics Co., Ltd.",自動車部材・部品,自動車・モビリティ,,,46.0,34.0,,未確定,C,revenue_share_unknown,unknown,,,,売上セグメントとテーマを直接対応できず
7,6615,"UMC Electronics Co., Ltd.",電気自動車関連,自動車・モビリティ,,,92.0,90.0,,未確定,C,revenue_share_unknown,unknown,,,,売上セグメントとテーマを直接対応できず
7,6616,Torex Semiconductor Ltd.,フィジカルAI,AI・半導体,,,8.0,5.0,,未確定,C,revenue_share_unknown,unknown,,,,売上セグメントとテーマを直接対応できず
7,6616,Torex Semiconductor Ltd.,ロボット,AI・半導体,,,8.0,5.0,,未確定,C,revenue_share_unknown,unknown,,,,売上セグメントとテーマを直接対応できず
7,6616,Torex Semiconductor Ltd.,半導体,AI・半導体,,,94.0,98.0,,未確定,C,revenue_share_unknown,unknown,,,,売上セグメントとテーマを直接対応できず
7,6616,Torex Semiconductor Ltd.,自動車部材・部品,自動車・モビリティ,,,42.0,42.0,,未確定,C,revenue_share_unknown,unknown,,,,売上セグメントとテーマを直接対応できず
7,6617,"Takaoka Toko Co., Ltd.",スマートグリッド,データセンター・電力,,,42.0,42.0,,未確定,C,revenue_share_unknown,unknown,,,,売上セグメントとテーマを直接対応できず
7,6617,"Takaoka Toko Co., Ltd.",半導体製造装置,AI・半導体,,,8.0,5.0,,未確定,C,revenue_share_unknown,unknown,,,,売上セグメントとテーマを直接対応できず
7,6617,"Takaoka Toko Co., Ltd.",送電,データセンター・電力,,,42.0,42.0,,未確定,C,revenue_share_unknown,unknown,,,,売上セグメントとテーマを直接対応できず
7,6617,"Takaoka Toko Co., Ltd.",電力設備投資関連,データセンター・電力,,,72.0,78.0,,未確定,C,revenue_share_unknown,unknown,,,,売上セグメントとテーマを直接対応できず
7,6617,"Takaoka Toko Co., Ltd.",電気自動車関連,自動車・モビリティ,,,90.0,96.0,,未確定,C,revenue_share_unknown,unknown,,,,売上セグメントとテーマを直接対応できず
7,6619,W-SCOPE Corporation,電気自動車関連,自動車・モビリティ,,,8.0,5.0,,未確定,C,revenue_share_unknown,unknown,,,,売上セグメントとテーマを直接対応できず
7,6620,"Miyakoshi Holdings, Inc.",不動産関連,不動産・建設,,,58.0,54.0,,未確定,C,revenue_share_unknown,unknown,,,,売上セグメントとテーマを直接対応できず
7,6620,"Miyakoshi Holdings, Inc.",再開発,不動産・建設,,,42.0,40.0,,未確定,C,revenue_share_unknown,unknown,,,,売上セグメントとテーマを直接対応できず
7,6620,"Miyakoshi Holdings, Inc.",半導体,AI・半導体,,,90.0,82.0,,未確定,C,revenue_share_unknown,unknown,,,,売上セグメントとテーマを直接対応できず
7,6622,DAIHEN Corporation,3Dプリンター,設備投資・機械,,,8.0,5.0,,未確定,C,revenue_share_unknown,unknown,,,,売上セグメントとテーマを直接対応できず
7,6622,DAIHEN Corporation,FA関連,設備投資・機械,,,92.0,84.0,,未確定,C,revenue_share_unknown,unknown,,,,売上セグメントとテーマを直接対応できず
7,6622,DAIHEN Corporation,スマートグリッド,データセンター・電力,,,42.0,30.0,,未確定,C,revenue_share_unknown,unknown,,,,売上セグメントとテーマを直接対応できず
7,6622,DAIHEN Corporation,データセンター,データセンター・電力,,,8.0,5.0,,未確定,C,revenue_share_unknown,unknown,,,,売上セグメントとテーマを直接対応できず
7,6622,DAIHEN Corporation,ロボット,AI・半導体,,,85.0,82.0,,未確定,C,revenue_share_unknown,unknown,,,,売上セグメントとテーマを直接対応できず
7,6622,DAIHEN Corporation,半導体製造装置,AI・半導体,,,8.0,5.0,,未確定,C,revenue_share_unknown,unknown,,,,売上セグメントとテーマを直接対応できず
7,6622,DAIHEN Corporation,太陽光発電関連,GX・エネルギー,,,42.0,30.0,,未確定,C,revenue_share_unknown,unknown,,,,売上セグメントとテーマを直接対応できず
7,6622,DAIHEN Corporation,自動車製造装置,自動車・モビリティ,,,42.0,30.0,,未確定,C,revenue_share_unknown,unknown,,,,売上セグメントとテーマを直接対応できず
7,6622,DAIHEN Corporation,電力設備投資関連,データセンター・電力,,,8.0,5.0,,未確定,C,revenue_share_unknown,unknown,,,,売上セグメントとテーマを直接対応できず
7,6622,DAIHEN Corporation,電気自動車関連,自動車・モビリティ,,,72.0,68.0,,未確定,C,revenue_share_unknown,unknown,,,,売上セグメントとテーマを直接対応できず
7,6623,,スマートグリッド,データセンター・電力,,,8.0,5.0,,未確定,C,revenue_share_unknown,unknown,,,,会社公式サイトURL未取得
7,6623,,受変電設備,データセンター・電力,,,8.0,5.0,,未確定,C,revenue_share_unknown,unknown,,,,会社公式サイトURL未取得
7,6623,,電力設備投資関連,データセンター・電力,,,8.0,5.0,,未確定,C,revenue_share_unknown,unknown,,,,会社公式サイトURL未取得
7,6625,JALCO Holdings Inc.,不動産関連,不動産・建設,,,42.0,30.0,,未確定,C,revenue_share_unknown,unknown,,,,売上セグメントとテーマを直接対応できず
7,6626,SEMITEC Corporation,医療機器,医療・ヘルスケア,,,8.0,5.0,,未確定,C,revenue_share_unknown,unknown,,,,売上セグメントとテーマを直接対応できず
7,6626,SEMITEC Corporation,半導体,AI・半導体,,,92.0,90.0,,未確定,C,revenue_share_unknown,unknown,,,,売上セグメントとテーマを直接対応できず
7,6626,SEMITEC Corporation,自動車部材・部品,自動車・モビリティ,,,8.0,5.0,,未確定,C,revenue_share_unknown,unknown,,,,売上セグメントとテーマを直接対応できず
7,6626,SEMITEC Corporation,電気自動車関連,自動車・モビリティ,,,72.0,68.0,,未確定,C,revenue_share_unknown,unknown,,,,売上セグメントとテーマを直接対応できず
7,6627,"Tera Probe, Inc.",半導体,AI・半導体,,,94.0,96.0,,未確定,C,revenue_share_unknown,unknown,,,,売上セグメントとテーマを直接対応できず
7,6629,"Techno Horizon Co.,Ltd.",FA関連,設備投資・機械,,,90.0,96.0,,未確定,C,revenue_share_unknown,unknown,,,,売上セグメントとテーマを直接対応できず
7,6629,"Techno Horizon Co.,Ltd.",IT関連,デジタル・サービス,,,72.0,68.0,,未確定,C,revenue_share_unknown,unknown,,,,売上セグメントとテーマを直接対応できず
7,6629,"Techno Horizon Co.,Ltd.",キャッシュレス決済,金融・金利,,,8.0,5.0,,未確定,C,revenue_share_unknown,unknown,,,,売上セグメントとテーマを直接対応できず
7,6629,"Techno Horizon Co.,Ltd.",サービスロボット,設備投資・機械,,,46.0,44.0,,未確定,C,revenue_share_unknown,unknown,,,,売上セグメントとテーマを直接対応できず
7,6629,"Techno Horizon Co.,Ltd.",フィジカルAI,AI・半導体,,,42.0,40.0,,未確定,C,revenue_share_unknown,unknown,,,,売上セグメントとテーマを直接対応できず
7,6629,"Techno Horizon Co.,Ltd.",人工知能,AI・半導体,,,72.0,78.0,,未確定,C,revenue_share_unknown,unknown,,,,売上セグメントとテーマを直接対応できず
7,6629,"Techno Horizon Co.,Ltd.",半導体製造装置,AI・半導体,,,8.0,5.0,,未確定,C,revenue_share_unknown,unknown,,,,売上セグメントとテーマを直接対応できず
7,6629,"Techno Horizon Co.,Ltd.",教育ICT,デジタル・サービス,,,72.0,78.0,,未確定,C,revenue_share_unknown,unknown,,,,売上セグメントとテーマを直接対応できず
7,6629,"Techno Horizon Co.,Ltd.",自動運転車,自動車・モビリティ,,,8.0,5.0,,未確定,C,revenue_share_unknown,unknown,,,,売上セグメントとテーマを直接対応できず
7,6629,"Techno Horizon Co.,Ltd.",防災,防衛・国土強靱化,,,72.0,78.0,,未確定,C,revenue_share_unknown,unknown,,,,売上セグメントとテーマを直接対応できず
7,6630,Ya-Man Ltd.,eコマース,内需・消費,,,8.0,5.0,,未確定,C,revenue_share_unknown,unknown,,,,売上セグメントとテーマを直接対応できず
7,6632,JVCKENWOOD Corporation,人工知能,AI・半導体,,,8.0,5.0,,未確定,C,revenue_share_unknown,unknown,,,,売上セグメントとテーマを直接対応できず
7,6632,JVCKENWOOD Corporation,生成AI,AI・半導体,,,8.0,5.0,,未確定,C,revenue_share_unknown,unknown,,,,売上セグメントとテーマを直接対応できず
7,6632,JVCKENWOOD Corporation,自動車部材・部品,自動車・モビリティ,,,82.0,74.0,,未確定,C,revenue_share_unknown,unknown,,,,売上セグメントとテーマを直接対応できず
7,6632,JVCKENWOOD Corporation,自動運転車,自動車・モビリティ,,,8.0,5.0,,未確定,C,revenue_share_unknown,unknown,,,,売上セグメントとテーマを直接対応できず
7,6633,Cgs Holdings Inc.,3Dプリンター,設備投資・機械,,,8.0,5.0,,未確定,C,revenue_share_unknown,unknown,,,,売上セグメントとテーマを直接対応できず
7,6634,JN Group Inc.,IT関連,デジタル・サービス,,,94.0,98.0,,未確定,C,revenue_share_unknown,unknown,,,,売上セグメントとテーマを直接対応できず
7,6634,JN Group Inc.,IoT,設備投資・機械,,,97.0,100.0,,未確定,C,revenue_share_unknown,unknown,,,,売上セグメントとテーマを直接対応できず
7,6635,"Di-Nikko Engineering Co., Ltd.",医療機器,医療・ヘルスケア,,,86.0,78.0,,未確定,C,revenue_share_unknown,unknown,,,,売上セグメントとテーマを直接対応できず
7,6635,"Di-Nikko Engineering Co., Ltd.",宇宙開発関連,防衛・国土強靱化,,,72.0,68.0,,未確定,C,revenue_share_unknown,unknown,,,,売上セグメントとテーマを直接対応できず
7,6635,"Di-Nikko Engineering Co., Ltd.",自動車部材・部品,自動車・モビリティ,,,8.0,5.0,,未確定,C,revenue_share_unknown,unknown,,,,売上セグメントとテーマを直接対応できず
7,6637,"Terasaki Electric Co.,Ltd.",医療機器,医療・ヘルスケア,,,97.0,99.0,,未確定,C,revenue_share_unknown,unknown,,,,売上セグメントとテーマを直接対応できず
7,6638,"Mimaki Engineering Co., Ltd.",3Dプリンター,設備投資・機械,,,86.0,88.0,,未確定,C,revenue_share_unknown,unknown,,,,売上セグメントとテーマを直接対応できず
7,6638,"Mimaki Engineering Co., Ltd.",FA関連,設備投資・機械,,,92.0,90.0,,未確定,C,revenue_share_unknown,unknown,,,,売上セグメントとテーマを直接対応できず
7,6643,"Togami Electric Mfg. Co., Ltd.",スマートグリッド,データセンター・電力,,,8.0,5.0,,未確定,C,revenue_share_unknown,unknown,,,,売上セグメントとテーマを直接対応できず
7,6643,"Togami Electric Mfg. Co., Ltd.",自動車部材・部品,自動車・モビリティ,,,8.0,5.0,,未確定,C,revenue_share_unknown,unknown,,,,売上セグメントとテーマを直接対応できず
7,6643,"Togami Electric Mfg. Co., Ltd.",電力設備投資関連,データセンター・電力,,,72.0,68.0,,未確定,C,revenue_share_unknown,unknown,,,,売上セグメントとテーマを直接対応できず
7,6644,"Osaki Electric Co., Ltd.",スマートグリッド,データセンター・電力,,,42.0,40.0,,未確定,C,revenue_share_unknown,unknown,,,,売上セグメントとテーマを直接対応できず
7,6644,"Osaki Electric Co., Ltd.",データセンター,データセンター・電力,,,8.0,5.0,,未確定,C,revenue_share_unknown,unknown,,,,売上セグメントとテーマを直接対応できず
7,6644,"Osaki Electric Co., Ltd.",太陽光発電関連,GX・エネルギー,,,8.0,5.0,,未確定,C,revenue_share_unknown,unknown,,,,売上セグメントとテーマを直接対応できず
7,6644,"Osaki Electric Co., Ltd.",電力設備投資関連,データセンター・電力,,,8.0,5.0,,未確定,C,revenue_share_unknown,unknown,,,,売上セグメントとテーマを直接対応できず
7,6645,OMRON Corporation,FA関連,設備投資・機械,,,92.0,94.0,,未確定,C,revenue_share_unknown,unknown,,,,売上セグメントとテーマを直接対応できず
7,6645,OMRON Corporation,IT関連,デジタル・サービス,,,58.0,56.0,,未確定,C,revenue_share_unknown,unknown,,,,売上セグメントとテーマを直接対応できず
7,6645,OMRON Corporation,IoT,設備投資・機械,,,8.0,5.0,,未確定,C,revenue_share_unknown,unknown,,,,売上セグメントとテーマを直接対応できず
7,6645,OMRON Corporation,スマートグリッド,データセンター・電力,,,8.0,5.0,,未確定,C,revenue_share_unknown,unknown,,,,売上セグメントとテーマを直接対応できず
7,6645,OMRON Corporation,ホームヘルスケア,医療・ヘルスケア,,,8.0,5.0,,未確定,C,revenue_share_unknown,unknown,,,,売上セグメントとテーマを直接対応できず
7,6645,OMRON Corporation,ロボット,AI・半導体,,,96.0,98.0,,未確定,C,revenue_share_unknown,unknown,,,,売上セグメントとテーマを直接対応できず
7,6645,OMRON Corporation,医療機器,医療・ヘルスケア,,,8.0,5.0,,未確定,C,revenue_share_unknown,unknown,,,,売上セグメントとテーマを直接対応できず
7,6645,OMRON Corporation,半導体,AI・半導体,,,42.0,40.0,,未確定,C,revenue_share_unknown,unknown,,,,売上セグメントとテーマを直接対応できず
7,6645,OMRON Corporation,半導体製造装置,AI・半導体,,,8.0,5.0,,未確定,C,revenue_share_unknown,unknown,,,,売上セグメントとテーマを直接対応できず
7,6645,OMRON Corporation,自動車部材・部品,自動車・モビリティ,,,8.0,5.0,,未確定,C,revenue_share_unknown,unknown,,,,売上セグメントとテーマを直接対応できず
7,6645,OMRON Corporation,自動車電子化,自動車・モビリティ,,,8.0,5.0,,未確定,C,revenue_share_unknown,unknown,,,,売上セグメントとテーマを直接対応できず
7,6645,OMRON Corporation,蓄電池,GX・エネルギー,,,8.0,5.0,,未確定,C,revenue_share_unknown,unknown,,,,売上セグメントとテーマを直接対応できず
7,6645,OMRON Corporation,設備投資,設備投資・機械,,,42.0,40.0,,未確定,C,revenue_share_unknown,unknown,,,,売上セグメントとテーマを直接対応できず
7,6645,OMRON Corporation,遠隔医療,医療・ヘルスケア,,,8.0,5.0,,未確定,C,revenue_share_unknown,unknown,,,,売上セグメントとテーマを直接対応できず
7,6645,OMRON Corporation,鉄道関連,物流・海運,,,8.0,5.0,,未確定,C,revenue_share_unknown,unknown,,,,売上セグメントとテーマを直接対応できず
7,6647,"Morio Denki Co., Ltd.",鉄道関連,物流・海運,,,58.0,46.0,,未確定,C,revenue_share_unknown,unknown,,,,売上セグメントとテーマを直接対応できず
7,6647,"Morio Denki Co., Ltd.",防衛,防衛・国土強靱化,,,8.0,5.0,,未確定,C,revenue_share_unknown,unknown,,,,売上セグメントとテーマを直接対応できず
7,6648,Kawaden Corporation,データセンター,データセンター・電力,,,72.0,68.0,,未確定,C,revenue_share_unknown,unknown,,,,売上セグメントとテーマを直接対応できず
7,6648,Kawaden Corporation,太陽光発電関連,GX・エネルギー,,,8.0,5.0,,未確定,C,revenue_share_unknown,unknown,,,,売上セグメントとテーマを直接対応できず
7,6648,Kawaden Corporation,電力設備投資関連,データセンター・電力,,,8.0,5.0,,未確定,C,revenue_share_unknown,unknown,,,,売上セグメントとテーマを直接対応できず
7,6651,Nitto Kogyo Corporation,データセンター,データセンター・電力,,,8.0,5.0,,未確定,C,revenue_share_unknown,unknown,,,,売上セグメントとテーマを直接対応できず
7,6651,Nitto Kogyo Corporation,電力設備投資関連,データセンター・電力,,,86.0,78.0,,未確定,C,revenue_share_unknown,unknown,,,,売上セグメントとテーマを直接対応できず
7,6652,IDEC Corporation,FA関連,設備投資・機械,,,92.0,90.0,,未確定,C,revenue_share_unknown,unknown,,,,売上セグメントとテーマを直接対応できず
7,6652,IDEC Corporation,スマートグリッド,データセンター・電力,,,8.0,5.0,,未確定,C,revenue_share_unknown,unknown,,,,売上セグメントとテーマを直接対応できず
7,6652,IDEC Corporation,ロボット,AI・半導体,,,92.0,90.0,,未確定,C,revenue_share_unknown,unknown,,,,売上セグメントとテーマを直接対応できず
7,6652,IDEC Corporation,太陽光発電関連,GX・エネルギー,,,58.0,46.0,,未確定,C,revenue_share_unknown,unknown,,,,売上セグメントとテーマを直接対応できず
7,6652,IDEC Corporation,防災,防衛・国土強靱化,,,8.0,5.0,,未確定,C,revenue_share_unknown,unknown,,,,売上セグメントとテーマを直接対応できず
7,6653,"Seiko Electric Co., Ltd.",クラウドコンピューティング,デジタル・サービス,,,82.0,74.0,,未確定,C,revenue_share_unknown,unknown,,,,売上セグメントとテーマを直接対応できず
7,6653,"Seiko Electric Co., Ltd.",スマートグリッド,データセンター・電力,,,8.0,5.0,,未確定,C,revenue_share_unknown,unknown,,,,売上セグメントとテーマを直接対応できず
7,6653,"Seiko Electric Co., Ltd.",データセンター,データセンター・電力,,,82.0,74.0,,未確定,C,revenue_share_unknown,unknown,,,,売上セグメントとテーマを直接対応できず
7,6653,"Seiko Electric Co., Ltd.",下水道,防衛・国土強靱化,,,86.0,78.0,,未確定,C,revenue_share_unknown,unknown,,,,売上セグメントとテーマを直接対応できず
7,6653,"Seiko Electric Co., Ltd.",再生可能エネルギー,GX・エネルギー,,,82.0,88.0,,未確定,C,revenue_share_unknown,unknown,,,,売上セグメントとテーマを直接対応できず
7,6653,"Seiko Electric Co., Ltd.",受変電設備,データセンター・電力,,,8.0,5.0,,未確定,C,revenue_share_unknown,unknown,,,,売上セグメントとテーマを直接対応できず
7,6653,"Seiko Electric Co., Ltd.",太陽光発電関連,GX・エネルギー,,,8.0,5.0,,未確定,C,revenue_share_unknown,unknown,,,,売上セグメントとテーマを直接対応できず
7,6653,"Seiko Electric Co., Ltd.",脱炭素,GX・エネルギー,,,72.0,78.0,,未確定,C,revenue_share_unknown,unknown,,,,売上セグメントとテーマを直接対応できず
7,6653,"Seiko Electric Co., Ltd.",蓄電池,GX・エネルギー,,,86.0,78.0,,未確定,C,revenue_share_unknown,unknown,,,,売上セグメントとテーマを直接対応できず
7,6653,"Seiko Electric Co., Ltd.",送電,データセンター・電力,,,8.0,5.0,,未確定,C,revenue_share_unknown,unknown,,,,売上セグメントとテーマを直接対応できず
7,6653,"Seiko Electric Co., Ltd.",電力設備投資関連,データセンター・電力,,,72.0,78.0,,未確定,C,revenue_share_unknown,unknown,,,,売上セグメントとテーマを直接対応できず
7,6655,,FA関連,設備投資・機械,,,8.0,5.0,,未確定,C,revenue_share_unknown,unknown,,,,会社公式サイトURL未取得
7,6655,,電力設備投資関連,データセンター・電力,,,8.0,5.0,,未確定,C,revenue_share_unknown,unknown,,,,会社公式サイトURL未取得
7,6656,inspec Inc.,人工知能,AI・半導体,,,8.0,5.0,,未確定,C,revenue_share_unknown,unknown,,,,売上セグメントとテーマを直接対応できず
7,6656,inspec Inc.,医療機器,医療・ヘルスケア,,,8.0,5.0,,未確定,C,revenue_share_unknown,unknown,,,,売上セグメントとテーマを直接対応できず
7,6656,inspec Inc.,半導体製造装置,AI・半導体,,,94.0,86.0,,未確定,C,revenue_share_unknown,unknown,,,,売上セグメントとテーマを直接対応できず
7,6656,inspec Inc.,自動車軽量化,自動車・モビリティ,,,8.0,5.0,,未確定,C,revenue_share_unknown,unknown,,,,売上セグメントとテーマを直接対応できず
7,6656,inspec Inc.,自動車部材・部品,自動車・モビリティ,,,8.0,5.0,,未確定,C,revenue_share_unknown,unknown,,,,売上セグメントとテーマを直接対応できず
7,6656,inspec Inc.,電気自動車関連,自動車・モビリティ,,,8.0,5.0,,未確定,C,revenue_share_unknown,unknown,,,,売上セグメントとテーマを直接対応できず
7,6658,"Shirai Electronics Industrial Co., Ltd.",サービスロボット,設備投資・機械,,,8.0,5.0,,未確定,C,revenue_share_unknown,unknown,,,,売上セグメントとテーマを直接対応できず
7,6662,"Ubiteq, Inc.",IT関連,デジタル・サービス,,,90.0,92.0,,未確定,C,revenue_share_unknown,unknown,,,,売上セグメントとテーマを直接対応できず
7,6662,"Ubiteq, Inc.",IoT,設備投資・機械,,,92.0,94.0,,未確定,C,revenue_share_unknown,unknown,,,,売上セグメントとテーマを直接対応できず
7,6662,"Ubiteq, Inc.",SaaS,デジタル・サービス,,,90.0,82.0,,未確定,C,revenue_share_unknown,unknown,,,,売上セグメントとテーマを直接対応できず
7,6662,"Ubiteq, Inc.",クラウドコンピューティング,デジタル・サービス,,,8.0,5.0,,未確定,C,revenue_share_unknown,unknown,,,,売上セグメントとテーマを直接対応できず
7,6663,"Taiyo Technolex Co.,Ltd.",人工知能,AI・半導体,,,72.0,68.0,,未確定,C,revenue_share_unknown,unknown,,,,売上セグメントとテーマを直接対応できず
7,6663,"Taiyo Technolex Co.,Ltd.",宇宙開発関連,防衛・国土強靱化,,,8.0,5.0,,未確定,C,revenue_share_unknown,unknown,,,,売上セグメントとテーマを直接対応できず
7,6663,"Taiyo Technolex Co.,Ltd.",機械,設備投資・機械,,,86.0,78.0,,未確定,C,revenue_share_unknown,unknown,,,,売上セグメントとテーマを直接対応できず
7,6664,"Optoelectronics Co., Ltd.",キャッシュレス決済,金融・金利,,,8.0,5.0,,未確定,C,revenue_share_unknown,unknown,,,,売上セグメントとテーマを直接対応できず
7,6666,River Eletec Corporation,IoT,設備投資・機械,,,72.0,68.0,,未確定,C,revenue_share_unknown,unknown,,,,売上セグメントとテーマを直接対応できず
7,6666,River Eletec Corporation,データセンター,データセンター・電力,,,8.0,5.0,,未確定,C,revenue_share_unknown,unknown,,,,売上セグメントとテーマを直接対応できず
7,6666,River Eletec Corporation,自動車部材・部品,自動車・モビリティ,,,42.0,40.0,,未確定,C,revenue_share_unknown,unknown,,,,売上セグメントとテーマを直接対応できず
7,6668,"Adtec Plasma Technology Co., Ltd.",半導体,AI・半導体,,,66.0,56.0,,未確定,C,revenue_share_unknown,unknown,,,,売上セグメントとテーマを直接対応できず
7,6668,"Adtec Plasma Technology Co., Ltd.",半導体製造装置,AI・半導体,,,42.0,30.0,,未確定,C,revenue_share_unknown,unknown,,,,売上セグメントとテーマを直接対応できず
7,6674,GS Yuasa Corporation,スマートグリッド,データセンター・電力,,,8.0,5.0,,未確定,C,revenue_share_unknown,unknown,,,,売上セグメントとテーマを直接対応できず
7,6674,GS Yuasa Corporation,データセンター,データセンター・電力,,,8.0,5.0,,未確定,C,revenue_share_unknown,unknown,,,,売上セグメントとテーマを直接対応できず
7,6674,GS Yuasa Corporation,リチウムイオン電池,自動車・モビリティ,,,92.0,90.0,,未確定,C,revenue_share_unknown,unknown,,,,売上セグメントとテーマを直接対応できず
7,6674,GS Yuasa Corporation,全固体電池,自動車・モビリティ,,,8.0,5.0,,未確定,C,revenue_share_unknown,unknown,,,,売上セグメントとテーマを直接対応できず
7,6674,GS Yuasa Corporation,太陽光発電関連,GX・エネルギー,,,90.0,82.0,,未確定,C,revenue_share_unknown,unknown,,,,売上セグメントとテーマを直接対応できず
7,6674,GS Yuasa Corporation,宇宙開発関連,防衛・国土強靱化,,,42.0,40.0,,未確定,C,revenue_share_unknown,unknown,,,,売上セグメントとテーマを直接対応できず
7,6674,GS Yuasa Corporation,自動車部材・部品,自動車・モビリティ,,,82.0,84.0,,未確定,C,revenue_share_unknown,unknown,,,,売上セグメントとテーマを直接対応できず
7,6674,GS Yuasa Corporation,蓄電池,GX・エネルギー,,,92.0,90.0,,未確定,C,revenue_share_unknown,unknown,,,,売上セグメントとテーマを直接対応できず
7,6674,GS Yuasa Corporation,電気自動車関連,自動車・モビリティ,,,72.0,68.0,,未確定,C,revenue_share_unknown,unknown,,,,売上セグメントとテーマを直接対応できず
7,6675,"SAXA, Inc.",サイバーセキュリティ,防衛・国土強靱化,,,8.0,5.0,,未確定,C,revenue_share_unknown,unknown,,,,売上セグメントとテーマを直接対応できず
7,6676,Buffalo Inc.,ゲーム関連,デジタル・サービス,,,8.0,5.0,,未確定,C,revenue_share_unknown,unknown,,,,売上セグメントとテーマを直接対応できず
7,6676,Buffalo Inc.,教育ICT,デジタル・サービス,,,8.0,5.0,,未確定,C,revenue_share_unknown,unknown,,,,売上セグメントとテーマを直接対応できず
7,6677,"SK-Electronics CO.,LTD.",医療機器,医療・ヘルスケア,,,58.0,46.0,,未確定,C,revenue_share_unknown,unknown,,,,売上セグメントとテーマを直接対応できず
7,6678,"Techno Medica Co., Ltd.",医療機器,医療・ヘルスケア,,,86.0,92.0,,未確定,C,revenue_share_unknown,unknown,,,,売上セグメントとテーマを直接対応できず
7,6696,TRaaS On Product Inc.,IT関連,デジタル・サービス,,,8.0,5.0,,未確定,C,revenue_share_unknown,unknown,,,,売上セグメントとテーマを直接対応できず
7,6696,TRaaS On Product Inc.,IoT,設備投資・機械,,,86.0,88.0,,未確定,C,revenue_share_unknown,unknown,,,,売上セグメントとテーマを直接対応できず
7,6696,TRaaS On Product Inc.,サービスロボット,設備投資・機械,,,8.0,5.0,,未確定,C,revenue_share_unknown,unknown,,,,売上セグメントとテーマを直接対応できず
7,6696,TRaaS On Product Inc.,人工知能,AI・半導体,,,8.0,5.0,,未確定,C,revenue_share_unknown,unknown,,,,売上セグメントとテーマを直接対応できず
7,6696,TRaaS On Product Inc.,省エネ関連,GX・エネルギー,,,8.0,5.0,,未確定,C,revenue_share_unknown,unknown,,,,売上セグメントとテーマを直接対応できず
7,6699,"Diamond Electric Holdings Co., Ltd.",太陽光発電関連,GX・エネルギー,,,42.0,30.0,,未確定,C,revenue_share_unknown,unknown,,,,売上セグメントとテーマを直接対応できず
7,6699,"Diamond Electric Holdings Co., Ltd.",水素,GX・エネルギー,,,8.0,5.0,,未確定,C,revenue_share_unknown,unknown,,,,売上セグメントとテーマを直接対応できず
7,6699,"Diamond Electric Holdings Co., Ltd.",自動車部材・部品,自動車・モビリティ,,,82.0,74.0,,未確定,C,revenue_share_unknown,unknown,,,,売上セグメントとテーマを直接対応できず
7,6699,"Diamond Electric Holdings Co., Ltd.",蓄電池,GX・エネルギー,,,92.0,90.0,,未確定,C,revenue_share_unknown,unknown,,,,売上セグメントとテーマを直接対応できず
7,6699,"Diamond Electric Holdings Co., Ltd.",電気自動車関連,自動車・モビリティ,,,8.0,5.0,,未確定,C,revenue_share_unknown,unknown,,,,売上セグメントとテーマを直接対応できず
7,6701,NEC Corporation,AIエージェント,AI・半導体,,,42.0,30.0,,未確定,C,revenue_share_unknown,unknown,,,,売上セグメントとテーマを直接対応できず
7,6701,NEC Corporation,IT関連,デジタル・サービス,,,94.0,86.0,,未確定,C,revenue_share_unknown,unknown,,,,売上セグメントとテーマを直接対応できず
7,6701,NEC Corporation,IoT,設備投資・機械,,,82.0,74.0,,未確定,C,revenue_share_unknown,unknown,,,,売上セグメントとテーマを直接対応できず
7,6701,NEC Corporation,MaaS,自動車・モビリティ,,,8.0,5.0,,未確定,C,revenue_share_unknown,unknown,,,,売上セグメントとテーマを直接対応できず
7,6701,NEC Corporation,SaaS,デジタル・サービス,,,66.0,56.0,,未確定,C,revenue_share_unknown,unknown,,,,売上セグメントとテーマを直接対応できず
7,6701,NEC Corporation,クラウドコンピューティング,デジタル・サービス,,,46.0,34.0,,未確定,C,revenue_share_unknown,unknown,,,,売上セグメントとテーマを直接対応できず
7,6701,NEC Corporation,サブスクリプション,デジタル・サービス,,,42.0,30.0,,未確定,C,revenue_share_unknown,unknown,,,,売上セグメントとテーマを直接対応できず
7,6701,NEC Corporation,サーバー冷却,データセンター・電力,,,8.0,5.0,,未確定,C,revenue_share_unknown,unknown,,,,売上セグメントとテーマを直接対応できず
7,6701,NEC Corporation,スマートグリッド,データセンター・電力,,,8.0,5.0,,未確定,C,revenue_share_unknown,unknown,,,,売上セグメントとテーマを直接対応できず
7,6701,NEC Corporation,デジタルトランスフォーメーション,デジタル・サービス,,,58.0,46.0,,未確定,C,revenue_share_unknown,unknown,,,,売上セグメントとテーマを直接対応できず
7,6701,NEC Corporation,データセンター,データセンター・電力,,,8.0,5.0,,未確定,C,revenue_share_unknown,unknown,,,,売上セグメントとテーマを直接対応できず
7,6701,NEC Corporation,ドローン,防衛・国土強靱化,,,8.0,5.0,,未確定,C,revenue_share_unknown,unknown,,,,売上セグメントとテーマを直接対応できず
7,6701,NEC Corporation,フィジカルAI,AI・半導体,,,42.0,30.0,,未確定,C,revenue_share_unknown,unknown,,,,売上セグメントとテーマを直接対応できず
7,6701,NEC Corporation,マイナンバー,デジタル・サービス,,,8.0,5.0,,未確定,C,revenue_share_unknown,unknown,,,,売上セグメントとテーマを直接対応できず
7,6701,NEC Corporation,リチウムイオン電池,自動車・モビリティ,,,8.0,5.0,,未確定,C,revenue_share_unknown,unknown,,,,売上セグメントとテーマを直接対応できず
7,6701,NEC Corporation,ロボット,AI・半導体,,,8.0,5.0,,未確定,C,revenue_share_unknown,unknown,,,,売上セグメントとテーマを直接対応できず
7,6701,NEC Corporation,人工知能,AI・半導体,,,92.0,90.0,,未確定,C,revenue_share_unknown,unknown,,,,売上セグメントとテーマを直接対応できず
7,6701,NEC Corporation,医療機器,医療・ヘルスケア,,,8.0,5.0,,未確定,C,revenue_share_unknown,unknown,,,,売上セグメントとテーマを直接対応できず
7,6701,NEC Corporation,宇宙開発関連,防衛・国土強靱化,,,42.0,30.0,,未確定,C,revenue_share_unknown,unknown,,,,売上セグメントとテーマを直接対応できず
7,6701,NEC Corporation,建設DX,不動産・建設,,,8.0,5.0,,未確定,C,revenue_share_unknown,unknown,,,,売上セグメントとテーマを直接対応できず
7,6701,NEC Corporation,教育ICT,デジタル・サービス,,,8.0,5.0,,未確定,C,revenue_share_unknown,unknown,,,,売上セグメントとテーマを直接対応できず
7,6701,NEC Corporation,生成AI,AI・半導体,,,72.0,68.0,,未確定,C,revenue_share_unknown,unknown,,,,売上セグメントとテーマを直接対応できず
7,6701,NEC Corporation,空飛ぶクルマ,自動車・モビリティ,,,8.0,5.0,,未確定,C,revenue_share_unknown,unknown,,,,売上セグメントとテーマを直接対応できず
7,6701,NEC Corporation,自動車電子化,自動車・モビリティ,,,92.0,90.0,,未確定,C,revenue_share_unknown,unknown,,,,売上セグメントとテーマを直接対応できず
7,6701,NEC Corporation,自動運転車,自動車・モビリティ,,,8.0,5.0,,未確定,C,revenue_share_unknown,unknown,,,,売上セグメントとテーマを直接対応できず
7,6701,NEC Corporation,蓄電池,GX・エネルギー,,,8.0,5.0,,未確定,C,revenue_share_unknown,unknown,,,,売上セグメントとテーマを直接対応できず
7,6701,NEC Corporation,量子コンピューター,AI・半導体,,,8.0,5.0,,未確定,C,revenue_share_unknown,unknown,,,,売上セグメントとテーマを直接対応できず
7,6701,NEC Corporation,防災,防衛・国土強靱化,,,42.0,30.0,,未確定,C,revenue_share_unknown,unknown,,,,売上セグメントとテーマを直接対応できず
7,6701,NEC Corporation,防衛,防衛・国土強靱化,,,8.0,5.0,,未確定,C,revenue_share_unknown,unknown,,,,売上セグメントとテーマを直接対応できず
7,6701,NEC Corporation,電子政府,デジタル・サービス,,,8.0,5.0,,未確定,C,revenue_share_unknown,unknown,,,,売上セグメントとテーマを直接対応できず
7,6701,NEC Corporation,電気自動車関連,自動車・モビリティ,,,92.0,90.0,,未確定,C,revenue_share_unknown,unknown,,,,売上セグメントとテーマを直接対応できず
7,6702,Fujitsu Limited,AIエージェント,AI・半導体,,,8.0,5.0,,未確定,C,revenue_share_unknown,unknown,,,,売上セグメントとテーマを直接対応できず
7,6702,Fujitsu Limited,IT関連,デジタル・サービス,,,96.0,98.0,,未確定,C,revenue_share_unknown,unknown,,,,売上セグメントとテーマを直接対応できず
7,6702,Fujitsu Limited,IoT,設備投資・機械,,,8.0,5.0,,未確定,C,revenue_share_unknown,unknown,,,,売上セグメントとテーマを直接対応できず
7,6702,Fujitsu Limited,SaaS,デジタル・サービス,,,42.0,40.0,,未確定,C,revenue_share_unknown,unknown,,,,売上セグメントとテーマを直接対応できず
7,6702,Fujitsu Limited,クラウドコンピューティング,デジタル・サービス,,,91.0,93.0,,未確定,C,revenue_share_unknown,unknown,,,,売上セグメントとテーマを直接対応できず
7,6702,Fujitsu Limited,サーバー冷却,データセンター・電力,,,8.0,5.0,,未確定,C,revenue_share_unknown,unknown,,,,売上セグメントとテーマを直接対応できず
7,6702,Fujitsu Limited,スマートグリッド,データセンター・電力,,,8.0,5.0,,未確定,C,revenue_share_unknown,unknown,,,,売上セグメントとテーマを直接対応できず
7,6702,Fujitsu Limited,デジタルトランスフォーメーション,デジタル・サービス,,,42.0,40.0,,未確定,C,revenue_share_unknown,unknown,,,,売上セグメントとテーマを直接対応できず
7,6702,Fujitsu Limited,データセンター,データセンター・電力,,,8.0,5.0,,未確定,C,revenue_share_unknown,unknown,,,,売上セグメントとテーマを直接対応できず
7,6702,Fujitsu Limited,ドローン,防衛・国土強靱化,,,8.0,5.0,,未確定,C,revenue_share_unknown,unknown,,,,売上セグメントとテーマを直接対応できず
7,6702,Fujitsu Limited,フィジカルAI,AI・半導体,,,8.0,5.0,,未確定,C,revenue_share_unknown,unknown,,,,売上セグメントとテーマを直接対応できず
7,6702,Fujitsu Limited,フィンテック,金融・金利,,,8.0,5.0,,未確定,C,revenue_share_unknown,unknown,,,,売上セグメントとテーマを直接対応できず
7,6702,Fujitsu Limited,マイナンバー,デジタル・サービス,,,8.0,5.0,,未確定,C,revenue_share_unknown,unknown,,,,売上セグメントとテーマを直接対応できず
7,6702,Fujitsu Limited,ロボット,AI・半導体,,,8.0,5.0,,未確定,C,revenue_share_unknown,unknown,,,,売上セグメントとテーマを直接対応できず
7,6702,Fujitsu Limited,人工知能,AI・半導体,,,82.0,84.0,,未確定,C,revenue_share_unknown,unknown,,,,売上セグメントとテーマを直接対応できず
7,6702,Fujitsu Limited,円安メリット,内需・消費,,,8.0,5.0,,未確定,C,macro_sensitivity_required,macro_unknown,,,,売上セグメントとテーマを直接対応できず
7,6702,Fujitsu Limited,宇宙開発関連,防衛・国土強靱化,,,8.0,5.0,,未確定,C,revenue_share_unknown,unknown,,,,売上セグメントとテーマを直接対応できず
7,6702,Fujitsu Limited,建設DX,不動産・建設,,,8.0,5.0,,未確定,C,revenue_share_unknown,unknown,,,,売上セグメントとテーマを直接対応できず
7,6702,Fujitsu Limited,教育ICT,デジタル・サービス,,,8.0,5.0,,未確定,C,revenue_share_unknown,unknown,,,,売上セグメントとテーマを直接対応できず
7,6702,Fujitsu Limited,生成AI,AI・半導体,,,42.0,40.0,,未確定,C,revenue_share_unknown,unknown,,,,売上セグメントとテーマを直接対応できず
7,6702,Fujitsu Limited,空飛ぶクルマ,自動車・モビリティ,,,8.0,5.0,,未確定,C,revenue_share_unknown,unknown,,,,売上セグメントとテーマを直接対応できず
7,6702,Fujitsu Limited,量子コンピューター,AI・半導体,,,8.0,5.0,,未確定,C,revenue_share_unknown,unknown,,,,売上セグメントとテーマを直接対応できず
7,6702,Fujitsu Limited,防災,防衛・国土強靱化,,,8.0,5.0,,未確定,C,revenue_share_unknown,unknown,,,,売上セグメントとテーマを直接対応できず
7,6702,Fujitsu Limited,防衛,防衛・国土強靱化,,,8.0,5.0,,未確定,C,revenue_share_unknown,unknown,,,,売上セグメントとテーマを直接対応できず
7,6702,Fujitsu Limited,電子政府,デジタル・サービス,,,8.0,5.0,,未確定,C,revenue_share_unknown,unknown,,,,売上セグメントとテーマを直接対応できず
7,6703,"Oki Electric Industry Co., Ltd.",IT関連,デジタル・サービス,,,92.0,84.0,,未確定,C,revenue_share_unknown,unknown,,,,売上セグメントとテーマを直接対応できず
7,6703,"Oki Electric Industry Co., Ltd.",エッジコンピューティング,AI・半導体,,,58.0,46.0,,未確定,C,revenue_share_unknown,unknown,,,,売上セグメントとテーマを直接対応できず
7,6703,"Oki Electric Industry Co., Ltd.",ロボット,AI・半導体,,,8.0,5.0,,未確定,C,revenue_share_unknown,unknown,,,,売上セグメントとテーマを直接対応できず
7,6703,"Oki Electric Industry Co., Ltd.",人工知能,AI・半導体,,,92.0,90.0,,未確定,C,revenue_share_unknown,unknown,,,,売上セグメントとテーマを直接対応できず
7,6703,"Oki Electric Industry Co., Ltd.",宇宙開発関連,防衛・国土強靱化,,,42.0,30.0,,未確定,C,revenue_share_unknown,unknown,,,,売上セグメントとテーマを直接対応できず
7,6703,"Oki Electric Industry Co., Ltd.",自動運転車,自動車・モビリティ,,,8.0,5.0,,未確定,C,revenue_share_unknown,unknown,,,,売上セグメントとテーマを直接対応できず
7,6703,"Oki Electric Industry Co., Ltd.",量子コンピューター,AI・半導体,,,8.0,5.0,,未確定,C,revenue_share_unknown,unknown,,,,売上セグメントとテーマを直接対応できず
7,6703,"Oki Electric Industry Co., Ltd.",防災,防衛・国土強靱化,,,86.0,78.0,,未確定,C,revenue_share_unknown,unknown,,,,売上セグメントとテーマを直接対応できず
7,6703,"Oki Electric Industry Co., Ltd.",防衛,防衛・国土強靱化,,,8.0,5.0,,未確定,C,revenue_share_unknown,unknown,,,,売上セグメントとテーマを直接対応できず
7,6703,"Oki Electric Industry Co., Ltd.",電子政府,デジタル・サービス,,,8.0,5.0,,未確定,C,revenue_share_unknown,unknown,,,,売上セグメントとテーマを直接対応できず
7,6706,"DKK Co., Ltd.",建設機械,設備投資・機械,,,8.0,5.0,,未確定,C,revenue_share_unknown,unknown,,,,売上セグメントとテーマを直接対応できず
7,6706,"DKK Co., Ltd.",自動車製造装置,自動車・モビリティ,,,8.0,5.0,,未確定,C,revenue_share_unknown,unknown,,,,売上セグメントとテーマを直接対応できず
7,6706,"DKK Co., Ltd.",防災,防衛・国土強靱化,,,92.0,98.0,,未確定,C,revenue_share_unknown,unknown,,,,売上セグメントとテーマを直接対応できず
7,6706,"DKK Co., Ltd.",防衛,防衛・国土強靱化,,,92.0,98.0,,未確定,C,revenue_share_unknown,unknown,,,,売上セグメントとテーマを直接対応できず
7,6707,"Sanken Electric Co., Ltd.",半導体,AI・半導体,,,97.0,99.0,,未確定,C,revenue_share_unknown,unknown,,,,売上セグメントとテーマを直接対応できず
7,6707,"Sanken Electric Co., Ltd.",太陽光発電関連,GX・エネルギー,,,8.0,5.0,,未確定,C,revenue_share_unknown,unknown,,,,売上セグメントとテーマを直接対応できず
7,6707,"Sanken Electric Co., Ltd.",自動車部材・部品,自動車・モビリティ,,,42.0,40.0,,未確定,C,revenue_share_unknown,unknown,,,,売上セグメントとテーマを直接対応できず
7,6707,"Sanken Electric Co., Ltd.",自動車電子化,自動車・モビリティ,,,72.0,68.0,,未確定,C,revenue_share_unknown,unknown,,,,売上セグメントとテーマを直接対応できず
7,6707,"Sanken Electric Co., Ltd.",電気自動車関連,自動車・モビリティ,,,72.0,68.0,,未確定,C,revenue_share_unknown,unknown,,,,売上セグメントとテーマを直接対応できず
7,6718,"Aiphone Co.,Ltd.",介護関連,医療・ヘルスケア,,,8.0,5.0,,未確定,C,revenue_share_unknown,unknown,,,,売上セグメントとテーマを直接対応できず
7,6718,"Aiphone Co.,Ltd.",防災,防衛・国土強靱化,,,8.0,5.0,,未確定,C,revenue_share_unknown,unknown,,,,売上セグメントとテーマを直接対応できず
7,6721,Wintest Corp.,IoT,設備投資・機械,,,90.0,68.0,,未確定,C,revenue_share_unknown,unknown,,,,売上セグメントとテーマを直接対応できず
7,6721,Wintest Corp.,データセンター,データセンター・電力,,,8.0,5.0,,未確定,C,revenue_share_unknown,unknown,,,,売上セグメントとテーマを直接対応できず
7,6721,Wintest Corp.,再生可能エネルギー,GX・エネルギー,,,42.0,30.0,,未確定,C,revenue_share_unknown,unknown,,,,売上セグメントとテーマを直接対応できず
7,6721,Wintest Corp.,半導体,AI・半導体,,,92.0,84.0,,未確定,C,revenue_share_unknown,unknown,,,,売上セグメントとテーマを直接対応できず
7,6721,Wintest Corp.,半導体製造装置,AI・半導体,,,42.0,30.0,,未確定,C,revenue_share_unknown,unknown,,,,売上セグメントとテーマを直接対応できず
7,6723,Renesas Electronics Corporation,FA関連,設備投資・機械,,,8.0,5.0,,未確定,C,revenue_share_unknown,unknown,,,,売上セグメントとテーマを直接対応できず
7,6723,Renesas Electronics Corporation,スマートグリッド,データセンター・電力,,,8.0,5.0,,未確定,C,revenue_share_unknown,unknown,,,,売上セグメントとテーマを直接対応できず
7,6723,Renesas Electronics Corporation,人工知能,AI・半導体,,,8.0,5.0,,未確定,C,revenue_share_unknown,unknown,,,,売上セグメントとテーマを直接対応できず
7,6723,Renesas Electronics Corporation,半導体,AI・半導体,,,97.0,100.0,,未確定,C,revenue_share_unknown,unknown,,,,売上セグメントとテーマを直接対応できず
7,6723,Renesas Electronics Corporation,生成AI,AI・半導体,,,8.0,5.0,,未確定,C,revenue_share_unknown,unknown,,,,売上セグメントとテーマを直接対応できず
7,6723,Renesas Electronics Corporation,自動車部材・部品,自動車・モビリティ,,,42.0,42.0,,未確定,C,revenue_share_unknown,unknown,,,,売上セグメントとテーマを直接対応できず
7,6723,Renesas Electronics Corporation,自動車電子化,自動車・モビリティ,,,8.0,5.0,,未確定,C,revenue_share_unknown,unknown,,,,売上セグメントとテーマを直接対応できず
7,6723,Renesas Electronics Corporation,自動運転車,自動車・モビリティ,,,8.0,5.0,,未確定,C,revenue_share_unknown,unknown,,,,売上セグメントとテーマを直接対応できず
7,6723,Renesas Electronics Corporation,電気自動車関連,自動車・モビリティ,,,8.0,5.0,,未確定,C,revenue_share_unknown,unknown,,,,売上セグメントとテーマを直接対応できず
7,6724,Seiko Epson Corporation,3Dプリンター,設備投資・機械,,,8.0,5.0,,未確定,C,revenue_share_unknown,unknown,,,,売上セグメントとテーマを直接対応できず
7,6724,Seiko Epson Corporation,サブスクリプション,デジタル・サービス,,,8.0,5.0,,未確定,C,revenue_share_unknown,unknown,,,,売上セグメントとテーマを直接対応できず
7,6724,Seiko Epson Corporation,データセンター,データセンター・電力,,,8.0,5.0,,未確定,C,revenue_share_unknown,unknown,,,,売上セグメントとテーマを直接対応できず
7,6724,Seiko Epson Corporation,ドローン,防衛・国土強靱化,,,8.0,5.0,,未確定,C,revenue_share_unknown,unknown,,,,売上セグメントとテーマを直接対応できず
7,6724,Seiko Epson Corporation,ロボット,AI・半導体,,,66.0,66.0,,未確定,C,revenue_share_unknown,unknown,,,,売上セグメントとテーマを直接対応できず
7,6724,Seiko Epson Corporation,円安メリット,内需・消費,,,8.0,5.0,,未確定,C,macro_sensitivity_required,macro_unknown,,,,売上セグメントとテーマを直接対応できず
7,6724,Seiko Epson Corporation,半導体,AI・半導体,,,46.0,44.0,,未確定,C,revenue_share_unknown,unknown,,,,売上セグメントとテーマを直接対応できず
7,6727,"Wacom Co., Ltd.",建設DX,不動産・建設,,,8.0,5.0,,未確定,C,revenue_share_unknown,unknown,,,,売上セグメントとテーマを直接対応できず
7,6727,"Wacom Co., Ltd.",教育ICT,デジタル・サービス,,,8.0,5.0,,未確定,C,revenue_share_unknown,unknown,,,,売上セグメントとテーマを直接対応できず
7,6728,"ULVAC, Inc.",レアアース,資源・素材,,,58.0,58.0,,未確定,C,revenue_share_unknown,unknown,,,,売上セグメントとテーマを直接対応できず
7,6728,"ULVAC, Inc.",ロボット,AI・半導体,,,82.0,86.0,,未確定,C,revenue_share_unknown,unknown,,,,売上セグメントとテーマを直接対応できず
7,6728,"ULVAC, Inc.",全固体電池,自動車・モビリティ,,,8.0,5.0,,未確定,C,revenue_share_unknown,unknown,,,,売上セグメントとテーマを直接対応できず
7,6728,"ULVAC, Inc.",半導体,AI・半導体,,,58.0,58.0,,未確定,C,revenue_share_unknown,unknown,,,,売上セグメントとテーマを直接対応できず
7,6728,"ULVAC, Inc.",半導体製造装置,AI・半導体,,,42.0,42.0,,未確定,C,revenue_share_unknown,unknown,,,,売上セグメントとテーマを直接対応できず
7,6728,"ULVAC, Inc.",核融合発電,GX・エネルギー,,,42.0,42.0,,未確定,C,revenue_share_unknown,unknown,,,,売上セグメントとテーマを直接対応できず
7,6728,"ULVAC, Inc.",量子コンピューター,AI・半導体,,,8.0,5.0,,未確定,C,revenue_share_unknown,unknown,,,,売上セグメントとテーマを直接対応できず
7,6730,AXELL Corporation,人工知能,AI・半導体,3.25,4.1,92.0,90.0,43.3,補助関連,B,structured_segment_v6_needs_final_qa,structured_segment_v6,AI事業,external_customer_sales_table_v6,https://www.axell.co.jp/ir/pdf/AXELL_IR20260805.pdf,"算書
（四半期連結損益計算書）
- 5 -
㈱アクセル （6730）
2027年３月期 第１四半期決算短信
（単位：百万円）
 前第１四半期連結累計期間
(自 2025年４月１日
 至 2025年６月30日)
 当第１四半期連結累計期間
(自 2026年４月１日
 至 2026年６月30日)
四半期純利益 588 550
その他の包括利益
その他有価証券評価差額金 254 479
その他の包括利益合計 254 479
四半期包括利益 842 1,030
（内訳）
親会社株主に係る四半期包括利益 839 1,026
非支配株主に係る四半期包括利益 2 3
（四半期連結包括利益計算書）
- 6 -
㈱アクセル （6730）
2027年３月期 第１四半期決算短信
（３）四半期連結財務諸表に関する注記事項
（四半期連結財務諸表の作成に特有の会計処理に関する注記）
（税金費用の計算）
税金費用につきましては、当第１四半期連結会計期間を含む連結会計年度の税引前当期純利益に対する税効果
会計適用後の実効税率を合理的に見積り、税引前四半期純利益に当該見積実効税率を乗じて計算しております。
（単位：百万"
7,6730,AXELL Corporation,半導体,AI・半導体,,,94.0,100.0,,未確定,C,revenue_share_unknown,unknown,,,,売上セグメントとテーマを直接対応できず
7,6731,Pixela Corporation,IoT,設備投資・機械,,,86.0,90.0,,未確定,C,revenue_share_unknown,unknown,,,,売上セグメントとテーマを直接対応できず
7,6736,Sun Corporation,IoT,設備投資・機械,,,92.0,98.0,,未確定,C,revenue_share_unknown,unknown,,,,売上セグメントとテーマを直接対応できず
7,6736,Sun Corporation,クラウドコンピューティング,デジタル・サービス,,,90.0,96.0,,未確定,C,revenue_share_unknown,unknown,,,,売上セグメントとテーマを直接対応できず
7,6737,EIZO Corporation,航空,物流・海運,,,8.0,5.0,,未確定,C,revenue_share_unknown,unknown,,,,売上セグメントとテーマを直接対応できず
7,6737,EIZO Corporation,遠隔医療,医療・ヘルスケア,,,8.0,5.0,,未確定,C,revenue_share_unknown,unknown,,,,売上セグメントとテーマを直接対応できず
7,6740,Japan Display Inc.,円安メリット,内需・消費,,,8.0,5.0,,未確定,C,macro_sensitivity_required,macro_unknown,,,,売上セグメントとテーマを直接対応できず
7,6740,Japan Display Inc.,自動車部材・部品,自動車・モビリティ,,,8.0,5.0,,未確定,C,revenue_share_unknown,unknown,,,,売上セグメントとテーマを直接対応できず
7,6741,"Nippon Signal Co., Ltd.",サービスロボット,設備投資・機械,,,46.0,44.0,,未確定,C,revenue_share_unknown,unknown,,,,売上セグメントとテーマを直接対応できず
7,6741,"Nippon Signal Co., Ltd.",鉄道関連,物流・海運,,,92.0,94.0,,未確定,C,revenue_share_unknown,unknown,,,,売上セグメントとテーマを直接対応できず
7,6742,"Kyosan Electric Manufacturing Co., Ltd.",半導体製造装置,AI・半導体,,,8.0,5.0,,未確定,C,revenue_share_unknown,unknown,,,,売上セグメントとテーマを直接対応できず
7,6742,"Kyosan Electric Manufacturing Co., Ltd.",鉄道関連,物流・海運,,,92.0,98.0,,未確定,C,revenue_share_unknown,unknown,,,,売上セグメントとテーマを直接対応できず
7,6743,"Daido Signal Co., Ltd.",不動産関連,不動産・建設,,,42.0,30.0,,未確定,C,revenue_share_unknown,unknown,,,,売上セグメントとテーマを直接対応できず
7,6743,"Daido Signal Co., Ltd.",鉄道関連,物流・海運,,,92.0,84.0,,未確定,C,revenue_share_unknown,unknown,,,,売上セグメントとテーマを直接対応できず
7,6744,Nohmi Bosai Ltd.,防災,防衛・国土強靱化,,,100.0,100.0,,未確定,C,revenue_share_unknown,unknown,,,,売上セグメントとテーマを直接対応できず
7,6748,"Seiwa Electric Mfg. Co., Ltd.",蓄電池,GX・エネルギー,,,8.0,5.0,,未確定,C,revenue_share_unknown,unknown,,,,売上セグメントとテーマを直接対応できず
7,6748,"Seiwa Electric Mfg. Co., Ltd.",防災,防衛・国土強靱化,,,8.0,5.0,,未確定,C,revenue_share_unknown,unknown,,,,売上セグメントとテーマを直接対応できず
7,6752,Panasonic Holdings Corporation,3Dプリンター,設備投資・機械,,,8.0,5.0,,未確定,C,revenue_share_unknown,unknown,,,,売上セグメントとテーマを直接対応できず
7,6752,Panasonic Holdings Corporation,FA関連,設備投資・機械,,,8.0,5.0,,未確定,C,revenue_share_unknown,unknown,,,,売上セグメントとテーマを直接対応できず
7,6752,Panasonic Holdings Corporation,キャッシュレス決済,金融・金利,,,8.0,5.0,,未確定,C,revenue_share_unknown,unknown,,,,売上セグメントとテーマを直接対応できず
7,6752,Panasonic Holdings Corporation,サブスクリプション,デジタル・サービス,,,8.0,5.0,,未確定,C,revenue_share_unknown,unknown,,,,売上セグメントとテーマを直接対応できず
7,6752,Panasonic Holdings Corporation,スマートグリッド,データセンター・電力,,,8.0,5.0,,未確定,C,revenue_share_unknown,unknown,,,,売上セグメントとテーマを直接対応できず
7,6752,Panasonic Holdings Corporation,バイオテクノロジー関連,医療・ヘルスケア,,,8.0,5.0,,未確定,C,revenue_share_unknown,unknown,,,,売上セグメントとテーマを直接対応できず
7,6752,Panasonic Holdings Corporation,ホームヘルスケア,医療・ヘルスケア,,,8.0,5.0,,未確定,C,revenue_share_unknown,unknown,,,,売上セグメントとテーマを直接対応できず
7,6752,Panasonic Holdings Corporation,リチウムイオン電池,自動車・モビリティ,,,42.0,40.0,,未確定,C,revenue_share_unknown,unknown,,,,売上セグメントとテーマを直接対応できず
7,6752,Panasonic Holdings Corporation,ロボット,AI・半導体,,,8.0,5.0,,未確定,C,revenue_share_unknown,unknown,,,,売上セグメントとテーマを直接対応できず
7,6752,Panasonic Holdings Corporation,介護関連,医療・ヘルスケア,,,86.0,88.0,,未確定,C,revenue_share_unknown,unknown,,,,売上セグメントとテーマを直接対応できず
7,6752,Panasonic Holdings Corporation,全固体電池,自動車・モビリティ,,,8.0,5.0,,未確定,C,revenue_share_unknown,unknown,,,,売上セグメントとテーマを直接対応できず
7,6752,Panasonic Holdings Corporation,円安メリット,内需・消費,,,8.0,5.0,,未確定,C,macro_sensitivity_required,macro_unknown,,,,売上セグメントとテーマを直接対応できず
7,6752,Panasonic Holdings Corporation,再生医療,医療・ヘルスケア,,,8.0,5.0,,未確定,C,revenue_share_unknown,unknown,,,,売上セグメントとテーマを直接対応できず
7,6752,Panasonic Holdings Corporation,医療機器,医療・ヘルスケア,,,8.0,5.0,,未確定,C,revenue_share_unknown,unknown,,,,売上セグメントとテーマを直接対応できず
7,6752,Panasonic Holdings Corporation,宇宙開発関連,防衛・国土強靱化,,,8.0,5.0,,未確定,C,revenue_share_unknown,unknown,,,,売上セグメントとテーマを直接対応できず
7,6752,Panasonic Holdings Corporation,建設DX,不動産・建設,,,8.0,5.0,,未確定,C,revenue_share_unknown,unknown,,,,売上セグメントとテーマを直接対応できず
7,6752,Panasonic Holdings Corporation,水素,GX・エネルギー,,,86.0,88.0,,未確定,C,revenue_share_unknown,unknown,,,,売上セグメントとテーマを直接対応できず
7,6752,Panasonic Holdings Corporation,空飛ぶクルマ,自動車・モビリティ,,,8.0,5.0,,未確定,C,revenue_share_unknown,unknown,,,,売上セグメントとテーマを直接対応できず
7,6752,Panasonic Holdings Corporation,自動車部材・部品,自動車・モビリティ,,,42.0,40.0,,未確定,C,revenue_share_unknown,unknown,,,,売上セグメントとテーマを直接対応できず
7,6752,Panasonic Holdings Corporation,自動車電子化,自動車・モビリティ,,,42.0,40.0,,未確定,C,revenue_share_unknown,unknown,,,,売上セグメントとテーマを直接対応できず
7,6752,Panasonic Holdings Corporation,自動運転車,自動車・モビリティ,,,8.0,5.0,,未確定,C,revenue_share_unknown,unknown,,,,売上セグメントとテーマを直接対応できず
7,6752,Panasonic Holdings Corporation,蓄電池,GX・エネルギー,,,66.0,66.0,,未確定,C,revenue_share_unknown,unknown,,,,売上セグメントとテーマを直接対応できず
7,6752,Panasonic Holdings Corporation,防災,防衛・国土強靱化,,,8.0,5.0,,未確定,C,revenue_share_unknown,unknown,,,,売上セグメントとテーマを直接対応できず
7,6752,Panasonic Holdings Corporation,電気自動車関連,自動車・モビリティ,,,58.0,56.0,,未確定,C,revenue_share_unknown,unknown,,,,売上セグメントとテーマを直接対応できず
7,6753,Sharp Corporation,IT関連,デジタル・サービス,,,42.0,30.0,,未確定,C,revenue_share_unknown,unknown,,,,売上セグメントとテーマを直接対応できず
7,6753,Sharp Corporation,キャッシュレス決済,金融・金利,,,8.0,5.0,,未確定,C,revenue_share_unknown,unknown,,,,売上セグメントとテーマを直接対応できず
7,6753,Sharp Corporation,スマートグリッド,データセンター・電力,,,8.0,5.0,,未確定,C,revenue_share_unknown,unknown,,,,売上セグメントとテーマを直接対応できず
7,6753,Sharp Corporation,データセンター,データセンター・電力,,,8.0,5.0,,未確定,C,revenue_share_unknown,unknown,,,,売上セグメントとテーマを直接対応できず
7,6753,Sharp Corporation,医療機器,医療・ヘルスケア,,,8.0,5.0,,未確定,C,revenue_share_unknown,unknown,,,,売上セグメントとテーマを直接対応できず
7,6753,Sharp Corporation,宇宙開発関連,防衛・国土強靱化,,,8.0,5.0,,未確定,C,revenue_share_unknown,unknown,,,,売上セグメントとテーマを直接対応できず
7,6753,Sharp Corporation,自動車部材・部品,自動車・モビリティ,,,46.0,34.0,,未確定,C,revenue_share_unknown,unknown,,,,売上セグメントとテーマを直接対応できず
7,6753,Sharp Corporation,自動運転車,自動車・モビリティ,,,8.0,5.0,,未確定,C,revenue_share_unknown,unknown,,,,売上セグメントとテーマを直接対応できず
7,6753,Sharp Corporation,蓄電池,GX・エネルギー,,,8.0,5.0,,未確定,C,revenue_share_unknown,unknown,,,,売上セグメントとテーマを直接対応できず
7,6753,Sharp Corporation,防衛,防衛・国土強靱化,,,8.0,5.0,,未確定,C,revenue_share_unknown,unknown,,,,売上セグメントとテーマを直接対応できず
7,6754,Anritsu Corporation,IoT,設備投資・機械,,,58.0,56.0,,未確定,C,revenue_share_unknown,unknown,,,,売上セグメントとテーマを直接対応できず
7,6754,Anritsu Corporation,データセンター,データセンター・電力,,,58.0,56.0,,未確定,C,revenue_share_unknown,unknown,,,,売上セグメントとテーマを直接対応できず
7,6754,Anritsu Corporation,ドローン,防衛・国土強靱化,,,8.0,5.0,,未確定,C,revenue_share_unknown,unknown,,,,売上セグメントとテーマを直接対応できず
7,6754,Anritsu Corporation,光ファイバー,データセンター・電力,,,8.0,5.0,,未確定,C,revenue_share_unknown,unknown,,,,売上セグメントとテーマを直接対応できず
7,6754,Anritsu Corporation,円安メリット,内需・消費,,,8.0,5.0,,未確定,C,macro_sensitivity_required,macro_unknown,,,,売上セグメントとテーマを直接対応できず
7,6754,Anritsu Corporation,空飛ぶクルマ,自動車・モビリティ,,,8.0,5.0,,未確定,C,revenue_share_unknown,unknown,,,,売上セグメントとテーマを直接対応できず
7,6754,Anritsu Corporation,自動運転車,自動車・モビリティ,,,8.0,5.0,,未確定,C,revenue_share_unknown,unknown,,,,売上セグメントとテーマを直接対応できず
7,6757,"OSG Corporation Co., Ltd.",宅配,物流・海運,,,8.0,5.0,,未確定,C,revenue_share_unknown,unknown,,,,売上セグメントとテーマを直接対応できず
