batch,stock_code,yahoo_ticker,company_name,theme_name,cluster,source_url
6,5282,5282.T,5282.T,下水道,防衛・国土強靱化,https://s.kabutan.jp/themes/%E4%B8%8B%E6%B0%B4%E9%81%93/?market=all
6,5282,5282.T,5282.T,国土強靱化,防衛・国土強靱化,https://s.kabutan.jp/themes/%E5%9B%BD%E5%9C%9F%E5%BC%B7%E9%9D%B1%E5%8C%96/?market=all
6,5282,5282.T,5282.T,鉄道関連,物流・海運,https://s.kabutan.jp/themes/%E9%89%84%E9%81%93%E9%96%A2%E9%80%A3/?market=all
6,5282,5282.T,5282.T,電線地中化,防衛・国土強靱化,https://s.kabutan.jp/themes/%E9%9B%BB%E7%B7%9A%E5%9C%B0%E4%B8%AD%E5%8C%96/?market=all
6,5283,5283.T,5283.T,食品,内需・消費,https://s.kabutan.jp/themes/%E9%A3%9F%E5%93%81/?market=all
6,5284,5284.T,5284.T,防災,防衛・国土強靱化,https://s.kabutan.jp/themes/%E9%98%B2%E7%81%BD/?market=all
6,5284,5284.T,5284.T,電線地中化,防衛・国土強靱化,https://s.kabutan.jp/themes/%E9%9B%BB%E7%B7%9A%E5%9C%B0%E4%B8%AD%E5%8C%96/?market=all
6,5285,5285.T,5285.T,下水道,防衛・国土強靱化,https://s.kabutan.jp/themes/%E4%B8%8B%E6%B0%B4%E9%81%93/?market=all
6,5285,5285.T,5285.T,住宅関連,不動産・建設,https://s.kabutan.jp/themes/%E4%BD%8F%E5%AE%85%E9%96%A2%E9%80%A3/?market=all
6,5285,5285.T,5285.T,国土強靱化,防衛・国土強靱化,https://s.kabutan.jp/themes/%E5%9B%BD%E5%9C%9F%E5%BC%B7%E9%9D%B1%E5%8C%96/?market=all
6,5285,5285.T,5285.T,建設,不動産・建設,https://s.kabutan.jp/themes/%E5%BB%BA%E8%A8%AD/?market=all
6,5285,5285.T,5285.T,防災,防衛・国土強靱化,https://s.kabutan.jp/themes/%E9%98%B2%E7%81%BD/?market=all
6,5285,5285.T,5285.T,電線地中化,防衛・国土強靱化,https://s.kabutan.jp/themes/%E9%9B%BB%E7%B7%9A%E5%9C%B0%E4%B8%AD%E5%8C%96/?market=all
6,5287,5287.T,5287.T,下水道,防衛・国土強靱化,https://s.kabutan.jp/themes/%E4%B8%8B%E6%B0%B4%E9%81%93/?market=all
6,5287,5287.T,5287.T,電線地中化,防衛・国土強靱化,https://s.kabutan.jp/themes/%E9%9B%BB%E7%B7%9A%E5%9C%B0%E4%B8%AD%E5%8C%96/?market=all
6,5290,5290.T,5290.T,下水道,防衛・国土強靱化,https://s.kabutan.jp/themes/%E4%B8%8B%E6%B0%B4%E9%81%93/?market=all
6,5290,5290.T,5290.T,国土強靱化,防衛・国土強靱化,https://s.kabutan.jp/themes/%E5%9B%BD%E5%9C%9F%E5%BC%B7%E9%9D%B1%E5%8C%96/?market=all
6,5290,5290.T,5290.T,鉄道関連,物流・海運,https://s.kabutan.jp/themes/%E9%89%84%E9%81%93%E9%96%A2%E9%80%A3/?market=all
6,5290,5290.T,5290.T,防災,防衛・国土強靱化,https://s.kabutan.jp/themes/%E9%98%B2%E7%81%BD/?market=all
6,5290,5290.T,5290.T,電線地中化,防衛・国土強靱化,https://s.kabutan.jp/themes/%E9%9B%BB%E7%B7%9A%E5%9C%B0%E4%B8%AD%E5%8C%96/?market=all
6,5301,5301.T,東海カーボン,半導体製造装置,AI・半導体,https://s.kabutan.jp/themes/%E5%8D%8A%E5%B0%8E%E4%BD%93%E8%A3%BD%E9%80%A0%E8%A3%85%E7%BD%AE/?market=all
6,5301,5301.T,東海カーボン,自動車部材・部品,自動車・モビリティ,https://s.kabutan.jp/themes/%E8%87%AA%E5%8B%95%E8%BB%8A%E9%83%A8%E6%9D%90%E3%83%BB%E9%83%A8%E5%93%81/?market=all
6,5302,5302.T,カーボン,半導体製造装置,AI・半導体,https://s.kabutan.jp/themes/%E5%8D%8A%E5%B0%8E%E4%BD%93%E8%A3%BD%E9%80%A0%E8%A3%85%E7%BD%AE/?market=all
6,5304,5304.T,ＳＥＣカーボ,アルミニウム,資源・素材,https://s.kabutan.jp/themes/%E3%82%A2%E3%83%AB%E3%83%9F%E3%83%8B%E3%82%A6%E3%83%A0/?market=all
6,5304,5304.T,ＳＥＣカーボ,半導体製造装置,AI・半導体,https://s.kabutan.jp/themes/%E5%8D%8A%E5%B0%8E%E4%BD%93%E8%A3%BD%E9%80%A0%E8%A3%85%E7%BD%AE/?market=all
6,5310,5310.T,東洋炭素,半導体製造装置,AI・半導体,https://s.kabutan.jp/themes/%E5%8D%8A%E5%B0%8E%E4%BD%93%E8%A3%BD%E9%80%A0%E8%A3%85%E7%BD%AE/?market=all
6,5310,5310.T,東洋炭素,核融合発電,GX・エネルギー,https://s.kabutan.jp/themes/%E6%A0%B8%E8%9E%8D%E5%90%88%E7%99%BA%E9%9B%BB/?market=all
6,5310,5310.T,東洋炭素,風力発電,GX・エネルギー,https://s.kabutan.jp/themes/%E9%A2%A8%E5%8A%9B%E7%99%BA%E9%9B%BB/?market=all
6,5331,5331.T,ノリタケ,アンモニア,GX・エネルギー,https://s.kabutan.jp/themes/%E3%82%A2%E3%83%B3%E3%83%A2%E3%83%8B%E3%82%A2/?market=all
6,5331,5331.T,ノリタケ,半導体製造装置,AI・半導体,https://s.kabutan.jp/themes/%E5%8D%8A%E5%B0%8E%E4%BD%93%E8%A3%BD%E9%80%A0%E8%A3%85%E7%BD%AE/?market=all
6,5332,5332.T,ＴＯＴＯ,介護関連,医療・ヘルスケア,https://s.kabutan.jp/themes/%E4%BB%8B%E8%AD%B7%E9%96%A2%E9%80%A3/?market=all
6,5332,5332.T,ＴＯＴＯ,半導体製造装置,AI・半導体,https://s.kabutan.jp/themes/%E5%8D%8A%E5%B0%8E%E4%BD%93%E8%A3%BD%E9%80%A0%E8%A3%85%E7%BD%AE/?market=all
6,5332,5332.T,ＴＯＴＯ,半導体部材・部品,AI・半導体,https://s.kabutan.jp/themes/%E5%8D%8A%E5%B0%8E%E4%BD%93%E9%83%A8%E6%9D%90%E3%83%BB%E9%83%A8%E5%93%81/?market=all
6,5333,5333.T,ＮＧＫ,スマートグリッド,データセンター・電力,https://s.kabutan.jp/themes/%E3%82%B9%E3%83%9E%E3%83%BC%E3%83%88%E3%82%B0%E3%83%AA%E3%83%83%E3%83%89/?market=all
6,5333,5333.T,ＮＧＫ,リチウムイオン電池,自動車・モビリティ,https://s.kabutan.jp/themes/%E3%83%AA%E3%83%81%E3%82%A6%E3%83%A0%E3%82%A4%E3%82%AA%E3%83%B3%E9%9B%BB%E6%B1%A0/?market=all
6,5333,5333.T,ＮＧＫ,全固体電池,自動車・モビリティ,https://s.kabutan.jp/themes/%E5%85%A8%E5%9B%BA%E4%BD%93%E9%9B%BB%E6%B1%A0/?market=all
6,5333,5333.T,ＮＧＫ,半導体製造装置,AI・半導体,https://s.kabutan.jp/themes/%E5%8D%8A%E5%B0%8E%E4%BD%93%E8%A3%BD%E9%80%A0%E8%A3%85%E7%BD%AE/?market=all
6,5333,5333.T,ＮＧＫ,半導体部材・部品,AI・半導体,https://s.kabutan.jp/themes/%E5%8D%8A%E5%B0%8E%E4%BD%93%E9%83%A8%E6%9D%90%E3%83%BB%E9%83%A8%E5%93%81/?market=all
6,5333,5333.T,ＮＧＫ,自動車部材・部品,自動車・モビリティ,https://s.kabutan.jp/themes/%E8%87%AA%E5%8B%95%E8%BB%8A%E9%83%A8%E6%9D%90%E3%83%BB%E9%83%A8%E5%93%81/?market=all
6,5333,5333.T,ＮＧＫ,送電,データセンター・電力,https://s.kabutan.jp/themes/%E9%80%81%E9%9B%BB/?market=all
6,5333,5333.T,ＮＧＫ,電力設備投資関連,データセンター・電力,https://s.kabutan.jp/themes/%E9%9B%BB%E5%8A%9B%E8%A8%AD%E5%82%99%E6%8A%95%E8%B3%87%E9%96%A2%E9%80%A3/?market=all
6,5333,5333.T,ＮＧＫ,風力発電,GX・エネルギー,https://s.kabutan.jp/themes/%E9%A2%A8%E5%8A%9B%E7%99%BA%E9%9B%BB/?market=all
6,5334,5334.T,特殊陶,ドローン,防衛・国土強靱化,https://s.kabutan.jp/themes/%E3%83%89%E3%83%AD%E3%83%BC%E3%83%B3/?market=all
6,5334,5334.T,特殊陶,全固体電池,自動車・モビリティ,https://s.kabutan.jp/themes/%E5%85%A8%E5%9B%BA%E4%BD%93%E9%9B%BB%E6%B1%A0/?market=all
6,5334,5334.T,特殊陶,円安メリット,内需・消費,https://s.kabutan.jp/themes/%E5%86%86%E5%AE%89%E3%83%A1%E3%83%AA%E3%83%83%E3%83%88/?market=all
6,5334,5334.T,特殊陶,医療機器,医療・ヘルスケア,https://s.kabutan.jp/themes/%E5%8C%BB%E7%99%82%E6%A9%9F%E5%99%A8/?market=all
6,5334,5334.T,特殊陶,半導体製造装置,AI・半導体,https://s.kabutan.jp/themes/%E5%8D%8A%E5%B0%8E%E4%BD%93%E8%A3%BD%E9%80%A0%E8%A3%85%E7%BD%AE/?market=all
6,5334,5334.T,特殊陶,半導体部材・部品,AI・半導体,https://s.kabutan.jp/themes/%E5%8D%8A%E5%B0%8E%E4%BD%93%E9%83%A8%E6%9D%90%E3%83%BB%E9%83%A8%E5%93%81/?market=all
6,5334,5334.T,特殊陶,自動車部材・部品,自動車・モビリティ,https://s.kabutan.jp/themes/%E8%87%AA%E5%8B%95%E8%BB%8A%E9%83%A8%E6%9D%90%E3%83%BB%E9%83%A8%E5%93%81/?market=all
6,5334,5334.T,特殊陶,電気自動車関連,自動車・モビリティ,https://s.kabutan.jp/themes/%E9%9B%BB%E6%B0%97%E8%87%AA%E5%8B%95%E8%BB%8A%E9%96%A2%E9%80%A3/?market=all
6,5337,5337.T,5337.T,不動産関連,不動産・建設,https://s.kabutan.jp/themes/%E4%B8%8D%E5%8B%95%E7%94%A3%E9%96%A2%E9%80%A3/?market=all
6,5337,5337.T,5337.T,住宅関連,不動産・建設,https://s.kabutan.jp/themes/%E4%BD%8F%E5%AE%85%E9%96%A2%E9%80%A3/?market=all
6,5341,5341.T,アサヒエイト,ドローン,防衛・国土強靱化,https://s.kabutan.jp/themes/%E3%83%89%E3%83%AD%E3%83%BC%E3%83%B3/?market=all
6,5341,5341.T,アサヒエイト,半導体部材・部品,AI・半導体,https://s.kabutan.jp/themes/%E5%8D%8A%E5%B0%8E%E4%BD%93%E9%83%A8%E6%9D%90%E3%83%BB%E9%83%A8%E5%93%81/?market=all
6,5341,5341.T,アサヒエイト,太陽光発電関連,GX・エネルギー,https://s.kabutan.jp/themes/%E5%A4%AA%E9%99%BD%E5%85%89%E7%99%BA%E9%9B%BB%E9%96%A2%E9%80%A3/?market=all
6,5343,5343.T,,風力発電,GX・エネルギー,https://s.kabutan.jp/themes/%E9%A2%A8%E5%8A%9B%E7%99%BA%E9%9B%BB/?market=all
6,5344,5344.T,ＭＡＲＵＷＡ,データセンター,データセンター・電力,https://s.kabutan.jp/themes/%E3%83%87%E3%83%BC%E3%82%BF%E3%82%BB%E3%83%B3%E3%82%BF%E3%83%BC/?market=all
6,5344,5344.T,ＭＡＲＵＷＡ,光ファイバー,データセンター・電力,https://s.kabutan.jp/themes/%E5%85%89%E3%83%95%E3%82%A1%E3%82%A4%E3%83%90%E3%83%BC/?market=all
6,5344,5344.T,ＭＡＲＵＷＡ,半導体製造装置,AI・半導体,https://s.kabutan.jp/themes/%E5%8D%8A%E5%B0%8E%E4%BD%93%E8%A3%BD%E9%80%A0%E8%A3%85%E7%BD%AE/?market=all
6,5344,5344.T,ＭＡＲＵＷＡ,自動車部材・部品,自動車・モビリティ,https://s.kabutan.jp/themes/%E8%87%AA%E5%8B%95%E8%BB%8A%E9%83%A8%E6%9D%90%E3%83%BB%E9%83%A8%E5%93%81/?market=all
6,5344,5344.T,ＭＡＲＵＷＡ,風力発電,GX・エネルギー,https://s.kabutan.jp/themes/%E9%A2%A8%E5%8A%9B%E7%99%BA%E9%9B%BB/?market=all
6,5351,5351.T,品川リフラ,半導体製造装置,AI・半導体,https://s.kabutan.jp/themes/%E5%8D%8A%E5%B0%8E%E4%BD%93%E8%A3%BD%E9%80%A0%E8%A3%85%E7%BD%AE/?market=all
6,5355,5355.T,5355.T,自動車部材・部品,自動車・モビリティ,https://s.kabutan.jp/themes/%E8%87%AA%E5%8B%95%E8%BB%8A%E9%83%A8%E6%9D%90%E3%83%BB%E9%83%A8%E5%93%81/?market=all
6,5355,5355.T,5355.T,鉄鋼,資源・素材,https://s.kabutan.jp/themes/%E9%89%84%E9%8B%BC/?market=all
6,5367,5367.T,ニッカトー,全固体電池,自動車・モビリティ,https://s.kabutan.jp/themes/%E5%85%A8%E5%9B%BA%E4%BD%93%E9%9B%BB%E6%B1%A0/?market=all
6,5367,5367.T,ニッカトー,半導体製造装置,AI・半導体,https://s.kabutan.jp/themes/%E5%8D%8A%E5%B0%8E%E4%BD%93%E8%A3%BD%E9%80%A0%E8%A3%85%E7%BD%AE/?market=all
6,5368,5368.T,5368.T,建設,不動産・建設,https://s.kabutan.jp/themes/%E5%BB%BA%E8%A8%AD/?market=all
6,5380,5380.T,5380.T,住宅関連,不動産・建設,https://s.kabutan.jp/themes/%E4%BD%8F%E5%AE%85%E9%96%A2%E9%80%A3/?market=all
6,5381,5381.T,マイポックス,データセンター,データセンター・電力,https://s.kabutan.jp/themes/%E3%83%87%E3%83%BC%E3%82%BF%E3%82%BB%E3%83%B3%E3%82%BF%E3%83%BC/?market=all
6,5381,5381.T,マイポックス,光ファイバー,データセンター・電力,https://s.kabutan.jp/themes/%E5%85%89%E3%83%95%E3%82%A1%E3%82%A4%E3%83%90%E3%83%BC/?market=all
6,5381,5381.T,マイポックス,半導体,AI・半導体,https://s.kabutan.jp/themes/%E5%8D%8A%E5%B0%8E%E4%BD%93/?market=all
6,5381,5381.T,マイポックス,半導体製造装置,AI・半導体,https://s.kabutan.jp/themes/%E5%8D%8A%E5%B0%8E%E4%BD%93%E8%A3%BD%E9%80%A0%E8%A3%85%E7%BD%AE/?market=all
6,5381,5381.T,マイポックス,半導体部材・部品,AI・半導体,https://s.kabutan.jp/themes/%E5%8D%8A%E5%B0%8E%E4%BD%93%E9%83%A8%E6%9D%90%E3%83%BB%E9%83%A8%E5%93%81/?market=all
6,5384,5384.T,フジミインコ,半導体部材・部品,AI・半導体,https://s.kabutan.jp/themes/%E5%8D%8A%E5%B0%8E%E4%BD%93%E9%83%A8%E6%9D%90%E3%83%BB%E9%83%A8%E5%93%81/?market=all
6,5386,5386.T,,住宅関連,不動産・建設,https://s.kabutan.jp/themes/%E4%BD%8F%E5%AE%85%E9%96%A2%E9%80%A3/?market=all
6,5386,5386.T,,防災,防衛・国土強靱化,https://s.kabutan.jp/themes/%E9%98%B2%E7%81%BD/?market=all
6,5388,5388.T,5388.T,自動車部材・部品,自動車・モビリティ,https://s.kabutan.jp/themes/%E8%87%AA%E5%8B%95%E8%BB%8A%E9%83%A8%E6%9D%90%E3%83%BB%E9%83%A8%E5%93%81/?market=all
6,5391,5391.T,5391.T,耐震化,防衛・国土強靱化,https://s.kabutan.jp/themes/%E8%80%90%E9%9C%87%E5%8C%96/?market=all
6,5391,5391.T,5391.T,自動車部材・部品,自動車・モビリティ,https://s.kabutan.jp/themes/%E8%87%AA%E5%8B%95%E8%BB%8A%E9%83%A8%E6%9D%90%E3%83%BB%E9%83%A8%E5%93%81/?market=all
6,5391,5391.T,5391.T,防災,防衛・国土強靱化,https://s.kabutan.jp/themes/%E9%98%B2%E7%81%BD/?market=all
6,5393,5393.T,ニチアス,半導体製造装置,AI・半導体,https://s.kabutan.jp/themes/%E5%8D%8A%E5%B0%8E%E4%BD%93%E8%A3%BD%E9%80%A0%E8%A3%85%E7%BD%AE/?market=all
6,5393,5393.T,ニチアス,自動車部材・部品,自動車・モビリティ,https://s.kabutan.jp/themes/%E8%87%AA%E5%8B%95%E8%BB%8A%E9%83%A8%E6%9D%90%E3%83%BB%E9%83%A8%E5%93%81/?market=all
6,5401,5401.T,日本製鉄,スマートグリッド,データセンター・電力,https://s.kabutan.jp/themes/%E3%82%B9%E3%83%9E%E3%83%BC%E3%83%88%E3%82%B0%E3%83%AA%E3%83%83%E3%83%89/?market=all
6,5401,5401.T,日本製鉄,半導体部材・部品,AI・半導体,https://s.kabutan.jp/themes/%E5%8D%8A%E5%B0%8E%E4%BD%93%E9%83%A8%E6%9D%90%E3%83%BB%E9%83%A8%E5%93%81/?market=all
6,5401,5401.T,日本製鉄,耐震化,防衛・国土強靱化,https://s.kabutan.jp/themes/%E8%80%90%E9%9C%87%E5%8C%96/?market=all
6,5401,5401.T,日本製鉄,自動車軽量化,自動車・モビリティ,https://s.kabutan.jp/themes/%E8%87%AA%E5%8B%95%E8%BB%8A%E8%BB%BD%E9%87%8F%E5%8C%96/?market=all
6,5401,5401.T,日本製鉄,自動車部材・部品,自動車・モビリティ,https://s.kabutan.jp/themes/%E8%87%AA%E5%8B%95%E8%BB%8A%E9%83%A8%E6%9D%90%E3%83%BB%E9%83%A8%E5%93%81/?market=all
6,5401,5401.T,日本製鉄,鉄鋼,資源・素材,https://s.kabutan.jp/themes/%E9%89%84%E9%8B%BC/?market=all
6,5401,5401.T,日本製鉄,防災,防衛・国土強靱化,https://s.kabutan.jp/themes/%E9%98%B2%E7%81%BD/?market=all
6,5401,5401.T,日本製鉄,風力発電,GX・エネルギー,https://s.kabutan.jp/themes/%E9%A2%A8%E5%8A%9B%E7%99%BA%E9%9B%BB/?market=all
6,5406,5406.T,神戸鋼,FA関連,設備投資・機械,https://s.kabutan.jp/themes/FA%E9%96%A2%E9%80%A3/?market=all
6,5406,5406.T,神戸鋼,アルミニウム,資源・素材,https://s.kabutan.jp/themes/%E3%82%A2%E3%83%AB%E3%83%9F%E3%83%8B%E3%82%A6%E3%83%A0/?market=all
6,5406,5406.T,神戸鋼,レアメタル,資源・素材,https://s.kabutan.jp/themes/%E3%83%AC%E3%82%A2%E3%83%A1%E3%82%BF%E3%83%AB/?market=all
6,5406,5406.T,神戸鋼,ロボット,AI・半導体,https://s.kabutan.jp/themes/%E3%83%AD%E3%83%9C%E3%83%83%E3%83%88/?market=all
6,5406,5406.T,神戸鋼,建設機械,設備投資・機械,https://s.kabutan.jp/themes/%E5%BB%BA%E8%A8%AD%E6%A9%9F%E6%A2%B0/?market=all
6,5406,5406.T,神戸鋼,水素,GX・エネルギー,https://s.kabutan.jp/themes/%E6%B0%B4%E7%B4%A0/?market=all
6,5406,5406.T,神戸鋼,自動車軽量化,自動車・モビリティ,https://s.kabutan.jp/themes/%E8%87%AA%E5%8B%95%E8%BB%8A%E8%BB%BD%E9%87%8F%E5%8C%96/?market=all
6,5406,5406.T,神戸鋼,自動車部材・部品,自動車・モビリティ,https://s.kabutan.jp/themes/%E8%87%AA%E5%8B%95%E8%BB%8A%E9%83%A8%E6%9D%90%E3%83%BB%E9%83%A8%E5%93%81/?market=all
6,5406,5406.T,神戸鋼,鉄鋼,資源・素材,https://s.kabutan.jp/themes/%E9%89%84%E9%8B%BC/?market=all
6,5406,5406.T,神戸鋼,銅,資源・素材,https://s.kabutan.jp/themes/%E9%8A%85/?market=all
6,5408,5408.T,5408.T,建設,不動産・建設,https://s.kabutan.jp/themes/%E5%BB%BA%E8%A8%AD/?market=all
6,5408,5408.T,5408.T,鉄鋼,資源・素材,https://s.kabutan.jp/themes/%E9%89%84%E9%8B%BC/?market=all
6,5410,5410.T,5410.T,鉄鋼,資源・素材,https://s.kabutan.jp/themes/%E9%89%84%E9%8B%BC/?market=all
6,5411,5411.T,ＪＦＥ,レアメタル,資源・素材,https://s.kabutan.jp/themes/%E3%83%AC%E3%82%A2%E3%83%A1%E3%82%BF%E3%83%AB/?market=all
6,5411,5411.T,ＪＦＥ,ロボット,AI・半導体,https://s.kabutan.jp/themes/%E3%83%AD%E3%83%9C%E3%83%83%E3%83%88/?market=all
6,5411,5411.T,ＪＦＥ,水素,GX・エネルギー,https://s.kabutan.jp/themes/%E6%B0%B4%E7%B4%A0/?market=all
6,5411,5411.T,ＪＦＥ,耐震化,防衛・国土強靱化,https://s.kabutan.jp/themes/%E8%80%90%E9%9C%87%E5%8C%96/?market=all
6,5411,5411.T,ＪＦＥ,自動車軽量化,自動車・モビリティ,https://s.kabutan.jp/themes/%E8%87%AA%E5%8B%95%E8%BB%8A%E8%BB%BD%E9%87%8F%E5%8C%96/?market=all
6,5411,5411.T,ＪＦＥ,自動車部材・部品,自動車・モビリティ,https://s.kabutan.jp/themes/%E8%87%AA%E5%8B%95%E8%BB%8A%E9%83%A8%E6%9D%90%E3%83%BB%E9%83%A8%E5%93%81/?market=all
6,5411,5411.T,ＪＦＥ,都市鉱山,資源・素材,https://s.kabutan.jp/themes/%E9%83%BD%E5%B8%82%E9%89%B1%E5%B1%B1/?market=all
6,5411,5411.T,ＪＦＥ,鉄鋼,資源・素材,https://s.kabutan.jp/themes/%E9%89%84%E9%8B%BC/?market=all
6,5411,5411.T,ＪＦＥ,防災,防衛・国土強靱化,https://s.kabutan.jp/themes/%E9%98%B2%E7%81%BD/?market=all
6,5411,5411.T,ＪＦＥ,電気自動車関連,自動車・モビリティ,https://s.kabutan.jp/themes/%E9%9B%BB%E6%B0%97%E8%87%AA%E5%8B%95%E8%BB%8A%E9%96%A2%E9%80%A3/?market=all
6,5411,5411.T,ＪＦＥ,風力発電,GX・エネルギー,https://s.kabutan.jp/themes/%E9%A2%A8%E5%8A%9B%E7%99%BA%E9%9B%BB/?market=all
6,5423,5423.T,5423.T,自動車部材・部品,自動車・モビリティ,https://s.kabutan.jp/themes/%E8%87%AA%E5%8B%95%E8%BB%8A%E9%83%A8%E6%9D%90%E3%83%BB%E9%83%A8%E5%93%81/?market=all
6,5423,5423.T,5423.T,鉄鋼,資源・素材,https://s.kabutan.jp/themes/%E9%89%84%E9%8B%BC/?market=all
6,5423,5423.T,5423.T,防災,防衛・国土強靱化,https://s.kabutan.jp/themes/%E9%98%B2%E7%81%BD/?market=all
6,543A,543A.T,543A.T,自動運転車,自動車・モビリティ,https://s.kabutan.jp/themes/%E8%87%AA%E5%8B%95%E9%81%8B%E8%BB%A2%E8%BB%8A/?market=all
6,543A,543A.T,543A.T,電気自動車関連,自動車・モビリティ,https://s.kabutan.jp/themes/%E9%9B%BB%E6%B0%97%E8%87%AA%E5%8B%95%E8%BB%8A%E9%96%A2%E9%80%A3/?market=all
6,5440,5440.T,5440.T,鉄鋼,資源・素材,https://s.kabutan.jp/themes/%E9%89%84%E9%8B%BC/?market=all
6,5444,5444.T,5444.T,鉄道関連,物流・海運,https://s.kabutan.jp/themes/%E9%89%84%E9%81%93%E9%96%A2%E9%80%A3/?market=all
6,5444,5444.T,5444.T,鉄鋼,資源・素材,https://s.kabutan.jp/themes/%E9%89%84%E9%8B%BC/?market=all
6,5445,5445.T,5445.T,耐震化,防衛・国土強靱化,https://s.kabutan.jp/themes/%E8%80%90%E9%9C%87%E5%8C%96/?market=all
6,5445,5445.T,5445.T,防災,防衛・国土強靱化,https://s.kabutan.jp/themes/%E9%98%B2%E7%81%BD/?market=all
6,5446,5446.T,5446.T,建設,不動産・建設,https://s.kabutan.jp/themes/%E5%BB%BA%E8%A8%AD/?market=all
6,5449,5449.T,5449.T,鉄鋼,資源・素材,https://s.kabutan.jp/themes/%E9%89%84%E9%8B%BC/?market=all
6,544A,544A.T,544A.T,円安メリット,内需・消費,https://s.kabutan.jp/themes/%E5%86%86%E5%AE%89%E3%83%A1%E3%83%AA%E3%83%83%E3%83%88/?market=all
6,544A,544A.T,544A.T,機械,設備投資・機械,https://s.kabutan.jp/themes/%E6%A9%9F%E6%A2%B0/?market=all
6,544A,544A.T,544A.T,自動車製造装置,自動車・モビリティ,https://s.kabutan.jp/themes/%E8%87%AA%E5%8B%95%E8%BB%8A%E8%A3%BD%E9%80%A0%E8%A3%85%E7%BD%AE/?market=all
6,544A,544A.T,544A.T,設備投資,設備投資・機械,https://s.kabutan.jp/themes/%E8%A8%AD%E5%82%99%E6%8A%95%E8%B3%87/?market=all
6,5451,5451.T,5451.T,住宅関連,不動産・建設,https://s.kabutan.jp/themes/%E4%BD%8F%E5%AE%85%E9%96%A2%E9%80%A3/?market=all
6,5451,5451.T,5451.T,鉄鋼,資源・素材,https://s.kabutan.jp/themes/%E9%89%84%E9%8B%BC/?market=all
6,5458,5458.T,5458.T,自動車部材・部品,自動車・モビリティ,https://s.kabutan.jp/themes/%E8%87%AA%E5%8B%95%E8%BB%8A%E9%83%A8%E6%9D%90%E3%83%BB%E9%83%A8%E5%93%81/?market=all
6,5458,5458.T,5458.T,鉄鋼,資源・素材,https://s.kabutan.jp/themes/%E9%89%84%E9%8B%BC/?market=all
6,545A,545A.T,トランヴィア,IT関連,デジタル・サービス,https://s.kabutan.jp/themes/IT%E9%96%A2%E9%80%A3/?market=all
6,545A,545A.T,トランヴィア,クラウドコンピューティング,デジタル・サービス,https://s.kabutan.jp/themes/%E3%82%AF%E3%83%A9%E3%82%A6%E3%83%89%E3%82%B3%E3%83%B3%E3%83%94%E3%83%A5%E3%83%BC%E3%83%86%E3%82%A3%E3%83%B3%E3%82%B0/?market=all
6,545A,545A.T,トランヴィア,デジタルトランスフォーメーション,デジタル・サービス,https://s.kabutan.jp/themes/%E3%83%87%E3%82%B8%E3%82%BF%E3%83%AB%E3%83%88%E3%83%A9%E3%83%B3%E3%82%B9%E3%83%95%E3%82%A9%E3%83%BC%E3%83%A1%E3%83%BC%E3%82%B7%E3%83%A7%E3%83%B3/?market=all
6,545A,545A.T,トランヴィア,データベース,デジタル・サービス,https://s.kabutan.jp/themes/%E3%83%87%E3%83%BC%E3%82%BF%E3%83%99%E3%83%BC%E3%82%B9/?market=all
6,5461,5461.T,5461.T,太陽光発電関連,GX・エネルギー,https://s.kabutan.jp/themes/%E5%A4%AA%E9%99%BD%E5%85%89%E7%99%BA%E9%9B%BB%E9%96%A2%E9%80%A3/?market=all
6,5461,5461.T,5461.T,物流,物流・海運,https://s.kabutan.jp/themes/%E7%89%A9%E6%B5%81/?market=all
6,5461,5461.T,5461.T,鉄鋼,資源・素材,https://s.kabutan.jp/themes/%E9%89%84%E9%8B%BC/?market=all
6,5463,5463.T,5463.T,自動車部材・部品,自動車・モビリティ,https://s.kabutan.jp/themes/%E8%87%AA%E5%8B%95%E8%BB%8A%E9%83%A8%E6%9D%90%E3%83%BB%E9%83%A8%E5%93%81/?market=all
6,5463,5463.T,5463.T,鉄鋼,資源・素材,https://s.kabutan.jp/themes/%E9%89%84%E9%8B%BC/?market=all
6,5464,5464.T,5464.T,機械,設備投資・機械,https://s.kabutan.jp/themes/%E6%A9%9F%E6%A2%B0/?market=all
6,5464,5464.T,5464.T,自動車部材・部品,自動車・モビリティ,https://s.kabutan.jp/themes/%E8%87%AA%E5%8B%95%E8%BB%8A%E9%83%A8%E6%9D%90%E3%83%BB%E9%83%A8%E5%93%81/?market=all
6,5464,5464.T,5464.T,鉄鋼,資源・素材,https://s.kabutan.jp/themes/%E9%89%84%E9%8B%BC/?market=all
6,546A,546A.T,ミライニＨＤ,FA関連,設備投資・機械,https://s.kabutan.jp/themes/FA%E9%96%A2%E9%80%A3/?market=all
6,546A,546A.T,ミライニＨＤ,IoT,設備投資・機械,https://s.kabutan.jp/themes/IoT/?market=all
6,546A,546A.T,ミライニＨＤ,MaaS,自動車・モビリティ,https://s.kabutan.jp/themes/MaaS/?market=all
6,546A,546A.T,ミライニＨＤ,半導体,AI・半導体,https://s.kabutan.jp/themes/%E5%8D%8A%E5%B0%8E%E4%BD%93/?market=all
6,546A,546A.T,ミライニＨＤ,半導体商社,AI・半導体,https://s.kabutan.jp/themes/%E5%8D%8A%E5%B0%8E%E4%BD%93%E5%95%86%E7%A4%BE/?market=all
6,546A,546A.T,ミライニＨＤ,自動車部材・部品,自動車・モビリティ,https://s.kabutan.jp/themes/%E8%87%AA%E5%8B%95%E8%BB%8A%E9%83%A8%E6%9D%90%E3%83%BB%E9%83%A8%E5%93%81/?market=all
6,546A,546A.T,ミライニＨＤ,防災,防衛・国土強靱化,https://s.kabutan.jp/themes/%E9%98%B2%E7%81%BD/?market=all
6,5471,5471.T,大同特鋼,3Dプリンター,設備投資・機械,https://s.kabutan.jp/themes/3D%E3%83%97%E3%83%AA%E3%83%B3%E3%82%BF%E3%83%BC/?market=all
6,5471,5471.T,大同特鋼,スマートグリッド,データセンター・電力,https://s.kabutan.jp/themes/%E3%82%B9%E3%83%9E%E3%83%BC%E3%83%88%E3%82%B0%E3%83%AA%E3%83%83%E3%83%89/?market=all
6,5471,5471.T,大同特鋼,レアアース,資源・素材,https://s.kabutan.jp/themes/%E3%83%AC%E3%82%A2%E3%82%A2%E3%83%BC%E3%82%B9/?market=all
6,5471,5471.T,大同特鋼,半導体製造装置,AI・半導体,https://s.kabutan.jp/themes/%E5%8D%8A%E5%B0%8E%E4%BD%93%E8%A3%BD%E9%80%A0%E8%A3%85%E7%BD%AE/?market=all
6,5471,5471.T,大同特鋼,宇宙開発関連,防衛・国土強靱化,https://s.kabutan.jp/themes/%E5%AE%87%E5%AE%99%E9%96%8B%E7%99%BA%E9%96%A2%E9%80%A3/?market=all
6,5471,5471.T,大同特鋼,核融合発電,GX・エネルギー,https://s.kabutan.jp/themes/%E6%A0%B8%E8%9E%8D%E5%90%88%E7%99%BA%E9%9B%BB/?market=all
6,5471,5471.T,大同特鋼,空飛ぶクルマ,自動車・モビリティ,https://s.kabutan.jp/themes/%E7%A9%BA%E9%A3%9B%E3%81%B6%E3%82%AF%E3%83%AB%E3%83%9E/?market=all
6,5471,5471.T,大同特鋼,自動車部材・部品,自動車・モビリティ,https://s.kabutan.jp/themes/%E8%87%AA%E5%8B%95%E8%BB%8A%E9%83%A8%E6%9D%90%E3%83%BB%E9%83%A8%E5%93%81/?market=all
6,5471,5471.T,大同特鋼,鉄鋼,資源・素材,https://s.kabutan.jp/themes/%E9%89%84%E9%8B%BC/?market=all
6,5471,5471.T,大同特鋼,電気自動車関連,自動車・モビリティ,https://s.kabutan.jp/themes/%E9%9B%BB%E6%B0%97%E8%87%AA%E5%8B%95%E8%BB%8A%E9%96%A2%E9%80%A3/?market=all
6,5480,5480.T,冶金工,レアメタル,資源・素材,https://s.kabutan.jp/themes/%E3%83%AC%E3%82%A2%E3%83%A1%E3%82%BF%E3%83%AB/?market=all
6,5480,5480.T,冶金工,都市鉱山,資源・素材,https://s.kabutan.jp/themes/%E9%83%BD%E5%B8%82%E9%89%B1%E5%B1%B1/?market=all
6,5480,5480.T,冶金工,鉄鋼,資源・素材,https://s.kabutan.jp/themes/%E9%89%84%E9%8B%BC/?market=all
6,5482,5482.T,5482.T,ドローン,防衛・国土強靱化,https://s.kabutan.jp/themes/%E3%83%89%E3%83%AD%E3%83%BC%E3%83%B3/?market=all
6,5482,5482.T,5482.T,自動車部材・部品,自動車・モビリティ,https://s.kabutan.jp/themes/%E8%87%AA%E5%8B%95%E8%BB%8A%E9%83%A8%E6%9D%90%E3%83%BB%E9%83%A8%E5%93%81/?market=all
6,5482,5482.T,5482.T,自動運転車,自動車・モビリティ,https://s.kabutan.jp/themes/%E8%87%AA%E5%8B%95%E9%81%8B%E8%BB%A2%E8%BB%8A/?market=all
6,5482,5482.T,5482.T,鉄鋼,資源・素材,https://s.kabutan.jp/themes/%E9%89%84%E9%8B%BC/?market=all
6,5484,5484.T,5484.T,半導体製造装置,AI・半導体,https://s.kabutan.jp/themes/%E5%8D%8A%E5%B0%8E%E4%BD%93%E8%A3%BD%E9%80%A0%E8%A3%85%E7%BD%AE/?market=all
6,5484,5484.T,5484.T,自動車部材・部品,自動車・モビリティ,https://s.kabutan.jp/themes/%E8%87%AA%E5%8B%95%E8%BB%8A%E9%83%A8%E6%9D%90%E3%83%BB%E9%83%A8%E5%93%81/?market=all
6,5484,5484.T,5484.T,鉄鋼,資源・素材,https://s.kabutan.jp/themes/%E9%89%84%E9%8B%BC/?market=all
6,548A,548A.T,シスエグゼ,IT関連,デジタル・サービス,https://s.kabutan.jp/themes/IT%E9%96%A2%E9%80%A3/?market=all
6,548A,548A.T,シスエグゼ,クラウドコンピューティング,デジタル・サービス,https://s.kabutan.jp/themes/%E3%82%AF%E3%83%A9%E3%82%A6%E3%83%89%E3%82%B3%E3%83%B3%E3%83%94%E3%83%A5%E3%83%BC%E3%83%86%E3%82%A3%E3%83%B3%E3%82%B0/?market=all
6,548A,548A.T,シスエグゼ,デジタルトランスフォーメーション,デジタル・サービス,https://s.kabutan.jp/themes/%E3%83%87%E3%82%B8%E3%82%BF%E3%83%AB%E3%83%88%E3%83%A9%E3%83%B3%E3%82%B9%E3%83%95%E3%82%A9%E3%83%BC%E3%83%A1%E3%83%BC%E3%82%B7%E3%83%A7%E3%83%B3/?market=all
6,548A,548A.T,シスエグゼ,データベース,デジタル・サービス,https://s.kabutan.jp/themes/%E3%83%87%E3%83%BC%E3%82%BF%E3%83%99%E3%83%BC%E3%82%B9/?market=all
6,548A,548A.T,シスエグゼ,データ分析・解析,AI・半導体,https://s.kabutan.jp/themes/%E3%83%87%E3%83%BC%E3%82%BF%E5%88%86%E6%9E%90%E3%83%BB%E8%A7%A3%E6%9E%90/?market=all
6,548A,548A.T,シスエグゼ,生成AI,AI・半導体,https://s.kabutan.jp/themes/%E7%94%9F%E6%88%90AI/?market=all
6,5491,5491.T,5491.T,自動車部材・部品,自動車・モビリティ,https://s.kabutan.jp/themes/%E8%87%AA%E5%8B%95%E8%BB%8A%E9%83%A8%E6%9D%90%E3%83%BB%E9%83%A8%E5%93%81/?market=all
6,5491,5491.T,5491.T,鉄鋼,資源・素材,https://s.kabutan.jp/themes/%E9%89%84%E9%8B%BC/?market=all
6,550A,550A.T,ソフトテック,IT関連,デジタル・サービス,https://s.kabutan.jp/themes/IT%E9%96%A2%E9%80%A3/?market=all
6,550A,550A.T,ソフトテック,SaaS,デジタル・サービス,https://s.kabutan.jp/themes/SaaS/?market=all
6,550A,550A.T,ソフトテック,クラウドコンピューティング,デジタル・サービス,https://s.kabutan.jp/themes/%E3%82%AF%E3%83%A9%E3%82%A6%E3%83%89%E3%82%B3%E3%83%B3%E3%83%94%E3%83%A5%E3%83%BC%E3%83%86%E3%82%A3%E3%83%B3%E3%82%B0/?market=all
6,550A,550A.T,ソフトテック,デジタルトランスフォーメーション,デジタル・サービス,https://s.kabutan.jp/themes/%E3%83%87%E3%82%B8%E3%82%BF%E3%83%AB%E3%83%88%E3%83%A9%E3%83%B3%E3%82%B9%E3%83%95%E3%82%A9%E3%83%BC%E3%83%A1%E3%83%BC%E3%82%B7%E3%83%A7%E3%83%B3/?market=all
6,550A,550A.T,ソフトテック,データベース,デジタル・サービス,https://s.kabutan.jp/themes/%E3%83%87%E3%83%BC%E3%82%BF%E3%83%99%E3%83%BC%E3%82%B9/?market=all
6,550A,550A.T,ソフトテック,物流テック,設備投資・機械,https://s.kabutan.jp/themes/%E7%89%A9%E6%B5%81%E3%83%86%E3%83%83%E3%82%AF/?market=all
6,550A,550A.T,ソフトテック,防災,防衛・国土強靱化,https://s.kabutan.jp/themes/%E9%98%B2%E7%81%BD/?market=all
6,5527,5527.T,5527.T,不動産テック,不動産・建設,https://s.kabutan.jp/themes/%E4%B8%8D%E5%8B%95%E7%94%A3%E3%83%86%E3%83%83%E3%82%AF/?market=all
6,5527,5527.T,5527.T,不動産関連,不動産・建設,https://s.kabutan.jp/themes/%E4%B8%8D%E5%8B%95%E7%94%A3%E9%96%A2%E9%80%A3/?market=all
6,5527,5527.T,5527.T,住宅関連,不動産・建設,https://s.kabutan.jp/themes/%E4%BD%8F%E5%AE%85%E9%96%A2%E9%80%A3/?market=all
6,5530,5530.T,,キャッシュレス決済,金融・金利,https://s.kabutan.jp/themes/%E3%82%AD%E3%83%A3%E3%83%83%E3%82%B7%E3%83%A5%E3%83%AC%E3%82%B9%E6%B1%BA%E6%B8%88/?market=all
6,5530,5530.T,,ドローン,防衛・国土強靱化,https://s.kabutan.jp/themes/%E3%83%89%E3%83%AD%E3%83%BC%E3%83%B3/?market=all
6,5530,5530.T,,不動産関連,不動産・建設,https://s.kabutan.jp/themes/%E4%B8%8D%E5%8B%95%E7%94%A3%E9%96%A2%E9%80%A3/?market=all
6,5532,5532.T,5532.T,ホテル,内需・消費,https://s.kabutan.jp/themes/%E3%83%9B%E3%83%86%E3%83%AB/?market=all
6,5532,5532.T,5532.T,不動産関連,不動産・建設,https://s.kabutan.jp/themes/%E4%B8%8D%E5%8B%95%E7%94%A3%E9%96%A2%E9%80%A3/?market=all
6,5533,5533.T,5533.T,マンション関連,不動産・建設,https://s.kabutan.jp/themes/%E3%83%9E%E3%83%B3%E3%82%B7%E3%83%A7%E3%83%B3%E9%96%A2%E9%80%A3/?market=all
6,5533,5533.T,5533.T,不動産関連,不動産・建設,https://s.kabutan.jp/themes/%E4%B8%8D%E5%8B%95%E7%94%A3%E9%96%A2%E9%80%A3/?market=all
6,5535,5535.T,5535.T,デジタルトランスフォーメーション,デジタル・サービス,https://s.kabutan.jp/themes/%E3%83%87%E3%82%B8%E3%82%BF%E3%83%AB%E3%83%88%E3%83%A9%E3%83%B3%E3%82%B9%E3%83%95%E3%82%A9%E3%83%BC%E3%83%A1%E3%83%BC%E3%82%B7%E3%83%A7%E3%83%B3/?market=all
6,5535,5535.T,5535.T,マンション関連,不動産・建設,https://s.kabutan.jp/themes/%E3%83%9E%E3%83%B3%E3%82%B7%E3%83%A7%E3%83%B3%E9%96%A2%E9%80%A3/?market=all
6,5535,5535.T,5535.T,不動産テック,不動産・建設,https://s.kabutan.jp/themes/%E4%B8%8D%E5%8B%95%E7%94%A3%E3%83%86%E3%83%83%E3%82%AF/?market=all
6,5535,5535.T,5535.T,不動産関連,不動産・建設,https://s.kabutan.jp/themes/%E4%B8%8D%E5%8B%95%E7%94%A3%E9%96%A2%E9%80%A3/?market=all
6,5537,5537.T,5537.T,不動産関連,不動産・建設,https://s.kabutan.jp/themes/%E4%B8%8D%E5%8B%95%E7%94%A3%E9%96%A2%E9%80%A3/?market=all
6,5541,5541.T,大平金,レアアース,資源・素材,https://s.kabutan.jp/themes/%E3%83%AC%E3%82%A2%E3%82%A2%E3%83%BC%E3%82%B9/?market=all
6,5541,5541.T,大平金,レアメタル,資源・素材,https://s.kabutan.jp/themes/%E3%83%AC%E3%82%A2%E3%83%A1%E3%82%BF%E3%83%AB/?market=all
6,5541,5541.T,大平金,核融合発電,GX・エネルギー,https://s.kabutan.jp/themes/%E6%A0%B8%E8%9E%8D%E5%90%88%E7%99%BA%E9%9B%BB/?market=all
6,5541,5541.T,大平金,鉄鋼,資源・素材,https://s.kabutan.jp/themes/%E9%89%84%E9%8B%BC/?market=all
6,5541,5541.T,大平金,電力会社,データセンター・電力,https://s.kabutan.jp/themes/%E9%9B%BB%E5%8A%9B%E4%BC%9A%E7%A4%BE/?market=all
6,5541,5541.T,大平金,非鉄,資源・素材,https://s.kabutan.jp/themes/%E9%9D%9E%E9%89%84/?market=all
6,5542,5542.T,報国マテリア,半導体製造装置,AI・半導体,https://s.kabutan.jp/themes/%E5%8D%8A%E5%B0%8E%E4%BD%93%E8%A3%BD%E9%80%A0%E8%A3%85%E7%BD%AE/?market=all
6,5542,5542.T,報国マテリア,鉄鋼,資源・素材,https://s.kabutan.jp/themes/%E9%89%84%E9%8B%BC/?market=all
6,554A,554A.T,554A.T,SaaS,デジタル・サービス,https://s.kabutan.jp/themes/SaaS/?market=all
6,554A,554A.T,554A.T,サブスクリプション,デジタル・サービス,https://s.kabutan.jp/themes/%E3%82%B5%E3%83%96%E3%82%B9%E3%82%AF%E3%83%AA%E3%83%97%E3%82%B7%E3%83%A7%E3%83%B3/?market=all
6,5563,5563.T,新日本電工,レアメタル,資源・素材,https://s.kabutan.jp/themes/%E3%83%AC%E3%82%A2%E3%83%A1%E3%82%BF%E3%83%AB/?market=all
6,5563,5563.T,新日本電工,水素,GX・エネルギー,https://s.kabutan.jp/themes/%E6%B0%B4%E7%B4%A0/?market=all
6,5563,5563.T,新日本電工,都市鉱山,資源・素材,https://s.kabutan.jp/themes/%E9%83%BD%E5%B8%82%E9%89%B1%E5%B1%B1/?market=all
6,5563,5563.T,新日本電工,鉄鋼,資源・素材,https://s.kabutan.jp/themes/%E9%89%84%E9%8B%BC/?market=all
6,5563,5563.T,新日本電工,電力会社,データセンター・電力,https://s.kabutan.jp/themes/%E9%9B%BB%E5%8A%9B%E4%BC%9A%E7%A4%BE/?market=all
6,5563,5563.T,新日本電工,電気自動車関連,自動車・モビリティ,https://s.kabutan.jp/themes/%E9%9B%BB%E6%B0%97%E8%87%AA%E5%8B%95%E8%BB%8A%E9%96%A2%E9%80%A3/?market=all
6,556A,556A.T,556A.T,eコマース,内需・消費,https://s.kabutan.jp/themes/e%E3%82%B3%E3%83%9E%E3%83%BC%E3%82%B9/?market=all
6,556A,556A.T,556A.T,サブスクリプション,デジタル・サービス,https://s.kabutan.jp/themes/%E3%82%B5%E3%83%96%E3%82%B9%E3%82%AF%E3%83%AA%E3%83%97%E3%82%B7%E3%83%A7%E3%83%B3/?market=all
6,556A,556A.T,556A.T,小売り,内需・消費,https://s.kabutan.jp/themes/%E5%B0%8F%E5%A3%B2%E3%82%8A/?market=all
6,5570,5570.T,5570.T,IoT,設備投資・機械,https://s.kabutan.jp/themes/IoT/?market=all
6,5570,5570.T,5570.T,MaaS,自動車・モビリティ,https://s.kabutan.jp/themes/MaaS/?market=all
6,5570,5570.T,5570.T,ドローン,防衛・国土強靱化,https://s.kabutan.jp/themes/%E3%83%89%E3%83%AD%E3%83%BC%E3%83%B3/?market=all
6,5570,5570.T,5570.T,ロボット,AI・半導体,https://s.kabutan.jp/themes/%E3%83%AD%E3%83%9C%E3%83%83%E3%83%88/?market=all
6,5570,5570.T,5570.T,宇宙開発関連,防衛・国土強靱化,https://s.kabutan.jp/themes/%E5%AE%87%E5%AE%99%E9%96%8B%E7%99%BA%E9%96%A2%E9%80%A3/?market=all
6,5570,5570.T,5570.T,自動運転車,自動車・モビリティ,https://s.kabutan.jp/themes/%E8%87%AA%E5%8B%95%E9%81%8B%E8%BB%A2%E8%BB%8A/?market=all
6,5571,5571.T,エキサイト,AIエージェント,AI・半導体,https://s.kabutan.jp/themes/AI%E3%82%A8%E3%83%BC%E3%82%B8%E3%82%A7%E3%83%B3%E3%83%88/?market=all
6,5571,5571.T,エキサイト,SaaS,デジタル・サービス,https://s.kabutan.jp/themes/SaaS/?market=all
6,5571,5571.T,エキサイト,サブスクリプション,デジタル・サービス,https://s.kabutan.jp/themes/%E3%82%B5%E3%83%96%E3%82%B9%E3%82%AF%E3%83%AA%E3%83%97%E3%82%B7%E3%83%A7%E3%83%B3/?market=all
6,5571,5571.T,エキサイト,デジタルトランスフォーメーション,デジタル・サービス,https://s.kabutan.jp/themes/%E3%83%87%E3%82%B8%E3%82%BF%E3%83%AB%E3%83%88%E3%83%A9%E3%83%B3%E3%82%B9%E3%83%95%E3%82%A9%E3%83%BC%E3%83%A1%E3%83%BC%E3%82%B7%E3%83%A7%E3%83%B3/?market=all
6,5571,5571.T,エキサイト,人工知能,AI・半導体,https://s.kabutan.jp/themes/%E4%BA%BA%E5%B7%A5%E7%9F%A5%E8%83%BD/?market=all
6,5571,5571.T,エキサイト,生成AI,AI・半導体,https://s.kabutan.jp/themes/%E7%94%9F%E6%88%90AI/?market=all
6,5572,5572.T,リッジアイ,IT関連,デジタル・サービス,https://s.kabutan.jp/themes/IT%E9%96%A2%E9%80%A3/?market=all
6,5572,5572.T,リッジアイ,デジタルトランスフォーメーション,デジタル・サービス,https://s.kabutan.jp/themes/%E3%83%87%E3%82%B8%E3%82%BF%E3%83%AB%E3%83%88%E3%83%A9%E3%83%B3%E3%82%B9%E3%83%95%E3%82%A9%E3%83%BC%E3%83%A1%E3%83%BC%E3%82%B7%E3%83%A7%E3%83%B3/?market=all
6,5572,5572.T,リッジアイ,データ分析・解析,AI・半導体,https://s.kabutan.jp/themes/%E3%83%87%E3%83%BC%E3%82%BF%E5%88%86%E6%9E%90%E3%83%BB%E8%A7%A3%E6%9E%90/?market=all
6,5572,5572.T,リッジアイ,人工知能,AI・半導体,https://s.kabutan.jp/themes/%E4%BA%BA%E5%B7%A5%E7%9F%A5%E8%83%BD/?market=all
6,5572,5572.T,リッジアイ,宇宙開発関連,防衛・国土強靱化,https://s.kabutan.jp/themes/%E5%AE%87%E5%AE%99%E9%96%8B%E7%99%BA%E9%96%A2%E9%80%A3/?market=all
6,5572,5572.T,リッジアイ,生成AI,AI・半導体,https://s.kabutan.jp/themes/%E7%94%9F%E6%88%90AI/?market=all
6,5574,5574.T,ＡＢＥＪＡ,IT関連,デジタル・サービス,https://s.kabutan.jp/themes/IT%E9%96%A2%E9%80%A3/?market=all
6,5574,5574.T,ＡＢＥＪＡ,IoT,設備投資・機械,https://s.kabutan.jp/themes/IoT/?market=all
6,5574,5574.T,ＡＢＥＪＡ,エッジコンピューティング,AI・半導体,https://s.kabutan.jp/themes/%E3%82%A8%E3%83%83%E3%82%B8%E3%82%B3%E3%83%B3%E3%83%94%E3%83%A5%E3%83%BC%E3%83%86%E3%82%A3%E3%83%B3%E3%82%B0/?market=all
6,5574,5574.T,ＡＢＥＪＡ,クラウドコンピューティング,デジタル・サービス,https://s.kabutan.jp/themes/%E3%82%AF%E3%83%A9%E3%82%A6%E3%83%89%E3%82%B3%E3%83%B3%E3%83%94%E3%83%A5%E3%83%BC%E3%83%86%E3%82%A3%E3%83%B3%E3%82%B0/?market=all
6,5574,5574.T,ＡＢＥＪＡ,デジタルトランスフォーメーション,デジタル・サービス,https://s.kabutan.jp/themes/%E3%83%87%E3%82%B8%E3%82%BF%E3%83%AB%E3%83%88%E3%83%A9%E3%83%B3%E3%82%B9%E3%83%95%E3%82%A9%E3%83%BC%E3%83%A1%E3%83%BC%E3%82%B7%E3%83%A7%E3%83%B3/?market=all
6,5574,5574.T,ＡＢＥＪＡ,データ分析・解析,AI・半導体,https://s.kabutan.jp/themes/%E3%83%87%E3%83%BC%E3%82%BF%E5%88%86%E6%9E%90%E3%83%BB%E8%A7%A3%E6%9E%90/?market=all
6,5574,5574.T,ＡＢＥＪＡ,フィジカルAI,AI・半導体,https://s.kabutan.jp/themes/%E3%83%95%E3%82%A3%E3%82%B8%E3%82%AB%E3%83%ABAI/?market=all
6,5574,5574.T,ＡＢＥＪＡ,ロボット,AI・半導体,https://s.kabutan.jp/themes/%E3%83%AD%E3%83%9C%E3%83%83%E3%83%88/?market=all
6,5574,5574.T,ＡＢＥＪＡ,人工知能,AI・半導体,https://s.kabutan.jp/themes/%E4%BA%BA%E5%B7%A5%E7%9F%A5%E8%83%BD/?market=all
6,5574,5574.T,ＡＢＥＪＡ,生成AI,AI・半導体,https://s.kabutan.jp/themes/%E7%94%9F%E6%88%90AI/?market=all
6,5575,5575.T,グロービー,サブスクリプション,デジタル・サービス,https://s.kabutan.jp/themes/%E3%82%B5%E3%83%96%E3%82%B9%E3%82%AF%E3%83%AA%E3%83%97%E3%82%B7%E3%83%A7%E3%83%B3/?market=all
6,5575,5575.T,グロービー,人工知能,AI・半導体,https://s.kabutan.jp/themes/%E4%BA%BA%E5%B7%A5%E7%9F%A5%E8%83%BD/?market=all
6,5575,5575.T,グロービー,教育ICT,デジタル・サービス,https://s.kabutan.jp/themes/%E6%95%99%E8%82%B2ICT/?market=all
6,5576,5576.T,5576.T,IT関連,デジタル・サービス,https://s.kabutan.jp/themes/IT%E9%96%A2%E9%80%A3/?market=all
6,5576,5576.T,5576.T,クラウドコンピューティング,デジタル・サービス,https://s.kabutan.jp/themes/%E3%82%AF%E3%83%A9%E3%82%A6%E3%83%89%E3%82%B3%E3%83%B3%E3%83%94%E3%83%A5%E3%83%BC%E3%83%86%E3%82%A3%E3%83%B3%E3%82%B0/?market=all
6,5576,5576.T,5576.T,デジタルトランスフォーメーション,デジタル・サービス,https://s.kabutan.jp/themes/%E3%83%87%E3%82%B8%E3%82%BF%E3%83%AB%E3%83%88%E3%83%A9%E3%83%B3%E3%82%B9%E3%83%95%E3%82%A9%E3%83%BC%E3%83%A1%E3%83%BC%E3%82%B7%E3%83%A7%E3%83%B3/?market=all
6,5578,5578.T,ＡＲアドバン,クラウドコンピューティング,デジタル・サービス,https://s.kabutan.jp/themes/%E3%82%AF%E3%83%A9%E3%82%A6%E3%83%89%E3%82%B3%E3%83%B3%E3%83%94%E3%83%A5%E3%83%BC%E3%83%86%E3%82%A3%E3%83%B3%E3%82%B0/?market=all
6,5578,5578.T,ＡＲアドバン,デジタルトランスフォーメーション,デジタル・サービス,https://s.kabutan.jp/themes/%E3%83%87%E3%82%B8%E3%82%BF%E3%83%AB%E3%83%88%E3%83%A9%E3%83%B3%E3%82%B9%E3%83%95%E3%82%A9%E3%83%BC%E3%83%A1%E3%83%BC%E3%82%B7%E3%83%A7%E3%83%B3/?market=all
6,5578,5578.T,ＡＲアドバン,人工知能,AI・半導体,https://s.kabutan.jp/themes/%E4%BA%BA%E5%B7%A5%E7%9F%A5%E8%83%BD/?market=all
6,5578,5578.T,ＡＲアドバン,生成AI,AI・半導体,https://s.kabutan.jp/themes/%E7%94%9F%E6%88%90AI/?market=all
6,5579,5579.T,,IT関連,デジタル・サービス,https://s.kabutan.jp/themes/IT%E9%96%A2%E9%80%A3/?market=all
6,5579,5579.T,,クラウドコンピューティング,デジタル・サービス,https://s.kabutan.jp/themes/%E3%82%AF%E3%83%A9%E3%82%A6%E3%83%89%E3%82%B3%E3%83%B3%E3%83%94%E3%83%A5%E3%83%BC%E3%83%86%E3%82%A3%E3%83%B3%E3%82%B0/?market=all
6,5579,5579.T,,デジタルトランスフォーメーション,デジタル・サービス,https://s.kabutan.jp/themes/%E3%83%87%E3%82%B8%E3%82%BF%E3%83%AB%E3%83%88%E3%83%A9%E3%83%B3%E3%82%B9%E3%83%95%E3%82%A9%E3%83%BC%E3%83%A1%E3%83%BC%E3%82%B7%E3%83%A7%E3%83%B3/?market=all
6,5580,5580.T,5580.T,クラウドコンピューティング,デジタル・サービス,https://s.kabutan.jp/themes/%E3%82%AF%E3%83%A9%E3%82%A6%E3%83%89%E3%82%B3%E3%83%B3%E3%83%94%E3%83%A5%E3%83%BC%E3%83%86%E3%82%A3%E3%83%B3%E3%82%B0/?market=all
6,5580,5580.T,5580.T,デジタルトランスフォーメーション,デジタル・サービス,https://s.kabutan.jp/themes/%E3%83%87%E3%82%B8%E3%82%BF%E3%83%AB%E3%83%88%E3%83%A9%E3%83%B3%E3%82%B9%E3%83%95%E3%82%A9%E3%83%BC%E3%83%A1%E3%83%BC%E3%82%B7%E3%83%A7%E3%83%B3/?market=all
6,5582,5582.T,グリッド,IT関連,デジタル・サービス,https://s.kabutan.jp/themes/IT%E9%96%A2%E9%80%A3/?market=all
6,5582,5582.T,グリッド,SaaS,デジタル・サービス,https://s.kabutan.jp/themes/SaaS/?market=all
6,5582,5582.T,グリッド,クラウドコンピューティング,デジタル・サービス,https://s.kabutan.jp/themes/%E3%82%AF%E3%83%A9%E3%82%A6%E3%83%89%E3%82%B3%E3%83%B3%E3%83%94%E3%83%A5%E3%83%BC%E3%83%86%E3%82%A3%E3%83%B3%E3%82%B0/?market=all
6,5582,5582.T,グリッド,スマートグリッド,データセンター・電力,https://s.kabutan.jp/themes/%E3%82%B9%E3%83%9E%E3%83%BC%E3%83%88%E3%82%B0%E3%83%AA%E3%83%83%E3%83%89/?market=all
6,5582,5582.T,グリッド,人工知能,AI・半導体,https://s.kabutan.jp/themes/%E4%BA%BA%E5%B7%A5%E7%9F%A5%E8%83%BD/?market=all
6,5582,5582.T,グリッド,海運,物流・海運,https://s.kabutan.jp/themes/%E6%B5%B7%E9%81%8B/?market=all
6,5582,5582.T,グリッド,物流,物流・海運,https://s.kabutan.jp/themes/%E7%89%A9%E6%B5%81/?market=all
6,5582,5582.T,グリッド,脱炭素,GX・エネルギー,https://s.kabutan.jp/themes/%E8%84%B1%E7%82%AD%E7%B4%A0/?market=all
6,5582,5582.T,グリッド,蓄電池,GX・エネルギー,https://s.kabutan.jp/themes/%E8%93%84%E9%9B%BB%E6%B1%A0/?market=all
6,5582,5582.T,グリッド,量子コンピューター,AI・半導体,https://s.kabutan.jp/themes/%E9%87%8F%E5%AD%90%E3%82%B3%E3%83%B3%E3%83%94%E3%83%A5%E3%83%BC%E3%82%BF%E3%83%BC/?market=all
6,5586,5586.T,ラボロＡＩ,IT関連,デジタル・サービス,https://s.kabutan.jp/themes/IT%E9%96%A2%E9%80%A3/?market=all
6,5586,5586.T,ラボロＡＩ,デジタルトランスフォーメーション,デジタル・サービス,https://s.kabutan.jp/themes/%E3%83%87%E3%82%B8%E3%82%BF%E3%83%AB%E3%83%88%E3%83%A9%E3%83%B3%E3%82%B9%E3%83%95%E3%82%A9%E3%83%BC%E3%83%A1%E3%83%BC%E3%82%B7%E3%83%A7%E3%83%B3/?market=all
6,5586,5586.T,ラボロＡＩ,人工知能,AI・半導体,https://s.kabutan.jp/themes/%E4%BA%BA%E5%B7%A5%E7%9F%A5%E8%83%BD/?market=all
6,5586,5586.T,ラボロＡＩ,生成AI,AI・半導体,https://s.kabutan.jp/themes/%E7%94%9F%E6%88%90AI/?market=all
6,5587,5587.T,5587.T,インバウンド,内需・消費,https://s.kabutan.jp/themes/%E3%82%A4%E3%83%B3%E3%83%90%E3%82%A6%E3%83%B3%E3%83%89/?market=all
6,5588,5588.T,ファーストＡ,SaaS,デジタル・サービス,https://s.kabutan.jp/themes/SaaS/?market=all
6,5588,5588.T,ファーストＡ,クラウドコンピューティング,デジタル・サービス,https://s.kabutan.jp/themes/%E3%82%AF%E3%83%A9%E3%82%A6%E3%83%89%E3%82%B3%E3%83%B3%E3%83%94%E3%83%A5%E3%83%BC%E3%83%86%E3%82%A3%E3%83%B3%E3%82%B0/?market=all
6,5588,5588.T,ファーストＡ,サブスクリプション,デジタル・サービス,https://s.kabutan.jp/themes/%E3%82%B5%E3%83%96%E3%82%B9%E3%82%AF%E3%83%AA%E3%83%97%E3%82%B7%E3%83%A7%E3%83%B3/?market=all
6,5588,5588.T,ファーストＡ,デジタルトランスフォーメーション,デジタル・サービス,https://s.kabutan.jp/themes/%E3%83%87%E3%82%B8%E3%82%BF%E3%83%AB%E3%83%88%E3%83%A9%E3%83%B3%E3%82%B9%E3%83%95%E3%82%A9%E3%83%BC%E3%83%A1%E3%83%BC%E3%82%B7%E3%83%A7%E3%83%B3/?market=all
6,5588,5588.T,ファーストＡ,人工知能,AI・半導体,https://s.kabutan.jp/themes/%E4%BA%BA%E5%B7%A5%E7%9F%A5%E8%83%BD/?market=all
6,558A,558A.T,558A.T,IT関連,デジタル・サービス,https://s.kabutan.jp/themes/IT%E9%96%A2%E9%80%A3/?market=all
6,558A,558A.T,558A.T,SaaS,デジタル・サービス,https://s.kabutan.jp/themes/SaaS/?market=all
6,558A,558A.T,558A.T,クラウドコンピューティング,デジタル・サービス,https://s.kabutan.jp/themes/%E3%82%AF%E3%83%A9%E3%82%A6%E3%83%89%E3%82%B3%E3%83%B3%E3%83%94%E3%83%A5%E3%83%BC%E3%83%86%E3%82%A3%E3%83%B3%E3%82%B0/?market=all
6,558A,558A.T,558A.T,デジタルトランスフォーメーション,デジタル・サービス,https://s.kabutan.jp/themes/%E3%83%87%E3%82%B8%E3%82%BF%E3%83%AB%E3%83%88%E3%83%A9%E3%83%B3%E3%82%B9%E3%83%95%E3%82%A9%E3%83%BC%E3%83%A1%E3%83%BC%E3%82%B7%E3%83%A7%E3%83%B3/?market=all
6,558A,558A.T,558A.T,ホテル,内需・消費,https://s.kabutan.jp/themes/%E3%83%9B%E3%83%86%E3%83%AB/?market=all
6,5590,5590.T,5590.T,インバウンド,内需・消費,https://s.kabutan.jp/themes/%E3%82%A4%E3%83%B3%E3%83%90%E3%82%A6%E3%83%B3%E3%83%89/?market=all
6,5590,5590.T,5590.T,キャッシュレス決済,金融・金利,https://s.kabutan.jp/themes/%E3%82%AD%E3%83%A3%E3%83%83%E3%82%B7%E3%83%A5%E3%83%AC%E3%82%B9%E6%B1%BA%E6%B8%88/?market=all
6,5590,5590.T,5590.T,デジタルトランスフォーメーション,デジタル・サービス,https://s.kabutan.jp/themes/%E3%83%87%E3%82%B8%E3%82%BF%E3%83%AB%E3%83%88%E3%83%A9%E3%83%B3%E3%82%B9%E3%83%95%E3%82%A9%E3%83%BC%E3%83%A1%E3%83%BC%E3%82%B7%E3%83%A7%E3%83%B3/?market=all
6,5590,5590.T,5590.T,宅配,物流・海運,https://s.kabutan.jp/themes/%E5%AE%85%E9%85%8D/?market=all
6,5591,5591.T,アヴィレン,AIエージェント,AI・半導体,https://s.kabutan.jp/themes/AI%E3%82%A8%E3%83%BC%E3%82%B8%E3%82%A7%E3%83%B3%E3%83%88/?market=all
6,5591,5591.T,アヴィレン,SaaS,デジタル・サービス,https://s.kabutan.jp/themes/SaaS/?market=all
6,5591,5591.T,アヴィレン,デジタルトランスフォーメーション,デジタル・サービス,https://s.kabutan.jp/themes/%E3%83%87%E3%82%B8%E3%82%BF%E3%83%AB%E3%83%88%E3%83%A9%E3%83%B3%E3%82%B9%E3%83%95%E3%82%A9%E3%83%BC%E3%83%A1%E3%83%BC%E3%82%B7%E3%83%A7%E3%83%B3/?market=all
6,5591,5591.T,アヴィレン,データベース,デジタル・サービス,https://s.kabutan.jp/themes/%E3%83%87%E3%83%BC%E3%82%BF%E3%83%99%E3%83%BC%E3%82%B9/?market=all
6,5591,5591.T,アヴィレン,人工知能,AI・半導体,https://s.kabutan.jp/themes/%E4%BA%BA%E5%B7%A5%E7%9F%A5%E8%83%BD/?market=all
6,5591,5591.T,アヴィレン,生成AI,AI・半導体,https://s.kabutan.jp/themes/%E7%94%9F%E6%88%90AI/?market=all
6,5592,5592.T,5592.T,介護関連,医療・ヘルスケア,https://s.kabutan.jp/themes/%E4%BB%8B%E8%AD%B7%E9%96%A2%E9%80%A3/?market=all
6,5597,5597.T,5597.T,サブスクリプション,デジタル・サービス,https://s.kabutan.jp/themes/%E3%82%B5%E3%83%96%E3%82%B9%E3%82%AF%E3%83%AA%E3%83%97%E3%82%B7%E3%83%A7%E3%83%B3/?market=all
6,5597,5597.T,5597.T,ドローン,防衛・国土強靱化,https://s.kabutan.jp/themes/%E3%83%89%E3%83%AD%E3%83%BC%E3%83%B3/?market=all
6,5597,5597.T,5597.T,下水道,防衛・国土強靱化,https://s.kabutan.jp/themes/%E4%B8%8B%E6%B0%B4%E9%81%93/?market=all
6,5597,5597.T,5597.T,国土強靱化,防衛・国土強靱化,https://s.kabutan.jp/themes/%E5%9B%BD%E5%9C%9F%E5%BC%B7%E9%9D%B1%E5%8C%96/?market=all
6,5597,5597.T,5597.T,物流テック,設備投資・機械,https://s.kabutan.jp/themes/%E7%89%A9%E6%B5%81%E3%83%86%E3%83%83%E3%82%AF/?market=all
6,5597,5597.T,5597.T,空飛ぶクルマ,自動車・モビリティ,https://s.kabutan.jp/themes/%E7%A9%BA%E9%A3%9B%E3%81%B6%E3%82%AF%E3%83%AB%E3%83%9E/?market=all
6,5597,5597.T,5597.T,防災,防衛・国土強靱化,https://s.kabutan.jp/themes/%E9%98%B2%E7%81%BD/?market=all
6,5599,5599.T,5599.T,IT関連,デジタル・サービス,https://s.kabutan.jp/themes/IT%E9%96%A2%E9%80%A3/?market=all
6,5599,5599.T,5599.T,サイバーセキュリティ,防衛・国土強靱化,https://s.kabutan.jp/themes/%E3%82%B5%E3%82%A4%E3%83%90%E3%83%BC%E3%82%BB%E3%82%AD%E3%83%A5%E3%83%AA%E3%83%86%E3%82%A3/?market=all
6,559A,559A.T,559A.T,食品,内需・消費,https://s.kabutan.jp/themes/%E9%A3%9F%E5%93%81/?market=all
6,5602,5602.T,5602.T,下水道,防衛・国土強靱化,https://s.kabutan.jp/themes/%E4%B8%8B%E6%B0%B4%E9%81%93/?market=all
6,5602,5602.T,5602.T,水道関連,防衛・国土強靱化,https://s.kabutan.jp/themes/%E6%B0%B4%E9%81%93%E9%96%A2%E9%80%A3/?market=all
6,5602,5602.T,5602.T,耐震化,防衛・国土強靱化,https://s.kabutan.jp/themes/%E8%80%90%E9%9C%87%E5%8C%96/?market=all
6,5602,5602.T,5602.T,自動車製造装置,自動車・モビリティ,https://s.kabutan.jp/themes/%E8%87%AA%E5%8B%95%E8%BB%8A%E8%A3%BD%E9%80%A0%E8%A3%85%E7%BD%AE/?market=all
6,5603,5603.T,5603.T,3Dプリンター,設備投資・機械,https://s.kabutan.jp/themes/3D%E3%83%97%E3%83%AA%E3%83%B3%E3%82%BF%E3%83%BC/?market=all
6,5603,5603.T,5603.T,工作機械,設備投資・機械,https://s.kabutan.jp/themes/%E5%B7%A5%E4%BD%9C%E6%A9%9F%E6%A2%B0/?market=all
6,5603,5603.T,5603.T,機械,設備投資・機械,https://s.kabutan.jp/themes/%E6%A9%9F%E6%A2%B0/?market=all
6,5603,5603.T,5603.T,自動車製造装置,自動車・モビリティ,https://s.kabutan.jp/themes/%E8%87%AA%E5%8B%95%E8%BB%8A%E8%A3%BD%E9%80%A0%E8%A3%85%E7%BD%AE/?market=all
6,5603,5603.T,5603.T,鉄鋼,資源・素材,https://s.kabutan.jp/themes/%E9%89%84%E9%8B%BC/?market=all
6,5603,5603.T,5603.T,電線地中化,防衛・国土強靱化,https://s.kabutan.jp/themes/%E9%9B%BB%E7%B7%9A%E5%9C%B0%E4%B8%AD%E5%8C%96/?market=all
6,5607,5607.T,,自動車部材・部品,自動車・モビリティ,https://s.kabutan.jp/themes/%E8%87%AA%E5%8B%95%E8%BB%8A%E9%83%A8%E6%9D%90%E3%83%BB%E9%83%A8%E5%93%81/?market=all
6,5609,5609.T,日鋳造,3Dプリンター,設備投資・機械,https://s.kabutan.jp/themes/3D%E3%83%97%E3%83%AA%E3%83%B3%E3%82%BF%E3%83%BC/?market=all
6,5609,5609.T,日鋳造,半導体製造装置,AI・半導体,https://s.kabutan.jp/themes/%E5%8D%8A%E5%B0%8E%E4%BD%93%E8%A3%BD%E9%80%A0%E8%A3%85%E7%BD%AE/?market=all
6,5609,5609.T,日鋳造,工作機械,設備投資・機械,https://s.kabutan.jp/themes/%E5%B7%A5%E4%BD%9C%E6%A9%9F%E6%A2%B0/?market=all
6,5609,5609.T,日鋳造,鉄鋼,資源・素材,https://s.kabutan.jp/themes/%E9%89%84%E9%8B%BC/?market=all
6,5609,5609.T,日鋳造,風力発電,GX・エネルギー,https://s.kabutan.jp/themes/%E9%A2%A8%E5%8A%9B%E7%99%BA%E9%9B%BB/?market=all
6,5612,5612.T,鋳鉄管,下水道,防衛・国土強靱化,https://s.kabutan.jp/themes/%E4%B8%8B%E6%B0%B4%E9%81%93/?market=all
6,5612,5612.T,鋳鉄管,人工知能,AI・半導体,https://s.kabutan.jp/themes/%E4%BA%BA%E5%B7%A5%E7%9F%A5%E8%83%BD/?market=all
6,5612,5612.T,鋳鉄管,水道関連,防衛・国土強靱化,https://s.kabutan.jp/themes/%E6%B0%B4%E9%81%93%E9%96%A2%E9%80%A3/?market=all
6,5612,5612.T,鋳鉄管,耐震化,防衛・国土強靱化,https://s.kabutan.jp/themes/%E8%80%90%E9%9C%87%E5%8C%96/?market=all
6,5616,5616.T,5616.T,eコマース,内需・消費,https://s.kabutan.jp/themes/e%E3%82%B3%E3%83%9E%E3%83%BC%E3%82%B9/?market=all
6,5616,5616.T,5616.T,サブスクリプション,デジタル・サービス,https://s.kabutan.jp/themes/%E3%82%B5%E3%83%96%E3%82%B9%E3%82%AF%E3%83%AA%E3%83%97%E3%82%B7%E3%83%A7%E3%83%B3/?market=all
6,5618,5618.T,5618.T,サブスクリプション,デジタル・サービス,https://s.kabutan.jp/themes/%E3%82%B5%E3%83%96%E3%82%B9%E3%82%AF%E3%83%AA%E3%83%97%E3%82%B7%E3%83%A7%E3%83%B3/?market=all
6,5618,5618.T,5618.T,デジタルトランスフォーメーション,デジタル・サービス,https://s.kabutan.jp/themes/%E3%83%87%E3%82%B8%E3%82%BF%E3%83%AB%E3%83%88%E3%83%A9%E3%83%B3%E3%82%B9%E3%83%95%E3%82%A9%E3%83%BC%E3%83%A1%E3%83%BC%E3%82%B7%E3%83%A7%E3%83%B3/?market=all
6,5618,5618.T,5618.T,生成AI,AI・半導体,https://s.kabutan.jp/themes/%E7%94%9F%E6%88%90AI/?market=all
6,5619,5619.T,5619.T,IT関連,デジタル・サービス,https://s.kabutan.jp/themes/IT%E9%96%A2%E9%80%A3/?market=all
6,5619,5619.T,5619.T,SaaS,デジタル・サービス,https://s.kabutan.jp/themes/SaaS/?market=all
6,5619,5619.T,5619.T,クラウドコンピューティング,デジタル・サービス,https://s.kabutan.jp/themes/%E3%82%AF%E3%83%A9%E3%82%A6%E3%83%89%E3%82%B3%E3%83%B3%E3%83%94%E3%83%A5%E3%83%BC%E3%83%86%E3%82%A3%E3%83%B3%E3%82%B0/?market=all
6,5619,5619.T,5619.T,デジタルトランスフォーメーション,デジタル・サービス,https://s.kabutan.jp/themes/%E3%83%87%E3%82%B8%E3%82%BF%E3%83%AB%E3%83%88%E3%83%A9%E3%83%B3%E3%82%B9%E3%83%95%E3%82%A9%E3%83%BC%E3%83%A1%E3%83%BC%E3%82%B7%E3%83%A7%E3%83%B3/?market=all
6,5621,5621.T,5621.T,IT関連,デジタル・サービス,https://s.kabutan.jp/themes/IT%E9%96%A2%E9%80%A3/?market=all
6,5621,5621.T,5621.T,SaaS,デジタル・サービス,https://s.kabutan.jp/themes/SaaS/?market=all
6,5621,5621.T,5621.T,クラウドコンピューティング,デジタル・サービス,https://s.kabutan.jp/themes/%E3%82%AF%E3%83%A9%E3%82%A6%E3%83%89%E3%82%B3%E3%83%B3%E3%83%94%E3%83%A5%E3%83%BC%E3%83%86%E3%82%A3%E3%83%B3%E3%82%B0/?market=all
6,5621,5621.T,5621.T,デジタルトランスフォーメーション,デジタル・サービス,https://s.kabutan.jp/themes/%E3%83%87%E3%82%B8%E3%82%BF%E3%83%AB%E3%83%88%E3%83%A9%E3%83%B3%E3%82%B9%E3%83%95%E3%82%A9%E3%83%BC%E3%83%A1%E3%83%BC%E3%82%B7%E3%83%A7%E3%83%B3/?market=all
6,5631,5631.T,日製鋼,スマートグリッド,データセンター・電力,https://s.kabutan.jp/themes/%E3%82%B9%E3%83%9E%E3%83%BC%E3%83%88%E3%82%B0%E3%83%AA%E3%83%83%E3%83%89/?market=all
6,5631,5631.T,日製鋼,半導体部材・部品,AI・半導体,https://s.kabutan.jp/themes/%E5%8D%8A%E5%B0%8E%E4%BD%93%E9%83%A8%E6%9D%90%E3%83%BB%E9%83%A8%E5%93%81/?market=all
6,5631,5631.T,日製鋼,原子力発電,GX・エネルギー,https://s.kabutan.jp/themes/%E5%8E%9F%E5%AD%90%E5%8A%9B%E7%99%BA%E9%9B%BB/?market=all
6,5631,5631.T,日製鋼,機械,設備投資・機械,https://s.kabutan.jp/themes/%E6%A9%9F%E6%A2%B0/?market=all
6,5631,5631.T,日製鋼,鉄道関連,物流・海運,https://s.kabutan.jp/themes/%E9%89%84%E9%81%93%E9%96%A2%E9%80%A3/?market=all
6,5631,5631.T,日製鋼,防衛,防衛・国土強靱化,https://s.kabutan.jp/themes/%E9%98%B2%E8%A1%9B/?market=all
6,5631,5631.T,日製鋼,電力設備投資関連,データセンター・電力,https://s.kabutan.jp/themes/%E9%9B%BB%E5%8A%9B%E8%A8%AD%E5%82%99%E6%8A%95%E8%B3%87%E9%96%A2%E9%80%A3/?market=all
6,5632,5632.T,5632.T,建設機械,設備投資・機械,https://s.kabutan.jp/themes/%E5%BB%BA%E8%A8%AD%E6%A9%9F%E6%A2%B0/?market=all
6,5632,5632.T,5632.T,機械,設備投資・機械,https://s.kabutan.jp/themes/%E6%A9%9F%E6%A2%B0/?market=all
6,5632,5632.T,5632.T,自動車部材・部品,自動車・モビリティ,https://s.kabutan.jp/themes/%E8%87%AA%E5%8B%95%E8%BB%8A%E9%83%A8%E6%9D%90%E3%83%BB%E9%83%A8%E5%93%81/?market=all
6,5632,5632.T,5632.T,鉄鋼,資源・素材,https://s.kabutan.jp/themes/%E9%89%84%E9%8B%BC/?market=all
6,5644,5644.T,5644.T,建設機械,設備投資・機械,https://s.kabutan.jp/themes/%E5%BB%BA%E8%A8%AD%E6%A9%9F%E6%A2%B0/?market=all
6,5644,5644.T,5644.T,自動車部材・部品,自動車・モビリティ,https://s.kabutan.jp/themes/%E8%87%AA%E5%8B%95%E8%BB%8A%E9%83%A8%E6%9D%90%E3%83%BB%E9%83%A8%E5%93%81/?market=all
6,5644,5644.T,5644.T,鉄鋼,資源・素材,https://s.kabutan.jp/themes/%E9%89%84%E9%8B%BC/?market=all
6,5658,5658.T,5658.T,自動車部材・部品,自動車・モビリティ,https://s.kabutan.jp/themes/%E8%87%AA%E5%8B%95%E8%BB%8A%E9%83%A8%E6%9D%90%E3%83%BB%E9%83%A8%E5%93%81/?market=all
6,5659,5659.T,日精線,アンモニア,GX・エネルギー,https://s.kabutan.jp/themes/%E3%82%A2%E3%83%B3%E3%83%A2%E3%83%8B%E3%82%A2/?market=all
6,5659,5659.T,日精線,半導体製造装置,AI・半導体,https://s.kabutan.jp/themes/%E5%8D%8A%E5%B0%8E%E4%BD%93%E8%A3%BD%E9%80%A0%E8%A3%85%E7%BD%AE/?market=all
6,5659,5659.T,日精線,水素,GX・エネルギー,https://s.kabutan.jp/themes/%E6%B0%B4%E7%B4%A0/?market=all
6,5659,5659.T,日精線,自動車部材・部品,自動車・モビリティ,https://s.kabutan.jp/themes/%E8%87%AA%E5%8B%95%E8%BB%8A%E9%83%A8%E6%9D%90%E3%83%BB%E9%83%A8%E5%93%81/?market=all
6,5697,5697.T,5697.T,建設機械,設備投資・機械,https://s.kabutan.jp/themes/%E5%BB%BA%E8%A8%AD%E6%A9%9F%E6%A2%B0/?market=all
6,5697,5697.T,5697.T,自動車部材・部品,自動車・モビリティ,https://s.kabutan.jp/themes/%E8%87%AA%E5%8B%95%E8%BB%8A%E9%83%A8%E6%9D%90%E3%83%BB%E9%83%A8%E5%93%81/?market=all
6,5697,5697.T,5697.T,鉄鋼,資源・素材,https://s.kabutan.jp/themes/%E9%89%84%E9%8B%BC/?market=all
6,5698,5698.T,エンビプロ,リチウムイオン電池,自動車・モビリティ,https://s.kabutan.jp/themes/%E3%83%AA%E3%83%81%E3%82%A6%E3%83%A0%E3%82%A4%E3%82%AA%E3%83%B3%E9%9B%BB%E6%B1%A0/?market=all
6,5698,5698.T,エンビプロ,レアアース,資源・素材,https://s.kabutan.jp/themes/%E3%83%AC%E3%82%A2%E3%82%A2%E3%83%BC%E3%82%B9/?market=all
6,5698,5698.T,エンビプロ,都市鉱山,資源・素材,https://s.kabutan.jp/themes/%E9%83%BD%E5%B8%82%E9%89%B1%E5%B1%B1/?market=all
6,5698,5698.T,エンビプロ,金,資源・素材,https://s.kabutan.jp/themes/%E9%87%91/?market=all
6,5698,5698.T,エンビプロ,銅,資源・素材,https://s.kabutan.jp/themes/%E9%8A%85/?market=all
6,5699,5699.T,5699.T,都市鉱山,資源・素材,https://s.kabutan.jp/themes/%E9%83%BD%E5%B8%82%E9%89%B1%E5%B1%B1/?market=all
6,5699,5699.T,5699.T,非鉄,資源・素材,https://s.kabutan.jp/themes/%E9%9D%9E%E9%89%84/?market=all
6,5702,5702.T,大紀ア,アルミニウム,資源・素材,https://s.kabutan.jp/themes/%E3%82%A2%E3%83%AB%E3%83%9F%E3%83%8B%E3%82%A6%E3%83%A0/?market=all
6,5702,5702.T,大紀ア,レアメタル,資源・素材,https://s.kabutan.jp/themes/%E3%83%AC%E3%82%A2%E3%83%A1%E3%82%BF%E3%83%AB/?market=all
6,5703,5703.T,日軽金ＨＤ,アルミニウム,資源・素材,https://s.kabutan.jp/themes/%E3%82%A2%E3%83%AB%E3%83%9F%E3%83%8B%E3%82%A6%E3%83%A0/?market=all
6,5703,5703.T,日軽金ＨＤ,レアメタル,資源・素材,https://s.kabutan.jp/themes/%E3%83%AC%E3%82%A2%E3%83%A1%E3%82%BF%E3%83%AB/?market=all
6,5703,5703.T,日軽金ＨＤ,半導体製造装置,AI・半導体,https://s.kabutan.jp/themes/%E5%8D%8A%E5%B0%8E%E4%BD%93%E8%A3%BD%E9%80%A0%E8%A3%85%E7%BD%AE/?market=all
6,5703,5703.T,日軽金ＨＤ,水素,GX・エネルギー,https://s.kabutan.jp/themes/%E6%B0%B4%E7%B4%A0/?market=all
6,5703,5703.T,日軽金ＨＤ,自動車軽量化,自動車・モビリティ,https://s.kabutan.jp/themes/%E8%87%AA%E5%8B%95%E8%BB%8A%E8%BB%BD%E9%87%8F%E5%8C%96/?market=all
6,5703,5703.T,日軽金ＨＤ,自動車部材・部品,自動車・モビリティ,https://s.kabutan.jp/themes/%E8%87%AA%E5%8B%95%E8%BB%8A%E9%83%A8%E6%9D%90%E3%83%BB%E9%83%A8%E5%93%81/?market=all
6,5703,5703.T,日軽金ＨＤ,鉄道関連,物流・海運,https://s.kabutan.jp/themes/%E9%89%84%E9%81%93%E9%96%A2%E9%80%A3/?market=all
6,5703,5703.T,日軽金ＨＤ,非鉄,資源・素材,https://s.kabutan.jp/themes/%E9%9D%9E%E9%89%84/?market=all
6,5704,5704.T,5704.T,3Dプリンター,設備投資・機械,https://s.kabutan.jp/themes/3D%E3%83%97%E3%83%AA%E3%83%B3%E3%82%BF%E3%83%BC/?market=all
6,5704,5704.T,5704.T,FA関連,設備投資・機械,https://s.kabutan.jp/themes/FA%E9%96%A2%E9%80%A3/?market=all
6,5704,5704.T,5704.T,ロボット,AI・半導体,https://s.kabutan.jp/themes/%E3%83%AD%E3%83%9C%E3%83%83%E3%83%88/?market=all
6,5704,5704.T,5704.T,医療機器,医療・ヘルスケア,https://s.kabutan.jp/themes/%E5%8C%BB%E7%99%82%E6%A9%9F%E5%99%A8/?market=all
6,5704,5704.T,5704.T,自動車部材・部品,自動車・モビリティ,https://s.kabutan.jp/themes/%E8%87%AA%E5%8B%95%E8%BB%8A%E9%83%A8%E6%9D%90%E3%83%BB%E9%83%A8%E5%93%81/?market=all
6,5704,5704.T,5704.T,電気自動車関連,自動車・モビリティ,https://s.kabutan.jp/themes/%E9%9B%BB%E6%B0%97%E8%87%AA%E5%8B%95%E8%BB%8A%E9%96%A2%E9%80%A3/?market=all
6,5706,5706.T,三井金属,レアメタル,資源・素材,https://s.kabutan.jp/themes/%E3%83%AC%E3%82%A2%E3%83%A1%E3%82%BF%E3%83%AB/?market=all
6,5706,5706.T,三井金属,全固体電池,自動車・モビリティ,https://s.kabutan.jp/themes/%E5%85%A8%E5%9B%BA%E4%BD%93%E9%9B%BB%E6%B1%A0/?market=all
6,5706,5706.T,三井金属,円安メリット,内需・消費,https://s.kabutan.jp/themes/%E5%86%86%E5%AE%89%E3%83%A1%E3%83%AA%E3%83%83%E3%83%88/?market=all
6,5706,5706.T,三井金属,半導体製造装置,AI・半導体,https://s.kabutan.jp/themes/%E5%8D%8A%E5%B0%8E%E4%BD%93%E8%A3%BD%E9%80%A0%E8%A3%85%E7%BD%AE/?market=all
6,5706,5706.T,三井金属,半導体部材・部品,AI・半導体,https://s.kabutan.jp/themes/%E5%8D%8A%E5%B0%8E%E4%BD%93%E9%83%A8%E6%9D%90%E3%83%BB%E9%83%A8%E5%93%81/?market=all
6,5706,5706.T,三井金属,自動車部材・部品,自動車・モビリティ,https://s.kabutan.jp/themes/%E8%87%AA%E5%8B%95%E8%BB%8A%E9%83%A8%E6%9D%90%E3%83%BB%E9%83%A8%E5%93%81/?market=all
6,5706,5706.T,三井金属,資源開発,資源・素材,https://s.kabutan.jp/themes/%E8%B3%87%E6%BA%90%E9%96%8B%E7%99%BA/?market=all
6,5706,5706.T,三井金属,都市鉱山,資源・素材,https://s.kabutan.jp/themes/%E9%83%BD%E5%B8%82%E9%89%B1%E5%B1%B1/?market=all
6,5706,5706.T,三井金属,金,資源・素材,https://s.kabutan.jp/themes/%E9%87%91/?market=all
6,5706,5706.T,三井金属,銅,資源・素材,https://s.kabutan.jp/themes/%E9%8A%85/?market=all
6,5706,5706.T,三井金属,非鉄,資源・素材,https://s.kabutan.jp/themes/%E9%9D%9E%E9%89%84/?market=all
6,5707,5707.T,東邦鉛,レアアース,資源・素材,https://s.kabutan.jp/themes/%E3%83%AC%E3%82%A2%E3%82%A2%E3%83%BC%E3%82%B9/?market=all
6,5707,5707.T,東邦鉛,レアメタル,資源・素材,https://s.kabutan.jp/themes/%E3%83%AC%E3%82%A2%E3%83%A1%E3%82%BF%E3%83%AB/?market=all
6,5707,5707.T,東邦鉛,資源開発,資源・素材,https://s.kabutan.jp/themes/%E8%B3%87%E6%BA%90%E9%96%8B%E7%99%BA/?market=all
6,5707,5707.T,東邦鉛,都市鉱山,資源・素材,https://s.kabutan.jp/themes/%E9%83%BD%E5%B8%82%E9%89%B1%E5%B1%B1/?market=all
6,5707,5707.T,東邦鉛,非鉄,資源・素材,https://s.kabutan.jp/themes/%E9%9D%9E%E9%89%84/?market=all
6,5711,5711.T,三菱マ,アルミニウム,資源・素材,https://s.kabutan.jp/themes/%E3%82%A2%E3%83%AB%E3%83%9F%E3%83%8B%E3%82%A6%E3%83%A0/?market=all
6,5711,5711.T,三菱マ,スマートグリッド,データセンター・電力,https://s.kabutan.jp/themes/%E3%82%B9%E3%83%9E%E3%83%BC%E3%83%88%E3%82%B0%E3%83%AA%E3%83%83%E3%83%89/?market=all
6,5711,5711.T,三菱マ,レアアース,資源・素材,https://s.kabutan.jp/themes/%E3%83%AC%E3%82%A2%E3%82%A2%E3%83%BC%E3%82%B9/?market=all
6,5711,5711.T,三菱マ,レアメタル,資源・素材,https://s.kabutan.jp/themes/%E3%83%AC%E3%82%A2%E3%83%A1%E3%82%BF%E3%83%AB/?market=all
6,5711,5711.T,三菱マ,光ファイバー,データセンター・電力,https://s.kabutan.jp/themes/%E5%85%89%E3%83%95%E3%82%A1%E3%82%A4%E3%83%90%E3%83%BC/?market=all
6,5711,5711.T,三菱マ,全固体電池,自動車・モビリティ,https://s.kabutan.jp/themes/%E5%85%A8%E5%9B%BA%E4%BD%93%E9%9B%BB%E6%B1%A0/?market=all
6,5711,5711.T,三菱マ,半導体部材・部品,AI・半導体,https://s.kabutan.jp/themes/%E5%8D%8A%E5%B0%8E%E4%BD%93%E9%83%A8%E6%9D%90%E3%83%BB%E9%83%A8%E5%93%81/?market=all
6,5711,5711.T,三菱マ,宇宙開発関連,防衛・国土強靱化,https://s.kabutan.jp/themes/%E5%AE%87%E5%AE%99%E9%96%8B%E7%99%BA%E9%96%A2%E9%80%A3/?market=all
6,5711,5711.T,三菱マ,自動車軽量化,自動車・モビリティ,https://s.kabutan.jp/themes/%E8%87%AA%E5%8B%95%E8%BB%8A%E8%BB%BD%E9%87%8F%E5%8C%96/?market=all
6,5711,5711.T,三菱マ,自動車部材・部品,自動車・モビリティ,https://s.kabutan.jp/themes/%E8%87%AA%E5%8B%95%E8%BB%8A%E9%83%A8%E6%9D%90%E3%83%BB%E9%83%A8%E5%93%81/?market=all
6,5711,5711.T,三菱マ,資源開発,資源・素材,https://s.kabutan.jp/themes/%E8%B3%87%E6%BA%90%E9%96%8B%E7%99%BA/?market=all
6,5711,5711.T,三菱マ,都市鉱山,資源・素材,https://s.kabutan.jp/themes/%E9%83%BD%E5%B8%82%E9%89%B1%E5%B1%B1/?market=all
6,5711,5711.T,三菱マ,金,資源・素材,https://s.kabutan.jp/themes/%E9%87%91/?market=all
6,5711,5711.T,三菱マ,銅,資源・素材,https://s.kabutan.jp/themes/%E9%8A%85/?market=all
6,5711,5711.T,三菱マ,防災,防衛・国土強靱化,https://s.kabutan.jp/themes/%E9%98%B2%E7%81%BD/?market=all
6,5711,5711.T,三菱マ,電気自動車関連,自動車・モビリティ,https://s.kabutan.jp/themes/%E9%9B%BB%E6%B0%97%E8%87%AA%E5%8B%95%E8%BB%8A%E9%96%A2%E9%80%A3/?market=all
6,5711,5711.T,三菱マ,電線,データセンター・電力,https://s.kabutan.jp/themes/%E9%9B%BB%E7%B7%9A/?market=all
6,5711,5711.T,三菱マ,非鉄,資源・素材,https://s.kabutan.jp/themes/%E9%9D%9E%E9%89%84/?market=all
6,5713,5713.T,住友鉱,レアアース,資源・素材,https://s.kabutan.jp/themes/%E3%83%AC%E3%82%A2%E3%82%A2%E3%83%BC%E3%82%B9/?market=all
6,5713,5713.T,住友鉱,レアメタル,資源・素材,https://s.kabutan.jp/themes/%E3%83%AC%E3%82%A2%E3%83%A1%E3%82%BF%E3%83%AB/?market=all
6,5713,5713.T,住友鉱,全固体電池,自動車・モビリティ,https://s.kabutan.jp/themes/%E5%85%A8%E5%9B%BA%E4%BD%93%E9%9B%BB%E6%B1%A0/?market=all
6,5713,5713.T,住友鉱,半導体部材・部品,AI・半導体,https://s.kabutan.jp/themes/%E5%8D%8A%E5%B0%8E%E4%BD%93%E9%83%A8%E6%9D%90%E3%83%BB%E9%83%A8%E5%93%81/?market=all
6,5713,5713.T,住友鉱,資源開発,資源・素材,https://s.kabutan.jp/themes/%E8%B3%87%E6%BA%90%E9%96%8B%E7%99%BA/?market=all
6,5713,5713.T,住友鉱,都市鉱山,資源・素材,https://s.kabutan.jp/themes/%E9%83%BD%E5%B8%82%E9%89%B1%E5%B1%B1/?market=all
6,5713,5713.T,住友鉱,金,資源・素材,https://s.kabutan.jp/themes/%E9%87%91/?market=all
6,5713,5713.T,住友鉱,銅,資源・素材,https://s.kabutan.jp/themes/%E9%8A%85/?market=all
6,5713,5713.T,住友鉱,非鉄,資源・素材,https://s.kabutan.jp/themes/%E9%9D%9E%E9%89%84/?market=all
6,5714,5714.T,ＤＯＷＡ,レアアース,資源・素材,https://s.kabutan.jp/themes/%E3%83%AC%E3%82%A2%E3%82%A2%E3%83%BC%E3%82%B9/?market=all
6,5714,5714.T,ＤＯＷＡ,レアメタル,資源・素材,https://s.kabutan.jp/themes/%E3%83%AC%E3%82%A2%E3%83%A1%E3%82%BF%E3%83%AB/?market=all
6,5714,5714.T,ＤＯＷＡ,半導体部材・部品,AI・半導体,https://s.kabutan.jp/themes/%E5%8D%8A%E5%B0%8E%E4%BD%93%E9%83%A8%E6%9D%90%E3%83%BB%E9%83%A8%E5%93%81/?market=all
6,5714,5714.T,ＤＯＷＡ,自動車部材・部品,自動車・モビリティ,https://s.kabutan.jp/themes/%E8%87%AA%E5%8B%95%E8%BB%8A%E9%83%A8%E6%9D%90%E3%83%BB%E9%83%A8%E5%93%81/?market=all
6,5714,5714.T,ＤＯＷＡ,都市鉱山,資源・素材,https://s.kabutan.jp/themes/%E9%83%BD%E5%B8%82%E9%89%B1%E5%B1%B1/?market=all
6,5714,5714.T,ＤＯＷＡ,銅,資源・素材,https://s.kabutan.jp/themes/%E9%8A%85/?market=all
6,5714,5714.T,ＤＯＷＡ,非鉄,資源・素材,https://s.kabutan.jp/themes/%E9%9D%9E%E9%89%84/?market=all
6,5715,5715.T,古河機金,レアアース,資源・素材,https://s.kabutan.jp/themes/%E3%83%AC%E3%82%A2%E3%82%A2%E3%83%BC%E3%82%B9/?market=all
6,5715,5715.T,古河機金,レアメタル,資源・素材,https://s.kabutan.jp/themes/%E3%83%AC%E3%82%A2%E3%83%A1%E3%82%BF%E3%83%AB/?market=all
6,5715,5715.T,古河機金,全固体電池,自動車・モビリティ,https://s.kabutan.jp/themes/%E5%85%A8%E5%9B%BA%E4%BD%93%E9%9B%BB%E6%B1%A0/?market=all
6,5715,5715.T,古河機金,半導体製造装置,AI・半導体,https://s.kabutan.jp/themes/%E5%8D%8A%E5%B0%8E%E4%BD%93%E8%A3%BD%E9%80%A0%E8%A3%85%E7%BD%AE/?market=all
6,5715,5715.T,古河機金,半導体部材・部品,AI・半導体,https://s.kabutan.jp/themes/%E5%8D%8A%E5%B0%8E%E4%BD%93%E9%83%A8%E6%9D%90%E3%83%BB%E9%83%A8%E5%93%81/?market=all
6,5715,5715.T,古河機金,建設機械,設備投資・機械,https://s.kabutan.jp/themes/%E5%BB%BA%E8%A8%AD%E6%A9%9F%E6%A2%B0/?market=all
6,5715,5715.T,古河機金,自動車部材・部品,自動車・モビリティ,https://s.kabutan.jp/themes/%E8%87%AA%E5%8B%95%E8%BB%8A%E9%83%A8%E6%9D%90%E3%83%BB%E9%83%A8%E5%93%81/?market=all
6,5715,5715.T,古河機金,金,資源・素材,https://s.kabutan.jp/themes/%E9%87%91/?market=all
6,5715,5715.T,古河機金,銅,資源・素材,https://s.kabutan.jp/themes/%E9%8A%85/?market=all
6,5715,5715.T,古河機金,非鉄,資源・素材,https://s.kabutan.jp/themes/%E9%9D%9E%E9%89%84/?market=all
6,5721,5721.T,5721.T,不動産関連,不動産・建設,https://s.kabutan.jp/themes/%E4%B8%8D%E5%8B%95%E7%94%A3%E9%96%A2%E9%80%A3/?market=all
6,5724,5724.T,アサカ理研,リチウムイオン電池,自動車・モビリティ,https://s.kabutan.jp/themes/%E3%83%AA%E3%83%81%E3%82%A6%E3%83%A0%E3%82%A4%E3%82%AA%E3%83%B3%E9%9B%BB%E6%B1%A0/?market=all
6,5724,5724.T,アサカ理研,レアアース,資源・素材,https://s.kabutan.jp/themes/%E3%83%AC%E3%82%A2%E3%82%A2%E3%83%BC%E3%82%B9/?market=all
6,5724,5724.T,アサカ理研,レアメタル,資源・素材,https://s.kabutan.jp/themes/%E3%83%AC%E3%82%A2%E3%83%A1%E3%82%BF%E3%83%AB/?market=all
6,5724,5724.T,アサカ理研,都市鉱山,資源・素材,https://s.kabutan.jp/themes/%E9%83%BD%E5%B8%82%E9%89%B1%E5%B1%B1/?market=all
6,5724,5724.T,アサカ理研,金,資源・素材,https://s.kabutan.jp/themes/%E9%87%91/?market=all
6,5724,5724.T,アサカ理研,銅,資源・素材,https://s.kabutan.jp/themes/%E9%8A%85/?market=all
6,5726,5726.T,大阪チタ,レアメタル,資源・素材,https://s.kabutan.jp/themes/%E3%83%AC%E3%82%A2%E3%83%A1%E3%82%BF%E3%83%AB/?market=all
6,5726,5726.T,大阪チタ,全固体電池,自動車・モビリティ,https://s.kabutan.jp/themes/%E5%85%A8%E5%9B%BA%E4%BD%93%E9%9B%BB%E6%B1%A0/?market=all
6,5726,5726.T,大阪チタ,円安メリット,内需・消費,https://s.kabutan.jp/themes/%E5%86%86%E5%AE%89%E3%83%A1%E3%83%AA%E3%83%83%E3%83%88/?market=all
6,5726,5726.T,大阪チタ,医療機器,医療・ヘルスケア,https://s.kabutan.jp/themes/%E5%8C%BB%E7%99%82%E6%A9%9F%E5%99%A8/?market=all
6,5726,5726.T,大阪チタ,半導体製造装置,AI・半導体,https://s.kabutan.jp/themes/%E5%8D%8A%E5%B0%8E%E4%BD%93%E8%A3%BD%E9%80%A0%E8%A3%85%E7%BD%AE/?market=all
6,5726,5726.T,大阪チタ,防衛,防衛・国土強靱化,https://s.kabutan.jp/themes/%E9%98%B2%E8%A1%9B/?market=all
6,5726,5726.T,大阪チタ,非鉄,資源・素材,https://s.kabutan.jp/themes/%E9%9D%9E%E9%89%84/?market=all
6,5729,5729.T,日精鉱,レアメタル,資源・素材,https://s.kabutan.jp/themes/%E3%83%AC%E3%82%A2%E3%83%A1%E3%82%BF%E3%83%AB/?market=all
6,5729,5729.T,日精鉱,自動車部材・部品,自動車・モビリティ,https://s.kabutan.jp/themes/%E8%87%AA%E5%8B%95%E8%BB%8A%E9%83%A8%E6%9D%90%E3%83%BB%E9%83%A8%E5%93%81/?market=all
6,5741,5741.T,ＵＡＣＪ,アルミニウム,資源・素材,https://s.kabutan.jp/themes/%E3%82%A2%E3%83%AB%E3%83%9F%E3%83%8B%E3%82%A6%E3%83%A0/?market=all
6,5741,5741.T,ＵＡＣＪ,レアメタル,資源・素材,https://s.kabutan.jp/themes/%E3%83%AC%E3%82%A2%E3%83%A1%E3%82%BF%E3%83%AB/?market=all
6,5741,5741.T,ＵＡＣＪ,半導体製造装置,AI・半導体,https://s.kabutan.jp/themes/%E5%8D%8A%E5%B0%8E%E4%BD%93%E8%A3%BD%E9%80%A0%E8%A3%85%E7%BD%AE/?market=all
6,5741,5741.T,ＵＡＣＪ,宇宙開発関連,防衛・国土強靱化,https://s.kabutan.jp/themes/%E5%AE%87%E5%AE%99%E9%96%8B%E7%99%BA%E9%96%A2%E9%80%A3/?market=all
6,5741,5741.T,ＵＡＣＪ,空飛ぶクルマ,自動車・モビリティ,https://s.kabutan.jp/themes/%E7%A9%BA%E9%A3%9B%E3%81%B6%E3%82%AF%E3%83%AB%E3%83%9E/?market=all
6,5741,5741.T,ＵＡＣＪ,自動車軽量化,自動車・モビリティ,https://s.kabutan.jp/themes/%E8%87%AA%E5%8B%95%E8%BB%8A%E8%BB%BD%E9%87%8F%E5%8C%96/?market=all
6,5741,5741.T,ＵＡＣＪ,自動車部材・部品,自動車・モビリティ,https://s.kabutan.jp/themes/%E8%87%AA%E5%8B%95%E8%BB%8A%E9%83%A8%E6%9D%90%E3%83%BB%E9%83%A8%E5%93%81/?market=all
6,5741,5741.T,ＵＡＣＪ,防衛,防衛・国土強靱化,https://s.kabutan.jp/themes/%E9%98%B2%E8%A1%9B/?market=all
6,5741,5741.T,ＵＡＣＪ,電気自動車関連,自動車・モビリティ,https://s.kabutan.jp/themes/%E9%9B%BB%E6%B0%97%E8%87%AA%E5%8B%95%E8%BB%8A%E9%96%A2%E9%80%A3/?market=all
6,5741,5741.T,ＵＡＣＪ,非鉄,資源・素材,https://s.kabutan.jp/themes/%E9%9D%9E%E9%89%84/?market=all
6,5742,5742.T,ＮＩＣ,FA関連,設備投資・機械,https://s.kabutan.jp/themes/FA%E9%96%A2%E9%80%A3/?market=all
6,5742,5742.T,ＮＩＣ,アルミニウム,資源・素材,https://s.kabutan.jp/themes/%E3%82%A2%E3%83%AB%E3%83%9F%E3%83%8B%E3%82%A6%E3%83%A0/?market=all
6,5742,5742.T,ＮＩＣ,レアメタル,資源・素材,https://s.kabutan.jp/themes/%E3%83%AC%E3%82%A2%E3%83%A1%E3%82%BF%E3%83%AB/?market=all
6,5753,5753.T,5753.T,住宅関連,不動産・建設,https://s.kabutan.jp/themes/%E4%BD%8F%E5%AE%85%E9%96%A2%E9%80%A3/?market=all
6,5753,5753.T,5753.T,自動車部材・部品,自動車・モビリティ,https://s.kabutan.jp/themes/%E8%87%AA%E5%8B%95%E8%BB%8A%E9%83%A8%E6%9D%90%E3%83%BB%E9%83%A8%E5%93%81/?market=all
6,5757,5757.T,5757.T,住宅関連,不動産・建設,https://s.kabutan.jp/themes/%E4%BD%8F%E5%AE%85%E9%96%A2%E9%80%A3/?market=all
6,5757,5757.T,5757.T,自動車部材・部品,自動車・モビリティ,https://s.kabutan.jp/themes/%E8%87%AA%E5%8B%95%E8%BB%8A%E9%83%A8%E6%9D%90%E3%83%BB%E9%83%A8%E5%93%81/?market=all
6,5757,5757.T,5757.T,非鉄,資源・素材,https://s.kabutan.jp/themes/%E9%9D%9E%E9%89%84/?market=all
6,575A,575A.T,575A.T,下水道,防衛・国土強靱化,https://s.kabutan.jp/themes/%E4%B8%8B%E6%B0%B4%E9%81%93/?market=all
6,575A,575A.T,575A.T,国土強靱化,防衛・国土強靱化,https://s.kabutan.jp/themes/%E5%9B%BD%E5%9C%9F%E5%BC%B7%E9%9D%B1%E5%8C%96/?market=all
6,575A,575A.T,575A.T,機械,設備投資・機械,https://s.kabutan.jp/themes/%E6%A9%9F%E6%A2%B0/?market=all
6,575A,575A.T,575A.T,水道関連,防衛・国土強靱化,https://s.kabutan.jp/themes/%E6%B0%B4%E9%81%93%E9%96%A2%E9%80%A3/?market=all
6,575A,575A.T,575A.T,防災,防衛・国土強靱化,https://s.kabutan.jp/themes/%E9%98%B2%E7%81%BD/?market=all
6,5801,5801.T,古河電,3Dプリンター,設備投資・機械,https://s.kabutan.jp/themes/3D%E3%83%97%E3%83%AA%E3%83%B3%E3%82%BF%E3%83%BC/?market=all
6,5801,5801.T,古河電,アルミニウム,資源・素材,https://s.kabutan.jp/themes/%E3%82%A2%E3%83%AB%E3%83%9F%E3%83%8B%E3%82%A6%E3%83%A0/?market=all
6,5801,5801.T,古河電,サーバー冷却,データセンター・電力,https://s.kabutan.jp/themes/%E3%82%B5%E3%83%BC%E3%83%90%E3%83%BC%E5%86%B7%E5%8D%B4/?market=all
6,5801,5801.T,古河電,スマートグリッド,データセンター・電力,https://s.kabutan.jp/themes/%E3%82%B9%E3%83%9E%E3%83%BC%E3%83%88%E3%82%B0%E3%83%AA%E3%83%83%E3%83%89/?market=all
6,5801,5801.T,古河電,データセンター,データセンター・電力,https://s.kabutan.jp/themes/%E3%83%87%E3%83%BC%E3%82%BF%E3%82%BB%E3%83%B3%E3%82%BF%E3%83%BC/?market=all
6,5801,5801.T,古河電,光ファイバー,データセンター・電力,https://s.kabutan.jp/themes/%E5%85%89%E3%83%95%E3%82%A1%E3%82%A4%E3%83%90%E3%83%BC/?market=all
6,5801,5801.T,古河電,再生医療,医療・ヘルスケア,https://s.kabutan.jp/themes/%E5%86%8D%E7%94%9F%E5%8C%BB%E7%99%82/?market=all
6,5801,5801.T,古河電,半導体部材・部品,AI・半導体,https://s.kabutan.jp/themes/%E5%8D%8A%E5%B0%8E%E4%BD%93%E9%83%A8%E6%9D%90%E3%83%BB%E9%83%A8%E5%93%81/?market=all
6,5801,5801.T,古河電,核融合発電,GX・エネルギー,https://s.kabutan.jp/themes/%E6%A0%B8%E8%9E%8D%E5%90%88%E7%99%BA%E9%9B%BB/?market=all
6,5801,5801.T,古河電,自動車軽量化,自動車・モビリティ,https://s.kabutan.jp/themes/%E8%87%AA%E5%8B%95%E8%BB%8A%E8%BB%BD%E9%87%8F%E5%8C%96/?market=all
6,5801,5801.T,古河電,自動車部材・部品,自動車・モビリティ,https://s.kabutan.jp/themes/%E8%87%AA%E5%8B%95%E8%BB%8A%E9%83%A8%E6%9D%90%E3%83%BB%E9%83%A8%E5%93%81/?market=all
6,5801,5801.T,古河電,蓄電池,GX・エネルギー,https://s.kabutan.jp/themes/%E8%93%84%E9%9B%BB%E6%B1%A0/?market=all
6,5801,5801.T,古河電,送電,データセンター・電力,https://s.kabutan.jp/themes/%E9%80%81%E9%9B%BB/?market=all
6,5801,5801.T,古河電,電力設備投資関連,データセンター・電力,https://s.kabutan.jp/themes/%E9%9B%BB%E5%8A%9B%E8%A8%AD%E5%82%99%E6%8A%95%E8%B3%87%E9%96%A2%E9%80%A3/?market=all
6,5801,5801.T,古河電,電線,データセンター・電力,https://s.kabutan.jp/themes/%E9%9B%BB%E7%B7%9A/?market=all
6,5801,5801.T,古河電,電線地中化,防衛・国土強靱化,https://s.kabutan.jp/themes/%E9%9B%BB%E7%B7%9A%E5%9C%B0%E4%B8%AD%E5%8C%96/?market=all
6,5801,5801.T,古河電,風力発電,GX・エネルギー,https://s.kabutan.jp/themes/%E9%A2%A8%E5%8A%9B%E7%99%BA%E9%9B%BB/?market=all
6,5802,5802.T,住友電,スマートグリッド,データセンター・電力,https://s.kabutan.jp/themes/%E3%82%B9%E3%83%9E%E3%83%BC%E3%83%88%E3%82%B0%E3%83%AA%E3%83%83%E3%83%89/?market=all
6,5802,5802.T,住友電,データセンター,データセンター・電力,https://s.kabutan.jp/themes/%E3%83%87%E3%83%BC%E3%82%BF%E3%82%BB%E3%83%B3%E3%82%BF%E3%83%BC/?market=all
6,5802,5802.T,住友電,光ファイバー,データセンター・電力,https://s.kabutan.jp/themes/%E5%85%89%E3%83%95%E3%82%A1%E3%82%A4%E3%83%90%E3%83%BC/?market=all
6,5802,5802.T,住友電,核融合発電,GX・エネルギー,https://s.kabutan.jp/themes/%E6%A0%B8%E8%9E%8D%E5%90%88%E7%99%BA%E9%9B%BB/?market=all
6,5802,5802.T,住友電,水素,GX・エネルギー,https://s.kabutan.jp/themes/%E6%B0%B4%E7%B4%A0/?market=all
6,5802,5802.T,住友電,自動車部材・部品,自動車・モビリティ,https://s.kabutan.jp/themes/%E8%87%AA%E5%8B%95%E8%BB%8A%E9%83%A8%E6%9D%90%E3%83%BB%E9%83%A8%E5%93%81/?market=all
6,5802,5802.T,住友電,自動運転車,自動車・モビリティ,https://s.kabutan.jp/themes/%E8%87%AA%E5%8B%95%E9%81%8B%E8%BB%A2%E8%BB%8A/?market=all
6,5802,5802.T,住友電,蓄電池,GX・エネルギー,https://s.kabutan.jp/themes/%E8%93%84%E9%9B%BB%E6%B1%A0/?market=all
6,5802,5802.T,住友電,送電,データセンター・電力,https://s.kabutan.jp/themes/%E9%80%81%E9%9B%BB/?market=all
6,5802,5802.T,住友電,鉄道関連,物流・海運,https://s.kabutan.jp/themes/%E9%89%84%E9%81%93%E9%96%A2%E9%80%A3/?market=all
6,5802,5802.T,住友電,電力設備投資関連,データセンター・電力,https://s.kabutan.jp/themes/%E9%9B%BB%E5%8A%9B%E8%A8%AD%E5%82%99%E6%8A%95%E8%B3%87%E9%96%A2%E9%80%A3/?market=all
6,5802,5802.T,住友電,電気自動車関連,自動車・モビリティ,https://s.kabutan.jp/themes/%E9%9B%BB%E6%B0%97%E8%87%AA%E5%8B%95%E8%BB%8A%E9%96%A2%E9%80%A3/?market=all
6,5802,5802.T,住友電,電線,データセンター・電力,https://s.kabutan.jp/themes/%E9%9B%BB%E7%B7%9A/?market=all
6,5802,5802.T,住友電,風力発電,GX・エネルギー,https://s.kabutan.jp/themes/%E9%A2%A8%E5%8A%9B%E7%99%BA%E9%9B%BB/?market=all
6,5803,5803.T,フジクラ,スマートグリッド,データセンター・電力,https://s.kabutan.jp/themes/%E3%82%B9%E3%83%9E%E3%83%BC%E3%83%88%E3%82%B0%E3%83%AA%E3%83%83%E3%83%89/?market=all
6,5803,5803.T,フジクラ,データセンター,データセンター・電力,https://s.kabutan.jp/themes/%E3%83%87%E3%83%BC%E3%82%BF%E3%82%BB%E3%83%B3%E3%82%BF%E3%83%BC/?market=all
6,5803,5803.T,フジクラ,光ファイバー,データセンター・電力,https://s.kabutan.jp/themes/%E5%85%89%E3%83%95%E3%82%A1%E3%82%A4%E3%83%90%E3%83%BC/?market=all
6,5803,5803.T,フジクラ,核融合発電,GX・エネルギー,https://s.kabutan.jp/themes/%E6%A0%B8%E8%9E%8D%E5%90%88%E7%99%BA%E9%9B%BB/?market=all
6,5803,5803.T,フジクラ,自動車部材・部品,自動車・モビリティ,https://s.kabutan.jp/themes/%E8%87%AA%E5%8B%95%E8%BB%8A%E9%83%A8%E6%9D%90%E3%83%BB%E9%83%A8%E5%93%81/?market=all
6,5803,5803.T,フジクラ,送電,データセンター・電力,https://s.kabutan.jp/themes/%E9%80%81%E9%9B%BB/?market=all
6,5803,5803.T,フジクラ,電力設備投資関連,データセンター・電力,https://s.kabutan.jp/themes/%E9%9B%BB%E5%8A%9B%E8%A8%AD%E5%82%99%E6%8A%95%E8%B3%87%E9%96%A2%E9%80%A3/?market=all
6,5803,5803.T,フジクラ,電線,データセンター・電力,https://s.kabutan.jp/themes/%E9%9B%BB%E7%B7%9A/?market=all
6,5803,5803.T,フジクラ,電線地中化,防衛・国土強靱化,https://s.kabutan.jp/themes/%E9%9B%BB%E7%B7%9A%E5%9C%B0%E4%B8%AD%E5%8C%96/?market=all
6,5805,5805.T,ＳＷＣＣ,スマートグリッド,データセンター・電力,https://s.kabutan.jp/themes/%E3%82%B9%E3%83%9E%E3%83%BC%E3%83%88%E3%82%B0%E3%83%AA%E3%83%83%E3%83%89/?market=all
6,5805,5805.T,ＳＷＣＣ,データセンター,データセンター・電力,https://s.kabutan.jp/themes/%E3%83%87%E3%83%BC%E3%82%BF%E3%82%BB%E3%83%B3%E3%82%BF%E3%83%BC/?market=all
6,5805,5805.T,ＳＷＣＣ,光ファイバー,データセンター・電力,https://s.kabutan.jp/themes/%E5%85%89%E3%83%95%E3%82%A1%E3%82%A4%E3%83%90%E3%83%BC/?market=all
6,5805,5805.T,ＳＷＣＣ,耐震化,防衛・国土強靱化,https://s.kabutan.jp/themes/%E8%80%90%E9%9C%87%E5%8C%96/?market=all
6,5805,5805.T,ＳＷＣＣ,自動車部材・部品,自動車・モビリティ,https://s.kabutan.jp/themes/%E8%87%AA%E5%8B%95%E8%BB%8A%E9%83%A8%E6%9D%90%E3%83%BB%E9%83%A8%E5%93%81/?market=all
6,5805,5805.T,ＳＷＣＣ,送電,データセンター・電力,https://s.kabutan.jp/themes/%E9%80%81%E9%9B%BB/?market=all
6,5805,5805.T,ＳＷＣＣ,防災,防衛・国土強靱化,https://s.kabutan.jp/themes/%E9%98%B2%E7%81%BD/?market=all
6,5805,5805.T,ＳＷＣＣ,電力設備投資関連,データセンター・電力,https://s.kabutan.jp/themes/%E9%9B%BB%E5%8A%9B%E8%A8%AD%E5%82%99%E6%8A%95%E8%B3%87%E9%96%A2%E9%80%A3/?market=all
6,5805,5805.T,ＳＷＣＣ,電気自動車関連,自動車・モビリティ,https://s.kabutan.jp/themes/%E9%9B%BB%E6%B0%97%E8%87%AA%E5%8B%95%E8%BB%8A%E9%96%A2%E9%80%A3/?market=all
6,5805,5805.T,ＳＷＣＣ,電線,データセンター・電力,https://s.kabutan.jp/themes/%E9%9B%BB%E7%B7%9A/?market=all
6,5805,5805.T,ＳＷＣＣ,電線地中化,防衛・国土強靱化,https://s.kabutan.jp/themes/%E9%9B%BB%E7%B7%9A%E5%9C%B0%E4%B8%AD%E5%8C%96/?market=all
6,5816,5816.T,5816.T,スマートグリッド,データセンター・電力,https://s.kabutan.jp/themes/%E3%82%B9%E3%83%9E%E3%83%BC%E3%83%88%E3%82%B0%E3%83%AA%E3%83%83%E3%83%89/?market=all
6,5816,5816.T,5816.T,自動車部材・部品,自動車・モビリティ,https://s.kabutan.jp/themes/%E8%87%AA%E5%8B%95%E8%BB%8A%E9%83%A8%E6%9D%90%E3%83%BB%E9%83%A8%E5%93%81/?market=all
6,5816,5816.T,5816.T,送電,データセンター・電力,https://s.kabutan.jp/themes/%E9%80%81%E9%9B%BB/?market=all
6,5816,5816.T,5816.T,電線,データセンター・電力,https://s.kabutan.jp/themes/%E9%9B%BB%E7%B7%9A/?market=all
6,5817,5817.T,ＪＭＡＣＳ,IoT,設備投資・機械,https://s.kabutan.jp/themes/IoT/?market=all
6,5817,5817.T,ＪＭＡＣＳ,データセンター,データセンター・電力,https://s.kabutan.jp/themes/%E3%83%87%E3%83%BC%E3%82%BF%E3%82%BB%E3%83%B3%E3%82%BF%E3%83%BC/?market=all
6,5817,5817.T,ＪＭＡＣＳ,ロボット,AI・半導体,https://s.kabutan.jp/themes/%E3%83%AD%E3%83%9C%E3%83%83%E3%83%88/?market=all
6,5817,5817.T,ＪＭＡＣＳ,人工知能,AI・半導体,https://s.kabutan.jp/themes/%E4%BA%BA%E5%B7%A5%E7%9F%A5%E8%83%BD/?market=all
6,5817,5817.T,ＪＭＡＣＳ,光ファイバー,データセンター・電力,https://s.kabutan.jp/themes/%E5%85%89%E3%83%95%E3%82%A1%E3%82%A4%E3%83%90%E3%83%BC/?market=all
6,5817,5817.T,ＪＭＡＣＳ,送電,データセンター・電力,https://s.kabutan.jp/themes/%E9%80%81%E9%9B%BB/?market=all
6,5817,5817.T,ＪＭＡＣＳ,防災,防衛・国土強靱化,https://s.kabutan.jp/themes/%E9%98%B2%E7%81%BD/?market=all
6,5817,5817.T,ＪＭＡＣＳ,電線,データセンター・電力,https://s.kabutan.jp/themes/%E9%9B%BB%E7%B7%9A/?market=all
6,5819,5819.T,5819.T,光ファイバー,データセンター・電力,https://s.kabutan.jp/themes/%E5%85%89%E3%83%95%E3%82%A1%E3%82%A4%E3%83%90%E3%83%BC/?market=all
6,5819,5819.T,5819.T,送電,データセンター・電力,https://s.kabutan.jp/themes/%E9%80%81%E9%9B%BB/?market=all
6,5819,5819.T,5819.T,電線,データセンター・電力,https://s.kabutan.jp/themes/%E9%9B%BB%E7%B7%9A/?market=all
6,581A,581A.T,581A.T,MaaS,自動車・モビリティ,https://s.kabutan.jp/themes/MaaS/?market=all
6,581A,581A.T,581A.T,インバウンド,内需・消費,https://s.kabutan.jp/themes/%E3%82%A4%E3%83%B3%E3%83%90%E3%82%A6%E3%83%B3%E3%83%89/?market=all
6,581A,581A.T,581A.T,キャッシュレス決済,金融・金利,https://s.kabutan.jp/themes/%E3%82%AD%E3%83%A3%E3%83%83%E3%82%B7%E3%83%A5%E3%83%AC%E3%82%B9%E6%B1%BA%E6%B8%88/?market=all
6,581A,581A.T,581A.T,デジタルトランスフォーメーション,デジタル・サービス,https://s.kabutan.jp/themes/%E3%83%87%E3%82%B8%E3%82%BF%E3%83%AB%E3%83%88%E3%83%A9%E3%83%B3%E3%82%B9%E3%83%95%E3%82%A9%E3%83%BC%E3%83%A1%E3%83%BC%E3%82%B7%E3%83%A7%E3%83%B3/?market=all
6,581A,581A.T,581A.T,自動運転車,自動車・モビリティ,https://s.kabutan.jp/themes/%E8%87%AA%E5%8B%95%E9%81%8B%E8%BB%A2%E8%BB%8A/?market=all
6,5820,5820.T,5820.T,ロボット,AI・半導体,https://s.kabutan.jp/themes/%E3%83%AD%E3%83%9C%E3%83%83%E3%83%88/?market=all
6,5820,5820.T,5820.T,下水道,防衛・国土強靱化,https://s.kabutan.jp/themes/%E4%B8%8B%E6%B0%B4%E9%81%93/?market=all
6,5820,5820.T,5820.T,自動車部材・部品,自動車・モビリティ,https://s.kabutan.jp/themes/%E8%87%AA%E5%8B%95%E8%BB%8A%E9%83%A8%E6%9D%90%E3%83%BB%E9%83%A8%E5%93%81/?market=all
6,5820,5820.T,5820.T,電気自動車関連,自動車・モビリティ,https://s.kabutan.jp/themes/%E9%9B%BB%E6%B0%97%E8%87%AA%E5%8B%95%E8%BB%8A%E9%96%A2%E9%80%A3/?market=all
6,5820,5820.T,5820.T,電線,データセンター・電力,https://s.kabutan.jp/themes/%E9%9B%BB%E7%B7%9A/?market=all
6,5821,5821.T,平河ヒューテ,データセンター,データセンター・電力,https://s.kabutan.jp/themes/%E3%83%87%E3%83%BC%E3%82%BF%E3%82%BB%E3%83%B3%E3%82%BF%E3%83%BC/?market=all
6,5821,5821.T,平河ヒューテ,半導体製造装置,AI・半導体,https://s.kabutan.jp/themes/%E5%8D%8A%E5%B0%8E%E4%BD%93%E8%A3%BD%E9%80%A0%E8%A3%85%E7%BD%AE/?market=all
6,5821,5821.T,平河ヒューテ,自動車部材・部品,自動車・モビリティ,https://s.kabutan.jp/themes/%E8%87%AA%E5%8B%95%E8%BB%8A%E9%83%A8%E6%9D%90%E3%83%BB%E9%83%A8%E5%93%81/?market=all
6,5821,5821.T,平河ヒューテ,送電,データセンター・電力,https://s.kabutan.jp/themes/%E9%80%81%E9%9B%BB/?market=all
6,5821,5821.T,平河ヒューテ,電線,データセンター・電力,https://s.kabutan.jp/themes/%E9%9B%BB%E7%B7%9A/?market=all
6,5830,5830.T,いよぎんＨＤ,リース,金融・金利,https://s.kabutan.jp/themes/%E3%83%AA%E3%83%BC%E3%82%B9/?market=all
6,5830,5830.T,いよぎんＨＤ,地方銀行,金融・金利,https://s.kabutan.jp/themes/%E5%9C%B0%E6%96%B9%E9%8A%80%E8%A1%8C/?market=all
6,5830,5830.T,いよぎんＨＤ,金利上昇メリット,金融・金利,https://s.kabutan.jp/themes/%E9%87%91%E5%88%A9%E4%B8%8A%E6%98%87%E3%83%A1%E3%83%AA%E3%83%83%E3%83%88/?market=all
6,5830,5830.T,いよぎんＨＤ,銀行,金融・金利,https://s.kabutan.jp/themes/%E9%8A%80%E8%A1%8C/?market=all
6,5831,5831.T,しずおかＦＧ,フィンテック,金融・金利,https://s.kabutan.jp/themes/%E3%83%95%E3%82%A3%E3%83%B3%E3%83%86%E3%83%83%E3%82%AF/?market=all
6,5831,5831.T,しずおかＦＧ,リース,金融・金利,https://s.kabutan.jp/themes/%E3%83%AA%E3%83%BC%E3%82%B9/?market=all
6,5831,5831.T,しずおかＦＧ,地方銀行,金融・金利,https://s.kabutan.jp/themes/%E5%9C%B0%E6%96%B9%E9%8A%80%E8%A1%8C/?market=all
6,5831,5831.T,しずおかＦＧ,金利上昇メリット,金融・金利,https://s.kabutan.jp/themes/%E9%87%91%E5%88%A9%E4%B8%8A%E6%98%87%E3%83%A1%E3%83%AA%E3%83%83%E3%83%88/?market=all
6,5831,5831.T,しずおかＦＧ,銀行,金融・金利,https://s.kabutan.jp/themes/%E9%8A%80%E8%A1%8C/?market=all
6,5832,5832.T,ちゅうぎんＦ,リース,金融・金利,https://s.kabutan.jp/themes/%E3%83%AA%E3%83%BC%E3%82%B9/?market=all
6,5832,5832.T,ちゅうぎんＦ,地方銀行,金融・金利,https://s.kabutan.jp/themes/%E5%9C%B0%E6%96%B9%E9%8A%80%E8%A1%8C/?market=all
6,5832,5832.T,ちゅうぎんＦ,証券,金融・金利,https://s.kabutan.jp/themes/%E8%A8%BC%E5%88%B8/?market=all
6,5832,5832.T,ちゅうぎんＦ,金利上昇メリット,金融・金利,https://s.kabutan.jp/themes/%E9%87%91%E5%88%A9%E4%B8%8A%E6%98%87%E3%83%A1%E3%83%AA%E3%83%83%E3%83%88/?market=all
6,5832,5832.T,ちゅうぎんＦ,銀行,金融・金利,https://s.kabutan.jp/themes/%E9%8A%80%E8%A1%8C/?market=all
6,5834,5834.T,5834.T,リース,金融・金利,https://s.kabutan.jp/themes/%E3%83%AA%E3%83%BC%E3%82%B9/?market=all
6,5838,5838.T,5838.T,ネット銀行,金融・金利,https://s.kabutan.jp/themes/%E3%83%8D%E3%83%83%E3%83%88%E9%8A%80%E8%A1%8C/?market=all
6,5838,5838.T,5838.T,銀行,金融・金利,https://s.kabutan.jp/themes/%E9%8A%80%E8%A1%8C/?market=all
6,5839,5839.T,,不動産関連,不動産・建設,https://s.kabutan.jp/themes/%E4%B8%8D%E5%8B%95%E7%94%A3%E9%96%A2%E9%80%A3/?market=all
6,5839,5839.T,,保険,金融・金利,https://s.kabutan.jp/themes/%E4%BF%9D%E9%99%BA/?market=all
6,5843,5843.T,5843.T,不動産テック,不動産・建設,https://s.kabutan.jp/themes/%E4%B8%8D%E5%8B%95%E7%94%A3%E3%83%86%E3%83%83%E3%82%AF/?market=all
6,5843,5843.T,5843.T,不動産関連,不動産・建設,https://s.kabutan.jp/themes/%E4%B8%8D%E5%8B%95%E7%94%A3%E9%96%A2%E9%80%A3/?market=all
6,5843,5843.T,5843.T,介護関連,医療・ヘルスケア,https://s.kabutan.jp/themes/%E4%BB%8B%E8%AD%B7%E9%96%A2%E9%80%A3/?market=all
6,5844,5844.T,京都ＦＧ,地方銀行,金融・金利,https://s.kabutan.jp/themes/%E5%9C%B0%E6%96%B9%E9%8A%80%E8%A1%8C/?market=all
6,5844,5844.T,京都ＦＧ,金利上昇メリット,金融・金利,https://s.kabutan.jp/themes/%E9%87%91%E5%88%A9%E4%B8%8A%E6%98%87%E3%83%A1%E3%83%AA%E3%83%83%E3%83%88/?market=all
6,5844,5844.T,京都ＦＧ,銀行,金融・金利,https://s.kabutan.jp/themes/%E9%8A%80%E8%A1%8C/?market=all
6,5845,5845.T,5845.T,不動産テック,不動産・建設,https://s.kabutan.jp/themes/%E4%B8%8D%E5%8B%95%E7%94%A3%E3%83%86%E3%83%83%E3%82%AF/?market=all
6,5845,5845.T,5845.T,不動産関連,不動産・建設,https://s.kabutan.jp/themes/%E4%B8%8D%E5%8B%95%E7%94%A3%E9%96%A2%E9%80%A3/?market=all
6,584A,584A.T,ＬｉＮＫＸ,IT関連,デジタル・サービス,https://s.kabutan.jp/themes/IT%E9%96%A2%E9%80%A3/?market=all
6,584A,584A.T,ＬｉＮＫＸ,クラウドコンピューティング,デジタル・サービス,https://s.kabutan.jp/themes/%E3%82%AF%E3%83%A9%E3%82%A6%E3%83%89%E3%82%B3%E3%83%B3%E3%83%94%E3%83%A5%E3%83%BC%E3%83%86%E3%82%A3%E3%83%B3%E3%82%B0/?market=all
6,584A,584A.T,ＬｉＮＫＸ,デジタルトランスフォーメーション,デジタル・サービス,https://s.kabutan.jp/themes/%E3%83%87%E3%82%B8%E3%82%BF%E3%83%AB%E3%83%88%E3%83%A9%E3%83%B3%E3%82%B9%E3%83%95%E3%82%A9%E3%83%BC%E3%83%A1%E3%83%BC%E3%82%B7%E3%83%A7%E3%83%B3/?market=all
6,584A,584A.T,ＬｉＮＫＸ,フィンテック,金融・金利,https://s.kabutan.jp/themes/%E3%83%95%E3%82%A3%E3%83%B3%E3%83%86%E3%83%83%E3%82%AF/?market=all
6,584A,584A.T,ＬｉＮＫＸ,人工知能,AI・半導体,https://s.kabutan.jp/themes/%E4%BA%BA%E5%B7%A5%E7%9F%A5%E8%83%BD/?market=all
6,5851,5851.T,5851.T,自動車部材・部品,自動車・モビリティ,https://s.kabutan.jp/themes/%E8%87%AA%E5%8B%95%E8%BB%8A%E9%83%A8%E6%9D%90%E3%83%BB%E9%83%A8%E5%93%81/?market=all
6,5851,5851.T,5851.T,電気自動車関連,自動車・モビリティ,https://s.kabutan.jp/themes/%E9%9B%BB%E6%B0%97%E8%87%AA%E5%8B%95%E8%BB%8A%E9%96%A2%E9%80%A3/?market=all
6,5852,5852.T,5852.T,アルミニウム,資源・素材,https://s.kabutan.jp/themes/%E3%82%A2%E3%83%AB%E3%83%9F%E3%83%8B%E3%82%A6%E3%83%A0/?market=all
6,5852,5852.T,5852.T,自動車部材・部品,自動車・モビリティ,https://s.kabutan.jp/themes/%E8%87%AA%E5%8B%95%E8%BB%8A%E9%83%A8%E6%9D%90%E3%83%BB%E9%83%A8%E5%93%81/?market=all
6,5857,5857.T,ＡＲＥＨＤ,レアアース,資源・素材,https://s.kabutan.jp/themes/%E3%83%AC%E3%82%A2%E3%82%A2%E3%83%BC%E3%82%B9/?market=all
6,5857,5857.T,ＡＲＥＨＤ,レアメタル,資源・素材,https://s.kabutan.jp/themes/%E3%83%AC%E3%82%A2%E3%83%A1%E3%82%BF%E3%83%AB/?market=all
6,5857,5857.T,ＡＲＥＨＤ,都市鉱山,資源・素材,https://s.kabutan.jp/themes/%E9%83%BD%E5%B8%82%E9%89%B1%E5%B1%B1/?market=all
6,5857,5857.T,ＡＲＥＨＤ,金,資源・素材,https://s.kabutan.jp/themes/%E9%87%91/?market=all
6,5858,5858.T,5858.T,アルミニウム,資源・素材,https://s.kabutan.jp/themes/%E3%82%A2%E3%83%AB%E3%83%9F%E3%83%8B%E3%82%A6%E3%83%A0/?market=all
6,5858,5858.T,5858.T,自動車軽量化,自動車・モビリティ,https://s.kabutan.jp/themes/%E8%87%AA%E5%8B%95%E8%BB%8A%E8%BB%BD%E9%87%8F%E5%8C%96/?market=all
6,5858,5858.T,5858.T,自動車部材・部品,自動車・モビリティ,https://s.kabutan.jp/themes/%E8%87%AA%E5%8B%95%E8%BB%8A%E9%83%A8%E6%9D%90%E3%83%BB%E9%83%A8%E5%93%81/?market=all
6,5858,5858.T,5858.T,非鉄,資源・素材,https://s.kabutan.jp/themes/%E9%9D%9E%E9%89%84/?market=all
6,5868,5868.T,5868.T,IT関連,デジタル・サービス,https://s.kabutan.jp/themes/IT%E9%96%A2%E9%80%A3/?market=all
6,5868,5868.T,5868.T,クラウドコンピューティング,デジタル・サービス,https://s.kabutan.jp/themes/%E3%82%AF%E3%83%A9%E3%82%A6%E3%83%89%E3%82%B3%E3%83%B3%E3%83%94%E3%83%A5%E3%83%BC%E3%83%86%E3%82%A3%E3%83%B3%E3%82%B0/?market=all
6,5870,5870.T,5870.T,リース,金融・金利,https://s.kabutan.jp/themes/%E3%83%AA%E3%83%BC%E3%82%B9/?market=all
6,5871,5871.T,5871.T,3Dプリンター,設備投資・機械,https://s.kabutan.jp/themes/3D%E3%83%97%E3%83%AA%E3%83%B3%E3%82%BF%E3%83%BC/?market=all
6,5884,5884.T,5884.T,eコマース,内需・消費,https://s.kabutan.jp/themes/e%E3%82%B3%E3%83%9E%E3%83%BC%E3%82%B9/?market=all
6,5884,5884.T,5884.T,サブスクリプション,デジタル・サービス,https://s.kabutan.jp/themes/%E3%82%B5%E3%83%96%E3%82%B9%E3%82%AF%E3%83%AA%E3%83%97%E3%82%B7%E3%83%A7%E3%83%B3/?market=all
6,5884,5884.T,5884.T,小売り,内需・消費,https://s.kabutan.jp/themes/%E5%B0%8F%E5%A3%B2%E3%82%8A/?market=all
6,5884,5884.T,5884.T,食品,内需・消費,https://s.kabutan.jp/themes/%E9%A3%9F%E5%93%81/?market=all
6,5885,5885.T,ジーデップ,エッジコンピューティング,AI・半導体,https://s.kabutan.jp/themes/%E3%82%A8%E3%83%83%E3%82%B8%E3%82%B3%E3%83%B3%E3%83%94%E3%83%A5%E3%83%BC%E3%83%86%E3%82%A3%E3%83%B3%E3%82%B0/?market=all
6,5885,5885.T,ジーデップ,クラウドコンピューティング,デジタル・サービス,https://s.kabutan.jp/themes/%E3%82%AF%E3%83%A9%E3%82%A6%E3%83%89%E3%82%B3%E3%83%B3%E3%83%94%E3%83%A5%E3%83%BC%E3%83%86%E3%82%A3%E3%83%B3%E3%82%B0/?market=all
6,5885,5885.T,ジーデップ,サブスクリプション,デジタル・サービス,https://s.kabutan.jp/themes/%E3%82%B5%E3%83%96%E3%82%B9%E3%82%AF%E3%83%AA%E3%83%97%E3%82%B7%E3%83%A7%E3%83%B3/?market=all
6,5885,5885.T,ジーデップ,デジタルトランスフォーメーション,デジタル・サービス,https://s.kabutan.jp/themes/%E3%83%87%E3%82%B8%E3%82%BF%E3%83%AB%E3%83%88%E3%83%A9%E3%83%B3%E3%82%B9%E3%83%95%E3%82%A9%E3%83%BC%E3%83%A1%E3%83%BC%E3%82%B7%E3%83%A7%E3%83%B3/?market=all
6,5885,5885.T,ジーデップ,フィジカルAI,AI・半導体,https://s.kabutan.jp/themes/%E3%83%95%E3%82%A3%E3%82%B8%E3%82%AB%E3%83%ABAI/?market=all
6,5885,5885.T,ジーデップ,人工知能,AI・半導体,https://s.kabutan.jp/themes/%E4%BA%BA%E5%B7%A5%E7%9F%A5%E8%83%BD/?market=all
6,5889,5889.T,5889.T,小売り,内需・消費,https://s.kabutan.jp/themes/%E5%B0%8F%E5%A3%B2%E3%82%8A/?market=all
6,5891,5891.T,5891.T,外食,内需・消費,https://s.kabutan.jp/themes/%E5%A4%96%E9%A3%9F/?market=all
6,5892,5892.T,5892.T,eコマース,内需・消費,https://s.kabutan.jp/themes/e%E3%82%B3%E3%83%9E%E3%83%BC%E3%82%B9/?market=all
6,5892,5892.T,5892.T,小売り,内需・消費,https://s.kabutan.jp/themes/%E5%B0%8F%E5%A3%B2%E3%82%8A/?market=all
6,5900,5900.T,5900.T,住宅関連,不動産・建設,https://s.kabutan.jp/themes/%E4%BD%8F%E5%AE%85%E9%96%A2%E9%80%A3/?market=all
6,5900,5900.T,5900.T,防災,防衛・国土強靱化,https://s.kabutan.jp/themes/%E9%98%B2%E7%81%BD/?market=all
6,5901,5901.T,5901.T,アルミニウム,資源・素材,https://s.kabutan.jp/themes/%E3%82%A2%E3%83%AB%E3%83%9F%E3%83%8B%E3%82%A6%E3%83%A0/?market=all
6,5901,5901.T,5901.T,機械,設備投資・機械,https://s.kabutan.jp/themes/%E6%A9%9F%E6%A2%B0/?market=all
6,5901,5901.T,5901.T,自動車部材・部品,自動車・モビリティ,https://s.kabutan.jp/themes/%E8%87%AA%E5%8B%95%E8%BB%8A%E9%83%A8%E6%9D%90%E3%83%BB%E9%83%A8%E5%93%81/?market=all
6,5902,5902.T,5902.T,アルミニウム,資源・素材,https://s.kabutan.jp/themes/%E3%82%A2%E3%83%AB%E3%83%9F%E3%83%8B%E3%82%A6%E3%83%A0/?market=all
6,5902,5902.T,5902.T,機械,設備投資・機械,https://s.kabutan.jp/themes/%E6%A9%9F%E6%A2%B0/?market=all
6,5906,5906.T,5906.T,ロボット,AI・半導体,https://s.kabutan.jp/themes/%E3%83%AD%E3%83%9C%E3%83%83%E3%83%88/?market=all
6,5906,5906.T,5906.T,機械,設備投資・機械,https://s.kabutan.jp/themes/%E6%A9%9F%E6%A2%B0/?market=all
6,590A,590A.T,590A.T,IT関連,デジタル・サービス,https://s.kabutan.jp/themes/IT%E9%96%A2%E9%80%A3/?market=all
6,590A,590A.T,590A.T,MaaS,自動車・モビリティ,https://s.kabutan.jp/themes/MaaS/?market=all
6,5911,5911.T,5911.T,国土強靱化,防衛・国土強靱化,https://s.kabutan.jp/themes/%E5%9B%BD%E5%9C%9F%E5%BC%B7%E9%9D%B1%E5%8C%96/?market=all
6,5911,5911.T,5911.T,建設,不動産・建設,https://s.kabutan.jp/themes/%E5%BB%BA%E8%A8%AD/?market=all
6,5911,5911.T,5911.T,耐震化,防衛・国土強靱化,https://s.kabutan.jp/themes/%E8%80%90%E9%9C%87%E5%8C%96/?market=all
6,5915,5915.T,5915.T,再生可能エネルギー,GX・エネルギー,https://s.kabutan.jp/themes/%E5%86%8D%E7%94%9F%E5%8F%AF%E8%83%BD%E3%82%A8%E3%83%8D%E3%83%AB%E3%82%AE%E3%83%BC/?market=all
6,5915,5915.T,5915.T,国土強靱化,防衛・国土強靱化,https://s.kabutan.jp/themes/%E5%9B%BD%E5%9C%9F%E5%BC%B7%E9%9D%B1%E5%8C%96/?market=all
6,5915,5915.T,5915.T,風力発電,GX・エネルギー,https://s.kabutan.jp/themes/%E9%A2%A8%E5%8A%9B%E7%99%BA%E9%9B%BB/?market=all
6,5918,5918.T,5918.T,国土強靱化,防衛・国土強靱化,https://s.kabutan.jp/themes/%E5%9B%BD%E5%9C%9F%E5%BC%B7%E9%9D%B1%E5%8C%96/?market=all
6,5922,5922.T,5922.T,太陽光発電関連,GX・エネルギー,https://s.kabutan.jp/themes/%E5%A4%AA%E9%99%BD%E5%85%89%E7%99%BA%E9%9B%BB%E9%96%A2%E9%80%A3/?market=all
6,5922,5922.T,5922.T,水素,GX・エネルギー,https://s.kabutan.jp/themes/%E6%B0%B4%E7%B4%A0/?market=all
6,5922,5922.T,5922.T,送電,データセンター・電力,https://s.kabutan.jp/themes/%E9%80%81%E9%9B%BB/?market=all
6,5922,5922.T,5922.T,電力設備投資関連,データセンター・電力,https://s.kabutan.jp/themes/%E9%9B%BB%E5%8A%9B%E8%A8%AD%E5%82%99%E6%8A%95%E8%B3%87%E9%96%A2%E9%80%A3/?market=all
6,5922,5922.T,5922.T,電線地中化,防衛・国土強靱化,https://s.kabutan.jp/themes/%E9%9B%BB%E7%B7%9A%E5%9C%B0%E4%B8%AD%E5%8C%96/?market=all
6,5922,5922.T,5922.T,風力発電,GX・エネルギー,https://s.kabutan.jp/themes/%E9%A2%A8%E5%8A%9B%E7%99%BA%E9%9B%BB/?market=all
6,5928,5928.T,5928.T,住宅関連,不動産・建設,https://s.kabutan.jp/themes/%E4%BD%8F%E5%AE%85%E9%96%A2%E9%80%A3/?market=all
6,5932,5932.T,5932.T,アルミニウム,資源・素材,https://s.kabutan.jp/themes/%E3%82%A2%E3%83%AB%E3%83%9F%E3%83%8B%E3%82%A6%E3%83%A0/?market=all
6,5932,5932.T,5932.T,自動車部材・部品,自動車・モビリティ,https://s.kabutan.jp/themes/%E8%87%AA%E5%8B%95%E8%BB%8A%E9%83%A8%E6%9D%90%E3%83%BB%E9%83%A8%E5%93%81/?market=all
6,5932,5932.T,5932.T,電気自動車関連,自動車・モビリティ,https://s.kabutan.jp/themes/%E9%9B%BB%E6%B0%97%E8%87%AA%E5%8B%95%E8%BB%8A%E9%96%A2%E9%80%A3/?market=all
6,5933,5933.T,5933.T,国土強靱化,防衛・国土強靱化,https://s.kabutan.jp/themes/%E5%9B%BD%E5%9C%9F%E5%BC%B7%E9%9D%B1%E5%8C%96/?market=all
6,5938,5938.T,5938.T,太陽光発電関連,GX・エネルギー,https://s.kabutan.jp/themes/%E5%A4%AA%E9%99%BD%E5%85%89%E7%99%BA%E9%9B%BB%E9%96%A2%E9%80%A3/?market=all
6,5939,5939.T,5939.T,電力設備投資関連,データセンター・電力,https://s.kabutan.jp/themes/%E9%9B%BB%E5%8A%9B%E8%A8%AD%E5%82%99%E6%8A%95%E8%B3%87%E9%96%A2%E9%80%A3/?market=all
6,593A,593A.T,ティアフォー,MaaS,自動車・モビリティ,https://s.kabutan.jp/themes/MaaS/?market=all
6,593A,593A.T,ティアフォー,データ分析・解析,AI・半導体,https://s.kabutan.jp/themes/%E3%83%87%E3%83%BC%E3%82%BF%E5%88%86%E6%9E%90%E3%83%BB%E8%A7%A3%E6%9E%90/?market=all
6,593A,593A.T,ティアフォー,フィジカルAI,AI・半導体,https://s.kabutan.jp/themes/%E3%83%95%E3%82%A3%E3%82%B8%E3%82%AB%E3%83%ABAI/?market=all
6,593A,593A.T,ティアフォー,人工知能,AI・半導体,https://s.kabutan.jp/themes/%E4%BA%BA%E5%B7%A5%E7%9F%A5%E8%83%BD/?market=all
6,593A,593A.T,ティアフォー,自動運転車,自動車・モビリティ,https://s.kabutan.jp/themes/%E8%87%AA%E5%8B%95%E9%81%8B%E8%BB%A2%E8%BB%8A/?market=all
6,593A,593A.T,ティアフォー,電気自動車関連,自動車・モビリティ,https://s.kabutan.jp/themes/%E9%9B%BB%E6%B0%97%E8%87%AA%E5%8B%95%E8%BB%8A%E9%96%A2%E9%80%A3/?market=all
6,5940,5940.T,5940.T,アルミニウム,資源・素材,https://s.kabutan.jp/themes/%E3%82%A2%E3%83%AB%E3%83%9F%E3%83%8B%E3%82%A6%E3%83%A0/?market=all
6,5940,5940.T,5940.T,倉庫,物流・海運,https://s.kabutan.jp/themes/%E5%80%89%E5%BA%AB/?market=all
6,5940,5940.T,5940.T,防災,防衛・国土強靱化,https://s.kabutan.jp/themes/%E9%98%B2%E7%81%BD/?market=all
6,5941,5941.T,5941.T,水素,GX・エネルギー,https://s.kabutan.jp/themes/%E6%B0%B4%E7%B4%A0/?market=all
6,5942,5942.T,フイルコン,半導体製造装置,AI・半導体,https://s.kabutan.jp/themes/%E5%8D%8A%E5%B0%8E%E4%BD%93%E8%A3%BD%E9%80%A0%E8%A3%85%E7%BD%AE/?market=all
6,5942,5942.T,フイルコン,自動車部材・部品,自動車・モビリティ,https://s.kabutan.jp/themes/%E8%87%AA%E5%8B%95%E8%BB%8A%E9%83%A8%E6%9D%90%E3%83%BB%E9%83%A8%E5%93%81/?market=all
6,5942,5942.T,フイルコン,防災,防衛・国土強靱化,https://s.kabutan.jp/themes/%E9%98%B2%E7%81%BD/?market=all
6,5943,5943.T,5943.T,水素,GX・エネルギー,https://s.kabutan.jp/themes/%E6%B0%B4%E7%B4%A0/?market=all
6,5945,5945.T,5945.T,機械,設備投資・機械,https://s.kabutan.jp/themes/%E6%A9%9F%E6%A2%B0/?market=all
6,5947,5947.T,5947.T,水素,GX・エネルギー,https://s.kabutan.jp/themes/%E6%B0%B4%E7%B4%A0/?market=all
6,5949,5949.T,5949.T,自動車部材・部品,自動車・モビリティ,https://s.kabutan.jp/themes/%E8%87%AA%E5%8B%95%E8%BB%8A%E9%83%A8%E6%9D%90%E3%83%BB%E9%83%A8%E5%93%81/?market=all
6,5950,5950.T,5950.T,住宅関連,不動産・建設,https://s.kabutan.jp/themes/%E4%BD%8F%E5%AE%85%E9%96%A2%E9%80%A3/?market=all
6,5950,5950.T,5950.T,耐震化,防衛・国土強靱化,https://s.kabutan.jp/themes/%E8%80%90%E9%9C%87%E5%8C%96/?market=all
6,5950,5950.T,5950.T,自動車部材・部品,自動車・モビリティ,https://s.kabutan.jp/themes/%E8%87%AA%E5%8B%95%E8%BB%8A%E9%83%A8%E6%9D%90%E3%83%BB%E9%83%A8%E5%93%81/?market=all
6,5950,5950.T,5950.T,防災,防衛・国土強靱化,https://s.kabutan.jp/themes/%E9%98%B2%E7%81%BD/?market=all
6,5952,5952.T,5952.T,住宅関連,不動産・建設,https://s.kabutan.jp/themes/%E4%BD%8F%E5%AE%85%E9%96%A2%E9%80%A3/?market=all
6,5952,5952.T,5952.T,自動車部材・部品,自動車・モビリティ,https://s.kabutan.jp/themes/%E8%87%AA%E5%8B%95%E8%BB%8A%E9%83%A8%E6%9D%90%E3%83%BB%E9%83%A8%E5%93%81/?market=all
6,5952,5952.T,5952.T,電気自動車関連,自動車・モビリティ,https://s.kabutan.jp/themes/%E9%9B%BB%E6%B0%97%E8%87%AA%E5%8B%95%E8%BB%8A%E9%96%A2%E9%80%A3/?market=all
6,5955,5955.T,ワイズＨＤ,レアメタル,資源・素材,https://s.kabutan.jp/themes/%E3%83%AC%E3%82%A2%E3%83%A1%E3%82%BF%E3%83%AB/?market=all
6,5955,5955.T,ワイズＨＤ,ロボット,AI・半導体,https://s.kabutan.jp/themes/%E3%83%AD%E3%83%9C%E3%83%83%E3%83%88/?market=all
6,5955,5955.T,ワイズＨＤ,医療機器,医療・ヘルスケア,https://s.kabutan.jp/themes/%E5%8C%BB%E7%99%82%E6%A9%9F%E5%99%A8/?market=all
6,5955,5955.T,ワイズＨＤ,半導体,AI・半導体,https://s.kabutan.jp/themes/%E5%8D%8A%E5%B0%8E%E4%BD%93/?market=all
6,5955,5955.T,ワイズＨＤ,自動車部材・部品,自動車・モビリティ,https://s.kabutan.jp/themes/%E8%87%AA%E5%8B%95%E8%BB%8A%E9%83%A8%E6%9D%90%E3%83%BB%E9%83%A8%E5%93%81/?market=all
6,5955,5955.T,ワイズＨＤ,電線,データセンター・電力,https://s.kabutan.jp/themes/%E9%9B%BB%E7%B7%9A/?market=all
6,5956,5956.T,5956.T,介護関連,医療・ヘルスケア,https://s.kabutan.jp/themes/%E4%BB%8B%E8%AD%B7%E9%96%A2%E9%80%A3/?market=all
6,5956,5956.T,5956.T,住宅関連,不動産・建設,https://s.kabutan.jp/themes/%E4%BD%8F%E5%AE%85%E9%96%A2%E9%80%A3/?market=all
6,5957,5957.T,5957.T,ロボット,AI・半導体,https://s.kabutan.jp/themes/%E3%83%AD%E3%83%9C%E3%83%83%E3%83%88/?market=all
6,5957,5957.T,5957.T,医療機器,医療・ヘルスケア,https://s.kabutan.jp/themes/%E5%8C%BB%E7%99%82%E6%A9%9F%E5%99%A8/?market=all
6,5957,5957.T,5957.T,機械,設備投資・機械,https://s.kabutan.jp/themes/%E6%A9%9F%E6%A2%B0/?market=all
6,5957,5957.T,5957.T,自動車製造装置,自動車・モビリティ,https://s.kabutan.jp/themes/%E8%87%AA%E5%8B%95%E8%BB%8A%E8%A3%BD%E9%80%A0%E8%A3%85%E7%BD%AE/?market=all
6,5957,5957.T,5957.T,自動車部材・部品,自動車・モビリティ,https://s.kabutan.jp/themes/%E8%87%AA%E5%8B%95%E8%BB%8A%E9%83%A8%E6%9D%90%E3%83%BB%E9%83%A8%E5%93%81/?market=all
6,5958,5958.T,5958.T,アルミニウム,資源・素材,https://s.kabutan.jp/themes/%E3%82%A2%E3%83%AB%E3%83%9F%E3%83%8B%E3%82%A6%E3%83%A0/?market=all
6,5958,5958.T,5958.T,耐震化,防衛・国土強靱化,https://s.kabutan.jp/themes/%E8%80%90%E9%9C%87%E5%8C%96/?market=all
6,5959,5959.T,5959.T,耐震化,防衛・国土強靱化,https://s.kabutan.jp/themes/%E8%80%90%E9%9C%87%E5%8C%96/?market=all
6,5959,5959.T,5959.T,自動車部材・部品,自動車・モビリティ,https://s.kabutan.jp/themes/%E8%87%AA%E5%8B%95%E8%BB%8A%E9%83%A8%E6%9D%90%E3%83%BB%E9%83%A8%E5%93%81/?market=all
6,5959,5959.T,5959.T,防災,防衛・国土強靱化,https://s.kabutan.jp/themes/%E9%98%B2%E7%81%BD/?market=all
6,5962,5962.T,5962.T,物流,物流・海運,https://s.kabutan.jp/themes/%E7%89%A9%E6%B5%81/?market=all
6,5962,5962.T,5962.T,防災,防衛・国土強靱化,https://s.kabutan.jp/themes/%E9%98%B2%E7%81%BD/?market=all
6,5965,5965.T,5965.T,ホテル,内需・消費,https://s.kabutan.jp/themes/%E3%83%9B%E3%83%86%E3%83%AB/?market=all
6,5965,5965.T,5965.T,外食,内需・消費,https://s.kabutan.jp/themes/%E5%A4%96%E9%A3%9F/?market=all
6,5966,5966.T,5966.T,医療機器,医療・ヘルスケア,https://s.kabutan.jp/themes/%E5%8C%BB%E7%99%82%E6%A9%9F%E5%99%A8/?market=all
6,5970,5970.T,5970.T,自動車軽量化,自動車・モビリティ,https://s.kabutan.jp/themes/%E8%87%AA%E5%8B%95%E8%BB%8A%E8%BB%BD%E9%87%8F%E5%8C%96/?market=all
6,5970,5970.T,5970.T,自動車部材・部品,自動車・モビリティ,https://s.kabutan.jp/themes/%E8%87%AA%E5%8B%95%E8%BB%8A%E9%83%A8%E6%9D%90%E3%83%BB%E9%83%A8%E5%93%81/?market=all
6,5971,5971.T,5971.T,建設機械,設備投資・機械,https://s.kabutan.jp/themes/%E5%BB%BA%E8%A8%AD%E6%A9%9F%E6%A2%B0/?market=all
6,5971,5971.T,5971.T,自動車部材・部品,自動車・モビリティ,https://s.kabutan.jp/themes/%E8%87%AA%E5%8B%95%E8%BB%8A%E9%83%A8%E6%9D%90%E3%83%BB%E9%83%A8%E5%93%81/?market=all
6,5974,5974.T,5974.T,鉄鋼,資源・素材,https://s.kabutan.jp/themes/%E9%89%84%E9%8B%BC/?market=all
6,5975,5975.T,5975.T,自動車軽量化,自動車・モビリティ,https://s.kabutan.jp/themes/%E8%87%AA%E5%8B%95%E8%BB%8A%E8%BB%BD%E9%87%8F%E5%8C%96/?market=all
6,5975,5975.T,5975.T,自動車部材・部品,自動車・モビリティ,https://s.kabutan.jp/themes/%E8%87%AA%E5%8B%95%E8%BB%8A%E9%83%A8%E6%9D%90%E3%83%BB%E9%83%A8%E5%93%81/?market=all
6,5975,5975.T,5975.T,電気自動車関連,自動車・モビリティ,https://s.kabutan.jp/themes/%E9%9B%BB%E6%B0%97%E8%87%AA%E5%8B%95%E8%BB%8A%E9%96%A2%E9%80%A3/?market=all
6,5976,5976.T,5976.T,工作機械,設備投資・機械,https://s.kabutan.jp/themes/%E5%B7%A5%E4%BD%9C%E6%A9%9F%E6%A2%B0/?market=all
6,5976,5976.T,5976.T,建設機械,設備投資・機械,https://s.kabutan.jp/themes/%E5%BB%BA%E8%A8%AD%E6%A9%9F%E6%A2%B0/?market=all
6,5976,5976.T,5976.T,自動車部材・部品,自動車・モビリティ,https://s.kabutan.jp/themes/%E8%87%AA%E5%8B%95%E8%BB%8A%E9%83%A8%E6%9D%90%E3%83%BB%E9%83%A8%E5%93%81/?market=all
6,5979,5979.T,,下水道,防衛・国土強靱化,https://s.kabutan.jp/themes/%E4%B8%8B%E6%B0%B4%E9%81%93/?market=all
6,5979,5979.T,,耐震化,防衛・国土強靱化,https://s.kabutan.jp/themes/%E8%80%90%E9%9C%87%E5%8C%96/?market=all
6,5979,5979.T,,防災,防衛・国土強靱化,https://s.kabutan.jp/themes/%E9%98%B2%E7%81%BD/?market=all
6,5981,5981.T,5981.T,防災,防衛・国土強靱化,https://s.kabutan.jp/themes/%E9%98%B2%E7%81%BD/?market=all
6,5982,5982.T,5982.T,外食,内需・消費,https://s.kabutan.jp/themes/%E5%A4%96%E9%A3%9F/?market=all
6,5983,5983.T,5983.T,防災,防衛・国土強靱化,https://s.kabutan.jp/themes/%E9%98%B2%E7%81%BD/?market=all
6,5983,5983.T,5983.T,電力設備投資関連,データセンター・電力,https://s.kabutan.jp/themes/%E9%9B%BB%E5%8A%9B%E8%A8%AD%E5%82%99%E6%8A%95%E8%B3%87%E9%96%A2%E9%80%A3/?market=all
6,5984,5984.T,5984.T,円安メリット,内需・消費,https://s.kabutan.jp/themes/%E5%86%86%E5%AE%89%E3%83%A1%E3%83%AA%E3%83%83%E3%83%88/?market=all
6,5985,5985.T,サンコール,データセンター,データセンター・電力,https://s.kabutan.jp/themes/%E3%83%87%E3%83%BC%E3%82%BF%E3%82%BB%E3%83%B3%E3%82%BF%E3%83%BC/?market=all
6,5985,5985.T,サンコール,自動車部材・部品,自動車・モビリティ,https://s.kabutan.jp/themes/%E8%87%AA%E5%8B%95%E8%BB%8A%E9%83%A8%E6%9D%90%E3%83%BB%E9%83%A8%E5%93%81/?market=all
6,5985,5985.T,サンコール,電気自動車関連,自動車・モビリティ,https://s.kabutan.jp/themes/%E9%9B%BB%E6%B0%97%E8%87%AA%E5%8B%95%E8%BB%8A%E9%96%A2%E9%80%A3/?market=all
6,5986,5986.T,5986.T,自動車部材・部品,自動車・モビリティ,https://s.kabutan.jp/themes/%E8%87%AA%E5%8B%95%E8%BB%8A%E9%83%A8%E6%9D%90%E3%83%BB%E9%83%A8%E5%93%81/?market=all
6,5987,5987.T,5987.T,工作機械,設備投資・機械,https://s.kabutan.jp/themes/%E5%B7%A5%E4%BD%9C%E6%A9%9F%E6%A2%B0/?market=all
6,5987,5987.T,5987.T,建設機械,設備投資・機械,https://s.kabutan.jp/themes/%E5%BB%BA%E8%A8%AD%E6%A9%9F%E6%A2%B0/?market=all
6,5987,5987.T,5987.T,自動車軽量化,自動車・モビリティ,https://s.kabutan.jp/themes/%E8%87%AA%E5%8B%95%E8%BB%8A%E8%BB%BD%E9%87%8F%E5%8C%96/?market=all
6,5987,5987.T,5987.T,自動車部材・部品,自動車・モビリティ,https://s.kabutan.jp/themes/%E8%87%AA%E5%8B%95%E8%BB%8A%E9%83%A8%E6%9D%90%E3%83%BB%E9%83%A8%E5%93%81/?market=all
6,5987,5987.T,5987.T,風力発電,GX・エネルギー,https://s.kabutan.jp/themes/%E9%A2%A8%E5%8A%9B%E7%99%BA%E9%9B%BB/?market=all
6,5988,5988.T,5988.T,医療機器,医療・ヘルスケア,https://s.kabutan.jp/themes/%E5%8C%BB%E7%99%82%E6%A9%9F%E5%99%A8/?market=all
6,5988,5988.T,5988.T,自動車部材・部品,自動車・モビリティ,https://s.kabutan.jp/themes/%E8%87%AA%E5%8B%95%E8%BB%8A%E9%83%A8%E6%9D%90%E3%83%BB%E9%83%A8%E5%93%81/?market=all
6,5989,5989.T,5989.T,自動車部材・部品,自動車・モビリティ,https://s.kabutan.jp/themes/%E8%87%AA%E5%8B%95%E8%BB%8A%E9%83%A8%E6%9D%90%E3%83%BB%E9%83%A8%E5%93%81/?market=all
6,598A,598A.T,チャットプラ,AIエージェント,AI・半導体,https://s.kabutan.jp/themes/AI%E3%82%A8%E3%83%BC%E3%82%B8%E3%82%A7%E3%83%B3%E3%83%88/?market=all
6,598A,598A.T,チャットプラ,SaaS,デジタル・サービス,https://s.kabutan.jp/themes/SaaS/?market=all
6,598A,598A.T,チャットプラ,サブスクリプション,デジタル・サービス,https://s.kabutan.jp/themes/%E3%82%B5%E3%83%96%E3%82%B9%E3%82%AF%E3%83%AA%E3%83%97%E3%82%B7%E3%83%A7%E3%83%B3/?market=all
6,598A,598A.T,チャットプラ,人工知能,AI・半導体,https://s.kabutan.jp/themes/%E4%BA%BA%E5%B7%A5%E7%9F%A5%E8%83%BD/?market=all
6,598A,598A.T,チャットプラ,生成AI,AI・半導体,https://s.kabutan.jp/themes/%E7%94%9F%E6%88%90AI/?market=all
6,5991,5991.T,ニッパツ,半導体製造装置,AI・半導体,https://s.kabutan.jp/themes/%E5%8D%8A%E5%B0%8E%E4%BD%93%E8%A3%BD%E9%80%A0%E8%A3%85%E7%BD%AE/?market=all
6,5991,5991.T,ニッパツ,空飛ぶクルマ,自動車・モビリティ,https://s.kabutan.jp/themes/%E7%A9%BA%E9%A3%9B%E3%81%B6%E3%82%AF%E3%83%AB%E3%83%9E/?market=all
6,5991,5991.T,ニッパツ,自動車部材・部品,自動車・モビリティ,https://s.kabutan.jp/themes/%E8%87%AA%E5%8B%95%E8%BB%8A%E9%83%A8%E6%9D%90%E3%83%BB%E9%83%A8%E5%93%81/?market=all
6,5992,5992.T,5992.T,自動車部材・部品,自動車・モビリティ,https://s.kabutan.jp/themes/%E8%87%AA%E5%8B%95%E8%BB%8A%E9%83%A8%E6%9D%90%E3%83%BB%E9%83%A8%E5%93%81/?market=all
6,5992,5992.T,5992.T,電気自動車関連,自動車・モビリティ,https://s.kabutan.jp/themes/%E9%9B%BB%E6%B0%97%E8%87%AA%E5%8B%95%E8%BB%8A%E9%96%A2%E9%80%A3/?market=all
6,5994,5994.T,5994.T,建設機械,設備投資・機械,https://s.kabutan.jp/themes/%E5%BB%BA%E8%A8%AD%E6%A9%9F%E6%A2%B0/?market=all
6,5994,5994.T,5994.T,自動車部材・部品,自動車・モビリティ,https://s.kabutan.jp/themes/%E8%87%AA%E5%8B%95%E8%BB%8A%E9%83%A8%E6%9D%90%E3%83%BB%E9%83%A8%E5%93%81/?market=all
6,5994,5994.T,5994.T,鉄道関連,物流・海運,https://s.kabutan.jp/themes/%E9%89%84%E9%81%93%E9%96%A2%E9%80%A3/?market=all
6,5998,5998.T,5998.T,円安メリット,内需・消費,https://s.kabutan.jp/themes/%E5%86%86%E5%AE%89%E3%83%A1%E3%83%AA%E3%83%83%E3%83%88/?market=all
6,5998,5998.T,5998.T,医療機器,医療・ヘルスケア,https://s.kabutan.jp/themes/%E5%8C%BB%E7%99%82%E6%A9%9F%E5%99%A8/?market=all
6,5998,5998.T,5998.T,自動車部材・部品,自動車・モビリティ,https://s.kabutan.jp/themes/%E8%87%AA%E5%8B%95%E8%BB%8A%E9%83%A8%E6%9D%90%E3%83%BB%E9%83%A8%E5%93%81/?market=all
6,6005,6005.T,6005.T,医療機器,医療・ヘルスケア,https://s.kabutan.jp/themes/%E5%8C%BB%E7%99%82%E6%A9%9F%E5%99%A8/?market=all
6,6005,6005.T,6005.T,機械,設備投資・機械,https://s.kabutan.jp/themes/%E6%A9%9F%E6%A2%B0/?market=all
6,6005,6005.T,6005.T,水素,GX・エネルギー,https://s.kabutan.jp/themes/%E6%B0%B4%E7%B4%A0/?market=all
6,6005,6005.T,6005.T,脱炭素,GX・エネルギー,https://s.kabutan.jp/themes/%E8%84%B1%E7%82%AD%E7%B4%A0/?market=all
6,6013,6013.T,6013.T,再生可能エネルギー,GX・エネルギー,https://s.kabutan.jp/themes/%E5%86%8D%E7%94%9F%E5%8F%AF%E8%83%BD%E3%82%A8%E3%83%8D%E3%83%AB%E3%82%AE%E3%83%BC/?market=all
6,6013,6013.T,6013.T,機械,設備投資・機械,https://s.kabutan.jp/themes/%E6%A9%9F%E6%A2%B0/?market=all
6,6013,6013.T,6013.T,都市鉱山,資源・素材,https://s.kabutan.jp/themes/%E9%83%BD%E5%B8%82%E9%89%B1%E5%B1%B1/?market=all
6,6016,6016.T,6016.T,アンモニア,GX・エネルギー,https://s.kabutan.jp/themes/%E3%82%A2%E3%83%B3%E3%83%A2%E3%83%8B%E3%82%A2/?market=all
6,6016,6016.T,6016.T,水素,GX・エネルギー,https://s.kabutan.jp/themes/%E6%B0%B4%E7%B4%A0/?market=all
6,6018,6018.T,6018.T,省エネ関連,GX・エネルギー,https://s.kabutan.jp/themes/%E7%9C%81%E3%82%A8%E3%83%8D%E9%96%A2%E9%80%A3/?market=all
6,6022,6022.T,6022.T,アンモニア,GX・エネルギー,https://s.kabutan.jp/themes/%E3%82%A2%E3%83%B3%E3%83%A2%E3%83%8B%E3%82%A2/?market=all
6,6022,6022.T,6022.T,機械,設備投資・機械,https://s.kabutan.jp/themes/%E6%A9%9F%E6%A2%B0/?market=all
6,6022,6022.T,6022.T,水素,GX・エネルギー,https://s.kabutan.jp/themes/%E6%B0%B4%E7%B4%A0/?market=all
6,6022,6022.T,6022.T,脱炭素,GX・エネルギー,https://s.kabutan.jp/themes/%E8%84%B1%E7%82%AD%E7%B4%A0/?market=all
6,6023,6023.T,6023.T,水素,GX・エネルギー,https://s.kabutan.jp/themes/%E6%B0%B4%E7%B4%A0/?market=all
6,6023,6023.T,6023.T,脱炭素,GX・エネルギー,https://s.kabutan.jp/themes/%E8%84%B1%E7%82%AD%E7%B4%A0/?market=all
6,6025,6025.T,,生活防衛,内需・消費,https://s.kabutan.jp/themes/%E7%94%9F%E6%B4%BB%E9%98%B2%E8%A1%9B/?market=all
6,6027,6027.T,弁護士ＣＯＭ,IT関連,デジタル・サービス,https://s.kabutan.jp/themes/IT%E9%96%A2%E9%80%A3/?market=all
6,6027,6027.T,弁護士ＣＯＭ,クラウドコンピューティング,デジタル・サービス,https://s.kabutan.jp/themes/%E3%82%AF%E3%83%A9%E3%82%A6%E3%83%89%E3%82%B3%E3%83%B3%E3%83%94%E3%83%A5%E3%83%BC%E3%83%86%E3%82%A3%E3%83%B3%E3%82%B0/?market=all
6,6027,6027.T,弁護士ＣＯＭ,サブスクリプション,デジタル・サービス,https://s.kabutan.jp/themes/%E3%82%B5%E3%83%96%E3%82%B9%E3%82%AF%E3%83%AA%E3%83%97%E3%82%B7%E3%83%A7%E3%83%B3/?market=all
6,6027,6027.T,弁護士ＣＯＭ,デジタルトランスフォーメーション,デジタル・サービス,https://s.kabutan.jp/themes/%E3%83%87%E3%82%B8%E3%82%BF%E3%83%AB%E3%83%88%E3%83%A9%E3%83%B3%E3%82%B9%E3%83%95%E3%82%A9%E3%83%BC%E3%83%A1%E3%83%BC%E3%82%B7%E3%83%A7%E3%83%B3/?market=all
6,6027,6027.T,弁護士ＣＯＭ,不動産テック,不動産・建設,https://s.kabutan.jp/themes/%E4%B8%8D%E5%8B%95%E7%94%A3%E3%83%86%E3%83%83%E3%82%AF/?market=all
6,6027,6027.T,弁護士ＣＯＭ,人工知能,AI・半導体,https://s.kabutan.jp/themes/%E4%BA%BA%E5%B7%A5%E7%9F%A5%E8%83%BD/?market=all
6,6027,6027.T,弁護士ＣＯＭ,生成AI,AI・半導体,https://s.kabutan.jp/themes/%E7%94%9F%E6%88%90AI/?market=all
6,6027,6027.T,弁護士ＣＯＭ,電子政府,デジタル・サービス,https://s.kabutan.jp/themes/%E9%9B%BB%E5%AD%90%E6%94%BF%E5%BA%9C/?market=all
6,6029,6029.T,6029.T,eコマース,内需・消費,https://s.kabutan.jp/themes/e%E3%82%B3%E3%83%9E%E3%83%BC%E3%82%B9/?market=all
6,6029,6029.T,6029.T,介護関連,医療・ヘルスケア,https://s.kabutan.jp/themes/%E4%BB%8B%E8%AD%B7%E9%96%A2%E9%80%A3/?market=all
6,6030,6030.T,6030.T,インバウンド,内需・消費,https://s.kabutan.jp/themes/%E3%82%A4%E3%83%B3%E3%83%90%E3%82%A6%E3%83%B3%E3%83%89/?market=all
6,6030,6030.T,6030.T,サブスクリプション,デジタル・サービス,https://s.kabutan.jp/themes/%E3%82%B5%E3%83%96%E3%82%B9%E3%82%AF%E3%83%AA%E3%83%97%E3%82%B7%E3%83%A7%E3%83%B3/?market=all
6,6030,6030.T,6030.T,旅行,内需・消費,https://s.kabutan.jp/themes/%E6%97%85%E8%A1%8C/?market=all
6,6031,6031.T,ＺＥＴＡ,IT関連,デジタル・サービス,https://s.kabutan.jp/themes/IT%E9%96%A2%E9%80%A3/?market=all
6,6031,6031.T,ＺＥＴＡ,eコマース,内需・消費,https://s.kabutan.jp/themes/e%E3%82%B3%E3%83%9E%E3%83%BC%E3%82%B9/?market=all
6,6031,6031.T,ＺＥＴＡ,データ分析・解析,AI・半導体,https://s.kabutan.jp/themes/%E3%83%87%E3%83%BC%E3%82%BF%E5%88%86%E6%9E%90%E3%83%BB%E8%A7%A3%E6%9E%90/?market=all
6,6031,6031.T,ＺＥＴＡ,人工知能,AI・半導体,https://s.kabutan.jp/themes/%E4%BA%BA%E5%B7%A5%E7%9F%A5%E8%83%BD/?market=all
6,6031,6031.T,ＺＥＴＡ,生成AI,AI・半導体,https://s.kabutan.jp/themes/%E7%94%9F%E6%88%90AI/?market=all
6,6033,6033.T,6033.T,IT関連,デジタル・サービス,https://s.kabutan.jp/themes/IT%E9%96%A2%E9%80%A3/?market=all
6,6033,6033.T,6033.T,クラウドコンピューティング,デジタル・サービス,https://s.kabutan.jp/themes/%E3%82%AF%E3%83%A9%E3%82%A6%E3%83%89%E3%82%B3%E3%83%B3%E3%83%94%E3%83%A5%E3%83%BC%E3%83%86%E3%82%A3%E3%83%B3%E3%82%B0/?market=all
6,6034,6034.T,6034.T,IT関連,デジタル・サービス,https://s.kabutan.jp/themes/IT%E9%96%A2%E9%80%A3/?market=all
6,6034,6034.T,6034.T,遠隔医療,医療・ヘルスケア,https://s.kabutan.jp/themes/%E9%81%A0%E9%9A%94%E5%8C%BB%E7%99%82/?market=all
6,6035,6035.T,ＩＲジャパン,データベース,デジタル・サービス,https://s.kabutan.jp/themes/%E3%83%87%E3%83%BC%E3%82%BF%E3%83%99%E3%83%BC%E3%82%B9/?market=all
6,6036,6036.T,6036.T,機械,設備投資・機械,https://s.kabutan.jp/themes/%E6%A9%9F%E6%A2%B0/?market=all
6,6037,6037.T,6037.T,SaaS,デジタル・サービス,https://s.kabutan.jp/themes/SaaS/?market=all
6,6037,6037.T,6037.T,デジタルトランスフォーメーション,デジタル・サービス,https://s.kabutan.jp/themes/%E3%83%87%E3%82%B8%E3%82%BF%E3%83%AB%E3%83%88%E3%83%A9%E3%83%B3%E3%82%B9%E3%83%95%E3%82%A9%E3%83%BC%E3%83%A1%E3%83%BC%E3%82%B7%E3%83%A7%E3%83%B3/?market=all
6,6037,6037.T,6037.T,不動産テック,不動産・建設,https://s.kabutan.jp/themes/%E4%B8%8D%E5%8B%95%E7%94%A3%E3%83%86%E3%83%83%E3%82%AF/?market=all
6,6037,6037.T,6037.T,不動産関連,不動産・建設,https://s.kabutan.jp/themes/%E4%B8%8D%E5%8B%95%E7%94%A3%E9%96%A2%E9%80%A3/?market=all
6,6038,6038.T,イード,IT関連,デジタル・サービス,https://s.kabutan.jp/themes/IT%E9%96%A2%E9%80%A3/?market=all
6,6038,6038.T,イード,MaaS,自動車・モビリティ,https://s.kabutan.jp/themes/MaaS/?market=all
6,6038,6038.T,イード,eコマース,内需・消費,https://s.kabutan.jp/themes/e%E3%82%B3%E3%83%9E%E3%83%BC%E3%82%B9/?market=all
6,6038,6038.T,イード,インバウンド,内需・消費,https://s.kabutan.jp/themes/%E3%82%A4%E3%83%B3%E3%83%90%E3%82%A6%E3%83%B3%E3%83%89/?market=all
6,6038,6038.T,イード,人工知能,AI・半導体,https://s.kabutan.jp/themes/%E4%BA%BA%E5%B7%A5%E7%9F%A5%E8%83%BD/?market=all
6,6040,6040.T,6040.T,インバウンド,内需・消費,https://s.kabutan.jp/themes/%E3%82%A4%E3%83%B3%E3%83%90%E3%82%A6%E3%83%B3%E3%83%89/?market=all
6,6042,6042.T,6042.T,アンモニア,GX・エネルギー,https://s.kabutan.jp/themes/%E3%82%A2%E3%83%B3%E3%83%A2%E3%83%8B%E3%82%A2/?market=all
6,6042,6042.T,6042.T,不動産関連,不動産・建設,https://s.kabutan.jp/themes/%E4%B8%8D%E5%8B%95%E7%94%A3%E9%96%A2%E9%80%A3/?market=all
6,6042,6042.T,6042.T,水素,GX・エネルギー,https://s.kabutan.jp/themes/%E6%B0%B4%E7%B4%A0/?market=all
6,6042,6042.T,6042.T,自動車部材・部品,自動車・モビリティ,https://s.kabutan.jp/themes/%E8%87%AA%E5%8B%95%E8%BB%8A%E9%83%A8%E6%9D%90%E3%83%BB%E9%83%A8%E5%93%81/?market=all
6,6046,6046.T,6046.T,IT関連,デジタル・サービス,https://s.kabutan.jp/themes/IT%E9%96%A2%E9%80%A3/?market=all
6,6046,6046.T,6046.T,サブスクリプション,デジタル・サービス,https://s.kabutan.jp/themes/%E3%82%B5%E3%83%96%E3%82%B9%E3%82%AF%E3%83%AA%E3%83%97%E3%82%B7%E3%83%A7%E3%83%B3/?market=all
6,6047,6047.T,6047.T,IT関連,デジタル・サービス,https://s.kabutan.jp/themes/IT%E9%96%A2%E9%80%A3/?market=all
6,6047,6047.T,6047.T,SaaS,デジタル・サービス,https://s.kabutan.jp/themes/SaaS/?market=all
6,6047,6047.T,6047.T,ゲーム関連,デジタル・サービス,https://s.kabutan.jp/themes/%E3%82%B2%E3%83%BC%E3%83%A0%E9%96%A2%E9%80%A3/?market=all
6,6047,6047.T,6047.T,生成AI,AI・半導体,https://s.kabutan.jp/themes/%E7%94%9F%E6%88%90AI/?market=all
6,604A,604A.T,604A.T,介護関連,医療・ヘルスケア,https://s.kabutan.jp/themes/%E4%BB%8B%E8%AD%B7%E9%96%A2%E9%80%A3/?market=all
6,604A,604A.T,604A.T,再生可能エネルギー,GX・エネルギー,https://s.kabutan.jp/themes/%E5%86%8D%E7%94%9F%E5%8F%AF%E8%83%BD%E3%82%A8%E3%83%8D%E3%83%AB%E3%82%AE%E3%83%BC/?market=all
6,604A,604A.T,604A.T,原子力発電,GX・エネルギー,https://s.kabutan.jp/themes/%E5%8E%9F%E5%AD%90%E5%8A%9B%E7%99%BA%E9%9B%BB/?market=all
6,604A,604A.T,604A.T,外食,内需・消費,https://s.kabutan.jp/themes/%E5%A4%96%E9%A3%9F/?market=all
6,604A,604A.T,604A.T,太陽光発電関連,GX・エネルギー,https://s.kabutan.jp/themes/%E5%A4%AA%E9%99%BD%E5%85%89%E7%99%BA%E9%9B%BB%E9%96%A2%E9%80%A3/?market=all
6,604A,604A.T,604A.T,建設,不動産・建設,https://s.kabutan.jp/themes/%E5%BB%BA%E8%A8%AD/?market=all
6,6050,6050.T,イーガーディ,IT関連,デジタル・サービス,https://s.kabutan.jp/themes/IT%E9%96%A2%E9%80%A3/?market=all
6,6050,6050.T,イーガーディ,eコマース,内需・消費,https://s.kabutan.jp/themes/e%E3%82%B3%E3%83%9E%E3%83%BC%E3%82%B9/?market=all
6,6050,6050.T,イーガーディ,クラウドコンピューティング,デジタル・サービス,https://s.kabutan.jp/themes/%E3%82%AF%E3%83%A9%E3%82%A6%E3%83%89%E3%82%B3%E3%83%B3%E3%83%94%E3%83%A5%E3%83%BC%E3%83%86%E3%82%A3%E3%83%B3%E3%82%B0/?market=all
6,6050,6050.T,イーガーディ,ゲーム関連,デジタル・サービス,https://s.kabutan.jp/themes/%E3%82%B2%E3%83%BC%E3%83%A0%E9%96%A2%E9%80%A3/?market=all
6,6050,6050.T,イーガーディ,サイバーセキュリティ,防衛・国土強靱化,https://s.kabutan.jp/themes/%E3%82%B5%E3%82%A4%E3%83%90%E3%83%BC%E3%82%BB%E3%82%AD%E3%83%A5%E3%83%AA%E3%83%86%E3%82%A3/?market=all
6,6050,6050.T,イーガーディ,フィンテック,金融・金利,https://s.kabutan.jp/themes/%E3%83%95%E3%82%A3%E3%83%B3%E3%83%86%E3%83%83%E3%82%AF/?market=all
6,6050,6050.T,イーガーディ,人工知能,AI・半導体,https://s.kabutan.jp/themes/%E4%BA%BA%E5%B7%A5%E7%9F%A5%E8%83%BD/?market=all
6,6050,6050.T,イーガーディ,生成AI,AI・半導体,https://s.kabutan.jp/themes/%E7%94%9F%E6%88%90AI/?market=all
6,6054,6054.T,6054.T,生成AI,AI・半導体,https://s.kabutan.jp/themes/%E7%94%9F%E6%88%90AI/?market=all
6,6055,6055.T,Ｊマテリアル,半導体製造装置,AI・半導体,https://s.kabutan.jp/themes/%E5%8D%8A%E5%B0%8E%E4%BD%93%E8%A3%BD%E9%80%A0%E8%A3%85%E7%BD%AE/?market=all
6,6055,6055.T,Ｊマテリアル,太陽光発電関連,GX・エネルギー,https://s.kabutan.jp/themes/%E5%A4%AA%E9%99%BD%E5%85%89%E7%99%BA%E9%9B%BB%E9%96%A2%E9%80%A3/?market=all
6,6055,6055.T,Ｊマテリアル,宇宙開発関連,防衛・国土強靱化,https://s.kabutan.jp/themes/%E5%AE%87%E5%AE%99%E9%96%8B%E7%99%BA%E9%96%A2%E9%80%A3/?market=all
6,6055,6055.T,Ｊマテリアル,機械,設備投資・機械,https://s.kabutan.jp/themes/%E6%A9%9F%E6%A2%B0/?market=all
6,6055,6055.T,Ｊマテリアル,設備投資,設備投資・機械,https://s.kabutan.jp/themes/%E8%A8%AD%E5%82%99%E6%8A%95%E8%B3%87/?market=all
6,6058,6058.T,ベクトル,人工知能,AI・半導体,https://s.kabutan.jp/themes/%E4%BA%BA%E5%B7%A5%E7%9F%A5%E8%83%BD/?market=all
6,6058,6058.T,ベクトル,生成AI,AI・半導体,https://s.kabutan.jp/themes/%E7%94%9F%E6%88%90AI/?market=all
6,6059,6059.T,6059.T,介護関連,医療・ヘルスケア,https://s.kabutan.jp/themes/%E4%BB%8B%E8%AD%B7%E9%96%A2%E9%80%A3/?market=all
6,6059,6059.T,6059.T,外食,内需・消費,https://s.kabutan.jp/themes/%E5%A4%96%E9%A3%9F/?market=all
6,6061,6061.T,6061.T,サブスクリプション,デジタル・サービス,https://s.kabutan.jp/themes/%E3%82%B5%E3%83%96%E3%82%B9%E3%82%AF%E3%83%AA%E3%83%97%E3%82%B7%E3%83%A7%E3%83%B3/?market=all
6,6061,6061.T,6061.T,小売り,内需・消費,https://s.kabutan.jp/themes/%E5%B0%8F%E5%A3%B2%E3%82%8A/?market=all
6,6062,6062.T,6062.T,不動産関連,不動産・建設,https://s.kabutan.jp/themes/%E4%B8%8D%E5%8B%95%E7%94%A3%E9%96%A2%E9%80%A3/?market=all
6,6062,6062.T,6062.T,介護関連,医療・ヘルスケア,https://s.kabutan.jp/themes/%E4%BB%8B%E8%AD%B7%E9%96%A2%E9%80%A3/?market=all
6,6063,6063.T,6063.T,インバウンド,内需・消費,https://s.kabutan.jp/themes/%E3%82%A4%E3%83%B3%E3%83%90%E3%82%A6%E3%83%B3%E3%83%89/?market=all
6,6069,6069.T,6069.T,eコマース,内需・消費,https://s.kabutan.jp/themes/e%E3%82%B3%E3%83%9E%E3%83%BC%E3%82%B9/?market=all
6,6069,6069.T,6069.T,食品,内需・消費,https://s.kabutan.jp/themes/%E9%A3%9F%E5%93%81/?market=all
6,6070,6070.T,6070.T,マイナンバー,デジタル・サービス,https://s.kabutan.jp/themes/%E3%83%9E%E3%82%A4%E3%83%8A%E3%83%B3%E3%83%90%E3%83%BC/?market=all
6,6070,6070.T,6070.T,電子政府,デジタル・サービス,https://s.kabutan.jp/themes/%E9%9B%BB%E5%AD%90%E6%94%BF%E5%BA%9C/?market=all
6,6071,6071.T,6071.T,旅行,内需・消費,https://s.kabutan.jp/themes/%E6%97%85%E8%A1%8C/?market=all
6,6072,6072.T,6072.T,防災,防衛・国土強靱化,https://s.kabutan.jp/themes/%E9%98%B2%E7%81%BD/?market=all
6,6073,6073.T,6073.T,耐震化,防衛・国土強靱化,https://s.kabutan.jp/themes/%E8%80%90%E9%9C%87%E5%8C%96/?market=all
6,6076,6076.T,,外食,内需・消費,https://s.kabutan.jp/themes/%E5%A4%96%E9%A3%9F/?market=all
6,607A,607A.T,,eコマース,内需・消費,https://s.kabutan.jp/themes/e%E3%82%B3%E3%83%9E%E3%83%BC%E3%82%B9/?market=all
6,6081,6081.T,アライドアキ,IT関連,デジタル・サービス,https://s.kabutan.jp/themes/IT%E9%96%A2%E9%80%A3/?market=all
6,6081,6081.T,アライドアキ,SaaS,デジタル・サービス,https://s.kabutan.jp/themes/SaaS/?market=all
6,6081,6081.T,アライドアキ,サブスクリプション,デジタル・サービス,https://s.kabutan.jp/themes/%E3%82%B5%E3%83%96%E3%82%B9%E3%82%AF%E3%83%AA%E3%83%97%E3%82%B7%E3%83%A7%E3%83%B3/?market=all
6,6081,6081.T,アライドアキ,デジタルトランスフォーメーション,デジタル・サービス,https://s.kabutan.jp/themes/%E3%83%87%E3%82%B8%E3%82%BF%E3%83%AB%E3%83%88%E3%83%A9%E3%83%B3%E3%82%B9%E3%83%95%E3%82%A9%E3%83%BC%E3%83%A1%E3%83%BC%E3%82%B7%E3%83%A7%E3%83%B3/?market=all
6,6081,6081.T,アライドアキ,人工知能,AI・半導体,https://s.kabutan.jp/themes/%E4%BA%BA%E5%B7%A5%E7%9F%A5%E8%83%BD/?market=all
6,6082,6082.T,6082.T,宅配,物流・海運,https://s.kabutan.jp/themes/%E5%AE%85%E9%85%8D/?market=all
6,6083,6083.T,6083.T,住宅関連,不動産・建設,https://s.kabutan.jp/themes/%E4%BD%8F%E5%AE%85%E9%96%A2%E9%80%A3/?market=all
6,6085,6085.T,6085.T,eコマース,内需・消費,https://s.kabutan.jp/themes/e%E3%82%B3%E3%83%9E%E3%83%BC%E3%82%B9/?market=all
6,6085,6085.T,6085.T,住宅関連,不動産・建設,https://s.kabutan.jp/themes/%E4%BD%8F%E5%AE%85%E9%96%A2%E9%80%A3/?market=all
6,6085,6085.T,6085.T,建設,不動産・建設,https://s.kabutan.jp/themes/%E5%BB%BA%E8%A8%AD/?market=all
6,6086,6086.T,6086.T,介護関連,医療・ヘルスケア,https://s.kabutan.jp/themes/%E4%BB%8B%E8%AD%B7%E9%96%A2%E9%80%A3/?market=all
6,6086,6086.T,6086.T,外食,内需・消費,https://s.kabutan.jp/themes/%E5%A4%96%E9%A3%9F/?market=all
6,6087,6087.T,アビスト,人工知能,AI・半導体,https://s.kabutan.jp/themes/%E4%BA%BA%E5%B7%A5%E7%9F%A5%E8%83%BD/?market=all
6,6088,6088.T,シグマクシス,IT関連,デジタル・サービス,https://s.kabutan.jp/themes/IT%E9%96%A2%E9%80%A3/?market=all
6,6088,6088.T,シグマクシス,SaaS,デジタル・サービス,https://s.kabutan.jp/themes/SaaS/?market=all
6,6088,6088.T,シグマクシス,クラウドコンピューティング,デジタル・サービス,https://s.kabutan.jp/themes/%E3%82%AF%E3%83%A9%E3%82%A6%E3%83%89%E3%82%B3%E3%83%B3%E3%83%94%E3%83%A5%E3%83%BC%E3%83%86%E3%82%A3%E3%83%B3%E3%82%B0/?market=all
6,6088,6088.T,シグマクシス,サイバーセキュリティ,防衛・国土強靱化,https://s.kabutan.jp/themes/%E3%82%B5%E3%82%A4%E3%83%90%E3%83%BC%E3%82%BB%E3%82%AD%E3%83%A5%E3%83%AA%E3%83%86%E3%82%A3/?market=all
6,6088,6088.T,シグマクシス,デジタルトランスフォーメーション,デジタル・サービス,https://s.kabutan.jp/themes/%E3%83%87%E3%82%B8%E3%82%BF%E3%83%AB%E3%83%88%E3%83%A9%E3%83%B3%E3%82%B9%E3%83%95%E3%82%A9%E3%83%BC%E3%83%A1%E3%83%BC%E3%82%B7%E3%83%A7%E3%83%B3/?market=all
6,6088,6088.T,シグマクシス,人工知能,AI・半導体,https://s.kabutan.jp/themes/%E4%BA%BA%E5%B7%A5%E7%9F%A5%E8%83%BD/?market=all
6,6089,6089.T,6089.T,介護関連,医療・ヘルスケア,https://s.kabutan.jp/themes/%E4%BB%8B%E8%AD%B7%E9%96%A2%E9%80%A3/?market=all
6,6090,6090.T,ＨＭＴ,データ分析・解析,AI・半導体,https://s.kabutan.jp/themes/%E3%83%87%E3%83%BC%E3%82%BF%E5%88%86%E6%9E%90%E3%83%BB%E8%A7%A3%E6%9E%90/?market=all
6,6090,6090.T,ＨＭＴ,バイオテクノロジー関連,医療・ヘルスケア,https://s.kabutan.jp/themes/%E3%83%90%E3%82%A4%E3%82%AA%E3%83%86%E3%82%AF%E3%83%8E%E3%83%AD%E3%82%B8%E3%83%BC%E9%96%A2%E9%80%A3/?market=all
6,6090,6090.T,ＨＭＴ,医薬品関連,医療・ヘルスケア,https://s.kabutan.jp/themes/%E5%8C%BB%E8%96%AC%E5%93%81%E9%96%A2%E9%80%A3/?market=all
6,6090,6090.T,ＨＭＴ,認知症薬,医療・ヘルスケア,https://s.kabutan.jp/themes/%E8%AA%8D%E7%9F%A5%E7%97%87%E8%96%AC/?market=all
6,6091,6091.T,6091.T,3Dプリンター,設備投資・機械,https://s.kabutan.jp/themes/3D%E3%83%97%E3%83%AA%E3%83%B3%E3%82%BF%E3%83%BC/?market=all
6,6091,6091.T,6091.T,国土強靱化,防衛・国土強靱化,https://s.kabutan.jp/themes/%E5%9B%BD%E5%9C%9F%E5%BC%B7%E9%9D%B1%E5%8C%96/?market=all
6,6091,6091.T,6091.T,防災,防衛・国土強靱化,https://s.kabutan.jp/themes/%E9%98%B2%E7%81%BD/?market=all
6,6092,6092.T,6092.T,不動産関連,不動産・建設,https://s.kabutan.jp/themes/%E4%B8%8D%E5%8B%95%E7%94%A3%E9%96%A2%E9%80%A3/?market=all
6,6092,6092.T,6092.T,太陽光発電関連,GX・エネルギー,https://s.kabutan.jp/themes/%E5%A4%AA%E9%99%BD%E5%85%89%E7%99%BA%E9%9B%BB%E9%96%A2%E9%80%A3/?market=all
6,6093,6093.T,6093.T,IT関連,デジタル・サービス,https://s.kabutan.jp/themes/IT%E9%96%A2%E9%80%A3/?market=all
6,6093,6093.T,6093.T,不動産関連,不動産・建設,https://s.kabutan.jp/themes/%E4%B8%8D%E5%8B%95%E7%94%A3%E9%96%A2%E9%80%A3/?market=all
6,6094,6094.T,フリークＨＤ,IT関連,デジタル・サービス,https://s.kabutan.jp/themes/IT%E9%96%A2%E9%80%A3/?market=all
6,6094,6094.T,フリークＨＤ,データ分析・解析,AI・半導体,https://s.kabutan.jp/themes/%E3%83%87%E3%83%BC%E3%82%BF%E5%88%86%E6%9E%90%E3%83%BB%E8%A7%A3%E6%9E%90/?market=all
6,6098,6098.T,リクルート,キャッシュレス決済,金融・金利,https://s.kabutan.jp/themes/%E3%82%AD%E3%83%A3%E3%83%83%E3%82%B7%E3%83%A5%E3%83%AC%E3%82%B9%E6%B1%BA%E6%B8%88/?market=all
6,6098,6098.T,リクルート,フィンテック,金融・金利,https://s.kabutan.jp/themes/%E3%83%95%E3%82%A3%E3%83%B3%E3%83%86%E3%83%83%E3%82%AF/?market=all
6,6098,6098.T,リクルート,旅行,内需・消費,https://s.kabutan.jp/themes/%E6%97%85%E8%A1%8C/?market=all
6,6099,6099.T,6099.T,介護関連,医療・ヘルスケア,https://s.kabutan.jp/themes/%E4%BB%8B%E8%AD%B7%E9%96%A2%E9%80%A3/?market=all
6,6101,6101.T,6101.T,工作機械,設備投資・機械,https://s.kabutan.jp/themes/%E5%B7%A5%E4%BD%9C%E6%A9%9F%E6%A2%B0/?market=all
6,6101,6101.T,6101.T,機械,設備投資・機械,https://s.kabutan.jp/themes/%E6%A9%9F%E6%A2%B0/?market=all
6,6101,6101.T,6101.T,自動車製造装置,自動車・モビリティ,https://s.kabutan.jp/themes/%E8%87%AA%E5%8B%95%E8%BB%8A%E8%A3%BD%E9%80%A0%E8%A3%85%E7%BD%AE/?market=all
6,6101,6101.T,6101.T,設備投資,設備投資・機械,https://s.kabutan.jp/themes/%E8%A8%AD%E5%82%99%E6%8A%95%E8%B3%87/?market=all
6,6103,6103.T,オークマ,FA関連,設備投資・機械,https://s.kabutan.jp/themes/FA%E9%96%A2%E9%80%A3/?market=all
6,6103,6103.T,オークマ,円安メリット,内需・消費,https://s.kabutan.jp/themes/%E5%86%86%E5%AE%89%E3%83%A1%E3%83%AA%E3%83%83%E3%83%88/?market=all
6,6103,6103.T,オークマ,半導体製造装置,AI・半導体,https://s.kabutan.jp/themes/%E5%8D%8A%E5%B0%8E%E4%BD%93%E8%A3%BD%E9%80%A0%E8%A3%85%E7%BD%AE/?market=all
6,6103,6103.T,オークマ,工作機械,設備投資・機械,https://s.kabutan.jp/themes/%E5%B7%A5%E4%BD%9C%E6%A9%9F%E6%A2%B0/?market=all
6,6103,6103.T,オークマ,機械,設備投資・機械,https://s.kabutan.jp/themes/%E6%A9%9F%E6%A2%B0/?market=all
6,6103,6103.T,オークマ,自動車製造装置,自動車・モビリティ,https://s.kabutan.jp/themes/%E8%87%AA%E5%8B%95%E8%BB%8A%E8%A3%BD%E9%80%A0%E8%A3%85%E7%BD%AE/?market=all
6,6103,6103.T,オークマ,設備投資,設備投資・機械,https://s.kabutan.jp/themes/%E8%A8%AD%E5%82%99%E6%8A%95%E8%B3%87/?market=all
6,6104,6104.T,6104.T,3Dプリンター,設備投資・機械,https://s.kabutan.jp/themes/3D%E3%83%97%E3%83%AA%E3%83%B3%E3%82%BF%E3%83%BC/?market=all
6,6104,6104.T,6104.T,FA関連,設備投資・機械,https://s.kabutan.jp/themes/FA%E9%96%A2%E9%80%A3/?market=all
6,6104,6104.T,6104.T,ロボット,AI・半導体,https://s.kabutan.jp/themes/%E3%83%AD%E3%83%9C%E3%83%83%E3%83%88/?market=all
6,6104,6104.T,6104.T,工作機械,設備投資・機械,https://s.kabutan.jp/themes/%E5%B7%A5%E4%BD%9C%E6%A9%9F%E6%A2%B0/?market=all
6,6104,6104.T,6104.T,機械,設備投資・機械,https://s.kabutan.jp/themes/%E6%A9%9F%E6%A2%B0/?market=all
6,6104,6104.T,6104.T,設備投資,設備投資・機械,https://s.kabutan.jp/themes/%E8%A8%AD%E5%82%99%E6%8A%95%E8%B3%87/?market=all
6,6111,6111.T,,工作機械,設備投資・機械,https://s.kabutan.jp/themes/%E5%B7%A5%E4%BD%9C%E6%A9%9F%E6%A2%B0/?market=all
6,6111,6111.T,,機械,設備投資・機械,https://s.kabutan.jp/themes/%E6%A9%9F%E6%A2%B0/?market=all
6,6111,6111.T,,防衛,防衛・国土強靱化,https://s.kabutan.jp/themes/%E9%98%B2%E8%A1%9B/?market=all
6,6113,6113.T,6113.T,ロボット,AI・半導体,https://s.kabutan.jp/themes/%E3%83%AD%E3%83%9C%E3%83%83%E3%83%88/?market=all
6,6113,6113.T,6113.T,工作機械,設備投資・機械,https://s.kabutan.jp/themes/%E5%B7%A5%E4%BD%9C%E6%A9%9F%E6%A2%B0/?market=all
6,6113,6113.T,6113.T,機械,設備投資・機械,https://s.kabutan.jp/themes/%E6%A9%9F%E6%A2%B0/?market=all
6,6113,6113.T,6113.T,自動車製造装置,自動車・モビリティ,https://s.kabutan.jp/themes/%E8%87%AA%E5%8B%95%E8%BB%8A%E8%A3%BD%E9%80%A0%E8%A3%85%E7%BD%AE/?market=all
6,6113,6113.T,6113.T,設備投資,設備投資・機械,https://s.kabutan.jp/themes/%E8%A8%AD%E5%82%99%E6%8A%95%E8%B3%87/?market=all
6,6113,6113.T,6113.T,電気自動車関連,自動車・モビリティ,https://s.kabutan.jp/themes/%E9%9B%BB%E6%B0%97%E8%87%AA%E5%8B%95%E8%BB%8A%E9%96%A2%E9%80%A3/?market=all
6,6118,6118.T,6118.T,ロボット,AI・半導体,https://s.kabutan.jp/themes/%E3%83%AD%E3%83%9C%E3%83%83%E3%83%88/?market=all
6,6118,6118.T,6118.T,機械,設備投資・機械,https://s.kabutan.jp/themes/%E6%A9%9F%E6%A2%B0/?market=all
6,6118,6118.T,6118.T,自動車製造装置,自動車・モビリティ,https://s.kabutan.jp/themes/%E8%87%AA%E5%8B%95%E8%BB%8A%E8%A3%BD%E9%80%A0%E8%A3%85%E7%BD%AE/?market=all
6,6118,6118.T,6118.T,自動車部材・部品,自動車・モビリティ,https://s.kabutan.jp/themes/%E8%87%AA%E5%8B%95%E8%BB%8A%E9%83%A8%E6%9D%90%E3%83%BB%E9%83%A8%E5%93%81/?market=all
6,6118,6118.T,6118.T,設備投資,設備投資・機械,https://s.kabutan.jp/themes/%E8%A8%AD%E5%82%99%E6%8A%95%E8%B3%87/?market=all
6,6118,6118.T,6118.T,電気自動車関連,自動車・モビリティ,https://s.kabutan.jp/themes/%E9%9B%BB%E6%B0%97%E8%87%AA%E5%8B%95%E8%BB%8A%E9%96%A2%E9%80%A3/?market=all
6,6125,6125.T,岡本工,ロボット,AI・半導体,https://s.kabutan.jp/themes/%E3%83%AD%E3%83%9C%E3%83%83%E3%83%88/?market=all
6,6125,6125.T,岡本工,半導体,AI・半導体,https://s.kabutan.jp/themes/%E5%8D%8A%E5%B0%8E%E4%BD%93/?market=all
6,6125,6125.T,岡本工,半導体製造装置,AI・半導体,https://s.kabutan.jp/themes/%E5%8D%8A%E5%B0%8E%E4%BD%93%E8%A3%BD%E9%80%A0%E8%A3%85%E7%BD%AE/?market=all
6,6125,6125.T,岡本工,工作機械,設備投資・機械,https://s.kabutan.jp/themes/%E5%B7%A5%E4%BD%9C%E6%A9%9F%E6%A2%B0/?market=all
6,6125,6125.T,岡本工,機械,設備投資・機械,https://s.kabutan.jp/themes/%E6%A9%9F%E6%A2%B0/?market=all
6,6125,6125.T,岡本工,電気自動車関連,自動車・モビリティ,https://s.kabutan.jp/themes/%E9%9B%BB%E6%B0%97%E8%87%AA%E5%8B%95%E8%BB%8A%E9%96%A2%E9%80%A3/?market=all
6,6134,6134.T,ＦＵＪＩ,FA関連,設備投資・機械,https://s.kabutan.jp/themes/FA%E9%96%A2%E9%80%A3/?market=all
6,6134,6134.T,ＦＵＪＩ,IoT,設備投資・機械,https://s.kabutan.jp/themes/IoT/?market=all
6,6134,6134.T,ＦＵＪＩ,ロボット,AI・半導体,https://s.kabutan.jp/themes/%E3%83%AD%E3%83%9C%E3%83%83%E3%83%88/?market=all
6,6134,6134.T,ＦＵＪＩ,半導体製造装置,AI・半導体,https://s.kabutan.jp/themes/%E5%8D%8A%E5%B0%8E%E4%BD%93%E8%A3%BD%E9%80%A0%E8%A3%85%E7%BD%AE/?market=all
6,6134,6134.T,ＦＵＪＩ,工作機械,設備投資・機械,https://s.kabutan.jp/themes/%E5%B7%A5%E4%BD%9C%E6%A9%9F%E6%A2%B0/?market=all
6,6134,6134.T,ＦＵＪＩ,機械,設備投資・機械,https://s.kabutan.jp/themes/%E6%A9%9F%E6%A2%B0/?market=all
6,6134,6134.T,ＦＵＪＩ,自動車製造装置,自動車・モビリティ,https://s.kabutan.jp/themes/%E8%87%AA%E5%8B%95%E8%BB%8A%E8%A3%BD%E9%80%A0%E8%A3%85%E7%BD%AE/?market=all
6,6135,6135.T,牧野フ,FA関連,設備投資・機械,https://s.kabutan.jp/themes/FA%E9%96%A2%E9%80%A3/?market=all
6,6135,6135.T,牧野フ,円安メリット,内需・消費,https://s.kabutan.jp/themes/%E5%86%86%E5%AE%89%E3%83%A1%E3%83%AA%E3%83%83%E3%83%88/?market=all
6,6135,6135.T,牧野フ,半導体製造装置,AI・半導体,https://s.kabutan.jp/themes/%E5%8D%8A%E5%B0%8E%E4%BD%93%E8%A3%BD%E9%80%A0%E8%A3%85%E7%BD%AE/?market=all
6,6135,6135.T,牧野フ,工作機械,設備投資・機械,https://s.kabutan.jp/themes/%E5%B7%A5%E4%BD%9C%E6%A9%9F%E6%A2%B0/?market=all
6,6135,6135.T,牧野フ,機械,設備投資・機械,https://s.kabutan.jp/themes/%E6%A9%9F%E6%A2%B0/?market=all
6,6135,6135.T,牧野フ,自動車製造装置,自動車・モビリティ,https://s.kabutan.jp/themes/%E8%87%AA%E5%8B%95%E8%BB%8A%E8%A3%BD%E9%80%A0%E8%A3%85%E7%BD%AE/?market=all
6,6135,6135.T,牧野フ,設備投資,設備投資・機械,https://s.kabutan.jp/themes/%E8%A8%AD%E5%82%99%E6%8A%95%E8%B3%87/?market=all
6,6136,6136.T,6136.T,機械,設備投資・機械,https://s.kabutan.jp/themes/%E6%A9%9F%E6%A2%B0/?market=all
6,6136,6136.T,6136.T,自動車製造装置,自動車・モビリティ,https://s.kabutan.jp/themes/%E8%87%AA%E5%8B%95%E8%BB%8A%E8%A3%BD%E9%80%A0%E8%A3%85%E7%BD%AE/?market=all
6,6136,6136.T,6136.T,設備投資,設備投資・機械,https://s.kabutan.jp/themes/%E8%A8%AD%E5%82%99%E6%8A%95%E8%B3%87/?market=all
6,6137,6137.T,6137.T,ロボット,AI・半導体,https://s.kabutan.jp/themes/%E3%83%AD%E3%83%9C%E3%83%83%E3%83%88/?market=all
6,6137,6137.T,6137.T,医療機器,医療・ヘルスケア,https://s.kabutan.jp/themes/%E5%8C%BB%E7%99%82%E6%A9%9F%E5%99%A8/?market=all
6,6137,6137.T,6137.T,工作機械,設備投資・機械,https://s.kabutan.jp/themes/%E5%B7%A5%E4%BD%9C%E6%A9%9F%E6%A2%B0/?market=all
6,6138,6138.T,ダイジェト,レアメタル,資源・素材,https://s.kabutan.jp/themes/%E3%83%AC%E3%82%A2%E3%83%A1%E3%82%BF%E3%83%AB/?market=all
6,6138,6138.T,ダイジェト,自動車製造装置,自動車・モビリティ,https://s.kabutan.jp/themes/%E8%87%AA%E5%8B%95%E8%BB%8A%E8%A3%BD%E9%80%A0%E8%A3%85%E7%BD%AE/?market=all
6,6140,6140.T,旭ダイヤ,半導体製造装置,AI・半導体,https://s.kabutan.jp/themes/%E5%8D%8A%E5%B0%8E%E4%BD%93%E8%A3%BD%E9%80%A0%E8%A3%85%E7%BD%AE/?market=all
6,6140,6140.T,旭ダイヤ,自動車部材・部品,自動車・モビリティ,https://s.kabutan.jp/themes/%E8%87%AA%E5%8B%95%E8%BB%8A%E9%83%A8%E6%9D%90%E3%83%BB%E9%83%A8%E5%93%81/?market=all
6,6141,6141.T,6141.T,3Dプリンター,設備投資・機械,https://s.kabutan.jp/themes/3D%E3%83%97%E3%83%AA%E3%83%B3%E3%82%BF%E3%83%BC/?market=all
6,6141,6141.T,6141.T,FA関連,設備投資・機械,https://s.kabutan.jp/themes/FA%E9%96%A2%E9%80%A3/?market=all
6,6141,6141.T,6141.T,円安メリット,内需・消費,https://s.kabutan.jp/themes/%E5%86%86%E5%AE%89%E3%83%A1%E3%83%AA%E3%83%83%E3%83%88/?market=all
6,6141,6141.T,6141.T,工作機械,設備投資・機械,https://s.kabutan.jp/themes/%E5%B7%A5%E4%BD%9C%E6%A9%9F%E6%A2%B0/?market=all
6,6141,6141.T,6141.T,機械,設備投資・機械,https://s.kabutan.jp/themes/%E6%A9%9F%E6%A2%B0/?market=all
6,6141,6141.T,6141.T,設備投資,設備投資・機械,https://s.kabutan.jp/themes/%E8%A8%AD%E5%82%99%E6%8A%95%E8%B3%87/?market=all
6,6142,6142.T,,3Dプリンター,設備投資・機械,https://s.kabutan.jp/themes/3D%E3%83%97%E3%83%AA%E3%83%B3%E3%82%BF%E3%83%BC/?market=all
6,6142,6142.T,,機械,設備投資・機械,https://s.kabutan.jp/themes/%E6%A9%9F%E6%A2%B0/?market=all
6,6142,6142.T,,自動車部材・部品,自動車・モビリティ,https://s.kabutan.jp/themes/%E8%87%AA%E5%8B%95%E8%BB%8A%E9%83%A8%E6%9D%90%E3%83%BB%E9%83%A8%E5%93%81/?market=all
6,6143,6143.T,6143.T,3Dプリンター,設備投資・機械,https://s.kabutan.jp/themes/3D%E3%83%97%E3%83%AA%E3%83%B3%E3%82%BF%E3%83%BC/?market=all
6,6143,6143.T,6143.T,FA関連,設備投資・機械,https://s.kabutan.jp/themes/FA%E9%96%A2%E9%80%A3/?market=all
6,6143,6143.T,6143.T,工作機械,設備投資・機械,https://s.kabutan.jp/themes/%E5%B7%A5%E4%BD%9C%E6%A9%9F%E6%A2%B0/?market=all
6,6143,6143.T,6143.T,機械,設備投資・機械,https://s.kabutan.jp/themes/%E6%A9%9F%E6%A2%B0/?market=all
6,6143,6143.T,6143.T,自動車製造装置,自動車・モビリティ,https://s.kabutan.jp/themes/%E8%87%AA%E5%8B%95%E8%BB%8A%E8%A3%BD%E9%80%A0%E8%A3%85%E7%BD%AE/?market=all
6,6144,6144.T,6144.T,FA関連,設備投資・機械,https://s.kabutan.jp/themes/FA%E9%96%A2%E9%80%A3/?market=all
6,6144,6144.T,6144.T,ロボット,AI・半導体,https://s.kabutan.jp/themes/%E3%83%AD%E3%83%9C%E3%83%83%E3%83%88/?market=all
6,6144,6144.T,6144.T,倉庫,物流・海運,https://s.kabutan.jp/themes/%E5%80%89%E5%BA%AB/?market=all
6,6144,6144.T,6144.T,工作機械,設備投資・機械,https://s.kabutan.jp/themes/%E5%B7%A5%E4%BD%9C%E6%A9%9F%E6%A2%B0/?market=all
6,6144,6144.T,6144.T,機械,設備投資・機械,https://s.kabutan.jp/themes/%E6%A9%9F%E6%A2%B0/?market=all
6,6144,6144.T,6144.T,物流,物流・海運,https://s.kabutan.jp/themes/%E7%89%A9%E6%B5%81/?market=all
6,6144,6144.T,6144.T,物流テック,設備投資・機械,https://s.kabutan.jp/themes/%E7%89%A9%E6%B5%81%E3%83%86%E3%83%83%E3%82%AF/?market=all
6,6144,6144.T,6144.T,電力設備投資関連,データセンター・電力,https://s.kabutan.jp/themes/%E9%9B%BB%E5%8A%9B%E8%A8%AD%E5%82%99%E6%8A%95%E8%B3%87%E9%96%A2%E9%80%A3/?market=all
6,6145,6145.T,6145.T,FA関連,設備投資・機械,https://s.kabutan.jp/themes/FA%E9%96%A2%E9%80%A3/?market=all
6,6145,6145.T,6145.T,機械,設備投資・機械,https://s.kabutan.jp/themes/%E6%A9%9F%E6%A2%B0/?market=all
6,6145,6145.T,6145.T,設備投資,設備投資・機械,https://s.kabutan.jp/themes/%E8%A8%AD%E5%82%99%E6%8A%95%E8%B3%87/?market=all
6,6145,6145.T,6145.T,電気自動車関連,自動車・モビリティ,https://s.kabutan.jp/themes/%E9%9B%BB%E6%B0%97%E8%87%AA%E5%8B%95%E8%BB%8A%E9%96%A2%E9%80%A3/?market=all
6,6146,6146.T,ディスコ,円安メリット,内需・消費,https://s.kabutan.jp/themes/%E5%86%86%E5%AE%89%E3%83%A1%E3%83%AA%E3%83%83%E3%83%88/?market=all
6,6146,6146.T,ディスコ,半導体,AI・半導体,https://s.kabutan.jp/themes/%E5%8D%8A%E5%B0%8E%E4%BD%93/?market=all
6,6146,6146.T,ディスコ,半導体製造装置,AI・半導体,https://s.kabutan.jp/themes/%E5%8D%8A%E5%B0%8E%E4%BD%93%E8%A3%BD%E9%80%A0%E8%A3%85%E7%BD%AE/?market=all
6,6147,6147.T,ヤマザキ,ロボット,AI・半導体,https://s.kabutan.jp/themes/%E3%83%AD%E3%83%9C%E3%83%83%E3%83%88/?market=all
6,6147,6147.T,ヤマザキ,半導体製造装置,AI・半導体,https://s.kabutan.jp/themes/%E5%8D%8A%E5%B0%8E%E4%BD%93%E8%A3%BD%E9%80%A0%E8%A3%85%E7%BD%AE/?market=all
6,6147,6147.T,ヤマザキ,工作機械,設備投資・機械,https://s.kabutan.jp/themes/%E5%B7%A5%E4%BD%9C%E6%A9%9F%E6%A2%B0/?market=all
6,6147,6147.T,ヤマザキ,機械,設備投資・機械,https://s.kabutan.jp/themes/%E6%A9%9F%E6%A2%B0/?market=all
6,6147,6147.T,ヤマザキ,自動車製造装置,自動車・モビリティ,https://s.kabutan.jp/themes/%E8%87%AA%E5%8B%95%E8%BB%8A%E8%A3%BD%E9%80%A0%E8%A3%85%E7%BD%AE/?market=all
6,6147,6147.T,ヤマザキ,自動車部材・部品,自動車・モビリティ,https://s.kabutan.jp/themes/%E8%87%AA%E5%8B%95%E8%BB%8A%E9%83%A8%E6%9D%90%E3%83%BB%E9%83%A8%E5%93%81/?market=all
6,6149,6149.T,6149.T,ロボット,AI・半導体,https://s.kabutan.jp/themes/%E3%83%AD%E3%83%9C%E3%83%83%E3%83%88/?market=all
6,6149,6149.T,6149.T,機械,設備投資・機械,https://s.kabutan.jp/themes/%E6%A9%9F%E6%A2%B0/?market=all
6,6149,6149.T,6149.T,自動車製造装置,自動車・モビリティ,https://s.kabutan.jp/themes/%E8%87%AA%E5%8B%95%E8%BB%8A%E8%A3%BD%E9%80%A0%E8%A3%85%E7%BD%AE/?market=all
6,6149,6149.T,6149.T,電気自動車関連,自動車・モビリティ,https://s.kabutan.jp/themes/%E9%9B%BB%E6%B0%97%E8%87%AA%E5%8B%95%E8%BB%8A%E9%96%A2%E9%80%A3/?market=all
6,6150,6150.T,6150.T,国土強靱化,防衛・国土強靱化,https://s.kabutan.jp/themes/%E5%9B%BD%E5%9C%9F%E5%BC%B7%E9%9D%B1%E5%8C%96/?market=all
6,6150,6150.T,6150.T,工作機械,設備投資・機械,https://s.kabutan.jp/themes/%E5%B7%A5%E4%BD%9C%E6%A9%9F%E6%A2%B0/?market=all
6,6150,6150.T,6150.T,機械,設備投資・機械,https://s.kabutan.jp/themes/%E6%A9%9F%E6%A2%B0/?market=all
6,6151,6151.T,日東工器,医療機器,医療・ヘルスケア,https://s.kabutan.jp/themes/%E5%8C%BB%E7%99%82%E6%A9%9F%E5%99%A8/?market=all
6,6151,6151.T,日東工器,半導体製造装置,AI・半導体,https://s.kabutan.jp/themes/%E5%8D%8A%E5%B0%8E%E4%BD%93%E8%A3%BD%E9%80%A0%E8%A3%85%E7%BD%AE/?market=all
6,6151,6151.T,日東工器,機械,設備投資・機械,https://s.kabutan.jp/themes/%E6%A9%9F%E6%A2%B0/?market=all
6,6151,6151.T,日東工器,自動車部材・部品,自動車・モビリティ,https://s.kabutan.jp/themes/%E8%87%AA%E5%8B%95%E8%BB%8A%E9%83%A8%E6%9D%90%E3%83%BB%E9%83%A8%E5%93%81/?market=all
6,6155,6155.T,高松機械,FA関連,設備投資・機械,https://s.kabutan.jp/themes/FA%E9%96%A2%E9%80%A3/?market=all
6,6155,6155.T,高松機械,IoT,設備投資・機械,https://s.kabutan.jp/themes/IoT/?market=all
6,6155,6155.T,高松機械,半導体製造装置,AI・半導体,https://s.kabutan.jp/themes/%E5%8D%8A%E5%B0%8E%E4%BD%93%E8%A3%BD%E9%80%A0%E8%A3%85%E7%BD%AE/?market=all
6,6155,6155.T,高松機械,工作機械,設備投資・機械,https://s.kabutan.jp/themes/%E5%B7%A5%E4%BD%9C%E6%A9%9F%E6%A2%B0/?market=all
6,6155,6155.T,高松機械,機械,設備投資・機械,https://s.kabutan.jp/themes/%E6%A9%9F%E6%A2%B0/?market=all
6,6155,6155.T,高松機械,自動車製造装置,自動車・モビリティ,https://s.kabutan.jp/themes/%E8%87%AA%E5%8B%95%E8%BB%8A%E8%A3%BD%E9%80%A0%E8%A3%85%E7%BD%AE/?market=all
6,6155,6155.T,高松機械,自動車部材・部品,自動車・モビリティ,https://s.kabutan.jp/themes/%E8%87%AA%E5%8B%95%E8%BB%8A%E9%83%A8%E6%9D%90%E3%83%BB%E9%83%A8%E5%93%81/?market=all
6,6156,6156.T,エーワン精密,半導体製造装置,AI・半導体,https://s.kabutan.jp/themes/%E5%8D%8A%E5%B0%8E%E4%BD%93%E8%A3%BD%E9%80%A0%E8%A3%85%E7%BD%AE/?market=all
6,6156,6156.T,エーワン精密,工作機械,設備投資・機械,https://s.kabutan.jp/themes/%E5%B7%A5%E4%BD%9C%E6%A9%9F%E6%A2%B0/?market=all
6,6156,6156.T,エーワン精密,自動車部材・部品,自動車・モビリティ,https://s.kabutan.jp/themes/%E8%87%AA%E5%8B%95%E8%BB%8A%E9%83%A8%E6%9D%90%E3%83%BB%E9%83%A8%E5%93%81/?market=all
6,6158,6158.T,和井田,半導体,AI・半導体,https://s.kabutan.jp/themes/%E5%8D%8A%E5%B0%8E%E4%BD%93/?market=all
6,6158,6158.T,和井田,半導体製造装置,AI・半導体,https://s.kabutan.jp/themes/%E5%8D%8A%E5%B0%8E%E4%BD%93%E8%A3%BD%E9%80%A0%E8%A3%85%E7%BD%AE/?market=all
6,6158,6158.T,和井田,工作機械,設備投資・機械,https://s.kabutan.jp/themes/%E5%B7%A5%E4%BD%9C%E6%A9%9F%E6%A2%B0/?market=all
6,6158,6158.T,和井田,機械,設備投資・機械,https://s.kabutan.jp/themes/%E6%A9%9F%E6%A2%B0/?market=all
6,6158,6158.T,和井田,設備投資,設備投資・機械,https://s.kabutan.jp/themes/%E8%A8%AD%E5%82%99%E6%8A%95%E8%B3%87/?market=all
6,6159,6159.T,6159.T,FA関連,設備投資・機械,https://s.kabutan.jp/themes/FA%E9%96%A2%E9%80%A3/?market=all
6,6159,6159.T,6159.T,医療機器,医療・ヘルスケア,https://s.kabutan.jp/themes/%E5%8C%BB%E7%99%82%E6%A9%9F%E5%99%A8/?market=all
6,6159,6159.T,6159.T,工作機械,設備投資・機械,https://s.kabutan.jp/themes/%E5%B7%A5%E4%BD%9C%E6%A9%9F%E6%A2%B0/?market=all
6,6159,6159.T,6159.T,機械,設備投資・機械,https://s.kabutan.jp/themes/%E6%A9%9F%E6%A2%B0/?market=all
6,6159,6159.T,6159.T,設備投資,設備投資・機械,https://s.kabutan.jp/themes/%E8%A8%AD%E5%82%99%E6%8A%95%E8%B3%87/?market=all
6,6161,6161.T,6161.T,ロボット,AI・半導体,https://s.kabutan.jp/themes/%E3%83%AD%E3%83%9C%E3%83%83%E3%83%88/?market=all
6,6161,6161.T,6161.T,機械,設備投資・機械,https://s.kabutan.jp/themes/%E6%A9%9F%E6%A2%B0/?market=all
6,6161,6161.T,6161.T,自動車製造装置,自動車・モビリティ,https://s.kabutan.jp/themes/%E8%87%AA%E5%8B%95%E8%BB%8A%E8%A3%BD%E9%80%A0%E8%A3%85%E7%BD%AE/?market=all
6,6165,6165.T,6165.T,宇宙開発関連,防衛・国土強靱化,https://s.kabutan.jp/themes/%E5%AE%87%E5%AE%99%E9%96%8B%E7%99%BA%E9%96%A2%E9%80%A3/?market=all
6,6165,6165.T,6165.T,自動車部材・部品,自動車・モビリティ,https://s.kabutan.jp/themes/%E8%87%AA%E5%8B%95%E8%BB%8A%E9%83%A8%E6%9D%90%E3%83%BB%E9%83%A8%E5%93%81/?market=all
6,6166,6166.T,中村超硬,レアアース,資源・素材,https://s.kabutan.jp/themes/%E3%83%AC%E3%82%A2%E3%82%A2%E3%83%BC%E3%82%B9/?market=all
6,6166,6166.T,中村超硬,半導体製造装置,AI・半導体,https://s.kabutan.jp/themes/%E5%8D%8A%E5%B0%8E%E4%BD%93%E8%A3%BD%E9%80%A0%E8%A3%85%E7%BD%AE/?market=all
6,6166,6166.T,中村超硬,半導体部材・部品,AI・半導体,https://s.kabutan.jp/themes/%E5%8D%8A%E5%B0%8E%E4%BD%93%E9%83%A8%E6%9D%90%E3%83%BB%E9%83%A8%E5%93%81/?market=all
6,6166,6166.T,中村超硬,機械,設備投資・機械,https://s.kabutan.jp/themes/%E6%A9%9F%E6%A2%B0/?market=all
6,6166,6166.T,中村超硬,風力発電,GX・エネルギー,https://s.kabutan.jp/themes/%E9%A2%A8%E5%8A%9B%E7%99%BA%E9%9B%BB/?market=all
6,6167,6167.T,冨士ダイス,レアアース,資源・素材,https://s.kabutan.jp/themes/%E3%83%AC%E3%82%A2%E3%82%A2%E3%83%BC%E3%82%B9/?market=all
6,6167,6167.T,冨士ダイス,レアメタル,資源・素材,https://s.kabutan.jp/themes/%E3%83%AC%E3%82%A2%E3%83%A1%E3%82%BF%E3%83%AB/?market=all
6,6171,6171.T,6171.T,下水道,防衛・国土強靱化,https://s.kabutan.jp/themes/%E4%B8%8B%E6%B0%B4%E9%81%93/?market=all
6,6171,6171.T,6171.T,国土強靱化,防衛・国土強靱化,https://s.kabutan.jp/themes/%E5%9B%BD%E5%9C%9F%E5%BC%B7%E9%9D%B1%E5%8C%96/?market=all
6,6171,6171.T,6171.T,防災,防衛・国土強靱化,https://s.kabutan.jp/themes/%E9%98%B2%E7%81%BD/?market=all
6,6176,6176.T,6176.T,IT関連,デジタル・サービス,https://s.kabutan.jp/themes/IT%E9%96%A2%E9%80%A3/?market=all
6,6176,6176.T,6176.T,eコマース,内需・消費,https://s.kabutan.jp/themes/e%E3%82%B3%E3%83%9E%E3%83%BC%E3%82%B9/?market=all
6,6176,6176.T,6176.T,旅行,内需・消費,https://s.kabutan.jp/themes/%E6%97%85%E8%A1%8C/?market=all
6,6177,6177.T,アップバンク,eコマース,内需・消費,https://s.kabutan.jp/themes/e%E3%82%B3%E3%83%9E%E3%83%BC%E3%82%B9/?market=all
6,6177,6177.T,アップバンク,人工知能,AI・半導体,https://s.kabutan.jp/themes/%E4%BA%BA%E5%B7%A5%E7%9F%A5%E8%83%BD/?market=all
6,6178,6178.T,6178.T,ホテル,内需・消費,https://s.kabutan.jp/themes/%E3%83%9B%E3%83%86%E3%83%AB/?market=all
6,6178,6178.T,6178.T,不動産関連,不動産・建設,https://s.kabutan.jp/themes/%E4%B8%8D%E5%8B%95%E7%94%A3%E9%96%A2%E9%80%A3/?market=all
6,6178,6178.T,6178.T,保険,金融・金利,https://s.kabutan.jp/themes/%E4%BF%9D%E9%99%BA/?market=all
6,6178,6178.T,6178.T,宅配,物流・海運,https://s.kabutan.jp/themes/%E5%AE%85%E9%85%8D/?market=all
6,6178,6178.T,6178.T,物流,物流・海運,https://s.kabutan.jp/themes/%E7%89%A9%E6%B5%81/?market=all
6,6180,6180.T,6180.T,eコマース,内需・消費,https://s.kabutan.jp/themes/e%E3%82%B3%E3%83%9E%E3%83%BC%E3%82%B9/?market=all
6,6180,6180.T,6180.T,フィンテック,金融・金利,https://s.kabutan.jp/themes/%E3%83%95%E3%82%A3%E3%83%B3%E3%83%86%E3%83%83%E3%82%AF/?market=all
6,6181,6181.T,6181.T,保険,金融・金利,https://s.kabutan.jp/themes/%E4%BF%9D%E9%99%BA/?market=all
6,6182,6182.T,メタリアル,AIエージェント,AI・半導体,https://s.kabutan.jp/themes/AI%E3%82%A8%E3%83%BC%E3%82%B8%E3%82%A7%E3%83%B3%E3%83%88/?market=all
6,6182,6182.T,メタリアル,IT関連,デジタル・サービス,https://s.kabutan.jp/themes/IT%E9%96%A2%E9%80%A3/?market=all
6,6182,6182.T,メタリアル,人工知能,AI・半導体,https://s.kabutan.jp/themes/%E4%BA%BA%E5%B7%A5%E7%9F%A5%E8%83%BD/?market=all
6,6182,6182.T,メタリアル,生成AI,AI・半導体,https://s.kabutan.jp/themes/%E7%94%9F%E6%88%90AI/?market=all
6,6185,6185.T,ＳＭＮ,IT関連,デジタル・サービス,https://s.kabutan.jp/themes/IT%E9%96%A2%E9%80%A3/?market=all
6,6185,6185.T,ＳＭＮ,人工知能,AI・半導体,https://s.kabutan.jp/themes/%E4%BA%BA%E5%B7%A5%E7%9F%A5%E8%83%BD/?market=all
6,618A,618A.T,,サブスクリプション,デジタル・サービス,https://s.kabutan.jp/themes/%E3%82%B5%E3%83%96%E3%82%B9%E3%82%AF%E3%83%AA%E3%83%97%E3%82%B7%E3%83%A7%E3%83%B3/?market=all
6,618A,618A.T,,宅配,物流・海運,https://s.kabutan.jp/themes/%E5%AE%85%E9%85%8D/?market=all
6,6190,6190.T,6190.T,バイオテクノロジー関連,医療・ヘルスケア,https://s.kabutan.jp/themes/%E3%83%90%E3%82%A4%E3%82%AA%E3%83%86%E3%82%AF%E3%83%8E%E3%83%AD%E3%82%B8%E3%83%BC%E9%96%A2%E9%80%A3/?market=all
6,6191,6191.T,エアトリ,IT関連,デジタル・サービス,https://s.kabutan.jp/themes/IT%E9%96%A2%E9%80%A3/?market=all
6,6191,6191.T,エアトリ,インバウンド,内需・消費,https://s.kabutan.jp/themes/%E3%82%A4%E3%83%B3%E3%83%90%E3%82%A6%E3%83%B3%E3%83%89/?market=all
6,6191,6191.T,エアトリ,人工知能,AI・半導体,https://s.kabutan.jp/themes/%E4%BA%BA%E5%B7%A5%E7%9F%A5%E8%83%BD/?market=all
6,6191,6191.T,エアトリ,旅行,内需・消費,https://s.kabutan.jp/themes/%E6%97%85%E8%A1%8C/?market=all
