batch,stock_code,yahoo_ticker,company_name,long_name,quote_type,sector,industry,website,themes,clusters,business_summary,profile_status,profile_error
10,8117,8117.T,8117.T,Central Automotive Products Ltd.,EQUITY,Consumer Cyclical,Auto Parts,https://www.central-auto.co.jp,自動車部材・部品,自動車・モビリティ,"Central Automotive Products Ltd. engages in the development, import and export, and sale of automotive parts and related services. The company operates in two segments, Automobile Parts/Supplies Sales Business and Automobile Disposal Business. It offers engine parts, filter, and cooling parts, such as air filter, belt tensioner, chain tensioner, chain guide, cylinder liner, engine gasket, engine metal and bush, engine valve, fan belt, fuel and oil filter and pump, oil seal, piston and piston ring, radiator, thermostat, water pump, and timing belt, chain, and kit; body-armor maxim, coating, glass coating guard cosme, glass coat, MT-10, SKATO 360, antibacterial deodorant titania, seat coating, and excel pure products; and chassis parts, brake, and clutch parts, including air compressor, dryer, brake disc, Brake hose and power steering hose, brake lining and pad, bushing, cable, CV joints, clutches, disc pad, hydraulic brake and brake parts, shock absorber, steering and suspension parts, torque rod bushing, and wedge brake chamber, as well as alcohol detectors. The company also provides electrical parts that includes battery, condenser, point set, flasher relay, flasher unit, glowing plug, ignition coils, rectifier, starter solenoid, switches, voltage and window regulators, and window motor; chemical parts comprises engine oil sludgenizer, and coolant; and air conditioning component parts, such as compressor, condenser, evaporator, valves, flat motor, hose and fittings, and fan motors. The company was incorporated in 1943 and is headquartered in Osaka, Japan.",ok,
10,8119,8119.T,8119.T,Sanyei Corporation,EQUITY,Consumer Cyclical,"Furnishings, Fixtures & Appliances",https://www.sanyeicorp.com,防災,防衛・国土強靱化,"Sanyei Corporation engages in the wholesale and retail of furniture and houseware, fashion accessories, and home appliances in Japan and internationally. It operates through Furniture and Household Goods Business, Fashion Goods Business and Home Appliance Business segments. The company offers furniture and interior products, as well as housewares under the foxx chair and Formio brands; operates online furniture store under the MINT brand; operates garden exterior goods store under the Tsukuri brand; footwear under the BIRKENSTOCK, Orthofeet and BENEXY brands; and bags under the Kipling and uF brands. It also provides environment friendly products, including watches under the Our Earth Project and YOT WATCH brands; hair products under the mod's hair brand; and home appliances and cooking equipment under the Vitantonio and MULTI CHEF brands, as well as operates pet salons, hotels, veterinary hospitals, and pet-related products retail stores under the Pepica brand. In addition, the company offers services, such as shipping, fulfillment and product procurement under the Thirdlogi brand and retails emergency supplies through online platform under the BOUSAI DIRECT brand. The company was formerly known as SANYEI Boeki and changed its name to Sanyei Corporation in 1971. Sanyei Corporation was founded in 1946 and is headquartered in Tokyo, Japan.",ok,
10,8125,8125.T,8125.T,"Wakita & Co.,LTD.",EQUITY,Industrials,Farm & Heavy Construction Machinery,https://www.wakita.co.jp,不動産関連 | 介護関連 | 建設機械,不動産・建設 | 医療・ヘルスケア | 設備投資・機械,"Wakita & Co.,LTD., engages in the construction equipment, trading, and real estate businesses in Japan and internationally. The company rents generators, welders, and compressors; cars and vehicle machines; road compaction machines; concrete equipment, light machinery tools, earthmoving and heavy machinery, and machines for soil improvement and foundation construction; submersible pumps and water treatment equipment; and small lifting, carrying, and house equipment. It also provides storage batteries, welding and washing machines, floodlights and LED floodlights, blowers, plate compactors, blades, portable band saws, vacuum and compact cleaners, evaporative and spot coolers, brush cutters, trucks, oil-fired portable heaters, and small snow blowers. In addition, the company offers pile construction management systems; and used construction machines. Further, the company engages in the sale of karaoke-related video and audio equipment; and sale and rental of nursing care products and equipment. Additionally, it engages in rental office buildings and rental apartments, hotel management, and condominium sales businesses; sale, leasing, import, and export of cargo handling equipment; sale and rental of outdoor toilet units; crane lifting business; and sale and rental of surveying equipment. Wakita & Co.,LTD. was incorporated in 1949 and is headquartered in Osaka, Japan.",ok,
10,8129,8129.T,8129.T,"Toho Holdings Co., Ltd.",EQUITY,Healthcare,Medical Distribution,https://www.tohohd.co.jp,医薬品関連,医療・ヘルスケア,"Toho Holdings Co., Ltd. engages in the wholesale distribution of pharmaceutical products in Japan. It operates in four segments: Pharmaceutical Wholesale Business, Dispensing Pharmacy Business, Pharmaceutical Manufacturing and Sales Business, and Other Peripheral Businesses. The company sells pharmaceuticals, narcotics, reagents, and medical devices to hospitals, clinics, and dispensing pharmacies. It is also involved in the management of the dispensing pharmacies business; operates health insurance pharmacy; provision of support home medical care services; peripheral businesses; core system operations; and real estate agency business. In addition, the company manufacture and sell pharmaceuticals; sells generic drugs; and manufactures injection drugs on consignment. Further, it provides support for various aspects of healthcare, including the development and provision of customer support systems that help medical institutions improve operational efficiency, opening support, and in-house logistics at medical institutions. Additionally, the company engages in the site management organization business; information processing business; software development and sales, corporate and medical management consulting business; internet business related to pharmaceuticals; general motor truck transportation business; and manufacturing and sales of hygienic materials. The company was incorporated in 1948 and is headquartered in Chuo, Japan.",ok,
10,8131,8131.T,8131.T,"Mitsuuroko Group Holdings Co.,Ltd.",EQUITY,Energy,Oil & Gas Refining & Marketing,https://www.mitsuuroko.com,マンション関連 | 再生可能エネルギー | 太陽光発電関連 | 風力発電,不動産・建設 | GX・エネルギー,"Mitsuuroko Group Holdings Co.,Ltd. supplies liquefied petroleum gas and petroleum products in Japan, Singapore, and the rest of Asia. The company operates through the Energy Business, Electric power business, Foods Business, Living & Wellness Business, and Overseas Business segments. It supplies liquefied petroleum gas, liquefied natural gas, autogas, compressed natural gas for vehicles, and other petroleum products. The company also sells and installs household systems and appliances; offers fiber optic communication services; and supplies solid fuel, solar power generation systems, lithium-ion batteries, and residential-use fuel cells. In addition, it operates wind, biomass, and solar power plants, as well as retail and wholesale electricity. Further, the company produces and sells beverages, such as mineral water; operates restaurants, stores, and cafeterias in public and private facilities, including office buildings, schools, hospitals, and hotels; and grocery stores. Additionally, it develops and leases office buildings and commercial facilities, as well as manages a sports and wellness facility; leases office equipment, information and communications equipment, industrial machinery, transportation equipment, and other equipment; and offers shared services and IT solutions, and insurance brokerage services, as well as engages in printing and online shopping business. The company was formerly known as MITSUUROKO Co.,Ltd. and changed its name to Mitsuuroko Group Holdings Co.,Ltd. in October 2011. Mitsuuroko Group Holdings Co.,Ltd. was incorporated in 1926 and is headquartered in Tokyo, Japan.",ok,
10,8132,8132.T,8132.T,"Sinanen Holdings Co., Ltd.",EQUITY,Energy,Oil & Gas Refining & Marketing,https://sinanengroup.co.jp,再生可能エネルギー | 太陽光発電関連,GX・エネルギー,"Sinanen Holdings Co., Ltd. engages in the energy and non-energy related businesses in Japan and internationally. The company operates through Energy wholesale and retail related businesses, Energy Solutions Business, and Non-energy business segments. It provides products and services related to energy, such as LP gas and kerosene, and electricity; and solutions, including renovation and housing equipment, as well as housework and house cleaning services. The company also sells petroleum products to corporate customers that include gasoline, kerosene, diesel oil, fuel oil, lubricating oil, and LP gas; delivery services; sales support, such as kerosene home delivery; and sales support for service stations. In addition, it is involved in the development of power sources, including solar power generation; sale, maintenance, and operation of renewable energy products for individuals and corporations; electricity supply, sale, and demand management; plumbing maintenance; and rental services. Further, the company engages in the comprehensive building maintenance business, such as residential buildings and non-residential buildings maintenance, hospital and funeral home facility management; management of condominium management associations; design, construction, and maintenance of air-conditioning and floor-heating equipment; import and sale of bikes; bike retail store; share cycle business comprising bike-sharing; system business, which includes cloud-based LP gas ERP system, power CIS, account transfer payment collection service, and centralized monitoring system; and antimicrobial business, including silver-based inorganic antimicrobial agent, anti-odor and odor adsorbent, and functional additives. The company was formerly known as Sinanen Co., Ltd. and changed its name to Sinanen Holdings Co., Ltd. in October 2015. Sinanen Holdings Co., Ltd. was founded in 1927 and is headquartered in Shinagawa, Japan.",ok,
10,8133,8133.T,8133.T,"Itochu Enex Co.,Ltd.",EQUITY,Industrials,Conglomerates,https://www.itcenex.com,アンモニア | 太陽光発電関連 | 電力会社 | 風力発電,GX・エネルギー | データセンター・電力,"Itochu Enex Co.,Ltd. engages in the sale of petroleum products and liquefied petroleum gas (LPG), electricity, heat supply, vehicle sales in Japan and internationally. The company operates through four divisions: Home-Life Business, Car-Life Business, Industrial Business, and Power & Utility Business. The Car-Life Business division offers gasoline, kerosene, diesel oil, heavy oil, electric power, automotive retailing, living and automotive products/services, vehicle maintenance management services, and auto auctions. The Industrial Business division provides asphalt, marine fuel, import/export of petroleum products, terminal tank rental, fleet card, industrial gas, pressure inspection for gas containers, AdBlue, renewable fuel, Gas to Liquids (GTL), energy service business, and polychlorinated biphenyl (PCB) disposal. The Power & Utility division engages in electric power generation from solar power, hydroelectric power, coal-fired thermal power, and natural gas-fired thermal power, electric power sales, electric power supply, demand management services, and asset management business, steam, district heating and cooling service, and electric heat supply service, car rental, and car sharing service. The Home-Life division is involved in the sale of LPG, kerosene, city gas, and electric power, household equipment, smart energy devices, and remodeling. The company was formerly known as Itochu Fuel Corporation and changed its name to Itochu Enex Co.,Ltd. in July 2001. The company was incorporated in 1961 and is headquartered in Tokyo, Japan. Itochu Enex Co.,Ltd. operates as a subsidiary of ITOCHU Corporation.",ok,
10,8136,8136.T,8136.T,"Sanrio Company, Ltd.",EQUITY,Consumer Cyclical,Specialty Retail,https://www.sanrio.co.jp,インバウンド | サービスロボット,内需・消費 | 設備投資・機械,"Sanrio Company, Ltd., together with its subsidiaries, plans and sells social communication gifts, greeting cards, and books in Japan, Europe, North America, South America, rest of Asia, and internationally. It also operates restaurants; and produces, promotes, and distributes movies. In addition, it engages in the planning, production, and sale of recorded music and video products; planning and presentation of musicals and live performances; copyright licensing; planning and operation of theme parks; planning, development, and sale of educational services and materials; planning, sale, and distribution of digital content; planning and sale of merchandise and publications; production and sale of video software; and advertising, marketing, and sports activities. Further, the company engages in the sale and rental of robots, rental of cars, and non-life insurance agency services. Sanrio Company, Ltd. was incorporated in 1949 and is headquartered in Shinagawa, Japan.",ok,
10,8137,8137.T,8137.T,Sun-Wa Technos Corporation,EQUITY,Technology,Electronics & Computer Distribution,https://www.sunwa.co.jp,FA関連 | ロボット,設備投資・機械 | AI・半導体,"Sun-Wa Technos Corporation engages in the distribution of electrical machinery, electronics, and general machinery in Japan, Asia, Europe, the Americas, and internationally. The company operates through Electronic Components Division, Control Devices Division, Industrial PC Division, and FA Solutions Division segments. It sells industrial electronics- and mechatronics-related equipment, devices and parts. The company also sells electronic components, electronic equipment, office automation equipment, factory automation systems, communication and information equipment. In addition, it engages in the sale of semiconductor manufacturing equipment, industrial robots, clean robots, FA industry-related equipment and devices, printed circuit board and related apparatus, logistical transportation equipment, automotive electronic products, and various inspection equipment. It also provides electrical construction and engineering support for improvement of efficiency of production facilities. The company was formerly known as Yamada Kogyo Corporation and changed its name to Sun-Wa Technos Corporation in April 1993. Sun-Wa Technos Corporation was incorporated in 1949 and is headquartered in Chuo, Japan.",ok,
10,8138,8138.T,8138.T,Sankyo Kasei Corporation,EQUITY,Basic Materials,Specialty Chemicals,https://www.sankyokasei-corp.co.jp,半導体部材・部品 | 自動車部材・部品,AI・半導体 | 自動車・モビリティ,"Sankyo Kasei Corporation manufactures, sells, and imports/exports chemicals, synthetic resins, dyes, pigments, paints, dyeing auxiliary poisonous, and deleterious substances in Japan and internationally. The company engages in the sale and import/export of building materials, electrical equipment and its parts, machines, tools, and other general goods; and processing, sale, and import/export of chemical fiber and natural fiber. It also engages in the research, development, manufacture, sale, and import/export of alcoholic beverages, drinking water, condiments, processed foods, and their materials; and building rental business. In addition, the company offers films for food and general packaging; various printing works; surfactants for textile materials and processing; and resins for paints and adhesives. Sankyo Kasei Corporation was founded in 1946 and is headquartered in Osaka, Japan.",ok,
10,8141,8141.T,新光商,"Shinko Shoji Co., Ltd.",EQUITY,Technology,Electronics & Computer Distribution,https://shinko-sj.co.jp,半導体 | 半導体商社 | 自動車部材・部品,AI・半導体 | 自動車・モビリティ,"Shinko Shoji Co., Ltd., together with its subsidiaries, engages in the import, export, and sale of electronic components in Japan, rest of Asia, North America, and Europe. It operates through Electronic Device Business, Assembly Business, and Other Businesses segments. The company offers semiconductors, general electronic parts and batteries, display devices, embedded computing, and solution services, as well as integrated circuits, assembly products, and other electronic equipment. It also provides in-vehicle semiconductors and passive components, including MCU, SoC, analog, power discrete, and connectors; integrated cockpit, EV, brushless DC motor control, and data logger solutions; sensing, vision, AI, and connectivity products; gaming and casino equipment; ICT on-site solutions; edge computer controllers; design and development tools; communications and networks; and non-contact services. In addition, the company offers scheme and support systems; non-Japanese printed circuit boards and harnesses; express prototyping and procurement support services; lithium-ion and battery solutions; power generation; support services for overseas transfers and electronics manufacturing services; and design and development solutions, such as CAN+A/D data loggers, model-based development, embedded software, ASIC/FPGA, and AUTOSAR. Further, it provides workstations, supercomputers, and peripheral equipment; and engages in the contract development of microcomputer software and software development activities. The company serves the automotive, industry, amusement, AI/DX, EMS/ODM, energy, design development, logistics, and office automation markets. Shinko Shoji Co., Ltd. was incorporated in 1953 and is headquartered in Shinagawa, Japan. As of August 3, 2026, Shinko Shoji Co., Ltd. operates as a subsidiary of Kaga Electronics Co.,Ltd.",ok,
10,8142,8142.T,8142.T,"Toho Co., Ltd.",EQUITY,Consumer Defensive,Food Distribution,https://www.to-ho.co.jp,外食,内需・消費,"Toho Co., Ltd., through its subsidiaries, engages in the food wholesale, cash and carry, and supermarket businesses primarily in Japan. It is involved in the development, procurement, and purchase of commercial food; and manufacture of coffee. The company also engages in the wholesale of commercial foods, Chinese food ingredients, Japanese ingredients, fresh fruit, meat, and fruits and vegetables to the restaurant industry; dairy products, confectionery and baking materials; and sells broilers and other livestock products. In addition, it is involved in the interior design and construction of restaurants; software development and maintenance; and general construction contracting, real estate management, and outsourcing of clean, on-demand, and general affairs works, as well as insurance agency activities. Further, the company engages in the import, manufacture, sale, and maintenance of commercial cooking equipment, coffee machines, confectionery equipment, etc., as well as quality control services. The company was incorporated in 1929 and is headquartered in Kobe, Japan.",ok,
10,8143,8143.T,8143.T,"Lapine Co., Ltd.",EQUITY,Consumer Cyclical,Apparel Manufacturing,https://www.lapine.co.jp,小売り,内需・消費,"Lapine Co., Ltd. engages in the planning, manufacturing, and sale of women's clothing and accessories in Japan. It operates through Wholesale Business, Retail Business, and Welfare Business segments. The company also produces and sells vegetables for the purpose of welfare for people with disabilities. The company was formerly known as Daito Co., Ltd. and changed its name to Lapine Co., Ltd. in April 1967. Lapine Co., Ltd. was incorporated in 1950 and is headquartered in Chiyoda, Japan.",ok,
10,8145,8145.T,,,,,,,倉庫,物流・海運,,ok,
10,8147,8147.T,8147.T,"Tomita Co., Ltd.",EQUITY,Industrials,Industrial Distribution,https://www.tomitaj.co.jp,FA関連 | ロボット | 工作機械,設備投資・機械 | AI・半導体,"Tomita Co., Ltd. distributes machine tool products in Japan and internationally. The company provides general-purpose and CNC lathes, milling, drilling, broaching, boring, gun drilling, electrical discharge, additive manufacturing, cutting, laser processing, sheet metal, forming, injection molding, and other machines; machining centers; grinders; gear processing machines, including cutting, finishing, honing, shaving, and hobbing; and CNC routers and light metal/plastic/wood processing machines. It also offers pneumatic and hydraulic equipment; cutting tools and abrasives; power transmission products; electronic components; measuring equipment; metal working related devices; dust collectors and washing machines; coolant units; material handling equipment; heat treatment and environmental equipment; welding equipment; molding machine related equipment; and other products, as well as electric equipment, tools, conduction equipment, drives, tools, and instruments. In addition, the company provides automation, retrofit, and customized devices/machines; robots/loaders/conveyors; CAD/CAM systems; and production management systems/software products, as well as imports machinery and tools. It also sells its tools via mail orders. Tomita Co., Ltd. was founded in 1911 and is headquartered in Chuo, Japan.",ok,
10,8150,8150.T,三信電,"Sanshin Electronics Co., Ltd.",EQUITY,Technology,Semiconductors,https://www.sanshin.co.jp,半導体 | 半導体商社,AI・半導体,"Sanshin Electronics Co., Ltd. sells and trades in electronic components and other devices in Japan and internationally. The company offers integrated circuits, semiconductor elements, and general electronic components. It also plans, designs, and manufactures IoT and Edge AI devices; and develops applied software for microcontrollers and simulations for semi-custom LSIs. In addition, the company provides IT infrastructure solutions, including WAN/LAN/mobile, virtualization, cloud, office communication, security, and operational support services; video solutions, such as live relay systems, program transmission systems, IPTV systems, nonlinear editing systems, studio systems, and various video solutions; and various support and services, including call-center services, maintenance-support services, and system-configuration services. Further, the company provides application services in the areas of data analysis systems; call-center systems; individual system development; cloud/software as a service; business systems comprising sales, accounting, payroll, attendance, production, etc.; and groupware consisting of e-mail, schedule management, facility reservation, etc. Additionally, it offers housing, cloud computing, system integration, and operation and maintenance services, as well as support services for construction of networks/circuits. It serves electronic makers, newspaper publishing companies, broadcast stations, government offices, schools, etc. Sanshin Electronics Co., Ltd. was incorporated in 1951 and is headquartered in Tokyo, Japan.",ok,
10,8151,8151.T,8151.T,TOYO Corporation,EQUITY,Technology,Scientific & Technical Instruments,https://www.toyo.co.jp,サイバーセキュリティ | ロボット | 水素 | 自動車製造装置 | 自動運転車 | 量子コンピューター | 防衛 | 電気自動車関連,防衛・国土強靱化 | AI・半導体 | GX・エネルギー | 自動車・モビリティ,"TOYO Corporation provides measurement solutions in Japan. The company provides advanced measurement technologies for energy; equipment and solutions for measurement, analysis, and experimental data management to support research and development of transportation equipment such as automobiles and trains, as well as noise and vibration, and safety and durability of industrial machinery; and standard compliance testing services and solutions. It also offers test systems and analysis/monitoring systems; software development lifecycle products and services; and electromagnetic compatibility compliance testing and over the air measurement systems for 5G and connected vehicles, as well as installs, support, and maintains large parabolic antenna ground systems. In addition, the company provides ocean survey and measurement equipment for offshore, underwater, and submarine applications, as well as port areas; measurement technologies to cyber security products and services; and medical imaging solutions, including interpretation support systems for chest X-ray and CT images, and 2D and 3D preoperative digital planning tools in orthopedic surgery. Further, it develops customized products and autonomous driving/advanced driver assistance system. The company was formerly known as TOYO Trading Co., Ltd. and changed its name to TOYO Corporation in February 1977. The company was incorporated in 1946 and is headquartered in Tokyo, Japan.",ok,
10,8152,8152.T,8152.T,SOMAR Corporation,EQUITY,Basic Materials,Specialty Chemicals,https://www.somar.co.jp,自動車部材・部品 | 電気自動車関連 | 食品,自動車・モビリティ | 内需・消費,"SOMAR Corporation engages in materials, environmental and food materials, and other businesses in Japan and internationally. The company offers films used in production processes, weak adhesive films, thermal expansion releasing adhesive films, UV curable adhesive films, and cooling releasing films; SMD/sealing matelials; electric and electronic parts, such as outer protection/moisture-proof materials and related materials; optical instruments, including high light-shading /non-light reflection films; insulation materials for motors; sealing materials for electronic control devices; ink-jet printing films; large copy machine printing films; slime control agents; preservative; rheology modifiers; and food ingredients comprising thickener or stabilizer, and dehydrated vegetables. SOMAR Corporation was formerly known as Marusho Industrial Co., Ltd. and changed its name to SOMAR Corporation in 1984. The company was incorporated in 1948 and is headquartered in Tokyo, Japan.",ok,
10,8153,8153.T,8153.T,"Mos Food Services, Inc.",EQUITY,Consumer Cyclical,Restaurants,https://www.mos.co.jp,外食 | 宅配,内需・消費 | 物流・海運,"Mos Food Services, Inc. operates MOS BURGER hamburger franchise and other restaurant businesses in Japan and internationally. The company operates Mother Leaf specialty black tea stores, which provide fresh black tea, sweets, waffles, pasta, sweets, and seasonal Japanese cuisine. It also operates MOSDO stores and restaurants under AEN brand. The company was incorporated in 1972 and is headquartered in Tokyo, Japan.",ok,
10,8154,8154.T,加賀電子,"Kaga Electronics Co.,Ltd.",EQUITY,Technology,Electronic Components,https://www.taxan.co.jp,半導体 | 半導体商社 | 自動車部材・部品,AI・半導体 | 自動車・モビリティ,"Kaga Electronics Co.,Ltd. sells electronics parts, semiconductors, PCs, and peripherals in Japan, North America, Europe, and Asia. It operates through the Electronic Components Business, Software Business, Information Equipment Business, and Other Businesses segments. The Electronic Components Business segment offers, manufactures, and sells semiconductors, general electronic components, EMS, etc. The Information Equipment Business segment sells personal computers, PC peripherals, various home appliances, photo and video related products, and original branded products; builds LAN systems; offers printers and digital cameras; scanners, HDDs, DVDs, network construction and provides installation services. The Software Business segment engages in the production of CG images and the planning and development of amusement-related products. The Other Businesses segment is engaged in the repair and support of electronics devices; the manufacture and sale of amusement machines; and the sale of sporting goods. It also provides PC recycling services; and installation services. The company was incorporated in 1968 and is headquartered in Tokyo, Japan.",ok,
10,8157,8157.T,都築電,"Tsuzuki Denki Co., Ltd.",EQUITY,Industrials,Conglomerates,https://www.tsuzuki.co.jp,IT関連 | IoT | SaaS | エッジコンピューティング | クラウドコンピューティング | サイバーセキュリティ | デジタルトランスフォーメーション | 人工知能 | 生成AI,デジタル・サービス | 設備投資・機械 | AI・半導体 | 防衛・国土強靱化,"Tsuzuki Denki Co., Ltd. engages in the design, development, construction, and maintenance of network and information systems. The company offers TOTAL SOLUTION SERVICE FRAMEWORK (TSF), IntrameriT, TCloud for Voice, CT-e1/SaaS, CT-e1/SaaS for service cloud voice, TCloud for SCM, TCloud for Smart Produce, D-VUE Service, IoT Solution, TAndd Service, TCloud for BizChat, and Cybersecurity management Support Services, as well as RPA solutions. It serves real estate and construction, medical care and welfare, retail, amusement, manufacturing, fruit and vegetable market, paint sales, government agencies and local authorities, and logistics industries. Tsuzuki Denki Co., Ltd. was founded in 1932 and is headquartered in Minato, Japan.",ok,
10,8159,8159.T,立花エレ,"Tachibana Eletech Co., Ltd.",EQUITY,Technology,Electronic Components,https://www.tachibana.co.jp,FA関連 | ロボット | 半導体 | 半導体商社 | 受変電設備 | 機械,設備投資・機械 | AI・半導体 | データセンター・電力,"Tachibana Eletech Co., Ltd. operates as a technology-driven trading company in Japan and internationally. It operates through Factory Automation System, Semiconductors Device Business, and Facility Business segments. The Factory Automation Systems segment sells programmable controllers, inverters, AC servos, motors, power distribution control equipment, industrial robots, electric discharge machines, laser processing machines, connectors, embedded equipment, industrial computers, and touch panel monitors. Its Semiconductors Devices segment offers microcontrollers, ASICs, power modules, memory, analog ICs, and logic ICs, as well as memory cards, contact image sensors, and liquid crystal displays. The Facility Business provides package air conditioners and other air conditioning equipment, LED lighting, solar power generation systems, all-electric appliances, room air conditioners, elevators, substation equipment, and monitoring and control equipment. The company was formerly known as Tachibana Shokai Ltd. and changed its name to Tachibana Eletech Co., Ltd. in September 2001. Tachibana Eletech Co., Ltd. was founded in 1921 and is headquartered in Osaka, Japan.",ok,
10,8160,8160.T,8160.T,"Kisoji Co., Ltd.",EQUITY,Consumer Cyclical,Restaurants,https://www.kisoji.co.jp,外食,内需・消費,"Kisoji Co., Ltd. operates restaurants in Japan. The company processes, prepares, and serves food and beverages. It is also involved in real estate leasing and other related business activities. The company was formerly known as Matsuba Co., Ltd. and changed its name to Kisoji Co., Ltd. in February 1974. Kisoji Co., Ltd. was incorporated in 1950 and is headquartered in Nagoya, Japan.",ok,
10,8163,8163.T,8163.T,"SRS Holdings Co.,Ltd.",EQUITY,Consumer Cyclical,Restaurants,https://srs-holdings.co.jp,外食,内需・消費,"SRS Holdings Co.,Ltd. operates a chain of Japanese food restaurant in Japan. It operates restaurants under the Washoku Sato, Tendon & Tempura Honpo Santen, Nigiri CHOJIRO, Miyamoto Munashi, Katsuya, Kazokutei, Umaihirekan, Tokutoku, Himawari, Torisho, Gyuno Fuku, and Karayama brand names, as well as operates a Japanese traditional café under the Meotozenzai name. The company was formerly known as Sato Restaurant Systems Co., Ltd. and changed its name to SRS Holdings Co.,Ltd. in October 2017. SRS Holdings Co.,Ltd. was incorporated in 1951 and is headquartered in Osaka, Japan.",ok,
10,8167,8167.T,8167.T,"Retail Partners Co., Ltd.",EQUITY,Consumer Defensive,Grocery Stores,https://retailpartners.co.jp,生活防衛,内需・消費,"Retail Partners Co., Ltd. engages in the management and operation of supermarket businesses in Japan. The company was formerly known as Marukyu Co., Ltd. and changed its name to Retail Partners Co., Ltd. in July 2015. The company was incorporated in 1954 and is headquartered in Hofu, Japan.",ok,
10,8173,8173.T,8173.T,Joshin Corporation,EQUITY,Consumer Cyclical,Specialty Retail,https://www.joshin.co.jp,インバウンド | 小売り | 生活防衛,内需・消費,"Joshin Corporation operates an electrical appliance retail and other related business in Japan. It offers home appliances, information and communication equipment, entertainment products, housing equipment, and related products, as well as incidental businesses. The company also engages in general renovations, planning, design, and construction of extensions and remodeling, seismic reinforcement; delivery, installation, repair, and maintenance services for home appliances and other related products; and installation and configuration of information equipment and communication equipment. In addition, it provides non-life insurance and life insurance agency services, reinsurance underwriting for non-life insurance, and contracting and management services, as well as operates a store that rents music and video software, used books, etc. The company was formerly known as Joshin Denki Co., Ltd. and changed its name to Joshin Corporation in April 2026. Joshin Corporation was founded in 1948 and is headquartered in Osaka, Japan.",ok,
10,8179,8179.T,8179.T,"ROYAL HOLDINGS Co., Ltd.",EQUITY,Consumer Cyclical,Restaurants,https://www.royal-holdings.co.jp,ホテル | 外食,内需・消費,"ROYAL HOLDINGS Co., Ltd., through its subsidiaries, operates a chain of restaurants in Japan. It operates through Restaurant Business; Contract Business; Hotel Business; Food Business; and Others segments. The company operates restaurants under the Royal Host, TENYA, Sizzler, Shakey's, Royal Garden Cafe, Mrs. Elizabeth Muffin, and Standard Coffee brands; beer restaurants, cafes, and various specialty shops; and hotels under the Richmond Hotel brand. It is also involved in food manufacturing, purchasing, distribution, logistics, and other infrastructure-related functions; and manufacture of frozen meals under the Royal Host Deli brand, as well as meals for sale by large retailers and other companies. In addition, it develops and operates various eating and drinking establishments on a contractual basis at airport terminals, highway service and parking areas, convention centers, office buildings, medical and nursing facilities, department stores, and government offices. Further, it offers in-flight catering and real estate rental services. ROYAL HOLDINGS Co., Ltd. was incorporated in 1950 and is headquartered in Fukuoka City, Japan.",ok,
10,8181,8181.T,8181.T,"Totenko Co., Ltd.",EQUITY,Consumer Cyclical,Restaurants,https://www.totenko.co.jp,外食,内需・消費,"Totenko Co., Ltd. operates restaurants and banquet halls in Japan. The company operates through banquets, wedding, grills, and external sales. It operates restaurant, private rooms and banquet halls, and usage scenarios; and food and drinks for weddings and family gatherings. The company also engages in real estate rental business. The company was formerly known as Ueno Kanko Onsen Co., Ltd. and changed its name to Totenko Co., Ltd. in May 1961. Totenko Co., Ltd. was incorporated in 1948 and is headquartered in Tokyo, Japan.",ok,
10,8185,8185.T,8185.T,"Chiyoda Co., Ltd.",EQUITY,Consumer Cyclical,Apparel Retail,https://www.chiyodagrp.co.jp,eコマース | 小売り,内需・消費,"Chiyoda Co., Ltd., together with its subsidiaries, engages in the development, manufacture, and sale of shoes in Japan. It is also involved in the purchase and wholesale of shoes; and import of shoes and garments. The company operates stores under SHOE PLAZA, TOKYO SHOES RETAILING CENTER, CHIYODA HAKI-GOKOCHI, Chiyoda, cloverleaf, SPC, VifVif by cloverleaf, COURIPIE, and NATURA brand names. Chiyoda Co., Ltd. was founded in 1936 and is headquartered in Tokyo, Japan.",ok,
10,8190,8190.T,,,,,,,宅配 | 食品,物流・海運 | 内需・消費,,ok,
10,8194,8194.T,8194.T,Life Corporation,EQUITY,Consumer Defensive,Grocery Stores,https://www.lifecorp.jp,宅配 | 小売り,物流・海運 | 内需・消費,"Life Corporation operates a chain of supermarkets in Japan. The company sells food products, daily necessities, and clothing. It is also involved in the credit card business. The company was formerly known as Lifestore Co., Ltd. and changed its name to Life Corporation in May 1991. Life Corporation was founded in 1910 and is headquartered in Osaka, Japan.",ok,
10,8198,8198.T,8198.T,"Maxvalu Tokai Co.,Ltd.",EQUITY,Consumer Defensive,Grocery Stores,https://www.mv-tokai.co.jp,小売り,内需・消費,"Maxvalu Tokai Co.,Ltd. operates and manages a chain of supermarkets in Japan. The company's supermarkets mainly offer food products. It also operates online supermarkets. The company was formerly known as K.K. Wada Shoji and changed its name to Maxvalu Tokai Co.,Ltd. in 2002. Maxvalu Tokai Co.,Ltd. was incorporated in 1948 and is headquartered in Hamamatsu, Japan. Maxvalu Tokai Co.,Ltd. is a subsidiary of Aeon Co., Ltd.",ok,
10,8200,8200.T,8200.T,"Ringer Hut Co.,Ltd.",EQUITY,Consumer Cyclical,Restaurants,https://www.ringerhut.co.jp,外食 | 宅配,内需・消費 | 物流・海運,"Ringer Hut Co.,Ltd. operates restaurants in Japan and internationally. It operates restaurants under the Nagasaki Champon Ringer Hut, Tonkatsu Hamakatsu, and Nagasaki Takufu Hamakatsu brands. The company was formerly known as Hamakatsu Corporation and changed its name to Ringer Hut Co.,Ltd. in August 1982. Ringer Hut Co.,Ltd. was founded in 1962 and is headquartered in Tokyo, Japan.",ok,
10,8202,8202.T,8202.T,"Laox Holdings CO.,LTD.",EQUITY,Consumer Cyclical,Specialty Retail,https://www.laox.co.jp,eコマース | インバウンド | 小売り | 食品,内需・消費,"Laox Holdings CO.,LTD. primarily engages in the retail business. It operates through four reportable segments: Gift Solutions Business, Retail Business, Trading Business, and Asset Service Business segments. The company engages in the sales business of gift items and lifestyle-related goods; and operation of duty-free shops for tourists visiting Japan, as well as sales of men's, women's clothing, and general merchandise. It is also involved in trading business through import and export of private label products and develops global e-commerce; and operation of Japanese restaurants. In addition, it engages in the operation and management of mixed-use commercial facilities, real estate sales and brokerage, and rental property management. Laox Holdings CO.,LTD. was founded in 1930 and is headquartered in Minato, Japan.",ok,
10,8203,8203.T,8203.T,Mr Max Holdings Ltd.,EQUITY,Consumer Defensive,Discount Stores,https://www.mrmaxhd.co.jp/company/,小売り | 物流 | 生活防衛 | 食品,内需・消費 | 物流・海運,"Mr Max Holdings Ltd. operates discount stores in Japan. The company's stores sell air conditioners, food, kitchen and household items, beauty and healthcare, clothing and accessories, stationery and toys, pet supplies, interior and storage, sports and outdoors, car supplies, and gardening and DIY products. It operates 57 stores, as well as an online store. The company was formerly known as Mr Max Corporation and changed its name to Mr Max Holdings Ltd. in September 2017. Mr Max Holdings Ltd. was founded in 1925 and is headquartered in Fukuoka City, Japan.",ok,
10,8207,8207.T,8207.T,"Ten Allied Co.,Ltd.",EQUITY,Consumer Cyclical,Restaurants,https://www.teng.co.jp,外食,内需・消費,"Ten Allied Co.,Ltd., together with its subsidiary, engages in the food service business in Japan. It operates restaurants and bars under the Tengu and Kandaya brand names. The company also plans and operates Shunsen Sakaba Tengu, Tengu Sakaba, Washoku Restaurant Tengu, Meat Kitchen log50, Kanda-ya, Tengu Grand Hall, and retail of food products, etc. It also sells its products through retailer and mail-order sale; and offers take-out and home delivery services. The company was formerly known as Tengu Chain Co., Ltd. and changed its name to Ten Allied Co., Ltd. in 1977. Ten Allied Co.,Ltd. was incorporated in 1969 and is headquartered in Meguro, Japan.",ok,
10,8214,8214.T,8214.T,AOKI Holdings Inc.,EQUITY,Consumer Cyclical,Apparel Retail,https://www.aoki-hd.co.jp,小売り,内需・消費,"AOKI Holdings Inc. engages in the fashion, anniversary and bridal, entertainment, and real estate rental businesses in Japan. The company operates through Fashion Business, Entertainment Business, and Anniversaire and Bridal Business segments. It creates and sells clothing for men, women, fashion accessories, and other apparel, as well as business and business casual styling under the AOKI and ORIHICA brand names; and operates apparel store that offers casual clothing of big sizes for men and women under the Size MAX name. The company also operates wedding halls and guesthouse-style halls for ceremonies and receptions, as well as offers related services. In addition, it operates and manages KAIKATSU CLUB café complexes; COTE D'AZUR karaoke facilities; and FiT24 fitness facilities. The company was founded in 1958 and is headquartered in Yokohama, Japan.",ok,
10,8217,8217.T,8217.T,"Okuwa Co., Ltd.",EQUITY,Consumer Cyclical,Department Stores,https://www.okuwa.net,生活防衛,内需・消費,"Okuwa Co., Ltd. operates and manages stores in Japan. Its stores offer food, alcoholic beverages, rice, household goods, home furnishings, interior decoration, DIY, leisure goods, sports goods, home appliances, cosmetics, pharmaceuticals, and clothing products. The company also operates in online shopping business. Okuwa Co., Ltd. was founded in 1938 and is based in Wakayama, Japan.",ok,
10,8218,8218.T,8218.T,"Komeri Co.,Ltd.",EQUITY,Consumer Cyclical,Home Improvement Retail,https://www.komeri.bit.or.jp,太陽光発電関連 | 小売り,GX・エネルギー | 内需・消費,"Komeri Co.,Ltd. operates a chain of home improvement stores in Japan. It operates through Home Center business; and Other businesses segments. The company offers hardware and tools, building materials, and gardening/agricultural products; LPG and gasoline; books and other items; and sales of supplies, logistics services, development and operation of information processing systems, and credit card-related services. It operates stores under the Komeri Power, Komeri PRO, Komeri Hard & Green, and Athena names. The company was formerly known as Komeri Showten Co., Ltd. and changed its name to Komeri Co.,Ltd. in January 1973. Komeri Co.,Ltd. was founded in 1952 and is headquartered in Niigata, Japan.",ok,
10,8219,8219.T,8219.T,"Aoyama Trading Co., Ltd.",EQUITY,Consumer Cyclical,Apparel Retail,https://www.aoyama-syouji.co.jp,外食,内需・消費,"Aoyama Trading Co., Ltd. engages in the business wear, credit card, printing and media, sundry sales, repair service, franchisee, real estate and other businesses in Japan. It offers suits, shoes, and casual clothing and other men's items; and ladies suits for job hunting, formal wear, and others. The company also issues and manages credit cards, as well as manages finance; provides sales promotion services, such as distributing flyers and direct mails. In addition, it offers repair services for shoes and key duplication under the Mister Minit brand; sells general merchandise; and operates stores, restaurants and fitness gyms. Further, it operates in the web media business. Aoyama Trading Co., Ltd. was incorporated in 1964 and is headquartered in Fukuyama, Japan.",ok,
10,8225,8225.T,8225.T,"Takachiho Co.,Ltd.",EQUITY,Consumer Cyclical,Specialty Retail,https://kk-takachiho.jp,インバウンド | 外食 | 小売り | 旅行,内需・消費,"Takachiho Co.,Ltd., together with its subsidiaries, engages in the wholesale of souvenirs in Japan. It operates through Souvenir Wholesale Business, Retail Business, Bath Facility Business, Real Estate Rental Business, Outdoor Equipment Business, and Other segments. The company manufactures and sells tourist souvenirs to hotels, accommodation facilities, souvenir shops at JR stations, and highway service areas, as well as through directly managed stores; manufactures confectioneries, including chocolate sandwich cookies, filled cookies and buns, and other cookies; leases real estate space at Shopping Town Aozora; manages retail stores under the syunsui brand; and operates public baths, as well as fruit, crepe, and curry restaurants. It also sells fishing and outdoor equipment through Outdoor Station Van Van retail stores. The company serves tourist souvenir shops, stores in commercial facilities, character shops, and baseball team shops. Takachiho Co.,Ltd. was incorporated in 1949 and is headquartered in Nagano, Japan.",ok,
10,8226,8226.T,理経,Rikei Corporation,EQUITY,Technology,Information Technology Services,https://www.rikei.co.jp,3Dプリンター | IT関連 | ドローン | 光ファイバー | 半導体商社 | 防災 | 防衛,設備投資・機械 | デジタル・サービス | 防衛・国土強靱化 | データセンター・電力 | AI・半導体,"Rikei Corporation, together with its subsidiaries, engages in the system and network solutions, and electronic components and instrument businesses in Japan and internationally. It provides system solutions, including IT infrastructure, information security, and 3D CAD, CAM, and CAE solutions; IBM; Hewlett Packard enterprise solutions; entrance exam/curriculum and secure file collaboration systems; non-contact vital measurement and cloud SaaS solutions; IoT products; PCs; cloud authentication solution; software for power systems EMT simulations and calculating cable current carrying capacity; and AI products to private companies, universities, government offices, and research institutions. The company also offers information transmission and distribution network solutions to broadcasters, telecommunications, and local governments; and electronic components, instruments, and electronic materials for various sectors, including industrial equipment, automobile, medical, optical communication, and security. In addition, it engages in the sale and lease of aircraft and aircraft parts, and customer support; system development activities; and export, import, and sale of electronic products. The company was formerly known as Rikei Trading Co., Ltd. and changed its name to Rikei Corporation in June 1971. Rikei Corporation was incorporated in 1957 and is headquartered in Shinjuku, Japan.",ok,
10,8233,8233.T,8233.T,"Takashimaya Company, Limited",EQUITY,Consumer Cyclical,Department Stores,https://www.takashimaya.co.jp,インバウンド | 小売り,内需・消費,"Takashimaya Company, Limited engages in the department store, commercial development, financial, construction, and other businesses in Japan. The company is involved in the operation of department stores; commercial development and asset management and operation; mixed-use development projects for residential, office, and commercial properties, as well as school property leasing and other related services; and credit card, financial counter, insurance businesses, as well as provides financial product brokerage services. It also provides interior construction work, advertising and public relations services; supplies food products; and engages in mail-order sales and other businesses. In addition, the company engages in development and operation of department store; real estate development, operation, management, and leasing; operates restaurants under the Din Tai Fung, LINA STORES, Tang Chao, and Restaurant Rose names; importing of wines under the Leroy and Thienot names; procurement and wholesale of food ingredients, materials, food products, and beverages; supplies Japanese products; and production of TV commercials, promotional videos, 3DCG, and motion graphics. Further, it provides financial services for businesses, as well as trading of accounts receivable; urban development planning, design, and interior design services; building and maintenance and management contract services; and temporary staffing services. Takashimaya Company, Limited was founded in 1831 and is headquartered in Chuo, Japan.",ok,
10,8237,8237.T,8237.T,"Matsuya Co., Ltd.",EQUITY,Consumer Cyclical,Department Stores,https://www.matsuya.com,インバウンド | 小売り,内需・消費,"Matsuya Co., Ltd., together with its subsidiaries, operates and owns department stores in Japan. It operates through Department Stores Business, Restaurants Business, Total Building Maintenance and Advertising Business, and Other segments. The company's department stores offer women's and men's luxury and fashion products, including clothing, bags, shoes, wallets and small leather goods, accessories, and fashion jewelry; beauty products, such as makeup, skincare, body care, hair care, fragrances, and beauty gift sets; watches and jewelry; food, drinks, and gift sets; kids' and babies' products, including gifts, nursery and bathing goods, and toys; homeware goods, such as dining, kitchen, living accessories, home fragrances, bathroom accessories, bedding, and stationery; and art products. It also operates an online store. In addition, the company engages in the restaurant business; comprehensive building services and advertising; delivery of consumables and supplies for office and business use; operation of character goods shops; import goods sales; intermediary for sale of goods; product inspection business; and real estate leasing activities. Matsuya Co., Ltd. was founded in 1869 and is headquartered in Chuo, Japan.",ok,
10,8242,8242.T,8242.T,H2O Retailing Corporation,EQUITY,Consumer Defensive,Grocery Stores,https://www.h2o-retailing.co.jp,インバウンド | 宅配 | 小売り,内需・消費 | 物流・海運,"H2O Retailing Corporation engages in retail-related business, including department stores, supermarkets, shopping centers, specialty stores, and convenience stores in Japan. It operates through Department Store Business, Food Segment, Commercial Facility Business, and Others segments. The Department Store Business segment operates department stores selling clothing, personal items, household goods, and food. The Food Business segment is involved in food supermarkets and food manufacturing. The Commercial Facility segment engages in commercial property rental management, building management, and other businesses. The Other Businesses segment is involved in convenience store management, beauty select shop management, interior construction, and information processing services. The company also manufactures daily dishes, packed lunches, breads, dry foods, and other food items sold in supermarkets and department stores; hotel management; and costume rentals. In addition, it provides individual food delivery services; maintenance, cleaning and security services for stores; uniforms and corporate uniforms; convenience stores and station kiosks; and pet supplies and pet grooming services. The company was formerly known as Hankyu Department Stores, Inc. and changed its name to H2O Retailing Corporation in October 2007. H2O Retailing Corporation was founded in 1929 and is headquartered in Osaka, Japan.",ok,
10,8244,8244.T,8244.T,"Kintetsu Department Store Co., Ltd.",EQUITY,Consumer Cyclical,Department Stores,https://www.d-kintetsu.co.jp,インバウンド | 小売り,内需・消費,"Kintetsu Department Store Co., Ltd. operates department stores in Japan. The company operates through Department Store Business; Wholesale/Retail; Interior Industry; Real Estate Business; and Other Business segments. It engages in sale of clothing, food, personal products, groceries, household goods, and restaurants and cafes through department stores; wholesale/retail of automobiles; leasing/rental of commercial and logistics properties, and apartments; interior business; and worker dispatch businesses. The company was founded in 1920 and is based in Osaka, Japan.Kintetsu Department Store Co., Ltd. operates as a subsidiary of Kintetsu Group Holdings Co.,Ltd.",ok,
10,8247,8247.T,8247.T,"Daiwa Co.,Ltd.",EQUITY,Consumer Cyclical,Department Stores,https://www.daiwa-dp.co.jp,インバウンド | ホテル | 小売り,内需・消費,"Daiwa Co.,Ltd. operates department stores in Japan. It operates through hotel, publishing, human resources services, printing, and other business segments. The company operates through Korinbo and Toyama stores. It also operates an online shop. Daiwa Co.,Ltd. was founded in 1923 and is headquartered in Kanazawa, Japan.",ok,
10,8252,8252.T,8252.T,"Marui Group Co., Ltd.",EQUITY,Financial Services,Credit Services,https://www.0101maruigroup.co.jp,インバウンド | キャッシュレス決済 | フィンテック | 小売り,内需・消費 | 金融・金利,"Marui Group Co., Ltd., an investment holding company, engages in the retailing and fintech businesses in Japan. The company engages in the rental and management of commercial facilities; purchase and sales of clothing and decorative goods, spatial design, advertising, and promotion; investment trust sales, software development, and computer operations, as well as fashion logistics and building management, short-term insurance, trucking, cargo handling, and advertising businesses. It is also involved in the provision of credit card and loan services, card cash advances, rent guarantees, information system services, debt management and collection services, credit investigation services, building maintenance, and security services. In addition, it operates stores under the Marui and Modi names. The company was founded in 1931 and is headquartered in Tokyo, Japan.",ok,
10,8253,8253.T,8253.T,"Credit Saison Co., Ltd.",EQUITY,Financial Services,Credit Services,https://corporate.saisoncard.co.jp,キャッシュレス決済 | フィンテック,金融・金利,"Credit Saison Co., Ltd. provides leasing, finance, real estate, entertainment, global, and payment services in Japan and internationally. It operates through the Payment, Lease, Finance, Real Estate-Related, Global, and Entertainment segments. The company also engages in the credit card and related business; leasing of office equipment; credit guarantee and finance related businesses; real estate and real estate leasing business; lending and investment businesses; and development and management of amusement centers and arcades. In addition, it is involved in the import and sale of lifestyle goods; cleaning, security, and property maintenance services; asset management; debt collection; personal loans; life/non-life insurance agency; online ticket system and payment services; digital lending; and offshore lending. The company was formerly known as Seibu Credit Co., Ltd. and changed its name to Credit Saison Co., Ltd. in October 1989. Credit Saison Co., Ltd. was incorporated in 1951 and is headquartered in Tokyo, Japan.",ok,
10,8260,8260.T,8260.T,"Izutsuya Co., Ltd.",EQUITY,Consumer Cyclical,Department Stores,https://www.izutsuya.co.jp,インバウンド,内需・消費,"Izutsuya Co., Ltd. operates department stores and the Friends' Association Project in Japan. The company engages in sales of domestic and imported products including clothing, personal belongings, general merchandise, household goods, and food products. It also operates restaurants and cafés. Izutsuya Co., Ltd. was incorporated in 1935 and is headquartered in Kitakyushu, Japan.",ok,
10,8267,8267.T,8267.T,"Aeon Co., Ltd.",EQUITY,Consumer Cyclical,Department Stores,https://www.aeon.info,キャッシュレス決済 | 太陽光発電関連 | 小売り | 生活防衛,金融・金利 | GX・エネルギー | 内需・消費,"Aeon Co., Ltd. operates in the retail industry in Japan, China, ASEAN countries, and internationally. It operates through General Merchandise Store, Supermarket, Discount Store, Health & Wellness, Comprehensive Finance, Developer, and Service and Specialty Shops segments. The company operates general supermarket, uniform price general merchandise sales, etc.; supermarkets, convenience stores, small supermarkets; discount stores; and drugstores, dispensing pharmacies, etc. It is also involved in credit card business, fee-based business, banking; development and leasing of shopping centers; comprehensive facility management services, amusement, restaurants, family restaurants, specialty stores selling casual fashion, and shoes, etc.; retail business in the ASEAN region and China; and mobile marketing business, digital business, etc. The company was founded in 1758 and is headquartered in Chiba, Japan.",ok,
10,8273,8273.T,8273.T,"Izumi Co., Ltd.",EQUITY,Consumer Cyclical,Department Stores,https://www.izumi.co.jp,外食 | 小売り,内需・消費,"Izumi Co., Ltd. operates in retail and retail-related, and other businesses in Japan. The company sells clothing, household goods, and food products through shopping centers, general merchandising stores, and supermarkets. It also offers credit card handling, store facility management, and complementary retail businesses, such as restaurants, as well as engages in wholesale and real estate rental business. The company was incorporated in 1942 and is headquartered in Hiroshima, Japan.",ok,
10,8275,8275.T,8275.T,Forval Corporation,EQUITY,Technology,Information Technology Services,https://www.forval.co.jp,マイナンバー | 太陽光発電関連,デジタル・サービス | GX・エネルギー,"Forval Corporation engages in the provision of information telecommunications consulting services to small-and medium-sized companies in Japan. The company also offers management consulting services, including consulting, overseas expansion, human resources/education, environment, business succession, etc. In addition, it provides information communications consulting services, such as IP integrated system, information security, web construction, etc. Forval Corporation was incorporated in 1980 and is headquartered in Tokyo, Japan.",ok,
10,8276,8276.T,8276.T,"Heiwado Co.,Ltd.",EQUITY,Consumer Cyclical,Department Stores,https://www.heiwado.jp,外食 | 小売り,内需・消費,"Heiwado Co.,Ltd. engages in the retailing of food, clothing, and housing-related products. The company operates through the Retail Business and Retail-Related Business segments. It operates various stores in Shiga, Fukui, Ishikawa, Toyama, Kyoto, Osaka, Hyogo, Gifu, and Aichi. The company also rents stores; operates and manages commercial infrastructure facilities; and provides building maintenance and management services. In addition, it engages in the domestic retail trade; overseas department store business; food manufacturing and processing; sale and rental of books, CDs, and DVDs; and fitness and staffing business. Heiwado Co.,Ltd. was incorporated in 1948 and is headquartered in Hikone, Japan.",ok,
10,8278,8278.T,8278.T,"Fuji Co., Ltd.",EQUITY,Consumer Cyclical,Department Stores,https://www.the-fuji.com,外食 | 小売り,内需・消費,"Fuji Co., Ltd. engages in the general retail business in Japan. The company engages in the retail sale of food, clothing, daily necessities, etc., as well as retail and rental of DVDs, CDs, and books. It also involved in the rental of real estate; car dealership; retailing of pharmaceuticals and cosmetics; manufacturing, processing, and sale of food; washing and cleaning of containers, machines, etc.; credit card; wholesale trade of confectioneries, fruits, and vegetables; processing and wholesale of marine products; building maintenance; construction design and construction of refrigeration equipment, etc.; cleaning; general travel agency; agriculture; and car rental businesses. In addition, the company operates supermarkets and restaurants; and provides nursing care services. Fuji Co., Ltd. was incorporated in 1950 and is headquartered in Matsuyama, Japan.",ok,
10,8281,8281.T,8281.T,"Xebio Holdings Co., Ltd.",EQUITY,Consumer Cyclical,Specialty Retail,https://www.xebio.co.jp,生活防衛,内需・消費,"Xebio Holdings Co., Ltd., through its subsidiaries, operates in the sporting goods business in Japan. The company engages in the sale of sporting goods and apparel. It operates integrated mega specialty stores under The Super Sports XEBIO brand; small and medium scale sporting equipment specialty stores under the XEBIO Sports Express brand; urban sporting goods specialty stores under the Victoria brand; small-scale sporting goods stores under the NEXAS brand; sporting goods specialty stores under the Takeda Sports brand; golf products specialty stores under the Victoria Golf and Golf Partner brands; outdoor specialty stores under the L-Breath brand; and specialty apparel stores under the next and X'tyle brands. The company also operates sports eyewear stores under the X'tyleVision brand; health food and fitness, and medical products stores under the Xiasis brand; Free Blades, an ice hockey club team; Xebio Arena, a sports arena; and multipurpose arena under Flat Hachinohe brand. In addition, it is involved in the marketing, research and consulting, event promotion, and property management activities; research and development operations; operation of sports related digital platforms; and e-commerce management business. Further, the company engages in the sales agency business, human resource development, and temporary staffing businesses; and credit card business. Xebio Holdings Co., Ltd. was founded in 1962 and is headquartered in Koriyama, Japan.",ok,
10,8282,8282.T,8282.T,K's Holdings Corporation,EQUITY,Consumer Cyclical,Specialty Retail,https://www.ksdenki.co.jp,インバウンド | 小売り | 生活防衛,内需・消費,"K's Holdings Corporation operates consumer electronics stores in Japan. It sells home appliances/electronics and related products. The company also provides incidental work and repair, temporary staffing, and technical support services. In addition, it engages in general motor truck transportation and school businesses. The company was formerly known as Gigas K's Denki Corporation and changed its name to K's Holdings Corporation in February 2007. K's Holdings Corporation was founded in 1947 and is headquartered in Mito City, Japan.",ok,
10,8285,8285.T,三谷産業,"Mitani Sangyo Co., Ltd.",EQUITY,Industrials,Conglomerates,https://www.mitani.co.jp,データセンター | 教育ICT | 自動車部材・部品,データセンター・電力 | デジタル・サービス | 自動車・モビリティ,"Mitani Sangyo Co., Ltd. engages in chemicals, resin, electronics, information systems, air conditioning systems, housing equipment, and energy businesses in Japan and internationally. It offers inorganic chemicals comprising alkali industry products, ammonia and acid products, water treatment chemicals, and others; organic chemicals, including alcohols, aromatic hydrocarbons, ester, ketones, glycol and ether, and others; pharmaceutical intermediates and active pharmaceutical ingredients; food ingredients, food additives, and feed ingredients; pesticide intermediates, fine chemicals, cosmetic materials and intermediates, calcination of catalyst/carrier granulation, etc.; and use of waste and by-products. The company also provides plastic moldings, including automotive parts, precision parts, appearance trims, original parts, special moldings; assembled substrates, and electronic parts; and dies. In addition, it offers system integration services; package software; hardware maintenance; infrastructure solutions, such as network, security, platform, and mail system; data center services; and support and operation service for systems. Further, the company is involved in the construction of air conditioning, sanitary plumbing, and special facilities construction, as well as other special technical construction; and renovation activities, as well as kitchen and bathroom products, storage unit equipment, and air conditioning equipment under the INTENZA brand. Additionally, it offers petroleum products; LPG gas; and new energy products. Mitani Sangyo Co., Ltd. was founded in 1928 and is headquartered in Kanazawa, Japan.",ok,
10,8291,8291.T,8291.T,"Nissan Tokyo Sales Holdings Co., Ltd.",EQUITY,Consumer Cyclical,Auto & Truck Dealerships,https://www.nissan-tokyo-hd.co.jp,リース,金融・金利,"Nissan Tokyo Sales Holdings Co., Ltd. engages in the automobile dealership business in Japan. It is involved in the sale of Nissan and Renault car sales; maintenance and sales of parts and supplies; general automobile and car maintenance; and vehicle inspection, vehicle transport, registration agency, trading and building/repair, and taxi businesses. The company also offers non-life and life insurance agency services; and plans, develops, and sells camper vans. The company was formerly known as East Japan Car Life Co., Ltd. and changed its name to Nissan Tokyo Sales Holdings Co., Ltd. in April 2011. The company was incorporated in 1942 and is headquartered in Tokyo, Japan.",ok,
10,8303,8303.T,8303.T,"SBI Shinsei Bank, Limited",EQUITY,Financial Services,Banks - Regional,https://www.sbishinseibank.co.jp,リース | 銀行,金融・金利,"SBI Shinsei Bank, Limited provides banking and financial products and services to individual customers, corporations, public-sector entities, and financial institutions in Japan. It offers Yen/foreign currency deposits, and structured deposits; mortgage loans; corporate loans, shopping credit, real estate non-recourse finance, project finance, renewable energy finance, shipping and aircraft finance, healthcare finance, merger and acquisition (M&A) related finance, and specialty finance; and loan syndication. The company also provides foreign exchange and derivatives, M&A advisory, private equity and asset-backed investment, business succession finance, and venture business-related services, as well as credit cards and payment services. In addition, it provides trust services, leasing related financial products and services, equity related and other capital markets transactions, securities, asset and wealth management, unsecured loans, housing loans, investment trusts, brokerage, life and non-life insurance, consumer finance products and services, credit guarantee services, installment sales finance, and treasury services. SBI Shinsei Bank, Limited was formerly known as Shinsei Bank, Limited and changed its name to SBI Shinsei Bank, Limited in January 2023. The company was founded in 1952 and is based in Chuo, Japan. SBI Shinsei Bank, Limited operates as a subsidiary of SBI Regional Bank Holdings Co., Ltd.",ok,
10,8304,8304.T,8304.T,"Aozora Bank, Ltd.",EQUITY,Financial Services,Banks - Regional,https://www.aozorabank.co.jp,ネット銀行 | 銀行,金融・金利,"Aozora Bank, Ltd., together with its subsidiaries, provides various banking products and services in Japan and internationally. It operates through four segments: Institutional Banking Unit, Market International Unit, Customer Relations Unit, and GMO Aozora Net Bank. The company offers savings account; time and structured deposits; account transfer services; investment trusts; fund wrap and financial product brokerage; internet banking; debit and cash cards; smartphone payment services; and personal pension, whole life, and long-term care and medical insurance. It also provides LBO/MBO, project, cross-border, and infrastructure-related finance; asset-based lending; asset securitization; debt financing for venture companies; corporate, syndicated, non-course real estate, and capital loans; fund management; business management and support services, including merger and acquisition, business succession, private equity, and business restructuring fund; derivatives, trust services; foreign exchange related services; electronic bill services; and collaboration with local financial institutions. The company was formerly known as Nippon Credit Bank Limited and changed its name to Aozora Bank, Ltd. in January 2001. Aozora Bank, Ltd. was incorporated in 1957 and is headquartered in Chiyoda, Japan.",ok,
10,8306,8306.T,三菱ＵＦＪ,"Mitsubishi UFJ Financial Group, Inc.",EQUITY,Financial Services,Banks - Diversified,https://www.mufg.jp,キャッシュレス決済 | フィンテック | リース | 証券 | 金利上昇メリット | 銀行,金融・金利,"Mitsubishi UFJ Financial Group, Inc., together with its subsidiaries, provides various financial products and services in Japan, the United States, Europe, the Middle East, Asia, Oceania, and internationally. It operates through seven segments: Retail and Digital Business; Corporate and Wealth Management Business; Corporate Banking Business; Global Commercial Banking Business; Asset Management Business; Global CIB Business; and Market Business. The company offers retail, commercial, digital, corporate, and investment banking; wealth management; loans; settlement services; merger and acquisition; asset management; investor services; pensions; consulting services; bonds; forex and derivatives; equities; market trading; liabilities; treasury and other related operations; and liquidity and cash flow management services. It is also involved in trust banking; securities; leasing; venture capital; renewable energy; factoring; research; software development; information processing and technology; SR and IR support; investment trust and real estate asset management; investment advising; real estate brokering; credit solution business; credit and prepaid cards; loan guarantees; agency services for credit purchases; and servicer activities. The company was formerly known as Mitsubishi Tokyo Financial Group Inc. and changed its name to Mitsubishi UFJ Financial Group, Inc. in October 2005. Mitsubishi UFJ Financial Group, Inc. was founded in 1880 and is headquartered in Chiyoda, Japan.",ok,
10,8308,8308.T,8308.T,"Resona Holdings, Inc.",EQUITY,Financial Services,Banks - Regional,https://www.resona-gr.co.jp,キャッシュレス決済 | フィンテック | リース | 金利上昇メリット | 銀行,金融・金利,"Resona Holdings, Inc., through its subsidiaries, engages in the provision retail and commercial banking products and services in Japan and internationally. The company operates Individual, Corporate, and market segment. It provides consulting services, that includes personal loan, asset management, and asset succession services to individuals; and corporate lending, asset management using trusts, real estate operations, corporate pensions, and business succession services to corporates. The company is also involved in financial market services, that includes short term lending, borrowing, purchase and sale of bonds, and derivatives trading. Resona Holdings, Inc. was founded in 1918 and is headquartered in Tokyo, Japan.",ok,
10,8309,8309.T,8309.T,"Sumitomo Mitsui Trust Group, Inc.",EQUITY,Financial Services,Banks - Regional,https://www.smtg.jp,ネット銀行 | 不動産ファンド | 金利上昇メリット | 銀行,金融・金利 | 不動産・建設,"Sumitomo Mitsui Trust Group, Inc. operates as a trust bank in Japan and internationally. It operates through Wealth Management Business, Corporate Business, Investor Services Business, Real Estate Business, Global Markets Business, and Asset Management Business segments. The company offers services to individuals, corporate, investors, as well as to real estate business. It is also involved in marketing, market-making, investment, financial management, and asset management services operations. In addition, the company supervises management strategies, financial management, human resource management, corporate administrative management, operational process management, risk management, and compliance management; and manages internal auditing. Further, it provides financing, stock transfer agency operations, and consulting services; real estate brokerage; consulting services related to development, effective utilization, construction, and ESG considerations, as well as real estate custody functions; and foreign exchange, interest rates, and derivative products and services. The company was formerly known as Sumitomo Mitsui Trust Holdings, Inc. and changed its name to Sumitomo Mitsui Trust Group, Inc. in October 2024. Sumitomo Mitsui Trust Group, Inc. was founded in 1924 and is headquartered in Chiyoda, Japan.",ok,
10,8316,8316.T,三井住友ＦＧ,"Sumitomo Mitsui Financial Group, Inc.",EQUITY,Financial Services,Banks - Diversified,https://www.smfg.co.jp,キャッシュレス決済 | ネット銀行 | フィンテック | リース | 証券 | 金利上昇メリット | 銀行,金融・金利,"Sumitomo Mitsui Financial Group, Inc., together with its subsidiaries, provides banking, leasing, securities, consumer finance, and other services in Japan, the Americas, Europe, the Middle East, Asia, and Oceania. It operates through Wholesale Business Unit, Retail Business Unit, Global Business Unit, and Global Markets Business Unit segments. The Wholesale Business Unit segment offers bilateral loans, syndicated loans, commitment lines, structured finance, project finance, and nonrecourse loans; deposits and investment trusts; risk hedging services, including forward exchange contracts and derivatives; stand-by credit, and performance bond and credit guarantee services; remittance, cash management, trade finance, and supply chain finance services; merger and acquisition, and other advisory services; digital services; and equipment, operating and leveraged leasing services. The Retail Business Unit segment provides wealth management services, such as time deposits and foreign currency deposits, investment trusts, equities, bonds, insurance products, and trust services; credit card, installment, and transaction services; and consumer finance and housing loans. The Global Business Unit segment offers loans, deposits, clearing, trade finance, project finance, loan syndication, derivatives, and global cash management services; equity and fixed income sales and trading, and underwriting services; and construction machinery, transportation equipment, industrial machinery, medical equipment, and other leasing services. The Global Markets Business Unit segment provides asset liability management and portfolio management, foreign currency funding, and sales and trading services. The company offers system development, data processing, management consulting, economic research, and asset management services. Sumitomo Mitsui Financial Group, Inc. was incorporated in 2002 and is headquartered in Tokyo, Japan.",ok,
10,8331,8331.T,千葉銀,"The Chiba Bank, Ltd.",EQUITY,Financial Services,Banks - Regional,https://www.chibabank.co.jp,地方銀行 | 金利上昇メリット | 銀行,金融・金利,"The Chiba Bank, Ltd., together with its subsidiaries, provides banking products and services in Japan and internationally. It offers time, installment time, and foreign currency deposits; loan products, such as home, card, car, education, home renovation, personal, and other loans; credit and debit cards; and asset management products, including investment trusts, NISA, Walthnavi, public debt, defined contribution pension plan, and other asset management products. The company also provides insurance products comprising pension insurance, whole life insurance, medical insurance and cancer insurance, long-term care and dementia insurance, disability insurance, term life insurance, and endowment insurance; and testamentary trust and estate settlement services. In addition, it offers corporate products and services comprising fundraising business portal, Web-EB service, cashless payment, accounting and collection rationalization service, business and management support, and business succession support; internet services, foreign exchange services, and safe deposit boxes. Further, the company holds securities consisting of bonds, stocks, and investment trusts for investment and operating purposes. The Chiba Bank, Ltd. was incorporated in 1943 and is based in Chiba, Japan.",ok,
10,8334,8334.T,群馬銀,"The Gunma Bank, Ltd.",EQUITY,Financial Services,Banks - Regional,https://www.gunmabank.co.jp,地方銀行 | 金利上昇メリット | 銀行,金融・金利,"The Gunma Bank, Ltd. provides various banking and financial services in Japan. It operates through Banking and Lease segments. The company offers current, ordinary, savings, fixed, separate, and foreign currency deposits; negotiable certificates of deposit; loans on bills and deeds, as well as overdrafts; discounts on bank acceptance, commercial bills, and documentary bills; domestic exchange transactions comprising transfers and debt collection; and foreign exchange transaction services, such as exports, imports, and foreign remittances. It also trades in public bonds, including national government bonds; and invests in government and municipal bonds, corporate bonds, stocks, and other securities for bank reserves and fund management. In addition, the company provides over-the-counter sales of national government bonds and investment trusts; leasing; services as a trustee of bonds and an issuing and paying agent; and trust services for testamentary substitute, land, real estate management, specific charitable, and charitable public trusts, as well as inheritance-related services, including testamentary trust and estate liquidation services. Further, it engages in the handling of defined contribution pension plans and commercial papers; agency services for pension trusts, non-life and life insurance, and others; and safe deposit box, securities dealing and lending, loan guarantees, financial instruments brokerage, underwriting of public bonds, and derivative transactions of interest rates and currencies. The Gunma Bank, Ltd. was founded in 1878 and is headquartered in Maebashi, Japan.",ok,
10,8336,8336.T,武蔵銀,"The Musashino Bank, Ltd.",EQUITY,Financial Services,Banks - Regional,https://www.musashinobank.co.jp,地方銀行 | 金利上昇メリット | 銀行,金融・金利,"The Musashino Bank, Ltd., together with its subsidiaries, provides banking products and financial services in Japan. The company offers deposits, loans, money lending, and credit cards, as well as foreign exchange, securities investment, credit guarantee, auto and general leasing, and financial-related services. It also engages in the development, sale, and maintenance of computer systems; research and studies; investment in venture companies; holding large-scale seminars; consultation sessions on asset management, and investment management and advisory services; securities investment; and regional trading company businesses. In addition, it offers consultation and information services. The Musashino Bank, Ltd. was incorporated in 1952 and is headquartered in Saitama, Japan.",ok,
10,8337,8337.T,千葉興,"The Chiba Kogyo Bank, Ltd.",EQUITY,Financial Services,Banks - Regional,https://www.chibakogyo-bank.co.jp,リース | 地方銀行 | 金利上昇メリット | 銀行,金融・金利,"The Chiba Kogyo Bank, Ltd., together with its subsidiaries, provides various banking products and services in Japan. The company offers deposit services, lending services, trading of commodity securities, securities investment services, domestic exchange services, foreign exchange services, bond acceptance and registration, and other related services. It also provides card, car, renovation, home, education, private practice doctor, medical, agri-lawn, business loans; mortgage; and IT and payment services. The company was incorporated in 1952 and is headquartered in Chiba, Japan.",ok,
10,8338,8338.T,筑波銀,"Tsukuba Bank, Ltd.",EQUITY,Financial Services,Banks - Regional,https://www.tsukubabank.co.jp,地方銀行 | 金利上昇メリット | 銀行,金融・金利,"Tsukuba Bank, Ltd. provides various banking products and services in Japan. The company also offers deposits and loans; insurance; and asset management and consulting services. Tsukuba Bank, Ltd. was incorporated in 1952 and is headquartered in Tsukuba, Japan.",ok,
10,8341,8341.T,七十七,"The 77 Bank, Ltd.",EQUITY,Financial Services,Banks - Regional,https://www.77bank.co.jp,リース | 地方銀行 | 金利上昇メリット | 銀行,金融・金利,"The 77 Bank, Ltd., together with its subsidiaries, engages in the banking products and services to corporate and individual customers in Japan. The company offers corporate bond trusteeship; agency; debt guarantees; payment acceptance; over-the-counter sales of government bonds and other public bonds; investment trusts; insurance products; credit guarantee services, credit card, financial instrument trading, research and development, consulting, fund management, personnel placement services, insurance sales services, investment services, etc. The company was founded in 1878 and is headquartered in Sendai, Japan.",ok,
10,8343,8343.T,秋田銀,"The Akita Bank, Ltd.",EQUITY,Financial Services,Banks - Regional,https://www.akita-bank.co.jp,eコマース | 地方銀行 | 金利上昇メリット | 銀行,内需・消費 | 金融・金利,"The Akita Bank, Ltd. provides banking and other financial services in Japan. It offers current, ordinary, savings, time, foreign currency and other deposits; installment savings and deposits at notice; investment trust; and government bond. The company also provides education, private and eco car, child rearing household support, renovation and vacant house demolition, migration and settlement support, doctor support, and mortgage loans; life insurance; trust and inheritance related products such as substitute and testamentary trust, estate arrangement services, and civil trust consulting services; and guardianship system supported deposits. In addition, the company offers internet banking services; credit and debit cards; and foreign currency exchange services. The Akita Bank, Ltd. was founded in 1879 and is headquartered in Akita, Japan.",ok,
10,8344,8344.T,山形銀,"The Yamagata Bank, Ltd.",EQUITY,Financial Services,Banks - Regional,https://www.yamagatabank.co.jp,地方銀行 | 金利上昇メリット | 銀行,金融・金利,"The Yamagata Bank, Ltd. provides various banking products and services in Japan. The company operates through Banking, Leasing, Credit Guarantee and Other segments. It is involved in deposit, lending, securities investment, and foreign exchange services. The company also provides exchange, leasing, and credit guarantee services. The Yamagata Bank, Ltd. was founded in 1878 and is headquartered in Yamagata, Japan.",ok,
10,8345,8345.T,岩手銀,"The Bank of Iwate, Ltd.",EQUITY,Financial Services,Banks - Regional,https://www.iwatebank.co.jp,リース | 再生可能エネルギー | 地方銀行 | 金利上昇メリット | 銀行,金融・金利 | GX・エネルギー,"The Bank of Iwate, Ltd. provides various financial products and services in Japan. The company operates through Banking Segment, Lease Segment, Credit Card Business / Credit Guarantee Business segments. The Commercial Banking Business segment provides current and time deposits, as well as negotiable certificates of deposit; personal and SME loans; and securities investment and foreign exchange services. The Leasing Business segment consists of leasing business. The Credit Card and Credit Guarantee Business segment comprises credit card and guarantee business. It also trades in securities, as well as offers investment fund management, renewable energy-related business, consulting, and regional economic survey services. The company was formerly known as Iwate Shokusan Bank and changed its name to The Bank of Iwate, Ltd. in 1960. The Bank of Iwate, Ltd. was incorporated in 1932 and is headquartered in Morioka, Japan.",ok,
10,8346,8346.T,東邦銀,"The Toho Bank, Ltd.",EQUITY,Financial Services,Banks - Regional,https://www.tohobank.co.jp,地方銀行 | 金利上昇メリット | 銀行,金融・金利,"The Toho Bank, Ltd., together with its subsidiaries, provides various banking products and services in Japan. The company operates through four segments: Banking, Leasing, Credit Guarantee, and Others. It offers accounts; debit, credit, and cash cards; time and foreign currency deposits, investment trusts, government bonds, and securities trading; home, personal, card, and online-only loans; and whole life, medical and cancer, educational, personal pension, income protection/term life, internet-only, and home loan-specific fire insurance, as well as individual defined contribution pension plans, national pension funds, and inheritance and trust-related services. The company also provides web-based direct debit, pay-easy account transfer acceptance, safe deposit boxes, foreign currency exchange, international money transfer, electronic delivery, and free dial information request services; internet banking; fundraising; administrative rationalization; overseas business support; fund management; business consulting; mergers and acquisitions; corporate pension and retirement allowance systems; and densai services. In addition, it is involved in leasing services; computer software development and computer-based computing services; printing and binding services for documents and other forms; business succession support; IT-related services; and human resources-related businesses. The company was incorporated in 1941 and is headquartered in Fukushima, Japan.",ok,
10,8349,8349.T,東北銀,"The Tohoku Bank, Ltd.",EQUITY,Financial Services,Banks - Regional,https://www.tohoku-bank.co.jp,リース | 地方銀行 | 金利上昇メリット | 銀行,金融・金利,"The Tohoku Bank, Ltd. provides various banking and financial services for individual and corporate customers in Japan. The company provides deposits, investment trust, government bonds, lump-sum retirement payment plan, and defined benefit corporate pension plan; deposit and lending services; securities trading services; and securities investment services. It also provides domestic exchange and corporate bond underwriting services; and ancillary services, such as agency services, debt guarantees, and over-the-counter sales. In addition, it engaged in the rental and sales of various types of machinery and other equipment; credit card and leasing services; provides support loans. Further, the company engages in the credit card business; rental of various machinery and equipment; development and sale of computer software; and sale of renewable energy. The Tohoku Bank, Ltd. was incorporated in 1950 and is headquartered in Morioka, Japan.",ok,
10,8354,8354.T,ふくおかＦＧ,"Fukuoka Financial Group, Inc.",EQUITY,Financial Services,Banks - Regional,https://www.fukuoka-fg.com,ネット銀行 | 地方銀行 | 金利上昇メリット | 銀行,金融・金利,"Fukuoka Financial Group, Inc., together with its subsidiaries, provides various financial and banking services to individual and corporate customers. The company accepts various deposits, such as current deposits, ordinary and other demand deposits, term deposits, and negotiable certificates of deposit, as well as provides loan products. It involves in office work agent, loan guarantee, system development and operation, credit card services, collateral valuation, credit management and collection, insurance, research and development, investments and loans, and factoring businesses. In addition, the company engages in the information processing and communications services businesses; research and development of banking system construction and financial; promotion of SDGs business; leasing; M&A advisory service; securities; business consulting; research activities; investment trust management; and general trading company businesses. Fukuoka Financial Group, Inc. was founded in 1877 and is headquartered in Fukuoka City, Japan.",ok,
10,8358,8358.T,スルガ銀,Suruga Bank Ltd.,EQUITY,Financial Services,Banks - Regional,https://www.surugabank.co.jp,地方銀行 | 金利上昇メリット | 銀行,金融・金利,"Suruga Bank Ltd. provides various banking and financial products and services to individuals and corporate customers in Japan. The company offers deposit products, such as time, non-interest bearing, savings, foreign currency, and other deposits, as well as current and general accounts; property, card, housing, second house, startup, and business up term loans, as well as loans by purpose; credit and debit cards; overdrafts; and other financing products. It also provides investment trust, public bond, pension contribution, insurance, inheritance/trust, lottery, foreign currency, pay-easy, web direct, safe deposit box, external linkage, remittance service, fund management, e-combination, payment, nursing care/medical care/dispensing compensation receivable factoring, mortgage, and internet and telephone banking services. In addition, the company offers money lending, guarantee, printing, leasing, and agency services, as well as advisory and consulting services. Suruga Bank Ltd. company was incorporated in 1895 and is headquartered in Numazu, Japan.",ok,
10,8359,8359.T,八十二長野,"Hachijuni Nagano Bank, Ltd.",EQUITY,Financial Services,Banks - Regional,https://bank.82group.jp,リース | 地方銀行 | 証券 | 金利上昇メリット | 銀行,金融・金利,"Hachijuni Nagano Bank, Ltd. provides various banking products and services to individuals, corporations, and sole proprietors. It offers domestic and foreign exchange, structured, time, property, public, payment, savings, and fixed deposits; housing, car, education card, card, medical, overdraft, business, founding support, and Hachini free loans; public and private placement bonds; and life, medical, education, and fire insurance products. The company also provides credit and debit cards; pension plans; and investment trust, inheritance, internet and mobile banking, pension consultation, foreign currency reserve, payment collection, expense settlement, and management and business support services, as well as information on civil trust. In addition, it is involved in financial products brokerage business. The company was formerly known as The Hachijuni Bank, Ltd. and changed its name to Hachijuni Nagano Bank, Ltd. in Jan 2026. Hachijuni Nagano Bank, Ltd. was founded in 1877 and is headquartered in Nagano, Japan.",ok,
10,8360,8360.T,山梨銀,"The Yamanashi Chuo Bank,Ltd.",EQUITY,Financial Services,Banks - Regional,https://www.yamanashibank.co.jp,地方銀行 | 金利上昇メリット | 銀行,金融・金利,"The Yamanashi Chuo Bank,Ltd., together with its subsidiaries, provides various banking products and services to individual and corporate customers in Japan. It accepts deposits and offers loans. The company also provides insurance products, credit guarantees, investment trust and leasing services, credit cards, call loans and money, human resources development, and economic research services, as well as securities trading services. In addition, it engages in commodity securities trading business; and over-the-counter sale of public bonds, such as government bonds, as well as offers foreign and domestic exchange services. The company operates through a network of various branches, including internet branches and district offices. The company was founded in 1874 and is headquartered in Kofu, Japan.",ok,
10,8361,8361.T,大垣共立,"The Ogaki Kyoritsu Bank, Ltd.",EQUITY,Financial Services,Banks - Regional,https://www.okb.co.jp,地方銀行 | 金利上昇メリット | 銀行,金融・金利,"The Ogaki Kyoritsu Bank, Ltd., a regional financial institution, provides various financial products and services in Japan and internationally. The company operates through Banking, Leasing, and Credit Guarantee segments. It offers deposit services, lending services, domestic and foreign exchange services, government bond investment trusts, and over-the-counter sale of insurance, as well as securities investment services. The company also provides cashless payment, pay-easy, account linkage, smartphone passbook, and foreign remittance acceptance services; OKB debit; and OKB app that allows customers to manage money. In addition, it offers asset management services; business, sustainability support, medicare, and practitioner assist loans; environmental measures support, startup, entrepreneurship, agricultural, and small and medium enterprise support loan; and private placement bonds. Further, the company offers computer-related services, think tank services, securities services, credit card services, venture capital services, underwriting of corporate bonds, trust services, leasing, and credit guarantees. The Ogaki Kyoritsu Bank, Ltd. was founded in 1878 and is headquartered in Ogaki, Japan.",ok,
10,8362,8362.T,福井銀,"The Fukui Bank, Ltd.",EQUITY,Financial Services,Banks - Regional,https://www.fukuibank.co.jp,リース | 地方銀行 | 金利上昇メリット | 銀行,金融・金利,"The Fukui Bank, Ltd., together with its subsidiaries, provides various banking products and services in Japan. The company offers deposits, loans, domestic and foreign exchange, securities trading, leasing, and other ancillary operations. It also engages in credit cards, guarantees, computer related, management and operation of investment partnership assets and consulting, labor dispatch, paid employment placement, travel business, merchandise sales, and app planning businesses. The company was incorporated in 1899 and is headquartered in Fukui, Japan.",ok,
10,8364,8364.T,清水銀,"The Shimizu Bank, Ltd.",EQUITY,Financial Services,Banks - Regional,https://www.shimizubank.co.jp,地方銀行 | 金利上昇メリット | 銀行,金融・金利,"The Shimizu Bank, Ltd. provides various banking services in Japan. The company offers cash calculation, credit guaranteeing, leasing, and credit card services. It also manages real estate properties, as well as provides financial and economic research, and training services. The Shimizu Bank, Ltd. was incorporated in 1928 and is headquartered in Shizuoka, Japan.",ok,
10,8365,8365.T,富山銀,"The Bank of Toyama, Ltd.",EQUITY,Financial Services,Banks - Regional,https://www.toyamabank.co.jp,地方銀行 | 金利上昇メリット | 銀行,金融・金利,"The Bank of Toyama, Ltd. provides various banking products and services to individual and business customers in Japan. The company offers internet and comprehensive accounts; super time, super time 300, large-scale time deposit, and toyama pension time, toyama premium pension time, settlement, savings, current, pension time, variable interest rate term, foreign currency time deposit, inheritance services, and guardianship support deposits. It also provides investment trusts, government bonds for individuals, insurance products, Toyama insurance plaza, NISA, individual defined contribution pension plan, financial products intermediary, inheritance, and Toyama Super Best Match products. In addition, the company offers home and renovation, car, educational, personal, and card loans; support for developing a business plans and applying for subsidies related to new businesses, management guidance, business consulting, and seminar services; business succession and m&a, business matching, recruitment, public assistance, and Toyama Bank Business Club. The company was formerly known as Toyama Industrial Bank and changed its name to The Bank of Toyama, Ltd. in August 1967. The Bank of Toyama, Ltd. was incorporated in 1954 and is headquartered in Takaoka, Japan.",ok,
10,8366,8366.T,滋賀銀,"The Shiga Bank, Ltd.",EQUITY,Financial Services,Banks - Regional,https://www.shigagin.com,地方銀行 | 金利上昇メリット | 銀行,金融・金利,"The Shiga Bank, Ltd. provides various banking products and services primarily in Japan. The company offers various accounts, such as savings, pension term, time, property, ordinary, retirement, green and foreign currency deposits; and mortgage, card, purpose-specific, free, affiliated, auto, loan simulation, housing, and other loans. It also provides investment trust and insurance products; government bonds; asset management products; cards; asset management support/retirement allowance support plans; online financial instruments brokerage services; and web transfer, internet, and other banking services. In addition, the company offers iDeCo, shigagin big advance, IT business support and business matching, medical business start-up and management, business succession/asset succession, and M&A advisory services. The Shiga Bank, Ltd. was incorporated in 1933 and is headquartered in Otsu, Japan.",ok,
10,8367,8367.T,南都銀,"The Nanto Bank, Ltd.",EQUITY,Financial Services,Banks - Regional,https://www.nantobank.co.jp,リース | 地方銀行 | 金利上昇メリット | 銀行,金融・金利,"The Nanto Bank, Ltd., together with its subsidiaries, provides banking, securities, leasing, and credit guarantee services in Japan. It operates in two segments, Banking and Leasing. The company provides lending funds, discount bills, and remittance; guarantee of debt; acceptance of deposits; and acceptance of bills and other services related to the banking business. It also offers underwriting and dealing in securities; over-the-counter derivative transactions; and other related services, including security index future transactions. In addition, the company provides credit guarantees, real estate leasing and management, software development, and credit cards and securities; and consulting services. The Nanto Bank, Ltd. was incorporated in 1934 and is headquartered in Nara, Japan.",ok,
10,8368,8368.T,百五銀,"The Hyakugo Bank, Ltd.",EQUITY,Financial Services,Banks - Regional,https://www.hyakugo.co.jp,リース | 地方銀行 | 金利上昇メリット | 銀行,金融・金利,"The Hyakugo Bank, Ltd. provides various financial services to individual and corporate/sole proprietor customers in Japan. It offers comprehensive, savings, and settlement accounts; time, negotiable certificates, and installment types time deposits; tailored purpose deposits; foreign currency deposits, government bonds, duet plans, investment trusts, and specific purpose asset management services; loans for car, education, living support, renovation, student purpose, personal, silver, free purpose, and home; and insurance related products for individuals. The company also provides car, medical care and nursing care, education, consumer goods, renovation, congratulations and condolences, safety measures, trip, others, working capital, equipment, and subleasing funds; fund raising and business support, fund settlement, convenience store storage services, lease consultation, management consulting consultation, consultation on system development, and bill receivable management service, as well as night deposits and corporation cards for corporate customers. The company was formerly known as 105th National Chartered Bank and changed its name to The Hyakugo Bank, Ltd. in 1897. The Hyakugo Bank, Ltd. was incorporated in 1878 and is headquartered in Tsu, Japan.",ok,
10,8370,8370.T,紀陽銀,"The Kiyo Bank, Ltd.",EQUITY,Financial Services,Banks - Regional,https://www.kiyobank.co.jp,リース | 地方銀行 | 金利上昇メリット | 銀行,金融・金利,"The Kiyo Bank, Ltd. engages in the provision of various banking products and services to individual and corporate customers in Japan. It offers deposits, loans, securities investment, domestic foreign exchange, foreign exchange, buying and selling of government bonds, agency services, etc. It also provides investment advisory services. The company was formerly known as Kiyo Bank Co., Ltd. and changed its name to The Kiyo Bank, Ltd. in October 2013. The Kiyo Bank, Ltd. was incorporated in 1895 and is headquartered in Wakayama, Japan.",ok,
10,8377,8377.T,ほくほくＦＧ,"Hokuhoku Financial Group, Inc.",EQUITY,Financial Services,Banks - Regional,https://www.hokuhoku-fg.co.jp,リース | 地方銀行 | 証券 | 金利上昇メリット | 銀行,金融・金利,"Hokuhoku Financial Group, Inc., through its subsidiaries, provides various banking products and services to individuals, and small and medium-sized enterprises. The company provides financial instruments, M&A advisory work, business succession consulting work, management consulting work, credit card operations, loan guarantees, software development, venture capital, document management, concentrated business processing, maintenance, ICT infrastructure construction, cash management and settlement, concentrated business processing, economic surveys, survey and research services, and consulting services. Hokuhoku Financial Group, Inc. was incorporated in 2003 and is headquartered in Toyama, Japan.",ok,
10,8381,8381.T,山陰合銀,"The San-in Godo Bank,Ltd.",EQUITY,Financial Services,Banks - Regional,https://www.gogin.co.jp,リース | 再生可能エネルギー | 地方銀行 | 太陽光発電関連 | 金利上昇メリット | 銀行,金融・金利 | GX・エネルギー,"The San-in Godo Bank,Ltd., together with its subsidiaries, engages in the provision of various banking products and services for individuals and corporate customers in Japan. The company operates through two segments: Banking and Leasing. It offers deposits, such as demand deposits, ordinary, installment savings accounts, time deposits, and negotiable certificates of deposit; and loans comprising corporate, syndicated, personal, educational, consumer, and housing loans, as well as credit card services. The company also provides real estate leasing, finance lease intermediary, documents and voucher creation, general affairs department contract, calculation, claim collection, and credit guarantee services. In addition, it is involved in venture capital and renewable energy related businesses. Further, the company offers bill discounting, foreign exchange, remittances, transfers, trusts, and securities investment services. Additionally, it provides consulting services on asset formation and management, as well as mergers and acquisitions advisory services. The company serves its corporate and individual customers through its branches, ATMs, and online portals. The San-in Godo Bank,Ltd. was founded in 1878 and is headquartered in Matsue, Japan.",ok,
10,8383,8383.T,鳥取銀,"The Tottori Bank, Ltd.",EQUITY,Financial Services,Banks - Regional,https://www.tottoribank.co.jp,リース | 地方銀行 | 金利上昇メリット | 銀行,金融・金利,"The Tottori Bank, Ltd. provides various banking products and services in Japan. The company offers deposit products; housing, renovation, car, education, card, travel, and other loans; and internet banking services. It also provides individual defined contribution pension, individual annuity and variable, term, whole life, medical, cancer, income protection, and student endowment insurance products. In addition, the company offers management support services, such as consulting, business matching, medical and nursing care business support, business M&A, entrepreneurship start-up support, business insurance, and decarbonized management services; and fundraising, account transfer and other services. Further, it provides freee, a cloud accounting software; payment solution; forex trading services; kintone, a business improvement platform; Office, a platform that supports information sharing and communication; Smaregi, a POS system; and KING OF TIME, an attendance management system. The company was incorporated in 1921 and is headquartered in Tottori, Japan.",ok,
10,8386,8386.T,百十四,"The Hyakujushi Bank, Ltd.",EQUITY,Financial Services,Banks - Regional,https://www.114bank.co.jp,リース | 地方銀行 | 金利上昇メリット | 銀行,金融・金利,"The Hyakujushi Bank, Ltd. primarily engages in banking activities in Japan. It operates in two segments, Banking and Leasing. The Banking segment provides deposits, loans, foreign currency exchange services, marketable securities, and related investment services. The Leasing segment engages in leasing operations. The company was founded in 1878 and is based in Takamatsu, Japan.",ok,
10,8387,8387.T,四国銀,"The Shikoku Bank, Ltd.",EQUITY,Financial Services,Banks - Regional,https://www.shikokubank.co.jp,地方銀行 | 金利上昇メリット | 銀行,金融・金利,"The Shikoku Bank, Ltd., together with its subsidiaries, provides various commercial banking products and services in Japan. It offers accumulated fixed, term, and foreign currency deposits; car, education renovation, purpose, free, pension free, and owner's free loans; free and education cards; and loan simulation and loan plaza services, as well as credit, and cash cards. The company also provides payment, ATM lottery, inheritance related, foreign currency, internet banking, and convenience store ATM services; business succession consulting services; merger and acquisition mediation support services; and business matching and SDGs management support services. In addition, it offers investment trusts, stocks, bonds, fund wrap, women, and online trade services. The company was formerly known as Koichi Bank, Ltd. and changed its name to The Shikoku Bank, Ltd. in 1923. The Shikoku Bank, Ltd. was incorporated in 1878 and is headquartered in Kochi, Japan.",ok,
10,8388,8388.T,阿波銀,"The Awa Bank, Ltd.",EQUITY,Financial Services,Banks - Regional,https://www.awabank.co.jp,eコマース | リース | 地方銀行 | 金利上昇メリット | 銀行,内需・消費 | 金融・金利,"The Awa Bank, Ltd. provides banking, leasing, and financial services in Japan. It offers savings, foreign currency, and time deposits; home, car, card, home renovation, education, business, and SDG loans; and life insurance, fire insurance, defined contribution pension, testamentary and family trust, educational fund gifts, and safe deposit box. The company also provides business succession and M&A support, start-up support, business matching, recruitment services, and medical and nursing support; and internet banking, electronic money, foreign exchange web services, farm banking services, and money transfers. In addition, it is involved in leasing operations; and credit guarantee business. The company was formerly known as Tokushima Commercial Bank, Ltd. and changed its name to The Awa Bank, Ltd. in 1964. The Awa Bank, Ltd. was incorporated in 1896 and is headquartered in Tokushima, Japan.",ok,
10,8392,8392.T,大分銀,"The Oita Bank, Ltd.",EQUITY,Financial Services,Banks - Regional,https://www.oitabank.co.jp,リース | 地方銀行 | 金利上昇メリット | 銀行,金融・金利,"The Oita Bank, Ltd. provides various banking products and services to individual and corporate clients primarily in Japan. The company offers general saving, fixed deposit, and foreign currency deposit accounts; mortgage; housing, business, free, card, car, education, renovation, and vacant house demolition and utilization loans; reverse mortgage; and insurance services. It also provides safe deposit box; internet banking; payment; foreign currency; mail order; web account transfer reception and fund transfer acceptance; automatic pension payment; forex web; debit and credit card; and foreign remittance services. In addition, the company offers management consulting, business consulting, financial advice, medical, nursing and welfare consultation, domestic exchange services; foreign exchange services; and business and management consulting services; and other ancillary services. Further, the company provides debt guarantee and computer-related businesses. The Oita Bank, Ltd. was founded in 1892 and is headquartered in Oita, Japan.",ok,
10,8393,8393.T,宮崎銀,"The Miyazaki Bank, Ltd.",EQUITY,Financial Services,Banks - Regional,https://www.miyagin.co.jp,リース | 地方銀行 | 金利上昇メリット | 銀行,金融・金利,"The Miyazaki Bank, Ltd., together with its subsidiaries, offers various banking products and services primarily in Japan. It operates through Banking Business and Leasing Business segments. The company offers account opening, and regular and fixed term deposits; deposits, including current, ordinary, notice deposits, time, installment savings, tax reserve, and non-resident yen deposits; card loan, consolidation loan, mortgage, free loan, reverse mortgage, and loan simulation apps and online banking; pet, online medical, death, life, and property insurance; and invests in government bonds, local government bonds, corporate bonds, stocks, and other securities. It also engages in the domestic exchange business activities, which include handling remittance exchanges, current account transfers, and collections; foreign exchange business activities, including various operations related to exports, imports, foreign remittances, and other foreign exchange; agency business; pension plans; cashless service; and M&A brokerage businesses. In addition, it is involved in the corporate online banking service, densai service, web slip creation service, change notification form creation service, collection service, pay-easy account transfer acceptance service, sales proceeds atm collection service, cashless payment service, night safe service, internet account transfer acceptance service, quick pc service, miyagin electronic delivery service, and warranty application service. Further, it engages in provision of leasing, credit guarantee, credit card, and other related services; funding; and provides management consulting services. The company was incorporated in 1932 and is headquartered in Miyazaki, Japan.",ok,
10,8395,8395.T,佐賀銀,The Bank of Saga Ltd.,EQUITY,Financial Services,Banks - Regional,https://www.sagabank.co.jp,地方銀行 | 金利上昇メリット | 銀行,金融・金利,"The Bank of Saga Ltd. provides various banking products and services in Japan. The company offers web account, fixed term deposits, foreign currency deposits, and investment trusts; home, auto, educational, card, easy, agriculture, syndicated loans, and other loans for corporate and sole proprietor customers; medical, nursing care, personal pension, single payment, and internet insurance; and internet banking. It also provides venture business collaboration and support system, private placement bonds, project finance, credit card, and subsidy application support; corporate internet banking service, web invoice creation service, corporate FX IB Services, EB services, direct payment service for national and local taxes, electronic bill of exchange service, utility billing service, cashless merchant service, overseas business consulting, and web account transfer and fund transfer services. In addition, the company offers consulting services, recruitment, market development, business succession support, crowdfunding, carbon neutral services, listing support, advertising services, and zero carbon system. The company was founded in 1882 and is headquartered in Saga, Japan.",ok,
10,8398,8398.T,,,,,,,リース | 地方銀行 | 金利上昇メリット | 銀行,金融・金利,,ok,
10,8399,8399.T,琉球銀,"Bank of The Ryukyus, Limited",EQUITY,Financial Services,Banks - Regional,https://www.ryugin.co.jp,MaaS | リース | 地方銀行 | 金利上昇メリット | 銀行,自動車・モビリティ | 金融・金利,"Bank of The Ryukyus, Limited provides various banking products and services in Japan. It operates through the Banking, Lease, Credit Card, Credit Guarantee Business, and IT Business segments. The company offers savings, comprehensive, guardiamship support, time, fixed term, and property deposits; loan products, including housing, reverse mortgage, apartment, car, education, personal, card, and Ippo consolidated loans; and insurance products, such as individual annuity, whole life, medical, long-term care, term life, fire, pet, and cancer insurance. It also engages in the provision of investment trust, bonds, and foreign currency deposits; corporate consulting services, which include and business succession, merger and acquisitions, business matching, support for sales improvement, and organizational restructuring; and security brokerage business. In addition, the company provides debit card, ATM, online banking, estate management services, electronic money charge, store reservation, safe deposit box, and remittance services. Bank of The Ryukyus, Limited was incorporated in 1948 and is headquartered in Naha, Japan.",ok,
10,8410,8410.T,8410.T,"Seven Bank, Ltd.",EQUITY,Financial Services,Banks - Regional,https://www.sevenbank.co.jp,インバウンド | ネット銀行 | 銀行,内需・消費 | 金融・金利,"Seven Bank, Ltd. provides various banking products and services to individual and corporate customers in Japan and internationally. The company offers account services, including deposits, post payment, financial product intermediary, loan, and debit services; ATM services, such as cash inflows and outflows, top-up transactions, account opening and information change services, information services for ATM transactions; international money transfer, credit card and electronic money services. It also provides back-office support services, anti-money laundering measures; and development of fraud detection services and online personal authentication services platforms, as well as identity verification and fraud detection services. Seven Bank, Ltd. was incorporated in 2001 and is headquartered in Tokyo, Japan.",ok,
10,8411,8411.T,みずほＦＧ,"Mizuho Financial Group, Inc.",EQUITY,Financial Services,Banks - Regional,https://www.mizuho-fg.co.jp,キャッシュレス決済 | フィンテック | マイナンバー | リース | 証券 | 金利上昇メリット | 銀行,金融・金利 | デジタル・サービス,"Mizuho Financial Group, Inc., together with its subsidiaries, engages in banking, trust banking, securities, and other businesses related to financial services in Japan, the Americas, Europe, Asia/Oceania, and internationally. The company offers finance solutions, including corporate, syndicated, acquisition, real estate, project, ECA, and other structured finance solutions; financing and advisory solutions for capital markets comprising debt, loan, and equity capital markets; corporate finance advisory services; treasury solutions that include deposit, cash management, and trade finance; and market solutions for foreign exchange, derivatives, futures, equities, and fixed income. It also provides asset management services; research services, such as industry, macroeconomic, equity, and fixed income research; and institutional services, including markets, JPY clearing, custody, fund administration, and securities lending services. The company was founded in 1873 and is headquartered in Chiyoda, Japan.",ok,
10,8416,8416.T,高知銀,"The Bank Of Kochi, Ltd.",EQUITY,Financial Services,Banks - Regional,https://www.kochi-bank.co.jp,地方銀行 | 金利上昇メリット | 銀行,金融・金利,"The Bank Of Kochi, Ltd. provides various banking products and services in Japan. It operates in three segments: Banking Business, Leasing Business, and Credit Card Business. The company offers deposit and comprehensive accounts; inheritance-only and retirement benefit-only fixed term, and foreign currency deposits; tax-free small investment system; accumulation investment and investment trusts; pension periodic payment; term-asset management; and government and private placement bonds. It also provides loan products, including car, housing, card, reverse mortgage, educational, and business loans, as well as loan consultation; insurance products, comprising medical and cancer, individual pension, property, whole life, and term insurance; guardianship system support deposit; trust contract agency business; individual-type defined contribution pension plan; testamentary trust and estate settlement services; dedicated account for educational donations; and inheritance procedures. In addition, the company offers services comprising internet banking, payment and transfer, electronic money and smartphone payment, payroll transfer, foreign exchange and remittance, pension receipt, telephone, and ATM functions, as well as EB, web transfer reception, bank deposit, and various seminars and consultations. Further, it provides business support services, such as digitization, merger and acquisition, financial diagnostics, industry-academia collaboration, employee benefits, and sales channel expansion and business matching; international business trade transactions; securities investment; and leasing operations. The Bank Of Kochi, Ltd. was incorporated in 1930 and is headquartered in Kochi, Japan.",ok,
10,8418,8418.T,山口ＦＧ,"Yamaguchi Financial Group, Inc.",EQUITY,Financial Services,Banks - Regional,https://www.ymfg.co.jp,リース | 地方銀行 | 証券 | 金利上昇メリット | 銀行,金融・金利,"Yamaguchi Financial Group, Inc., together with its subsidiaries, provides various banking products and services in Japan. The company engages in securities brokerage, credit card, leasing, regional research and consulting, insurance agent, debt management and collection, investment management, fund management, employee benefits agency, welfare and benefits outsourcing services, and credit guarantee businesses. It is also involved in the agriculture and crowdfunding business, business growth and problem-solving support services, as well as wholesale and retail of agricultural, forestry, and fishery products. Yamaguchi Financial Group, Inc. was incorporated in 2006 and is headquartered in Shimonoseki, Japan.",ok,
10,8424,8424.T,8424.T,"Fuyo General Lease Co., Ltd.",EQUITY,Industrials,Rental & Leasing Services,https://www.fgl.co.jp,SaaS | クラウドコンピューティング | デジタルトランスフォーメーション | リース,デジタル・サービス | 金融・金利,"Fuyo General Lease Co., Ltd. engages in the leasing and instalment sales business in Japan, the United States, Ireland, and internationally. The company operates through Lease and Installment Sales; Financing; and Others segments. The company provides leasing services for information-related and office equipment, and industrial machine tools; and engages in sales of properties related to the sale of goods; as well as real estate leasing and installment sales of commercial, production, and hospital facilities, etc. It also invests in marketable securities and offers loans. It also engages in BPO, mobility, and environment related businesses. Fuyo General Lease Co., Ltd. also engages in the solar power generation business. Fuyo General Lease Co., Ltd. was incorporated in 1969 and is headquartered in Tokyo, Japan.",ok,
10,8425,8425.T,8425.T,"Mizuho Leasing Company, Limited",EQUITY,Financial Services,Credit Services,https://www.mizuho-ls.co.jp/ja/index.html,サブスクリプション | リース | 太陽光発電関連,デジタル・サービス | 金融・金利 | GX・エネルギー,"Mizuho Leasing Company, Limited engages in the provision of general leasing services in Japan. The company offers finance, operating, and real estate leases, installment sales, auto leases, car care systems, payment outsourcing, domestic leasing, and the purchase of notes receivable. It also provides support services for entry into international markets and cross-border financing services, as well as is involved in buying and selling pre-owned property, equipment, and power generation businesses. Additionally, the company also engages in waste treatment and recycling; loans and investments in real estate, ships, aircraft, environment and energy sectors, etc; and factoring businesses. It serves large corporations, and small and medium-sized enterprises. The company was formerly known as IBJ Leasing Company, Limited and changed its name to Mizuho Leasing Company, Limited in October 2019. Mizuho Leasing Company, Limited was incorporated in 1947 and is headquartered in Tokyo, Japan.",ok,
10,8439,8439.T,東京センチュ,Tokyo Century Corporation,EQUITY,Industrials,Rental & Leasing Services,https://www.tokyocentury.co.jp,サブスクリプション | データセンター | ホテル | リース | 不動産関連 | 再生可能エネルギー | 太陽光発電関連 | 空飛ぶクルマ | 蓄電池,デジタル・サービス | データセンター・電力 | 内需・消費 | 金融・金利 | 不動産・建設 | GX・エネルギー | 自動車・モビリティ,"Tokyo Century Corporation provides equipment leasing, automobility, specialty financing, environmental infrastructure, and international businesses in Japan, the United States, Ireland, and internationally. The company offers leasing and finance, including ancillary services and other businesses relating to the handling of information and communications equipment, office equipment, industrial machine tools, transportation equipment, commercial and service industry equipment, etc, as well as engages in leasing, financing, and related services. It also provides automobile leasing for corporate customers and individuals, car rental and car sharing businesses, etc.; specialty financing for shipping, aviation, real estate, and environment and energy fields; and fleet services. In addition, it engages in the electric power generation business and other businesses related to renewable energy. The company was formerly known as Century Tokyo Leasing Corporation and changed its name to Tokyo Century Corporation in October 2016. Tokyo Century Corporation was founded in 1964 and is headquartered in Tokyo, Japan.",ok,
10,8473,8473.T,8473.T,"SBI Holdings, Inc.",EQUITY,Financial Services,Financial Conglomerates,https://www.sbigroup.co.jp,ネット銀行 | フィンテック | 保険 | 証券,金融・金利,"SBI Holdings, Inc. engages in investment businesses in Japan and internationally. The company operates through five business segments: Financial Services Business, Asset Management Business, PE Investment Business, Crypto-Asset Business, and Next Gen Business segments. Its Financial Services Business segment consists of a range of finance-related business, including securities brokerage business; banking services business; and life, property, and casualty insurance businesses. The Asset Management Business segment includes setting, solicitation, and management of investment trust; investment advice; and financial products information. Its PE Investment Business segment includes fund management and investment in Internet technology, fintech, blockchain, finance, and biotechnology-related venture companies. The Crypto-asset Business segment provides crypto-asset exchange and trading services. Its Next Gen Business engages in development and distribution of pharmaceutical products, health foods, and cosmetics with 5-aminolevulinic acid; business working on advanced fields related to Web 3, renewable energy business, human resources-related business, and media-related business. The company was formerly known as Softbank Investment Corporation and changed its name to SBI Holdings, Inc. in July 2005. SBI Holdings, Inc. was incorporated in 1999 and is headquartered in Minato, Japan.",ok,
10,8508,8508.T,8508.T,"J Trust Co., Ltd.",EQUITY,Financial Services,Financial Conglomerates,https://www.jt-corp.co.jp,不動産関連 | 銀行,不動産・建設 | 金融・金利,"J Trust Co., Ltd. engages in the provision of various financial services in Japan, South Korea, and Southeast Asia. It engages in the credit guarantee; finance business for consumers and businesses; debt collection business; securities; credit card; individual credit purchase mediation; banking; consulting; real estate; investment; rent guarantee; holding; and system development businesses. J Trust Co., Ltd. was incorporated in 1977 and is headquartered in Tokyo, Japan.",ok,
10,8518,8518.T,8518.T,"Japan Asia Investment Co., Ltd.",EQUITY,Financial Services,Asset Management,https://www.jaic-vc.co.jp,介護関連 | 再生可能エネルギー | 太陽光発電関連 | 物流,医療・ヘルスケア | GX・エネルギー | 物流・海運,"Japan Asia Investment Co., Ltd. is a private equity and venture capital firm specializing in unlisted growth-oriented companies, seed, startups, early venture, emerging growth, turnaround, growth capital, medium-sized firms grappling with ownership succession issues, incubation, buyout, M&A, and corporations seeking to revitalize their businesses through restructuring. It also prefers to make indirect investments. The firm seeks to invest in green technology or web related technology, environment, energy technologies, medical treatment, nursing care, health care, manufacturing, lifestyle business, digital contents and natural resource-related companies. It also offers financial, managerial support, and consulting services in the areas of initial public offerings, management buyouts, and mergers and acquisitions to these companies to grow and raise their corporate value. The firm focuses on investments across Asia. It also offers management of funds and financing services. Japan Asia Investment Co., Ltd. was founded on July 10, 1981 and is based in Tokyo, Japan with an additional office in Osaka, Japan.",ok,
10,8522,8522.T,名古屋銀,"The Bank of Nagoya, Ltd.",EQUITY,Financial Services,Banks - Regional,https://www.meigin.com,地方銀行 | 金利上昇メリット | 銀行,金融・金利,"The Bank of Nagoya, Ltd. provides various banking, financial leasing, and credit card services in Japan. The company operates through three segments: Investment; Leasing; and Credit Card. It offers deposit, lending, domestic exchange, foreign exchange, and securities investment operations; trading of commodity securities; and underwriting and registration of corporate bonds. The company also engages in clerical outsourcing businesses. In addition, it provides business management and support; fundraising; overseas business support; accounting and fund management; and corporate and other services. The company was incorporated in 1949 and is headquartered in Nagoya, Japan.",ok,
10,8524,8524.T,北洋銀,"North Pacific Bank,Ltd.",EQUITY,Financial Services,Banks - Regional,https://www.hokuyobank.co.jp,地方銀行 | 金利上昇メリット | 銀行,金融・金利,"North Pacific Bank,Ltd. provides various banking products and services for individuals and corporations in Japan. The company offers savings, foreign currency, and time deposits; financial product and online financial product intermediation; government and public bonds for individuals; fund wrap; and investment trusts. It also provides home, car, education, home renovation, card, and personal loans; insurance and online insurance products; inheritance and trust related products; deposits for educational donations; and defined contribution pension. In addition, the company offers debit and credit cards; air post; web account transfer reception services; bank pay; ATM service; and payment services. Further, it engages in the dispatching of general workers business. The company was formerly known as Hokuyo Sogo Bank, Ltd. and changed its name to North Pacific Bank,Ltd. in 1989. North Pacific Bank,Ltd. was incorporated in 1917 and is headquartered in Sapporo, Japan.",ok,
10,8537,8537.T,大光銀,"The Taiko Bank, Ltd.",EQUITY,Financial Services,Banks - Regional,https://www.taikobank.jp,地方銀行 | 金利上昇メリット | 銀行,金融・金利,"The Taiko Bank, Ltd., together with its subsidiaries, provides various banking products and services in Japan. It offers savings and internet-only deposit accounts; time deposit/regular savings; investment trusts; foreign currency deposits; public debts; financial product intermediary; automated asset management services; pension and endowment, whole life, long-term care, fire, and web-only insurance, as well as medical, cancer, dementia, income protection, and savings-type accident insurance; defined contribution pension plan; will trusts and estate settlement services; and inheritance procedure support services. The company also provides card, personal, car, educational, home renovation, business, reverse mortgage, and other loans; debit, credit, and cash cards; electronic money top-up and payment services; money transfer; tax payment; e-banking; internet investment trusts; ATM; pension payment; safe deposit box; point services; foreign currency delivery; web and pay-easy account transfer acceptance; international money transfer; and mail order services. In addition, it offers business support services, including SDGs support, advance, business matching and trade show, management consulting, subsidies and grants, recruitment, foreign exchange and overseas expansion support, and business self-assessment system services; industry-specific loan products; donation-type private placement bonds; office e-banking; NB center internet payment collection; electronic bill; farm banking; business succession support; and merger and acquisition related services. The company was incorporated in 1942 and is headquartered in Nagaoka, Japan.",ok,
10,8541,8541.T,愛媛銀,"The Ehime Bank, Ltd.",EQUITY,Financial Services,Banks - Regional,https://www.himegin.co.jp,リース | 地方銀行 | 金利上昇メリット,金融・金利,"The Ehime Bank, Ltd. provides banking products and financial services in Japan. It operates in two segments, Banking and Lease. The Banking business segment includes banking services, such as deposits, loans, and domestic and foreign exchange. The Leasing business segment involves leasing operations. It is also involved in computer-related, credit card, guarantee, and support services. The Ehime Bank, Ltd. was founded in 1915 and is headquartered in Matsuyama, Japan.",ok,
10,8542,8542.T,トマト銀,"Tomato Bank, Ltd.",EQUITY,Financial Services,Banks - Regional,https://www.tomatobank.co.jp,地方銀行 | 金利上昇メリット | 銀行,金融・金利,"Tomato Bank, Ltd. provides banking products and services for individual and corporate customers in Japan. It accepts fixed, ordinary, time, reserve, and foreign currency deposits; and offers general accounts, as well as loan products, such as card, housing, renovation, free, car, education, and other loans. The company also provides debit and credit cards; life supporting plans; life and non-life insurance products and services; trust, and public bonds. In addition, it offers pension, investment trust, electronic money charge, payment and transfer, safe deposit box, and Internet and mobile banking services. Further, the company provides consulting, business support, fund management, and ATM services. Further, it engages in leasing business. The company was formerly known as Sanyo Mutual Bank, Ltd. and changed its name to Tomato Bank, Ltd. in April 1989. Tomato Bank, Ltd. was incorporated in 1931 and is headquartered in Okayama, Japan.",ok,
10,8544,8544.T,京葉銀,"The Keiyo Bank, Ltd.",EQUITY,Financial Services,Banks - Regional,https://www.keiyobank.co.jp,地方銀行 | 金利上昇メリット | 銀行,金融・金利,"The Keiyo Bank, Ltd. offers various banking products and services to individual, corporate, and business customers in Japan. It offers current, ordinary, savings, time, separate, tax payment reserve, and foreign currency deposits; loans of bill and deeds; overdraft; bill discounting; trading account securities; loans; securities investment services; domestic and foreign exchange services; and bonds and fiduciary services. The company also provides custody and safe-deposit box services; debt guarantee; underwriting of government bonds; commercial paper; brokerage services; insurance and trust services; over-the-counter sales of bonds and investment trust; and personal referral and agency business. The Keiyo Bank, Ltd. was incorporated in 1943 and is based in Chiba, Japan.",ok,
10,8550,8550.T,栃木銀,"The Tochigi Bank, Ltd.",EQUITY,Financial Services,Banks - Regional,https://www.tochigibank.co.jp,地方銀行 | 金利上昇メリット | 銀行,金融・金利,"The Tochigi Bank, Ltd. provides various banking products and services for individual and corporate customers in Japan. It offers various savings accounts, ordinary and fixed term deposits; housing and renovation, mortgage, car, student, and living support loans; and pension plan, insurance, and trust services; and fundraising support and foreign exchange services. The company was formerly known as Tochigi Mutual Bank Co., Ltd. and changed its name to The Tochigi Bank, Ltd. in 1989. The Tochigi Bank, Ltd. was incorporated in 1942 and is headquartered in Utsunomiya, Japan.",ok,
10,8551,8551.T,北日銀,"The Kita-Nippon Bank, Ltd.",EQUITY,Financial Services,Banks - Regional,https://www.kitagin.co.jp,地方銀行 | 金利上昇メリット | 銀行,金融・金利,"The Kita-Nippon Bank, Ltd., together with its subsidiaries, engages in the provision of commercial banking products and services in Japan. It operates through Banking, Leasing, and Credit Card and Credit Guarantee segment. The company offers services, including deposit, lending, securities investment, foreign exchange, domestic exchange, trust and related services. It is also involved in providing credit cards; and credit guarantee, leasing and financing, computer, software development, and software sale services. The Kita-Nippon Bank, Ltd. was incorporated in 1942 and is headquartered in Morioka, Japan.",ok,
10,8554,8554.T,,,,,,,地方銀行 | 金利上昇メリット | 銀行,金融・金利,,ok,
10,8558,8558.T,東和銀,"The Towa Bank, Ltd.",EQUITY,Financial Services,Banks - Regional,https://www.towabank.co.jp,地方銀行 | 金利上昇メリット | 銀行,金融・金利,"The Towa Bank, Ltd. provides various banking products and services. It offers deposit, lending, domestic foreign exchange services, foreign exchange services and other services. The company was founded in 1917 and is headquartered in Maebashi, Japan.",ok,
10,8559,8559.T,,,,,,,地方銀行 | 金利上昇メリット | 銀行,金融・金利,,ok,
10,8560,8560.T,,,,,,,地方銀行 | 金利上昇メリット | 銀行,金融・金利,,ok,
10,8562,8562.T,福島銀,"The Fukushima Bank, Ltd.",EQUITY,Financial Services,Banks - Regional,https://www.fukushimabank.co.jp,地方銀行 | 金利上昇メリット | 銀行,金融・金利,"The Fukushima Bank, Ltd. provides banking products and services in Japan. The company offers car, education, card, housing, apartment, renovation, tax accountant, and business loans, as well as reverse, unsecured, and consolidated plan mortgages; investment trusts; fixed deposits; and insurance products, including pension, life, variable, education, endowment, income protection, health and medical, pet, and automobile. It also provides web transfer acceptance; electronic money and smartphone payment; pay-easy account transfer; ATM; foreign currency exchange; corporate internet banking; cloud deposit and withdrawal management; and bank account transfer data transmission services. In addition, the company leases and purchases construction, machining, transportation, communication, office, home electrical, and medical equipment, as well as precision machinery and others. Further, it is involved in the credit card and credit guarantee activities; development, maintenance, and contracting of computer software; sale, brokerage, and rental of computers and related equipment and consumables; operation and contracting of computer systems; acquisition, holding, and sale of securities; and consulting and business matching services for investment target companies. The company serves individual and corporate customers. The Fukushima Bank, Ltd. was incorporated in 1922 and is headquartered in Fukushima, Japan.",ok,
10,8563,8563.T,大東銀,"The Daito Bank, Ltd.",EQUITY,Financial Services,Banks - Regional,https://www.daitobank.co.jp,地方銀行 | 金利上昇メリット | 銀行,金融・金利,"The Daito Bank, Ltd. provides various banking products and services to individual and corporate customers in Japan. It operates through Banking and Leasing segments. The company accepts yen, fixed, savings, and foreign currency deposits; and offers financial products, intermediary business, and government bonds. It also provides housing, car, education, reform, card, free, and expansion and renovation loans; and pension and insurance, as well as financial product brokerage, investment trust, web account transfer reception, online payment/electronic money charge, and pay-easy fund transfer acceptance services. In addition, the company offers cash, credit and debit cards, safe-deposit boxes, and credit guarantees, as well as foreign currency, automatic money transfer, ATM, and Internet banking services. The company was formerly known as Daito Mutual Bank and changed its name to The Daito Bank, Ltd. in 1989. The Daito Bank, Ltd. was incorporated in 1942 and is headquartered in Koriyama, Japan.",ok,
10,8566,8566.T,8566.T,"Ricoh Leasing Company, Ltd.",EQUITY,Financial Services,Credit Services,https://www.r-lease.co.jp,リース,金融・金利,"Ricoh Leasing Company, Ltd. engages in leasing and finance, investment, and service businesses in Japan. The company engages in finance and operating lease activities. It is also involved in leasing medical equipment, industrial machine tools, and information-related equipment, including multifunction copiers and computers business. In addition, the company provides industry-specific and condominium loans; wide range of equipment, including factories, warehouses, construction machinery, and smart agriculture; as well as offering accounts receivable collection and factoring services. Further, it engages in solar power generation, housing rental, and real estate related business. Additionally, the company offers medical and nursing care fee factoring services, debt guarantees; relocation management business, service apartment business. The company was formerly known as Ricoh Credit Co., Ltd. and changed its name to Ricoh Leasing Company, Ltd. in April 1984. Ricoh Leasing Company, Ltd. was incorporated in 1976 and is headquartered in Minato, Japan.",ok,
10,8570,8570.T,8570.T,"AEON Financial Service Co., Ltd.",EQUITY,Financial Services,Credit Services,https://www.aeonfinancial.co.jp,ネット銀行 | 保険 | 銀行,金融・金利,"AEON Financial Service Co., Ltd., through its subsidiaries, provides various financial services in Japan and internationally. The company engages in banking, credit card, loan, life insurance sales, and non-life insurance agency businesses. It also provides short-term small amount insurance and housing related loans; management, collection and purchase of specified monetary claims, backup servicing; digital solutions for local governments; and credit card purchase contracts. In addition, the company is involved in e-money business; and call center operations. AEON Financial Service Co., Ltd. was incorporated in 1981 and is based in Chiyoda, Japan.",ok,
10,8584,8584.T,8584.T,"JACCS Co., Ltd.",EQUITY,Financial Services,Credit Services,https://www.jaccs.co.jp,キャッシュレス決済,金融・金利,"JACCS Co., Ltd. operates as a consumer finance company in Japan and internationally. The company provides installment credit and other settlement methods for automobiles, home renovation, solar systems, dental, and education. It also issues credit cards and prepaid cards; and offers rental guarantee, bill collection, reimbursement, personal and housing loan guarantees, non-life and life insurance agency, leasing, automatic, and claim management and collection services. The company was formerly known as Depart Sinyohanbai Co., Ltd. and changed its name to JACCS Co., Ltd. in April 1976. The company was founded in 1954 and is headquartered in Tokyo, Japan.",ok,
10,8585,8585.T,8585.T,Orient Corporation,EQUITY,Financial Services,Credit Services,https://www.orico.co.jp,キャッシュレス決済 | フィンテック,金融・金利,"Orient Corporation, together with its subsidiaries, provides consumer finance services in Japan. It operates through five segments: Settlement and Guarantee Business; Overseas Business; Card and Loan Business; Individual Installment Payment Business; and Bank Guarantee Business. The company offers auto loans and leasing, and shopping credit, as well as home loans. It also provides credit card shopping, cash advances, and consumer loans service; purpose, general-purpose, and card loan guarantees; and rent settlement guarantee and accounts receivable, guarantee service for small leases, and collection agent services. In addition, the company bank loan guarantee services for personal loans provided by affiliated financial institutions. The company was formerly known as Orient Finance. Orient Corporation was incorporated in 1951 and is headquartered in Chiyoda, Japan.",ok,
10,8591,8591.T,8591.T,ORIX Corporation,EQUITY,Financial Services,Financial Conglomerates,https://www.orix.co.jp,インバウンド | クラウドコンピューティング | フィンテック | リース | 全固体電池 | 再生可能エネルギー | 空飛ぶクルマ | 銀行 | 風力発電,内需・消費 | デジタル・サービス | 金融・金利 | 自動車・モビリティ | GX・エネルギー,"ORIX Corporation provides financial services in Japan, the United States, and internationally. It operates through Corporate Financial Services and Maintenance Leasing; Real Estate; PE Investment and Concession; Environment and Energy; Insurance; Banking and Credit; Aircraft and Ships; ORIX USA; ORIX Europe; and Asia and Australia. The Corporate Financial Services and Maintenance Leasing segment is involved in the finance and fee; and leasing and rental of automobiles, electronic measuring instruments, and ICT-related equipment businesses. Its Real Estate segment develops, rents, and manages real estate properties; operates facilities; provides real estate asset management services. The PE Investment and Concession segment engages in the private equity investment and concession businesses. Its Environment and Energy segment provides ESCO, and recycling and waste management services; retails electric power; sells solar panels; and generates renewable energy power. The Insurance segment sells life insurance products through agents, banks, and other financial institutions, as well as face-to-face and online. Its Banking and Credit segment provides banking and consumer finance services. The Aircraft and Ships segment engages in the aircraft investment and management, ship-related finance and investment, maritime asset management, and ship brokerage businesses. Its ORIX USA segment offers finance, investment, asset management, and advisory services. The ORIX Europe segment provides asset management services for equity and fixed income. Its Asia and Australia segment engages in the finance and investment businesses. The company was formerly known as Orient Leasing Co., Ltd. and changed its name to ORIX Corporation in 1989. ORIX Corporation was incorporated in 1950 and is headquartered in Minato, Japan.",ok,
10,8593,8593.T,8593.T,Mitsubishi HC Capital Inc.,EQUITY,Financial Services,Credit Services,https://www.mitsubishi-hc-capital.com,リース | 再生可能エネルギー | 太陽光発電関連,金融・金利 | GX・エネルギー,"Mitsubishi HC Capital Inc., together with its subsidiaries, engages in the lease, installment sale, and other financing activities in Japan, North America, the United Kingdom, rest of Europe, the Middle, Asia, Oceania, and internationally. It operates through Customer Solutions, Global Business, Environment & Energy, Aviation, Logistics, Real Estate, and Mobility segments. The company engages in the provision of finance solutions for companies and government agencies; energy-saving; sales finance though collaboration with vendors; real estate leasing; renewable energy power generation; and environment related finance solutions. It offers aircraft and aircraft engine leasing; marine container and railway freight car leasing; auto leasing and supplementary services; and real estate securitization finance, revitalization investment, and asset management services. The company was incorporated in 1971 and is headquartered in Chiyoda, Japan.",ok,
10,8594,8594.T,,,,,,,リース | 不動産関連,金融・金利 | 不動産・建設,,ok,
10,8596,8596.T,8596.T,"Kyushu Leasing Service Co., Ltd.",EQUITY,Industrials,Rental & Leasing Services,https://www.k-lease.co.jp,リース | 不動産関連 | 太陽光発電関連,金融・金利 | 不動産・建設 | GX・エネルギー,"Kyushu Leasing Service Co., Ltd. operates as a financial services company in Japan. The company operates through Leasing/Installment, Finance, Real Estate, Fee Business, and Environmental Solutions segments. It is also involved in the leasing and installment sales of machinery and equipment, including car and building leasing, energy services, and subsidies and taxation system leasing; provision of project finance; rental of real estate properties; and other real estate business. In addition, the company provides life and non-life insurance products and services. Further, it engages in the energy and rental business; handling of sharing factory, storage unit business, and credit guarantee services. Kyushu Leasing Service Co., Ltd. was incorporated in 1974 and is headquartered in Fukuoka City, Japan.",ok,
10,8600,8600.T,トモニＨＤ,"TOMONY Holdings, Inc.",EQUITY,Financial Services,Banks - Regional,https://www.tomony-hd.co.jp,地方銀行 | 金利上昇メリット | 銀行,金融・金利,"TOMONY Holdings, Inc., through its subsidiaries, provides various banking and financial products and services. It manages banks and other companies. The company also offers computer-related work; outsourcing, agency services, and temporary staffing; credit guarantee; renewable energy generation and sales business and energy storage; cash processing and cash transfer; leasing; and handball-related operations. TOMONY Holdings, Inc. was incorporated in 2010 and is headquartered in Takamatsu, Japan.",ok,
10,8601,8601.T,8601.T,Daiwa Securities Group Inc.,EQUITY,Financial Services,Capital Markets,https://www.daiwa-grp.jp,ネット銀行 | フィンテック | 証券,金融・金利,"Daiwa Securities Group Inc., together with its subsidiaries, operates in the financial and capital markets in Japan, Europe, Asia, Oceania, and the United States. It operates through Wealth Management, Asset Management, Global Markets & Investment Banking segments. The Wealth Management segment offers financial products and services for individual and unlisted corporate customers; and stocks, bonds, investment trusts, and insurance products. The Asset Management segment provides securities, real estate, and alternative asset management services. The Global Markets & Investment Banking segment offers securities sales and trading of for institutional investors, etc.; global investment banking services, which conducts underwriting of securities issued by industrial corporations, financial corporations, etc.; and merger and acquisition advisory services. It also provides research, consulting, and system services. The company was formerly known as Daiwa Securities Co. Ltd. and changed its name to Daiwa Securities Group Inc. in 1999. Daiwa Securities Group Inc. was founded in 1902 and is headquartered in Tokyo, Japan.",ok,
10,8604,8604.T,8604.T,"Nomura Holdings, Inc.",EQUITY,Financial Services,Capital Markets,https://www.nomuraholdings.com,フィンテック | 証券,金融・金利,"Nomura Holdings, Inc. engages in the provision of investment, financing, and related services to individual, institutional, and government clients worldwide. It operates through three segments: Wealth Management, Investment Management, and Wholesale. The Wealth Management segment offers asset management services. The Investment Management segment provides investment management services and investment solutions, such as establishing and managing investment trusts, discretionary investment services, investment and management for investment vehicles, funds for institutional investors, and management of silent partnerships. The Wholesale segment is involved in the sales and trading of debt and equity securities, foreign exchange; offers investment banking services, including underwriting and distribution of debt and equity securities, mergers and acquisitions, and financial advisory services. Nomura Holdings, Inc. was incorporated in 1925 and is headquartered in Tokyo, Japan.",ok,
10,8609,8609.T,8609.T,Okasan Securities Group Inc.,EQUITY,Financial Services,Capital Markets,https://www.okasan.jp,証券,金融・金利,"Okasan Securities Group Inc., together with its subsidiaries, engages in securities business in Japan. The company offers asset management; intermediation of securities transactions, handling of public offerings, handling of private placements of securities, and other; and securities trading services, such as buying and selling of securities, and brokerage of buying. It also engages in information processing services; administrative support; and real estate management businesses. The company was formerly known as Okasan Holdings, Inc. and changed its name to Okasan Securities Group Inc. in October 2008. Okasan Securities Group Inc. was founded in 1923 and is headquartered in Tokyo, Japan.",ok,
10,8613,8613.T,8613.T,"Marusan Securities Co., Ltd.",EQUITY,Financial Services,Capital Markets,https://www.marusan-sec.co.jp,証券,金融・金利,"Marusan Securities Co., Ltd. engages in the financial products trading business in Japan. The company is involved in buying and selling securities; market and foreign market derivative transactions; intermediation, brokerage, and brokerage agency financial instruments exchange market activities; underwriting and sale of securities; handling of public offerings, sale, and private placement of securities; safe deposit box business; brokerage of stock affairs; buying and selling of gold bullion, negotiable deposits, and yen-denominated bank bills; storage business; intermediation of buying and selling; life insurance recruitment; non-life insurance agency business; custodial custody; lending and borrowing of securities; and other businesses. It also provides agency services for accepting payments for public and corporate bonds and paying their principal interest, payment of investment trust beneficiary certificate, redemption proceeds, partial cancellation charges, and securities related. Marusan Securities Co., Ltd. was founded in 1910 and is headquartered in Chiyoda, Japan.",ok,
10,8614,8614.T,8614.T,"Toyo Securities Co., Ltd.",EQUITY,Financial Services,Capital Markets,https://www.toyo-sec.co.jp,証券,金融・金利,"Toyo Securities Co., Ltd. provides financial products trading services in Japan. The company offers asset management and investment advice; consultancy on capital policies; support for IR; and other services. It is also involved in the buying and selling of securities; entrustment of buying and selling; underwriting and secondary distribution of securities; handling of public offering and secondary distribution of securities; and other financial instruments business activities. In addition, the company offers life insurance services. The company was formerly known as Hiroshima Shoken Shoji K.K. and changed its name to Toyo Securities Co., Ltd. in December 1971. Toyo Securities Co., Ltd. was founded in 1916 and is headquartered in Chuo, Japan.",ok,
10,8616,8616.T,8616.T,"Tokai Tokyo Financial Holdings, Inc.",EQUITY,Financial Services,Capital Markets,https://www.tokaitokyo-fh.jp,証券,金融・金利,"Tokai Tokyo Financial Holdings, Inc. operates as a securities company in Japan. The company offers foreign and domestic equities; foreign, municipal, and structured bonds; derivatives; investment trust services; forex; and investment banking services, such as IPOs, public stock offerings, secondary sales, and mergers and acquisitions. It is also involved in the financial instruments business; research on economic conditions and corporate performance; creation and management of funds, and self-financed and fund investments; consulting on handling of testamentary trusts and inheritance property; asset management; education and training; provision of transfer agency, merchandising, printing, real estate rental management, and insurance agency services; and outsourced back-office operations. In addition, the company offers information, investment and securities management, advisory, and agency services. The company was formerly known as Tokai Tokyo Securities Co., Ltd. and changed its name to Tokai Tokyo Financial Holdings, Inc. in April 2009. Tokai Tokyo Financial Holdings, Inc. was incorporated in 1929 and is headquartered in Tokyo, Japan.",ok,
10,8617,8617.T,8617.T,"The Kosei Securities Co., Ltd.",EQUITY,Financial Services,Capital Markets,https://www.kosei.co.jp,証券,金融・金利,"The Kosei Securities Co., Ltd. provides investment and financial services in Japan. The company engages in the buying and selling securities, futures trading of securities indices, securities options trading, and foreign market securities futures trading; and underwriting and offering of securities or solicitation of sales to specified investors. It also provides intermediation, brokerage, and agency services for the purchase and sale of securities, as well as for entrustment of the same. The Kosei Securities Co., Ltd. was incorporated in 1961 and is headquartered in Osaka, Japan.",ok,
10,8622,8622.T,8622.T,"Mito Securities Co., Ltd.",EQUITY,Financial Services,Capital Markets,https://www.mito.co.jp,証券,金融・金利,"Mito Securities Co., Ltd. provides investment and financial services in Japan. It offers fund wrap, investment trust, foreign and domestic bond, foreign and domestic stock, real estate investment trust, exchange traded fund, leveraged and inverse ETFs and ETNs, actively managed ETFs, and newly issued shares, as well as individual annuity insurance products. The company also provides multi-channel and net services; deposits, withdrawals, and transfers services; and stock price inquiry, electronic delivery, and automated voice response service. The company was founded in 1921 and is headquartered in Tokyo, Japan.",ok,
10,8624,8624.T,8624.T,"Ichiyoshi Securities Co., Ltd.",EQUITY,Financial Services,Asset Management,https://www.ichiyoshi.co.jp,証券,金融・金利,"Ichiyoshi Securities Co., Ltd. provides investment and financial services in Japan. The company is involved in corporate and investment research; agency for insurance; and investment advisory. It also provides non-discretionary advisory, and discretionary investment advisory, and investment trust management business. In addition, the company engages in real estate leasing, broking, agency, and management services; sale of office supplies and goods. Ichiyoshi Securities Co., Ltd. was incorporated in 1944 and is headquartered in Chuo, Japan.",ok,
10,8628,8628.T,8628.T,"Matsui Securities Co., Ltd.",EQUITY,Financial Services,Capital Markets,https://www.matsui.co.jp,証券,金融・金利,"Matsui Securities Co., Ltd. provides online securities brokerage services and trading platform to retail investors in Japan. The company offers brokerage services of stocks, futures, and options; services for underwriting, offering, and secondary distribution and solicitation for selling; and foreign exchange margin trading services. It also engages in the investment trusts, wholesale business, asset management, and crypto asset-related businesses. Matsui Securities Co., Ltd. was founded in 1918 and is headquartered in Tokyo, Japan.",ok,
10,8630,8630.T,8630.T,"Sompo Holdings, Inc.",EQUITY,Financial Services,Insurance - Property & Casualty,https://www.sompo-hd.com,ホームヘルスケア | 介護関連 | 保険 | 金利上昇メリット | 防災,医療・ヘルスケア | 金融・金利 | 防衛・国土強靱化,"Sompo Holdings, Inc., together with its subsidiaries, provides property and casualty (P&C) insurance products and services in Japan and internationally. It operates through Domestic P&C Insurance Business, Overseas Insurance Business, Domestic Life Insurance Business, Nursing Care Business, and Other segments. The company offers small-amount and short-term insurance products. It also provides life insurance; defined contribution pension fund management services; services for security, health, and wellbeing; business continuity management and planning, enterprise risk management, and cybersecurity services; comprehensive healthcare services; nursing care; risk consulting; helpdesk and arrangement services for solutions; consultation and support services for health, caregiving, retirement funds, and work-care balance; investment advisory and management services; and research and consulting services. In addition, the company engages in the sale of investment trusts; and planning, development, sale, operation support, and maintenance services for welfare operations support software. Further, it is involved in the insurance agency, extended warranty, digital-related, asset management, and other businesses. The company was formerly known as Sompo Japan Nipponkoa Holdings, Inc. and changed its name to Sompo Holdings, Inc. in October 2016. Sompo Holdings, Inc. was incorporated in 2010 and is headquartered in Shinjuku, Japan.",ok,
10,8697,8697.T,8697.T,"Japan Exchange Group, Inc.",EQUITY,Financial Services,Financial Data & Stock Exchanges,https://www.jpx.co.jp,マイナンバー | 証券,デジタル・サービス | 金融・金利,"Japan Exchange Group, Inc. operates as a financial instruments exchange holding company in Japan. The company engages in the operation of financial instruments exchange markets for trading listed securities and derivatives instruments to market users; publication of stock prices and quotations; provides market facilities for trading of commodity derivatives, physical commodities, and commodity index futures; self-regulatory operations, such as listing examination, listed company compliance, market surveillance, and inspections and examinations of trading participants. The company also provides clearing and settlement, and market-related services for transactions through proprietary trading systems (PTS), over-the-counter derivative transactions, and over-the-counter government bond transactions. The company was incorporated in 1949 and is headquartered in Tokyo, Japan.",ok,
10,8698,8698.T,8698.T,"Monex Group, Inc.",EQUITY,Financial Services,Capital Markets,https://www.monexgroup.jp,証券,金融・金利,"Monex Group, Inc., an online financial institution, provides retail online brokerage services. It operates through Japan, U.S., Crypto Asset, and Investment segments. The company offers M&A advisory; forex and cryptocurrency exchange; securities investment; investor and investment education; asset building and management; investment fund and portfolio management, and exempt market dealership; investment advisory; private banking for high-net-worth clients; custodial trust; venture capital; and human resource development services. It also engages in the development of trading technologies; research and development projects; development and operation of CraftChat, a marketing SaaS; management and utilization services for genomic, medical, and healthcare data; research, design, study, development, and consultation on cryptocurrency; and purchase and resale of insurance contracts. The company was formerly known as Monex Beans Holdings, Inc. and changed its name to Monex Group, Inc. in July 2008. Monex Group, Inc. was founded in 1999 and is headquartered in Minato, Japan.",ok,
10,8699,8699.T,8699.T,"HS Holdings Co., Ltd.",EQUITY,Financial Services,Capital Markets,https://www.sawada-holdings.co.jp,銀行,金融・金利,"HS Holdings Co., Ltd. provides merger and acquisition intermediary services in Japan and the Kyrgyz Republic. The company offers business succession consulting, restructuring investment, business investment management, venture investment, and business revitalization consulting services. It also imports and exports second-hand and new jewelry, precious metals, watches, and bags. The company was formerly known as Sawada Holdings Co., Ltd. HS Holdings Co., Ltd. was incorporated in 1958 and is headquartered in Tokyo, Japan.",ok,
10,8700,8700.T,8700.T,"Maruhachi Securities Co., Ltd.",EQUITY,Financial Services,Capital Markets,https://www.maruhachi-sec.co.jp,証券,金融・金利,"Maruhachi Securities Co., Ltd. provides investment and financial services in Japan. The company is involved in the domestic and foreign countries stocks; investment trusts, REIT, and asset compounding; and domestic and foreign bonds businesses. The company was founded in 1936 and is headquartered in Nagoya, Japan. Maruhachi Securities Co., Ltd. operates as a subsidiary of Tokai Tokyo Financial Holdings, Inc.",ok,
10,8704,8704.T,8704.T,"Traders Holdings Co.,Ltd.",EQUITY,Financial Services,Capital Markets,https://www.tradershd.com,フィンテック | 再生可能エネルギー | 証券,金融・金利 | GX・エネルギー,"Traders Holdings Co.,Ltd., through its subsidiaries, engages in foreign exchange and securities trading activities in Japan. The company offers Minna no FX, which provides foreign exchange margin trading services; Minna no Option, which provides forex binary options trading services; LIGHT FX, which offers foreign exchange margin trading services; Minna no Shisutore, which offers system trading of foreign exchange margin trading services; and Minna no Coin, which offers cryptocurrency margin trading services. It is also involved in the investment advisory and agency business; development and maintenance of the financial system; and investment business. The company was incorporated in 1999 and is headquartered in Tokyo, Japan.",ok,
10,8705,8705.T,8705.T,"Nissan Securities Group Co., Ltd.",EQUITY,Financial Services,Capital Markets,https://www.nissansec-g.co.jp,金,資源・素材,"Nissan Securities Group Co., Ltd., together with its subsidiaries, engages in the financial instrument and commodity future trading businesses in Japan. The company is also involved in financial instruments intermediation, financial instruments brokerage, information distribution, and fund management businesses. In addition, it engages in buying and selling of securities, brokerage and agency, underwriting and secondary distribution of securities, and public offering; handling secondary offerings; accepting entrustments for transactions in commodity markets; and act as an intermediary for entrustments. The company was formerly known as Okato Nissan Secs Holdings Inc. and changed its name to Nissan Securities Group Co., Ltd. in July 2022. Nissan Securities Group Co., Ltd. was founded in 1948 and is headquartered in Chuo, Japan.",ok,
10,8706,8706.T,8706.T,"Kyokuto Securities Co., Ltd.",EQUITY,Financial Services,Capital Markets,https://www.kyokuto-sec.co.jp,証券,金融・金利,"Kyokuto Securities Co., Ltd. engages in the financial instrument operator business in Japan. The company is involved in the financial instruments business; investment business; real estate business; and research and development business. It also engages in trading, and selling of securities. In addition, the company is involved in consulting services; and offers stock, investment trusts, and bonds. Kyokuto Securities Co., Ltd. was incorporated in 1947 and is headquartered in Tokyo, Japan.",ok,
10,8707,8707.T,8707.T,"IwaiCosmo Holdings, Inc.",EQUITY,Financial Services,Capital Markets,https://www.iwaicosmo-hd.jp,証券,金融・金利,"IwaiCosmo Holdings, Inc., together with its subsidiaries, provides financial services using information technology in Japan. It also offers asset management services to individual investors. The company also provides financial instruments transactions such as the buying and selling of securities, as well as underwriting and secondary distribution of securities. The company was formerly known as Iwai Securities Co., Ltd. and changed its name to IwaiCosmo Holdings, Inc. in July 2010. IwaiCosmo Holdings, Inc. was incorporated in 1944 and is headquartered in Osaka, Japan.",ok,
10,8708,8708.T,8708.T,"Aizawa Securities Group Co., Ltd.",EQUITY,Financial Services,Capital Markets,https://www.aizawa-group.jp,証券,金融・金利,"Aizawa Securities Group Co., Ltd. operates financial securities business in Japan. The company operates through three segments: Financial instrument securities business, Asset management business, and Investment business. It also engages in the financial product intermediation business. Aizawa Securities Group Co., Ltd. was founded in 1918 and is headquartered in Minato, Japan.",ok,
10,8713,8713.T,フィデアＨＤ,FIDEA Holdings Co. Ltd.,EQUITY,Financial Services,Banks - Regional,https://www.fidea.co.jp,リース | 地方銀行 | 金利上昇メリット | 銀行,金融・金利,"FIDEA Holdings Co. Ltd., through its subsidiaries, provides various banking products and services to corporate and individual customers in Japan. The company offers negotiable certificates of deposit and lending services; asset and liability management services; and bills discounted products. It also manages securities, such as debt and equity securities, and investment trusts. In addition, the company offers deposits and loans, foreign exchange, securities-related, agency, custody/safe deposits and other services. FIDEA Holdings Co. Ltd. was founded in 2009 and is headquartered in Sendai, Japan.",ok,
10,8714,8714.T,池田泉州ＨＤ,"Senshu Ikeda Holdings, Inc.",EQUITY,Financial Services,Banks - Regional,https://www.senshuikeda-hd.co.jp,リース | 地方銀行 | 証券 | 金利上昇メリット | 銀行,金融・金利,"Senshu Ikeda Holdings, Inc. provides banking products and services to small and medium-sized enterprises, and individuals in Japan. The company operates through the Banking Business and Leasing Business segments. It offers various deposit products, including current, ordinary, savings, notice, and other deposits; and business, public and personal, and housing loans. The company also provides securities, leasing, credit guarantee, domestic and foreign exchange, trust, corporate bond trusteeship and registration, and credit card services. In addition, it is involved in the on-demand transportation, investment, computer software development and sales, and information service provision, cash settlement, printing, and administrative outsourcing; planning and operation of station ATM; and leasing of industrial machinery, machine tools, computers, office equipment, and automobiles. Further, the company provides securities business, debt management and collection, on-demand transportation business, M&A support services, credit card business, investment business. Senshu Ikeda Holdings, Inc. was founded in 2009 and is headquartered in Osaka, Japan.",ok,
10,8715,8715.T,8715.T,"Anicom Holdings, Inc.",EQUITY,Financial Services,Insurance - Property & Casualty,https://www.anicom.co.jp,eコマース | 保険 | 金利上昇メリット,内需・消費 | 金融・金利,"Anicom Holdings, Inc. provides pet insurance products and services in Japan. It offers animal hospital management; and clinical and research services in animal medicine field. In addition, the company plans, develops, and operates internet services related to pets. Further, it conducts pet breeding business. The company was incorporated in 2000 and is based in Tokyo, Japan.",ok,
10,8725,8725.T,8725.T,"MS&AD Insurance Group Holdings, Inc.",EQUITY,Financial Services,Insurance - Property & Casualty,https://www.ms-ad-hd.com,MaaS | 保険 | 再生医療 | 金利上昇メリット | 防災,自動車・モビリティ | 金融・金利 | 医療・ヘルスケア | 防衛・国土強靱化,"MS&AD Insurance Group Holdings, Inc., an insurance holding company, engages in the provision of insurance and financial services worldwide. It offers domestic non-life insurance; life insurance; international business; financial services; and provides risk-related services. The company also offers online automobile insurance, fire insurance, and risk consulting. The company was formerly known as Mitsui Sumitomo Insurance Group Holdings, Inc. and changed its name to MS&AD Insurance Group Holdings, Inc. in April 2010. MS&AD Insurance Group Holdings, Inc. was founded in 1918 and is headquartered in Tokyo, Japan.",ok,
10,8729,8729.T,8729.T,Sony Financial Group Inc.,EQUITY,Financial Services,Insurance - Life,https://www.sonyfg.co.jp,ネット銀行 | 介護関連 | 保険 | 銀行,金融・金利 | 医療・ヘルスケア,"Sony Financial Group Inc., together with its subsidiaries, provides financial services in Japan. It offers death protection, medical, educational endowment, living benefit, automobile, medical, overseas travel, and fire insurance products, as well as reinsurance services. The company also provides foreign currency deposits, mortgage loans, investment trust, and venture capital and credit card settlement services, as well as plans, develops, and operates nursing care homes. Sony Financial Group Inc. was formerly known as Sony Financial Holdings Inc. and changed its name to Sony Financial Group Inc. in October 2021. The company was founded in 1979 and is headquartered in Tokyo, Japan.",ok,
10,8737,8737.T,8737.T,Akatsuki Corp.,EQUITY,Financial Services,Asset Management,https://www.akatsuki-fg.com,不動産関連 | 証券,不動産・建設 | 金融・金利,"Akatsuki Corp., together with its subsidiaries, engages in the real estate and securities businesses in Japan. It plans, designs, constructs, and revitalizes used real estate properties; investment and financing services, as well as sells renovated and furnished apartments. The company also develops paid nursing homes; and trunk room rental services. In addition, it is involved in the architectural design and supervision. The company was formerly known as Akatsuki Financial Group, Inc. and changed its name to Akatsuki Corp. in July 2016. Akatsuki Corp. was incorporated in 1950 and is headquartered in Chuo, Japan.",ok,
10,8739,8739.T,8739.T,"SPARX Group Co., Ltd.",EQUITY,Financial Services,Asset Management,https://www.sparxgroup.com,スマートグリッド | 証券 | 量子コンピューター,データセンター・電力 | 金融・金利 | AI・半導体,"SPARX Group Co., Ltd. is a publicly owned asset management holding company. Through its subsidiaries, the firm offers asset management and investment advisory services. It invests in real estate. The firm primarily provides its services to corporate pension annuities, government entities, private and trust banks, and public pension funds. SPARX Group Co., Ltd. was founded on July 1, 1989 and is based in Tokyo, Japan.",ok,
10,8742,8742.T,8742.T,"Kobayashi Yoko Co., Ltd.",EQUITY,Financial Services,Capital Markets,https://www.kobayashiyoko.com,不動産関連 | 金,不動産・建設 | 資源・素材,"Kobayashi Yoko Co., Ltd. engages in the investment and financial services business in Japan. The company offers commodity futures and exchange margin trading activities; sale of gold bullion; provision of life and non-life insurance agency business; sale of solar power generation machines and LED lighting products; wholesale of electrical equipment materials for advertising purposes; and operation of golf courses. In addition, it is involved in the rental of properties, such as business hotels and studio condominiums; real estate transaction business; and internet advertising business, including SEO measures, site production, and consulting work. The company was founded in 1913 and is headquartered in Tokyo, Japan.",ok,
10,8747,8747.T,8747.T,"Yutaka Trusty Securities Co., Ltd.",EQUITY,Financial Services,Capital Markets,https://www.yutaka-trusty.co.jp,金,資源・素材,"Yutaka Trusty Securities Co., Ltd. trades in commodity futures in Japan. It engages in the commodity derivative trading; and financial instruments trading, including exchange-traded stock index margin trading, exchange-traded foreign exchange margin trading, and stock index futures trading. The company also offers intermediary services, as well as gold bullion sales, and platinum club activities. In addition, it engages in the real estate management business, which manages training facilities, etc. The company was formerly known as Yutaka Shoji Co., Ltd. and changed its name to Yutaka Trusty Securities Co., Ltd. in November 2020. Yutaka Trusty Securities Co., Ltd. was incorporated in 1957 and is headquartered in Tokyo, Japan.",ok,
10,8750,8750.T,8750.T,"Daiichi Life Group, Inc.",EQUITY,Financial Services,Insurance - Life,https://www.daiichilife-group.com,保険 | 金利上昇メリット,金融・金利,"Daiichi Life Group, Inc., through its subsidiaries, provides insurance products in Japan, the United States, and internationally. The company operates through three segments: Domestic Insurance Business, Overseas Insurance Business, and Other Business. The company was formerly known as Dai-ichi Life Holdings, Inc. and changed its name to Daiichi Life Group, Inc. in April 2026. The company was incorporated in 1902 and is headquartered in Tokyo, Japan.",ok,
10,8766,8766.T,東京海上,"Tokio Marine Holdings, Inc.",EQUITY,Financial Services,Insurance - Property & Casualty,https://www.tokiomarinehd.com,保険 | 再生可能エネルギー | 脱炭素 | 金利上昇メリット | 防災,金融・金利 | GX・エネルギー | 防衛・国土強靱化,"Tokio Marine Holdings, Inc. engages in the non-life and life insurance, and financial and general businesses in Japan, the United States, and internationally. The company provides personal lines, accident and health, absence management, workers' compensation, retirement services, energy, renewables, property, natural catastrophes, aviation and space, commercial auto/motor, fine arts and specie, agriculture TNC, equestrian and blood stock, life sciences, financial lines, professional indemnity, surety, liability, professional liability, IP, political risk/violence and terrorism, trade/business interruption, product recall, cyber, crisis management insurance, contingency and events, stop loss, treaty reinsurance, business package, contractors all risks, trade credit, Japanese business, high net worth, urban and spatial development, and consulting solutions; marine, cargo, and hull; nonprofit, education, and human services; and sports entertainment, and leisure solutions. It also operates in various business areas comprising non-life insurance/PC, life insurance, reinsurance, asset management, risk management services, professional service, health and wellness, financial services, insurance related services, solution business for social issues. The company was formerly known as Millea Holdings, Inc. and changed its name to Tokio Marine Holdings, Inc. in 2008. Tokio Marine Holdings, Inc. was founded in 1879 and is headquartered in Chiyoda, Japan.",ok,
10,8769,8769.T,8769.T,"Advantage Risk Management Co., Ltd.",EQUITY,Healthcare,Medical Care Facilities,https://www.armg.jp,保険,金融・金利,"Advantage Risk Management Co., Ltd. provides mental health management and disability support services in Japan. The company offers mental health management services, a support program that enhance mental health through stress checks, pulse surveys, training programs, and counselling.; health management support services related to health checkups; disability support services that develops group life-term disability insurance compensation; and operational support services. It also provides recruitment support services through aptitude tests; education support services through training programs; work-life balance support services that manages support for employees on leave due to maternity leave, childcare leave, personal injury, and illness; and industrial health systems. In addition, the company offers risk financing services, which consists of various insurance policies. The company was incorporated in 1999 and is headquartered in Tokyo, Japan.",ok,
10,8772,8772.T,8772.T,"Asax Co., Ltd.",EQUITY,Financial Services,Mortgage Finance,https://www.asax.co.jp,不動産関連,不動産・建設,"Asax Co., Ltd. engages in real estate secured loan business in Japan and the United States. The company offers real estate secured loans for corporations and sole proprietors; personal real estate secured loans; real estate sale bridge loan; real estate purchase/construction loans; and loans for real estate agents. It is also involved in credit guarantees, real estate leasing, and real estate sales businesses. The company was incorporated in 1969 and is headquartered in Shibuya, Japan.",ok,
10,8783,8783.T,ａｂｃ,"abc Co., Ltd.",EQUITY,Financial Services,Asset Management,https://www.gfa.co.jp,インバウンド | サイバーセキュリティ | データセンター | フィジカルAI | ホテル | 不動産ファンド | 外食,内需・消費 | 防衛・国土強靱化 | データセンター・電力 | AI・半導体 | 不動産・建設,"abc Co., Ltd. engages in space production business in Japan. It operates through five segments: Financial Services Business, Cybersecurity Business, Space Production Business, Game Business, and Healthcare Business. The company operates restaurants, accommodation facilities, store spaces, and nightclubs. It also offers financial, metaverse, BPO, cybersecurity, SDGs, games and e-sports, Web3 and blockchain technology consulting, and cryptocurrency investment, management and research services; financial advisory, investment and loan, and real estate investment services. In addition, the company provides cyber security consulting and solutions for large enterprises and small to medium-sized businesses; plans, develops, and operates online entertainment services; develops, wholesales, and sells of quasi-drugs; hosts and manages e-sports tournaments; and operates online crane games. The company was formerly known as GFA Co., Ltd. and changed its name to abc Co., Ltd. in September 2025. abc Co., Ltd. was incorporated in 2002 and is headquartered in Minato, Japan.",ok,
10,8789,8789.T,8789.T,FinTech Global Incorporated,EQUITY,Financial Services,Financial Conglomerates,https://www.fgi.co.jp,不動産関連,不動産・建設,"FinTech Global Incorporated provides various financial services in Japan. The company offers investment banking, including financial arrangements, financial advisory services, and consulting services on public accounting system implementation; documentation support services for public facility management; real estate asset management and aviation business, such as aircraft technology services, remarketing of aircraft/engines, and aircraft operating lease. It also engages in public accounting and public facilities management support activities; sale of public accounting software; consulting and system configuration, and operation services related to asset management of networked infrastructure; planning, design, configuration, maintenance, operation, and management of information processing systems for infrastructure and utilities; consulting for information processing systems, including data collection, recording, conversion, updating and management, and applied in database creation; and sale and rental of computers, peripheral equipment, communication devices, and software packages and services. In addition, the company engages in the real estate development, purchase and sale, exchange, leasing, management, agency, brokerage, and consulting services; internet-based information services business; and planning, operation, and management of websites. Further, it operates and manages a theme park. FinTech Global Incorporated was incorporated in 1994 and is headquartered in Shinagawa, Japan.",ok,
10,8793,8793.T,8793.T,NEC Capital Solutions Limited,EQUITY,Industrials,Rental & Leasing Services,https://www.necap.co.jp,リース,金融・金利,"NEC Capital Solutions Limited provides financial services in Japan and internationally. The company operates through four segments: Leasing Business, Finance Business, Investment Business, and Other Business. The Leasing Business segment is involved in the leasing, rental, and installment sale of information communication equipment, office equipment, and other various facilities and equipment; and sale of goods related to leasing, sale of properties due to expiration or early cancellation, maintenance services for leased equipment, etc. The Finance Business segment comprises money lending, factoring, securities investment, etc. for the purpose of receiving dividend income. The Investment Business segment engages in investment in venture companies for the purpose of receiving proceeds from the sale of securities, etc., as well as assets, real estate, and advisory businesses. The Other Business segment includes businesses in the field of energy, tourism, agriculture, healthcare, PFI/PPP business, generation and sale of solar power, and other services. The company offers financial services, such as factoring, settlement and collection agency, and receivables flow management. It serves government agencies, local governments, large corporations, and small and medium-sized enterprises. The company was formerly known as NEC Leasing Co., Ltd. and changed its name to NEC Capital Solutions Limited in November 2008. NEC Capital Solutions Limited was incorporated in 1970 and is headquartered in Tokyo, Japan.",ok,
10,8795,8795.T,8795.T,"T&D Holdings, Inc.",EQUITY,Financial Services,Insurance - Life,https://www.td-holdings.co.jp,リース | 保険 | 金利上昇メリット,金融・金利,"T&D Holdings, Inc., through its subsidiaries, provides insurance products and services in Japan. The company offers personal, individual pension, group, group annuity; and others insurances, including asset-building, asset-building pension, medical, disability, and reinsurance; medical coverage and living benefit coverage; and in-force individual insurance and individual annuity insurances. It also offers health care, living benefit guarantees, dementia prevention and cancer and serious illness prevention insurance, as well as involved in the acquisition of investment properties. In addition, It engages in the closed book, asset management, and pet insurance businesses. The company was incorporated in 2004 and is headquartered in Tokyo, Japan.",ok,
10,8798,8798.T,8798.T,"Advance Create Co., Ltd.",EQUITY,Financial Services,Insurance - Diversified,https://www.advancecreate.co.jp,保険 | 金利上昇メリット,金融・金利,"Advance Create Co., Ltd. engages in the insurance agency, ASP, media, media rep, reinsurance, and BPO businesses in Japan. The company offers life and non-life insurance products; and short-term insurance, including medical, pension, corporate, fire, automobile, and other types of insurance products to general customers and corporations through direct marketing, telemarketing, face to face sales, and collaborative sales. It is involved in advertising sales; operation of insurance Market website; provision of reinsurance contract for medical insurance; sale of cloud services, such as customer management systems; and undertakes various insurance maintenance work. Advance Create Co., Ltd. was incorporated in 1995 and is headquartered in Chuo, Japan.",ok,
10,8801,8801.T,8801.T,"Mitsui Fudosan Co., Ltd.",EQUITY,Real Estate,Real Estate - Diversified,https://www.mitsuifudosan.co.jp,MaaS | ホテル | マンション関連 | 不動産関連 | 住宅関連 | 倉庫 | 再開発 | 太陽光発電関連 | 物流,自動車・モビリティ | 内需・消費 | 不動産・建設 | 物流・海運 | GX・エネルギー,"Mitsui Fudosan Co., Ltd. operates as a real estate company in Japan. It operates through five segments: Leasing, Property Sales, Management, Facility Operations, and Other. The Leasing segment leases office buildings and retail facilities. The Property Sales segment is involved in the development and sale of condominiums and single-family homes for individual customers, as well as leasing housing and office buildings for investors. The Management segment engages in the property management and brokerage, and asset management businesses. The Facility Operations segment is involved in the operation of hotels and resorts, and sports and entertainment businesses. The Other segment engages in the new construction under consignment. The company was founded in 1941 and is headquartered in Chuo, Japan.",ok,
10,8802,8802.T,菱地所,"Mitsubishi Estate Co., Ltd.",EQUITY,Real Estate,Real Estate - Diversified,https://www.mec.co.jp,データセンター | ホテル | マンション関連 | 不動産関連 | 住宅関連 | 倉庫 | 再開発 | 物流 | 空飛ぶクルマ,データセンター・電力 | 内需・消費 | 不動産・建設 | 物流・海運 | 自動車・モビリティ,"Mitsubishi Estate Co., Ltd. engages in real estate activities in Japan and internationally. The company develops, leases, manages, and sells office buildings and commercial facilities; operates rental offices, coworking spaces, virtual offices, hourly meeting rooms, home delivery storage services, commercial nursing homes, and building garages; offers real estate management, as well as building management services, such as security, facility management, cleaning, and planting services; and operates hotels and airports. It also engages in the construction, sales, management, and leasing of developed condominiums and residential houses; design and contract construction of custom-built houses; renovation and sales of condominiums, detached houses, overseas business, investment management; real estate brokerage; dark fiber leasing and data center housing business; provision of real estate investment, such as asset management services to investment corporations and real estate funds; architectural design and engineering business; cooling and heating supply business; delivery and takeout; and parking management business. In addition, the company leases, operates, and manages logistics facilities; sells gasoline products; purchases, manufactures, processes, and sells construction materials; constructs prefabricated housing using cross-laminated timber and laminated wood; constructs, manufactures, and sells furniture and household items; offers financial consulting and investment advisory services; and develops and manages information systems and software. Further, it plans, develops, and operates Ele-Cinema, an elevator projection type media solution; and Machi Pass FACE, a collaboration platform that enables facial recognition services. Additionally, the company offers human resources, land management, and landscaping services. Mitsubishi Estate Co., Ltd. was founded in 1890 and is headquartered in Tokyo, Japan.",ok,
10,8803,8803.T,8803.T,"Heiwa Real Estate Co., Ltd.",EQUITY,Real Estate,Real Estate - Diversified,https://www.heiwa-net.co.jp,不動産関連 | 再開発,不動産・建設,"Heiwa Real Estate Co., Ltd. operates as a real estate company in Japan. It operates in two segments, Building Business and Asset Management Business. The company develops, leases, manages, and buy/sells stock exchange buildings, office buildings, commercial facilities, and residential buildings. It also provides asset management and real estate brokerage. The company was incorporated in 1947 and is headquartered in Tokyo, Japan.",ok,
10,8804,8804.T,東建物,"Tokyo Tatemono Co., Ltd.",EQUITY,Real Estate,Real Estate Services,https://www.tatemono.com,データセンター | ホテル | マンション関連 | 不動産関連,データセンター・電力 | 内需・消費 | 不動産・建設,"Tokyo Tatemono Co., Ltd. operates as a real estate company in Japan. It operates through Building Business, Housing Business, Asset Services Business, and Other Business segments. The company engages in the development, leasing, and management of office buildings, retail facilities, and others; development, sales, leasing, and management of condominiums and detached houses; sale/purchase, brokerage, and consulting for real estate; parking lot development and management; leisure business; logistics facilities development; asset management business; overseas business; and real estate appraisal activities. Tokyo Tatemono Co., Ltd. was incorporated in 1896 and is headquartered in Chuo, Japan.",ok,
10,8818,8818.T,京阪神ビル,"Keihanshin Building Co., Ltd.",EQUITY,Real Estate,Real Estate Services,https://www.keihanshin.co.jp,データセンター | 不動産関連,データセンター・電力 | 不動産・建設,"Keihanshin Building Co., Ltd. leases land and buildings in Japan. The company leases office buildings, datacenter buildings, commercial buildings, logistics warehouses, and off-course betting parlors. It is also involved in buildings and machinery maintenance and cleaning services. The company was formerly known as Keihanshin Real Estate Co., Ltd. and changed its name to Keihanshin Building Co., Ltd. in October 2011. Keihanshin Building Co., Ltd. was incorporated in 1948 and is headquartered in Osaka, Japan.",ok,
10,8830,8830.T,8830.T,"Sumitomo Realty & Development Co., Ltd.",EQUITY,Real Estate,Real Estate Services,https://www.sumitomo-rd.co.jp,ホテル | マンション関連 | 不動産関連 | 住宅関連 | 再開発,内需・消費 | 不動産・建設,"Sumitomo Realty & Development Co., Ltd. operates as a real estate company in Japan. It develops and leases office buildings; develops and sells condominium units, and detached houses; and develops, leases, and sells real estate properties, as well as operates and manages office buildings, multipurpose halls, commercial complexes, hotels, fitness clubs, golf course, and retail facilities. The company also engages in provision of asset utilization services; remodeling of detached houses/condominiums; property management services; construction, design, and supervision of construction activities; and sale, brokerage, and appraisal of real estate. In addition, it provides parking lot, house cleaning, interior designing/sales, and catering services; agency for fire, life, medical insurance, etc.; and operates Japanese and Western restaurants, and convenience stores under the Rieven House brand name. It serves corporate and private customers. The company was formerly known as Izumi Real Estate Co., Ltd. and changed its name to Sumitomo Realty & Development Co., Ltd. in 1957. Sumitomo Realty & Development Co., Ltd. was incorporated in 1949 and is headquartered in Tokyo, Japan.",ok,
10,8835,8835.T,8835.T,Taiheiyo Kouhatsu Incorporated,EQUITY,Industrials,Conglomerates,https://www.taiheiyo.net,不動産関連 | 建設,不動産・建設,"Taiheiyo Kouhatsu Incorporated engages in the coal and mining equipment sale business in Japan. The company is also involved in the comprehensive management of apartments and buildings; rental and brokerage of real estate; shipping; sales of construction materials and petroleum; and insurance agency businesses, as well as warehousing business. provision of nursing home services for the elderly. In addition, it manufactures and sells charcoal fertilizer, slaked lime, and stone powder; offers general freight vehicle transportation services, such as warehousing, construction, and design of various plant equipment, as well as provides information processing services. The company was founded in 1920 and is headquartered in Tokyo, Japan.",ok,
10,8836,8836.T,8836.T,RISE Inc.,EQUITY,Real Estate,Real Estate Services,https://www.rise-i.co.jp,不動産関連,不動産・建設,"RISE Inc. operates in the real estate business in Japan. It engages in the real estate leasing and management businesses. The company also develops and sells hotels, condominiums, residential land, and commercial facilities and sells to end-users. In addition, it provides real estate brokerage and consulting services. RISE Inc. was incorporated in 1947 and is based in Tokyo, Japan. RISE Inc. operates as a subsidiary of JTM Holdings Co., Ltd.",ok,
10,8841,8841.T,8841.T,"TOC Co., Ltd.",EQUITY,Real Estate,Real Estate Services,https://www.toc.co.jp,不動産関連 | 医薬品関連,不動産・建設 | 医療・ヘルスケア,"TOC Co., Ltd. engages in the real estate business in Japan. It operates through the Real Estate Business and the Linen Supply and Laundry Business segments. The company is involved in the ownership, rental, management, and operation of rental rooms, exhibition spaces, and parking lots; brokerage activities; linen supply for hotels, restaurants, banquets, and sports clubs; and provision of laundry services. It also engages in the pharmaceutical, sports club and hot bath facility businesses; building management; information processing related activities; and planning, development, and operation of commercial facilities. The company was founded in 1926 and is headquartered in Shinagawa, Japan.",ok,
10,8844,8844.T,8844.T,"Cosmos Initia Co., Ltd.",EQUITY,Real Estate,Real Estate Services,https://www.cigr.co.jp,インバウンド | ホテル | マンション関連 | 不動産関連 | 住宅関連,内需・消費 | 不動産・建設,"Cosmos Initia Co., Ltd. engages in the real estate sale, rental, and brokerage activities in Japan. It operates through Residential Business, Solution Business, Accommodation Business, and Construction Business segments. The company develops and sells condominium and single-family houses; post completion/move-in maintenance services; and acquisition/renovation/sale of existing condominiums. It also provides various solutions, such as sales/purchases and property management of investment real estate, and asset management/design/architectural consulting services; as well as develops and operates MIMARU apartment-style hotels. The company was formerly known as Recruit Cosmos Co., Ltd. and changed its name to Cosmos Initia Co., Ltd. in September 2006. Cosmos Initia Co., Ltd. was incorporated in 1969 and is headquartered in Tokyo, Japan.",ok,
10,8848,8848.T,8848.T,Leopalace21 Corporation,EQUITY,Real Estate,Real Estate Services,https://www.leopalace21.com,ホテル | マンション関連 | 介護関連 | 太陽光発電関連,内需・消費 | 不動産・建設 | 医療・ヘルスケア | GX・エネルギー,"Leopalace21 Corporation, together with its subsidiaries, engages in the construction, leasing, and sale of apartments, condominiums, and residential housing in Japan. It operates in three segments: Rental Business, Senior Care Business, and Other Businesses. The Rental Business segment is involved in the leasing and management of apartment rooms buildings and other properties; maintenance work; a solar power generation business; and real estate brokerage activities. This segment also provides broadband and company housing agency services, as well as small-amount short-term insurance. The Senior Care Business segment operates nursing care facilities. The Other Businesses segment operates resort facilities in Guam, which include golf courses, a hotel, and other facilities. The company was formerly known as MDI Corporation and changed its name to Leopalace21 Corporation in July 2000. Leopalace21 Corporation was incorporated in 1973 and is headquartered in Tokyo, Japan.",ok,
10,8850,8850.T,8850.T,Starts Corporation Inc.,EQUITY,Real Estate,Real Estate - Diversified,https://www.starts.co.jp,ホテル | マンション関連 | 不動産関連 | 介護関連 | 住宅関連 | 建設,内需・消費 | 不動産・建設 | 医療・ヘルスケア,"Starts Corporation Inc. engages in the construction, real estate management, and tenant recruitment in Japan and internationally. The company is involved in the design and construction management of seismic isolated buildings; and the provision of real estate brokerage services, including the sale of buildings, condominiums, and single-family houses, as well as CRE solutions and corporate housing management services for corporate customers. It also manages residential buildings, parking lots, office buildings, commercial facilities, etc. In addition, the company offers card key/home security services; and offers asset management consulting and J-REIT management services, as well as undertakes urban redevelopment and PFI projects. Further, it publishes lifestyle monthly and free magazines, and cellphone novels, as well as operates OZmall website; and promotes events. Additionally, the company develops and offers hotels, Japanese inns, golf courses, etc.; and manages and operates nursing homes, elderly housing facilities, and licensed nursery schools. It also provides elderly facility introduction and childcare support services. Starts Corporation Inc. was founded in 1969 and is based in Tokyo, Japan.",ok,
10,8860,8860.T,8860.T,Fuji Corporation Limited,EQUITY,Real Estate,Real Estate Services,https://www.fuji-jutaku.co.jp,不動産関連 | 住宅関連,不動産・建設,"Fuji Corporation Limited designs, constructs, and sells detached houses and condominiums in Japan. The company operates through five segments: Real Estate Business, Land Utilization Business, Leasing and Management Business, Construction-related Business, and Other Businesses. It also engages in the housing distribution activities; and contract construction and sales of rental apartment buildings. In addition, the company is involved in real estate management, brokerage, and renovation activities. Fuji Corporation was founded in 1973 and is headquartered in Kishiwada, Japan.",ok,
10,8864,8864.T,8864.T,"Airport Facilities Co., Ltd.",EQUITY,Real Estate,Real Estate Services,https://www.afc.jp,不動産関連 | 水道関連 | 航空,不動産・建設 | 防衛・国土強靱化 | 物流・海運,"Airport Facilities Co., Ltd. engages in the airport related businesses in Japan and internationally. The company engages in purchase, sale, management, brokerage, leasing, and appraisal of real estate; area heating and cooling; water supply and drainage management and treatment; shared telecommunications-related business; and other operating, managing, and leasing airport-related facilities. It also offers research, design, and supervision of construction work. In addition, the company leases various facilities comprising office equipment, applied electronic machines and apparatus, vehicles, aircraft, aircraft parts, other aircraft- and space-related instruments, transportation equipment, etc. Further, it owns, rents, operates, and manages waterworks, meeting spaces, parking spaces, hotels, and restaurants and tearooms. Additionally, the company engages in the renewable energy business; collects, transports, and treats general and industrial wastes; and provides money and debt guarantee loans. Airport Facilities Co., Ltd. was incorporated in 1970 and is headquartered in Ota, Japan.",ok,
10,8869,8869.T,8869.T,Meiwa Estate Company Limited,EQUITY,Real Estate,Real Estate Services,https://www.meiwajisyo.co.jp,マンション関連 | 不動産関連,不動産・建設,"Meiwa Estate Company Limited develops, sells, and manages condominiums in Japan. The company operates through four segments: Condominium Sales; Distribution; Property Management; and Rental Business. It also engages in real estate leasing and brokerage activities; and management staff and cleaning services, as well as renovation and wealth solution business. The company was incorporated in 1942 and is headquartered in Tokyo, Japan.",ok,
10,8871,8871.T,8871.T,"GOLDCREST Co.,Ltd.",EQUITY,Real Estate,Real Estate - Development,https://www.goldcrest.co.jp,ホテル | マンション関連 | 不動産関連,内需・消費 | 不動産・建設,"GOLDCREST Co.,Ltd. engages in the planning, development, and sale of new condominiums in Japan. It is also involved in the real estate leasing and management, and hotel businesses. The company was incorporated in 1968 and is headquartered in Chiyoda, Japan.",ok,
10,8876,8876.T,8876.T,"Relo Group, Inc.",EQUITY,Industrials,Specialty Business Services,https://www.relo.jp,ホテル | 不動産関連,内需・消費 | 不動産・建設,"Relo Group, Inc. provides property management services in Japan. The company is involved in the leased corporate housing management business, including consulting on dormitories and corporate housing, unattended house management services, rental brokerage, and other real estate services. It also offers global relocation support services, such as consulting and training regarding overseas transfers and business trips, support for the acceptance of foreign employees, and services related to overseas transfer regulations and compensation; solutions for HR activities; research, sales, and consulting on various indices; and serviced apartment operation and management. In addition, the company provides consulting of fringe benefit and customer treatment, immediate living assistance, outsourcing, and travel services, as well as consulting for insurance. Further, it operates resorts, hotels, vacation homes, lodging facilities, and rental meeting rooms. The company was formerly known as Relo Holdings, Inc. and changed its name to Relo Group, Inc. in July 2016. Relo Group, Inc. was incorporated in 1967 and is headquartered in Tokyo, Japan.",ok,
10,8877,8877.T,8877.T,Eslead Corporation,EQUITY,Real Estate,Real Estate - Development,https://www.eslead.co.jp,マンション関連 | 不動産関連,不動産・建設,"Eslead Corporation develops and sells family-type and urban condominiums in Japan. The company provides commercial and business facilities, which includes commercial facilities, hotels and vacation rentals, offices, hospices, logistics facilities, nursing homes, and roadside store development; and housing business offers apartment and detached houses. It also engages in the general construction business, which includes apartment, factory, and pavilion construction; and real estate management business offers, rental, electricity supply, large scale repair and renovation, brokerage, hotel operation and management, securitization, and cleaning and security management businesses. In addition, the company engages in solar power generation and digital marketing business. Eslead Corporation was formerly known as Nihon Eslead Corporation and changed its name to Eslead Corporation in October 2019. The company was incorporated in 1968 and is based in Osaka, Japan. Eslead Corporation operates as a subsidiary of Mori Trust Co., Ltd.",ok,
10,8881,8881.T,8881.T,"NISSHIN GROUP HOLDINGS Company, Limited",EQUITY,Real Estate,Real Estate Services,https://www.nisshin-hd.co.jp,マンション関連 | 不動産関連,不動産・建設,"NISSHIN GROUP HOLDINGS Company, Limited plans, develops, constructs, manages, and sells condominiums in Japan. It is involved in the rental of real estate businesses; building management, management of rental properties, and other related services; and civil engineering works. The company also engages in the brokerage, rental brokerage, and renovation activities; real estate stock and securitization businesses; and purchase, resale, and renovation business of second-hand condominiums. In addition, it offers mortgage guarantees and housing loans to condominium buyers; plans, develops, and sells detached houses; and constructs apartment buildings. NISSHIN GROUP HOLDINGS Company, Limited was incorporated in 1975 and is headquartered in Shinjuku, Japan.",ok,
10,8887,8887.T,8887.T,"SYLA Holdings Co., Ltd.",EQUITY,Real Estate,Real Estate - Development,https://syla-holdings.jp,マンション関連 | 不動産関連 | 建設,不動産・建設,"SYLA Holdings Co., Ltd., through its subsidiaries, primarily develops, constructs, sells, and manages apartments in Japan. The company engages in the land purchase, design, construction, operation, and maintenance of solar power plants. It also provides real estate leasing, management, and brokerage services, as well as real estate crowdfunding services on the Rimawari-kun platform. In addition, the company offers a system that automatically collects various real estate data online, develops real estate investment, machine learning algorithms, RPA, and business systems using this system. Further, the company provides consulting on business automation and AI system implementation for corporations; real estate investment and asset management; operates and sells renewable energy-related products; and sells and maintains solar and biomass power generation equipment. Additionally, the company engages in electricity brokerage, sale of electricity, renewable energy trading, and trade brokerage activities. SYLA Holdings Co., Ltd. was founded in 1970 and is headquartered in Tokyo, Japan.",ok,
10,8891,8891.T,8891.T,"AMG Holdings Co.,Ltd.",EQUITY,Real Estate,Real Estate Services,https://www.amg-hd.co.jp,マンション関連 | 不動産関連 | 住宅関連,不動産・建設,"AMG Holdings Co.,Ltd. engages in the construction and real estate-related businesses primarily in Japan. The company offers custom homes, commercial construction, property management, and rental, as well as consulting for large-scale repair work services. It is also involved in the design, construction, automotive-related facilities, condominiums, including tenant buildings, custom-built homes, rental apartments condominiums and detached houses. In addition, the company engages in the civil engineering business. AMG Holdings Co.,Ltd. was incorporated in 1986 and is headquartered in Nagoya, Japan.",ok,
10,8892,8892.T,8892.T,ES-CON JAPAN Ltd.,EQUITY,Real Estate,Real Estate - Development,https://www.es-conjapan.co.jp,インバウンド | ホテル | マンション関連 | 不動産関連,内需・消費 | 不動産・建設,"ES-CON JAPAN Ltd. engages in the condominium business in Japan. It operates through four segments: Housing Sales Business; Real Estate Development Business; Real Estate Leasing Business; and Asset Management Business. The company plans, develops, and sells condominiums and detached houses under the Le JADE, Grand Le Jade, TOPAZ, DIAMAS Hayama, and SEVENS VILLA brands, as well as commercial facilities under the tonarie brand, logistics facilities under the LOGITRES brand, rental condominiums, hotels, offices, senior residences, clinic malls, and data center sites. It also undertakes land readjustment projects; leases commercial facilities and rental condominiums; and operates and manages an ossuary. In addition, the company offers property, real estate assets, and condominium management services; residential services; and real estate planning, brokerage, and consulting services. Further, it engages in overseas investment activities. The company was incorporated in 1995 and is headquartered in Minato, Japan. ES-CON JAPAN Ltd. is a subsidiary of Chubu Electric Power Company, Incorporated.",ok,
10,8894,8894.T,8894.T,"Revolution Co., Ltd.",EQUITY,Real Estate,Real Estate Services,https://revolution.co.jp,不動産テック | 不動産関連,不動産・建設,"Revolution Co., Ltd. engages in the real estate resale business in Japan. It operates through four segments: Real Estate Business, Investment Business, Real Estate Credit Business, and Crowdfunding Business. The company is involved in real estate sale, brokerage services, and management of general rental properties; operation of a wholesale financial business, which offers back financing funds to lenders that handle real estate-backed loans; operation of a crowdfunding business; and investment in SPCs, domestic, and foreign companies, as well as financial products, such as securities. It also engages in asset management, rental, and metropolitan property buying and selling businesses. The company was formerly known as Harakosan Co., Ltd. and changed its name to Revolution Co., Ltd. in November 2019. The company was founded in 1986 and is headquartered in Tokyo, Japan. Revolution Co., Ltd. operates as a subsidiary of FO1 LLC.",ok,
10,8897,8897.T,8897.T,"MIRARTH HOLDINGS,Inc.",EQUITY,Real Estate,Real Estate - Development,https://mirarth.co.jp,ホテル | マンション関連 | 不動産関連 | 住宅関連 | 太陽光発電関連,内需・消費 | 不動産・建設 | GX・エネルギー,"MIRARTH HOLDINGS,Inc. engages in the real estate business in Japan. It plans, develops, sells, and trades in condominiums under the Leben and Nebel brands; detached housing sales business; real estate asset liquidation business; renovation and resale business; and provides real estate asset management, condominium management, and brokerage services. The company also engages in the renewable electric power generation and sales, as well as the provision of investment opportunities and asset management services to various investors. In addition, it is involved in the construction business; and hotel management business under the Hotel the Leben brand name. The company was formerly known as Takara Leben Co., Ltd. and changed its name to MIRARTH HOLDINGS,Inc. in October 2022. The company was incorporated in 1972 and is headquartered in Tokyo, Japan.",ok,
10,8898,8898.T,8898.T,Century21 Real Estate of Japan Ltd,EQUITY,Real Estate,Real Estate Services,https://www.century21.jp,マンション関連 | 不動産関連,不動産・建設,"Century21 Real Estate of Japan Ltd. operates as a franchise real estate company in Japan. It provides services to buyers and sellers of real estate. The company also offers education and training services for managers and sales people. In addition, it implements information systems; and joint advertisements, such as television commercials, as well as provides financial services to franchise offices and their customers. The company was founded in 1971 and is headquartered in Minato, Japan.",ok,
10,8904,8904.T,8904.T,"Avantia Co., Ltd.",EQUITY,Consumer Cyclical,Residential Construction,https://avantia-g.co.jp,マンション関連 | 不動産関連 | 住宅関連 | 建設,不動産・建設,"Avantia Co., Ltd. engages in the housing business in Japan. It is involved in the construction and sales of detached houses; planning, buying, and selling condominiums and commercial real estates; contracting of architectural work, civil engineering work, and plumbing work; renovation work; and real estate brokerage and rental businesses. The company was formerly known as Sanyo Housing Nagoya Co., Ltd. and changed its name to Avantia Co., Ltd. in January 2020. Avantia Co., Ltd. was incorporated in 1989 and is headquartered in Tokyo, Japan.",ok,
10,8908,8908.T,8908.T,"Mainichi Comnet Co., Ltd.",EQUITY,Real Estate,Real Estate Services,https://www.maicom.co.jp,不動産関連 | 太陽光発電関連 | 旅行,不動産・建設 | GX・エネルギー | 内需・消費,"Mainichi Comnet Co., Ltd. engages in the real estate business in Japan. The company offers real estate consulting services. It is also involved in the rental of apartment for students; develops and sells developed condominium building to listed REITs, real estate funds, individuals, and companies; management and operation of student apartments and university dormitories; development of student dormitories; private finance initiative management; and mixed development of rental housing and commercial facilities. In addition, the company provides revitalization plans for existing real estate, such as company dormitories; architectural design; and building leasing system. Further, it offers student life solutions comprising outsourcing of student services; housing field activities; plan and arrange club activities, club and circle training camps, seminars, and training camps; planning and management of sports events; driver's license acquisition support services; extracurricular activities, including clubs, seminars, and circles; and seminar house consulting services. Additionally, the company provides Campus Career, a program developed to connect students with society; and new graduate recruitment solutions. The company was incorporated in 1972 and is based in Tokyo, Japan.",ok,
10,8912,8912.T,8912.T,Area Quest Inc.,EQUITY,Real Estate,Real Estate Services,https://www.area-quest.com,不動産関連,不動産・建設,"Area Quest Inc., together with its subsidiaries, provides real estate solutions in Japan. It provides tenant attraction, which offers marketing services for building owners or building managers; and renewal and contract management that provides advice and information for solving the problems related to building management. It also provides building management and subleasing services. The company was incorporated in 2000 and is headquartered in Shinjuku, Japan.",ok,
10,8914,8914.T,8914.T,"Arealink Co., Ltd.",EQUITY,Real Estate,Real Estate Services,https://www.arealink.co.jp,不動産関連 | 倉庫,不動産・建設 | 物流・海運,"Arealink Co., Ltd. engages in the self-storage business in Japan. The company operates, manages, and rents storage spaces under the Hello Storage brand; and offers land rights development services, asset management, office management, including leasing land and buildings, and other operational services. It rents offices under the Hello Office brand; and provides property management and maintenance services. Arealink Co., Ltd. was incorporated in 1995 and is headquartered in Chiyoda, Japan.",ok,
10,8917,8917.T,8917.T,"First Juken Co., Ltd.",EQUITY,Consumer Cyclical,Residential Construction,https://www.f-juken.co.jp,マンション関連 | 不動産関連 | 住宅関連,不動産・建設,"First Juken Co., Ltd., together with its subsidiaries, engages in the construction and sale of single-family homes in Japan. It operates through Detached House Business; and Condominium Business, etc. segments. The company is also involved in the sale of renovated, refurbished, and second-hand condominiums; and provision of real estate rental services for condominiums and other properties. In addition, it engages in custom-built housing business; real estate sales, brokerage, placement, rental, and management; and non-life insurance agency and life insurance solicitation. Further, the company provides architectural and civil engineering design; construction supervision; construction; and consulting services. First Juken Co., Ltd. was incorporated in 1999 and is headquartered in Amagasaki, Japan.",ok,
10,8918,8918.T,8918.T,"LAND Co., Ltd.",EQUITY,Real Estate,Real Estate - Diversified,https://www.land.jp,不動産関連 | 再生可能エネルギー | 太陽光発電関連,不動産・建設 | GX・エネルギー,"LAND Co., Ltd. engages in the real estate and renewable energy-related investment businesses in Japan. The company is involved in planning, developing, and selling various types of real estate, including condominiums and detached houses, office buildings, hotels, commercial facilities, and logistics facilities; and the residential land development activities. It also undertakes real estate development for renewable energy projects, such as solar power plants and biomass power plants; and provides real estate consulting and brokerage services. The company was incorporated in 1996 and is based in Yokohama, Japan.",ok,
10,8919,8919.T,8919.T,"KATITAS CO., Ltd.",EQUITY,Consumer Cyclical,Residential Construction,https://katitas.jp,不動産テック | 不動産関連 | 住宅関連,不動産・建設,"KATITAS CO., Ltd. purchases, remodels, renovates, and sells used homes and properties to individuals and families in Japan. The company was formerly known as Yasuragi Co., Ltd. and changed its name to KATITAS CO., Ltd. in 2013. KATITAS CO., Ltd. was incorporated in 1978 and is headquartered in Kiryu-shi, Japan.",ok,
10,8920,8920.T,8920.T,"Tosho Co., Ltd.",EQUITY,Industrials,Conglomerates,https://www.to-sho.net,ホテル | マンション関連,内需・消費 | 不動産・建設,"Tosho Co., Ltd. engages in sports club, hotel, and real estate businesses in Japan. The company operates a sports club under the Holiday Sports Club name; and a hotel under the AB Hotel name in Aichi Prefecture. It also rents apartment building under the A-City name; and manages parking lots. Tosho Co., Ltd. was incorporated in 1979 and is headquartered in Anjo, Japan.",ok,
10,8923,8923.T,8923.T,Tosei Corporation,EQUITY,Real Estate,Real Estate - Diversified,https://www.toseicorp.co.jp,ホテル | 不動産ファンド | 不動産関連 | 住宅関連,内需・消費 | 不動産・建設,"Tosei Corporation operates in the revitalization, development, rental, fund and consulting, property management, and hotel businesses in Japan. It acquires properties whose asset value has declined and improves value-up activities; develops and sells properties, including offices, commercial facilities, condominiums, detached houses, hotels, logistics facilities, and apartments; and leasing offices, apartments, and commercial facilities. The company also provides asset management services for real estate funds; property management services, including building management, security, renovation contracting, tenant management, and leasing. In addition, it operates hotel under the TOSEI HOTEL COCONE name. Further, the company provides real estate services comprising crowdfunding, security token, and digital matching. The company was formerly known as Tosei Fudosan Co., Ltd. and changed its name to Tosei Corporation in October 2006. Tosei Corporation was incorporated in 1950 and is based in Minato, Japan.",ok,
10,8927,8927.T,8927.T,"Meiho Enterprise Co., Ltd.",EQUITY,Real Estate,Real Estate - Diversified,https://www.meiho-est.com,不動産関連,不動産・建設,"Meiho Enterprise Co., Ltd. engages in brokerage and rental real estate business in Japan. It operates through Real Estate development Business, Real Estate Leasing Business, Real Estate Brokerage Business, and Contracting Business segments. The company is involved in the lease and intermediation of real estate properties, including apartments, condominiums, and townhouses. Meiho Enterprise Co., Ltd. offers its real estate properties under the MIJAS and EL FARO brands. The company was incorporated in 1968 and is headquartered in Tokyo, Japan.",ok,
10,8928,8928.T,8928.T,Anabuki Kosan Inc.,EQUITY,Real Estate,Real Estate Services,https://www.anabuki.ne.jp,インバウンド | ホテル | マンション関連 | 不動産関連 | 介護関連 | 旅行,内需・消費 | 不動産・建設 | 医療・ヘルスケア,"Anabuki Kosan Inc. engages in the real estate business in Japan. It is involved in development and sale of condominiums; real estate brokerage activities; sale of real estate properties; general and detached house contracting activities; operation of a variety of facilities, including hotels, golf courses, fitness gyms, and service areas; operation of supermarket; and provision of electricity. The company also offers human resource services, including temporary staffing, recruitment, and outsourcing, as well as logistics services; nursing care and medical management support services; and travel planning and advisory services. The company was incorporated in 1964 and is based in Takamatsu, Japan.",ok,
10,8931,8931.T,8931.T,Wadakohsan Corporation,EQUITY,Real Estate,Real Estate - Development,https://www.wadakohsan.co.jp,マンション関連 | 不動産関連 | 住宅関連,不動産・建設,"Wadakohsan Corporation engages in the development and sale of condominiums, detached houses, and residential land in Japan. The company also rents, leases, and manages condominiums, offices stores, and parking lots. Wadakohsan Corporation was founded in 1899 and is headquartered in Kobe, Japan.",ok,
10,8934,8934.T,8934.T,"Sun Frontier Fudousan Co., Ltd.",EQUITY,Real Estate,Real Estate Services,https://www.sunfrt.co.jp,インバウンド | ホテル | 不動産関連,内需・消費 | 不動産・建設,"Sun Frontier Fudousan Co., Ltd. provides real estate revitalization services to building owners, asset holders, and wealthy individuals in Japan. It operates through Real Estate Revitalization Business, Real Estate Service Business, Hotel and Tourism Business, and Other Business segments. The company offers replanning; property management, leasing management, asset consulting, effective land use, and consulting services; hotel development, regional revitalization, and tourism business; and overseas, and construction business. It engages in development, sale, management, and brokerage of residential properties; and renovation planning, repair, and reform of commercial buildings, interior finishing works, and telecommunications works. It also engages in building maintenance, rental conference room, and rent guarantee businesses. Sun Frontier Fudousan Co., Ltd. was incorporated in 1999 and is headquartered in Tokyo, Japan.",ok,
10,8935,8935.T,8935.T,"FJ Next Holdings Co., Ltd.",EQUITY,Real Estate,Real Estate - Diversified,https://www.fjnext-hd.co.jp,マンション関連 | 不動産関連 | 建設,不動産・建設,"FJ NEXT Holdings Co., Ltd. engages in the planning, development, sale, and brokerage of real estate properties in Japan. It operates in four segments: Real Estate Development, Real Estate Management, Construction, and Japanese Inn. The company is also involved in the planning and sales of investment-type and family-type condominiums, sales, planning, and development of resorts; undertakes comprehensive condominium management, leasing management, and cottage area management operations. In addition, it provides design and construction of buildings and condominiums to detached houses, renovations, and reforms. The company operates inns under Ito Yuki Tei, Ito Yuki Tei Kawana Bettei, Gyokuhokan, and Seiryuso brand name. Further, it engages in non-life insurance agency business; restaurant business; and provision of financial services, such as loans. The company was formerly known as FJ Next Co., Ltd. and changed its name to FJ NEXT Holdings Co., Ltd. in October 2021. FJ NEXT Holdings Co., Ltd. was incorporated in 1980 and is headquartered in Tokyo, Japan.",ok,
10,8938,8938.T,8938.T,"GLOME Holdings,Inc.",EQUITY,Real Estate,Real Estate Services,https://www.glome-holdings.com,不動産関連,不動産・建設,"GLOME Holdings,Inc., together with its subsidiaries, engages in the medical-related and real estate businesses in Japan and internationally. It operates hospice housing, sell medical equipment, and provide services to patients; and advice and guidance on business succession for medical corporations; operates and sells medical equipment; rents welfare equipment; HR consulting; and provides medical services. The company was formerly known as LC Holdings, Inc. and changed its name to GLOME Holdings,Inc. in October 2019. GLOME Holdings,Inc. was incorporated in 1987 and is headquartered in Minato, Japan.",ok,
10,8944,8944.T,8944.T,"Land Business Co.,Ltd.",EQUITY,Real Estate,Real Estate Services,https://www.lbca.co.jp,マンション関連 | 不動産関連 | 外食,不動産・建設 | 内需・消費,"Land Business Co.,Ltd. engages in the real estate investment business in Japan. It operates through Real Estate-related, Restaurant Business, and Clothing Business segments. The company involves in rental business, including Lanai, Plaza, and Society series; architectural design and consulting business; and provision of design and construction supervision services. It also operates cafes/restaurants, such as Pelican Moon Cafe, The Terrace, The Place, and The Business Lounge, as well as clothing business. The company was incorporated in 1985 and is headquartered in Chiyoda, Japan.",ok,
10,8945,8945.T,8945.T,SUNNEXTA GROUP Inc.,EQUITY,Real Estate,Real Estate Services,https://www.sunnexta.co.jp,不動産関連,不動産・建設,"SUNNEXTA GROUP Inc., together with its subsidiaries, operates as an outsourcing service company in Japan. It operates in three segments: Corporate Housing Management Business, Condominium Management Business, and Incubation Business. The company offers corporate housing administrative work related to company housing, dormitories, and parking lots; BPO services for human resources and general affairs, and housing system consultation services; and cost reduction services. It also provides apartment management services, real estate-related services, and reform and renovation services, as well as monitoring security services, insurance agency services, and condominium management digital transformation support services. The company was incorporated in 1998 and is headquartered in Tokyo, Japan.",ok,
10,8946,8946.T,8946.T,Asian Star Co.,EQUITY,Real Estate,Real Estate Services,https://www.asian.co.jp,マンション関連,不動産・建設,"Asian Star Co. engages in the planning, development and sale, holding and leasing, management, and brokerage of real estate properties in Japan. The company develops and sells detached and resort houses, manages and operates rental apartments, as well as provides real estate investment advisory services. It also offers non-life insurance agency services. The company was formerly known as Yoko Toshikaihatsu Co. and changed its name to Asian Star Co. in April 2015. Asian Star Co. was founded in 1979 and is based in Yokohama, Japan.",ok,
10,8967,8967.T,,"Japan Logistics Fund, Inc.",EQUITY,Real Estate,REIT - Industrial,https://8967.jp,物流,物流・海運,"Japan Logistics Fund, Inc. is the first J- REIT dedicated to logistics properties with real estate and other assets used for logistic facilities primarily in the Tokyo Metropolitan, Osaka, Nagoya and Fukuoka areas as investment targets. Based on the Act on Investment Trusts and Investment Corporations (Act No. 198 of 1951 including revisions enforced thereafter) (hereinafter, the Investment Trust Act), JLF was founded on February 22, 2005 with Mitsui & Co., Logistics Partners Ltd. (hereinafter referred to as MLP) as the founding planner, and was listed on the REIT section of the Tokyo Stock Exchange, Inc. (hereinafter, Tokyo Stock Exchange) on May 9 of the same year. As of January 31, 2026 (the end of the 41st Period), JLF owns 52 properties under management with a total acquisition price of 293,467 million yen and total assets of 274,137 million yen.",ok,
10,8985,8985.T,,Japan Hotel REIT Investment Corporation,EQUITY,Real Estate,REIT - Hotel & Motel,https://www.jhrth.co.jp,ホテル,内需・消費,"Japan Hotel REIT Investment Corporation (JHR) was established under the Act on Investment Trusts and Investment Corporations. (Act No. 198 of 1951, as amended; hereinafter referred to as the Investment Trusts Act) on November 10, 2005, and was listed on the Real Estate Investment Trust (REIT) section of the Tokyo Stock Exchange on June 14, 2006. JHR entrusts asset management to Japan Hotel REIT Advisors Co., Ltd. (hereinafter referred to as the Asset Management Company). Focusing on importance as social infrastructure and profitability as investment real estate of hotels, JHR primarily invests in real estate which are wholly or partially used as hotels or real estate equivalents of such real estate or related assets that are backed by such real estate or real estate equivalents (hereinafter referred to as Real Estate for Hotels, etc.). JHR, the former Nippon Hotel Fund Investment Corporation, merged with Japan Hotel and Resort, Inc. with an effective date of April 1, 2012 (hereinafter referred to as the Merger), and changed its name to Japan Hotel REIT Investment Corporation. Since the Merger through the end of the fiscal year under review, JHR has carried out eleven public offerings for capital increase and continuously acquired highly competitive hotels in mainly strategic investment areas where domestic and inbound leisure demand can be expected over the medium to long term. By implementing the aforementioned growth strategy, JHR has expanded its asset size while improving the quality of its portfolio through new property acquisitions of 36 properties amounting to 364,727 yen million (acquisition price basis) in total since the Merger through the end of the fiscal year under review. As a result, JHR had a portfolio of 51 properties with a combined acquisition price of 453,171 yen million, and the total number of investment units issued and outstanding stood at 5,097,006 units at the end of the fiscal year under review. Japan Hotel REIT Investment Corporation was incorporated in 2005 in Japan.",ok,
10,8995,8995.T,8995.T,"Makoto Construction Co,Ltd",EQUITY,Real Estate,Real Estate - Diversified,https://www.makoto-gr.com,住宅関連,不動産・建設,"Makoto Construction Co,Ltd., a construction company, designs, constructs, and sells detached houses in Japan. It operates through detached house sales, real estate brokerage, and real estate rental segments. The company constructs ready-built, contract housing, and custom-built houses, as well as condominiums. It also engages in renovation business; rental and management of office buildings, and apartments; and loan funding activities. The company was incorporated in 1991 and is headquartered in Sakai, Japan.",ok,
10,8996,8996.T,8996.T,"HouseFreedom Co.,Ltd.",EQUITY,Real Estate,Real Estate Services,https://www.housefreedom.co.jp,不動産関連 | 住宅関連,不動産・建設,"HouseFreedom Co.,Ltd. engages in the sale of newly built detached houses in Japan. The company operates through Real Estate Brokerage, Newly Constructed House Sales, Construction Contract Work, Non-Life Insurance, and Real Estate Leasing segments. The Real Estate Brokerage segment engages in the real estate buying and selling, and brokerage and sales agency business. The Newly Constructed House Sales segment is involved in the sale of detached houses; and planning, development, construction, and sale of used properties. The Construction Contract Work segment engages in the custom-built housing and renovation contracting business. The Non-Life Insurance segment offers insurance agency services, such as fire and earthquake insurance. The Real Estate Leasing segment engages in the acquisition, development, leasing, and sale of residential apartments, office buildings, and other rental properties. HouseFreedom Co.,Ltd. was incorporated in 1995 and is headquartered in Matsubara, Japan.",ok,
10,8999,8999.T,8999.T,Grandy House Corporation,EQUITY,Real Estate,Real Estate Services,https://www.grandy.co.jp,不動産関連 | 住宅関連,不動産・建設,"Grandy House Corporation constructs and sells ready-built and custom-built homes in Japan. It is also involved in residential development and home sales, custom home construction and sales, and home renovation business. The company also offers construction material manufacturing and sales, and real estate leasing business. Grandy House Corporation was incorporated in 1991 and is headquartered in Utsunomiya, Japan.",ok,
10,9001,9001.T,9001.T,"Tobu Railway Co., Ltd.",EQUITY,Industrials,Railroads,https://www.tobu.co.jp,インバウンド | ホテル | 不動産関連 | 鉄道関連,内需・消費 | 不動産・建設 | 物流・海運,"Tobu Railway Co., Ltd. provides private rail system services in Japan. The company operates health clubs, golf courses, theme parks, and hotels. It also develops and manages condominiums, housing developments, department stores, and other properties along its railways. In addition, the company operates sightseeing service center, station information, railroadmap, Wi-Fi, information on unstaffed stations, alternative transportation, and buying pasmo cards and tickets, as well as sightseeing destinations, access information, and special tickets. Further, it is involved in general transportation business by rail, tramway, and cableway; automobile transport business; real estate sales, leases, brokerage, appraisal, and management businesses; information provision and processing services, telecommunications business, and wired broadcasting business; management of entertainment, sports and educational institutions, as well as hotel, food and beverage, retail, travel, advertising and other service businesses; design and construction contracting services for civil engineering, architecture, landscaping, and electrical work; power generation and electricity supply business; businesses incidental to or related to the preceding items. Tobu Railway Co., Ltd. was incorporated in 1896 and is headquartered in Tokyo, Japan.",ok,
10,9003,9003.T,9003.T,"Sotetsu Holdings, Inc.",EQUITY,Industrials,Conglomerates,https://www.sotetsu.co.jp,インバウンド | ホテル | 不動産関連 | 介護関連 | 鉄道関連,内需・消費 | 不動産・建設 | 医療・ヘルスケア | 物流・海運,"Sotetsu Holdings, Inc. provides transportation services in Japan. It offers railway and bus transport services. The company also operates supermarkets under the Sotetsu Rosen name, convenience stores under Sotetsu Station Retail; condominiums and detached houses under Gracia series; consulting services for purchasing, selling, and owning commercial real estate; renovated commercial properties; hotels under Sotetsu FRESA INN, and Sotetsu Hotels names. In addition, it provides building management and maintenance; non-life insurance agency services; facility maintenance; district heating and cooling; home renovation; job creation; insurance; and re-employment after retirement services. Further, the company engages in the manufacture and sale of Ryosui Kobo, a water purification system for residential and commercial facilities; leases real estate office buildings and commercial facilities; and renewable energy business. The company was formerly known as Sotetsu Junbi K.K. and changed its name to Sotetsu Holdings, Inc. in 2009. Sotetsu Holdings, Inc. was incorporated in 1917 and is headquartered in Yokohama, Japan.",ok,
10,9005,9005.T,9005.T,Tokyu Corporation,EQUITY,Consumer Cyclical,Department Stores,https://www.tokyu.co.jp,MaaS | ホテル | 不動産関連 | 介護関連 | 再開発 | 空飛ぶクルマ | 鉄道関連,自動車・モビリティ | 内需・消費 | 不動産・建設 | 医療・ヘルスケア | 物流・海運,"Tokyu Corporation, together with its subsidiaries, engages in the transportation, real estate, life service, and hotel and resort businesses in Japan and internationally. It operates railways, including nine Tokyo lines in eastern Kanagawa Prefecture and 110.7 km of southwestern Tokyo with 99 stations. The company is also involved in urban development projects; runway maintenance and management for airports; railway inspection; and design and construction of railway-related electrical works. In addition, it engages in the development and sale of residential land; construction and sale of houses and other properties; real estate consulting; leasing of office buildings and other properties; real estate brokerage; property management for buildings; real estate management and construction; and building management activities. Further, the company operates department stores and shopping centers, as well as operates and manages hotels, resorts, and golf courses. Additionally, it provides advertising, cable television, electric power, and internet connection services. The company was incorporated in 1922 and is headquartered in Shibuya, Japan.",ok,
10,9006,9006.T,9006.T,Keikyu Corporation,EQUITY,Industrials,Conglomerates,https://www.keikyu.co.jp,ホテル | 不動産関連 | 介護関連 | 鉄道関連,内需・消費 | 不動産・建設 | 医療・ヘルスケア | 物流・海運,"Keikyu Corporation engages in the railway transportation business in Japan. The company operates through Transportation, Real Estate Business, Leisure and Service Business, Logistic Business, and Other segments. It provides railway, taxi, and shared/chartered bus transportation services. The company also engages in the development of residential land; construction, sale, relocation support, and renovation of detached houses and condominiums; development and sale of commercial, office, rental buildings, and parking lots; renovation coordination business; real estate leasing; and provision of brokerage, funding, and consulting services. In addition, it operates leisure facilities, such as hot spring, yacht harbors, boat racing, and golf courses; provides advertising agency and travel services; and manages hotels, inns, and restaurants, and business hotels; and engages in marina, retail, restaurant, construction, and rental business. Further, the company operates and manages department stores, shopping centers, food supermarkets, and convenience and drug stores; civil engineering and construction work; repair of railway vehicles; renewal and modification work; maintenance of buses, trucks, and passenger cars; painting, cleaning, and repair of transportation equipment; and management of condominium. Additionally, it engages in the living support, flower arrangement, nursery school management, life and non-life insurance agency, electrical, telecommunications, plumbing, and funeral businesses; operates driving school; and provides station cleaning, bicycle parking lot management, business card creation, futon drying, reception, data entry, accounting, and HR services. The company was formerly known as Keihin Electric Express Railway Co., Ltd. and changed its name to Keikyu Corporation in October 2010. Keikyu Corporation was founded in 1898 and is headquartered in Yokohama, Japan.",ok,
10,9007,9007.T,9007.T,"Odakyu Electric Railway Co., Ltd.",EQUITY,Industrials,Railroads,https://www.odakyu.jp,MaaS | ホテル | 不動産関連 | 介護関連 | 鉄道関連,自動車・モビリティ | 内需・消費 | 不動産・建設 | 医療・ヘルスケア | 物流・海運,"Odakyu Electric Railway Co., Ltd., together with its subsidiaries, engages in transportation, real estate, lifestyle services, and other businesses in Japan. The company offers transportation services through railroads, buses, taxis, shipping, cableways, and other tourism-related vehicles; real estate sales and rental services; and lifestyle services, such as department stores, stores, retail, hotels, and restaurants. It is also involved in building management. Odakyu Electric Railway Co., Ltd. was founded in 1923 and is headquartered in Tokyo, Japan.",ok,
10,9008,9008.T,9008.T,Keio Corporation,EQUITY,Industrials,Conglomerates,https://www.keio.co.jp,インバウンド | ホテル | 不動産関連 | 介護関連 | 鉄道関連,内需・消費 | 不動産・建設 | 医療・ヘルスケア | 物流・海運,"Keio Corporation, together with its subsidiaries, engages in transportation, real estate, and merchandise sales businesses in Japan. It operates through five segments: Transportation, Real Estate, Hotel, Construction and Equipment, and Lifestyle Services. The company offers passenger transport services, such as trains and buses; hotel services; and building management, construction, and civil engineering services. It is also involved in real estate leasing; and retail businesses focusing on lifestyle-related services. In addition, the company engages in department store, store, credit card, fresh flower sales, restaurant, child raising, elderly housing, funeral, travel, advertising agency, sports, human resources agency, cleaning, social education, and real estate sales businesses; manufacturing and sales of bread and confectionery; and provision of business contents, engineering, cargo transport and moving, information system, and financial outsourcing services. The company was formerly known as Keio Electric Railway Co. Ltd. and changed its name to Keio Corporation in June 2005. Keio Corporation was founded in 1910 and is headquartered in Tama, Japan",ok,
10,9009,9009.T,9009.T,"Keisei Electric Railway Co., Ltd.",EQUITY,Industrials,Railroads,https://www.keisei.co.jp,インバウンド | 不動産関連 | 介護関連 | 鉄道関連,内需・消費 | 不動産・建設 | 医療・ヘルスケア | 物流・海運,"Keisei Electric Railway Co., Ltd. engages in the operation of railway and bus transportation in Japan. It operates through Transportation, Distribution, Real Estate, Leisure and Service, Construction, and Other segments. The company operates railways, buses, taxis, and other transportation services. It also sells products through retail and department stores. In addition, the company is involved in real estate leasing and sales, as well as brokering, managing, and renovating; operates hotels, restaurants, movie theaters, advertising agencies, and travel agencies; and undertake civil engineering and construction work. Further, it builds and maintains other facilities, including residential buildings; and engages in rail car maintenance and insurance agency businesses. As of March 31, 2026, the company operates 762 passenger cars and 91 stations. Keisei Electric Railway Co., Ltd. was incorporated in 1909 and is headquartered in Ichikawa, Japan.",ok,
10,9010,9010.T,9010.T,"Fuji Kyuko Co., Ltd.",EQUITY,Industrials,Conglomerates,https://www.fujikyu.co.jp,インバウンド | 旅行 | 鉄道関連,内需・消費 | 物流・海運,"Fuji Kyuko Co., Ltd. operates amusement parks, hotels, golf courses, ski resorts, outdoor and travel businesses, and campgrounds in Japan. The company engages in the transportation, tourism, distribution services, real estate, civil engineering and construction, and information technology businesses. It also offers transportation services, including Fujikyu railway and bus, share-ride buses, highway buses, reserved buses, etc., as well as real estate services, such as building leasing, condo/villa subdivision, etc. In addition, the company offers accommodation services. The company was incorporated in 1926 and is headquartered in Shibuya, Japan.",ok,
10,9012,9012.T,9012.T,"Chichibu Railway Co., Ltd.",EQUITY,Industrials,Railroads,https://www.chichibu-railway.co.jp,不動産関連 | 鉄道関連,不動産・建設 | 物流・海運,"Chichibu Railway Co., Ltd. engages in the railway business in Japan. It operates real estate, tourism, bus services, and other businesses. The company also engages in the rental of real estate properties, such as apartments, , detached houses, and rental houses, monthly parking space, rental shops and offices; deals in properties for sale, such as land, used houses. In addition, it engages in tourism and event information businesses. Chichibu Railway Co., Ltd. was incorporated in 1899 and is based in Kumagaya, Japan.",ok,
10,9017,9017.T,9017.T,"Niigata Kotsu Co., Ltd.",EQUITY,Industrials,Railroads,https://www.niigata-kotsu.co.jp,ホテル | 不動産関連 | 旅行,内需・消費 | 不動産・建設,"Niigata Kotsu Co., Ltd., together with its subsidiaries, engages in the bus passenger transportation business in Japan. It operates through Transportation, Real Estate Business, Product Sales Business, Travel Business Inn Business, and Air Agency Business segments. The company engages in the real estate and parking lot management businesses; and sale of daily necessities and food. It also operates hotel; and acts as a travel and airline agency. In addition, it provides advertising agency, cleaning, and facilities and environment services; and scheduled bus service and sightseeing bus service, as well as wholesale of tourist souvenirs. Niigata Kotsu Co., Ltd. was incorporated in 1943 and is headquartered in Niigata, Japan.",ok,
10,9020,9020.T,9020.T,East Japan Railway Company,EQUITY,Industrials,Railroads,https://www.jreast.co.jp,MaaS | インバウンド | キャッシュレス決済 | ホテル | 介護関連 | 再生可能エネルギー | 再開発 | 国土強靱化 | 太陽光発電関連 | 旅行 | 水素 | 鉄道関連 | 風力発電,自動車・モビリティ | 内需・消費 | 金融・金利 | 医療・ヘルスケア | GX・エネルギー | 不動産・建設 | 防衛・国土強靱化 | 物流・海運,"East Japan Railway Company operates as a passenger railway company in Japan and internationally. The company operates through Transportation, Distribution and service, Real Estate & Hotels, and Others segments. It offers passenger railway, freight, bus transportation, station operations, travel agency, warehousing, financial, telecommunication, computer-related data, leasing of personal property, dry cleaning, casualty insurance, and other agency services. The company is also involved in the operation of aerial cableway and parking lot; advertising and promotion; books and magazines publication; automobile maintenance and repair; hotel and restaurant management; civil engineering and general construction; facilities construction; and electricity supply businesses. In addition, it engages in the sale of prepaid vouchers, memberships for sport and leisure facilities, including golf and tennis clubs; and oil, gas, and car accessories; travel goods, food, beverages, liquors, medicines, cosmetics, and daily necessities. Further, the company is involved in the sale, leasing, management, and brokerage of real estate properties; manufacture of transport-related machinery and equipment, as well as precision and industrial machinery and tools; production and sale of signs and information boards; and establishment and management of recreation areas, physical fitness facilities, cultural facilities, preparatory schools and other educational facilities, and movie theaters. Additionally, it engages in the production of beverages and liquors; processing and sale of marine products; manufacture and sale of aggregates, masonry materials, concrete piles and blocks; railcar manufacturing and maintenance operations; sale of tickets for events; and photo development activities. East Japan Railway Company was incorporated in 1987 and is headquartered in Tokyo, Japan.",ok,
10,9021,9021.T,9021.T,West Japan Railway Company,EQUITY,Industrials,Railroads,https://www.westjr.co.jp,インバウンド | キャッシュレス決済 | ホテル | 介護関連 | 旅行 | 鉄道関連,内需・消費 | 金融・金利 | 医療・ヘルスケア | 物流・海運,"West Japan Railway Company, together with its subsidiaries, engages in the railway operation business in Japan. It operates through five segments: Mobility, Distribution, Real Estate, Travel and Regional Solutions, and Others. The company offers rail passenger transportation services; sells various goods through stores inside the train stations, including convenience stores, restaurants, and souvenir shops; and develops and operates shopping centers and hotels, as well as leases and sells condominiums and other properties. It is also involved in travel arrangement services, such as train reservations, issuance of hotel vouchers, and sale of package tours, as well as tourism promotion; credit cards and electronic money; construction and electrical construction; advertising; department store business; and spatial information consulting. The company was incorporated in 1987 and is based in Kita, Japan.",ok,
10,9022,9022.T,9022.T,Central Japan Railway Company,EQUITY,Industrials,Railroads,https://jr-central.co.jp,インバウンド | 旅行 | 鉄道関連,内需・消費 | 物流・海運,"Central Japan Railway Company engages in the railway and related businesses in Japan. The company operates through three segment: Transportation, Merchandise and Other, and Real Estate. It operates railway and conventional lines; and department stores. The company also engages in the wholesale and retail of food and beverage; leasing of real estate properties, such as station buildings; and bus operation, contracted accounting and financial, hotel, travel, advertising, rolling stock production, construction, and track maintenance businesses. In addition, it develops and maintains computer system, as well as offers construction consulting services. The company was incorporated in 1987 and is headquartered in Tokyo, Japan.",ok,
10,9023,9023.T,9023.T,"Tokyo Metro Co., Ltd.",EQUITY,Industrials,Railroads,https://www.tokyometro.jp/index.html,不動産関連 | 再開発 | 鉄道関連,不動産・建設 | 物流・海運,"Tokyo Metro Co., Ltd. engages in the operation and management of railways in Japan. It is involved in the urban design and lifestyle creation businesses. The company also manages shops at stations and other commercial facilities; develops and rents office buildings and hotels; and provides advertising media services, such as advertisements in stations, premises and trains, and an information and communications business that handles licensing of mobile phone communication services, as well as leases optical fiber cable, etc. The company was formerly known as Teito Rapid Transit Authority and changed its name to Tokyo Metro Co., Ltd. in 2004. The company was founded in 1920 and is headquartered in Tokyo, Japan.",ok,
10,9024,9024.T,9024.T,Seibu Holdings Inc.,EQUITY,Industrials,Conglomerates,https://www.seibuholdings.co.jp,ホテル | 不動産関連 | 再開発 | 建設 | 鉄道関連,内需・消費 | 不動産・建設 | 物流・海運,"Seibu Holdings Inc. engages in the urban transportation, hotel and leisure, real estate, construction, and baseball team management businesses in Japan and internationally. It operates through Urban Transportation and Railway Business, Hotel and Leisure Business, Real Estate Business, and Others segments. The company offers railway, bus, and taxi transportation services; and operates hotels, hot springs and spas, golf club and courses, ski resorts, tennis courts, bowling alleys, skating rinks, fitness clubs, and other leisure facilities. It also develops and sells detached houses, condominiums, and custom-built houses, and resort properties; leases office and residential facilities; and develops and operates stores in train stations, shopping malls, and other commercial facilities. In addition, the company maintains a professional baseball team under the Saitama Seibu Lions name; hosts concerts and other non-baseball events through Belluna Dome; and operates and manages amusement parks, aquariums, movie theaters, and pools. Further, it offers fire insurance, automobile insurance, travel insurance, and life insurance products; home and urban development services; pet care products; and builds cemeteries. Additionally, the company operates cram school for elementary school students; drive-in facilities; rest areas; toll roads; car and bicycle parking lots. Seibu Holdings Inc. was incorporated in 2006 and is headquartered in Toshima, Japan.",ok,
10,9025,9025.T,9025.T,"Konoike Transport Co.,Ltd.",EQUITY,Industrials,Integrated Freight & Logistics,https://www.konoike.net,倉庫 | 医療機器 | 物流 | 鉄鋼 | 陸運,物流・海運 | 医療・ヘルスケア | 資源・素材,"Konoike Transport Co.,Ltd. engages in logistics business in Japan and internationally. The company also provides value-added services in the steel industry; repair and maintenance services of manufacturing facilities; design, creation, and processing of plant equipment, as well as installation and maintenance work; receiving and preparing raw materials, packaging, and conducting equipment inspection; temperature-controlled logistics services; and support services at airports. In addition, it is involved in contract operations of maintenance, construction, and manufacture of chemicals, gases, and housing facilities; storage and distribution of various materials, general apparel merchandise, and daily necessities; refurbishment and coating of industrial air conditioners; provision of renewable energy services; solar power generation and other PPA projects; transportation of industrial gas tank trucks and machine tools; inspection, maintenance, and mechanic support for imported automobiles; manufacture and sale of frozen fishery processed foodstuff. Further, the company engages in the import/export cargo warehousing and transportation of cargo; railway transportation of containers and automobiles; cleaning and sterilization outsourcing of medical devices; contracting operations of in-hospital logistics; operating room assistance; sales of various systems; and provision of management support and other services. Konoike Transport Co.,Ltd. was founded in 1880 and is headquartered in Osaka, Japan.",ok,
10,9027,9027.T,,,,,,,倉庫 | 物流 | 陸運,物流・海運,,ok,
10,9028,9028.T,9028.T,"ZERO Co., Ltd.",EQUITY,Consumer Cyclical,Auto & Truck Dealerships,https://www.zero-group.co.jp,MaaS | 陸運,自動車・モビリティ | 物流・海運,"ZERO Co., Ltd., together with its subsidiaries, provides vehicle transportation and maintenance services in Japan. The company offers new and used vehicle transportation, and door-to-door transportation of private cars and motorbikes. It also offers new, heavy vehicle, and other maintenance services; handling and vehicle inspection services at auto auction; car selection services; general cargo transportation services; and human resources services, including pick-up and dispatching services. In addition, the company provides port transportation and warehousing services; vehicle control and management services; temporary and placement services; and customs clearance services, as well as exports and sells used cars and automobile parts. The company was formerly known as Nissan Transportation Co. Ltd. and changed its name to ZERO Co., Ltd. in May 2001. ZERO Co., Ltd. was incorporated in 1961 and is headquartered in Kawasaki, Japan.",ok,
10,9029,9029.T,9029.T,"Higashi Holdings Co., Ltd.",EQUITY,Industrials,Integrated Freight & Logistics,https://www.e-higashi.co.jp,介護関連 | 倉庫 | 物流 | 陸運,医療・ヘルスケア | 物流・海運,"Higashi Holdings Co., Ltd. provides transportation and logistics services in Japan. The company operates through Shipping, Warehouse, Product Sales, and Welfare segments. It provides transportation and delivery, warehouse storage, logistics processing, and industrial waste management activities; provision of BPO solution, such as in-house document logistics management/mail room management, sorting/shipping of forms with personal information, confidential document storage and recycling under security management, etc.; and office relocation activities. The company also offers logistics services in the building; operates shops in the building under the Hills 21 name; PC kitting/IT related services; rents and sells welfare equipment comprising beds and wheelchairs; and sells hygiene products consisting of adult disposable diapers. In addition, it is involved in the temporary staffing and parking lot management activities. The company was formerly known as Higashi Twenty One Co., Ltd. and changed its name to Higashi Holdings Co., Ltd. in April 2025. Higashi Holdings Co., Ltd. was incorporated in 1944 and is headquartered in Osaka, Japan.",ok,
10,9031,9031.T,9031.T,"Nishi-Nippon Railroad Co., Ltd.",EQUITY,Industrials,Railroads,https://www.nishitetsu.co.jp,ホテル | 介護関連 | 住宅関連 | 物流 | 鉄道関連,内需・消費 | 医療・ヘルスケア | 不動産・建設 | 物流・海運,"Nishi-Nippon Railroad Co., Ltd. engages in the transportation business in Japan and internationally. It operates through five segments: Transportation; Real Estate; Distribution; Logistics; and Leisure and Services. The company is involved in the operation of railway, taxi, and bus business; real estate rental and sale business, and overseas development projects; operate road construction and bus services; involved in rental and housing businesses; operation of supermarkets and restaurants business; engages in hotel operations, travel agencies, and advertising businesses; international and domestic logistics business; developing agricultural business projects, as well as operates hotels, travel, entertainment, and food and sub contracted catering businesses; engages in the IC card, maintenance and construction related, metal recycling, and agricultural related business; and operates amusement park and the aquarium. Nishi-Nippon Railroad Co., Ltd. was founded in 1908 and is headquartered in Fukuoka City, Japan.",ok,
10,9033,9033.T,9033.T,"Hiroshima Electric Railway Co.,Ltd.",EQUITY,Industrials,Railroads,https://www.hiroden.co.jp,不動産関連 | 建設 | 鉄道関連,不動産・建設 | 物流・海運,"Hiroshima Electric Railway Co.,Ltd. engages in the bus and rail businesses in Japan. The company is involved in railway and railroad businesses; operates routes, express, airport shuttle, and charter buses; and transportation advertising activities. It also engages in the development and sale of condominiums and residential land plots; leases office buildings, retail spaces, parking lots, and other properties; and brokerage/land recruitment services. Hiroshima Electric Railway Co.,Ltd. was incorporated in 1942 and is headquartered in Hiroshima, Japan.",ok,
10,9034,9034.T,9034.T,"NANSO Transport Co.,Ltd.",EQUITY,Industrials,Integrated Freight & Logistics,https://www.nanso.co.jp,不動産関連 | 倉庫 | 建設 | 物流 | 陸運,不動産・建設 | 物流・海運,"NANSO Transport Co.,Ltd. provides logistics services in Japan. It also offers automobile, special consolidated, and rail transport; transport handling; warehousing; distribution processing plants; general labor dispatch; customs clearance; general cargo and specific passenger automobile transportation; general waste disposal; parking lot; automobile maintenance; and security services, as well as offers vehicles. In addition, the company engages in real estate transactions and rental; cleaning of building interior and exterior; non-life insurance agency; life insurance soliciting; sale of petroleum; and other businesses. NANSO Transport Co.,Ltd. was incorporated in 1942 and is headquartered in Togane, Japan.",ok,
10,9035,9035.T,,,,,,,不動産関連 | 陸運,不動産・建設 | 物流・海運,,ok,
10,9036,9036.T,9036.T,"Tohbu Network Co., Ltd.",EQUITY,Industrials,Integrated Freight & Logistics,https://www.tohbu.co.jp,アンモニア | 不動産関連 | 水素 | 物流 | 陸運,GX・エネルギー | 不動産・建設 | 物流・海運,"Tohbu Network Co., Ltd. provides truck transportation and logistics services. The company engages in the industrial waste truck transportation, freight forwarding, passenger automobile transportation, real estate leasing, warehousing, worker dispatch, automobile maintenance, and industrial waste collection businesses. It also sells cement and various building materials, automobile tires and parts, and oil and high-pressure gas; sells and leases automobiles and computers; and develops and sells software. In addition, the company engages in the insurance agency business, including life and non-life insurance; and generation, management, operation, and sale of electricity. The company was incorporated in 1943 and is headquartered in Yokohama, Japan.",ok,
10,9037,9037.T,9037.T,"Hamakyorex Co., Ltd.",EQUITY,Industrials,Integrated Freight & Logistics,https://www.hamakyorex.co.jp,物流 | 陸運,物流・海運,"Hamakyorex Co., Ltd. provides 3PL logistics and truck transportation services in Japan and internationally. The company operates through two segments: Logistics center business and Truck transportation business. It is involved in center operation and delivery and general freight transportation and special consolidated freight transportation. The company was incorporated in 1971 and is headquartered in Hamamatsu, Japan.",ok,
10,9039,9039.T,9039.T,"Sakai Moving Service Co.,Ltd.",EQUITY,Industrials,Trucking,https://www.hikkoshi-sakai.co.jp,陸運,物流・海運,"Sakai Moving Service Co.,Ltd. operates moving and transportation business in Japan. The company operates in four segments: Moving; Electrical Construction; Clean Services; and Reuse. The company was formerly known as Sakai Hikkoshi Center and changed its name to Sakai Moving Service Co.,Ltd. in October 1990. The company was incorporated in 1956 and is headquartered in Sakai, Japan.",ok,
10,9040,9040.T,,,,,,,物流 | 陸運,物流・海運,,ok,
10,9041,9041.T,9041.T,"Kintetsu Group Holdings Co.,Ltd.",EQUITY,Industrials,Conglomerates,https://www.kintetsu-g-hd.co.jp,インバウンド | 不動産関連 | 介護関連 | 旅行 | 鉄道関連,内需・消費 | 不動産・建設 | 医療・ヘルスケア | 物流・海運,"Kintetsu Group Holdings Co.,Ltd. engages in the transportation, real estate, logistics, merchandise, hotel, leisure, and other businesses in Japan, the United States, China, and internationally. The company provides railway, bus and taxi, logistics and delivery, marine, ropeway, car rental, and other transportation services. It is also involved in the sale, leasing, and renovation of real estate properties; and mega solar power generation and agricultural businesses, as well as air, sea, and third-party logistics. In addition, the company operates department stores; convenience stores, cafes, drug stores, supermarkets, etc.; and hotels under the Miyako Hotels & Resorts brand name, as well as resorts and leisure facilities. Further, it engages in the tourism; and manufacturing and construction, and other service businesses. The company was formerly known as Kintetsu Corporation and changed its name to Kintetsu Group Holdings Co.,Ltd. in April 2015. Kintetsu Group Holdings Co.,Ltd. was founded in 1910 and is headquartered in Osaka, Japan.",ok,
10,9042,9042.T,9042.T,"Hankyu Hanshin Holdings, Inc.",EQUITY,Industrials,Conglomerates,https://www.hankyu-hanshin.co.jp,不動産関連 | 鉄道関連,不動産・建設 | 物流・海運,"Hankyu Hanshin Holdings, Inc. operates in the urban transportation, real estate, entertainment, information and communication technology, travel, and international transportation businesses in Japan and internationally. The company offers various urban transportation services, such as railways, buses, and taxis; advertising services; and retailing services. It also involved in the development, lease, and administration of commercial facilities and office buildings; ownership and management of hotels. In addition, the company engages in the operation of sports businesses, including HANSHIN Tigers, a professional baseball team; Takarazuka Revue, a theatrical company; Umeda Arts Theater; Billboard, a music brand; and Mt. Rokko, a view spot that provides a range of leisure facilities, including ski slopes, an alpine botanical garden, an observatory, and a museum, as well as the exhibition event platform Rokko Meets Art, which combines the nature and scenery of Mt. Rokko with modern art. Further, the company involved in the provision of information and communications technology services, such as e-commerce and website production, systems development, solutions related to the medical field, and contract services in the development of software; information infrastructure, and optical and wireless high-speed internet services; and wireless IC tags for children, as well as operates ProgLab, a robot-programming classes for children. Additionally, it provides the provision of travel services; and international transportation services, which include logistics solutions, airfreight transport, and maritime cargo transport services. Hankyu Hanshin Holdings, Inc. was incorporated in 1907 and is headquartered in Kita, Japan.",ok,
10,9044,9044.T,9044.T,"NANKAI Co., Ltd.",EQUITY,Real Estate,Real Estate - Development,https://www.nankai.co.jp,インバウンド | 不動産関連 | 介護関連 | 旅行 | 鉄道関連,内需・消費 | 不動産・建設 | 医療・ヘルスケア | 物流・海運,"NANKAI Co., Ltd. operates as a railway company in Japan. It operates through Transportation Business, Real Estate Business, Distribution Business, Leisure and Services Business, Construction Business, and Other Business segment. The Transportation business operates railways, tramways, and buses, as well as ocean freight, cargo transportation, and vehicle maintenance business. The Real Estate business leases commercial and office buildings, condominiums, facilities under elevated railway facilities, parking lots, etc. The Distribution business manages shopping centers, convenience stores, dining and drinking establishments, station stores, lottery stores, and retail stores. The Leisure and Services segment is involved in the travel agency business; rental of motorboat racing facilities; and operates hotels and ryokan Japanese inns. This segment also offers funeral services; building management and maintenance; and other services. The Construction segment involved in the general construction, civil engineering, architecture, and electrical work. The company was formerly known as Nankai Electric Railway Co., Ltd. and changed its name to NANKAI Co., Ltd. in April 2026. NANKAI Co., Ltd. was founded in 1884 and is headquartered in Osaka, Japan.",ok,
10,9045,9045.T,9045.T,"Keihan Holdings Co., Ltd.",EQUITY,Industrials,Conglomerates,https://www.keihan.co.jp,インバウンド | ホテル | マンション関連 | 不動産関連 | 介護関連 | 旅行 | 鉄道関連,内需・消費 | 不動産・建設 | 医療・ヘルスケア | 物流・海運,"Keihan Holdings Co., Ltd. engages in the transportation and various other businesses in Japan. It operates through Transportation, Real Estate Business, Distribution Industry, Leisure Service Industry, and Other Business segments. The Transportation segment is involved in railroad and bus operations. The Real Estate Business segment engages in real estate sales and rentals, and wholesale of building materials, as well as offers surveying and design services. The Distribution Industry segment manages department stores, retail stores, and shopping malls. The Leisure Service Industry segment engages in hotels and sightseeing boats businesses. The Other Business segment is involved in sustainability business. The company was formerly known as Keihan Electric Railway Co., Ltd. Keihan Holdings Co., Ltd. was founded in 1906 and is headquartered in Osaka, Japan.",ok,
10,9046,9046.T,9046.T,"Kobe Electric Railway Co., Ltd.",EQUITY,Industrials,Railroads,https://www.shintetsu.co.jp,不動産関連 | 介護関連 | 鉄道関連,不動産・建設 | 医療・ヘルスケア | 物流・海運,"Kobe Electric Railway Co., Ltd. engages in the railway business in Japan. The company operates 22.5km Arima Line, Minatogawa; 12.0km Mita Line, Arimaguchi; 5.5km Park City Line, Yokoyama; 29.2km Suzurandai Line; and 0.4km Expressway, Minatogawa. It is also involved the real estate, conservation, health, childcare, and nursing care businesses. In addition, the company engages in the food supermarket, bus, operation management contract, taxi, travel, convenience store, advertising agency, financial, construction, facility management, security, and hot spring water supply businesses, as well as offering information system services. Kobe Electric Railway Co., Ltd. was incorporated in 1926 and is based in Kobe, Japan.",ok,
10,9048,9048.T,9048.T,"Nagoya Railroad Co., Ltd.",EQUITY,Industrials,Conglomerates,https://www.meitetsu.co.jp,マンション関連 | 介護関連 | 鉄道関連,不動産・建設 | 医療・ヘルスケア | 物流・海運,"Nagoya Railroad Co., Ltd., together with its subsidiaries, engages in the railroad business in Japan. The company operates through Traffic, Transport, Real Estate, Leisure and Services, Distribution, and Aviation Services segments. The Traffic segment is involved in the railroads, buses, and taxis related businesses. The Transport segment engages in the trucking and maritime transportation activities. The Real Estate segment develops and leases real estate properties, as well as management of buildings and condominiums. The Leisure and Services segment operates hotels, restaurants, and tourist and travel facilities. The Distribution segment operates department stores and convenience stores; and distributes other merchandise. The Aviation Services segment offers general aviation and flight catering services. The company is also involved in the planning, design and construction of electrical equipment, vehicle maintenance for buses, taxis and passenger cars; system development and maintenance; car leasing and car sharing; information processing; insurance agency; and other businesses. The company was founded in 1894 and is headquartered in Nagoya, Japan.",ok,
10,9049,9049.T,9049.T,"Keifuku Electric Railroad Co.,Ltd.",EQUITY,Industrials,Railroads,https://www.keifuku.co.jp,インバウンド | ホテル | 不動産関連 | 鉄道関連,内需・消費 | 不動産・建設 | 物流・海運,"Keifuku Electric Railroad Co.,Ltd. engages in the railway and cableway transportation business in Japan. The company is also involved in selling and leasing of real estate; selling of merchandise; and bus transportation, taxi, hotel, construction, advertising agency, and aquarium businesses. Keifuku Electric Railroad Co.,Ltd. was founded in 1888 and is headquartered in Kyoto, Japan.",ok,
10,9051,9051.T,9051.T,"Senkon Logistics Co., Ltd.",EQUITY,Industrials,Integrated Freight & Logistics,https://www.senkon.co.jp,倉庫 | 太陽光発電関連 | 物流 | 陸運,物流・海運 | GX・エネルギー,"Senkon Logistics Co., Ltd. engages in the provision of various logistics services in Japan. It engages in general freight and light truck transportation; freight transportation handling; air transportation agency; warehousing; customs clearance; agricultural machinery repair; industrial waste collection and transportation; automobile overhaul; insurance agency; real estate leasing; and worker dispatching businesses. The company also undertakes cargo packing and unpacking works; sells new and used cars; and collects and sells and sells rocks, stone, soil, gravel, sand, etc. In addition, it designs, manufactures, sells, rents, and imports/exports logistics equipment and various packaging materials; sells and rents maintenance management and controlled medical equipment; undertakes removal of radioactive contamination works, as well as sells removal equipment; generates and supplies natural energy; and sells power generation equipment. Further, the company engages in the trading of antiques; design, development, maintenance, and sale of computers and peripherals software; wholesale of food, beverages, and daily necessities; selling of civil engineering and construction materials; and production, processing, import, export, and sale of agricultural and fishery products. Additionally, it offers composite materials based on wood, plastic, etc.; and construction, design, supervision of construction and civil engineering work. Senkon Logistics Co., Ltd. was incorporated in 1959 and is headquartered in Sendai, Japan.",ok,
10,9052,9052.T,9052.T,"Sanyo Electric Railway Co.,Ltd.",EQUITY,Industrials,Railroads,https://www.sanyo-railway.co.jp,不動産関連 | 外食 | 鉄道関連,不動産・建設 | 内需・消費 | 物流・海運,"Sanyo Electric Railway Co.,Ltd. engages in transportation and real estate businesses in Japan. The company operates through Transportation Segment; Distribution Industry; Real Estate Business; Rental Service; And Other Segments. It is involved in operating trains, buses, taxis, etc.; sale of products mainly in the department store business; leasing and sale of buildings and land; and restaurant business. The company offers railway information, such as operation information, deferred certificates, diamond search, fare search, timetable search, route map and station information, and information on fares and tickets; outing information, comprises hiking info, vacationers, and escorts; and real estate information, including apartments for rent, commercial facilities and office buildings; parking lot / bicycle parking lot; trunk room, properties and condominium for sale, and recruitment of land for business. Sanyo Electric Railway Co.,Ltd. was founded in 1907 and is headquartered in Akashi, Japan.",ok,
10,9057,9057.T,9057.T,"Enshu Truck Co.,Ltd.",EQUITY,Industrials,Trucking,https://www.enshu-truck.co.jp,倉庫 | 物流 | 陸運,物流・海運,"Enshu Truck Co.,Ltd. provides logistics services in Japan. It is involved in the general freight trucking and freight forwarding; Warehousing; real estate sales, brokerage and leasing; design, construction and contracting of civil engineering and building works; automobile maintenance business; research and development and software sales business related to information processing; industrial waste treatment business; temporary staffing business; and customs clearance business. The company was founded in 1965 and is headquartered in Fukuroi, Japan. Enshu Truck Co.,Ltd. is a subsidiary of The Sumitomo Warehouse Co., Ltd.",ok,
10,9059,9059.T,9059.T,"Kanda Holdings Co.,Ltd.",EQUITY,Industrials,Trucking,https://www.kanda-web.co.jp,物流 | 陸運,物流・海運,"Kanda Holdings Co.,Ltd., through its subsidiaries, operates as a logistics company in Japan and internationally. It engages in the general motor truck transportation, special loading motor truck transportation, light and special motor truck transportation, consigned freight forwarding, and packaging and storage businesses. The company also provides automobile maintenance, security, warehousing, information provision service and consulting, financial leasing, custom brokerage, port and maritime transportation, and proxy driving services. In addition, it is involved in the rental, brokerage, consulting, management, and sale of real estate properties; casualty and life insurance agency businesses; industrial waste collection, transportation, and disposal activities; vehicle operation control, inspection, and maintenance contract works; and contract development, systems consulting, sales, leasing, rental, and brokerage of software and related devices. Further, the company manages dispensing pharmacies, restaurants, and parking lots; generates and sells electricity; and manufactures, sells, imports, and exports automobiles, computers, communication devices, clothing, convenience goods, food products, pharmaceuticals and quasi-drugs, cosmetics, medical equipment, medical consumables, industrial chemicals, pesticides, fuel, air conditioners, kitchen equipment, and sanitary ware products. Additionally, it engages in the civil engineering planning and designing, implementation, and supervision business, as well as decoration and cleaning of structure and additional services. The company was founded in 1943 and is headquartered in Tokyo, Japan.",ok,
10,9060,9060.T,9060.T,Japan Logistic Systems Corp.,EQUITY,Industrials,Trucking,https://www.logitem.co.jp,倉庫 | 物流 | 陸運,物流・海運,"Japan Logistic Systems Corp. operates in cargo vehicle transport, freight forwarding, warehousing, packing and wrapping, and logistics system consulting businesses in Japan and internationally. The company offers logistics operation systems, office and individual relocation, construction-related work, personnel dispatch and subcontracting, and import/export work services; transportation services, including consolidated delivery, modal shift, small-lot delivery, bulk transport, light vehicle transport, and afternoon delivery services; and logistics center services. It also provides logistics center operation services comprising logistics processing, mail-order logistics, outsourced office work, and logistics consulting services, as well as loading/unloading and discharge of various stored goods, and distribution processing for various products. In addition, the company offers real estate leasing services comprising maintenance and management of logistics facilities, and various services for real estates that include rent calculation, operation simulation, and contract procedure services, as well as develops warehouse information systems. Further, it provides property and casualty insurance agency; industrial waste collection and transportation services; and management, brokerage, leasing, and sale of real estate. Additionally, the company engages in the vehicle hire business, international land and intermodal transportation, import and export, and international relocation services; construction-related services; human resource and work contracting; and purchase and sale of office furniture, as well as office and individual relocation business. The company was incorporated in 1944 and is headquartered in Tokyo, Japan.",ok,
10,9063,9063.T,9063.T,"Okayamaken Freight Transportation Co., Ltd.",EQUITY,Industrials,Trucking,https://www.okaken.co.jp,物流 | 陸運,物流・海運,"Okayamaken Freight Transportation Co., Ltd. engages in the freight transportation and forwarding businesses in Japan. The company provides combined delivery, chartered flight, route delivery, pharmaceutical delivery, storage distribution warehouse, reverse logistics, heart moving, international freight forwarding, rail and air transportation, and heart direct delivery services. It also offers warehousing, air transport agency, customs clearance, and industrial waste collection and transportation services. Additionally, the company provides information services, including invoice issuing system, customer service desk, and invoice web delivery services. Okayamaken Freight Transportation Co., Ltd. was founded in 1943 and is headquartered in Okayama, Japan.",ok,
10,9064,9064.T,9064.T,"Yamato Holdings Co., Ltd.",EQUITY,Industrials,Trucking,https://www.yamato-hd.co.jp,クラウドコンピューティング | 宅配 | 物流 | 空飛ぶクルマ | 陸運,デジタル・サービス | 物流・海運 | 自動車・モビリティ,"Yamato Holdings Co., Ltd. provides logistics shipping services in Japan and internationally. It operates through Express Business, Contract logistics Business, Global Business, Mobility Business, and Other segments. The Express Business segment engages in the truck transportation, and chartered roll box pallet transportation businesses, as well as provides home delivery services for individuals and corporate customers. The Contract and logistics Business segment engages in the third party and real estate business. The Global Business segment engages in truck transportation business for corporate customers; planning and operation of logistics centers; and import/export customs clearance, and air transport agency services. The Mobility Business segment engages in automobile maintenance, fuel sales, and non-life insurance agency business. The Other engages in the development and operation management of IT system, call center, and financial services business. Yamato Holdings Co., Ltd. was founded in 1919 and is headquartered in Chuo, Japan.",ok,
10,9065,9065.T,9065.T,Sankyu Inc.,EQUITY,Industrials,Integrated Freight & Logistics,https://www.sankyu.co.jp,物流 | 陸運,物流・海運,"Sankyu Inc. provides logistics services in Japan and internationally. The company offers logistics solutions, such as freight, air freight, international multi-modal transport, and import and export operations; port operations, such as loading and unloading, ship agency business, packaging, port warehouse, and port base information; cargo transportation, environmental logistics, and hospital relocation work; art and event transportation, hazardous materials logistics, and waste transportation; and logistics consulting. It is also involved in plant engineering, procurement, and construction services, as well as steel, chemical, and petrochemical on-site operations. Sankyu Inc. was incorporated in 1917 and is headquartered in Tokyo, Japan.",ok,
10,9068,9068.T,9068.T,"Maruzen Showa Unyu Co., Ltd.",EQUITY,Industrials,Integrated Freight & Logistics,https://www.maruzenshowa.co.jp,陸運,物流・海運,"Maruzen Showa Unyu Co., Ltd. engages in the logistics business in Japan and internationally. It offers intermodal, overseas industrial plant, and international air transport logistics services; handling of import and export cargo, including import- and export-related paperwork and stevedoring; customs clearance services; export packing services; and project planning, coordination, planning, management, on-site work and maintenance for moving factories, and production lines or large machinery engineering services. The company also provides truck transport for specialized and general cargo comprising computers, medical equipment, testing apparatus and other precision equipment; heavy loads, such as construction equipment or construction materials; chemical products and other hazardous materials; moving offices or personal belongings general cargo; and rail transport. In addition, it is involved in storage and logistics processing, and yard operations; and construction, security services, industrial waste disposal, insurance agent, and vehicle maintenance services. The company was incorporated in 1931 and is headquartered in Yokohama, Japan.",ok,
10,9069,9069.T,9069.T,"SENKO Group Holdings Co., Ltd.",EQUITY,Industrials,Integrated Freight & Logistics,https://www.senkogrouphd.co.jp,ホテル | 介護関連 | 物流 | 陸運,内需・消費 | 医療・ヘルスケア | 物流・海運,"SENKO Group Holdings Co., Ltd., together with its subsidiaries, operates as a logistics company worldwide. It operates through Logistics Business; Trading Business; Life Support Business; Business Support Business; and Product Business segments. The company engages in freight trucking, rail transport, maritime transport, and international transport handling, warehousing business; and packaging and transportation of raw materials and finished products. It is also involved in petroleum and commercial sales; paper products and daily necessities sales; and trading business. Additionally, the company offers living support, such as general wholesale and retail store business; nursing care business; elderly care facility management business; and sports facility management, etc. In addition, it provides information processing outsourcing, outsourcing of administrative processing, and call center business. Further, the company engages in manufacture and sales of food, storage, transportation, medicine, and other containers, as well as offering packaging films, synthetic resins, other materials and sheets. The company was formerly known as Senko Co., Ltd. and changed its name to SENKO Group Holdings Co., Ltd. in April 2017. SENKO Group Holdings Co., Ltd. was founded in 1916 and is headquartered in Tokyo, Japan.",ok,
10,9072,9072.T,9072.T,"NIKKON Holdings Co.,Ltd.",EQUITY,Industrials,Integrated Freight & Logistics,https://www.nikkon-hd.co.jp,倉庫 | 物流 | 陸運,物流・海運,"NIKKON Holdings Co.,Ltd. engages in the cargo transportation businesses in Japan and internationally. The company operates through four segments: Transportation, Warehousing, Packaging, and Testing. It transports cargo and products to users, such as automotive parts, housing equipment, and agricultural machinery. The company also provides packaging processing services, including delivery agency and distribution processing of automobile parts, export packaging, and design of packaging specifications, as well as development of packaging materials, such as buckets and trolleys; and installation, assembly, accuracy, operation trying, dismantling, transportation, and integrated domestic and overseas work of machinery and equipment and production lines. In addition, it provides warehouse business, such as auto parts and precision machinery to housing equipment and food. Further, the company offers test support services for four and two-wheeler vehicles, automobile parts, general-purpose products, etc.; waste treatment and collection; customs clearance, vehicle repair, and insurance agency services; engages in the real estate sales and leasing, and brokerage management activities, office relocation and moving, system design/development, information systems, and consulting services; generates solar power; and sells electricity. The company was formerly known as Nippon Konpo Unyu Soko Co., Ltd. and changed its name to NIKKON Holdings Co.,Ltd. in October 2015. NIKKON Holdings Co.,Ltd. was incorporated in 1950 and is headquartered in Tokyo, Japan.",ok,
10,9073,9073.T,9073.T,"Kyogoku unyu shoji Co., Ltd.",EQUITY,Industrials,Trucking,https://www.kyogoku.co.jp,倉庫 | 港湾運送 | 物流 | 陸運,物流・海運,"Kyogoku unyu shoji Co., Ltd. engages in the transportation business in Japan. The company is involved in freight truck transportation; freight forwarding; factory and warehouse on-site cargo handling; sale and repair drums, small cans, and other containers; transportation of petroleum products, chemical products, liquefied gases, etc.; port transportation; and customs brokerage. It also engages in ship agency; warehouse business; temporary staffing services; cargo packaging business; and business related to power generation and electricity sales. The company was founded in 1891 and is headquartered in Tokyo, Japan.",ok,
10,9074,9074.T,9074.T,"Japan Oil Transportation Co., Ltd.",EQUITY,Industrials,Railroads,https://www.jot.co.jp,太陽光発電関連 | 陸運,GX・エネルギー | 物流・海運,"Japan Oil Transportation Co., Ltd. primarily engages in the transportation of liquefied natural gas, petrochemical products, other high-pressure gases, and other related products in Japan and internationally. It operates through oil Transportation business, High-Pressure Gas Transportation business, chemical products and container transportation business, and Asset Management Business segments. It is involved in the railroad tank car and truck transportation of petroleum products, including gasoline and kerosene; and rail container transport. The company also leases various containers; rents and leases railroad-use containers, such as insulated and refrigerated containers; and sale of used containers, as well as engages in the solar power business and rental of properties. Japan Oil Transportation Co., Ltd. was incorporated in 1946 and is based in Tokyo, Japan.",ok,
10,9075,9075.T,9075.T,"Fukuyama Transporting Co., Ltd.",EQUITY,Industrials,Trucking,https://www.fukutsu.co.jp,物流 | 陸運,物流・海運,"Fukuyama Transporting Co., Ltd. operates as a logistics company in Japan, China, Hong Kong, Cambodia, Vietnam, Indonesia, Malaysia and Thailand. It operates through the Transporting, Chartered Transportation Services, Logistics, and International Operations segments. The company offers freight transportation services using approximately 16,000 vehicles that include tractors, trailers, and large and small trucks, sea, rail and air. It also provides warehousing, packaging, and port operations; customs clearance and freight handling; security; staffing; and vehicle maintenance services. In addition, the company operates real estate rental, convenience stores, and insurance and travel agencies. Additionally, it engages in port operations; sports and recreational facilities management; industrial and household waste collection and disposal; printing; agency for liability insurance; life insurance sales promotion; and product sale and sale on consignment businesses. Fukuyama Transporting Co., Ltd. was incorporated in 1948 and is headquartered in Fukuyama, Japan.",ok,
10,9076,9076.T,9076.T,"Seino Holdings Co., Ltd.",EQUITY,Industrials,Trucking,https://www.seino.co.jp,物流 | 陸運,物流・海運,"Seino Holdings Co., Ltd. provides transportation services in Japan and internationally. The company operates through Transportation Services, Automotive Sales Sales, Goods Sales, and Real Estate Leasing Services segments. It offers timed and cash on delivery/settlement services; charter delivery, letter and courier services, bicycle event and transport services, and bin services; and moving, shopping, and logistics services. The company also engages in the sale and repair of trucks, passenger cars, and automobile parts; and provision of shipping and office work support services, and reverse logistics/return management services. In addition, it sells fuel, paper, and paper products, as well as other products; and operates in the information-related services, temporary staffing services, construction contracting, and housing sales, as well as freight forwarding and warehousing business. Further, it offers non-life insurance agency, customs clearance, international multimodal transport business, administrative support services, advertising agencies, taxi services, travel agencies, temporary staffing services, housing sales, and printing services. The company was formerly known as Seino Transportation Co., Ltd. Seino Holdings Co., Ltd. was founded in 1930 and is headquartered in Ogaki, Japan.",ok,
10,9081,9081.T,9081.T,"Kanagawa Chuo Kotsu Co., Ltd.",EQUITY,Industrials,Railroads,https://www.kanachu-ir.jp,自動運転車 | 陸運,自動車・モビリティ | 物流・海運,"Kanagawa Chuo Kotsu Co., Ltd. engages in passenger car transportation, real estate, and automobile sales businesses in Japan. The company is involved in the charter bus and taxi businesses; sale of condominiums, brokerage, buy-and-resell, and rental activities; and sale of trucks and buses, as well as provision of after-sales services for customers in a variety of industries and sectors. It also manages sports clubs and sports schools, golf course, and hot spring facility; sells bus and taxi parts, bus goods, petroleum products, and LPG; offers advertising services; collects, transports, and processes waste; produces grade A PET bottle flakes; automobile maintenance, vehicle inspections and maintenance, and sheet metal work; contract software development; cleaning, security, facility management services for office buildings, and commercial facilities services; installs couplers and container-specific bodies on tractors; outsources accounting services, and operates hotels. Kanagawa Chuo Kotsu Co., Ltd. was incorporated in 1921 and is based in Hiratsuka, Japan.",ok,
10,9082,9082.T,9082.T,"Daiwa Motor Transportation Co., Ltd.",EQUITY,Consumer Cyclical,Auto & Truck Dealerships,https://www.daiwaj.com,マンション関連 | 不動産関連 | 陸運,不動産・建設 | 物流・海運,"Daiwa Motor Transportation Co., Ltd. engages in the passenger car transportation business in Japan. The company operates through Tourists Automobile Transportation Segment, Real Estate Business, Sales Segments, and Service and Maintenance Business segments. The Tourists Automobile Transportation segment is involved in hire and taxi business. The Real Estate Business segment provides real estate buying, selling, rental, and brokerage services; The Sales Segments engages in fuel, material, and metal product sales; and operates service and maintenance business. Daiwa Motor Transportation Co., Ltd. was incorporated in 1939 and is headquartered in Tokyo, Japan.",ok,
10,9083,9083.T,9083.T,"Shinki Bus Co.,Ltd.",EQUITY,Industrials,Integrated Freight & Logistics,https://www.shinkibus.co.jp,MaaS | 不動産関連 | 介護関連 | 陸運,自動車・モビリティ | 不動産・建設 | 医療・ヘルスケア | 物流・海運,"Shinki Bus Co.,Ltd., together with its subsidiaries, provides automobile transportation services in Japan. It operates through Car Transportation, Vehicle Sales and Maintenance, Immovable Properties, Leisure Services, Private Trip, and Others segments. The company offers local and express bus passenger transportation; general passenger transport; postal transport; and general cargo transport services. It also engages in the auto parts and tires, car repair, and insurance agency; insurance agency; land development, building construction, buying and selling of land and buildings, leasing, brokerage and management, and cleaning and security; operation of food and beverage business, including retail sales at highway kiosks, and Tsutaya franchise operations; travel charter services, general charter bus services, and sales of miscellaneous goods. In addition, the company is involved in the operation of cableways; management outsourcing; sale of goods and services, advertising agency services, web services, agriculture, nursing care, and childcare activities. The company was formerly known as Shinki Sogo Jidosha K.K. and changed its name to Shinki Bus Co.,Ltd. in 1972. Shinki Bus Co.,Ltd. was incorporated in 1927 and is headquartered in Himeji, Japan.",ok,
10,9085,9085.T,,,,,,,ホテル | 建設 | 陸運,内需・消費 | 不動産・建設 | 物流・海運,,ok,
10,9087,9087.T,9087.T,Takase Corporation,EQUITY,Industrials,Specialty Business Services,https://www.takase.co.jp,倉庫 | 物流 | 陸運,物流・海運,"Takase Corporation provides logistics services in Japan, China, and the United States. It operates through Comprehensive Logistics Business, Shipping, Distribution Processing Business, and Other segments. The company offers freight forwarding, storage, warehouse operation, and other operational services, as well as the rental of warehouse facilities. It is also involved in transportation business. In addition, the company provides integrated import/export services; customs clearance and handling services; and air transport services. Further, it offers medical equipment and pharmaceutical logistic services, including product receipt, regulatory inspection of products, manufacturing, storage, inventory management, and shipping support services. The company was founded in 1872 and is headquartered in Minato, Japan.",ok,
10,9090,9090.T,9090.T,AZ-COM MARUWA Holdings Inc.,EQUITY,Industrials,Integrated Freight & Logistics,https://www.az-com-maruwa-hd.co.jp,物流 | 陸運,物流・海運,"AZ-COM MARUWA Holdings Inc. provides logistics services in Japan. The company's 3PL services include low and normal temperature food, pharmaceutical and medical, and room temperature logistics services. It also involved in the transportation, storage to disposal of documents; and provision of document management, warehousing, and real estate leasing supporting services. The company was formerly known as Maruwa Unyu Kikan Co.,Ltd. AZ-COM MARUWA Holdings Inc. was founded in 1970 and is headquartered in Yoshikawa, Japan.",ok,
10,9101,9101.T,郵船,Nippon Yusen Kabushiki Kaisha,EQUITY,Industrials,Marine Shipping,https://www.nyk.com,アンモニア | データセンター | 円安メリット | 海運,GX・エネルギー | データセンター・電力 | 内需・消費 | 物流・海運,"Nippon Yusen Kabushiki Kaisha, together with its subsidiaries, provides logistics services in Japan, North America, Europe, Asia, and internationally. The company offers container ships transport, port cargo handling, and ship agency services; and operates container terminals and tugboats. It also provides logistics services, including land transportation by truck and rail, customs clearance, and ocean and air freight forwarding services; supply chain management services comprising collection, storage, inspection, sorting, labeling, repackaging, delivery to specified destinations, and management and IT-based information management services; and transporting of completed vehicles, construction and heavy machinery, and used vehicles. In addition, the company is involved in the provision of dry bulk services; and energy transportation of products, such as crude oil, petroleum products, chemicals, liquefied petroleum gas, liquefied natural gas, coal, seismic survey vessels, drill ships, floating production storage and offloading units, and shuttle tankers for the upstream and midstream sectors. Further, it engages in operating cruise business; and renting out office buildings and residential properties. Nippon Yusen Kabushiki Kaisha was incorporated in 1885 and is headquartered in Chiyoda, Japan.",ok,
10,9104,9104.T,9104.T,"Mitsui O.S.K. Lines, Ltd.",EQUITY,Industrials,Marine Shipping,https://www.mol.co.jp,アンモニア | 円安メリット | 海運,GX・エネルギー | 内需・消費 | 物流・海運,"Mitsui O.S.K. Lines, Ltd., together with its subsidiaries, provides maritime cargo transport and ship chartering services in Japan, North America, Europe, Singapore, and internationally. It operates through Dry Bulk Business; Energy Business; Container Ship Business; Automobile Transport, Port, and Logistics Business; Ferry/Domestic RORO Ship Business/Cruise Business; Real Estate Business; and Related Businesses segments. The company engages in the dry bulk shipping of raw materials, including iron ore, coal, wood chips, and biomass fuels, as well as intermediate goods and finished products, such as fertilizers, grain, cement, salt, and steel products; owning and operation of oil tankers and liquified gas and liquefied natural gas carriers, as well as carbon solutions, LNG infrastructure, offshore, and offshore wind power energy businesses; and owning and operation of container ships, as well as ocean transportation and onshore storage. It also provides product transport services comprising containership under the Ocean Network Express brand; car carrier under the Auto Carrier Express brand; container terminal management; and logistics services, which include air and ocean freight forwarding, trucking, customs clearance, warehousing, and buyers' consolidation. In addition, the company is involved in land and office building leasing, as well as building management; and owning and operation of ferries and coastal RoRo vessels, as well as cruise ships. Further, it engages in associated businesses, such as tugboat operations; maritime consulting comprising assessment of marine navigation safety, ship mooring, and port function evaluation, as well as investigation of maritime policies; and Global HR consulting, including human resources services, training and development programs, web design and development services, and operation of a matching platform for companies under the Sunrise brand. The company was founded in 1884 and is headquartered in Minato, Japan.",ok,
10,9107,9107.T,9107.T,"Kawasaki Kisen Kaisha, Ltd.",EQUITY,Industrials,Marine Shipping,https://www.kline.co.jp,円安メリット | 海運,内需・消費 | 物流・海運,"Kawasaki Kisen Kaisha, Ltd. engages in the provision of marine, land, and air transportation services in Japan, the United States, Europe, Asia, and internationally. It offers dry bulk carrier, car carrier, liquefied natural gas carrier, crude oil and product, containerships, and liquefied gas business. The company also engages in the offshore and energy development business. In addition, it operates container terminals; and offers warehousing and cargo consolidation services. Kawasaki Kisen Kaisha, Ltd. was founded in 1919 and is headquartered in Tokyo, Japan.",ok,
10,9110,9110.T,9110.T,"NS United Kaiun Kaisha, Ltd.",EQUITY,Industrials,Marine Shipping,https://www.nsuship.co.jp,円安メリット | 海運,内需・消費 | 物流・海運,"NS United Kaiun Kaisha, Ltd., together with its subsidiaries, engages in the marine transportation services and related business in Japan and internationally. The company operates in two segments, International Shipping Business and Domestic Shipping Business. The International Shipping Business segment provides transportation of materials including iron ores, coking coals, steel products, and nonferrous metal ores by bulk carriers; transportation of LPG and other petroleum products by tankers; and vessel leasing, as well as energy resources transport services; and tramp chartering services. The Domestic Shipping Business segments engages in the transportation of materials comprising steel products, limestone, and cement by bulk carriers in domestic water areas; transportation of LPG, LNG, and other petroleum products by tankers; and vessel leasing. As of June 25, 2026, the company operated a fleet of 130 ocean going and 81 coastal vessels. NS United Kaiun Kaisha, Ltd. was incorporated in 1950 and is headquartered in Tokyo, Japan.",ok,
10,9115,9115.T,9115.T,"Meiji Shipping Group Co., Ltd.",EQUITY,Industrials,Integrated Freight & Logistics,https://www.meiji-group.com,ホテル | 介護関連 | 円安メリット | 海運,内需・消費 | 医療・ヘルスケア | 物流・海運,"Meiji Shipping Group Co., Ltd., through its subsidiaries, engages in the maritime business in Japan and internationally. The company operates through three segments: Ocean Shipping Business, Hotel-Related Business, and Real Estate Rental Business. It owns crude and product oil, methanol, and chemical tankers, as well as LNG, LPG, car, container, chip, and bulk carriers that are operated under time charter parties with shipping companies. The company also offers ship management, crew manning, supervision of new shipbuilding construction, etc. In addition, it develops hotels, golf courses, and restaurants; and engages in the development office building, housing rental, insurance agency business, nursery school business, nursing home business and other properties. The company was formerly known as Meiji Shipping Co., Ltd. and changed its name to Meiji Shipping Group Co., Ltd. in October 2023. Meiji Shipping Group Co., Ltd. was incorporated in 1911 and is headquartered in Kobe, Japan.",ok,
10,9119,9119.T,9119.T,"Iino Kaiun Kaisha, Ltd.",EQUITY,Industrials,Marine Shipping,https://www.iino.co.jp,アンモニア | 円安メリット | 太陽光発電関連 | 海運,GX・エネルギー | 内需・消費 | 物流・海運,"Iino Kaiun Kaisha, Ltd. engages in the shipping and real estate businesses in Japan, Saudi Arabia, and internationally. The company operates through: Overseas Shipping, Domestic and Coastal Shipping, and Real Estate Business segments. The company operates oil tankers, including very large crude carriers(VLCCs) for the transport of crude oil and petroleum products; chemical tankers to transport liquid cargoes, such as petrochemical products, methanol, sulfuric acid, vegetable oil, ethanol, and lubricating oils; fleet of large and domestic gas carriers that transport liquefied gases comprising liquefied petroleum gas (LPG) and liquefied natural gas(LNG); medium and small gas carriers to transport LPG, vinyl chloride monomer(VCM), propylene; and dry bulk carriers to transport coal for electric power generation, coking coal, grains, wood chips for paper production, fertilizers, wood biomass fuel, and construction materials. It also offers real estate service; hall and conference center management; event space; and shipping agency services. In addition, the company provides photography studios and support for advertisers and magazine publishers. Iino Kaiun Kaisha, Ltd. was founded in 1899 and is headquartered in Chiyoda, Japan.",ok,
10,9127,9127.T,9127.T,"Tamai Steamship Co., Ltd.",EQUITY,Industrials,Marine Shipping,https://www.tamaiship.co.jp,アルミニウム | 海運,資源・素材 | 物流・海運,"Tamai Steamship Co., Ltd. operates as a logistics company in Japan. The company is involved in foreign shipping industry; and provision of ocean-going tramp services and coastal services. It also engages in real estate leasing; and apartment buildings for rental. The company was founded in 1929 and is headquartered in Minato, Japan.",ok,
10,9130,9130.T,9130.T,"Kyoei Tanker Co., Ltd.",EQUITY,Industrials,Marine Shipping,https://www.kyoeitanker.co.jp,円安メリット | 海運,内需・消費 | 物流・海運,"Kyoei Tanker Co., Ltd. engages in ship operation and ship chartering businesses in Japan. It is also involved in shipping agency and brokerage, seamen's and worker dispatch, and non-life insurance agency, as well as real-estate, building lease, and estate agency businesses; purchase and sale of ship's stores and brokering; purchase and sale of ship; and sale of petroleum and petroleum products. In addition, the company provides shipping, worker dispatch, and warehousing services; and loan, collateralizing, and investments. Kyoei Tanker Co., Ltd. was founded in 1937 and is headquartered in Tokyo, Japan.",ok,
10,9142,9142.T,9142.T,Kyushu Railway Company,EQUITY,Industrials,Conglomerates,https://www.jrkyushu.co.jp,インバウンド | ホテル | 外食 | 建設 | 旅行 | 鉄道関連,内需・消費 | 不動産・建設 | 物流・海運,"Kyushu Railway Company engages in the railway business in Japan. The company operates through five segments: Transportation Services, Construction, Real Estate & Hotels, Retail & Food Service, and Business Services. The Transportation segment involved in railway and bus businesses, including shared, highway, and chartered bus business. The Construction segment offers construction, vehicle equipment and machinery-related operations, electrical work, civil engineering, railways maintenance, and construction consulting services, as well as engages in public and private construction business. The Real Estate and Hotels segment leases station buildings and other real estate; sells condominiums and other properties; and conducts hotel operations, etc. The Retail and Restaurant segment involved in retail, restaurant, and agriculture businesses, as well as operates Meihingura specialist souvenir shops and FamilyMart convenience stores. The Business Services segment sales, maintains, and rents construction machinery, such as diesel engines, generators, etc., as well as involved in wholesaling, cleaning, advertising, system-related, and other businesses. It also provides passenger railway, ferry, travel agency, parking, property management, and non-life and other insurance services; and retail sales of travel goods, food and drink, pharmaceuticals, etc. Kyushu Railway Company was incorporated in 1987 and is headquartered in Fukuoka City, Japan.",ok,
10,9143,9143.T,9143.T,"SG Holdings Co.,Ltd.",EQUITY,Industrials,Integrated Freight & Logistics,https://www.sg-hldgs.co.jp,宅配 | 物流 | 陸運,物流・海運,"SG Holdings Co.,Ltd., through its subsidiaries, engages in the delivery, logistics, real estate, and other businesses in Japan and internationally. It provides delivery business, such as assembly and installation of furniture, home appliances and other goods, and shipment of specialty items; logistics solutions, including warehouse storage, needle and product inspection, and logistics processing to sea, air, and land transport, including international transport, customs clearance, and regional transport and delivery services. The company also operates, manages, and leases real estate facilities; and generates solar power. In addition, it develops, operates, and maintains IT systems; operates temporary staffing business; and operates casualty insurance agency for transport operations and truck fuel sales, as well as car maintenance and system sales and maintenance. SG Holdings Co.,Ltd. was founded in 1957 and is headquartered in Kyoto, Japan.",ok,
10,9145,9145.T,9145.T,"Being Holdings Co., Ltd.",EQUITY,Industrials,Integrated Freight & Logistics,https://being-group.jp,不動産関連 | 保険 | 倉庫 | 物流,不動産・建設 | 金融・金利 | 物流・海運,"Being Holdings Co., Ltd., together with its subsidiaries, operates as a logistics and transportation company in Japan. It operates through Logistics Business and Others segments. The company offers third-party logistics services, including transportation, storage, packaging, handling, distribution, processing, and information system development, as well as logistics consulting services. It also provides passenger transportation services, including ride-hailing services. In addition, the company operates taxis, charter buses, chartered sightseeing taxis, VIP and wedding hire cars, and location buses. Further, it offers travel services; maintenance, customization, and support services for information systems; insurance agency services; vehicle inspection and general maintenance services for light vehicles and cargo trucks; consultation services for purchasing new and used cars; gas stations; and leasing services for logistics centers and other real estate properties. Being Holdings Co., Ltd. was incorporated in 1986 and is headquartered in Kanazawa, Japan.",ok,
10,9147,9147.T,9147.T,"Nippon Express Holdings, Inc.",EQUITY,Industrials,Integrated Freight & Logistics,https://www.nipponexpress-holdings.com,物流 | 陸運,物流・海運,"Nippon Express Holdings, Inc., together with its subsidiaries, provides logistics services in Japan, the Americas, Europe, East Asia, South Asia, and Oceania. The company offers railway forwarding, motor cargo transportation, air freight forwarding, harbor transportation, warehousing, in-factory work, information asset management, and real estate rental services; and heavy haulage and construction. It also involved in the provision of security guard services; sale of distribution equipment, wrapping and packaging materials, vehicles, petroleum, and liquefied petroleum gas; vehicle maintenance; insurance agency; mediation; planning, designing and management of real estate properties; investigation and research; logistics finance; and employee dispatching business. The company was formerly known as Nippon Express Co., Ltd. and changed its name to Nippon Express Holdings, Inc. in January 2022. Nippon Express Holdings, Inc. was founded in 1872 and is headquartered in Tokyo, Japan.",ok,
10,9158,9158.T,9158.T,CUC Inc.,EQUITY,Healthcare,Medical Care Facilities,https://www.cuc-jpn.com,ホームヘルスケア | 不動産関連 | 介護関連,医療・ヘルスケア | 不動産・建設,"CUC Inc. offers healthcare services in Japan and internationally. It provides medical institution operations support, including strategic, administrative, marketing, HR/recruiting, and procurement support, as well as support for IT, accounting, general affairs, etc.; medical institution revenue growth assistance services, such as M and A, post-merger integration, hospital bed conversion, and clinic launches; and medical institution cost optimization support. The company also provides meals to hospitals, welfare facilities, and hospice facilities; and leases and maintains real estate for medical institutions. In addition, it operates a hospice specializing in care for people in the terminal stages of cancer or with intractable diseases, as well as a home nursing and care business under the ReHOPE brand name. Further, the company offers home nursing; day service; in-home nursing care support; and in-home clinical trials and in-home monitoring services. The company provides its support service to in-home, hospital, dialysis, and outpatient care. The company was incorporated in 2014 and is based in Minato, Japan. CUC Inc. is a subsidiary of M3 Inc.",ok,
10,9159,9159.T,9159.T,W TOKYO Inc.,EQUITY,Communication Services,Advertising Agencies,https://w-tokyo.co.jp,サブスクリプション,デジタル・サービス,"W TOKYO Inc. engages in the branding and content production businesses in Japan. The company provides event and promotion services under the Tokyo Girls Collection brand. It also operates digital platforms, such as Affiliate Walker, an affiliate platform; and girlswalker, a TGC official media, as well as provides other digital advertising services. W TOKYO Inc. was incorporated in 2015 and is headquartered in Tokyo, Japan.",ok,
10,9160,9160.T,9160.T,"ON THE PAGE, Inc.",EQUITY,Consumer Cyclical,Personal Services,https://onthepage.jp,eコマース,内需・消費,"ON THE PAGE, Inc. engages in the bridal business in Japan and internationally. The company offers wedding-related services, including venue guidance, wedding day planning, food and gift selection, and day management. It also operates in-house produced facilities under the MONOLITH, AMANDAN, RENOVATION, and KIRANAH RESORT brand names; dress shops that sells and rents wedding dresses, tuxedos, and japanese attire under the NOVARESE and ecruspose brands; restaurants that provides food and drinks for weddings and banquets, as well as planning and advice for afterparties and banquet; and WEDO, a system that supports wedding preparations. In addition, the company offers bridal business consulting and m&a, utilization of unclosed/unused facilities, market and BPR consulting, and item partnerships, as well as education, training, and recruitment consulting services for venue managers, financial institutions, and recruitment and training managers. Further, it involved in photography and video business; flower arrangement business; party dress rental business under the ANDYOU DRESSING ROOM name; advertising agency business; overseas wedding business; and provision of legal consultation services for the bridal industry, as well as operates recruitment agency. The company was formerly known as Novarese, Inc. and changed its name to ON THE PAGE, Inc. in April 2026. ON THE PAGE, Inc. was founded in 2000 and is headquartered in Chuo, Japan.",ok,
10,9163,9163.T,9163.T,Nareru Group Inc.,EQUITY,Industrials,Engineering & Construction,https://www.nareru-group.co.jp,デジタルトランスフォーメーション | 建設,デジタル・サービス | 不動産・建設,"Nareru Group Inc., together with its subsidiaries, provides engineer outsourcing services for the construction industry in Japan. The company offers engineer dispatching services, construction DX consulting, architectural drawing for the construction and plant industries; and recruitment services, as well as operates a human resource matching platform. It also dispatches engineers for the IT industry and offers system engineering services. The company was founded in 2008 and is headquartered in Tokyo, Japan.",ok,
10,9165,9165.T,クオルテック,"Qualtec Co.,Ltd.",EQUITY,Industrials,Specialty Business Services,https://www.qualtec.co.jp,全固体電池 | 半導体部材・部品 | 電気自動車関連,自動車・モビリティ | AI・半導体,"Qualtec Co.,Ltd. engages in the defect analysis and reliability testing of electronic components in Japan. It operates through Reliability Evaluation Business and Microfabrication Business segments. The company offers microfabrication on laser processing and surface treatment plating technologies. It also provides reliability evaluation tests, such as environmental tests, electrical tests, and vibration tests for electronic components, failure analysis of defective products, cross-sectional sample preparation, package resin opening, and manufacturing and sales of testing machines. In addition, the company performs prototype and mass production laser processing for build-up boards, flexible printed circuit boards, etc., as well as genetic testing services for detecting gene mutations causing genetic diseases in dogs and cats, as well as contract testing services for bio-medical products, such as packaging materials and syringes. Further, it offers various consulting services. Qualtec Co.,Ltd. was incorporated in 1993 and is headquartered in Sakai, Japan.",ok,
10,9166,9166.T,9166.T,GENDA Inc.,EQUITY,Consumer Cyclical,Leisure,https://genda.jp,ゲーム関連,デジタル・サービス,"GENDA Inc., through its subsidiaries, operates It operates amusement arcades, such as GiGO and the karaoke chain BanBan in North America, mainland China, Hong Kong, Taiwan, the United Kingdom, Vietnam, the Netherlands, Canada, and Singapore. The company operates through the Entertainment Platform Business and Entertainment Content Business segments. It also engages in tourism; character merchandising; food and beverage; and content and promotion, including movies and interactive content businesses. The company was founded in 2018 and is headquartered in Tokyo, Japan.",ok,
10,9168,9168.T,9168.T,"Rise Consulting Group, Inc.",EQUITY,Industrials,Consulting Services,https://www.rise-cg.co.jp,デジタルトランスフォーメーション | フィンテック,デジタル・サービス | 金融・金利,"Rise Consulting Group, Inc. engages in the consulting business in Japan. The company offers business strategy, business improvement and organizational development, digital technology, and marketing and CX services. Rise Consulting Group, Inc. was founded in 2010 and is headquartered in Tokyo, Japan.",ok,
10,9170,9170.T,,,,,,,下水道 | 建設 | 水道関連,防衛・国土強靱化 | 不動産・建設,,ok,
10,9171,9171.T,9171.T,"Kuribayashi Steamship Co., Ltd.",EQUITY,Industrials,Marine Shipping,https://www.kuribayashishosen.com,ホテル | 海運 | 陸運,内需・消費 | 物流・海運,"Kuribayashi Steamship Co., Ltd. engages in the marine transportation business in Japan and internationally. The company operates through four segments: Shipping Business, Hotel Business, Real Estate Business, and Other Businesses. It transports paper products, cast and forged steel products, starch, as well as handles plants, feed, ammonium sulfur, wastepaper, etc. The company also provides land and sea integrated transportation services, including loading and unloading of cargos, and collection and delivery of cargos; tugboats and barges that transport oil refinery pressure vessels for refineries and blades for wind farms; and wholesale of fruits and vegetables. In addition, it is involved in the ferry, hotel, and ship operation businesses. Further, the company leases real estate properties, such as stores. Kuribayashi Steamship Co., Ltd. was founded in 1894 and is headquartered in Tokyo, Japan.",ok,
10,9173,9173.T,9173.T,"Tokai Kisen Co., Ltd.",EQUITY,Industrials,Marine Shipping,https://www.tokaikisen.co.jp,ホテル | 旅行 | 海運,内需・消費 | 物流・海運,"Tokai Kisen Co., Ltd., together with its subsidiaries, engages in the marine shipping businesses in Japan. It operates through Shipping Related Business; Trading Food and Beverage Business; Hotel Business; and Passenger Car Transportation Business segments. The company operates regular passenger and cargo routes; tours; restaurants; hotels, and buses. It also engages in shipping agency; repair and maintenance of jetfoil hulls and engines; sale of food and beverages on board ships and in passenger waiting rooms; supply of daily necessities and construction materials; and automobile maintenance services. Tokai Kisen Co., Ltd. was incorporated in 1889 and is headquartered in Minato, Japan.",ok,
10,9193,9193.T,9193.T,"Tokyo Kisen Co.,Ltd.",EQUITY,Industrials,Marine Shipping,https://www.tokyokisen.co.jp,旅行 | 海運 | 防災,内需・消費 | 物流・海運 | 防衛・国土強靱化,"Tokyo Kisen Co.,Ltd. engages in the tugboat business in Japan and internationally. It operates through Tugboat, Passenger Ship, and Maritime-related Business segments. The company provides harbor tug services; escort tug services; emergency support and disaster prevention services; domestic and international tugboat network; offshore wind power transport vessel business; and logistics support to maritime industry, as well as provides car ferry services and store and restaurant business. It is also involved in workboat services such as mooring vessels and patrol boats; and pilot boat operation, ship chartering business, and related businesses. The company was incorporated in 1947 and is headquartered in Yokohama-shi, Japan.",ok,
10,9201,9201.T,ＪＡＬ,"Japan Airlines Co., Ltd.",EQUITY,Industrials,Airlines,https://www.jal.com/en,インバウンド | 円高メリット | 旅行 | 空飛ぶクルマ | 航空,内需・消費 | 自動車・モビリティ | 物流・海運,"Japan Airlines Co., Ltd., together with its subsidiaries, provides scheduled and non-scheduled air transport services in Japan, Asia, Oceania, the United States, and Europe. It engages in full-service and low-cost carrier, and cargo and mail; air transport-related businesses, such as airport passenger service, ground handling, maintenance, cargo, and passenger sales; and airport peripheral businesses, such as baggage delivery and smartphone rental services, as well as offers in-flight meals. The company is also involved in the air mobility; contract; travel and regional revitalization; and other businesses. As of March 31, 2026, it operated a fleet of 234 aircrafts. The company was formerly known as Japan Airlines International Co., Ltd. and changed its name to Japan Airlines Co., Ltd. in April 2011. Japan Airlines Co., Ltd. was founded in 1951 and is headquartered in Shinagawa, Japan.",ok,
10,9202,9202.T,ＡＮＡＨＤ,ANA Holdings Inc.,EQUITY,Industrials,Airlines,https://www.ana.co.jp,インバウンド | ドローン | 円高メリット | 旅行 | 空飛ぶクルマ | 航空,内需・消費 | 防衛・国土強靱化 | 自動車・モビリティ | 物流・海運,"ANA Holdings Inc., together with its subsidiaries, provides air transportation services in Japan and internationally. The company operates through Air Transportation, Airline Related, Travel Services, and Trade and Retail segments. Its Air Transportation segment offers domestic and international passenger, cargo and mail, and other transportation services. The Airline Related segment provides air transportation-related services, such as airport passenger and ground handling, and maintenance services. Its Travel Services segment develops and sells travel plans, as well as conducts planning and sales of branded travel packages using air transportation. The Trade and Retail segment engages in the import and export operations of goods related to air transportation and is involved in in-store and non-store retailing. The company was formerly known as All Nippon Airways Co., Ltd. and changed its name to ANA Holdings Inc. in April 2013. ANA Holdings Inc. was incorporated in 1920 and is headquartered in Minato, Japan.",ok,
10,9204,9204.T,9204.T,Skymark Airlines Inc.,EQUITY,Industrials,Airports & Air Services,https://www.skymark.co.jp,旅行 | 航空,内需・消費 | 物流・海運,"Skymark Airlines Inc. provides scheduled and non-scheduled air transportation services in Japan. It also offers services, including seating, seat assignment, baggage checking, and drink services and in-flight sales. In addition, the company provides support at the airport and on board for elderly, disabled, and injured customers, as well as children. Further, it engages in the passenger transportation related, and adverting and promotion businesses; and training equipment rental business, which includes flight simulators and aircraft ground handling vehicles. Skymark Airlines Inc. was incorporated in 1996 and is headquartered in Ota, Japan.",ok,
10,9206,9206.T,9206.T,Star Flyer Inc.,EQUITY,Industrials,Airlines,https://www.starflyer.jp,旅行 | 航空,内需・消費 | 物流・海運,"Star Flyer Inc. provides air transportation services in Japan and internationally. The company offers passenger handling services, such as ticketing, boarding guidance, and baggage storage for airline passengers; and ground handling services comprising aircraft takeoff and landing guidance, aircraft monitoring, baggage handling, and cargo loading and unloading. It is also involved in call center operations, such as accepting reservations for its flights; and contracted airport handling operations, education and training services, advertising, product sales, and facility rental businesses. The company was formerly knowns as Kobe Airlines Co., Ltd. and changed its name to Star Flyer Inc. in May 2003. Star Flyer Inc. incorporated in 2002 and is headquartered in Kitakyushu, Japan.",ok,
