batch,stock_code,long_name,theme_name,cluster,current_business_score,growth_relevance_score,relevance_score,band,confidence,review_flag,evidence,official_hits,official_hit_count,official_position,official_urls,quote_type,sector,industry,website
3,3266,Fund Creation Group Company Limited,不動産ファンド,不動産・建設,42,40,41,補助関連,C,needs_review,adjacent=asset management; growth=investment,,0,,https://www.fc-group.co.jp,EQUITY,Financial Services,Asset Management,https://www.fc-group.co.jp
3,3266,Fund Creation Group Company Limited,不動産関連,不動産・建設,42,40,41,補助関連,C,needs_review,adjacent=real estate; growth=investment,,0,,https://www.fc-group.co.jp,EQUITY,Financial Services,Asset Management,https://www.fc-group.co.jp
3,3266,Fund Creation Group Company Limited,再生可能エネルギー,GX・エネルギー,42,40,41,補助関連,C,needs_review,adjacent=solar power; growth=investment,,0,,https://www.fc-group.co.jp,EQUITY,Financial Services,Asset Management,https://www.fc-group.co.jp
3,3266,Fund Creation Group Company Limited,太陽光発電関連,GX・エネルギー,86,88,87,主力テーマ,A,ok,direct=solar power; position=0.35; growth=investment,,0,,https://www.fc-group.co.jp,EQUITY,Financial Services,Asset Management,https://www.fc-group.co.jp
3,3267,"Phil Company, Inc.",建設,不動産・建設,90,82,88,主力テーマ,A,ok,industry=Engineering & Construction; adjacent=construction,,0,,https://philcompany.jp | https://philcompany.jp/company/ | https://philcompany.jp/business/,EQUITY,Industrials,Engineering & Construction,https://philcompany.jp
3,3276,"Japan Property Management Center Co.,Ltd.",不動産関連,不動産・建設,90,82,88,主力テーマ,A,ok,industry=Real Estate Services; adjacent=real estate/property management; official=不動産; count=2; pos=0.54,不動産,2,0.5388,https://www.jpmc.jp | https://www.jpmc.jp/product | https://www.jpmc.jp/company,EQUITY,Real Estate,Real Estate Services,https://www.jpmc.jp
3,3277,"Sansei Landic Co.,Ltd",不動産関連,不動産・建設,94,86,92,主力テーマ,A,ok,industry=Real Estate Services; direct=real estate business; position=0.06; official=不動産; count=45; pos=0.00,不動産,45,0.0043,https://www.sansei-l.co.jp | https://www.sansei-l.co.jp/service/ | https://www.sansei-l.co.jp/company/profile/,EQUITY,Real Estate,Real Estate Services,https://www.sansei-l.co.jp
3,3280,"STrust Co.,Ltd.",マンション関連,不動産・建設,92,90,91,主力テーマ,A,ok,direct=condominium; position=0.31; growth=develops; official=マンション; count=21; pos=0.03,マンション,21,0.0261,https://www.strust.co.jp | https://www.strust.co.jp/corporate | https://www.strust.co.jp/corporate/outline,EQUITY,Real Estate,Real Estate - Diversified,https://www.strust.co.jp
3,3280,"STrust Co.,Ltd.",不動産関連,不動産・建設,94,96,95,主力テーマ,A,ok,industry=Real Estate - Diversified; direct=real estate business; position=0.04; growth=develops; official=不動産; count=24; pos=0.03,不動産,24,0.0289,https://www.strust.co.jp | https://www.strust.co.jp/corporate | https://www.strust.co.jp/corporate/outline,EQUITY,Real Estate,Real Estate - Diversified,https://www.strust.co.jp
3,3283,"Nippon Prologis REIT, Inc.",物流,物流・海運,42,42,42,補助関連,C,needs_review,adjacent=logistics; growth=strategic/investment,,0,,https://www.prologis-reit.co.jp,EQUITY,Real Estate,REIT - Industrial,https://www.prologis-reit.co.jp
3,3284,"Hoosiers Holdings Co., Ltd.",ホテル,内需・消費,58,58,58,補助関連,C,needs_review,direct=hotel management; position=0.74; growth=development/investment,,0,,https://www.hoosiers.co.jp | https://www.hoosiers.co.jp/company/,EQUITY,Consumer Cyclical,Residential Construction,https://www.hoosiers.co.jp
3,3284,"Hoosiers Holdings Co., Ltd.",マンション関連,不動産・建設,86,90,87,主力テーマ,A,ok,direct=condominium; position=0.22; growth=development/investment,,0,,https://www.hoosiers.co.jp | https://www.hoosiers.co.jp/company/,EQUITY,Consumer Cyclical,Residential Construction,https://www.hoosiers.co.jp
3,3284,"Hoosiers Holdings Co., Ltd.",不動産ファンド,不動産・建設,82,86,83,主力テーマ,B,ok,direct=reit; position=0.48; growth=development/investment,,0,,https://www.hoosiers.co.jp | https://www.hoosiers.co.jp/company/,EQUITY,Consumer Cyclical,Residential Construction,https://www.hoosiers.co.jp
3,3284,"Hoosiers Holdings Co., Ltd.",不動産関連,不動産・建設,42,42,42,補助関連,C,needs_review,adjacent=real estate; growth=development/investment,,0,,https://www.hoosiers.co.jp | https://www.hoosiers.co.jp/company/,EQUITY,Consumer Cyclical,Residential Construction,https://www.hoosiers.co.jp
3,3284,"Hoosiers Holdings Co., Ltd.",住宅関連,不動産・建設,94,98,95,主力テーマ,A,ok,industry=Residential Construction; direct=residential construction; growth=development/investment,,0,,https://www.hoosiers.co.jp | https://www.hoosiers.co.jp/company/,EQUITY,Consumer Cyclical,Residential Construction,https://www.hoosiers.co.jp
3,3286,TRUST Holdings Inc.,不動産関連,不動産・建設,92,94,93,主力テーマ,A,ok,direct=real estate business; position=0.06; growth=develops,,0,,https://www.trust-hd.co.jp,EQUITY,Industrials,Specialty Business Services,https://www.trust-hd.co.jp
3,3287,"Hoshino Resorts REIT, Inc.",インバウンド,内需・消費,46,44,45,補助関連,C,needs_review_macro,adjacent=tourism/hotel; growth=investment,,0,,https://www.hoshinoresorts-reit.com,EQUITY,Real Estate,REIT - Hotel & Motel,https://www.hoshinoresorts-reit.com
3,3287,"Hoshino Resorts REIT, Inc.",ホテル,内需・消費,42,40,41,補助関連,C,needs_review,adjacent=hotel; growth=investment,,0,,https://www.hoshinoresorts-reit.com,EQUITY,Real Estate,REIT - Hotel & Motel,https://www.hoshinoresorts-reit.com
3,3287,"Hoshino Resorts REIT, Inc.",再開発,不動産・建設,8,5,7,ノイズ候補,C,needs_review,事業概要に直接根拠を確認できず,,0,,https://www.hoshinoresorts-reit.com,EQUITY,Real Estate,REIT - Hotel & Motel,https://www.hoshinoresorts-reit.com
3,3288,"Open House Group Co., Ltd.",不動産関連,不動産・建設,94,98,95,主力テーマ,A,ok,industry=Real Estate - Diversified; direct=real estate business; position=0.08; growth=develops/investment; official=不動産; count=14; pos=0.29,不動産,14,0.2864,https://oh.openhouse-group.com | https://oh.openhouse-group.com/company/ | https://oh.openhouse-group.com/company/about/,EQUITY,Real Estate,Real Estate - Diversified,https://oh.openhouse-group.com
3,3288,"Open House Group Co., Ltd.",住宅関連,不動産・建設,72,68,71,有力関連,B,needs_review,事業概要に直接根拠を確認できず; official=住宅; count=12; pos=0.13,住宅,12,0.1288,https://oh.openhouse-group.com | https://oh.openhouse-group.com/company/ | https://oh.openhouse-group.com/company/about/,EQUITY,Real Estate,Real Estate - Diversified,https://oh.openhouse-group.com
3,3289,Tokyu Fudosan Holdings Corporation,データセンター,データセンター・電力,8,5,7,ノイズ候補,C,needs_review,事業概要に直接根拠を確認できず,,0,,https://www.tokyu-fudosan-hd.co.jp,EQUITY,Real Estate,Real Estate - Diversified,https://www.tokyu-fudosan-hd.co.jp
3,3289,Tokyu Fudosan Holdings Corporation,ホテル,内需・消費,42,44,43,補助関連,C,needs_review,adjacent=hotel; growth=development/strategic,,0,,https://www.tokyu-fudosan-hd.co.jp,EQUITY,Real Estate,Real Estate - Diversified,https://www.tokyu-fudosan-hd.co.jp
3,3289,Tokyu Fudosan Holdings Corporation,マンション関連,不動産・建設,82,88,84,主力テーマ,B,ok,direct=condominium; position=0.46; growth=development/strategic,,0,,https://www.tokyu-fudosan-hd.co.jp,EQUITY,Real Estate,Real Estate - Diversified,https://www.tokyu-fudosan-hd.co.jp
3,3289,Tokyu Fudosan Holdings Corporation,不動産関連,不動産・建設,94,100,96,主力テーマ,A,ok,industry=Real Estate - Diversified; direct=real estate business; position=0.11; growth=development/strategic,,0,,https://www.tokyu-fudosan-hd.co.jp,EQUITY,Real Estate,Real Estate - Diversified,https://www.tokyu-fudosan-hd.co.jp
3,3289,Tokyu Fudosan Holdings Corporation,再生可能エネルギー,GX・エネルギー,8,5,7,ノイズ候補,C,needs_review,事業概要に直接根拠を確認できず,,0,,https://www.tokyu-fudosan-hd.co.jp,EQUITY,Real Estate,Real Estate - Diversified,https://www.tokyu-fudosan-hd.co.jp
3,3289,Tokyu Fudosan Holdings Corporation,再開発,不動産・建設,42,44,43,補助関連,C,needs_review,adjacent=urban development; growth=development/strategic,,0,,https://www.tokyu-fudosan-hd.co.jp,EQUITY,Real Estate,Real Estate - Diversified,https://www.tokyu-fudosan-hd.co.jp
3,3289,Tokyu Fudosan Holdings Corporation,太陽光発電関連,GX・エネルギー,8,5,7,ノイズ候補,C,needs_review,事業概要に直接根拠を確認できず,,0,,https://www.tokyu-fudosan-hd.co.jp,EQUITY,Real Estate,Real Estate - Diversified,https://www.tokyu-fudosan-hd.co.jp
3,3289,Tokyu Fudosan Holdings Corporation,風力発電,GX・エネルギー,8,5,7,ノイズ候補,C,needs_review,事業概要に直接根拠を確認できず,,0,,https://www.tokyu-fudosan-hd.co.jp,EQUITY,Real Estate,Real Estate - Diversified,https://www.tokyu-fudosan-hd.co.jp
3,3291,"Iida Group Holdings Co., Ltd.",マンション関連,不動産・建設,86,78,84,主力テーマ,B,ok,direct=condominium; position=0.36; official=マンション; count=2; pos=0.23,マンション,2,0.2325,https://www.ighd.co.jp | https://www.ighd.co.jp/corporate/overview.html,EQUITY,Consumer Cyclical,Residential Construction,https://www.ighd.co.jp
3,3291,"Iida Group Holdings Co., Ltd.",住宅関連,不動産・建設,94,86,92,主力テーマ,A,ok,industry=Residential Construction; direct=residential construction; official=住宅; count=5; pos=0.10,住宅,5,0.0972,https://www.ighd.co.jp | https://www.ighd.co.jp/corporate/overview.html,EQUITY,Consumer Cyclical,Residential Construction,https://www.ighd.co.jp
3,3293,"AZUMA HOUSE Co., Ltd.",ホテル,内需・消費,72,68,71,有力関連,B,needs_review,adjacent=hotel; growth=development; official=ホテル; count=15; pos=0.03,ホテル,15,0.0282,https://www.azumahouse.com | https://azumahouse.com/hotel-restaurant/ | https://azumahouse.com/ir/company/,EQUITY,Real Estate,Real Estate - Development,https://www.azumahouse.com
3,3293,"AZUMA HOUSE Co., Ltd.",不動産関連,不動産・建設,94,96,95,主力テーマ,A,ok,industry=Real Estate - Development; direct=real estate brokerage; position=0.44; growth=development; official=不動産; count=25; pos=0.00,不動産,25,0.0011,https://www.azumahouse.com | https://azumahouse.com/hotel-restaurant/ | https://azumahouse.com/ir/company/,EQUITY,Real Estate,Real Estate - Development,https://www.azumahouse.com
3,3293,"AZUMA HOUSE Co., Ltd.",住宅関連,不動産・建設,72,68,71,有力関連,B,needs_review,adjacent=housing; growth=development; official=住宅; count=16; pos=0.01,住宅,16,0.0133,https://www.azumahouse.com | https://azumahouse.com/hotel-restaurant/ | https://azumahouse.com/ir/company/,EQUITY,Real Estate,Real Estate - Development,https://www.azumahouse.com
3,3293,"AZUMA HOUSE Co., Ltd.",外食,内需・消費,58,56,57,補助関連,C,needs_review,direct=restaurant; position=0.84; growth=development,,0,,https://www.azumahouse.com | https://azumahouse.com/hotel-restaurant/ | https://azumahouse.com/ir/company/,EQUITY,Real Estate,Real Estate - Development,https://www.azumahouse.com
3,3297,"Toubujyuhan Co.,Ltd.",不動産関連,不動産・建設,94,86,92,主力テーマ,A,ok,industry=Real Estate Services; direct=real estate business; position=0.07; official=不動産関連/不動産; count=22; pos=0.06,不動産関連 | 不動産,22,0.0585,https://www.toubu.co.jp,EQUITY,Real Estate,Real Estate Services,https://www.toubu.co.jp
3,3297,"Toubujyuhan Co.,Ltd.",介護関連,医療・ヘルスケア,90,82,88,主力テーマ,A,official_site_supported,direct=nursing care/long-term care; position=0.53; official=介護; count=5; pos=0.10,介護,5,0.0982,https://www.toubu.co.jp,EQUITY,Real Estate,Real Estate Services,https://www.toubu.co.jp
3,3299,"MUGEN ESTATE Co.,Ltd.",不動産関連,不動産・建設,90,94,91,主力テーマ,A,ok,industry=Real Estate - Development; adjacent=real estate; growth=development/investment; official=不動産; count=100; pos=0.01,不動産,100,0.0089,https://www.mugen-estate.co.jp | https://www.mugen-estate.co.jp/corporate/ | https://www.mugen-estate.co.jp/corporate/about.html,EQUITY,Real Estate,Real Estate - Development,https://www.mugen-estate.co.jp
3,3300,"AMBITION DX HOLDINGS Co., Ltd.",AIエージェント,AI・半導体,8,5,7,ノイズ候補,C,needs_review,事業概要に直接根拠を確認できず,,0,,https://am-bition.jp | https://am-bition.jp/about/ | https://am-bition.jp/domain/,EQUITY,Real Estate,Real Estate Services,https://am-bition.jp
3,3300,"AMBITION DX HOLDINGS Co., Ltd.",デジタルトランスフォーメーション,デジタル・サービス,92,96,93,主力テーマ,A,ok,direct= dx ; position=0.02; growth=development/investment; official=DX/デジタルトランスフォーメーション; count=51; pos=0.00,DX | デジタルトランスフォーメーション,51,0.0036,https://am-bition.jp | https://am-bition.jp/about/ | https://am-bition.jp/domain/,EQUITY,Real Estate,Real Estate Services,https://am-bition.jp
3,3300,"AMBITION DX HOLDINGS Co., Ltd.",不動産テック,不動産・建設,72,68,71,有力関連,B,needs_review,事業概要に直接根拠を確認できず; official=不動産DX; count=1; pos=0.41,不動産DX,1,0.4075,https://am-bition.jp | https://am-bition.jp/about/ | https://am-bition.jp/domain/,EQUITY,Real Estate,Real Estate Services,https://am-bition.jp
3,3300,"AMBITION DX HOLDINGS Co., Ltd.",不動産関連,不動産・建設,90,94,91,主力テーマ,A,ok,industry=Real Estate Services; adjacent=real estate/property management; growth=development/investment; official=不動産; count=29; pos=0.05,不動産,29,0.0513,https://am-bition.jp | https://am-bition.jp/about/ | https://am-bition.jp/domain/,EQUITY,Real Estate,Real Estate Services,https://am-bition.jp
3,3300,"AMBITION DX HOLDINGS Co., Ltd.",人工知能,AI・半導体,90,82,88,主力テーマ,A,official_site_supported,事業概要に直接根拠を確認できず; official=AI; count=5; pos=0.07,AI,5,0.0734,https://am-bition.jp | https://am-bition.jp/about/ | https://am-bition.jp/domain/,EQUITY,Real Estate,Real Estate Services,https://am-bition.jp
3,3300,"AMBITION DX HOLDINGS Co., Ltd.",生成AI,AI・半導体,8,5,7,ノイズ候補,C,needs_review,事業概要に直接根拠を確認できず,,0,,https://am-bition.jp | https://am-bition.jp/about/ | https://am-bition.jp/domain/,EQUITY,Real Estate,Real Estate Services,https://am-bition.jp
3,3302,"Teikoku Sen-i Co., Ltd.",防災,防衛・国土強靱化,92,90,91,主力テーマ,A,ok,direct=disaster prevention; position=0.11; official=防災/災害対策; count=95; pos=0.01,防災 | 災害対策,95,0.0073,https://www.teisen.co.jp | https://www.teisen.co.jp/product/ | https://www.teisen.co.jp/product_category/pc0401,EQUITY,Industrials,Farm & Heavy Construction Machinery,https://www.teisen.co.jp
3,3302,"Teikoku Sen-i Co., Ltd.",防衛,防衛・国土強靱化,8,5,7,ノイズ候補,C,needs_review,事業概要に直接根拠を確認できず,,0,,https://www.teisen.co.jp | https://www.teisen.co.jp/product/ | https://www.teisen.co.jp/product_category/pc0401,EQUITY,Industrials,Farm & Heavy Construction Machinery,https://www.teisen.co.jp
3,3306,"The Nihon Seima Co.,Ltd.",自動車部材・部品,自動車・モビリティ,8,5,7,ノイズ候補,C,needs_review,事業概要に直接根拠を確認できず,,0,,https://www.nihonseima.co.jp | https://www.nihonseima.co.jp/service/ | https://www.nihonseima.co.jp/industrial_materials,EQUITY,Industrials,Conglomerates,https://www.nihonseima.co.jp
3,330A,TalentX Inc.,IT関連,デジタル・サービス,8,5,7,ノイズ候補,C,needs_review,事業概要に直接根拠を確認できず; official=IT; count=1; pos=0.52,IT,1,0.5247,https://talentx.co.jp | https://talentx.co.jp/about/company | https://talentx.co.jp/service,EQUITY,Industrials,Staffing & Employment Services,https://talentx.co.jp
3,330A,TalentX Inc.,SaaS,デジタル・サービス,72,68,71,有力関連,B,needs_review,事業概要に直接根拠を確認できず; official=SaaS; count=2; pos=0.45,SaaS,2,0.4522,https://talentx.co.jp | https://talentx.co.jp/about/company | https://talentx.co.jp/service,EQUITY,Industrials,Staffing & Employment Services,https://talentx.co.jp
3,330A,TalentX Inc.,クラウドコンピューティング,デジタル・サービス,72,68,71,有力関連,B,needs_review,事業概要に直接根拠を確認できず; official=クラウド; count=1; pos=0.49,クラウド,1,0.4938,https://talentx.co.jp | https://talentx.co.jp/about/company | https://talentx.co.jp/service,EQUITY,Industrials,Staffing & Employment Services,https://talentx.co.jp
3,330A,TalentX Inc.,サブスクリプション,デジタル・サービス,8,5,7,ノイズ候補,C,needs_review,事業概要に直接根拠を確認できず,,0,,https://talentx.co.jp | https://talentx.co.jp/about/company | https://talentx.co.jp/service,EQUITY,Industrials,Staffing & Employment Services,https://talentx.co.jp
3,330A,TalentX Inc.,デジタルトランスフォーメーション,デジタル・サービス,72,68,71,有力関連,B,needs_review,事業概要に直接根拠を確認できず; official=DX; count=1; pos=0.50,DX,1,0.5010,https://talentx.co.jp | https://talentx.co.jp/about/company | https://talentx.co.jp/service,EQUITY,Industrials,Staffing & Employment Services,https://talentx.co.jp
3,330A,TalentX Inc.,人工知能,AI・半導体,92,90,91,主力テーマ,A,official_site_supported,事業概要に直接根拠を確認できず; official=AI; count=21; pos=0.06,AI,21,0.0577,https://talentx.co.jp | https://talentx.co.jp/about/company | https://talentx.co.jp/service,EQUITY,Industrials,Staffing & Employment Services,https://talentx.co.jp
3,3315,"Nippon Coke & Engineering Company, Limited",機械,設備投資・機械,42,30,38,ノイズ候補,C,needs_review,adjacent=equipment,,0,,https://www.n-coke.com,EQUITY,Basic Materials,Coking Coal,https://www.n-coke.com
3,3315,"Nippon Coke & Engineering Company, Limited",水素,GX・エネルギー,8,5,7,ノイズ候補,C,needs_review,事業概要に直接根拠を確認できず,,0,,https://www.n-coke.com,EQUITY,Basic Materials,Coking Coal,https://www.n-coke.com
3,3317,"Flying Garden Co., Ltd.",外食,内需・消費,94,86,92,主力テーマ,A,ok,industry=Restaurants; direct=restaurant; position=0.17,,0,,https://www.fgarden.co.jp,EQUITY,Consumer Cyclical,Restaurants,https://www.fgarden.co.jp
3,331A,Medix Inc.,デジタルトランスフォーメーション,デジタル・サービス,8,5,7,ノイズ候補,C,needs_review,事業概要に直接根拠を確認できず,,0,,https://www.medix-inc.co.jp | https://www.medix-inc.co.jp/service/ | https://www.medix-inc.co.jp/service/businessmarketing/marketingautomation/,EQUITY,Communication Services,Advertising Agencies,https://www.medix-inc.co.jp
3,331A,Medix Inc.,データ分析・解析,AI・半導体,58,46,54,補助関連,C,needs_review,direct=data analysis; position=0.67,,0,,https://www.medix-inc.co.jp | https://www.medix-inc.co.jp/service/ | https://www.medix-inc.co.jp/service/businessmarketing/marketingautomation/,EQUITY,Communication Services,Advertising Agencies,https://www.medix-inc.co.jp
3,3320,Cross Plus Inc.,小売り,内需・消費,58,56,57,補助関連,C,needs_review,direct=retail stores; position=0.75; growth=development,,0,,https://www.crossplus.co.jp | https://www.crossplus.co.jp/company/ | https://www.crossplus.co.jp/ir/2026/06/26/4712/,EQUITY,Consumer Cyclical,Apparel Manufacturing,https://www.crossplus.co.jp
3,3321,"Mitachi Co., Ltd.",IoT,設備投資・機械,92,98,94,主力テーマ,A,official_site_supported,事業概要に直接根拠を確認できず; official=IoT; count=20; pos=0.01,IoT,20,0.0091,https://www.mitachi.co.jp | https://www.mitachi.co.jp/business/ | https://www.mitachi.co.jp/business/embedded_prod/,EQUITY,Technology,Electronic Components,https://www.mitachi.co.jp
3,3321,"Mitachi Co., Ltd.",半導体,AI・半導体,92,98,94,主力テーマ,A,ok,direct=semiconductor; position=0.06; official=半導体; count=12; pos=0.01,半導体,12,0.0056,https://www.mitachi.co.jp | https://www.mitachi.co.jp/business/ | https://www.mitachi.co.jp/business/embedded_prod/,EQUITY,Technology,Electronic Components,https://www.mitachi.co.jp
3,3321,"Mitachi Co., Ltd.",半導体商社,AI・半導体,42,30,38,ノイズ候補,C,needs_review,adjacent=semiconductor,,0,,https://www.mitachi.co.jp | https://www.mitachi.co.jp/business/ | https://www.mitachi.co.jp/business/embedded_prod/,EQUITY,Technology,Electronic Components,https://www.mitachi.co.jp
3,3321,"Mitachi Co., Ltd.",自動車部材・部品,自動車・モビリティ,8,5,7,ノイズ候補,C,needs_review,事業概要に直接根拠を確認できず,,0,,https://www.mitachi.co.jp | https://www.mitachi.co.jp/business/ | https://www.mitachi.co.jp/business/embedded_prod/,EQUITY,Technology,Electronic Components,https://www.mitachi.co.jp
3,3323,"Recomm Co., Ltd.",AIエージェント,AI・半導体,8,5,7,ノイズ候補,C,needs_review,事業概要に直接根拠を確認できず,,0,,https://www.recomm.co.jp,EQUITY,Communication Services,Telecom Services,https://www.recomm.co.jp
3,3323,"Recomm Co., Ltd.",人工知能,AI・半導体,66,56,63,有力関連,B,qa_borderline,direct= ai ; position=0.52,,0,,https://www.recomm.co.jp,EQUITY,Communication Services,Telecom Services,https://www.recomm.co.jp
3,3326,"Runsystem Co.,Ltd.",ホテル,内需・消費,8,5,7,ノイズ候補,C,needs_review,事業概要に直接根拠を確認できず; official=ホテル; count=1; pos=0.59,ホテル,1,0.5859,https://www.runsystem.co.jp | https://www.runsystem.co.jp/com_info.html | https://www.runsystem.co.jp/work_jiku.html,EQUITY,Consumer Cyclical,Leisure,https://www.runsystem.co.jp
3,3329,"Towa Food Service Co., Ltd.",外食,内需・消費,97,89,95,主力テーマ,A,ok,industry=Restaurants; direct=restaurant/food service; position=0.02; official=外食; count=3; pos=0.01,外食,3,0.0139,https://www.towafood-net.co.jp | https://www.towafood-net.co.jp/proifile/,EQUITY,Consumer Cyclical,Restaurants,https://www.towafood-net.co.jp
3,332A,MEEQ Inc.,IT関連,デジタル・サービス,90,92,91,主力テーマ,A,ok,industry=Software - Application; adjacent=software; growth=development; official=IT; count=1; pos=0.18,IT,1,0.1765,https://www.meeq.com | https://www.meeq.com/meeq/index.html | https://www.meeq.com/mvne-service,EQUITY,Technology,Software - Application,https://www.meeq.com
3,332A,MEEQ Inc.,IoT,設備投資・機械,92,94,93,主力テーマ,A,ok,direct= iot; position=0.03; growth=development; official=IoT; count=30; pos=0.00,IoT,30,0.0013,https://www.meeq.com | https://www.meeq.com/meeq/index.html | https://www.meeq.com/mvne-service,EQUITY,Technology,Software - Application,https://www.meeq.com
3,332A,MEEQ Inc.,SaaS,デジタル・サービス,94,96,95,主力テーマ,A,ok,industry=Software - Application; direct=saas; position=0.46; growth=development,,0,,https://www.meeq.com | https://www.meeq.com/meeq/index.html | https://www.meeq.com/mvne-service,EQUITY,Technology,Software - Application,https://www.meeq.com
3,332A,MEEQ Inc.,デジタルトランスフォーメーション,デジタル・サービス,92,90,91,主力テーマ,A,official_site_supported,事業概要に直接根拠を確認できず; official=DX; count=16; pos=0.00,DX,16,0.0016,https://www.meeq.com | https://www.meeq.com/meeq/index.html | https://www.meeq.com/mvne-service,EQUITY,Technology,Software - Application,https://www.meeq.com
3,3333,"Asahi Co., Ltd.",円高メリット,内需・消費,8,5,7,ノイズ候補,C,needs_review_macro,事業概要に直接根拠を確認できず,,0,,https://www.cb-asahi.co.jp,EQUITY,Consumer Cyclical,Specialty Retail,https://www.cb-asahi.co.jp
3,3333,"Asahi Co., Ltd.",小売り,内需・消費,90,82,88,主力テーマ,A,ok,industry=Specialty Retail; adjacent=retail/stores,,0,,https://www.cb-asahi.co.jp,EQUITY,Consumer Cyclical,Specialty Retail,https://www.cb-asahi.co.jp
3,3346,,eコマース,内需・消費,8,5,7,ノイズ候補,C,needs_official_ir,事業概要に直接根拠を確認できず,,0,,,,,,
3,3349,COSMOS Pharmaceutical Corporation,小売り,内需・消費,58,46,54,補助関連,C,needs_review,direct=retail stores; position=0.86,,0,,https://www.cosmospc.co.jp,EQUITY,Healthcare,Pharmaceutical Retailers,https://www.cosmospc.co.jp
3,3349,COSMOS Pharmaceutical Corporation,生活防衛,内需・消費,42,30,38,ノイズ候補,C,needs_review_macro,adjacent=daily necessities,,0,,https://www.cosmospc.co.jp,EQUITY,Healthcare,Pharmaceutical Retailers,https://www.cosmospc.co.jp
3,3349,COSMOS Pharmaceutical Corporation,食品,内需・消費,97,89,95,主力テーマ,A,ok,direct=food products/beverage; position=0.12,,0,,https://www.cosmospc.co.jp,EQUITY,Healthcare,Pharmaceutical Retailers,https://www.cosmospc.co.jp
3,334A,"Visual Processing Japan Co., Ltd.",IT関連,デジタル・サービス,90,92,91,主力テーマ,A,ok,industry=Software - Application; adjacent=software; growth=development; official=IT; count=1; pos=0.88,IT,1,0.8818,https://www.vpj.co.jp,EQUITY,Technology,Software - Application,https://www.vpj.co.jp
3,334A,"Visual Processing Japan Co., Ltd.",eコマース,内需・消費,85,84,85,主力テーマ,A,ok,direct=e-commerce; position=0.41; growth=development; official=EC; count=5; pos=0.26,EC,5,0.2638,https://www.vpj.co.jp,EQUITY,Technology,Software - Application,https://www.vpj.co.jp
3,334A,"Visual Processing Japan Co., Ltd.",クラウドコンピューティング,デジタル・サービス,72,68,71,有力関連,B,needs_review,事業概要に直接根拠を確認できず; official=クラウド; count=2; pos=0.62,クラウド,2,0.6236,https://www.vpj.co.jp,EQUITY,Technology,Software - Application,https://www.vpj.co.jp
3,334A,"Visual Processing Japan Co., Ltd.",サブスクリプション,デジタル・サービス,8,5,7,ノイズ候補,C,needs_review,事業概要に直接根拠を確認できず,,0,,https://www.vpj.co.jp,EQUITY,Technology,Software - Application,https://www.vpj.co.jp
3,334A,"Visual Processing Japan Co., Ltd.",デジタルトランスフォーメーション,デジタル・サービス,90,82,88,主力テーマ,A,official_site_supported,事業概要に直接根拠を確認できず; official=DX; count=5; pos=0.05,DX,5,0.0459,https://www.vpj.co.jp,EQUITY,Technology,Software - Application,https://www.vpj.co.jp
3,3350,Metaplanet Inc.,ホテル,内需・消費,86,78,84,主力テーマ,B,ok,direct=hotel business; position=0.32,,0,,https://metaplanet.jp,EQUITY,Consumer Cyclical,Restaurants,https://metaplanet.jp
3,3352,"Buffalo Co.,Ltd.",外食,内需・消費,58,46,54,補助関連,C,needs_review,direct=restaurant; position=0.89,,0,,https://www.buffalo.co.jp | https://www.buffalo.co.jp/company/ | https://www.buffalo.co.jp/service/,EQUITY,Consumer Cyclical,Auto & Truck Dealerships,https://www.buffalo.co.jp
3,3353,"Medical Ikkou Group Co.,Ltd.",介護関連,医療・ヘルスケア,8,5,7,ノイズ候補,C,needs_review,事業概要に直接根拠を確認できず,,0,,https://www.m-ikkou.co.jp,EQUITY,Industrials,Conglomerates,https://www.m-ikkou.co.jp
3,3355,Kuriyama Holdings Corporation,円安メリット,内需・消費,8,5,7,ノイズ候補,C,needs_review_macro,事業概要に直接根拠を確認できず,,0,,https://www.kuriyama-holdings.com,EQUITY,Industrials,Industrial Distribution,https://www.kuriyama-holdings.com
3,3355,Kuriyama Holdings Corporation,建設機械,設備投資・機械,8,5,7,ノイズ候補,C,needs_review,事業概要に直接根拠を確認できず,,0,,https://www.kuriyama-holdings.com,EQUITY,Industrials,Industrial Distribution,https://www.kuriyama-holdings.com
3,3358,"Trailhead Global Holdings,Inc.",外食,内需・消費,94,96,95,主力テーマ,A,ok,industry=Restaurants; direct=restaurant; position=0.05; growth=develops,,0,,https://thg-hd.com | https://thg-hd.com/company,EQUITY,Consumer Cyclical,Restaurants,https://thg-hd.com
3,3359,"cotta CO.,LTD",eコマース,内需・消費,92,98,94,主力テーマ,A,official_site_supported,事業概要に直接根拠を確認できず; official=EC/電子商取引; count=10; pos=0.02,EC | 電子商取引,10,0.0150,https://www.cotta.co.jp,EQUITY,Consumer Cyclical,Packaging & Containers,https://www.cotta.co.jp
3,335A,Mirairo Inc.,eコマース,内需・消費,8,5,7,ノイズ候補,C,needs_review,事業概要に直接根拠を確認できず,,0,,https://www.mirairo.co.jp | https://www.mirairo.co.jp/company/history | https://www.mirairo.co.jp/pagecorporateservices,EQUITY,Technology,Software - Application,https://www.mirairo.co.jp
3,335A,Mirairo Inc.,デジタルトランスフォーメーション,デジタル・サービス,72,68,71,有力関連,B,needs_review,事業概要に直接根拠を確認できず; official=DX; count=2; pos=0.60,DX,2,0.6025,https://www.mirairo.co.jp | https://www.mirairo.co.jp/company/history | https://www.mirairo.co.jp/pagecorporateservices,EQUITY,Technology,Software - Application,https://www.mirairo.co.jp
3,335A,Mirairo Inc.,マイナンバー,デジタル・サービス,8,5,7,ノイズ候補,C,needs_review,事業概要に直接根拠を確認できず,,0,,https://www.mirairo.co.jp | https://www.mirairo.co.jp/company/history | https://www.mirairo.co.jp/pagecorporateservices,EQUITY,Technology,Software - Application,https://www.mirairo.co.jp
3,3360,"Ship Healthcare Holdings, Inc.",介護関連,医療・ヘルスケア,92,98,94,主力テーマ,A,ok,direct=nursing care; position=0.06; growth=develops; official=介護/介護サービス; count=13; pos=0.18,介護 | 介護サービス,13,0.1836,https://www.shiphd.co.jp | https://www.shiphd.co.jp/business/ | https://www.shiphd.co.jp/business/tpp/,EQUITY,Healthcare,Medical Instruments & Supplies,https://www.shiphd.co.jp
3,3360,"Ship Healthcare Holdings, Inc.",医療機器,医療・ヘルスケア,92,98,94,主力テーマ,A,ok,direct=medical device/medical equipment; position=0.24; growth=develops; official=医療機器; count=11; pos=0.64,医療機器,11,0.6446,https://www.shiphd.co.jp | https://www.shiphd.co.jp/business/ | https://www.shiphd.co.jp/business/tpp/,EQUITY,Healthcare,Medical Instruments & Supplies,https://www.shiphd.co.jp
3,336A,"Dynamic Map Platform Co., Ltd.",IT関連,デジタル・サービス,72,68,71,有力関連,B,needs_review,事業概要に直接根拠を確認できず; official=IT; count=8; pos=0.03,IT,8,0.0328,https://www.dynamic-maps.co.jp | https://www.dynamic-maps.co.jp/service/ | https://www.dynamic-maps.co.jp/service/id/,EQUITY,Communication Services,Internet Content & Information,https://www.dynamic-maps.co.jp
3,336A,"Dynamic Map Platform Co., Ltd.",データベース,デジタル・サービス,8,5,7,ノイズ候補,C,needs_review,事業概要に直接根拠を確認できず,,0,,https://www.dynamic-maps.co.jp | https://www.dynamic-maps.co.jp/service/ | https://www.dynamic-maps.co.jp/service/id/,EQUITY,Communication Services,Internet Content & Information,https://www.dynamic-maps.co.jp
3,336A,"Dynamic Map Platform Co., Ltd.",データ分析・解析,AI・半導体,8,5,7,ノイズ候補,C,needs_review,事業概要に直接根拠を確認できず,,0,,https://www.dynamic-maps.co.jp | https://www.dynamic-maps.co.jp/service/ | https://www.dynamic-maps.co.jp/service/id/,EQUITY,Communication Services,Internet Content & Information,https://www.dynamic-maps.co.jp
3,336A,"Dynamic Map Platform Co., Ltd.",フィジカルAI,AI・半導体,42,40,41,補助関連,C,needs_review,adjacent=autonomous; growth=develops,,0,,https://www.dynamic-maps.co.jp | https://www.dynamic-maps.co.jp/service/ | https://www.dynamic-maps.co.jp/service/id/,EQUITY,Communication Services,Internet Content & Information,https://www.dynamic-maps.co.jp
3,336A,"Dynamic Map Platform Co., Ltd.",人工知能,AI・半導体,85,82,84,主力テーマ,B,official_site_supported,事業概要に直接根拠を確認できず; official=AI; count=4; pos=0.42,AI,4,0.4191,https://www.dynamic-maps.co.jp | https://www.dynamic-maps.co.jp/service/ | https://www.dynamic-maps.co.jp/service/id/,EQUITY,Communication Services,Internet Content & Information,https://www.dynamic-maps.co.jp
3,336A,"Dynamic Map Platform Co., Ltd.",自動運転車,自動車・モビリティ,92,90,91,主力テーマ,A,ok,direct=autonomous driving; position=0.22; growth=develops; official=自動運転/ADAS/自動運転車; count=33; pos=0.01,自動運転 | ADAS | 自動運転車,33,0.0076,https://www.dynamic-maps.co.jp | https://www.dynamic-maps.co.jp/service/ | https://www.dynamic-maps.co.jp/service/id/,EQUITY,Communication Services,Internet Content & Information,https://www.dynamic-maps.co.jp
3,336A,"Dynamic Map Platform Co., Ltd.",防災,防衛・国土強靱化,90,82,88,主力テーマ,A,official_site_supported,事業概要に直接根拠を確認できず; official=防災; count=3; pos=0.09,防災,3,0.0860,https://www.dynamic-maps.co.jp | https://www.dynamic-maps.co.jp/service/ | https://www.dynamic-maps.co.jp/service/id/,EQUITY,Communication Services,Internet Content & Information,https://www.dynamic-maps.co.jp
3,3370,"FUJITA CORPORATION Co.,Ltd.",外食,内需・消費,94,86,92,主力テーマ,A,ok,industry=Restaurants; direct=restaurant; position=0.11,,0,,https://www.fujitacorp.co.jp,EQUITY,Consumer Cyclical,Restaurants,https://www.fujitacorp.co.jp
3,3370,"FUJITA CORPORATION Co.,Ltd.",小売り,内需・消費,42,30,38,ノイズ候補,C,needs_review,adjacent=retail,,0,,https://www.fujitacorp.co.jp,EQUITY,Consumer Cyclical,Restaurants,https://www.fujitacorp.co.jp
3,3371,Softcreate Holdings Corp.,IT関連,デジタル・サービス,97,89,95,主力テーマ,A,ok,industry=Information Technology Services; direct=information technology/system integration; position=0.07; official=IT; count=13; pos=0.09,IT,13,0.0938,https://www.softcreate-holdings.co.jp | https://www.softcreate-holdings.co.jp/company/about_us | https://www.softcreate-holdings.co.jp/business,EQUITY,Technology,Information Technology Services,https://www.softcreate-holdings.co.jp
3,3371,Softcreate Holdings Corp.,eコマース,内需・消費,92,90,91,主力テーマ,A,official_site_supported,事業概要に直接根拠を確認できず; official=EC; count=41; pos=0.06,EC,41,0.0611,https://www.softcreate-holdings.co.jp | https://www.softcreate-holdings.co.jp/company/about_us | https://www.softcreate-holdings.co.jp/business,EQUITY,Technology,Information Technology Services,https://www.softcreate-holdings.co.jp
3,3371,Softcreate Holdings Corp.,クラウドコンピューティング,デジタル・サービス,90,82,88,主力テーマ,A,official_site_supported,direct=cloud system; position=0.55; official=クラウド; count=5; pos=0.10,クラウド,5,0.0969,https://www.softcreate-holdings.co.jp | https://www.softcreate-holdings.co.jp/company/about_us | https://www.softcreate-holdings.co.jp/business,EQUITY,Technology,Information Technology Services,https://www.softcreate-holdings.co.jp
3,3372,"KANMONKAI Co., Ltd.",インバウンド,内需・消費,42,42,42,補助関連,C,needs_review_macro,adjacent=restaurant; growth=development/research,,0,,https://www.kanmonkai.co.jp,EQUITY,Consumer Cyclical,Restaurants,https://www.kanmonkai.co.jp
3,3372,"KANMONKAI Co., Ltd.",外食,内需・消費,94,98,95,主力テーマ,A,ok,industry=Restaurants; direct=restaurant; position=0.13; growth=development/research,,0,,https://www.kanmonkai.co.jp,EQUITY,Consumer Cyclical,Restaurants,https://www.kanmonkai.co.jp
3,3374,Naigai Tec Corporation,医療機器,医療・ヘルスケア,8,5,7,ノイズ候補,C,needs_review,事業概要に直接根拠を確認できず,,0,,https://www.naigaitec.co.jp,EQUITY,Industrials,Electrical Equipment & Parts,https://www.naigaitec.co.jp
3,3374,Naigai Tec Corporation,半導体製造装置,AI・半導体,42,30,38,ノイズ候補,C,needs_review,adjacent=semiconductor,,0,,https://www.naigaitec.co.jp,EQUITY,Industrials,Electrical Equipment & Parts,https://www.naigaitec.co.jp
3,3377,BIKE O & COMPANY Ltd.,eコマース,内需・消費,82,74,80,主力テーマ,B,ok,direct=e-commerce; position=0.47,,0,,https://www.8190.co.jp,EQUITY,Consumer Cyclical,Auto & Truck Dealerships,https://www.8190.co.jp
3,3377,BIKE O & COMPANY Ltd.,小売り,内需・消費,92,84,90,主力テーマ,A,ok,direct=retail stores; position=0.18,,0,,https://www.8190.co.jp,EQUITY,Consumer Cyclical,Auto & Truck Dealerships,https://www.8190.co.jp
3,3382,"Seven & i Holdings Co., Ltd.",eコマース,内需・消費,42,40,41,補助関連,C,needs_review,adjacent=internet shopping; growth=development,,0,,https://www.7andi.com,EQUITY,Consumer Defensive,Grocery Stores,https://www.7andi.com
3,3382,"Seven & i Holdings Co., Ltd.",キャッシュレス決済,金融・金利,8,5,7,ノイズ候補,C,needs_review,事業概要に直接根拠を確認できず,,0,,https://www.7andi.com,EQUITY,Consumer Defensive,Grocery Stores,https://www.7andi.com
3,3382,"Seven & i Holdings Co., Ltd.",リース,金融・金利,58,54,57,補助関連,C,needs_review,事業概要に直接根拠を確認できず; official=リース; count=2; pos=0.05,リース,2,0.0524,https://www.7andi.com,EQUITY,Consumer Defensive,Grocery Stores,https://www.7andi.com
3,3382,"Seven & i Holdings Co., Ltd.",外食,内需・消費,8,5,7,ノイズ候補,C,needs_review,事業概要に直接根拠を確認できず,,0,,https://www.7andi.com,EQUITY,Consumer Defensive,Grocery Stores,https://www.7andi.com
3,3382,"Seven & i Holdings Co., Ltd.",宅配,物流・海運,8,5,7,ノイズ候補,C,needs_review,事業概要に直接根拠を確認できず,,0,,https://www.7andi.com,EQUITY,Consumer Defensive,Grocery Stores,https://www.7andi.com
3,3382,"Seven & i Holdings Co., Ltd.",小売り,内需・消費,90,92,91,主力テーマ,A,ok,industry=Grocery Stores; adjacent=stores; growth=development,,0,,https://www.7andi.com,EQUITY,Consumer Defensive,Grocery Stores,https://www.7andi.com
3,3382,"Seven & i Holdings Co., Ltd.",銀行,金融・金利,8,5,7,ノイズ候補,C,needs_review,事業概要に直接根拠を確認できず,,0,,https://www.7andi.com,EQUITY,Consumer Defensive,Grocery Stores,https://www.7andi.com
3,3382,"Seven & i Holdings Co., Ltd.",電子政府,デジタル・サービス,8,5,7,ノイズ候補,C,needs_review,事業概要に直接根拠を確認できず,,0,,https://www.7andi.com,EQUITY,Consumer Defensive,Grocery Stores,https://www.7andi.com
3,3386,"Cosmo Bio Company,Limited",バイオテクノロジー関連,医療・ヘルスケア,58,56,57,補助関連,C,needs_review,direct=biotechnology/biotech; position=0.81; growth=research,,0,,https://www.cosmobio.co.jp,EQUITY,Healthcare,Diagnostics & Research,https://www.cosmobio.co.jp
3,3386,"Cosmo Bio Company,Limited",再生医療,医療・ヘルスケア,42,40,41,補助関連,C,needs_review,adjacent=stem cells; growth=research,,0,,https://www.cosmobio.co.jp,EQUITY,Healthcare,Diagnostics & Research,https://www.cosmobio.co.jp
3,3386,"Cosmo Bio Company,Limited",医薬品関連,医療・ヘルスケア,42,40,41,補助関連,C,needs_review,adjacent=drug discovery; growth=research,,0,,https://www.cosmobio.co.jp,EQUITY,Healthcare,Diagnostics & Research,https://www.cosmobio.co.jp
3,3387,create restaurants holdings inc.,外食,内需・消費,94,96,95,主力テーマ,A,ok,industry=Restaurants; direct=restaurant; position=0.01; growth=develops,,0,,https://www.createrestaurants.com | https://www.createrestaurants.com/company/ | https://www.createrestaurants.com/company/profile/,EQUITY,Consumer Cyclical,Restaurants,https://www.createrestaurants.com
3,3387,create restaurants holdings inc.,小売り,内需・消費,8,5,7,ノイズ候補,C,needs_review,事業概要に直接根拠を確認できず,,0,,https://www.createrestaurants.com | https://www.createrestaurants.com/company/ | https://www.createrestaurants.com/company/profile/,EQUITY,Consumer Cyclical,Restaurants,https://www.createrestaurants.com
3,3388,"Meiji Electric Industries Co.,Ltd.",FA関連,設備投資・機械,85,91,87,主力テーマ,A,official_site_supported,adjacent=automation; growth=develops; official=FA; count=5; pos=0.32,FA,5,0.3224,https://www.meijidenki.co.jp | https://www.meijidenki.co.jp/ja/business.html | https://www.meijidenki.co.jp/ja/company/outline.html,EQUITY,Technology,Scientific & Technical Instruments,https://www.meijidenki.co.jp
3,3388,"Meiji Electric Industries Co.,Ltd.",ロボット,AI・半導体,42,40,41,補助関連,C,needs_review,adjacent=automation; growth=develops,,0,,https://www.meijidenki.co.jp | https://www.meijidenki.co.jp/ja/business.html | https://www.meijidenki.co.jp/ja/company/outline.html,EQUITY,Technology,Scientific & Technical Instruments,https://www.meijidenki.co.jp
3,338A,"ZenmuTech, Inc.",IT関連,デジタル・サービス,90,82,88,主力テーマ,A,ok,industry=Software - Infrastructure; adjacent=software; official=IT; count=1; pos=0.22,IT,1,0.2236,https://www.zenmutech.com | https://zenmutech.com/company/companyoutline | https://zenmutech.com/company/jigyou,EQUITY,Technology,Software - Infrastructure,https://www.zenmutech.com
3,338A,"ZenmuTech, Inc.",クラウドコンピューティング,デジタル・サービス,8,5,7,ノイズ候補,C,needs_review,事業概要に直接根拠を確認できず,,0,,https://www.zenmutech.com | https://zenmutech.com/company/companyoutline | https://zenmutech.com/company/jigyou,EQUITY,Technology,Software - Infrastructure,https://www.zenmutech.com
3,338A,"ZenmuTech, Inc.",サイバーセキュリティ,防衛・国土強靱化,92,84,90,主力テーマ,A,ok,direct=information security; position=0.06; official=サイバーセキュリティ/情報セキュリティ; count=5; pos=0.20,サイバーセキュリティ | 情報セキュリティ,5,0.1997,https://www.zenmutech.com | https://zenmutech.com/company/companyoutline | https://zenmutech.com/company/jigyou,EQUITY,Technology,Software - Infrastructure,https://www.zenmutech.com
3,338A,"ZenmuTech, Inc.",サブスクリプション,デジタル・サービス,8,5,7,ノイズ候補,C,needs_review,事業概要に直接根拠を確認できず,,0,,https://www.zenmutech.com | https://zenmutech.com/company/companyoutline | https://zenmutech.com/company/jigyou,EQUITY,Technology,Software - Infrastructure,https://www.zenmutech.com
3,3391,Tsuruha Holdings Inc.,インバウンド,内需・消費,8,5,7,ノイズ候補,C,needs_review_macro,事業概要に直接根拠を確認できず,,0,,https://www.tsuruha-hd.co.jp/,EQUITY,Healthcare,Pharmaceutical Retailers,https://www.tsuruha-hd.co.jp/
3,3392,"Delica Foods Holdings Co., Ltd.",外食,内需・消費,58,54,57,補助関連,C,needs_review,事業概要に直接根拠を確認できず; official=外食; count=2; pos=0.23,外食,2,0.2291,https://www.delica.co.jp | https://www.delica.co.jp/company/ | https://www.delica.co.jp/business/,EQUITY,Consumer Defensive,Packaged Foods,https://www.delica.co.jp
3,3392,"Delica Foods Holdings Co., Ltd.",物流,物流・海運,72,68,71,有力関連,B,needs_review,事業概要に直接根拠を確認できず; official=物流; count=10; pos=0.11,物流,10,0.1107,https://www.delica.co.jp | https://www.delica.co.jp/company/ | https://www.delica.co.jp/business/,EQUITY,Consumer Defensive,Packaged Foods,https://www.delica.co.jp
3,3393,"Startia Holdings,Inc.",IT関連,デジタル・サービス,94,98,95,主力テーマ,A,ok,industry=Information Technology Services; direct=information technology; growth=focuses/investment; official=IT; count=7; pos=0.05,IT,7,0.0530,https://www.startiaholdings.com,EQUITY,Technology,Information Technology Services,https://www.startiaholdings.com
3,3393,"Startia Holdings,Inc.",SaaS,デジタル・サービス,92,98,94,主力テーマ,A,ok,direct=saas; position=0.16; growth=focuses/investment; official=SaaS; count=1; pos=0.52,SaaS,1,0.5173,https://www.startiaholdings.com,EQUITY,Technology,Information Technology Services,https://www.startiaholdings.com
3,3393,"Startia Holdings,Inc.",クラウドコンピューティング,デジタル・サービス,72,78,74,有力関連,B,needs_review,adjacent=cloud/saas; growth=focuses/investment; official=クラウド; count=1; pos=0.27,クラウド,1,0.2711,https://www.startiaholdings.com,EQUITY,Technology,Information Technology Services,https://www.startiaholdings.com
3,3393,"Startia Holdings,Inc.",サブスクリプション,デジタル・サービス,42,42,42,補助関連,C,needs_review,adjacent=saas; growth=focuses/investment,,0,,https://www.startiaholdings.com,EQUITY,Technology,Information Technology Services,https://www.startiaholdings.com
3,3393,"Startia Holdings,Inc.",教育ICT,デジタル・サービス,8,5,7,ノイズ候補,C,needs_review,事業概要に直接根拠を確認できず,,0,,https://www.startiaholdings.com,EQUITY,Technology,Information Technology Services,https://www.startiaholdings.com
3,3395,"Saint Marc Holdings Co., Ltd.",外食,内需・消費,94,86,92,主力テーマ,A,ok,industry=Restaurants; direct=restaurant; position=0.32; official=外食; count=3; pos=0.29,外食,3,0.2948,https://www.saint-marc-hd.com,EQUITY,Consumer Cyclical,Restaurants,https://www.saint-marc-hd.com
3,3395,"Saint Marc Holdings Co., Ltd.",小売り,内需・消費,8,5,7,ノイズ候補,C,needs_review,事業概要に直接根拠を確認できず,,0,,https://www.saint-marc-hd.com,EQUITY,Consumer Cyclical,Restaurants,https://www.saint-marc-hd.com
3,3396,Felissimo Corporation,小売り,内需・消費,42,30,38,ノイズ候補,C,needs_review,adjacent=retail,,0,,https://www.felissimo.co.jp | https://www.felissimo.co.jp/company/company_cy.html?tid=bnv_COMPANY | https://www.felissimo.co.jp/gift?tid=mbn_fc_GIFT,EQUITY,Consumer Cyclical,Internet Retail,https://www.felissimo.co.jp
3,3397,TORIDOLL Holdings Corporation,外食,内需・消費,94,86,92,主力テーマ,A,ok,industry=Restaurants; direct=restaurant; position=0.09,,0,,https://www.toridoll.com,EQUITY,Consumer Cyclical,Restaurants,https://www.toridoll.com
3,3397,TORIDOLL Holdings Corporation,小売り,内需・消費,8,5,7,ノイズ候補,C,needs_review,事業概要に直接根拠を確認できず,,0,,https://www.toridoll.com,EQUITY,Consumer Cyclical,Restaurants,https://www.toridoll.com
3,3399,Maruchiyo Yamaokaya Corporation,外食,内需・消費,94,86,92,主力テーマ,A,ok,industry=Restaurants; direct=restaurant; position=0.24,,0,,https://www.yamaokaya.com | https://www.yamaokaya.com/service_tickets/ | https://www.yamaokaya.com/pickup/%e3%80%90%e7%85%ae%e5%b9%b2%e3%81%97%e3%83%a9%e3%83%bc%e3%83%a1%e3%83%b3%e5%b1%b1%e5%b2%a1%e5%ae%b6%e3%80%91%e5%86%b7%e3%82%84%e3%81%97%e9%af%9b%e7%85%ae%e5%b9%b2%e3%81%97%e3%83%a9%e3%83%bc%e3%83%a1-5/,EQUITY,Consumer Cyclical,Restaurants,https://www.yamaokaya.com
3,339A,"Progress Technologies Group, Inc.",IT関連,デジタル・サービス,94,98,95,主力テーマ,A,ok,industry=Information Technology Services; direct=information technology; growth=development/research; official=IT; count=1; pos=0.53,IT,1,0.5312,https://www.progresstech-group.jp,EQUITY,Technology,Information Technology Services,https://www.progresstech-group.jp
3,339A,"Progress Technologies Group, Inc.",デジタルトランスフォーメーション,デジタル・サービス,82,86,83,主力テーマ,B,ok,direct=digitalization; position=0.45; growth=development/research,,0,,https://www.progresstech-group.jp,EQUITY,Technology,Information Technology Services,https://www.progresstech-group.jp
3,3401,Teijin Limited,3Dプリンター,設備投資・機械,8,5,7,ノイズ候補,C,needs_review,事業概要に直接根拠を確認できず,,0,,https://www.teijin.com,EQUITY,Industrials,Conglomerates,https://www.teijin.com
3,3401,Teijin Limited,スマートグリッド,データセンター・電力,8,5,7,ノイズ候補,C,needs_review,事業概要に直接根拠を確認できず,,0,,https://www.teijin.com,EQUITY,Industrials,Conglomerates,https://www.teijin.com
3,3401,Teijin Limited,介護関連,医療・ヘルスケア,8,5,7,ノイズ候補,C,needs_review,事業概要に直接根拠を確認できず,,0,,https://www.teijin.com,EQUITY,Industrials,Conglomerates,https://www.teijin.com
3,3401,Teijin Limited,再生医療,医療・ヘルスケア,8,5,7,ノイズ候補,C,needs_review,事業概要に直接根拠を確認できず,,0,,https://www.teijin.com,EQUITY,Industrials,Conglomerates,https://www.teijin.com
3,3401,Teijin Limited,医療機器,医療・ヘルスケア,58,56,57,補助関連,C,needs_review,direct=medical device; position=0.79; growth=develops,,0,,https://www.teijin.com,EQUITY,Industrials,Conglomerates,https://www.teijin.com
3,3401,Teijin Limited,医薬品関連,医療・ヘルスケア,66,66,66,有力関連,B,qa_borderline,direct=pharmaceutical/pharma; position=0.50; growth=develops,,0,,https://www.teijin.com,EQUITY,Industrials,Conglomerates,https://www.teijin.com
3,3401,Teijin Limited,半導体部材・部品,AI・半導体,8,5,7,ノイズ候補,C,needs_review,事業概要に直接根拠を確認できず,,0,,https://www.teijin.com,EQUITY,Industrials,Conglomerates,https://www.teijin.com
3,3401,Teijin Limited,宇宙開発関連,防衛・国土強靱化,8,5,7,ノイズ候補,C,needs_review,事業概要に直接根拠を確認できず,,0,,https://www.teijin.com,EQUITY,Industrials,Conglomerates,https://www.teijin.com
3,3401,Teijin Limited,自動車軽量化,自動車・モビリティ,8,5,7,ノイズ候補,C,needs_review,事業概要に直接根拠を確認できず,,0,,https://www.teijin.com,EQUITY,Industrials,Conglomerates,https://www.teijin.com
3,3401,Teijin Limited,風力発電,GX・エネルギー,8,5,7,ノイズ候補,C,needs_review,事業概要に直接根拠を確認できず,,0,,https://www.teijin.com,EQUITY,Industrials,Conglomerates,https://www.teijin.com
3,3402,"Toray Industries, Inc.",3Dプリンター,設備投資・機械,8,5,7,ノイズ候補,C,needs_review,事業概要に直接根拠を確認できず,,0,,https://www.toray.co.jp,EQUITY,Consumer Cyclical,Textile Manufacturing,https://www.toray.co.jp
3,3402,"Toray Industries, Inc.",スマートグリッド,データセンター・電力,8,5,7,ノイズ候補,C,needs_review,事業概要に直接根拠を確認できず,,0,,https://www.toray.co.jp,EQUITY,Consumer Cyclical,Textile Manufacturing,https://www.toray.co.jp
3,3402,"Toray Industries, Inc.",ドローン,防衛・国土強靱化,8,5,7,ノイズ候補,C,needs_review,事業概要に直接根拠を確認できず,,0,,https://www.toray.co.jp,EQUITY,Consumer Cyclical,Textile Manufacturing,https://www.toray.co.jp
3,3402,"Toray Industries, Inc.",ホームヘルスケア,医療・ヘルスケア,8,5,7,ノイズ候補,C,needs_review,事業概要に直接根拠を確認できず,,0,,https://www.toray.co.jp,EQUITY,Consumer Cyclical,Textile Manufacturing,https://www.toray.co.jp
3,3402,"Toray Industries, Inc.",光ファイバー,データセンター・電力,8,5,7,ノイズ候補,C,needs_review,事業概要に直接根拠を確認できず,,0,,https://www.toray.co.jp,EQUITY,Consumer Cyclical,Textile Manufacturing,https://www.toray.co.jp
3,3402,"Toray Industries, Inc.",全固体電池,自動車・モビリティ,8,5,7,ノイズ候補,C,needs_review,事業概要に直接根拠を確認できず,,0,,https://www.toray.co.jp,EQUITY,Consumer Cyclical,Textile Manufacturing,https://www.toray.co.jp
3,3402,"Toray Industries, Inc.",医療機器,医療・ヘルスケア,82,74,80,主力テーマ,B,ok,direct=medical device; position=0.50,,0,,https://www.toray.co.jp,EQUITY,Consumer Cyclical,Textile Manufacturing,https://www.toray.co.jp
3,3402,"Toray Industries, Inc.",医薬品関連,医療・ヘルスケア,87,79,85,主力テーマ,A,ok,direct=pharmaceutical/pharma; position=0.49,,0,,https://www.toray.co.jp,EQUITY,Consumer Cyclical,Textile Manufacturing,https://www.toray.co.jp
3,3402,"Toray Industries, Inc.",半導体製造装置,AI・半導体,42,30,38,ノイズ候補,C,needs_review,adjacent=semiconductor,,0,,https://www.toray.co.jp,EQUITY,Consumer Cyclical,Textile Manufacturing,https://www.toray.co.jp
3,3402,"Toray Industries, Inc.",宇宙開発関連,防衛・国土強靱化,8,5,7,ノイズ候補,C,needs_review,事業概要に直接根拠を確認できず,,0,,https://www.toray.co.jp,EQUITY,Consumer Cyclical,Textile Manufacturing,https://www.toray.co.jp
3,3402,"Toray Industries, Inc.",水素,GX・エネルギー,8,5,7,ノイズ候補,C,needs_review,事業概要に直接根拠を確認できず,,0,,https://www.toray.co.jp,EQUITY,Consumer Cyclical,Textile Manufacturing,https://www.toray.co.jp
3,3402,"Toray Industries, Inc.",水道関連,防衛・国土強靱化,92,84,90,主力テーマ,A,ok,direct=water treatment; position=0.09,,0,,https://www.toray.co.jp,EQUITY,Consumer Cyclical,Textile Manufacturing,https://www.toray.co.jp
3,3402,"Toray Industries, Inc.",空飛ぶクルマ,自動車・モビリティ,8,5,7,ノイズ候補,C,needs_review,事業概要に直接根拠を確認できず,,0,,https://www.toray.co.jp,EQUITY,Consumer Cyclical,Textile Manufacturing,https://www.toray.co.jp
3,3402,"Toray Industries, Inc.",自動車軽量化,自動車・モビリティ,8,5,7,ノイズ候補,C,needs_review,事業概要に直接根拠を確認できず,,0,,https://www.toray.co.jp,EQUITY,Consumer Cyclical,Textile Manufacturing,https://www.toray.co.jp
3,3402,"Toray Industries, Inc.",自動車部材・部品,自動車・モビリティ,8,5,7,ノイズ候補,C,needs_review,事業概要に直接根拠を確認できず,,0,,https://www.toray.co.jp,EQUITY,Consumer Cyclical,Textile Manufacturing,https://www.toray.co.jp
3,3402,"Toray Industries, Inc.",風力発電,GX・エネルギー,8,5,7,ノイズ候補,C,needs_review,事業概要に直接根拠を確認できず,,0,,https://www.toray.co.jp,EQUITY,Consumer Cyclical,Textile Manufacturing,https://www.toray.co.jp
3,3405,"Kuraray Co., Ltd.",全固体電池,自動車・モビリティ,8,5,7,ノイズ候補,C,needs_review,事業概要に直接根拠を確認できず,,0,,https://www.kuraray.com | https://www.kuraray.com/global-en/company/ | https://www.kuraray.com/global-en/sustainability/3p/psa/,EQUITY,Basic Materials,Chemicals,https://www.kuraray.com
3,3405,"Kuraray Co., Ltd.",自動車部材・部品,自動車・モビリティ,42,30,38,ノイズ候補,C,needs_review,adjacent=automotive,,0,,https://www.kuraray.com | https://www.kuraray.com/global-en/company/ | https://www.kuraray.com/global-en/sustainability/3p/psa/,EQUITY,Basic Materials,Chemicals,https://www.kuraray.com
3,3405,"Kuraray Co., Ltd.",防衛,防衛・国土強靱化,8,5,7,ノイズ候補,C,needs_review,事業概要に直接根拠を確認できず,,0,,https://www.kuraray.com | https://www.kuraray.com/global-en/company/ | https://www.kuraray.com/global-en/sustainability/3p/psa/,EQUITY,Basic Materials,Chemicals,https://www.kuraray.com
3,3407,Asahi Kasei Corporation,アンモニア,GX・エネルギー,8,5,7,ノイズ候補,C,needs_review,事業概要に直接根拠を確認できず,,0,,https://www.asahi-kasei.com | https://www.asahi-kasei.com/company/about | https://www.asahi-kasei.com/company/business,EQUITY,Industrials,Conglomerates,https://www.asahi-kasei.com
3,3407,Asahi Kasei Corporation,スマートグリッド,データセンター・電力,8,5,7,ノイズ候補,C,needs_review,事業概要に直接根拠を確認できず,,0,,https://www.asahi-kasei.com | https://www.asahi-kasei.com/company/about | https://www.asahi-kasei.com/company/business,EQUITY,Industrials,Conglomerates,https://www.asahi-kasei.com
3,3407,Asahi Kasei Corporation,マンション関連,不動産・建設,58,46,54,補助関連,C,needs_review,direct=apartment building; position=0.81,,0,,https://www.asahi-kasei.com | https://www.asahi-kasei.com/company/about | https://www.asahi-kasei.com/company/business,EQUITY,Industrials,Conglomerates,https://www.asahi-kasei.com
3,3407,Asahi Kasei Corporation,光ファイバー,データセンター・電力,86,78,84,主力テーマ,B,ok,direct=optical fiber; position=0.21,,0,,https://www.asahi-kasei.com | https://www.asahi-kasei.com/company/about | https://www.asahi-kasei.com/company/business,EQUITY,Industrials,Conglomerates,https://www.asahi-kasei.com
3,3407,Asahi Kasei Corporation,全固体電池,自動車・モビリティ,8,5,7,ノイズ候補,C,needs_review,事業概要に直接根拠を確認できず,,0,,https://www.asahi-kasei.com | https://www.asahi-kasei.com/company/about | https://www.asahi-kasei.com/company/business,EQUITY,Industrials,Conglomerates,https://www.asahi-kasei.com
3,3407,Asahi Kasei Corporation,医療機器,医療・ヘルスケア,8,5,7,ノイズ候補,C,needs_review,事業概要に直接根拠を確認できず,,0,,https://www.asahi-kasei.com | https://www.asahi-kasei.com/company/about | https://www.asahi-kasei.com/company/business,EQUITY,Industrials,Conglomerates,https://www.asahi-kasei.com
3,3407,Asahi Kasei Corporation,医薬品関連,医療・ヘルスケア,66,56,63,有力関連,B,qa_borderline,direct=pharmaceutical/pharma; position=0.57,,0,,https://www.asahi-kasei.com | https://www.asahi-kasei.com/company/about | https://www.asahi-kasei.com/company/business,EQUITY,Industrials,Conglomerates,https://www.asahi-kasei.com
3,3407,Asahi Kasei Corporation,半導体部材・部品,AI・半導体,92,84,90,主力テーマ,A,ok,direct=photoresist; position=0.16,,0,,https://www.asahi-kasei.com | https://www.asahi-kasei.com/company/about | https://www.asahi-kasei.com/company/business,EQUITY,Industrials,Conglomerates,https://www.asahi-kasei.com
3,3407,Asahi Kasei Corporation,水素,GX・エネルギー,42,30,38,ノイズ候補,C,needs_review,adjacent=hydrogen,,0,,https://www.asahi-kasei.com | https://www.asahi-kasei.com/company/about | https://www.asahi-kasei.com/company/business,EQUITY,Industrials,Conglomerates,https://www.asahi-kasei.com
3,3407,Asahi Kasei Corporation,脱炭素,GX・エネルギー,42,30,38,ノイズ候補,C,needs_review,adjacent=renewable energy,,0,,https://www.asahi-kasei.com | https://www.asahi-kasei.com/company/about | https://www.asahi-kasei.com/company/business,EQUITY,Industrials,Conglomerates,https://www.asahi-kasei.com
3,3407,Asahi Kasei Corporation,自動車部材・部品,自動車・モビリティ,8,5,7,ノイズ候補,C,needs_review,事業概要に直接根拠を確認できず,,0,,https://www.asahi-kasei.com | https://www.asahi-kasei.com/company/about | https://www.asahi-kasei.com/company/business,EQUITY,Industrials,Conglomerates,https://www.asahi-kasei.com
3,3407,Asahi Kasei Corporation,自動運転車,自動車・モビリティ,8,5,7,ノイズ候補,C,needs_review,事業概要に直接根拠を確認できず,,0,,https://www.asahi-kasei.com | https://www.asahi-kasei.com/company/about | https://www.asahi-kasei.com/company/business,EQUITY,Industrials,Conglomerates,https://www.asahi-kasei.com
3,3407,Asahi Kasei Corporation,防衛,防衛・国土強靱化,8,5,7,ノイズ候補,C,needs_review,事業概要に直接根拠を確認できず,,0,,https://www.asahi-kasei.com | https://www.asahi-kasei.com/company/about | https://www.asahi-kasei.com/company/business,EQUITY,Industrials,Conglomerates,https://www.asahi-kasei.com
3,3407,Asahi Kasei Corporation,電気自動車関連,自動車・モビリティ,92,90,91,主力テーマ,A,official_site_supported,事業概要に直接根拠を確認できず; official=EV; count=11; pos=0.15,EV,11,0.1543,https://www.asahi-kasei.com | https://www.asahi-kasei.com/company/about | https://www.asahi-kasei.com/company/business,EQUITY,Industrials,Conglomerates,https://www.asahi-kasei.com
3,340A,"zig-zag,Inc.",IT関連,デジタル・サービス,58,54,57,補助関連,C,needs_review,事業概要に直接根拠を確認できず; official=IT; count=4; pos=0.01,IT,4,0.0095,https://www.zig-zag.co.jp | https://www.zig-zag.co.jp/service/ | https://www.zig-zag.co.jp/event/20260930-seminar/,EQUITY,Industrials,Specialty Business Services,https://www.zig-zag.co.jp
3,340A,"zig-zag,Inc.",eコマース,内需・消費,92,90,91,主力テーマ,A,ok,direct=e-commerce; position=0.18; official=EC/eコマース; count=58; pos=0.01,EC | eコマース,58,0.0090,https://www.zig-zag.co.jp | https://www.zig-zag.co.jp/service/ | https://www.zig-zag.co.jp/event/20260930-seminar/,EQUITY,Industrials,Specialty Business Services,https://www.zig-zag.co.jp
3,340A,"zig-zag,Inc.",物流,物流・海運,58,54,57,補助関連,C,needs_review,事業概要に直接根拠を確認できず; official=物流; count=2; pos=0.10,物流,2,0.1000,https://www.zig-zag.co.jp | https://www.zig-zag.co.jp/service/ | https://www.zig-zag.co.jp/event/20260930-seminar/,EQUITY,Industrials,Specialty Business Services,https://www.zig-zag.co.jp
3,3418,"Balnibarbi Co.,Ltd.",外食,内需・消費,97,99,98,主力テーマ,A,ok,industry=Restaurants; direct=restaurant/dining business; position=0.05; growth=development,,0,,https://www.balnibarbi.com | https://www.balnibarbi.com/about/ | https://www.balnibarbi.com/about/outline.php,EQUITY,Consumer Cyclical,Restaurants,https://www.balnibarbi.com
3,341A,TOYOKOH Inc.,国土強靱化,防衛・国土強靱化,8,5,7,ノイズ候補,C,needs_review,事業概要に直接根拠を確認できず,,0,,https://www.toyokoh.com | https://www.toyokoh.com/about/ | https://www.toyokoh.com/news/20260820-2/,EQUITY,Industrials,Engineering & Construction,https://www.toyokoh.com
3,341A,TOYOKOH Inc.,建設,不動産・建設,90,82,88,主力テーマ,A,ok,industry=Engineering & Construction; adjacent=construction; official=建設; count=12; pos=0.08,建設,12,0.0801,https://www.toyokoh.com | https://www.toyokoh.com/about/ | https://www.toyokoh.com/news/20260820-2/,EQUITY,Industrials,Engineering & Construction,https://www.toyokoh.com
3,341A,TOYOKOH Inc.,省エネ関連,GX・エネルギー,8,5,7,ノイズ候補,C,needs_review,事業概要に直接根拠を確認できず,,0,,https://www.toyokoh.com | https://www.toyokoh.com/about/ | https://www.toyokoh.com/news/20260820-2/,EQUITY,Industrials,Engineering & Construction,https://www.toyokoh.com
3,3420,KFC Ltd,建設,不動産・建設,91,93,92,主力テーマ,A,ok,direct=civil engineering/engineering and construction; position=0.24; growth=develops; official=建設; count=18; pos=0.03,建設,18,0.0282,https://www.kfc-net.co.jp | https://www.kfc-net.co.jp/company/ | https://www.kfc-net.co.jp/company/profile,EQUITY,Industrials,Conglomerates,https://www.kfc-net.co.jp
3,3420,KFC Ltd,耐震化,防衛・国土強靱化,92,98,94,主力テーマ,A,official_site_supported,adjacent=reinforcement; growth=develops; official=耐震/耐震補強; count=7; pos=0.26,耐震 | 耐震補強,7,0.2649,https://www.kfc-net.co.jp | https://www.kfc-net.co.jp/company/ | https://www.kfc-net.co.jp/company/profile,EQUITY,Industrials,Conglomerates,https://www.kfc-net.co.jp
3,3420,KFC Ltd,防災,防衛・国土強靱化,72,78,74,有力関連,B,needs_review,direct=disaster prevention; position=0.91; growth=develops; official=防災; count=1; pos=0.89,防災,1,0.8937,https://www.kfc-net.co.jp | https://www.kfc-net.co.jp/company/ | https://www.kfc-net.co.jp/company/profile,EQUITY,Industrials,Conglomerates,https://www.kfc-net.co.jp
3,3421,"Inaba Seisakusho Co., Ltd.",住宅関連,不動産・建設,8,5,7,ノイズ候補,C,needs_review,事業概要に直接根拠を確認できず,,0,,https://www.inaba-ss.co.jp | https://www.inaba-ss.co.jp/ir/jigyou/ | https://www.inaba-ss.co.jp/recruit/location/,EQUITY,Consumer Cyclical,"Furnishings, Fixtures & Appliances",https://www.inaba-ss.co.jp
3,3421,"Inaba Seisakusho Co., Ltd.",防災,防衛・国土強靱化,8,5,7,ノイズ候補,C,needs_review,事業概要に直接根拠を確認できず,,0,,https://www.inaba-ss.co.jp | https://www.inaba-ss.co.jp/ir/jigyou/ | https://www.inaba-ss.co.jp/recruit/location/,EQUITY,Consumer Cyclical,"Furnishings, Fixtures & Appliances",https://www.inaba-ss.co.jp
3,3422,"J-MAX Co.,Ltd.",自動車部材・部品,自動車・モビリティ,97,89,95,主力テーマ,A,ok,direct=automotive parts/auto parts; position=0.17; official=自動車部品; count=1; pos=0.02,自動車部品,1,0.0235,https://www.jp-jmax.co.jp,EQUITY,Consumer Cyclical,Auto Parts,https://www.jp-jmax.co.jp
3,3422,"J-MAX Co.,Ltd.",電気自動車関連,自動車・モビリティ,8,5,7,ノイズ候補,C,needs_review,事業概要に直接根拠を確認できず,,0,,https://www.jp-jmax.co.jp,EQUITY,Consumer Cyclical,Auto Parts,https://www.jp-jmax.co.jp
3,3423,SE Corporation,国土強靱化,防衛・国土強靱化,46,44,45,補助関連,C,needs_review,adjacent=bridge/tunnel; growth=development,,0,,https://www.se-corp.com | https://www.se-corp.com/ja/company.html | https://www.se-corp.com/ja/business.html,EQUITY,Industrials,Engineering & Construction,https://www.se-corp.com
3,3423,SE Corporation,耐震化,防衛・国土強靱化,92,94,93,主力テーマ,A,ok,direct=seismic reinforcement; position=0.16; growth=development,,0,,https://www.se-corp.com | https://www.se-corp.com/ja/company.html | https://www.se-corp.com/ja/business.html,EQUITY,Industrials,Engineering & Construction,https://www.se-corp.com
3,3423,SE Corporation,防災,防衛・国土強靱化,92,98,94,主力テーマ,A,ok,direct=disaster prevention; position=0.10; growth=development; official=防災; count=3; pos=0.17,防災,3,0.1695,https://www.se-corp.com | https://www.se-corp.com/ja/company.html | https://www.se-corp.com/ja/business.html,EQUITY,Industrials,Engineering & Construction,https://www.se-corp.com
3,3426,"Atom Livin Tech Co., Ltd.",住宅関連,不動産・建設,58,56,57,補助関連,C,needs_review,direct=house builder; position=0.84; growth=develops,,0,,https://www.atomlt.com | https://www.atomlt.com/showroom/ | https://www.atomlt.com/company/products/,EQUITY,Industrials,Building Products & Equipment,https://www.atomlt.com
3,3426,"Atom Livin Tech Co., Ltd.",防災,防衛・国土強靱化,8,5,7,ノイズ候補,C,needs_review,事業概要に直接根拠を確認できず,,0,,https://www.atomlt.com | https://www.atomlt.com/showroom/ | https://www.atomlt.com/company/products/,EQUITY,Industrials,Building Products & Equipment,https://www.atomlt.com
3,3431,"Miyaji Engineering Group,Inc.",国土強靱化,防衛・国土強靱化,46,34,42,補助関連,C,needs_review,adjacent=civil engineering/bridge,,0,,https://www.miyaji-eng.com,EQUITY,Industrials,Engineering & Construction,https://www.miyaji-eng.com
3,3431,"Miyaji Engineering Group,Inc.",建設,不動産・建設,94,86,92,主力テーマ,A,ok,industry=Engineering & Construction; direct=civil engineering; position=0.12,,0,,https://www.miyaji-eng.com,EQUITY,Industrials,Engineering & Construction,https://www.miyaji-eng.com
3,3433,"TOCALO Co.,Ltd.",スマートグリッド,データセンター・電力,8,5,7,ノイズ候補,C,needs_review,事業概要に直接根拠を確認できず,,0,,https://www.tocalo.co.jp | https://www.tocalo.co.jp/ja/company.html | https://www.tocalo.co.jp/ja/sustainability.html,EQUITY,Industrials,Specialty Business Services,https://www.tocalo.co.jp
3,3433,"TOCALO Co.,Ltd.",半導体製造装置,AI・半導体,42,40,41,補助関連,C,needs_review,adjacent=semiconductor; growth=develops,,0,,https://www.tocalo.co.jp | https://www.tocalo.co.jp/ja/company.html | https://www.tocalo.co.jp/ja/sustainability.html,EQUITY,Industrials,Specialty Business Services,https://www.tocalo.co.jp
3,3434,ALPHA Corporation,自動車部材・部品,自動車・モビリティ,82,84,83,主力テーマ,B,ok,direct=auto parts; growth=develops,,0,,https://www.kk-alpha.com,EQUITY,Consumer Cyclical,Auto Parts,https://www.kk-alpha.com
3,3435,"Sanko Techno Co., Ltd.",機械,設備投資・機械,46,48,47,補助関連,C,needs_review,adjacent=equipment/machine; growth=develops/development; official=機械; count=1; pos=0.75,機械,1,0.7475,https://sanko-techno.co.jp | https://sanko-techno.co.jp/overview | https://sanko-techno.co.jp/philosophy?target=fastening_title,EQUITY,Industrials,Metal Fabrication,https://sanko-techno.co.jp
3,3435,"Sanko Techno Co., Ltd.",耐震化,防衛・国土強靱化,85,91,87,主力テーマ,A,official_site_supported,adjacent=reinforcement/earthquake; growth=develops/development; official=耐震/耐震補強; count=4; pos=0.52,耐震 | 耐震補強,4,0.5174,https://sanko-techno.co.jp | https://sanko-techno.co.jp/overview | https://sanko-techno.co.jp/philosophy?target=fastening_title,EQUITY,Industrials,Metal Fabrication,https://sanko-techno.co.jp
3,3435,"Sanko Techno Co., Ltd.",防災,防衛・国土強靱化,8,5,7,ノイズ候補,C,needs_review,事業概要に直接根拠を確認できず,,0,,https://sanko-techno.co.jp | https://sanko-techno.co.jp/overview | https://sanko-techno.co.jp/philosophy?target=fastening_title,EQUITY,Industrials,Metal Fabrication,https://sanko-techno.co.jp
3,3436,Sumco Corporation,円安メリット,内需・消費,8,5,7,ノイズ候補,C,needs_review_macro,事業概要に直接根拠を確認できず,,0,,https://www.sumcosi.com,EQUITY,Technology,Semiconductor Equipment & Materials,https://www.sumcosi.com
3,3436,Sumco Corporation,半導体,AI・半導体,94,100,96,主力テーマ,A,ok,industry=Semiconductor Equipment & Materials; direct=semiconductor; position=0.15; official=半導体; count=7; pos=0.31,半導体,7,0.3079,https://www.sumcosi.com,EQUITY,Technology,Semiconductor Equipment & Materials,https://www.sumcosi.com
3,3436,Sumco Corporation,半導体部材・部品,AI・半導体,92,84,90,主力テーマ,A,ok,direct=silicon wafer; position=0.10,,0,,https://www.sumcosi.com,EQUITY,Technology,Semiconductor Equipment & Materials,https://www.sumcosi.com
3,3437,"Tokuden Co., Ltd.",自動車製造装置,自動車・モビリティ,8,5,7,ノイズ候補,C,needs_review,事業概要に直接根拠を確認できず,,0,,https://www.tokuden.co.jp | https://www.tokuden.co.jp/strength/ | https://www.tokuden.co.jp/branch/,EQUITY,Industrials,Specialty Industrial Machinery,https://www.tokuden.co.jp
3,3439,Mitsuchi Corporation,自動車部材・部品,自動車・モビリティ,97,89,95,主力テーマ,A,ok,direct=automotive components/auto parts; position=0.10,,0,,https://www.mitsuchi.co.jp,EQUITY,Consumer Cyclical,Auto Parts,https://www.mitsuchi.co.jp
3,343A,IACE TRAVEL Corporation.,IT関連,デジタル・サービス,8,5,7,ノイズ候補,C,needs_review,事業概要に直接根拠を確認できず,,0,,https://www.iace.co.jp,EQUITY,Consumer Cyclical,Travel Services,https://www.iace.co.jp
3,343A,IACE TRAVEL Corporation.,SaaS,デジタル・サービス,8,5,7,ノイズ候補,C,needs_review,事業概要に直接根拠を確認できず,,0,,https://www.iace.co.jp,EQUITY,Consumer Cyclical,Travel Services,https://www.iace.co.jp
3,343A,IACE TRAVEL Corporation.,インバウンド,内需・消費,8,5,7,ノイズ候補,C,needs_review_macro,事業概要に直接根拠を確認できず,,0,,https://www.iace.co.jp,EQUITY,Consumer Cyclical,Travel Services,https://www.iace.co.jp
3,343A,IACE TRAVEL Corporation.,クラウドコンピューティング,デジタル・サービス,42,30,38,ノイズ候補,C,needs_review,adjacent=cloud,,0,,https://www.iace.co.jp,EQUITY,Consumer Cyclical,Travel Services,https://www.iace.co.jp
3,343A,IACE TRAVEL Corporation.,旅行,内需・消費,100,92,98,主力テーマ,A,ok,direct=travel agency/travel services/travel business; position=0.06,,0,,https://www.iace.co.jp,EQUITY,Consumer Cyclical,Travel Services,https://www.iace.co.jp
3,3440,"NISSO GROUP Co.,Ltd.",太陽光発電関連,GX・エネルギー,66,66,66,有力関連,B,qa_borderline,direct=solar power; position=0.58; growth=development,,0,,https://www.nissogroup.com | https://www.nissogroup.com/company | https://www.nissogroup.com/company/c_info,EQUITY,Industrials,Conglomerates,https://www.nissogroup.com
3,3440,"NISSO GROUP Co.,Ltd.",建設,不動産・建設,92,94,93,主力テーマ,A,ok,direct=construction business; position=0.19; growth=development; official=建設; count=1; pos=0.34,建設,1,0.3432,https://www.nissogroup.com | https://www.nissogroup.com/company | https://www.nissogroup.com/company/c_info,EQUITY,Industrials,Conglomerates,https://www.nissogroup.com
3,3441,"SANNO Co., Ltd.",フィジカルAI,AI・半導体,8,5,7,ノイズ候補,C,needs_review,事業概要に直接根拠を確認できず,,0,,https://www.sanno.co.jp,EQUITY,Industrials,Metal Fabrication,https://www.sanno.co.jp
3,3441,"SANNO Co., Ltd.",ロボット,AI・半導体,8,5,7,ノイズ候補,C,needs_review,事業概要に直接根拠を確認できず,,0,,https://www.sanno.co.jp,EQUITY,Industrials,Metal Fabrication,https://www.sanno.co.jp
3,3441,"SANNO Co., Ltd.",水素,GX・エネルギー,8,5,7,ノイズ候補,C,needs_review,事業概要に直接根拠を確認できず,,0,,https://www.sanno.co.jp,EQUITY,Industrials,Metal Fabrication,https://www.sanno.co.jp
3,3441,"SANNO Co., Ltd.",自動車部材・部品,自動車・モビリティ,8,5,7,ノイズ候補,C,needs_review,事業概要に直接根拠を確認できず,,0,,https://www.sanno.co.jp,EQUITY,Industrials,Metal Fabrication,https://www.sanno.co.jp
3,3443,"Kawada Technologies, Inc.",FA関連,設備投資・機械,8,5,7,ノイズ候補,C,needs_review,事業概要に直接根拠を確認できず,,0,,https://www.kawada.jp,EQUITY,Industrials,Engineering & Construction,https://www.kawada.jp
3,3443,"Kawada Technologies, Inc.",サービスロボット,設備投資・機械,42,40,41,補助関連,C,needs_review,adjacent=robot; growth=expansion,,0,,https://www.kawada.jp,EQUITY,Industrials,Engineering & Construction,https://www.kawada.jp
3,3443,"Kawada Technologies, Inc.",ドローン,防衛・国土強靱化,8,5,7,ノイズ候補,C,needs_review,事業概要に直接根拠を確認できず,,0,,https://www.kawada.jp,EQUITY,Industrials,Engineering & Construction,https://www.kawada.jp
3,3443,"Kawada Technologies, Inc.",フィジカルAI,AI・半導体,42,40,41,補助関連,C,needs_review,adjacent=robot; growth=expansion,,0,,https://www.kawada.jp,EQUITY,Industrials,Engineering & Construction,https://www.kawada.jp
3,3443,"Kawada Technologies, Inc.",ロボット,AI・半導体,58,56,57,補助関連,C,needs_review,direct=robot; position=0.66; growth=expansion,,0,,https://www.kawada.jp,EQUITY,Industrials,Engineering & Construction,https://www.kawada.jp
3,3443,"Kawada Technologies, Inc.",国土強靱化,防衛・国土強靱化,46,44,45,補助関連,C,needs_review,adjacent=civil engineering/bridge; growth=expansion,,0,,https://www.kawada.jp,EQUITY,Industrials,Engineering & Construction,https://www.kawada.jp
3,3443,"Kawada Technologies, Inc.",航空,物流・海運,8,5,7,ノイズ候補,C,needs_review,事業概要に直接根拠を確認できず,,0,,https://www.kawada.jp,EQUITY,Industrials,Engineering & Construction,https://www.kawada.jp
3,3444,"Kikuchi Seisakusho Co., Ltd.",サービスロボット,設備投資・機械,42,30,38,ノイズ候補,C,needs_review,adjacent=robot,,0,,https://www.kikuchiseisakusho.co.jp,EQUITY,Industrials,Specialty Industrial Machinery,https://www.kikuchiseisakusho.co.jp
3,3444,"Kikuchi Seisakusho Co., Ltd.",ドローン,防衛・国土強靱化,8,5,7,ノイズ候補,C,needs_review,事業概要に直接根拠を確認できず,,0,,https://www.kikuchiseisakusho.co.jp,EQUITY,Industrials,Specialty Industrial Machinery,https://www.kikuchiseisakusho.co.jp
3,3444,"Kikuchi Seisakusho Co., Ltd.",フィジカルAI,AI・半導体,42,30,38,ノイズ候補,C,needs_review,adjacent=robot,,0,,https://www.kikuchiseisakusho.co.jp,EQUITY,Industrials,Specialty Industrial Machinery,https://www.kikuchiseisakusho.co.jp
3,3444,"Kikuchi Seisakusho Co., Ltd.",ロボット,AI・半導体,86,78,84,主力テーマ,B,ok,direct=robot; position=0.37,,0,,https://www.kikuchiseisakusho.co.jp,EQUITY,Industrials,Specialty Industrial Machinery,https://www.kikuchiseisakusho.co.jp
3,3445,"RS Technologies Co., Ltd.",半導体,AI・半導体,94,86,92,主力テーマ,A,ok,industry=Semiconductors; direct=semiconductor; position=0.26,,0,,https://www.rs-tec.jp,EQUITY,Technology,Semiconductors,https://www.rs-tec.jp
3,3445,"RS Technologies Co., Ltd.",半導体製造装置,AI・半導体,87,79,85,主力テーマ,A,ok,direct=semiconductor manufacturing equipment/semiconductor equipment; position=0.44,,0,,https://www.rs-tec.jp,EQUITY,Technology,Semiconductors,https://www.rs-tec.jp
3,3445,"RS Technologies Co., Ltd.",半導体部材・部品,AI・半導体,92,84,90,主力テーマ,A,ok,direct=silicon wafer; position=0.03,,0,,https://www.rs-tec.jp,EQUITY,Technology,Semiconductors,https://www.rs-tec.jp
3,3445,"RS Technologies Co., Ltd.",太陽光発電関連,GX・エネルギー,58,46,54,補助関連,C,needs_review,direct=solar power; position=0.75,,0,,https://www.rs-tec.jp,EQUITY,Technology,Semiconductors,https://www.rs-tec.jp
3,3446,JTEC Corporation,バイオテクノロジー関連,医療・ヘルスケア,8,5,7,ノイズ候補,C,needs_review,事業概要に直接根拠を確認できず,,0,,https://www.j-tec.co.jp | https://www.j-tec.co.jp/company-profile/outline/ | https://www.j-tec.co.jp/business/,EQUITY,Healthcare,Medical Instruments & Supplies,https://www.j-tec.co.jp
3,3446,JTEC Corporation,再生医療,医療・ヘルスケア,85,84,85,主力テーマ,A,ok,direct=regenerative medicine; position=0.48; growth=develops; official=再生医療; count=4; pos=0.25,再生医療,4,0.2540,https://www.j-tec.co.jp | https://www.j-tec.co.jp/company-profile/outline/ | https://www.j-tec.co.jp/business/,EQUITY,Healthcare,Medical Instruments & Supplies,https://www.j-tec.co.jp
3,3446,JTEC Corporation,半導体製造装置,AI・半導体,8,5,7,ノイズ候補,C,needs_review,事業概要に直接根拠を確認できず,,0,,https://www.j-tec.co.jp | https://www.j-tec.co.jp/company-profile/outline/ | https://www.j-tec.co.jp/business/,EQUITY,Healthcare,Medical Instruments & Supplies,https://www.j-tec.co.jp
3,3446,JTEC Corporation,核融合発電,GX・エネルギー,8,5,7,ノイズ候補,C,needs_review,事業概要に直接根拠を確認できず,,0,,https://www.j-tec.co.jp | https://www.j-tec.co.jp/company-profile/outline/ | https://www.j-tec.co.jp/business/,EQUITY,Healthcare,Medical Instruments & Supplies,https://www.j-tec.co.jp
3,3447,"Shinwa Co., Ltd.",物流,物流・海運,42,30,38,ノイズ候補,C,needs_review,adjacent=logistics,,0,,https://www.shinwa-jp.com,EQUITY,Industrials,Metal Fabrication,https://www.shinwa-jp.com
3,3449,Technoflex Corporation,ロボット,AI・半導体,8,5,7,ノイズ候補,C,needs_review,事業概要に直接根拠を確認できず,,0,,https://www.technoflex.co.jp,EQUITY,Industrials,Metal Fabrication,https://www.technoflex.co.jp
3,3449,Technoflex Corporation,介護関連,医療・ヘルスケア,8,5,7,ノイズ候補,C,needs_review,事業概要に直接根拠を確認できず,,0,,https://www.technoflex.co.jp,EQUITY,Industrials,Metal Fabrication,https://www.technoflex.co.jp
3,3449,Technoflex Corporation,半導体製造装置,AI・半導体,42,40,41,補助関連,C,needs_review,adjacent=semiconductor; growth=expansion,,0,,https://www.technoflex.co.jp,EQUITY,Industrials,Metal Fabrication,https://www.technoflex.co.jp
3,3449,Technoflex Corporation,水道関連,防衛・国土強靱化,72,68,71,有力関連,B,needs_review,adjacent=water pipe; growth=expansion; official=水道; count=2; pos=0.49,水道,2,0.4933,https://www.technoflex.co.jp,EQUITY,Industrials,Metal Fabrication,https://www.technoflex.co.jp
3,3449,Technoflex Corporation,防災,防衛・国土強靱化,8,5,7,ノイズ候補,C,needs_review,事業概要に直接根拠を確認できず,,0,,https://www.technoflex.co.jp,EQUITY,Industrials,Metal Fabrication,https://www.technoflex.co.jp
3,3452,B-Lot Company Limited,ホテル,内需・消費,58,54,57,補助関連,C,needs_review,事業概要に直接根拠を確認できず; official=ホテル; count=2; pos=0.13,ホテル,2,0.1321,https://www.b-lot.co.jp | https://www.b-lot.co.jp/services.html | https://www.b-lot.co.jp/news/notice/31344,EQUITY,Real Estate,Real Estate Services,https://www.b-lot.co.jp
3,3454,"First Brothers Co.,Ltd.",インバウンド,内需・消費,8,5,7,ノイズ候補,C,needs_review_macro,事業概要に直接根拠を確認できず,,0,,https://www.firstbrothers.com,EQUITY,Financial Services,Asset Management,https://www.firstbrothers.com
3,3454,"First Brothers Co.,Ltd.",ホテル,内需・消費,8,5,7,ノイズ候補,C,needs_review,事業概要に直接根拠を確認できず,,0,,https://www.firstbrothers.com,EQUITY,Financial Services,Asset Management,https://www.firstbrothers.com
3,3454,"First Brothers Co.,Ltd.",不動産ファンド,不動産・建設,58,56,57,補助関連,C,needs_review,direct=real estate fund; position=0.69; growth=investment,,0,,https://www.firstbrothers.com,EQUITY,Financial Services,Asset Management,https://www.firstbrothers.com
3,3454,"First Brothers Co.,Ltd.",不動産関連,不動産・建設,42,40,41,補助関連,C,needs_review,adjacent=real estate; growth=investment,,0,,https://www.firstbrothers.com,EQUITY,Financial Services,Asset Management,https://www.firstbrothers.com
3,3457,"&Do Holdings Co.,Ltd.",リース,金融・金利,72,68,71,有力関連,B,needs_review,adjacent=lease; growth=investment; official=リース; count=10; pos=0.23,リース,10,0.2284,https://www.housedo.co.jp | https://www.housedo.co.jp/service.html | https://www.housedo.co.jp/and-do/business/,EQUITY,Real Estate,Real Estate Services,https://www.housedo.co.jp
3,3457,"&Do Holdings Co.,Ltd.",不動産テック,不動産・建設,8,5,7,ノイズ候補,C,needs_review,事業概要に直接根拠を確認できず,,0,,https://www.housedo.co.jp | https://www.housedo.co.jp/service.html | https://www.housedo.co.jp/and-do/business/,EQUITY,Real Estate,Real Estate Services,https://www.housedo.co.jp
3,3457,"&Do Holdings Co.,Ltd.",不動産関連,不動産・建設,90,92,91,主力テーマ,A,ok,industry=Real Estate Services; adjacent=real estate; growth=investment; official=不動産関連/不動産; count=26; pos=0.01,不動産関連 | 不動産,26,0.0056,https://www.housedo.co.jp | https://www.housedo.co.jp/service.html | https://www.housedo.co.jp/and-do/business/,EQUITY,Real Estate,Real Estate Services,https://www.housedo.co.jp
3,3457,"&Do Holdings Co.,Ltd.",住宅関連,不動産・建設,58,54,57,補助関連,C,needs_review,事業概要に直接根拠を確認できず; official=住宅; count=4; pos=0.42,住宅,4,0.4188,https://www.housedo.co.jp | https://www.housedo.co.jp/service.html | https://www.housedo.co.jp/and-do/business/,EQUITY,Real Estate,Real Estate Services,https://www.housedo.co.jp
3,3461,"Palma Co., Ltd.",不動産関連,不動産・建設,8,5,7,ノイズ候補,C,needs_review,事業概要に直接根拠を確認できず,,0,,https://www.palma.jp,EQUITY,Industrials,Specialty Business Services,https://www.palma.jp
3,3463,Ichigo Hotel REIT Investment Corporation,ホテル,内需・消費,72,68,71,有力関連,B,needs_review,adjacent=hotel; growth=investment; official=ホテル; count=19; pos=0.00,ホテル,19,0.0015,https://www.ichigo-hotel.co.jp,EQUITY,Real Estate,REIT - Hotel & Motel,https://www.ichigo-hotel.co.jp
3,3465,"Ki-Star Real Estate Co.,Ltd",不動産関連,不動産・建設,90,92,91,主力テーマ,A,ok,industry=Real Estate Services; adjacent=real estate/property management; growth=development,,0,,https://www.ki-group.co.jp,EQUITY,Real Estate,Real Estate Services,https://www.ki-group.co.jp
3,3465,"Ki-Star Real Estate Co.,Ltd",住宅関連,不動産・建設,46,44,45,補助関連,C,needs_review,adjacent=housing/residential; growth=development,,0,,https://www.ki-group.co.jp,EQUITY,Real Estate,Real Estate Services,https://www.ki-group.co.jp
3,3467,Agratio urban design Inc.,ホテル,内需・消費,42,40,41,補助関連,C,needs_review,adjacent=accommodation; growth=development,,0,,https://www.agr-urban.co.jp | https://agr-urban.co.jp/afterservice/ | https://agr-urban.co.jp/lineup/,EQUITY,Real Estate,Real Estate Services,https://www.agr-urban.co.jp
3,3467,Agratio urban design Inc.,マンション関連,不動産・建設,90,89,90,主力テーマ,A,ok,direct=condominium/apartment building; position=0.45; growth=development; official=マンション; count=4; pos=0.11,マンション,4,0.1114,https://www.agr-urban.co.jp | https://agr-urban.co.jp/afterservice/ | https://agr-urban.co.jp/lineup/,EQUITY,Real Estate,Real Estate Services,https://www.agr-urban.co.jp
3,3467,Agratio urban design Inc.,不動産関連,不動産・建設,90,92,91,主力テーマ,A,ok,industry=Real Estate Services; adjacent=real estate; growth=development; official=不動産; count=1; pos=0.34,不動産,1,0.3402,https://www.agr-urban.co.jp | https://agr-urban.co.jp/afterservice/ | https://agr-urban.co.jp/lineup/,EQUITY,Real Estate,Real Estate Services,https://www.agr-urban.co.jp
3,3467,Agratio urban design Inc.,住宅関連,不動産・建設,92,94,93,主力テーマ,A,ok,direct=housing business; position=0.06; growth=development; official=住宅; count=26; pos=0.00,住宅,26,0.0013,https://www.agr-urban.co.jp | https://agr-urban.co.jp/afterservice/ | https://agr-urban.co.jp/lineup/,EQUITY,Real Estate,Real Estate Services,https://www.agr-urban.co.jp
3,3467,Agratio urban design Inc.,耐震化,防衛・国土強靱化,8,5,7,ノイズ候補,C,needs_review,事業概要に直接根拠を確認できず,,0,,https://www.agr-urban.co.jp | https://agr-urban.co.jp/afterservice/ | https://agr-urban.co.jp/lineup/,EQUITY,Real Estate,Real Estate Services,https://www.agr-urban.co.jp
3,3469,"Dualtap Co., Ltd.",ホテル,内需・消費,8,5,7,ノイズ候補,C,needs_review,事業概要に直接根拠を確認できず,,0,,https://www.dualtap.co.jp | https://www.dualtap.co.jp/company/outline.html | https://www.dualtap.co.jp/ir/irbusiness.html,EQUITY,Real Estate,Real Estate - Diversified,https://www.dualtap.co.jp
3,3469,"Dualtap Co., Ltd.",不動産ファンド,不動産・建設,85,82,84,主力テーマ,B,official_site_supported,adjacent=asset management; growth=develops; official=不動産ファンド/REIT; count=3; pos=0.27,不動産ファンド | REIT,3,0.2659,https://www.dualtap.co.jp | https://www.dualtap.co.jp/company/outline.html | https://www.dualtap.co.jp/ir/irbusiness.html,EQUITY,Real Estate,Real Estate - Diversified,https://www.dualtap.co.jp
3,3469,"Dualtap Co., Ltd.",不動産関連,不動産・建設,94,96,95,主力テーマ,A,ok,industry=Real Estate - Diversified; direct=real estate business; position=0.06; growth=develops; official=不動産; count=59; pos=0.00,不動産,59,0.0000,https://www.dualtap.co.jp | https://www.dualtap.co.jp/company/outline.html | https://www.dualtap.co.jp/ir/irbusiness.html,EQUITY,Real Estate,Real Estate - Diversified,https://www.dualtap.co.jp
3,3471,Mitsui Fudosan Logistics Park Inc.,物流,物流・海運,42,40,41,補助関連,C,needs_review,adjacent=logistics; growth=investment,,0,,https://www.mflp-r.co.jp,EQUITY,Real Estate,REIT - Diversified,https://www.mflp-r.co.jp
3,3474,"G-Factory Co.,Ltd.",リース,金融・金利,8,5,7,ノイズ候補,C,needs_review,事業概要に直接根拠を確認できず,,0,,https://g-fac.jp | https://g-fac.jp/business-support/ | https://g-fac.jp/food-service/,EQUITY,Real Estate,Real Estate Services,https://g-fac.jp
3,3474,"G-Factory Co.,Ltd.",不動産関連,不動産・建設,90,82,88,主力テーマ,A,ok,industry=Real Estate Services; adjacent=real estate,,0,,https://g-fac.jp | https://g-fac.jp/business-support/ | https://g-fac.jp/food-service/,EQUITY,Real Estate,Real Estate Services,https://g-fac.jp
3,3474,"G-Factory Co.,Ltd.",外食,内需・消費,86,78,84,主力テーマ,B,ok,direct=restaurant; position=0.26,,0,,https://g-fac.jp | https://g-fac.jp/business-support/ | https://g-fac.jp/food-service/,EQUITY,Real Estate,Real Estate Services,https://g-fac.jp
3,3475,"Good Com Asset Co., Ltd.",マンション関連,不動産・建設,92,98,94,主力テーマ,A,ok,direct=condominium; position=0.10; growth=develops/development; official=マンション; count=26; pos=0.02,マンション,26,0.0204,https://www.goodcomasset.co.jp | https://www.goodcomasset.co.jp/about,EQUITY,Real Estate,Real Estate - Diversified,https://www.goodcomasset.co.jp
3,3475,"Good Com Asset Co., Ltd.",不動産関連,不動産・建設,90,96,92,主力テーマ,A,ok,industry=Real Estate - Diversified; adjacent=real estate/property management; growth=develops/development; official=不動産; count=29; pos=0.04,不動産,29,0.0377,https://www.goodcomasset.co.jp | https://www.goodcomasset.co.jp/about,EQUITY,Real Estate,Real Estate - Diversified,https://www.goodcomasset.co.jp
3,3477,"FORLIFE Co., Ltd.",不動産関連,不動産・建設,8,5,7,ノイズ候補,C,needs_review,事業概要に直接根拠を確認できず; official=不動産; count=1; pos=0.10,不動産,1,0.0968,https://www.forlifeand.com | https://www.forlifeand.com/custom/lineup/ | https://www.forlifeand.com/company/profile/,EQUITY,Consumer Cyclical,Residential Construction,https://www.forlifeand.com
3,3477,"FORLIFE Co., Ltd.",住宅関連,不動産・建設,97,89,95,主力テーマ,A,ok,industry=Residential Construction; direct=residential construction/custom-built homes; position=0.11; official=住宅; count=76; pos=0.00,住宅,76,0.0007,https://www.forlifeand.com | https://www.forlifeand.com/custom/lineup/ | https://www.forlifeand.com/company/profile/,EQUITY,Consumer Cyclical,Residential Construction,https://www.forlifeand.com
3,3479,TKP Corporation,インバウンド,内需・消費,46,34,42,補助関連,C,needs_review_macro,adjacent=hotel/restaurant,,0,,https://www.tkp.jp,EQUITY,Real Estate,Real Estate Services,https://www.tkp.jp
3,3479,TKP Corporation,ホテル,内需・消費,46,34,42,補助関連,C,needs_review,adjacent=hotel/accommodation,,0,,https://www.tkp.jp,EQUITY,Real Estate,Real Estate Services,https://www.tkp.jp
3,3479,TKP Corporation,不動産関連,不動産・建設,90,82,88,主力テーマ,A,ok,industry=Real Estate Services; adjacent=real estate,,0,,https://www.tkp.jp,EQUITY,Real Estate,Real Estate Services,https://www.tkp.jp
3,3481,Mitsubishi Estate Logistics REIT Investment Corporation,物流,物流・海運,42,42,42,補助関連,C,needs_review,adjacent=logistics; growth=focuses/investment,,0,,https://www.mel-reit.co.jp,EQUITY,Real Estate,REIT - Industrial,https://www.mel-reit.co.jp
3,3482,Loadstar Capital K.K.,不動産テック,不動産・建設,8,5,7,ノイズ候補,C,needs_review,事業概要に直接根拠を確認できず,,0,,https://www.loadstarcapital.com | https://www.loadstarcapital.com/ja/company.html | https://www.loadstarcapital.com/ja/business.html,EQUITY,Real Estate,Real Estate Services,https://www.loadstarcapital.com
3,3482,Loadstar Capital K.K.,不動産関連,不動産・建設,90,94,91,主力テーマ,A,ok,industry=Real Estate Services; adjacent=real estate; growth=development/investment; official=不動産; count=17; pos=0.07,不動産,17,0.0679,https://www.loadstarcapital.com | https://www.loadstarcapital.com/ja/company.html | https://www.loadstarcapital.com/ja/business.html,EQUITY,Real Estate,Real Estate Services,https://www.loadstarcapital.com
3,3484,"Innovation Holdings CO.,LTD.",不動産関連,不動産・建設,90,82,88,主力テーマ,A,ok,industry=Real Estate Services; adjacent=real estate/property management,,0,,https://www.ihd.co.jp,EQUITY,Real Estate,Real Estate Services,https://www.ihd.co.jp
3,3486,Global Link Management Inc.,不動産ファンド,不動産・建設,90,96,92,主力テーマ,A,official_site_supported,事業概要に直接根拠を確認できず; official=不動産ファンド; count=1; pos=0.18,不動産ファンド,1,0.1771,https://www.global-link-m.com | https://www.global-link-m.com/company/ | https://www.global-link-m.com/company/glm/profile/,EQUITY,Real Estate,Real Estate Services,https://www.global-link-m.com
3,3486,Global Link Management Inc.,不動産関連,不動産・建設,90,94,91,主力テーマ,A,ok,industry=Real Estate Services; adjacent=real estate; growth=development/investment; official=不動産; count=27; pos=0.00,不動産,27,0.0015,https://www.global-link-m.com | https://www.global-link-m.com/company/ | https://www.global-link-m.com/company/glm/profile/,EQUITY,Real Estate,Real Estate Services,https://www.global-link-m.com
3,3487,"CRE Logistics REIT, Inc.",物流,物流・海運,42,40,41,補助関連,C,needs_review,adjacent=logistics; growth=investment,,0,,https://cre-reit.co.jp,EQUITY,Real Estate,REIT - Diversified,https://cre-reit.co.jp
3,3489,"FaithNetwork Co.,Ltd",マンション関連,不動産・建設,66,68,67,有力関連,B,qa_borderline,direct=condominium; position=0.52; growth=develops/investment,,0,,https://www.faithnetwork.jp,EQUITY,Real Estate,Real Estate Services,https://www.faithnetwork.jp
3,3489,"FaithNetwork Co.,Ltd",不動産関連,不動産・建設,90,94,91,主力テーマ,A,ok,industry=Real Estate Services; adjacent=real estate; growth=develops/investment,,0,,https://www.faithnetwork.jp,EQUITY,Real Estate,Real Estate Services,https://www.faithnetwork.jp
3,3490,"Azplanning Co.,Ltd.",マンション関連,不動産・建設,8,5,7,ノイズ候補,C,needs_review,事業概要に直接根拠を確認できず,,0,,https://www.azplan.co.jp | https://www.azplan.co.jp/company/ | https://www.azplan.co.jp/service/,EQUITY,Real Estate,Real Estate Services,https://www.azplan.co.jp
3,3490,"Azplanning Co.,Ltd.",不動産関連,不動産・建設,90,92,91,主力テーマ,A,ok,industry=Real Estate Services; adjacent=real estate; growth=develops; official=不動産; count=63; pos=0.00,不動産,63,0.0038,https://www.azplan.co.jp | https://www.azplan.co.jp/company/ | https://www.azplan.co.jp/service/,EQUITY,Real Estate,Real Estate Services,https://www.azplan.co.jp
3,3491,"GA technologies Co., Ltd.",SaaS,デジタル・サービス,58,56,57,補助関連,C,needs_review,direct=saas; position=0.82; growth=investment,,0,,https://www.ga-tech.co.jp | https://www.ga-tech.co.jp/services/ | https://www.ga-tech.co.jp/company/,EQUITY,Communication Services,Internet Content & Information,https://www.ga-tech.co.jp
3,3491,"GA technologies Co., Ltd.",デジタルトランスフォーメーション,デジタル・サービス,72,68,71,有力関連,B,needs_review,事業概要に直接根拠を確認できず; official=DX; count=2; pos=0.52,DX,2,0.5166,https://www.ga-tech.co.jp | https://www.ga-tech.co.jp/services/ | https://www.ga-tech.co.jp/company/,EQUITY,Communication Services,Internet Content & Information,https://www.ga-tech.co.jp
3,3491,"GA technologies Co., Ltd.",不動産テック,不動産・建設,72,68,71,有力関連,B,needs_review,direct=proptech; position=0.83; growth=investment; official=不動産テック; count=1; pos=0.49,不動産テック,1,0.4905,https://www.ga-tech.co.jp | https://www.ga-tech.co.jp/services/ | https://www.ga-tech.co.jp/company/,EQUITY,Communication Services,Internet Content & Information,https://www.ga-tech.co.jp
3,3491,"GA technologies Co., Ltd.",不動産関連,不動産・建設,92,94,93,主力テーマ,A,ok,direct=real estate brokerage; position=0.04; growth=investment; official=不動産; count=22; pos=0.06,不動産,22,0.0592,https://www.ga-tech.co.jp | https://www.ga-tech.co.jp/services/ | https://www.ga-tech.co.jp/company/,EQUITY,Communication Services,Internet Content & Information,https://www.ga-tech.co.jp
3,3491,"GA technologies Co., Ltd.",人工知能,AI・半導体,92,94,93,主力テーマ,A,ok,direct= ai ; position=0.11; growth=investment; official=AI; count=4; pos=0.19,AI,4,0.1872,https://www.ga-tech.co.jp | https://www.ga-tech.co.jp/services/ | https://www.ga-tech.co.jp/company/,EQUITY,Communication Services,Internet Content & Information,https://www.ga-tech.co.jp
3,3491,"GA technologies Co., Ltd.",生成AI,AI・半導体,42,40,41,補助関連,C,needs_review,adjacent= ai ; growth=investment,,0,,https://www.ga-tech.co.jp | https://www.ga-tech.co.jp/services/ | https://www.ga-tech.co.jp/company/,EQUITY,Communication Services,Internet Content & Information,https://www.ga-tech.co.jp
3,3494,"Mullion Co., Ltd.",不動産ファンド,不動産・建設,8,5,7,ノイズ候補,C,needs_review,事業概要に直接根拠を確認できず,,0,,https://www.mullion.co.jp,EQUITY,Real Estate,Real Estate Services,https://www.mullion.co.jp
3,3494,"Mullion Co., Ltd.",不動産関連,不動産・建設,90,82,88,主力テーマ,A,ok,industry=Real Estate Services; adjacent=real estate,,0,,https://www.mullion.co.jp,EQUITY,Real Estate,Real Estate Services,https://www.mullion.co.jp
3,3495,"Koryojyuhan Co., Ltd.",不動産関連,不動産・建設,90,82,88,主力テーマ,A,ok,industry=Real Estate Services; adjacent=real estate; official=不動産; count=50; pos=0.00,不動産,50,0.0040,https://www.koryo-j.co.jp | https://www.koryo-j.co.jp/business/ | https://www.koryo-j.co.jp/business/rent/,EQUITY,Real Estate,Real Estate Services,https://www.koryo-j.co.jp
3,3495,"Koryojyuhan Co., Ltd.",太陽光発電関連,GX・エネルギー,90,82,88,主力テーマ,A,official_site_supported,direct=solar power; position=0.53; official=太陽光発電; count=5; pos=0.04,太陽光発電,5,0.0384,https://www.koryo-j.co.jp | https://www.koryo-j.co.jp/business/ | https://www.koryo-j.co.jp/business/rent/,EQUITY,Real Estate,Real Estate Services,https://www.koryo-j.co.jp
3,3496,"Azoom Co.,Ltd",不動産関連,不動産・建設,90,92,91,主力テーマ,A,ok,industry=Real Estate Services; adjacent=real estate; growth=development,,0,,https://www.azoom.jp,EQUITY,Real Estate,Real Estate Services,https://www.azoom.jp
3,3498,"Kasumigaseki Capital Co.,Ltd.",ホテル,内需・消費,72,68,71,有力関連,B,needs_review,adjacent=hotel; growth=develops; official=ホテル; count=9; pos=0.01,ホテル,9,0.0080,https://kasumigaseki.co.jp | https://kasumigaseki.co.jp/company | https://kasumigaseki.co.jp/company/outline/,EQUITY,Industrials,Conglomerates,https://kasumigaseki.co.jp
3,3498,"Kasumigaseki Capital Co.,Ltd.",不動産関連,不動産・建設,72,68,71,有力関連,B,needs_review,adjacent=real estate; growth=develops; official=不動産; count=26; pos=0.33,不動産,26,0.3341,https://kasumigaseki.co.jp | https://kasumigaseki.co.jp/company | https://kasumigaseki.co.jp/company/outline/,EQUITY,Industrials,Conglomerates,https://kasumigaseki.co.jp
3,3498,"Kasumigaseki Capital Co.,Ltd.",倉庫,物流・海運,91,97,93,主力テーマ,A,ok,direct=warehousing/cold storage; position=0.34; growth=develops; official=倉庫; count=2; pos=0.17,倉庫,2,0.1711,https://kasumigaseki.co.jp | https://kasumigaseki.co.jp/company | https://kasumigaseki.co.jp/company/outline/,EQUITY,Industrials,Conglomerates,https://kasumigaseki.co.jp
3,3498,"Kasumigaseki Capital Co.,Ltd.",再生可能エネルギー,GX・エネルギー,42,40,41,補助関連,C,needs_review,adjacent=solar power; growth=develops,,0,,https://kasumigaseki.co.jp | https://kasumigaseki.co.jp/company | https://kasumigaseki.co.jp/company/outline/,EQUITY,Industrials,Conglomerates,https://kasumigaseki.co.jp
3,3498,"Kasumigaseki Capital Co.,Ltd.",太陽光発電関連,GX・エネルギー,86,92,88,主力テーマ,A,ok,direct=solar power; position=0.22; growth=develops; official=ソーラー; count=1; pos=0.50,ソーラー,1,0.5027,https://kasumigaseki.co.jp | https://kasumigaseki.co.jp/company | https://kasumigaseki.co.jp/company/outline/,EQUITY,Industrials,Conglomerates,https://kasumigaseki.co.jp
3,3498,"Kasumigaseki Capital Co.,Ltd.",物流,物流・海運,72,68,71,有力関連,B,needs_review,adjacent=logistics; growth=develops; official=物流; count=7; pos=0.01,物流,7,0.0075,https://kasumigaseki.co.jp | https://kasumigaseki.co.jp/company | https://kasumigaseki.co.jp/company/outline/,EQUITY,Industrials,Conglomerates,https://kasumigaseki.co.jp
3,3498,"Kasumigaseki Capital Co.,Ltd.",風力発電,GX・エネルギー,8,5,7,ノイズ候補,C,needs_review,事業概要に直接根拠を確認できず,,0,,https://kasumigaseki.co.jp | https://kasumigaseki.co.jp/company | https://kasumigaseki.co.jp/company/outline/,EQUITY,Industrials,Conglomerates,https://kasumigaseki.co.jp
3,3501,"SUMINOE Co., Ltd.",住宅関連,不動産・建設,72,68,71,有力関連,B,needs_review,事業概要に直接根拠を確認できず; official=住宅; count=27; pos=0.02,住宅,27,0.0169,https://www.suminoe.jp | https://www.suminoe.jp/search?q= | https://www.suminoe.jp/pages/outline,EQUITY,Consumer Cyclical,Textile Manufacturing,https://www.suminoe.jp
3,3501,"SUMINOE Co., Ltd.",自動車部材・部品,自動車・モビリティ,46,34,42,補助関連,C,needs_review,adjacent=automotive/vehicle,,0,,https://www.suminoe.jp | https://www.suminoe.jp/search?q= | https://www.suminoe.jp/pages/outline,EQUITY,Consumer Cyclical,Textile Manufacturing,https://www.suminoe.jp
3,3501,"SUMINOE Co., Ltd.",鉄道関連,物流・海運,42,30,38,ノイズ候補,C,needs_review,adjacent=train,,0,,https://www.suminoe.jp | https://www.suminoe.jp/search?q= | https://www.suminoe.jp/pages/outline,EQUITY,Consumer Cyclical,Textile Manufacturing,https://www.suminoe.jp
3,350A,DIGITAL GRID Corporation,再生可能エネルギー,GX・エネルギー,94,96,95,主力テーマ,A,ok,industry=Utilities - Renewable; direct=renewable energy; position=0.20; growth=development; official=再生可能エネルギー/再エネ; count=51; pos=0.05,再生可能エネルギー | 再エネ,51,0.0548,https://www.digitalgrid.com | https://www.digitalgrid.com/services/ | https://www.digitalgrid.com/about-us/info/,EQUITY,Utilities,Utilities - Renewable,https://www.digitalgrid.com
3,350A,DIGITAL GRID Corporation,省エネ関連,GX・エネルギー,8,5,7,ノイズ候補,C,needs_review,事業概要に直接根拠を確認できず,,0,,https://www.digitalgrid.com | https://www.digitalgrid.com/services/ | https://www.digitalgrid.com/about-us/info/,EQUITY,Utilities,Utilities - Renewable,https://www.digitalgrid.com
3,350A,DIGITAL GRID Corporation,脱炭素,GX・エネルギー,92,90,91,主力テーマ,A,official_site_supported,direct=decarbonization; position=0.71; growth=development; official=脱炭素/カーボンニュートラル; count=6; pos=0.13,脱炭素 | カーボンニュートラル,6,0.1350,https://www.digitalgrid.com | https://www.digitalgrid.com/services/ | https://www.digitalgrid.com/about-us/info/,EQUITY,Utilities,Utilities - Renewable,https://www.digitalgrid.com
3,350A,DIGITAL GRID Corporation,蓄電池,GX・エネルギー,92,90,91,主力テーマ,A,official_site_supported,adjacent=battery; growth=development; official=蓄電池; count=13; pos=0.08,蓄電池,13,0.0789,https://www.digitalgrid.com | https://www.digitalgrid.com/services/ | https://www.digitalgrid.com/about-us/info/,EQUITY,Utilities,Utilities - Renewable,https://www.digitalgrid.com
3,350A,DIGITAL GRID Corporation,電力会社,データセンター・電力,92,90,91,主力テーマ,A,official_site_supported,事業概要に直接根拠を確認できず; official=電力会社; count=6; pos=0.12,電力会社,6,0.1247,https://www.digitalgrid.com | https://www.digitalgrid.com/services/ | https://www.digitalgrid.com/about-us/info/,EQUITY,Utilities,Utilities - Renewable,https://www.digitalgrid.com
3,3521,"Thermae-Yu Holdings Co., Ltd.",不動産関連,不動産・建設,90,82,88,主力テーマ,A,ok,industry=Real Estate Services; adjacent=real estate,,0,,https://www.econach.co.jp,EQUITY,Real Estate,Real Estate Services,https://www.econach.co.jp
3,3524,"Nitto Seimo Co., Ltd.",宇宙開発関連,防衛・国土強靱化,8,5,7,ノイズ候補,C,needs_review,事業概要に直接根拠を確認できず,,0,,https://www.nittoseimo.co.jp | https://www.nittoseimo.co.jp/company/ | https://www.nittoseimo.co.jp/company/outline/,EQUITY,Consumer Cyclical,Textile Manufacturing,https://www.nittoseimo.co.jp
3,3524,"Nitto Seimo Co., Ltd.",防災,防衛・国土強靱化,90,82,88,主力テーマ,A,official_site_supported,事業概要に直接根拠を確認できず; official=災害対策; count=3; pos=0.02,災害対策,3,0.0200,https://www.nittoseimo.co.jp | https://www.nittoseimo.co.jp/company/ | https://www.nittoseimo.co.jp/company/outline/,EQUITY,Consumer Cyclical,Textile Manufacturing,https://www.nittoseimo.co.jp
3,3529,"Atsugi Co., Ltd.",不動産関連,不動産・建設,8,5,7,ノイズ候補,C,needs_review,事業概要に直接根拠を確認できず,,0,,https://www.atsugi.co.jp,EQUITY,Consumer Cyclical,Apparel Manufacturing,https://www.atsugi.co.jp
3,3529,"Atsugi Co., Ltd.",介護関連,医療・ヘルスケア,66,56,63,有力関連,B,qa_borderline,direct=elderly care; position=0.60,,0,,https://www.atsugi.co.jp,EQUITY,Consumer Cyclical,Apparel Manufacturing,https://www.atsugi.co.jp
3,3529,"Atsugi Co., Ltd.",太陽光発電関連,GX・エネルギー,8,5,7,ノイズ候補,C,needs_review,事業概要に直接根拠を確認できず,,0,,https://www.atsugi.co.jp,EQUITY,Consumer Cyclical,Apparel Manufacturing,https://www.atsugi.co.jp
3,352A,"LOIVE Co.,Ltd.",サブスクリプション,デジタル・サービス,8,5,7,ノイズ候補,C,needs_review,事業概要に直接根拠を確認できず,,0,,https://loive.co.jp | https://loive.co.jp/news/post/1884/ | https://loive.co.jp/recruit,EQUITY,Consumer Cyclical,Leisure,https://loive.co.jp
3,3536,"Axas Holdings Co.,Ltd.",小売り,内需・消費,46,34,42,補助関連,C,needs_review,adjacent=retail/stores,,0,,https://www.axas-hd.jp | https://www.axas-hd.jp/corporate/ | https://www.axas-hd.jp/corporate/profile/,EQUITY,Consumer Defensive,Household & Personal Products,https://www.axas-hd.jp
3,3538,WILLPLUS Holdings Corporation,小売り,内需・消費,8,5,7,ノイズ候補,C,needs_review,事業概要に直接根拠を確認できず,,0,,https://www.willplus.co.jp,EQUITY,Consumer Cyclical,Auto & Truck Dealerships,https://www.willplus.co.jp
3,3539,"JM Holdings Co.,Ltd.",外食,内需・消費,86,78,84,主力テーマ,B,ok,direct=restaurant; position=0.23,,0,,https://www.jm-holdings.co.jp,EQUITY,Consumer Defensive,Grocery Stores,https://www.jm-holdings.co.jp
3,3542,"Vega Corporation Co.,Ltd.",IT関連,デジタル・サービス,72,68,71,有力関連,B,needs_review,事業概要に直接根拠を確認できず; official=IT; count=6; pos=0.31,IT,6,0.3083,https://www.vega-c.com,EQUITY,Consumer Cyclical,Internet Retail,https://www.vega-c.com
3,3542,"Vega Corporation Co.,Ltd.",eコマース,内需・消費,85,82,84,主力テーマ,B,ok,direct=e-commerce; position=0.46; official=EC; count=3; pos=0.35,EC,3,0.3500,https://www.vega-c.com,EQUITY,Consumer Cyclical,Internet Retail,https://www.vega-c.com
3,3543,"KOMEDA Holdings Co., Ltd.",外食,内需・消費,94,86,92,主力テーマ,A,ok,industry=Restaurants; direct=restaurant; official=外食; count=1; pos=0.62,外食,1,0.6230,https://www.komeda-holdings.co.jp | https://komeda-holdings.co.jp/company-profile/ | https://komeda-holdings.co.jp/about-us/,EQUITY,Consumer Cyclical,Restaurants,https://www.komeda-holdings.co.jp
3,3544,"Satudora Holdings Co.,Ltd.",インバウンド,内需・消費,8,5,7,ノイズ候補,C,needs_review_macro,事業概要に直接根拠を確認できず,,0,,https://satudora-hd.co.jp | https://satudora-hd.co.jp/business/ | https://satudora-hd.co.jp/business/development/,EQUITY,Healthcare,Pharmaceutical Retailers,https://satudora-hd.co.jp
3,3544,"Satudora Holdings Co.,Ltd.",小売り,内需・消費,46,44,45,補助関連,C,needs_review,adjacent=retail/stores; growth=development,,0,,https://satudora-hd.co.jp | https://satudora-hd.co.jp/business/ | https://satudora-hd.co.jp/business/development/,EQUITY,Healthcare,Pharmaceutical Retailers,https://satudora-hd.co.jp
3,3544,"Satudora Holdings Co.,Ltd.",食品,内需・消費,8,5,7,ノイズ候補,C,needs_review,事業概要に直接根拠を確認できず; official=食品; count=1; pos=0.48,食品,1,0.4841,https://satudora-hd.co.jp | https://satudora-hd.co.jp/business/ | https://satudora-hd.co.jp/business/development/,EQUITY,Healthcare,Pharmaceutical Retailers,https://satudora-hd.co.jp
3,3547,Unisia Holdings Co.,外食,内需・消費,94,96,95,主力テーマ,A,ok,industry=Restaurants; direct=restaurant; position=0.03; growth=development,,0,,https://unisia.co.jp,EQUITY,Consumer Cyclical,Restaurants,https://unisia.co.jp
3,3548,Baroque Japan Limited,eコマース,内需・消費,92,90,91,主力テーマ,A,official_site_supported,事業概要に直接根拠を確認できず; official=EC; count=7; pos=0.01,EC,7,0.0127,https://www.baroque-global.com | https://www.baroque-global.com/jp/corporate,EQUITY,Consumer Cyclical,Apparel Retail,https://www.baroque-global.com
3,3549,"Kusuri No Aoki Holdings Co., Ltd.",小売り,内需・消費,42,30,38,ノイズ候補,C,needs_review,adjacent=retail,,0,,https://www.kusuri-aoki-hd.co.jp | https://kusuri-aoki-hd.co.jp/company/overview/ | https://kusuri-aoki-hd.co.jp/company/business/,EQUITY,Healthcare,Pharmaceutical Retailers,https://www.kusuri-aoki-hd.co.jp
3,3549,"Kusuri No Aoki Holdings Co., Ltd.",食品,内需・消費,42,30,38,ノイズ候補,C,needs_review,adjacent=foods; official=食品; count=1; pos=0.79,食品,1,0.7945,https://www.kusuri-aoki-hd.co.jp | https://kusuri-aoki-hd.co.jp/company/overview/ | https://kusuri-aoki-hd.co.jp/company/business/,EQUITY,Healthcare,Pharmaceutical Retailers,https://www.kusuri-aoki-hd.co.jp
3,3550,"STUDIO ATAO Co., Ltd.",小売り,内需・消費,42,30,38,ノイズ候補,C,needs_review,adjacent=stores,,0,,https://www.studioatao.jp | https://www.studioatao.jp/about/,EQUITY,Consumer Cyclical,Footwear & Accessories,https://www.studioatao.jp
3,3551,Dynic Corporation,自動車部材・部品,自動車・モビリティ,8,5,7,ノイズ候補,C,needs_review,事業概要に直接根拠を確認できず,,0,,https://www.dynic.co.jp,EQUITY,Industrials,Specialty Business Services,https://www.dynic.co.jp
3,3553,"Kyowa Leather Cloth Co., Ltd.",eコマース,内需・消費,90,96,92,主力テーマ,A,official_site_supported,事業概要に直接根拠を確認できず; official=EC; count=2; pos=0.07,EC,2,0.0742,https://www.kyowale.co.jp | https://www.kyowale.co.jp/business/ | https://www.kyowale.co.jp/company/outline/,EQUITY,Basic Materials,Chemicals,https://www.kyowale.co.jp
3,3553,"Kyowa Leather Cloth Co., Ltd.",住宅関連,不動産・建設,72,68,71,有力関連,B,needs_review,adjacent=housing; official=住宅; count=5; pos=0.14,住宅,5,0.1446,https://www.kyowale.co.jp | https://www.kyowale.co.jp/business/ | https://www.kyowale.co.jp/company/outline/,EQUITY,Basic Materials,Chemicals,https://www.kyowale.co.jp
3,3553,"Kyowa Leather Cloth Co., Ltd.",自動車部材・部品,自動車・モビリティ,42,30,38,ノイズ候補,C,needs_review,adjacent=automotive,,0,,https://www.kyowale.co.jp | https://www.kyowale.co.jp/business/ | https://www.kyowale.co.jp/company/outline/,EQUITY,Basic Materials,Chemicals,https://www.kyowale.co.jp
3,3556,"RenetJapanGroup,Inc.",リース,金融・金利,8,5,7,ノイズ候補,C,needs_review,事業概要に直接根拠を確認できず,,0,,https://corp.renet.jp,EQUITY,Consumer Cyclical,Internet Retail,https://corp.renet.jp
3,3556,"RenetJapanGroup,Inc.",レアアース,資源・素材,8,5,7,ノイズ候補,C,needs_review,事業概要に直接根拠を確認できず,,0,,https://corp.renet.jp,EQUITY,Consumer Cyclical,Internet Retail,https://corp.renet.jp
3,3556,"RenetJapanGroup,Inc.",都市鉱山,資源・素材,90,82,88,主力テーマ,A,official_site_supported,adjacent=recycling; official=都市鉱山; count=5; pos=0.08,都市鉱山,5,0.0768,https://corp.renet.jp,EQUITY,Consumer Cyclical,Internet Retail,https://corp.renet.jp
3,3557,"United & Collective Co., Ltd.",外食,内需・消費,94,86,92,主力テーマ,A,ok,industry=Restaurants; direct=restaurant; position=0.18; official=外食; count=5; pos=0.36,外食,5,0.3624,https://www.united-collective.co.jp | https://www.united-collective.co.jp/company | https://www.united-collective.co.jp/business-model,EQUITY,Consumer Cyclical,Restaurants,https://www.united-collective.co.jp
3,3557,"United & Collective Co., Ltd.",宅配,物流・海運,8,5,7,ノイズ候補,C,needs_review,事業概要に直接根拠を確認できず,,0,,https://www.united-collective.co.jp | https://www.united-collective.co.jp/company | https://www.united-collective.co.jp/business-model,EQUITY,Consumer Cyclical,Restaurants,https://www.united-collective.co.jp
3,3558,"JADE GROUP,Inc",eコマース,内需・消費,92,90,91,主力テーマ,A,ok,direct=e-commerce; position=0.16; official=EC; count=12; pos=0.03,EC,12,0.0275,https://jade-group.jp,EQUITY,Consumer Cyclical,Internet Retail,https://jade-group.jp
3,3558,"JADE GROUP,Inc",物流,物流・海運,58,54,57,補助関連,C,needs_review,adjacent=logistics; official=物流; count=2; pos=0.23,物流,2,0.2315,https://jade-group.jp,EQUITY,Consumer Cyclical,Internet Retail,https://jade-group.jp
3,3559,p-ban.com Corp.,eコマース,内需・消費,92,94,93,主力テーマ,A,ok,direct=e-commerce; position=0.19; growth=development,,0,,https://p-ban.com,EQUITY,Technology,Electronic Components,https://p-ban.com
3,3559,p-ban.com Corp.,生成AI,AI・半導体,8,5,7,ノイズ候補,C,needs_review,事業概要に直接根拠を確認できず,,0,,https://p-ban.com,EQUITY,Technology,Electronic Components,https://p-ban.com
3,3560,"Hobonichi Co., Ltd.",食品,内需・消費,8,5,7,ノイズ候補,C,needs_review,事業概要に直接根拠を確認できず,,0,,https://www.hobonichi.co.jp,EQUITY,Consumer Cyclical,Specialty Retail,https://www.hobonichi.co.jp
3,3561,"Chikaranomoto Holdings Co., Ltd.",外食,内需・消費,94,86,92,主力テーマ,A,ok,industry=Restaurants; direct=restaurant; position=0.11,,0,,https://www.chikaranomoto.com,EQUITY,Consumer Cyclical,Restaurants,https://www.chikaranomoto.com
3,3562,"No.1 Co.,Ltd",サイバーセキュリティ,防衛・国土強靱化,92,96,93,主力テーマ,A,ok,direct=information security; position=0.13; growth=develops/development,,0,,https://www.number-1.co.jp,EQUITY,Industrials,Business Equipment & Supplies,https://www.number-1.co.jp
3,3563,Food & Life Companies Ltd.,外食,内需・消費,94,86,92,主力テーマ,A,ok,industry=Restaurants; direct=restaurant; position=0.13,,0,,https://www.food-and-life.co.jp | https://food-and-life.co.jp/company-overview | https://food-and-life.co.jp/company-profile,EQUITY,Consumer Cyclical,Restaurants,https://www.food-and-life.co.jp
3,3563,Food & Life Companies Ltd.,小売り,内需・消費,8,5,7,ノイズ候補,C,needs_review,事業概要に直接根拠を確認できず,,0,,https://www.food-and-life.co.jp | https://food-and-life.co.jp/company-overview | https://food-and-life.co.jp/company-profile,EQUITY,Consumer Cyclical,Restaurants,https://www.food-and-life.co.jp
3,3565,Ascentech K.K.,IT関連,デジタル・サービス,94,86,92,主力テーマ,A,ok,industry=Information Technology Services; direct=information technology; official=IT; count=4; pos=0.16,IT,4,0.1560,https://www.ascentech.co.jp,EQUITY,Technology,Information Technology Services,https://www.ascentech.co.jp
3,3565,Ascentech K.K.,クラウドコンピューティング,デジタル・サービス,58,46,54,補助関連,C,needs_review,direct=cloud service; position=0.70,,0,,https://www.ascentech.co.jp,EQUITY,Technology,Information Technology Services,https://www.ascentech.co.jp
3,3565,Ascentech K.K.,サブスクリプション,デジタル・サービス,8,5,7,ノイズ候補,C,needs_review,事業概要に直接根拠を確認できず,,0,,https://www.ascentech.co.jp,EQUITY,Technology,Information Technology Services,https://www.ascentech.co.jp
3,3565,Ascentech K.K.,人工知能,AI・半導体,90,68,83,主力テーマ,B,official_site_supported,事業概要に直接根拠を確認できず; official=AI; count=2; pos=0.13,AI,2,0.1274,https://www.ascentech.co.jp,EQUITY,Technology,Information Technology Services,https://www.ascentech.co.jp
3,3565,Ascentech K.K.,生成AI,AI・半導体,8,5,7,ノイズ候補,C,needs_review,事業概要に直接根拠を確認できず,,0,,https://www.ascentech.co.jp,EQUITY,Technology,Information Technology Services,https://www.ascentech.co.jp
3,3566,"Uniform Next Co., Ltd.",小売り,内需・消費,46,34,42,補助関連,C,needs_review,adjacent=retail/stores,,0,,https://www.uniformnext.com | https://www.uniformnext.com/food-uniform/ | https://www.uniformnext.com/blog/archives/48462,EQUITY,Consumer Cyclical,Apparel Retail,https://www.uniformnext.com
3,3569,"Seiren Co.,Ltd.",再生医療,医療・ヘルスケア,8,5,7,ノイズ候補,C,needs_review,事業概要に直接根拠を確認できず,,0,,https://www.seiren.com,EQUITY,Consumer Cyclical,Textile Manufacturing,https://www.seiren.com
3,3569,"Seiren Co.,Ltd.",宇宙開発関連,防衛・国土強靱化,82,74,80,主力テーマ,B,ok,direct=satellite; position=0.44,,0,,https://www.seiren.com,EQUITY,Consumer Cyclical,Textile Manufacturing,https://www.seiren.com
3,3569,"Seiren Co.,Ltd.",自動車軽量化,自動車・モビリティ,8,5,7,ノイズ候補,C,needs_review,事業概要に直接根拠を確認できず,,0,,https://www.seiren.com,EQUITY,Consumer Cyclical,Textile Manufacturing,https://www.seiren.com
3,3569,"Seiren Co.,Ltd.",自動車部材・部品,自動車・モビリティ,46,34,42,補助関連,C,needs_review,adjacent=automotive/vehicle,,0,,https://www.seiren.com,EQUITY,Consumer Cyclical,Textile Manufacturing,https://www.seiren.com
3,3571,"Sotoh Co., Ltd.",不動産関連,不動産・建設,58,46,54,補助関連,C,needs_review,direct=real estate business; position=0.75,,0,,https://www.sotoh.co.jp,EQUITY,Consumer Cyclical,Textile Manufacturing,https://www.sotoh.co.jp
3,3580,"KOMATSU MATERE Co.,Ltd.",耐震化,防衛・国土強靱化,8,5,7,ノイズ候補,C,needs_review,事業概要に直接根拠を確認できず,,0,,https://www.komatsumatere.co.jp | https://www.komatsumatere.co.jp/products/favorite/ | https://www.komatsumatere.co.jp/company/,EQUITY,Consumer Cyclical,Textile Manufacturing,https://www.komatsumatere.co.jp
3,3583,AuBEX CORPORATION,医療機器,医療・ヘルスケア,92,98,94,主力テーマ,A,ok,direct=medical equipment; position=0.10; official=医療機器; count=5; pos=0.23,医療機器,5,0.2279,https://www.aubex.co.jp | https://www.aubex.co.jp/company/ | https://www.aubex.co.jp/product/,EQUITY,Consumer Cyclical,Department Stores,https://www.aubex.co.jp
3,3591,Wacoal Holdings Corp.,自動車部材・部品,自動車・モビリティ,8,5,7,ノイズ候補,C,needs_review,事業概要に直接根拠を確認できず,,0,,https://www.wacoalholdings.jp,EQUITY,Consumer Cyclical,Apparel Manufacturing,https://www.wacoalholdings.jp
3,3600,FUJIX Ltd.,自動車部材・部品,自動車・モビリティ,8,5,7,ノイズ候補,C,needs_review,事業概要に直接根拠を確認できず,,0,,https://www.fjx.co.jp | https://www.fjx.co.jp/product/?b=3 | https://www.fjx.co.jp/company/,EQUITY,Consumer Cyclical,Textile Manufacturing,https://www.fjx.co.jp
3,3608,"TSI Holdings Co.,Ltd.",インバウンド,内需・消費,8,5,7,ノイズ候補,C,needs_review_macro,事業概要に直接根拠を確認できず,,0,,https://www.tsi-holdings.com,EQUITY,Consumer Cyclical,Apparel Manufacturing,https://www.tsi-holdings.com
3,3608,"TSI Holdings Co.,Ltd.",外食,内需・消費,8,5,7,ノイズ候補,C,needs_review,事業概要に直接根拠を確認できず,,0,,https://www.tsi-holdings.com,EQUITY,Consumer Cyclical,Apparel Manufacturing,https://www.tsi-holdings.com
3,3612,"World Co., Ltd.",eコマース,内需・消費,92,90,91,主力テーマ,A,official_site_supported,事業概要に直接根拠を確認できず; official=EC; count=6; pos=0.16,EC,6,0.1563,https://corp.world.co.jp | https://corp.world.co.jp/company/ | https://corp.world.co.jp/business/,EQUITY,Consumer Cyclical,Department Stores,https://corp.world.co.jp
3,3622,Netyear Group Corporation,IT関連,デジタル・サービス,72,68,71,有力関連,B,needs_review,adjacent=software; growth=development; official=IT; count=10; pos=0.06,IT,10,0.0565,https://www.netyear.net | https://www.netyear.net/about/ | https://www.netyear.net/services/,EQUITY,Communication Services,Advertising Agencies,https://www.netyear.net
3,3622,Netyear Group Corporation,データ分析・解析,AI・半導体,87,89,88,主力テーマ,A,ok,direct=data analytics/data analysis; position=0.50; growth=development,,0,,https://www.netyear.net | https://www.netyear.net/about/ | https://www.netyear.net/services/,EQUITY,Communication Services,Advertising Agencies,https://www.netyear.net
3,3623,Billing System Corporation,IT関連,デジタル・サービス,90,82,88,主力テーマ,A,ok,industry=Software - Infrastructure; adjacent=software,,0,,https://www.billingsystem.co.jp | https://www.billingsystem.co.jp/service/ | https://www.billingsystem.co.jp/service/ejibai/,EQUITY,Technology,Software - Infrastructure,https://www.billingsystem.co.jp
3,3623,Billing System Corporation,インバウンド,内需・消費,48,48,48,補助関連,C,needs_review_macro,事業概要に直接根拠を確認できず; official=インバウンド; count=3; pos=0.18,インバウンド,3,0.1795,https://www.billingsystem.co.jp | https://www.billingsystem.co.jp/service/ | https://www.billingsystem.co.jp/service/ejibai/,EQUITY,Technology,Software - Infrastructure,https://www.billingsystem.co.jp
3,3623,Billing System Corporation,キャッシュレス決済,金融・金利,92,98,94,主力テーマ,A,ok,direct=credit card payment; position=0.24; official=決済サービス/電子決済; count=53; pos=0.00,決済サービス | 電子決済,53,0.0002,https://www.billingsystem.co.jp | https://www.billingsystem.co.jp/service/ | https://www.billingsystem.co.jp/service/ejibai/,EQUITY,Technology,Software - Infrastructure,https://www.billingsystem.co.jp
3,3623,Billing System Corporation,フィンテック,金融・金利,8,5,7,ノイズ候補,C,needs_review,事業概要に直接根拠を確認できず,,0,,https://www.billingsystem.co.jp | https://www.billingsystem.co.jp/service/ | https://www.billingsystem.co.jp/service/ejibai/,EQUITY,Technology,Software - Infrastructure,https://www.billingsystem.co.jp
3,3624,Axel Mark Inc.,eコマース,内需・消費,82,84,83,主力テーマ,B,ok,direct=e-commerce; position=0.41; growth=development; official=EC; count=1; pos=0.75,EC,1,0.7520,https://www.axelmark.co.jp,EQUITY,Communication Services,Internet Content & Information,https://www.axelmark.co.jp
3,3625,Techfirm Holdings Inc.,IT関連,デジタル・サービス,94,100,96,主力テーマ,A,ok,industry=Information Technology Services; direct=information technology/software development; position=0.26; growth=develops/development; official=IT; count=12; pos=0.00,IT,12,0.0044,https://www.techfirm-hd.com | https://www.techfirm-hd.com/company/ | https://www.techfirm-hd.com/pressrelease/20260728.html,EQUITY,Technology,Information Technology Services,https://www.techfirm-hd.com
3,3625,Techfirm Holdings Inc.,IoT,設備投資・機械,72,68,71,有力関連,B,needs_review,事業概要に直接根拠を確認できず; official=IoT; count=2; pos=0.40,IoT,2,0.3998,https://www.techfirm-hd.com | https://www.techfirm-hd.com/company/ | https://www.techfirm-hd.com/pressrelease/20260728.html,EQUITY,Technology,Information Technology Services,https://www.techfirm-hd.com
3,3625,Techfirm Holdings Inc.,ドローン,防衛・国土強靱化,92,90,91,主力テーマ,A,official_site_supported,事業概要に直接根拠を確認できず; official=ドローン; count=8; pos=0.08,ドローン,8,0.0820,https://www.techfirm-hd.com | https://www.techfirm-hd.com/company/ | https://www.techfirm-hd.com/pressrelease/20260728.html,EQUITY,Technology,Information Technology Services,https://www.techfirm-hd.com
3,3625,Techfirm Holdings Inc.,人工知能,AI・半導体,92,90,91,主力テーマ,A,official_site_supported,direct= ai ; position=0.58; growth=develops/development; official=人工知能/AI; count=54; pos=0.06,人工知能 | AI,54,0.0610,https://www.techfirm-hd.com | https://www.techfirm-hd.com/company/ | https://www.techfirm-hd.com/pressrelease/20260728.html,EQUITY,Technology,Information Technology Services,https://www.techfirm-hd.com
3,3625,Techfirm Holdings Inc.,生成AI,AI・半導体,85,82,84,主力テーマ,B,official_site_supported,adjacent= ai ; growth=develops/development; official=生成AI; count=4; pos=0.75,生成AI,4,0.7547,https://www.techfirm-hd.com | https://www.techfirm-hd.com/company/ | https://www.techfirm-hd.com/pressrelease/20260728.html,EQUITY,Technology,Information Technology Services,https://www.techfirm-hd.com
3,3625,Techfirm Holdings Inc.,遠隔医療,医療・ヘルスケア,8,5,7,ノイズ候補,C,needs_review,事業概要に直接根拠を確認できず,,0,,https://www.techfirm-hd.com | https://www.techfirm-hd.com/company/ | https://www.techfirm-hd.com/pressrelease/20260728.html,EQUITY,Technology,Information Technology Services,https://www.techfirm-hd.com
3,3626,TISI Inc.,IT関連,デジタル・サービス,97,89,95,主力テーマ,A,ok,industry=Information Technology Services; direct=information technology/it services; position=0.02; official=IT; count=1; pos=0.77,IT,1,0.7718,https://www.tisi.jp,EQUITY,Technology,Information Technology Services,https://www.tisi.jp
3,3626,TISI Inc.,IoT,設備投資・機械,72,68,71,有力関連,B,needs_review,事業概要に直接根拠を確認できず; official=IoT; count=2; pos=0.72,IoT,2,0.7201,https://www.tisi.jp,EQUITY,Technology,Information Technology Services,https://www.tisi.jp
3,3626,TISI Inc.,MaaS,自動車・モビリティ,8,5,7,ノイズ候補,C,needs_review,事業概要に直接根拠を確認できず,,0,,https://www.tisi.jp,EQUITY,Technology,Information Technology Services,https://www.tisi.jp
3,3626,TISI Inc.,SaaS,デジタル・サービス,8,5,7,ノイズ候補,C,needs_review,事業概要に直接根拠を確認できず,,0,,https://www.tisi.jp,EQUITY,Technology,Information Technology Services,https://www.tisi.jp
3,3626,TISI Inc.,キャッシュレス決済,金融・金利,8,5,7,ノイズ候補,C,needs_review,事業概要に直接根拠を確認できず,,0,,https://www.tisi.jp,EQUITY,Technology,Information Technology Services,https://www.tisi.jp
3,3626,TISI Inc.,クラウドコンピューティング,デジタル・サービス,8,5,7,ノイズ候補,C,needs_review,事業概要に直接根拠を確認できず,,0,,https://www.tisi.jp,EQUITY,Technology,Information Technology Services,https://www.tisi.jp
3,3626,TISI Inc.,デジタルトランスフォーメーション,デジタル・サービス,85,82,84,主力テーマ,B,official_site_supported,事業概要に直接根拠を確認できず; official=DX; count=4; pos=0.58,DX,4,0.5819,https://www.tisi.jp,EQUITY,Technology,Information Technology Services,https://www.tisi.jp
3,3626,TISI Inc.,データセンター,データセンター・電力,8,5,7,ノイズ候補,C,needs_review,事業概要に直接根拠を確認できず,,0,,https://www.tisi.jp,EQUITY,Technology,Information Technology Services,https://www.tisi.jp
3,3626,TISI Inc.,フィンテック,金融・金利,8,5,7,ノイズ候補,C,needs_review,事業概要に直接根拠を確認できず,,0,,https://www.tisi.jp,EQUITY,Technology,Information Technology Services,https://www.tisi.jp
3,3626,TISI Inc.,マイナンバー,デジタル・サービス,8,5,7,ノイズ候補,C,needs_review,事業概要に直接根拠を確認できず,,0,,https://www.tisi.jp,EQUITY,Technology,Information Technology Services,https://www.tisi.jp
3,3626,TISI Inc.,人工知能,AI・半導体,72,68,71,有力関連,B,needs_review,事業概要に直接根拠を確認できず; official=AI; count=1; pos=0.38,AI,1,0.3810,https://www.tisi.jp,EQUITY,Technology,Information Technology Services,https://www.tisi.jp
3,3626,TISI Inc.,宇宙開発関連,防衛・国土強靱化,8,5,7,ノイズ候補,C,needs_review,事業概要に直接根拠を確認できず,,0,,https://www.tisi.jp,EQUITY,Technology,Information Technology Services,https://www.tisi.jp
3,3626,TISI Inc.,生成AI,AI・半導体,8,5,7,ノイズ候補,C,needs_review,事業概要に直接根拠を確認できず,,0,,https://www.tisi.jp,EQUITY,Technology,Information Technology Services,https://www.tisi.jp
3,3627,Tecmira Holdings Inc.,IT関連,デジタル・サービス,90,92,91,主力テーマ,A,ok,industry=Software - Infrastructure; adjacent=software; growth=development,,0,,https://www.tecmira.com,EQUITY,Technology,Software - Infrastructure,https://www.tecmira.com
3,3627,Tecmira Holdings Inc.,IoT,設備投資・機械,92,94,93,主力テーマ,A,ok,direct= iot; position=0.17; growth=development,,0,,https://www.tecmira.com,EQUITY,Technology,Software - Infrastructure,https://www.tecmira.com
3,3627,Tecmira Holdings Inc.,キャッシュレス決済,金融・金利,8,5,7,ノイズ候補,C,needs_review,事業概要に直接根拠を確認できず,,0,,https://www.tecmira.com,EQUITY,Technology,Software - Infrastructure,https://www.tecmira.com
3,3627,Tecmira Holdings Inc.,クラウドコンピューティング,デジタル・サービス,46,44,45,補助関連,C,needs_review,adjacent=cloud/saas; growth=development,,0,,https://www.tecmira.com,EQUITY,Technology,Software - Infrastructure,https://www.tecmira.com
3,3627,Tecmira Holdings Inc.,フィンテック,金融・金利,8,5,7,ノイズ候補,C,needs_review,事業概要に直接根拠を確認できず,,0,,https://www.tecmira.com,EQUITY,Technology,Software - Infrastructure,https://www.tecmira.com
3,3627,Tecmira Holdings Inc.,人工知能,AI・半導体,97,99,98,主力テーマ,A,ok,direct= ai /ai solution; position=0.15; growth=development,,0,,https://www.tecmira.com,EQUITY,Technology,Software - Infrastructure,https://www.tecmira.com
3,3627,Tecmira Holdings Inc.,教育ICT,デジタル・サービス,8,5,7,ノイズ候補,C,needs_review,事業概要に直接根拠を確認できず,,0,,https://www.tecmira.com,EQUITY,Technology,Software - Infrastructure,https://www.tecmira.com
3,3627,Tecmira Holdings Inc.,生成AI,AI・半導体,42,40,41,補助関連,C,needs_review,adjacent= ai ; growth=development,,0,,https://www.tecmira.com,EQUITY,Technology,Software - Infrastructure,https://www.tecmira.com
3,3632,"GREE Holdings, Inc.",SaaS,デジタル・サービス,66,68,67,有力関連,B,qa_borderline,direct=saas; position=0.64; growth=develops/investment,,0,,https://hd.gree.net,EQUITY,Communication Services,Electronic Gaming & Multimedia,https://hd.gree.net
3,3633,"GMO Pepabo, Inc.",IT関連,デジタル・サービス,90,82,88,主力テーマ,A,ok,industry=Software - Infrastructure; adjacent=software,,0,,https://pepabo.com,EQUITY,Technology,Software - Infrastructure,https://pepabo.com
3,3633,"GMO Pepabo, Inc.",eコマース,内需・消費,92,90,91,主力テーマ,A,ok,direct=e-commerce; position=0.33; official=EC; count=11; pos=0.32,EC,11,0.3211,https://pepabo.com,EQUITY,Technology,Software - Infrastructure,https://pepabo.com
3,3633,"GMO Pepabo, Inc.",生成AI,AI・半導体,8,5,7,ノイズ候補,C,needs_review,事業概要に直接根拠を確認できず,,0,,https://pepabo.com,EQUITY,Technology,Software - Infrastructure,https://pepabo.com
3,3634,Sockets Inc.,データベース,デジタル・サービス,42,42,42,補助関連,C,needs_review,adjacent=database; growth=development/expansion,,0,,https://www.sockets.co.jp,EQUITY,Technology,Information Technology Services,https://www.sockets.co.jp
3,3634,Sockets Inc.,データ分析・解析,AI・半導体,8,5,7,ノイズ候補,C,needs_review,事業概要に直接根拠を確認できず,,0,,https://www.sockets.co.jp,EQUITY,Technology,Information Technology Services,https://www.sockets.co.jp
3,3634,Sockets Inc.,人工知能,AI・半導体,8,5,7,ノイズ候補,C,needs_review,事業概要に直接根拠を確認できず,,0,,https://www.sockets.co.jp,EQUITY,Technology,Information Technology Services,https://www.sockets.co.jp
3,3635,"Koei Tecmo Holdings Co., Ltd.",ゲーム関連,デジタル・サービス,66,66,66,有力関連,B,qa_borderline,direct=online game; position=0.50; growth=development,,0,,https://www.koeitecmo.co.jp,EQUITY,Communication Services,Electronic Gaming & Multimedia,https://www.koeitecmo.co.jp
3,3636,"Mitsubishi Research Institute, Inc.",SaaS,デジタル・サービス,8,5,7,ノイズ候補,C,needs_review,事業概要に直接根拠を確認できず,,0,,https://www.mri.co.jp,EQUITY,Technology,Information Technology Services,https://www.mri.co.jp
3,3636,"Mitsubishi Research Institute, Inc.",クラウドコンピューティング,デジタル・サービス,8,5,7,ノイズ候補,C,needs_review,事業概要に直接根拠を確認できず,,0,,https://www.mri.co.jp,EQUITY,Technology,Information Technology Services,https://www.mri.co.jp
3,3636,"Mitsubishi Research Institute, Inc.",デジタルトランスフォーメーション,デジタル・サービス,86,88,87,主力テーマ,A,ok,direct=digital transformation; position=0.36; growth=research,,0,,https://www.mri.co.jp,EQUITY,Technology,Information Technology Services,https://www.mri.co.jp
3,3636,"Mitsubishi Research Institute, Inc.",データ分析・解析,AI・半導体,8,5,7,ノイズ候補,C,needs_review,事業概要に直接根拠を確認できず,,0,,https://www.mri.co.jp,EQUITY,Technology,Information Technology Services,https://www.mri.co.jp
3,3636,"Mitsubishi Research Institute, Inc.",人工知能,AI・半導体,8,5,7,ノイズ候補,C,needs_review,事業概要に直接根拠を確認できず,,0,,https://www.mri.co.jp,EQUITY,Technology,Information Technology Services,https://www.mri.co.jp
3,3636,"Mitsubishi Research Institute, Inc.",太陽光発電関連,GX・エネルギー,8,5,7,ノイズ候補,C,needs_review,事業概要に直接根拠を確認できず,,0,,https://www.mri.co.jp,EQUITY,Technology,Information Technology Services,https://www.mri.co.jp
3,3636,"Mitsubishi Research Institute, Inc.",生成AI,AI・半導体,8,5,7,ノイズ候補,C,needs_review,事業概要に直接根拠を確認できず,,0,,https://www.mri.co.jp,EQUITY,Technology,Information Technology Services,https://www.mri.co.jp
3,3636,"Mitsubishi Research Institute, Inc.",防災,防衛・国土強靱化,58,56,57,補助関連,C,needs_review,direct=disaster prevention; position=0.72; growth=research,,0,,https://www.mri.co.jp,EQUITY,Technology,Information Technology Services,https://www.mri.co.jp
3,3639,Voltage Incorporation,人工知能,AI・半導体,8,5,7,ノイズ候補,C,needs_review,事業概要に直接根拠を確認できず,,0,,https://www.voltage.co.jp,EQUITY,Communication Services,Electronic Gaming & Multimedia,https://www.voltage.co.jp
3,3640,"Densan Co., Ltd.",IT関連,デジタル・サービス,86,92,88,主力テーマ,A,ok,direct=information systems; position=0.37; growth=develops/development; official=IT; count=5; pos=0.41,IT,5,0.4138,https://www.ndensan.co.jp,EQUITY,Technology,Semiconductors,https://www.ndensan.co.jp
3,3640,"Densan Co., Ltd.",クラウドコンピューティング,デジタル・サービス,8,5,7,ノイズ候補,C,needs_review,事業概要に直接根拠を確認できず,,0,,https://www.ndensan.co.jp,EQUITY,Technology,Semiconductors,https://www.ndensan.co.jp
3,3640,"Densan Co., Ltd.",データセンター,データセンター・電力,92,98,94,主力テーマ,A,ok,direct=data center; position=0.15; growth=develops/development,,0,,https://www.ndensan.co.jp,EQUITY,Technology,Semiconductors,https://www.ndensan.co.jp
3,3640,"Densan Co., Ltd.",マイナンバー,デジタル・サービス,8,5,7,ノイズ候補,C,needs_review,事業概要に直接根拠を確認できず,,0,,https://www.ndensan.co.jp,EQUITY,Technology,Semiconductors,https://www.ndensan.co.jp
3,3645,"Medical Net, Inc.",医療機器,医療・ヘルスケア,85,82,84,主力テーマ,B,official_site_supported,事業概要に直接根拠を確認できず; official=医療機器; count=3; pos=0.32,医療機器,3,0.3155,https://www.medical-net.com | https://www.medical-net.com/service/ | https://www.medical-net.com/about/,EQUITY,Communication Services,Internet Content & Information,https://www.medical-net.com
3,3646,"Ekitan & Co., Ltd.",IT関連,デジタル・サービス,72,68,71,有力関連,B,needs_review,adjacent=software; growth=development/research; official=IT; count=6; pos=0.00,IT,6,0.0036,https://ekitan.co.jp | https://ekitan.co.jp/service/,EQUITY,Communication Services,Internet Content & Information,https://ekitan.co.jp
3,3646,"Ekitan & Co., Ltd.",MaaS,自動車・モビリティ,85,82,84,主力テーマ,B,official_site_supported,direct= maas; position=0.57; growth=development/research; official=MaaS; count=3; pos=0.56,MaaS,3,0.5592,https://ekitan.co.jp | https://ekitan.co.jp/service/,EQUITY,Communication Services,Internet Content & Information,https://ekitan.co.jp
3,3646,"Ekitan & Co., Ltd.",インバウンド,内需・消費,48,48,48,補助関連,C,needs_review_macro,adjacent=tourism; growth=development/research; official=訪日外国人; count=3; pos=0.10,訪日外国人,3,0.1038,https://ekitan.co.jp | https://ekitan.co.jp/service/,EQUITY,Communication Services,Internet Content & Information,https://ekitan.co.jp
3,3646,"Ekitan & Co., Ltd.",クラウドコンピューティング,デジタル・サービス,72,68,71,有力関連,B,needs_review,adjacent=cloud; growth=development/research; official=クラウド/クラウドサービス; count=2; pos=0.59,クラウド | クラウドサービス,2,0.5889,https://ekitan.co.jp | https://ekitan.co.jp/service/,EQUITY,Communication Services,Internet Content & Information,https://ekitan.co.jp
3,3646,"Ekitan & Co., Ltd.",サブスクリプション,デジタル・サービス,58,58,58,補助関連,C,needs_review,direct=subscription service; position=0.68; growth=development/research,,0,,https://ekitan.co.jp | https://ekitan.co.jp/service/,EQUITY,Communication Services,Internet Content & Information,https://ekitan.co.jp
3,3646,"Ekitan & Co., Ltd.",旅行,内需・消費,72,68,71,有力関連,B,needs_review,adjacent=tourism/travel; growth=development/research; official=旅行; count=5; pos=0.22,旅行,5,0.2154,https://ekitan.co.jp | https://ekitan.co.jp/service/,EQUITY,Communication Services,Internet Content & Information,https://ekitan.co.jp
3,3647,"ASULINA Co.,Ltd.",再生可能エネルギー,GX・エネルギー,94,86,92,主力テーマ,A,ok,industry=Utilities - Renewable; direct=renewable energy; position=0.06; official=再生可能エネルギー; count=5; pos=0.13,再生可能エネルギー,5,0.1331,https://asulina.jp | https://asulina.jp/company-info/ | https://asulina.jp/business/,EQUITY,Utilities,Utilities - Renewable,https://asulina.jp
3,3647,"ASULINA Co.,Ltd.",太陽光発電関連,GX・エネルギー,92,90,91,主力テーマ,A,ok,direct=solar power; position=0.20; official=太陽光発電/太陽光発電所; count=11; pos=0.14,太陽光発電 | 太陽光発電所,11,0.1377,https://asulina.jp | https://asulina.jp/company-info/ | https://asulina.jp/business/,EQUITY,Utilities,Utilities - Renewable,https://asulina.jp
3,3648,AGS Corporation,IT関連,デジタル・サービス,94,96,95,主力テーマ,A,ok,industry=Software - Application; direct=software development; position=0.33; growth=development; official=IT; count=6; pos=0.15,IT,6,0.1491,https://www.ags.co.jp,EQUITY,Technology,Software - Application,https://www.ags.co.jp
3,3648,AGS Corporation,SaaS,デジタル・サービス,90,82,88,主力テーマ,A,ok,industry=Software - Application,,0,,https://www.ags.co.jp,EQUITY,Technology,Software - Application,https://www.ags.co.jp
3,3648,AGS Corporation,クラウドコンピューティング,デジタル・サービス,90,68,83,主力テーマ,B,official_site_supported,事業概要に直接根拠を確認できず; official=クラウド; count=1; pos=0.16,クラウド,1,0.1589,https://www.ags.co.jp,EQUITY,Technology,Software - Application,https://www.ags.co.jp
3,3648,AGS Corporation,データセンター,データセンター・電力,92,90,91,主力テーマ,A,official_site_supported,direct=data center; position=0.69; growth=development; official=データセンター/データセンタ; count=6; pos=0.16,データセンター | データセンタ,6,0.1608,https://www.ags.co.jp,EQUITY,Technology,Software - Application,https://www.ags.co.jp
3,3648,AGS Corporation,マイナンバー,デジタル・サービス,8,5,7,ノイズ候補,C,needs_review,事業概要に直接根拠を確認できず,,0,,https://www.ags.co.jp,EQUITY,Technology,Software - Application,https://www.ags.co.jp
3,3649,FINDEX Inc.,IT関連,デジタル・サービス,8,5,7,ノイズ候補,C,needs_review,事業概要に直接根拠を確認できず; official=IT; count=1; pos=0.33,IT,1,0.3256,https://findex.co.jp | https://findex.co.jp/company/ | https://findex.co.jp/agency/index.html,EQUITY,Healthcare,Health Information Services,https://findex.co.jp
3,3649,FINDEX Inc.,クラウドコンピューティング,デジタル・サービス,72,78,74,有力関連,B,needs_review,adjacent=cloud; official=クラウド; count=1; pos=0.72,クラウド,1,0.7178,https://findex.co.jp | https://findex.co.jp/company/ | https://findex.co.jp/agency/index.html,EQUITY,Healthcare,Health Information Services,https://findex.co.jp
3,3649,FINDEX Inc.,デジタルトランスフォーメーション,デジタル・サービス,72,78,74,有力関連,B,needs_review,事業概要に直接根拠を確認できず; official=DX; count=1; pos=0.69,DX,1,0.6879,https://findex.co.jp | https://findex.co.jp/company/ | https://findex.co.jp/agency/index.html,EQUITY,Healthcare,Health Information Services,https://findex.co.jp
3,3649,FINDEX Inc.,人工知能,AI・半導体,90,96,92,主力テーマ,A,official_site_supported,direct= ai ; position=0.60; official=AI; count=3; pos=0.15,AI,3,0.1511,https://findex.co.jp | https://findex.co.jp/company/ | https://findex.co.jp/agency/index.html,EQUITY,Healthcare,Health Information Services,https://findex.co.jp
3,3649,FINDEX Inc.,医療機器,医療・ヘルスケア,92,84,90,主力テーマ,A,ok,direct=medical device; position=0.01,,0,,https://findex.co.jp | https://findex.co.jp/company/ | https://findex.co.jp/agency/index.html,EQUITY,Healthcare,Health Information Services,https://findex.co.jp
3,3649,FINDEX Inc.,遠隔医療,医療・ヘルスケア,82,74,80,主力テーマ,B,ok,direct=online medical; position=0.48,,0,,https://findex.co.jp | https://findex.co.jp/company/ | https://findex.co.jp/agency/index.html,EQUITY,Healthcare,Health Information Services,https://findex.co.jp
3,3652,Digital Media Professionals Inc.,FA関連,設備投資・機械,8,5,7,ノイズ候補,C,needs_review,事業概要に直接根拠を確認できず,,0,,https://www.dmprof.com | https://www.dmprof.com/ja/products-and-services/ai-products/cloud-services/driving-assistance/ | https://www.dmprof.com/ja/products-and-services/edge-ai-computing-products/aetina/,EQUITY,Technology,Electronic Components,https://www.dmprof.com
3,3652,Digital Media Professionals Inc.,IoT,設備投資・機械,72,78,74,有力関連,B,needs_review,事業概要に直接根拠を確認できず; official=スマートファクトリー; count=1; pos=0.92,スマートファクトリー,1,0.9170,https://www.dmprof.com | https://www.dmprof.com/ja/products-and-services/ai-products/cloud-services/driving-assistance/ | https://www.dmprof.com/ja/products-and-services/edge-ai-computing-products/aetina/,EQUITY,Technology,Electronic Components,https://www.dmprof.com
3,3652,Digital Media Professionals Inc.,エッジコンピューティング,AI・半導体,66,70,67,有力関連,B,qa_borderline,direct=edge device; position=0.52; growth=develops/developing,,0,,https://www.dmprof.com | https://www.dmprof.com/ja/products-and-services/ai-products/cloud-services/driving-assistance/ | https://www.dmprof.com/ja/products-and-services/edge-ai-computing-products/aetina/,EQUITY,Technology,Electronic Components,https://www.dmprof.com
3,3652,Digital Media Professionals Inc.,ドローン,防衛・国土強靱化,90,96,92,主力テーマ,A,official_site_supported,事業概要に直接根拠を確認できず; official=ドローン; count=4; pos=0.19,ドローン,4,0.1946,https://www.dmprof.com | https://www.dmprof.com/ja/products-and-services/ai-products/cloud-services/driving-assistance/ | https://www.dmprof.com/ja/products-and-services/edge-ai-computing-products/aetina/,EQUITY,Technology,Electronic Components,https://www.dmprof.com
3,3652,Digital Media Professionals Inc.,フィジカルAI,AI・半導体,42,44,43,補助関連,C,needs_review,adjacent=artificial intelligence; growth=develops/developing,,0,,https://www.dmprof.com | https://www.dmprof.com/ja/products-and-services/ai-products/cloud-services/driving-assistance/ | https://www.dmprof.com/ja/products-and-services/edge-ai-computing-products/aetina/,EQUITY,Technology,Electronic Components,https://www.dmprof.com
3,3652,Digital Media Professionals Inc.,ロボット,AI・半導体,92,98,94,主力テーマ,A,official_site_supported,事業概要に直接根拠を確認できず; official=ロボット; count=10; pos=0.16,ロボット,10,0.1568,https://www.dmprof.com | https://www.dmprof.com/ja/products-and-services/ai-products/cloud-services/driving-assistance/ | https://www.dmprof.com/ja/products-and-services/edge-ai-computing-products/aetina/,EQUITY,Technology,Electronic Components,https://www.dmprof.com
3,3652,Digital Media Professionals Inc.,人工知能,AI・半導体,100,100,100,主力テーマ,A,ok,direct=artificial intelligence/ ai /ai solution; position=0.17; growth=develops/developing; official=AI/ディープラーニング; count=145; pos=0.01,AI | ディープラーニング,145,0.0057,https://www.dmprof.com | https://www.dmprof.com/ja/products-and-services/ai-products/cloud-services/driving-assistance/ | https://www.dmprof.com/ja/products-and-services/edge-ai-computing-products/aetina/,EQUITY,Technology,Electronic Components,https://www.dmprof.com
3,3652,Digital Media Professionals Inc.,半導体,AI・半導体,92,98,94,主力テーマ,A,ok,direct=semiconductor; position=0.24; growth=develops/developing; official=半導体; count=23; pos=0.01,半導体,23,0.0053,https://www.dmprof.com | https://www.dmprof.com/ja/products-and-services/ai-products/cloud-services/driving-assistance/ | https://www.dmprof.com/ja/products-and-services/edge-ai-computing-products/aetina/,EQUITY,Technology,Electronic Components,https://www.dmprof.com
3,3652,Digital Media Professionals Inc.,半導体製造装置,AI・半導体,42,44,43,補助関連,C,needs_review,adjacent=semiconductor; growth=develops/developing,,0,,https://www.dmprof.com | https://www.dmprof.com/ja/products-and-services/ai-products/cloud-services/driving-assistance/ | https://www.dmprof.com/ja/products-and-services/edge-ai-computing-products/aetina/,EQUITY,Technology,Electronic Components,https://www.dmprof.com
3,3652,Digital Media Professionals Inc.,自動運転車,自動車・モビリティ,92,98,94,主力テーマ,A,official_site_supported,事業概要に直接根拠を確認できず; official=ADAS; count=11; pos=0.02,ADAS,11,0.0174,https://www.dmprof.com | https://www.dmprof.com/ja/products-and-services/ai-products/cloud-services/driving-assistance/ | https://www.dmprof.com/ja/products-and-services/edge-ai-computing-products/aetina/,EQUITY,Technology,Electronic Components,https://www.dmprof.com
3,3656,KLab Inc.,IT関連,デジタル・サービス,8,5,7,ノイズ候補,C,needs_review,事業概要に直接根拠を確認できず,,0,,https://www.klab.com,EQUITY,Communication Services,Electronic Gaming & Multimedia,https://www.klab.com
3,3656,KLab Inc.,ゲーム関連,デジタル・サービス,92,96,93,主力テーマ,A,ok,direct=online game; position=0.07; growth=development/investment,,0,,https://www.klab.com,EQUITY,Communication Services,Electronic Gaming & Multimedia,https://www.klab.com
3,3656,KLab Inc.,人工知能,AI・半導体,66,68,67,有力関連,B,qa_borderline,direct= ai ; position=0.60; growth=development/investment,,0,,https://www.klab.com,EQUITY,Communication Services,Electronic Gaming & Multimedia,https://www.klab.com
3,3657,"Pole To Win Holdings, Inc.",IT関連,デジタル・サービス,94,96,95,主力テーマ,A,qa_peripheral,industry=Information Technology Services; direct=information technology/system integration; position=0.60; growth=development; official=IT; count=3; pos=0.22,IT,3,0.2206,https://www.phd.inc,EQUITY,Technology,Information Technology Services,https://www.phd.inc
3,3657,"Pole To Win Holdings, Inc.",ゲーム関連,デジタル・サービス,8,5,7,ノイズ候補,C,needs_review,事業概要に直接根拠を確認できず,,0,,https://www.phd.inc,EQUITY,Technology,Information Technology Services,https://www.phd.inc
3,3657,"Pole To Win Holdings, Inc.",人工知能,AI・半導体,85,82,84,主力テーマ,B,official_site_supported,事業概要に直接根拠を確認できず; official=AI; count=5; pos=0.32,AI,5,0.3167,https://www.phd.inc,EQUITY,Technology,Information Technology Services,https://www.phd.inc
3,365A,"Izawa Towel Co.,Ltd.",eコマース,内需・消費,72,68,71,有力関連,B,qa_borderline,direct=e-commerce; position=0.59; growth=research; official=EC/eコマース; count=2; pos=0.29,EC | eコマース,2,0.2938,https://www.izawa-towel.com | https://www.izawa-towel.com/corporate,EQUITY,Consumer Cyclical,Textile Manufacturing,https://www.izawa-towel.com
3,3660,istyle Inc.,eコマース,内需・消費,92,90,91,主力テーマ,A,official_site_supported,事業概要に直接根拠を確認できず; official=EC; count=9; pos=0.08,EC,9,0.0832,https://www.istyle.co.jp,EQUITY,Consumer Cyclical,Specialty Retail,https://www.istyle.co.jp
3,3661,"m-up holdings, Inc.",IT関連,デジタル・サービス,8,5,7,ノイズ候補,C,needs_review,事業概要に直接根拠を確認できず; official=IT; count=1; pos=0.60,IT,1,0.6024,https://m-upholdings.co.jp,EQUITY,Communication Services,Internet Content & Information,https://m-upholdings.co.jp
3,3661,"m-up holdings, Inc.",eコマース,内需・消費,92,94,93,主力テーマ,A,ok,direct=e-commerce; position=0.09; growth=development; official=EC; count=4; pos=0.07,EC,4,0.0661,https://m-upholdings.co.jp,EQUITY,Communication Services,Internet Content & Information,https://m-upholdings.co.jp
3,3662,"Ateam Holdings Co., Ltd.",eコマース,内需・消費,92,94,93,主力テーマ,A,ok,direct=e-commerce; position=0.14; growth=develops; official=EC; count=8; pos=0.10,EC,8,0.0951,https://www.a-tm.co.jp | https://www.a-tm.co.jp/about/ | https://www.a-tm.co.jp/service/,EQUITY,Communication Services,Internet Content & Information,https://www.a-tm.co.jp
3,3662,"Ateam Holdings Co., Ltd.",ゲーム関連,デジタル・サービス,90,82,88,主力テーマ,A,official_site_supported,事業概要に直接根拠を確認できず; official=ゲーム; count=4; pos=0.20,ゲーム,4,0.1978,https://www.a-tm.co.jp | https://www.a-tm.co.jp/about/ | https://www.a-tm.co.jp/service/,EQUITY,Communication Services,Internet Content & Information,https://www.a-tm.co.jp
3,3663,"CELSYS, Inc.",IT関連,デジタル・サービス,90,82,88,主力テーマ,A,ok,industry=Software - Application; adjacent=software; official=IT; count=2; pos=0.05,IT,2,0.0478,https://www.celsys.com | https://www.celsys.com/businessfield/ | https://www.celsys.com/company/,EQUITY,Technology,Software - Application,https://www.celsys.com
3,3663,"CELSYS, Inc.",サブスクリプション,デジタル・サービス,72,78,74,有力関連,B,needs_review,事業概要に直接根拠を確認できず; official=サブスクリプション; count=1; pos=0.36,サブスクリプション,1,0.3605,https://www.celsys.com | https://www.celsys.com/businessfield/ | https://www.celsys.com/company/,EQUITY,Technology,Software - Application,https://www.celsys.com
3,3664,Wize Inc.,eコマース,内需・消費,92,90,91,主力テーマ,A,official_site_supported,事業概要に直接根拠を確認できず; official=EC; count=16; pos=0.01,EC,16,0.0071,https://wize-inc.jp | https://wize-inc.jp/about/ | https://wize-inc.jp/news/260812/,EQUITY,Communication Services,Entertainment,https://wize-inc.jp
3,3665,Enigmo Inc.,eコマース,内需・消費,85,82,84,主力テーマ,B,official_site_supported,事業概要に直接根拠を確認できず; official=EC; count=3; pos=0.31,EC,3,0.3126,https://enigmo.co.jp | https://enigmo.co.jp/company/ | https://enigmo.co.jp/business/,EQUITY,Consumer Cyclical,Internet Retail,https://enigmo.co.jp
3,3667,"enish,inc.",ゲーム関連,デジタル・サービス,92,90,91,主力テーマ,A,ok,direct=mobile game; position=0.36; growth=developing; official=ゲーム; count=25; pos=0.17,ゲーム,25,0.1741,https://www.enish.jp | https://www.enish.jp/service/ | https://www.enish.jp/company/,EQUITY,Communication Services,Electronic Gaming & Multimedia,https://www.enish.jp
3,3668,"COLOPL, Inc.",IT関連,デジタル・サービス,8,5,7,ノイズ候補,C,needs_review,事業概要に直接根拠を確認できず,,0,,https://www.colopl.co.jp,EQUITY,Communication Services,Electronic Gaming & Multimedia,https://www.colopl.co.jp
3,366A,Wellness Communications Corporation,SaaS,デジタル・サービス,8,5,7,ノイズ候補,C,needs_review,事業概要に直接根拠を確認できず,,0,,https://www.wellcoms.jp,EQUITY,Healthcare,Health Information Services,https://www.wellcoms.jp
3,366A,Wellness Communications Corporation,クラウドコンピューティング,デジタル・サービス,42,30,38,ノイズ候補,C,needs_review,adjacent=cloud,,0,,https://www.wellcoms.jp,EQUITY,Healthcare,Health Information Services,https://www.wellcoms.jp
3,366A,Wellness Communications Corporation,データ分析・解析,AI・半導体,8,5,7,ノイズ候補,C,needs_review,事業概要に直接根拠を確認できず,,0,,https://www.wellcoms.jp,EQUITY,Healthcare,Health Information Services,https://www.wellcoms.jp
3,3670,Kyoritsu Computer & Communication Co Ltd,クラウドコンピューティング,デジタル・サービス,85,82,84,主力テーマ,B,official_site_supported,adjacent=cloud; official=クラウド/クラウドサービス; count=4; pos=0.66,クラウド | クラウドサービス,4,0.6607,https://www.kccnet.co.jp | https://www.kccnet.co.jp/service/index.html | https://www.kccnet.co.jp/recruit/career.html,EQUITY,Technology,Information Technology Services,https://www.kccnet.co.jp
3,3670,Kyoritsu Computer & Communication Co Ltd,デジタルトランスフォーメーション,デジタル・サービス,8,5,7,ノイズ候補,C,needs_review,事業概要に直接根拠を確認できず,,0,,https://www.kccnet.co.jp | https://www.kccnet.co.jp/service/index.html | https://www.kccnet.co.jp/recruit/career.html,EQUITY,Technology,Information Technology Services,https://www.kccnet.co.jp
3,3670,Kyoritsu Computer & Communication Co Ltd,マイナンバー,デジタル・サービス,8,5,7,ノイズ候補,C,needs_review,事業概要に直接根拠を確認できず,,0,,https://www.kccnet.co.jp | https://www.kccnet.co.jp/service/index.html | https://www.kccnet.co.jp/recruit/career.html,EQUITY,Technology,Information Technology Services,https://www.kccnet.co.jp
3,3671,"Softmax Co., Ltd",IT関連,デジタル・サービス,92,94,93,主力テーマ,A,ok,direct=information systems; position=0.19; growth=development; official=IT; count=2; pos=0.30,IT,2,0.3027,https://www.s-max.co.jp | https://www.s-max.co.jp/products/ | https://www.s-max.co.jp/company/,EQUITY,Healthcare,Health Information Services,https://www.s-max.co.jp
3,3671,"Softmax Co., Ltd",クラウドコンピューティング,デジタル・サービス,90,82,88,主力テーマ,A,official_site_supported,事業概要に直接根拠を確認できず; official=クラウド; count=4; pos=0.17,クラウド,4,0.1715,https://www.s-max.co.jp | https://www.s-max.co.jp/products/ | https://www.s-max.co.jp/company/,EQUITY,Healthcare,Health Information Services,https://www.s-max.co.jp
3,3671,"Softmax Co., Ltd",人工知能,AI・半導体,72,68,71,有力関連,B,needs_review,事業概要に直接根拠を確認できず; official=AI; count=1; pos=0.93,AI,1,0.9272,https://www.s-max.co.jp | https://www.s-max.co.jp/products/ | https://www.s-max.co.jp/company/,EQUITY,Healthcare,Health Information Services,https://www.s-max.co.jp
3,3671,"Softmax Co., Ltd",生成AI,AI・半導体,8,5,7,ノイズ候補,C,needs_review,事業概要に直接根拠を確認できず,,0,,https://www.s-max.co.jp | https://www.s-max.co.jp/products/ | https://www.s-max.co.jp/company/,EQUITY,Healthcare,Health Information Services,https://www.s-max.co.jp
3,3672,AltPlus Inc.,IT関連,デジタル・サービス,72,68,71,有力関連,B,needs_review,事業概要に直接根拠を確認できず; official=IT; count=8; pos=0.25,IT,8,0.2475,https://www.altplus.co.jp | https://www.altplus.co.jp/company/ | https://www.altplus.co.jp/service/game/,EQUITY,Communication Services,Electronic Gaming & Multimedia,https://www.altplus.co.jp
3,3673,"Broadleaf Co., Ltd.",IT関連,デジタル・サービス,90,94,91,主力テーマ,A,ok,industry=Software - Application; adjacent=software/cloud service; growth=development/research; official=IT; count=3; pos=0.05,IT,3,0.0530,https://www.broadleaf.co.jp,EQUITY,Technology,Software - Application,https://www.broadleaf.co.jp
3,3673,"Broadleaf Co., Ltd.",SaaS,デジタル・サービス,94,100,96,主力テーマ,A,qa_peripheral,industry=Software - Application; direct=subscription software; position=0.50; growth=development/research; official=SaaS/クラウドサービス; count=3; pos=0.75,SaaS | クラウドサービス,3,0.7512,https://www.broadleaf.co.jp,EQUITY,Technology,Software - Application,https://www.broadleaf.co.jp
3,3673,"Broadleaf Co., Ltd.",クラウドコンピューティング,デジタル・サービス,97,100,98,主力テーマ,A,ok,direct=cloud service/cloud platform; position=0.08; growth=development/research; official=クラウド/クラウドサービス; count=6; pos=0.75,クラウド | クラウドサービス,6,0.7512,https://www.broadleaf.co.jp,EQUITY,Technology,Software - Application,https://www.broadleaf.co.jp
3,3673,"Broadleaf Co., Ltd.",サブスクリプション,デジタル・サービス,8,5,7,ノイズ候補,C,needs_review,事業概要に直接根拠を確認できず,,0,,https://www.broadleaf.co.jp,EQUITY,Technology,Software - Application,https://www.broadleaf.co.jp
3,3673,"Broadleaf Co., Ltd.",デジタルトランスフォーメーション,デジタル・サービス,90,96,92,主力テーマ,A,official_site_supported,adjacent=cloud service; growth=development/research; official=DX/デジタルトランスフォーメーション; count=5; pos=0.15,DX | デジタルトランスフォーメーション,5,0.1480,https://www.broadleaf.co.jp,EQUITY,Technology,Software - Application,https://www.broadleaf.co.jp
3,3673,"Broadleaf Co., Ltd.",人工知能,AI・半導体,92,98,94,主力テーマ,A,official_site_supported,事業概要に直接根拠を確認できず; official=AI; count=6; pos=0.03,AI,6,0.0325,https://www.broadleaf.co.jp,EQUITY,Technology,Software - Application,https://www.broadleaf.co.jp
3,3674,"Aucfan Co., Ltd.",IT関連,デジタル・サービス,8,5,7,ノイズ候補,C,needs_review,事業概要に直接根拠を確認できず,,0,,https://www.aucfan.co.jp,EQUITY,Communication Services,Internet Content & Information,https://www.aucfan.co.jp
3,3674,"Aucfan Co., Ltd.",eコマース,内需・消費,92,84,90,主力テーマ,A,ok,direct=e-commerce; position=0.02,,0,,https://www.aucfan.co.jp,EQUITY,Communication Services,Internet Content & Information,https://www.aucfan.co.jp
3,3674,"Aucfan Co., Ltd.",データ分析・解析,AI・半導体,8,5,7,ノイズ候補,C,needs_review,事業概要に直接根拠を確認できず,,0,,https://www.aucfan.co.jp,EQUITY,Communication Services,Internet Content & Information,https://www.aucfan.co.jp
3,3675,Cross Marketing Group Inc.,IT関連,デジタル・サービス,58,54,57,補助関連,C,needs_review,事業概要に直接根拠を確認できず; official=IT; count=2; pos=0.13,IT,2,0.1311,https://www.cm-group.co.jp,EQUITY,Communication Services,Advertising Agencies,https://www.cm-group.co.jp
3,3675,Cross Marketing Group Inc.,デジタルトランスフォーメーション,デジタル・サービス,82,86,83,主力テーマ,B,ok,direct=digital transformation; position=0.42; growth=development/research,,0,,https://www.cm-group.co.jp,EQUITY,Communication Services,Advertising Agencies,https://www.cm-group.co.jp
3,3676,"DIGITAL HEARTS HOLDINGS Co., Ltd.",IT関連,デジタル・サービス,94,96,95,主力テーマ,A,qa_peripheral,industry=Information Technology Services; direct=information technology/it services; position=0.76; growth=development; official=IT; count=18; pos=0.07,IT,18,0.0739,https://www.digitalhearts-hd.com | https://www.digitalhearts-hd.com/corporate/ | https://www.digitalhearts-hd.com/corporate/profile/,EQUITY,Technology,Information Technology Services,https://www.digitalhearts-hd.com
3,3676,"DIGITAL HEARTS HOLDINGS Co., Ltd.",ゲーム関連,デジタル・サービス,97,100,98,主力テーマ,A,ok,direct=game development/online game; position=0.16; growth=development; official=ゲーム; count=11; pos=0.08,ゲーム,11,0.0823,https://www.digitalhearts-hd.com | https://www.digitalhearts-hd.com/corporate/ | https://www.digitalhearts-hd.com/corporate/profile/,EQUITY,Technology,Information Technology Services,https://www.digitalhearts-hd.com
3,3676,"DIGITAL HEARTS HOLDINGS Co., Ltd.",サイバーセキュリティ,防衛・国土強靱化,85,91,87,主力テーマ,A,official_site_supported,adjacent=security service; growth=development; official=情報セキュリティ; count=3; pos=0.23,情報セキュリティ,3,0.2256,https://www.digitalhearts-hd.com | https://www.digitalhearts-hd.com/corporate/ | https://www.digitalhearts-hd.com/corporate/profile/,EQUITY,Technology,Information Technology Services,https://www.digitalhearts-hd.com
3,3676,"DIGITAL HEARTS HOLDINGS Co., Ltd.",デジタルトランスフォーメーション,デジタル・サービス,92,98,94,主力テーマ,A,official_site_supported,事業概要に直接根拠を確認できず; official=DX; count=6; pos=0.08,DX,6,0.0756,https://www.digitalhearts-hd.com | https://www.digitalhearts-hd.com/corporate/ | https://www.digitalhearts-hd.com/corporate/profile/,EQUITY,Technology,Information Technology Services,https://www.digitalhearts-hd.com
3,3676,"DIGITAL HEARTS HOLDINGS Co., Ltd.",人工知能,AI・半導体,92,98,94,主力テーマ,A,official_site_supported,direct= ai ; position=0.67; growth=development; official=AI; count=6; pos=0.08,AI,6,0.0752,https://www.digitalhearts-hd.com | https://www.digitalhearts-hd.com/corporate/ | https://www.digitalhearts-hd.com/corporate/profile/,EQUITY,Technology,Information Technology Services,https://www.digitalhearts-hd.com
3,3676,"DIGITAL HEARTS HOLDINGS Co., Ltd.",自動運転車,自動車・モビリティ,8,5,7,ノイズ候補,C,needs_review,事業概要に直接根拠を確認できず,,0,,https://www.digitalhearts-hd.com | https://www.digitalhearts-hd.com/corporate/ | https://www.digitalhearts-hd.com/corporate/profile/,EQUITY,Technology,Information Technology Services,https://www.digitalhearts-hd.com
3,3678,"MEDIA DO Co., Ltd.",eコマース,内需・消費,86,94,88,主力テーマ,A,ok,direct=e-commerce; position=0.25; growth=development/research; official=EC/eコマース; count=3; pos=0.42,EC | eコマース,3,0.4170,https://mediado.jp | https://mediado.jp/business/ | https://mediado.jp/about/profile/,EQUITY,Communication Services,Publishing,https://mediado.jp
3,3679,"ZIGExN Co., Ltd.",旅行,内需・消費,72,68,71,有力関連,B,needs_review,adjacent=travel; official=旅行; count=6; pos=0.12,旅行,6,0.1244,https://zigexn.co.jp | https://zigexn.co.jp/about/ | https://zigexn.co.jp/about/company/,EQUITY,Communication Services,Internet Content & Information,https://zigexn.co.jp
3,367A,"Primo Global Holdings Co., Ltd.",小売り,内需・消費,42,30,38,ノイズ候補,C,needs_review,adjacent=stores,,0,,https://www.primoghd.co.jp | https://www.primoghd.co.jp/company/ | https://www.primoghd.co.jp/company/outline/,EQUITY,Consumer Cyclical,Luxury Goods,https://www.primoghd.co.jp
3,3680,"Hottolink, Inc.",IT関連,デジタル・サービス,90,92,91,主力テーマ,A,ok,industry=Software - Infrastructure; adjacent=software; growth=investment; official=IT; count=12; pos=0.29,IT,12,0.2944,https://www.hottolink.co.jp | https://www.hottolink.co.jp/service/ | https://www.hottolink.co.jp/ebook/service-all/,EQUITY,Technology,Software - Infrastructure,https://www.hottolink.co.jp
3,3680,"Hottolink, Inc.",SaaS,デジタル・サービス,90,96,92,主力テーマ,A,ok,industry=Software - Infrastructure; official=SaaS; count=1; pos=0.43,SaaS,1,0.4298,https://www.hottolink.co.jp | https://www.hottolink.co.jp/service/ | https://www.hottolink.co.jp/ebook/service-all/,EQUITY,Technology,Software - Infrastructure,https://www.hottolink.co.jp
3,3680,"Hottolink, Inc.",クラウドコンピューティング,デジタル・サービス,8,5,7,ノイズ候補,C,needs_review,事業概要に直接根拠を確認できず,,0,,https://www.hottolink.co.jp | https://www.hottolink.co.jp/service/ | https://www.hottolink.co.jp/ebook/service-all/,EQUITY,Technology,Software - Infrastructure,https://www.hottolink.co.jp
3,3680,"Hottolink, Inc.",データ分析・解析,AI・半導体,42,40,41,補助関連,C,needs_review,adjacent=big data; growth=investment,,0,,https://www.hottolink.co.jp | https://www.hottolink.co.jp/service/ | https://www.hottolink.co.jp/ebook/service-all/,EQUITY,Technology,Software - Infrastructure,https://www.hottolink.co.jp
3,3680,"Hottolink, Inc.",人工知能,AI・半導体,85,91,87,主力テーマ,A,official_site_supported,事業概要に直接根拠を確認できず; official=AI; count=5; pos=0.20,AI,5,0.2037,https://www.hottolink.co.jp | https://www.hottolink.co.jp/service/ | https://www.hottolink.co.jp/ebook/service-all/,EQUITY,Technology,Software - Infrastructure,https://www.hottolink.co.jp
3,3682,"Encourage Technologies Co., Ltd.",IT関連,デジタル・サービス,94,96,95,主力テーマ,A,ok,industry=Information Technology Services; direct=information technology; growth=develops; official=IT; count=4; pos=0.42,IT,4,0.4240,https://www.et-x.jp,EQUITY,Technology,Information Technology Services,https://www.et-x.jp
3,3682,"Encourage Technologies Co., Ltd.",サイバーセキュリティ,防衛・国土強靱化,72,68,71,有力関連,B,needs_review,事業概要に直接根拠を確認できず; official=情報セキュリティ; count=2; pos=0.24,情報セキュリティ,2,0.2396,https://www.et-x.jp,EQUITY,Technology,Information Technology Services,https://www.et-x.jp
3,3682,"Encourage Technologies Co., Ltd.",マイナンバー,デジタル・サービス,8,5,7,ノイズ候補,C,needs_review,事業概要に直接根拠を確認できず,,0,,https://www.et-x.jp,EQUITY,Technology,Information Technology Services,https://www.et-x.jp
3,3683,"Cyberlinks Co., Ltd.",IT関連,デジタル・サービス,90,82,88,主力テーマ,A,ok,industry=Software - Infrastructure; adjacent=software/cloud service; official=IT; count=3; pos=0.04,IT,3,0.0405,https://www.cyber-l.co.jp | https://www.cyber-l.co.jp/service/ | https://www.cyber-l.co.jp/service/aspsystem/,EQUITY,Technology,Software - Infrastructure,https://www.cyber-l.co.jp
3,3683,"Cyberlinks Co., Ltd.",eコマース,内需・消費,8,5,7,ノイズ候補,C,needs_review,事業概要に直接根拠を確認できず,,0,,https://www.cyber-l.co.jp | https://www.cyber-l.co.jp/service/ | https://www.cyber-l.co.jp/service/aspsystem/,EQUITY,Technology,Software - Infrastructure,https://www.cyber-l.co.jp
3,3683,"Cyberlinks Co., Ltd.",クラウドコンピューティング,デジタル・サービス,92,90,91,主力テーマ,A,ok,direct=cloud service; position=0.03; official=クラウド/クラウドサービス; count=61; pos=0.16,クラウド | クラウドサービス,61,0.1572,https://www.cyber-l.co.jp | https://www.cyber-l.co.jp/service/ | https://www.cyber-l.co.jp/service/aspsystem/,EQUITY,Technology,Software - Infrastructure,https://www.cyber-l.co.jp
3,3683,"Cyberlinks Co., Ltd.",デジタルトランスフォーメーション,デジタル・サービス,90,82,88,主力テーマ,A,official_site_supported,adjacent=cloud service; official=DX; count=3; pos=0.09,DX,3,0.0936,https://www.cyber-l.co.jp | https://www.cyber-l.co.jp/service/ | https://www.cyber-l.co.jp/service/aspsystem/,EQUITY,Technology,Software - Infrastructure,https://www.cyber-l.co.jp
3,3683,"Cyberlinks Co., Ltd.",データセンター,データセンター・電力,8,5,7,ノイズ候補,C,needs_review,事業概要に直接根拠を確認できず,,0,,https://www.cyber-l.co.jp | https://www.cyber-l.co.jp/service/ | https://www.cyber-l.co.jp/service/aspsystem/,EQUITY,Technology,Software - Infrastructure,https://www.cyber-l.co.jp
3,3683,"Cyberlinks Co., Ltd.",データベース,デジタル・サービス,92,90,91,主力テーマ,A,official_site_supported,adjacent=database; official=データベース; count=7; pos=0.22,データベース,7,0.2190,https://www.cyber-l.co.jp | https://www.cyber-l.co.jp/service/ | https://www.cyber-l.co.jp/service/aspsystem/,EQUITY,Technology,Software - Infrastructure,https://www.cyber-l.co.jp
3,3683,"Cyberlinks Co., Ltd.",人工知能,AI・半導体,92,90,91,主力テーマ,A,official_site_supported,事業概要に直接根拠を確認できず; official=AI; count=9; pos=0.04,AI,9,0.0390,https://www.cyber-l.co.jp | https://www.cyber-l.co.jp/service/ | https://www.cyber-l.co.jp/service/aspsystem/,EQUITY,Technology,Software - Infrastructure,https://www.cyber-l.co.jp
3,3683,"Cyberlinks Co., Ltd.",教育ICT,デジタル・サービス,8,5,7,ノイズ候補,C,needs_review,事業概要に直接根拠を確認できず,,0,,https://www.cyber-l.co.jp | https://www.cyber-l.co.jp/service/ | https://www.cyber-l.co.jp/service/aspsystem/,EQUITY,Technology,Software - Infrastructure,https://www.cyber-l.co.jp
3,3687,Fixstars Corporation,IT関連,デジタル・サービス,94,96,95,主力テーマ,A,ok,industry=Software - Application; direct=software development; position=0.36; growth=development; official=IT; count=60; pos=0.01,IT,60,0.0100,https://www.fixstars.com | https://www.fixstars.com/en/company/overview | https://www.fixstars.com/en/products-services,EQUITY,Technology,Software - Application,https://www.fixstars.com
3,3687,Fixstars Corporation,IoT,設備投資・機械,8,5,7,ノイズ候補,C,needs_review,事業概要に直接根拠を確認できず,,0,,https://www.fixstars.com | https://www.fixstars.com/en/company/overview | https://www.fixstars.com/en/products-services,EQUITY,Technology,Software - Application,https://www.fixstars.com
3,3687,Fixstars Corporation,エッジコンピューティング,AI・半導体,42,40,41,補助関連,C,needs_review,adjacent=embedded; growth=development,,0,,https://www.fixstars.com | https://www.fixstars.com/en/company/overview | https://www.fixstars.com/en/products-services,EQUITY,Technology,Software - Application,https://www.fixstars.com
3,3687,Fixstars Corporation,データセンター,データセンター・電力,8,5,7,ノイズ候補,C,needs_review,事業概要に直接根拠を確認できず,,0,,https://www.fixstars.com | https://www.fixstars.com/en/company/overview | https://www.fixstars.com/en/products-services,EQUITY,Technology,Software - Application,https://www.fixstars.com
3,3687,Fixstars Corporation,人工知能,AI・半導体,92,93,92,主力テーマ,A,ok,direct= ai /deep learning; position=0.33; growth=development; official=AI; count=90; pos=0.00,AI,90,0.0013,https://www.fixstars.com | https://www.fixstars.com/en/company/overview | https://www.fixstars.com/en/products-services,EQUITY,Technology,Software - Application,https://www.fixstars.com
3,3687,Fixstars Corporation,生成AI,AI・半導体,90,82,88,主力テーマ,A,official_site_supported,direct=generative ai/large language model; position=0.80; growth=development; official=LLM; count=4; pos=0.15,LLM,4,0.1486,https://www.fixstars.com | https://www.fixstars.com/en/company/overview | https://www.fixstars.com/en/products-services,EQUITY,Technology,Software - Application,https://www.fixstars.com
3,3687,Fixstars Corporation,自動運転車,自動車・モビリティ,8,5,7,ノイズ候補,C,needs_review,事業概要に直接根拠を確認できず,,0,,https://www.fixstars.com | https://www.fixstars.com/en/company/overview | https://www.fixstars.com/en/products-services,EQUITY,Technology,Software - Application,https://www.fixstars.com
3,3687,Fixstars Corporation,量子コンピューター,AI・半導体,86,88,87,主力テーマ,A,ok,direct=quantum computing; position=0.31; growth=development,,0,,https://www.fixstars.com | https://www.fixstars.com/en/company/overview | https://www.fixstars.com/en/products-services,EQUITY,Technology,Software - Application,https://www.fixstars.com
3,368A,Kitazato Corporation,再生医療,医療・ヘルスケア,8,5,7,ノイズ候補,C,needs_review,事業概要に直接根拠を確認できず,,0,,https://www.kitazato.co.jp,EQUITY,Healthcare,Medical Instruments & Supplies,https://www.kitazato.co.jp
3,368A,Kitazato Corporation,医療機器,医療・ヘルスケア,92,96,93,主力テーマ,A,ok,direct=medical device; position=0.14; growth=develops/research,,0,,https://www.kitazato.co.jp,EQUITY,Healthcare,Medical Instruments & Supplies,https://www.kitazato.co.jp
3,3690,YRGLM Inc.,IT関連,デジタル・サービス,72,68,71,有力関連,B,needs_review,adjacent=software/cloud service; official=IT; count=23; pos=0.15,IT,23,0.1546,https://yrglm.co.jp | https://yrglm.co.jp/release/11626/,EQUITY,Communication Services,Advertising Agencies,https://yrglm.co.jp
3,3690,YRGLM Inc.,IoT,設備投資・機械,8,5,7,ノイズ候補,C,needs_review,事業概要に直接根拠を確認できず,,0,,https://yrglm.co.jp | https://yrglm.co.jp/release/11626/,EQUITY,Communication Services,Advertising Agencies,https://yrglm.co.jp
3,3690,YRGLM Inc.,eコマース,内需・消費,72,68,71,有力関連,B,needs_review,direct=e-commerce; position=0.69; official=EC; count=1; pos=0.21,EC,1,0.2101,https://yrglm.co.jp | https://yrglm.co.jp/release/11626/,EQUITY,Communication Services,Advertising Agencies,https://yrglm.co.jp
3,3690,YRGLM Inc.,サブスクリプション,デジタル・サービス,8,5,7,ノイズ候補,C,needs_review,事業概要に直接根拠を確認できず,,0,,https://yrglm.co.jp | https://yrglm.co.jp/release/11626/,EQUITY,Communication Services,Advertising Agencies,https://yrglm.co.jp
3,3690,YRGLM Inc.,データ分析・解析,AI・半導体,8,5,7,ノイズ候補,C,needs_review,事業概要に直接根拠を確認できず,,0,,https://yrglm.co.jp | https://yrglm.co.jp/release/11626/,EQUITY,Communication Services,Advertising Agencies,https://yrglm.co.jp
3,3690,YRGLM Inc.,フィンテック,金融・金利,8,5,7,ノイズ候補,C,needs_review,事業概要に直接根拠を確認できず,,0,,https://yrglm.co.jp | https://yrglm.co.jp/release/11626/,EQUITY,Communication Services,Advertising Agencies,https://yrglm.co.jp
3,3690,YRGLM Inc.,人工知能,AI・半導体,92,90,91,主力テーマ,A,ok,direct= ai ; position=0.05; official=AI; count=13; pos=0.12,AI,13,0.1187,https://yrglm.co.jp | https://yrglm.co.jp/release/11626/,EQUITY,Communication Services,Advertising Agencies,https://yrglm.co.jp
3,3691,"DIGITAL PLUS, Inc.",IT関連,デジタル・サービス,58,54,57,補助関連,C,needs_review,事業概要に直接根拠を確認できず; official=IT; count=2; pos=0.03,IT,2,0.0343,https://digital-plus.co.jp,EQUITY,Communication Services,Internet Content & Information,https://digital-plus.co.jp
3,3691,"DIGITAL PLUS, Inc.",デジタルトランスフォーメーション,デジタル・サービス,8,5,7,ノイズ候補,C,needs_review,事業概要に直接根拠を確認できず,,0,,https://digital-plus.co.jp,EQUITY,Communication Services,Internet Content & Information,https://digital-plus.co.jp
3,3691,"DIGITAL PLUS, Inc.",フィンテック,金融・金利,92,84,90,主力テーマ,A,ok,direct=fintech; position=0.10,,0,,https://digital-plus.co.jp,EQUITY,Communication Services,Internet Content & Information,https://digital-plus.co.jp
3,3692,"FFRI Security, Inc.",IT関連,デジタル・サービス,90,94,91,主力テーマ,A,ok,industry=Software - Application; adjacent=software; growth=development/research; official=IT; count=24; pos=0.03,IT,24,0.0287,https://www.ffri.jp | https://www.ffri.jp/products | https://www.ffri.jp/products/products_yarai,EQUITY,Technology,Software - Application,https://www.ffri.jp
3,3692,"FFRI Security, Inc.",サイバーセキュリティ,防衛・国土強靱化,92,90,91,主力テーマ,A,official_site_supported,事業概要に直接根拠を確認できず; official=サイバーセキュリティ; count=8; pos=0.00,サイバーセキュリティ,8,0.0025,https://www.ffri.jp | https://www.ffri.jp/products | https://www.ffri.jp/products/products_yarai,EQUITY,Technology,Software - Application,https://www.ffri.jp
3,3692,"FFRI Security, Inc.",防衛,防衛・国土強靱化,8,5,7,ノイズ候補,C,needs_review,事業概要に直接根拠を確認できず,,0,,https://www.ffri.jp | https://www.ffri.jp/products | https://www.ffri.jp/products/products_yarai,EQUITY,Technology,Software - Application,https://www.ffri.jp
3,3694,OPTiM Corporation,IT関連,デジタル・サービス,90,92,91,主力テーマ,A,ok,industry=Software - Infrastructure; adjacent=software; growth=develops; official=IT; count=28; pos=0.05,IT,28,0.0502,https://www.optim.co.jp | https://www.optim.co.jp/corporate/outline | https://www.optim.co.jp/business/it-department,EQUITY,Technology,Software - Infrastructure,https://www.optim.co.jp
3,3694,OPTiM Corporation,IoT,設備投資・機械,97,99,98,主力テーマ,A,ok,direct= iot/iot platform; position=0.02; growth=develops; official=IoT; count=19; pos=0.04,IoT,19,0.0430,https://www.optim.co.jp | https://www.optim.co.jp/corporate/outline | https://www.optim.co.jp/business/it-department,EQUITY,Technology,Software - Infrastructure,https://www.optim.co.jp
3,3694,OPTiM Corporation,エッジコンピューティング,AI・半導体,42,40,41,補助関連,C,needs_review,adjacent=iot; growth=develops,,0,,https://www.optim.co.jp | https://www.optim.co.jp/corporate/outline | https://www.optim.co.jp/business/it-department,EQUITY,Technology,Software - Infrastructure,https://www.optim.co.jp
3,3694,OPTiM Corporation,クラウドコンピューティング,デジタル・サービス,92,90,91,主力テーマ,A,official_site_supported,adjacent=cloud; growth=develops; official=クラウド/クラウドサービス; count=10; pos=0.09,クラウド | クラウドサービス,10,0.0929,https://www.optim.co.jp | https://www.optim.co.jp/corporate/outline | https://www.optim.co.jp/business/it-department,EQUITY,Technology,Software - Infrastructure,https://www.optim.co.jp
3,3694,OPTiM Corporation,デジタルトランスフォーメーション,デジタル・サービス,72,68,71,有力関連,B,needs_review,事業概要に直接根拠を確認できず; official=DX; count=2; pos=0.83,DX,2,0.8260,https://www.optim.co.jp | https://www.optim.co.jp/corporate/outline | https://www.optim.co.jp/business/it-department,EQUITY,Technology,Software - Infrastructure,https://www.optim.co.jp
3,3694,OPTiM Corporation,ドローン,防衛・国土強靱化,92,90,91,主力テーマ,A,official_site_supported,事業概要に直接根拠を確認できず; official=ドローン; count=42; pos=0.06,ドローン,42,0.0557,https://www.optim.co.jp | https://www.optim.co.jp/corporate/outline | https://www.optim.co.jp/business/it-department,EQUITY,Technology,Software - Infrastructure,https://www.optim.co.jp
3,3694,OPTiM Corporation,フィンテック,金融・金利,8,5,7,ノイズ候補,C,needs_review,事業概要に直接根拠を確認できず,,0,,https://www.optim.co.jp | https://www.optim.co.jp/corporate/outline | https://www.optim.co.jp/business/it-department,EQUITY,Technology,Software - Infrastructure,https://www.optim.co.jp
3,3694,OPTiM Corporation,人工知能,AI・半導体,97,99,98,主力テーマ,A,ok,direct=artificial intelligence/ ai ; position=0.08; growth=develops; official=AI; count=95; pos=0.00,AI,95,0.0006,https://www.optim.co.jp | https://www.optim.co.jp/corporate/outline | https://www.optim.co.jp/business/it-department,EQUITY,Technology,Software - Infrastructure,https://www.optim.co.jp
3,3694,OPTiM Corporation,建設DX,不動産・建設,8,5,7,ノイズ候補,C,needs_review,事業概要に直接根拠を確認できず,,0,,https://www.optim.co.jp | https://www.optim.co.jp/corporate/outline | https://www.optim.co.jp/business/it-department,EQUITY,Technology,Software - Infrastructure,https://www.optim.co.jp
3,3694,OPTiM Corporation,教育ICT,デジタル・サービス,8,5,7,ノイズ候補,C,needs_review,事業概要に直接根拠を確認できず,,0,,https://www.optim.co.jp | https://www.optim.co.jp/corporate/outline | https://www.optim.co.jp/business/it-department,EQUITY,Technology,Software - Infrastructure,https://www.optim.co.jp
3,3694,OPTiM Corporation,遠隔医療,医療・ヘルスケア,92,90,91,主力テーマ,A,official_site_supported,事業概要に直接根拠を確認できず; official=オンライン診療; count=6; pos=0.06,オンライン診療,6,0.0643,https://www.optim.co.jp | https://www.optim.co.jp/corporate/outline | https://www.optim.co.jp/business/it-department,EQUITY,Technology,Software - Infrastructure,https://www.optim.co.jp
3,3695,"GMO Product Platform, Inc.",IT関連,デジタル・サービス,90,92,91,主力テーマ,A,ok,industry=Software - Infrastructure; adjacent=software; growth=research; official=IT; count=11; pos=0.02,IT,11,0.0158,https://gmo-research.ai | https://gmo-research.ai/company | https://gmo-research.ai/service,EQUITY,Technology,Software - Infrastructure,https://gmo-research.ai
3,3695,"GMO Product Platform, Inc.",データ分析・解析,AI・半導体,8,5,7,ノイズ候補,C,needs_review,事業概要に直接根拠を確認できず,,0,,https://gmo-research.ai | https://gmo-research.ai/company | https://gmo-research.ai/service,EQUITY,Technology,Software - Infrastructure,https://gmo-research.ai
3,3696,Ceres Inc.,IT関連,デジタル・サービス,72,68,71,有力関連,B,needs_review,事業概要に直接根拠を確認できず; official=IT; count=10; pos=0.03,IT,10,0.0263,https://ceres-inc.jp | https://ceres-inc.jp/company/ | https://ceres-inc.jp/business/,EQUITY,Industrials,Conglomerates,https://ceres-inc.jp
3,3696,Ceres Inc.,フィンテック,金融・金利,42,44,43,補助関連,C,needs_review,adjacent=blockchain; growth=developing/development,,0,,https://ceres-inc.jp | https://ceres-inc.jp/company/ | https://ceres-inc.jp/business/,EQUITY,Industrials,Conglomerates,https://ceres-inc.jp
3,3697,SHIFT Inc.,IT関連,デジタル・サービス,90,82,88,主力テーマ,A,ok,industry=Software - Application; adjacent=software,,0,,https://www.shiftinc.jp,EQUITY,Technology,Software - Application,https://www.shiftinc.jp
3,3697,SHIFT Inc.,ゲーム関連,デジタル・サービス,8,5,7,ノイズ候補,C,needs_review,事業概要に直接根拠を確認できず,,0,,https://www.shiftinc.jp,EQUITY,Technology,Software - Application,https://www.shiftinc.jp
3,3697,SHIFT Inc.,サイバーセキュリティ,防衛・国土強靱化,8,5,7,ノイズ候補,C,needs_review,事業概要に直接根拠を確認できず,,0,,https://www.shiftinc.jp,EQUITY,Technology,Software - Application,https://www.shiftinc.jp
3,3697,SHIFT Inc.,デジタルトランスフォーメーション,デジタル・サービス,8,5,7,ノイズ候補,C,needs_review,事業概要に直接根拠を確認できず,,0,,https://www.shiftinc.jp,EQUITY,Technology,Software - Application,https://www.shiftinc.jp
3,3697,SHIFT Inc.,防衛,防衛・国土強靱化,8,5,7,ノイズ候補,C,needs_review,事業概要に直接根拠を確認できず,,0,,https://www.shiftinc.jp,EQUITY,Technology,Software - Application,https://www.shiftinc.jp
3,3698,"CRI Middleware Co., Ltd.",IT関連,デジタル・サービス,82,86,83,主力テーマ,B,ok,direct=software development; position=0.46; growth=development/research; official=IT; count=79; pos=0.17,IT,79,0.1688,https://www.cri-mw.co.jp | https://www.cri-mw.co.jp/contact/ | https://www.cri-mw.co.jp/business/,EQUITY,Communication Services,Electronic Gaming & Multimedia,https://www.cri-mw.co.jp
3,3698,"CRI Middleware Co., Ltd.",IoT,設備投資・機械,72,78,74,有力関連,B,needs_review,事業概要に直接根拠を確認できず; official=IoT; count=2; pos=0.45,IoT,2,0.4495,https://www.cri-mw.co.jp | https://www.cri-mw.co.jp/contact/ | https://www.cri-mw.co.jp/business/,EQUITY,Communication Services,Electronic Gaming & Multimedia,https://www.cri-mw.co.jp
3,3698,"CRI Middleware Co., Ltd.",ゲーム関連,デジタル・サービス,92,98,94,主力テーマ,A,ok,direct=game development; position=0.23; growth=development/research; official=ゲーム/ゲーム開発; count=35; pos=0.01,ゲーム | ゲーム開発,35,0.0122,https://www.cri-mw.co.jp | https://www.cri-mw.co.jp/contact/ | https://www.cri-mw.co.jp/business/,EQUITY,Communication Services,Electronic Gaming & Multimedia,https://www.cri-mw.co.jp
3,3698,"CRI Middleware Co., Ltd.",サイバーセキュリティ,防衛・国土強靱化,85,91,87,主力テーマ,A,official_site_supported,事業概要に直接根拠を確認できず; official=サイバーセキュリティ/情報セキュリティ; count=4; pos=0.20,サイバーセキュリティ | 情報セキュリティ,4,0.2011,https://www.cri-mw.co.jp | https://www.cri-mw.co.jp/contact/ | https://www.cri-mw.co.jp/business/,EQUITY,Communication Services,Electronic Gaming & Multimedia,https://www.cri-mw.co.jp
3,3698,"CRI Middleware Co., Ltd.",人工知能,AI・半導体,92,98,94,主力テーマ,A,official_site_supported,事業概要に直接根拠を確認できず; official=AI; count=6; pos=0.33,AI,6,0.3279,https://www.cri-mw.co.jp | https://www.cri-mw.co.jp/contact/ | https://www.cri-mw.co.jp/business/,EQUITY,Communication Services,Electronic Gaming & Multimedia,https://www.cri-mw.co.jp
3,3708,"Tokushu Tokai Paper Co., Ltd.",円高メリット,内需・消費,8,5,7,ノイズ候補,C,needs_review_macro,事業概要に直接根拠を確認できず,,0,,https://www.tt-paper.co.jp | https://www.tt-paper.co.jp/company/ | https://www.tt-paper.co.jp/company/outline/,EQUITY,Basic Materials,Paper & Paper Products,https://www.tt-paper.co.jp
3,3710,"Jorudan Co.,Ltd.",IT関連,デジタル・サービス,90,92,91,主力テーマ,A,ok,industry=Software - Application; adjacent=software; growth=development,,0,,https://www.jorudan.co.jp,EQUITY,Technology,Software - Application,https://www.jorudan.co.jp
3,3710,"Jorudan Co.,Ltd.",MaaS,自動車・モビリティ,8,5,7,ノイズ候補,C,needs_review,事業概要に直接根拠を確認できず,,0,,https://www.jorudan.co.jp,EQUITY,Technology,Software - Application,https://www.jorudan.co.jp
3,3710,"Jorudan Co.,Ltd.",自動運転車,自動車・モビリティ,8,5,7,ノイズ候補,C,needs_review,事業概要に直接根拠を確認できず,,0,,https://www.jorudan.co.jp,EQUITY,Technology,Software - Application,https://www.jorudan.co.jp
3,3712,"Information Planning CO., LTD.",IT関連,デジタル・サービス,90,94,91,主力テーマ,A,ok,industry=Software - Application; adjacent=software; growth=development/investment; official=IT; count=8; pos=0.03,IT,8,0.0273,https://www.jyohokikaku.co.jp | https://www.jyohokikaku.co.jp/about/ | https://www.jyohokikaku.co.jp/products/,EQUITY,Technology,Software - Application,https://www.jyohokikaku.co.jp
3,3712,"Information Planning CO., LTD.",電子政府,デジタル・サービス,8,5,7,ノイズ候補,C,needs_review,事業概要に直接根拠を確認できず,,0,,https://www.jyohokikaku.co.jp | https://www.jyohokikaku.co.jp/about/ | https://www.jyohokikaku.co.jp/products/,EQUITY,Technology,Software - Application,https://www.jyohokikaku.co.jp
3,3719,"AI storm Co., Ltd.",IT関連,デジタル・サービス,42,42,42,補助関連,C,needs_review,adjacent=software; growth=development/expansion,,0,,https://www.ai-storm.co.jp,EQUITY,Industrials,Consulting Services,https://www.ai-storm.co.jp
3,3719,"AI storm Co., Ltd.",クラウドコンピューティング,デジタル・サービス,42,42,42,補助関連,C,needs_review,adjacent=cloud; growth=development/expansion,,0,,https://www.ai-storm.co.jp,EQUITY,Industrials,Consulting Services,https://www.ai-storm.co.jp
3,3719,"AI storm Co., Ltd.",データセンター,データセンター・電力,8,5,7,ノイズ候補,C,needs_review,事業概要に直接根拠を確認できず,,0,,https://www.ai-storm.co.jp,EQUITY,Industrials,Consulting Services,https://www.ai-storm.co.jp
3,3719,"AI storm Co., Ltd.",人工知能,AI・半導体,90,86,89,主力テーマ,A,ok,direct= ai ; growth=development/expansion; official=AI; count=2; pos=0.00,AI,2,0.0000,https://www.ai-storm.co.jp,EQUITY,Industrials,Consulting Services,https://www.ai-storm.co.jp
3,3719,"AI storm Co., Ltd.",再生可能エネルギー,GX・エネルギー,8,5,7,ノイズ候補,C,needs_review,事業概要に直接根拠を確認できず,,0,,https://www.ai-storm.co.jp,EQUITY,Industrials,Consulting Services,https://www.ai-storm.co.jp
3,3719,"AI storm Co., Ltd.",太陽光発電関連,GX・エネルギー,8,5,7,ノイズ候補,C,needs_review,事業概要に直接根拠を確認できず,,0,,https://www.ai-storm.co.jp,EQUITY,Industrials,Consulting Services,https://www.ai-storm.co.jp
3,3719,"AI storm Co., Ltd.",蓄電池,GX・エネルギー,8,5,7,ノイズ候補,C,needs_review,事業概要に直接根拠を確認できず,,0,,https://www.ai-storm.co.jp,EQUITY,Industrials,Consulting Services,https://www.ai-storm.co.jp
3,3719,"AI storm Co., Ltd.",電子政府,デジタル・サービス,8,5,7,ノイズ候補,C,needs_review,事業概要に直接根拠を確認できず,,0,,https://www.ai-storm.co.jp,EQUITY,Industrials,Consulting Services,https://www.ai-storm.co.jp
3,3723,Nihon Falcom Corporation,ゲーム関連,デジタル・サービス,92,90,91,主力テーマ,A,official_site_supported,direct=video game; position=0.71; growth=development; official=ゲーム; count=35; pos=0.01,ゲーム,35,0.0059,https://www.falcom.co.jp | https://www.falcom.co.jp/company/outline | https://www.falcom.co.jp/ir/business,EQUITY,Communication Services,Electronic Gaming & Multimedia,https://www.falcom.co.jp
3,3726,"4Cs HD Co., Ltd.",eコマース,内需・消費,85,91,87,主力テーマ,A,official_site_supported,事業概要に直接根拠を確認できず; official=EC; count=4; pos=0.23,EC,4,0.2278,https://www.4cs-holdings.co.jp | https://www.4cs-holdings.co.jp/company | https://www.4cs-holdings.co.jp/company/about,EQUITY,Consumer Cyclical,Internet Retail,https://www.4cs-holdings.co.jp
3,3726,"4Cs HD Co., Ltd.",太陽光発電関連,GX・エネルギー,92,98,94,主力テーマ,A,official_site_supported,direct=solar power; position=0.62; official=太陽光発電/太陽光発電所; count=9; pos=0.89,太陽光発電 | 太陽光発電所,9,0.8930,https://www.4cs-holdings.co.jp | https://www.4cs-holdings.co.jp/company | https://www.4cs-holdings.co.jp/company/about,EQUITY,Consumer Cyclical,Internet Retail,https://www.4cs-holdings.co.jp
3,3726,"4Cs HD Co., Ltd.",小売り,内需・消費,46,34,42,補助関連,C,needs_review,adjacent=retail/stores,,0,,https://www.4cs-holdings.co.jp | https://www.4cs-holdings.co.jp/company | https://www.4cs-holdings.co.jp/company/about,EQUITY,Consumer Cyclical,Internet Retail,https://www.4cs-holdings.co.jp
3,3727,Aplix Corporation,IT関連,デジタル・サービス,90,92,91,主力テーマ,A,ok,industry=Software - Application; adjacent=software/cloud service; growth=development; official=IT; count=8; pos=0.18,IT,8,0.1804,https://www.aplix.co.jp | https://www.aplix.co.jp/aplixiotplatform/ | https://www.aplix.co.jp/engineering/,EQUITY,Technology,Software - Application,https://www.aplix.co.jp
3,3727,Aplix Corporation,IoT,設備投資・機械,92,98,94,主力テーマ,A,official_site_supported,direct= iot; position=0.52; growth=development; official=IoT; count=23; pos=0.15,IoT,23,0.1522,https://www.aplix.co.jp | https://www.aplix.co.jp/aplixiotplatform/ | https://www.aplix.co.jp/engineering/,EQUITY,Technology,Software - Application,https://www.aplix.co.jp
3,3727,Aplix Corporation,クラウドコンピューティング,デジタル・サービス,92,98,94,主力テーマ,A,official_site_supported,direct=cloud service; position=0.82; growth=development; official=クラウド/クラウドサービス; count=34; pos=0.06,クラウド | クラウドサービス,34,0.0606,https://www.aplix.co.jp | https://www.aplix.co.jp/aplixiotplatform/ | https://www.aplix.co.jp/engineering/,EQUITY,Technology,Software - Application,https://www.aplix.co.jp
3,3727,Aplix Corporation,サブスクリプション,デジタル・サービス,92,98,94,主力テーマ,A,official_site_supported,事業概要に直接根拠を確認できず; official=月額; count=8; pos=0.25,月額,8,0.2516,https://www.aplix.co.jp | https://www.aplix.co.jp/aplixiotplatform/ | https://www.aplix.co.jp/engineering/,EQUITY,Technology,Software - Application,https://www.aplix.co.jp
3,3733,"Software Service, Inc.",IT関連,デジタル・サービス,72,68,71,有力関連,B,needs_review,adjacent=software; official=IT; count=13; pos=0.06,IT,13,0.0594,https://www.softs.co.jp | https://www.softs.co.jp/business/index.html,EQUITY,Healthcare,Health Information Services,https://www.softs.co.jp
3,3733,"Software Service, Inc.",医療機器,医療・ヘルスケア,8,5,7,ノイズ候補,C,needs_review,事業概要に直接根拠を確認できず,,0,,https://www.softs.co.jp | https://www.softs.co.jp/business/index.html,EQUITY,Healthcare,Health Information Services,https://www.softs.co.jp
3,3739,,IT関連,デジタル・サービス,8,5,7,ノイズ候補,C,needs_official_ir,事業概要に直接根拠を確認できず,,0,,,,,,
3,3741,"Systems Engineering Consultants Co.,LTD.",IT関連,デジタル・サービス,94,100,96,主力テーマ,A,ok,industry=Software - Infrastructure; direct=software development; position=0.03; growth=develops/development; official=IT; count=7; pos=0.19,IT,7,0.1858,https://www.sec.co.jp | https://www.sec.co.jp/ja/sec/about.html | https://www.sec.co.jp/ja/sec/fields.html,EQUITY,Technology,Software - Infrastructure,https://www.sec.co.jp
3,3741,"Systems Engineering Consultants Co.,LTD.",IoT,設備投資・機械,86,92,88,主力テーマ,A,ok,direct= iot; position=0.34; growth=develops/development; official=IoT; count=3; pos=0.95,IoT,3,0.9474,https://www.sec.co.jp | https://www.sec.co.jp/ja/sec/about.html | https://www.sec.co.jp/ja/sec/fields.html,EQUITY,Technology,Software - Infrastructure,https://www.sec.co.jp
3,3741,"Systems Engineering Consultants Co.,LTD.",キャッシュレス決済,金融・金利,72,68,71,有力関連,B,needs_review,事業概要に直接根拠を確認できず; official=キャッシュレス/キャッシュレス決済; count=2; pos=0.90,キャッシュレス | キャッシュレス決済,2,0.8978,https://www.sec.co.jp | https://www.sec.co.jp/ja/sec/about.html | https://www.sec.co.jp/ja/sec/fields.html,EQUITY,Technology,Software - Infrastructure,https://www.sec.co.jp
3,3741,"Systems Engineering Consultants Co.,LTD.",クラウドコンピューティング,デジタル・サービス,82,88,84,主力テーマ,B,ok,direct=cloud system; position=0.43; growth=develops/development; official=クラウド; count=2; pos=0.95,クラウド,2,0.9514,https://www.sec.co.jp | https://www.sec.co.jp/ja/sec/about.html | https://www.sec.co.jp/ja/sec/fields.html,EQUITY,Technology,Software - Infrastructure,https://www.sec.co.jp
3,3741,"Systems Engineering Consultants Co.,LTD.",サービスロボット,設備投資・機械,72,68,71,有力関連,B,needs_review,adjacent=robot/robotics; growth=develops/development; official=サービスロボット; count=1; pos=0.85,サービスロボット,1,0.8539,https://www.sec.co.jp | https://www.sec.co.jp/ja/sec/about.html | https://www.sec.co.jp/ja/sec/fields.html,EQUITY,Technology,Software - Infrastructure,https://www.sec.co.jp
3,3741,"Systems Engineering Consultants Co.,LTD.",デジタルトランスフォーメーション,デジタル・サービス,8,5,7,ノイズ候補,C,needs_review,事業概要に直接根拠を確認できず,,0,,https://www.sec.co.jp | https://www.sec.co.jp/ja/sec/about.html | https://www.sec.co.jp/ja/sec/fields.html,EQUITY,Technology,Software - Infrastructure,https://www.sec.co.jp
3,3741,"Systems Engineering Consultants Co.,LTD.",フィジカルAI,AI・半導体,50,52,51,補助関連,C,needs_review,adjacent=robot/computer vision/autonomous; growth=develops/development,,0,,https://www.sec.co.jp | https://www.sec.co.jp/ja/sec/about.html | https://www.sec.co.jp/ja/sec/fields.html,EQUITY,Technology,Software - Infrastructure,https://www.sec.co.jp
3,3741,"Systems Engineering Consultants Co.,LTD.",ロボット,AI・半導体,100,100,100,主力テーマ,A,ok,direct=robot/robotics/robotic; position=0.12; growth=develops/development; official=ロボット; count=23; pos=0.05,ロボット,23,0.0464,https://www.sec.co.jp | https://www.sec.co.jp/ja/sec/about.html | https://www.sec.co.jp/ja/sec/fields.html,EQUITY,Technology,Software - Infrastructure,https://www.sec.co.jp
3,3741,"Systems Engineering Consultants Co.,LTD.",人工知能,AI・半導体,90,82,88,主力テーマ,A,official_site_supported,adjacent=computer vision; growth=develops/development; official=AI; count=4; pos=0.07,AI,4,0.0662,https://www.sec.co.jp | https://www.sec.co.jp/ja/sec/about.html | https://www.sec.co.jp/ja/sec/fields.html,EQUITY,Technology,Software - Infrastructure,https://www.sec.co.jp
3,3741,"Systems Engineering Consultants Co.,LTD.",宇宙開発関連,防衛・国土強靱化,85,82,84,主力テーマ,B,official_site_supported,direct=satellite; position=0.69; growth=develops/development; official=宇宙開発/衛星; count=5; pos=0.27,宇宙開発 | 衛星,5,0.2724,https://www.sec.co.jp | https://www.sec.co.jp/ja/sec/about.html | https://www.sec.co.jp/ja/sec/fields.html,EQUITY,Technology,Software - Infrastructure,https://www.sec.co.jp
3,3741,"Systems Engineering Consultants Co.,LTD.",量子コンピューター,AI・半導体,8,5,7,ノイズ候補,C,needs_review,事業概要に直接根拠を確認できず,,0,,https://www.sec.co.jp | https://www.sec.co.jp/ja/sec/about.html | https://www.sec.co.jp/ja/sec/fields.html,EQUITY,Technology,Software - Infrastructure,https://www.sec.co.jp
3,3744,SIOS Corporation,IT関連,デジタル・サービス,94,98,95,主力テーマ,A,qa_peripheral,industry=Software - Application; direct=information systems; position=0.78; growth=develops/development; official=IT; count=6; pos=0.10,IT,6,0.1016,https://www.sios.com | https://www.sios.com/ja/company/business/ | https://www.sios.com/ja/company/about/outline/,EQUITY,Technology,Software - Application,https://www.sios.com
3,3744,SIOS Corporation,IoT,設備投資・機械,8,5,7,ノイズ候補,C,needs_review,事業概要に直接根拠を確認できず,,0,,https://www.sios.com | https://www.sios.com/ja/company/business/ | https://www.sios.com/ja/company/about/outline/,EQUITY,Technology,Software - Application,https://www.sios.com
3,3744,SIOS Corporation,SaaS,デジタル・サービス,97,100,98,主力テーマ,A,ok,industry=Software - Application; direct=software as a service/saas; position=0.04; growth=develops/development; official=SaaS; count=2; pos=0.60,SaaS,2,0.5969,https://www.sios.com | https://www.sios.com/ja/company/business/ | https://www.sios.com/ja/company/about/outline/,EQUITY,Technology,Software - Application,https://www.sios.com
3,3744,SIOS Corporation,クラウドコンピューティング,デジタル・サービス,72,78,74,有力関連,B,needs_review,adjacent=cloud/saas; growth=develops/development; official=クラウド; count=1; pos=0.62,クラウド,1,0.6169,https://www.sios.com | https://www.sios.com/ja/company/business/ | https://www.sios.com/ja/company/about/outline/,EQUITY,Technology,Software - Application,https://www.sios.com
3,3744,SIOS Corporation,サブスクリプション,デジタル・サービス,86,90,87,主力テーマ,A,ok,direct=subscription business; position=0.23; growth=develops/development,,0,,https://www.sios.com | https://www.sios.com/ja/company/business/ | https://www.sios.com/ja/company/about/outline/,EQUITY,Technology,Software - Application,https://www.sios.com
3,3744,SIOS Corporation,デジタルトランスフォーメーション,デジタル・サービス,92,98,94,主力テーマ,A,official_site_supported,事業概要に直接根拠を確認できず; official=DX; count=7; pos=0.01,DX,7,0.0123,https://www.sios.com | https://www.sios.com/ja/company/business/ | https://www.sios.com/ja/company/about/outline/,EQUITY,Technology,Software - Application,https://www.sios.com
3,3744,SIOS Corporation,データ分析・解析,AI・半導体,8,5,7,ノイズ候補,C,needs_review,事業概要に直接根拠を確認できず,,0,,https://www.sios.com | https://www.sios.com/ja/company/business/ | https://www.sios.com/ja/company/about/outline/,EQUITY,Technology,Software - Application,https://www.sios.com
3,3744,SIOS Corporation,フィンテック,金融・金利,8,5,7,ノイズ候補,C,needs_review,事業概要に直接根拠を確認できず,,0,,https://www.sios.com | https://www.sios.com/ja/company/business/ | https://www.sios.com/ja/company/about/outline/,EQUITY,Technology,Software - Application,https://www.sios.com
3,3744,SIOS Corporation,人工知能,AI・半導体,92,98,94,主力テーマ,A,official_site_supported,direct= ai /ai solution; position=0.82; growth=develops/development; official=AI; count=9; pos=0.10,AI,9,0.1007,https://www.sios.com | https://www.sios.com/ja/company/business/ | https://www.sios.com/ja/company/about/outline/,EQUITY,Technology,Software - Application,https://www.sios.com
3,3744,SIOS Corporation,防災,防衛・国土強靱化,8,5,7,ノイズ候補,C,needs_review,事業概要に直接根拠を確認できず,,0,,https://www.sios.com | https://www.sios.com/ja/company/business/ | https://www.sios.com/ja/company/about/outline/,EQUITY,Technology,Software - Application,https://www.sios.com
3,3747,"Intertrade Co.,Ltd.",IT関連,デジタル・サービス,72,68,71,有力関連,B,needs_review,事業概要に直接根拠を確認できず; official=IT; count=7; pos=0.15,IT,7,0.1461,https://www.itrade.co.jp,EQUITY,Financial Services,Capital Markets,https://www.itrade.co.jp
3,3747,"Intertrade Co.,Ltd.",フィンテック,金融・金利,8,5,7,ノイズ候補,C,needs_review,事業概要に直接根拠を確認できず,,0,,https://www.itrade.co.jp,EQUITY,Financial Services,Capital Markets,https://www.itrade.co.jp
3,3747,"Intertrade Co.,Ltd.",人工知能,AI・半導体,8,5,7,ノイズ候補,C,needs_review,事業概要に直接根拠を確認できず,,0,,https://www.itrade.co.jp,EQUITY,Financial Services,Capital Markets,https://www.itrade.co.jp
3,3750,ADR Biomedical Holdings Inc.,再生医療,医療・ヘルスケア,92,98,94,主力テーマ,A,ok,direct=cell therapy; position=0.08; growth=develops/development; official=再生医療/細胞治療; count=5; pos=0.01,再生医療 | 細胞治療,5,0.0074,https://adr.co.jp | https://adr.co.jp/company | https://adr.co.jp/company/profile,EQUITY,Healthcare,Biotechnology,https://adr.co.jp
3,3750,ADR Biomedical Holdings Inc.,医療機器,医療・ヘルスケア,92,98,94,主力テーマ,A,ok,direct=medical device; position=0.09; growth=develops/development; official=医療機器; count=6; pos=0.19,医療機器,6,0.1916,https://adr.co.jp | https://adr.co.jp/company | https://adr.co.jp/company/profile,EQUITY,Healthcare,Biotechnology,https://adr.co.jp
3,3753,FLIGHT SOLUTIONS Inc.,IT関連,デジタル・サービス,94,96,95,主力テーマ,A,ok,industry=Software - Infrastructure; direct=it services; position=0.37; growth=development,,0,,https://www.flight.co.jp,EQUITY,Technology,Software - Infrastructure,https://www.flight.co.jp
3,3753,FLIGHT SOLUTIONS Inc.,キャッシュレス決済,金融・金利,90,68,83,主力テーマ,B,official_site_supported,事業概要に直接根拠を確認できず; official=決済サービス; count=1; pos=0.03,決済サービス,1,0.0339,https://www.flight.co.jp,EQUITY,Technology,Software - Infrastructure,https://www.flight.co.jp
3,3753,FLIGHT SOLUTIONS Inc.,クラウドコンピューティング,デジタル・サービス,82,84,83,主力テーマ,B,ok,direct=cloud service; position=0.45; growth=development,,0,,https://www.flight.co.jp,EQUITY,Technology,Software - Infrastructure,https://www.flight.co.jp
3,3753,FLIGHT SOLUTIONS Inc.,フィンテック,金融・金利,8,5,7,ノイズ候補,C,needs_review,事業概要に直接根拠を確認できず,,0,,https://www.flight.co.jp,EQUITY,Technology,Software - Infrastructure,https://www.flight.co.jp
3,3753,FLIGHT SOLUTIONS Inc.,マイナンバー,デジタル・サービス,42,40,41,補助関連,C,needs_review,adjacent=identity verification; growth=development,,0,,https://www.flight.co.jp,EQUITY,Technology,Software - Infrastructure,https://www.flight.co.jp
3,3758,Aeria Inc.,IT関連,デジタル・サービス,92,94,93,主力テーマ,A,ok,direct=it services; position=0.03; growth=development,,0,,https://www.aeria.jp | https://www.aeria.jp/company/outline | https://www.aeria.jp/service,EQUITY,Communication Services,Electronic Gaming & Multimedia,https://www.aeria.jp
3,3758,Aeria Inc.,ゲーム関連,デジタル・サービス,90,68,83,主力テーマ,B,official_site_supported,adjacent=gaming; growth=development; official=ゲーム; count=1; pos=0.15,ゲーム,1,0.1451,https://www.aeria.jp | https://www.aeria.jp/company/outline | https://www.aeria.jp/service,EQUITY,Communication Services,Electronic Gaming & Multimedia,https://www.aeria.jp
3,3758,Aeria Inc.,データセンター,データセンター・電力,8,5,7,ノイズ候補,C,needs_review,事業概要に直接根拠を確認できず,,0,,https://www.aeria.jp | https://www.aeria.jp/company/outline | https://www.aeria.jp/service,EQUITY,Communication Services,Electronic Gaming & Multimedia,https://www.aeria.jp
3,3758,Aeria Inc.,不動産関連,不動産・建設,66,66,66,有力関連,B,qa_borderline,direct=real estate business; position=0.59; growth=development,,0,,https://www.aeria.jp | https://www.aeria.jp/company/outline | https://www.aeria.jp/service,EQUITY,Communication Services,Electronic Gaming & Multimedia,https://www.aeria.jp
3,3758,Aeria Inc.,人工知能,AI・半導体,8,5,7,ノイズ候補,C,needs_review,事業概要に直接根拠を確認できず,,0,,https://www.aeria.jp | https://www.aeria.jp/company/outline | https://www.aeria.jp/service,EQUITY,Communication Services,Electronic Gaming & Multimedia,https://www.aeria.jp
3,3758,Aeria Inc.,生成AI,AI・半導体,8,5,7,ノイズ候補,C,needs_review,事業概要に直接根拠を確認できず,,0,,https://www.aeria.jp | https://www.aeria.jp/company/outline | https://www.aeria.jp/service,EQUITY,Communication Services,Electronic Gaming & Multimedia,https://www.aeria.jp
3,3760,"CAVE Interactive CO.,LTD.",IT関連,デジタル・サービス,58,54,57,補助関連,C,needs_review,事業概要に直接根拠を確認できず; official=IT; count=4; pos=0.22,IT,4,0.2176,https://www.cave.co.jp | https://www.cave.co.jp/business/ | https://www.cave.co.jp/company/,EQUITY,Communication Services,Electronic Gaming & Multimedia,https://www.cave.co.jp
3,3762,TechMatrix Corporation,IT関連,デジタル・サービス,97,99,98,主力テーマ,A,ok,industry=Information Technology Services; direct=information technology/software development; position=0.20; growth=development; official=IT; count=3; pos=0.18,IT,3,0.1772,https://www.techmatrix.co.jp,EQUITY,Technology,Information Technology Services,https://www.techmatrix.co.jp
3,3762,TechMatrix Corporation,SaaS,デジタル・サービス,8,5,7,ノイズ候補,C,needs_review,事業概要に直接根拠を確認できず,,0,,https://www.techmatrix.co.jp,EQUITY,Technology,Information Technology Services,https://www.techmatrix.co.jp
3,3762,TechMatrix Corporation,クラウドコンピューティング,デジタル・サービス,8,5,7,ノイズ候補,C,needs_review,事業概要に直接根拠を確認できず,,0,,https://www.techmatrix.co.jp,EQUITY,Technology,Information Technology Services,https://www.techmatrix.co.jp
3,3762,TechMatrix Corporation,サイバーセキュリティ,防衛・国土強靱化,8,5,7,ノイズ候補,C,needs_review,事業概要に直接根拠を確認できず,,0,,https://www.techmatrix.co.jp,EQUITY,Technology,Information Technology Services,https://www.techmatrix.co.jp
3,3762,TechMatrix Corporation,サブスクリプション,デジタル・サービス,8,5,7,ノイズ候補,C,needs_review,事業概要に直接根拠を確認できず,,0,,https://www.techmatrix.co.jp,EQUITY,Technology,Information Technology Services,https://www.techmatrix.co.jp
3,3762,TechMatrix Corporation,マイナンバー,デジタル・サービス,8,5,7,ノイズ候補,C,needs_review,事業概要に直接根拠を確認できず,,0,,https://www.techmatrix.co.jp,EQUITY,Technology,Information Technology Services,https://www.techmatrix.co.jp
3,3762,TechMatrix Corporation,遠隔医療,医療・ヘルスケア,8,5,7,ノイズ候補,C,needs_review,事業概要に直接根拠を確認できず,,0,,https://www.techmatrix.co.jp,EQUITY,Technology,Information Technology Services,https://www.techmatrix.co.jp
3,3763,Pro-Ship Incorporated,IT関連,デジタル・サービス,94,98,95,主力テーマ,A,qa_peripheral,industry=Software - Application; direct=information systems; position=0.56; growth=develops/development; official=IT; count=17; pos=0.05,IT,17,0.0487,https://www.proship.co.jp | https://www.proship.co.jp/products/ | https://www.proship.co.jp/contact/form-products/,EQUITY,Technology,Software - Application,https://www.proship.co.jp
3,3763,Pro-Ship Incorporated,電子政府,デジタル・サービス,8,5,7,ノイズ候補,C,needs_review,事業概要に直接根拠を確認できず,,0,,https://www.proship.co.jp | https://www.proship.co.jp/products/ | https://www.proship.co.jp/contact/form-products/,EQUITY,Technology,Software - Application,https://www.proship.co.jp
3,3765,"GungHo Online Entertainment, Inc.",ゲーム関連,デジタル・サービス,92,98,94,主力テーマ,A,official_site_supported,adjacent=gaming; growth=development; official=ゲーム; count=18; pos=0.04,ゲーム,18,0.0408,https://www.gungho.co.jp,EQUITY,Communication Services,Electronic Gaming & Multimedia,https://www.gungho.co.jp
3,3766,"Systems Design Co., Ltd.",IT関連,デジタル・サービス,94,96,95,主力テーマ,A,ok,industry=Information Technology Services; direct=information technology; growth=development,,0,,https://www.sdcj.co.jp | https://www.sdcj.co.jp/company/outline.html | https://www.sdcj.co.jp/company/business_office.html,EQUITY,Technology,Information Technology Services,https://www.sdcj.co.jp
3,3766,"Systems Design Co., Ltd.",人工知能,AI・半導体,92,90,91,主力テーマ,A,official_site_supported,direct= ai ; position=0.60; growth=development; official=AI; count=21; pos=0.06,AI,21,0.0593,https://www.sdcj.co.jp | https://www.sdcj.co.jp/company/outline.html | https://www.sdcj.co.jp/company/business_office.html,EQUITY,Technology,Information Technology Services,https://www.sdcj.co.jp
3,3768,Riskmonster.com,IT関連,デジタル・サービス,42,30,38,ノイズ候補,C,needs_review,adjacent=cloud service,,0,,https://www.riskmonster.co.jp | https://www.riskmonster.co.jp/service/ | https://www.riskmonster.co.jp/service/service_list.html,EQUITY,Industrials,Consulting Services,https://www.riskmonster.co.jp
3,3768,Riskmonster.com,クラウドコンピューティング,デジタル・サービス,92,98,94,主力テーマ,A,ok,direct=cloud service; position=0.11; official=クラウド; count=3; pos=0.58,クラウド,3,0.5778,https://www.riskmonster.co.jp | https://www.riskmonster.co.jp/service/ | https://www.riskmonster.co.jp/service/service_list.html,EQUITY,Industrials,Consulting Services,https://www.riskmonster.co.jp
3,3768,Riskmonster.com,サブスクリプション,デジタル・サービス,8,5,7,ノイズ候補,C,needs_review,事業概要に直接根拠を確認できず,,0,,https://www.riskmonster.co.jp | https://www.riskmonster.co.jp/service/ | https://www.riskmonster.co.jp/service/service_list.html,EQUITY,Industrials,Consulting Services,https://www.riskmonster.co.jp
3,3768,Riskmonster.com,人工知能,AI・半導体,92,98,94,主力テーマ,A,official_site_supported,事業概要に直接根拠を確認できず; official=AI; count=12; pos=0.03,AI,12,0.0264,https://www.riskmonster.co.jp | https://www.riskmonster.co.jp/service/ | https://www.riskmonster.co.jp/service/service_list.html,EQUITY,Industrials,Consulting Services,https://www.riskmonster.co.jp
3,3769,"GMO Payment Gateway, Inc.",eコマース,内需・消費,92,90,91,主力テーマ,A,official_site_supported,事業概要に直接根拠を確認できず; official=EC; count=43; pos=0.02,EC,43,0.0210,https://www.gmo-pg.com | https://www.gmo-pg.com/service/mulpay/ | https://www.gmo-pg.com/service/tl/,EQUITY,Technology,Software - Infrastructure,https://www.gmo-pg.com
3,3769,"GMO Payment Gateway, Inc.",キャッシュレス決済,金融・金利,92,90,91,主力テーマ,A,ok,direct=payment processing; position=0.38; official=キャッシュレス/決済サービス/電子決済/キャッシュレス決済; count=63; pos=0.00,キャッシュレス | 決済サービス | 電子決済 | キャッシュレス決済,63,0.0005,https://www.gmo-pg.com | https://www.gmo-pg.com/service/mulpay/ | https://www.gmo-pg.com/service/tl/,EQUITY,Technology,Software - Infrastructure,https://www.gmo-pg.com
3,3769,"GMO Payment Gateway, Inc.",フィンテック,金融・金利,72,68,71,有力関連,B,needs_review,事業概要に直接根拠を確認できず; official=FinTech; count=1; pos=0.36,FinTech,1,0.3577,https://www.gmo-pg.com | https://www.gmo-pg.com/service/mulpay/ | https://www.gmo-pg.com/service/tl/,EQUITY,Technology,Software - Infrastructure,https://www.gmo-pg.com
3,3771,"System Research Co.,Ltd.",IT関連,デジタル・サービス,100,100,100,主力テーマ,A,ok,industry=Software - Application; direct=software development/system integration/information systems; position=0.03; growth=develops/development; official=IT; count=12; pos=0.05,IT,12,0.0506,https://www.sr-net.co.jp | https://www.sr-net.co.jp/ | https://www.sr-net.co.jp/company/,EQUITY,Technology,Software - Application,https://www.sr-net.co.jp
3,3771,"System Research Co.,Ltd.",マイナンバー,デジタル・サービス,8,5,7,ノイズ候補,C,needs_review,事業概要に直接根拠を確認できず,,0,,https://www.sr-net.co.jp | https://www.sr-net.co.jp/ | https://www.sr-net.co.jp/company/,EQUITY,Technology,Software - Application,https://www.sr-net.co.jp
3,3771,"System Research Co.,Ltd.",人工知能,AI・半導体,90,82,88,主力テーマ,A,official_site_supported,事業概要に直接根拠を確認できず; official=AI; count=5; pos=0.05,AI,5,0.0497,https://www.sr-net.co.jp | https://www.sr-net.co.jp/ | https://www.sr-net.co.jp/company/,EQUITY,Technology,Software - Application,https://www.sr-net.co.jp
3,3772,"Wealth Management, Inc.",インバウンド,内需・消費,52,52,52,補助関連,C,needs_review_macro,adjacent=hotel; growth=investment; official=インバウンド/訪日外国人; count=5; pos=0.31,インバウンド | 訪日外国人,5,0.3114,https://www.wealth-mngt.com | https://www.wealth-mngt.com/company/profile.html | https://www.wealth-mngt.com/business/index.html,EQUITY,Real Estate,Real Estate - Diversified,https://www.wealth-mngt.com
3,3772,"Wealth Management, Inc.",ホテル,内需・消費,97,99,98,主力テーマ,A,ok,direct=operates hotels/hotel management; position=0.08; growth=investment; official=ホテル; count=16; pos=0.03,ホテル,16,0.0258,https://www.wealth-mngt.com | https://www.wealth-mngt.com/company/profile.html | https://www.wealth-mngt.com/business/index.html,EQUITY,Real Estate,Real Estate - Diversified,https://www.wealth-mngt.com
3,3772,"Wealth Management, Inc.",不動産ファンド,不動産・建設,42,40,41,補助関連,C,needs_review,adjacent=asset management; growth=investment,,0,,https://www.wealth-mngt.com | https://www.wealth-mngt.com/company/profile.html | https://www.wealth-mngt.com/business/index.html,EQUITY,Real Estate,Real Estate - Diversified,https://www.wealth-mngt.com
3,3772,"Wealth Management, Inc.",不動産関連,不動産・建設,90,92,91,主力テーマ,A,ok,industry=Real Estate - Diversified; adjacent=real estate; growth=investment; official=不動産; count=15; pos=0.02,不動産,15,0.0213,https://www.wealth-mngt.com | https://www.wealth-mngt.com/company/profile.html | https://www.wealth-mngt.com/business/index.html,EQUITY,Real Estate,Real Estate - Diversified,https://www.wealth-mngt.com
3,3773,"Advanced Media, Inc.",IT関連,デジタル・サービス,8,5,7,ノイズ候補,C,needs_review,事業概要に直接根拠を確認できず,,0,,https://www.advanced-media.co.jp | https://www.advanced-media.co.jp/products/ | https://www.advanced-media.co.jp/corporate/business/,EQUITY,Technology,Communication Equipment,https://www.advanced-media.co.jp
3,3773,"Advanced Media, Inc.",クラウドコンピューティング,デジタル・サービス,92,90,91,主力テーマ,A,official_site_supported,事業概要に直接根拠を確認できず; official=クラウド/クラウドサービス; count=18; pos=0.16,クラウド | クラウドサービス,18,0.1620,https://www.advanced-media.co.jp | https://www.advanced-media.co.jp/products/ | https://www.advanced-media.co.jp/corporate/business/,EQUITY,Technology,Communication Equipment,https://www.advanced-media.co.jp
3,3773,"Advanced Media, Inc.",デジタルトランスフォーメーション,デジタル・サービス,85,82,84,主力テーマ,B,official_site_supported,事業概要に直接根拠を確認できず; official=DX; count=4; pos=0.20,DX,4,0.2020,https://www.advanced-media.co.jp | https://www.advanced-media.co.jp/products/ | https://www.advanced-media.co.jp/corporate/business/,EQUITY,Technology,Communication Equipment,https://www.advanced-media.co.jp
3,3773,"Advanced Media, Inc.",人工知能,AI・半導体,92,94,93,主力テーマ,A,ok,direct= ai ; position=0.18; growth=development; official=AI/ディープラーニング; count=23; pos=0.15,AI | ディープラーニング,23,0.1460,https://www.advanced-media.co.jp | https://www.advanced-media.co.jp/products/ | https://www.advanced-media.co.jp/corporate/business/,EQUITY,Technology,Communication Equipment,https://www.advanced-media.co.jp
3,3774,Internet Initiative Japan Inc.,IT関連,デジタル・サービス,72,68,71,有力関連,B,qa_borderline,direct=system integration; position=0.56; official=IT; count=7; pos=0.19,IT,7,0.1851,https://www.iij.ad.jp,EQUITY,Communication Services,Telecom Services,https://www.iij.ad.jp
3,3774,Internet Initiative Japan Inc.,IoT,設備投資・機械,82,74,80,主力テーマ,B,ok,direct= iot; position=0.42; official=IoT; count=1; pos=0.45,IoT,1,0.4504,https://www.iij.ad.jp,EQUITY,Communication Services,Telecom Services,https://www.iij.ad.jp
3,3774,Internet Initiative Japan Inc.,クラウドコンピューティング,デジタル・サービス,86,78,84,主力テーマ,B,ok,direct=cloud platform; position=0.36,,0,,https://www.iij.ad.jp,EQUITY,Communication Services,Telecom Services,https://www.iij.ad.jp
3,3774,Internet Initiative Japan Inc.,データセンター,データセンター・電力,58,46,54,補助関連,C,needs_review,direct=data center; position=0.95,,0,,https://www.iij.ad.jp,EQUITY,Communication Services,Telecom Services,https://www.iij.ad.jp
3,3774,Internet Initiative Japan Inc.,マイナンバー,デジタル・サービス,8,5,7,ノイズ候補,C,needs_review,事業概要に直接根拠を確認できず,,0,,https://www.iij.ad.jp,EQUITY,Communication Services,Telecom Services,https://www.iij.ad.jp
3,3774,Internet Initiative Japan Inc.,人工知能,AI・半導体,90,82,88,主力テーマ,A,official_site_supported,事業概要に直接根拠を確認できず; official=AI; count=4; pos=0.14,AI,4,0.1351,https://www.iij.ad.jp,EQUITY,Communication Services,Telecom Services,https://www.iij.ad.jp
3,3775,,IT関連,デジタル・サービス,8,5,7,ノイズ候補,C,needs_official_ir,事業概要に直接根拠を確認できず,,0,,,,,,
3,3775,,クラウドコンピューティング,デジタル・サービス,8,5,7,ノイズ候補,C,needs_official_ir,事業概要に直接根拠を確認できず,,0,,,,,,
3,3776,"BroadBand Tower, Inc.",IT関連,デジタル・サービス,72,68,71,有力関連,B,needs_review,adjacent=software; growth=development; official=IT; count=10; pos=0.04,IT,10,0.0395,https://www.bbtower.co.jp,EQUITY,Communication Services,Telecom Services,https://www.bbtower.co.jp
3,3776,"BroadBand Tower, Inc.",IoT,設備投資・機械,8,5,7,ノイズ候補,C,needs_review,事業概要に直接根拠を確認できず,,0,,https://www.bbtower.co.jp,EQUITY,Communication Services,Telecom Services,https://www.bbtower.co.jp
3,3776,"BroadBand Tower, Inc.",SaaS,デジタル・サービス,86,88,87,主力テーマ,A,ok,direct=saas; position=0.35; growth=development; official=クラウドサービス; count=1; pos=0.29,クラウドサービス,1,0.2862,https://www.bbtower.co.jp,EQUITY,Communication Services,Telecom Services,https://www.bbtower.co.jp
3,3776,"BroadBand Tower, Inc.",クラウドコンピューティング,デジタル・サービス,92,90,91,主力テーマ,A,official_site_supported,adjacent=cloud/saas; growth=development; official=クラウド/クラウドサービス; count=14; pos=0.03,クラウド | クラウドサービス,14,0.0301,https://www.bbtower.co.jp,EQUITY,Communication Services,Telecom Services,https://www.bbtower.co.jp
3,3776,"BroadBand Tower, Inc.",デジタルトランスフォーメーション,デジタル・サービス,90,82,88,主力テーマ,A,official_site_supported,事業概要に直接根拠を確認できず; official=DX; count=3; pos=0.07,DX,3,0.0687,https://www.bbtower.co.jp,EQUITY,Communication Services,Telecom Services,https://www.bbtower.co.jp
3,3776,"BroadBand Tower, Inc.",データセンター,データセンター・電力,92,90,91,主力テーマ,A,ok,direct=data center; position=0.21; growth=development; official=データセンター/データセンタ; count=52; pos=0.02,データセンター | データセンタ,52,0.0232,https://www.bbtower.co.jp,EQUITY,Communication Services,Telecom Services,https://www.bbtower.co.jp
3,3776,"BroadBand Tower, Inc.",人工知能,AI・半導体,92,90,91,主力テーマ,A,official_site_supported,事業概要に直接根拠を確認できず; official=AI; count=6; pos=0.03,AI,6,0.0260,https://www.bbtower.co.jp,EQUITY,Communication Services,Telecom Services,https://www.bbtower.co.jp
3,3776,"BroadBand Tower, Inc.",太陽光発電関連,GX・エネルギー,72,68,71,有力関連,B,needs_review,事業概要に直接根拠を確認できず; official=太陽光発電/太陽光発電所; count=2; pos=0.55,太陽光発電 | 太陽光発電所,2,0.5465,https://www.bbtower.co.jp,EQUITY,Communication Services,Telecom Services,https://www.bbtower.co.jp
3,3777,Environment Friendly Holdings Corp.,データベース,デジタル・サービス,8,5,7,ノイズ候補,C,needs_review,事業概要に直接根拠を確認できず,,0,,https://www.ef-hd.com | https://www.ef-hd.com/company/profile/ | https://www.ef-hd.com/business/,EQUITY,Technology,Software - Application,https://www.ef-hd.com
3,3777,Environment Friendly Holdings Corp.,再生可能エネルギー,GX・エネルギー,92,96,93,主力テーマ,A,ok,direct=renewable energy; position=0.05; growth=development/commercialization; official=再生可能エネルギー/グリーンエネルギー; count=21; pos=0.02,再生可能エネルギー | グリーンエネルギー,21,0.0244,https://www.ef-hd.com | https://www.ef-hd.com/company/profile/ | https://www.ef-hd.com/business/,EQUITY,Technology,Software - Application,https://www.ef-hd.com
3,3777,Environment Friendly Holdings Corp.,太陽光発電関連,GX・エネルギー,82,86,83,主力テーマ,B,ok,direct=solar power; position=0.43; growth=development/commercialization; official=太陽光発電; count=1; pos=0.83,太陽光発電,1,0.8275,https://www.ef-hd.com | https://www.ef-hd.com/company/profile/ | https://www.ef-hd.com/business/,EQUITY,Technology,Software - Application,https://www.ef-hd.com
3,3778,SAKURA Internet Inc.,IT関連,デジタル・サービス,94,96,95,主力テーマ,A,qa_peripheral,industry=Information Technology Services; direct=information technology/system integration; position=0.74; growth=development; official=IT; count=13; pos=0.13,IT,13,0.1348,https://www.sakura.ad.jp | https://www.sakura.ad.jp/services/ | https://www.sakura.ad.jp/corporate/,EQUITY,Technology,Information Technology Services,https://www.sakura.ad.jp
3,3778,SAKURA Internet Inc.,IoT,設備投資・機械,92,90,91,主力テーマ,A,official_site_supported,事業概要に直接根拠を確認できず; official=IoT; count=6; pos=0.53,IoT,6,0.5333,https://www.sakura.ad.jp | https://www.sakura.ad.jp/services/ | https://www.sakura.ad.jp/corporate/,EQUITY,Technology,Information Technology Services,https://www.sakura.ad.jp
3,3778,SAKURA Internet Inc.,エッジコンピューティング,AI・半導体,8,5,7,ノイズ候補,C,needs_review,事業概要に直接根拠を確認できず,,0,,https://www.sakura.ad.jp | https://www.sakura.ad.jp/services/ | https://www.sakura.ad.jp/corporate/,EQUITY,Technology,Information Technology Services,https://www.sakura.ad.jp
3,3778,SAKURA Internet Inc.,クラウドコンピューティング,デジタル・サービス,92,94,93,主力テーマ,A,ok,direct=cloud computing; position=0.03; growth=development; official=クラウド/クラウドサービス/クラウドコンピューティング; count=39; pos=0.00,クラウド | クラウドサービス | クラウドコンピューティング,39,0.0043,https://www.sakura.ad.jp | https://www.sakura.ad.jp/services/ | https://www.sakura.ad.jp/corporate/,EQUITY,Technology,Information Technology Services,https://www.sakura.ad.jp
3,3778,SAKURA Internet Inc.,データセンター,データセンター・電力,92,94,93,主力テーマ,A,ok,direct=data center; position=0.08; growth=development; official=データセンター/データセンタ; count=14; pos=0.49,データセンター | データセンタ,14,0.4903,https://www.sakura.ad.jp | https://www.sakura.ad.jp/services/ | https://www.sakura.ad.jp/corporate/,EQUITY,Technology,Information Technology Services,https://www.sakura.ad.jp
3,3778,SAKURA Internet Inc.,データ分析・解析,AI・半導体,8,5,7,ノイズ候補,C,needs_review,事業概要に直接根拠を確認できず,,0,,https://www.sakura.ad.jp | https://www.sakura.ad.jp/services/ | https://www.sakura.ad.jp/corporate/,EQUITY,Technology,Information Technology Services,https://www.sakura.ad.jp
3,3778,SAKURA Internet Inc.,フィンテック,金融・金利,8,5,7,ノイズ候補,C,needs_review,事業概要に直接根拠を確認できず,,0,,https://www.sakura.ad.jp | https://www.sakura.ad.jp/services/ | https://www.sakura.ad.jp/corporate/,EQUITY,Technology,Information Technology Services,https://www.sakura.ad.jp
3,3778,SAKURA Internet Inc.,宇宙開発関連,防衛・国土強靱化,72,68,71,有力関連,B,needs_review,事業概要に直接根拠を確認できず; official=衛星; count=1; pos=0.83,衛星,1,0.8286,https://www.sakura.ad.jp | https://www.sakura.ad.jp/services/ | https://www.sakura.ad.jp/corporate/,EQUITY,Technology,Information Technology Services,https://www.sakura.ad.jp
3,3778,SAKURA Internet Inc.,生成AI,AI・半導体,72,68,71,有力関連,B,needs_review,事業概要に直接根拠を確認できず; official=生成AI/LLM; count=2; pos=0.38,生成AI | LLM,2,0.3790,https://www.sakura.ad.jp | https://www.sakura.ad.jp/services/ | https://www.sakura.ad.jp/corporate/,EQUITY,Technology,Information Technology Services,https://www.sakura.ad.jp
3,377A,,デジタルトランスフォーメーション,デジタル・サービス,8,5,7,ノイズ候補,C,needs_official_ir,事業概要に直接根拠を確認できず,,0,,,,,,
3,377A,,保険,金融・金利,8,5,7,ノイズ候補,C,needs_official_ir,事業概要に直接根拠を確認できず,,0,,,,,,
3,3787,"Techno Mathematical Co., Ltd.",IT関連,デジタル・サービス,90,92,91,主力テーマ,A,ok,industry=Software - Application; adjacent=software; growth=develops; official=IT; count=1; pos=0.31,IT,1,0.3119,https://www.tmath.co.jp,EQUITY,Technology,Software - Application,https://www.tmath.co.jp
3,3788,GMO GlobalSign Holdings K.K.,IT関連,デジタル・サービス,94,86,92,主力テーマ,A,ok,industry=Information Technology Services; direct=information technology; official=IT; count=6; pos=0.33,IT,6,0.3257,https://www.gmogshd.com | https://www.gmogshd.com/news/news-17306/,EQUITY,Technology,Information Technology Services,https://www.gmogshd.com
3,3788,GMO GlobalSign Holdings K.K.,IoT,設備投資・機械,72,68,71,有力関連,B,qa_borderline,direct= iot; position=0.62; official=IoT; count=2; pos=0.61,IoT,2,0.6058,https://www.gmogshd.com | https://www.gmogshd.com/news/news-17306/,EQUITY,Technology,Information Technology Services,https://www.gmogshd.com
3,3788,GMO GlobalSign Holdings K.K.,クラウドコンピューティング,デジタル・サービス,92,90,91,主力テーマ,A,official_site_supported,adjacent=cloud; official=クラウド; count=8; pos=0.66,クラウド,8,0.6559,https://www.gmogshd.com | https://www.gmogshd.com/news/news-17306/,EQUITY,Technology,Information Technology Services,https://www.gmogshd.com
3,3788,GMO GlobalSign Holdings K.K.,サイバーセキュリティ,防衛・国土強靱化,72,68,71,有力関連,B,needs_review,事業概要に直接根拠を確認できず; official=サイバーセキュリティ/情報セキュリティ; count=2; pos=0.95,サイバーセキュリティ | 情報セキュリティ,2,0.9457,https://www.gmogshd.com | https://www.gmogshd.com/news/news-17306/,EQUITY,Technology,Information Technology Services,https://www.gmogshd.com
3,3793,"Drecom Co.,Ltd.",IT関連,デジタル・サービス,72,68,71,有力関連,B,needs_review,事業概要に直接根拠を確認できず; official=IT関連/IT; count=21; pos=0.00,IT関連 | IT,21,0.0015,https://www.drecom.co.jp | https://www.drecom.co.jp/company/ | https://www.drecom.co.jp/company/profile/,EQUITY,Communication Services,Electronic Gaming & Multimedia,https://www.drecom.co.jp
3,3793,"Drecom Co.,Ltd.",ゲーム関連,デジタル・サービス,92,90,91,主力テーマ,A,ok,direct=game development; position=0.40; growth=development; official=ゲーム/ゲーム開発; count=14; pos=0.02,ゲーム | ゲーム開発,14,0.0190,https://www.drecom.co.jp | https://www.drecom.co.jp/company/ | https://www.drecom.co.jp/company/profile/,EQUITY,Communication Services,Electronic Gaming & Multimedia,https://www.drecom.co.jp
3,3796,"e-Seikatsu Co.,Ltd.",IT関連,デジタル・サービス,90,92,91,主力テーマ,A,ok,industry=Software - Application; adjacent=software; growth=development; official=IT; count=4; pos=0.05,IT,4,0.0538,https://www.e-seikatsu.info,EQUITY,Technology,Software - Application,https://www.e-seikatsu.info
3,3796,"e-Seikatsu Co.,Ltd.",SaaS,デジタル・サービス,94,96,95,主力テーマ,A,ok,industry=Software - Application; direct=software as a service/saas; position=0.25; growth=development; official=SaaS; count=1; pos=0.56,SaaS,1,0.5620,https://www.e-seikatsu.info,EQUITY,Technology,Software - Application,https://www.e-seikatsu.info
3,3796,"e-Seikatsu Co.,Ltd.",クラウドコンピューティング,デジタル・サービス,46,44,45,補助関連,C,needs_review,adjacent=cloud/saas; growth=development,,0,,https://www.e-seikatsu.info,EQUITY,Technology,Software - Application,https://www.e-seikatsu.info
3,3796,"e-Seikatsu Co.,Ltd.",サブスクリプション,デジタル・サービス,42,40,41,補助関連,C,needs_review,adjacent=saas; growth=development,,0,,https://www.e-seikatsu.info,EQUITY,Technology,Software - Application,https://www.e-seikatsu.info
3,3796,"e-Seikatsu Co.,Ltd.",デジタルトランスフォーメーション,デジタル・サービス,90,82,88,主力テーマ,A,official_site_supported,事業概要に直接根拠を確認できず; official=DX; count=4; pos=0.01,DX,4,0.0071,https://www.e-seikatsu.info,EQUITY,Technology,Software - Application,https://www.e-seikatsu.info
3,3796,"e-Seikatsu Co.,Ltd.",データベース,デジタル・サービス,8,5,7,ノイズ候補,C,needs_review,事業概要に直接根拠を確認できず,,0,,https://www.e-seikatsu.info,EQUITY,Technology,Software - Application,https://www.e-seikatsu.info
3,3796,"e-Seikatsu Co.,Ltd.",不動産テック,不動産・建設,8,5,7,ノイズ候補,C,needs_review,事業概要に直接根拠を確認できず,,0,,https://www.e-seikatsu.info,EQUITY,Technology,Software - Application,https://www.e-seikatsu.info
3,3796,"e-Seikatsu Co.,Ltd.",不動産関連,不動産・建設,92,94,93,主力テーマ,A,ok,direct=real estate business; position=0.17; growth=development,,0,,https://www.e-seikatsu.info,EQUITY,Technology,Software - Application,https://www.e-seikatsu.info
3,3798,"ULS Group, Inc.",IT関連,デジタル・サービス,97,100,98,主力テーマ,A,ok,industry=Information Technology Services; direct=information technology/information systems; position=0.11; growth=develops/development; official=IT; count=1; pos=0.41,IT,1,0.4146,https://www.ulsgroup.co.jp,EQUITY,Technology,Information Technology Services,https://www.ulsgroup.co.jp
3,3798,"ULS Group, Inc.",クラウドコンピューティング,デジタル・サービス,8,5,7,ノイズ候補,C,needs_review,事業概要に直接根拠を確認できず,,0,,https://www.ulsgroup.co.jp,EQUITY,Technology,Information Technology Services,https://www.ulsgroup.co.jp
3,3798,"ULS Group, Inc.",フィンテック,金融・金利,8,5,7,ノイズ候補,C,needs_review,事業概要に直接根拠を確認できず,,0,,https://www.ulsgroup.co.jp,EQUITY,Technology,Information Technology Services,https://www.ulsgroup.co.jp
3,3798,"ULS Group, Inc.",マイナンバー,デジタル・サービス,8,5,7,ノイズ候補,C,needs_review,事業概要に直接根拠を確認できず,,0,,https://www.ulsgroup.co.jp,EQUITY,Technology,Information Technology Services,https://www.ulsgroup.co.jp
3,3799,Keyware Solutions Inc.,IT関連,デジタル・サービス,100,100,100,主力テーマ,A,ok,industry=Information Technology Services; direct=information technology/system integration/information systems; position=0.02; growth=develops/development; official=IT; count=3; pos=0.23,IT,3,0.2324,https://www.keyware.co.jp,EQUITY,Technology,Information Technology Services,https://www.keyware.co.jp
3,3799,Keyware Solutions Inc.,デジタルトランスフォーメーション,デジタル・サービス,90,82,88,主力テーマ,A,official_site_supported,direct=digital transformation; position=0.59; growth=develops/development; official=DX; count=4; pos=0.18,DX,4,0.1794,https://www.keyware.co.jp,EQUITY,Technology,Information Technology Services,https://www.keyware.co.jp
3,3799,Keyware Solutions Inc.,マイナンバー,デジタル・サービス,8,5,7,ノイズ候補,C,needs_review,事業概要に直接根拠を確認できず,,0,,https://www.keyware.co.jp,EQUITY,Technology,Information Technology Services,https://www.keyware.co.jp
3,3799,Keyware Solutions Inc.,人工知能,AI・半導体,72,68,71,有力関連,B,needs_review,事業概要に直接根拠を確認できず; official=AI; count=2; pos=0.32,AI,2,0.3163,https://www.keyware.co.jp,EQUITY,Technology,Information Technology Services,https://www.keyware.co.jp
3,3800,UNIRITA Inc.,IT関連,デジタル・サービス,97,99,98,主力テーマ,A,ok,industry=Software - Application; direct=information technology/information systems; position=0.05; growth=development; official=IT; count=20; pos=0.03,IT,20,0.0318,https://www.unirita.co.jp | https://www.unirita.co.jp/corporate.html | https://www.unirita.co.jp/corporate/about/profile.html,EQUITY,Technology,Software - Application,https://www.unirita.co.jp
3,3800,UNIRITA Inc.,IoT,設備投資・機械,8,5,7,ノイズ候補,C,needs_review,事業概要に直接根拠を確認できず,,0,,https://www.unirita.co.jp | https://www.unirita.co.jp/corporate.html | https://www.unirita.co.jp/corporate/about/profile.html,EQUITY,Technology,Software - Application,https://www.unirita.co.jp
3,3800,UNIRITA Inc.,クラウドコンピューティング,デジタル・サービス,90,96,92,主力テーマ,A,official_site_supported,事業概要に直接根拠を確認できず; official=クラウド/クラウドサービス; count=2; pos=0.15,クラウド | クラウドサービス,2,0.1472,https://www.unirita.co.jp | https://www.unirita.co.jp/corporate.html | https://www.unirita.co.jp/corporate/about/profile.html,EQUITY,Technology,Software - Application,https://www.unirita.co.jp
3,3800,UNIRITA Inc.,デジタルトランスフォーメーション,デジタル・サービス,90,96,92,主力テーマ,A,official_site_supported,事業概要に直接根拠を確認できず; official=デジタル変革; count=1; pos=0.00,デジタル変革,1,0.0037,https://www.unirita.co.jp | https://www.unirita.co.jp/corporate.html | https://www.unirita.co.jp/corporate/about/profile.html,EQUITY,Technology,Software - Application,https://www.unirita.co.jp
3,3802,"Ecomic Co., Ltd",クラウドコンピューティング,デジタル・サービス,42,40,41,補助関連,C,needs_review,adjacent=cloud; growth=development,,0,,https://www.ecomic.jp,EQUITY,Industrials,Specialty Business Services,https://www.ecomic.jp
3,3804,System D Inc.,IT関連,デジタル・サービス,90,92,91,主力テーマ,A,ok,industry=Software - Application; adjacent=software; growth=develops; official=IT; count=6; pos=0.30,IT,6,0.2992,https://www.systemd.co.jp | https://www.systemd.co.jp/solution/ | https://www.systemd.co.jp/company/,EQUITY,Technology,Software - Application,https://www.systemd.co.jp
3,3804,System D Inc.,SaaS,デジタル・サービス,90,82,88,主力テーマ,A,ok,industry=Software - Application; official=クラウドサービス; count=4; pos=0.41,クラウドサービス,4,0.4087,https://www.systemd.co.jp | https://www.systemd.co.jp/solution/ | https://www.systemd.co.jp/company/,EQUITY,Technology,Software - Application,https://www.systemd.co.jp
3,3804,System D Inc.,クラウドコンピューティング,デジタル・サービス,92,90,91,主力テーマ,A,official_site_supported,adjacent=cloud; growth=develops; official=クラウド/クラウドサービス; count=13; pos=0.20,クラウド | クラウドサービス,13,0.2032,https://www.systemd.co.jp | https://www.systemd.co.jp/solution/ | https://www.systemd.co.jp/company/,EQUITY,Technology,Software - Application,https://www.systemd.co.jp
3,3804,System D Inc.,サブスクリプション,デジタル・サービス,8,5,7,ノイズ候補,C,needs_review,事業概要に直接根拠を確認できず,,0,,https://www.systemd.co.jp | https://www.systemd.co.jp/solution/ | https://www.systemd.co.jp/company/,EQUITY,Technology,Software - Application,https://www.systemd.co.jp
3,3804,System D Inc.,教育ICT,デジタル・サービス,8,5,7,ノイズ候補,C,needs_review,事業概要に直接根拠を確認できず,,0,,https://www.systemd.co.jp | https://www.systemd.co.jp/solution/ | https://www.systemd.co.jp/company/,EQUITY,Technology,Software - Application,https://www.systemd.co.jp
3,3807,Fisco Ltd.,IT関連,デジタル・サービス,58,54,57,補助関連,C,needs_review,事業概要に直接根拠を確認できず; official=IT; count=2; pos=0.12,IT,2,0.1244,https://www.fisco.co.jp,EQUITY,Financial Services,Financial Data & Stock Exchanges,https://www.fisco.co.jp
3,3807,Fisco Ltd.,フィンテック,金融・金利,8,5,7,ノイズ候補,C,needs_review,事業概要に直接根拠を確認できず,,0,,https://www.fisco.co.jp,EQUITY,Financial Services,Financial Data & Stock Exchanges,https://www.fisco.co.jp
3,3808,,IT関連,デジタル・サービス,8,5,7,ノイズ候補,C,needs_official_ir,事業概要に直接根拠を確認できず,,0,,,,,,
3,3808,,フィンテック,金融・金利,8,5,7,ノイズ候補,C,needs_official_ir,事業概要に直接根拠を確認できず,,0,,,,,,
3,3808,,人工知能,AI・半導体,8,5,7,ノイズ候補,C,needs_official_ir,事業概要に直接根拠を確認できず,,0,,,,,,
3,3815,"Media Kobo, Inc.",eコマース,内需・消費,90,82,88,主力テーマ,A,official_site_supported,事業概要に直接根拠を確認できず; official=EC; count=3; pos=0.09,EC,3,0.0932,https://www.mkb.ne.jp | https://www.mkb.ne.jp/about/ | https://www.mkb.ne.jp/services/,EQUITY,Communication Services,Internet Content & Information,https://www.mkb.ne.jp
3,3816,"Daiwa Computer Co., Ltd.",IT関連,デジタル・サービス,97,99,98,主力テーマ,A,ok,industry=Software - Application; direct=software development/information systems; position=0.04; growth=development; official=IT; count=9; pos=0.15,IT,9,0.1456,https://www.daiwa-computer.co.jp | https://www.daiwa-computer.co.jp/services/ | https://www.daiwa-computer.co.jp/services/product/,EQUITY,Technology,Software - Application,https://www.daiwa-computer.co.jp
3,3816,"Daiwa Computer Co., Ltd.",SaaS,デジタル・サービス,94,96,95,主力テーマ,A,ok,industry=Software - Application; direct=saas; position=0.41; growth=development; official=クラウドサービス; count=23; pos=0.01,クラウドサービス,23,0.0062,https://www.daiwa-computer.co.jp | https://www.daiwa-computer.co.jp/services/ | https://www.daiwa-computer.co.jp/services/product/,EQUITY,Technology,Software - Application,https://www.daiwa-computer.co.jp
3,3816,"Daiwa Computer Co., Ltd.",クラウドコンピューティング,デジタル・サービス,92,90,91,主力テーマ,A,official_site_supported,direct=cloud service; position=0.80; growth=development; official=クラウド/クラウドサービス; count=46; pos=0.01,クラウド | クラウドサービス,46,0.0062,https://www.daiwa-computer.co.jp | https://www.daiwa-computer.co.jp/services/ | https://www.daiwa-computer.co.jp/services/product/,EQUITY,Technology,Software - Application,https://www.daiwa-computer.co.jp
3,3816,"Daiwa Computer Co., Ltd.",デジタルトランスフォーメーション,デジタル・サービス,42,40,41,補助関連,C,needs_review,adjacent=cloud service; growth=development,,0,,https://www.daiwa-computer.co.jp | https://www.daiwa-computer.co.jp/services/ | https://www.daiwa-computer.co.jp/services/product/,EQUITY,Technology,Software - Application,https://www.daiwa-computer.co.jp
3,3817,"SRA Holdings, Inc.",IT関連,デジタル・サービス,100,100,100,主力テーマ,A,ok,industry=Information Technology Services; direct=information technology/it services/software development; position=0.15; growth=development,,0,,https://www.sra-hd.co.jp,EQUITY,Technology,Information Technology Services,https://www.sra-hd.co.jp
3,3817,"SRA Holdings, Inc.",クラウドコンピューティング,デジタル・サービス,42,40,41,補助関連,C,needs_review,adjacent=cloud; growth=development,,0,,https://www.sra-hd.co.jp,EQUITY,Technology,Information Technology Services,https://www.sra-hd.co.jp
3,3817,"SRA Holdings, Inc.",データベース,デジタル・サービス,66,66,66,有力関連,B,qa_borderline,direct=database system; position=0.58; growth=development,,0,,https://www.sra-hd.co.jp,EQUITY,Technology,Information Technology Services,https://www.sra-hd.co.jp
3,3817,"SRA Holdings, Inc.",人工知能,AI・半導体,8,5,7,ノイズ候補,C,needs_review,事業概要に直接根拠を確認できず,,0,,https://www.sra-hd.co.jp,EQUITY,Technology,Information Technology Services,https://www.sra-hd.co.jp
3,3823,"THE WHY HOW DO COMPANY, Inc.",IT関連,デジタル・サービス,90,94,91,主力テーマ,A,ok,industry=Software - Application; adjacent=software; growth=develops/development; official=IT; count=4; pos=0.22,IT,4,0.2194,https://www.twhdc.co.jp | https://www.twhdc.co.jp/about/,EQUITY,Technology,Software - Application,https://www.twhdc.co.jp
3,3823,"THE WHY HOW DO COMPANY, Inc.",IoT,設備投資・機械,92,96,93,主力テーマ,A,ok,direct= iot; position=0.16; growth=develops/development,,0,,https://www.twhdc.co.jp | https://www.twhdc.co.jp/about/,EQUITY,Technology,Software - Application,https://www.twhdc.co.jp
3,3823,"THE WHY HOW DO COMPANY, Inc.",クラウドコンピューティング,デジタル・サービス,8,5,7,ノイズ候補,C,needs_review,事業概要に直接根拠を確認できず,,0,,https://www.twhdc.co.jp | https://www.twhdc.co.jp/about/,EQUITY,Technology,Software - Application,https://www.twhdc.co.jp
3,3823,"THE WHY HOW DO COMPANY, Inc.",外食,内需・消費,8,5,7,ノイズ候補,C,needs_review,事業概要に直接根拠を確認できず; official=外食; count=1; pos=0.27,外食,1,0.2746,https://www.twhdc.co.jp | https://www.twhdc.co.jp/about/,EQUITY,Technology,Software - Application,https://www.twhdc.co.jp
3,3824,,IT関連,デジタル・サービス,8,5,7,ノイズ候補,C,needs_official_ir,事業概要に直接根拠を確認できず,,0,,,,,,
3,3824,,マイナンバー,デジタル・サービス,8,5,7,ノイズ候補,C,needs_official_ir,事業概要に直接根拠を確認できず,,0,,,,,,
3,3825,"Remixpoint, Inc.",小売り,内需・消費,42,42,42,補助関連,C,needs_review,adjacent=retail; growth=development/investment,,0,,https://www.remixpoint.co.jp | https://www.remixpoint.co.jp/about-us | https://www.remixpoint.co.jp/corporate/,EQUITY,Utilities,Utilities - Regulated Electric,https://www.remixpoint.co.jp
3,3825,"Remixpoint, Inc.",蓄電池,GX・エネルギー,72,78,74,有力関連,B,needs_review,事業概要に直接根拠を確認できず; official=蓄電池; count=2; pos=0.29,蓄電池,2,0.2932,https://www.remixpoint.co.jp | https://www.remixpoint.co.jp/about-us | https://www.remixpoint.co.jp/corporate/,EQUITY,Utilities,Utilities - Regulated Electric,https://www.remixpoint.co.jp
3,3825,"Remixpoint, Inc.",電力会社,データセンター・電力,8,5,7,ノイズ候補,C,needs_review,事業概要に直接根拠を確認できず,,0,,https://www.remixpoint.co.jp | https://www.remixpoint.co.jp/about-us | https://www.remixpoint.co.jp/corporate/,EQUITY,Utilities,Utilities - Regulated Electric,https://www.remixpoint.co.jp
3,3826,System Integrator Corp.,AIエージェント,AI・半導体,8,5,7,ノイズ候補,C,needs_review,事業概要に直接根拠を確認できず,,0,,https://corporate.sint.co.jp | https://corporate.sint.co.jp/products | https://corporate.sint.co.jp/notice/news/20260903,EQUITY,Technology,Software - Application,https://corporate.sint.co.jp
3,3826,System Integrator Corp.,IT関連,デジタル・サービス,90,94,91,主力テーマ,A,ok,industry=Software - Application; adjacent=software/cloud service; growth=develops/development; official=IT; count=27; pos=0.10,IT,27,0.1013,https://corporate.sint.co.jp | https://corporate.sint.co.jp/products | https://corporate.sint.co.jp/notice/news/20260903,EQUITY,Technology,Software - Application,https://corporate.sint.co.jp
3,3826,System Integrator Corp.,SaaS,デジタル・サービス,90,94,91,主力テーマ,A,ok,industry=Software - Application; adjacent=cloud service; growth=develops/development; official=SaaS/クラウドサービス; count=2; pos=0.93,SaaS | クラウドサービス,2,0.9301,https://corporate.sint.co.jp | https://corporate.sint.co.jp/products | https://corporate.sint.co.jp/notice/news/20260903,EQUITY,Technology,Software - Application,https://corporate.sint.co.jp
3,3826,System Integrator Corp.,クラウドコンピューティング,デジタル・サービス,92,96,93,主力テーマ,A,ok,direct=cloud service; position=0.08; growth=develops/development; official=クラウド/クラウドサービス; count=4; pos=0.41,クラウド | クラウドサービス,4,0.4141,https://corporate.sint.co.jp | https://corporate.sint.co.jp/products | https://corporate.sint.co.jp/notice/news/20260903,EQUITY,Technology,Software - Application,https://corporate.sint.co.jp
3,3826,System Integrator Corp.,サブスクリプション,デジタル・サービス,8,5,7,ノイズ候補,C,needs_review,事業概要に直接根拠を確認できず,,0,,https://corporate.sint.co.jp | https://corporate.sint.co.jp/products | https://corporate.sint.co.jp/notice/news/20260903,EQUITY,Technology,Software - Application,https://corporate.sint.co.jp
3,3826,System Integrator Corp.,デジタルトランスフォーメーション,デジタル・サービス,72,68,71,有力関連,B,needs_review,adjacent=cloud service; growth=develops/development; official=DX; count=1; pos=0.80,DX,1,0.8028,https://corporate.sint.co.jp | https://corporate.sint.co.jp/products | https://corporate.sint.co.jp/notice/news/20260903,EQUITY,Technology,Software - Application,https://corporate.sint.co.jp
3,3826,System Integrator Corp.,データベース,デジタル・サービス,90,82,88,主力テーマ,A,official_site_supported,adjacent=database; growth=develops/development; official=データベース; count=4; pos=0.14,データベース,4,0.1439,https://corporate.sint.co.jp | https://corporate.sint.co.jp/products | https://corporate.sint.co.jp/notice/news/20260903,EQUITY,Technology,Software - Application,https://corporate.sint.co.jp
3,3826,System Integrator Corp.,人工知能,AI・半導体,92,90,91,主力テーマ,A,official_site_supported,事業概要に直接根拠を確認できず; official=AI; count=7; pos=0.27,AI,7,0.2673,https://corporate.sint.co.jp | https://corporate.sint.co.jp/products | https://corporate.sint.co.jp/notice/news/20260903,EQUITY,Technology,Software - Application,https://corporate.sint.co.jp
3,3826,System Integrator Corp.,生成AI,AI・半導体,8,5,7,ノイズ候補,C,needs_review,事業概要に直接根拠を確認できず,,0,,https://corporate.sint.co.jp | https://corporate.sint.co.jp/products | https://corporate.sint.co.jp/notice/news/20260903,EQUITY,Technology,Software - Application,https://corporate.sint.co.jp
3,3834,"Asahi Net, Inc.",IT関連,デジタル・サービス,8,5,7,ノイズ候補,C,needs_review,事業概要に直接根拠を確認できず,,0,,https://asahi-net.co.jp,EQUITY,Communication Services,Telecom Services,https://asahi-net.co.jp
3,3834,"Asahi Net, Inc.",IoT,設備投資・機械,8,5,7,ノイズ候補,C,needs_review,事業概要に直接根拠を確認できず,,0,,https://asahi-net.co.jp,EQUITY,Communication Services,Telecom Services,https://asahi-net.co.jp
3,3834,"Asahi Net, Inc.",クラウドコンピューティング,デジタル・サービス,42,30,38,ノイズ候補,C,needs_review,adjacent=cloud,,0,,https://asahi-net.co.jp,EQUITY,Communication Services,Telecom Services,https://asahi-net.co.jp
3,3834,"Asahi Net, Inc.",教育ICT,デジタル・サービス,8,5,7,ノイズ候補,C,needs_review,事業概要に直接根拠を確認できず,,0,,https://asahi-net.co.jp,EQUITY,Communication Services,Telecom Services,https://asahi-net.co.jp
3,3835,"eBASE Co.,Ltd.",IT関連,デジタル・サービス,90,94,91,主力テーマ,A,ok,industry=Software - Application; adjacent=software; growth=develops/development; official=IT; count=1; pos=0.54,IT,1,0.5441,https://www.ebase.co.jp | https://www.ebase.co.jp/product/index.html | https://www.ebase.co.jp/company/index.html,EQUITY,Technology,Software - Application,https://www.ebase.co.jp
3,3835,"eBASE Co.,Ltd.",データベース,デジタル・サービス,90,82,88,主力テーマ,A,official_site_supported,adjacent=data management; growth=develops/development; official=データベース; count=4; pos=0.00,データベース,4,0.0037,https://www.ebase.co.jp | https://www.ebase.co.jp/product/index.html | https://www.ebase.co.jp/company/index.html,EQUITY,Technology,Software - Application,https://www.ebase.co.jp
3,3836,Avant Group Corporation,IT関連,デジタル・サービス,90,94,91,主力テーマ,A,ok,industry=Software - Application; adjacent=software; growth=develops/development; official=IT; count=2; pos=0.75,IT,2,0.7513,https://www.avantgroup.com | https://www.avantgroup.com/ja/brand/businessbrand.html | https://www.avantgroup.com/ja/corporate/outline.html,EQUITY,Technology,Software - Application,https://www.avantgroup.com
3,3836,Avant Group Corporation,デジタルトランスフォーメーション,デジタル・サービス,92,90,91,主力テーマ,A,official_site_supported,direct=digital transformation; position=0.58; growth=develops/development; official=DX/デジタルトランスフォーメーション; count=8; pos=0.06,DX | デジタルトランスフォーメーション,8,0.0587,https://www.avantgroup.com | https://www.avantgroup.com/ja/brand/businessbrand.html | https://www.avantgroup.com/ja/corporate/outline.html,EQUITY,Technology,Software - Application,https://www.avantgroup.com
3,3836,Avant Group Corporation,人工知能,AI・半導体,92,90,91,主力テーマ,A,official_site_supported,事業概要に直接根拠を確認できず; official=AI; count=8; pos=0.53,AI,8,0.5317,https://www.avantgroup.com | https://www.avantgroup.com/ja/brand/businessbrand.html | https://www.avantgroup.com/ja/corporate/outline.html,EQUITY,Technology,Software - Application,https://www.avantgroup.com
3,3836,Avant Group Corporation,電子政府,デジタル・サービス,8,5,7,ノイズ候補,C,needs_review,事業概要に直接根拠を確認できず,,0,,https://www.avantgroup.com | https://www.avantgroup.com/ja/brand/businessbrand.html | https://www.avantgroup.com/ja/corporate/outline.html,EQUITY,Technology,Software - Application,https://www.avantgroup.com
3,3837,Ad-Sol Nissin Corporation,IT関連,デジタル・サービス,94,98,95,主力テーマ,A,ok,industry=Information Technology Services; direct=information technology; growth=develops/development; official=IT; count=2; pos=0.45,IT,2,0.4529,https://adniss.jp,EQUITY,Technology,Information Technology Services,https://adniss.jp
3,3837,Ad-Sol Nissin Corporation,IoT,設備投資・機械,92,96,93,主力テーマ,A,ok,direct= iot; position=0.13; growth=develops/development,,0,,https://adniss.jp,EQUITY,Technology,Information Technology Services,https://adniss.jp
3,3837,Ad-Sol Nissin Corporation,SaaS,デジタル・サービス,72,68,71,有力関連,B,needs_review,事業概要に直接根拠を確認できず; official=SaaS; count=1; pos=0.29,SaaS,1,0.2898,https://adniss.jp,EQUITY,Technology,Information Technology Services,https://adniss.jp
3,3837,Ad-Sol Nissin Corporation,クラウドコンピューティング,デジタル・サービス,42,42,42,補助関連,C,needs_review,adjacent=cloud; growth=develops/development,,0,,https://adniss.jp,EQUITY,Technology,Information Technology Services,https://adniss.jp
3,3837,Ad-Sol Nissin Corporation,サイバーセキュリティ,防衛・国土強靱化,8,5,7,ノイズ候補,C,needs_review,事業概要に直接根拠を確認できず,,0,,https://adniss.jp,EQUITY,Technology,Information Technology Services,https://adniss.jp
3,3837,Ad-Sol Nissin Corporation,サブスクリプション,デジタル・サービス,8,5,7,ノイズ候補,C,needs_review,事業概要に直接根拠を確認できず,,0,,https://adniss.jp,EQUITY,Technology,Information Technology Services,https://adniss.jp
3,3837,Ad-Sol Nissin Corporation,スマートグリッド,データセンター・電力,8,5,7,ノイズ候補,C,needs_review,事業概要に直接根拠を確認できず,,0,,https://adniss.jp,EQUITY,Technology,Information Technology Services,https://adniss.jp
3,3837,Ad-Sol Nissin Corporation,デジタルトランスフォーメーション,デジタル・サービス,72,68,71,有力関連,B,needs_review,事業概要に直接根拠を確認できず; official=DX; count=2; pos=0.25,DX,2,0.2457,https://adniss.jp,EQUITY,Technology,Information Technology Services,https://adniss.jp
3,3837,Ad-Sol Nissin Corporation,脱炭素,GX・エネルギー,8,5,7,ノイズ候補,C,needs_review,事業概要に直接根拠を確認できず,,0,,https://adniss.jp,EQUITY,Technology,Information Technology Services,https://adniss.jp
3,3837,Ad-Sol Nissin Corporation,自動運転車,自動車・モビリティ,8,5,7,ノイズ候補,C,needs_review,事業概要に直接根拠を確認できず,,0,,https://adniss.jp,EQUITY,Technology,Information Technology Services,https://adniss.jp
3,3837,Ad-Sol Nissin Corporation,送電,データセンター・電力,8,5,7,ノイズ候補,C,needs_review,事業概要に直接根拠を確認できず,,0,,https://adniss.jp,EQUITY,Technology,Information Technology Services,https://adniss.jp
3,3837,Ad-Sol Nissin Corporation,防災,防衛・国土強靱化,58,58,58,補助関連,C,needs_review,direct=disaster prevention; position=0.81; growth=develops/development,,0,,https://adniss.jp,EQUITY,Technology,Information Technology Services,https://adniss.jp
3,3839,"ODK Solutions Company, Ltd.",IT関連,デジタル・サービス,94,98,95,主力テーマ,A,ok,industry=Information Technology Services; direct=information technology; growth=develops/development; official=IT; count=2; pos=0.66,IT,2,0.6606,https://www.odk.co.jp,EQUITY,Technology,Information Technology Services,https://www.odk.co.jp
3,3839,"ODK Solutions Company, Ltd.",マイナンバー,デジタル・サービス,8,5,7,ノイズ候補,C,needs_review,事業概要に直接根拠を確認できず,,0,,https://www.odk.co.jp,EQUITY,Technology,Information Technology Services,https://www.odk.co.jp
3,3839,"ODK Solutions Company, Ltd.",人工知能,AI・半導体,72,68,71,有力関連,B,needs_review,事業概要に直接根拠を確認できず; official=AI; count=1; pos=0.29,AI,1,0.2860,https://www.odk.co.jp,EQUITY,Technology,Information Technology Services,https://www.odk.co.jp
3,3839,"ODK Solutions Company, Ltd.",教育ICT,デジタル・サービス,42,42,42,補助関連,C,needs_review,adjacent=learning platform; growth=develops/development,,0,,https://www.odk.co.jp,EQUITY,Technology,Information Technology Services,https://www.odk.co.jp
3,3840,VIXTON Corporation,eコマース,内需・消費,92,98,94,主力テーマ,A,ok,direct=e-commerce; position=0.11; growth=development/research; official=EC; count=1; pos=0.44,EC,1,0.4434,https://vixton.co.jp | https://vixton.co.jp/business/ | https://vixton.co.jp/company/,EQUITY,Consumer Defensive,Household & Personal Products,https://vixton.co.jp
3,3840,VIXTON Corporation,ロボット,AI・半導体,8,5,7,ノイズ候補,C,needs_review,事業概要に直接根拠を確認できず,,0,,https://vixton.co.jp | https://vixton.co.jp/business/ | https://vixton.co.jp/company/,EQUITY,Consumer Defensive,Household & Personal Products,https://vixton.co.jp
3,3840,VIXTON Corporation,人工知能,AI・半導体,90,96,92,主力テーマ,A,official_site_supported,事業概要に直接根拠を確認できず; official=AI; count=5; pos=0.01,AI,5,0.0147,https://vixton.co.jp | https://vixton.co.jp/business/ | https://vixton.co.jp/company/,EQUITY,Consumer Defensive,Household & Personal Products,https://vixton.co.jp
3,3840,VIXTON Corporation,再生医療,医療・ヘルスケア,92,98,94,主力テーマ,A,ok,direct=regenerative medicine; position=0.28; growth=development/research; official=再生医療; count=8; pos=0.18,再生医療,8,0.1757,https://vixton.co.jp | https://vixton.co.jp/business/ | https://vixton.co.jp/company/,EQUITY,Consumer Defensive,Household & Personal Products,https://vixton.co.jp
3,3841,Jedat Inc.,IT関連,デジタル・サービス,90,92,91,主力テーマ,A,ok,industry=Software - Application; adjacent=software; growth=develops; official=IT; count=9; pos=0.05,IT,9,0.0485,https://www.jedat.co.jp | https://www.jedat.co.jp/products/semi_design/ | https://www.jedat.co.jp/products/semi_design/interface_to_other_makers/,EQUITY,Technology,Software - Application,https://www.jedat.co.jp
3,3841,Jedat Inc.,人工知能,AI・半導体,85,82,84,主力テーマ,B,official_site_supported,事業概要に直接根拠を確認できず; official=AI; count=4; pos=0.55,AI,4,0.5519,https://www.jedat.co.jp | https://www.jedat.co.jp/products/semi_design/ | https://www.jedat.co.jp/products/semi_design/interface_to_other_makers/,EQUITY,Technology,Software - Application,https://www.jedat.co.jp
3,3841,Jedat Inc.,半導体,AI・半導体,92,90,91,主力テーマ,A,ok,direct=integrated circuit; position=0.31; growth=develops; official=半導体; count=35; pos=0.01,半導体,35,0.0077,https://www.jedat.co.jp | https://www.jedat.co.jp/products/semi_design/ | https://www.jedat.co.jp/products/semi_design/interface_to_other_makers/,EQUITY,Technology,Software - Application,https://www.jedat.co.jp
3,3842,"Nextgen,Inc.",IT関連,デジタル・サービス,72,68,71,有力関連,B,needs_review,adjacent=software; official=IT; count=5; pos=0.17,IT,5,0.1695,https://www.nextgen.co.jp | https://www.nextgen.co.jp/solution/case/enterprise/cpaas.html,EQUITY,Communication Services,Telecom Services,https://www.nextgen.co.jp
3,3842,"Nextgen,Inc.",クラウドコンピューティング,デジタル・サービス,8,5,7,ノイズ候補,C,needs_review,事業概要に直接根拠を確認できず,,0,,https://www.nextgen.co.jp | https://www.nextgen.co.jp/solution/case/enterprise/cpaas.html,EQUITY,Communication Services,Telecom Services,https://www.nextgen.co.jp
3,3843,"FreeBit Co., Ltd.",IT関連,デジタル・サービス,8,5,7,ノイズ候補,C,needs_review,事業概要に直接根拠を確認できず; official=IT; count=1; pos=0.99,IT,1,0.9936,https://freebit.com,EQUITY,Communication Services,Internet Content & Information,https://freebit.com
3,3843,"FreeBit Co., Ltd.",SaaS,デジタル・サービス,8,5,7,ノイズ候補,C,needs_review,事業概要に直接根拠を確認できず,,0,,https://freebit.com,EQUITY,Communication Services,Internet Content & Information,https://freebit.com
3,3843,"FreeBit Co., Ltd.",クラウドコンピューティング,デジタル・サービス,42,30,38,ノイズ候補,C,needs_review,adjacent=cloud,,0,,https://freebit.com,EQUITY,Communication Services,Internet Content & Information,https://freebit.com
3,3843,"FreeBit Co., Ltd.",デジタルトランスフォーメーション,デジタル・サービス,86,78,84,主力テーマ,B,ok,direct= dx ; position=0.23; official=DX; count=1; pos=0.81,DX,1,0.8102,https://freebit.com,EQUITY,Communication Services,Internet Content & Information,https://freebit.com
3,3843,"FreeBit Co., Ltd.",データセンター,データセンター・電力,8,5,7,ノイズ候補,C,needs_review,事業概要に直接根拠を確認できず,,0,,https://freebit.com,EQUITY,Communication Services,Internet Content & Information,https://freebit.com
3,3843,"FreeBit Co., Ltd.",マイナンバー,デジタル・サービス,8,5,7,ノイズ候補,C,needs_review,事業概要に直接根拠を確認できず,,0,,https://freebit.com,EQUITY,Communication Services,Internet Content & Information,https://freebit.com
3,3844,Comture Corporation,IT関連,デジタル・サービス,94,86,92,主力テーマ,A,ok,industry=Information Technology Services; direct=information technology; official=IT; count=8; pos=0.00,IT,8,0.0041,https://www.comture.com | https://www.comture.com/solution | https://www.comture.com/company,EQUITY,Technology,Information Technology Services,https://www.comture.com
3,3844,Comture Corporation,IoT,設備投資・機械,90,96,92,主力テーマ,A,official_site_supported,事業概要に直接根拠を確認できず; official=IoT; count=5; pos=0.03,IoT,5,0.0289,https://www.comture.com | https://www.comture.com/solution | https://www.comture.com/company,EQUITY,Technology,Information Technology Services,https://www.comture.com
3,3844,Comture Corporation,クラウドコンピューティング,デジタル・サービス,92,98,94,主力テーマ,A,ok,direct=cloud service; position=0.15; official=クラウド; count=11; pos=0.00,クラウド,11,0.0019,https://www.comture.com | https://www.comture.com/solution | https://www.comture.com/company,EQUITY,Technology,Information Technology Services,https://www.comture.com
3,3844,Comture Corporation,デジタルトランスフォーメーション,デジタル・サービス,92,98,94,主力テーマ,A,official_site_supported,adjacent=cloud service; official=DX; count=6; pos=0.06,DX,6,0.0646,https://www.comture.com | https://www.comture.com/solution | https://www.comture.com/company,EQUITY,Technology,Information Technology Services,https://www.comture.com
3,3844,Comture Corporation,データ分析・解析,AI・半導体,42,30,38,ノイズ候補,C,needs_review,adjacent=big data,,0,,https://www.comture.com | https://www.comture.com/solution | https://www.comture.com/company,EQUITY,Technology,Information Technology Services,https://www.comture.com
3,3844,Comture Corporation,フィンテック,金融・金利,90,96,92,主力テーマ,A,official_site_supported,direct=fintech; position=0.55; official=FinTech; count=5; pos=0.04,FinTech,5,0.0355,https://www.comture.com | https://www.comture.com/solution | https://www.comture.com/company,EQUITY,Technology,Information Technology Services,https://www.comture.com
3,3844,Comture Corporation,マイナンバー,デジタル・サービス,8,5,7,ノイズ候補,C,needs_review,事業概要に直接根拠を確認できず,,0,,https://www.comture.com | https://www.comture.com/solution | https://www.comture.com/company,EQUITY,Technology,Information Technology Services,https://www.comture.com
3,3844,Comture Corporation,人工知能,AI・半導体,92,98,94,主力テーマ,A,ok,direct= ai ; position=0.32; official=AI; count=12; pos=0.03,AI,12,0.0283,https://www.comture.com | https://www.comture.com/solution | https://www.comture.com/company,EQUITY,Technology,Information Technology Services,https://www.comture.com
3,3845,I-Freek Mobile Inc.,eコマース,内需・消費,85,91,87,主力テーマ,A,official_site_supported,事業概要に直接根拠を確認できず; official=EC; count=3; pos=0.24,EC,3,0.2393,https://www.i-freek.co.jp | https://www.i-freek.co.jp/company/ | https://www.i-freek.co.jp/business/dx,EQUITY,Communication Services,Internet Content & Information,https://www.i-freek.co.jp
3,3848,"Data Applications Company, Limited",IT関連,デジタル・サービス,94,96,95,主力テーマ,A,ok,industry=Software - Application; direct=software development; position=0.07; growth=development; official=IT; count=27; pos=0.03,IT,27,0.0258,https://www.dal.co.jp | https://www.dal.co.jp/products/ | https://www.dal.co.jp/products/support/css.html,EQUITY,Technology,Software - Application,https://www.dal.co.jp
3,3848,"Data Applications Company, Limited",SaaS,デジタル・サービス,90,96,92,主力テーマ,A,ok,industry=Software - Application; official=SaaS; count=4; pos=0.02,SaaS,4,0.0190,https://www.dal.co.jp | https://www.dal.co.jp/products/ | https://www.dal.co.jp/products/support/css.html,EQUITY,Technology,Software - Application,https://www.dal.co.jp
3,3848,"Data Applications Company, Limited",eコマース,内需・消費,72,78,74,有力関連,B,needs_review,事業概要に直接根拠を確認できず; official=EC; count=2; pos=0.34,EC,2,0.3410,https://www.dal.co.jp | https://www.dal.co.jp/products/ | https://www.dal.co.jp/products/support/css.html,EQUITY,Technology,Software - Application,https://www.dal.co.jp
3,3848,"Data Applications Company, Limited",クラウドコンピューティング,デジタル・サービス,92,98,94,主力テーマ,A,official_site_supported,事業概要に直接根拠を確認できず; official=クラウド; count=6; pos=0.36,クラウド,6,0.3612,https://www.dal.co.jp | https://www.dal.co.jp/products/ | https://www.dal.co.jp/products/support/css.html,EQUITY,Technology,Software - Application,https://www.dal.co.jp
3,3848,"Data Applications Company, Limited",サブスクリプション,デジタル・サービス,72,78,74,有力関連,B,needs_review,事業概要に直接根拠を確認できず; official=サブスクリプション; count=1; pos=0.39,サブスクリプション,1,0.3915,https://www.dal.co.jp | https://www.dal.co.jp/products/ | https://www.dal.co.jp/products/support/css.html,EQUITY,Technology,Software - Application,https://www.dal.co.jp
3,3848,"Data Applications Company, Limited",デジタルトランスフォーメーション,デジタル・サービス,72,78,74,有力関連,B,needs_review,事業概要に直接根拠を確認できず; official=DX; count=2; pos=0.51,DX,2,0.5109,https://www.dal.co.jp | https://www.dal.co.jp/products/ | https://www.dal.co.jp/products/support/css.html,EQUITY,Technology,Software - Application,https://www.dal.co.jp
3,3848,"Data Applications Company, Limited",生成AI,AI・半導体,8,5,7,ノイズ候補,C,needs_review,事業概要に直接根拠を確認できず,,0,,https://www.dal.co.jp | https://www.dal.co.jp/products/ | https://www.dal.co.jp/products/support/css.html,EQUITY,Technology,Software - Application,https://www.dal.co.jp
3,3849,,IT関連,デジタル・サービス,8,5,7,ノイズ候補,C,needs_official_ir,事業概要に直接根拠を確認できず,,0,,,,,,
3,3849,,サイバーセキュリティ,防衛・国土強靱化,8,5,7,ノイズ候補,C,needs_official_ir,事業概要に直接根拠を確認できず,,0,,,,,,
3,3849,,防災,防衛・国土強靱化,8,5,7,ノイズ候補,C,needs_official_ir,事業概要に直接根拠を確認できず,,0,,,,,,
3,3850,NTT Data Intramart Corporation,IT関連,デジタル・サービス,90,92,91,主力テーマ,A,ok,industry=Software - Infrastructure; adjacent=software/cloud service; growth=develops,,0,,https://www.intra-mart.jp | https://www.intra-mart.jp/products/ | https://www.intra-mart.jp/service/,EQUITY,Technology,Software - Infrastructure,https://www.intra-mart.jp
3,3850,NTT Data Intramart Corporation,IoT,設備投資・機械,90,82,88,主力テーマ,A,official_site_supported,事業概要に直接根拠を確認できず; official=IoT; count=3; pos=0.05,IoT,3,0.0506,https://www.intra-mart.jp | https://www.intra-mart.jp/products/ | https://www.intra-mart.jp/service/,EQUITY,Technology,Software - Infrastructure,https://www.intra-mart.jp
3,3850,NTT Data Intramart Corporation,SaaS,デジタル・サービス,90,92,91,主力テーマ,A,ok,industry=Software - Infrastructure; adjacent=cloud service; growth=develops; official=クラウドサービス; count=3; pos=0.13,クラウドサービス,3,0.1332,https://www.intra-mart.jp | https://www.intra-mart.jp/products/ | https://www.intra-mart.jp/service/,EQUITY,Technology,Software - Infrastructure,https://www.intra-mart.jp
3,3850,NTT Data Intramart Corporation,クラウドコンピューティング,デジタル・サービス,92,90,91,主力テーマ,A,official_site_supported,direct=cloud service; position=0.56; growth=develops; official=クラウド/クラウドサービス; count=23; pos=0.01,クラウド | クラウドサービス,23,0.0108,https://www.intra-mart.jp | https://www.intra-mart.jp/products/ | https://www.intra-mart.jp/service/,EQUITY,Technology,Software - Infrastructure,https://www.intra-mart.jp
3,3850,NTT Data Intramart Corporation,マイナンバー,デジタル・サービス,8,5,7,ノイズ候補,C,needs_review,事業概要に直接根拠を確認できず,,0,,https://www.intra-mart.jp | https://www.intra-mart.jp/products/ | https://www.intra-mart.jp/service/,EQUITY,Technology,Software - Infrastructure,https://www.intra-mart.jp
3,3850,NTT Data Intramart Corporation,人工知能,AI・半導体,92,90,91,主力テーマ,A,official_site_supported,事業概要に直接根拠を確認できず; official=AI; count=13; pos=0.05,AI,13,0.0540,https://www.intra-mart.jp | https://www.intra-mart.jp/products/ | https://www.intra-mart.jp/service/,EQUITY,Technology,Software - Infrastructure,https://www.intra-mart.jp
3,3851,"Nippon Ichi Software, Inc.",ゲーム関連,デジタル・サービス,66,66,66,有力関連,B,qa_borderline,direct=video game; position=0.52; growth=develops,,0,,https://www.nippon1.co.jp,EQUITY,Communication Services,Electronic Gaming & Multimedia,https://www.nippon1.co.jp
3,3853,Asteria Corporation,IT関連,デジタル・サービス,90,94,91,主力テーマ,A,ok,industry=Software - Application; adjacent=software; growth=develops/development; official=IT; count=33; pos=0.02,IT,33,0.0242,https://en.asteria.com | https://en.asteria.com/company/ | https://en.asteria.com/company/about/,EQUITY,Technology,Software - Application,https://en.asteria.com
3,3853,Asteria Corporation,IoT,設備投資・機械,82,86,83,主力テーマ,B,ok,direct= iot; position=0.47; growth=develops/development; official=IoT; count=1; pos=0.23,IoT,1,0.2273,https://en.asteria.com | https://en.asteria.com/company/ | https://en.asteria.com/company/about/,EQUITY,Technology,Software - Application,https://en.asteria.com
3,3853,Asteria Corporation,SaaS,デジタル・サービス,90,82,88,主力テーマ,A,ok,industry=Software - Application,,0,,https://en.asteria.com | https://en.asteria.com/company/ | https://en.asteria.com/company/about/,EQUITY,Technology,Software - Application,https://en.asteria.com
3,3853,Asteria Corporation,エッジコンピューティング,AI・半導体,42,42,42,補助関連,C,needs_review,adjacent=iot; growth=develops/development,,0,,https://en.asteria.com | https://en.asteria.com/company/ | https://en.asteria.com/company/about/,EQUITY,Technology,Software - Application,https://en.asteria.com
3,3853,Asteria Corporation,クラウドコンピューティング,デジタル・サービス,8,5,7,ノイズ候補,C,needs_review,事業概要に直接根拠を確認できず,,0,,https://en.asteria.com | https://en.asteria.com/company/ | https://en.asteria.com/company/about/,EQUITY,Technology,Software - Application,https://en.asteria.com
3,3853,Asteria Corporation,サブスクリプション,デジタル・サービス,8,5,7,ノイズ候補,C,needs_review,事業概要に直接根拠を確認できず,,0,,https://en.asteria.com | https://en.asteria.com/company/ | https://en.asteria.com/company/about/,EQUITY,Technology,Software - Application,https://en.asteria.com
3,3853,Asteria Corporation,フィンテック,金融・金利,8,5,7,ノイズ候補,C,needs_review,事業概要に直接根拠を確認できず,,0,,https://en.asteria.com | https://en.asteria.com/company/ | https://en.asteria.com/company/about/,EQUITY,Technology,Software - Application,https://en.asteria.com
3,3853,Asteria Corporation,人工知能,AI・半導体,92,90,91,主力テーマ,A,ok,direct= ai ; position=0.46; growth=develops/development; official=AI; count=12; pos=0.02,AI,12,0.0232,https://en.asteria.com | https://en.asteria.com/company/ | https://en.asteria.com/company/about/,EQUITY,Technology,Software - Application,https://en.asteria.com
3,3853,Asteria Corporation,生成AI,AI・半導体,42,42,42,補助関連,C,needs_review,adjacent= ai ; growth=develops/development,,0,,https://en.asteria.com | https://en.asteria.com/company/ | https://en.asteria.com/company/about/,EQUITY,Technology,Software - Application,https://en.asteria.com
3,3854,I'LL inc.,IT関連,デジタル・サービス,94,96,95,主力テーマ,A,ok,industry=Information Technology Services; direct=information technology; growth=develops; official=IT; count=12; pos=0.01,IT,12,0.0061,https://www.ill.co.jp | https://www.ill.co.jp/message/ | https://www.ill.co.jp/business/,EQUITY,Technology,Information Technology Services,https://www.ill.co.jp
3,3854,I'LL inc.,eコマース,内需・消費,92,90,91,主力テーマ,A,official_site_supported,事業概要に直接根拠を確認できず; official=EC; count=16; pos=0.02,EC,16,0.0189,https://www.ill.co.jp | https://www.ill.co.jp/message/ | https://www.ill.co.jp/business/,EQUITY,Technology,Information Technology Services,https://www.ill.co.jp
3,3854,I'LL inc.,クラウドコンピューティング,デジタル・サービス,85,82,84,主力テーマ,B,official_site_supported,事業概要に直接根拠を確認できず; official=クラウド; count=3; pos=0.26,クラウド,3,0.2598,https://www.ill.co.jp | https://www.ill.co.jp/message/ | https://www.ill.co.jp/business/,EQUITY,Technology,Information Technology Services,https://www.ill.co.jp
3,3854,I'LL inc.,デジタルトランスフォーメーション,デジタル・サービス,85,82,84,主力テーマ,B,official_site_supported,事業概要に直接根拠を確認できず; official=DX; count=3; pos=0.22,DX,3,0.2249,https://www.ill.co.jp | https://www.ill.co.jp/message/ | https://www.ill.co.jp/business/,EQUITY,Technology,Information Technology Services,https://www.ill.co.jp
3,3856,Abalance Corporation,再生可能エネルギー,GX・エネルギー,92,98,94,主力テーマ,A,ok,direct=renewable energy; position=0.07; growth=development; official=再生可能エネルギー/再エネ/グリーンエネルギー; count=39; pos=0.01,再生可能エネルギー | 再エネ | グリーンエネルギー,39,0.0131,https://www.abalance.co.jp | https://www.abalance.co.jp/v1/aboutus/ | https://www.abalance.co.jp/v1/business/,EQUITY,Technology,Software - Application,https://www.abalance.co.jp
3,3856,Abalance Corporation,太陽光発電関連,GX・エネルギー,92,98,94,主力テーマ,A,ok,direct=solar power; position=0.26; growth=development; official=太陽光発電/太陽光発電所/ソーラー/太陽光発電関連; count=30; pos=0.04,太陽光発電 | 太陽光発電所 | ソーラー | 太陽光発電関連,30,0.0379,https://www.abalance.co.jp | https://www.abalance.co.jp/v1/aboutus/ | https://www.abalance.co.jp/v1/business/,EQUITY,Technology,Software - Application,https://www.abalance.co.jp
3,3856,Abalance Corporation,建設機械,設備投資・機械,97,100,98,主力テーマ,A,ok,direct=construction machinery/construction equipment; position=0.10; growth=development; official=建設機械; count=3; pos=0.16,建設機械,3,0.1567,https://www.abalance.co.jp | https://www.abalance.co.jp/v1/aboutus/ | https://www.abalance.co.jp/v1/business/,EQUITY,Technology,Software - Application,https://www.abalance.co.jp
3,3856,Abalance Corporation,風力発電,GX・エネルギー,92,98,94,主力テーマ,A,official_site_supported,事業概要に直接根拠を確認できず; official=風力発電/風力発電所; count=6; pos=0.28,風力発電 | 風力発電所,6,0.2750,https://www.abalance.co.jp | https://www.abalance.co.jp/v1/aboutus/ | https://www.abalance.co.jp/v1/business/,EQUITY,Technology,Software - Application,https://www.abalance.co.jp
3,3858,Ubiquitous AI Corporation,IT関連,デジタル・サービス,94,100,96,主力テーマ,A,ok,industry=Software - Infrastructure; direct=software development; position=0.26; growth=develops/developing; official=IT; count=36; pos=0.03,IT,36,0.0261,https://www.ubiquitous-ai.com | https://www.ubiquitous-ai.com/products/ | https://www.ubiquitous-ai.com/industries/,EQUITY,Technology,Software - Infrastructure,https://www.ubiquitous-ai.com
3,3858,Ubiquitous AI Corporation,IoT,設備投資・機械,92,98,94,主力テーマ,A,ok,direct= iot; position=0.18; growth=develops/developing; official=IoT; count=19; pos=0.07,IoT,19,0.0719,https://www.ubiquitous-ai.com | https://www.ubiquitous-ai.com/products/ | https://www.ubiquitous-ai.com/industries/,EQUITY,Technology,Software - Infrastructure,https://www.ubiquitous-ai.com
3,3858,Ubiquitous AI Corporation,MaaS,自動車・モビリティ,8,5,7,ノイズ候補,C,needs_review,事業概要に直接根拠を確認できず,,0,,https://www.ubiquitous-ai.com | https://www.ubiquitous-ai.com/products/ | https://www.ubiquitous-ai.com/industries/,EQUITY,Technology,Software - Infrastructure,https://www.ubiquitous-ai.com
3,3858,Ubiquitous AI Corporation,サイバーセキュリティ,防衛・国土強靱化,92,98,94,主力テーマ,A,ok,direct=security software; position=0.13; growth=develops/developing; official=情報セキュリティ; count=3; pos=0.19,情報セキュリティ,3,0.1872,https://www.ubiquitous-ai.com | https://www.ubiquitous-ai.com/products/ | https://www.ubiquitous-ai.com/industries/,EQUITY,Technology,Software - Infrastructure,https://www.ubiquitous-ai.com
3,3858,Ubiquitous AI Corporation,データベース,デジタル・サービス,42,44,43,補助関連,C,needs_review,adjacent=data management; growth=develops/developing,,0,,https://www.ubiquitous-ai.com | https://www.ubiquitous-ai.com/products/ | https://www.ubiquitous-ai.com/industries/,EQUITY,Technology,Software - Infrastructure,https://www.ubiquitous-ai.com
3,3858,Ubiquitous AI Corporation,遠隔医療,医療・ヘルスケア,8,5,7,ノイズ候補,C,needs_review,事業概要に直接根拠を確認できず,,0,,https://www.ubiquitous-ai.com | https://www.ubiquitous-ai.com/products/ | https://www.ubiquitous-ai.com/industries/,EQUITY,Technology,Software - Infrastructure,https://www.ubiquitous-ai.com
3,3858,Ubiquitous AI Corporation,量子コンピューター,AI・半導体,8,5,7,ノイズ候補,C,needs_review,事業概要に直接根拠を確認できず,,0,,https://www.ubiquitous-ai.com | https://www.ubiquitous-ai.com/products/ | https://www.ubiquitous-ai.com/industries/,EQUITY,Technology,Software - Infrastructure,https://www.ubiquitous-ai.com
3,3861,Oji Holdings Corporation,円高メリット,内需・消費,8,5,7,ノイズ候補,C,needs_review_macro,事業概要に直接根拠を確認できず,,0,,https://www.ojiholdings.co.jp,EQUITY,Basic Materials,Paper & Paper Products,https://www.ojiholdings.co.jp
3,3861,Oji Holdings Corporation,自動車軽量化,自動車・モビリティ,8,5,7,ノイズ候補,C,needs_review,事業概要に直接根拠を確認できず,,0,,https://www.ojiholdings.co.jp,EQUITY,Basic Materials,Paper & Paper Products,https://www.ojiholdings.co.jp
3,3861,Oji Holdings Corporation,電気自動車関連,自動車・モビリティ,8,5,7,ノイズ候補,C,needs_review,事業概要に直接根拠を確認できず,,0,,https://www.ojiholdings.co.jp,EQUITY,Basic Materials,Paper & Paper Products,https://www.ojiholdings.co.jp
3,3863,"Nippon Paper Industries Co., Ltd.",全固体電池,自動車・モビリティ,8,5,7,ノイズ候補,C,needs_review,事業概要に直接根拠を確認できず,,0,,https://www.nipponpapergroup.com,EQUITY,Basic Materials,Paper & Paper Products,https://www.nipponpapergroup.com
3,3863,"Nippon Paper Industries Co., Ltd.",円高メリット,内需・消費,8,5,7,ノイズ候補,C,needs_review_macro,事業概要に直接根拠を確認できず,,0,,https://www.nipponpapergroup.com,EQUITY,Basic Materials,Paper & Paper Products,https://www.nipponpapergroup.com
3,3863,"Nippon Paper Industries Co., Ltd.",蓄電池,GX・エネルギー,8,5,7,ノイズ候補,C,needs_review,事業概要に直接根拠を確認できず,,0,,https://www.nipponpapergroup.com,EQUITY,Basic Materials,Paper & Paper Products,https://www.nipponpapergroup.com
3,3864,Mitsubishi Paper Mills Limited,円高メリット,内需・消費,8,5,7,ノイズ候補,C,needs_review_macro,事業概要に直接根拠を確認できず,,0,,https://www.mpm.co.jp,EQUITY,Basic Materials,Paper & Paper Products,https://www.mpm.co.jp
3,3865,Hokuetsu Corporation,円高メリット,内需・消費,8,5,7,ノイズ候補,C,needs_review_macro,事業概要に直接根拠を確認できず,,0,,https://www.hokuetsucorp.com,EQUITY,Basic Materials,Paper & Paper Products,https://www.hokuetsucorp.com
3,386A,"Minoya Co., Ltd.",小売り,内需・消費,86,78,84,主力テーマ,B,ok,direct=retail stores; position=0.27,,0,,https://www.machioka.co.jp,EQUITY,Consumer Cyclical,Apparel Manufacturing,https://www.machioka.co.jp
3,3877,"Chuetsu Pulp & Paper Co., Ltd.",円高メリット,内需・消費,8,5,7,ノイズ候補,C,needs_review_macro,事業概要に直接根拠を確認できず,,0,,https://www.chuetsu-pulp.co.jp | https://www.chuetsu-pulp.co.jp/company/outline.html | https://www.chuetsu-pulp.co.jp/company/facilities/index.html,EQUITY,Basic Materials,Paper & Paper Products,https://www.chuetsu-pulp.co.jp
3,3878,Tomoegawa Corporation,データセンター,データセンター・電力,8,5,7,ノイズ候補,C,needs_review,事業概要に直接根拠を確認できず,,0,,https://www.tomoegawa.co.jp,EQUITY,Basic Materials,Paper & Paper Products,https://www.tomoegawa.co.jp
3,3878,Tomoegawa Corporation,光ファイバー,データセンター・電力,8,5,7,ノイズ候補,C,needs_review,事業概要に直接根拠を確認できず,,0,,https://www.tomoegawa.co.jp,EQUITY,Basic Materials,Paper & Paper Products,https://www.tomoegawa.co.jp
3,3878,Tomoegawa Corporation,半導体製造装置,AI・半導体,8,5,7,ノイズ候補,C,needs_review,事業概要に直接根拠を確認できず,,0,,https://www.tomoegawa.co.jp,EQUITY,Basic Materials,Paper & Paper Products,https://www.tomoegawa.co.jp
3,3878,Tomoegawa Corporation,半導体部材・部品,AI・半導体,86,88,87,主力テーマ,A,ok,direct=lead frame; position=0.27; growth=development,,0,,https://www.tomoegawa.co.jp,EQUITY,Basic Materials,Paper & Paper Products,https://www.tomoegawa.co.jp
3,387A,"Fuller, Inc.",IT関連,デジタル・サービス,90,94,91,主力テーマ,A,ok,industry=Software - Application; adjacent=software; growth=develops/development,,0,,https://www.fuller-inc.com,EQUITY,Technology,Software - Application,https://www.fuller-inc.com
3,387A,"Fuller, Inc.",デジタルトランスフォーメーション,デジタル・サービス,8,5,7,ノイズ候補,C,needs_review,事業概要に直接根拠を確認できず,,0,,https://www.fuller-inc.com,EQUITY,Technology,Software - Application,https://www.fuller-inc.com
3,387A,"Fuller, Inc.",データ分析・解析,AI・半導体,58,58,58,補助関連,C,needs_review,direct=data analysis; position=0.67; growth=develops/development,,0,,https://www.fuller-inc.com,EQUITY,Technology,Software - Application,https://www.fuller-inc.com
3,3880,Daio Paper Corporation,円高メリット,内需・消費,8,5,7,ノイズ候補,C,needs_review_macro,事業概要に直接根拠を確認できず,,0,,https://www.daio-paper.co.jp | https://www.daio-paper.co.jp/company/ | https://www.daio-paper.co.jp/company/overview/,EQUITY,Basic Materials,Paper & Paper Products,https://www.daio-paper.co.jp
3,3880,Daio Paper Corporation,自動車軽量化,自動車・モビリティ,8,5,7,ノイズ候補,C,needs_review,事業概要に直接根拠を確認できず,,0,,https://www.daio-paper.co.jp | https://www.daio-paper.co.jp/company/ | https://www.daio-paper.co.jp/company/overview/,EQUITY,Basic Materials,Paper & Paper Products,https://www.daio-paper.co.jp
3,3891,Nippon Kodoshi Corporation,全固体電池,自動車・モビリティ,8,5,7,ノイズ候補,C,needs_review,事業概要に直接根拠を確認できず,,0,,https://www.kodoshi.co.jp,EQUITY,Technology,Electronic Components,https://www.kodoshi.co.jp
3,3891,Nippon Kodoshi Corporation,電気自動車関連,自動車・モビリティ,8,5,7,ノイズ候補,C,needs_review,事業概要に直接根拠を確認できず,,0,,https://www.kodoshi.co.jp,EQUITY,Technology,Electronic Components,https://www.kodoshi.co.jp
3,3895,Havix Corporation,円高メリット,内需・消費,8,5,7,ノイズ候補,C,needs_review_macro,事業概要に直接根拠を確認できず,,0,,https://www.havix.co.jp | https://www.havix.co.jp/company/ | https://www.havix.co.jp/products/item/,EQUITY,Basic Materials,Paper & Paper Products,https://www.havix.co.jp
3,3896,"Awa Paper & Technological Company, Inc.",自動車部材・部品,自動車・モビリティ,42,30,38,ノイズ候補,C,needs_review,adjacent=automotive,,0,,https://www.awapaper.co.jp,EQUITY,Basic Materials,Paper & Paper Products,https://www.awapaper.co.jp
3,3900,CrowdWorks Inc.,IT関連,デジタル・サービス,58,54,57,補助関連,C,needs_review,事業概要に直接根拠を確認できず; official=IT; count=2; pos=0.77,IT,2,0.7734,https://crowdworks.co.jp,EQUITY,Industrials,Staffing & Employment Services,https://crowdworks.co.jp
3,3900,CrowdWorks Inc.,SaaS,デジタル・サービス,8,5,7,ノイズ候補,C,needs_review,事業概要に直接根拠を確認できず,,0,,https://crowdworks.co.jp,EQUITY,Industrials,Staffing & Employment Services,https://crowdworks.co.jp
3,3900,CrowdWorks Inc.,クラウドコンピューティング,デジタル・サービス,92,90,91,主力テーマ,A,official_site_supported,adjacent=cloud; official=クラウド; count=6; pos=0.00,クラウド,6,0.0022,https://crowdworks.co.jp,EQUITY,Industrials,Staffing & Employment Services,https://crowdworks.co.jp
3,3900,CrowdWorks Inc.,人工知能,AI・半導体,92,90,91,主力テーマ,A,official_site_supported,direct= ai ; position=0.64; official=AI; count=14; pos=0.07,AI,14,0.0729,https://crowdworks.co.jp,EQUITY,Industrials,Staffing & Employment Services,https://crowdworks.co.jp
3,3900,CrowdWorks Inc.,生成AI,AI・半導体,42,30,38,ノイズ候補,C,needs_review,adjacent= ai ,,0,,https://crowdworks.co.jp,EQUITY,Industrials,Staffing & Employment Services,https://crowdworks.co.jp
3,3904,KAYAC Inc.,IT関連,デジタル・サービス,72,68,71,有力関連,B,needs_review,事業概要に直接根拠を確認できず; official=IT; count=12; pos=0.03,IT,12,0.0321,https://www.kayac.com | https://www.kayac.com/service/other/1532 | https://www.kayac.com/service/game,EQUITY,Communication Services,Electronic Gaming & Multimedia,https://www.kayac.com
3,3904,KAYAC Inc.,人工知能,AI・半導体,72,68,71,有力関連,B,needs_review,事業概要に直接根拠を確認できず; official=AI; count=2; pos=0.47,AI,2,0.4708,https://www.kayac.com | https://www.kayac.com/service/other/1532 | https://www.kayac.com/service/game,EQUITY,Communication Services,Electronic Gaming & Multimedia,https://www.kayac.com
3,3905,Datasection Inc.,IT関連,デジタル・サービス,94,96,95,主力テーマ,A,ok,industry=Software - Application; direct=system integration; position=0.13; growth=development; official=IT; count=21; pos=0.05,IT,21,0.0487,https://www.datasection.co.jp | https://www.datasection.co.jp/service | https://www.datasection.co.jp/company/,EQUITY,Technology,Software - Application,https://www.datasection.co.jp
3,3905,Datasection Inc.,SaaS,デジタル・サービス,90,82,88,主力テーマ,A,ok,industry=Software - Application; official=SaaS; count=2; pos=0.66,SaaS,2,0.6589,https://www.datasection.co.jp | https://www.datasection.co.jp/service | https://www.datasection.co.jp/company/,EQUITY,Technology,Software - Application,https://www.datasection.co.jp
3,3905,Datasection Inc.,インバウンド,内需・消費,8,5,7,ノイズ候補,C,needs_review_macro,事業概要に直接根拠を確認できず,,0,,https://www.datasection.co.jp | https://www.datasection.co.jp/service | https://www.datasection.co.jp/company/,EQUITY,Technology,Software - Application,https://www.datasection.co.jp
3,3905,Datasection Inc.,クラウドコンピューティング,デジタル・サービス,90,82,88,主力テーマ,A,official_site_supported,adjacent=cloud; growth=development; official=クラウド; count=4; pos=0.09,クラウド,4,0.0879,https://www.datasection.co.jp | https://www.datasection.co.jp/service | https://www.datasection.co.jp/company/,EQUITY,Technology,Software - Application,https://www.datasection.co.jp
3,3905,Datasection Inc.,サイバーセキュリティ,防衛・国土強靱化,85,82,84,主力テーマ,B,official_site_supported,事業概要に直接根拠を確認できず; official=情報セキュリティ; count=3; pos=0.36,情報セキュリティ,3,0.3588,https://www.datasection.co.jp | https://www.datasection.co.jp/service | https://www.datasection.co.jp/company/,EQUITY,Technology,Software - Application,https://www.datasection.co.jp
3,3905,Datasection Inc.,データセンター,データセンター・電力,92,94,93,主力テーマ,A,ok,direct=data center; position=0.04; growth=development; official=データセンター/データセンタ; count=12; pos=0.06,データセンター | データセンタ,12,0.0597,https://www.datasection.co.jp | https://www.datasection.co.jp/service | https://www.datasection.co.jp/company/,EQUITY,Technology,Software - Application,https://www.datasection.co.jp
3,3905,Datasection Inc.,データ分析・解析,AI・半導体,97,99,98,主力テーマ,A,ok,direct=data analysis/data science; position=0.07; growth=development,,0,,https://www.datasection.co.jp | https://www.datasection.co.jp/service | https://www.datasection.co.jp/company/,EQUITY,Technology,Software - Application,https://www.datasection.co.jp
3,3905,Datasection Inc.,ドローン,防衛・国土強靱化,8,5,7,ノイズ候補,C,needs_review,事業概要に直接根拠を確認できず,,0,,https://www.datasection.co.jp | https://www.datasection.co.jp/service | https://www.datasection.co.jp/company/,EQUITY,Technology,Software - Application,https://www.datasection.co.jp
3,3905,Datasection Inc.,人工知能,AI・半導体,97,99,98,主力テーマ,A,ok,direct=artificial intelligence/ ai ; position=0.03; growth=development; official=AI; count=75; pos=0.00,AI,75,0.0015,https://www.datasection.co.jp | https://www.datasection.co.jp/service | https://www.datasection.co.jp/company/,EQUITY,Technology,Software - Application,https://www.datasection.co.jp
3,3905,Datasection Inc.,生成AI,AI・半導体,72,68,71,有力関連,B,needs_review,adjacent=artificial intelligence/ ai ; growth=development; official=生成AI; count=1; pos=0.84,生成AI,1,0.8368,https://www.datasection.co.jp | https://www.datasection.co.jp/service | https://www.datasection.co.jp/company/,EQUITY,Technology,Software - Application,https://www.datasection.co.jp
3,3905,Datasection Inc.,自動運転車,自動車・モビリティ,8,5,7,ノイズ候補,C,needs_review,事業概要に直接根拠を確認できず,,0,,https://www.datasection.co.jp | https://www.datasection.co.jp/service | https://www.datasection.co.jp/company/,EQUITY,Technology,Software - Application,https://www.datasection.co.jp
3,3905,Datasection Inc.,遠隔医療,医療・ヘルスケア,8,5,7,ノイズ候補,C,needs_review,事業概要に直接根拠を確認できず,,0,,https://www.datasection.co.jp | https://www.datasection.co.jp/service | https://www.datasection.co.jp/company/,EQUITY,Technology,Software - Application,https://www.datasection.co.jp
3,3907,Silicon Studio Corporation,IT関連,デジタル・サービス,72,68,71,有力関連,B,needs_review,事業概要に直接根拠を確認できず; official=IT; count=6; pos=0.09,IT,6,0.0920,https://www.siliconstudio.co.jp | https://www.siliconstudio.co.jp/products-service/ | https://www.siliconstudio.co.jp/corporate/,EQUITY,Communication Services,Electronic Gaming & Multimedia,https://www.siliconstudio.co.jp
3,3907,Silicon Studio Corporation,フィジカルAI,AI・半導体,90,68,83,主力テーマ,B,official_site_supported,事業概要に直接根拠を確認できず; official=フィジカルAI; count=2; pos=0.02,フィジカルAI,2,0.0231,https://www.siliconstudio.co.jp | https://www.siliconstudio.co.jp/products-service/ | https://www.siliconstudio.co.jp/corporate/,EQUITY,Communication Services,Electronic Gaming & Multimedia,https://www.siliconstudio.co.jp
3,3907,Silicon Studio Corporation,人工知能,AI・半導体,92,90,91,主力テーマ,A,official_site_supported,direct=machine learning; position=0.70; growth=develops/development; official=AI/機械学習; count=27; pos=0.02,AI | 機械学習,27,0.0236,https://www.siliconstudio.co.jp | https://www.siliconstudio.co.jp/products-service/ | https://www.siliconstudio.co.jp/corporate/,EQUITY,Communication Services,Electronic Gaming & Multimedia,https://www.siliconstudio.co.jp
3,3907,Silicon Studio Corporation,電気自動車関連,自動車・モビリティ,8,5,7,ノイズ候補,C,needs_review,事業概要に直接根拠を確認できず,,0,,https://www.siliconstudio.co.jp | https://www.siliconstudio.co.jp/products-service/ | https://www.siliconstudio.co.jp/corporate/,EQUITY,Communication Services,Electronic Gaming & Multimedia,https://www.siliconstudio.co.jp
3,3908,Collabos Corporation,IT関連,デジタル・サービス,94,96,95,主力テーマ,A,ok,industry=Information Technology Services; direct=information technology; growth=develops,,0,,https://www.collabos.com,EQUITY,Technology,Information Technology Services,https://www.collabos.com
3,3908,Collabos Corporation,クラウドコンピューティング,デジタル・サービス,90,96,92,主力テーマ,A,official_site_supported,adjacent=cloud; growth=develops; official=クラウド/クラウドサービス; count=4; pos=0.01,クラウド | クラウドサービス,4,0.0071,https://www.collabos.com,EQUITY,Technology,Information Technology Services,https://www.collabos.com
3,3908,Collabos Corporation,人工知能,AI・半導体,72,78,74,有力関連,B,needs_review,direct= ai ; position=0.78; growth=develops; official=AI; count=2; pos=0.43,AI,2,0.4308,https://www.collabos.com,EQUITY,Technology,Information Technology Services,https://www.collabos.com
3,3909,Showcase Inc.,IT関連,デジタル・サービス,90,94,91,主力テーマ,A,ok,industry=Software - Application; adjacent=software; growth=development/investment; official=IT; count=11; pos=0.21,IT,11,0.2105,https://www.showcase-tv.com | https://www.showcase-tv.com/corporate/work/ | https://www.showcase-tv.com/corporate/summary/,EQUITY,Technology,Software - Application,https://www.showcase-tv.com
3,3909,Showcase Inc.,SaaS,デジタル・サービス,94,98,95,主力テーマ,A,ok,industry=Software - Application; direct=saas; position=0.02; growth=development/investment; official=SaaS/クラウドサービス; count=7; pos=0.00,SaaS | クラウドサービス,7,0.0035,https://www.showcase-tv.com | https://www.showcase-tv.com/corporate/work/ | https://www.showcase-tv.com/corporate/summary/,EQUITY,Technology,Software - Application,https://www.showcase-tv.com
3,3909,Showcase Inc.,クラウドコンピューティング,デジタル・サービス,92,90,91,主力テーマ,A,official_site_supported,adjacent=cloud/saas; growth=development/investment; official=クラウド/クラウドサービス; count=13; pos=0.00,クラウド | クラウドサービス,13,0.0035,https://www.showcase-tv.com | https://www.showcase-tv.com/corporate/work/ | https://www.showcase-tv.com/corporate/summary/,EQUITY,Technology,Software - Application,https://www.showcase-tv.com
3,3909,Showcase Inc.,サイバーセキュリティ,防衛・国土強靱化,72,68,71,有力関連,B,needs_review,事業概要に直接根拠を確認できず; official=サイバーセキュリティ; count=1; pos=0.49,サイバーセキュリティ,1,0.4918,https://www.showcase-tv.com | https://www.showcase-tv.com/corporate/work/ | https://www.showcase-tv.com/corporate/summary/,EQUITY,Technology,Software - Application,https://www.showcase-tv.com
3,3909,Showcase Inc.,デジタルトランスフォーメーション,デジタル・サービス,97,100,98,主力テーマ,A,ok,direct=digital transformation/ dx ; position=0.10; growth=development/investment; official=DX/デジタルトランスフォーメーション; count=17; pos=0.00,DX | デジタルトランスフォーメーション,17,0.0032,https://www.showcase-tv.com | https://www.showcase-tv.com/corporate/work/ | https://www.showcase-tv.com/corporate/summary/,EQUITY,Technology,Software - Application,https://www.showcase-tv.com
3,3909,Showcase Inc.,マイナンバー,デジタル・サービス,8,5,7,ノイズ候補,C,needs_review,事業概要に直接根拠を確認できず,,0,,https://www.showcase-tv.com | https://www.showcase-tv.com/corporate/work/ | https://www.showcase-tv.com/corporate/summary/,EQUITY,Technology,Software - Application,https://www.showcase-tv.com
3,3909,Showcase Inc.,人工知能,AI・半導体,90,90,90,主力テーマ,A,ok,direct= ai ; position=0.32; growth=development/investment; official=AI; count=4; pos=0.19,AI,4,0.1855,https://www.showcase-tv.com | https://www.showcase-tv.com/corporate/work/ | https://www.showcase-tv.com/corporate/summary/,EQUITY,Technology,Software - Application,https://www.showcase-tv.com
3,3910,MKSystem Corporation,IT関連,デジタル・サービス,90,92,91,主力テーマ,A,ok,industry=Software - Application; adjacent=software/cloud service; growth=development; official=IT; count=3; pos=0.09,IT,3,0.0872,https://www.mks.jp | https://www.mks.jp/shalom/download/ | https://www.mks.jp/shalom/series/,EQUITY,Technology,Software - Application,https://www.mks.jp
3,3910,MKSystem Corporation,クラウドコンピューティング,デジタル・サービス,97,99,98,主力テーマ,A,ok,direct=cloud service/cloud system; position=0.08; growth=development; official=クラウド/クラウドサービス; count=55; pos=0.00,クラウド | クラウドサービス,55,0.0034,https://www.mks.jp | https://www.mks.jp/shalom/download/ | https://www.mks.jp/shalom/series/,EQUITY,Technology,Software - Application,https://www.mks.jp
3,3910,MKSystem Corporation,マイナンバー,デジタル・サービス,92,90,91,主力テーマ,A,official_site_supported,事業概要に直接根拠を確認できず; official=マイナンバー; count=6; pos=0.15,マイナンバー,6,0.1478,https://www.mks.jp | https://www.mks.jp/shalom/download/ | https://www.mks.jp/shalom/series/,EQUITY,Technology,Software - Application,https://www.mks.jp
3,3911,Aiming Inc.,IT関連,デジタル・サービス,72,68,71,有力関連,B,needs_review,事業概要に直接根拠を確認できず; official=IT; count=8; pos=0.02,IT,8,0.0239,https://aiming-inc.com | https://aiming-inc.com/ja/games/,EQUITY,Communication Services,Electronic Gaming & Multimedia,https://aiming-inc.com
3,3912,"Mobile Factory, Inc.",IT関連,デジタル・サービス,8,5,7,ノイズ候補,C,needs_review,事業概要に直接根拠を確認できず; official=IT; count=1; pos=0.92,IT,1,0.9202,https://www.mobilefactory.jp,EQUITY,Communication Services,Electronic Gaming & Multimedia,https://www.mobilefactory.jp
3,3912,"Mobile Factory, Inc.",MaaS,自動車・モビリティ,8,5,7,ノイズ候補,C,needs_review,事業概要に直接根拠を確認できず,,0,,https://www.mobilefactory.jp,EQUITY,Communication Services,Electronic Gaming & Multimedia,https://www.mobilefactory.jp
3,3913,"GreenBee, Inc.",IT関連,デジタル・サービス,90,92,91,主力テーマ,A,ok,industry=Software - Application; adjacent=software; growth=development; official=IT; count=1; pos=0.28,IT,1,0.2788,https://www.greenbee.co.jp | https://www.greenbee.co.jp/company/ | https://www.greenbee.co.jp/company/profile/,EQUITY,Technology,Software - Application,https://www.greenbee.co.jp
3,3913,"GreenBee, Inc.",IoT,設備投資・機械,8,5,7,ノイズ候補,C,needs_review,事業概要に直接根拠を確認できず,,0,,https://www.greenbee.co.jp | https://www.greenbee.co.jp/company/ | https://www.greenbee.co.jp/company/profile/,EQUITY,Technology,Software - Application,https://www.greenbee.co.jp
3,3913,"GreenBee, Inc.",クラウドコンピューティング,デジタル・サービス,42,40,41,補助関連,C,needs_review,adjacent=cloud; growth=development,,0,,https://www.greenbee.co.jp | https://www.greenbee.co.jp/company/ | https://www.greenbee.co.jp/company/profile/,EQUITY,Technology,Software - Application,https://www.greenbee.co.jp
3,3913,"GreenBee, Inc.",サブスクリプション,デジタル・サービス,90,68,83,主力テーマ,B,official_site_supported,事業概要に直接根拠を確認できず; official=サブスクリプション; count=1; pos=0.19,サブスクリプション,1,0.1940,https://www.greenbee.co.jp | https://www.greenbee.co.jp/company/ | https://www.greenbee.co.jp/company/profile/,EQUITY,Technology,Software - Application,https://www.greenbee.co.jp
3,3913,"GreenBee, Inc.",デジタルトランスフォーメーション,デジタル・サービス,92,94,93,主力テーマ,A,ok,direct=digital transformation; position=0.03; growth=development; official=DX; count=7; pos=0.03,DX,7,0.0301,https://www.greenbee.co.jp | https://www.greenbee.co.jp/company/ | https://www.greenbee.co.jp/company/profile/,EQUITY,Technology,Software - Application,https://www.greenbee.co.jp
3,3913,"GreenBee, Inc.",人工知能,AI・半導体,72,68,71,有力関連,B,needs_review,事業概要に直接根拠を確認できず; official=AI; count=2; pos=0.29,AI,2,0.2883,https://www.greenbee.co.jp | https://www.greenbee.co.jp/company/ | https://www.greenbee.co.jp/company/profile/,EQUITY,Technology,Software - Application,https://www.greenbee.co.jp
3,3913,"GreenBee, Inc.",再生可能エネルギー,GX・エネルギー,8,5,7,ノイズ候補,C,needs_review,事業概要に直接根拠を確認できず,,0,,https://www.greenbee.co.jp | https://www.greenbee.co.jp/company/ | https://www.greenbee.co.jp/company/profile/,EQUITY,Technology,Software - Application,https://www.greenbee.co.jp
3,3913,"GreenBee, Inc.",脱炭素,GX・エネルギー,92,90,91,主力テーマ,A,official_site_supported,事業概要に直接根拠を確認できず; official=脱炭素/GX; count=8; pos=0.03,脱炭素 | GX,8,0.0272,https://www.greenbee.co.jp | https://www.greenbee.co.jp/company/ | https://www.greenbee.co.jp/company/profile/,EQUITY,Technology,Software - Application,https://www.greenbee.co.jp
3,3913,"GreenBee, Inc.",蓄電池,GX・エネルギー,92,94,93,主力テーマ,A,ok,direct=energy storage system; position=0.19; growth=development; official=蓄電所; count=2; pos=0.17,蓄電所,2,0.1737,https://www.greenbee.co.jp | https://www.greenbee.co.jp/company/ | https://www.greenbee.co.jp/company/profile/,EQUITY,Technology,Software - Application,https://www.greenbee.co.jp
3,3914,JIG-SAW INC.,IT関連,デジタル・サービス,90,96,92,主力テーマ,A,ok,industry=Software - Infrastructure; adjacent=software; growth=development/research; official=IT; count=16; pos=0.02,IT,16,0.0165,https://www.jig-saw.com | https://www.jig-saw.com/service/ | https://www.jig-saw.com/company/,EQUITY,Technology,Software - Infrastructure,https://www.jig-saw.com
3,3914,JIG-SAW INC.,IoT,設備投資・機械,92,98,94,主力テーマ,A,ok,direct= iot; position=0.05; growth=development/research; official=IoT/スマートファクトリー; count=24; pos=0.06,IoT | スマートファクトリー,24,0.0599,https://www.jig-saw.com | https://www.jig-saw.com/service/ | https://www.jig-saw.com/company/,EQUITY,Technology,Software - Infrastructure,https://www.jig-saw.com
3,3914,JIG-SAW INC.,クラウドコンピューティング,デジタル・サービス,92,90,91,主力テーマ,A,official_site_supported,adjacent=cloud; growth=development/research; official=クラウド; count=7; pos=0.35,クラウド,7,0.3541,https://www.jig-saw.com | https://www.jig-saw.com/service/ | https://www.jig-saw.com/company/,EQUITY,Technology,Software - Infrastructure,https://www.jig-saw.com
3,3914,JIG-SAW INC.,人工知能,AI・半導体,92,90,91,主力テーマ,A,official_site_supported,事業概要に直接根拠を確認できず; official=人工知能/AI/機械学習; count=17; pos=0.14,人工知能 | AI | 機械学習,17,0.1409,https://www.jig-saw.com | https://www.jig-saw.com/service/ | https://www.jig-saw.com/company/,EQUITY,Technology,Software - Infrastructure,https://www.jig-saw.com
3,3914,JIG-SAW INC.,再生医療,医療・ヘルスケア,72,68,71,有力関連,B,needs_review,事業概要に直接根拠を確認できず; official=再生医療; count=1; pos=0.84,再生医療,1,0.8410,https://www.jig-saw.com | https://www.jig-saw.com/service/ | https://www.jig-saw.com/company/,EQUITY,Technology,Software - Infrastructure,https://www.jig-saw.com
3,3915,"TerraSky Co.,Ltd.",IT関連,デジタル・サービス,90,92,91,主力テーマ,A,ok,industry=Software - Infrastructure; adjacent=software/cloud service; growth=development,,0,,https://www.terrasky.co.jp,EQUITY,Technology,Software - Infrastructure,https://www.terrasky.co.jp
3,3915,"TerraSky Co.,Ltd.",IoT,設備投資・機械,8,5,7,ノイズ候補,C,needs_review,事業概要に直接根拠を確認できず,,0,,https://www.terrasky.co.jp,EQUITY,Technology,Software - Infrastructure,https://www.terrasky.co.jp
3,3915,"TerraSky Co.,Ltd.",SaaS,デジタル・サービス,90,92,91,主力テーマ,A,ok,industry=Software - Infrastructure; adjacent=cloud service; growth=development,,0,,https://www.terrasky.co.jp,EQUITY,Technology,Software - Infrastructure,https://www.terrasky.co.jp
3,3915,"TerraSky Co.,Ltd.",クラウドコンピューティング,デジタル・サービス,66,66,66,有力関連,B,qa_borderline,direct=cloud service; position=0.52; growth=development,,0,,https://www.terrasky.co.jp,EQUITY,Technology,Software - Infrastructure,https://www.terrasky.co.jp
3,3915,"TerraSky Co.,Ltd.",サブスクリプション,デジタル・サービス,8,5,7,ノイズ候補,C,needs_review,事業概要に直接根拠を確認できず,,0,,https://www.terrasky.co.jp,EQUITY,Technology,Software - Infrastructure,https://www.terrasky.co.jp
3,3915,"TerraSky Co.,Ltd.",デジタルトランスフォーメーション,デジタル・サービス,86,88,87,主力テーマ,A,ok,direct= dx ; position=0.33; growth=development,,0,,https://www.terrasky.co.jp,EQUITY,Technology,Software - Infrastructure,https://www.terrasky.co.jp
3,3915,"TerraSky Co.,Ltd.",人工知能,AI・半導体,92,94,93,主力テーマ,A,ok,direct= ai ; position=0.11; growth=development,,0,,https://www.terrasky.co.jp,EQUITY,Technology,Software - Infrastructure,https://www.terrasky.co.jp
3,3915,"TerraSky Co.,Ltd.",生成AI,AI・半導体,42,40,41,補助関連,C,needs_review,adjacent= ai ; growth=development,,0,,https://www.terrasky.co.jp,EQUITY,Technology,Software - Infrastructure,https://www.terrasky.co.jp
3,3915,"TerraSky Co.,Ltd.",量子コンピューター,AI・半導体,8,5,7,ノイズ候補,C,needs_review,事業概要に直接根拠を確認できず,,0,,https://www.terrasky.co.jp,EQUITY,Technology,Software - Infrastructure,https://www.terrasky.co.jp
3,3916,Digital Information Technologies Corporation,IT関連,デジタル・サービス,97,100,98,主力テーマ,A,ok,industry=Information Technology Services; direct=information technology/information systems; position=0.12; growth=develops/development; official=IT; count=18; pos=0.00,IT,18,0.0003,https://www.ditgroup.jp,EQUITY,Technology,Information Technology Services,https://www.ditgroup.jp
3,3916,Digital Information Technologies Corporation,IoT,設備投資・機械,90,82,88,主力テーマ,A,official_site_supported,事業概要に直接根拠を確認できず; official=IoT; count=3; pos=0.14,IoT,3,0.1406,https://www.ditgroup.jp,EQUITY,Technology,Information Technology Services,https://www.ditgroup.jp
3,3916,Digital Information Technologies Corporation,SaaS,デジタル・サービス,72,68,71,有力関連,B,needs_review,事業概要に直接根拠を確認できず; official=SaaS/クラウドサービス; count=2; pos=0.83,SaaS | クラウドサービス,2,0.8329,https://www.ditgroup.jp,EQUITY,Technology,Information Technology Services,https://www.ditgroup.jp
3,3916,Digital Information Technologies Corporation,クラウドコンピューティング,デジタル・サービス,85,82,84,主力テーマ,B,official_site_supported,adjacent=cloud; growth=develops/development; official=クラウド/クラウドサービス; count=5; pos=0.21,クラウド | クラウドサービス,5,0.2135,https://www.ditgroup.jp,EQUITY,Technology,Information Technology Services,https://www.ditgroup.jp
3,3916,Digital Information Technologies Corporation,サイバーセキュリティ,防衛・国土強靱化,8,5,7,ノイズ候補,C,needs_review,事業概要に直接根拠を確認できず,,0,,https://www.ditgroup.jp,EQUITY,Technology,Information Technology Services,https://www.ditgroup.jp
3,3916,Digital Information Technologies Corporation,デジタルトランスフォーメーション,デジタル・サービス,90,82,88,主力テーマ,A,official_site_supported,事業概要に直接根拠を確認できず; official=DX; count=5; pos=0.01,DX,5,0.0115,https://www.ditgroup.jp,EQUITY,Technology,Information Technology Services,https://www.ditgroup.jp
3,3916,Digital Information Technologies Corporation,フィンテック,金融・金利,8,5,7,ノイズ候補,C,needs_review,事業概要に直接根拠を確認できず,,0,,https://www.ditgroup.jp,EQUITY,Technology,Information Technology Services,https://www.ditgroup.jp
3,3916,Digital Information Technologies Corporation,人工知能,AI・半導体,92,90,91,主力テーマ,A,official_site_supported,事業概要に直接根拠を確認できず; official=AI; count=12; pos=0.01,AI,12,0.0105,https://www.ditgroup.jp,EQUITY,Technology,Information Technology Services,https://www.ditgroup.jp
3,3916,Digital Information Technologies Corporation,自動運転車,自動車・モビリティ,72,68,71,有力関連,B,needs_review,事業概要に直接根拠を確認できず; official=自動運転; count=1; pos=0.37,自動運転,1,0.3669,https://www.ditgroup.jp,EQUITY,Technology,Information Technology Services,https://www.ditgroup.jp
3,3917,"iRidge, Inc.",IT関連,デジタル・サービス,90,96,92,主力テーマ,A,ok,industry=Software - Application; adjacent=software; growth=develops/development; official=IT; count=31; pos=0.01,IT,31,0.0084,https://iridge.jp | https://iridge.jp/service/ | https://iridge.jp/content,EQUITY,Technology,Software - Application,https://iridge.jp
3,3917,"iRidge, Inc.",SaaS,デジタル・サービス,90,82,88,主力テーマ,A,ok,industry=Software - Application,,0,,https://iridge.jp | https://iridge.jp/service/ | https://iridge.jp/content,EQUITY,Technology,Software - Application,https://iridge.jp
3,3917,"iRidge, Inc.",キャッシュレス決済,金融・金利,85,91,87,主力テーマ,A,official_site_supported,事業概要に直接根拠を確認できず; official=キャッシュレス; count=3; pos=0.54,キャッシュレス,3,0.5419,https://iridge.jp | https://iridge.jp/service/ | https://iridge.jp/content,EQUITY,Technology,Software - Application,https://iridge.jp
3,3917,"iRidge, Inc.",データ分析・解析,AI・半導体,8,5,7,ノイズ候補,C,needs_review,事業概要に直接根拠を確認できず,,0,,https://iridge.jp | https://iridge.jp/service/ | https://iridge.jp/content,EQUITY,Technology,Software - Application,https://iridge.jp
3,3917,"iRidge, Inc.",フィンテック,金融・金利,92,98,94,主力テーマ,A,ok,direct=fintech; position=0.06; growth=develops/development,,0,,https://iridge.jp | https://iridge.jp/service/ | https://iridge.jp/content,EQUITY,Technology,Software - Application,https://iridge.jp
3,3918,"PCI Holdings, Inc.",IT関連,デジタル・サービス,94,98,95,主力テーマ,A,ok,industry=Information Technology Services; direct=information technology/information systems; position=0.40; growth=develops/development; official=IT; count=14; pos=0.01,IT,14,0.0145,https://www.pci-h.co.jp | https://www.pci-h.co.jp/company/about.html | https://www.pci-h.co.jp/company/outline.html,EQUITY,Technology,Information Technology Services,https://www.pci-h.co.jp
3,3918,"PCI Holdings, Inc.",IoT,設備投資・機械,72,68,71,有力関連,B,needs_review,事業概要に直接根拠を確認できず; official=IoT; count=1; pos=0.38,IoT,1,0.3802,https://www.pci-h.co.jp | https://www.pci-h.co.jp/company/about.html | https://www.pci-h.co.jp/company/outline.html,EQUITY,Technology,Information Technology Services,https://www.pci-h.co.jp
3,3918,"PCI Holdings, Inc.",サイバーセキュリティ,防衛・国土強靱化,8,5,7,ノイズ候補,C,needs_review,事業概要に直接根拠を確認できず,,0,,https://www.pci-h.co.jp | https://www.pci-h.co.jp/company/about.html | https://www.pci-h.co.jp/company/outline.html,EQUITY,Technology,Information Technology Services,https://www.pci-h.co.jp
3,3918,"PCI Holdings, Inc.",デジタルトランスフォーメーション,デジタル・サービス,90,68,83,主力テーマ,B,official_site_supported,adjacent=cloud service; growth=develops/development; official=DX; count=2; pos=0.14,DX,2,0.1429,https://www.pci-h.co.jp | https://www.pci-h.co.jp/company/about.html | https://www.pci-h.co.jp/company/outline.html,EQUITY,Technology,Information Technology Services,https://www.pci-h.co.jp
3,3918,"PCI Holdings, Inc.",マイナンバー,デジタル・サービス,8,5,7,ノイズ候補,C,needs_review,事業概要に直接根拠を確認できず,,0,,https://www.pci-h.co.jp | https://www.pci-h.co.jp/company/about.html | https://www.pci-h.co.jp/company/outline.html,EQUITY,Technology,Information Technology Services,https://www.pci-h.co.jp
3,3918,"PCI Holdings, Inc.",人工知能,AI・半導体,92,90,91,主力テーマ,A,official_site_supported,事業概要に直接根拠を確認できず; official=AI; count=14; pos=0.01,AI,14,0.0137,https://www.pci-h.co.jp | https://www.pci-h.co.jp/company/about.html | https://www.pci-h.co.jp/company/outline.html,EQUITY,Technology,Information Technology Services,https://www.pci-h.co.jp
3,3918,"PCI Holdings, Inc.",半導体,AI・半導体,72,68,71,有力関連,B,qa_borderline,direct=semiconductor; position=0.54; growth=develops/development; official=半導体; count=1; pos=0.40,半導体,1,0.4042,https://www.pci-h.co.jp | https://www.pci-h.co.jp/company/about.html | https://www.pci-h.co.jp/company/outline.html,EQUITY,Technology,Information Technology Services,https://www.pci-h.co.jp
3,3918,"PCI Holdings, Inc.",自動運転車,自動車・モビリティ,8,5,7,ノイズ候補,C,needs_review,事業概要に直接根拠を確認できず,,0,,https://www.pci-h.co.jp | https://www.pci-h.co.jp/company/about.html | https://www.pci-h.co.jp/company/outline.html,EQUITY,Technology,Information Technology Services,https://www.pci-h.co.jp
3,391A,,マンション関連,不動産・建設,8,5,7,ノイズ候補,C,needs_official_ir,事業概要に直接根拠を確認できず,,0,,,,,,
3,391A,,不動産関連,不動産・建設,8,5,7,ノイズ候補,C,needs_official_ir,事業概要に直接根拠を確認できず,,0,,,,,,
3,3920,"Internetworking and Broadband Consulting Co.,Ltd.",IT関連,デジタル・サービス,94,96,95,主力テーマ,A,ok,industry=Information Technology Services; direct=information technology; growth=development; official=IT; count=197; pos=0.00,IT,197,0.0000,https://www.ibc21.co.jp | https://www.ibc21.co.jp/company/ | https://www.ibc21.co.jp/en/company_en/,EQUITY,Technology,Information Technology Services,https://www.ibc21.co.jp
3,3920,"Internetworking and Broadband Consulting Co.,Ltd.",IoT,設備投資・機械,92,98,94,主力テーマ,A,ok,direct= iot; position=0.39; growth=development; official=IoT; count=9; pos=0.14,IoT,9,0.1409,https://www.ibc21.co.jp | https://www.ibc21.co.jp/company/ | https://www.ibc21.co.jp/en/company_en/,EQUITY,Technology,Information Technology Services,https://www.ibc21.co.jp
3,3920,"Internetworking and Broadband Consulting Co.,Ltd.",クラウドコンピューティング,デジタル・サービス,92,98,94,主力テーマ,A,official_site_supported,事業概要に直接根拠を確認できず; official=クラウド/クラウドサービス; count=25; pos=0.05,クラウド | クラウドサービス,25,0.0513,https://www.ibc21.co.jp | https://www.ibc21.co.jp/company/ | https://www.ibc21.co.jp/en/company_en/,EQUITY,Technology,Information Technology Services,https://www.ibc21.co.jp
3,3920,"Internetworking and Broadband Consulting Co.,Ltd.",データ分析・解析,AI・半導体,8,5,7,ノイズ候補,C,needs_review,事業概要に直接根拠を確認できず,,0,,https://www.ibc21.co.jp | https://www.ibc21.co.jp/company/ | https://www.ibc21.co.jp/en/company_en/,EQUITY,Technology,Information Technology Services,https://www.ibc21.co.jp
3,3920,"Internetworking and Broadband Consulting Co.,Ltd.",フィンテック,金融・金利,8,5,7,ノイズ候補,C,needs_review,事業概要に直接根拠を確認できず,,0,,https://www.ibc21.co.jp | https://www.ibc21.co.jp/company/ | https://www.ibc21.co.jp/en/company_en/,EQUITY,Technology,Information Technology Services,https://www.ibc21.co.jp
3,3921,NEOJAPAN Inc.,IT関連,デジタル・サービス,90,92,91,主力テーマ,A,ok,industry=Software - Application; adjacent=software; growth=development; official=IT; count=11; pos=0.01,IT,11,0.0143,https://www.neo.co.jp | https://www.neo.co.jp/news/20260904/ | https://www.neo.co.jp/news/20260903/,EQUITY,Technology,Software - Application,https://www.neo.co.jp
3,3921,NEOJAPAN Inc.,クラウドコンピューティング,デジタル・サービス,92,90,91,主力テーマ,A,official_site_supported,adjacent=cloud; growth=development; official=クラウド/クラウドサービス; count=30; pos=0.10,クラウド | クラウドサービス,30,0.0958,https://www.neo.co.jp | https://www.neo.co.jp/news/20260904/ | https://www.neo.co.jp/news/20260903/,EQUITY,Technology,Software - Application,https://www.neo.co.jp
3,3921,NEOJAPAN Inc.,デジタルトランスフォーメーション,デジタル・サービス,92,90,91,主力テーマ,A,official_site_supported,事業概要に直接根拠を確認できず; official=DX; count=12; pos=0.08,DX,12,0.0752,https://www.neo.co.jp | https://www.neo.co.jp/news/20260904/ | https://www.neo.co.jp/news/20260903/,EQUITY,Technology,Software - Application,https://www.neo.co.jp
3,3921,NEOJAPAN Inc.,データベース,デジタル・サービス,8,5,7,ノイズ候補,C,needs_review,事業概要に直接根拠を確認できず,,0,,https://www.neo.co.jp | https://www.neo.co.jp/news/20260904/ | https://www.neo.co.jp/news/20260903/,EQUITY,Technology,Software - Application,https://www.neo.co.jp
