batch,stock_code,long_name,theme_name,cluster,current_business_score,growth_relevance_score,relevance_score,band,confidence,review_flag,evidence,official_hits,official_hit_count,official_position,official_urls,quote_type,sector,industry,website
7,6193,"Virtualex Holdings, Inc.",AIエージェント,AI・半導体,8,5,7,ノイズ候補,C,needs_review,事業概要に直接根拠を確認できず,,0,,https://www.vx-holdings.com,EQUITY,Technology,Information Technology Services,https://www.vx-holdings.com
7,6193,"Virtualex Holdings, Inc.",IT関連,デジタル・サービス,94,98,95,主力テーマ,A,qa_peripheral,industry=Information Technology Services; direct=information technology/software development; position=0.50; growth=development/research; official=IT; count=1; pos=0.41,IT,1,0.4095,https://www.vx-holdings.com,EQUITY,Technology,Information Technology Services,https://www.vx-holdings.com
7,6193,"Virtualex Holdings, Inc.",サブスクリプション,デジタル・サービス,8,5,7,ノイズ候補,C,needs_review,事業概要に直接根拠を確認できず,,0,,https://www.vx-holdings.com,EQUITY,Technology,Information Technology Services,https://www.vx-holdings.com
7,6193,"Virtualex Holdings, Inc.",デジタルトランスフォーメーション,デジタル・サービス,85,82,84,主力テーマ,B,official_site_supported,事業概要に直接根拠を確認できず; official=DX; count=4; pos=0.25,DX,4,0.2528,https://www.vx-holdings.com,EQUITY,Technology,Information Technology Services,https://www.vx-holdings.com
7,6193,"Virtualex Holdings, Inc.",人工知能,AI・半導体,92,90,91,主力テーマ,A,official_site_supported,事業概要に直接根拠を確認できず; official=AI; count=6; pos=0.25,AI,6,0.2517,https://www.vx-holdings.com,EQUITY,Technology,Information Technology Services,https://www.vx-holdings.com
7,6193,"Virtualex Holdings, Inc.",教育ICT,デジタル・サービス,8,5,7,ノイズ候補,C,needs_review,事業概要に直接根拠を確認できず,,0,,https://www.vx-holdings.com,EQUITY,Technology,Information Technology Services,https://www.vx-holdings.com
7,6193,"Virtualex Holdings, Inc.",生成AI,AI・半導体,8,5,7,ノイズ候補,C,needs_review,事業概要に直接根拠を確認できず,,0,,https://www.vx-holdings.com,EQUITY,Technology,Information Technology Services,https://www.vx-holdings.com
7,6194,"Atrae, Inc.",IT関連,デジタル・サービス,8,5,7,ノイズ候補,C,needs_review,事業概要に直接根拠を確認できず,,0,,https://atrae.co.jp,EQUITY,Industrials,Staffing & Employment Services,https://atrae.co.jp
7,6194,"Atrae, Inc.",人工知能,AI・半導体,66,66,66,有力関連,B,qa_borderline,direct=artificial intelligence; position=0.65; growth=develops,,0,,https://atrae.co.jp,EQUITY,Industrials,Staffing & Employment Services,https://atrae.co.jp
7,6198,"CAREER CO., LTD.",介護関連,医療・ヘルスケア,92,90,91,主力テーマ,A,official_site_supported,adjacent=care services; official=介護; count=15; pos=0.08,介護,15,0.0790,https://careergift.co.jp | https://careergift.co.jp/company/business | https://careergift.co.jp/company/profile,EQUITY,Industrials,Staffing & Employment Services,https://careergift.co.jp
7,6199,"SERAKU Co., Ltd.",IT関連,デジタル・サービス,94,96,95,主力テーマ,A,qa_peripheral,industry=Information Technology Services; direct=information technology/system integration; position=0.55; growth=development; official=IT; count=80; pos=0.00,IT,80,0.0002,https://www.seraku.co.jp | https://www.seraku.co.jp/service/ | https://www.seraku.co.jp/pr-site/newtonx/,EQUITY,Technology,Information Technology Services,https://www.seraku.co.jp
7,6199,"SERAKU Co., Ltd.",IoT,設備投資・機械,92,90,91,主力テーマ,A,ok,direct= iot; position=0.20; growth=development; official=IoT; count=20; pos=0.01,IoT,20,0.0116,https://www.seraku.co.jp | https://www.seraku.co.jp/service/ | https://www.seraku.co.jp/pr-site/newtonx/,EQUITY,Technology,Information Technology Services,https://www.seraku.co.jp
7,6199,"SERAKU Co., Ltd.",クラウドコンピューティング,デジタル・サービス,92,90,91,主力テーマ,A,ok,direct=cloud service; position=0.49; growth=development; official=クラウド/クラウドサービス; count=49; pos=0.01,クラウド | クラウドサービス,49,0.0054,https://www.seraku.co.jp | https://www.seraku.co.jp/service/ | https://www.seraku.co.jp/pr-site/newtonx/,EQUITY,Technology,Information Technology Services,https://www.seraku.co.jp
7,6199,"SERAKU Co., Ltd.",サイバーセキュリティ,防衛・国土強靱化,92,94,93,主力テーマ,A,ok,direct=cybersecurity; position=0.14; growth=development; official=サイバーセキュリティ/情報セキュリティ; count=6; pos=0.01,サイバーセキュリティ | 情報セキュリティ,6,0.0058,https://www.seraku.co.jp | https://www.seraku.co.jp/service/ | https://www.seraku.co.jp/pr-site/newtonx/,EQUITY,Technology,Information Technology Services,https://www.seraku.co.jp
7,6199,"SERAKU Co., Ltd.",デジタルトランスフォーメーション,デジタル・サービス,92,94,93,主力テーマ,A,ok,direct=digital transformation; position=0.07; growth=development; official=DX; count=1; pos=0.06,DX,1,0.0601,https://www.seraku.co.jp | https://www.seraku.co.jp/service/ | https://www.seraku.co.jp/pr-site/newtonx/,EQUITY,Technology,Information Technology Services,https://www.seraku.co.jp
7,6199,"SERAKU Co., Ltd.",人工知能,AI・半導体,92,90,91,主力テーマ,A,ok,direct= ai ; position=0.22; growth=development; official=AI/機械学習; count=32; pos=0.00,AI | 機械学習,32,0.0021,https://www.seraku.co.jp | https://www.seraku.co.jp/service/ | https://www.seraku.co.jp/pr-site/newtonx/,EQUITY,Technology,Information Technology Services,https://www.seraku.co.jp
7,619A,,ホテル,内需・消費,8,5,7,ノイズ候補,C,needs_official_ir,事業概要に直接根拠を確認できず,,0,,,NONE,,,
7,6200,"Insource Co., Ltd.",サブスクリプション,デジタル・サービス,72,78,74,有力関連,B,needs_review,事業概要に直接根拠を確認できず; official=月額; count=2; pos=0.21,月額,2,0.2141,https://www.insource.co.jp,EQUITY,Consumer Defensive,Education & Training Services,https://www.insource.co.jp
7,6200,"Insource Co., Ltd.",デジタルトランスフォーメーション,デジタル・サービス,92,98,94,主力テーマ,A,official_site_supported,direct= dx ; position=0.66; official=DX/ＤＸ; count=12; pos=0.00,DX | ＤＸ,12,0.0039,https://www.insource.co.jp,EQUITY,Consumer Defensive,Education & Training Services,https://www.insource.co.jp
7,6203,"Howa Machinery, Ltd.",工作機械,設備投資・機械,97,100,98,主力テーマ,A,ok,direct=machine tool/machining center; position=0.05; official=工作機械/マシニングセンタ; count=9; pos=0.01,工作機械 | マシニングセンタ,9,0.0066,https://www.howa.co.jp | https://www.howa.co.jp/corporate/about.html | https://www.howa.co.jp/products/machine_tool/,EQUITY,Industrials,Specialty Industrial Machinery,https://www.howa.co.jp
7,6203,"Howa Machinery, Ltd.",機械,設備投資・機械,82,74,80,主力テーマ,B,ok,direct=industrial machinery; official=機械; count=17; pos=0.01,機械,17,0.0067,https://www.howa.co.jp | https://www.howa.co.jp/corporate/about.html | https://www.howa.co.jp/products/machine_tool/,EQUITY,Industrials,Specialty Industrial Machinery,https://www.howa.co.jp
7,6203,"Howa Machinery, Ltd.",防衛,防衛・国土強靱化,90,96,92,主力テーマ,A,official_site_supported,事業概要に直接根拠を確認できず; official=防衛; count=3; pos=0.03,防衛,3,0.0313,https://www.howa.co.jp | https://www.howa.co.jp/corporate/about.html | https://www.howa.co.jp/products/machine_tool/,EQUITY,Industrials,Specialty Industrial Machinery,https://www.howa.co.jp
7,6208,"Ishikawa Seisakusho, Ltd.",半導体製造装置,AI・半導体,8,5,7,ノイズ候補,C,needs_review,事業概要に直接根拠を確認できず,,0,,https://www.ishiss.co.jp,EQUITY,Industrials,Specialty Industrial Machinery,https://www.ishiss.co.jp
7,6208,"Ishikawa Seisakusho, Ltd.",機械,設備投資・機械,82,74,80,主力テーマ,B,ok,direct=industrial machinery,,0,,https://www.ishiss.co.jp,EQUITY,Industrials,Specialty Industrial Machinery,https://www.ishiss.co.jp
7,6208,"Ishikawa Seisakusho, Ltd.",防衛,防衛・国土強靱化,66,56,63,有力関連,B,qa_borderline,direct=defense equipment; position=0.51,,0,,https://www.ishiss.co.jp,EQUITY,Industrials,Specialty Industrial Machinery,https://www.ishiss.co.jp
7,6209,NPR-Riken Corporation,半導体製造装置,AI・半導体,8,5,7,ノイズ候補,C,needs_review,事業概要に直接根拠を確認できず,,0,,https://www.npr-riken.co.jp,EQUITY,Consumer Cyclical,Auto Parts,https://www.npr-riken.co.jp
7,6209,NPR-Riken Corporation,自動車部材・部品,自動車・モビリティ,82,88,84,主力テーマ,B,ok,direct=auto parts; official=自動車部品; count=1; pos=0.65,自動車部品,1,0.6538,https://www.npr-riken.co.jp,EQUITY,Consumer Cyclical,Auto Parts,https://www.npr-riken.co.jp
7,6217,Tsudakoma Corp.,円安メリット,内需・消費,8,5,7,ノイズ候補,C,needs_review_macro,事業概要に直接根拠を確認できず,,0,,https://www.tsudakoma.co.jp,EQUITY,Industrials,Specialty Industrial Machinery,https://www.tsudakoma.co.jp
7,6217,Tsudakoma Corp.,工作機械,設備投資・機械,92,90,91,主力テーマ,A,ok,direct=machine tool; position=0.05; official=工作機械; count=7; pos=0.16,工作機械,7,0.1644,https://www.tsudakoma.co.jp,EQUITY,Industrials,Specialty Industrial Machinery,https://www.tsudakoma.co.jp
7,6217,Tsudakoma Corp.,空飛ぶクルマ,自動車・モビリティ,8,5,7,ノイズ候補,C,needs_review,事業概要に直接根拠を確認できず,,0,,https://www.tsudakoma.co.jp,EQUITY,Industrials,Specialty Industrial Machinery,https://www.tsudakoma.co.jp
7,6218,ENSHU Limited,工作機械,設備投資・機械,97,89,95,主力テーマ,A,ok,direct=machine tool/machining center; position=0.06,,0,,https://www.enshu.co.jp,EQUITY,Industrials,Specialty Industrial Machinery,https://www.enshu.co.jp
7,6218,ENSHU Limited,機械,設備投資・機械,82,74,80,主力テーマ,B,ok,direct=industrial machinery,,0,,https://www.enshu.co.jp,EQUITY,Industrials,Specialty Industrial Machinery,https://www.enshu.co.jp
7,6218,ENSHU Limited,自動車製造装置,自動車・モビリティ,42,30,38,ノイズ候補,C,needs_review,adjacent=production line,,0,,https://www.enshu.co.jp,EQUITY,Industrials,Specialty Industrial Machinery,https://www.enshu.co.jp
7,6218,ENSHU Limited,自動車部材・部品,自動車・モビリティ,42,30,38,ノイズ候補,C,needs_review,adjacent=vehicle,,0,,https://www.enshu.co.jp,EQUITY,Industrials,Specialty Industrial Machinery,https://www.enshu.co.jp
7,621A,,サブスクリプション,デジタル・サービス,8,5,7,ノイズ候補,C,needs_official_ir,事業概要に直接根拠を確認できず,,0,,,NONE,,,
7,6222,"Shima Seiki Mfg.,Ltd.",サブスクリプション,デジタル・サービス,86,88,87,主力テーマ,A,ok,direct=subscription service; position=0.38; growth=develops,,0,,https://www.shimaseiki.com | https://www.shimaseiki.com/product/ | https://www.shimaseiki.com/product/category/,EQUITY,Industrials,Specialty Industrial Machinery,https://www.shimaseiki.com
7,6222,"Shima Seiki Mfg.,Ltd.",円安メリット,内需・消費,8,5,7,ノイズ候補,C,needs_review_macro,事業概要に直接根拠を確認できず,,0,,https://www.shimaseiki.com | https://www.shimaseiki.com/product/ | https://www.shimaseiki.com/product/category/,EQUITY,Industrials,Specialty Industrial Machinery,https://www.shimaseiki.com
7,6222,"Shima Seiki Mfg.,Ltd.",機械,設備投資・機械,82,84,83,主力テーマ,B,ok,direct=industrial machinery; growth=develops,,0,,https://www.shimaseiki.com | https://www.shimaseiki.com/product/ | https://www.shimaseiki.com/product/category/,EQUITY,Industrials,Specialty Industrial Machinery,https://www.shimaseiki.com
7,6223,"Seibu Giken Co.,Ltd.",機械,設備投資・機械,82,84,83,主力テーマ,B,ok,direct=industrial machinery; growth=research,,0,,https://seibu-giken.com | https://seibu-giken.com/about/outline/ | https://seibu-giken.com/products/,EQUITY,Industrials,Specialty Industrial Machinery,https://seibu-giken.com
7,6224,"JRC Co.,Ltd.",ロボット,AI・半導体,92,94,93,主力テーマ,A,ok,direct=robot; position=0.13; growth=research; official=ロボット; count=8; pos=0.09,ロボット,8,0.0851,https://www.jrcnet.co.jp,EQUITY,Industrials,Specialty Industrial Machinery,https://www.jrcnet.co.jp
7,6224,"JRC Co.,Ltd.",機械,設備投資・機械,82,84,83,主力テーマ,B,ok,direct=industrial machinery; growth=research,,0,,https://www.jrcnet.co.jp,EQUITY,Industrials,Specialty Industrial Machinery,https://www.jrcnet.co.jp
7,6224,"JRC Co.,Ltd.",物流,物流・海運,8,5,7,ノイズ候補,C,needs_review,事業概要に直接根拠を確認できず,,0,,https://www.jrcnet.co.jp,EQUITY,Industrials,Specialty Industrial Machinery,https://www.jrcnet.co.jp
7,6224,"JRC Co.,Ltd.",設備投資,設備投資・機械,82,84,83,主力テーマ,B,ok,direct=industrial machinery; growth=research,,0,,https://www.jrcnet.co.jp,EQUITY,Industrials,Specialty Industrial Machinery,https://www.jrcnet.co.jp
7,6225,,機械,設備投資・機械,8,5,7,ノイズ候補,C,needs_official_ir,事業概要に直接根拠を確認できず,,0,,,,,,
7,6225,,省エネ関連,GX・エネルギー,8,5,7,ノイズ候補,C,needs_official_ir,事業概要に直接根拠を確認できず,,0,,,,,,
7,6225,,設備投資,設備投資・機械,8,5,7,ノイズ候補,C,needs_official_ir,事業概要に直接根拠を確認できず,,0,,,,,,
7,6226,"Moriya Transportation Engineering and Manufacturing Co.,Ltd.",倉庫,物流・海運,42,30,38,ノイズ候補,C,needs_review,adjacent=warehouse,,0,,https://moriya-elevator.co.jp | https://moriya-elevator.co.jp/company/ | https://moriya-elevator.co.jp/company/profile/,EQUITY,Industrials,Engineering & Construction,https://moriya-elevator.co.jp
7,6226,"Moriya Transportation Engineering and Manufacturing Co.,Ltd.",機械,設備投資・機械,42,30,38,ノイズ候補,C,needs_review,adjacent=machine; official=機械; count=1; pos=0.79,機械,1,0.7905,https://moriya-elevator.co.jp | https://moriya-elevator.co.jp/company/ | https://moriya-elevator.co.jp/company/profile/,EQUITY,Industrials,Engineering & Construction,https://moriya-elevator.co.jp
7,6226,"Moriya Transportation Engineering and Manufacturing Co.,Ltd.",物流,物流・海運,8,5,7,ノイズ候補,C,needs_review,事業概要に直接根拠を確認できず; official=物流; count=1; pos=0.12,物流,1,0.1233,https://moriya-elevator.co.jp | https://moriya-elevator.co.jp/company/ | https://moriya-elevator.co.jp/company/profile/,EQUITY,Industrials,Engineering & Construction,https://moriya-elevator.co.jp
7,6227,"AIMECHATEC, Ltd.",半導体,AI・半導体,92,98,94,主力テーマ,A,ok,direct=semiconductor; position=0.19; growth=develops/development; official=半導体; count=19; pos=0.02,半導体,19,0.0204,https://www.ai-mech.com | https://www.ai-mech.com/wp_company/about/ | https://www.ai-mech.com/newproducts/,EQUITY,Technology,Electronic Components,https://www.ai-mech.com
7,6227,"AIMECHATEC, Ltd.",半導体製造装置,AI・半導体,72,68,71,有力関連,B,needs_review,adjacent=semiconductor; growth=develops/development; official=半導体製造装置; count=1; pos=0.26,半導体製造装置,1,0.2590,https://www.ai-mech.com | https://www.ai-mech.com/wp_company/about/ | https://www.ai-mech.com/newproducts/,EQUITY,Technology,Electronic Components,https://www.ai-mech.com
7,6227,"AIMECHATEC, Ltd.",機械,設備投資・機械,42,44,43,補助関連,C,needs_review,adjacent=equipment; growth=develops/development,,0,,https://www.ai-mech.com | https://www.ai-mech.com/wp_company/about/ | https://www.ai-mech.com/newproducts/,EQUITY,Technology,Electronic Components,https://www.ai-mech.com
7,6228,"J.E.T. Co., Ltd.",半導体,AI・半導体,94,96,95,主力テーマ,A,ok,industry=Semiconductor Equipment & Materials; direct=semiconductor; position=0.19; growth=development; official=半導体; count=16; pos=0.00,半導体,16,0.0041,https://www.globaljet.jp | https://www.globaljet.jp/company/ | https://www.globaljet.jp/service/,EQUITY,Technology,Semiconductor Equipment & Materials,https://www.globaljet.jp
7,6228,"J.E.T. Co., Ltd.",半導体製造装置,AI・半導体,94,96,95,主力テーマ,A,ok,industry=Semiconductor Equipment & Materials; direct=semiconductor equipment; growth=development,,0,,https://www.globaljet.jp | https://www.globaljet.jp/company/ | https://www.globaljet.jp/service/,EQUITY,Technology,Semiconductor Equipment & Materials,https://www.globaljet.jp
7,6228,"J.E.T. Co., Ltd.",機械,設備投資・機械,42,40,41,補助関連,C,needs_review,adjacent=equipment; growth=development,,0,,https://www.globaljet.jp | https://www.globaljet.jp/company/ | https://www.globaljet.jp/service/,EQUITY,Technology,Semiconductor Equipment & Materials,https://www.globaljet.jp
7,6229,Okumura Engineering corp.,アンモニア,GX・エネルギー,8,5,7,ノイズ候補,C,needs_review,事業概要に直接根拠を確認できず,,0,,https://okm-net.jp/index.php,EQUITY,Industrials,Specialty Industrial Machinery,https://okm-net.jp/index.php
7,6229,Okumura Engineering corp.,水素,GX・エネルギー,8,5,7,ノイズ候補,C,needs_review,事業概要に直接根拠を確認できず,,0,,https://okm-net.jp/index.php,EQUITY,Industrials,Specialty Industrial Machinery,https://okm-net.jp/index.php
7,6229,Okumura Engineering corp.,脱炭素,GX・エネルギー,8,5,7,ノイズ候補,C,needs_review,事業概要に直接根拠を確認できず,,0,,https://okm-net.jp/index.php,EQUITY,Industrials,Specialty Industrial Machinery,https://okm-net.jp/index.php
7,622A,,IT関連,デジタル・サービス,8,5,7,ノイズ候補,C,needs_official_ir,事業概要に直接根拠を確認できず,,0,,,NONE,,,
7,622A,,SaaS,デジタル・サービス,8,5,7,ノイズ候補,C,needs_official_ir,事業概要に直接根拠を確認できず,,0,,,NONE,,,
7,622A,,サブスクリプション,デジタル・サービス,8,5,7,ノイズ候補,C,needs_official_ir,事業概要に直接根拠を確認できず,,0,,,NONE,,,
7,6230,Sanei Ltd.,IoT,設備投資・機械,8,5,7,ノイズ候補,C,needs_review,事業概要に直接根拠を確認できず,,0,,https://www.sanei.ltd | https://www.sanei.ltd/company/ | https://www.sanei.ltd/support/miraieco2026/,EQUITY,Industrials,Building Products & Equipment,https://www.sanei.ltd
7,6230,Sanei Ltd.,水道関連,防衛・国土強靱化,8,5,7,ノイズ候補,C,needs_review,事業概要に直接根拠を確認できず,,0,,https://www.sanei.ltd | https://www.sanei.ltd/company/ | https://www.sanei.ltd/support/miraieco2026/,EQUITY,Industrials,Building Products & Equipment,https://www.sanei.ltd
7,6231,"KIMURA KOHKI Co.,Ltd.",データセンター,データセンター・電力,8,5,7,ノイズ候補,C,needs_review,事業概要に直接根拠を確認できず,,0,,https://www.kimukoh.co.jp | https://www.kimukoh.co.jp/products/ | https://www.kimukoh.co.jp/about_us/office/,EQUITY,Industrials,Electrical Equipment & Parts,https://www.kimukoh.co.jp
7,6231,"KIMURA KOHKI Co.,Ltd.",機械,設備投資・機械,42,40,41,補助関連,C,needs_review,adjacent=equipment; growth=expansion; official=機械; count=1; pos=0.25,機械,1,0.2461,https://www.kimukoh.co.jp | https://www.kimukoh.co.jp/products/ | https://www.kimukoh.co.jp/about_us/office/,EQUITY,Industrials,Electrical Equipment & Parts,https://www.kimukoh.co.jp
7,6232,ACSL Ltd.,IoT,設備投資・機械,8,5,7,ノイズ候補,C,needs_review,事業概要に直接根拠を確認できず,,0,,https://www.acsl.co.jp,EQUITY,Technology,Computer Hardware,https://www.acsl.co.jp
7,6232,ACSL Ltd.,サブスクリプション,デジタル・サービス,8,5,7,ノイズ候補,C,needs_review,事業概要に直接根拠を確認できず,,0,,https://www.acsl.co.jp,EQUITY,Technology,Computer Hardware,https://www.acsl.co.jp
7,6232,ACSL Ltd.,ドローン,防衛・国土強靱化,92,84,90,主力テーマ,A,ok,direct=drone; position=0.08; official=ドローン; count=1; pos=0.01,ドローン,1,0.0115,https://www.acsl.co.jp,EQUITY,Technology,Computer Hardware,https://www.acsl.co.jp
7,6232,ACSL Ltd.,人工知能,AI・半導体,8,5,7,ノイズ候補,C,needs_review,事業概要に直接根拠を確認できず,,0,,https://www.acsl.co.jp,EQUITY,Technology,Computer Hardware,https://www.acsl.co.jp
7,6232,ACSL Ltd.,宇宙開発関連,防衛・国土強靱化,8,5,7,ノイズ候補,C,needs_review,事業概要に直接根拠を確認できず,,0,,https://www.acsl.co.jp,EQUITY,Technology,Computer Hardware,https://www.acsl.co.jp
7,6232,ACSL Ltd.,空飛ぶクルマ,自動車・モビリティ,8,5,7,ノイズ候補,C,needs_review,事業概要に直接根拠を確認できず,,0,,https://www.acsl.co.jp,EQUITY,Technology,Computer Hardware,https://www.acsl.co.jp
7,6232,ACSL Ltd.,防衛,防衛・国土強靱化,8,5,7,ノイズ候補,C,needs_review,事業概要に直接根拠を確認できず,,0,,https://www.acsl.co.jp,EQUITY,Technology,Computer Hardware,https://www.acsl.co.jp
7,6233,KLASS Corporation,FA関連,設備投資・機械,72,68,71,有力関連,B,needs_review,adjacent=automation/manufacturing system; growth=develops; official=FA; count=1; pos=0.61,FA,1,0.6075,https://www.klass-corp.co.jp | https://www.klass-corp.co.jp/services | https://www.klass-corp.co.jp/products,EQUITY,Industrials,Specialty Industrial Machinery,https://www.klass-corp.co.jp
7,6233,KLASS Corporation,ロボット,AI・半導体,72,68,71,有力関連,B,needs_review,adjacent=automation; growth=develops; official=ロボット; count=2; pos=0.62,ロボット,2,0.6195,https://www.klass-corp.co.jp | https://www.klass-corp.co.jp/services | https://www.klass-corp.co.jp/products,EQUITY,Industrials,Specialty Industrial Machinery,https://www.klass-corp.co.jp
7,6233,KLASS Corporation,住宅関連,不動産・建設,58,54,57,補助関連,C,needs_review,adjacent=residential; growth=develops; official=住宅; count=4; pos=0.18,住宅,4,0.1751,https://www.klass-corp.co.jp | https://www.klass-corp.co.jp/services | https://www.klass-corp.co.jp/products,EQUITY,Industrials,Specialty Industrial Machinery,https://www.klass-corp.co.jp
7,6233,KLASS Corporation,機械,設備投資・機械,82,84,83,主力テーマ,B,ok,direct=industrial machinery; growth=develops; official=機械; count=2; pos=0.57,機械,2,0.5694,https://www.klass-corp.co.jp | https://www.klass-corp.co.jp/services | https://www.klass-corp.co.jp/products,EQUITY,Industrials,Specialty Industrial Machinery,https://www.klass-corp.co.jp
7,6233,KLASS Corporation,蓄電池,GX・エネルギー,42,40,41,補助関連,C,needs_review,adjacent=battery; growth=develops,,0,,https://www.klass-corp.co.jp | https://www.klass-corp.co.jp/services | https://www.klass-corp.co.jp/products,EQUITY,Industrials,Specialty Industrial Machinery,https://www.klass-corp.co.jp
7,6235,"Optorun Co.,Ltd.",データセンター,データセンター・電力,8,5,7,ノイズ候補,C,needs_review,事業概要に直接根拠を確認できず,,0,,https://www.optorun.co.jp | https://www.optorun.co.jp/company/ | https://www.optorun.co.jp/company/about.html,EQUITY,Industrials,Specialty Industrial Machinery,https://www.optorun.co.jp
7,6235,"Optorun Co.,Ltd.",医療機器,医療・ヘルスケア,8,5,7,ノイズ候補,C,needs_review,事業概要に直接根拠を確認できず,,0,,https://www.optorun.co.jp | https://www.optorun.co.jp/company/ | https://www.optorun.co.jp/company/about.html,EQUITY,Industrials,Specialty Industrial Machinery,https://www.optorun.co.jp
7,6235,"Optorun Co.,Ltd.",半導体,AI・半導体,90,68,83,主力テーマ,B,official_site_supported,direct=semiconductor; position=0.82; official=半導体; count=1; pos=0.15,半導体,1,0.1489,https://www.optorun.co.jp | https://www.optorun.co.jp/company/ | https://www.optorun.co.jp/company/about.html,EQUITY,Industrials,Specialty Industrial Machinery,https://www.optorun.co.jp
7,6235,"Optorun Co.,Ltd.",機械,設備投資・機械,82,74,80,主力テーマ,B,ok,direct=industrial machinery,,0,,https://www.optorun.co.jp | https://www.optorun.co.jp/company/ | https://www.optorun.co.jp/company/about.html,EQUITY,Industrials,Specialty Industrial Machinery,https://www.optorun.co.jp
7,6237,"Iwaki Co., Ltd.",サーバー冷却,データセンター・電力,8,5,7,ノイズ候補,C,needs_review,事業概要に直接根拠を確認できず,,0,,https://www.iwakipumps.jp | https://www.iwakipumps.jp/products/ | https://www.iwakipumps.jp/products/other-system/,EQUITY,Industrials,Specialty Industrial Machinery,https://www.iwakipumps.jp
7,6237,"Iwaki Co., Ltd.",データセンター,データセンター・電力,90,68,83,主力テーマ,B,official_site_supported,事業概要に直接根拠を確認できず; official=データセンター/データセンタ; count=2; pos=0.14,データセンター | データセンタ,2,0.1415,https://www.iwakipumps.jp | https://www.iwakipumps.jp/products/ | https://www.iwakipumps.jp/products/other-system/,EQUITY,Industrials,Specialty Industrial Machinery,https://www.iwakipumps.jp
7,6237,"Iwaki Co., Ltd.",医療機器,医療・ヘルスケア,92,90,91,主力テーマ,A,official_site_supported,事業概要に直接根拠を確認できず; official=医療機器; count=9; pos=0.05,医療機器,9,0.0467,https://www.iwakipumps.jp | https://www.iwakipumps.jp/products/ | https://www.iwakipumps.jp/products/other-system/,EQUITY,Industrials,Specialty Industrial Machinery,https://www.iwakipumps.jp
7,6237,"Iwaki Co., Ltd.",半導体製造装置,AI・半導体,8,5,7,ノイズ候補,C,needs_review,事業概要に直接根拠を確認できず,,0,,https://www.iwakipumps.jp | https://www.iwakipumps.jp/products/ | https://www.iwakipumps.jp/products/other-system/,EQUITY,Industrials,Specialty Industrial Machinery,https://www.iwakipumps.jp
7,6237,"Iwaki Co., Ltd.",機械,設備投資・機械,82,84,83,主力テーマ,B,ok,direct=industrial machinery; growth=development,,0,,https://www.iwakipumps.jp | https://www.iwakipumps.jp/products/ | https://www.iwakipumps.jp/products/other-system/,EQUITY,Industrials,Specialty Industrial Machinery,https://www.iwakipumps.jp
7,6239,Nagaoka International Corporation,機械,設備投資・機械,8,5,7,ノイズ候補,C,needs_review,事業概要に直接根拠を確認できず,,0,,https://www.nagaokajapan.co.jp | https://www.nagaokajapan.co.jp/company/overview/ | https://www.nagaokajapan.co.jp/energy/,EQUITY,Energy,Oil & Gas Refining & Marketing,https://www.nagaokajapan.co.jp
7,6239,Nagaoka International Corporation,水道関連,防衛・国土強靱化,92,98,94,主力テーマ,A,official_site_supported,direct=waterworks/water treatment; position=0.50; official=水道/上水道/水処理; count=21; pos=0.00,水道 | 上水道 | 水処理,21,0.0029,https://www.nagaokajapan.co.jp | https://www.nagaokajapan.co.jp/company/overview/ | https://www.nagaokajapan.co.jp/energy/,EQUITY,Energy,Oil & Gas Refining & Marketing,https://www.nagaokajapan.co.jp
7,623A,,マンション関連,不動産・建設,8,5,7,ノイズ候補,C,needs_official_ir,事業概要に直接根拠を確認できず,,0,,,NONE,,,
7,623A,,不動産ファンド,不動産・建設,8,5,7,ノイズ候補,C,needs_official_ir,事業概要に直接根拠を確認できず,,0,,,NONE,,,
7,623A,,不動産関連,不動産・建設,8,5,7,ノイズ候補,C,needs_official_ir,事業概要に直接根拠を確認できず,,0,,,NONE,,,
7,6240,Yamashin-Filter Corp.,建設機械,設備投資・機械,92,94,93,主力テーマ,A,ok,direct=construction machinery; position=0.10; growth=develops,,0,,https://www.yamashin-filter.co.jp | https://www.yamashin-filter.co.jp/ja/business.html | https://www.yamashin-filter.co.jp/ja/company.html,EQUITY,Industrials,Specialty Industrial Machinery,https://www.yamashin-filter.co.jp
7,6245,"HIRANO TECSEED Co.,Ltd.",機械,設備投資・機械,92,84,90,主力テーマ,A,ok,direct=industrial machinery; position=0.14,,0,,https://www.hirano-tec.co.jp,EQUITY,Industrials,Specialty Industrial Machinery,https://www.hirano-tec.co.jp
7,6245,"HIRANO TECSEED Co.,Ltd.",電気自動車関連,自動車・モビリティ,8,5,7,ノイズ候補,C,needs_review,事業概要に直接根拠を確認できず,,0,,https://www.hirano-tec.co.jp,EQUITY,Industrials,Specialty Industrial Machinery,https://www.hirano-tec.co.jp
7,6246,Techno Smart Corp.,機械,設備投資・機械,82,74,80,主力テーマ,B,ok,direct=industrial machinery; official=機械; count=5; pos=0.13,機械,5,0.1291,https://www.technosmart.co.jp | https://www.technosmart.co.jp/message | https://www.technosmart.co.jp/history,EQUITY,Industrials,Specialty Industrial Machinery,https://www.technosmart.co.jp
7,6247,"Hisaka Works, Ltd.",機械,設備投資・機械,92,94,93,主力テーマ,A,ok,direct=industrial machinery; position=0.03; growth=development,,0,,https://www.hisaka.co.jp,EQUITY,Industrials,Specialty Industrial Machinery,https://www.hisaka.co.jp
7,6248,"Yokota Manufacturing Co., Ltd.",機械,設備投資・機械,82,84,83,主力テーマ,B,ok,direct=industrial machinery; growth=develops,,0,,https://www.aquadevice.com | https://www.aquadevice.com/products/ | https://www.aquadevice.com/products/?p=tab2,EQUITY,Industrials,Specialty Industrial Machinery,https://www.aquadevice.com
7,6249,"Gamecard Holdings, Inc.",機械,設備投資・機械,46,44,45,補助関連,C,needs_review,adjacent=equipment/machine; growth=development,,0,,https://www.gc-holdings.co.jp | https://www.gc-holdings.co.jp/company/ | https://www.gc-holdings.co.jp/company/overview/,EQUITY,Industrials,Business Equipment & Supplies,https://www.gc-holdings.co.jp
7,624A,,デジタルトランスフォーメーション,デジタル・サービス,8,5,7,ノイズ候補,C,needs_official_ir,事業概要に直接根拠を確認できず,,0,,,,,,
7,6250,Yamabiko Corporation,ドローン,防衛・国土強靱化,8,5,7,ノイズ候補,C,needs_review,事業概要に直接根拠を確認できず,,0,,https://www.yamabiko-corp.co.jp,EQUITY,Industrials,Tools & Accessories,https://www.yamabiko-corp.co.jp
7,6250,Yamabiko Corporation,機械,設備投資・機械,92,84,90,主力テーマ,A,ok,direct=industrial machinery; position=0.20,,0,,https://www.yamabiko-corp.co.jp,EQUITY,Industrials,Tools & Accessories,https://www.yamabiko-corp.co.jp
7,6250,Yamabiko Corporation,水素,GX・エネルギー,8,5,7,ノイズ候補,C,needs_review,事業概要に直接根拠を確認できず,,0,,https://www.yamabiko-corp.co.jp,EQUITY,Industrials,Tools & Accessories,https://www.yamabiko-corp.co.jp
7,6254,"Nomura Micro Science Co., Ltd.",半導体,AI・半導体,42,30,38,ノイズ候補,C,needs_review,adjacent=electronics,,0,,https://www.nomura-nms.co.jp | https://www.nomura-nms.co.jp/about/ | https://www.nomura-nms.co.jp/company/,EQUITY,Industrials,Pollution & Treatment Controls,https://www.nomura-nms.co.jp
7,6254,"Nomura Micro Science Co., Ltd.",半導体製造装置,AI・半導体,8,5,7,ノイズ候補,C,needs_review,事業概要に直接根拠を確認できず,,0,,https://www.nomura-nms.co.jp | https://www.nomura-nms.co.jp/about/ | https://www.nomura-nms.co.jp/company/,EQUITY,Industrials,Pollution & Treatment Controls,https://www.nomura-nms.co.jp
7,6254,"Nomura Micro Science Co., Ltd.",機械,設備投資・機械,42,30,38,ノイズ候補,C,needs_review,adjacent=equipment,,0,,https://www.nomura-nms.co.jp | https://www.nomura-nms.co.jp/about/ | https://www.nomura-nms.co.jp/company/,EQUITY,Industrials,Pollution & Treatment Controls,https://www.nomura-nms.co.jp
7,6255,NPC Incorporated,FA関連,設備投資・機械,92,98,94,主力テーマ,A,official_site_supported,事業概要に直接根拠を確認できず; official=FA; count=19; pos=0.00,FA,19,0.0013,https://www.npcgroup.net | https://www.npcgroup.net/solarproduct | https://www.npcgroup.net/solarproduct/inspection-service/o-and-m,EQUITY,Industrials,Specialty Industrial Machinery,https://www.npcgroup.net
7,6255,NPC Incorporated,再生可能エネルギー,GX・エネルギー,8,5,7,ノイズ候補,C,needs_review,事業概要に直接根拠を確認できず,,0,,https://www.npcgroup.net | https://www.npcgroup.net/solarproduct | https://www.npcgroup.net/solarproduct/inspection-service/o-and-m,EQUITY,Industrials,Specialty Industrial Machinery,https://www.npcgroup.net
7,6255,NPC Incorporated,太陽光発電関連,GX・エネルギー,92,98,94,主力テーマ,A,ok,direct=photovoltaic; position=0.28; growth=develops/research; official=太陽光発電/太陽光発電所/ソーラー; count=130; pos=0.03,太陽光発電 | 太陽光発電所 | ソーラー,130,0.0284,https://www.npcgroup.net | https://www.npcgroup.net/solarproduct | https://www.npcgroup.net/solarproduct/inspection-service/o-and-m,EQUITY,Industrials,Specialty Industrial Machinery,https://www.npcgroup.net
7,6255,NPC Incorporated,機械,設備投資・機械,82,86,83,主力テーマ,B,ok,direct=industrial machinery; growth=develops/research,,0,,https://www.npcgroup.net | https://www.npcgroup.net/solarproduct | https://www.npcgroup.net/solarproduct/inspection-service/o-and-m,EQUITY,Industrials,Specialty Industrial Machinery,https://www.npcgroup.net
7,6257,"Fujishoji Co.,Ltd.",機械,設備投資・機械,42,42,42,補助関連,C,needs_review,adjacent=machine; growth=develops/development,,0,,https://www.fujimarukun.co.jp,EQUITY,Consumer Cyclical,Gambling,https://www.fujimarukun.co.jp
7,6258,Hirata Corporation,FA関連,設備投資・機械,90,68,83,主力テーマ,B,official_site_supported,adjacent=manufacturing system; official=FA; count=2; pos=0.17,FA,2,0.1684,https://www.hirata.co.jp,EQUITY,Industrials,Specialty Industrial Machinery,https://www.hirata.co.jp
7,6258,Hirata Corporation,ロボット,AI・半導体,92,84,90,主力テーマ,A,ok,direct=robot; position=0.05; official=ロボット; count=2; pos=0.08,ロボット,2,0.0779,https://www.hirata.co.jp,EQUITY,Industrials,Specialty Industrial Machinery,https://www.hirata.co.jp
7,6258,Hirata Corporation,医療機器,医療・ヘルスケア,8,5,7,ノイズ候補,C,needs_review,事業概要に直接根拠を確認できず,,0,,https://www.hirata.co.jp,EQUITY,Industrials,Specialty Industrial Machinery,https://www.hirata.co.jp
7,6258,Hirata Corporation,半導体,AI・半導体,92,84,90,主力テーマ,A,ok,direct=semiconductor; position=0.12; official=半導体; count=3; pos=0.06,半導体,3,0.0647,https://www.hirata.co.jp,EQUITY,Industrials,Specialty Industrial Machinery,https://www.hirata.co.jp
7,6258,Hirata Corporation,半導体製造装置,AI・半導体,42,30,38,ノイズ候補,C,needs_review,adjacent=semiconductor,,0,,https://www.hirata.co.jp,EQUITY,Industrials,Specialty Industrial Machinery,https://www.hirata.co.jp
7,6258,Hirata Corporation,機械,設備投資・機械,82,74,80,主力テーマ,B,ok,direct=industrial machinery,,0,,https://www.hirata.co.jp,EQUITY,Industrials,Specialty Industrial Machinery,https://www.hirata.co.jp
7,6258,Hirata Corporation,自動車製造装置,自動車・モビリティ,8,5,7,ノイズ候補,C,needs_review,事業概要に直接根拠を確認できず,,0,,https://www.hirata.co.jp,EQUITY,Industrials,Specialty Industrial Machinery,https://www.hirata.co.jp
7,6258,Hirata Corporation,電気自動車関連,自動車・モビリティ,92,84,90,主力テーマ,A,ok,direct=electric vehicle; position=0.19,,0,,https://www.hirata.co.jp,EQUITY,Industrials,Specialty Industrial Machinery,https://www.hirata.co.jp
7,6262,"Pegasus Co., Ltd.",円安メリット,内需・消費,8,5,7,ノイズ候補,C,needs_review_macro,事業概要に直接根拠を確認できず,,0,,https://www.pegasus.co.jp,EQUITY,Industrials,Specialty Industrial Machinery,https://www.pegasus.co.jp
7,6262,"Pegasus Co., Ltd.",自動車部材・部品,自動車・モビリティ,66,56,63,有力関連,B,qa_borderline,direct=automotive parts; position=0.58,,0,,https://www.pegasus.co.jp,EQUITY,Industrials,Specialty Industrial Machinery,https://www.pegasus.co.jp
7,6264,"Marumae Co., Ltd.",ロボット,AI・半導体,8,5,7,ノイズ候補,C,needs_review,事業概要に直接根拠を確認できず,,0,,https://www.marumae.com,EQUITY,Industrials,Specialty Industrial Machinery,https://www.marumae.com
7,6264,"Marumae Co., Ltd.",半導体,AI・半導体,8,5,7,ノイズ候補,C,needs_review,事業概要に直接根拠を確認できず,,0,,https://www.marumae.com,EQUITY,Industrials,Specialty Industrial Machinery,https://www.marumae.com
7,6264,"Marumae Co., Ltd.",半導体製造装置,AI・半導体,8,5,7,ノイズ候補,C,needs_review,事業概要に直接根拠を確認できず,,0,,https://www.marumae.com,EQUITY,Industrials,Specialty Industrial Machinery,https://www.marumae.com
7,6265,CONVUM Ltd.,ロボット,AI・半導体,92,84,90,主力テーマ,A,ok,direct=robot; position=0.19,,0,,https://www.convum.co.jp,EQUITY,Industrials,Specialty Industrial Machinery,https://www.convum.co.jp
7,6265,CONVUM Ltd.,半導体,AI・半導体,8,5,7,ノイズ候補,C,needs_review,事業概要に直接根拠を確認できず,,0,,https://www.convum.co.jp,EQUITY,Industrials,Specialty Industrial Machinery,https://www.convum.co.jp
7,6265,CONVUM Ltd.,半導体製造装置,AI・半導体,8,5,7,ノイズ候補,C,needs_review,事業概要に直接根拠を確認できず,,0,,https://www.convum.co.jp,EQUITY,Industrials,Specialty Industrial Machinery,https://www.convum.co.jp
7,6265,CONVUM Ltd.,機械,設備投資・機械,82,74,80,主力テーマ,B,ok,direct=industrial machinery,,0,,https://www.convum.co.jp,EQUITY,Industrials,Specialty Industrial Machinery,https://www.convum.co.jp
7,6266,"Tazmo Co., Ltd.",FA関連,設備投資・機械,8,5,7,ノイズ候補,C,needs_review,事業概要に直接根拠を確認できず,,0,,https://tazmo.co.jp | https://tazmo.co.jp/products | https://tazmo.co.jp/category/products-info/,EQUITY,Technology,Semiconductor Equipment & Materials,https://tazmo.co.jp
7,6266,"Tazmo Co., Ltd.",ロボット,AI・半導体,92,98,94,主力テーマ,A,official_site_supported,direct=robot; position=0.50; growth=development; official=ロボット; count=8; pos=0.01,ロボット,8,0.0138,https://tazmo.co.jp | https://tazmo.co.jp/products | https://tazmo.co.jp/category/products-info/,EQUITY,Technology,Semiconductor Equipment & Materials,https://tazmo.co.jp
7,6266,"Tazmo Co., Ltd.",半導体製造装置,AI・半導体,97,100,98,主力テーマ,A,ok,industry=Semiconductor Equipment & Materials; direct=semiconductor manufacturing equipment/semiconductor equipment; position=0.08; growth=development; official=半導体製造装置; count=8; pos=0.00,半導体製造装置,8,0.0026,https://tazmo.co.jp | https://tazmo.co.jp/products | https://tazmo.co.jp/category/products-info/,EQUITY,Technology,Semiconductor Equipment & Materials,https://tazmo.co.jp
7,6266,"Tazmo Co., Ltd.",機械,設備投資・機械,42,40,41,補助関連,C,needs_review,adjacent=equipment; growth=development,,0,,https://tazmo.co.jp | https://tazmo.co.jp/products | https://tazmo.co.jp/category/products-info/,EQUITY,Technology,Semiconductor Equipment & Materials,https://tazmo.co.jp
7,6266,"Tazmo Co., Ltd.",設備投資,設備投資・機械,66,66,66,有力関連,B,qa_borderline,direct=production equipment; position=0.55; growth=development,,0,,https://tazmo.co.jp | https://tazmo.co.jp/products | https://tazmo.co.jp/category/products-info/,EQUITY,Technology,Semiconductor Equipment & Materials,https://tazmo.co.jp
7,6267,"General Packer Co., Ltd.",機械,設備投資・機械,82,74,80,主力テーマ,B,ok,direct=industrial machinery; official=機械; count=18; pos=0.00,機械,18,0.0021,https://www.general-packer.co.jp | https://www.general-packer.co.jp/product/ | https://www.general-packer.co.jp/product/movie/,EQUITY,Industrials,Specialty Industrial Machinery,https://www.general-packer.co.jp
7,6268,Nabtesco Corporation,3Dプリンター,設備投資・機械,8,5,7,ノイズ候補,C,needs_review,事業概要に直接根拠を確認できず,,0,,https://www.nabtesco.com | https://www.nabtesco.com/about/company/ | https://www.nabtesco.com/about/company/overview/,EQUITY,Industrials,Specialty Industrial Machinery,https://www.nabtesco.com
7,6268,Nabtesco Corporation,サービスロボット,設備投資・機械,42,30,38,ノイズ候補,C,needs_review,adjacent=robot,,0,,https://www.nabtesco.com | https://www.nabtesco.com/about/company/ | https://www.nabtesco.com/about/company/overview/,EQUITY,Industrials,Specialty Industrial Machinery,https://www.nabtesco.com
7,6268,Nabtesco Corporation,スマートグリッド,データセンター・電力,8,5,7,ノイズ候補,C,needs_review,事業概要に直接根拠を確認できず,,0,,https://www.nabtesco.com | https://www.nabtesco.com/about/company/ | https://www.nabtesco.com/about/company/overview/,EQUITY,Industrials,Specialty Industrial Machinery,https://www.nabtesco.com
7,6268,Nabtesco Corporation,フィジカルAI,AI・半導体,42,30,38,ノイズ候補,C,needs_review,adjacent=robot,,0,,https://www.nabtesco.com | https://www.nabtesco.com/about/company/ | https://www.nabtesco.com/about/company/overview/,EQUITY,Industrials,Specialty Industrial Machinery,https://www.nabtesco.com
7,6268,Nabtesco Corporation,ロボット,AI・半導体,92,84,90,主力テーマ,A,ok,direct=robot; position=0.04,,0,,https://www.nabtesco.com | https://www.nabtesco.com/about/company/ | https://www.nabtesco.com/about/company/overview/,EQUITY,Industrials,Specialty Industrial Machinery,https://www.nabtesco.com
7,6268,Nabtesco Corporation,太陽光発電関連,GX・エネルギー,8,5,7,ノイズ候補,C,needs_review,事業概要に直接根拠を確認できず,,0,,https://www.nabtesco.com | https://www.nabtesco.com/about/company/ | https://www.nabtesco.com/about/company/overview/,EQUITY,Industrials,Specialty Industrial Machinery,https://www.nabtesco.com
7,6268,Nabtesco Corporation,工作機械,設備投資・機械,42,30,38,ノイズ候補,C,needs_review,adjacent=industrial machinery,,0,,https://www.nabtesco.com | https://www.nabtesco.com/about/company/ | https://www.nabtesco.com/about/company/overview/,EQUITY,Industrials,Specialty Industrial Machinery,https://www.nabtesco.com
7,6268,Nabtesco Corporation,建設機械,設備投資・機械,97,89,95,主力テーマ,A,ok,direct=construction machinery/excavator; position=0.05,,0,,https://www.nabtesco.com | https://www.nabtesco.com/about/company/ | https://www.nabtesco.com/about/company/overview/,EQUITY,Industrials,Specialty Industrial Machinery,https://www.nabtesco.com
7,6268,Nabtesco Corporation,自動車部材・部品,自動車・モビリティ,42,30,38,ノイズ候補,C,needs_review,adjacent=vehicle,,0,,https://www.nabtesco.com | https://www.nabtesco.com/about/company/ | https://www.nabtesco.com/about/company/overview/,EQUITY,Industrials,Specialty Industrial Machinery,https://www.nabtesco.com
7,6268,Nabtesco Corporation,設備投資,設備投資・機械,82,74,80,主力テーマ,B,ok,direct=industrial machinery,,0,,https://www.nabtesco.com | https://www.nabtesco.com/about/company/ | https://www.nabtesco.com/about/company/overview/,EQUITY,Industrials,Specialty Industrial Machinery,https://www.nabtesco.com
7,6268,Nabtesco Corporation,鉄道関連,物流・海運,97,100,98,主力テーマ,A,ok,direct=railway/railroad; position=0.07; official=鉄道; count=3; pos=0.09,鉄道,3,0.0875,https://www.nabtesco.com | https://www.nabtesco.com/about/company/ | https://www.nabtesco.com/about/company/overview/,EQUITY,Industrials,Specialty Industrial Machinery,https://www.nabtesco.com
7,6268,Nabtesco Corporation,防衛,防衛・国土強靱化,8,5,7,ノイズ候補,C,needs_review,事業概要に直接根拠を確認できず,,0,,https://www.nabtesco.com | https://www.nabtesco.com/about/company/ | https://www.nabtesco.com/about/company/overview/,EQUITY,Industrials,Specialty Industrial Machinery,https://www.nabtesco.com
7,6268,Nabtesco Corporation,風力発電,GX・エネルギー,90,96,92,主力テーマ,A,official_site_supported,direct=wind turbine; position=0.79; official=風力発電; count=3; pos=0.10,風力発電,3,0.0985,https://www.nabtesco.com | https://www.nabtesco.com/about/company/ | https://www.nabtesco.com/about/company/overview/,EQUITY,Industrials,Specialty Industrial Machinery,https://www.nabtesco.com
7,6269,"MODEC, Inc.",アンモニア,GX・エネルギー,8,5,7,ノイズ候補,C,needs_review,事業概要に直接根拠を確認できず,,0,,https://www.modec.com,EQUITY,Energy,Oil & Gas Equipment & Services,https://www.modec.com
7,6269,"MODEC, Inc.",レアアース,資源・素材,8,5,7,ノイズ候補,C,needs_review,事業概要に直接根拠を確認できず,,0,,https://www.modec.com,EQUITY,Energy,Oil & Gas Equipment & Services,https://www.modec.com
7,6269,"MODEC, Inc.",レアメタル,資源・素材,8,5,7,ノイズ候補,C,needs_review,事業概要に直接根拠を確認できず,,0,,https://www.modec.com,EQUITY,Energy,Oil & Gas Equipment & Services,https://www.modec.com
7,6269,"MODEC, Inc.",機械,設備投資・機械,42,30,38,ノイズ候補,C,needs_review,adjacent=equipment,,0,,https://www.modec.com,EQUITY,Energy,Oil & Gas Equipment & Services,https://www.modec.com
7,6269,"MODEC, Inc.",脱炭素,GX・エネルギー,8,5,7,ノイズ候補,C,needs_review,事業概要に直接根拠を確認できず,,0,,https://www.modec.com,EQUITY,Energy,Oil & Gas Equipment & Services,https://www.modec.com
7,6269,"MODEC, Inc.",資源開発,資源・素材,8,5,7,ノイズ候補,C,needs_review,事業概要に直接根拠を確認できず,,0,,https://www.modec.com,EQUITY,Energy,Oil & Gas Equipment & Services,https://www.modec.com
7,6272,"Rheon Automatic Machinery Co., Ltd.",ロボット,AI・半導体,42,40,41,補助関連,C,needs_review,adjacent=automation; growth=develops,,0,,https://www.rheon.com | https://www.rheon.com/company/ | https://www.rheon.com/company/outline/,EQUITY,Industrials,Specialty Industrial Machinery,https://www.rheon.com
7,6272,"Rheon Automatic Machinery Co., Ltd.",円安メリット,内需・消費,8,5,7,ノイズ候補,C,needs_review_macro,事業概要に直接根拠を確認できず,,0,,https://www.rheon.com | https://www.rheon.com/company/ | https://www.rheon.com/company/outline/,EQUITY,Industrials,Specialty Industrial Machinery,https://www.rheon.com
7,6272,"Rheon Automatic Machinery Co., Ltd.",機械,設備投資・機械,97,99,98,主力テーマ,A,ok,direct=industrial machinery/machinery manufacturing; position=0.14; growth=develops; official=機械; count=13; pos=0.02,機械,13,0.0233,https://www.rheon.com | https://www.rheon.com/company/ | https://www.rheon.com/company/outline/,EQUITY,Industrials,Specialty Industrial Machinery,https://www.rheon.com
7,6273,SMC Corporation,FA関連,設備投資・機械,8,5,7,ノイズ候補,C,needs_review,事業概要に直接根拠を確認できず,,0,,https://www.smcworld.com,EQUITY,Industrials,Specialty Industrial Machinery,https://www.smcworld.com
7,6273,SMC Corporation,サービスロボット,設備投資・機械,42,30,38,ノイズ候補,C,needs_review,adjacent=robot,,0,,https://www.smcworld.com,EQUITY,Industrials,Specialty Industrial Machinery,https://www.smcworld.com
7,6273,SMC Corporation,フィジカルAI,AI・半導体,42,30,38,ノイズ候補,C,needs_review,adjacent=robot,,0,,https://www.smcworld.com,EQUITY,Industrials,Specialty Industrial Machinery,https://www.smcworld.com
7,6273,SMC Corporation,ロボット,AI・半導体,92,84,90,主力テーマ,A,ok,direct=robot; position=0.18,,0,,https://www.smcworld.com,EQUITY,Industrials,Specialty Industrial Machinery,https://www.smcworld.com
7,6273,SMC Corporation,円安メリット,内需・消費,8,5,7,ノイズ候補,C,needs_review_macro,事業概要に直接根拠を確認できず,,0,,https://www.smcworld.com,EQUITY,Industrials,Specialty Industrial Machinery,https://www.smcworld.com
7,6273,SMC Corporation,機械,設備投資・機械,82,74,80,主力テーマ,B,ok,direct=industrial machinery,,0,,https://www.smcworld.com,EQUITY,Industrials,Specialty Industrial Machinery,https://www.smcworld.com
7,6273,SMC Corporation,設備投資,設備投資・機械,82,74,80,主力テーマ,B,ok,direct=industrial machinery,,0,,https://www.smcworld.com,EQUITY,Industrials,Specialty Industrial Machinery,https://www.smcworld.com
7,6276,"SiriusVision Co., Ltd.",クラウドコンピューティング,デジタル・サービス,92,90,91,主力テーマ,A,ok,direct=cloud service; position=0.43; growth=development; official=クラウド/クラウドサービス; count=18; pos=0.02,クラウド | クラウドサービス,18,0.0207,https://siriusvision.co.jp | https://siriusvision.co.jp/service/ | https://siriusvision.co.jp/products/,EQUITY,Industrials,Specialty Industrial Machinery,https://siriusvision.co.jp
7,6276,"SiriusVision Co., Ltd.",サブスクリプション,デジタル・サービス,8,5,7,ノイズ候補,C,needs_review,事業概要に直接根拠を確認できず,,0,,https://siriusvision.co.jp | https://siriusvision.co.jp/service/ | https://siriusvision.co.jp/products/,EQUITY,Industrials,Specialty Industrial Machinery,https://siriusvision.co.jp
7,6276,"SiriusVision Co., Ltd.",デジタルトランスフォーメーション,デジタル・サービス,82,84,83,主力テーマ,B,ok,direct= dx ; position=0.42; growth=development,,0,,https://siriusvision.co.jp | https://siriusvision.co.jp/service/ | https://siriusvision.co.jp/products/,EQUITY,Industrials,Specialty Industrial Machinery,https://siriusvision.co.jp
7,6276,"SiriusVision Co., Ltd.",人工知能,AI・半導体,92,90,91,主力テーマ,A,official_site_supported,事業概要に直接根拠を確認できず; official=人工知能/AI; count=39; pos=0.02,人工知能 | AI,39,0.0188,https://siriusvision.co.jp | https://siriusvision.co.jp/service/ | https://siriusvision.co.jp/products/,EQUITY,Industrials,Specialty Industrial Machinery,https://siriusvision.co.jp
7,6277,Hosokawa Micron Corporation,全固体電池,自動車・モビリティ,8,5,7,ノイズ候補,C,needs_review,事業概要に直接根拠を確認できず,,0,,https://www.hosokawamicron.co.jp,EQUITY,Industrials,Specialty Industrial Machinery,https://www.hosokawamicron.co.jp
7,6278,Union Tool Co.,医療機器,医療・ヘルスケア,8,5,7,ノイズ候補,C,needs_review,事業概要に直接根拠を確認できず,,0,,https://www.uniontool.co.jp,EQUITY,Industrials,Tools & Accessories,https://www.uniontool.co.jp
7,6278,Union Tool Co.,半導体製造装置,AI・半導体,8,5,7,ノイズ候補,C,needs_review,事業概要に直接根拠を確認できず,,0,,https://www.uniontool.co.jp,EQUITY,Industrials,Tools & Accessories,https://www.uniontool.co.jp
7,6278,Union Tool Co.,工作機械,設備投資・機械,42,40,41,補助関連,C,needs_review,adjacent=machining equipment; growth=research,,0,,https://www.uniontool.co.jp,EQUITY,Industrials,Tools & Accessories,https://www.uniontool.co.jp
7,6278,Union Tool Co.,機械,設備投資・機械,42,40,41,補助関連,C,needs_review,adjacent=equipment; growth=research; official=機械; count=1; pos=0.77,機械,1,0.7695,https://www.uniontool.co.jp,EQUITY,Industrials,Tools & Accessories,https://www.uniontool.co.jp
7,6278,Union Tool Co.,設備投資,設備投資・機械,42,40,41,補助関連,C,needs_review,adjacent=equipment; growth=research,,0,,https://www.uniontool.co.jp,EQUITY,Industrials,Tools & Accessories,https://www.uniontool.co.jp
7,6279,Zuiko Corporation,機械,設備投資・機械,82,84,83,主力テーマ,B,ok,direct=industrial machinery; growth=develops; official=機械; count=3; pos=0.52,機械,3,0.5213,https://www.zuiko.co.jp | https://www.zuiko.co.jp/business/index.html | https://www.zuiko.co.jp/machine/,EQUITY,Industrials,Specialty Industrial Machinery,https://www.zuiko.co.jp
7,627A,,IT関連,デジタル・サービス,8,5,7,ノイズ候補,C,needs_official_ir,事業概要に直接根拠を確認できず,,0,,,NONE,,,
7,6282,Oiles Corporation,国土強靱化,防衛・国土強靱化,42,30,38,ノイズ候補,C,needs_review,adjacent=bridge,,0,,https://www.oiles.co.jp,EQUITY,Industrials,Tools & Accessories,https://www.oiles.co.jp
7,6282,Oiles Corporation,建設機械,設備投資・機械,92,84,90,主力テーマ,A,ok,direct=construction equipment; position=0.15,,0,,https://www.oiles.co.jp,EQUITY,Industrials,Tools & Accessories,https://www.oiles.co.jp
7,6282,Oiles Corporation,耐震化,防衛・国土強靱化,8,5,7,ノイズ候補,C,needs_review,事業概要に直接根拠を確認できず,,0,,https://www.oiles.co.jp,EQUITY,Industrials,Tools & Accessories,https://www.oiles.co.jp
7,6282,Oiles Corporation,自動車部材・部品,自動車・モビリティ,8,5,7,ノイズ候補,C,needs_review,事業概要に直接根拠を確認できず,,0,,https://www.oiles.co.jp,EQUITY,Industrials,Tools & Accessories,https://www.oiles.co.jp
7,6282,Oiles Corporation,防災,防衛・国土強靱化,42,30,38,ノイズ候補,C,needs_review,adjacent=seismic,,0,,https://www.oiles.co.jp,EQUITY,Industrials,Tools & Accessories,https://www.oiles.co.jp
7,6284,"Nissei ASB Machine Co., Ltd.",円安メリット,内需・消費,8,5,7,ノイズ候補,C,needs_review_macro,事業概要に直接根拠を確認できず,,0,,https://www.nisseiasb.co.jp | https://www.nisseiasb.co.jp/en/about/ | https://www.nisseiasb.co.jp/en/products/,EQUITY,Industrials,Specialty Industrial Machinery,https://www.nisseiasb.co.jp
7,6284,"Nissei ASB Machine Co., Ltd.",機械,設備投資・機械,82,84,83,主力テーマ,B,ok,direct=industrial machinery; growth=development,,0,,https://www.nisseiasb.co.jp | https://www.nisseiasb.co.jp/en/about/ | https://www.nisseiasb.co.jp/en/products/,EQUITY,Industrials,Specialty Industrial Machinery,https://www.nisseiasb.co.jp
7,6286,Seiko Corporation,FA関連,設備投資・機械,92,98,94,主力テーマ,A,ok,direct=factory automation; position=0.48; official=FA/ファクトリーオートメーション; count=44; pos=0.00,FA | ファクトリーオートメーション,44,0.0036,https://www.seiko-co.com | https://www.seiko-co.com/hoso/ | https://www.seiko-co.com/cold/service/,EQUITY,Industrials,Specialty Industrial Machinery,https://www.seiko-co.com
7,6286,Seiko Corporation,機械,設備投資・機械,92,84,90,主力テーマ,A,ok,direct=industrial machinery; position=0.11; official=機械; count=43; pos=0.00,機械,43,0.0016,https://www.seiko-co.com | https://www.seiko-co.com/hoso/ | https://www.seiko-co.com/cold/service/,EQUITY,Industrials,Specialty Industrial Machinery,https://www.seiko-co.com
7,6286,Seiko Corporation,自動車部材・部品,自動車・モビリティ,72,78,74,有力関連,B,needs_review,adjacent=vehicle; official=自動車部品; count=1; pos=0.85,自動車部品,1,0.8483,https://www.seiko-co.com | https://www.seiko-co.com/hoso/ | https://www.seiko-co.com/cold/service/,EQUITY,Industrials,Specialty Industrial Machinery,https://www.seiko-co.com
7,6287,Sato Corporation,キャッシュレス決済,金融・金利,8,5,7,ノイズ候補,C,needs_review,事業概要に直接根拠を確認できず,,0,,https://www.sato.co.jp | https://www.sato.co.jp/products/ | https://www.sato.co.jp/products/printer/sato-app-storage/,EQUITY,Industrials,Business Equipment & Supplies,https://www.sato.co.jp
7,6287,Sato Corporation,介護関連,医療・ヘルスケア,8,5,7,ノイズ候補,C,needs_review,事業概要に直接根拠を確認できず,,0,,https://www.sato.co.jp | https://www.sato.co.jp/products/ | https://www.sato.co.jp/products/printer/sato-app-storage/,EQUITY,Industrials,Business Equipment & Supplies,https://www.sato.co.jp
7,6287,Sato Corporation,機械,設備投資・機械,42,42,42,補助関連,C,needs_review,adjacent=equipment; growth=development/research,,0,,https://www.sato.co.jp | https://www.sato.co.jp/products/ | https://www.sato.co.jp/products/printer/sato-app-storage/,EQUITY,Industrials,Business Equipment & Supplies,https://www.sato.co.jp
7,6289,Giken Ltd.,国土強靱化,防衛・国土強靱化,42,40,41,補助関連,C,needs_review,adjacent=bridge; growth=develops,,0,,https://www.giken.com/ja/,EQUITY,Industrials,Farm & Heavy Construction Machinery,https://www.giken.com/ja/
7,6289,Giken Ltd.,建設機械,設備投資・機械,92,94,93,主力テーマ,A,ok,direct=construction machinery; position=0.03; growth=develops,,0,,https://www.giken.com/ja/,EQUITY,Industrials,Farm & Heavy Construction Machinery,https://www.giken.com/ja/
7,6289,Giken Ltd.,機械,設備投資・機械,72,68,71,有力関連,B,needs_review,adjacent=equipment/machine; growth=develops; official=機械; count=8; pos=0.15,機械,8,0.1475,https://www.giken.com/ja/,EQUITY,Industrials,Farm & Heavy Construction Machinery,https://www.giken.com/ja/
7,6289,Giken Ltd.,耐震化,防衛・国土強靱化,8,5,7,ノイズ候補,C,needs_review,事業概要に直接根拠を確認できず,,0,,https://www.giken.com/ja/,EQUITY,Industrials,Farm & Heavy Construction Machinery,https://www.giken.com/ja/
7,6289,Giken Ltd.,防災,防衛・国土強靱化,72,78,74,有力関連,B,needs_review,事業概要に直接根拠を確認できず; official=防災; count=2; pos=0.21,防災,2,0.2102,https://www.giken.com/ja/,EQUITY,Industrials,Farm & Heavy Construction Machinery,https://www.giken.com/ja/
7,6291,"Airtech Japan, Ltd.",機械,設備投資・機械,42,30,38,ノイズ候補,C,needs_review,adjacent=equipment,,0,,https://www.airtech.co.jp | https://www.airtech.co.jp/advantage/ | https://www.airtech.co.jp/products/,EQUITY,Industrials,Pollution & Treatment Controls,https://www.airtech.co.jp
7,6292,"Kawata Mfg. Co., Ltd.",全固体電池,自動車・モビリティ,8,5,7,ノイズ候補,C,needs_review,事業概要に直接根拠を確認できず,,0,,https://www.kawata.cc | https://www.kawata.cc/products/ | https://www.kawata.cc/products/products_cat/powered/,EQUITY,Industrials,Specialty Industrial Machinery,https://www.kawata.cc
7,6292,"Kawata Mfg. Co., Ltd.",機械,設備投資・機械,82,74,80,主力テーマ,B,ok,direct=industrial machinery; official=機械; count=3; pos=0.23,機械,3,0.2341,https://www.kawata.cc | https://www.kawata.cc/products/ | https://www.kawata.cc/products/products_cat/powered/,EQUITY,Industrials,Specialty Industrial Machinery,https://www.kawata.cc
7,6292,"Kawata Mfg. Co., Ltd.",自動車製造装置,自動車・モビリティ,8,5,7,ノイズ候補,C,needs_review,事業概要に直接根拠を確認できず,,0,,https://www.kawata.cc | https://www.kawata.cc/products/ | https://www.kawata.cc/products/products_cat/powered/,EQUITY,Industrials,Specialty Industrial Machinery,https://www.kawata.cc
7,6292,"Kawata Mfg. Co., Ltd.",自動車軽量化,自動車・モビリティ,8,5,7,ノイズ候補,C,needs_review,事業概要に直接根拠を確認できず,,0,,https://www.kawata.cc | https://www.kawata.cc/products/ | https://www.kawata.cc/products/products_cat/powered/,EQUITY,Industrials,Specialty Industrial Machinery,https://www.kawata.cc
7,6292,"Kawata Mfg. Co., Ltd.",電気自動車関連,自動車・モビリティ,8,5,7,ノイズ候補,C,needs_review,事業概要に直接根拠を確認できず,,0,,https://www.kawata.cc | https://www.kawata.cc/products/ | https://www.kawata.cc/products/products_cat/powered/,EQUITY,Industrials,Specialty Industrial Machinery,https://www.kawata.cc
7,6294,Okada Aiyon Corporation,国土強靱化,防衛・国土強靱化,8,5,7,ノイズ候補,C,needs_review,事業概要に直接根拠を確認できず,,0,,https://www.okada-aiyon.com | https://www.okada-aiyon.com/global/products/ | https://www.okada-aiyon.com/global/business/,EQUITY,Industrials,Farm & Heavy Construction Machinery,https://www.okada-aiyon.com
7,6294,Okada Aiyon Corporation,建設機械,設備投資・機械,82,74,80,主力テーマ,B,ok,direct=construction machinery,,0,,https://www.okada-aiyon.com | https://www.okada-aiyon.com/global/products/ | https://www.okada-aiyon.com/global/business/,EQUITY,Industrials,Farm & Heavy Construction Machinery,https://www.okada-aiyon.com
7,6298,"Y.A.C. Holdings Co., Ltd.",医療機器,医療・ヘルスケア,8,5,7,ノイズ候補,C,needs_review,事業概要に直接根拠を確認できず,,0,,https://www.yac.co.jp | https://www.yac.co.jp/ja/business.html | https://www.yac.co.jp/ja/pickup/pickup-NEWservice_by_BIO.html,EQUITY,Technology,Electronic Components,https://www.yac.co.jp
7,6298,"Y.A.C. Holdings Co., Ltd.",半導体,AI・半導体,92,98,94,主力テーマ,A,ok,direct=semiconductor; position=0.13; growth=development/research; official=半導体; count=12; pos=0.21,半導体,12,0.2144,https://www.yac.co.jp | https://www.yac.co.jp/ja/business.html | https://www.yac.co.jp/ja/pickup/pickup-NEWservice_by_BIO.html,EQUITY,Technology,Electronic Components,https://www.yac.co.jp
7,6298,"Y.A.C. Holdings Co., Ltd.",半導体製造装置,AI・半導体,42,42,42,補助関連,C,needs_review,adjacent=semiconductor; growth=development/research,,0,,https://www.yac.co.jp | https://www.yac.co.jp/ja/business.html | https://www.yac.co.jp/ja/pickup/pickup-NEWservice_by_BIO.html,EQUITY,Technology,Electronic Components,https://www.yac.co.jp
7,6298,"Y.A.C. Holdings Co., Ltd.",機械,設備投資・機械,92,96,93,主力テーマ,A,ok,direct=industrial machinery; position=0.04; growth=development/research,,0,,https://www.yac.co.jp | https://www.yac.co.jp/ja/business.html | https://www.yac.co.jp/ja/pickup/pickup-NEWservice_by_BIO.html,EQUITY,Technology,Electronic Components,https://www.yac.co.jp
7,6301,Komatsu Ltd.,3Dプリンター,設備投資・機械,8,5,7,ノイズ候補,C,needs_review,事業概要に直接根拠を確認できず,,0,,https://www.komatsu.jp | https://www.komatsu.jp/ja/aboutus/profile | https://www.komatsu.jp/ja/industries-we-support,EQUITY,Industrials,Farm & Heavy Construction Machinery,https://www.komatsu.jp
7,6301,Komatsu Ltd.,FA関連,設備投資・機械,8,5,7,ノイズ候補,C,needs_review,事業概要に直接根拠を確認できず,,0,,https://www.komatsu.jp | https://www.komatsu.jp/ja/aboutus/profile | https://www.komatsu.jp/ja/industries-we-support,EQUITY,Industrials,Farm & Heavy Construction Machinery,https://www.komatsu.jp
7,6301,Komatsu Ltd.,IoT,設備投資・機械,8,5,7,ノイズ候補,C,needs_review,事業概要に直接根拠を確認できず,,0,,https://www.komatsu.jp | https://www.komatsu.jp/ja/aboutus/profile | https://www.komatsu.jp/ja/industries-we-support,EQUITY,Industrials,Farm & Heavy Construction Machinery,https://www.komatsu.jp
7,6301,Komatsu Ltd.,ドローン,防衛・国土強靱化,8,5,7,ノイズ候補,C,needs_review,事業概要に直接根拠を確認できず,,0,,https://www.komatsu.jp | https://www.komatsu.jp/ja/aboutus/profile | https://www.komatsu.jp/ja/industries-we-support,EQUITY,Industrials,Farm & Heavy Construction Machinery,https://www.komatsu.jp
7,6301,Komatsu Ltd.,リチウムイオン電池,自動車・モビリティ,42,40,41,補助関連,C,needs_review,adjacent=battery; growth=development,,0,,https://www.komatsu.jp | https://www.komatsu.jp/ja/aboutus/profile | https://www.komatsu.jp/ja/industries-we-support,EQUITY,Industrials,Farm & Heavy Construction Machinery,https://www.komatsu.jp
7,6301,Komatsu Ltd.,円安メリット,内需・消費,8,5,7,ノイズ候補,C,needs_review_macro,事業概要に直接根拠を確認できず,,0,,https://www.komatsu.jp | https://www.komatsu.jp/ja/aboutus/profile | https://www.komatsu.jp/ja/industries-we-support,EQUITY,Industrials,Farm & Heavy Construction Machinery,https://www.komatsu.jp
7,6301,Komatsu Ltd.,国土強靱化,防衛・国土強靱化,42,40,41,補助関連,C,needs_review,adjacent=tunnel; growth=development,,0,,https://www.komatsu.jp | https://www.komatsu.jp/ja/aboutus/profile | https://www.komatsu.jp/ja/industries-we-support,EQUITY,Industrials,Farm & Heavy Construction Machinery,https://www.komatsu.jp
7,6301,Komatsu Ltd.,工作機械,設備投資・機械,42,40,41,補助関連,C,needs_review,adjacent=industrial machinery; growth=development,,0,,https://www.komatsu.jp | https://www.komatsu.jp/ja/aboutus/profile | https://www.komatsu.jp/ja/industries-we-support,EQUITY,Industrials,Farm & Heavy Construction Machinery,https://www.komatsu.jp
7,6301,Komatsu Ltd.,建設機械,設備投資・機械,97,99,98,主力テーマ,A,ok,direct=construction machinery/excavator; position=0.10; growth=development; official=建設機械; count=4; pos=0.36,建設機械,4,0.3649,https://www.komatsu.jp | https://www.komatsu.jp/ja/aboutus/profile | https://www.komatsu.jp/ja/industries-we-support,EQUITY,Industrials,Farm & Heavy Construction Machinery,https://www.komatsu.jp
7,6301,Komatsu Ltd.,水素,GX・エネルギー,8,5,7,ノイズ候補,C,needs_review,事業概要に直接根拠を確認できず,,0,,https://www.komatsu.jp | https://www.komatsu.jp/ja/aboutus/profile | https://www.komatsu.jp/ja/industries-we-support,EQUITY,Industrials,Farm & Heavy Construction Machinery,https://www.komatsu.jp
7,6301,Komatsu Ltd.,自動車製造装置,自動車・モビリティ,8,5,7,ノイズ候補,C,needs_review,事業概要に直接根拠を確認できず,,0,,https://www.komatsu.jp | https://www.komatsu.jp/ja/aboutus/profile | https://www.komatsu.jp/ja/industries-we-support,EQUITY,Industrials,Farm & Heavy Construction Machinery,https://www.komatsu.jp
7,6301,Komatsu Ltd.,自動運転車,自動車・モビリティ,90,68,83,主力テーマ,B,official_site_supported,事業概要に直接根拠を確認できず; official=自動運転; count=1; pos=0.08,自動運転,1,0.0805,https://www.komatsu.jp | https://www.komatsu.jp/ja/aboutus/profile | https://www.komatsu.jp/ja/industries-we-support,EQUITY,Industrials,Farm & Heavy Construction Machinery,https://www.komatsu.jp
7,6301,Komatsu Ltd.,蓄電池,GX・エネルギー,42,40,41,補助関連,C,needs_review,adjacent=battery; growth=development,,0,,https://www.komatsu.jp | https://www.komatsu.jp/ja/aboutus/profile | https://www.komatsu.jp/ja/industries-we-support,EQUITY,Industrials,Farm & Heavy Construction Machinery,https://www.komatsu.jp
7,6301,Komatsu Ltd.,防衛,防衛・国土強靱化,8,5,7,ノイズ候補,C,needs_review,事業概要に直接根拠を確認できず,,0,,https://www.komatsu.jp | https://www.komatsu.jp/ja/aboutus/profile | https://www.komatsu.jp/ja/industries-we-support,EQUITY,Industrials,Farm & Heavy Construction Machinery,https://www.komatsu.jp
7,6302,"Sumitomo Heavy Industries, Ltd.",FA関連,設備投資・機械,42,30,38,ノイズ候補,C,needs_review,adjacent=control system,,0,,https://www.shi.co.jp,EQUITY,Industrials,Specialty Industrial Machinery,https://www.shi.co.jp
7,6302,"Sumitomo Heavy Industries, Ltd.",フィジカルAI,AI・半導体,8,5,7,ノイズ候補,C,needs_review,事業概要に直接根拠を確認できず,,0,,https://www.shi.co.jp,EQUITY,Industrials,Specialty Industrial Machinery,https://www.shi.co.jp
7,6302,"Sumitomo Heavy Industries, Ltd.",ロボット,AI・半導体,8,5,7,ノイズ候補,C,needs_review,事業概要に直接根拠を確認できず,,0,,https://www.shi.co.jp,EQUITY,Industrials,Specialty Industrial Machinery,https://www.shi.co.jp
7,6302,"Sumitomo Heavy Industries, Ltd.",医療機器,医療・ヘルスケア,8,5,7,ノイズ候補,C,needs_review,事業概要に直接根拠を確認できず,,0,,https://www.shi.co.jp,EQUITY,Industrials,Specialty Industrial Machinery,https://www.shi.co.jp
7,6302,"Sumitomo Heavy Industries, Ltd.",半導体製造装置,AI・半導体,82,74,80,主力テーマ,B,ok,direct=semiconductor manufacturing equipment; position=0.45,,0,,https://www.shi.co.jp,EQUITY,Industrials,Specialty Industrial Machinery,https://www.shi.co.jp
7,6302,"Sumitomo Heavy Industries, Ltd.",宇宙開発関連,防衛・国土強靱化,8,5,7,ノイズ候補,C,needs_review,事業概要に直接根拠を確認できず,,0,,https://www.shi.co.jp,EQUITY,Industrials,Specialty Industrial Machinery,https://www.shi.co.jp
7,6302,"Sumitomo Heavy Industries, Ltd.",建設機械,設備投資・機械,66,56,63,有力関連,B,qa_borderline,direct=excavator; position=0.64,,0,,https://www.shi.co.jp,EQUITY,Industrials,Specialty Industrial Machinery,https://www.shi.co.jp
7,6302,"Sumitomo Heavy Industries, Ltd.",機械,設備投資・機械,92,84,90,主力テーマ,A,ok,direct=industrial machinery; position=0.12,,0,,https://www.shi.co.jp,EQUITY,Industrials,Specialty Industrial Machinery,https://www.shi.co.jp
7,6302,"Sumitomo Heavy Industries, Ltd.",自動車軽量化,自動車・モビリティ,8,5,7,ノイズ候補,C,needs_review,事業概要に直接根拠を確認できず,,0,,https://www.shi.co.jp,EQUITY,Industrials,Specialty Industrial Machinery,https://www.shi.co.jp
7,6302,"Sumitomo Heavy Industries, Ltd.",蓄電池,GX・エネルギー,8,5,7,ノイズ候補,C,needs_review,事業概要に直接根拠を確認できず,,0,,https://www.shi.co.jp,EQUITY,Industrials,Specialty Industrial Machinery,https://www.shi.co.jp
7,6302,"Sumitomo Heavy Industries, Ltd.",設備投資,設備投資・機械,92,84,90,主力テーマ,A,ok,direct=industrial machinery; position=0.12,,0,,https://www.shi.co.jp,EQUITY,Industrials,Specialty Industrial Machinery,https://www.shi.co.jp
7,6302,"Sumitomo Heavy Industries, Ltd.",防衛,防衛・国土強靱化,66,56,63,有力関連,B,qa_borderline,direct=defense equipment; position=0.58,,0,,https://www.shi.co.jp,EQUITY,Industrials,Specialty Industrial Machinery,https://www.shi.co.jp
7,6305,"Hitachi Construction Machinery Co., Ltd.",FA関連,設備投資・機械,8,5,7,ノイズ候補,C,needs_review,事業概要に直接根拠を確認できず,,0,,https://www.hitachicm.com,EQUITY,Industrials,Farm & Heavy Construction Machinery,https://www.hitachicm.com
7,6305,"Hitachi Construction Machinery Co., Ltd.",円安メリット,内需・消費,8,5,7,ノイズ候補,C,needs_review_macro,事業概要に直接根拠を確認できず,,0,,https://www.hitachicm.com,EQUITY,Industrials,Farm & Heavy Construction Machinery,https://www.hitachicm.com
7,6305,"Hitachi Construction Machinery Co., Ltd.",国土強靱化,防衛・国土強靱化,8,5,7,ノイズ候補,C,needs_review,事業概要に直接根拠を確認できず,,0,,https://www.hitachicm.com,EQUITY,Industrials,Farm & Heavy Construction Machinery,https://www.hitachicm.com
7,6305,"Hitachi Construction Machinery Co., Ltd.",建設機械,設備投資・機械,97,89,95,主力テーマ,A,ok,direct=construction machinery/excavator; position=0.01,,0,,https://www.hitachicm.com,EQUITY,Industrials,Farm & Heavy Construction Machinery,https://www.hitachicm.com
7,6306,"Nikko Co., Ltd.",アンモニア,GX・エネルギー,8,5,7,ノイズ候補,C,needs_review,事業概要に直接根拠を確認できず,,0,,https://www.nikko-net.co.jp,EQUITY,Industrials,Farm & Heavy Construction Machinery,https://www.nikko-net.co.jp
7,6306,"Nikko Co., Ltd.",国土強靱化,防衛・国土強靱化,8,5,7,ノイズ候補,C,needs_review,事業概要に直接根拠を確認できず,,0,,https://www.nikko-net.co.jp,EQUITY,Industrials,Farm & Heavy Construction Machinery,https://www.nikko-net.co.jp
7,6306,"Nikko Co., Ltd.",機械,設備投資・機械,58,54,57,補助関連,C,needs_review,adjacent=equipment/machine; official=機械; count=2; pos=0.01,機械,2,0.0113,https://www.nikko-net.co.jp,EQUITY,Industrials,Farm & Heavy Construction Machinery,https://www.nikko-net.co.jp
7,6306,"Nikko Co., Ltd.",水素,GX・エネルギー,8,5,7,ノイズ候補,C,needs_review,事業概要に直接根拠を確認できず,,0,,https://www.nikko-net.co.jp,EQUITY,Industrials,Farm & Heavy Construction Machinery,https://www.nikko-net.co.jp
7,6307,"Sansei Co.,Ltd.",機械,設備投資・機械,72,68,71,有力関連,B,needs_review,adjacent=equipment/machine; official=機械; count=6; pos=0.00,機械,6,0.0046,https://sansei-group.co.jp | https://sansei-group.co.jp/pages/125/ | https://sansei-group.co.jp/pages/19/,EQUITY,Industrials,Specialty Business Services,https://sansei-group.co.jp
7,6309,"Tomoe Engineering Co., Ltd.",下水道,防衛・国土強靱化,85,82,84,主力テーマ,B,official_site_supported,direct=wastewater; position=0.68; official=下水道/下水処理/下水; count=4; pos=0.20,下水道 | 下水処理 | 下水,4,0.2006,https://www.tomo-e.co.jp,EQUITY,Industrials,Specialty Industrial Machinery,https://www.tomo-e.co.jp
7,6309,"Tomoe Engineering Co., Ltd.",半導体製造装置,AI・半導体,8,5,7,ノイズ候補,C,needs_review,事業概要に直接根拠を確認できず,,0,,https://www.tomo-e.co.jp,EQUITY,Industrials,Specialty Industrial Machinery,https://www.tomo-e.co.jp
7,6309,"Tomoe Engineering Co., Ltd.",半導体部材・部品,AI・半導体,42,30,38,ノイズ候補,C,needs_review,adjacent=electronic material,,0,,https://www.tomo-e.co.jp,EQUITY,Industrials,Specialty Industrial Machinery,https://www.tomo-e.co.jp
7,6309,"Tomoe Engineering Co., Ltd.",機械,設備投資・機械,82,74,80,主力テーマ,B,ok,direct=industrial machinery; official=機械; count=2; pos=0.03,機械,2,0.0341,https://www.tomo-e.co.jp,EQUITY,Industrials,Specialty Industrial Machinery,https://www.tomo-e.co.jp
7,6310,"Iseki & Co., Ltd.",円安メリット,内需・消費,8,5,7,ノイズ候補,C,needs_review_macro,事業概要に直接根拠を確認できず,,0,,https://www.iseki.co.jp | https://www.iseki.co.jp/about/,EQUITY,Industrials,Farm & Heavy Construction Machinery,https://www.iseki.co.jp
7,6310,"Iseki & Co., Ltd.",機械,設備投資・機械,72,68,71,有力関連,B,needs_review,adjacent=machine; growth=development; official=機械; count=15; pos=0.00,機械,15,0.0005,https://www.iseki.co.jp | https://www.iseki.co.jp/about/,EQUITY,Industrials,Farm & Heavy Construction Machinery,https://www.iseki.co.jp
7,6315,TOWA Corporation,円安メリット,内需・消費,8,5,7,ノイズ候補,C,needs_review_macro,事業概要に直接根拠を確認できず,,0,,https://www.towajapan.co.jp | https://www.towajapan.co.jp/jp/products/ | https://www.towajapan.co.jp/jp/company/about/,EQUITY,Technology,Semiconductor Equipment & Materials,https://www.towajapan.co.jp
7,6315,TOWA Corporation,半導体製造装置,AI・半導体,97,99,98,主力テーマ,A,ok,industry=Semiconductor Equipment & Materials; direct=semiconductor manufacturing equipment/semiconductor equipment; position=0.08; growth=development,,0,,https://www.towajapan.co.jp | https://www.towajapan.co.jp/jp/products/ | https://www.towajapan.co.jp/jp/company/about/,EQUITY,Technology,Semiconductor Equipment & Materials,https://www.towajapan.co.jp
7,6315,TOWA Corporation,核融合発電,GX・エネルギー,8,5,7,ノイズ候補,C,needs_review,事業概要に直接根拠を確認できず,,0,,https://www.towajapan.co.jp | https://www.towajapan.co.jp/jp/products/ | https://www.towajapan.co.jp/jp/company/about/,EQUITY,Technology,Semiconductor Equipment & Materials,https://www.towajapan.co.jp
7,6315,TOWA Corporation,機械,設備投資・機械,42,40,41,補助関連,C,needs_review,adjacent=equipment; growth=development,,0,,https://www.towajapan.co.jp | https://www.towajapan.co.jp/jp/products/ | https://www.towajapan.co.jp/jp/company/about/,EQUITY,Technology,Semiconductor Equipment & Materials,https://www.towajapan.co.jp
7,6315,TOWA Corporation,生成AI,AI・半導体,8,5,7,ノイズ候補,C,needs_review,事業概要に直接根拠を確認できず,,0,,https://www.towajapan.co.jp | https://www.towajapan.co.jp/jp/products/ | https://www.towajapan.co.jp/jp/company/about/,EQUITY,Technology,Semiconductor Equipment & Materials,https://www.towajapan.co.jp
7,6315,TOWA Corporation,自動車部材・部品,自動車・モビリティ,8,5,7,ノイズ候補,C,needs_review,事業概要に直接根拠を確認できず,,0,,https://www.towajapan.co.jp | https://www.towajapan.co.jp/jp/products/ | https://www.towajapan.co.jp/jp/company/about/,EQUITY,Technology,Semiconductor Equipment & Materials,https://www.towajapan.co.jp
7,6316,"Maruyama Mfg. Co., Inc.",水素,GX・エネルギー,72,78,74,有力関連,B,needs_review,事業概要に直接根拠を確認できず; official=水素; count=1; pos=0.35,水素,1,0.3532,https://www.maruyama.co.jp | https://www.maruyama.co.jp/company/outline.html | https://www.maruyama.co.jp/company/office.html,EQUITY,Industrials,Farm & Heavy Construction Machinery,https://www.maruyama.co.jp
7,6316,"Maruyama Mfg. Co., Inc.",防災,防衛・国土強靱化,90,96,92,主力テーマ,A,official_site_supported,direct=disaster prevention; position=0.58; official=防災; count=4; pos=0.01,防災,4,0.0086,https://www.maruyama.co.jp | https://www.maruyama.co.jp/company/outline.html | https://www.maruyama.co.jp/company/office.html,EQUITY,Industrials,Farm & Heavy Construction Machinery,https://www.maruyama.co.jp
7,6317,Kitagawa Corporation,半導体部材・部品,AI・半導体,8,5,7,ノイズ候補,C,needs_review,事業概要に直接根拠を確認できず,,0,,https://kiw.co.jp,EQUITY,Industrials,Specialty Industrial Machinery,https://kiw.co.jp
7,6317,Kitagawa Corporation,工作機械,設備投資・機械,92,84,90,主力テーマ,A,ok,direct=machine tool; position=0.08,,0,,https://kiw.co.jp,EQUITY,Industrials,Specialty Industrial Machinery,https://kiw.co.jp
7,6317,Kitagawa Corporation,建設機械,設備投資・機械,8,5,7,ノイズ候補,C,needs_review,事業概要に直接根拠を確認できず,,0,,https://kiw.co.jp,EQUITY,Industrials,Specialty Industrial Machinery,https://kiw.co.jp
7,6317,Kitagawa Corporation,機械,設備投資・機械,92,84,90,主力テーマ,A,ok,direct=industrial machinery; position=0.11,,0,,https://kiw.co.jp,EQUITY,Industrials,Specialty Industrial Machinery,https://kiw.co.jp
7,6317,Kitagawa Corporation,自動車部材・部品,自動車・モビリティ,42,30,38,ノイズ候補,C,needs_review,adjacent=automotive,,0,,https://kiw.co.jp,EQUITY,Industrials,Specialty Industrial Machinery,https://kiw.co.jp
7,6322,Tacmina Corporation,半導体製造装置,AI・半導体,8,5,7,ノイズ候補,C,needs_review,事業概要に直接根拠を確認できず,,0,,https://www.tacmina.com | https://www.tacmina.com/company/ | https://www.tacmina.com/products/,EQUITY,Industrials,Specialty Industrial Machinery,https://www.tacmina.com
7,6322,Tacmina Corporation,機械,設備投資・機械,82,74,80,主力テーマ,B,ok,direct=industrial machinery,,0,,https://www.tacmina.com | https://www.tacmina.com/company/ | https://www.tacmina.com/products/,EQUITY,Industrials,Specialty Industrial Machinery,https://www.tacmina.com
7,6323,Rorze Corporation,FA関連,設備投資・機械,72,68,71,有力関連,B,needs_review,adjacent=automation; growth=development; official=FA; count=2; pos=0.40,FA,2,0.4014,https://www.rorze.com | https://www.rorze.com/company/overview/ | https://www.rorze.com/products/,EQUITY,Technology,Semiconductor Equipment & Materials,https://www.rorze.com
7,6323,Rorze Corporation,ロボット,AI・半導体,86,88,87,主力テーマ,A,ok,direct=robot; position=0.21; growth=development,,0,,https://www.rorze.com | https://www.rorze.com/company/overview/ | https://www.rorze.com/products/,EQUITY,Technology,Semiconductor Equipment & Materials,https://www.rorze.com
7,6323,Rorze Corporation,半導体製造装置,AI・半導体,94,96,95,主力テーマ,A,ok,industry=Semiconductor Equipment & Materials; direct=semiconductor equipment; growth=development,,0,,https://www.rorze.com | https://www.rorze.com/company/overview/ | https://www.rorze.com/products/,EQUITY,Technology,Semiconductor Equipment & Materials,https://www.rorze.com
7,6323,Rorze Corporation,機械,設備投資・機械,46,44,45,補助関連,C,needs_review,adjacent=equipment/machine; growth=development,,0,,https://www.rorze.com | https://www.rorze.com/company/overview/ | https://www.rorze.com/products/,EQUITY,Technology,Semiconductor Equipment & Materials,https://www.rorze.com
7,6323,Rorze Corporation,設備投資,設備投資・機械,58,56,57,補助関連,C,needs_review,direct=production equipment; position=0.80; growth=development,,0,,https://www.rorze.com | https://www.rorze.com/company/overview/ | https://www.rorze.com/products/,EQUITY,Technology,Semiconductor Equipment & Materials,https://www.rorze.com
7,6324,Harmonic Drive Systems Inc.,FA関連,設備投資・機械,72,78,74,有力関連,B,needs_review,事業概要に直接根拠を確認できず; official=FA; count=1; pos=0.76,FA,1,0.7576,https://www.hds.co.jp,EQUITY,Industrials,Specialty Industrial Machinery,https://www.hds.co.jp
7,6324,Harmonic Drive Systems Inc.,サービスロボット,設備投資・機械,42,30,38,ノイズ候補,C,needs_review,adjacent=robot,,0,,https://www.hds.co.jp,EQUITY,Industrials,Specialty Industrial Machinery,https://www.hds.co.jp
7,6324,Harmonic Drive Systems Inc.,フィジカルAI,AI・半導体,42,30,38,ノイズ候補,C,needs_review,adjacent=robot,,0,,https://www.hds.co.jp,EQUITY,Industrials,Specialty Industrial Machinery,https://www.hds.co.jp
7,6324,Harmonic Drive Systems Inc.,ロボット,AI・半導体,90,96,92,主力テーマ,A,official_site_supported,direct=robot; position=0.80; official=ロボット; count=3; pos=0.07,ロボット,3,0.0662,https://www.hds.co.jp,EQUITY,Industrials,Specialty Industrial Machinery,https://www.hds.co.jp
7,6324,Harmonic Drive Systems Inc.,半導体製造装置,AI・半導体,58,46,54,補助関連,C,needs_review,direct=semiconductor manufacturing equipment; position=0.81,,0,,https://www.hds.co.jp,EQUITY,Industrials,Specialty Industrial Machinery,https://www.hds.co.jp
7,6324,Harmonic Drive Systems Inc.,宇宙開発関連,防衛・国土強靱化,8,5,7,ノイズ候補,C,needs_review,事業概要に直接根拠を確認できず,,0,,https://www.hds.co.jp,EQUITY,Industrials,Specialty Industrial Machinery,https://www.hds.co.jp
7,6324,Harmonic Drive Systems Inc.,工作機械,設備投資・機械,42,30,38,ノイズ候補,C,needs_review,adjacent=industrial machinery,,0,,https://www.hds.co.jp,EQUITY,Industrials,Specialty Industrial Machinery,https://www.hds.co.jp
7,6324,Harmonic Drive Systems Inc.,機械,設備投資・機械,82,74,80,主力テーマ,B,ok,direct=industrial machinery; official=機械; count=4; pos=0.77,機械,4,0.7727,https://www.hds.co.jp,EQUITY,Industrials,Specialty Industrial Machinery,https://www.hds.co.jp
7,6324,Harmonic Drive Systems Inc.,空飛ぶクルマ,自動車・モビリティ,8,5,7,ノイズ候補,C,needs_review,事業概要に直接根拠を確認できず,,0,,https://www.hds.co.jp,EQUITY,Industrials,Specialty Industrial Machinery,https://www.hds.co.jp
7,6324,Harmonic Drive Systems Inc.,自動車部材・部品,自動車・モビリティ,8,5,7,ノイズ候補,C,needs_review,事業概要に直接根拠を確認できず,,0,,https://www.hds.co.jp,EQUITY,Industrials,Specialty Industrial Machinery,https://www.hds.co.jp
7,6324,Harmonic Drive Systems Inc.,設備投資,設備投資・機械,82,74,80,主力テーマ,B,ok,direct=industrial machinery,,0,,https://www.hds.co.jp,EQUITY,Industrials,Specialty Industrial Machinery,https://www.hds.co.jp
7,6325,"Takakita Co., Ltd.",機械,設備投資・機械,42,30,38,ノイズ候補,C,needs_review,adjacent=machine; official=機械; count=1; pos=0.01,機械,1,0.0124,https://www.takakita-net.co.jp,EQUITY,Industrials,Farm & Heavy Construction Machinery,https://www.takakita-net.co.jp
7,6325,"Takakita Co., Ltd.",鉄道関連,物流・海運,8,5,7,ノイズ候補,C,needs_review,事業概要に直接根拠を確認できず,,0,,https://www.takakita-net.co.jp,EQUITY,Industrials,Farm & Heavy Construction Machinery,https://www.takakita-net.co.jp
7,6325,"Takakita Co., Ltd.",風力発電,GX・エネルギー,8,5,7,ノイズ候補,C,needs_review,事業概要に直接根拠を確認できず,,0,,https://www.takakita-net.co.jp,EQUITY,Industrials,Farm & Heavy Construction Machinery,https://www.takakita-net.co.jp
7,6326,Kubota Corporation,ドローン,防衛・国土強靱化,8,5,7,ノイズ候補,C,needs_review,事業概要に直接根拠を確認できず,,0,,https://www.kubota.co.jp,EQUITY,Industrials,Farm & Heavy Construction Machinery,https://www.kubota.co.jp
7,6326,Kubota Corporation,下水道,防衛・国土強靱化,66,56,63,有力関連,B,qa_borderline,direct=sewage/wastewater; position=0.56,,0,,https://www.kubota.co.jp,EQUITY,Industrials,Farm & Heavy Construction Machinery,https://www.kubota.co.jp
7,6326,Kubota Corporation,介護関連,医療・ヘルスケア,8,5,7,ノイズ候補,C,needs_review,事業概要に直接根拠を確認できず,,0,,https://www.kubota.co.jp,EQUITY,Industrials,Farm & Heavy Construction Machinery,https://www.kubota.co.jp
7,6326,Kubota Corporation,円安メリット,内需・消費,8,5,7,ノイズ候補,C,needs_review_macro,事業概要に直接根拠を確認できず,,0,,https://www.kubota.co.jp,EQUITY,Industrials,Farm & Heavy Construction Machinery,https://www.kubota.co.jp
7,6326,Kubota Corporation,太陽光発電関連,GX・エネルギー,8,5,7,ノイズ候補,C,needs_review,事業概要に直接根拠を確認できず,,0,,https://www.kubota.co.jp,EQUITY,Industrials,Farm & Heavy Construction Machinery,https://www.kubota.co.jp
7,6326,Kubota Corporation,建設機械,設備投資・機械,97,89,95,主力テーマ,A,ok,direct=construction machinery/excavator; position=0.04,,0,,https://www.kubota.co.jp,EQUITY,Industrials,Farm & Heavy Construction Machinery,https://www.kubota.co.jp
7,6326,Kubota Corporation,水素,GX・エネルギー,8,5,7,ノイズ候補,C,needs_review,事業概要に直接根拠を確認できず,,0,,https://www.kubota.co.jp,EQUITY,Industrials,Farm & Heavy Construction Machinery,https://www.kubota.co.jp
7,6326,Kubota Corporation,水道関連,防衛・国土強靱化,66,56,63,有力関連,B,qa_borderline,direct=water treatment; position=0.56,,0,,https://www.kubota.co.jp,EQUITY,Industrials,Farm & Heavy Construction Machinery,https://www.kubota.co.jp
7,6326,Kubota Corporation,自動運転車,自動車・モビリティ,8,5,7,ノイズ候補,C,needs_review,事業概要に直接根拠を確認できず,,0,,https://www.kubota.co.jp,EQUITY,Industrials,Farm & Heavy Construction Machinery,https://www.kubota.co.jp
7,6327,"Kitagawa Seiki Co.,Ltd.",FA関連,設備投資・機械,92,90,91,主力テーマ,A,ok,direct=factory automation; position=0.08; official=FA; count=8; pos=0.05,FA,8,0.0478,https://www.kitagawaseiki.co.jp | https://www.kitagawaseiki.co.jp/about-locations/ | https://www.kitagawaseiki.co.jp/product/,EQUITY,Industrials,Specialty Industrial Machinery,https://www.kitagawaseiki.co.jp
7,6327,"Kitagawa Seiki Co.,Ltd.",宇宙開発関連,防衛・国土強靱化,86,78,84,主力テーマ,B,ok,direct=satellite; position=0.30; official=衛星; count=1; pos=0.83,衛星,1,0.8344,https://www.kitagawaseiki.co.jp | https://www.kitagawaseiki.co.jp/about-locations/ | https://www.kitagawaseiki.co.jp/product/,EQUITY,Industrials,Specialty Industrial Machinery,https://www.kitagawaseiki.co.jp
7,6327,"Kitagawa Seiki Co.,Ltd.",機械,設備投資・機械,82,74,80,主力テーマ,B,ok,direct=industrial machinery; official=機械; count=12; pos=0.05,機械,12,0.0496,https://www.kitagawaseiki.co.jp | https://www.kitagawaseiki.co.jp/about-locations/ | https://www.kitagawaseiki.co.jp/product/,EQUITY,Industrials,Specialty Industrial Machinery,https://www.kitagawaseiki.co.jp
7,6327,"Kitagawa Seiki Co.,Ltd.",自動車製造装置,自動車・モビリティ,42,30,38,ノイズ候補,C,needs_review,adjacent=factory automation,,0,,https://www.kitagawaseiki.co.jp | https://www.kitagawaseiki.co.jp/about-locations/ | https://www.kitagawaseiki.co.jp/product/,EQUITY,Industrials,Specialty Industrial Machinery,https://www.kitagawaseiki.co.jp
7,6327,"Kitagawa Seiki Co.,Ltd.",自動車軽量化,自動車・モビリティ,8,5,7,ノイズ候補,C,needs_review,事業概要に直接根拠を確認できず,,0,,https://www.kitagawaseiki.co.jp | https://www.kitagawaseiki.co.jp/about-locations/ | https://www.kitagawaseiki.co.jp/product/,EQUITY,Industrials,Specialty Industrial Machinery,https://www.kitagawaseiki.co.jp
7,6327,"Kitagawa Seiki Co.,Ltd.",自動車部材・部品,自動車・モビリティ,8,5,7,ノイズ候補,C,needs_review,事業概要に直接根拠を確認できず,,0,,https://www.kitagawaseiki.co.jp | https://www.kitagawaseiki.co.jp/about-locations/ | https://www.kitagawaseiki.co.jp/product/,EQUITY,Industrials,Specialty Industrial Machinery,https://www.kitagawaseiki.co.jp
7,6328,"Ebara Jitsugyo Co.,Ltd.",アンモニア,GX・エネルギー,8,5,7,ノイズ候補,C,needs_review,事業概要に直接根拠を確認できず,,0,,https://www.ejk.co.jp | https://www.ejk.co.jp/company/ | https://www.ejk.co.jp/company/overview/,EQUITY,Industrials,Conglomerates,https://www.ejk.co.jp
7,6328,"Ebara Jitsugyo Co.,Ltd.",下水道,防衛・国土強靱化,91,97,93,主力テーマ,A,ok,direct=sewerage/sewage; position=0.27; official=下水道/下水; count=2; pos=0.89,下水道 | 下水,2,0.8870,https://www.ejk.co.jp | https://www.ejk.co.jp/company/ | https://www.ejk.co.jp/company/overview/,EQUITY,Industrials,Conglomerates,https://www.ejk.co.jp
7,6328,"Ebara Jitsugyo Co.,Ltd.",機械,設備投資・機械,58,54,57,補助関連,C,needs_review,adjacent=equipment/machine; official=機械; count=3; pos=0.85,機械,3,0.8545,https://www.ejk.co.jp | https://www.ejk.co.jp/company/ | https://www.ejk.co.jp/company/overview/,EQUITY,Industrials,Conglomerates,https://www.ejk.co.jp
7,6328,"Ebara Jitsugyo Co.,Ltd.",水道関連,防衛・国土強靱化,97,100,98,主力テーマ,A,ok,direct=water supply/water treatment; position=0.18; official=水道/水処理; count=14; pos=0.07,水道 | 水処理,14,0.0671,https://www.ejk.co.jp | https://www.ejk.co.jp/company/ | https://www.ejk.co.jp/company/overview/,EQUITY,Industrials,Conglomerates,https://www.ejk.co.jp
7,6328,"Ebara Jitsugyo Co.,Ltd.",蓄電池,GX・エネルギー,90,96,92,主力テーマ,A,official_site_supported,事業概要に直接根拠を確認できず; official=蓄電池; count=3; pos=0.06,蓄電池,3,0.0614,https://www.ejk.co.jp | https://www.ejk.co.jp/company/ | https://www.ejk.co.jp/company/overview/,EQUITY,Industrials,Conglomerates,https://www.ejk.co.jp
7,6328,"Ebara Jitsugyo Co.,Ltd.",防災,防衛・国土強靱化,90,96,92,主力テーマ,A,official_site_supported,事業概要に直接根拠を確認できず; official=防災; count=3; pos=0.05,防災,3,0.0459,https://www.ejk.co.jp | https://www.ejk.co.jp/company/ | https://www.ejk.co.jp/company/overview/,EQUITY,Industrials,Conglomerates,https://www.ejk.co.jp
7,6330,Toyo Engineering Corporation,アンモニア,GX・エネルギー,8,5,7,ノイズ候補,C,needs_review,事業概要に直接根拠を確認できず,,0,,https://www.toyo-eng.com | https://www.toyo-eng.com/jp/en/company/ | https://www.toyo-eng.com/jp/en/company/special/,EQUITY,Industrials,Engineering & Construction,https://www.toyo-eng.com
7,6330,Toyo Engineering Corporation,レアアース,資源・素材,8,5,7,ノイズ候補,C,needs_review,事業概要に直接根拠を確認できず,,0,,https://www.toyo-eng.com | https://www.toyo-eng.com/jp/en/company/ | https://www.toyo-eng.com/jp/en/company/special/,EQUITY,Industrials,Engineering & Construction,https://www.toyo-eng.com
7,6330,Toyo Engineering Corporation,円安メリット,内需・消費,8,5,7,ノイズ候補,C,needs_review_macro,事業概要に直接根拠を確認できず,,0,,https://www.toyo-eng.com | https://www.toyo-eng.com/jp/en/company/ | https://www.toyo-eng.com/jp/en/company/special/,EQUITY,Industrials,Engineering & Construction,https://www.toyo-eng.com
7,6330,Toyo Engineering Corporation,水素,GX・エネルギー,8,5,7,ノイズ候補,C,needs_review,事業概要に直接根拠を確認できず,,0,,https://www.toyo-eng.com | https://www.toyo-eng.com/jp/en/company/ | https://www.toyo-eng.com/jp/en/company/special/,EQUITY,Industrials,Engineering & Construction,https://www.toyo-eng.com
7,6330,Toyo Engineering Corporation,資源開発,資源・素材,58,58,58,補助関連,C,needs_review,direct=resource development; position=0.80; growth=development/research,,0,,https://www.toyo-eng.com | https://www.toyo-eng.com/jp/en/company/ | https://www.toyo-eng.com/jp/en/company/special/,EQUITY,Industrials,Engineering & Construction,https://www.toyo-eng.com
7,6330,Toyo Engineering Corporation,鉄道関連,物流・海運,8,5,7,ノイズ候補,C,needs_review,事業概要に直接根拠を確認できず,,0,,https://www.toyo-eng.com | https://www.toyo-eng.com/jp/en/company/ | https://www.toyo-eng.com/jp/en/company/special/,EQUITY,Industrials,Engineering & Construction,https://www.toyo-eng.com
7,6331,"Mitsubishi Kakoki Kaisha, Ltd.",下水道,防衛・国土強靱化,86,78,84,主力テーマ,B,ok,direct=sewage; position=0.35,,0,,https://www.kakoki.co.jp,EQUITY,Industrials,Pollution & Treatment Controls,https://www.kakoki.co.jp
7,6331,"Mitsubishi Kakoki Kaisha, Ltd.",機械,設備投資・機械,46,34,42,補助関連,C,needs_review,adjacent=equipment/machine,,0,,https://www.kakoki.co.jp,EQUITY,Industrials,Pollution & Treatment Controls,https://www.kakoki.co.jp
7,6331,"Mitsubishi Kakoki Kaisha, Ltd.",水素,GX・エネルギー,42,30,38,ノイズ候補,C,needs_review,adjacent=hydrogen,,0,,https://www.kakoki.co.jp,EQUITY,Industrials,Pollution & Treatment Controls,https://www.kakoki.co.jp
7,6332,"Tsukishima Holdings Co., Ltd.",下水道,防衛・国土強靱化,92,98,94,主力テーマ,A,ok,direct=sewage; position=0.29; official=下水道/下水処理/下水; count=15; pos=0.03,下水道 | 下水処理 | 下水,15,0.0271,https://www.tsk-g.co.jp | https://www.tsk-g.co.jp/tech/ | https://www.tsk-g.co.jp/company/outline/,EQUITY,Industrials,Pollution & Treatment Controls,https://www.tsk-g.co.jp
7,6332,"Tsukishima Holdings Co., Ltd.",機械,設備投資・機械,46,34,42,補助関連,C,needs_review,adjacent=equipment/machine; official=機械; count=1; pos=0.18,機械,1,0.1755,https://www.tsk-g.co.jp | https://www.tsk-g.co.jp/tech/ | https://www.tsk-g.co.jp/company/outline/,EQUITY,Industrials,Pollution & Treatment Controls,https://www.tsk-g.co.jp
7,6332,"Tsukishima Holdings Co., Ltd.",水道関連,防衛・国土強靱化,92,98,94,主力テーマ,A,ok,direct=water treatment; position=0.15; official=水道/水処理; count=7; pos=0.03,水道 | 水処理,7,0.0273,https://www.tsk-g.co.jp | https://www.tsk-g.co.jp/tech/ | https://www.tsk-g.co.jp/company/outline/,EQUITY,Industrials,Pollution & Treatment Controls,https://www.tsk-g.co.jp
7,6333,Teikoku Corporation,アンモニア,GX・エネルギー,8,5,7,ノイズ候補,C,needs_review,事業概要に直接根拠を確認できず,,0,,https://www.teikokucp.co.jp,EQUITY,Industrials,Specialty Industrial Machinery,https://www.teikokucp.co.jp
7,6333,Teikoku Corporation,機械,設備投資・機械,82,74,80,主力テーマ,B,ok,direct=industrial machinery,,0,,https://www.teikokucp.co.jp,EQUITY,Industrials,Specialty Industrial Machinery,https://www.teikokucp.co.jp
7,6333,Teikoku Corporation,水素,GX・エネルギー,8,5,7,ノイズ候補,C,needs_review,事業概要に直接根拠を確認できず,,0,,https://www.teikokucp.co.jp,EQUITY,Industrials,Specialty Industrial Machinery,https://www.teikokucp.co.jp
7,6333,Teikoku Corporation,電力設備投資関連,データセンター・電力,58,46,54,補助関連,C,needs_review,direct=substation; position=0.68,,0,,https://www.teikokucp.co.jp,EQUITY,Industrials,Specialty Industrial Machinery,https://www.teikokucp.co.jp
7,6334,"Meiji Machine Co., Ltd.",不動産関連,不動産・建設,8,5,7,ノイズ候補,C,needs_review,事業概要に直接根拠を確認できず,,0,,https://www.meiji-kikai.co.jp,EQUITY,Industrials,Specialty Industrial Machinery,https://www.meiji-kikai.co.jp
7,6334,"Meiji Machine Co., Ltd.",太陽光発電関連,GX・エネルギー,8,5,7,ノイズ候補,C,needs_review,事業概要に直接根拠を確認できず,,0,,https://www.meiji-kikai.co.jp,EQUITY,Industrials,Specialty Industrial Machinery,https://www.meiji-kikai.co.jp
7,6334,"Meiji Machine Co., Ltd.",機械,設備投資・機械,82,74,80,主力テーマ,B,ok,direct=industrial machinery,,0,,https://www.meiji-kikai.co.jp,EQUITY,Industrials,Specialty Industrial Machinery,https://www.meiji-kikai.co.jp
7,6335,"Tokyo Kikai Seisakusho, Ltd.",FA関連,設備投資・機械,92,90,91,主力テーマ,A,ok,direct=factory automation; position=0.13; official=FA; count=15; pos=0.02,FA,15,0.0153,https://www.tks-net.co.jp | https://www.tks-net.co.jp/company/profile/ | https://www.tks-net.co.jp/seihin/,EQUITY,Industrials,Specialty Industrial Machinery,https://www.tks-net.co.jp
7,6335,"Tokyo Kikai Seisakusho, Ltd.",機械,設備投資・機械,82,74,80,主力テーマ,B,ok,direct=industrial machinery; official=機械; count=6; pos=0.00,機械,6,0.0013,https://www.tks-net.co.jp | https://www.tks-net.co.jp/company/profile/ | https://www.tks-net.co.jp/seihin/,EQUITY,Industrials,Specialty Industrial Machinery,https://www.tks-net.co.jp
7,6335,"Tokyo Kikai Seisakusho, Ltd.",防衛,防衛・国土強靱化,8,5,7,ノイズ候補,C,needs_review,事業概要に直接根拠を確認できず,,0,,https://www.tks-net.co.jp | https://www.tks-net.co.jp/company/profile/ | https://www.tks-net.co.jp/seihin/,EQUITY,Industrials,Specialty Industrial Machinery,https://www.tks-net.co.jp
7,6336,"Ishii Hyoki Co., Ltd.",全固体電池,自動車・モビリティ,8,5,7,ノイズ候補,C,needs_review,事業概要に直接根拠を確認できず,,0,,https://www.ishiihyoki.co.jp,EQUITY,Industrials,Specialty Industrial Machinery,https://www.ishiihyoki.co.jp
7,6336,"Ishii Hyoki Co., Ltd.",半導体製造装置,AI・半導体,8,5,7,ノイズ候補,C,needs_review,事業概要に直接根拠を確認できず,,0,,https://www.ishiihyoki.co.jp,EQUITY,Industrials,Specialty Industrial Machinery,https://www.ishiihyoki.co.jp
7,6337,TESEC Corporation,半導体製造装置,AI・半導体,94,96,95,主力テーマ,A,ok,industry=Semiconductor Equipment & Materials; direct=semiconductor equipment; growth=develops,,0,,https://www.tesec.co.jp | https://www.tesec.co.jp/products | https://www.tesec.co.jp/support/afterservice,EQUITY,Technology,Semiconductor Equipment & Materials,https://www.tesec.co.jp
7,6338,Takatori Corporation,医療機器,医療・ヘルスケア,92,96,93,主力テーマ,A,ok,direct=medical device; position=0.14; growth=development/research,,0,,https://www.takatori-g.co.jp,EQUITY,Technology,Semiconductors,https://www.takatori-g.co.jp
7,6338,Takatori Corporation,半導体製造装置,AI・半導体,82,86,83,主力テーマ,B,ok,direct=semiconductor equipment; position=0.43; growth=development/research,,0,,https://www.takatori-g.co.jp,EQUITY,Technology,Semiconductors,https://www.takatori-g.co.jp
7,6338,Takatori Corporation,機械,設備投資・機械,46,46,46,補助関連,C,needs_review,adjacent=equipment/machine; growth=development/research,,0,,https://www.takatori-g.co.jp,EQUITY,Technology,Semiconductors,https://www.takatori-g.co.jp
7,6339,"Sintokogio,Ltd.",3Dプリンター,設備投資・機械,90,68,83,主力テーマ,B,official_site_supported,direct=3d printer; position=0.79; official=3Dプリンタ/3Dプリンター; count=2; pos=0.16,3Dプリンタ | 3Dプリンター,2,0.1621,https://www.sinto.co.jp | https://www.sinto.co.jp/product/ | https://www.sinto.co.jp/product/floor/,EQUITY,Industrials,Specialty Industrial Machinery,https://www.sinto.co.jp
7,6339,"Sintokogio,Ltd.",全固体電池,自動車・モビリティ,8,5,7,ノイズ候補,C,needs_review,事業概要に直接根拠を確認できず,,0,,https://www.sinto.co.jp | https://www.sinto.co.jp/product/ | https://www.sinto.co.jp/product/floor/,EQUITY,Industrials,Specialty Industrial Machinery,https://www.sinto.co.jp
7,6339,"Sintokogio,Ltd.",半導体製造装置,AI・半導体,8,5,7,ノイズ候補,C,needs_review,事業概要に直接根拠を確認できず,,0,,https://www.sinto.co.jp | https://www.sinto.co.jp/product/ | https://www.sinto.co.jp/product/floor/,EQUITY,Industrials,Specialty Industrial Machinery,https://www.sinto.co.jp
7,6339,"Sintokogio,Ltd.",機械,設備投資・機械,82,74,80,主力テーマ,B,ok,direct=industrial machinery; official=機械; count=2; pos=0.02,機械,2,0.0151,https://www.sinto.co.jp | https://www.sinto.co.jp/product/ | https://www.sinto.co.jp/product/floor/,EQUITY,Industrials,Specialty Industrial Machinery,https://www.sinto.co.jp
7,6339,"Sintokogio,Ltd.",自動車製造装置,自動車・モビリティ,8,5,7,ノイズ候補,C,needs_review,事業概要に直接根拠を確認できず,,0,,https://www.sinto.co.jp | https://www.sinto.co.jp/product/ | https://www.sinto.co.jp/product/floor/,EQUITY,Industrials,Specialty Industrial Machinery,https://www.sinto.co.jp
7,6339,"Sintokogio,Ltd.",自動車軽量化,自動車・モビリティ,8,5,7,ノイズ候補,C,needs_review,事業概要に直接根拠を確認できず,,0,,https://www.sinto.co.jp | https://www.sinto.co.jp/product/ | https://www.sinto.co.jp/product/floor/,EQUITY,Industrials,Specialty Industrial Machinery,https://www.sinto.co.jp
7,6339,"Sintokogio,Ltd.",自動車部材・部品,自動車・モビリティ,90,68,83,主力テーマ,B,official_site_supported,adjacent=automotive; official=自動車部品; count=1; pos=0.15,自動車部品,1,0.1526,https://www.sinto.co.jp | https://www.sinto.co.jp/product/ | https://www.sinto.co.jp/product/floor/,EQUITY,Industrials,Specialty Industrial Machinery,https://www.sinto.co.jp
7,6339,"Sintokogio,Ltd.",設備投資,設備投資・機械,90,74,85,主力テーマ,A,ok,direct=industrial machinery; official=設備投資; count=1; pos=0.08,設備投資,1,0.0845,https://www.sinto.co.jp | https://www.sinto.co.jp/product/ | https://www.sinto.co.jp/product/floor/,EQUITY,Industrials,Specialty Industrial Machinery,https://www.sinto.co.jp
7,6339,"Sintokogio,Ltd.",電気自動車関連,自動車・モビリティ,92,90,91,主力テーマ,A,official_site_supported,事業概要に直接根拠を確認できず; official=EV; count=6; pos=0.01,EV,6,0.0142,https://www.sinto.co.jp | https://www.sinto.co.jp/product/ | https://www.sinto.co.jp/product/floor/,EQUITY,Industrials,Specialty Industrial Machinery,https://www.sinto.co.jp
7,6340,Shibuya Corporation,3Dプリンター,設備投資・機械,8,5,7,ノイズ候補,C,needs_review,事業概要に直接根拠を確認できず,,0,,https://www.shibuya.co.jp,EQUITY,Industrials,Specialty Industrial Machinery,https://www.shibuya.co.jp
7,6340,Shibuya Corporation,ロボット,AI・半導体,8,5,7,ノイズ候補,C,needs_review,事業概要に直接根拠を確認できず,,0,,https://www.shibuya.co.jp,EQUITY,Industrials,Specialty Industrial Machinery,https://www.shibuya.co.jp
7,6340,Shibuya Corporation,再生医療,医療・ヘルスケア,66,56,63,有力関連,B,qa_borderline,direct=regenerative medicine; position=0.56,,0,,https://www.shibuya.co.jp,EQUITY,Industrials,Specialty Industrial Machinery,https://www.shibuya.co.jp
7,6340,Shibuya Corporation,医療機器,医療・ヘルスケア,58,46,54,補助関連,C,needs_review,direct=medical equipment; position=0.88,,0,,https://www.shibuya.co.jp,EQUITY,Industrials,Specialty Industrial Machinery,https://www.shibuya.co.jp
7,6340,Shibuya Corporation,半導体製造装置,AI・半導体,8,5,7,ノイズ候補,C,needs_review,事業概要に直接根拠を確認できず,,0,,https://www.shibuya.co.jp,EQUITY,Industrials,Specialty Industrial Machinery,https://www.shibuya.co.jp
7,6340,Shibuya Corporation,機械,設備投資・機械,82,74,80,主力テーマ,B,ok,direct=industrial machinery,,0,,https://www.shibuya.co.jp,EQUITY,Industrials,Specialty Industrial Machinery,https://www.shibuya.co.jp
7,6340,Shibuya Corporation,水素,GX・エネルギー,8,5,7,ノイズ候補,C,needs_review,事業概要に直接根拠を確認できず,,0,,https://www.shibuya.co.jp,EQUITY,Industrials,Specialty Industrial Machinery,https://www.shibuya.co.jp
7,6342,"Taihei Machinery Works, Limited",機械,設備投資・機械,72,68,71,有力関連,B,needs_review,adjacent=machine; official=機械; count=22; pos=0.00,機械,22,0.0005,https://www.taihei-ss.co.jp | https://www.taihei-ss.co.jp/company/ | https://www.taihei-ss.co.jp/product/,EQUITY,Basic Materials,Lumber & Wood Production,https://www.taihei-ss.co.jp
7,6343,Freesia Macross Corporation,住宅関連,不動産・建設,8,5,7,ノイズ候補,C,needs_review,事業概要に直接根拠を確認できず,,0,,https://www.freesiamacross-extruder.com,EQUITY,Industrials,Specialty Industrial Machinery,https://www.freesiamacross-extruder.com
7,6343,Freesia Macross Corporation,機械,設備投資・機械,82,84,83,主力テーマ,B,ok,direct=industrial machinery; growth=develops,,0,,https://www.freesiamacross-extruder.com,EQUITY,Industrials,Specialty Industrial Machinery,https://www.freesiamacross-extruder.com
7,6345,Aichi Corporation,機械,設備投資・機械,72,68,71,有力関連,B,needs_review,adjacent=machine; official=機械; count=5; pos=0.00,機械,5,0.0026,https://www.aichi-corp.co.jp | https://www.aichi-corp.co.jp/products | https://www.aichi-corp.co.jp/aboutus,EQUITY,Industrials,Farm & Heavy Construction Machinery,https://www.aichi-corp.co.jp
7,6345,Aichi Corporation,鉄道関連,物流・海運,92,90,91,主力テーマ,A,official_site_supported,adjacent=rail; official=鉄道; count=15; pos=0.13,鉄道,15,0.1343,https://www.aichi-corp.co.jp | https://www.aichi-corp.co.jp/products | https://www.aichi-corp.co.jp/aboutus,EQUITY,Industrials,Farm & Heavy Construction Machinery,https://www.aichi-corp.co.jp
7,6345,Aichi Corporation,電力設備投資関連,データセンター・電力,8,5,7,ノイズ候補,C,needs_review,事業概要に直接根拠を確認できず,,0,,https://www.aichi-corp.co.jp | https://www.aichi-corp.co.jp/products | https://www.aichi-corp.co.jp/aboutus,EQUITY,Industrials,Farm & Heavy Construction Machinery,https://www.aichi-corp.co.jp
7,6346,"Kikukawa Enterprise, Inc.",工作機械,設備投資・機械,92,90,91,主力テーマ,A,ok,direct=machine tool; position=0.17; official=工作機械; count=13; pos=0.01,工作機械,13,0.0115,https://www.kikukawa.co.jp | https://www.kikukawa.co.jp/company/outline/ | https://www.kikukawa.co.jp/company/,EQUITY,Industrials,Specialty Industrial Machinery,https://www.kikukawa.co.jp
7,6346,"Kikukawa Enterprise, Inc.",機械,設備投資・機械,82,74,80,主力テーマ,B,ok,direct=industrial machinery; official=機械; count=37; pos=0.01,機械,37,0.0090,https://www.kikukawa.co.jp | https://www.kikukawa.co.jp/company/outline/ | https://www.kikukawa.co.jp/company/,EQUITY,Industrials,Specialty Industrial Machinery,https://www.kikukawa.co.jp
7,6346,"Kikukawa Enterprise, Inc.",鉄道関連,物流・海運,72,68,71,有力関連,B,needs_review,事業概要に直接根拠を確認できず; official=鉄道; count=1; pos=0.55,鉄道,1,0.5548,https://www.kikukawa.co.jp | https://www.kikukawa.co.jp/company/outline/ | https://www.kikukawa.co.jp/company/,EQUITY,Industrials,Specialty Industrial Machinery,https://www.kikukawa.co.jp
7,6347,"Placo Co., Ltd.",機械,設備投資・機械,82,74,80,主力テーマ,B,ok,direct=industrial machinery,,0,,https://www.placo.co.jp,EQUITY,Industrials,Specialty Industrial Machinery,https://www.placo.co.jp
7,6347,"Placo Co., Ltd.",水素,GX・エネルギー,8,5,7,ノイズ候補,C,needs_review,事業概要に直接根拠を確認できず,,0,,https://www.placo.co.jp,EQUITY,Industrials,Specialty Industrial Machinery,https://www.placo.co.jp
7,6347,"Placo Co., Ltd.",自動車部材・部品,自動車・モビリティ,8,5,7,ノイズ候補,C,needs_review,事業概要に直接根拠を確認できず,,0,,https://www.placo.co.jp,EQUITY,Industrials,Specialty Industrial Machinery,https://www.placo.co.jp
7,634A,,AIエージェント,AI・半導体,8,5,7,ノイズ候補,C,needs_official_ir,事業概要に直接根拠を確認できず,,0,,,NONE,,,
7,634A,,IT関連,デジタル・サービス,8,5,7,ノイズ候補,C,needs_official_ir,事業概要に直接根拠を確認できず,,0,,,NONE,,,
7,634A,,SaaS,デジタル・サービス,8,5,7,ノイズ候補,C,needs_official_ir,事業概要に直接根拠を確認できず,,0,,,NONE,,,
7,634A,,デジタルトランスフォーメーション,デジタル・サービス,8,5,7,ノイズ候補,C,needs_official_ir,事業概要に直接根拠を確認できず,,0,,,NONE,,,
7,634A,,遠隔医療,医療・ヘルスケア,8,5,7,ノイズ候補,C,needs_official_ir,事業概要に直接根拠を確認できず,,0,,,NONE,,,
7,6351,"Tsurumi Manufacturing Co.,Ltd.",機械,設備投資・機械,82,74,80,主力テーマ,B,ok,direct=industrial machinery,,0,,https://www.tsurumipump.co.jp,EQUITY,Industrials,Specialty Industrial Machinery,https://www.tsurumipump.co.jp
7,6356,"Nippon Gear Co., Ltd.",原子力発電,GX・エネルギー,8,5,7,ノイズ候補,C,needs_review,事業概要に直接根拠を確認できず,,0,,https://www.nippon-gear.jp | https://www.nippon-gear.jp/company/ | https://www.nippon-gear.jp/company/overview/,EQUITY,Consumer Cyclical,Auto Parts,https://www.nippon-gear.jp
7,6356,"Nippon Gear Co., Ltd.",自動車部材・部品,自動車・モビリティ,82,74,80,主力テーマ,B,ok,direct=auto parts,,0,,https://www.nippon-gear.jp | https://www.nippon-gear.jp/company/ | https://www.nippon-gear.jp/company/overview/,EQUITY,Consumer Cyclical,Auto Parts,https://www.nippon-gear.jp
7,6356,"Nippon Gear Co., Ltd.",電力設備投資関連,データセンター・電力,8,5,7,ノイズ候補,C,needs_review,事業概要に直接根拠を確認できず,,0,,https://www.nippon-gear.jp | https://www.nippon-gear.jp/company/ | https://www.nippon-gear.jp/company/overview/,EQUITY,Consumer Cyclical,Auto Parts,https://www.nippon-gear.jp
7,6357,"Sansei Technologies, Inc.",サービスロボット,設備投資・機械,8,5,7,ノイズ候補,C,needs_review,事業概要に直接根拠を確認できず,,0,,https://www.sansei-technologies.com | https://www.sansei-technologies.com/company | https://www.sansei-technologies.com/business,EQUITY,Industrials,Specialty Industrial Machinery,https://www.sansei-technologies.com
7,6357,"Sansei Technologies, Inc.",機械,設備投資・機械,72,68,71,有力関連,B,needs_review,direct=industrial machinery/mechanical equipment; position=0.78; official=機械; count=6; pos=0.01,機械,6,0.0065,https://www.sansei-technologies.com | https://www.sansei-technologies.com/company | https://www.sansei-technologies.com/business,EQUITY,Industrials,Specialty Industrial Machinery,https://www.sansei-technologies.com
7,6358,"Sakai Heavy Industries, Ltd.",円安メリット,内需・消費,8,5,7,ノイズ候補,C,needs_review_macro,事業概要に直接根拠を確認できず,,0,,https://www.sakainet.co.jp | https://www.sakainet.co.jp/about_us/profile/ | https://www.sakainet.co.jp/about_us/office/,EQUITY,Industrials,Farm & Heavy Construction Machinery,https://www.sakainet.co.jp
7,6358,"Sakai Heavy Industries, Ltd.",国土強靱化,防衛・国土強靱化,8,5,7,ノイズ候補,C,needs_review,事業概要に直接根拠を確認できず,,0,,https://www.sakainet.co.jp | https://www.sakainet.co.jp/about_us/profile/ | https://www.sakainet.co.jp/about_us/office/,EQUITY,Industrials,Farm & Heavy Construction Machinery,https://www.sakainet.co.jp
7,6358,"Sakai Heavy Industries, Ltd.",建設機械,設備投資・機械,97,100,98,主力テーマ,A,ok,direct=construction machinery/construction equipment; position=0.08; official=建設機械; count=21; pos=0.02,建設機械,21,0.0201,https://www.sakainet.co.jp | https://www.sakainet.co.jp/about_us/profile/ | https://www.sakainet.co.jp/about_us/office/,EQUITY,Industrials,Farm & Heavy Construction Machinery,https://www.sakainet.co.jp
7,6360,"Tokyo Automatic Machinery Works, Ltd.",機械,設備投資・機械,82,84,83,主力テーマ,B,ok,direct=industrial machinery; growth=develops; official=機械; count=22; pos=0.00,機械,22,0.0001,https://www.tam-tokyo.co.jp | https://www.tam-tokyo.co.jp/products/index.html | https://www.tam-tokyo.co.jp/products/paperwrap.html,EQUITY,Industrials,Specialty Industrial Machinery,https://www.tam-tokyo.co.jp
7,6360,"Tokyo Automatic Machinery Works, Ltd.",食品,内需・消費,8,5,7,ノイズ候補,C,needs_review,事業概要に直接根拠を確認できず; official=食品; count=1; pos=0.17,食品,1,0.1659,https://www.tam-tokyo.co.jp | https://www.tam-tokyo.co.jp/products/index.html | https://www.tam-tokyo.co.jp/products/paperwrap.html,EQUITY,Industrials,Specialty Industrial Machinery,https://www.tam-tokyo.co.jp
7,6361,Ebara Corporation,アンモニア,GX・エネルギー,8,5,7,ノイズ候補,C,needs_review,事業概要に直接根拠を確認できず,,0,,https://www.ebara.co.jp,EQUITY,Industrials,Specialty Industrial Machinery,https://www.ebara.co.jp
7,6361,Ebara Corporation,サーバー冷却,データセンター・電力,8,5,7,ノイズ候補,C,needs_review,事業概要に直接根拠を確認できず,,0,,https://www.ebara.co.jp,EQUITY,Industrials,Specialty Industrial Machinery,https://www.ebara.co.jp
7,6361,Ebara Corporation,再生可能エネルギー,GX・エネルギー,8,5,7,ノイズ候補,C,needs_review,事業概要に直接根拠を確認できず,,0,,https://www.ebara.co.jp,EQUITY,Industrials,Specialty Industrial Machinery,https://www.ebara.co.jp
7,6361,Ebara Corporation,半導体製造装置,AI・半導体,8,5,7,ノイズ候補,C,needs_review,事業概要に直接根拠を確認できず,,0,,https://www.ebara.co.jp,EQUITY,Industrials,Specialty Industrial Machinery,https://www.ebara.co.jp
7,6361,Ebara Corporation,太陽光発電関連,GX・エネルギー,8,5,7,ノイズ候補,C,needs_review,事業概要に直接根拠を確認できず,,0,,https://www.ebara.co.jp,EQUITY,Industrials,Specialty Industrial Machinery,https://www.ebara.co.jp
7,6361,Ebara Corporation,機械,設備投資・機械,82,74,80,主力テーマ,B,ok,direct=industrial machinery,,0,,https://www.ebara.co.jp,EQUITY,Industrials,Specialty Industrial Machinery,https://www.ebara.co.jp
7,6361,Ebara Corporation,水素,GX・エネルギー,8,5,7,ノイズ候補,C,needs_review,事業概要に直接根拠を確認できず,,0,,https://www.ebara.co.jp,EQUITY,Industrials,Specialty Industrial Machinery,https://www.ebara.co.jp
7,6361,Ebara Corporation,脱炭素,GX・エネルギー,8,5,7,ノイズ候補,C,needs_review,事業概要に直接根拠を確認できず,,0,,https://www.ebara.co.jp,EQUITY,Industrials,Specialty Industrial Machinery,https://www.ebara.co.jp
7,6363,"Torishima Pump Mfg. Co., Ltd.",アンモニア,GX・エネルギー,8,5,7,ノイズ候補,C,needs_review,事業概要に直接根拠を確認できず,,0,,https://www.torishima.co.jp/en,EQUITY,Industrials,Specialty Industrial Machinery,https://www.torishima.co.jp/en
7,6363,"Torishima Pump Mfg. Co., Ltd.",機械,設備投資・機械,82,74,80,主力テーマ,B,ok,direct=industrial machinery,,0,,https://www.torishima.co.jp/en,EQUITY,Industrials,Specialty Industrial Machinery,https://www.torishima.co.jp/en
7,6363,"Torishima Pump Mfg. Co., Ltd.",水素,GX・エネルギー,8,5,7,ノイズ候補,C,needs_review,事業概要に直接根拠を確認できず,,0,,https://www.torishima.co.jp/en,EQUITY,Industrials,Specialty Industrial Machinery,https://www.torishima.co.jp/en
7,6363,"Torishima Pump Mfg. Co., Ltd.",風力発電,GX・エネルギー,66,56,63,有力関連,B,qa_borderline,direct=wind power; position=0.63,,0,,https://www.torishima.co.jp/en,EQUITY,Industrials,Specialty Industrial Machinery,https://www.torishima.co.jp/en
7,6364,Airman Corporation,建設機械,設備投資・機械,100,92,98,主力テーマ,A,ok,direct=construction machinery/construction equipment/excavator; position=0.09,,0,,https://www.airman.co.jp | https://www.airman.co.jp/company/profil.html | https://www.airman.co.jp/product/,EQUITY,Industrials,Specialty Industrial Machinery,https://www.airman.co.jp
7,6364,Airman Corporation,機械,設備投資・機械,92,84,90,主力テーマ,A,ok,direct=industrial machinery; position=0.13; official=機械; count=2; pos=0.50,機械,2,0.4985,https://www.airman.co.jp | https://www.airman.co.jp/company/profil.html | https://www.airman.co.jp/product/,EQUITY,Industrials,Specialty Industrial Machinery,https://www.airman.co.jp
7,6365,DMW Corporation,防災,防衛・国土強靱化,8,5,7,ノイズ候補,C,needs_review,事業概要に直接根拠を確認できず,,0,,https://www.dmw.co.jp,EQUITY,Industrials,Specialty Industrial Machinery,https://www.dmw.co.jp
7,6366,Chiyoda Corporation,アンモニア,GX・エネルギー,72,78,74,有力関連,B,needs_review,事業概要に直接根拠を確認できず; official=アンモニア; count=2; pos=0.25,アンモニア,2,0.2550,https://www.chiyodacorp.com,EQUITY,Industrials,Engineering & Construction,https://www.chiyodacorp.com
7,6366,Chiyoda Corporation,円安メリット,内需・消費,8,5,7,ノイズ候補,C,needs_review_macro,事業概要に直接根拠を確認できず,,0,,https://www.chiyodacorp.com,EQUITY,Industrials,Engineering & Construction,https://www.chiyodacorp.com
7,6366,Chiyoda Corporation,水素,GX・エネルギー,92,98,94,主力テーマ,A,official_site_supported,事業概要に直接根拠を確認できず; official=水素; count=11; pos=0.06,水素,11,0.0552,https://www.chiyodacorp.com,EQUITY,Industrials,Engineering & Construction,https://www.chiyodacorp.com
7,6366,Chiyoda Corporation,資源開発,資源・素材,8,5,7,ノイズ候補,C,needs_review,事業概要に直接根拠を確認できず,,0,,https://www.chiyodacorp.com,EQUITY,Industrials,Engineering & Construction,https://www.chiyodacorp.com
7,6367,"Daikin Industries,Ltd.",サーバー冷却,データセンター・電力,46,34,42,補助関連,C,needs_review,adjacent=air conditioning/hvac,,0,,https://www.daikin.com | https://www.daikin.com/corporate | https://www.daikin.com/products,EQUITY,Industrials,Building Products & Equipment,https://www.daikin.com
7,6367,"Daikin Industries,Ltd.",データセンター,データセンター・電力,8,5,7,ノイズ候補,C,needs_review,事業概要に直接根拠を確認できず,,0,,https://www.daikin.com | https://www.daikin.com/corporate | https://www.daikin.com/products,EQUITY,Industrials,Building Products & Equipment,https://www.daikin.com
7,6367,"Daikin Industries,Ltd.",円安メリット,内需・消費,8,5,7,ノイズ候補,C,needs_review_macro,事業概要に直接根拠を確認できず,,0,,https://www.daikin.com | https://www.daikin.com/corporate | https://www.daikin.com/products,EQUITY,Industrials,Building Products & Equipment,https://www.daikin.com
7,6367,"Daikin Industries,Ltd.",再生可能エネルギー,GX・エネルギー,8,5,7,ノイズ候補,C,needs_review,事業概要に直接根拠を確認できず,,0,,https://www.daikin.com | https://www.daikin.com/corporate | https://www.daikin.com/products,EQUITY,Industrials,Building Products & Equipment,https://www.daikin.com
7,6367,"Daikin Industries,Ltd.",半導体部材・部品,AI・半導体,8,5,7,ノイズ候補,C,needs_review,事業概要に直接根拠を確認できず,,0,,https://www.daikin.com | https://www.daikin.com/corporate | https://www.daikin.com/products,EQUITY,Industrials,Building Products & Equipment,https://www.daikin.com
7,6367,"Daikin Industries,Ltd.",太陽光発電関連,GX・エネルギー,8,5,7,ノイズ候補,C,needs_review,事業概要に直接根拠を確認できず,,0,,https://www.daikin.com | https://www.daikin.com/corporate | https://www.daikin.com/products,EQUITY,Industrials,Building Products & Equipment,https://www.daikin.com
7,6367,"Daikin Industries,Ltd.",自動車部材・部品,自動車・モビリティ,8,5,7,ノイズ候補,C,needs_review,事業概要に直接根拠を確認できず,,0,,https://www.daikin.com | https://www.daikin.com/corporate | https://www.daikin.com/products,EQUITY,Industrials,Building Products & Equipment,https://www.daikin.com
7,6367,"Daikin Industries,Ltd.",防衛,防衛・国土強靱化,58,46,54,補助関連,C,needs_review,direct=defense systems; position=0.85,,0,,https://www.daikin.com | https://www.daikin.com/corporate | https://www.daikin.com/products,EQUITY,Industrials,Building Products & Equipment,https://www.daikin.com
7,6368,Organo Corporation,下水道,防衛・国土強靱化,91,83,89,主力テーマ,A,ok,direct=sewage/wastewater; position=0.38,,0,,https://www.organo.co.jp,EQUITY,Industrials,Pollution & Treatment Controls,https://www.organo.co.jp
7,6368,Organo Corporation,半導体製造装置,AI・半導体,8,5,7,ノイズ候補,C,needs_review,事業概要に直接根拠を確認できず,,0,,https://www.organo.co.jp,EQUITY,Industrials,Pollution & Treatment Controls,https://www.organo.co.jp
7,6368,Organo Corporation,原子力発電,GX・エネルギー,8,5,7,ノイズ候補,C,needs_review,事業概要に直接根拠を確認できず,,0,,https://www.organo.co.jp,EQUITY,Industrials,Pollution & Treatment Controls,https://www.organo.co.jp
7,6368,Organo Corporation,機械,設備投資・機械,42,30,38,ノイズ候補,C,needs_review,adjacent=equipment,,0,,https://www.organo.co.jp,EQUITY,Industrials,Pollution & Treatment Controls,https://www.organo.co.jp
7,6368,Organo Corporation,水道関連,防衛・国土強靱化,97,89,95,主力テーマ,A,ok,direct=water supply/water treatment; position=0.02,,0,,https://www.organo.co.jp,EQUITY,Industrials,Pollution & Treatment Controls,https://www.organo.co.jp
7,6369,Toyo Kanetsu K.K.,FA関連,設備投資・機械,8,5,7,ノイズ候補,C,needs_review,事業概要に直接根拠を確認できず,,0,,https://www.toyokanetsu.co.jp,EQUITY,Industrials,Specialty Industrial Machinery,https://www.toyokanetsu.co.jp
7,6369,Toyo Kanetsu K.K.,アンモニア,GX・エネルギー,8,5,7,ノイズ候補,C,needs_review,事業概要に直接根拠を確認できず,,0,,https://www.toyokanetsu.co.jp,EQUITY,Industrials,Specialty Industrial Machinery,https://www.toyokanetsu.co.jp
7,6369,Toyo Kanetsu K.K.,倉庫,物流・海運,42,40,41,補助関連,C,needs_review,adjacent=storage; growth=develops,,0,,https://www.toyokanetsu.co.jp,EQUITY,Industrials,Specialty Industrial Machinery,https://www.toyokanetsu.co.jp
7,6369,Toyo Kanetsu K.K.,機械,設備投資・機械,82,84,83,主力テーマ,B,ok,direct=industrial machinery; growth=develops,,0,,https://www.toyokanetsu.co.jp,EQUITY,Industrials,Specialty Industrial Machinery,https://www.toyokanetsu.co.jp
7,6369,Toyo Kanetsu K.K.,水素,GX・エネルギー,8,5,7,ノイズ候補,C,needs_review,事業概要に直接根拠を確認できず,,0,,https://www.toyokanetsu.co.jp,EQUITY,Industrials,Specialty Industrial Machinery,https://www.toyokanetsu.co.jp
7,6369,Toyo Kanetsu K.K.,物流,物流・海運,42,40,41,補助関連,C,needs_review,adjacent=logistics; growth=develops,,0,,https://www.toyokanetsu.co.jp,EQUITY,Industrials,Specialty Industrial Machinery,https://www.toyokanetsu.co.jp
7,6370,Kurita Water Industries Ltd.,半導体製造装置,AI・半導体,8,5,7,ノイズ候補,C,needs_review,事業概要に直接根拠を確認できず,,0,,https://www.kurita-water.com,EQUITY,Industrials,Pollution & Treatment Controls,https://www.kurita-water.com
7,6370,Kurita Water Industries Ltd.,宇宙開発関連,防衛・国土強靱化,8,5,7,ノイズ候補,C,needs_review,事業概要に直接根拠を確認できず,,0,,https://www.kurita-water.com,EQUITY,Industrials,Pollution & Treatment Controls,https://www.kurita-water.com
7,6370,Kurita Water Industries Ltd.,機械,設備投資・機械,42,30,38,ノイズ候補,C,needs_review,adjacent=equipment,,0,,https://www.kurita-water.com,EQUITY,Industrials,Pollution & Treatment Controls,https://www.kurita-water.com
7,6371,Tsubakimoto Chain Co.,FA関連,設備投資・機械,92,90,91,主力テーマ,A,official_site_supported,事業概要に直接根拠を確認できず; official=FA; count=9; pos=0.05,FA,9,0.0539,https://tsubakimoto.com | https://tsubakimoto.com/products/ | https://tsubakimoto.com/power-transmission/,EQUITY,Industrials,Specialty Industrial Machinery,https://tsubakimoto.com
7,6371,Tsubakimoto Chain Co.,ドローン,防衛・国土強靱化,8,5,7,ノイズ候補,C,needs_review,事業概要に直接根拠を確認できず,,0,,https://tsubakimoto.com | https://tsubakimoto.com/products/ | https://tsubakimoto.com/power-transmission/,EQUITY,Industrials,Specialty Industrial Machinery,https://tsubakimoto.com
7,6371,Tsubakimoto Chain Co.,工作機械,設備投資・機械,42,30,38,ノイズ候補,C,needs_review,adjacent=industrial machinery,,0,,https://tsubakimoto.com | https://tsubakimoto.com/products/ | https://tsubakimoto.com/power-transmission/,EQUITY,Industrials,Specialty Industrial Machinery,https://tsubakimoto.com
7,6371,Tsubakimoto Chain Co.,機械,設備投資・機械,82,74,80,主力テーマ,B,ok,direct=industrial machinery,,0,,https://tsubakimoto.com | https://tsubakimoto.com/products/ | https://tsubakimoto.com/power-transmission/,EQUITY,Industrials,Specialty Industrial Machinery,https://tsubakimoto.com
7,6371,Tsubakimoto Chain Co.,自動車部材・部品,自動車・モビリティ,8,5,7,ノイズ候補,C,needs_review,事業概要に直接根拠を確認できず,,0,,https://tsubakimoto.com | https://tsubakimoto.com/products/ | https://tsubakimoto.com/power-transmission/,EQUITY,Industrials,Specialty Industrial Machinery,https://tsubakimoto.com
7,6376,"Nikkiso Co., Ltd.",アンモニア,GX・エネルギー,8,5,7,ノイズ候補,C,needs_review,事業概要に直接根拠を確認できず,,0,,https://www.nikkiso.co.jp,EQUITY,Industrials,Specialty Industrial Machinery,https://www.nikkiso.co.jp
7,6376,"Nikkiso Co., Ltd.",医療機器,医療・ヘルスケア,8,5,7,ノイズ候補,C,needs_review,事業概要に直接根拠を確認できず,,0,,https://www.nikkiso.co.jp,EQUITY,Industrials,Specialty Industrial Machinery,https://www.nikkiso.co.jp
7,6376,"Nikkiso Co., Ltd.",水素,GX・エネルギー,8,5,7,ノイズ候補,C,needs_review,事業概要に直接根拠を確認できず,,0,,https://www.nikkiso.co.jp,EQUITY,Industrials,Specialty Industrial Machinery,https://www.nikkiso.co.jp
7,6376,"Nikkiso Co., Ltd.",空飛ぶクルマ,自動車・モビリティ,8,5,7,ノイズ候補,C,needs_review,事業概要に直接根拠を確認できず,,0,,https://www.nikkiso.co.jp,EQUITY,Industrials,Specialty Industrial Machinery,https://www.nikkiso.co.jp
7,6378,"Kimura Chemical Plants Co., Ltd.",アンモニア,GX・エネルギー,8,5,7,ノイズ候補,C,needs_review,事業概要に直接根拠を確認できず,,0,,https://www.kcpc.co.jp | https://www.kcpc.co.jp/product | https://www.kcpc.co.jp/activity,EQUITY,Industrials,Specialty Industrial Machinery,https://www.kcpc.co.jp
7,6378,"Kimura Chemical Plants Co., Ltd.",原子力発電,GX・エネルギー,72,68,71,有力関連,B,needs_review,adjacent=nuclear; official=原子力発電; count=1; pos=0.70,原子力発電,1,0.7039,https://www.kcpc.co.jp | https://www.kcpc.co.jp/product | https://www.kcpc.co.jp/activity,EQUITY,Industrials,Specialty Industrial Machinery,https://www.kcpc.co.jp
7,6378,"Kimura Chemical Plants Co., Ltd.",核融合発電,GX・エネルギー,8,5,7,ノイズ候補,C,needs_review,事業概要に直接根拠を確認できず,,0,,https://www.kcpc.co.jp | https://www.kcpc.co.jp/product | https://www.kcpc.co.jp/activity,EQUITY,Industrials,Specialty Industrial Machinery,https://www.kcpc.co.jp
7,6378,"Kimura Chemical Plants Co., Ltd.",機械,設備投資・機械,82,74,80,主力テーマ,B,ok,direct=industrial machinery; official=機械; count=1; pos=0.38,機械,1,0.3844,https://www.kcpc.co.jp | https://www.kcpc.co.jp/product | https://www.kcpc.co.jp/activity,EQUITY,Industrials,Specialty Industrial Machinery,https://www.kcpc.co.jp
7,6378,"Kimura Chemical Plants Co., Ltd.",水素,GX・エネルギー,8,5,7,ノイズ候補,C,needs_review,事業概要に直接根拠を確認できず,,0,,https://www.kcpc.co.jp | https://www.kcpc.co.jp/product | https://www.kcpc.co.jp/activity,EQUITY,Industrials,Specialty Industrial Machinery,https://www.kcpc.co.jp
7,6378,"Kimura Chemical Plants Co., Ltd.",省エネ関連,GX・エネルギー,92,90,91,主力テーマ,A,official_site_supported,事業概要に直接根拠を確認できず; official=省エネ/省エネルギー; count=16; pos=0.01,省エネ | 省エネルギー,16,0.0136,https://www.kcpc.co.jp | https://www.kcpc.co.jp/product | https://www.kcpc.co.jp/activity,EQUITY,Industrials,Specialty Industrial Machinery,https://www.kcpc.co.jp
7,6378,"Kimura Chemical Plants Co., Ltd.",脱炭素,GX・エネルギー,8,5,7,ノイズ候補,C,needs_review,事業概要に直接根拠を確認できず,,0,,https://www.kcpc.co.jp | https://www.kcpc.co.jp/product | https://www.kcpc.co.jp/activity,EQUITY,Industrials,Specialty Industrial Machinery,https://www.kcpc.co.jp
7,6378,"Kimura Chemical Plants Co., Ltd.",設備投資,設備投資・機械,82,74,80,主力テーマ,B,ok,direct=industrial machinery,,0,,https://www.kcpc.co.jp | https://www.kcpc.co.jp/product | https://www.kcpc.co.jp/activity,EQUITY,Industrials,Specialty Industrial Machinery,https://www.kcpc.co.jp
7,6380,"Oriental Chain Mfg. Co., Ltd.",FA関連,設備投資・機械,72,68,71,有力関連,B,needs_review,事業概要に直接根拠を確認できず; official=FA; count=1; pos=0.86,FA,1,0.8634,https://www.ocm.co.jp,EQUITY,Industrials,Tools & Accessories,https://www.ocm.co.jp
7,6380,"Oriental Chain Mfg. Co., Ltd.",医療機器,医療・ヘルスケア,8,5,7,ノイズ候補,C,needs_review,事業概要に直接根拠を確認できず,,0,,https://www.ocm.co.jp,EQUITY,Industrials,Tools & Accessories,https://www.ocm.co.jp
7,6380,"Oriental Chain Mfg. Co., Ltd.",工作機械,設備投資・機械,8,5,7,ノイズ候補,C,needs_review,事業概要に直接根拠を確認できず,,0,,https://www.ocm.co.jp,EQUITY,Industrials,Tools & Accessories,https://www.ocm.co.jp
7,6380,"Oriental Chain Mfg. Co., Ltd.",自動車部材・部品,自動車・モビリティ,8,5,7,ノイズ候補,C,needs_review,事業概要に直接根拠を確認できず,,0,,https://www.ocm.co.jp,EQUITY,Industrials,Tools & Accessories,https://www.ocm.co.jp
7,6381,ANEST IWATA Corporation,自動車製造装置,自動車・モビリティ,8,5,7,ノイズ候補,C,needs_review,事業概要に直接根拠を確認できず,,0,,https://www.anest-iwata.co.jp | https://www.anest-iwata.co.jp/products-and-support | https://www.anest-iwata.co.jp/products-and-support/coating-equipment/support/serialinput-explanation,EQUITY,Industrials,Specialty Industrial Machinery,https://www.anest-iwata.co.jp
7,6382,Trinity Industrial Corporation,機械,設備投資・機械,92,84,90,主力テーマ,A,ok,direct=industrial machinery; position=0.11; official=機械; count=1; pos=0.71,機械,1,0.7090,https://www.trinityind.co.jp | https://www.trinityind.co.jp/company/ | https://www.trinityind.co.jp/company/companyprofile.php,EQUITY,Consumer Cyclical,Auto Parts,https://www.trinityind.co.jp
7,6382,Trinity Industrial Corporation,自動車製造装置,自動車・モビリティ,8,5,7,ノイズ候補,C,needs_review,事業概要に直接根拠を確認できず,,0,,https://www.trinityind.co.jp | https://www.trinityind.co.jp/company/ | https://www.trinityind.co.jp/company/companyprofile.php,EQUITY,Consumer Cyclical,Auto Parts,https://www.trinityind.co.jp
7,6382,Trinity Industrial Corporation,自動車部材・部品,自動車・モビリティ,92,98,94,主力テーマ,A,ok,direct=auto parts; official=自動車部品; count=14; pos=0.03,自動車部品,14,0.0330,https://www.trinityind.co.jp | https://www.trinityind.co.jp/company/ | https://www.trinityind.co.jp/company/companyprofile.php,EQUITY,Consumer Cyclical,Auto Parts,https://www.trinityind.co.jp
7,6382,Trinity Industrial Corporation,設備投資,設備投資・機械,92,84,90,主力テーマ,A,ok,direct=industrial machinery; position=0.11,,0,,https://www.trinityind.co.jp | https://www.trinityind.co.jp/company/ | https://www.trinityind.co.jp/company/companyprofile.php,EQUITY,Consumer Cyclical,Auto Parts,https://www.trinityind.co.jp
7,6383,"Daifuku Co., Ltd.",FA関連,設備投資・機械,72,68,71,有力関連,B,needs_review,adjacent=control system; official=FA; count=2; pos=0.48,FA,2,0.4794,https://www.daifuku.com,EQUITY,Industrials,Specialty Industrial Machinery,https://www.daifuku.com
7,6383,"Daifuku Co., Ltd.",フィジカルAI,AI・半導体,8,5,7,ノイズ候補,C,needs_review,事業概要に直接根拠を確認できず,,0,,https://www.daifuku.com,EQUITY,Industrials,Specialty Industrial Machinery,https://www.daifuku.com
7,6383,"Daifuku Co., Ltd.",ロボット,AI・半導体,8,5,7,ノイズ候補,C,needs_review,事業概要に直接根拠を確認できず,,0,,https://www.daifuku.com,EQUITY,Industrials,Specialty Industrial Machinery,https://www.daifuku.com
7,6383,"Daifuku Co., Ltd.",人工知能,AI・半導体,92,90,91,主力テーマ,A,official_site_supported,事業概要に直接根拠を確認できず; official=AI; count=94; pos=0.00,AI,94,0.0001,https://www.daifuku.com,EQUITY,Industrials,Specialty Industrial Machinery,https://www.daifuku.com
7,6383,"Daifuku Co., Ltd.",倉庫,物流・海運,86,78,84,主力テーマ,B,ok,direct=warehousing; position=0.36,,0,,https://www.daifuku.com,EQUITY,Industrials,Specialty Industrial Machinery,https://www.daifuku.com
7,6383,"Daifuku Co., Ltd.",半導体製造装置,AI・半導体,42,30,38,ノイズ候補,C,needs_review,adjacent=semiconductor,,0,,https://www.daifuku.com,EQUITY,Industrials,Specialty Industrial Machinery,https://www.daifuku.com
7,6383,"Daifuku Co., Ltd.",機械,設備投資・機械,82,74,80,主力テーマ,B,ok,direct=industrial machinery,,0,,https://www.daifuku.com,EQUITY,Industrials,Specialty Industrial Machinery,https://www.daifuku.com
7,6383,"Daifuku Co., Ltd.",物流,物流・海運,8,5,7,ノイズ候補,C,needs_review,事業概要に直接根拠を確認できず,,0,,https://www.daifuku.com,EQUITY,Industrials,Specialty Industrial Machinery,https://www.daifuku.com
7,6383,"Daifuku Co., Ltd.",物流テック,設備投資・機械,8,5,7,ノイズ候補,C,needs_review,事業概要に直接根拠を確認できず,,0,,https://www.daifuku.com,EQUITY,Industrials,Specialty Industrial Machinery,https://www.daifuku.com
7,6383,"Daifuku Co., Ltd.",設備投資,設備投資・機械,82,74,80,主力テーマ,B,ok,direct=industrial machinery,,0,,https://www.daifuku.com,EQUITY,Industrials,Specialty Industrial Machinery,https://www.daifuku.com
7,6384,"Showa Shinku Co., Ltd.",半導体製造装置,AI・半導体,8,5,7,ノイズ候補,C,needs_review,事業概要に直接根拠を確認できず,,0,,https://www.showashinku.co.jp,EQUITY,Industrials,Specialty Industrial Machinery,https://www.showashinku.co.jp
7,6384,"Showa Shinku Co., Ltd.",宇宙開発関連,防衛・国土強靱化,42,30,38,ノイズ候補,C,needs_review,adjacent=aerospace,,0,,https://www.showashinku.co.jp,EQUITY,Industrials,Specialty Industrial Machinery,https://www.showashinku.co.jp
7,6384,"Showa Shinku Co., Ltd.",機械,設備投資・機械,82,74,80,主力テーマ,B,ok,direct=industrial machinery,,0,,https://www.showashinku.co.jp,EQUITY,Industrials,Specialty Industrial Machinery,https://www.showashinku.co.jp
7,6384,"Showa Shinku Co., Ltd.",自動車部材・部品,自動車・モビリティ,8,5,7,ノイズ候補,C,needs_review,事業概要に直接根拠を確認できず,,0,,https://www.showashinku.co.jp,EQUITY,Industrials,Specialty Industrial Machinery,https://www.showashinku.co.jp
7,6387,SAMCO Inc.,データセンター,データセンター・電力,8,5,7,ノイズ候補,C,needs_review,事業概要に直接根拠を確認できず,,0,,https://www.samco.co.jp | https://www.samco.co.jp/products/ | https://www.samco.co.jp/company/,EQUITY,Technology,Semiconductor Equipment & Materials,https://www.samco.co.jp
7,6387,SAMCO Inc.,半導体製造装置,AI・半導体,94,90,93,主力テーマ,A,ok,industry=Semiconductor Equipment & Materials; direct=semiconductor equipment; official=半導体製造装置; count=17; pos=0.03,半導体製造装置,17,0.0341,https://www.samco.co.jp | https://www.samco.co.jp/products/ | https://www.samco.co.jp/company/,EQUITY,Technology,Semiconductor Equipment & Materials,https://www.samco.co.jp
7,6390,"Kato Works Co.,Ltd.",建設機械,設備投資・機械,87,79,85,主力テーマ,A,ok,direct=construction machinery/excavator; position=0.42,,0,,https://www.kato-works.co.jp,EQUITY,Industrials,Farm & Heavy Construction Machinery,https://www.kato-works.co.jp
7,6391,Kaji Technology Corporation,機械,設備投資・機械,82,74,80,主力テーマ,B,ok,direct=industrial machinery,,0,,https://www.kajitech.com | https://www.kajitech.com/corp/ | https://www.kajitech.com/corp/corp-profile/,EQUITY,Industrials,Specialty Industrial Machinery,https://www.kajitech.com
7,6391,Kaji Technology Corporation,水素,GX・エネルギー,92,98,94,主力テーマ,A,official_site_supported,direct=fuel cell; position=0.64; official=水素/燃料電池; count=11; pos=0.02,水素 | 燃料電池,11,0.0216,https://www.kajitech.com | https://www.kajitech.com/corp/ | https://www.kajitech.com/corp/corp-profile/,EQUITY,Industrials,Specialty Industrial Machinery,https://www.kajitech.com
7,6392,Yamada Corporation,機械,設備投資・機械,82,74,80,主力テーマ,B,ok,direct=industrial machinery,,0,,https://yamadacorp.co.jp,EQUITY,Industrials,Specialty Industrial Machinery,https://yamadacorp.co.jp
7,6393,"Yuken Kogyo Co., Ltd.",工作機械,設備投資・機械,42,40,41,補助関連,C,needs_review,adjacent=industrial machinery; growth=develops,,0,,https://www.yuken.co.jp | https://www.yuken.co.jp/corp/info | https://www.yuken.co.jp/news/index,EQUITY,Industrials,Specialty Industrial Machinery,https://www.yuken.co.jp
7,6393,"Yuken Kogyo Co., Ltd.",建設機械,設備投資・機械,8,5,7,ノイズ候補,C,needs_review,事業概要に直接根拠を確認できず,,0,,https://www.yuken.co.jp | https://www.yuken.co.jp/corp/info | https://www.yuken.co.jp/news/index,EQUITY,Industrials,Specialty Industrial Machinery,https://www.yuken.co.jp
7,6395,Tadano Ltd.,円安メリット,内需・消費,8,5,7,ノイズ候補,C,needs_review_macro,事業概要に直接根拠を確認できず,,0,,https://www.tadano.co.jp | https://www.tadano.co.jp/ja/company/overview/ | https://www.tadano.co.jp/ja/company/business/,EQUITY,Industrials,Farm & Heavy Construction Machinery,https://www.tadano.co.jp
7,6395,Tadano Ltd.,国土強靱化,防衛・国土強靱化,42,30,38,ノイズ候補,C,needs_review,adjacent=bridge,,0,,https://www.tadano.co.jp | https://www.tadano.co.jp/ja/company/overview/ | https://www.tadano.co.jp/ja/company/business/,EQUITY,Industrials,Farm & Heavy Construction Machinery,https://www.tadano.co.jp
7,6395,Tadano Ltd.,建設機械,設備投資・機械,82,88,84,主力テーマ,B,ok,direct=construction machinery; official=建設機械; count=1; pos=0.79,建設機械,1,0.7877,https://www.tadano.co.jp | https://www.tadano.co.jp/ja/company/overview/ | https://www.tadano.co.jp/ja/company/business/,EQUITY,Industrials,Farm & Heavy Construction Machinery,https://www.tadano.co.jp
7,6395,Tadano Ltd.,電力設備投資関連,データセンター・電力,8,5,7,ノイズ候補,C,needs_review,事業概要に直接根拠を確認できず,,0,,https://www.tadano.co.jp | https://www.tadano.co.jp/ja/company/overview/ | https://www.tadano.co.jp/ja/company/business/,EQUITY,Industrials,Farm & Heavy Construction Machinery,https://www.tadano.co.jp
7,6396,"Unozawa-gumi Iron Works, Limited",機械,設備投資・機械,82,74,80,主力テーマ,B,ok,direct=industrial machinery,,0,,https://www.unozawa.co.jp | https://www.unozawa.co.jp/company/,EQUITY,Industrials,Specialty Industrial Machinery,https://www.unozawa.co.jp
7,6400,"Fuji Seiki Co.,Ltd.",医療機器,医療・ヘルスケア,85,82,84,主力テーマ,B,official_site_supported,direct=medical device; position=0.51; official=医療機器; count=5; pos=0.61,医療機器,5,0.6131,https://www.fujiseiki.com | https://www.fujiseiki.com/division/ | https://www.fujiseiki.com/products/,EQUITY,Industrials,Specialty Industrial Machinery,https://www.fujiseiki.com
7,6400,"Fuji Seiki Co.,Ltd.",自動車部材・部品,自動車・モビリティ,85,82,84,主力テーマ,B,official_site_supported,direct=automotive parts; position=0.55; official=自動車部品; count=3; pos=0.61,自動車部品,3,0.6140,https://www.fujiseiki.com | https://www.fujiseiki.com/division/ | https://www.fujiseiki.com/products/,EQUITY,Industrials,Specialty Industrial Machinery,https://www.fujiseiki.com
7,6402,"Kanematsu Engineering Co., Ltd.",下水道,防衛・国土強靱化,8,5,7,ノイズ候補,C,needs_review,事業概要に直接根拠を確認できず,,0,,https://www.kanematsu-eng.jp,EQUITY,Industrials,Specialty Industrial Machinery,https://www.kanematsu-eng.jp
7,6402,"Kanematsu Engineering Co., Ltd.",機械,設備投資・機械,82,74,80,主力テーマ,B,ok,direct=industrial machinery,,0,,https://www.kanematsu-eng.jp,EQUITY,Industrials,Specialty Industrial Machinery,https://www.kanematsu-eng.jp
7,6402,"Kanematsu Engineering Co., Ltd.",都市鉱山,資源・素材,8,5,7,ノイズ候補,C,needs_review,事業概要に直接根拠を確認できず,,0,,https://www.kanematsu-eng.jp,EQUITY,Industrials,Specialty Industrial Machinery,https://www.kanematsu-eng.jp
7,6405,Suzumo Machinery Company Limited,サービスロボット,設備投資・機械,8,5,7,ノイズ候補,C,needs_review,事業概要に直接根拠を確認できず,,0,,https://www.suzumokikou.com | https://www.suzumokikou.com/company/features/?hsLang=en | https://www.suzumokikou.com/products/?hsLang=en,EQUITY,Industrials,Specialty Industrial Machinery,https://www.suzumokikou.com
7,6405,Suzumo Machinery Company Limited,ロボット,AI・半導体,8,5,7,ノイズ候補,C,needs_review,事業概要に直接根拠を確認できず,,0,,https://www.suzumokikou.com | https://www.suzumokikou.com/company/features/?hsLang=en | https://www.suzumokikou.com/products/?hsLang=en,EQUITY,Industrials,Specialty Industrial Machinery,https://www.suzumokikou.com
7,6405,Suzumo Machinery Company Limited,機械,設備投資・機械,82,74,80,主力テーマ,B,ok,direct=industrial machinery,,0,,https://www.suzumokikou.com | https://www.suzumokikou.com/company/features/?hsLang=en | https://www.suzumokikou.com/products/?hsLang=en,EQUITY,Industrials,Specialty Industrial Machinery,https://www.suzumokikou.com
7,6407,CKD Corporation,サービスロボット,設備投資・機械,8,5,7,ノイズ候補,C,needs_review,事業概要に直接根拠を確認できず,,0,,https://www.ckd.co.jp | https://www.ckd.co.jp/productinfo/ | https://www.ckd.co.jp/kiki/jp/,EQUITY,Industrials,Specialty Industrial Machinery,https://www.ckd.co.jp
7,6407,CKD Corporation,半導体製造装置,AI・半導体,8,5,7,ノイズ候補,C,needs_review,事業概要に直接根拠を確認できず,,0,,https://www.ckd.co.jp | https://www.ckd.co.jp/productinfo/ | https://www.ckd.co.jp/kiki/jp/,EQUITY,Industrials,Specialty Industrial Machinery,https://www.ckd.co.jp
7,6407,CKD Corporation,機械,設備投資・機械,82,84,83,主力テーマ,B,ok,direct=industrial machinery; growth=develops; official=機械; count=7; pos=0.00,機械,7,0.0037,https://www.ckd.co.jp | https://www.ckd.co.jp/productinfo/ | https://www.ckd.co.jp/kiki/jp/,EQUITY,Industrials,Specialty Industrial Machinery,https://www.ckd.co.jp
7,6407,CKD Corporation,自動車製造装置,自動車・モビリティ,8,5,7,ノイズ候補,C,needs_review,事業概要に直接根拠を確認できず,,0,,https://www.ckd.co.jp | https://www.ckd.co.jp/productinfo/ | https://www.ckd.co.jp/kiki/jp/,EQUITY,Industrials,Specialty Industrial Machinery,https://www.ckd.co.jp
7,6408,"Ogura Clutch Co.,Ltd.",機械,設備投資・機械,86,78,84,主力テーマ,B,ok,direct=industrial machinery; position=0.24; official=機械; count=18; pos=0.02,機械,18,0.0170,https://www.oguraclutch.co.jp | https://www.oguraclutch.co.jp/productinfo/ | https://www.oguraclutch.co.jp/businessinfo/,EQUITY,Industrials,Specialty Industrial Machinery,https://www.oguraclutch.co.jp
7,6408,"Ogura Clutch Co.,Ltd.",自動車部材・部品,自動車・モビリティ,42,30,38,ノイズ候補,C,needs_review,adjacent=automotive,,0,,https://www.oguraclutch.co.jp | https://www.oguraclutch.co.jp/productinfo/ | https://www.oguraclutch.co.jp/businessinfo/,EQUITY,Industrials,Specialty Industrial Machinery,https://www.oguraclutch.co.jp
7,6417,"Sankyo Co., Ltd.",機械,設備投資・機械,46,44,45,補助関連,C,needs_review,adjacent=equipment/machine; growth=development,,0,,https://www.sankyo-fever.co.jp,EQUITY,Consumer Cyclical,Gambling,https://www.sankyo-fever.co.jp
7,6418,"Japan Cash Machine Co., Ltd.",円安メリット,内需・消費,8,5,7,ノイズ候補,C,needs_review_macro,事業概要に直接根拠を確認できず,,0,,https://www.jcm-hq.co.jp | https://www.jcm-hq.co.jp/ja/business.html | https://www.jcm-hq.co.jp/ja/products.html,EQUITY,Industrials,Business Equipment & Supplies,https://www.jcm-hq.co.jp
7,6419,Mars Group Holdings Corporation,ホテル,内需・消費,42,42,42,補助関連,C,needs_review,adjacent=hotel; growth=develops/development,,0,,https://www.mars-ghd.co.jp,EQUITY,Consumer Cyclical,Leisure,https://www.mars-ghd.co.jp
7,6420,Galilei Holdings Co.Ltd.,医療機器,医療・ヘルスケア,8,5,7,ノイズ候補,C,needs_review,事業概要に直接根拠を確認できず,,0,,https://www.galilei-holdings.co.jp,EQUITY,Industrials,Specialty Industrial Machinery,https://www.galilei-holdings.co.jp
7,6424,"Takamisawa Cybernetics Company, Ltd.",キャッシュレス決済,金融・金利,8,5,7,ノイズ候補,C,needs_review,事業概要に直接根拠を確認できず,,0,,https://www.tacy.co.jp | https://www.tacy.co.jp/products/ | https://www.tacy.co.jp/products/mechatro/oem/,EQUITY,Technology,Scientific & Technical Instruments,https://www.tacy.co.jp
7,6424,"Takamisawa Cybernetics Company, Ltd.",防災,防衛・国土強靱化,92,90,91,主力テーマ,A,official_site_supported,direct=disaster prevention; position=0.75; growth=development; official=防災; count=19; pos=0.01,防災,19,0.0073,https://www.tacy.co.jp | https://www.tacy.co.jp/products/ | https://www.tacy.co.jp/products/mechatro/oem/,EQUITY,Technology,Scientific & Technical Instruments,https://www.tacy.co.jp
7,6425,Universal Entertainment Corporation,ホテル,内需・消費,8,5,7,ノイズ候補,C,needs_review,事業概要に直接根拠を確認できず,,0,,https://www.universal-777.co.jp,EQUITY,Consumer Cyclical,Leisure,https://www.universal-777.co.jp
7,6425,Universal Entertainment Corporation,機械,設備投資・機械,46,46,46,補助関連,C,needs_review,adjacent=equipment/machine; growth=develops/research,,0,,https://www.universal-777.co.jp,EQUITY,Consumer Cyclical,Leisure,https://www.universal-777.co.jp
7,6428,OIZUMI Corporation,eコマース,内需・消費,72,68,71,有力関連,B,needs_review,direct=e-commerce; position=0.79; growth=develops/development; official=EC/ＥＣ; count=2; pos=0.39,EC | ＥＣ,2,0.3885,https://www.oizumi.co.jp | https://oizumi.co.jp/corporate/ | https://oizumi.co.jp/corporate/development/,EQUITY,Communication Services,Electronic Gaming & Multimedia,https://www.oizumi.co.jp
7,6428,OIZUMI Corporation,ゲーム関連,デジタル・サービス,85,82,84,主力テーマ,B,official_site_supported,adjacent=gaming; growth=develops/development; official=ゲーム; count=3; pos=0.83,ゲーム,3,0.8276,https://www.oizumi.co.jp | https://oizumi.co.jp/corporate/ | https://oizumi.co.jp/corporate/development/,EQUITY,Communication Services,Electronic Gaming & Multimedia,https://www.oizumi.co.jp
7,6428,OIZUMI Corporation,太陽光発電関連,GX・エネルギー,92,90,91,主力テーマ,A,official_site_supported,direct=solar power; position=0.75; growth=develops/development; official=太陽光発電; count=7; pos=0.38,太陽光発電,7,0.3832,https://www.oizumi.co.jp | https://oizumi.co.jp/corporate/ | https://oizumi.co.jp/corporate/development/,EQUITY,Communication Services,Electronic Gaming & Multimedia,https://www.oizumi.co.jp
7,6428,OIZUMI Corporation,機械,設備投資・機械,46,46,46,補助関連,C,needs_review,adjacent=equipment/machine; growth=develops/development,,0,,https://www.oizumi.co.jp | https://oizumi.co.jp/corporate/ | https://oizumi.co.jp/corporate/development/,EQUITY,Communication Services,Electronic Gaming & Multimedia,https://www.oizumi.co.jp
7,6428,OIZUMI Corporation,食品,内需・消費,58,54,57,補助関連,C,needs_review,adjacent=foods; growth=develops/development; official=食品; count=4; pos=0.56,食品,4,0.5580,https://www.oizumi.co.jp | https://oizumi.co.jp/corporate/ | https://oizumi.co.jp/corporate/development/,EQUITY,Communication Services,Electronic Gaming & Multimedia,https://www.oizumi.co.jp
7,6430,"Daikoku Denki Co., Ltd.",ゲーム関連,デジタル・サービス,42,44,43,補助関連,C,needs_review,adjacent=gaming; growth=develops/development,,0,,https://www.daikoku.co.jp | https://www.daikoku.co.jp/hall/product/ | https://www.daikoku.co.jp/hall/mg-service/,EQUITY,Technology,Computer Hardware,https://www.daikoku.co.jp
7,6430,"Daikoku Denki Co., Ltd.",機械,設備投資・機械,42,44,43,補助関連,C,needs_review,adjacent=machine; growth=develops/development,,0,,https://www.daikoku.co.jp | https://www.daikoku.co.jp/hall/product/ | https://www.daikoku.co.jp/hall/mg-service/,EQUITY,Technology,Computer Hardware,https://www.daikoku.co.jp
7,6432,"Takeuchi Mfg. Co., Ltd.",円安メリット,内需・消費,8,5,7,ノイズ候補,C,needs_review_macro,事業概要に直接根拠を確認できず,,0,,https://www.takeuchi-mfg.co.jp | https://www.takeuchi-mfg.co.jp/equipment | https://www.takeuchi-mfg.co.jp/takeuchi-corporate-information,EQUITY,Industrials,Farm & Heavy Construction Machinery,https://www.takeuchi-mfg.co.jp
7,6432,"Takeuchi Mfg. Co., Ltd.",建設機械,設備投資・機械,97,99,98,主力テーマ,A,ok,direct=construction machinery/excavator; position=0.20; growth=development; official=建設機械; count=12; pos=0.05,建設機械,12,0.0500,https://www.takeuchi-mfg.co.jp | https://www.takeuchi-mfg.co.jp/equipment | https://www.takeuchi-mfg.co.jp/takeuchi-corporate-information,EQUITY,Industrials,Farm & Heavy Construction Machinery,https://www.takeuchi-mfg.co.jp
7,6433,"HEPHAIST Co., Ltd.",3Dプリンター,設備投資・機械,8,5,7,ノイズ候補,C,needs_review,事業概要に直接根拠を確認できず,,0,,https://www.hephaist.co.jp,EQUITY,Industrials,Metal Fabrication,https://www.hephaist.co.jp
7,6433,"HEPHAIST Co., Ltd.",サービスロボット,設備投資・機械,8,5,7,ノイズ候補,C,needs_review,事業概要に直接根拠を確認できず,,0,,https://www.hephaist.co.jp,EQUITY,Industrials,Metal Fabrication,https://www.hephaist.co.jp
7,6433,"HEPHAIST Co., Ltd.",フィジカルAI,AI・半導体,8,5,7,ノイズ候補,C,needs_review,事業概要に直接根拠を確認できず,,0,,https://www.hephaist.co.jp,EQUITY,Industrials,Metal Fabrication,https://www.hephaist.co.jp
7,6433,"HEPHAIST Co., Ltd.",ロボット,AI・半導体,8,5,7,ノイズ候補,C,needs_review,事業概要に直接根拠を確認できず,,0,,https://www.hephaist.co.jp,EQUITY,Industrials,Metal Fabrication,https://www.hephaist.co.jp
7,6436,Amano Corporation,機械,設備投資・機械,8,5,7,ノイズ候補,C,needs_review,事業概要に直接根拠を確認できず,,0,,https://www.amano.co.jp,EQUITY,Technology,Scientific & Technical Instruments,https://www.amano.co.jp
7,6439,,太陽光発電関連,GX・エネルギー,8,5,7,ノイズ候補,C,needs_official_ir,事業概要に直接根拠を確認できず,,0,,,,,,
7,6439,,建設機械,設備投資・機械,8,5,7,ノイズ候補,C,needs_official_ir,事業概要に直接根拠を確認できず,,0,,,,,,
7,6439,,自動車部材・部品,自動車・モビリティ,8,5,7,ノイズ候補,C,needs_official_ir,事業概要に直接根拠を確認できず,,0,,,,,,
7,6440,Juki Corporation,FA関連,設備投資・機械,8,5,7,ノイズ候補,C,needs_review,事業概要に直接根拠を確認できず,,0,,https://www.juki.co.jp,EQUITY,Industrials,Specialty Industrial Machinery,https://www.juki.co.jp
7,6440,Juki Corporation,ロボット,AI・半導体,8,5,7,ノイズ候補,C,needs_review,事業概要に直接根拠を確認できず,,0,,https://www.juki.co.jp,EQUITY,Industrials,Specialty Industrial Machinery,https://www.juki.co.jp
7,6440,Juki Corporation,円安メリット,内需・消費,8,5,7,ノイズ候補,C,needs_review_macro,事業概要に直接根拠を確認できず,,0,,https://www.juki.co.jp,EQUITY,Industrials,Specialty Industrial Machinery,https://www.juki.co.jp
7,6444,Sanden Corporation,機械,設備投資・機械,8,5,7,ノイズ候補,C,needs_review,事業概要に直接根拠を確認できず,,0,,https://www.sanden.co.jp,EQUITY,Consumer Cyclical,Auto Parts,https://www.sanden.co.jp
7,6444,Sanden Corporation,自動車部材・部品,自動車・モビリティ,82,84,83,主力テーマ,B,ok,direct=auto parts; growth=development,,0,,https://www.sanden.co.jp,EQUITY,Consumer Cyclical,Auto Parts,https://www.sanden.co.jp
7,6444,Sanden Corporation,電気自動車関連,自動車・モビリティ,8,5,7,ノイズ候補,C,needs_review,事業概要に直接根拠を確認できず,,0,,https://www.sanden.co.jp,EQUITY,Consumer Cyclical,Auto Parts,https://www.sanden.co.jp
7,6445,JANOME Corporation,ロボット,AI・半導体,66,56,63,有力関連,B,qa_borderline,direct=robot; position=0.50,,0,,https://www.janome.co.jp,EQUITY,Consumer Cyclical,"Furnishings, Fixtures & Appliances",https://www.janome.co.jp
7,6445,JANOME Corporation,機械,設備投資・機械,46,34,42,補助関連,C,needs_review,adjacent=equipment/machine,,0,,https://www.janome.co.jp,EQUITY,Consumer Cyclical,"Furnishings, Fixtures & Appliances",https://www.janome.co.jp
7,6448,"Brother Industries, Ltd.",FA関連,設備投資・機械,92,90,91,主力テーマ,A,official_site_supported,事業概要に直接根拠を確認できず; official=FA; count=11; pos=0.07,FA,11,0.0749,https://global.brother | https://global.brother/en/gateway | https://global.brother/en/investor/management/csb,EQUITY,Industrials,Business Equipment & Supplies,https://global.brother
7,6448,"Brother Industries, Ltd.",フィジカルAI,AI・半導体,8,5,7,ノイズ候補,C,needs_review,事業概要に直接根拠を確認できず,,0,,https://global.brother | https://global.brother/en/gateway | https://global.brother/en/investor/management/csb,EQUITY,Industrials,Business Equipment & Supplies,https://global.brother
7,6448,"Brother Industries, Ltd.",ロボット,AI・半導体,8,5,7,ノイズ候補,C,needs_review,事業概要に直接根拠を確認できず,,0,,https://global.brother | https://global.brother/en/gateway | https://global.brother/en/investor/management/csb,EQUITY,Industrials,Business Equipment & Supplies,https://global.brother
7,6448,"Brother Industries, Ltd.",円安メリット,内需・消費,8,5,7,ノイズ候補,C,needs_review_macro,事業概要に直接根拠を確認できず,,0,,https://global.brother | https://global.brother/en/gateway | https://global.brother/en/investor/management/csb,EQUITY,Industrials,Business Equipment & Supplies,https://global.brother
7,6448,"Brother Industries, Ltd.",工作機械,設備投資・機械,82,74,80,主力テーマ,B,ok,direct=machine tool; position=0.47,,0,,https://global.brother | https://global.brother/en/gateway | https://global.brother/en/investor/management/csb,EQUITY,Industrials,Business Equipment & Supplies,https://global.brother
7,6448,"Brother Industries, Ltd.",水素,GX・エネルギー,8,5,7,ノイズ候補,C,needs_review,事業概要に直接根拠を確認できず,,0,,https://global.brother | https://global.brother/en/gateway | https://global.brother/en/investor/management/csb,EQUITY,Industrials,Business Equipment & Supplies,https://global.brother
7,6454,"Max Co., Ltd.",介護関連,医療・ヘルスケア,8,5,7,ノイズ候補,C,needs_review,事業概要に直接根拠を確認できず,,0,,https://www.max-ltd.co.jp | https://www.max-ltd.co.jp/product/ | https://www.max-ltd.co.jp/about/company/overview/,EQUITY,Industrials,Tools & Accessories,https://www.max-ltd.co.jp
7,6454,"Max Co., Ltd.",建設機械,設備投資・機械,8,5,7,ノイズ候補,C,needs_review,事業概要に直接根拠を確認できず,,0,,https://www.max-ltd.co.jp | https://www.max-ltd.co.jp/product/ | https://www.max-ltd.co.jp/about/company/overview/,EQUITY,Industrials,Tools & Accessories,https://www.max-ltd.co.jp
7,6454,"Max Co., Ltd.",機械,設備投資・機械,46,34,42,補助関連,C,needs_review,adjacent=equipment/machine,,0,,https://www.max-ltd.co.jp | https://www.max-ltd.co.jp/product/ | https://www.max-ltd.co.jp/about/company/overview/,EQUITY,Industrials,Tools & Accessories,https://www.max-ltd.co.jp
7,6455,Morita Holdings Corporation,機械,設備投資・機械,92,94,93,主力テーマ,A,ok,direct=industrial machinery; position=0.17; growth=development; official=機械; count=2; pos=0.06,機械,2,0.0591,https://www.morita119.com,EQUITY,Industrials,Farm & Heavy Construction Machinery,https://www.morita119.com
7,6455,Morita Holdings Corporation,防災,防衛・国土強靱化,97,100,98,主力テーマ,A,ok,direct=disaster prevention/fire alarm; position=0.15; growth=development; official=防災; count=4; pos=0.06,防災,4,0.0570,https://www.morita119.com,EQUITY,Industrials,Farm & Heavy Construction Machinery,https://www.morita119.com
7,6457,Glory Ltd.,キャッシュレス決済,金融・金利,8,5,7,ノイズ候補,C,needs_review,事業概要に直接根拠を確認できず,,0,,https://www.glory-global.com | https://www.glory-global.com/en-us/industries/food-and-beverage-en-us/quick-service-restaurants | https://www.glory-global.com/en-us/products-and-services,EQUITY,Industrials,Business Equipment & Supplies,https://www.glory-global.com
7,6457,Glory Ltd.,サブスクリプション,デジタル・サービス,8,5,7,ノイズ候補,C,needs_review,事業概要に直接根拠を確認できず,,0,,https://www.glory-global.com | https://www.glory-global.com/en-us/industries/food-and-beverage-en-us/quick-service-restaurants | https://www.glory-global.com/en-us/products-and-services,EQUITY,Industrials,Business Equipment & Supplies,https://www.glory-global.com
7,6458,Sinko Industries Ltd.,サーバー冷却,データセンター・電力,42,30,38,ノイズ候補,C,needs_review,adjacent=air conditioning,,0,,https://www.sinko.co.jp | https://www.sinko.co.jp/ | https://www.sinko.co.jp/product/contactus/,EQUITY,Industrials,Building Products & Equipment,https://www.sinko.co.jp
7,6458,Sinko Industries Ltd.,データセンター,データセンター・電力,92,98,94,主力テーマ,A,ok,direct=data center; position=0.41; official=データセンター/データセンタ; count=18; pos=0.02,データセンター | データセンタ,18,0.0185,https://www.sinko.co.jp | https://www.sinko.co.jp/ | https://www.sinko.co.jp/product/contactus/,EQUITY,Industrials,Building Products & Equipment,https://www.sinko.co.jp
7,6458,Sinko Industries Ltd.,機械,設備投資・機械,42,30,38,ノイズ候補,C,needs_review,adjacent=equipment,,0,,https://www.sinko.co.jp | https://www.sinko.co.jp/ | https://www.sinko.co.jp/product/contactus/,EQUITY,Industrials,Building Products & Equipment,https://www.sinko.co.jp
7,6459,Daiwa Ltd.,外食,内需・消費,8,5,7,ノイズ候補,C,needs_review,事業概要に直接根拠を確認できず,,0,,https://www.drk.co.jp,EQUITY,Industrials,Specialty Industrial Machinery,https://www.drk.co.jp
7,6459,Daiwa Ltd.,機械,設備投資・機械,82,74,80,主力テーマ,B,ok,direct=industrial machinery,,0,,https://www.drk.co.jp,EQUITY,Industrials,Specialty Industrial Machinery,https://www.drk.co.jp
7,6460,Sega Sammy Holdings Inc.,ゲーム関連,デジタル・サービス,90,82,88,主力テーマ,A,official_site_supported,adjacent=gaming; growth=development; official=ゲーム; count=3; pos=0.12,ゲーム,3,0.1201,https://www.segasammy.co.jp | https://www.segasammy.co.jp/ja/corp/ | https://www.segasammy.co.jp/ja/corp/profile/,EQUITY,Communication Services,Electronic Gaming & Multimedia,https://www.segasammy.co.jp
7,6463,"TPR Co., Ltd.",機械,設備投資・機械,42,40,41,補助関連,C,needs_review,adjacent=equipment; growth=development,,0,,https://www.tpr.co.jp,EQUITY,Consumer Cyclical,Auto Parts,https://www.tpr.co.jp
7,6463,"TPR Co., Ltd.",自動車部材・部品,自動車・モビリティ,82,84,83,主力テーマ,B,ok,direct=auto parts; growth=development,,0,,https://www.tpr.co.jp,EQUITY,Consumer Cyclical,Auto Parts,https://www.tpr.co.jp
7,6463,"TPR Co., Ltd.",電気自動車関連,自動車・モビリティ,86,88,87,主力テーマ,A,ok,direct= ev ; position=0.34; growth=development; official=EV; count=1; pos=0.34,EV,1,0.3354,https://www.tpr.co.jp,EQUITY,Consumer Cyclical,Auto Parts,https://www.tpr.co.jp
7,6464,"Tsubaki Nakashima Co., Ltd.",工作機械,設備投資・機械,92,98,94,主力テーマ,A,official_site_supported,事業概要に直接根拠を確認できず; official=工作機械; count=7; pos=0.01,工作機械,7,0.0112,https://www.tsubaki-nakashima.com | https://tsubaki-nakashima.com/jp/industry/medical/ | https://tsubaki-nakashima.com/jp/industry/consumer/,EQUITY,Industrials,Tools & Accessories,https://www.tsubaki-nakashima.com
7,6464,"Tsubaki Nakashima Co., Ltd.",自動車部材・部品,自動車・モビリティ,42,30,38,ノイズ候補,C,needs_review,adjacent=vehicle,,0,,https://www.tsubaki-nakashima.com | https://tsubaki-nakashima.com/jp/industry/medical/ | https://tsubaki-nakashima.com/jp/industry/consumer/,EQUITY,Industrials,Tools & Accessories,https://www.tsubaki-nakashima.com
7,6464,"Tsubaki Nakashima Co., Ltd.",電気自動車関連,自動車・モビリティ,92,98,94,主力テーマ,A,official_site_supported,direct=electric vehicle; position=0.53; official=EV; count=12; pos=0.26,EV,12,0.2567,https://www.tsubaki-nakashima.com | https://tsubaki-nakashima.com/jp/industry/medical/ | https://tsubaki-nakashima.com/jp/industry/consumer/,EQUITY,Industrials,Tools & Accessories,https://www.tsubaki-nakashima.com
7,6465,Hoshizaki Corporation,外食,内需・消費,86,90,87,主力テーマ,A,ok,direct=food service; position=0.38; growth=develops/research,,0,,https://www.hoshizaki.co.jp | https://www.hoshizaki.co.jp/p/ | https://www.hoshizaki.co.jp/business/,EQUITY,Industrials,Specialty Industrial Machinery,https://www.hoshizaki.co.jp
7,6466,"TVE Co., Ltd.",原子力発電,GX・エネルギー,92,98,94,主力テーマ,A,ok,direct=nuclear power; position=0.18; official=原子力発電; count=4; pos=0.52,原子力発電,4,0.5218,https://www.toavalve.co.jp | https://www.toavalve.co.jp/com/outline.html | https://www.toavalve.co.jp/service/index.html,EQUITY,Industrials,Specialty Industrial Machinery,https://www.toavalve.co.jp
7,6466,"TVE Co., Ltd.",機械,設備投資・機械,82,74,80,主力テーマ,B,ok,direct=industrial machinery; official=機械; count=2; pos=0.39,機械,2,0.3942,https://www.toavalve.co.jp | https://www.toavalve.co.jp/com/outline.html | https://www.toavalve.co.jp/service/index.html,EQUITY,Industrials,Specialty Industrial Machinery,https://www.toavalve.co.jp
7,6467,Nichidai Corporation,宇宙開発関連,防衛・国土強靱化,82,86,83,主力テーマ,B,ok,direct=rocket; position=0.50; growth=develops/development,,0,,https://www.nichidai.jp | https://www.nichidai.jp/company/ | https://www.nichidai.jp/product/,EQUITY,Industrials,Specialty Industrial Machinery,https://www.nichidai.jp
7,6467,Nichidai Corporation,自動車製造装置,自動車・モビリティ,8,5,7,ノイズ候補,C,needs_review,事業概要に直接根拠を確認できず,,0,,https://www.nichidai.jp | https://www.nichidai.jp/company/ | https://www.nichidai.jp/product/,EQUITY,Industrials,Specialty Industrial Machinery,https://www.nichidai.jp
7,6467,Nichidai Corporation,自動車部材・部品,自動車・モビリティ,86,90,87,主力テーマ,A,ok,direct=automotive parts; position=0.29; growth=develops/development,,0,,https://www.nichidai.jp | https://www.nichidai.jp/company/ | https://www.nichidai.jp/product/,EQUITY,Industrials,Specialty Industrial Machinery,https://www.nichidai.jp
7,6469,"Hoden Seimitsu Kako Kenkyusho Co., Ltd.",機械,設備投資・機械,82,74,80,主力テーマ,B,ok,direct=industrial machinery; official=機械; count=14; pos=0.02,機械,14,0.0204,https://www.hsk.co.jp | https://www.hsk.co.jp/ja/company.html | https://www.hsk.co.jp/ja/introduction.html,EQUITY,Industrials,Specialty Industrial Machinery,https://www.hsk.co.jp
7,6469,"Hoden Seimitsu Kako Kenkyusho Co., Ltd.",自動車部材・部品,自動車・モビリティ,82,74,80,主力テーマ,B,ok,direct=automotive parts; position=0.41,,0,,https://www.hsk.co.jp | https://www.hsk.co.jp/ja/company.html | https://www.hsk.co.jp/ja/introduction.html,EQUITY,Industrials,Specialty Industrial Machinery,https://www.hsk.co.jp
7,6469,"Hoden Seimitsu Kako Kenkyusho Co., Ltd.",防衛,防衛・国土強靱化,8,5,7,ノイズ候補,C,needs_review,事業概要に直接根拠を確認できず,,0,,https://www.hsk.co.jp | https://www.hsk.co.jp/ja/company.html | https://www.hsk.co.jp/ja/introduction.html,EQUITY,Industrials,Specialty Industrial Machinery,https://www.hsk.co.jp
7,6470,"Taiho Kogyo Co., Ltd.",自動車製造装置,自動車・モビリティ,8,5,7,ノイズ候補,C,needs_review,事業概要に直接根拠を確認できず,,0,,https://www.taihonet.co.jp | https://www.taihonet.co.jp/company/ | https://www.taihonet.co.jp/company/outline/,EQUITY,Consumer Cyclical,Auto Parts,https://www.taihonet.co.jp
7,6470,"Taiho Kogyo Co., Ltd.",自動車軽量化,自動車・モビリティ,8,5,7,ノイズ候補,C,needs_review,事業概要に直接根拠を確認できず,,0,,https://www.taihonet.co.jp | https://www.taihonet.co.jp/company/ | https://www.taihonet.co.jp/company/outline/,EQUITY,Consumer Cyclical,Auto Parts,https://www.taihonet.co.jp
7,6470,"Taiho Kogyo Co., Ltd.",自動車部材・部品,自動車・モビリティ,90,74,85,主力テーマ,A,ok,direct=auto parts; official=自動車部品; count=2; pos=0.13,自動車部品,2,0.1344,https://www.taihonet.co.jp | https://www.taihonet.co.jp/company/ | https://www.taihonet.co.jp/company/outline/,EQUITY,Consumer Cyclical,Auto Parts,https://www.taihonet.co.jp
7,6470,"Taiho Kogyo Co., Ltd.",自動車電子化,自動車・モビリティ,8,5,7,ノイズ候補,C,needs_review,事業概要に直接根拠を確認できず,,0,,https://www.taihonet.co.jp | https://www.taihonet.co.jp/company/ | https://www.taihonet.co.jp/company/outline/,EQUITY,Consumer Cyclical,Auto Parts,https://www.taihonet.co.jp
7,6471,NSK Ltd.,FA関連,設備投資・機械,92,90,91,主力テーマ,A,official_site_supported,事業概要に直接根拠を確認できず; official=FA; count=7; pos=0.16,FA,7,0.1620,https://www.nsk.com/index.html | https://www.nsk.com/products/ | https://www.nsk.com/products/linear/,EQUITY,Consumer Cyclical,Auto Parts,https://www.nsk.com/index.html
7,6471,NSK Ltd.,スマートグリッド,データセンター・電力,8,5,7,ノイズ候補,C,needs_review,事業概要に直接根拠を確認できず,,0,,https://www.nsk.com/index.html | https://www.nsk.com/products/ | https://www.nsk.com/products/linear/,EQUITY,Consumer Cyclical,Auto Parts,https://www.nsk.com/index.html
7,6471,NSK Ltd.,ロボット,AI・半導体,8,5,7,ノイズ候補,C,needs_review,事業概要に直接根拠を確認できず,,0,,https://www.nsk.com/index.html | https://www.nsk.com/products/ | https://www.nsk.com/products/linear/,EQUITY,Consumer Cyclical,Auto Parts,https://www.nsk.com/index.html
7,6471,NSK Ltd.,半導体製造装置,AI・半導体,46,34,42,補助関連,C,needs_review,adjacent=semiconductor/precision equipment,,0,,https://www.nsk.com/index.html | https://www.nsk.com/products/ | https://www.nsk.com/products/linear/,EQUITY,Consumer Cyclical,Auto Parts,https://www.nsk.com/index.html
7,6471,NSK Ltd.,建設機械,設備投資・機械,8,5,7,ノイズ候補,C,needs_review,事業概要に直接根拠を確認できず,,0,,https://www.nsk.com/index.html | https://www.nsk.com/products/ | https://www.nsk.com/products/linear/,EQUITY,Consumer Cyclical,Auto Parts,https://www.nsk.com/index.html
7,6471,NSK Ltd.,自動車軽量化,自動車・モビリティ,8,5,7,ノイズ候補,C,needs_review,事業概要に直接根拠を確認できず,,0,,https://www.nsk.com/index.html | https://www.nsk.com/products/ | https://www.nsk.com/products/linear/,EQUITY,Consumer Cyclical,Auto Parts,https://www.nsk.com/index.html
7,6471,NSK Ltd.,自動車部材・部品,自動車・モビリティ,82,74,80,主力テーマ,B,ok,direct=auto parts,,0,,https://www.nsk.com/index.html | https://www.nsk.com/products/ | https://www.nsk.com/products/linear/,EQUITY,Consumer Cyclical,Auto Parts,https://www.nsk.com/index.html
7,6471,NSK Ltd.,設備投資,設備投資・機械,92,84,90,主力テーマ,A,ok,direct=industrial machinery; position=0.03,,0,,https://www.nsk.com/index.html | https://www.nsk.com/products/ | https://www.nsk.com/products/linear/,EQUITY,Consumer Cyclical,Auto Parts,https://www.nsk.com/index.html
7,6471,NSK Ltd.,鉄道関連,物流・海運,58,46,54,補助関連,C,needs_review,direct=railway; position=0.92,,0,,https://www.nsk.com/index.html | https://www.nsk.com/products/ | https://www.nsk.com/products/linear/,EQUITY,Consumer Cyclical,Auto Parts,https://www.nsk.com/index.html
7,6471,NSK Ltd.,電気自動車関連,自動車・モビリティ,92,90,91,主力テーマ,A,official_site_supported,事業概要に直接根拠を確認できず; official=EV; count=23; pos=0.06,EV,23,0.0650,https://www.nsk.com/index.html | https://www.nsk.com/products/ | https://www.nsk.com/products/linear/,EQUITY,Consumer Cyclical,Auto Parts,https://www.nsk.com/index.html
7,6471,NSK Ltd.,風力発電,GX・エネルギー,58,46,54,補助関連,C,needs_review,direct=wind turbine; position=0.95,,0,,https://www.nsk.com/index.html | https://www.nsk.com/products/ | https://www.nsk.com/products/linear/,EQUITY,Consumer Cyclical,Auto Parts,https://www.nsk.com/index.html
7,6472,NTN Corporation,スマートグリッド,データセンター・電力,8,5,7,ノイズ候補,C,needs_review,事業概要に直接根拠を確認できず,,0,,https://www.ntn.co.jp,EQUITY,Industrials,Tools & Accessories,https://www.ntn.co.jp
7,6472,NTN Corporation,円安メリット,内需・消費,8,5,7,ノイズ候補,C,needs_review_macro,事業概要に直接根拠を確認できず,,0,,https://www.ntn.co.jp,EQUITY,Industrials,Tools & Accessories,https://www.ntn.co.jp
7,6472,NTN Corporation,再生可能エネルギー,GX・エネルギー,8,5,7,ノイズ候補,C,needs_review,事業概要に直接根拠を確認できず,,0,,https://www.ntn.co.jp,EQUITY,Industrials,Tools & Accessories,https://www.ntn.co.jp
7,6472,NTN Corporation,宇宙開発関連,防衛・国土強靱化,42,30,38,ノイズ候補,C,needs_review,adjacent=aerospace,,0,,https://www.ntn.co.jp,EQUITY,Industrials,Tools & Accessories,https://www.ntn.co.jp
7,6472,NTN Corporation,建設機械,設備投資・機械,8,5,7,ノイズ候補,C,needs_review,事業概要に直接根拠を確認できず,,0,,https://www.ntn.co.jp,EQUITY,Industrials,Tools & Accessories,https://www.ntn.co.jp
7,6472,NTN Corporation,自動車部材・部品,自動車・モビリティ,42,30,38,ノイズ候補,C,needs_review,adjacent=vehicle,,0,,https://www.ntn.co.jp,EQUITY,Industrials,Tools & Accessories,https://www.ntn.co.jp
7,6472,NTN Corporation,設備投資,設備投資・機械,46,34,42,補助関連,C,needs_review,adjacent=equipment/machinery,,0,,https://www.ntn.co.jp,EQUITY,Industrials,Tools & Accessories,https://www.ntn.co.jp
7,6472,NTN Corporation,鉄道関連,物流・海運,72,68,71,有力関連,B,qa_borderline,direct=railway; position=0.61; official=鉄道; count=1; pos=0.28,鉄道,1,0.2810,https://www.ntn.co.jp,EQUITY,Industrials,Tools & Accessories,https://www.ntn.co.jp
7,6472,NTN Corporation,電気自動車関連,自動車・モビリティ,72,68,71,有力関連,B,qa_borderline,direct=electric vehicle; position=0.60; official=電気自動車/EV; count=2; pos=0.27,電気自動車 | EV,2,0.2700,https://www.ntn.co.jp,EQUITY,Industrials,Tools & Accessories,https://www.ntn.co.jp
7,6472,NTN Corporation,風力発電,GX・エネルギー,72,68,71,有力関連,B,qa_borderline,direct=wind turbine; position=0.63; official=風力発電; count=1; pos=0.29,風力発電,1,0.2865,https://www.ntn.co.jp,EQUITY,Industrials,Tools & Accessories,https://www.ntn.co.jp
7,6473,JTEKT Corporation,スマートグリッド,データセンター・電力,8,5,7,ノイズ候補,C,needs_review,事業概要に直接根拠を確認できず,,0,,https://www.jtekt.co.jp | https://www.jtekt.co.jp/products/ | https://www.jtekt.co.jp/products/automotive/,EQUITY,Consumer Cyclical,Auto Parts,https://www.jtekt.co.jp
7,6473,JTEKT Corporation,宇宙開発関連,防衛・国土強靱化,8,5,7,ノイズ候補,C,needs_review,事業概要に直接根拠を確認できず,,0,,https://www.jtekt.co.jp | https://www.jtekt.co.jp/products/ | https://www.jtekt.co.jp/products/automotive/,EQUITY,Consumer Cyclical,Auto Parts,https://www.jtekt.co.jp
7,6473,JTEKT Corporation,工作機械,設備投資・機械,97,100,98,主力テーマ,A,ok,direct=machine tool/machining center; position=0.05; growth=development/research; official=工作機械; count=13; pos=0.01,工作機械,13,0.0146,https://www.jtekt.co.jp | https://www.jtekt.co.jp/products/ | https://www.jtekt.co.jp/products/automotive/,EQUITY,Consumer Cyclical,Auto Parts,https://www.jtekt.co.jp
7,6473,JTEKT Corporation,機械,設備投資・機械,91,95,92,主力テーマ,A,ok,direct=industrial machinery/mechanical equipment; position=0.24; growth=development/research; official=機械; count=13; pos=0.01,機械,13,0.0148,https://www.jtekt.co.jp | https://www.jtekt.co.jp/products/ | https://www.jtekt.co.jp/products/automotive/,EQUITY,Consumer Cyclical,Auto Parts,https://www.jtekt.co.jp
7,6473,JTEKT Corporation,自動車部材・部品,自動車・モビリティ,85,86,85,主力テーマ,A,ok,direct=auto parts; growth=development/research; official=自動車部品; count=3; pos=0.54,自動車部品,3,0.5418,https://www.jtekt.co.jp | https://www.jtekt.co.jp/products/ | https://www.jtekt.co.jp/products/automotive/,EQUITY,Consumer Cyclical,Auto Parts,https://www.jtekt.co.jp
7,6473,JTEKT Corporation,自動運転車,自動車・モビリティ,8,5,7,ノイズ候補,C,needs_review,事業概要に直接根拠を確認できず,,0,,https://www.jtekt.co.jp | https://www.jtekt.co.jp/products/ | https://www.jtekt.co.jp/products/automotive/,EQUITY,Consumer Cyclical,Auto Parts,https://www.jtekt.co.jp
7,6473,JTEKT Corporation,設備投資,設備投資・機械,86,90,87,主力テーマ,A,ok,direct=industrial machinery; position=0.24; growth=development/research,,0,,https://www.jtekt.co.jp | https://www.jtekt.co.jp/products/ | https://www.jtekt.co.jp/products/automotive/,EQUITY,Consumer Cyclical,Auto Parts,https://www.jtekt.co.jp
7,6473,JTEKT Corporation,風力発電,GX・エネルギー,72,68,71,有力関連,B,needs_review,事業概要に直接根拠を確認できず; official=風力発電; count=1; pos=0.60,風力発電,1,0.6025,https://www.jtekt.co.jp | https://www.jtekt.co.jp/products/ | https://www.jtekt.co.jp/products/automotive/,EQUITY,Consumer Cyclical,Auto Parts,https://www.jtekt.co.jp
7,6474,Nachi-Fujikoshi Corp.,FA関連,設備投資・機械,8,5,7,ノイズ候補,C,needs_review,事業概要に直接根拠を確認できず,,0,,https://www.nachi-fujikoshi.co.jp | https://www.nachi-fujikoshi.co.jp/media/topics | https://www.nachi-fujikoshi.co.jp/media/products,EQUITY,Industrials,Tools & Accessories,https://www.nachi-fujikoshi.co.jp
7,6474,Nachi-Fujikoshi Corp.,ロボット,AI・半導体,92,90,91,主力テーマ,A,ok,direct=robot; position=0.33; official=ロボット; count=24; pos=0.00,ロボット,24,0.0004,https://www.nachi-fujikoshi.co.jp | https://www.nachi-fujikoshi.co.jp/media/topics | https://www.nachi-fujikoshi.co.jp/media/products,EQUITY,Industrials,Tools & Accessories,https://www.nachi-fujikoshi.co.jp
7,6474,Nachi-Fujikoshi Corp.,工作機械,設備投資・機械,97,90,95,主力テーマ,A,ok,direct=machine tool/machining center; position=0.04; official=工作機械; count=18; pos=0.03,工作機械,18,0.0335,https://www.nachi-fujikoshi.co.jp | https://www.nachi-fujikoshi.co.jp/media/topics | https://www.nachi-fujikoshi.co.jp/media/products,EQUITY,Industrials,Tools & Accessories,https://www.nachi-fujikoshi.co.jp
7,6474,Nachi-Fujikoshi Corp.,建設機械,設備投資・機械,90,68,83,主力テーマ,B,official_site_supported,事業概要に直接根拠を確認できず; official=建設機械; count=1; pos=0.15,建設機械,1,0.1488,https://www.nachi-fujikoshi.co.jp | https://www.nachi-fujikoshi.co.jp/media/topics | https://www.nachi-fujikoshi.co.jp/media/products,EQUITY,Industrials,Tools & Accessories,https://www.nachi-fujikoshi.co.jp
7,6474,Nachi-Fujikoshi Corp.,機械,設備投資・機械,72,68,71,有力関連,B,needs_review,adjacent=equipment/machine; official=機械; count=23; pos=0.03,機械,23,0.0337,https://www.nachi-fujikoshi.co.jp | https://www.nachi-fujikoshi.co.jp/media/topics | https://www.nachi-fujikoshi.co.jp/media/products,EQUITY,Industrials,Tools & Accessories,https://www.nachi-fujikoshi.co.jp
7,6474,Nachi-Fujikoshi Corp.,自動車部材・部品,自動車・モビリティ,42,30,38,ノイズ候補,C,needs_review,adjacent=automotive,,0,,https://www.nachi-fujikoshi.co.jp | https://www.nachi-fujikoshi.co.jp/media/topics | https://www.nachi-fujikoshi.co.jp/media/products,EQUITY,Industrials,Tools & Accessories,https://www.nachi-fujikoshi.co.jp
7,6474,Nachi-Fujikoshi Corp.,設備投資,設備投資・機械,42,30,38,ノイズ候補,C,needs_review,adjacent=equipment,,0,,https://www.nachi-fujikoshi.co.jp | https://www.nachi-fujikoshi.co.jp/media/topics | https://www.nachi-fujikoshi.co.jp/media/products,EQUITY,Industrials,Tools & Accessories,https://www.nachi-fujikoshi.co.jp
7,6479,MINEBEA MITSUMI Inc.,IoT,設備投資・機械,92,90,91,主力テーマ,A,official_site_supported,事業概要に直接根拠を確認できず; official=IoT; count=12; pos=0.28,IoT,12,0.2753,https://www.minebeamitsumi.com,EQUITY,Technology,Electronic Components,https://www.minebeamitsumi.com
7,6479,MINEBEA MITSUMI Inc.,ゲーム関連,デジタル・サービス,8,5,7,ノイズ候補,C,needs_review,事業概要に直接根拠を確認できず,,0,,https://www.minebeamitsumi.com,EQUITY,Technology,Electronic Components,https://www.minebeamitsumi.com
7,6479,MINEBEA MITSUMI Inc.,ドローン,防衛・国土強靱化,8,5,7,ノイズ候補,C,needs_review,事業概要に直接根拠を確認できず,,0,,https://www.minebeamitsumi.com,EQUITY,Technology,Electronic Components,https://www.minebeamitsumi.com
7,6479,MINEBEA MITSUMI Inc.,フィジカルAI,AI・半導体,8,5,7,ノイズ候補,C,needs_review,事業概要に直接根拠を確認できず,,0,,https://www.minebeamitsumi.com,EQUITY,Technology,Electronic Components,https://www.minebeamitsumi.com
7,6479,MINEBEA MITSUMI Inc.,ロボット,AI・半導体,8,5,7,ノイズ候補,C,needs_review,事業概要に直接根拠を確認できず,,0,,https://www.minebeamitsumi.com,EQUITY,Technology,Electronic Components,https://www.minebeamitsumi.com
7,6479,MINEBEA MITSUMI Inc.,円安メリット,内需・消費,8,5,7,ノイズ候補,C,needs_review_macro,事業概要に直接根拠を確認できず,,0,,https://www.minebeamitsumi.com,EQUITY,Technology,Electronic Components,https://www.minebeamitsumi.com
7,6479,MINEBEA MITSUMI Inc.,半導体,AI・半導体,92,84,90,主力テーマ,A,ok,direct=semiconductor; position=0.14,,0,,https://www.minebeamitsumi.com,EQUITY,Technology,Electronic Components,https://www.minebeamitsumi.com
7,6479,MINEBEA MITSUMI Inc.,宇宙開発関連,防衛・国土強靱化,42,30,38,ノイズ候補,C,needs_review,adjacent=aerospace,,0,,https://www.minebeamitsumi.com,EQUITY,Technology,Electronic Components,https://www.minebeamitsumi.com
7,6479,MINEBEA MITSUMI Inc.,自動車軽量化,自動車・モビリティ,8,5,7,ノイズ候補,C,needs_review,事業概要に直接根拠を確認できず,,0,,https://www.minebeamitsumi.com,EQUITY,Technology,Electronic Components,https://www.minebeamitsumi.com
7,6479,MINEBEA MITSUMI Inc.,自動車部材・部品,自動車・モビリティ,42,30,38,ノイズ候補,C,needs_review,adjacent=automotive,,0,,https://www.minebeamitsumi.com,EQUITY,Technology,Electronic Components,https://www.minebeamitsumi.com
7,6479,MINEBEA MITSUMI Inc.,自動運転車,自動車・モビリティ,8,5,7,ノイズ候補,C,needs_review,事業概要に直接根拠を確認できず,,0,,https://www.minebeamitsumi.com,EQUITY,Technology,Electronic Components,https://www.minebeamitsumi.com
7,6479,MINEBEA MITSUMI Inc.,設備投資,設備投資・機械,92,84,90,主力テーマ,A,ok,direct=industrial machinery; position=0.06,,0,,https://www.minebeamitsumi.com,EQUITY,Technology,Electronic Components,https://www.minebeamitsumi.com
7,6479,MINEBEA MITSUMI Inc.,防衛,防衛・国土強靱化,8,5,7,ノイズ候補,C,needs_review,事業概要に直接根拠を確認できず,,0,,https://www.minebeamitsumi.com,EQUITY,Technology,Electronic Components,https://www.minebeamitsumi.com
7,6480,"Nippon Thompson Co., Ltd.",FA関連,設備投資・機械,92,90,91,主力テーマ,A,official_site_supported,事業概要に直接根拠を確認できず; official=FA; count=6; pos=0.04,FA,6,0.0436,https://www.ikont.co.jp | https://www.ikont.co.jp/product/index.html | https://www.ikont.co.jp/product/newproduct/index.html,EQUITY,Industrials,Tools & Accessories,https://www.ikont.co.jp
7,6480,"Nippon Thompson Co., Ltd.",フィジカルAI,AI・半導体,42,40,41,補助関連,C,needs_review,adjacent=robot; growth=develops,,0,,https://www.ikont.co.jp | https://www.ikont.co.jp/product/index.html | https://www.ikont.co.jp/product/newproduct/index.html,EQUITY,Industrials,Tools & Accessories,https://www.ikont.co.jp
7,6480,"Nippon Thompson Co., Ltd.",ロボット,AI・半導体,82,84,83,主力テーマ,B,ok,direct=robot; position=0.47; growth=develops,,0,,https://www.ikont.co.jp | https://www.ikont.co.jp/product/index.html | https://www.ikont.co.jp/product/newproduct/index.html,EQUITY,Industrials,Tools & Accessories,https://www.ikont.co.jp
7,6480,"Nippon Thompson Co., Ltd.",円安メリット,内需・消費,8,5,7,ノイズ候補,C,needs_review_macro,事業概要に直接根拠を確認できず,,0,,https://www.ikont.co.jp | https://www.ikont.co.jp/product/index.html | https://www.ikont.co.jp/product/newproduct/index.html,EQUITY,Industrials,Tools & Accessories,https://www.ikont.co.jp
7,6480,"Nippon Thompson Co., Ltd.",半導体製造装置,AI・半導体,8,5,7,ノイズ候補,C,needs_review,事業概要に直接根拠を確認できず,,0,,https://www.ikont.co.jp | https://www.ikont.co.jp/product/index.html | https://www.ikont.co.jp/product/newproduct/index.html,EQUITY,Industrials,Tools & Accessories,https://www.ikont.co.jp
7,6480,"Nippon Thompson Co., Ltd.",建設機械,設備投資・機械,8,5,7,ノイズ候補,C,needs_review,事業概要に直接根拠を確認できず,,0,,https://www.ikont.co.jp | https://www.ikont.co.jp/product/index.html | https://www.ikont.co.jp/product/newproduct/index.html,EQUITY,Industrials,Tools & Accessories,https://www.ikont.co.jp
7,6480,"Nippon Thompson Co., Ltd.",設備投資,設備投資・機械,42,40,41,補助関連,C,needs_review,adjacent=equipment; growth=develops,,0,,https://www.ikont.co.jp | https://www.ikont.co.jp/product/index.html | https://www.ikont.co.jp/product/newproduct/index.html,EQUITY,Industrials,Tools & Accessories,https://www.ikont.co.jp
7,6481,"THK Co., Ltd.",FA関連,設備投資・機械,8,5,7,ノイズ候補,C,needs_review,事業概要に直接根拠を確認できず,,0,,https://www.thk.com,EQUITY,Industrials,Specialty Industrial Machinery,https://www.thk.com
7,6481,"THK Co., Ltd.",ロボット,AI・半導体,58,46,54,補助関連,C,needs_review,direct=robot; position=0.79,,0,,https://www.thk.com,EQUITY,Industrials,Specialty Industrial Machinery,https://www.thk.com
7,6481,"THK Co., Ltd.",半導体製造装置,AI・半導体,42,30,38,ノイズ候補,C,needs_review,adjacent=semiconductor,,0,,https://www.thk.com,EQUITY,Industrials,Specialty Industrial Machinery,https://www.thk.com
7,6481,"THK Co., Ltd.",工作機械,設備投資・機械,58,46,54,補助関連,C,needs_review,direct=machine tool; position=0.67,,0,,https://www.thk.com,EQUITY,Industrials,Specialty Industrial Machinery,https://www.thk.com
7,6481,"THK Co., Ltd.",機械,設備投資・機械,58,46,54,補助関連,C,needs_review,direct=industrial machinery; position=0.69,,0,,https://www.thk.com,EQUITY,Industrials,Specialty Industrial Machinery,https://www.thk.com
7,6481,"THK Co., Ltd.",耐震化,防衛・国土強靱化,8,5,7,ノイズ候補,C,needs_review,事業概要に直接根拠を確認できず,,0,,https://www.thk.com,EQUITY,Industrials,Specialty Industrial Machinery,https://www.thk.com
7,6481,"THK Co., Ltd.",自動車部材・部品,自動車・モビリティ,8,5,7,ノイズ候補,C,needs_review,事業概要に直接根拠を確認できず,,0,,https://www.thk.com,EQUITY,Industrials,Specialty Industrial Machinery,https://www.thk.com
7,6481,"THK Co., Ltd.",設備投資,設備投資・機械,58,46,54,補助関連,C,needs_review,direct=industrial machinery; position=0.69,,0,,https://www.thk.com,EQUITY,Industrials,Specialty Industrial Machinery,https://www.thk.com
7,6481,"THK Co., Ltd.",電気自動車関連,自動車・モビリティ,8,5,7,ノイズ候補,C,needs_review,事業概要に直接根拠を確認できず,,0,,https://www.thk.com,EQUITY,Industrials,Specialty Industrial Machinery,https://www.thk.com
7,6482,Yushin Company,FA関連,設備投資・機械,92,94,93,主力テーマ,A,ok,direct=factory automation; position=0.16; growth=development,,0,,https://www.yushincompany.jp,EQUITY,Industrials,Specialty Industrial Machinery,https://www.yushincompany.jp
7,6482,Yushin Company,サービスロボット,設備投資・機械,42,40,41,補助関連,C,needs_review,adjacent=robot; growth=development,,0,,https://www.yushincompany.jp,EQUITY,Industrials,Specialty Industrial Machinery,https://www.yushincompany.jp
7,6482,Yushin Company,ロボット,AI・半導体,92,94,93,主力テーマ,A,ok,direct=robot; position=0.10; growth=development; official=ロボット; count=9; pos=0.01,ロボット,9,0.0119,https://www.yushincompany.jp,EQUITY,Industrials,Specialty Industrial Machinery,https://www.yushincompany.jp
7,6482,Yushin Company,機械,設備投資・機械,82,84,83,主力テーマ,B,ok,direct=industrial machinery; growth=development; official=機械; count=1; pos=0.55,機械,1,0.5501,https://www.yushincompany.jp,EQUITY,Industrials,Specialty Industrial Machinery,https://www.yushincompany.jp
7,6482,Yushin Company,物流,物流・海運,8,5,7,ノイズ候補,C,needs_review,事業概要に直接根拠を確認できず,,0,,https://www.yushincompany.jp,EQUITY,Industrials,Specialty Industrial Machinery,https://www.yushincompany.jp
7,6482,Yushin Company,設備投資,設備投資・機械,82,84,83,主力テーマ,B,ok,direct=industrial machinery; growth=development,,0,,https://www.yushincompany.jp,EQUITY,Industrials,Specialty Industrial Machinery,https://www.yushincompany.jp
7,6484,KVK Corporation,水道関連,防衛・国土強靱化,58,46,54,補助関連,C,needs_review,direct=water supply; position=0.72,,0,,https://www.kvk.co.jp | https://www.kvk.co.jp/corporate/outline/index.html | https://www.kvk.co.jp/corporate/map/index.html,EQUITY,Consumer Cyclical,"Furnishings, Fixtures & Appliances",https://www.kvk.co.jp
7,6485,"Maezawa Kyuso Industries Co.,Ltd.",機械,設備投資・機械,42,30,38,ノイズ候補,C,needs_review,adjacent=equipment,,0,,https://www.qso.co.jp | https://www.qso.co.jp/product.html | https://www.qso.co.jp/corporate.html,EQUITY,Industrials,Building Products & Equipment,https://www.qso.co.jp
7,6485,"Maezawa Kyuso Industries Co.,Ltd.",水道関連,防衛・国土強靱化,97,100,98,主力テーマ,A,ok,direct=water supply/waterworks; position=0.11; official=水道/上水道; count=52; pos=0.00,水道 | 上水道,52,0.0000,https://www.qso.co.jp | https://www.qso.co.jp/product.html | https://www.qso.co.jp/corporate.html,EQUITY,Industrials,Building Products & Equipment,https://www.qso.co.jp
7,6486,"Eagle Industry Co.,Ltd.",半導体製造装置,AI・半導体,42,30,38,ノイズ候補,C,needs_review,adjacent=semiconductor,,0,,https://www.ekkeagle.com | https://www.ekkeagle.com/jp/about/car | https://www.ekkeagle.com/jp/about/general,EQUITY,Industrials,Specialty Industrial Machinery,https://www.ekkeagle.com
7,6486,"Eagle Industry Co.,Ltd.",原子力発電,GX・エネルギー,72,68,71,有力関連,B,needs_review,事業概要に直接根拠を確認できず; official=原子力発電; count=2; pos=0.91,原子力発電,2,0.9061,https://www.ekkeagle.com | https://www.ekkeagle.com/jp/about/car | https://www.ekkeagle.com/jp/about/general,EQUITY,Industrials,Specialty Industrial Machinery,https://www.ekkeagle.com
7,6486,"Eagle Industry Co.,Ltd.",宇宙開発関連,防衛・国土強靱化,42,30,38,ノイズ候補,C,needs_review,adjacent=aerospace,,0,,https://www.ekkeagle.com | https://www.ekkeagle.com/jp/about/car | https://www.ekkeagle.com/jp/about/general,EQUITY,Industrials,Specialty Industrial Machinery,https://www.ekkeagle.com
7,6486,"Eagle Industry Co.,Ltd.",建設機械,設備投資・機械,92,90,91,主力テーマ,A,ok,direct=construction machinery; position=0.19; official=建設機械; count=16; pos=0.01,建設機械,16,0.0066,https://www.ekkeagle.com | https://www.ekkeagle.com/jp/about/car | https://www.ekkeagle.com/jp/about/general,EQUITY,Industrials,Specialty Industrial Machinery,https://www.ekkeagle.com
7,6486,"Eagle Industry Co.,Ltd.",自動車部材・部品,自動車・モビリティ,8,5,7,ノイズ候補,C,needs_review,事業概要に直接根拠を確認できず,,0,,https://www.ekkeagle.com | https://www.ekkeagle.com/jp/about/car | https://www.ekkeagle.com/jp/about/general,EQUITY,Industrials,Specialty Industrial Machinery,https://www.ekkeagle.com
7,6488,Yoshitake Inc.,水素,GX・エネルギー,8,5,7,ノイズ候補,C,needs_review,事業概要に直接根拠を確認できず,,0,,https://www.yoshitake.jp,EQUITY,Industrials,Specialty Industrial Machinery,https://www.yoshitake.jp
7,6488,Yoshitake Inc.,設備投資,設備投資・機械,58,56,57,補助関連,C,needs_review,direct=industrial machinery/production equipment; position=0.73; growth=expansion,,0,,https://www.yoshitake.jp,EQUITY,Industrials,Specialty Industrial Machinery,https://www.yoshitake.jp
7,6490,PILLAR Corporation,半導体製造装置,AI・半導体,42,40,41,補助関連,C,needs_review,adjacent=semiconductor; growth=develops,,0,,https://www.pillar.co.jp,EQUITY,Industrials,Specialty Industrial Machinery,https://www.pillar.co.jp
7,6490,PILLAR Corporation,耐震化,防衛・国土強靱化,8,5,7,ノイズ候補,C,needs_review,事業概要に直接根拠を確認できず,,0,,https://www.pillar.co.jp,EQUITY,Industrials,Specialty Industrial Machinery,https://www.pillar.co.jp
7,6490,PILLAR Corporation,防災,防衛・国土強靱化,42,40,41,補助関連,C,needs_review,adjacent=seismic; growth=develops,,0,,https://www.pillar.co.jp,EQUITY,Industrials,Specialty Industrial Machinery,https://www.pillar.co.jp
7,6492,Okano Valve Mfg.Co.Ltd.,原子力発電,GX・エネルギー,58,58,58,補助関連,C,needs_review,direct=nuclear power; position=0.86; growth=development/research,,0,,https://www.okano-valve.co.jp,EQUITY,Industrials,Specialty Industrial Machinery,https://www.okano-valve.co.jp
7,6493,NITTAN Corporation,建設機械,設備投資・機械,8,5,7,ノイズ候補,C,needs_review,事業概要に直接根拠を確認できず,,0,,https://www.niv.co.jp,EQUITY,Consumer Cyclical,Auto Parts,https://www.niv.co.jp
7,6493,NITTAN Corporation,自動車部材・部品,自動車・モビリティ,82,74,80,主力テーマ,B,ok,direct=auto parts,,0,,https://www.niv.co.jp,EQUITY,Consumer Cyclical,Auto Parts,https://www.niv.co.jp
7,6494,"NFK Holdings Co., Ltd.",半導体,AI・半導体,8,5,7,ノイズ候補,C,needs_review,事業概要に直接根拠を確認できず,,0,,https://www.nfk-hd.co.jp,EQUITY,Industrials,Specialty Industrial Machinery,https://www.nfk-hd.co.jp
7,6494,"NFK Holdings Co., Ltd.",機械,設備投資・機械,82,86,83,主力テーマ,B,ok,direct=industrial machinery; growth=development/research,,0,,https://www.nfk-hd.co.jp,EQUITY,Industrials,Specialty Industrial Machinery,https://www.nfk-hd.co.jp
7,6495,"Miyairi Valve Mfg. Co., Ltd.",水素,GX・エネルギー,8,5,7,ノイズ候補,C,needs_review,事業概要に直接根拠を確認できず,,0,,https://www.miyairi-valve.co.jp | https://www.miyairi-valve.co.jp/business/ | https://www.miyairi-valve.co.jp/business/valve/,EQUITY,Industrials,Specialty Industrial Machinery,https://www.miyairi-valve.co.jp
7,6497,Hamai Industries Ltd.,半導体製造装置,AI・半導体,8,5,7,ノイズ候補,C,needs_review,事業概要に直接根拠を確認できず,,0,,https://www.hamai-net.com,EQUITY,Industrials,Metal Fabrication,https://www.hamai-net.com
7,6497,Hamai Industries Ltd.,水素,GX・エネルギー,42,30,38,ノイズ候補,C,needs_review,adjacent=hydrogen,,0,,https://www.hamai-net.com,EQUITY,Industrials,Metal Fabrication,https://www.hamai-net.com
7,6498,KITZ Corporation,サーバー冷却,データセンター・電力,8,5,7,ノイズ候補,C,needs_review,事業概要に直接根拠を確認できず,,0,,https://www.kitz.co.jp,EQUITY,Industrials,Specialty Industrial Machinery,https://www.kitz.co.jp
7,6498,KITZ Corporation,データセンター,データセンター・電力,8,5,7,ノイズ候補,C,needs_review,事業概要に直接根拠を確認できず,,0,,https://www.kitz.co.jp,EQUITY,Industrials,Specialty Industrial Machinery,https://www.kitz.co.jp
7,6498,KITZ Corporation,ホテル,内需・消費,42,30,38,ノイズ候補,C,needs_review,adjacent=hotel,,0,,https://www.kitz.co.jp,EQUITY,Industrials,Specialty Industrial Machinery,https://www.kitz.co.jp
7,6498,KITZ Corporation,下水道,防衛・国土強靱化,8,5,7,ノイズ候補,C,needs_review,事業概要に直接根拠を確認できず,,0,,https://www.kitz.co.jp,EQUITY,Industrials,Specialty Industrial Machinery,https://www.kitz.co.jp
7,6498,KITZ Corporation,半導体製造装置,AI・半導体,8,5,7,ノイズ候補,C,needs_review,事業概要に直接根拠を確認できず,,0,,https://www.kitz.co.jp,EQUITY,Industrials,Specialty Industrial Machinery,https://www.kitz.co.jp
7,6498,KITZ Corporation,太陽光発電関連,GX・エネルギー,8,5,7,ノイズ候補,C,needs_review,事業概要に直接根拠を確認できず,,0,,https://www.kitz.co.jp,EQUITY,Industrials,Specialty Industrial Machinery,https://www.kitz.co.jp
7,6498,KITZ Corporation,水素,GX・エネルギー,8,5,7,ノイズ候補,C,needs_review,事業概要に直接根拠を確認できず,,0,,https://www.kitz.co.jp,EQUITY,Industrials,Specialty Industrial Machinery,https://www.kitz.co.jp
7,6501,"Hitachi, Ltd.",AIエージェント,AI・半導体,8,5,7,ノイズ候補,C,needs_review,事業概要に直接根拠を確認できず,,0,,https://www.hitachi.com/ja-jp | https://www.hitachi.com/ja-jp/products/ | https://www.hitachi.com/ja-jp/about/,EQUITY,Industrials,Conglomerates,https://www.hitachi.com/ja-jp
7,6501,"Hitachi, Ltd.",IT関連,デジタル・サービス,97,89,95,主力テーマ,A,ok,direct=system integration/information systems; position=0.14; official=IT; count=68; pos=0.00,IT,68,0.0014,https://www.hitachi.com/ja-jp | https://www.hitachi.com/ja-jp/products/ | https://www.hitachi.com/ja-jp/about/,EQUITY,Industrials,Conglomerates,https://www.hitachi.com/ja-jp
7,6501,"Hitachi, Ltd.",IoT,設備投資・機械,92,90,91,主力テーマ,A,ok,direct=internet of things; position=0.23; official=IoT; count=17; pos=0.01,IoT,17,0.0142,https://www.hitachi.com/ja-jp | https://www.hitachi.com/ja-jp/products/ | https://www.hitachi.com/ja-jp/about/,EQUITY,Industrials,Conglomerates,https://www.hitachi.com/ja-jp
7,6501,"Hitachi, Ltd.",クラウドコンピューティング,デジタル・サービス,92,90,91,主力テーマ,A,ok,direct=cloud service; position=0.16; official=クラウド; count=7; pos=0.01,クラウド,7,0.0140,https://www.hitachi.com/ja-jp | https://www.hitachi.com/ja-jp/products/ | https://www.hitachi.com/ja-jp/about/,EQUITY,Industrials,Conglomerates,https://www.hitachi.com/ja-jp
7,6501,"Hitachi, Ltd.",サブスクリプション,デジタル・サービス,8,5,7,ノイズ候補,C,needs_review,事業概要に直接根拠を確認できず,,0,,https://www.hitachi.com/ja-jp | https://www.hitachi.com/ja-jp/products/ | https://www.hitachi.com/ja-jp/about/,EQUITY,Industrials,Conglomerates,https://www.hitachi.com/ja-jp
7,6501,"Hitachi, Ltd.",サーバー冷却,データセンター・電力,8,5,7,ノイズ候補,C,needs_review,事業概要に直接根拠を確認できず,,0,,https://www.hitachi.com/ja-jp | https://www.hitachi.com/ja-jp/products/ | https://www.hitachi.com/ja-jp/about/,EQUITY,Industrials,Conglomerates,https://www.hitachi.com/ja-jp
7,6501,"Hitachi, Ltd.",サービスロボット,設備投資・機械,42,30,38,ノイズ候補,C,needs_review,adjacent=robot,,0,,https://www.hitachi.com/ja-jp | https://www.hitachi.com/ja-jp/products/ | https://www.hitachi.com/ja-jp/about/,EQUITY,Industrials,Conglomerates,https://www.hitachi.com/ja-jp
7,6501,"Hitachi, Ltd.",スマートグリッド,データセンター・電力,42,30,38,ノイズ候補,C,needs_review,adjacent=power grid,,0,,https://www.hitachi.com/ja-jp | https://www.hitachi.com/ja-jp/products/ | https://www.hitachi.com/ja-jp/about/,EQUITY,Industrials,Conglomerates,https://www.hitachi.com/ja-jp
7,6501,"Hitachi, Ltd.",データセンター,データセンター・電力,8,5,7,ノイズ候補,C,needs_review,事業概要に直接根拠を確認できず,,0,,https://www.hitachi.com/ja-jp | https://www.hitachi.com/ja-jp/products/ | https://www.hitachi.com/ja-jp/about/,EQUITY,Industrials,Conglomerates,https://www.hitachi.com/ja-jp
7,6501,"Hitachi, Ltd.",フィジカルAI,AI・半導体,42,30,38,ノイズ候補,C,needs_review,adjacent=robot,,0,,https://www.hitachi.com/ja-jp | https://www.hitachi.com/ja-jp/products/ | https://www.hitachi.com/ja-jp/about/,EQUITY,Industrials,Conglomerates,https://www.hitachi.com/ja-jp
7,6501,"Hitachi, Ltd.",マイナンバー,デジタル・サービス,8,5,7,ノイズ候補,C,needs_review,事業概要に直接根拠を確認できず,,0,,https://www.hitachi.com/ja-jp | https://www.hitachi.com/ja-jp/products/ | https://www.hitachi.com/ja-jp/about/,EQUITY,Industrials,Conglomerates,https://www.hitachi.com/ja-jp
7,6501,"Hitachi, Ltd.",リチウムイオン電池,自動車・モビリティ,8,5,7,ノイズ候補,C,needs_review,事業概要に直接根拠を確認できず,,0,,https://www.hitachi.com/ja-jp | https://www.hitachi.com/ja-jp/products/ | https://www.hitachi.com/ja-jp/about/,EQUITY,Industrials,Conglomerates,https://www.hitachi.com/ja-jp
7,6501,"Hitachi, Ltd.",ロボット,AI・半導体,58,46,54,補助関連,C,needs_review,direct=robot/robotic; position=0.87,,0,,https://www.hitachi.com/ja-jp | https://www.hitachi.com/ja-jp/products/ | https://www.hitachi.com/ja-jp/about/,EQUITY,Industrials,Conglomerates,https://www.hitachi.com/ja-jp
7,6501,"Hitachi, Ltd.",人工知能,AI・半導体,90,82,88,主力テーマ,A,official_site_supported,事業概要に直接根拠を確認できず; official=AI; count=5; pos=0.01,AI,5,0.0085,https://www.hitachi.com/ja-jp | https://www.hitachi.com/ja-jp/products/ | https://www.hitachi.com/ja-jp/about/,EQUITY,Industrials,Conglomerates,https://www.hitachi.com/ja-jp
7,6501,"Hitachi, Ltd.",全固体電池,自動車・モビリティ,8,5,7,ノイズ候補,C,needs_review,事業概要に直接根拠を確認できず,,0,,https://www.hitachi.com/ja-jp | https://www.hitachi.com/ja-jp/products/ | https://www.hitachi.com/ja-jp/about/,EQUITY,Industrials,Conglomerates,https://www.hitachi.com/ja-jp
7,6501,"Hitachi, Ltd.",円安メリット,内需・消費,8,5,7,ノイズ候補,C,needs_review_macro,事業概要に直接根拠を確認できず,,0,,https://www.hitachi.com/ja-jp | https://www.hitachi.com/ja-jp/products/ | https://www.hitachi.com/ja-jp/about/,EQUITY,Industrials,Conglomerates,https://www.hitachi.com/ja-jp
7,6501,"Hitachi, Ltd.",再生医療,医療・ヘルスケア,8,5,7,ノイズ候補,C,needs_review,事業概要に直接根拠を確認できず,,0,,https://www.hitachi.com/ja-jp | https://www.hitachi.com/ja-jp/products/ | https://www.hitachi.com/ja-jp/about/,EQUITY,Industrials,Conglomerates,https://www.hitachi.com/ja-jp
7,6501,"Hitachi, Ltd.",医療機器,医療・ヘルスケア,8,5,7,ノイズ候補,C,needs_review,事業概要に直接根拠を確認できず,,0,,https://www.hitachi.com/ja-jp | https://www.hitachi.com/ja-jp/products/ | https://www.hitachi.com/ja-jp/about/,EQUITY,Industrials,Conglomerates,https://www.hitachi.com/ja-jp
7,6501,"Hitachi, Ltd.",原子力発電,GX・エネルギー,42,30,38,ノイズ候補,C,needs_review,adjacent=nuclear,,0,,https://www.hitachi.com/ja-jp | https://www.hitachi.com/ja-jp/products/ | https://www.hitachi.com/ja-jp/about/,EQUITY,Industrials,Conglomerates,https://www.hitachi.com/ja-jp
7,6501,"Hitachi, Ltd.",宇宙開発関連,防衛・国土強靱化,8,5,7,ノイズ候補,C,needs_review,事業概要に直接根拠を確認できず,,0,,https://www.hitachi.com/ja-jp | https://www.hitachi.com/ja-jp/products/ | https://www.hitachi.com/ja-jp/about/,EQUITY,Industrials,Conglomerates,https://www.hitachi.com/ja-jp
7,6501,"Hitachi, Ltd.",核融合発電,GX・エネルギー,8,5,7,ノイズ候補,C,needs_review,事業概要に直接根拠を確認できず,,0,,https://www.hitachi.com/ja-jp | https://www.hitachi.com/ja-jp/products/ | https://www.hitachi.com/ja-jp/about/,EQUITY,Industrials,Conglomerates,https://www.hitachi.com/ja-jp
7,6501,"Hitachi, Ltd.",水素,GX・エネルギー,8,5,7,ノイズ候補,C,needs_review,事業概要に直接根拠を確認できず,,0,,https://www.hitachi.com/ja-jp | https://www.hitachi.com/ja-jp/products/ | https://www.hitachi.com/ja-jp/about/,EQUITY,Industrials,Conglomerates,https://www.hitachi.com/ja-jp
7,6501,"Hitachi, Ltd.",生成AI,AI・半導体,8,5,7,ノイズ候補,C,needs_review,事業概要に直接根拠を確認できず,,0,,https://www.hitachi.com/ja-jp | https://www.hitachi.com/ja-jp/products/ | https://www.hitachi.com/ja-jp/about/,EQUITY,Industrials,Conglomerates,https://www.hitachi.com/ja-jp
7,6501,"Hitachi, Ltd.",自動車部材・部品,自動車・モビリティ,42,30,38,ノイズ候補,C,needs_review,adjacent=automotive,,0,,https://www.hitachi.com/ja-jp | https://www.hitachi.com/ja-jp/products/ | https://www.hitachi.com/ja-jp/about/,EQUITY,Industrials,Conglomerates,https://www.hitachi.com/ja-jp
7,6501,"Hitachi, Ltd.",自動車電子化,自動車・モビリティ,8,5,7,ノイズ候補,C,needs_review,事業概要に直接根拠を確認できず,,0,,https://www.hitachi.com/ja-jp | https://www.hitachi.com/ja-jp/products/ | https://www.hitachi.com/ja-jp/about/,EQUITY,Industrials,Conglomerates,https://www.hitachi.com/ja-jp
7,6501,"Hitachi, Ltd.",自動運転車,自動車・モビリティ,8,5,7,ノイズ候補,C,needs_review,事業概要に直接根拠を確認できず,,0,,https://www.hitachi.com/ja-jp | https://www.hitachi.com/ja-jp/products/ | https://www.hitachi.com/ja-jp/about/,EQUITY,Industrials,Conglomerates,https://www.hitachi.com/ja-jp
7,6501,"Hitachi, Ltd.",蓄電池,GX・エネルギー,8,5,7,ノイズ候補,C,needs_review,事業概要に直接根拠を確認できず,,0,,https://www.hitachi.com/ja-jp | https://www.hitachi.com/ja-jp/products/ | https://www.hitachi.com/ja-jp/about/,EQUITY,Industrials,Conglomerates,https://www.hitachi.com/ja-jp
7,6501,"Hitachi, Ltd.",送電,データセンター・電力,42,30,38,ノイズ候補,C,needs_review,adjacent=power grid,,0,,https://www.hitachi.com/ja-jp | https://www.hitachi.com/ja-jp/products/ | https://www.hitachi.com/ja-jp/about/,EQUITY,Industrials,Conglomerates,https://www.hitachi.com/ja-jp
7,6501,"Hitachi, Ltd.",都市鉱山,資源・素材,42,30,38,ノイズ候補,C,needs_review,adjacent=recycling,,0,,https://www.hitachi.com/ja-jp | https://www.hitachi.com/ja-jp/products/ | https://www.hitachi.com/ja-jp/about/,EQUITY,Industrials,Conglomerates,https://www.hitachi.com/ja-jp
7,6501,"Hitachi, Ltd.",量子コンピューター,AI・半導体,8,5,7,ノイズ候補,C,needs_review,事業概要に直接根拠を確認できず,,0,,https://www.hitachi.com/ja-jp | https://www.hitachi.com/ja-jp/products/ | https://www.hitachi.com/ja-jp/about/,EQUITY,Industrials,Conglomerates,https://www.hitachi.com/ja-jp
7,6501,"Hitachi, Ltd.",鉄道関連,物流・海運,92,90,91,主力テーマ,A,ok,direct=railway; position=0.38; official=鉄道; count=37; pos=0.03,鉄道,37,0.0258,https://www.hitachi.com/ja-jp | https://www.hitachi.com/ja-jp/products/ | https://www.hitachi.com/ja-jp/about/,EQUITY,Industrials,Conglomerates,https://www.hitachi.com/ja-jp
7,6501,"Hitachi, Ltd.",防災,防衛・国土強靱化,8,5,7,ノイズ候補,C,needs_review,事業概要に直接根拠を確認できず,,0,,https://www.hitachi.com/ja-jp | https://www.hitachi.com/ja-jp/products/ | https://www.hitachi.com/ja-jp/about/,EQUITY,Industrials,Conglomerates,https://www.hitachi.com/ja-jp
7,6501,"Hitachi, Ltd.",防衛,防衛・国土強靱化,8,5,7,ノイズ候補,C,needs_review,事業概要に直接根拠を確認できず,,0,,https://www.hitachi.com/ja-jp | https://www.hitachi.com/ja-jp/products/ | https://www.hitachi.com/ja-jp/about/,EQUITY,Industrials,Conglomerates,https://www.hitachi.com/ja-jp
7,6501,"Hitachi, Ltd.",電力設備投資関連,データセンター・電力,42,30,38,ノイズ候補,C,needs_review,adjacent=grid,,0,,https://www.hitachi.com/ja-jp | https://www.hitachi.com/ja-jp/products/ | https://www.hitachi.com/ja-jp/about/,EQUITY,Industrials,Conglomerates,https://www.hitachi.com/ja-jp
7,6501,"Hitachi, Ltd.",電子政府,デジタル・サービス,8,5,7,ノイズ候補,C,needs_review,事業概要に直接根拠を確認できず,,0,,https://www.hitachi.com/ja-jp | https://www.hitachi.com/ja-jp/products/ | https://www.hitachi.com/ja-jp/about/,EQUITY,Industrials,Conglomerates,https://www.hitachi.com/ja-jp
7,6501,"Hitachi, Ltd.",風力発電,GX・エネルギー,8,5,7,ノイズ候補,C,needs_review,事業概要に直接根拠を確認できず,,0,,https://www.hitachi.com/ja-jp | https://www.hitachi.com/ja-jp/products/ | https://www.hitachi.com/ja-jp/about/,EQUITY,Industrials,Conglomerates,https://www.hitachi.com/ja-jp
7,6503,Mitsubishi Electric Corporation,3Dプリンター,設備投資・機械,8,5,7,ノイズ候補,C,needs_review,事業概要に直接根拠を確認できず,,0,,https://www.mitsubishielectric.com | https://www.mitsubishielectric.com/en/about/ | https://www.mitsubishielectric.com/en/sustainability/social-challenges/,EQUITY,Industrials,Electrical Equipment & Parts,https://www.mitsubishielectric.com
7,6503,Mitsubishi Electric Corporation,FA関連,設備投資・機械,86,88,87,主力テーマ,A,ok,direct=factory automation; position=0.37; growth=develops; official=FA; count=2; pos=0.55,FA,2,0.5515,https://www.mitsubishielectric.com | https://www.mitsubishielectric.com/en/about/ | https://www.mitsubishielectric.com/en/sustainability/social-challenges/,EQUITY,Industrials,Electrical Equipment & Parts,https://www.mitsubishielectric.com
7,6503,Mitsubishi Electric Corporation,IT関連,デジタル・サービス,72,68,71,有力関連,B,qa_borderline,direct=information systems; position=0.63; growth=develops; official=IT; count=88; pos=0.00,IT,88,0.0001,https://www.mitsubishielectric.com | https://www.mitsubishielectric.com/en/about/ | https://www.mitsubishielectric.com/en/sustainability/social-challenges/,EQUITY,Industrials,Electrical Equipment & Parts,https://www.mitsubishielectric.com
7,6503,Mitsubishi Electric Corporation,IoT,設備投資・機械,8,5,7,ノイズ候補,C,needs_review,事業概要に直接根拠を確認できず,,0,,https://www.mitsubishielectric.com | https://www.mitsubishielectric.com/en/about/ | https://www.mitsubishielectric.com/en/sustainability/social-challenges/,EQUITY,Industrials,Electrical Equipment & Parts,https://www.mitsubishielectric.com
7,6503,Mitsubishi Electric Corporation,クラウドコンピューティング,デジタル・サービス,8,5,7,ノイズ候補,C,needs_review,事業概要に直接根拠を確認できず,,0,,https://www.mitsubishielectric.com | https://www.mitsubishielectric.com/en/about/ | https://www.mitsubishielectric.com/en/sustainability/social-challenges/,EQUITY,Industrials,Electrical Equipment & Parts,https://www.mitsubishielectric.com
7,6503,Mitsubishi Electric Corporation,サーバー冷却,データセンター・電力,42,40,41,補助関連,C,needs_review,adjacent=air conditioning; growth=develops,,0,,https://www.mitsubishielectric.com | https://www.mitsubishielectric.com/en/about/ | https://www.mitsubishielectric.com/en/sustainability/social-challenges/,EQUITY,Industrials,Electrical Equipment & Parts,https://www.mitsubishielectric.com
7,6503,Mitsubishi Electric Corporation,スマートグリッド,データセンター・電力,8,5,7,ノイズ候補,C,needs_review,事業概要に直接根拠を確認できず,,0,,https://www.mitsubishielectric.com | https://www.mitsubishielectric.com/en/about/ | https://www.mitsubishielectric.com/en/sustainability/social-challenges/,EQUITY,Industrials,Electrical Equipment & Parts,https://www.mitsubishielectric.com
7,6503,Mitsubishi Electric Corporation,データセンター,データセンター・電力,58,56,57,補助関連,C,needs_review,direct=data center; position=0.83; growth=develops,,0,,https://www.mitsubishielectric.com | https://www.mitsubishielectric.com/en/about/ | https://www.mitsubishielectric.com/en/sustainability/social-challenges/,EQUITY,Industrials,Electrical Equipment & Parts,https://www.mitsubishielectric.com
7,6503,Mitsubishi Electric Corporation,ドローン,防衛・国土強靱化,8,5,7,ノイズ候補,C,needs_review,事業概要に直接根拠を確認できず,,0,,https://www.mitsubishielectric.com | https://www.mitsubishielectric.com/en/about/ | https://www.mitsubishielectric.com/en/sustainability/social-challenges/,EQUITY,Industrials,Electrical Equipment & Parts,https://www.mitsubishielectric.com
7,6503,Mitsubishi Electric Corporation,フィジカルAI,AI・半導体,8,5,7,ノイズ候補,C,needs_review,事業概要に直接根拠を確認できず,,0,,https://www.mitsubishielectric.com | https://www.mitsubishielectric.com/en/about/ | https://www.mitsubishielectric.com/en/sustainability/social-challenges/,EQUITY,Industrials,Electrical Equipment & Parts,https://www.mitsubishielectric.com
7,6503,Mitsubishi Electric Corporation,ロボット,AI・半導体,42,40,41,補助関連,C,needs_review,adjacent=automation; growth=develops,,0,,https://www.mitsubishielectric.com | https://www.mitsubishielectric.com/en/about/ | https://www.mitsubishielectric.com/en/sustainability/social-challenges/,EQUITY,Industrials,Electrical Equipment & Parts,https://www.mitsubishielectric.com
7,6503,Mitsubishi Electric Corporation,人工知能,AI・半導体,92,90,91,主力テーマ,A,official_site_supported,事業概要に直接根拠を確認できず; official=AI; count=47; pos=0.02,AI,47,0.0164,https://www.mitsubishielectric.com | https://www.mitsubishielectric.com/en/about/ | https://www.mitsubishielectric.com/en/sustainability/social-challenges/,EQUITY,Industrials,Electrical Equipment & Parts,https://www.mitsubishielectric.com
7,6503,Mitsubishi Electric Corporation,円安メリット,内需・消費,8,5,7,ノイズ候補,C,needs_review_macro,事業概要に直接根拠を確認できず,,0,,https://www.mitsubishielectric.com | https://www.mitsubishielectric.com/en/about/ | https://www.mitsubishielectric.com/en/sustainability/social-challenges/,EQUITY,Industrials,Electrical Equipment & Parts,https://www.mitsubishielectric.com
7,6503,Mitsubishi Electric Corporation,医療機器,医療・ヘルスケア,8,5,7,ノイズ候補,C,needs_review,事業概要に直接根拠を確認できず,,0,,https://www.mitsubishielectric.com | https://www.mitsubishielectric.com/en/about/ | https://www.mitsubishielectric.com/en/sustainability/social-challenges/,EQUITY,Industrials,Electrical Equipment & Parts,https://www.mitsubishielectric.com
7,6503,Mitsubishi Electric Corporation,半導体,AI・半導体,92,94,93,主力テーマ,A,ok,direct=semiconductor; position=0.10; growth=develops,,0,,https://www.mitsubishielectric.com | https://www.mitsubishielectric.com/en/about/ | https://www.mitsubishielectric.com/en/sustainability/social-challenges/,EQUITY,Industrials,Electrical Equipment & Parts,https://www.mitsubishielectric.com
7,6503,Mitsubishi Electric Corporation,原子力発電,GX・エネルギー,8,5,7,ノイズ候補,C,needs_review,事業概要に直接根拠を確認できず,,0,,https://www.mitsubishielectric.com | https://www.mitsubishielectric.com/en/about/ | https://www.mitsubishielectric.com/en/sustainability/social-challenges/,EQUITY,Industrials,Electrical Equipment & Parts,https://www.mitsubishielectric.com
7,6503,Mitsubishi Electric Corporation,宇宙開発関連,防衛・国土強靱化,86,88,87,主力テーマ,A,ok,direct=satellite; position=0.33; growth=develops,,0,,https://www.mitsubishielectric.com | https://www.mitsubishielectric.com/en/about/ | https://www.mitsubishielectric.com/en/sustainability/social-challenges/,EQUITY,Industrials,Electrical Equipment & Parts,https://www.mitsubishielectric.com
7,6503,Mitsubishi Electric Corporation,核融合発電,GX・エネルギー,8,5,7,ノイズ候補,C,needs_review,事業概要に直接根拠を確認できず,,0,,https://www.mitsubishielectric.com | https://www.mitsubishielectric.com/en/about/ | https://www.mitsubishielectric.com/en/sustainability/social-challenges/,EQUITY,Industrials,Electrical Equipment & Parts,https://www.mitsubishielectric.com
7,6503,Mitsubishi Electric Corporation,空飛ぶクルマ,自動車・モビリティ,8,5,7,ノイズ候補,C,needs_review,事業概要に直接根拠を確認できず,,0,,https://www.mitsubishielectric.com | https://www.mitsubishielectric.com/en/about/ | https://www.mitsubishielectric.com/en/sustainability/social-challenges/,EQUITY,Industrials,Electrical Equipment & Parts,https://www.mitsubishielectric.com
7,6503,Mitsubishi Electric Corporation,自動車電子化,自動車・モビリティ,87,89,88,主力テーマ,A,ok,direct=ecu/adas; position=0.48; growth=develops; official=ECU; count=4; pos=0.57,ECU,4,0.5704,https://www.mitsubishielectric.com | https://www.mitsubishielectric.com/en/about/ | https://www.mitsubishielectric.com/en/sustainability/social-challenges/,EQUITY,Industrials,Electrical Equipment & Parts,https://www.mitsubishielectric.com
7,6503,Mitsubishi Electric Corporation,設備投資,設備投資・機械,46,44,45,補助関連,C,needs_review,adjacent=equipment/automation; growth=develops,,0,,https://www.mitsubishielectric.com | https://www.mitsubishielectric.com/en/about/ | https://www.mitsubishielectric.com/en/sustainability/social-challenges/,EQUITY,Industrials,Electrical Equipment & Parts,https://www.mitsubishielectric.com
7,6503,Mitsubishi Electric Corporation,量子コンピューター,AI・半導体,8,5,7,ノイズ候補,C,needs_review,事業概要に直接根拠を確認できず,,0,,https://www.mitsubishielectric.com | https://www.mitsubishielectric.com/en/about/ | https://www.mitsubishielectric.com/en/sustainability/social-challenges/,EQUITY,Industrials,Electrical Equipment & Parts,https://www.mitsubishielectric.com
7,6503,Mitsubishi Electric Corporation,鉄道関連,物流・海運,42,40,41,補助関連,C,needs_review,adjacent=train; growth=develops,,0,,https://www.mitsubishielectric.com | https://www.mitsubishielectric.com/en/about/ | https://www.mitsubishielectric.com/en/sustainability/social-challenges/,EQUITY,Industrials,Electrical Equipment & Parts,https://www.mitsubishielectric.com
7,6503,Mitsubishi Electric Corporation,防衛,防衛・国土強靱化,8,5,7,ノイズ候補,C,needs_review,事業概要に直接根拠を確認できず,,0,,https://www.mitsubishielectric.com | https://www.mitsubishielectric.com/en/about/ | https://www.mitsubishielectric.com/en/sustainability/social-challenges/,EQUITY,Industrials,Electrical Equipment & Parts,https://www.mitsubishielectric.com
7,6503,Mitsubishi Electric Corporation,電力設備投資関連,データセンター・電力,96,98,97,主力テーマ,A,ok,direct=power transmission/substation/electrical construction; position=0.22; growth=develops,,0,,https://www.mitsubishielectric.com | https://www.mitsubishielectric.com/en/about/ | https://www.mitsubishielectric.com/en/sustainability/social-challenges/,EQUITY,Industrials,Electrical Equipment & Parts,https://www.mitsubishielectric.com
7,6503,Mitsubishi Electric Corporation,電子政府,デジタル・サービス,8,5,7,ノイズ候補,C,needs_review,事業概要に直接根拠を確認できず,,0,,https://www.mitsubishielectric.com | https://www.mitsubishielectric.com/en/about/ | https://www.mitsubishielectric.com/en/sustainability/social-challenges/,EQUITY,Industrials,Electrical Equipment & Parts,https://www.mitsubishielectric.com
7,6504,"Fuji Electric Co., Ltd.",FA関連,設備投資・機械,85,82,84,主力テーマ,B,official_site_supported,adjacent=control system; growth=develops; official=FA; count=4; pos=0.28,FA,4,0.2751,https://www.fujielectric.com,EQUITY,Industrials,Electrical Equipment & Parts,https://www.fujielectric.com
7,6504,"Fuji Electric Co., Ltd.",IT関連,デジタル・サービス,72,68,71,有力関連,B,needs_review,adjacent=software; growth=develops; official=IT; count=26; pos=0.02,IT,26,0.0164,https://www.fujielectric.com,EQUITY,Industrials,Electrical Equipment & Parts,https://www.fujielectric.com
7,6504,"Fuji Electric Co., Ltd.",IoT,設備投資・機械,8,5,7,ノイズ候補,C,needs_review,事業概要に直接根拠を確認できず,,0,,https://www.fujielectric.com,EQUITY,Industrials,Electrical Equipment & Parts,https://www.fujielectric.com
7,6504,"Fuji Electric Co., Ltd.",サーバー冷却,データセンター・電力,42,40,41,補助関連,C,needs_review,adjacent=air conditioning; growth=develops,,0,,https://www.fujielectric.com,EQUITY,Industrials,Electrical Equipment & Parts,https://www.fujielectric.com
7,6504,"Fuji Electric Co., Ltd.",スマートグリッド,データセンター・電力,42,40,41,補助関連,C,needs_review,adjacent=energy management; growth=develops,,0,,https://www.fujielectric.com,EQUITY,Industrials,Electrical Equipment & Parts,https://www.fujielectric.com
7,6504,"Fuji Electric Co., Ltd.",データセンター,データセンター・電力,86,88,87,主力テーマ,A,ok,direct=data center; position=0.25; growth=develops,,0,,https://www.fujielectric.com,EQUITY,Industrials,Electrical Equipment & Parts,https://www.fujielectric.com
7,6504,"Fuji Electric Co., Ltd.",半導体,AI・半導体,92,94,93,主力テーマ,A,ok,direct=semiconductor; position=0.04; growth=develops,,0,,https://www.fujielectric.com,EQUITY,Industrials,Electrical Equipment & Parts,https://www.fujielectric.com
7,6504,"Fuji Electric Co., Ltd.",太陽光発電関連,GX・エネルギー,42,40,41,補助関連,C,needs_review,adjacent=solar; growth=develops,,0,,https://www.fujielectric.com,EQUITY,Industrials,Electrical Equipment & Parts,https://www.fujielectric.com
7,6504,"Fuji Electric Co., Ltd.",宇宙開発関連,防衛・国土強靱化,8,5,7,ノイズ候補,C,needs_review,事業概要に直接根拠を確認できず,,0,,https://www.fujielectric.com,EQUITY,Industrials,Electrical Equipment & Parts,https://www.fujielectric.com
7,6504,"Fuji Electric Co., Ltd.",設備投資,設備投資・機械,42,40,41,補助関連,C,needs_review,adjacent=equipment; growth=develops,,0,,https://www.fujielectric.com,EQUITY,Industrials,Electrical Equipment & Parts,https://www.fujielectric.com
7,6504,"Fuji Electric Co., Ltd.",鉄道関連,物流・海運,42,40,41,補助関連,C,needs_review,adjacent=rail; growth=develops,,0,,https://www.fujielectric.com,EQUITY,Industrials,Electrical Equipment & Parts,https://www.fujielectric.com
7,6504,"Fuji Electric Co., Ltd.",防災,防衛・国土強靱化,8,5,7,ノイズ候補,C,needs_review,事業概要に直接根拠を確認できず,,0,,https://www.fujielectric.com,EQUITY,Industrials,Electrical Equipment & Parts,https://www.fujielectric.com
7,6504,"Fuji Electric Co., Ltd.",電力設備投資関連,データセンター・電力,42,40,41,補助関連,C,needs_review,adjacent=electrical equipment; growth=develops,,0,,https://www.fujielectric.com,EQUITY,Industrials,Electrical Equipment & Parts,https://www.fujielectric.com
7,6504,"Fuji Electric Co., Ltd.",電気自動車関連,自動車・モビリティ,92,90,91,主力テーマ,A,official_site_supported,事業概要に直接根拠を確認できず; official=EV; count=6; pos=0.10,EV,6,0.1040,https://www.fujielectric.com,EQUITY,Industrials,Electrical Equipment & Parts,https://www.fujielectric.com
7,6504,"Fuji Electric Co., Ltd.",風力発電,GX・エネルギー,8,5,7,ノイズ候補,C,needs_review,事業概要に直接根拠を確認できず,,0,,https://www.fujielectric.com,EQUITY,Industrials,Electrical Equipment & Parts,https://www.fujielectric.com
7,6505,Toyo Denki Seizo K.K.,FA関連,設備投資・機械,8,5,7,ノイズ候補,C,needs_review,事業概要に直接根拠を確認できず,,0,,https://www.toyodenki.co.jp,EQUITY,Industrials,Specialty Industrial Machinery,https://www.toyodenki.co.jp
7,6505,Toyo Denki Seizo K.K.,鉄道関連,物流・海運,66,56,63,有力関連,B,qa_borderline,direct=railway; position=0.53,,0,,https://www.toyodenki.co.jp,EQUITY,Industrials,Specialty Industrial Machinery,https://www.toyodenki.co.jp
7,6505,Toyo Denki Seizo K.K.,防災,防衛・国土強靱化,8,5,7,ノイズ候補,C,needs_review,事業概要に直接根拠を確認できず,,0,,https://www.toyodenki.co.jp,EQUITY,Industrials,Specialty Industrial Machinery,https://www.toyodenki.co.jp
7,6506,YASKAWA Electric Corporation,FA関連,設備投資・機械,72,78,74,有力関連,B,needs_review,事業概要に直接根拠を確認できず; official=ＦＡ; count=1; pos=0.87,ＦＡ,1,0.8706,https://www.yaskawa.co.jp | https://www.yaskawa.co.jp/company | https://www.yaskawa.co.jp/company/profile/business,EQUITY,Industrials,Electrical Equipment & Parts,https://www.yaskawa.co.jp
7,6506,YASKAWA Electric Corporation,IT関連,デジタル・サービス,8,5,7,ノイズ候補,C,needs_review,事業概要に直接根拠を確認できず,,0,,https://www.yaskawa.co.jp | https://www.yaskawa.co.jp/company | https://www.yaskawa.co.jp/company/profile/business,EQUITY,Industrials,Electrical Equipment & Parts,https://www.yaskawa.co.jp
7,6506,YASKAWA Electric Corporation,サービスロボット,設備投資・機械,46,34,42,補助関連,C,needs_review,adjacent=robot/robotics,,0,,https://www.yaskawa.co.jp | https://www.yaskawa.co.jp/company | https://www.yaskawa.co.jp/company/profile/business,EQUITY,Industrials,Electrical Equipment & Parts,https://www.yaskawa.co.jp
7,6506,YASKAWA Electric Corporation,スマートグリッド,データセンター・電力,8,5,7,ノイズ候補,C,needs_review,事業概要に直接根拠を確認できず,,0,,https://www.yaskawa.co.jp | https://www.yaskawa.co.jp/company | https://www.yaskawa.co.jp/company/profile/business,EQUITY,Industrials,Electrical Equipment & Parts,https://www.yaskawa.co.jp
7,6506,YASKAWA Electric Corporation,フィジカルAI,AI・半導体,72,78,74,有力関連,B,needs_review,adjacent=robot; official=フィジカルAI; count=1; pos=0.23,フィジカルAI,1,0.2291,https://www.yaskawa.co.jp | https://www.yaskawa.co.jp/company | https://www.yaskawa.co.jp/company/profile/business,EQUITY,Industrials,Electrical Equipment & Parts,https://www.yaskawa.co.jp
7,6506,YASKAWA Electric Corporation,ロボット,AI・半導体,100,100,100,主力テーマ,A,ok,direct=robot/robotics/robotic; position=0.03; official=ロボット; count=48; pos=0.02,ロボット,48,0.0185,https://www.yaskawa.co.jp | https://www.yaskawa.co.jp/company | https://www.yaskawa.co.jp/company/profile/business,EQUITY,Industrials,Electrical Equipment & Parts,https://www.yaskawa.co.jp
7,6506,YASKAWA Electric Corporation,人工知能,AI・半導体,85,91,87,主力テーマ,A,official_site_supported,事業概要に直接根拠を確認できず; official=AI; count=4; pos=0.21,AI,4,0.2115,https://www.yaskawa.co.jp | https://www.yaskawa.co.jp/company | https://www.yaskawa.co.jp/company/profile/business,EQUITY,Industrials,Electrical Equipment & Parts,https://www.yaskawa.co.jp
7,6506,YASKAWA Electric Corporation,再生医療,医療・ヘルスケア,8,5,7,ノイズ候補,C,needs_review,事業概要に直接根拠を確認できず,,0,,https://www.yaskawa.co.jp | https://www.yaskawa.co.jp/company | https://www.yaskawa.co.jp/company/profile/business,EQUITY,Industrials,Electrical Equipment & Parts,https://www.yaskawa.co.jp
7,6506,YASKAWA Electric Corporation,半導体製造装置,AI・半導体,72,78,74,有力関連,B,needs_review,adjacent=semiconductor; official=半導体製造装置; count=1; pos=0.82,半導体製造装置,1,0.8219,https://www.yaskawa.co.jp | https://www.yaskawa.co.jp/company | https://www.yaskawa.co.jp/company/profile/business,EQUITY,Industrials,Electrical Equipment & Parts,https://www.yaskawa.co.jp
7,6506,YASKAWA Electric Corporation,自動車製造装置,自動車・モビリティ,8,5,7,ノイズ候補,C,needs_review,事業概要に直接根拠を確認できず,,0,,https://www.yaskawa.co.jp | https://www.yaskawa.co.jp/company | https://www.yaskawa.co.jp/company/profile/business,EQUITY,Industrials,Electrical Equipment & Parts,https://www.yaskawa.co.jp
7,6506,YASKAWA Electric Corporation,設備投資,設備投資・機械,46,34,42,補助関連,C,needs_review,adjacent=equipment/machinery,,0,,https://www.yaskawa.co.jp | https://www.yaskawa.co.jp/company | https://www.yaskawa.co.jp/company/profile/business,EQUITY,Industrials,Electrical Equipment & Parts,https://www.yaskawa.co.jp
7,6506,YASKAWA Electric Corporation,防災,防衛・国土強靱化,8,5,7,ノイズ候補,C,needs_review,事業概要に直接根拠を確認できず,,0,,https://www.yaskawa.co.jp | https://www.yaskawa.co.jp/company | https://www.yaskawa.co.jp/company/profile/business,EQUITY,Industrials,Electrical Equipment & Parts,https://www.yaskawa.co.jp
7,6506,YASKAWA Electric Corporation,電力設備投資関連,データセンター・電力,42,30,38,ノイズ候補,C,needs_review,adjacent=electrical equipment,,0,,https://www.yaskawa.co.jp | https://www.yaskawa.co.jp/company | https://www.yaskawa.co.jp/company/profile/business,EQUITY,Industrials,Electrical Equipment & Parts,https://www.yaskawa.co.jp
7,6506,YASKAWA Electric Corporation,電気自動車関連,自動車・モビリティ,85,91,87,主力テーマ,A,official_site_supported,direct=electric vehicle; position=0.95; official=電気自動車/EV; count=5; pos=0.76,電気自動車 | EV,5,0.7630,https://www.yaskawa.co.jp | https://www.yaskawa.co.jp/company | https://www.yaskawa.co.jp/company/profile/business,EQUITY,Industrials,Electrical Equipment & Parts,https://www.yaskawa.co.jp
7,6506,YASKAWA Electric Corporation,風力発電,GX・エネルギー,8,5,7,ノイズ候補,C,needs_review,事業概要に直接根拠を確認できず,,0,,https://www.yaskawa.co.jp | https://www.yaskawa.co.jp/company | https://www.yaskawa.co.jp/company/profile/business,EQUITY,Industrials,Electrical Equipment & Parts,https://www.yaskawa.co.jp
7,6507,"Sinfonia Technology Co.,Ltd.",FA関連,設備投資・機械,85,82,84,主力テーマ,B,official_site_supported,adjacent=control system; official=FA; count=4; pos=0.23,FA,4,0.2333,https://www.sinfo-t.jp | https://www.sinfo-t.jp/business/,EQUITY,Industrials,Specialty Industrial Machinery,https://www.sinfo-t.jp
7,6507,"Sinfonia Technology Co.,Ltd.",ロボット,AI・半導体,72,68,71,有力関連,B,needs_review,direct=robot; position=0.74; official=ロボット; count=2; pos=0.57,ロボット,2,0.5709,https://www.sinfo-t.jp | https://www.sinfo-t.jp/business/,EQUITY,Industrials,Specialty Industrial Machinery,https://www.sinfo-t.jp
7,6507,"Sinfonia Technology Co.,Ltd.",半導体製造装置,AI・半導体,42,30,38,ノイズ候補,C,needs_review,adjacent=semiconductor,,0,,https://www.sinfo-t.jp | https://www.sinfo-t.jp/business/,EQUITY,Industrials,Specialty Industrial Machinery,https://www.sinfo-t.jp
7,6507,"Sinfonia Technology Co.,Ltd.",宇宙開発関連,防衛・国土強靱化,72,68,71,有力関連,B,needs_review,adjacent=aerospace; official=ロケット; count=2; pos=0.52,ロケット,2,0.5218,https://www.sinfo-t.jp | https://www.sinfo-t.jp/business/,EQUITY,Industrials,Specialty Industrial Machinery,https://www.sinfo-t.jp
7,6507,"Sinfonia Technology Co.,Ltd.",自動車製造装置,自動車・モビリティ,8,5,7,ノイズ候補,C,needs_review,事業概要に直接根拠を確認できず,,0,,https://www.sinfo-t.jp | https://www.sinfo-t.jp/business/,EQUITY,Industrials,Specialty Industrial Machinery,https://www.sinfo-t.jp
7,6507,"Sinfonia Technology Co.,Ltd.",自動車部材・部品,自動車・モビリティ,46,34,42,補助関連,C,needs_review,adjacent=automotive/vehicle,,0,,https://www.sinfo-t.jp | https://www.sinfo-t.jp/business/,EQUITY,Industrials,Specialty Industrial Machinery,https://www.sinfo-t.jp
7,6507,"Sinfonia Technology Co.,Ltd.",防災,防衛・国土強靱化,8,5,7,ノイズ候補,C,needs_review,事業概要に直接根拠を確認できず,,0,,https://www.sinfo-t.jp | https://www.sinfo-t.jp/business/,EQUITY,Industrials,Specialty Industrial Machinery,https://www.sinfo-t.jp
7,6507,"Sinfonia Technology Co.,Ltd.",防衛,防衛・国土強靱化,8,5,7,ノイズ候補,C,needs_review,事業概要に直接根拠を確認できず,,0,,https://www.sinfo-t.jp | https://www.sinfo-t.jp/business/,EQUITY,Industrials,Specialty Industrial Machinery,https://www.sinfo-t.jp
7,6507,"Sinfonia Technology Co.,Ltd.",電力設備投資関連,データセンター・電力,42,30,38,ノイズ候補,C,needs_review,adjacent=electrical equipment,,0,,https://www.sinfo-t.jp | https://www.sinfo-t.jp/business/,EQUITY,Industrials,Specialty Industrial Machinery,https://www.sinfo-t.jp
7,6507,"Sinfonia Technology Co.,Ltd.",電気自動車関連,自動車・モビリティ,8,5,7,ノイズ候補,C,needs_review,事業概要に直接根拠を確認できず,,0,,https://www.sinfo-t.jp | https://www.sinfo-t.jp/business/,EQUITY,Industrials,Specialty Industrial Machinery,https://www.sinfo-t.jp
7,6507,"Sinfonia Technology Co.,Ltd.",風力発電,GX・エネルギー,8,5,7,ノイズ候補,C,needs_review,事業概要に直接根拠を確認できず,,0,,https://www.sinfo-t.jp | https://www.sinfo-t.jp/business/,EQUITY,Industrials,Specialty Industrial Machinery,https://www.sinfo-t.jp
7,6508,Meidensha Corporation,FA関連,設備投資・機械,92,90,91,主力テーマ,A,official_site_supported,adjacent=control system; official=FA; count=33; pos=0.03,FA,33,0.0280,https://www.meidensha.com | https://www.meidensha.com/corporate/ | https://www.meidensha.com/corporate/corp_09/,EQUITY,Industrials,Specialty Industrial Machinery,https://www.meidensha.com
7,6508,Meidensha Corporation,IoT,設備投資・機械,72,68,71,有力関連,B,needs_review,事業概要に直接根拠を確認できず; official=IoT; count=1; pos=0.74,IoT,1,0.7414,https://www.meidensha.com | https://www.meidensha.com/corporate/ | https://www.meidensha.com/corporate/corp_09/,EQUITY,Industrials,Specialty Industrial Machinery,https://www.meidensha.com
7,6508,Meidensha Corporation,スマートグリッド,データセンター・電力,8,5,7,ノイズ候補,C,needs_review,事業概要に直接根拠を確認できず,,0,,https://www.meidensha.com | https://www.meidensha.com/corporate/ | https://www.meidensha.com/corporate/corp_09/,EQUITY,Industrials,Specialty Industrial Machinery,https://www.meidensha.com
7,6508,Meidensha Corporation,下水道,防衛・国土強靱化,66,56,63,有力関連,B,qa_borderline,direct=sewerage/sewage/wastewater; position=0.53,,0,,https://www.meidensha.com | https://www.meidensha.com/corporate/ | https://www.meidensha.com/corporate/corp_09/,EQUITY,Industrials,Specialty Industrial Machinery,https://www.meidensha.com
7,6508,Meidensha Corporation,再生可能エネルギー,GX・エネルギー,8,5,7,ノイズ候補,C,needs_review,事業概要に直接根拠を確認できず,,0,,https://www.meidensha.com | https://www.meidensha.com/corporate/ | https://www.meidensha.com/corporate/corp_09/,EQUITY,Industrials,Specialty Industrial Machinery,https://www.meidensha.com
7,6508,Meidensha Corporation,太陽光発電関連,GX・エネルギー,86,78,84,主力テーマ,B,ok,direct=photovoltaic; position=0.25,,0,,https://www.meidensha.com | https://www.meidensha.com/corporate/ | https://www.meidensha.com/corporate/corp_09/,EQUITY,Industrials,Specialty Industrial Machinery,https://www.meidensha.com
7,6508,Meidensha Corporation,脱炭素,GX・エネルギー,8,5,7,ノイズ候補,C,needs_review,事業概要に直接根拠を確認できず,,0,,https://www.meidensha.com | https://www.meidensha.com/corporate/ | https://www.meidensha.com/corporate/corp_09/,EQUITY,Industrials,Specialty Industrial Machinery,https://www.meidensha.com
7,6508,Meidensha Corporation,自動車製造装置,自動車・モビリティ,8,5,7,ノイズ候補,C,needs_review,事業概要に直接根拠を確認できず,,0,,https://www.meidensha.com | https://www.meidensha.com/corporate/ | https://www.meidensha.com/corporate/corp_09/,EQUITY,Industrials,Specialty Industrial Machinery,https://www.meidensha.com
7,6508,Meidensha Corporation,蓄電池,GX・エネルギー,8,5,7,ノイズ候補,C,needs_review,事業概要に直接根拠を確認できず,,0,,https://www.meidensha.com | https://www.meidensha.com/corporate/ | https://www.meidensha.com/corporate/corp_09/,EQUITY,Industrials,Specialty Industrial Machinery,https://www.meidensha.com
7,6508,Meidensha Corporation,鉄道関連,物流・海運,86,78,84,主力テーマ,B,ok,direct=railway; position=0.30,,0,,https://www.meidensha.com | https://www.meidensha.com/corporate/ | https://www.meidensha.com/corporate/corp_09/,EQUITY,Industrials,Specialty Industrial Machinery,https://www.meidensha.com
7,6508,Meidensha Corporation,防災,防衛・国土強靱化,8,5,7,ノイズ候補,C,needs_review,事業概要に直接根拠を確認できず,,0,,https://www.meidensha.com | https://www.meidensha.com/corporate/ | https://www.meidensha.com/corporate/corp_09/,EQUITY,Industrials,Specialty Industrial Machinery,https://www.meidensha.com
7,6508,Meidensha Corporation,電力設備投資関連,データセンター・電力,100,92,98,主力テーマ,A,ok,direct=power transmission/substation/power infrastructure; position=0.02,,0,,https://www.meidensha.com | https://www.meidensha.com/corporate/ | https://www.meidensha.com/corporate/corp_09/,EQUITY,Industrials,Specialty Industrial Machinery,https://www.meidensha.com
7,6508,Meidensha Corporation,電気自動車関連,自動車・モビリティ,92,90,91,主力テーマ,A,official_site_supported,direct=electric vehicle; position=0.87; official=EV; count=61; pos=0.01,EV,61,0.0065,https://www.meidensha.com | https://www.meidensha.com/corporate/ | https://www.meidensha.com/corporate/corp_09/,EQUITY,Industrials,Specialty Industrial Machinery,https://www.meidensha.com
7,6508,Meidensha Corporation,風力発電,GX・エネルギー,8,5,7,ノイズ候補,C,needs_review,事業概要に直接根拠を確認できず,,0,,https://www.meidensha.com | https://www.meidensha.com/corporate/ | https://www.meidensha.com/corporate/corp_09/,EQUITY,Industrials,Specialty Industrial Machinery,https://www.meidensha.com
7,6513,"Origin Company, Limited",医療機器,医療・ヘルスケア,72,68,71,有力関連,B,needs_review,事業概要に直接根拠を確認できず; official=医療機器; count=1; pos=0.44,医療機器,1,0.4374,https://www.origin.co.jp,EQUITY,Technology,Semiconductor Equipment & Materials,https://www.origin.co.jp
7,6513,"Origin Company, Limited",半導体製造装置,AI・半導体,94,86,92,主力テーマ,A,ok,industry=Semiconductor Equipment & Materials; direct=semiconductor equipment,,0,,https://www.origin.co.jp,EQUITY,Technology,Semiconductor Equipment & Materials,https://www.origin.co.jp
7,6513,"Origin Company, Limited",太陽光発電関連,GX・エネルギー,8,5,7,ノイズ候補,C,needs_review,事業概要に直接根拠を確認できず,,0,,https://www.origin.co.jp,EQUITY,Technology,Semiconductor Equipment & Materials,https://www.origin.co.jp
7,6513,"Origin Company, Limited",自動車部材・部品,自動車・モビリティ,8,5,7,ノイズ候補,C,needs_review,事業概要に直接根拠を確認できず,,0,,https://www.origin.co.jp,EQUITY,Technology,Semiconductor Equipment & Materials,https://www.origin.co.jp
7,6516,"Sanyo Denki Co., Ltd.",FA関連,設備投資・機械,42,30,38,ノイズ候補,C,needs_review,adjacent=automation,,0,,https://www.sanyodenki.com,EQUITY,Industrials,Electrical Equipment & Parts,https://www.sanyodenki.com
7,6516,"Sanyo Denki Co., Ltd.",スマートグリッド,データセンター・電力,8,5,7,ノイズ候補,C,needs_review,事業概要に直接根拠を確認できず,,0,,https://www.sanyodenki.com,EQUITY,Industrials,Electrical Equipment & Parts,https://www.sanyodenki.com
7,6516,"Sanyo Denki Co., Ltd.",ロボット,AI・半導体,58,46,54,補助関連,C,needs_review,direct=robot; position=0.81,,0,,https://www.sanyodenki.com,EQUITY,Industrials,Electrical Equipment & Parts,https://www.sanyodenki.com
7,6516,"Sanyo Denki Co., Ltd.",再生可能エネルギー,GX・エネルギー,8,5,7,ノイズ候補,C,needs_review,事業概要に直接根拠を確認できず,,0,,https://www.sanyodenki.com,EQUITY,Industrials,Electrical Equipment & Parts,https://www.sanyodenki.com
7,6516,"Sanyo Denki Co., Ltd.",半導体製造装置,AI・半導体,58,46,54,補助関連,C,needs_review,direct=semiconductor manufacturing equipment; position=0.77,,0,,https://www.sanyodenki.com,EQUITY,Industrials,Electrical Equipment & Parts,https://www.sanyodenki.com
7,6516,"Sanyo Denki Co., Ltd.",太陽光発電関連,GX・エネルギー,8,5,7,ノイズ候補,C,needs_review,事業概要に直接根拠を確認できず,,0,,https://www.sanyodenki.com,EQUITY,Industrials,Electrical Equipment & Parts,https://www.sanyodenki.com
7,6516,"Sanyo Denki Co., Ltd.",工作機械,設備投資・機械,58,46,54,補助関連,C,needs_review,direct=machine tool; position=0.80,,0,,https://www.sanyodenki.com,EQUITY,Industrials,Electrical Equipment & Parts,https://www.sanyodenki.com
7,6517,"Denyo Co., Ltd.",水素,GX・エネルギー,92,98,94,主力テーマ,A,official_site_supported,事業概要に直接根拠を確認できず; official=水素/燃料電池; count=12; pos=0.16,水素 | 燃料電池,12,0.1578,https://www.denyo.co.jp | https://www.denyo.co.jp/company/profile/ | https://www.denyo.co.jp/company/location/,EQUITY,Industrials,Specialty Industrial Machinery,https://www.denyo.co.jp
7,6517,"Denyo Co., Ltd.",防災,防衛・国土強靱化,92,98,94,主力テーマ,A,official_site_supported,事業概要に直接根拠を確認できず; official=防災; count=6; pos=0.05,防災,6,0.0464,https://www.denyo.co.jp | https://www.denyo.co.jp/company/profile/ | https://www.denyo.co.jp/company/location/,EQUITY,Industrials,Specialty Industrial Machinery,https://www.denyo.co.jp
7,6518,"Sanso Electric Co.,Ltd.",半導体製造装置,AI・半導体,8,5,7,ノイズ候補,C,needs_review,事業概要に直接根拠を確認できず,,0,,https://www.sanso-elec.co.jp | https://www.sanso-elec.co.jp/company/ | https://www.sanso-elec.co.jp/product/,EQUITY,Industrials,Specialty Industrial Machinery,https://www.sanso-elec.co.jp
7,6521,OXIDE Corporation,データセンター,データセンター・電力,72,68,71,有力関連,B,needs_review,事業概要に直接根拠を確認できず; official=データセンター/データセンタ; count=2; pos=0.36,データセンター | データセンタ,2,0.3621,https://www.opt-oxide.com,EQUITY,Technology,Electronic Components,https://www.opt-oxide.com
7,6521,OXIDE Corporation,医療機器,医療・ヘルスケア,8,5,7,ノイズ候補,C,needs_review,事業概要に直接根拠を確認できず,,0,,https://www.opt-oxide.com,EQUITY,Technology,Electronic Components,https://www.opt-oxide.com
7,6521,OXIDE Corporation,半導体,AI・半導体,90,88,89,主力テーマ,A,ok,direct=semiconductor; position=0.30; growth=develops; official=半導体; count=4; pos=0.04,半導体,4,0.0446,https://www.opt-oxide.com,EQUITY,Technology,Electronic Components,https://www.opt-oxide.com
7,6521,OXIDE Corporation,半導体製造装置,AI・半導体,42,40,41,補助関連,C,needs_review,adjacent=semiconductor; growth=develops,,0,,https://www.opt-oxide.com,EQUITY,Technology,Electronic Components,https://www.opt-oxide.com
7,6521,OXIDE Corporation,半導体部材・部品,AI・半導体,42,40,41,補助関連,C,needs_review,adjacent=semiconductor; growth=develops,,0,,https://www.opt-oxide.com,EQUITY,Technology,Electronic Components,https://www.opt-oxide.com
7,6521,OXIDE Corporation,量子コンピューター,AI・半導体,8,5,7,ノイズ候補,C,needs_review,事業概要に直接根拠を確認できず,,0,,https://www.opt-oxide.com,EQUITY,Technology,Electronic Components,https://www.opt-oxide.com
7,6523,PHC Holdings Corporation,再生医療,医療・ヘルスケア,8,5,7,ノイズ候補,C,needs_review,事業概要に直接根拠を確認できず,,0,,https://phchd.com | https://phchd.com/global/about/overview | https://phchd.com/global/ir/risk,EQUITY,Healthcare,Medical Devices,https://phchd.com
7,6523,PHC Holdings Corporation,医療機器,医療・ヘルスケア,58,60,59,補助関連,C,needs_review,direct=medical device; position=0.70; growth=development/research,,0,,https://phchd.com | https://phchd.com/global/about/overview | https://phchd.com/global/ir/risk,EQUITY,Healthcare,Medical Devices,https://phchd.com
7,6524,"Kohoku Kogyo CO.,LTD.",データセンター,データセンター・電力,8,5,7,ノイズ候補,C,needs_review,事業概要に直接根拠を確認できず,,0,,https://www.kohokukogyo.co.jp,EQUITY,Technology,Electronic Components,https://www.kohokukogyo.co.jp
7,6524,"Kohoku Kogyo CO.,LTD.",光ファイバー,データセンター・電力,66,56,63,有力関連,B,qa_borderline,direct=optical fiber; position=0.63,,0,,https://www.kohokukogyo.co.jp,EQUITY,Technology,Electronic Components,https://www.kohokukogyo.co.jp
7,6524,"Kohoku Kogyo CO.,LTD.",半導体製造装置,AI・半導体,8,5,7,ノイズ候補,C,needs_review,事業概要に直接根拠を確認できず,,0,,https://www.kohokukogyo.co.jp,EQUITY,Technology,Electronic Components,https://www.kohokukogyo.co.jp
7,6524,"Kohoku Kogyo CO.,LTD.",生成AI,AI・半導体,8,5,7,ノイズ候補,C,needs_review,事業概要に直接根拠を確認できず,,0,,https://www.kohokukogyo.co.jp,EQUITY,Technology,Electronic Components,https://www.kohokukogyo.co.jp
7,6524,"Kohoku Kogyo CO.,LTD.",自動車部材・部品,自動車・モビリティ,8,5,7,ノイズ候補,C,needs_review,事業概要に直接根拠を確認できず,,0,,https://www.kohokukogyo.co.jp,EQUITY,Technology,Electronic Components,https://www.kohokukogyo.co.jp
7,6524,"Kohoku Kogyo CO.,LTD.",電気自動車関連,自動車・モビリティ,8,5,7,ノイズ候補,C,needs_review,事業概要に直接根拠を確認できず,,0,,https://www.kohokukogyo.co.jp,EQUITY,Technology,Electronic Components,https://www.kohokukogyo.co.jp
7,6525,Kokusai Electric Corporation,半導体,AI・半導体,94,100,96,主力テーマ,A,ok,industry=Semiconductor Equipment & Materials; direct=semiconductor; position=0.25; growth=development; official=半導体; count=15; pos=0.12,半導体,15,0.1248,https://www.kokusai-electric.com | https://www.kokusai-electric.com/products | https://www.kokusai-electric.com/company/outline,EQUITY,Technology,Semiconductor Equipment & Materials,https://www.kokusai-electric.com
7,6525,Kokusai Electric Corporation,半導体製造装置,AI・半導体,94,100,96,主力テーマ,A,ok,industry=Semiconductor Equipment & Materials; direct=semiconductor manufacturing equipment/semiconductor equipment; position=0.25; growth=development; official=半導体製造装置; count=1; pos=0.13,半導体製造装置,1,0.1260,https://www.kokusai-electric.com | https://www.kokusai-electric.com/products | https://www.kokusai-electric.com/company/outline,EQUITY,Technology,Semiconductor Equipment & Materials,https://www.kokusai-electric.com
7,6526,Socionext Inc.,IoT,設備投資・機械,86,90,87,主力テーマ,A,ok,direct= iot; position=0.35; growth=develops/development,,0,,https://www.socionext.com,EQUITY,Industrials,Electrical Equipment & Parts,https://www.socionext.com
7,6526,Socionext Inc.,半導体,AI・半導体,8,5,7,ノイズ候補,C,needs_review,事業概要に直接根拠を確認できず,,0,,https://www.socionext.com,EQUITY,Industrials,Electrical Equipment & Parts,https://www.socionext.com
7,6526,Socionext Inc.,自動運転車,自動車・モビリティ,8,5,7,ノイズ候補,C,needs_review,事業概要に直接根拠を確認できず,,0,,https://www.socionext.com,EQUITY,Industrials,Electrical Equipment & Parts,https://www.socionext.com
7,6532,"Baycurrent, Inc.",IT関連,デジタル・サービス,66,56,63,有力関連,B,qa_borderline,direct=system integration; position=0.53; official=IT; count=4; pos=0.09,IT,4,0.0871,https://www.baycurrent.co.jp | https://www.baycurrent.co.jp/aboutus/ | https://www.baycurrent.co.jp/aboutus/overview/,EQUITY,Industrials,Consulting Services,https://www.baycurrent.co.jp
7,6532,"Baycurrent, Inc.",デジタルトランスフォーメーション,デジタル・サービス,42,30,38,ノイズ候補,C,needs_review,adjacent=it consulting,,0,,https://www.baycurrent.co.jp | https://www.baycurrent.co.jp/aboutus/ | https://www.baycurrent.co.jp/aboutus/overview/,EQUITY,Industrials,Consulting Services,https://www.baycurrent.co.jp
7,6533,Orchestra Holdings Inc.,IT関連,デジタル・サービス,42,42,42,補助関連,C,needs_review,adjacent=software; growth=develops/development; official=IT; count=1; pos=0.66,IT,1,0.6629,https://www.orchestra-hd.co.jp,EQUITY,Communication Services,Advertising Agencies,https://www.orchestra-hd.co.jp
7,6533,Orchestra Holdings Inc.,クラウドコンピューティング,デジタル・サービス,42,42,42,補助関連,C,needs_review,adjacent=cloud; growth=develops/development,,0,,https://www.orchestra-hd.co.jp,EQUITY,Communication Services,Advertising Agencies,https://www.orchestra-hd.co.jp
7,6533,Orchestra Holdings Inc.,デジタルトランスフォーメーション,デジタル・サービス,92,96,93,主力テーマ,A,ok,direct=digital transformation; position=0.04; growth=develops/development,,0,,https://www.orchestra-hd.co.jp,EQUITY,Communication Services,Advertising Agencies,https://www.orchestra-hd.co.jp
7,6535,"i-mobile Co.,Ltd.",IT関連,デジタル・サービス,72,68,71,有力関連,B,needs_review,事業概要に直接根拠を確認できず; official=IT; count=25; pos=0.01,IT,25,0.0071,https://www.i-mobile.co.jp | https://www.i-mobile.co.jp/service.html | https://www.i-mobile.co.jp/company.html,EQUITY,Communication Services,Advertising Agencies,https://www.i-mobile.co.jp
7,6538,Disruptors Inc.,IT関連,デジタル・サービス,8,5,7,ノイズ候補,C,needs_review,事業概要に直接根拠を確認できず,,0,,https://disruptors.co.jp,EQUITY,Industrials,Staffing & Employment Services,https://disruptors.co.jp
7,6545,internet infinity Inc.,介護関連,医療・ヘルスケア,92,90,91,主力テーマ,A,ok,direct=nursing care; position=0.34; official=介護/介護サービス; count=40; pos=0.09,介護 | 介護サービス,40,0.0919,https://www.iif.jp | https://www.iif.jp/company/info.html | https://www.iif.jp/business/,EQUITY,Healthcare,Health Information Services,https://www.iif.jp
7,6547,"Greens Co.,Ltd.",インバウンド,内需・消費,46,34,42,補助関連,C,needs_review_macro,adjacent=hotel/restaurant,,0,,https://kk-greens.jp | https://kk-greens.jp/business/ | https://kk-greens.jp/about/company/,EQUITY,Consumer Cyclical,Lodging,https://kk-greens.jp
7,6547,"Greens Co.,Ltd.",ホテル,内需・消費,72,68,71,有力関連,B,needs_review,adjacent=hotel; official=ホテル; count=8; pos=0.02,ホテル,8,0.0191,https://kk-greens.jp | https://kk-greens.jp/business/ | https://kk-greens.jp/about/company/,EQUITY,Consumer Cyclical,Lodging,https://kk-greens.jp
7,6548,Tabikobo Co. Ltd.,インバウンド,内需・消費,42,30,38,ノイズ候補,C,needs_review_macro,adjacent=hotel,,0,,https://www.tabikobo.com | https://www.tabikobo.com/parts/ | https://www.tabikobo.com/outlet/,EQUITY,Consumer Cyclical,Travel Services,https://www.tabikobo.com
7,6548,Tabikobo Co. Ltd.,旅行,内需・消費,82,74,80,主力テーマ,B,ok,direct=travel services; official=旅行; count=38; pos=0.00,旅行,38,0.0002,https://www.tabikobo.com | https://www.tabikobo.com/parts/ | https://www.tabikobo.com/outlet/,EQUITY,Consumer Cyclical,Travel Services,https://www.tabikobo.com
7,6549,"DM Solutions Co.,Ltd",eコマース,内需・消費,92,98,94,主力テーマ,A,official_site_supported,direct=e-commerce; position=0.94; official=EC; count=8; pos=0.13,EC,8,0.1252,https://www.dm-s.co.jp | https://www.dm-s.co.jp/service/ | https://www.dm-s.co.jp/company/about/,EQUITY,Communication Services,Advertising Agencies,https://www.dm-s.co.jp
7,6549,"DM Solutions Co.,Ltd",物流,物流・海運,72,68,71,有力関連,B,needs_review,adjacent=logistics; official=物流; count=11; pos=0.01,物流,11,0.0105,https://www.dm-s.co.jp | https://www.dm-s.co.jp/service/ | https://www.dm-s.co.jp/company/about/,EQUITY,Communication Services,Advertising Agencies,https://www.dm-s.co.jp
7,6551,"Tsunagu Group Holdings, Inc.",IT関連,デジタル・サービス,8,5,7,ノイズ候補,C,needs_review,事業概要に直接根拠を確認できず,,0,,https://tghd.co.jp,EQUITY,Industrials,Staffing & Employment Services,https://tghd.co.jp
7,6551,"Tsunagu Group Holdings, Inc.",宅配,物流・海運,8,5,7,ノイズ候補,C,needs_review,事業概要に直接根拠を確認できず,,0,,https://tghd.co.jp,EQUITY,Industrials,Staffing & Employment Services,https://tghd.co.jp
7,6552,GameWith Inc.,ゲーム関連,デジタル・サービス,72,68,71,有力関連,B,needs_review,adjacent=gaming; official=ゲーム; count=1; pos=0.46,ゲーム,1,0.4643,https://gamewith.co.jp,EQUITY,Communication Services,Electronic Gaming & Multimedia,https://gamewith.co.jp
7,6554,"SUS Co.,Ltd.",人工知能,AI・半導体,92,90,91,主力テーマ,A,ok,direct= ai ; position=0.26; growth=development; official=AI; count=33; pos=0.03,AI,33,0.0265,https://www.sus-g.co.jp | https://www.sus-g.co.jp/recruit/service/ | https://www.sus-g.co.jp/business/,EQUITY,Industrials,Conglomerates,https://www.sus-g.co.jp
7,6555,"MS&Consulting Co., Ltd.",インバウンド,内需・消費,42,40,41,補助関連,C,needs_review_macro,adjacent=restaurant; growth=research,,0,,https://www.msandc.co.jp | https://www.msandc.co.jp/service,EQUITY,Technology,Information Technology Services,https://www.msandc.co.jp
7,6555,"MS&Consulting Co., Ltd.",データ分析・解析,AI・半導体,8,5,7,ノイズ候補,C,needs_review,事業概要に直接根拠を確認できず,,0,,https://www.msandc.co.jp | https://www.msandc.co.jp/service,EQUITY,Technology,Information Technology Services,https://www.msandc.co.jp
7,6557,AIAI Group Corporation,IT関連,デジタル・サービス,72,68,71,有力関連,B,needs_review,事業概要に直接根拠を確認できず; official=IT; count=5; pos=0.13,IT,5,0.1329,https://aiai-group.co.jp | https://aiai-group.co.jp/company/ | https://aiai-group.co.jp/company/overview/,EQUITY,Healthcare,Medical Care Facilities,https://aiai-group.co.jp
7,6557,AIAI Group Corporation,eコマース,内需・消費,8,5,7,ノイズ候補,C,needs_review,事業概要に直接根拠を確認できず,,0,,https://aiai-group.co.jp | https://aiai-group.co.jp/company/ | https://aiai-group.co.jp/company/overview/,EQUITY,Healthcare,Medical Care Facilities,https://aiai-group.co.jp
7,6557,AIAI Group Corporation,教育ICT,デジタル・サービス,8,5,7,ノイズ候補,C,needs_review,事業概要に直接根拠を確認できず,,0,,https://aiai-group.co.jp | https://aiai-group.co.jp/company/ | https://aiai-group.co.jp/company/overview/,EQUITY,Healthcare,Medical Care Facilities,https://aiai-group.co.jp
7,6558,"Cookbiz Co.,Ltd.",IT関連,デジタル・サービス,72,68,71,有力関連,B,needs_review,事業概要に直接根拠を確認できず; official=IT; count=5; pos=0.03,IT,5,0.0255,https://cookbiz.co.jp | https://cookbiz.co.jp/jobs/314252 | https://cookbiz.co.jp/job-search?featureIds=21,EQUITY,Industrials,Staffing & Employment Services,https://cookbiz.co.jp
7,6558,"Cookbiz Co.,Ltd.",eコマース,内需・消費,8,5,7,ノイズ候補,C,needs_review,事業概要に直接根拠を確認できず,,0,,https://cookbiz.co.jp | https://cookbiz.co.jp/jobs/314252 | https://cookbiz.co.jp/job-search?featureIds=21,EQUITY,Industrials,Staffing & Employment Services,https://cookbiz.co.jp
7,6558,"Cookbiz Co.,Ltd.",サブスクリプション,デジタル・サービス,8,5,7,ノイズ候補,C,needs_review,事業概要に直接根拠を確認できず,,0,,https://cookbiz.co.jp | https://cookbiz.co.jp/jobs/314252 | https://cookbiz.co.jp/job-search?featureIds=21,EQUITY,Industrials,Staffing & Employment Services,https://cookbiz.co.jp
7,6558,"Cookbiz Co.,Ltd.",外食,内需・消費,8,5,7,ノイズ候補,C,needs_review,事業概要に直接根拠を確認できず,,0,,https://cookbiz.co.jp | https://cookbiz.co.jp/jobs/314252 | https://cookbiz.co.jp/job-search?featureIds=21,EQUITY,Industrials,Staffing & Employment Services,https://cookbiz.co.jp
7,6560,"LTS, Inc.",IT関連,デジタル・サービス,8,5,7,ノイズ候補,C,needs_review,事業概要に直接根拠を確認できず,,0,,https://lt-s.jp,EQUITY,Industrials,Consulting Services,https://lt-s.jp
7,6560,"LTS, Inc.",IoT,設備投資・機械,8,5,7,ノイズ候補,C,needs_review,事業概要に直接根拠を確認できず,,0,,https://lt-s.jp,EQUITY,Industrials,Consulting Services,https://lt-s.jp
7,6560,"LTS, Inc.",デジタルトランスフォーメーション,デジタル・サービス,82,74,80,主力テーマ,B,ok,direct=digital transformation; position=0.44,,0,,https://lt-s.jp,EQUITY,Industrials,Consulting Services,https://lt-s.jp
7,6560,"LTS, Inc.",データ分析・解析,AI・半導体,8,5,7,ノイズ候補,C,needs_review,事業概要に直接根拠を確認できず,,0,,https://lt-s.jp,EQUITY,Industrials,Consulting Services,https://lt-s.jp
7,6560,"LTS, Inc.",人工知能,AI・半導体,8,5,7,ノイズ候補,C,needs_review,事業概要に直接根拠を確認できず,,0,,https://lt-s.jp,EQUITY,Industrials,Consulting Services,https://lt-s.jp
7,6561,"Hanatour Japan Co., Ltd.",インバウンド,内需・消費,46,46,46,補助関連,C,needs_review_macro,adjacent=hotel/restaurant; growth=development; official=インバウンド; count=1; pos=0.11,インバウンド,1,0.1093,https://hanatourjapan.jp | https://hanatourjapan.jp/business01 | https://hanatourjapan.jp/introduce01,EQUITY,Consumer Cyclical,Travel Services,https://hanatourjapan.jp
7,6561,"Hanatour Japan Co., Ltd.",ホテル,内需・消費,58,56,57,補助関連,C,needs_review,direct=operates hotels; position=0.80; growth=development; official=ホテル; count=3; pos=0.47,ホテル,3,0.4654,https://hanatourjapan.jp | https://hanatourjapan.jp/business01 | https://hanatourjapan.jp/introduce01,EQUITY,Consumer Cyclical,Travel Services,https://hanatourjapan.jp
7,6561,"Hanatour Japan Co., Ltd.",旅行,内需・消費,97,99,98,主力テーマ,A,ok,direct=travel services/travel business; position=0.10; growth=development; official=旅行; count=11; pos=0.05,旅行,11,0.0538,https://hanatourjapan.jp | https://hanatourjapan.jp/business01 | https://hanatourjapan.jp/introduce01,EQUITY,Consumer Cyclical,Travel Services,https://hanatourjapan.jp
7,6562,"Geniee, Inc.",AIエージェント,AI・半導体,8,5,7,ノイズ候補,C,needs_review,事業概要に直接根拠を確認できず,,0,,https://www.geniee.co.jp | https://www.geniee.co.jp/company/outline/ | https://geniee.co.jp/news/20260827/,EQUITY,Communication Services,Internet Content & Information,https://www.geniee.co.jp
7,6562,"Geniee, Inc.",IT関連,デジタル・サービス,72,68,71,有力関連,B,needs_review,adjacent=cloud service; official=IT; count=13; pos=0.02,IT,13,0.0195,https://www.geniee.co.jp | https://www.geniee.co.jp/company/outline/ | https://geniee.co.jp/news/20260827/,EQUITY,Communication Services,Internet Content & Information,https://www.geniee.co.jp
7,6562,"Geniee, Inc.",データ分析・解析,AI・半導体,58,46,54,補助関連,C,needs_review,direct=data analysis; position=0.68,,0,,https://www.geniee.co.jp | https://www.geniee.co.jp/company/outline/ | https://geniee.co.jp/news/20260827/,EQUITY,Communication Services,Internet Content & Information,https://www.geniee.co.jp
7,6562,"Geniee, Inc.",人工知能,AI・半導体,92,90,91,主力テーマ,A,official_site_supported,事業概要に直接根拠を確認できず; official=AI; count=27; pos=0.01,AI,27,0.0060,https://www.geniee.co.jp | https://www.geniee.co.jp/company/outline/ | https://geniee.co.jp/news/20260827/,EQUITY,Communication Services,Internet Content & Information,https://www.geniee.co.jp
7,6562,"Geniee, Inc.",生成AI,AI・半導体,72,68,71,有力関連,B,needs_review,事業概要に直接根拠を確認できず; official=生成AI; count=1; pos=0.28,生成AI,1,0.2811,https://www.geniee.co.jp | https://www.geniee.co.jp/company/outline/ | https://geniee.co.jp/news/20260827/,EQUITY,Communication Services,Internet Content & Information,https://www.geniee.co.jp
7,6563,Mirai Works Inc.,デジタルトランスフォーメーション,デジタル・サービス,72,68,71,有力関連,B,needs_review,事業概要に直接根拠を確認できず; official=DX; count=1; pos=0.36,DX,1,0.3585,https://mirai-works.co.jp | https://mirai-works.co.jp/service/ | https://mirai-works.co.jp/business/,EQUITY,Industrials,Staffing & Employment Services,https://mirai-works.co.jp
7,6565,,インバウンド,内需・消費,8,5,7,ノイズ候補,C,needs_official_ir,事業概要に直接根拠を確認できず,,0,,,,,,
7,6565,,ホテル,内需・消費,8,5,7,ノイズ候補,C,needs_official_ir,事業概要に直接根拠を確認できず,,0,,,,,,
7,6565,,旅行,内需・消費,8,5,7,ノイズ候補,C,needs_official_ir,事業概要に直接根拠を確認できず,,0,,,,,,
7,6568,"KNC Laboratories Co., Ltd.",バイオテクノロジー関連,医療・ヘルスケア,8,5,7,ノイズ候補,C,needs_review,事業概要に直接根拠を確認できず,,0,,https://www.kncweb.co.jp | https://www.kncweb.co.jp/business/ | https://www.kncweb.co.jp/service/index.html,EQUITY,Basic Materials,Chemicals,https://www.kncweb.co.jp
7,6568,"KNC Laboratories Co., Ltd.",半導体部材・部品,AI・半導体,8,5,7,ノイズ候補,C,needs_review,事業概要に直接根拠を確認できず,,0,,https://www.kncweb.co.jp | https://www.kncweb.co.jp/business/ | https://www.kncweb.co.jp/service/index.html,EQUITY,Basic Materials,Chemicals,https://www.kncweb.co.jp
7,6570,Kyowa Corporation,ゲーム関連,デジタル・サービス,92,90,91,主力テーマ,A,official_site_supported,事業概要に直接根拠を確認できず; official=ゲーム; count=7; pos=0.23,ゲーム,7,0.2276,https://www.kyowa-corp.co.jp | https://www.kyowa-corp.co.jp/company/ | https://www.kyowa-corp.co.jp/business/,EQUITY,Consumer Cyclical,Leisure,https://www.kyowa-corp.co.jp
7,6572,"OPEN Group, Inc.",IT関連,デジタル・サービス,94,86,92,主力テーマ,A,ok,industry=Information Technology Services; direct=information technology; official=IT; count=11; pos=0.01,IT,11,0.0122,https://open-group.co.jp | https://open-group.co.jp/about/ | https://open-group.co.jp/business/,EQUITY,Technology,Information Technology Services,https://open-group.co.jp
7,6572,"OPEN Group, Inc.",デジタルトランスフォーメーション,デジタル・サービス,90,68,83,主力テーマ,B,official_site_supported,事業概要に直接根拠を確認できず; official=DX; count=2; pos=0.06,DX,2,0.0596,https://open-group.co.jp | https://open-group.co.jp/about/ | https://open-group.co.jp/business/,EQUITY,Technology,Information Technology Services,https://open-group.co.jp
7,6572,"OPEN Group, Inc.",人工知能,AI・半導体,92,90,91,主力テーマ,A,official_site_supported,事業概要に直接根拠を確認できず; official=AI; count=10; pos=0.05,AI,10,0.0529,https://open-group.co.jp | https://open-group.co.jp/about/ | https://open-group.co.jp/business/,EQUITY,Technology,Information Technology Services,https://open-group.co.jp
7,6573,CRAVIA Inc.,IT関連,デジタル・サービス,8,5,7,ノイズ候補,C,needs_review,事業概要に直接根拠を確認できず; official=IT; count=1; pos=0.09,IT,1,0.0852,https://cravia.jp | https://cravia.jp/company | https://cravia.jp/company/about,EQUITY,Communication Services,Advertising Agencies,https://cravia.jp
7,6573,CRAVIA Inc.,データ分析・解析,AI・半導体,8,5,7,ノイズ候補,C,needs_review,事業概要に直接根拠を確認できず,,0,,https://cravia.jp | https://cravia.jp/company | https://cravia.jp/company/about,EQUITY,Communication Services,Advertising Agencies,https://cravia.jp
7,6573,CRAVIA Inc.,人工知能,AI・半導体,92,90,91,主力テーマ,A,official_site_supported,事業概要に直接根拠を確認できず; official=AI; count=7; pos=0.07,AI,7,0.0713,https://cravia.jp | https://cravia.jp/company | https://cravia.jp/company/about,EQUITY,Communication Services,Advertising Agencies,https://cravia.jp
7,6574,Convano Inc.,デジタルトランスフォーメーション,デジタル・サービス,92,98,94,主力テーマ,A,official_site_supported,direct=digital transformation; position=0.74; growth=develops/investment; official=DX; count=12; pos=0.05,DX,12,0.0450,https://convano.com | https://convano.com/company-profile | https://convano.com/business,EQUITY,Consumer Cyclical,Personal Services,https://convano.com
7,6574,Convano Inc.,データセンター,データセンター・電力,8,5,7,ノイズ候補,C,needs_review,事業概要に直接根拠を確認できず,,0,,https://convano.com | https://convano.com/company-profile | https://convano.com/business,EQUITY,Consumer Cyclical,Personal Services,https://convano.com
7,6574,Convano Inc.,データ分析・解析,AI・半導体,8,5,7,ノイズ候補,C,needs_review,事業概要に直接根拠を確認できず,,0,,https://convano.com | https://convano.com/company-profile | https://convano.com/business,EQUITY,Consumer Cyclical,Personal Services,https://convano.com
7,6574,Convano Inc.,人工知能,AI・半導体,92,98,94,主力テーマ,A,official_site_supported,事業概要に直接根拠を確認できず; official=AI/機械学習; count=37; pos=0.04,AI | 機械学習,37,0.0352,https://convano.com | https://convano.com/company-profile | https://convano.com/business,EQUITY,Consumer Cyclical,Personal Services,https://convano.com
7,6574,Convano Inc.,医療機器,医療・ヘルスケア,8,5,7,ノイズ候補,C,needs_review,事業概要に直接根拠を確認できず,,0,,https://convano.com | https://convano.com/company-profile | https://convano.com/business,EQUITY,Consumer Cyclical,Personal Services,https://convano.com
7,6574,Convano Inc.,医薬品関連,医療・ヘルスケア,72,78,74,有力関連,B,needs_review,事業概要に直接根拠を確認できず; official=医薬品/医薬; count=2; pos=0.87,医薬品 | 医薬,2,0.8698,https://convano.com | https://convano.com/company-profile | https://convano.com/business,EQUITY,Consumer Cyclical,Personal Services,https://convano.com
7,6577,"Bestone.Com Co.,Ltd",インバウンド,内需・消費,42,30,38,ノイズ候補,C,needs_review_macro,adjacent=hotel,,0,,https://www.best1cruise-corp.info | https://www.best1cruise-corp.info/customer-service/ | https://www.best1cruise-corp.info/company_overview/,EQUITY,Consumer Cyclical,Travel Services,https://www.best1cruise-corp.info
7,6577,"Bestone.Com Co.,Ltd",旅行,内需・消費,97,89,95,主力テーマ,A,ok,direct=travel agency/travel services; position=0.13; official=旅行; count=20; pos=0.05,旅行,20,0.0539,https://www.best1cruise-corp.info | https://www.best1cruise-corp.info/customer-service/ | https://www.best1cruise-corp.info/company_overview/,EQUITY,Consumer Cyclical,Travel Services,https://www.best1cruise-corp.info
7,6578,"CORREC Co., Ltd.",ゲーム関連,デジタル・サービス,72,68,71,有力関連,B,needs_review,事業概要に直接根拠を確認できず; official=ゲーム; count=1; pos=0.54,ゲーム,1,0.5374,https://www.correc.co.jp | https://www.correc.co.jp/service/ | https://www.correc.co.jp/company/,EQUITY,Industrials,Conglomerates,https://www.correc.co.jp
7,6578,"CORREC Co., Ltd.",不動産関連,不動産・建設,86,78,84,主力テーマ,B,ok,direct=real estate brokerage; position=0.37; official=不動産; count=3; pos=0.31,不動産,3,0.3057,https://www.correc.co.jp | https://www.correc.co.jp/service/ | https://www.correc.co.jp/company/,EQUITY,Industrials,Conglomerates,https://www.correc.co.jp
7,6578,"CORREC Co., Ltd.",太陽光発電関連,GX・エネルギー,58,46,54,補助関連,C,needs_review,direct=solar power; position=0.73,,0,,https://www.correc.co.jp | https://www.correc.co.jp/service/ | https://www.correc.co.jp/company/,EQUITY,Industrials,Conglomerates,https://www.correc.co.jp
7,6579,"logly,Inc.",IT関連,デジタル・サービス,58,54,57,補助関連,C,needs_review,事業概要に直接根拠を確認できず; official=IT; count=3; pos=0.38,IT,3,0.3772,https://corp.logly.co.jp | https://corp.logly.co.jp/company | https://corp.logly.co.jp/services,EQUITY,Communication Services,Internet Content & Information,https://corp.logly.co.jp
7,6579,"logly,Inc.",データ分析・解析,AI・半導体,8,5,7,ノイズ候補,C,needs_review,事業概要に直接根拠を確認できず,,0,,https://corp.logly.co.jp | https://corp.logly.co.jp/company | https://corp.logly.co.jp/services,EQUITY,Communication Services,Internet Content & Information,https://corp.logly.co.jp
7,6580,"Writeup Co.,Ltd.",AIエージェント,AI・半導体,8,5,7,ノイズ候補,C,needs_review,事業概要に直接根拠を確認できず,,0,,https://www.writeup.jp | https://www.writeup.jp/service/ | https://www.writeup.jp/company/,EQUITY,Industrials,Specialty Business Services,https://www.writeup.jp
7,6580,"Writeup Co.,Ltd.",IT関連,デジタル・サービス,72,68,71,有力関連,B,needs_review,事業概要に直接根拠を確認できず; official=IT; count=5; pos=0.08,IT,5,0.0774,https://www.writeup.jp | https://www.writeup.jp/service/ | https://www.writeup.jp/company/,EQUITY,Industrials,Specialty Business Services,https://www.writeup.jp
7,6580,"Writeup Co.,Ltd.",クラウドコンピューティング,デジタル・サービス,8,5,7,ノイズ候補,C,needs_review,事業概要に直接根拠を確認できず,,0,,https://www.writeup.jp | https://www.writeup.jp/service/ | https://www.writeup.jp/company/,EQUITY,Industrials,Specialty Business Services,https://www.writeup.jp
7,6580,"Writeup Co.,Ltd.",デジタルトランスフォーメーション,デジタル・サービス,8,5,7,ノイズ候補,C,needs_review,事業概要に直接根拠を確認できず,,0,,https://www.writeup.jp | https://www.writeup.jp/service/ | https://www.writeup.jp/company/,EQUITY,Industrials,Specialty Business Services,https://www.writeup.jp
7,6580,"Writeup Co.,Ltd.",データ分析・解析,AI・半導体,8,5,7,ノイズ候補,C,needs_review,事業概要に直接根拠を確認できず,,0,,https://www.writeup.jp | https://www.writeup.jp/service/ | https://www.writeup.jp/company/,EQUITY,Industrials,Specialty Business Services,https://www.writeup.jp
7,6580,"Writeup Co.,Ltd.",人工知能,AI・半導体,92,90,91,主力テーマ,A,official_site_supported,事業概要に直接根拠を確認できず; official=AI; count=44; pos=0.01,AI,44,0.0129,https://www.writeup.jp | https://www.writeup.jp/service/ | https://www.writeup.jp/company/,EQUITY,Industrials,Specialty Business Services,https://www.writeup.jp
7,6580,"Writeup Co.,Ltd.",生成AI,AI・半導体,8,5,7,ノイズ候補,C,needs_review,事業概要に直接根拠を確認できず,,0,,https://www.writeup.jp | https://www.writeup.jp/service/ | https://www.writeup.jp/company/,EQUITY,Industrials,Specialty Business Services,https://www.writeup.jp
7,6584,"Sanoh Industrial Co., Ltd.",サーバー冷却,データセンター・電力,8,5,7,ノイズ候補,C,needs_review,事業概要に直接根拠を確認できず,,0,,https://www.sanoh.com,EQUITY,Consumer Cyclical,Auto Parts,https://www.sanoh.com
7,6584,"Sanoh Industrial Co., Ltd.",データセンター,データセンター・電力,8,5,7,ノイズ候補,C,needs_review,事業概要に直接根拠を確認できず,,0,,https://www.sanoh.com,EQUITY,Consumer Cyclical,Auto Parts,https://www.sanoh.com
7,6584,"Sanoh Industrial Co., Ltd.",全固体電池,自動車・モビリティ,8,5,7,ノイズ候補,C,needs_review,事業概要に直接根拠を確認できず,,0,,https://www.sanoh.com,EQUITY,Consumer Cyclical,Auto Parts,https://www.sanoh.com
7,6584,"Sanoh Industrial Co., Ltd.",半導体,AI・半導体,8,5,7,ノイズ候補,C,needs_review,事業概要に直接根拠を確認できず,,0,,https://www.sanoh.com,EQUITY,Consumer Cyclical,Auto Parts,https://www.sanoh.com
7,6584,"Sanoh Industrial Co., Ltd.",省エネ関連,GX・エネルギー,8,5,7,ノイズ候補,C,needs_review,事業概要に直接根拠を確認できず,,0,,https://www.sanoh.com,EQUITY,Consumer Cyclical,Auto Parts,https://www.sanoh.com
7,6584,"Sanoh Industrial Co., Ltd.",自動車部材・部品,自動車・モビリティ,97,89,95,主力テーマ,A,ok,direct=automotive parts/auto parts; position=0.04,,0,,https://www.sanoh.com,EQUITY,Consumer Cyclical,Auto Parts,https://www.sanoh.com
7,6584,"Sanoh Industrial Co., Ltd.",電気自動車関連,自動車・モビリティ,8,5,7,ノイズ候補,C,needs_review,事業概要に直接根拠を確認できず,,0,,https://www.sanoh.com,EQUITY,Consumer Cyclical,Auto Parts,https://www.sanoh.com
7,6586,Makita Corporation,円安メリット,内需・消費,8,5,7,ノイズ候補,C,needs_review_macro,事業概要に直接根拠を確認できず,,0,,https://www.makita.co.jp,EQUITY,Industrials,Tools & Accessories,https://www.makita.co.jp
7,6588,Toshiba Tec Corporation,キャッシュレス決済,金融・金利,8,5,7,ノイズ候補,C,needs_review,事業概要に直接根拠を確認できず,,0,,https://www.toshibatec.co.jp | https://www.toshibatec.co.jp/product/ | https://www.toshibatec.co.jp/product/dataservice/,EQUITY,Technology,Computer Hardware,https://www.toshibatec.co.jp
7,6588,Toshiba Tec Corporation,円安メリット,内需・消費,8,5,7,ノイズ候補,C,needs_review_macro,事業概要に直接根拠を確認できず,,0,,https://www.toshibatec.co.jp | https://www.toshibatec.co.jp/product/ | https://www.toshibatec.co.jp/product/dataservice/,EQUITY,Technology,Computer Hardware,https://www.toshibatec.co.jp
7,6590,Shibaura Mechatronics Corporation,半導体,AI・半導体,94,100,96,主力テーマ,A,ok,industry=Semiconductor Equipment & Materials; direct=semiconductor; position=0.07; growth=developing; official=半導体; count=8; pos=0.03,半導体,8,0.0259,https://www.shibaura.co.jp | https://www.shibaura.co.jp/company/ | https://www.shibaura.co.jp/company/info.html,EQUITY,Technology,Semiconductor Equipment & Materials,https://www.shibaura.co.jp
7,6590,Shibaura Mechatronics Corporation,半導体製造装置,AI・半導体,94,100,96,主力テーマ,A,ok,industry=Semiconductor Equipment & Materials; direct=semiconductor equipment; growth=developing; official=半導体製造装置; count=8; pos=0.03,半導体製造装置,8,0.0259,https://www.shibaura.co.jp | https://www.shibaura.co.jp/company/ | https://www.shibaura.co.jp/company/info.html,EQUITY,Technology,Semiconductor Equipment & Materials,https://www.shibaura.co.jp
7,6590,Shibaura Mechatronics Corporation,自動車製造装置,自動車・モビリティ,8,5,7,ノイズ候補,C,needs_review,事業概要に直接根拠を確認できず,,0,,https://www.shibaura.co.jp | https://www.shibaura.co.jp/company/ | https://www.shibaura.co.jp/company/info.html,EQUITY,Technology,Semiconductor Equipment & Materials,https://www.shibaura.co.jp
7,6592,"Mabuchi Motor Co., Ltd.",ロボット,AI・半導体,8,5,7,ノイズ候補,C,needs_review,事業概要に直接根拠を確認できず,,0,,https://www.mabuchi-motor.co.jp,EQUITY,Consumer Cyclical,Auto Parts,https://www.mabuchi-motor.co.jp
7,6592,"Mabuchi Motor Co., Ltd.",円安メリット,内需・消費,8,5,7,ノイズ候補,C,needs_review_macro,事業概要に直接根拠を確認できず,,0,,https://www.mabuchi-motor.co.jp,EQUITY,Consumer Cyclical,Auto Parts,https://www.mabuchi-motor.co.jp
7,6592,"Mabuchi Motor Co., Ltd.",機械,設備投資・機械,42,30,38,ノイズ候補,C,needs_review,adjacent=equipment,,0,,https://www.mabuchi-motor.co.jp,EQUITY,Consumer Cyclical,Auto Parts,https://www.mabuchi-motor.co.jp
7,6592,"Mabuchi Motor Co., Ltd.",自動車部材・部品,自動車・モビリティ,82,74,80,主力テーマ,B,ok,direct=auto parts,,0,,https://www.mabuchi-motor.co.jp,EQUITY,Consumer Cyclical,Auto Parts,https://www.mabuchi-motor.co.jp
7,6592,"Mabuchi Motor Co., Ltd.",自動車電子化,自動車・モビリティ,8,5,7,ノイズ候補,C,needs_review,事業概要に直接根拠を確認できず,,0,,https://www.mabuchi-motor.co.jp,EQUITY,Consumer Cyclical,Auto Parts,https://www.mabuchi-motor.co.jp
7,6594,Nidec Corporation,FA関連,設備投資・機械,42,40,41,補助関連,C,needs_review,adjacent=automation; growth=develops,,0,,https://www.nidec.com,EQUITY,Industrials,Specialty Industrial Machinery,https://www.nidec.com
7,6594,Nidec Corporation,IoT,設備投資・機械,66,66,66,有力関連,B,qa_borderline,direct= iot; position=0.60; growth=develops,,0,,https://www.nidec.com,EQUITY,Industrials,Specialty Industrial Machinery,https://www.nidec.com
7,6594,Nidec Corporation,サーバー冷却,データセンター・電力,8,5,7,ノイズ候補,C,needs_review,事業概要に直接根拠を確認できず,,0,,https://www.nidec.com,EQUITY,Industrials,Specialty Industrial Machinery,https://www.nidec.com
7,6594,Nidec Corporation,スマートグリッド,データセンター・電力,8,5,7,ノイズ候補,C,needs_review,事業概要に直接根拠を確認できず,,0,,https://www.nidec.com,EQUITY,Industrials,Specialty Industrial Machinery,https://www.nidec.com
7,6594,Nidec Corporation,データセンター,データセンター・電力,8,5,7,ノイズ候補,C,needs_review,事業概要に直接根拠を確認できず,,0,,https://www.nidec.com,EQUITY,Industrials,Specialty Industrial Machinery,https://www.nidec.com
7,6594,Nidec Corporation,ロボット,AI・半導体,66,66,66,有力関連,B,qa_borderline,direct=robot/robotics/robotic; position=0.59; growth=develops,,0,,https://www.nidec.com,EQUITY,Industrials,Specialty Industrial Machinery,https://www.nidec.com
7,6594,Nidec Corporation,円安メリット,内需・消費,8,5,7,ノイズ候補,C,needs_review_macro,事業概要に直接根拠を確認できず,,0,,https://www.nidec.com,EQUITY,Industrials,Specialty Industrial Machinery,https://www.nidec.com
7,6594,Nidec Corporation,半導体製造装置,AI・半導体,8,5,7,ノイズ候補,C,needs_review,事業概要に直接根拠を確認できず,,0,,https://www.nidec.com,EQUITY,Industrials,Specialty Industrial Machinery,https://www.nidec.com
7,6594,Nidec Corporation,工作機械,設備投資・機械,82,84,83,主力テーマ,B,ok,direct=machine tool; position=0.40; growth=develops,,0,,https://www.nidec.com,EQUITY,Industrials,Specialty Industrial Machinery,https://www.nidec.com
7,6594,Nidec Corporation,空飛ぶクルマ,自動車・モビリティ,8,5,7,ノイズ候補,C,needs_review,事業概要に直接根拠を確認できず,,0,,https://www.nidec.com,EQUITY,Industrials,Specialty Industrial Machinery,https://www.nidec.com
7,6594,Nidec Corporation,自動車軽量化,自動車・モビリティ,8,5,7,ノイズ候補,C,needs_review,事業概要に直接根拠を確認できず,,0,,https://www.nidec.com,EQUITY,Industrials,Specialty Industrial Machinery,https://www.nidec.com
7,6594,Nidec Corporation,自動車部材・部品,自動車・モビリティ,86,88,87,主力テーマ,A,ok,direct=automotive components; position=0.36; growth=develops,,0,,https://www.nidec.com,EQUITY,Industrials,Specialty Industrial Machinery,https://www.nidec.com
7,6594,Nidec Corporation,自動車電子化,自動車・モビリティ,8,5,7,ノイズ候補,C,needs_review,事業概要に直接根拠を確認できず,,0,,https://www.nidec.com,EQUITY,Industrials,Specialty Industrial Machinery,https://www.nidec.com
7,6594,Nidec Corporation,自動運転車,自動車・モビリティ,8,5,7,ノイズ候補,C,needs_review,事業概要に直接根拠を確認できず,,0,,https://www.nidec.com,EQUITY,Industrials,Specialty Industrial Machinery,https://www.nidec.com
7,6594,Nidec Corporation,電気自動車関連,自動車・モビリティ,8,5,7,ノイズ候補,C,needs_review,事業概要に直接根拠を確認できず,,0,,https://www.nidec.com,EQUITY,Industrials,Specialty Industrial Machinery,https://www.nidec.com
7,6594,Nidec Corporation,風力発電,GX・エネルギー,8,5,7,ノイズ候補,C,needs_review,事業概要に直接根拠を確認できず,,0,,https://www.nidec.com,EQUITY,Industrials,Specialty Industrial Machinery,https://www.nidec.com
7,6597,HPC SYSTEMS Inc.,IT関連,デジタル・サービス,72,68,71,有力関連,B,needs_review,direct=system integration; position=0.74; growth=develops/development; official=IT; count=15; pos=0.16,IT,15,0.1637,https://www.hpc.co.jp | https://www.hpc.co.jp/company/ | https://www.hpc.co.jp/product/hardware_list/gpgpu/,EQUITY,Technology,Computer Hardware,https://www.hpc.co.jp
7,6597,HPC SYSTEMS Inc.,IoT,設備投資・機械,90,96,92,主力テーマ,A,official_site_supported,事業概要に直接根拠を確認できず; official=IoT; count=2; pos=0.04,IoT,2,0.0442,https://www.hpc.co.jp | https://www.hpc.co.jp/company/ | https://www.hpc.co.jp/product/hardware_list/gpgpu/,EQUITY,Technology,Computer Hardware,https://www.hpc.co.jp
7,6597,HPC SYSTEMS Inc.,エッジコンピューティング,AI・半導体,42,42,42,補助関連,C,needs_review,adjacent=embedded; growth=develops/development,,0,,https://www.hpc.co.jp | https://www.hpc.co.jp/company/ | https://www.hpc.co.jp/product/hardware_list/gpgpu/,EQUITY,Technology,Computer Hardware,https://www.hpc.co.jp
7,6597,HPC SYSTEMS Inc.,サーバー冷却,データセンター・電力,8,5,7,ノイズ候補,C,needs_review,事業概要に直接根拠を確認できず,,0,,https://www.hpc.co.jp | https://www.hpc.co.jp/company/ | https://www.hpc.co.jp/product/hardware_list/gpgpu/,EQUITY,Technology,Computer Hardware,https://www.hpc.co.jp
7,6597,HPC SYSTEMS Inc.,人工知能,AI・半導体,92,98,94,主力テーマ,A,official_site_supported,direct= ai ; position=0.84; growth=develops/development; official=AI/ディープラーニング; count=74; pos=0.00,AI | ディープラーニング,74,0.0024,https://www.hpc.co.jp | https://www.hpc.co.jp/company/ | https://www.hpc.co.jp/product/hardware_list/gpgpu/,EQUITY,Technology,Computer Hardware,https://www.hpc.co.jp
7,6597,HPC SYSTEMS Inc.,半導体製造装置,AI・半導体,8,5,7,ノイズ候補,C,needs_review,事業概要に直接根拠を確認できず,,0,,https://www.hpc.co.jp | https://www.hpc.co.jp/company/ | https://www.hpc.co.jp/product/hardware_list/gpgpu/,EQUITY,Technology,Computer Hardware,https://www.hpc.co.jp
7,6597,HPC SYSTEMS Inc.,自動運転車,自動車・モビリティ,8,5,7,ノイズ候補,C,needs_review,事業概要に直接根拠を確認できず,,0,,https://www.hpc.co.jp | https://www.hpc.co.jp/company/ | https://www.hpc.co.jp/product/hardware_list/gpgpu/,EQUITY,Technology,Computer Hardware,https://www.hpc.co.jp
7,6597,HPC SYSTEMS Inc.,量子コンピューター,AI・半導体,8,5,7,ノイズ候補,C,needs_review,事業概要に直接根拠を確認できず,,0,,https://www.hpc.co.jp | https://www.hpc.co.jp/company/ | https://www.hpc.co.jp/product/hardware_list/gpgpu/,EQUITY,Technology,Computer Hardware,https://www.hpc.co.jp
7,6599,"Ebrains, Inc.",FA関連,設備投資・機械,92,90,91,主力テーマ,A,official_site_supported,事業概要に直接根拠を確認できず; official=FA; count=9; pos=0.18,FA,9,0.1795,https://ebrain.co.jp | https://ebrain.co.jp/category/new-product-information/ | https://ebrain.co.jp/product/,EQUITY,Technology,Computer Hardware,https://ebrain.co.jp
7,6599,"Ebrains, Inc.",エッジコンピューティング,AI・半導体,92,90,91,主力テーマ,A,official_site_supported,事業概要に直接根拠を確認できず; official=エッジコンピューティング; count=6; pos=0.01,エッジコンピューティング,6,0.0054,https://ebrain.co.jp | https://ebrain.co.jp/category/new-product-information/ | https://ebrain.co.jp/product/,EQUITY,Technology,Computer Hardware,https://ebrain.co.jp
7,6599,"Ebrains, Inc.",クラウドコンピューティング,デジタル・サービス,72,68,71,有力関連,B,needs_review,事業概要に直接根拠を確認できず; official=クラウド; count=2; pos=0.27,クラウド,2,0.2703,https://ebrain.co.jp | https://ebrain.co.jp/category/new-product-information/ | https://ebrain.co.jp/product/,EQUITY,Technology,Computer Hardware,https://ebrain.co.jp
7,6599,"Ebrains, Inc.",医療機器,医療・ヘルスケア,72,68,71,有力関連,B,needs_review,事業概要に直接根拠を確認できず; official=医療機器; count=1; pos=0.27,医療機器,1,0.2724,https://ebrain.co.jp | https://ebrain.co.jp/category/new-product-information/ | https://ebrain.co.jp/product/,EQUITY,Technology,Computer Hardware,https://ebrain.co.jp
7,6599,"Ebrains, Inc.",半導体製造装置,AI・半導体,72,68,71,有力関連,B,needs_review,事業概要に直接根拠を確認できず; official=半導体製造装置; count=1; pos=0.28,半導体製造装置,1,0.2805,https://ebrain.co.jp | https://ebrain.co.jp/category/new-product-information/ | https://ebrain.co.jp/product/,EQUITY,Technology,Computer Hardware,https://ebrain.co.jp
7,6599,"Ebrains, Inc.",自動運転車,自動車・モビリティ,72,68,71,有力関連,B,needs_review,事業概要に直接根拠を確認できず; official=自動運転; count=1; pos=0.29,自動運転,1,0.2926,https://ebrain.co.jp | https://ebrain.co.jp/category/new-product-information/ | https://ebrain.co.jp/product/,EQUITY,Technology,Computer Hardware,https://ebrain.co.jp
7,6599,"Ebrains, Inc.",鉄道関連,物流・海運,8,5,7,ノイズ候補,C,needs_review,事業概要に直接根拠を確認できず,,0,,https://ebrain.co.jp | https://ebrain.co.jp/category/new-product-information/ | https://ebrain.co.jp/product/,EQUITY,Technology,Computer Hardware,https://ebrain.co.jp
7,6599,"Ebrains, Inc.",防衛,防衛・国土強靱化,72,68,71,有力関連,B,needs_review,事業概要に直接根拠を確認できず; official=防衛; count=2; pos=0.26,防衛,2,0.2603,https://ebrain.co.jp | https://ebrain.co.jp/category/new-product-information/ | https://ebrain.co.jp/product/,EQUITY,Technology,Computer Hardware,https://ebrain.co.jp
7,6613,"QD Laser, Inc.",医療機器,医療・ヘルスケア,86,78,84,主力テーマ,B,ok,direct=medical device; position=0.34,,0,,https://www.qdlaser.com | https://www.qdlaser.com/news/4200/ | https://www.qdlaser.com/news/1335/,EQUITY,Technology,Semiconductors,https://www.qdlaser.com
7,6613,"QD Laser, Inc.",半導体,AI・半導体,94,90,93,主力テーマ,A,ok,industry=Semiconductors; direct=semiconductor; position=0.02; official=半導体; count=15; pos=0.02,半導体,15,0.0195,https://www.qdlaser.com | https://www.qdlaser.com/news/4200/ | https://www.qdlaser.com/news/1335/,EQUITY,Technology,Semiconductors,https://www.qdlaser.com
7,6613,"QD Laser, Inc.",半導体製造装置,AI・半導体,42,30,38,ノイズ候補,C,needs_review,adjacent=semiconductor,,0,,https://www.qdlaser.com | https://www.qdlaser.com/news/4200/ | https://www.qdlaser.com/news/1335/,EQUITY,Technology,Semiconductors,https://www.qdlaser.com
7,6613,"QD Laser, Inc.",半導体部材・部品,AI・半導体,42,30,38,ノイズ候補,C,needs_review,adjacent=semiconductor,,0,,https://www.qdlaser.com | https://www.qdlaser.com/news/4200/ | https://www.qdlaser.com/news/1335/,EQUITY,Technology,Semiconductors,https://www.qdlaser.com
7,6613,"QD Laser, Inc.",量子コンピューター,AI・半導体,8,5,7,ノイズ候補,C,needs_review,事業概要に直接根拠を確認できず,,0,,https://www.qdlaser.com | https://www.qdlaser.com/news/4200/ | https://www.qdlaser.com/news/1335/,EQUITY,Technology,Semiconductors,https://www.qdlaser.com
7,6614,"Shikino High-Tech CO.,LTD.",半導体,AI・半導体,94,96,95,主力テーマ,A,ok,industry=Semiconductors; direct=semiconductor; position=0.06; growth=development; official=半導体; count=11; pos=0.01,半導体,11,0.0064,https://www.shikino.co.jp | https://www.shikino.co.jp/product/ | https://www.shikino.co.jp/solutions/,EQUITY,Technology,Semiconductors,https://www.shikino.co.jp
7,6614,"Shikino High-Tech CO.,LTD.",半導体製造装置,AI・半導体,42,40,41,補助関連,C,needs_review,adjacent=semiconductor; growth=development,,0,,https://www.shikino.co.jp | https://www.shikino.co.jp/product/ | https://www.shikino.co.jp/solutions/,EQUITY,Technology,Semiconductors,https://www.shikino.co.jp
7,6614,"Shikino High-Tech CO.,LTD.",自動運転車,自動車・モビリティ,8,5,7,ノイズ候補,C,needs_review,事業概要に直接根拠を確認できず,,0,,https://www.shikino.co.jp | https://www.shikino.co.jp/product/ | https://www.shikino.co.jp/solutions/,EQUITY,Technology,Semiconductors,https://www.shikino.co.jp
7,6615,"UMC Electronics Co., Ltd.",半導体製造装置,AI・半導体,42,30,38,ノイズ候補,C,needs_review,adjacent=semiconductor,,0,,https://www.umc.co.jp | https://www.umc.co.jp/modules/contents/company-profile.html | https://www.umc.co.jp/modules/contents/business.html,EQUITY,Technology,Electronic Components,https://www.umc.co.jp
7,6615,"UMC Electronics Co., Ltd.",自動車部材・部品,自動車・モビリティ,46,34,42,補助関連,C,needs_review,adjacent=automotive/vehicle,,0,,https://www.umc.co.jp | https://www.umc.co.jp/modules/contents/company-profile.html | https://www.umc.co.jp/modules/contents/business.html,EQUITY,Technology,Electronic Components,https://www.umc.co.jp
7,6615,"UMC Electronics Co., Ltd.",電気自動車関連,自動車・モビリティ,92,90,91,主力テーマ,A,ok,direct=electric vehicle; position=0.16; official=EV; count=9; pos=0.08,EV,9,0.0750,https://www.umc.co.jp | https://www.umc.co.jp/modules/contents/company-profile.html | https://www.umc.co.jp/modules/contents/business.html,EQUITY,Technology,Electronic Components,https://www.umc.co.jp
7,6616,Torex Semiconductor Ltd.,フィジカルAI,AI・半導体,8,5,7,ノイズ候補,C,needs_review,事業概要に直接根拠を確認できず,,0,,https://www.torex.co.jp,EQUITY,Technology,Semiconductors,https://www.torex.co.jp
7,6616,Torex Semiconductor Ltd.,ロボット,AI・半導体,8,5,7,ノイズ候補,C,needs_review,事業概要に直接根拠を確認できず,,0,,https://www.torex.co.jp,EQUITY,Technology,Semiconductors,https://www.torex.co.jp
7,6616,Torex Semiconductor Ltd.,半導体,AI・半導体,94,98,95,主力テーマ,A,ok,industry=Semiconductors; direct=semiconductor; position=0.01; growth=develops/research,,0,,https://www.torex.co.jp,EQUITY,Technology,Semiconductors,https://www.torex.co.jp
7,6616,Torex Semiconductor Ltd.,自動車部材・部品,自動車・モビリティ,42,42,42,補助関連,C,needs_review,adjacent=automotive; growth=develops/research,,0,,https://www.torex.co.jp,EQUITY,Technology,Semiconductors,https://www.torex.co.jp
7,6617,"Takaoka Toko Co., Ltd.",スマートグリッド,データセンター・電力,42,42,42,補助関連,C,needs_review,adjacent=power grid; growth=develops/development,,0,,https://www.tktk.co.jp,EQUITY,Industrials,Electrical Equipment & Parts,https://www.tktk.co.jp
7,6617,"Takaoka Toko Co., Ltd.",半導体製造装置,AI・半導体,8,5,7,ノイズ候補,C,needs_review,事業概要に直接根拠を確認できず,,0,,https://www.tktk.co.jp,EQUITY,Industrials,Electrical Equipment & Parts,https://www.tktk.co.jp
7,6617,"Takaoka Toko Co., Ltd.",送電,データセンター・電力,42,42,42,補助関連,C,needs_review,adjacent=power grid; growth=develops/development,,0,,https://www.tktk.co.jp,EQUITY,Industrials,Electrical Equipment & Parts,https://www.tktk.co.jp
7,6617,"Takaoka Toko Co., Ltd.",電力設備投資関連,データセンター・電力,72,78,74,有力関連,B,needs_review,adjacent=electrical equipment/grid; growth=develops/development; official=電力インフラ; count=2; pos=0.71,電力インフラ,2,0.7069,https://www.tktk.co.jp,EQUITY,Industrials,Electrical Equipment & Parts,https://www.tktk.co.jp
7,6617,"Takaoka Toko Co., Ltd.",電気自動車関連,自動車・モビリティ,90,96,92,主力テーマ,A,official_site_supported,direct=electric vehicle; position=0.73; growth=develops/development; official=EV; count=2; pos=0.02,EV,2,0.0187,https://www.tktk.co.jp,EQUITY,Industrials,Electrical Equipment & Parts,https://www.tktk.co.jp
7,6619,W-SCOPE Corporation,電気自動車関連,自動車・モビリティ,8,5,7,ノイズ候補,C,needs_review,事業概要に直接根拠を確認できず,,0,,https://w-scope.co.jp,EQUITY,Industrials,Electrical Equipment & Parts,https://w-scope.co.jp
7,6620,"Miyakoshi Holdings, Inc.",不動産関連,不動産・建設,58,54,57,補助関連,C,needs_review,事業概要に直接根拠を確認できず; official=不動産; count=3; pos=0.13,不動産,3,0.1263,https://www.miyakoshi-holdings.com | https://www.miyakoshi-holdings.com/project/ | https://www.miyakoshi-holdings.com/business/,EQUITY,Financial Services,Asset Management,https://www.miyakoshi-holdings.com
7,6620,"Miyakoshi Holdings, Inc.",再開発,不動産・建設,42,40,41,補助関連,C,needs_review,adjacent=urban development; growth=development,,0,,https://www.miyakoshi-holdings.com | https://www.miyakoshi-holdings.com/project/ | https://www.miyakoshi-holdings.com/business/,EQUITY,Financial Services,Asset Management,https://www.miyakoshi-holdings.com
7,6620,"Miyakoshi Holdings, Inc.",半導体,AI・半導体,90,82,88,主力テーマ,A,official_site_supported,direct=semiconductor; position=0.73; growth=development; official=半導体; count=4; pos=0.13,半導体,4,0.1272,https://www.miyakoshi-holdings.com | https://www.miyakoshi-holdings.com/project/ | https://www.miyakoshi-holdings.com/business/,EQUITY,Financial Services,Asset Management,https://www.miyakoshi-holdings.com
7,6622,DAIHEN Corporation,3Dプリンター,設備投資・機械,8,5,7,ノイズ候補,C,needs_review,事業概要に直接根拠を確認できず,,0,,https://www.daihen.co.jp,EQUITY,Industrials,Specialty Industrial Machinery,https://www.daihen.co.jp
7,6622,DAIHEN Corporation,FA関連,設備投資・機械,92,84,90,主力テーマ,A,ok,direct=factory automation; position=0.10; official=FA/ファクトリーオートメーション; count=2; pos=0.58,FA | ファクトリーオートメーション,2,0.5803,https://www.daihen.co.jp,EQUITY,Industrials,Specialty Industrial Machinery,https://www.daihen.co.jp
7,6622,DAIHEN Corporation,スマートグリッド,データセンター・電力,42,30,38,ノイズ候補,C,needs_review,adjacent=energy management,,0,,https://www.daihen.co.jp,EQUITY,Industrials,Specialty Industrial Machinery,https://www.daihen.co.jp
7,6622,DAIHEN Corporation,データセンター,データセンター・電力,8,5,7,ノイズ候補,C,needs_review,事業概要に直接根拠を確認できず,,0,,https://www.daihen.co.jp,EQUITY,Industrials,Specialty Industrial Machinery,https://www.daihen.co.jp
7,6622,DAIHEN Corporation,ロボット,AI・半導体,85,82,84,主力テーマ,B,ok,direct=robot; position=0.46; official=ロボット; count=3; pos=0.26,ロボット,3,0.2576,https://www.daihen.co.jp,EQUITY,Industrials,Specialty Industrial Machinery,https://www.daihen.co.jp
7,6622,DAIHEN Corporation,半導体製造装置,AI・半導体,8,5,7,ノイズ候補,C,needs_review,事業概要に直接根拠を確認できず,,0,,https://www.daihen.co.jp,EQUITY,Industrials,Specialty Industrial Machinery,https://www.daihen.co.jp
7,6622,DAIHEN Corporation,太陽光発電関連,GX・エネルギー,42,30,38,ノイズ候補,C,needs_review,adjacent=solar,,0,,https://www.daihen.co.jp,EQUITY,Industrials,Specialty Industrial Machinery,https://www.daihen.co.jp
7,6622,DAIHEN Corporation,自動車製造装置,自動車・モビリティ,42,30,38,ノイズ候補,C,needs_review,adjacent=factory automation,,0,,https://www.daihen.co.jp,EQUITY,Industrials,Specialty Industrial Machinery,https://www.daihen.co.jp
7,6622,DAIHEN Corporation,電力設備投資関連,データセンター・電力,8,5,7,ノイズ候補,C,needs_review,事業概要に直接根拠を確認できず,,0,,https://www.daihen.co.jp,EQUITY,Industrials,Specialty Industrial Machinery,https://www.daihen.co.jp
7,6622,DAIHEN Corporation,電気自動車関連,自動車・モビリティ,72,68,71,有力関連,B,needs_review,事業概要に直接根拠を確認できず; official=EV; count=1; pos=0.54,EV,1,0.5441,https://www.daihen.co.jp,EQUITY,Industrials,Specialty Industrial Machinery,https://www.daihen.co.jp
7,6623,,スマートグリッド,データセンター・電力,8,5,7,ノイズ候補,C,needs_official_ir,事業概要に直接根拠を確認できず,,0,,,,,,
7,6623,,受変電設備,データセンター・電力,8,5,7,ノイズ候補,C,needs_official_ir,事業概要に直接根拠を確認できず,,0,,,,,,
7,6623,,電力設備投資関連,データセンター・電力,8,5,7,ノイズ候補,C,needs_official_ir,事業概要に直接根拠を確認できず,,0,,,,,,
7,6625,JALCO Holdings Inc.,不動産関連,不動産・建設,42,30,38,ノイズ候補,C,needs_review,adjacent=real estate,,0,,https://www.jalco-hd.com,EQUITY,Technology,Semiconductors,https://www.jalco-hd.com
7,6626,SEMITEC Corporation,医療機器,医療・ヘルスケア,8,5,7,ノイズ候補,C,needs_review,事業概要に直接根拠を確認できず,,0,,https://www.semitec.co.jp | https://www.semitec.co.jp/products/ | https://www.semitec.co.jp/www/products/,EQUITY,Technology,Electronic Components,https://www.semitec.co.jp
7,6626,SEMITEC Corporation,半導体,AI・半導体,92,90,91,主力テーマ,A,official_site_supported,adjacent=electronic component/electronics; official=半導体; count=6; pos=0.37,半導体,6,0.3683,https://www.semitec.co.jp | https://www.semitec.co.jp/products/ | https://www.semitec.co.jp/www/products/,EQUITY,Technology,Electronic Components,https://www.semitec.co.jp
7,6626,SEMITEC Corporation,自動車部材・部品,自動車・モビリティ,8,5,7,ノイズ候補,C,needs_review,事業概要に直接根拠を確認できず,,0,,https://www.semitec.co.jp | https://www.semitec.co.jp/products/ | https://www.semitec.co.jp/www/products/,EQUITY,Technology,Electronic Components,https://www.semitec.co.jp
7,6626,SEMITEC Corporation,電気自動車関連,自動車・モビリティ,72,68,71,有力関連,B,needs_review,事業概要に直接根拠を確認できず; official=EV; count=1; pos=0.20,EV,1,0.2026,https://www.semitec.co.jp | https://www.semitec.co.jp/products/ | https://www.semitec.co.jp/www/products/,EQUITY,Technology,Electronic Components,https://www.semitec.co.jp
7,6627,"Tera Probe, Inc.",半導体,AI・半導体,94,96,95,主力テーマ,A,ok,industry=Semiconductor Equipment & Materials; direct=semiconductor; position=0.31; growth=development; official=半導体; count=31; pos=0.05,半導体,31,0.0504,https://www.teraprobe.com | https://www.teraprobe.com/service/ | https://www.teraprobe.com/service/test_operation/,EQUITY,Technology,Semiconductor Equipment & Materials,https://www.teraprobe.com
7,6629,"Techno Horizon Co.,Ltd.",FA関連,設備投資・機械,90,96,92,主力テーマ,A,official_site_supported,direct=factory automation; position=0.89; growth=develops; official=FA/ＦＡ; count=3; pos=0.13,FA | ＦＡ,3,0.1262,https://www.technohorizon.co.jp | https://www.technohorizon.co.jp/company/ | https://www.technohorizon.co.jp/company/about/,EQUITY,Technology,Electronic Components,https://www.technohorizon.co.jp
7,6629,"Techno Horizon Co.,Ltd.",IT関連,デジタル・サービス,72,68,71,有力関連,B,needs_review,adjacent=software; growth=develops; official=IT; count=9; pos=0.18,IT,9,0.1811,https://www.technohorizon.co.jp | https://www.technohorizon.co.jp/company/ | https://www.technohorizon.co.jp/company/about/,EQUITY,Technology,Electronic Components,https://www.technohorizon.co.jp
7,6629,"Techno Horizon Co.,Ltd.",キャッシュレス決済,金融・金利,8,5,7,ノイズ候補,C,needs_review,事業概要に直接根拠を確認できず,,0,,https://www.technohorizon.co.jp | https://www.technohorizon.co.jp/company/ | https://www.technohorizon.co.jp/company/about/,EQUITY,Technology,Electronic Components,https://www.technohorizon.co.jp
7,6629,"Techno Horizon Co.,Ltd.",サービスロボット,設備投資・機械,46,44,45,補助関連,C,needs_review,adjacent=robot/robotics; growth=develops,,0,,https://www.technohorizon.co.jp | https://www.technohorizon.co.jp/company/ | https://www.technohorizon.co.jp/company/about/,EQUITY,Technology,Electronic Components,https://www.technohorizon.co.jp
7,6629,"Techno Horizon Co.,Ltd.",フィジカルAI,AI・半導体,42,40,41,補助関連,C,needs_review,adjacent=robot; growth=develops,,0,,https://www.technohorizon.co.jp | https://www.technohorizon.co.jp/company/ | https://www.technohorizon.co.jp/company/about/,EQUITY,Technology,Electronic Components,https://www.technohorizon.co.jp
7,6629,"Techno Horizon Co.,Ltd.",人工知能,AI・半導体,72,78,74,有力関連,B,needs_review,事業概要に直接根拠を確認できず; official=AI; count=1; pos=0.31,AI,1,0.3132,https://www.technohorizon.co.jp | https://www.technohorizon.co.jp/company/ | https://www.technohorizon.co.jp/company/about/,EQUITY,Technology,Electronic Components,https://www.technohorizon.co.jp
7,6629,"Techno Horizon Co.,Ltd.",半導体製造装置,AI・半導体,8,5,7,ノイズ候補,C,needs_review,事業概要に直接根拠を確認できず,,0,,https://www.technohorizon.co.jp | https://www.technohorizon.co.jp/company/ | https://www.technohorizon.co.jp/company/about/,EQUITY,Technology,Electronic Components,https://www.technohorizon.co.jp
7,6629,"Techno Horizon Co.,Ltd.",教育ICT,デジタル・サービス,72,78,74,有力関連,B,needs_review,事業概要に直接根拠を確認できず; official=教育ＩＣＴ; count=1; pos=0.58,教育ＩＣＴ,1,0.5760,https://www.technohorizon.co.jp | https://www.technohorizon.co.jp/company/ | https://www.technohorizon.co.jp/company/about/,EQUITY,Technology,Electronic Components,https://www.technohorizon.co.jp
7,6629,"Techno Horizon Co.,Ltd.",自動運転車,自動車・モビリティ,8,5,7,ノイズ候補,C,needs_review,事業概要に直接根拠を確認できず,,0,,https://www.technohorizon.co.jp | https://www.technohorizon.co.jp/company/ | https://www.technohorizon.co.jp/company/about/,EQUITY,Technology,Electronic Components,https://www.technohorizon.co.jp
7,6629,"Techno Horizon Co.,Ltd.",防災,防衛・国土強靱化,72,78,74,有力関連,B,needs_review,事業概要に直接根拠を確認できず; official=防災; count=1; pos=0.43,防災,1,0.4286,https://www.technohorizon.co.jp | https://www.technohorizon.co.jp/company/ | https://www.technohorizon.co.jp/company/about/,EQUITY,Technology,Electronic Components,https://www.technohorizon.co.jp
7,6630,Ya-Man Ltd.,eコマース,内需・消費,8,5,7,ノイズ候補,C,needs_review,事業概要に直接根拠を確認できず,,0,,https://www.ya-man.co.jp | https://www.ya-man.co.jp/company/ | https://www.ya-man.co.jp/company/outline/,EQUITY,Consumer Defensive,Household & Personal Products,https://www.ya-man.co.jp
7,6632,JVCKENWOOD Corporation,人工知能,AI・半導体,8,5,7,ノイズ候補,C,needs_review,事業概要に直接根拠を確認できず,,0,,https://www.jvckenwood.com | https://www.jvckenwood.com/jp/corporate/business/ | https://www.jvckenwood.com/jp/corporate/outline/,EQUITY,Consumer Cyclical,Auto Parts,https://www.jvckenwood.com
7,6632,JVCKENWOOD Corporation,生成AI,AI・半導体,8,5,7,ノイズ候補,C,needs_review,事業概要に直接根拠を確認できず,,0,,https://www.jvckenwood.com | https://www.jvckenwood.com/jp/corporate/business/ | https://www.jvckenwood.com/jp/corporate/outline/,EQUITY,Consumer Cyclical,Auto Parts,https://www.jvckenwood.com
7,6632,JVCKENWOOD Corporation,自動車部材・部品,自動車・モビリティ,82,74,80,主力テーマ,B,ok,direct=auto parts,,0,,https://www.jvckenwood.com | https://www.jvckenwood.com/jp/corporate/business/ | https://www.jvckenwood.com/jp/corporate/outline/,EQUITY,Consumer Cyclical,Auto Parts,https://www.jvckenwood.com
7,6632,JVCKENWOOD Corporation,自動運転車,自動車・モビリティ,8,5,7,ノイズ候補,C,needs_review,事業概要に直接根拠を確認できず,,0,,https://www.jvckenwood.com | https://www.jvckenwood.com/jp/corporate/business/ | https://www.jvckenwood.com/jp/corporate/outline/,EQUITY,Consumer Cyclical,Auto Parts,https://www.jvckenwood.com
7,6633,Cgs Holdings Inc.,3Dプリンター,設備投資・機械,8,5,7,ノイズ候補,C,needs_review,事業概要に直接根拠を確認できず,,0,,https://www.cgshd.co.jp | https://www.cgshd.co.jp/co | https://www.cgshd.co.jp/co/genealogy,EQUITY,Technology,Software - Application,https://www.cgshd.co.jp
7,6634,JN Group Inc.,IT関連,デジタル・サービス,94,98,95,主力テーマ,A,qa_peripheral,industry=Information Technology Services; direct=information technology/software development; position=0.52; growth=developing/development; official=IT; count=1; pos=0.26,IT,1,0.2618,https://www.jngroup.jp | https://www.jngroup.jp/solutions/ | https://www.jngroup.jp/corporate/,EQUITY,Technology,Information Technology Services,https://www.jngroup.jp
7,6634,JN Group Inc.,IoT,設備投資・機械,97,100,98,主力テーマ,A,ok,direct= iot/iot solution; position=0.02; growth=developing/development,,0,,https://www.jngroup.jp | https://www.jngroup.jp/solutions/ | https://www.jngroup.jp/corporate/,EQUITY,Technology,Information Technology Services,https://www.jngroup.jp
7,6635,"Di-Nikko Engineering Co., Ltd.",医療機器,医療・ヘルスケア,86,78,84,主力テーマ,B,ok,direct=medical device; position=0.33,,0,,https://www.dne.co.jp | https://www.dne.co.jp/technology/odm/ | https://www.dne.co.jp/technology/originalproducts/,EQUITY,Technology,Electronic Components,https://www.dne.co.jp
7,6635,"Di-Nikko Engineering Co., Ltd.",宇宙開発関連,防衛・国土強靱化,72,68,71,有力関連,B,needs_review,adjacent=aerospace; official=衛星; count=2; pos=0.55,衛星,2,0.5500,https://www.dne.co.jp | https://www.dne.co.jp/technology/odm/ | https://www.dne.co.jp/technology/originalproducts/,EQUITY,Technology,Electronic Components,https://www.dne.co.jp
7,6635,"Di-Nikko Engineering Co., Ltd.",自動車部材・部品,自動車・モビリティ,8,5,7,ノイズ候補,C,needs_review,事業概要に直接根拠を確認できず,,0,,https://www.dne.co.jp | https://www.dne.co.jp/technology/odm/ | https://www.dne.co.jp/technology/originalproducts/,EQUITY,Technology,Electronic Components,https://www.dne.co.jp
7,6637,"Terasaki Electric Co.,Ltd.",医療機器,医療・ヘルスケア,97,99,98,主力テーマ,A,ok,direct=medical device/medical equipment; position=0.09; growth=develops; official=医療機器; count=8; pos=0.05,医療機器,8,0.0463,https://www.terasaki.co.jp | https://www.terasaki.co.jp/business/ | https://www.terasaki.co.jp/business/ship/,EQUITY,Industrials,Electrical Equipment & Parts,https://www.terasaki.co.jp
7,6638,"Mimaki Engineering Co., Ltd.",3Dプリンター,設備投資・機械,86,88,87,主力テーマ,A,ok,direct=3d printer; position=0.36; growth=develops,,0,,https://www.mimaki.com | https://mimaki.com/company/ | https://mimaki.com/product/,EQUITY,Technology,Electronics & Computer Distribution,https://www.mimaki.com
7,6638,"Mimaki Engineering Co., Ltd.",FA関連,設備投資・機械,92,90,91,主力テーマ,A,official_site_supported,adjacent=automation; growth=develops; official=FA; count=6; pos=0.35,FA,6,0.3524,https://www.mimaki.com | https://mimaki.com/company/ | https://mimaki.com/product/,EQUITY,Technology,Electronics & Computer Distribution,https://www.mimaki.com
7,6643,"Togami Electric Mfg. Co., Ltd.",スマートグリッド,データセンター・電力,8,5,7,ノイズ候補,C,needs_review,事業概要に直接根拠を確認できず,,0,,https://www.togami-elec.co.jp,EQUITY,Industrials,Electrical Equipment & Parts,https://www.togami-elec.co.jp
7,6643,"Togami Electric Mfg. Co., Ltd.",自動車部材・部品,自動車・モビリティ,8,5,7,ノイズ候補,C,needs_review,事業概要に直接根拠を確認できず,,0,,https://www.togami-elec.co.jp,EQUITY,Industrials,Electrical Equipment & Parts,https://www.togami-elec.co.jp
7,6643,"Togami Electric Mfg. Co., Ltd.",電力設備投資関連,データセンター・電力,72,68,71,有力関連,B,needs_review,adjacent=electrical equipment; official=電力インフラ; count=2; pos=0.34,電力インフラ,2,0.3441,https://www.togami-elec.co.jp,EQUITY,Industrials,Electrical Equipment & Parts,https://www.togami-elec.co.jp
7,6644,"Osaki Electric Co., Ltd.",スマートグリッド,データセンター・電力,42,40,41,補助関連,C,needs_review,adjacent=smart meter; growth=develops,,0,,https://www.osaki.co.jp | https://www.osaki.co.jp/ja/profile.html | https://www.osaki.co.jp/ja/product.html,EQUITY,Technology,Scientific & Technical Instruments,https://www.osaki.co.jp
7,6644,"Osaki Electric Co., Ltd.",データセンター,データセンター・電力,8,5,7,ノイズ候補,C,needs_review,事業概要に直接根拠を確認できず,,0,,https://www.osaki.co.jp | https://www.osaki.co.jp/ja/profile.html | https://www.osaki.co.jp/ja/product.html,EQUITY,Technology,Scientific & Technical Instruments,https://www.osaki.co.jp
7,6644,"Osaki Electric Co., Ltd.",太陽光発電関連,GX・エネルギー,8,5,7,ノイズ候補,C,needs_review,事業概要に直接根拠を確認できず,,0,,https://www.osaki.co.jp | https://www.osaki.co.jp/ja/profile.html | https://www.osaki.co.jp/ja/product.html,EQUITY,Technology,Scientific & Technical Instruments,https://www.osaki.co.jp
7,6644,"Osaki Electric Co., Ltd.",電力設備投資関連,データセンター・電力,8,5,7,ノイズ候補,C,needs_review,事業概要に直接根拠を確認できず,,0,,https://www.osaki.co.jp | https://www.osaki.co.jp/ja/profile.html | https://www.osaki.co.jp/ja/product.html,EQUITY,Technology,Scientific & Technical Instruments,https://www.osaki.co.jp
7,6645,OMRON Corporation,FA関連,設備投資・機械,92,94,93,主力テーマ,A,ok,direct=industrial automation; position=0.02; growth=development,,0,,https://www.omron.com,EQUITY,Technology,Electronic Components,https://www.omron.com
7,6645,OMRON Corporation,IT関連,デジタル・サービス,58,56,57,補助関連,C,needs_review,direct=software development; position=0.74; growth=development,,0,,https://www.omron.com,EQUITY,Technology,Electronic Components,https://www.omron.com
7,6645,OMRON Corporation,IoT,設備投資・機械,8,5,7,ノイズ候補,C,needs_review,事業概要に直接根拠を確認できず,,0,,https://www.omron.com,EQUITY,Technology,Electronic Components,https://www.omron.com
7,6645,OMRON Corporation,スマートグリッド,データセンター・電力,8,5,7,ノイズ候補,C,needs_review,事業概要に直接根拠を確認できず,,0,,https://www.omron.com,EQUITY,Technology,Electronic Components,https://www.omron.com
7,6645,OMRON Corporation,ホームヘルスケア,医療・ヘルスケア,8,5,7,ノイズ候補,C,needs_review,事業概要に直接根拠を確認できず,,0,,https://www.omron.com,EQUITY,Technology,Electronic Components,https://www.omron.com
7,6645,OMRON Corporation,ロボット,AI・半導体,96,98,97,主力テーマ,A,ok,direct=robot/robotics/robotic; position=0.32; growth=development,,0,,https://www.omron.com,EQUITY,Technology,Electronic Components,https://www.omron.com
7,6645,OMRON Corporation,医療機器,医療・ヘルスケア,8,5,7,ノイズ候補,C,needs_review,事業概要に直接根拠を確認できず,,0,,https://www.omron.com,EQUITY,Technology,Electronic Components,https://www.omron.com
7,6645,OMRON Corporation,半導体,AI・半導体,42,40,41,補助関連,C,needs_review,adjacent=electronic component; growth=development,,0,,https://www.omron.com,EQUITY,Technology,Electronic Components,https://www.omron.com
7,6645,OMRON Corporation,半導体製造装置,AI・半導体,8,5,7,ノイズ候補,C,needs_review,事業概要に直接根拠を確認できず,,0,,https://www.omron.com,EQUITY,Technology,Electronic Components,https://www.omron.com
7,6645,OMRON Corporation,自動車部材・部品,自動車・モビリティ,8,5,7,ノイズ候補,C,needs_review,事業概要に直接根拠を確認できず,,0,,https://www.omron.com,EQUITY,Technology,Electronic Components,https://www.omron.com
7,6645,OMRON Corporation,自動車電子化,自動車・モビリティ,8,5,7,ノイズ候補,C,needs_review,事業概要に直接根拠を確認できず,,0,,https://www.omron.com,EQUITY,Technology,Electronic Components,https://www.omron.com
7,6645,OMRON Corporation,蓄電池,GX・エネルギー,8,5,7,ノイズ候補,C,needs_review,事業概要に直接根拠を確認できず,,0,,https://www.omron.com,EQUITY,Technology,Electronic Components,https://www.omron.com
7,6645,OMRON Corporation,設備投資,設備投資・機械,42,40,41,補助関連,C,needs_review,adjacent=automation; growth=development,,0,,https://www.omron.com,EQUITY,Technology,Electronic Components,https://www.omron.com
7,6645,OMRON Corporation,遠隔医療,医療・ヘルスケア,8,5,7,ノイズ候補,C,needs_review,事業概要に直接根拠を確認できず,,0,,https://www.omron.com,EQUITY,Technology,Electronic Components,https://www.omron.com
7,6645,OMRON Corporation,鉄道関連,物流・海運,8,5,7,ノイズ候補,C,needs_review,事業概要に直接根拠を確認できず,,0,,https://www.omron.com,EQUITY,Technology,Electronic Components,https://www.omron.com
7,6647,"Morio Denki Co., Ltd.",鉄道関連,物流・海運,58,46,54,補助関連,C,needs_review,direct=railway; position=0.81,,0,,https://www.morio.co.jp,EQUITY,Industrials,Electrical Equipment & Parts,https://www.morio.co.jp
7,6647,"Morio Denki Co., Ltd.",防衛,防衛・国土強靱化,8,5,7,ノイズ候補,C,needs_review,事業概要に直接根拠を確認できず,,0,,https://www.morio.co.jp,EQUITY,Industrials,Electrical Equipment & Parts,https://www.morio.co.jp
7,6648,Kawaden Corporation,データセンター,データセンター・電力,72,68,71,有力関連,B,needs_review,事業概要に直接根拠を確認できず; official=データセンター/データセンタ; count=2; pos=0.80,データセンター | データセンタ,2,0.8047,https://www.kawaden.co.jp | https://www.kawaden.co.jp/about/ | https://www.kawaden.co.jp/works/usecases/,EQUITY,Industrials,Specialty Industrial Machinery,https://www.kawaden.co.jp
7,6648,Kawaden Corporation,太陽光発電関連,GX・エネルギー,8,5,7,ノイズ候補,C,needs_review,事業概要に直接根拠を確認できず,,0,,https://www.kawaden.co.jp | https://www.kawaden.co.jp/about/ | https://www.kawaden.co.jp/works/usecases/,EQUITY,Industrials,Specialty Industrial Machinery,https://www.kawaden.co.jp
7,6648,Kawaden Corporation,電力設備投資関連,データセンター・電力,8,5,7,ノイズ候補,C,needs_review,事業概要に直接根拠を確認できず,,0,,https://www.kawaden.co.jp | https://www.kawaden.co.jp/about/ | https://www.kawaden.co.jp/works/usecases/,EQUITY,Industrials,Specialty Industrial Machinery,https://www.kawaden.co.jp
7,6651,Nitto Kogyo Corporation,データセンター,データセンター・電力,8,5,7,ノイズ候補,C,needs_review,事業概要に直接根拠を確認できず,,0,,https://www.nito.co.jp,EQUITY,Industrials,Electrical Equipment & Parts,https://www.nito.co.jp
7,6651,Nitto Kogyo Corporation,電力設備投資関連,データセンター・電力,86,78,84,主力テーマ,B,ok,direct=substation; position=0.35,,0,,https://www.nito.co.jp,EQUITY,Industrials,Electrical Equipment & Parts,https://www.nito.co.jp
7,6652,IDEC Corporation,FA関連,設備投資・機械,92,90,91,主力テーマ,A,official_site_supported,adjacent=automation; official=FA; count=21; pos=0.00,FA,21,0.0014,https://jp.idec.com | https://jp.idec.com/ja-jp/products | https://jp.idec.com/ja-jp/solutions/exproof/explosion-proof-made-to-order-products,EQUITY,Industrials,Electrical Equipment & Parts,https://jp.idec.com
7,6652,IDEC Corporation,スマートグリッド,データセンター・電力,8,5,7,ノイズ候補,C,needs_review,事業概要に直接根拠を確認できず,,0,,https://jp.idec.com | https://jp.idec.com/ja-jp/products | https://jp.idec.com/ja-jp/solutions/exproof/explosion-proof-made-to-order-products,EQUITY,Industrials,Electrical Equipment & Parts,https://jp.idec.com
7,6652,IDEC Corporation,ロボット,AI・半導体,92,90,91,主力テーマ,A,official_site_supported,direct=robot/robotics/robotic; position=0.71; official=ロボット; count=15; pos=0.05,ロボット,15,0.0535,https://jp.idec.com | https://jp.idec.com/ja-jp/products | https://jp.idec.com/ja-jp/solutions/exproof/explosion-proof-made-to-order-products,EQUITY,Industrials,Electrical Equipment & Parts,https://jp.idec.com
7,6652,IDEC Corporation,太陽光発電関連,GX・エネルギー,58,46,54,補助関連,C,needs_review,direct=photovoltaic; position=0.74,,0,,https://jp.idec.com | https://jp.idec.com/ja-jp/products | https://jp.idec.com/ja-jp/solutions/exproof/explosion-proof-made-to-order-products,EQUITY,Industrials,Electrical Equipment & Parts,https://jp.idec.com
7,6652,IDEC Corporation,防災,防衛・国土強靱化,8,5,7,ノイズ候補,C,needs_review,事業概要に直接根拠を確認できず,,0,,https://jp.idec.com | https://jp.idec.com/ja-jp/products | https://jp.idec.com/ja-jp/solutions/exproof/explosion-proof-made-to-order-products,EQUITY,Industrials,Electrical Equipment & Parts,https://jp.idec.com
7,6653,"Seiko Electric Co., Ltd.",クラウドコンピューティング,デジタル・サービス,82,74,80,主力テーマ,B,ok,direct=cloud service; position=0.43,,0,,https://www.seiko-denki.co.jp | https://www.seiko-denki.co.jp/company/ | https://www.seiko-denki.co.jp/company/about/,EQUITY,Technology,Electronic Components,https://www.seiko-denki.co.jp
7,6653,"Seiko Electric Co., Ltd.",スマートグリッド,データセンター・電力,8,5,7,ノイズ候補,C,needs_review,事業概要に直接根拠を確認できず,,0,,https://www.seiko-denki.co.jp | https://www.seiko-denki.co.jp/company/ | https://www.seiko-denki.co.jp/company/about/,EQUITY,Technology,Electronic Components,https://www.seiko-denki.co.jp
7,6653,"Seiko Electric Co., Ltd.",データセンター,データセンター・電力,82,74,80,主力テーマ,B,ok,direct=data center; position=0.42,,0,,https://www.seiko-denki.co.jp | https://www.seiko-denki.co.jp/company/ | https://www.seiko-denki.co.jp/company/about/,EQUITY,Technology,Electronic Components,https://www.seiko-denki.co.jp
7,6653,"Seiko Electric Co., Ltd.",下水道,防衛・国土強靱化,86,78,84,主力テーマ,B,ok,direct=sewage; position=0.33,,0,,https://www.seiko-denki.co.jp | https://www.seiko-denki.co.jp/company/ | https://www.seiko-denki.co.jp/company/about/,EQUITY,Technology,Electronic Components,https://www.seiko-denki.co.jp
7,6653,"Seiko Electric Co., Ltd.",再生可能エネルギー,GX・エネルギー,82,88,84,主力テーマ,B,ok,direct=renewable energy; position=0.41; official=再生可能エネルギー; count=1; pos=0.26,再生可能エネルギー,1,0.2617,https://www.seiko-denki.co.jp | https://www.seiko-denki.co.jp/company/ | https://www.seiko-denki.co.jp/company/about/,EQUITY,Technology,Electronic Components,https://www.seiko-denki.co.jp
7,6653,"Seiko Electric Co., Ltd.",受変電設備,データセンター・電力,8,5,7,ノイズ候補,C,needs_review,事業概要に直接根拠を確認できず,,0,,https://www.seiko-denki.co.jp | https://www.seiko-denki.co.jp/company/ | https://www.seiko-denki.co.jp/company/about/,EQUITY,Technology,Electronic Components,https://www.seiko-denki.co.jp
7,6653,"Seiko Electric Co., Ltd.",太陽光発電関連,GX・エネルギー,8,5,7,ノイズ候補,C,needs_review,事業概要に直接根拠を確認できず,,0,,https://www.seiko-denki.co.jp | https://www.seiko-denki.co.jp/company/ | https://www.seiko-denki.co.jp/company/about/,EQUITY,Technology,Electronic Components,https://www.seiko-denki.co.jp
7,6653,"Seiko Electric Co., Ltd.",脱炭素,GX・エネルギー,72,78,74,有力関連,B,qa_borderline,direct=decarbonization; position=0.53; official=脱炭素/カーボンニュートラル; count=2; pos=0.92,脱炭素 | カーボンニュートラル,2,0.9234,https://www.seiko-denki.co.jp | https://www.seiko-denki.co.jp/company/ | https://www.seiko-denki.co.jp/company/about/,EQUITY,Technology,Electronic Components,https://www.seiko-denki.co.jp
7,6653,"Seiko Electric Co., Ltd.",蓄電池,GX・エネルギー,86,78,84,主力テーマ,B,ok,direct=energy storage system; position=0.36,,0,,https://www.seiko-denki.co.jp | https://www.seiko-denki.co.jp/company/ | https://www.seiko-denki.co.jp/company/about/,EQUITY,Technology,Electronic Components,https://www.seiko-denki.co.jp
7,6653,"Seiko Electric Co., Ltd.",送電,データセンター・電力,8,5,7,ノイズ候補,C,needs_review,事業概要に直接根拠を確認できず,,0,,https://www.seiko-denki.co.jp | https://www.seiko-denki.co.jp/company/ | https://www.seiko-denki.co.jp/company/about/,EQUITY,Technology,Electronic Components,https://www.seiko-denki.co.jp
7,6653,"Seiko Electric Co., Ltd.",電力設備投資関連,データセンター・電力,72,78,74,有力関連,B,needs_review,事業概要に直接根拠を確認できず; official=電力設備; count=1; pos=0.30,電力設備,1,0.2976,https://www.seiko-denki.co.jp | https://www.seiko-denki.co.jp/company/ | https://www.seiko-denki.co.jp/company/about/,EQUITY,Technology,Electronic Components,https://www.seiko-denki.co.jp
7,6655,,FA関連,設備投資・機械,8,5,7,ノイズ候補,C,needs_official_ir,事業概要に直接根拠を確認できず,,0,,,,,,
7,6655,,電力設備投資関連,データセンター・電力,8,5,7,ノイズ候補,C,needs_official_ir,事業概要に直接根拠を確認できず,,0,,,,,,
7,6656,inspec Inc.,人工知能,AI・半導体,8,5,7,ノイズ候補,C,needs_review,事業概要に直接根拠を確認できず,,0,,https://www.inspec21.com | https://www.inspec21.com/contact/products/,EQUITY,Technology,Semiconductor Equipment & Materials,https://www.inspec21.com
7,6656,inspec Inc.,医療機器,医療・ヘルスケア,8,5,7,ノイズ候補,C,needs_review,事業概要に直接根拠を確認できず,,0,,https://www.inspec21.com | https://www.inspec21.com/contact/products/,EQUITY,Technology,Semiconductor Equipment & Materials,https://www.inspec21.com
7,6656,inspec Inc.,半導体製造装置,AI・半導体,94,86,92,主力テーマ,A,ok,industry=Semiconductor Equipment & Materials; direct=semiconductor equipment,,0,,https://www.inspec21.com | https://www.inspec21.com/contact/products/,EQUITY,Technology,Semiconductor Equipment & Materials,https://www.inspec21.com
7,6656,inspec Inc.,自動車軽量化,自動車・モビリティ,8,5,7,ノイズ候補,C,needs_review,事業概要に直接根拠を確認できず,,0,,https://www.inspec21.com | https://www.inspec21.com/contact/products/,EQUITY,Technology,Semiconductor Equipment & Materials,https://www.inspec21.com
7,6656,inspec Inc.,自動車部材・部品,自動車・モビリティ,8,5,7,ノイズ候補,C,needs_review,事業概要に直接根拠を確認できず,,0,,https://www.inspec21.com | https://www.inspec21.com/contact/products/,EQUITY,Technology,Semiconductor Equipment & Materials,https://www.inspec21.com
7,6656,inspec Inc.,電気自動車関連,自動車・モビリティ,8,5,7,ノイズ候補,C,needs_review,事業概要に直接根拠を確認できず,,0,,https://www.inspec21.com | https://www.inspec21.com/contact/products/,EQUITY,Technology,Semiconductor Equipment & Materials,https://www.inspec21.com
7,6658,"Shirai Electronics Industrial Co., Ltd.",サービスロボット,設備投資・機械,8,5,7,ノイズ候補,C,needs_review,事業概要に直接根拠を確認できず,,0,,https://www.shiraidenshi.co.jp,EQUITY,Technology,Electronic Components,https://www.shiraidenshi.co.jp
7,6662,"Ubiteq, Inc.",IT関連,デジタル・サービス,90,92,91,主力テーマ,A,ok,industry=Software - Infrastructure; adjacent=software; growth=development; official=IT; count=7; pos=0.06,IT,7,0.0607,https://www.ubiteq.co.jp | https://www.ubiteq.co.jp/Where | https://www.ubiteq.co.jp/service,EQUITY,Technology,Software - Infrastructure,https://www.ubiteq.co.jp
7,6662,"Ubiteq, Inc.",IoT,設備投資・機械,92,94,93,主力テーマ,A,ok,direct= iot; position=0.04; growth=development,,0,,https://www.ubiteq.co.jp | https://www.ubiteq.co.jp/Where | https://www.ubiteq.co.jp/service,EQUITY,Technology,Software - Infrastructure,https://www.ubiteq.co.jp
7,6662,"Ubiteq, Inc.",SaaS,デジタル・サービス,90,82,88,主力テーマ,A,ok,industry=Software - Infrastructure,,0,,https://www.ubiteq.co.jp | https://www.ubiteq.co.jp/Where | https://www.ubiteq.co.jp/service,EQUITY,Technology,Software - Infrastructure,https://www.ubiteq.co.jp
7,6662,"Ubiteq, Inc.",クラウドコンピューティング,デジタル・サービス,8,5,7,ノイズ候補,C,needs_review,事業概要に直接根拠を確認できず,,0,,https://www.ubiteq.co.jp | https://www.ubiteq.co.jp/Where | https://www.ubiteq.co.jp/service,EQUITY,Technology,Software - Infrastructure,https://www.ubiteq.co.jp
7,6663,"Taiyo Technolex Co.,Ltd.",人工知能,AI・半導体,72,68,71,有力関連,B,needs_review,事業概要に直接根拠を確認できず; official=AI; count=1; pos=0.99,AI,1,0.9899,https://www.taiyo-tx.com,EQUITY,Technology,Electronic Components,https://www.taiyo-tx.com
7,6663,"Taiyo Technolex Co.,Ltd.",宇宙開発関連,防衛・国土強靱化,8,5,7,ノイズ候補,C,needs_review,事業概要に直接根拠を確認できず,,0,,https://www.taiyo-tx.com,EQUITY,Technology,Electronic Components,https://www.taiyo-tx.com
7,6663,"Taiyo Technolex Co.,Ltd.",機械,設備投資・機械,86,78,84,主力テーマ,B,ok,direct=industrial machinery; position=0.27,,0,,https://www.taiyo-tx.com,EQUITY,Technology,Electronic Components,https://www.taiyo-tx.com
7,6664,"Optoelectronics Co., Ltd.",キャッシュレス決済,金融・金利,8,5,7,ノイズ候補,C,needs_review,事業概要に直接根拠を確認できず,,0,,https://www.opto.co.jp | https://www.opto.co.jp/products.html | https://www.opto.co.jp/products/tool/product_image.html,EQUITY,Technology,Scientific & Technical Instruments,https://www.opto.co.jp
7,6666,River Eletec Corporation,IoT,設備投資・機械,72,68,71,有力関連,B,needs_review,事業概要に直接根拠を確認できず; official=IoT; count=1; pos=0.81,IoT,1,0.8087,https://www.river-ele.co.jp,EQUITY,Technology,Electronic Components,https://www.river-ele.co.jp
7,6666,River Eletec Corporation,データセンター,データセンター・電力,8,5,7,ノイズ候補,C,needs_review,事業概要に直接根拠を確認できず,,0,,https://www.river-ele.co.jp,EQUITY,Technology,Electronic Components,https://www.river-ele.co.jp
7,6666,River Eletec Corporation,自動車部材・部品,自動車・モビリティ,42,40,41,補助関連,C,needs_review,adjacent=vehicle; growth=develops,,0,,https://www.river-ele.co.jp,EQUITY,Technology,Electronic Components,https://www.river-ele.co.jp
7,6668,"Adtec Plasma Technology Co., Ltd.",半導体,AI・半導体,66,56,63,有力関連,B,qa_borderline,direct=semiconductor; position=0.61,,0,,https://www.adtec-rf.co.jp | https://www.adtec-rf.co.jp/products/ | https://www.adtec-rf.co.jp/company/,EQUITY,Industrials,Electrical Equipment & Parts,https://www.adtec-rf.co.jp
7,6668,"Adtec Plasma Technology Co., Ltd.",半導体製造装置,AI・半導体,42,30,38,ノイズ候補,C,needs_review,adjacent=semiconductor,,0,,https://www.adtec-rf.co.jp | https://www.adtec-rf.co.jp/products/ | https://www.adtec-rf.co.jp/company/,EQUITY,Industrials,Electrical Equipment & Parts,https://www.adtec-rf.co.jp
7,6674,GS Yuasa Corporation,スマートグリッド,データセンター・電力,8,5,7,ノイズ候補,C,needs_review,事業概要に直接根拠を確認できず,,0,,https://www.gs-yuasa.com | https://www.gs-yuasa.com/jp/company/profile.php | https://www.gs-yuasa.com/jp/company/establishment.php,EQUITY,Consumer Cyclical,Auto Parts,https://www.gs-yuasa.com
7,6674,GS Yuasa Corporation,データセンター,データセンター・電力,8,5,7,ノイズ候補,C,needs_review,事業概要に直接根拠を確認できず,,0,,https://www.gs-yuasa.com | https://www.gs-yuasa.com/jp/company/profile.php | https://www.gs-yuasa.com/jp/company/establishment.php,EQUITY,Consumer Cyclical,Auto Parts,https://www.gs-yuasa.com
7,6674,GS Yuasa Corporation,リチウムイオン電池,自動車・モビリティ,92,90,91,主力テーマ,A,official_site_supported,adjacent=battery; growth=development; official=リチウムイオン電池; count=17; pos=0.01,リチウムイオン電池,17,0.0141,https://www.gs-yuasa.com | https://www.gs-yuasa.com/jp/company/profile.php | https://www.gs-yuasa.com/jp/company/establishment.php,EQUITY,Consumer Cyclical,Auto Parts,https://www.gs-yuasa.com
7,6674,GS Yuasa Corporation,全固体電池,自動車・モビリティ,8,5,7,ノイズ候補,C,needs_review,事業概要に直接根拠を確認できず,,0,,https://www.gs-yuasa.com | https://www.gs-yuasa.com/jp/company/profile.php | https://www.gs-yuasa.com/jp/company/establishment.php,EQUITY,Consumer Cyclical,Auto Parts,https://www.gs-yuasa.com
7,6674,GS Yuasa Corporation,太陽光発電関連,GX・エネルギー,90,82,88,主力テーマ,A,official_site_supported,事業概要に直接根拠を確認できず; official=太陽光発電; count=4; pos=0.18,太陽光発電,4,0.1797,https://www.gs-yuasa.com | https://www.gs-yuasa.com/jp/company/profile.php | https://www.gs-yuasa.com/jp/company/establishment.php,EQUITY,Consumer Cyclical,Auto Parts,https://www.gs-yuasa.com
7,6674,GS Yuasa Corporation,宇宙開発関連,防衛・国土強靱化,42,40,41,補助関連,C,needs_review,adjacent=aerospace; growth=development,,0,,https://www.gs-yuasa.com | https://www.gs-yuasa.com/jp/company/profile.php | https://www.gs-yuasa.com/jp/company/establishment.php,EQUITY,Consumer Cyclical,Auto Parts,https://www.gs-yuasa.com
7,6674,GS Yuasa Corporation,自動車部材・部品,自動車・モビリティ,82,84,83,主力テーマ,B,ok,direct=auto parts; growth=development,,0,,https://www.gs-yuasa.com | https://www.gs-yuasa.com/jp/company/profile.php | https://www.gs-yuasa.com/jp/company/establishment.php,EQUITY,Consumer Cyclical,Auto Parts,https://www.gs-yuasa.com
7,6674,GS Yuasa Corporation,蓄電池,GX・エネルギー,92,90,91,主力テーマ,A,official_site_supported,direct=battery storage; position=0.52; growth=development; official=蓄電池; count=52; pos=0.02,蓄電池,52,0.0151,https://www.gs-yuasa.com | https://www.gs-yuasa.com/jp/company/profile.php | https://www.gs-yuasa.com/jp/company/establishment.php,EQUITY,Consumer Cyclical,Auto Parts,https://www.gs-yuasa.com
7,6674,GS Yuasa Corporation,電気自動車関連,自動車・モビリティ,72,68,71,有力関連,B,qa_borderline,direct=electric vehicle; position=0.59; growth=development; official=電気自動車/EV; count=2; pos=0.55,電気自動車 | EV,2,0.5463,https://www.gs-yuasa.com | https://www.gs-yuasa.com/jp/company/profile.php | https://www.gs-yuasa.com/jp/company/establishment.php,EQUITY,Consumer Cyclical,Auto Parts,https://www.gs-yuasa.com
7,6675,"SAXA, Inc.",サイバーセキュリティ,防衛・国土強靱化,8,5,7,ノイズ候補,C,needs_review,事業概要に直接根拠を確認できず,,0,,https://www.saxa.co.jp,EQUITY,Technology,Communication Equipment,https://www.saxa.co.jp
7,6676,Buffalo Inc.,ゲーム関連,デジタル・サービス,8,5,7,ノイズ候補,C,needs_review,事業概要に直接根拠を確認できず,,0,,https://www.buffalo.jp | https://www.buffalo.jp/other/product-category.html | https://www.buffalo.jp/biz/,EQUITY,Technology,Computer Hardware,https://www.buffalo.jp
7,6676,Buffalo Inc.,教育ICT,デジタル・サービス,8,5,7,ノイズ候補,C,needs_review,事業概要に直接根拠を確認できず,,0,,https://www.buffalo.jp | https://www.buffalo.jp/other/product-category.html | https://www.buffalo.jp/biz/,EQUITY,Technology,Computer Hardware,https://www.buffalo.jp
7,6677,"SK-Electronics CO.,LTD.",医療機器,医療・ヘルスケア,58,46,54,補助関連,C,needs_review,direct=medical device; position=0.74,,0,,https://www.sk-el.co.jp | https://www.sk-el.co.jp/company/ | https://www.sk-el.co.jp/products/,EQUITY,Technology,Electronic Components,https://www.sk-el.co.jp
7,6678,"Techno Medica Co., Ltd.",医療機器,医療・ヘルスケア,86,92,88,主力テーマ,A,ok,direct=medical device; position=0.28; growth=development/research; official=医療機器; count=5; pos=0.24,医療機器,5,0.2421,https://www.technomedica.co.jp | https://www.technomedica.co.jp/products/ | https://www.technomedica.co.jp/products/solution/,EQUITY,Healthcare,Medical Devices,https://www.technomedica.co.jp
7,6696,TRaaS On Product Inc.,IT関連,デジタル・サービス,8,5,7,ノイズ候補,C,needs_review,事業概要に直接根拠を確認できず,,0,,https://www.traas.co.jp,EQUITY,Technology,Communication Equipment,https://www.traas.co.jp
7,6696,TRaaS On Product Inc.,IoT,設備投資・機械,86,88,87,主力テーマ,A,ok,direct= iot; position=0.26; growth=develops,,0,,https://www.traas.co.jp,EQUITY,Technology,Communication Equipment,https://www.traas.co.jp
7,6696,TRaaS On Product Inc.,サービスロボット,設備投資・機械,8,5,7,ノイズ候補,C,needs_review,事業概要に直接根拠を確認できず,,0,,https://www.traas.co.jp,EQUITY,Technology,Communication Equipment,https://www.traas.co.jp
7,6696,TRaaS On Product Inc.,人工知能,AI・半導体,8,5,7,ノイズ候補,C,needs_review,事業概要に直接根拠を確認できず,,0,,https://www.traas.co.jp,EQUITY,Technology,Communication Equipment,https://www.traas.co.jp
7,6696,TRaaS On Product Inc.,省エネ関連,GX・エネルギー,8,5,7,ノイズ候補,C,needs_review,事業概要に直接根拠を確認できず,,0,,https://www.traas.co.jp,EQUITY,Technology,Communication Equipment,https://www.traas.co.jp
7,6699,"Diamond Electric Holdings Co., Ltd.",太陽光発電関連,GX・エネルギー,42,30,38,ノイズ候補,C,needs_review,adjacent=solar,,0,,https://www.diaelec-hd.co.jp | https://www.diaelec-hd.co.jp/business | https://www.diaelec-hd.co.jp/about/company,EQUITY,Consumer Cyclical,Auto Parts,https://www.diaelec-hd.co.jp
7,6699,"Diamond Electric Holdings Co., Ltd.",水素,GX・エネルギー,8,5,7,ノイズ候補,C,needs_review,事業概要に直接根拠を確認できず,,0,,https://www.diaelec-hd.co.jp | https://www.diaelec-hd.co.jp/business | https://www.diaelec-hd.co.jp/about/company,EQUITY,Consumer Cyclical,Auto Parts,https://www.diaelec-hd.co.jp
7,6699,"Diamond Electric Holdings Co., Ltd.",自動車部材・部品,自動車・モビリティ,82,74,80,主力テーマ,B,ok,direct=auto parts,,0,,https://www.diaelec-hd.co.jp | https://www.diaelec-hd.co.jp/business | https://www.diaelec-hd.co.jp/about/company,EQUITY,Consumer Cyclical,Auto Parts,https://www.diaelec-hd.co.jp
7,6699,"Diamond Electric Holdings Co., Ltd.",蓄電池,GX・エネルギー,92,90,91,主力テーマ,A,official_site_supported,adjacent=battery; official=蓄電池; count=6; pos=0.04,蓄電池,6,0.0414,https://www.diaelec-hd.co.jp | https://www.diaelec-hd.co.jp/business | https://www.diaelec-hd.co.jp/about/company,EQUITY,Consumer Cyclical,Auto Parts,https://www.diaelec-hd.co.jp
7,6699,"Diamond Electric Holdings Co., Ltd.",電気自動車関連,自動車・モビリティ,8,5,7,ノイズ候補,C,needs_review,事業概要に直接根拠を確認できず,,0,,https://www.diaelec-hd.co.jp | https://www.diaelec-hd.co.jp/business | https://www.diaelec-hd.co.jp/about/company,EQUITY,Consumer Cyclical,Auto Parts,https://www.diaelec-hd.co.jp
7,6701,NEC Corporation,AIエージェント,AI・半導体,42,30,38,ノイズ候補,C,needs_review,adjacent=artificial intelligence,,0,,https://www.nec.com,EQUITY,Technology,Information Technology Services,https://www.nec.com
7,6701,NEC Corporation,IT関連,デジタル・サービス,94,86,92,主力テーマ,A,ok,industry=Information Technology Services; direct=information technology; position=0.01; official=IT; count=30; pos=0.02,IT,30,0.0198,https://www.nec.com,EQUITY,Technology,Information Technology Services,https://www.nec.com
7,6701,NEC Corporation,IoT,設備投資・機械,82,74,80,主力テーマ,B,ok,direct= iot; position=0.49,,0,,https://www.nec.com,EQUITY,Technology,Information Technology Services,https://www.nec.com
7,6701,NEC Corporation,MaaS,自動車・モビリティ,8,5,7,ノイズ候補,C,needs_review,事業概要に直接根拠を確認できず,,0,,https://www.nec.com,EQUITY,Technology,Information Technology Services,https://www.nec.com
7,6701,NEC Corporation,SaaS,デジタル・サービス,66,56,63,有力関連,B,qa_borderline,direct=saas; position=0.61,,0,,https://www.nec.com,EQUITY,Technology,Information Technology Services,https://www.nec.com
7,6701,NEC Corporation,クラウドコンピューティング,デジタル・サービス,46,34,42,補助関連,C,needs_review,adjacent=cloud/saas,,0,,https://www.nec.com,EQUITY,Technology,Information Technology Services,https://www.nec.com
7,6701,NEC Corporation,サブスクリプション,デジタル・サービス,42,30,38,ノイズ候補,C,needs_review,adjacent=saas,,0,,https://www.nec.com,EQUITY,Technology,Information Technology Services,https://www.nec.com
7,6701,NEC Corporation,サーバー冷却,データセンター・電力,8,5,7,ノイズ候補,C,needs_review,事業概要に直接根拠を確認できず,,0,,https://www.nec.com,EQUITY,Technology,Information Technology Services,https://www.nec.com
7,6701,NEC Corporation,スマートグリッド,データセンター・電力,8,5,7,ノイズ候補,C,needs_review,事業概要に直接根拠を確認できず,,0,,https://www.nec.com,EQUITY,Technology,Information Technology Services,https://www.nec.com
7,6701,NEC Corporation,デジタルトランスフォーメーション,デジタル・サービス,58,46,54,補助関連,C,needs_review,direct= dx ; position=0.72,,0,,https://www.nec.com,EQUITY,Technology,Information Technology Services,https://www.nec.com
7,6701,NEC Corporation,データセンター,データセンター・電力,8,5,7,ノイズ候補,C,needs_review,事業概要に直接根拠を確認できず,,0,,https://www.nec.com,EQUITY,Technology,Information Technology Services,https://www.nec.com
7,6701,NEC Corporation,ドローン,防衛・国土強靱化,8,5,7,ノイズ候補,C,needs_review,事業概要に直接根拠を確認できず,,0,,https://www.nec.com,EQUITY,Technology,Information Technology Services,https://www.nec.com
7,6701,NEC Corporation,フィジカルAI,AI・半導体,42,30,38,ノイズ候補,C,needs_review,adjacent=artificial intelligence,,0,,https://www.nec.com,EQUITY,Technology,Information Technology Services,https://www.nec.com
7,6701,NEC Corporation,マイナンバー,デジタル・サービス,8,5,7,ノイズ候補,C,needs_review,事業概要に直接根拠を確認できず,,0,,https://www.nec.com,EQUITY,Technology,Information Technology Services,https://www.nec.com
7,6701,NEC Corporation,リチウムイオン電池,自動車・モビリティ,8,5,7,ノイズ候補,C,needs_review,事業概要に直接根拠を確認できず,,0,,https://www.nec.com,EQUITY,Technology,Information Technology Services,https://www.nec.com
7,6701,NEC Corporation,ロボット,AI・半導体,8,5,7,ノイズ候補,C,needs_review,事業概要に直接根拠を確認できず,,0,,https://www.nec.com,EQUITY,Technology,Information Technology Services,https://www.nec.com
7,6701,NEC Corporation,人工知能,AI・半導体,92,90,91,主力テーマ,A,official_site_supported,direct=artificial intelligence; position=0.66; official=AI; count=14; pos=0.11,AI,14,0.1116,https://www.nec.com,EQUITY,Technology,Information Technology Services,https://www.nec.com
7,6701,NEC Corporation,医療機器,医療・ヘルスケア,8,5,7,ノイズ候補,C,needs_review,事業概要に直接根拠を確認できず,,0,,https://www.nec.com,EQUITY,Technology,Information Technology Services,https://www.nec.com
7,6701,NEC Corporation,宇宙開発関連,防衛・国土強靱化,42,30,38,ノイズ候補,C,needs_review,adjacent=aerospace,,0,,https://www.nec.com,EQUITY,Technology,Information Technology Services,https://www.nec.com
7,6701,NEC Corporation,建設DX,不動産・建設,8,5,7,ノイズ候補,C,needs_review,事業概要に直接根拠を確認できず,,0,,https://www.nec.com,EQUITY,Technology,Information Technology Services,https://www.nec.com
7,6701,NEC Corporation,教育ICT,デジタル・サービス,8,5,7,ノイズ候補,C,needs_review,事業概要に直接根拠を確認できず,,0,,https://www.nec.com,EQUITY,Technology,Information Technology Services,https://www.nec.com
7,6701,NEC Corporation,生成AI,AI・半導体,72,68,71,有力関連,B,needs_review,adjacent=artificial intelligence; official=LLM; count=1; pos=0.61,LLM,1,0.6073,https://www.nec.com,EQUITY,Technology,Information Technology Services,https://www.nec.com
7,6701,NEC Corporation,空飛ぶクルマ,自動車・モビリティ,8,5,7,ノイズ候補,C,needs_review,事業概要に直接根拠を確認できず,,0,,https://www.nec.com,EQUITY,Technology,Information Technology Services,https://www.nec.com
7,6701,NEC Corporation,自動車電子化,自動車・モビリティ,92,90,91,主力テーマ,A,official_site_supported,direct=ecu; position=0.63; official=ECU; count=17; pos=0.31,ECU,17,0.3120,https://www.nec.com,EQUITY,Technology,Information Technology Services,https://www.nec.com
7,6701,NEC Corporation,自動運転車,自動車・モビリティ,8,5,7,ノイズ候補,C,needs_review,事業概要に直接根拠を確認できず,,0,,https://www.nec.com,EQUITY,Technology,Information Technology Services,https://www.nec.com
7,6701,NEC Corporation,蓄電池,GX・エネルギー,8,5,7,ノイズ候補,C,needs_review,事業概要に直接根拠を確認できず,,0,,https://www.nec.com,EQUITY,Technology,Information Technology Services,https://www.nec.com
7,6701,NEC Corporation,量子コンピューター,AI・半導体,8,5,7,ノイズ候補,C,needs_review,事業概要に直接根拠を確認できず,,0,,https://www.nec.com,EQUITY,Technology,Information Technology Services,https://www.nec.com
7,6701,NEC Corporation,防災,防衛・国土強靱化,42,30,38,ノイズ候補,C,needs_review,adjacent=disaster,,0,,https://www.nec.com,EQUITY,Technology,Information Technology Services,https://www.nec.com
7,6701,NEC Corporation,防衛,防衛・国土強靱化,8,5,7,ノイズ候補,C,needs_review,事業概要に直接根拠を確認できず,,0,,https://www.nec.com,EQUITY,Technology,Information Technology Services,https://www.nec.com
7,6701,NEC Corporation,電子政府,デジタル・サービス,8,5,7,ノイズ候補,C,needs_review,事業概要に直接根拠を確認できず,,0,,https://www.nec.com,EQUITY,Technology,Information Technology Services,https://www.nec.com
7,6701,NEC Corporation,電気自動車関連,自動車・モビリティ,92,90,91,主力テーマ,A,official_site_supported,事業概要に直接根拠を確認できず; official=EV; count=6; pos=0.12,EV,6,0.1163,https://www.nec.com,EQUITY,Technology,Information Technology Services,https://www.nec.com
7,6702,Fujitsu Limited,AIエージェント,AI・半導体,8,5,7,ノイズ候補,C,needs_review,事業概要に直接根拠を確認できず,,0,,https://global.fujitsu/en-global,EQUITY,Technology,Information Technology Services,https://global.fujitsu/en-global
7,6702,Fujitsu Limited,IT関連,デジタル・サービス,96,98,97,主力テーマ,A,ok,industry=Information Technology Services; direct=information technology/it services/system integration; position=0.28; growth=development,,0,,https://global.fujitsu/en-global,EQUITY,Technology,Information Technology Services,https://global.fujitsu/en-global
7,6702,Fujitsu Limited,IoT,設備投資・機械,8,5,7,ノイズ候補,C,needs_review,事業概要に直接根拠を確認できず,,0,,https://global.fujitsu/en-global,EQUITY,Technology,Information Technology Services,https://global.fujitsu/en-global
7,6702,Fujitsu Limited,SaaS,デジタル・サービス,42,40,41,補助関連,C,needs_review,adjacent=cloud service; growth=development,,0,,https://global.fujitsu/en-global,EQUITY,Technology,Information Technology Services,https://global.fujitsu/en-global
7,6702,Fujitsu Limited,クラウドコンピューティング,デジタル・サービス,91,93,92,主力テーマ,A,ok,direct=cloud service/cloud platform; position=0.26; growth=development,,0,,https://global.fujitsu/en-global,EQUITY,Technology,Information Technology Services,https://global.fujitsu/en-global
7,6702,Fujitsu Limited,サーバー冷却,データセンター・電力,8,5,7,ノイズ候補,C,needs_review,事業概要に直接根拠を確認できず,,0,,https://global.fujitsu/en-global,EQUITY,Technology,Information Technology Services,https://global.fujitsu/en-global
7,6702,Fujitsu Limited,スマートグリッド,データセンター・電力,8,5,7,ノイズ候補,C,needs_review,事業概要に直接根拠を確認できず,,0,,https://global.fujitsu/en-global,EQUITY,Technology,Information Technology Services,https://global.fujitsu/en-global
7,6702,Fujitsu Limited,デジタルトランスフォーメーション,デジタル・サービス,42,40,41,補助関連,C,needs_review,adjacent=cloud service; growth=development,,0,,https://global.fujitsu/en-global,EQUITY,Technology,Information Technology Services,https://global.fujitsu/en-global
7,6702,Fujitsu Limited,データセンター,データセンター・電力,8,5,7,ノイズ候補,C,needs_review,事業概要に直接根拠を確認できず,,0,,https://global.fujitsu/en-global,EQUITY,Technology,Information Technology Services,https://global.fujitsu/en-global
7,6702,Fujitsu Limited,ドローン,防衛・国土強靱化,8,5,7,ノイズ候補,C,needs_review,事業概要に直接根拠を確認できず,,0,,https://global.fujitsu/en-global,EQUITY,Technology,Information Technology Services,https://global.fujitsu/en-global
7,6702,Fujitsu Limited,フィジカルAI,AI・半導体,8,5,7,ノイズ候補,C,needs_review,事業概要に直接根拠を確認できず,,0,,https://global.fujitsu/en-global,EQUITY,Technology,Information Technology Services,https://global.fujitsu/en-global
7,6702,Fujitsu Limited,フィンテック,金融・金利,8,5,7,ノイズ候補,C,needs_review,事業概要に直接根拠を確認できず,,0,,https://global.fujitsu/en-global,EQUITY,Technology,Information Technology Services,https://global.fujitsu/en-global
7,6702,Fujitsu Limited,マイナンバー,デジタル・サービス,8,5,7,ノイズ候補,C,needs_review,事業概要に直接根拠を確認できず,,0,,https://global.fujitsu/en-global,EQUITY,Technology,Information Technology Services,https://global.fujitsu/en-global
7,6702,Fujitsu Limited,ロボット,AI・半導体,8,5,7,ノイズ候補,C,needs_review,事業概要に直接根拠を確認できず,,0,,https://global.fujitsu/en-global,EQUITY,Technology,Information Technology Services,https://global.fujitsu/en-global
7,6702,Fujitsu Limited,人工知能,AI・半導体,82,84,83,主力テーマ,B,ok,direct= ai ; position=0.41; growth=development,,0,,https://global.fujitsu/en-global,EQUITY,Technology,Information Technology Services,https://global.fujitsu/en-global
7,6702,Fujitsu Limited,円安メリット,内需・消費,8,5,7,ノイズ候補,C,needs_review_macro,事業概要に直接根拠を確認できず,,0,,https://global.fujitsu/en-global,EQUITY,Technology,Information Technology Services,https://global.fujitsu/en-global
7,6702,Fujitsu Limited,宇宙開発関連,防衛・国土強靱化,8,5,7,ノイズ候補,C,needs_review,事業概要に直接根拠を確認できず,,0,,https://global.fujitsu/en-global,EQUITY,Technology,Information Technology Services,https://global.fujitsu/en-global
7,6702,Fujitsu Limited,建設DX,不動産・建設,8,5,7,ノイズ候補,C,needs_review,事業概要に直接根拠を確認できず,,0,,https://global.fujitsu/en-global,EQUITY,Technology,Information Technology Services,https://global.fujitsu/en-global
7,6702,Fujitsu Limited,教育ICT,デジタル・サービス,8,5,7,ノイズ候補,C,needs_review,事業概要に直接根拠を確認できず,,0,,https://global.fujitsu/en-global,EQUITY,Technology,Information Technology Services,https://global.fujitsu/en-global
7,6702,Fujitsu Limited,生成AI,AI・半導体,42,40,41,補助関連,C,needs_review,adjacent= ai ; growth=development,,0,,https://global.fujitsu/en-global,EQUITY,Technology,Information Technology Services,https://global.fujitsu/en-global
7,6702,Fujitsu Limited,空飛ぶクルマ,自動車・モビリティ,8,5,7,ノイズ候補,C,needs_review,事業概要に直接根拠を確認できず,,0,,https://global.fujitsu/en-global,EQUITY,Technology,Information Technology Services,https://global.fujitsu/en-global
7,6702,Fujitsu Limited,量子コンピューター,AI・半導体,8,5,7,ノイズ候補,C,needs_review,事業概要に直接根拠を確認できず,,0,,https://global.fujitsu/en-global,EQUITY,Technology,Information Technology Services,https://global.fujitsu/en-global
7,6702,Fujitsu Limited,防災,防衛・国土強靱化,8,5,7,ノイズ候補,C,needs_review,事業概要に直接根拠を確認できず,,0,,https://global.fujitsu/en-global,EQUITY,Technology,Information Technology Services,https://global.fujitsu/en-global
7,6702,Fujitsu Limited,防衛,防衛・国土強靱化,8,5,7,ノイズ候補,C,needs_review,事業概要に直接根拠を確認できず,,0,,https://global.fujitsu/en-global,EQUITY,Technology,Information Technology Services,https://global.fujitsu/en-global
7,6702,Fujitsu Limited,電子政府,デジタル・サービス,8,5,7,ノイズ候補,C,needs_review,事業概要に直接根拠を確認できず,,0,,https://global.fujitsu/en-global,EQUITY,Technology,Information Technology Services,https://global.fujitsu/en-global
7,6703,"Oki Electric Industry Co., Ltd.",IT関連,デジタル・サービス,92,84,90,主力テーマ,A,ok,direct=information systems; position=0.13; official=IT; count=48; pos=0.01,IT,48,0.0068,https://www.oki.com | https://www.oki.com/global/profile/ | https://www.oki.com/global/business/,EQUITY,Technology,Communication Equipment,https://www.oki.com
7,6703,"Oki Electric Industry Co., Ltd.",エッジコンピューティング,AI・半導体,58,46,54,補助関連,C,needs_review,direct=edge device; position=0.74,,0,,https://www.oki.com | https://www.oki.com/global/profile/ | https://www.oki.com/global/business/,EQUITY,Technology,Communication Equipment,https://www.oki.com
7,6703,"Oki Electric Industry Co., Ltd.",ロボット,AI・半導体,8,5,7,ノイズ候補,C,needs_review,事業概要に直接根拠を確認できず,,0,,https://www.oki.com | https://www.oki.com/global/profile/ | https://www.oki.com/global/business/,EQUITY,Technology,Communication Equipment,https://www.oki.com
7,6703,"Oki Electric Industry Co., Ltd.",人工知能,AI・半導体,92,90,91,主力テーマ,A,official_site_supported,事業概要に直接根拠を確認できず; official=AI; count=26; pos=0.01,AI,26,0.0060,https://www.oki.com | https://www.oki.com/global/profile/ | https://www.oki.com/global/business/,EQUITY,Technology,Communication Equipment,https://www.oki.com
7,6703,"Oki Electric Industry Co., Ltd.",宇宙開発関連,防衛・国土強靱化,42,30,38,ノイズ候補,C,needs_review,adjacent=aerospace,,0,,https://www.oki.com | https://www.oki.com/global/profile/ | https://www.oki.com/global/business/,EQUITY,Technology,Communication Equipment,https://www.oki.com
7,6703,"Oki Electric Industry Co., Ltd.",自動運転車,自動車・モビリティ,8,5,7,ノイズ候補,C,needs_review,事業概要に直接根拠を確認できず,,0,,https://www.oki.com | https://www.oki.com/global/profile/ | https://www.oki.com/global/business/,EQUITY,Technology,Communication Equipment,https://www.oki.com
7,6703,"Oki Electric Industry Co., Ltd.",量子コンピューター,AI・半導体,8,5,7,ノイズ候補,C,needs_review,事業概要に直接根拠を確認できず,,0,,https://www.oki.com | https://www.oki.com/global/profile/ | https://www.oki.com/global/business/,EQUITY,Technology,Communication Equipment,https://www.oki.com
7,6703,"Oki Electric Industry Co., Ltd.",防災,防衛・国土強靱化,86,78,84,主力テーマ,B,ok,direct=disaster prevention; position=0.38,,0,,https://www.oki.com | https://www.oki.com/global/profile/ | https://www.oki.com/global/business/,EQUITY,Technology,Communication Equipment,https://www.oki.com
7,6703,"Oki Electric Industry Co., Ltd.",防衛,防衛・国土強靱化,8,5,7,ノイズ候補,C,needs_review,事業概要に直接根拠を確認できず,,0,,https://www.oki.com | https://www.oki.com/global/profile/ | https://www.oki.com/global/business/,EQUITY,Technology,Communication Equipment,https://www.oki.com
7,6703,"Oki Electric Industry Co., Ltd.",電子政府,デジタル・サービス,8,5,7,ノイズ候補,C,needs_review,事業概要に直接根拠を確認できず,,0,,https://www.oki.com | https://www.oki.com/global/profile/ | https://www.oki.com/global/business/,EQUITY,Technology,Communication Equipment,https://www.oki.com
7,6706,"DKK Co., Ltd.",建設機械,設備投資・機械,8,5,7,ノイズ候補,C,needs_review,事業概要に直接根拠を確認できず,,0,,https://denkikogyo.co.jp | https://denkikogyo.co.jp/elec/ | https://denkikogyo.co.jp/elec/product/,EQUITY,Technology,Communication Equipment,https://denkikogyo.co.jp
7,6706,"DKK Co., Ltd.",自動車製造装置,自動車・モビリティ,8,5,7,ノイズ候補,C,needs_review,事業概要に直接根拠を確認できず,,0,,https://denkikogyo.co.jp | https://denkikogyo.co.jp/elec/ | https://denkikogyo.co.jp/elec/product/,EQUITY,Technology,Communication Equipment,https://denkikogyo.co.jp
7,6706,"DKK Co., Ltd.",防災,防衛・国土強靱化,92,98,94,主力テーマ,A,ok,direct=disaster prevention; position=0.43; official=防災; count=14; pos=0.01,防災,14,0.0148,https://denkikogyo.co.jp | https://denkikogyo.co.jp/elec/ | https://denkikogyo.co.jp/elec/product/,EQUITY,Technology,Communication Equipment,https://denkikogyo.co.jp
7,6706,"DKK Co., Ltd.",防衛,防衛・国土強靱化,92,98,94,主力テーマ,A,official_site_supported,事業概要に直接根拠を確認できず; official=防衛; count=10; pos=0.01,防衛,10,0.0146,https://denkikogyo.co.jp | https://denkikogyo.co.jp/elec/ | https://denkikogyo.co.jp/elec/product/,EQUITY,Technology,Communication Equipment,https://denkikogyo.co.jp
7,6707,"Sanken Electric Co., Ltd.",半導体,AI・半導体,97,99,98,主力テーマ,A,ok,industry=Semiconductors; direct=semiconductor/microcontroller; position=0.09; growth=development; official=半導体; count=3; pos=0.03,半導体,3,0.0260,https://www.sanken-ele.co.jp,EQUITY,Technology,Semiconductors,https://www.sanken-ele.co.jp
7,6707,"Sanken Electric Co., Ltd.",太陽光発電関連,GX・エネルギー,8,5,7,ノイズ候補,C,needs_review,事業概要に直接根拠を確認できず,,0,,https://www.sanken-ele.co.jp,EQUITY,Technology,Semiconductors,https://www.sanken-ele.co.jp
7,6707,"Sanken Electric Co., Ltd.",自動車部材・部品,自動車・モビリティ,42,40,41,補助関連,C,needs_review,adjacent=automotive; growth=development,,0,,https://www.sanken-ele.co.jp,EQUITY,Technology,Semiconductors,https://www.sanken-ele.co.jp
7,6707,"Sanken Electric Co., Ltd.",自動車電子化,自動車・モビリティ,72,68,71,有力関連,B,needs_review,事業概要に直接根拠を確認できず; official=ECU; count=1; pos=0.69,ECU,1,0.6907,https://www.sanken-ele.co.jp,EQUITY,Technology,Semiconductors,https://www.sanken-ele.co.jp
7,6707,"Sanken Electric Co., Ltd.",電気自動車関連,自動車・モビリティ,72,68,71,有力関連,B,needs_review,事業概要に直接根拠を確認できず; official=電気自動車/EV; count=2; pos=0.43,電気自動車 | EV,2,0.4305,https://www.sanken-ele.co.jp,EQUITY,Technology,Semiconductors,https://www.sanken-ele.co.jp
7,6718,"Aiphone Co.,Ltd.",介護関連,医療・ヘルスケア,8,5,7,ノイズ候補,C,needs_review,事業概要に直接根拠を確認できず,,0,,https://www.aiphone.net | https://www.aiphone.net/about/product-security/ | https://www.aiphone.net/support/service-information/,EQUITY,Technology,Communication Equipment,https://www.aiphone.net
7,6718,"Aiphone Co.,Ltd.",防災,防衛・国土強靱化,8,5,7,ノイズ候補,C,needs_review,事業概要に直接根拠を確認できず,,0,,https://www.aiphone.net | https://www.aiphone.net/about/product-security/ | https://www.aiphone.net/support/service-information/,EQUITY,Technology,Communication Equipment,https://www.aiphone.net
7,6721,Wintest Corp.,IoT,設備投資・機械,90,68,83,主力テーマ,B,official_site_supported,事業概要に直接根拠を確認できず; official=IoT; count=1; pos=0.15,IoT,1,0.1537,https://www.wintest.co.jp,EQUITY,Technology,Scientific & Technical Instruments,https://www.wintest.co.jp
7,6721,Wintest Corp.,データセンター,データセンター・電力,8,5,7,ノイズ候補,C,needs_review,事業概要に直接根拠を確認できず,,0,,https://www.wintest.co.jp,EQUITY,Technology,Scientific & Technical Instruments,https://www.wintest.co.jp
7,6721,Wintest Corp.,再生可能エネルギー,GX・エネルギー,42,30,38,ノイズ候補,C,needs_review,adjacent=solar power,,0,,https://www.wintest.co.jp,EQUITY,Technology,Scientific & Technical Instruments,https://www.wintest.co.jp
7,6721,Wintest Corp.,半導体,AI・半導体,92,84,90,主力テーマ,A,ok,direct=semiconductor; position=0.08,,0,,https://www.wintest.co.jp,EQUITY,Technology,Scientific & Technical Instruments,https://www.wintest.co.jp
7,6721,Wintest Corp.,半導体製造装置,AI・半導体,42,30,38,ノイズ候補,C,needs_review,adjacent=semiconductor,,0,,https://www.wintest.co.jp,EQUITY,Technology,Scientific & Technical Instruments,https://www.wintest.co.jp
7,6723,Renesas Electronics Corporation,FA関連,設備投資・機械,8,5,7,ノイズ候補,C,needs_review,事業概要に直接根拠を確認できず,,0,,https://www.renesas.com,EQUITY,Technology,Semiconductors,https://www.renesas.com
7,6723,Renesas Electronics Corporation,スマートグリッド,データセンター・電力,8,5,7,ノイズ候補,C,needs_review,事業概要に直接根拠を確認できず,,0,,https://www.renesas.com,EQUITY,Technology,Semiconductors,https://www.renesas.com
7,6723,Renesas Electronics Corporation,人工知能,AI・半導体,8,5,7,ノイズ候補,C,needs_review,事業概要に直接根拠を確認できず,,0,,https://www.renesas.com,EQUITY,Technology,Semiconductors,https://www.renesas.com
7,6723,Renesas Electronics Corporation,半導体,AI・半導体,97,100,98,主力テーマ,A,ok,industry=Semiconductors; direct=semiconductor/microcontroller; position=0.06; growth=development/research,,0,,https://www.renesas.com,EQUITY,Technology,Semiconductors,https://www.renesas.com
7,6723,Renesas Electronics Corporation,生成AI,AI・半導体,8,5,7,ノイズ候補,C,needs_review,事業概要に直接根拠を確認できず,,0,,https://www.renesas.com,EQUITY,Technology,Semiconductors,https://www.renesas.com
7,6723,Renesas Electronics Corporation,自動車部材・部品,自動車・モビリティ,42,42,42,補助関連,C,needs_review,adjacent=automotive; growth=development/research,,0,,https://www.renesas.com,EQUITY,Technology,Semiconductors,https://www.renesas.com
7,6723,Renesas Electronics Corporation,自動車電子化,自動車・モビリティ,8,5,7,ノイズ候補,C,needs_review,事業概要に直接根拠を確認できず,,0,,https://www.renesas.com,EQUITY,Technology,Semiconductors,https://www.renesas.com
7,6723,Renesas Electronics Corporation,自動運転車,自動車・モビリティ,8,5,7,ノイズ候補,C,needs_review,事業概要に直接根拠を確認できず,,0,,https://www.renesas.com,EQUITY,Technology,Semiconductors,https://www.renesas.com
7,6723,Renesas Electronics Corporation,電気自動車関連,自動車・モビリティ,8,5,7,ノイズ候補,C,needs_review,事業概要に直接根拠を確認できず,,0,,https://www.renesas.com,EQUITY,Technology,Semiconductors,https://www.renesas.com
7,6724,Seiko Epson Corporation,3Dプリンター,設備投資・機械,8,5,7,ノイズ候補,C,needs_review,事業概要に直接根拠を確認できず,,0,,https://www.epson.jp,EQUITY,Technology,Computer Hardware,https://www.epson.jp
7,6724,Seiko Epson Corporation,サブスクリプション,デジタル・サービス,8,5,7,ノイズ候補,C,needs_review,事業概要に直接根拠を確認できず,,0,,https://www.epson.jp,EQUITY,Technology,Computer Hardware,https://www.epson.jp
7,6724,Seiko Epson Corporation,データセンター,データセンター・電力,8,5,7,ノイズ候補,C,needs_review,事業概要に直接根拠を確認できず,,0,,https://www.epson.jp,EQUITY,Technology,Computer Hardware,https://www.epson.jp
7,6724,Seiko Epson Corporation,ドローン,防衛・国土強靱化,8,5,7,ノイズ候補,C,needs_review,事業概要に直接根拠を確認できず,,0,,https://www.epson.jp,EQUITY,Technology,Computer Hardware,https://www.epson.jp
7,6724,Seiko Epson Corporation,ロボット,AI・半導体,66,66,66,有力関連,B,qa_borderline,direct=robot; position=0.51; growth=develops,,0,,https://www.epson.jp,EQUITY,Technology,Computer Hardware,https://www.epson.jp
7,6724,Seiko Epson Corporation,円安メリット,内需・消費,8,5,7,ノイズ候補,C,needs_review_macro,事業概要に直接根拠を確認できず,,0,,https://www.epson.jp,EQUITY,Technology,Computer Hardware,https://www.epson.jp
7,6724,Seiko Epson Corporation,半導体,AI・半導体,46,44,45,補助関連,C,needs_review,adjacent=electronic component/electronics; growth=develops,,0,,https://www.epson.jp,EQUITY,Technology,Computer Hardware,https://www.epson.jp
7,6727,"Wacom Co., Ltd.",建設DX,不動産・建設,8,5,7,ノイズ候補,C,needs_review,事業概要に直接根拠を確認できず,,0,,https://www.wacom.com | https://www.wacom.com/en-us/products | https://www.wacom.com/en-us/products/apps-services,EQUITY,Technology,Computer Hardware,https://www.wacom.com
7,6727,"Wacom Co., Ltd.",教育ICT,デジタル・サービス,8,5,7,ノイズ候補,C,needs_review,事業概要に直接根拠を確認できず,,0,,https://www.wacom.com | https://www.wacom.com/en-us/products | https://www.wacom.com/en-us/products/apps-services,EQUITY,Technology,Computer Hardware,https://www.wacom.com
7,6728,"ULVAC, Inc.",レアアース,資源・素材,58,58,58,補助関連,C,needs_review,direct=rare earth; position=0.70; growth=development/research,,0,,https://www.ulvac.co.jp,EQUITY,Industrials,Specialty Industrial Machinery,https://www.ulvac.co.jp
7,6728,"ULVAC, Inc.",ロボット,AI・半導体,82,86,83,主力テーマ,B,ok,direct=robot; position=0.48; growth=development/research,,0,,https://www.ulvac.co.jp,EQUITY,Industrials,Specialty Industrial Machinery,https://www.ulvac.co.jp
7,6728,"ULVAC, Inc.",全固体電池,自動車・モビリティ,8,5,7,ノイズ候補,C,needs_review,事業概要に直接根拠を確認できず,,0,,https://www.ulvac.co.jp,EQUITY,Industrials,Specialty Industrial Machinery,https://www.ulvac.co.jp
7,6728,"ULVAC, Inc.",半導体,AI・半導体,58,58,58,補助関連,C,needs_review,direct=semiconductor; position=0.86; growth=development/research,,0,,https://www.ulvac.co.jp,EQUITY,Industrials,Specialty Industrial Machinery,https://www.ulvac.co.jp
7,6728,"ULVAC, Inc.",半導体製造装置,AI・半導体,42,42,42,補助関連,C,needs_review,adjacent=semiconductor; growth=development/research,,0,,https://www.ulvac.co.jp,EQUITY,Industrials,Specialty Industrial Machinery,https://www.ulvac.co.jp
7,6728,"ULVAC, Inc.",核融合発電,GX・エネルギー,42,42,42,補助関連,C,needs_review,adjacent=fusion; growth=development/research,,0,,https://www.ulvac.co.jp,EQUITY,Industrials,Specialty Industrial Machinery,https://www.ulvac.co.jp
7,6728,"ULVAC, Inc.",量子コンピューター,AI・半導体,8,5,7,ノイズ候補,C,needs_review,事業概要に直接根拠を確認できず,,0,,https://www.ulvac.co.jp,EQUITY,Industrials,Specialty Industrial Machinery,https://www.ulvac.co.jp
7,6730,AXELL Corporation,人工知能,AI・半導体,92,90,91,主力テーマ,A,ok,direct=machine learning; position=0.40; growth=develops/development; official=AI; count=11; pos=0.02,AI,11,0.0227,https://www.axell.co.jp,EQUITY,Technology,Semiconductors,https://www.axell.co.jp
7,6730,AXELL Corporation,半導体,AI・半導体,94,100,96,主力テーマ,A,ok,industry=Semiconductors; direct=semiconductor; position=0.08; growth=develops/development,,0,,https://www.axell.co.jp,EQUITY,Technology,Semiconductors,https://www.axell.co.jp
7,6731,Pixela Corporation,IoT,設備投資・機械,86,90,87,主力テーマ,A,ok,direct= iot; position=0.22; growth=develops/development,,0,,https://www.pixela.co.jp,EQUITY,Technology,Computer Hardware,https://www.pixela.co.jp
7,6736,Sun Corporation,IoT,設備投資・機械,92,98,94,主力テーマ,A,ok,direct= iot/iot platform; position=0.29; growth=develops; official=IoT; count=23; pos=0.01,IoT,23,0.0078,https://www.sun-denshi.co.jp | https://www.sun-denshi.co.jp/service/ | https://www.sun-denshi.co.jp/service/news/,EQUITY,Technology,Consumer Electronics,https://www.sun-denshi.co.jp
7,6736,Sun Corporation,クラウドコンピューティング,デジタル・サービス,90,96,92,主力テーマ,A,official_site_supported,事業概要に直接根拠を確認できず; official=クラウド; count=5; pos=0.06,クラウド,5,0.0613,https://www.sun-denshi.co.jp | https://www.sun-denshi.co.jp/service/ | https://www.sun-denshi.co.jp/service/news/,EQUITY,Technology,Consumer Electronics,https://www.sun-denshi.co.jp
7,6737,EIZO Corporation,航空,物流・海運,8,5,7,ノイズ候補,C,needs_review,事業概要に直接根拠を確認できず,,0,,https://www.eizoglobal.com,EQUITY,Technology,Computer Hardware,https://www.eizoglobal.com
7,6737,EIZO Corporation,遠隔医療,医療・ヘルスケア,8,5,7,ノイズ候補,C,needs_review,事業概要に直接根拠を確認できず,,0,,https://www.eizoglobal.com,EQUITY,Technology,Computer Hardware,https://www.eizoglobal.com
7,6740,Japan Display Inc.,円安メリット,内需・消費,8,5,7,ノイズ候補,C,needs_review_macro,事業概要に直接根拠を確認できず,,0,,https://www.j-display.com,EQUITY,Technology,Electronic Components,https://www.j-display.com
7,6740,Japan Display Inc.,自動車部材・部品,自動車・モビリティ,8,5,7,ノイズ候補,C,needs_review,事業概要に直接根拠を確認できず,,0,,https://www.j-display.com,EQUITY,Technology,Electronic Components,https://www.j-display.com
7,6741,"Nippon Signal Co., Ltd.",サービスロボット,設備投資・機械,46,44,45,補助関連,C,needs_review,adjacent=robot/robotics; growth=develops,,0,,https://www.signal.co.jp | https://www.signal.co.jp/evolution100/international-business/ | https://www.signal.co.jp/products/,EQUITY,Industrials,Electrical Equipment & Parts,https://www.signal.co.jp
7,6741,"Nippon Signal Co., Ltd.",鉄道関連,物流・海運,92,94,93,主力テーマ,A,ok,direct=railway; position=0.10; growth=develops; official=鉄道; count=73; pos=0.02,鉄道,73,0.0171,https://www.signal.co.jp | https://www.signal.co.jp/evolution100/international-business/ | https://www.signal.co.jp/products/,EQUITY,Industrials,Electrical Equipment & Parts,https://www.signal.co.jp
7,6742,"Kyosan Electric Manufacturing Co., Ltd.",半導体製造装置,AI・半導体,8,5,7,ノイズ候補,C,needs_review,事業概要に直接根拠を確認できず,,0,,https://www.kyosan.co.jp,EQUITY,Technology,Scientific & Technical Instruments,https://www.kyosan.co.jp
7,6742,"Kyosan Electric Manufacturing Co., Ltd.",鉄道関連,物流・海運,92,98,94,主力テーマ,A,ok,direct=railway; position=0.04; official=鉄道/鉄道関連; count=11; pos=0.09,鉄道 | 鉄道関連,11,0.0938,https://www.kyosan.co.jp,EQUITY,Technology,Scientific & Technical Instruments,https://www.kyosan.co.jp
7,6743,"Daido Signal Co., Ltd.",不動産関連,不動産・建設,42,30,38,ノイズ候補,C,needs_review,adjacent=real estate,,0,,https://www.daido-signal.co.jp,EQUITY,Industrials,Specialty Industrial Machinery,https://www.daido-signal.co.jp
7,6743,"Daido Signal Co., Ltd.",鉄道関連,物流・海運,92,84,90,主力テーマ,A,ok,direct=railway; position=0.09,,0,,https://www.daido-signal.co.jp,EQUITY,Industrials,Specialty Industrial Machinery,https://www.daido-signal.co.jp
7,6744,Nohmi Bosai Ltd.,防災,防衛・国土強靱化,100,100,100,主力テーマ,A,ok,direct=disaster prevention/fire prevention/fire alarm; position=0.15; growth=development; official=防災/災害対策; count=60; pos=0.00,防災 | 災害対策,60,0.0004,https://www.nohmi.co.jp,EQUITY,Industrials,Security & Protection Services,https://www.nohmi.co.jp
7,6748,"Seiwa Electric Mfg. Co., Ltd.",蓄電池,GX・エネルギー,8,5,7,ノイズ候補,C,needs_review,事業概要に直接根拠を確認できず,,0,,https://www.seiwa.co.jp,EQUITY,Industrials,Electrical Equipment & Parts,https://www.seiwa.co.jp
7,6748,"Seiwa Electric Mfg. Co., Ltd.",防災,防衛・国土強靱化,8,5,7,ノイズ候補,C,needs_review,事業概要に直接根拠を確認できず,,0,,https://www.seiwa.co.jp,EQUITY,Industrials,Electrical Equipment & Parts,https://www.seiwa.co.jp
7,6752,Panasonic Holdings Corporation,3Dプリンター,設備投資・機械,8,5,7,ノイズ候補,C,needs_review,事業概要に直接根拠を確認できず,,0,,https://holdings.panasonic,EQUITY,Technology,Consumer Electronics,https://holdings.panasonic
7,6752,Panasonic Holdings Corporation,FA関連,設備投資・機械,8,5,7,ノイズ候補,C,needs_review,事業概要に直接根拠を確認できず,,0,,https://holdings.panasonic,EQUITY,Technology,Consumer Electronics,https://holdings.panasonic
7,6752,Panasonic Holdings Corporation,キャッシュレス決済,金融・金利,8,5,7,ノイズ候補,C,needs_review,事業概要に直接根拠を確認できず,,0,,https://holdings.panasonic,EQUITY,Technology,Consumer Electronics,https://holdings.panasonic
7,6752,Panasonic Holdings Corporation,サブスクリプション,デジタル・サービス,8,5,7,ノイズ候補,C,needs_review,事業概要に直接根拠を確認できず,,0,,https://holdings.panasonic,EQUITY,Technology,Consumer Electronics,https://holdings.panasonic
7,6752,Panasonic Holdings Corporation,スマートグリッド,データセンター・電力,8,5,7,ノイズ候補,C,needs_review,事業概要に直接根拠を確認できず,,0,,https://holdings.panasonic,EQUITY,Technology,Consumer Electronics,https://holdings.panasonic
7,6752,Panasonic Holdings Corporation,バイオテクノロジー関連,医療・ヘルスケア,8,5,7,ノイズ候補,C,needs_review,事業概要に直接根拠を確認できず,,0,,https://holdings.panasonic,EQUITY,Technology,Consumer Electronics,https://holdings.panasonic
7,6752,Panasonic Holdings Corporation,ホームヘルスケア,医療・ヘルスケア,8,5,7,ノイズ候補,C,needs_review,事業概要に直接根拠を確認できず,,0,,https://holdings.panasonic,EQUITY,Technology,Consumer Electronics,https://holdings.panasonic
7,6752,Panasonic Holdings Corporation,リチウムイオン電池,自動車・モビリティ,42,40,41,補助関連,C,needs_review,adjacent=battery; growth=develops,,0,,https://holdings.panasonic,EQUITY,Technology,Consumer Electronics,https://holdings.panasonic
7,6752,Panasonic Holdings Corporation,ロボット,AI・半導体,8,5,7,ノイズ候補,C,needs_review,事業概要に直接根拠を確認できず,,0,,https://holdings.panasonic,EQUITY,Technology,Consumer Electronics,https://holdings.panasonic
7,6752,Panasonic Holdings Corporation,介護関連,医療・ヘルスケア,86,88,87,主力テーマ,A,ok,direct=nursing care; position=0.37; growth=develops,,0,,https://holdings.panasonic,EQUITY,Technology,Consumer Electronics,https://holdings.panasonic
7,6752,Panasonic Holdings Corporation,全固体電池,自動車・モビリティ,8,5,7,ノイズ候補,C,needs_review,事業概要に直接根拠を確認できず,,0,,https://holdings.panasonic,EQUITY,Technology,Consumer Electronics,https://holdings.panasonic
7,6752,Panasonic Holdings Corporation,円安メリット,内需・消費,8,5,7,ノイズ候補,C,needs_review_macro,事業概要に直接根拠を確認できず,,0,,https://holdings.panasonic,EQUITY,Technology,Consumer Electronics,https://holdings.panasonic
7,6752,Panasonic Holdings Corporation,再生医療,医療・ヘルスケア,8,5,7,ノイズ候補,C,needs_review,事業概要に直接根拠を確認できず,,0,,https://holdings.panasonic,EQUITY,Technology,Consumer Electronics,https://holdings.panasonic
7,6752,Panasonic Holdings Corporation,医療機器,医療・ヘルスケア,8,5,7,ノイズ候補,C,needs_review,事業概要に直接根拠を確認できず,,0,,https://holdings.panasonic,EQUITY,Technology,Consumer Electronics,https://holdings.panasonic
7,6752,Panasonic Holdings Corporation,宇宙開発関連,防衛・国土強靱化,8,5,7,ノイズ候補,C,needs_review,事業概要に直接根拠を確認できず,,0,,https://holdings.panasonic,EQUITY,Technology,Consumer Electronics,https://holdings.panasonic
7,6752,Panasonic Holdings Corporation,建設DX,不動産・建設,8,5,7,ノイズ候補,C,needs_review,事業概要に直接根拠を確認できず,,0,,https://holdings.panasonic,EQUITY,Technology,Consumer Electronics,https://holdings.panasonic
7,6752,Panasonic Holdings Corporation,水素,GX・エネルギー,86,88,87,主力テーマ,A,ok,direct=fuel cell; position=0.37; growth=develops,,0,,https://holdings.panasonic,EQUITY,Technology,Consumer Electronics,https://holdings.panasonic
7,6752,Panasonic Holdings Corporation,空飛ぶクルマ,自動車・モビリティ,8,5,7,ノイズ候補,C,needs_review,事業概要に直接根拠を確認できず,,0,,https://holdings.panasonic,EQUITY,Technology,Consumer Electronics,https://holdings.panasonic
7,6752,Panasonic Holdings Corporation,自動車部材・部品,自動車・モビリティ,42,40,41,補助関連,C,needs_review,adjacent=vehicle; growth=develops,,0,,https://holdings.panasonic,EQUITY,Technology,Consumer Electronics,https://holdings.panasonic
7,6752,Panasonic Holdings Corporation,自動車電子化,自動車・モビリティ,42,40,41,補助関連,C,needs_review,adjacent=in-vehicle; growth=develops,,0,,https://holdings.panasonic,EQUITY,Technology,Consumer Electronics,https://holdings.panasonic
7,6752,Panasonic Holdings Corporation,自動運転車,自動車・モビリティ,8,5,7,ノイズ候補,C,needs_review,事業概要に直接根拠を確認できず,,0,,https://holdings.panasonic,EQUITY,Technology,Consumer Electronics,https://holdings.panasonic
7,6752,Panasonic Holdings Corporation,蓄電池,GX・エネルギー,66,66,66,有力関連,B,qa_borderline,direct=storage battery; position=0.57; growth=develops,,0,,https://holdings.panasonic,EQUITY,Technology,Consumer Electronics,https://holdings.panasonic
7,6752,Panasonic Holdings Corporation,防災,防衛・国土強靱化,8,5,7,ノイズ候補,C,needs_review,事業概要に直接根拠を確認できず,,0,,https://holdings.panasonic,EQUITY,Technology,Consumer Electronics,https://holdings.panasonic
7,6752,Panasonic Holdings Corporation,電気自動車関連,自動車・モビリティ,58,56,57,補助関連,C,needs_review,direct= ev ; position=0.85; growth=develops,,0,,https://holdings.panasonic,EQUITY,Technology,Consumer Electronics,https://holdings.panasonic
7,6753,Sharp Corporation,IT関連,デジタル・サービス,42,30,38,ノイズ候補,C,needs_review,adjacent=software,,0,,https://corporate.jp.sharp | https://corporate.jp.sharp/info/outline/ | https://corporate.jp.sharp/info/outline/base/,EQUITY,Technology,Consumer Electronics,https://corporate.jp.sharp
7,6753,Sharp Corporation,キャッシュレス決済,金融・金利,8,5,7,ノイズ候補,C,needs_review,事業概要に直接根拠を確認できず,,0,,https://corporate.jp.sharp | https://corporate.jp.sharp/info/outline/ | https://corporate.jp.sharp/info/outline/base/,EQUITY,Technology,Consumer Electronics,https://corporate.jp.sharp
7,6753,Sharp Corporation,スマートグリッド,データセンター・電力,8,5,7,ノイズ候補,C,needs_review,事業概要に直接根拠を確認できず,,0,,https://corporate.jp.sharp | https://corporate.jp.sharp/info/outline/ | https://corporate.jp.sharp/info/outline/base/,EQUITY,Technology,Consumer Electronics,https://corporate.jp.sharp
7,6753,Sharp Corporation,データセンター,データセンター・電力,8,5,7,ノイズ候補,C,needs_review,事業概要に直接根拠を確認できず,,0,,https://corporate.jp.sharp | https://corporate.jp.sharp/info/outline/ | https://corporate.jp.sharp/info/outline/base/,EQUITY,Technology,Consumer Electronics,https://corporate.jp.sharp
7,6753,Sharp Corporation,医療機器,医療・ヘルスケア,8,5,7,ノイズ候補,C,needs_review,事業概要に直接根拠を確認できず,,0,,https://corporate.jp.sharp | https://corporate.jp.sharp/info/outline/ | https://corporate.jp.sharp/info/outline/base/,EQUITY,Technology,Consumer Electronics,https://corporate.jp.sharp
7,6753,Sharp Corporation,宇宙開発関連,防衛・国土強靱化,8,5,7,ノイズ候補,C,needs_review,事業概要に直接根拠を確認できず,,0,,https://corporate.jp.sharp | https://corporate.jp.sharp/info/outline/ | https://corporate.jp.sharp/info/outline/base/,EQUITY,Technology,Consumer Electronics,https://corporate.jp.sharp
7,6753,Sharp Corporation,自動車部材・部品,自動車・モビリティ,46,34,42,補助関連,C,needs_review,adjacent=automotive/vehicle,,0,,https://corporate.jp.sharp | https://corporate.jp.sharp/info/outline/ | https://corporate.jp.sharp/info/outline/base/,EQUITY,Technology,Consumer Electronics,https://corporate.jp.sharp
7,6753,Sharp Corporation,自動運転車,自動車・モビリティ,8,5,7,ノイズ候補,C,needs_review,事業概要に直接根拠を確認できず,,0,,https://corporate.jp.sharp | https://corporate.jp.sharp/info/outline/ | https://corporate.jp.sharp/info/outline/base/,EQUITY,Technology,Consumer Electronics,https://corporate.jp.sharp
7,6753,Sharp Corporation,蓄電池,GX・エネルギー,8,5,7,ノイズ候補,C,needs_review,事業概要に直接根拠を確認できず,,0,,https://corporate.jp.sharp | https://corporate.jp.sharp/info/outline/ | https://corporate.jp.sharp/info/outline/base/,EQUITY,Technology,Consumer Electronics,https://corporate.jp.sharp
7,6753,Sharp Corporation,防衛,防衛・国土強靱化,8,5,7,ノイズ候補,C,needs_review,事業概要に直接根拠を確認できず,,0,,https://corporate.jp.sharp | https://corporate.jp.sharp/info/outline/ | https://corporate.jp.sharp/info/outline/base/,EQUITY,Technology,Consumer Electronics,https://corporate.jp.sharp
7,6754,Anritsu Corporation,IoT,設備投資・機械,58,56,57,補助関連,C,needs_review,direct=internet of things; position=0.73; growth=develops,,0,,https://www.anritsu.com,EQUITY,Technology,Scientific & Technical Instruments,https://www.anritsu.com
7,6754,Anritsu Corporation,データセンター,データセンター・電力,58,56,57,補助関連,C,needs_review,direct=data center; position=0.76; growth=develops,,0,,https://www.anritsu.com,EQUITY,Technology,Scientific & Technical Instruments,https://www.anritsu.com
7,6754,Anritsu Corporation,ドローン,防衛・国土強靱化,8,5,7,ノイズ候補,C,needs_review,事業概要に直接根拠を確認できず,,0,,https://www.anritsu.com,EQUITY,Technology,Scientific & Technical Instruments,https://www.anritsu.com
7,6754,Anritsu Corporation,光ファイバー,データセンター・電力,8,5,7,ノイズ候補,C,needs_review,事業概要に直接根拠を確認できず,,0,,https://www.anritsu.com,EQUITY,Technology,Scientific & Technical Instruments,https://www.anritsu.com
7,6754,Anritsu Corporation,円安メリット,内需・消費,8,5,7,ノイズ候補,C,needs_review_macro,事業概要に直接根拠を確認できず,,0,,https://www.anritsu.com,EQUITY,Technology,Scientific & Technical Instruments,https://www.anritsu.com
7,6754,Anritsu Corporation,空飛ぶクルマ,自動車・モビリティ,8,5,7,ノイズ候補,C,needs_review,事業概要に直接根拠を確認できず,,0,,https://www.anritsu.com,EQUITY,Technology,Scientific & Technical Instruments,https://www.anritsu.com
7,6754,Anritsu Corporation,自動運転車,自動車・モビリティ,8,5,7,ノイズ候補,C,needs_review,事業概要に直接根拠を確認できず,,0,,https://www.anritsu.com,EQUITY,Technology,Scientific & Technical Instruments,https://www.anritsu.com
7,6757,"OSG Corporation Co., Ltd.",宅配,物流・海運,8,5,7,ノイズ候補,C,needs_review,事業概要に直接根拠を確認できず,,0,,https://www.osg-nandemonet.co.jp,EQUITY,Industrials,Specialty Industrial Machinery,https://www.osg-nandemonet.co.jp
