batch,stock_code,yahoo_ticker,company_name,theme_name,cluster,source_url
5,4479,4479.T,4479.T,IT関連,デジタル・サービス,https://s.kabutan.jp/themes/IT%E9%96%A2%E9%80%A3/?market=all
5,4479,4479.T,4479.T,eコマース,内需・消費,https://s.kabutan.jp/themes/e%E3%82%B3%E3%83%9E%E3%83%BC%E3%82%B9/?market=all
5,4480,4480.T,4480.T,介護関連,医療・ヘルスケア,https://s.kabutan.jp/themes/%E4%BB%8B%E8%AD%B7%E9%96%A2%E9%80%A3/?market=all
5,4480,4480.T,4480.T,遠隔医療,医療・ヘルスケア,https://s.kabutan.jp/themes/%E9%81%A0%E9%9A%94%E5%8C%BB%E7%99%82/?market=all
5,4481,4481.T,4481.T,マイナンバー,デジタル・サービス,https://s.kabutan.jp/themes/%E3%83%9E%E3%82%A4%E3%83%8A%E3%83%B3%E3%83%90%E3%83%BC/?market=all
5,4483,4483.T,ＪＭＤＣ,IT関連,デジタル・サービス,https://s.kabutan.jp/themes/IT%E9%96%A2%E9%80%A3/?market=all
5,4483,4483.T,ＪＭＤＣ,クラウドコンピューティング,デジタル・サービス,https://s.kabutan.jp/themes/%E3%82%AF%E3%83%A9%E3%82%A6%E3%83%89%E3%82%B3%E3%83%B3%E3%83%94%E3%83%A5%E3%83%BC%E3%83%86%E3%82%A3%E3%83%B3%E3%82%B0/?market=all
5,4483,4483.T,ＪＭＤＣ,データベース,デジタル・サービス,https://s.kabutan.jp/themes/%E3%83%87%E3%83%BC%E3%82%BF%E3%83%99%E3%83%BC%E3%82%B9/?market=all
5,4483,4483.T,ＪＭＤＣ,データ分析・解析,AI・半導体,https://s.kabutan.jp/themes/%E3%83%87%E3%83%BC%E3%82%BF%E5%88%86%E6%9E%90%E3%83%BB%E8%A7%A3%E6%9E%90/?market=all
5,4483,4483.T,ＪＭＤＣ,保険,金融・金利,https://s.kabutan.jp/themes/%E4%BF%9D%E9%99%BA/?market=all
5,4483,4483.T,ＪＭＤＣ,遠隔医療,医療・ヘルスケア,https://s.kabutan.jp/themes/%E9%81%A0%E9%9A%94%E5%8C%BB%E7%99%82/?market=all
5,4484,4484.T,4484.T,IT関連,デジタル・サービス,https://s.kabutan.jp/themes/IT%E9%96%A2%E9%80%A3/?market=all
5,4484,4484.T,4484.T,eコマース,内需・消費,https://s.kabutan.jp/themes/e%E3%82%B3%E3%83%9E%E3%83%BC%E3%82%B9/?market=all
5,4484,4484.T,4484.T,サブスクリプション,デジタル・サービス,https://s.kabutan.jp/themes/%E3%82%B5%E3%83%96%E3%82%B9%E3%82%AF%E3%83%AA%E3%83%97%E3%82%B7%E3%83%A7%E3%83%B3/?market=all
5,4484,4484.T,4484.T,生成AI,AI・半導体,https://s.kabutan.jp/themes/%E7%94%9F%E6%88%90AI/?market=all
5,4486,4486.T,4486.T,IT関連,デジタル・サービス,https://s.kabutan.jp/themes/IT%E9%96%A2%E9%80%A3/?market=all
5,4486,4486.T,4486.T,サイバーセキュリティ,防衛・国土強靱化,https://s.kabutan.jp/themes/%E3%82%B5%E3%82%A4%E3%83%90%E3%83%BC%E3%82%BB%E3%82%AD%E3%83%A5%E3%83%AA%E3%83%86%E3%82%A3/?market=all
5,4486,4486.T,4486.T,デジタルトランスフォーメーション,デジタル・サービス,https://s.kabutan.jp/themes/%E3%83%87%E3%82%B8%E3%82%BF%E3%83%AB%E3%83%88%E3%83%A9%E3%83%B3%E3%82%B9%E3%83%95%E3%82%A9%E3%83%BC%E3%83%A1%E3%83%BC%E3%82%B7%E3%83%A7%E3%83%B3/?market=all
5,4488,4488.T,ＡＩｉｎｓ,AIエージェント,AI・半導体,https://s.kabutan.jp/themes/AI%E3%82%A8%E3%83%BC%E3%82%B8%E3%82%A7%E3%83%B3%E3%83%88/?market=all
5,4488,4488.T,ＡＩｉｎｓ,IT関連,デジタル・サービス,https://s.kabutan.jp/themes/IT%E9%96%A2%E9%80%A3/?market=all
5,4488,4488.T,ＡＩｉｎｓ,エッジコンピューティング,AI・半導体,https://s.kabutan.jp/themes/%E3%82%A8%E3%83%83%E3%82%B8%E3%82%B3%E3%83%B3%E3%83%94%E3%83%A5%E3%83%BC%E3%83%86%E3%82%A3%E3%83%B3%E3%82%B0/?market=all
5,4488,4488.T,ＡＩｉｎｓ,クラウドコンピューティング,デジタル・サービス,https://s.kabutan.jp/themes/%E3%82%AF%E3%83%A9%E3%82%A6%E3%83%89%E3%82%B3%E3%83%B3%E3%83%94%E3%83%A5%E3%83%BC%E3%83%86%E3%82%A3%E3%83%B3%E3%82%B0/?market=all
5,4488,4488.T,ＡＩｉｎｓ,サブスクリプション,デジタル・サービス,https://s.kabutan.jp/themes/%E3%82%B5%E3%83%96%E3%82%B9%E3%82%AF%E3%83%AA%E3%83%97%E3%82%B7%E3%83%A7%E3%83%B3/?market=all
5,4488,4488.T,ＡＩｉｎｓ,デジタルトランスフォーメーション,デジタル・サービス,https://s.kabutan.jp/themes/%E3%83%87%E3%82%B8%E3%82%BF%E3%83%AB%E3%83%88%E3%83%A9%E3%83%B3%E3%82%B9%E3%83%95%E3%82%A9%E3%83%BC%E3%83%A1%E3%83%BC%E3%82%B7%E3%83%A7%E3%83%B3/?market=all
5,4488,4488.T,ＡＩｉｎｓ,人工知能,AI・半導体,https://s.kabutan.jp/themes/%E4%BA%BA%E5%B7%A5%E7%9F%A5%E8%83%BD/?market=all
5,4488,4488.T,ＡＩｉｎｓ,生成AI,AI・半導体,https://s.kabutan.jp/themes/%E7%94%9F%E6%88%90AI/?market=all
5,4491,4491.T,4491.T,IT関連,デジタル・サービス,https://s.kabutan.jp/themes/IT%E9%96%A2%E9%80%A3/?market=all
5,4492,4492.T,4492.T,IoT,設備投資・機械,https://s.kabutan.jp/themes/IoT/?market=all
5,4492,4492.T,4492.T,物流,物流・海運,https://s.kabutan.jp/themes/%E7%89%A9%E6%B5%81/?market=all
5,4492,4492.T,4492.T,防災,防衛・国土強靱化,https://s.kabutan.jp/themes/%E9%98%B2%E7%81%BD/?market=all
5,4493,4493.T,サイバーセキ,IT関連,デジタル・サービス,https://s.kabutan.jp/themes/IT%E9%96%A2%E9%80%A3/?market=all
5,4493,4493.T,サイバーセキ,SaaS,デジタル・サービス,https://s.kabutan.jp/themes/SaaS/?market=all
5,4493,4493.T,サイバーセキ,クラウドコンピューティング,デジタル・サービス,https://s.kabutan.jp/themes/%E3%82%AF%E3%83%A9%E3%82%A6%E3%83%89%E3%82%B3%E3%83%B3%E3%83%94%E3%83%A5%E3%83%BC%E3%83%86%E3%82%A3%E3%83%B3%E3%82%B0/?market=all
5,4493,4493.T,サイバーセキ,サイバーセキュリティ,防衛・国土強靱化,https://s.kabutan.jp/themes/%E3%82%B5%E3%82%A4%E3%83%90%E3%83%BC%E3%82%BB%E3%82%AD%E3%83%A5%E3%83%AA%E3%83%86%E3%82%A3/?market=all
5,4493,4493.T,サイバーセキ,サブスクリプション,デジタル・サービス,https://s.kabutan.jp/themes/%E3%82%B5%E3%83%96%E3%82%B9%E3%82%AF%E3%83%AA%E3%83%97%E3%82%B7%E3%83%A7%E3%83%B3/?market=all
5,4493,4493.T,サイバーセキ,人工知能,AI・半導体,https://s.kabutan.jp/themes/%E4%BA%BA%E5%B7%A5%E7%9F%A5%E8%83%BD/?market=all
5,4495,4495.T,4495.T,IT関連,デジタル・サービス,https://s.kabutan.jp/themes/IT%E9%96%A2%E9%80%A3/?market=all
5,4495,4495.T,4495.T,SaaS,デジタル・サービス,https://s.kabutan.jp/themes/SaaS/?market=all
5,4495,4495.T,4495.T,クラウドコンピューティング,デジタル・サービス,https://s.kabutan.jp/themes/%E3%82%AF%E3%83%A9%E3%82%A6%E3%83%89%E3%82%B3%E3%83%B3%E3%83%94%E3%83%A5%E3%83%BC%E3%83%86%E3%82%A3%E3%83%B3%E3%82%B0/?market=all
5,4495,4495.T,4495.T,サイバーセキュリティ,防衛・国土強靱化,https://s.kabutan.jp/themes/%E3%82%B5%E3%82%A4%E3%83%90%E3%83%BC%E3%82%BB%E3%82%AD%E3%83%A5%E3%83%AA%E3%83%86%E3%82%A3/?market=all
5,4495,4495.T,4495.T,サブスクリプション,デジタル・サービス,https://s.kabutan.jp/themes/%E3%82%B5%E3%83%96%E3%82%B9%E3%82%AF%E3%83%AA%E3%83%97%E3%82%B7%E3%83%A7%E3%83%B3/?market=all
5,4496,4496.T,4496.T,IT関連,デジタル・サービス,https://s.kabutan.jp/themes/IT%E9%96%A2%E9%80%A3/?market=all
5,4496,4496.T,4496.T,SaaS,デジタル・サービス,https://s.kabutan.jp/themes/SaaS/?market=all
5,4496,4496.T,4496.T,eコマース,内需・消費,https://s.kabutan.jp/themes/e%E3%82%B3%E3%83%9E%E3%83%BC%E3%82%B9/?market=all
5,4498,4498.T,サイバトラス,IT関連,デジタル・サービス,https://s.kabutan.jp/themes/IT%E9%96%A2%E9%80%A3/?market=all
5,4498,4498.T,サイバトラス,IoT,設備投資・機械,https://s.kabutan.jp/themes/IoT/?market=all
5,4498,4498.T,サイバトラス,クラウドコンピューティング,デジタル・サービス,https://s.kabutan.jp/themes/%E3%82%AF%E3%83%A9%E3%82%A6%E3%83%89%E3%82%B3%E3%83%B3%E3%83%94%E3%83%A5%E3%83%BC%E3%83%86%E3%82%A3%E3%83%B3%E3%82%B0/?market=all
5,4498,4498.T,サイバトラス,サイバーセキュリティ,防衛・国土強靱化,https://s.kabutan.jp/themes/%E3%82%B5%E3%82%A4%E3%83%90%E3%83%BC%E3%82%BB%E3%82%AD%E3%83%A5%E3%83%AA%E3%83%86%E3%82%A3/?market=all
5,4498,4498.T,サイバトラス,デジタルトランスフォーメーション,デジタル・サービス,https://s.kabutan.jp/themes/%E3%83%87%E3%82%B8%E3%82%BF%E3%83%AB%E3%83%88%E3%83%A9%E3%83%B3%E3%82%B9%E3%83%95%E3%82%A9%E3%83%BC%E3%83%A1%E3%83%BC%E3%82%B7%E3%83%A7%E3%83%B3/?market=all
5,4498,4498.T,サイバトラス,マイナンバー,デジタル・サービス,https://s.kabutan.jp/themes/%E3%83%9E%E3%82%A4%E3%83%8A%E3%83%B3%E3%83%90%E3%83%BC/?market=all
5,4498,4498.T,サイバトラス,人工知能,AI・半導体,https://s.kabutan.jp/themes/%E4%BA%BA%E5%B7%A5%E7%9F%A5%E8%83%BD/?market=all
5,4499,4499.T,スピー,デジタルトランスフォーメーション,デジタル・サービス,https://s.kabutan.jp/themes/%E3%83%87%E3%82%B8%E3%82%BF%E3%83%AB%E3%83%88%E3%83%A9%E3%83%B3%E3%82%B9%E3%83%95%E3%82%A9%E3%83%BC%E3%83%A1%E3%83%BC%E3%82%B7%E3%83%A7%E3%83%B3/?market=all
5,4499,4499.T,スピー,データベース,デジタル・サービス,https://s.kabutan.jp/themes/%E3%83%87%E3%83%BC%E3%82%BF%E3%83%99%E3%83%BC%E3%82%B9/?market=all
5,4499,4499.T,スピー,データ分析・解析,AI・半導体,https://s.kabutan.jp/themes/%E3%83%87%E3%83%BC%E3%82%BF%E5%88%86%E6%9E%90%E3%83%BB%E8%A7%A3%E6%9E%90/?market=all
5,4499,4499.T,スピー,不動産関連,不動産・建設,https://s.kabutan.jp/themes/%E4%B8%8D%E5%8B%95%E7%94%A3%E9%96%A2%E9%80%A3/?market=all
5,4499,4499.T,スピー,介護関連,医療・ヘルスケア,https://s.kabutan.jp/themes/%E4%BB%8B%E8%AD%B7%E9%96%A2%E9%80%A3/?market=all
5,4502,4502.T,武田,医薬品関連,医療・ヘルスケア,https://s.kabutan.jp/themes/%E5%8C%BB%E8%96%AC%E5%93%81%E9%96%A2%E9%80%A3/?market=all
5,4502,4502.T,武田,認知症薬,医療・ヘルスケア,https://s.kabutan.jp/themes/%E8%AA%8D%E7%9F%A5%E7%97%87%E8%96%AC/?market=all
5,4503,4503.T,4503.T,再生医療,医療・ヘルスケア,https://s.kabutan.jp/themes/%E5%86%8D%E7%94%9F%E5%8C%BB%E7%99%82/?market=all
5,4503,4503.T,4503.T,医薬品関連,医療・ヘルスケア,https://s.kabutan.jp/themes/%E5%8C%BB%E8%96%AC%E5%93%81%E9%96%A2%E9%80%A3/?market=all
5,4503,4503.T,4503.T,認知症薬,医療・ヘルスケア,https://s.kabutan.jp/themes/%E8%AA%8D%E7%9F%A5%E7%97%87%E8%96%AC/?market=all
5,4506,4506.T,4506.T,再生医療,医療・ヘルスケア,https://s.kabutan.jp/themes/%E5%86%8D%E7%94%9F%E5%8C%BB%E7%99%82/?market=all
5,4506,4506.T,4506.T,医薬品関連,医療・ヘルスケア,https://s.kabutan.jp/themes/%E5%8C%BB%E8%96%AC%E5%93%81%E9%96%A2%E9%80%A3/?market=all
5,4512,4512.T,4512.T,インバウンド,内需・消費,https://s.kabutan.jp/themes/%E3%82%A4%E3%83%B3%E3%83%90%E3%82%A6%E3%83%B3%E3%83%89/?market=all
5,4516,4516.T,4516.T,医薬品関連,医療・ヘルスケア,https://s.kabutan.jp/themes/%E5%8C%BB%E8%96%AC%E5%93%81%E9%96%A2%E9%80%A3/?market=all
5,4521,4521.T,4521.T,再生医療,医療・ヘルスケア,https://s.kabutan.jp/themes/%E5%86%8D%E7%94%9F%E5%8C%BB%E7%99%82/?market=all
5,4521,4521.T,4521.T,医薬品関連,医療・ヘルスケア,https://s.kabutan.jp/themes/%E5%8C%BB%E8%96%AC%E5%93%81%E9%96%A2%E9%80%A3/?market=all
5,4523,4523.T,4523.T,認知症薬,医療・ヘルスケア,https://s.kabutan.jp/themes/%E8%AA%8D%E7%9F%A5%E7%97%87%E8%96%AC/?market=all
5,4524,4524.T,仁丹,レアメタル,資源・素材,https://s.kabutan.jp/themes/%E3%83%AC%E3%82%A2%E3%83%A1%E3%82%BF%E3%83%AB/?market=all
5,4524,4524.T,仁丹,医薬品関連,医療・ヘルスケア,https://s.kabutan.jp/themes/%E5%8C%BB%E8%96%AC%E5%93%81%E9%96%A2%E9%80%A3/?market=all
5,4527,4527.T,4527.T,再生医療,医療・ヘルスケア,https://s.kabutan.jp/themes/%E5%86%8D%E7%94%9F%E5%8C%BB%E7%99%82/?market=all
5,4528,4528.T,4528.T,認知症薬,医療・ヘルスケア,https://s.kabutan.jp/themes/%E8%AA%8D%E7%9F%A5%E7%97%87%E8%96%AC/?market=all
5,4531,4531.T,有機薬,医薬品関連,医療・ヘルスケア,https://s.kabutan.jp/themes/%E5%8C%BB%E8%96%AC%E5%93%81%E9%96%A2%E9%80%A3/?market=all
5,4531,4531.T,有機薬,半導体,AI・半導体,https://s.kabutan.jp/themes/%E5%8D%8A%E5%B0%8E%E4%BD%93/?market=all
5,4531,4531.T,有機薬,半導体部材・部品,AI・半導体,https://s.kabutan.jp/themes/%E5%8D%8A%E5%B0%8E%E4%BD%93%E9%83%A8%E6%9D%90%E3%83%BB%E9%83%A8%E5%93%81/?market=all
5,4534,4534.T,4534.T,医薬品関連,医療・ヘルスケア,https://s.kabutan.jp/themes/%E5%8C%BB%E8%96%AC%E5%93%81%E9%96%A2%E9%80%A3/?market=all
5,4536,4536.T,4536.T,医薬品関連,医療・ヘルスケア,https://s.kabutan.jp/themes/%E5%8C%BB%E8%96%AC%E5%93%81%E9%96%A2%E9%80%A3/?market=all
5,4538,4538.T,4538.T,医療機器,医療・ヘルスケア,https://s.kabutan.jp/themes/%E5%8C%BB%E7%99%82%E6%A9%9F%E5%99%A8/?market=all
5,4538,4538.T,4538.T,医薬品関連,医療・ヘルスケア,https://s.kabutan.jp/themes/%E5%8C%BB%E8%96%AC%E5%93%81%E9%96%A2%E9%80%A3/?market=all
5,4539,4539.T,4539.T,医薬品関連,医療・ヘルスケア,https://s.kabutan.jp/themes/%E5%8C%BB%E8%96%AC%E5%93%81%E9%96%A2%E9%80%A3/?market=all
5,4543,4543.T,4543.T,ホームヘルスケア,医療・ヘルスケア,https://s.kabutan.jp/themes/%E3%83%9B%E3%83%BC%E3%83%A0%E3%83%98%E3%83%AB%E3%82%B9%E3%82%B1%E3%82%A2/?market=all
5,4543,4543.T,4543.T,円安メリット,内需・消費,https://s.kabutan.jp/themes/%E5%86%86%E5%AE%89%E3%83%A1%E3%83%AA%E3%83%83%E3%83%88/?market=all
5,4543,4543.T,4543.T,再生医療,医療・ヘルスケア,https://s.kabutan.jp/themes/%E5%86%8D%E7%94%9F%E5%8C%BB%E7%99%82/?market=all
5,4543,4543.T,4543.T,医療機器,医療・ヘルスケア,https://s.kabutan.jp/themes/%E5%8C%BB%E7%99%82%E6%A9%9F%E5%99%A8/?market=all
5,4544,4544.T,4544.T,再生医療,医療・ヘルスケア,https://s.kabutan.jp/themes/%E5%86%8D%E7%94%9F%E5%8C%BB%E7%99%82/?market=all
5,4544,4544.T,4544.T,医療機器,医療・ヘルスケア,https://s.kabutan.jp/themes/%E5%8C%BB%E7%99%82%E6%A9%9F%E5%99%A8/?market=all
5,4544,4544.T,4544.T,遠隔医療,医療・ヘルスケア,https://s.kabutan.jp/themes/%E9%81%A0%E9%9A%94%E5%8C%BB%E7%99%82/?market=all
5,4547,4547.T,4547.T,医薬品関連,医療・ヘルスケア,https://s.kabutan.jp/themes/%E5%8C%BB%E8%96%AC%E5%93%81%E9%96%A2%E9%80%A3/?market=all
5,4547,4547.T,4547.T,建設,不動産・建設,https://s.kabutan.jp/themes/%E5%BB%BA%E8%A8%AD/?market=all
5,4548,4548.T,4548.T,医薬品関連,医療・ヘルスケア,https://s.kabutan.jp/themes/%E5%8C%BB%E8%96%AC%E5%93%81%E9%96%A2%E9%80%A3/?market=all
5,4549,4549.T,4549.T,バイオテクノロジー関連,医療・ヘルスケア,https://s.kabutan.jp/themes/%E3%83%90%E3%82%A4%E3%82%AA%E3%83%86%E3%82%AF%E3%83%8E%E3%83%AD%E3%82%B8%E3%83%BC%E9%96%A2%E9%80%A3/?market=all
5,4549,4549.T,4549.T,医療機器,医療・ヘルスケア,https://s.kabutan.jp/themes/%E5%8C%BB%E7%99%82%E6%A9%9F%E5%99%A8/?market=all
5,4552,4552.T,4552.T,バイオテクノロジー関連,医療・ヘルスケア,https://s.kabutan.jp/themes/%E3%83%90%E3%82%A4%E3%82%AA%E3%83%86%E3%82%AF%E3%83%8E%E3%83%AD%E3%82%B8%E3%83%BC%E9%96%A2%E9%80%A3/?market=all
5,4552,4552.T,4552.T,再生医療,医療・ヘルスケア,https://s.kabutan.jp/themes/%E5%86%8D%E7%94%9F%E5%8C%BB%E7%99%82/?market=all
5,4552,4552.T,4552.T,医薬品関連,医療・ヘルスケア,https://s.kabutan.jp/themes/%E5%8C%BB%E8%96%AC%E5%93%81%E9%96%A2%E9%80%A3/?market=all
5,4553,4553.T,4553.T,認知症薬,医療・ヘルスケア,https://s.kabutan.jp/themes/%E8%AA%8D%E7%9F%A5%E7%97%87%E8%96%AC/?market=all
5,4558,4558.T,4558.T,宅配,物流・海運,https://s.kabutan.jp/themes/%E5%AE%85%E9%85%8D/?market=all
5,4559,4559.T,4559.T,医薬品関連,医療・ヘルスケア,https://s.kabutan.jp/themes/%E5%8C%BB%E8%96%AC%E5%93%81%E9%96%A2%E9%80%A3/?market=all
5,4563,4563.T,4563.T,バイオテクノロジー関連,医療・ヘルスケア,https://s.kabutan.jp/themes/%E3%83%90%E3%82%A4%E3%82%AA%E3%83%86%E3%82%AF%E3%83%8E%E3%83%AD%E3%82%B8%E3%83%BC%E9%96%A2%E9%80%A3/?market=all
5,4563,4563.T,4563.T,創薬,医療・ヘルスケア,https://s.kabutan.jp/themes/%E5%89%B5%E8%96%AC/?market=all
5,4563,4563.T,4563.T,医薬品関連,医療・ヘルスケア,https://s.kabutan.jp/themes/%E5%8C%BB%E8%96%AC%E5%93%81%E9%96%A2%E9%80%A3/?market=all
5,4564,4564.T,4564.T,バイオテクノロジー関連,医療・ヘルスケア,https://s.kabutan.jp/themes/%E3%83%90%E3%82%A4%E3%82%AA%E3%83%86%E3%82%AF%E3%83%8E%E3%83%AD%E3%82%B8%E3%83%BC%E9%96%A2%E9%80%A3/?market=all
5,4564,4564.T,4564.T,創薬,医療・ヘルスケア,https://s.kabutan.jp/themes/%E5%89%B5%E8%96%AC/?market=all
5,4564,4564.T,4564.T,医薬品関連,医療・ヘルスケア,https://s.kabutan.jp/themes/%E5%8C%BB%E8%96%AC%E5%93%81%E9%96%A2%E9%80%A3/?market=all
5,4565,4565.T,4565.T,バイオテクノロジー関連,医療・ヘルスケア,https://s.kabutan.jp/themes/%E3%83%90%E3%82%A4%E3%82%AA%E3%83%86%E3%82%AF%E3%83%8E%E3%83%AD%E3%82%B8%E3%83%BC%E9%96%A2%E9%80%A3/?market=all
5,4565,4565.T,4565.T,創薬,医療・ヘルスケア,https://s.kabutan.jp/themes/%E5%89%B5%E8%96%AC/?market=all
5,4565,4565.T,4565.T,認知症薬,医療・ヘルスケア,https://s.kabutan.jp/themes/%E8%AA%8D%E7%9F%A5%E7%97%87%E8%96%AC/?market=all
5,4568,4568.T,第一三共,再生医療,医療・ヘルスケア,https://s.kabutan.jp/themes/%E5%86%8D%E7%94%9F%E5%8C%BB%E7%99%82/?market=all
5,4568,4568.T,第一三共,認知症薬,医療・ヘルスケア,https://s.kabutan.jp/themes/%E8%AA%8D%E7%9F%A5%E7%97%87%E8%96%AC/?market=all
5,4569,4569.T,4569.T,創薬,医療・ヘルスケア,https://s.kabutan.jp/themes/%E5%89%B5%E8%96%AC/?market=all
5,456A,456A.T,456A.T,eコマース,内需・消費,https://s.kabutan.jp/themes/e%E3%82%B3%E3%83%9E%E3%83%BC%E3%82%B9/?market=all
5,456A,456A.T,456A.T,外食,内需・消費,https://s.kabutan.jp/themes/%E5%A4%96%E9%A3%9F/?market=all
5,456A,456A.T,456A.T,小売り,内需・消費,https://s.kabutan.jp/themes/%E5%B0%8F%E5%A3%B2%E3%82%8A/?market=all
5,4570,4570.T,4570.T,バイオテクノロジー関連,医療・ヘルスケア,https://s.kabutan.jp/themes/%E3%83%90%E3%82%A4%E3%82%AA%E3%83%86%E3%82%AF%E3%83%8E%E3%83%AD%E3%82%B8%E3%83%BC%E9%96%A2%E9%80%A3/?market=all
5,4570,4570.T,4570.T,医薬品関連,医療・ヘルスケア,https://s.kabutan.jp/themes/%E5%8C%BB%E8%96%AC%E5%93%81%E9%96%A2%E9%80%A3/?market=all
5,4571,4571.T,4571.T,バイオテクノロジー関連,医療・ヘルスケア,https://s.kabutan.jp/themes/%E3%83%90%E3%82%A4%E3%82%AA%E3%83%86%E3%82%AF%E3%83%8E%E3%83%AD%E3%82%B8%E3%83%BC%E9%96%A2%E9%80%A3/?market=all
5,4571,4571.T,4571.T,創薬,医療・ヘルスケア,https://s.kabutan.jp/themes/%E5%89%B5%E8%96%AC/?market=all
5,4571,4571.T,4571.T,医薬品関連,医療・ヘルスケア,https://s.kabutan.jp/themes/%E5%8C%BB%E8%96%AC%E5%93%81%E9%96%A2%E9%80%A3/?market=all
5,4572,4572.T,カルナバイオ,データ分析・解析,AI・半導体,https://s.kabutan.jp/themes/%E3%83%87%E3%83%BC%E3%82%BF%E5%88%86%E6%9E%90%E3%83%BB%E8%A7%A3%E6%9E%90/?market=all
5,4572,4572.T,カルナバイオ,バイオテクノロジー関連,医療・ヘルスケア,https://s.kabutan.jp/themes/%E3%83%90%E3%82%A4%E3%82%AA%E3%83%86%E3%82%AF%E3%83%8E%E3%83%AD%E3%82%B8%E3%83%BC%E9%96%A2%E9%80%A3/?market=all
5,4572,4572.T,カルナバイオ,創薬,医療・ヘルスケア,https://s.kabutan.jp/themes/%E5%89%B5%E8%96%AC/?market=all
5,4572,4572.T,カルナバイオ,医薬品関連,医療・ヘルスケア,https://s.kabutan.jp/themes/%E5%8C%BB%E8%96%AC%E5%93%81%E9%96%A2%E9%80%A3/?market=all
5,4575,4575.T,4575.T,バイオテクノロジー関連,医療・ヘルスケア,https://s.kabutan.jp/themes/%E3%83%90%E3%82%A4%E3%82%AA%E3%83%86%E3%82%AF%E3%83%8E%E3%83%AD%E3%82%B8%E3%83%BC%E9%96%A2%E9%80%A3/?market=all
5,4575,4575.T,4575.T,創薬,医療・ヘルスケア,https://s.kabutan.jp/themes/%E5%89%B5%E8%96%AC/?market=all
5,4575,4575.T,4575.T,医薬品関連,医療・ヘルスケア,https://s.kabutan.jp/themes/%E5%8C%BB%E8%96%AC%E5%93%81%E9%96%A2%E9%80%A3/?market=all
5,4576,4576.T,4576.T,バイオテクノロジー関連,医療・ヘルスケア,https://s.kabutan.jp/themes/%E3%83%90%E3%82%A4%E3%82%AA%E3%83%86%E3%82%AF%E3%83%8E%E3%83%AD%E3%82%B8%E3%83%BC%E9%96%A2%E9%80%A3/?market=all
5,4576,4576.T,4576.T,創薬,医療・ヘルスケア,https://s.kabutan.jp/themes/%E5%89%B5%E8%96%AC/?market=all
5,4577,4577.T,4577.T,医薬品関連,医療・ヘルスケア,https://s.kabutan.jp/themes/%E5%8C%BB%E8%96%AC%E5%93%81%E9%96%A2%E9%80%A3/?market=all
5,4578,4578.T,4578.T,バイオテクノロジー関連,医療・ヘルスケア,https://s.kabutan.jp/themes/%E3%83%90%E3%82%A4%E3%82%AA%E3%83%86%E3%82%AF%E3%83%8E%E3%83%AD%E3%82%B8%E3%83%BC%E9%96%A2%E9%80%A3/?market=all
5,4578,4578.T,4578.T,再生医療,医療・ヘルスケア,https://s.kabutan.jp/themes/%E5%86%8D%E7%94%9F%E5%8C%BB%E7%99%82/?market=all
5,4578,4578.T,4578.T,医薬品関連,医療・ヘルスケア,https://s.kabutan.jp/themes/%E5%8C%BB%E8%96%AC%E5%93%81%E9%96%A2%E9%80%A3/?market=all
5,4578,4578.T,4578.T,認知症薬,医療・ヘルスケア,https://s.kabutan.jp/themes/%E8%AA%8D%E7%9F%A5%E7%97%87%E8%96%AC/?market=all
5,4579,4579.T,4579.T,バイオテクノロジー関連,医療・ヘルスケア,https://s.kabutan.jp/themes/%E3%83%90%E3%82%A4%E3%82%AA%E3%83%86%E3%82%AF%E3%83%8E%E3%83%AD%E3%82%B8%E3%83%BC%E9%96%A2%E9%80%A3/?market=all
5,4579,4579.T,4579.T,創薬,医療・ヘルスケア,https://s.kabutan.jp/themes/%E5%89%B5%E8%96%AC/?market=all
5,4582,4582.T,4582.T,バイオテクノロジー関連,医療・ヘルスケア,https://s.kabutan.jp/themes/%E3%83%90%E3%82%A4%E3%82%AA%E3%83%86%E3%82%AF%E3%83%8E%E3%83%AD%E3%82%B8%E3%83%BC%E9%96%A2%E9%80%A3/?market=all
5,4582,4582.T,4582.T,創薬,医療・ヘルスケア,https://s.kabutan.jp/themes/%E5%89%B5%E8%96%AC/?market=all
5,4582,4582.T,4582.T,医薬品関連,医療・ヘルスケア,https://s.kabutan.jp/themes/%E5%8C%BB%E8%96%AC%E5%93%81%E9%96%A2%E9%80%A3/?market=all
5,4583,4583.T,4583.T,バイオテクノロジー関連,医療・ヘルスケア,https://s.kabutan.jp/themes/%E3%83%90%E3%82%A4%E3%82%AA%E3%83%86%E3%82%AF%E3%83%8E%E3%83%AD%E3%82%B8%E3%83%BC%E9%96%A2%E9%80%A3/?market=all
5,4583,4583.T,4583.T,創薬,医療・ヘルスケア,https://s.kabutan.jp/themes/%E5%89%B5%E8%96%AC/?market=all
5,4584,4584.T,4584.T,バイオテクノロジー関連,医療・ヘルスケア,https://s.kabutan.jp/themes/%E3%83%90%E3%82%A4%E3%82%AA%E3%83%86%E3%82%AF%E3%83%8E%E3%83%AD%E3%82%B8%E3%83%BC%E9%96%A2%E9%80%A3/?market=all
5,4584,4584.T,4584.T,再生医療,医療・ヘルスケア,https://s.kabutan.jp/themes/%E5%86%8D%E7%94%9F%E5%8C%BB%E7%99%82/?market=all
5,4584,4584.T,4584.T,創薬,医療・ヘルスケア,https://s.kabutan.jp/themes/%E5%89%B5%E8%96%AC/?market=all
5,4584,4584.T,4584.T,医薬品関連,医療・ヘルスケア,https://s.kabutan.jp/themes/%E5%8C%BB%E8%96%AC%E5%93%81%E9%96%A2%E9%80%A3/?market=all
5,4586,4586.T,4586.T,創薬,医療・ヘルスケア,https://s.kabutan.jp/themes/%E5%89%B5%E8%96%AC/?market=all
5,4586,4586.T,4586.T,医薬品関連,医療・ヘルスケア,https://s.kabutan.jp/themes/%E5%8C%BB%E8%96%AC%E5%93%81%E9%96%A2%E9%80%A3/?market=all
5,4586,4586.T,4586.T,認知症薬,医療・ヘルスケア,https://s.kabutan.jp/themes/%E8%AA%8D%E7%9F%A5%E7%97%87%E8%96%AC/?market=all
5,4587,4587.T,4587.T,バイオテクノロジー関連,医療・ヘルスケア,https://s.kabutan.jp/themes/%E3%83%90%E3%82%A4%E3%82%AA%E3%83%86%E3%82%AF%E3%83%8E%E3%83%AD%E3%82%B8%E3%83%BC%E9%96%A2%E9%80%A3/?market=all
5,4587,4587.T,4587.T,創薬,医療・ヘルスケア,https://s.kabutan.jp/themes/%E5%89%B5%E8%96%AC/?market=all
5,4588,4588.T,4588.T,バイオテクノロジー関連,医療・ヘルスケア,https://s.kabutan.jp/themes/%E3%83%90%E3%82%A4%E3%82%AA%E3%83%86%E3%82%AF%E3%83%8E%E3%83%AD%E3%82%B8%E3%83%BC%E9%96%A2%E9%80%A3/?market=all
5,4588,4588.T,4588.T,創薬,医療・ヘルスケア,https://s.kabutan.jp/themes/%E5%89%B5%E8%96%AC/?market=all
5,4588,4588.T,4588.T,医薬品関連,医療・ヘルスケア,https://s.kabutan.jp/themes/%E5%8C%BB%E8%96%AC%E5%93%81%E9%96%A2%E9%80%A3/?market=all
5,4591,4591.T,4591.T,バイオテクノロジー関連,医療・ヘルスケア,https://s.kabutan.jp/themes/%E3%83%90%E3%82%A4%E3%82%AA%E3%83%86%E3%82%AF%E3%83%8E%E3%83%AD%E3%82%B8%E3%83%BC%E9%96%A2%E9%80%A3/?market=all
5,4591,4591.T,4591.T,創薬,医療・ヘルスケア,https://s.kabutan.jp/themes/%E5%89%B5%E8%96%AC/?market=all
5,4591,4591.T,4591.T,医薬品関連,医療・ヘルスケア,https://s.kabutan.jp/themes/%E5%8C%BB%E8%96%AC%E5%93%81%E9%96%A2%E9%80%A3/?market=all
5,4592,4592.T,4592.T,バイオテクノロジー関連,医療・ヘルスケア,https://s.kabutan.jp/themes/%E3%83%90%E3%82%A4%E3%82%AA%E3%83%86%E3%82%AF%E3%83%8E%E3%83%AD%E3%82%B8%E3%83%BC%E9%96%A2%E9%80%A3/?market=all
5,4592,4592.T,4592.T,再生医療,医療・ヘルスケア,https://s.kabutan.jp/themes/%E5%86%8D%E7%94%9F%E5%8C%BB%E7%99%82/?market=all
5,4592,4592.T,4592.T,創薬,医療・ヘルスケア,https://s.kabutan.jp/themes/%E5%89%B5%E8%96%AC/?market=all
5,4592,4592.T,4592.T,医薬品関連,医療・ヘルスケア,https://s.kabutan.jp/themes/%E5%8C%BB%E8%96%AC%E5%93%81%E9%96%A2%E9%80%A3/?market=all
5,4592,4592.T,4592.T,認知症薬,医療・ヘルスケア,https://s.kabutan.jp/themes/%E8%AA%8D%E7%9F%A5%E7%97%87%E8%96%AC/?market=all
5,4593,4593.T,4593.T,バイオテクノロジー関連,医療・ヘルスケア,https://s.kabutan.jp/themes/%E3%83%90%E3%82%A4%E3%82%AA%E3%83%86%E3%82%AF%E3%83%8E%E3%83%AD%E3%82%B8%E3%83%BC%E9%96%A2%E9%80%A3/?market=all
5,4593,4593.T,4593.T,再生医療,医療・ヘルスケア,https://s.kabutan.jp/themes/%E5%86%8D%E7%94%9F%E5%8C%BB%E7%99%82/?market=all
5,4593,4593.T,4593.T,創薬,医療・ヘルスケア,https://s.kabutan.jp/themes/%E5%89%B5%E8%96%AC/?market=all
5,4594,4594.T,4594.T,バイオテクノロジー関連,医療・ヘルスケア,https://s.kabutan.jp/themes/%E3%83%90%E3%82%A4%E3%82%AA%E3%83%86%E3%82%AF%E3%83%8E%E3%83%AD%E3%82%B8%E3%83%BC%E9%96%A2%E9%80%A3/?market=all
5,4594,4594.T,4594.T,再生医療,医療・ヘルスケア,https://s.kabutan.jp/themes/%E5%86%8D%E7%94%9F%E5%8C%BB%E7%99%82/?market=all
5,4594,4594.T,4594.T,創薬,医療・ヘルスケア,https://s.kabutan.jp/themes/%E5%89%B5%E8%96%AC/?market=all
5,4595,4595.T,4595.T,医療機器,医療・ヘルスケア,https://s.kabutan.jp/themes/%E5%8C%BB%E7%99%82%E6%A9%9F%E5%99%A8/?market=all
5,4596,4596.T,窪田製薬ＨＤ,バイオテクノロジー関連,医療・ヘルスケア,https://s.kabutan.jp/themes/%E3%83%90%E3%82%A4%E3%82%AA%E3%83%86%E3%82%AF%E3%83%8E%E3%83%AD%E3%82%B8%E3%83%BC%E9%96%A2%E9%80%A3/?market=all
5,4596,4596.T,窪田製薬ＨＤ,人工知能,AI・半導体,https://s.kabutan.jp/themes/%E4%BA%BA%E5%B7%A5%E7%9F%A5%E8%83%BD/?market=all
5,4596,4596.T,窪田製薬ＨＤ,創薬,医療・ヘルスケア,https://s.kabutan.jp/themes/%E5%89%B5%E8%96%AC/?market=all
5,4596,4596.T,窪田製薬ＨＤ,医療機器,医療・ヘルスケア,https://s.kabutan.jp/themes/%E5%8C%BB%E7%99%82%E6%A9%9F%E5%99%A8/?market=all
5,4596,4596.T,窪田製薬ＨＤ,医薬品関連,医療・ヘルスケア,https://s.kabutan.jp/themes/%E5%8C%BB%E8%96%AC%E5%93%81%E9%96%A2%E9%80%A3/?market=all
5,4596,4596.T,窪田製薬ＨＤ,遠隔医療,医療・ヘルスケア,https://s.kabutan.jp/themes/%E9%81%A0%E9%9A%94%E5%8C%BB%E7%99%82/?market=all
5,4597,4597.T,4597.T,創薬,医療・ヘルスケア,https://s.kabutan.jp/themes/%E5%89%B5%E8%96%AC/?market=all
5,4597,4597.T,4597.T,医療機器,医療・ヘルスケア,https://s.kabutan.jp/themes/%E5%8C%BB%E7%99%82%E6%A9%9F%E5%99%A8/?market=all
5,4598,4598.T,4598.T,バイオテクノロジー関連,医療・ヘルスケア,https://s.kabutan.jp/themes/%E3%83%90%E3%82%A4%E3%82%AA%E3%83%86%E3%82%AF%E3%83%8E%E3%83%AD%E3%82%B8%E3%83%BC%E9%96%A2%E9%80%A3/?market=all
5,4598,4598.T,4598.T,創薬,医療・ヘルスケア,https://s.kabutan.jp/themes/%E5%89%B5%E8%96%AC/?market=all
5,4598,4598.T,4598.T,医薬品関連,医療・ヘルスケア,https://s.kabutan.jp/themes/%E5%8C%BB%E8%96%AC%E5%93%81%E9%96%A2%E9%80%A3/?market=all
5,4599,4599.T,4599.T,バイオテクノロジー関連,医療・ヘルスケア,https://s.kabutan.jp/themes/%E3%83%90%E3%82%A4%E3%82%AA%E3%83%86%E3%82%AF%E3%83%8E%E3%83%AD%E3%82%B8%E3%83%BC%E9%96%A2%E9%80%A3/?market=all
5,4599,4599.T,4599.T,再生医療,医療・ヘルスケア,https://s.kabutan.jp/themes/%E5%86%8D%E7%94%9F%E5%8C%BB%E7%99%82/?market=all
5,4599,4599.T,4599.T,創薬,医療・ヘルスケア,https://s.kabutan.jp/themes/%E5%89%B5%E8%96%AC/?market=all
5,4599,4599.T,4599.T,医薬品関連,医療・ヘルスケア,https://s.kabutan.jp/themes/%E5%8C%BB%E8%96%AC%E5%93%81%E9%96%A2%E9%80%A3/?market=all
5,460A,460A.T,ＢＲＡＮＵ,IT関連,デジタル・サービス,https://s.kabutan.jp/themes/IT%E9%96%A2%E9%80%A3/?market=all
5,460A,460A.T,ＢＲＡＮＵ,SaaS,デジタル・サービス,https://s.kabutan.jp/themes/SaaS/?market=all
5,460A,460A.T,ＢＲＡＮＵ,クラウドコンピューティング,デジタル・サービス,https://s.kabutan.jp/themes/%E3%82%AF%E3%83%A9%E3%82%A6%E3%83%89%E3%82%B3%E3%83%B3%E3%83%94%E3%83%A5%E3%83%BC%E3%83%86%E3%82%A3%E3%83%B3%E3%82%B0/?market=all
5,460A,460A.T,ＢＲＡＮＵ,データ分析・解析,AI・半導体,https://s.kabutan.jp/themes/%E3%83%87%E3%83%BC%E3%82%BF%E5%88%86%E6%9E%90%E3%83%BB%E8%A7%A3%E6%9E%90/?market=all
5,460A,460A.T,ＢＲＡＮＵ,建設,不動産・建設,https://s.kabutan.jp/themes/%E5%BB%BA%E8%A8%AD/?market=all
5,460A,460A.T,ＢＲＡＮＵ,建設DX,不動産・建設,https://s.kabutan.jp/themes/%E5%BB%BA%E8%A8%ADDX/?market=all
5,4612,4612.T,4612.T,自動車部材・部品,自動車・モビリティ,https://s.kabutan.jp/themes/%E8%87%AA%E5%8B%95%E8%BB%8A%E9%83%A8%E6%9D%90%E3%83%BB%E9%83%A8%E5%93%81/?market=all
5,4613,4613.T,4613.T,自動車部材・部品,自動車・モビリティ,https://s.kabutan.jp/themes/%E8%87%AA%E5%8B%95%E8%BB%8A%E9%83%A8%E6%9D%90%E3%83%BB%E9%83%A8%E5%93%81/?market=all
5,4615,4615.T,4615.T,鉄道関連,物流・海運,https://s.kabutan.jp/themes/%E9%89%84%E9%81%93%E9%96%A2%E9%80%A3/?market=all
5,4619,4619.T,4619.T,自動車部材・部品,自動車・モビリティ,https://s.kabutan.jp/themes/%E8%87%AA%E5%8B%95%E8%BB%8A%E9%83%A8%E6%9D%90%E3%83%BB%E9%83%A8%E5%93%81/?market=all
5,4620,4620.T,4620.T,自動車部材・部品,自動車・モビリティ,https://s.kabutan.jp/themes/%E8%87%AA%E5%8B%95%E8%BB%8A%E9%83%A8%E6%9D%90%E3%83%BB%E9%83%A8%E5%93%81/?market=all
5,4624,4624.T,4624.T,自動車部材・部品,自動車・モビリティ,https://s.kabutan.jp/themes/%E8%87%AA%E5%8B%95%E8%BB%8A%E9%83%A8%E6%9D%90%E3%83%BB%E9%83%A8%E5%93%81/?market=all
5,4626,4626.T,太陽ＨＤ,人工知能,AI・半導体,https://s.kabutan.jp/themes/%E4%BA%BA%E5%B7%A5%E7%9F%A5%E8%83%BD/?market=all
5,4626,4626.T,太陽ＨＤ,円安メリット,内需・消費,https://s.kabutan.jp/themes/%E5%86%86%E5%AE%89%E3%83%A1%E3%83%AA%E3%83%83%E3%83%88/?market=all
5,4626,4626.T,太陽ＨＤ,生成AI,AI・半導体,https://s.kabutan.jp/themes/%E7%94%9F%E6%88%90AI/?market=all
5,4627,4627.T,4627.T,自動車部材・部品,自動車・モビリティ,https://s.kabutan.jp/themes/%E8%87%AA%E5%8B%95%E8%BB%8A%E9%83%A8%E6%9D%90%E3%83%BB%E9%83%A8%E5%93%81/?market=all
5,4628,4628.T,4628.T,住宅関連,不動産・建設,https://s.kabutan.jp/themes/%E4%BD%8F%E5%AE%85%E9%96%A2%E9%80%A3/?market=all
5,462A,462A.T,462A.T,証券,金融・金利,https://s.kabutan.jp/themes/%E8%A8%BC%E5%88%B8/?market=all
5,4631,4631.T,4631.T,3Dプリンター,設備投資・機械,https://s.kabutan.jp/themes/3D%E3%83%97%E3%83%AA%E3%83%B3%E3%82%BF%E3%83%BC/?market=all
5,4631,4631.T,4631.T,円安メリット,内需・消費,https://s.kabutan.jp/themes/%E5%86%86%E5%AE%89%E3%83%A1%E3%83%AA%E3%83%83%E3%83%88/?market=all
5,4631,4631.T,4631.T,自動車軽量化,自動車・モビリティ,https://s.kabutan.jp/themes/%E8%87%AA%E5%8B%95%E8%BB%8A%E8%BB%BD%E9%87%8F%E5%8C%96/?market=all
5,4631,4631.T,4631.T,量子コンピューター,AI・半導体,https://s.kabutan.jp/themes/%E9%87%8F%E5%AD%90%E3%82%B3%E3%83%B3%E3%83%94%E3%83%A5%E3%83%BC%E3%82%BF%E3%83%BC/?market=all
5,4634,4634.T,ａｒｔｉｅｎ,半導体部材・部品,AI・半導体,https://s.kabutan.jp/themes/%E5%8D%8A%E5%B0%8E%E4%BD%93%E9%83%A8%E6%9D%90%E3%83%BB%E9%83%A8%E5%93%81/?market=all
5,4634,4634.T,ａｒｔｉｅｎ,自動車部材・部品,自動車・モビリティ,https://s.kabutan.jp/themes/%E8%87%AA%E5%8B%95%E8%BB%8A%E9%83%A8%E6%9D%90%E3%83%BB%E9%83%A8%E5%93%81/?market=all
5,4634,4634.T,ａｒｔｉｅｎ,電気自動車関連,自動車・モビリティ,https://s.kabutan.jp/themes/%E9%9B%BB%E6%B0%97%E8%87%AA%E5%8B%95%E8%BB%8A%E9%96%A2%E9%80%A3/?market=all
5,4635,4635.T,4635.T,3Dプリンター,設備投資・機械,https://s.kabutan.jp/themes/3D%E3%83%97%E3%83%AA%E3%83%B3%E3%82%BF%E3%83%BC/?market=all
5,4635,4635.T,4635.T,自動車部材・部品,自動車・モビリティ,https://s.kabutan.jp/themes/%E8%87%AA%E5%8B%95%E8%BB%8A%E9%83%A8%E6%9D%90%E3%83%BB%E9%83%A8%E5%93%81/?market=all
5,4635,4635.T,4635.T,防災,防衛・国土強靱化,https://s.kabutan.jp/themes/%E9%98%B2%E7%81%BD/?market=all
5,463A,463A.T,463A.T,インバウンド,内需・消費,https://s.kabutan.jp/themes/%E3%82%A4%E3%83%B3%E3%83%90%E3%82%A6%E3%83%B3%E3%83%89/?market=all
5,463A,463A.T,463A.T,ホテル,内需・消費,https://s.kabutan.jp/themes/%E3%83%9B%E3%83%86%E3%83%AB/?market=all
5,463A,463A.T,463A.T,マンション関連,不動産・建設,https://s.kabutan.jp/themes/%E3%83%9E%E3%83%B3%E3%82%B7%E3%83%A7%E3%83%B3%E9%96%A2%E9%80%A3/?market=all
5,463A,463A.T,463A.T,不動産関連,不動産・建設,https://s.kabutan.jp/themes/%E4%B8%8D%E5%8B%95%E7%94%A3%E9%96%A2%E9%80%A3/?market=all
5,4641,4641.T,4641.T,ロボット,AI・半導体,https://s.kabutan.jp/themes/%E3%83%AD%E3%83%9C%E3%83%83%E3%83%88/?market=all
5,4641,4641.T,4641.T,介護関連,医療・ヘルスケア,https://s.kabutan.jp/themes/%E4%BB%8B%E8%AD%B7%E9%96%A2%E9%80%A3/?market=all
5,4642,4642.T,4642.T,下水道,防衛・国土強靱化,https://s.kabutan.jp/themes/%E4%B8%8B%E6%B0%B4%E9%81%93/?market=all
5,4642,4642.T,4642.T,国土強靱化,防衛・国土強靱化,https://s.kabutan.jp/themes/%E5%9B%BD%E5%9C%9F%E5%BC%B7%E9%9D%B1%E5%8C%96/?market=all
5,4642,4642.T,4642.T,水道関連,防衛・国土強靱化,https://s.kabutan.jp/themes/%E6%B0%B4%E9%81%93%E9%96%A2%E9%80%A3/?market=all
5,4642,4642.T,4642.T,耐震化,防衛・国土強靱化,https://s.kabutan.jp/themes/%E8%80%90%E9%9C%87%E5%8C%96/?market=all
5,4642,4642.T,4642.T,防災,防衛・国土強靱化,https://s.kabutan.jp/themes/%E9%98%B2%E7%81%BD/?market=all
5,4644,4644.T,4644.T,ゲーム関連,デジタル・サービス,https://s.kabutan.jp/themes/%E3%82%B2%E3%83%BC%E3%83%A0%E9%96%A2%E9%80%A3/?market=all
5,4645,4645.T,4645.T,介護関連,医療・ヘルスケア,https://s.kabutan.jp/themes/%E4%BB%8B%E8%AD%B7%E9%96%A2%E9%80%A3/?market=all
5,4645,4645.T,4645.T,旅行,内需・消費,https://s.kabutan.jp/themes/%E6%97%85%E8%A1%8C/?market=all
5,464A,464A.T,464A.T,宇宙開発関連,防衛・国土強靱化,https://s.kabutan.jp/themes/%E5%AE%87%E5%AE%99%E9%96%8B%E7%99%BA%E9%96%A2%E9%80%A3/?market=all
5,464A,464A.T,464A.T,防災,防衛・国土強靱化,https://s.kabutan.jp/themes/%E9%98%B2%E7%81%BD/?market=all
5,464A,464A.T,464A.T,防衛,防衛・国土強靱化,https://s.kabutan.jp/themes/%E9%98%B2%E8%A1%9B/?market=all
5,4650,4650.T,4650.T,eコマース,内需・消費,https://s.kabutan.jp/themes/e%E3%82%B3%E3%83%9E%E3%83%BC%E3%82%B9/?market=all
5,4650,4650.T,4650.T,介護関連,医療・ヘルスケア,https://s.kabutan.jp/themes/%E4%BB%8B%E8%AD%B7%E9%96%A2%E9%80%A3/?market=all
5,4651,4651.T,4651.T,再生可能エネルギー,GX・エネルギー,https://s.kabutan.jp/themes/%E5%86%8D%E7%94%9F%E5%8F%AF%E8%83%BD%E3%82%A8%E3%83%8D%E3%83%AB%E3%82%AE%E3%83%BC/?market=all
5,4651,4651.T,4651.T,太陽光発電関連,GX・エネルギー,https://s.kabutan.jp/themes/%E5%A4%AA%E9%99%BD%E5%85%89%E7%99%BA%E9%9B%BB%E9%96%A2%E9%80%A3/?market=all
5,4651,4651.T,4651.T,脱炭素,GX・エネルギー,https://s.kabutan.jp/themes/%E8%84%B1%E7%82%AD%E7%B4%A0/?market=all
5,4658,4658.T,4658.T,太陽光発電関連,GX・エネルギー,https://s.kabutan.jp/themes/%E5%A4%AA%E9%99%BD%E5%85%89%E7%99%BA%E9%9B%BB%E9%96%A2%E9%80%A3/?market=all
5,4661,4661.T,4661.T,インバウンド,内需・消費,https://s.kabutan.jp/themes/%E3%82%A4%E3%83%B3%E3%83%90%E3%82%A6%E3%83%B3%E3%83%89/?market=all
5,4661,4661.T,4661.T,ホテル,内需・消費,https://s.kabutan.jp/themes/%E3%83%9B%E3%83%86%E3%83%AB/?market=all
5,4662,4662.T,フォーカス,IT関連,デジタル・サービス,https://s.kabutan.jp/themes/IT%E9%96%A2%E9%80%A3/?market=all
5,4662,4662.T,フォーカス,IoT,設備投資・機械,https://s.kabutan.jp/themes/IoT/?market=all
5,4662,4662.T,フォーカス,クラウドコンピューティング,デジタル・サービス,https://s.kabutan.jp/themes/%E3%82%AF%E3%83%A9%E3%82%A6%E3%83%89%E3%82%B3%E3%83%B3%E3%83%94%E3%83%A5%E3%83%BC%E3%83%86%E3%82%A3%E3%83%B3%E3%82%B0/?market=all
5,4662,4662.T,フォーカス,サイバーセキュリティ,防衛・国土強靱化,https://s.kabutan.jp/themes/%E3%82%B5%E3%82%A4%E3%83%90%E3%83%BC%E3%82%BB%E3%82%AD%E3%83%A5%E3%83%AA%E3%83%86%E3%82%A3/?market=all
5,4662,4662.T,フォーカス,デジタルトランスフォーメーション,デジタル・サービス,https://s.kabutan.jp/themes/%E3%83%87%E3%82%B8%E3%82%BF%E3%83%AB%E3%83%88%E3%83%A9%E3%83%B3%E3%82%B9%E3%83%95%E3%82%A9%E3%83%BC%E3%83%A1%E3%83%BC%E3%82%B7%E3%83%A7%E3%83%B3/?market=all
5,4662,4662.T,フォーカス,ドローン,防衛・国土強靱化,https://s.kabutan.jp/themes/%E3%83%89%E3%83%AD%E3%83%BC%E3%83%B3/?market=all
5,4662,4662.T,フォーカス,人工知能,AI・半導体,https://s.kabutan.jp/themes/%E4%BA%BA%E5%B7%A5%E7%9F%A5%E8%83%BD/?market=all
5,4664,4664.T,ＲＳＣ,フィジカルAI,AI・半導体,https://s.kabutan.jp/themes/%E3%83%95%E3%82%A3%E3%82%B8%E3%82%AB%E3%83%ABAI/?market=all
5,4664,4664.T,ＲＳＣ,ロボット,AI・半導体,https://s.kabutan.jp/themes/%E3%83%AD%E3%83%9C%E3%83%83%E3%83%88/?market=all
5,4664,4664.T,ＲＳＣ,介護関連,医療・ヘルスケア,https://s.kabutan.jp/themes/%E4%BB%8B%E8%AD%B7%E9%96%A2%E9%80%A3/?market=all
5,4665,4665.T,4665.T,外食,内需・消費,https://s.kabutan.jp/themes/%E5%A4%96%E9%A3%9F/?market=all
5,4666,4666.T,4666.T,MaaS,自動車・モビリティ,https://s.kabutan.jp/themes/MaaS/?market=all
5,4667,4667.T,4667.T,IT関連,デジタル・サービス,https://s.kabutan.jp/themes/IT%E9%96%A2%E9%80%A3/?market=all
5,4667,4667.T,4667.T,MaaS,自動車・モビリティ,https://s.kabutan.jp/themes/MaaS/?market=all
5,4667,4667.T,4667.T,ドローン,防衛・国土強靱化,https://s.kabutan.jp/themes/%E3%83%89%E3%83%AD%E3%83%BC%E3%83%B3/?market=all
5,4667,4667.T,4667.T,不動産関連,不動産・建設,https://s.kabutan.jp/themes/%E4%B8%8D%E5%8B%95%E7%94%A3%E9%96%A2%E9%80%A3/?market=all
5,4667,4667.T,4667.T,宇宙開発関連,防衛・国土強靱化,https://s.kabutan.jp/themes/%E5%AE%87%E5%AE%99%E9%96%8B%E7%99%BA%E9%96%A2%E9%80%A3/?market=all
5,4667,4667.T,4667.T,自動運転車,自動車・モビリティ,https://s.kabutan.jp/themes/%E8%87%AA%E5%8B%95%E9%81%8B%E8%BB%A2%E8%BB%8A/?market=all
5,4671,4671.T,4671.T,バイオテクノロジー関連,医療・ヘルスケア,https://s.kabutan.jp/themes/%E3%83%90%E3%82%A4%E3%82%AA%E3%83%86%E3%82%AF%E3%83%8E%E3%83%AD%E3%82%B8%E3%83%BC%E9%96%A2%E9%80%A3/?market=all
5,4673,4673.T,4673.T,下水道,防衛・国土強靱化,https://s.kabutan.jp/themes/%E4%B8%8B%E6%B0%B4%E9%81%93/?market=all
5,4673,4673.T,4673.T,再生可能エネルギー,GX・エネルギー,https://s.kabutan.jp/themes/%E5%86%8D%E7%94%9F%E5%8F%AF%E8%83%BD%E3%82%A8%E3%83%8D%E3%83%AB%E3%82%AE%E3%83%BC/?market=all
5,4673,4673.T,4673.T,国土強靱化,防衛・国土強靱化,https://s.kabutan.jp/themes/%E5%9B%BD%E5%9C%9F%E5%BC%B7%E9%9D%B1%E5%8C%96/?market=all
5,4673,4673.T,4673.T,防災,防衛・国土強靱化,https://s.kabutan.jp/themes/%E9%98%B2%E7%81%BD/?market=all
5,4674,4674.T,クレスコ,IT関連,デジタル・サービス,https://s.kabutan.jp/themes/IT%E9%96%A2%E9%80%A3/?market=all
5,4674,4674.T,クレスコ,IoT,設備投資・機械,https://s.kabutan.jp/themes/IoT/?market=all
5,4674,4674.T,クレスコ,クラウドコンピューティング,デジタル・サービス,https://s.kabutan.jp/themes/%E3%82%AF%E3%83%A9%E3%82%A6%E3%83%89%E3%82%B3%E3%83%B3%E3%83%94%E3%83%A5%E3%83%BC%E3%83%86%E3%82%A3%E3%83%B3%E3%82%B0/?market=all
5,4674,4674.T,クレスコ,サブスクリプション,デジタル・サービス,https://s.kabutan.jp/themes/%E3%82%B5%E3%83%96%E3%82%B9%E3%82%AF%E3%83%AA%E3%83%97%E3%82%B7%E3%83%A7%E3%83%B3/?market=all
5,4674,4674.T,クレスコ,デジタルトランスフォーメーション,デジタル・サービス,https://s.kabutan.jp/themes/%E3%83%87%E3%82%B8%E3%82%BF%E3%83%AB%E3%83%88%E3%83%A9%E3%83%B3%E3%82%B9%E3%83%95%E3%82%A9%E3%83%BC%E3%83%A1%E3%83%BC%E3%82%B7%E3%83%A7%E3%83%B3/?market=all
5,4674,4674.T,クレスコ,データ分析・解析,AI・半導体,https://s.kabutan.jp/themes/%E3%83%87%E3%83%BC%E3%82%BF%E5%88%86%E6%9E%90%E3%83%BB%E8%A7%A3%E6%9E%90/?market=all
5,4674,4674.T,クレスコ,ロボット,AI・半導体,https://s.kabutan.jp/themes/%E3%83%AD%E3%83%9C%E3%83%83%E3%83%88/?market=all
5,4674,4674.T,クレスコ,人工知能,AI・半導体,https://s.kabutan.jp/themes/%E4%BA%BA%E5%B7%A5%E7%9F%A5%E8%83%BD/?market=all
5,4674,4674.T,クレスコ,生成AI,AI・半導体,https://s.kabutan.jp/themes/%E7%94%9F%E6%88%90AI/?market=all
5,4676,4676.T,4676.T,不動産関連,不動産・建設,https://s.kabutan.jp/themes/%E4%B8%8D%E5%8B%95%E7%94%A3%E9%96%A2%E9%80%A3/?market=all
5,4676,4676.T,4676.T,再開発,不動産・建設,https://s.kabutan.jp/themes/%E5%86%8D%E9%96%8B%E7%99%BA/?market=all
5,4681,4681.T,4681.T,ホテル,内需・消費,https://s.kabutan.jp/themes/%E3%83%9B%E3%83%86%E3%83%AB/?market=all
5,4681,4681.T,4681.T,介護関連,医療・ヘルスケア,https://s.kabutan.jp/themes/%E4%BB%8B%E8%AD%B7%E9%96%A2%E9%80%A3/?market=all
5,4681,4681.T,4681.T,旅行,内需・消費,https://s.kabutan.jp/themes/%E6%97%85%E8%A1%8C/?market=all
5,4684,4684.T,4684.T,IT関連,デジタル・サービス,https://s.kabutan.jp/themes/IT%E9%96%A2%E9%80%A3/?market=all
5,4684,4684.T,4684.T,SaaS,デジタル・サービス,https://s.kabutan.jp/themes/SaaS/?market=all
5,4684,4684.T,4684.T,クラウドコンピューティング,デジタル・サービス,https://s.kabutan.jp/themes/%E3%82%AF%E3%83%A9%E3%82%A6%E3%83%89%E3%82%B3%E3%83%B3%E3%83%94%E3%83%A5%E3%83%BC%E3%83%86%E3%82%A3%E3%83%B3%E3%82%B0/?market=all
5,4684,4684.T,4684.T,デジタルトランスフォーメーション,デジタル・サービス,https://s.kabutan.jp/themes/%E3%83%87%E3%82%B8%E3%82%BF%E3%83%AB%E3%83%88%E3%83%A9%E3%83%B3%E3%82%B9%E3%83%95%E3%82%A9%E3%83%BC%E3%83%A1%E3%83%BC%E3%82%B7%E3%83%A7%E3%83%B3/?market=all
5,4684,4684.T,4684.T,マイナンバー,デジタル・サービス,https://s.kabutan.jp/themes/%E3%83%9E%E3%82%A4%E3%83%8A%E3%83%B3%E3%83%90%E3%83%BC/?market=all
5,4684,4684.T,4684.T,電子政府,デジタル・サービス,https://s.kabutan.jp/themes/%E9%9B%BB%E5%AD%90%E6%94%BF%E5%BA%9C/?market=all
5,4685,4685.T,菱友システム,IT関連,デジタル・サービス,https://s.kabutan.jp/themes/IT%E9%96%A2%E9%80%A3/?market=all
5,4685,4685.T,菱友システム,IoT,設備投資・機械,https://s.kabutan.jp/themes/IoT/?market=all
5,4685,4685.T,菱友システム,SaaS,デジタル・サービス,https://s.kabutan.jp/themes/SaaS/?market=all
5,4685,4685.T,菱友システム,サイバーセキュリティ,防衛・国土強靱化,https://s.kabutan.jp/themes/%E3%82%B5%E3%82%A4%E3%83%90%E3%83%BC%E3%82%BB%E3%82%AD%E3%83%A5%E3%83%AA%E3%83%86%E3%82%A3/?market=all
5,4685,4685.T,菱友システム,人工知能,AI・半導体,https://s.kabutan.jp/themes/%E4%BA%BA%E5%B7%A5%E7%9F%A5%E8%83%BD/?market=all
5,4685,4685.T,菱友システム,宇宙開発関連,防衛・国土強靱化,https://s.kabutan.jp/themes/%E5%AE%87%E5%AE%99%E9%96%8B%E7%99%BA%E9%96%A2%E9%80%A3/?market=all
5,4685,4685.T,菱友システム,防衛,防衛・国土強靱化,https://s.kabutan.jp/themes/%E9%98%B2%E8%A1%9B/?market=all
5,4686,4686.T,ジャスト,IT関連,デジタル・サービス,https://s.kabutan.jp/themes/IT%E9%96%A2%E9%80%A3/?market=all
5,4686,4686.T,ジャスト,eコマース,内需・消費,https://s.kabutan.jp/themes/e%E3%82%B3%E3%83%9E%E3%83%BC%E3%82%B9/?market=all
5,4686,4686.T,ジャスト,クラウドコンピューティング,デジタル・サービス,https://s.kabutan.jp/themes/%E3%82%AF%E3%83%A9%E3%82%A6%E3%83%89%E3%82%B3%E3%83%B3%E3%83%94%E3%83%A5%E3%83%BC%E3%83%86%E3%82%A3%E3%83%B3%E3%82%B0/?market=all
5,4686,4686.T,ジャスト,サブスクリプション,デジタル・サービス,https://s.kabutan.jp/themes/%E3%82%B5%E3%83%96%E3%82%B9%E3%82%AF%E3%83%AA%E3%83%97%E3%82%B7%E3%83%A7%E3%83%B3/?market=all
5,4686,4686.T,ジャスト,データ分析・解析,AI・半導体,https://s.kabutan.jp/themes/%E3%83%87%E3%83%BC%E3%82%BF%E5%88%86%E6%9E%90%E3%83%BB%E8%A7%A3%E6%9E%90/?market=all
5,4686,4686.T,ジャスト,人工知能,AI・半導体,https://s.kabutan.jp/themes/%E4%BA%BA%E5%B7%A5%E7%9F%A5%E8%83%BD/?market=all
5,4686,4686.T,ジャスト,教育ICT,デジタル・サービス,https://s.kabutan.jp/themes/%E6%95%99%E8%82%B2ICT/?market=all
5,4686,4686.T,ジャスト,生成AI,AI・半導体,https://s.kabutan.jp/themes/%E7%94%9F%E6%88%90AI/?market=all
5,4687,4687.T,ＴＤＣソフト,IT関連,デジタル・サービス,https://s.kabutan.jp/themes/IT%E9%96%A2%E9%80%A3/?market=all
5,4687,4687.T,ＴＤＣソフト,クラウドコンピューティング,デジタル・サービス,https://s.kabutan.jp/themes/%E3%82%AF%E3%83%A9%E3%82%A6%E3%83%89%E3%82%B3%E3%83%B3%E3%83%94%E3%83%A5%E3%83%BC%E3%83%86%E3%82%A3%E3%83%B3%E3%82%B0/?market=all
5,4687,4687.T,ＴＤＣソフト,サイバーセキュリティ,防衛・国土強靱化,https://s.kabutan.jp/themes/%E3%82%B5%E3%82%A4%E3%83%90%E3%83%BC%E3%82%BB%E3%82%AD%E3%83%A5%E3%83%AA%E3%83%86%E3%82%A3/?market=all
5,4687,4687.T,ＴＤＣソフト,デジタルトランスフォーメーション,デジタル・サービス,https://s.kabutan.jp/themes/%E3%83%87%E3%82%B8%E3%82%BF%E3%83%AB%E3%83%88%E3%83%A9%E3%83%B3%E3%82%B9%E3%83%95%E3%82%A9%E3%83%BC%E3%83%A1%E3%83%BC%E3%82%B7%E3%83%A7%E3%83%B3/?market=all
5,4687,4687.T,ＴＤＣソフト,人工知能,AI・半導体,https://s.kabutan.jp/themes/%E4%BA%BA%E5%B7%A5%E7%9F%A5%E8%83%BD/?market=all
5,4689,4689.T,ラインヤフー,IT関連,デジタル・サービス,https://s.kabutan.jp/themes/IT%E9%96%A2%E9%80%A3/?market=all
5,4689,4689.T,ラインヤフー,IoT,設備投資・機械,https://s.kabutan.jp/themes/IoT/?market=all
5,4689,4689.T,ラインヤフー,SaaS,デジタル・サービス,https://s.kabutan.jp/themes/SaaS/?market=all
5,4689,4689.T,ラインヤフー,eコマース,内需・消費,https://s.kabutan.jp/themes/e%E3%82%B3%E3%83%9E%E3%83%BC%E3%82%B9/?market=all
5,4689,4689.T,ラインヤフー,キャッシュレス決済,金融・金利,https://s.kabutan.jp/themes/%E3%82%AD%E3%83%A3%E3%83%83%E3%82%B7%E3%83%A5%E3%83%AC%E3%82%B9%E6%B1%BA%E6%B8%88/?market=all
5,4689,4689.T,ラインヤフー,クラウドコンピューティング,デジタル・サービス,https://s.kabutan.jp/themes/%E3%82%AF%E3%83%A9%E3%82%A6%E3%83%89%E3%82%B3%E3%83%B3%E3%83%94%E3%83%A5%E3%83%BC%E3%83%86%E3%82%A3%E3%83%B3%E3%82%B0/?market=all
5,4689,4689.T,ラインヤフー,ゲーム関連,デジタル・サービス,https://s.kabutan.jp/themes/%E3%82%B2%E3%83%BC%E3%83%A0%E9%96%A2%E9%80%A3/?market=all
5,4689,4689.T,ラインヤフー,データセンター,データセンター・電力,https://s.kabutan.jp/themes/%E3%83%87%E3%83%BC%E3%82%BF%E3%82%BB%E3%83%B3%E3%82%BF%E3%83%BC/?market=all
5,4689,4689.T,ラインヤフー,ネット銀行,金融・金利,https://s.kabutan.jp/themes/%E3%83%8D%E3%83%83%E3%83%88%E9%8A%80%E8%A1%8C/?market=all
5,4689,4689.T,ラインヤフー,フィンテック,金融・金利,https://s.kabutan.jp/themes/%E3%83%95%E3%82%A3%E3%83%B3%E3%83%86%E3%83%83%E3%82%AF/?market=all
5,4689,4689.T,ラインヤフー,小売り,内需・消費,https://s.kabutan.jp/themes/%E5%B0%8F%E5%A3%B2%E3%82%8A/?market=all
5,4689,4689.T,ラインヤフー,自動運転車,自動車・モビリティ,https://s.kabutan.jp/themes/%E8%87%AA%E5%8B%95%E9%81%8B%E8%BB%A2%E8%BB%8A/?market=all
5,4689,4689.T,ラインヤフー,証券,金融・金利,https://s.kabutan.jp/themes/%E8%A8%BC%E5%88%B8/?market=all
5,4689,4689.T,ラインヤフー,遠隔医療,医療・ヘルスケア,https://s.kabutan.jp/themes/%E9%81%A0%E9%9A%94%E5%8C%BB%E7%99%82/?market=all
5,4691,4691.T,4691.T,インバウンド,内需・消費,https://s.kabutan.jp/themes/%E3%82%A4%E3%83%B3%E3%83%90%E3%82%A6%E3%83%B3%E3%83%89/?market=all
5,4691,4691.T,4691.T,ホテル,内需・消費,https://s.kabutan.jp/themes/%E3%83%9B%E3%83%86%E3%83%AB/?market=all
5,4694,4694.T,4694.T,クラウドコンピューティング,デジタル・サービス,https://s.kabutan.jp/themes/%E3%82%AF%E3%83%A9%E3%82%A6%E3%83%89%E3%82%B3%E3%83%B3%E3%83%94%E3%83%A5%E3%83%BC%E3%83%86%E3%82%A3%E3%83%B3%E3%82%B0/?market=all
5,4694,4694.T,4694.T,バイオテクノロジー関連,医療・ヘルスケア,https://s.kabutan.jp/themes/%E3%83%90%E3%82%A4%E3%82%AA%E3%83%86%E3%82%AF%E3%83%8E%E3%83%AD%E3%82%B8%E3%83%BC%E9%96%A2%E9%80%A3/?market=all
5,4694,4694.T,4694.T,医療機器,医療・ヘルスケア,https://s.kabutan.jp/themes/%E5%8C%BB%E7%99%82%E6%A9%9F%E5%99%A8/?market=all
5,469A,469A.T,469A.T,宅配,物流・海運,https://s.kabutan.jp/themes/%E5%AE%85%E9%85%8D/?market=all
5,4704,4704.T,4704.T,IT関連,デジタル・サービス,https://s.kabutan.jp/themes/IT%E9%96%A2%E9%80%A3/?market=all
5,4704,4704.T,4704.T,クラウドコンピューティング,デジタル・サービス,https://s.kabutan.jp/themes/%E3%82%AF%E3%83%A9%E3%82%A6%E3%83%89%E3%82%B3%E3%83%B3%E3%83%94%E3%83%A5%E3%83%BC%E3%83%86%E3%82%A3%E3%83%B3%E3%82%B0/?market=all
5,4704,4704.T,4704.T,サイバーセキュリティ,防衛・国土強靱化,https://s.kabutan.jp/themes/%E3%82%B5%E3%82%A4%E3%83%90%E3%83%BC%E3%82%BB%E3%82%AD%E3%83%A5%E3%83%AA%E3%83%86%E3%82%A3/?market=all
5,4704,4704.T,4704.T,マイナンバー,デジタル・サービス,https://s.kabutan.jp/themes/%E3%83%9E%E3%82%A4%E3%83%8A%E3%83%B3%E3%83%90%E3%83%BC/?market=all
5,4705,4705.T,4705.T,宅配,物流・海運,https://s.kabutan.jp/themes/%E5%AE%85%E9%85%8D/?market=all
5,4707,4707.T,4707.T,国土強靱化,防衛・国土強靱化,https://s.kabutan.jp/themes/%E5%9B%BD%E5%9C%9F%E5%BC%B7%E9%9D%B1%E5%8C%96/?market=all
5,4707,4707.T,4707.T,耐震化,防衛・国土強靱化,https://s.kabutan.jp/themes/%E8%80%90%E9%9C%87%E5%8C%96/?market=all
5,4707,4707.T,4707.T,防災,防衛・国土強靱化,https://s.kabutan.jp/themes/%E9%98%B2%E7%81%BD/?market=all
5,4709,4709.T,ＩＤＨＤ,IT関連,デジタル・サービス,https://s.kabutan.jp/themes/IT%E9%96%A2%E9%80%A3/?market=all
5,4709,4709.T,ＩＤＨＤ,クラウドコンピューティング,デジタル・サービス,https://s.kabutan.jp/themes/%E3%82%AF%E3%83%A9%E3%82%A6%E3%83%89%E3%82%B3%E3%83%B3%E3%83%94%E3%83%A5%E3%83%BC%E3%83%86%E3%82%A3%E3%83%B3%E3%82%B0/?market=all
5,4709,4709.T,ＩＤＨＤ,サイバーセキュリティ,防衛・国土強靱化,https://s.kabutan.jp/themes/%E3%82%B5%E3%82%A4%E3%83%90%E3%83%BC%E3%82%BB%E3%82%AD%E3%83%A5%E3%83%AA%E3%83%86%E3%82%A3/?market=all
5,4709,4709.T,ＩＤＨＤ,デジタルトランスフォーメーション,デジタル・サービス,https://s.kabutan.jp/themes/%E3%83%87%E3%82%B8%E3%82%BF%E3%83%AB%E3%83%88%E3%83%A9%E3%83%B3%E3%82%B9%E3%83%95%E3%82%A9%E3%83%BC%E3%83%A1%E3%83%BC%E3%82%B7%E3%83%A7%E3%83%B3/?market=all
5,4709,4709.T,ＩＤＨＤ,データセンター,データセンター・電力,https://s.kabutan.jp/themes/%E3%83%87%E3%83%BC%E3%82%BF%E3%82%BB%E3%83%B3%E3%82%BF%E3%83%BC/?market=all
5,4709,4709.T,ＩＤＨＤ,マイナンバー,デジタル・サービス,https://s.kabutan.jp/themes/%E3%83%9E%E3%82%A4%E3%83%8A%E3%83%B3%E3%83%90%E3%83%BC/?market=all
5,4716,4716.T,日本オラクル,IT関連,デジタル・サービス,https://s.kabutan.jp/themes/IT%E9%96%A2%E9%80%A3/?market=all
5,4716,4716.T,日本オラクル,SaaS,デジタル・サービス,https://s.kabutan.jp/themes/SaaS/?market=all
5,4716,4716.T,日本オラクル,クラウドコンピューティング,デジタル・サービス,https://s.kabutan.jp/themes/%E3%82%AF%E3%83%A9%E3%82%A6%E3%83%89%E3%82%B3%E3%83%B3%E3%83%94%E3%83%A5%E3%83%BC%E3%83%86%E3%82%A3%E3%83%B3%E3%82%B0/?market=all
5,4716,4716.T,日本オラクル,デジタルトランスフォーメーション,デジタル・サービス,https://s.kabutan.jp/themes/%E3%83%87%E3%82%B8%E3%82%BF%E3%83%AB%E3%83%88%E3%83%A9%E3%83%B3%E3%82%B9%E3%83%95%E3%82%A9%E3%83%BC%E3%83%A1%E3%83%BC%E3%82%B7%E3%83%A7%E3%83%B3/?market=all
5,4716,4716.T,日本オラクル,データベース,デジタル・サービス,https://s.kabutan.jp/themes/%E3%83%87%E3%83%BC%E3%82%BF%E3%83%99%E3%83%BC%E3%82%B9/?market=all
5,4716,4716.T,日本オラクル,電子政府,デジタル・サービス,https://s.kabutan.jp/themes/%E9%9B%BB%E5%AD%90%E6%94%BF%E5%BA%9C/?market=all
5,4719,4719.T,4719.T,IT関連,デジタル・サービス,https://s.kabutan.jp/themes/IT%E9%96%A2%E9%80%A3/?market=all
5,4720,4720.T,4720.T,教育ICT,デジタル・サービス,https://s.kabutan.jp/themes/%E6%95%99%E8%82%B2ICT/?market=all
5,4722,4722.T,フューチャー,IT関連,デジタル・サービス,https://s.kabutan.jp/themes/IT%E9%96%A2%E9%80%A3/?market=all
5,4722,4722.T,フューチャー,eコマース,内需・消費,https://s.kabutan.jp/themes/e%E3%82%B3%E3%83%9E%E3%83%BC%E3%82%B9/?market=all
5,4722,4722.T,フューチャー,クラウドコンピューティング,デジタル・サービス,https://s.kabutan.jp/themes/%E3%82%AF%E3%83%A9%E3%82%A6%E3%83%89%E3%82%B3%E3%83%B3%E3%83%94%E3%83%A5%E3%83%BC%E3%83%86%E3%82%A3%E3%83%B3%E3%82%B0/?market=all
5,4722,4722.T,フューチャー,デジタルトランスフォーメーション,デジタル・サービス,https://s.kabutan.jp/themes/%E3%83%87%E3%82%B8%E3%82%BF%E3%83%AB%E3%83%88%E3%83%A9%E3%83%B3%E3%82%B9%E3%83%95%E3%82%A9%E3%83%BC%E3%83%A1%E3%83%BC%E3%82%B7%E3%83%A7%E3%83%B3/?market=all
5,4722,4722.T,フューチャー,人工知能,AI・半導体,https://s.kabutan.jp/themes/%E4%BA%BA%E5%B7%A5%E7%9F%A5%E8%83%BD/?market=all
5,4722,4722.T,フューチャー,生成AI,AI・半導体,https://s.kabutan.jp/themes/%E7%94%9F%E6%88%90AI/?market=all
5,4725,4725.T,ＣＡＣ,IT関連,デジタル・サービス,https://s.kabutan.jp/themes/IT%E9%96%A2%E9%80%A3/?market=all
5,4725,4725.T,ＣＡＣ,IoT,設備投資・機械,https://s.kabutan.jp/themes/IoT/?market=all
5,4725,4725.T,ＣＡＣ,クラウドコンピューティング,デジタル・サービス,https://s.kabutan.jp/themes/%E3%82%AF%E3%83%A9%E3%82%A6%E3%83%89%E3%82%B3%E3%83%B3%E3%83%94%E3%83%A5%E3%83%BC%E3%83%86%E3%82%A3%E3%83%B3%E3%82%B0/?market=all
5,4725,4725.T,ＣＡＣ,デジタルトランスフォーメーション,デジタル・サービス,https://s.kabutan.jp/themes/%E3%83%87%E3%82%B8%E3%82%BF%E3%83%AB%E3%83%88%E3%83%A9%E3%83%B3%E3%82%B9%E3%83%95%E3%82%A9%E3%83%BC%E3%83%A1%E3%83%BC%E3%82%B7%E3%83%A7%E3%83%B3/?market=all
5,4725,4725.T,ＣＡＣ,人工知能,AI・半導体,https://s.kabutan.jp/themes/%E4%BA%BA%E5%B7%A5%E7%9F%A5%E8%83%BD/?market=all
5,4728,4728.T,4728.T,ゲーム関連,デジタル・サービス,https://s.kabutan.jp/themes/%E3%82%B2%E3%83%BC%E3%83%A0%E9%96%A2%E9%80%A3/?market=all
5,472A,472A.T,472A.T,IT関連,デジタル・サービス,https://s.kabutan.jp/themes/IT%E9%96%A2%E9%80%A3/?market=all
5,472A,472A.T,472A.T,ゲーム関連,デジタル・サービス,https://s.kabutan.jp/themes/%E3%82%B2%E3%83%BC%E3%83%A0%E9%96%A2%E9%80%A3/?market=all
5,4733,4733.T,4733.T,IT関連,デジタル・サービス,https://s.kabutan.jp/themes/IT%E9%96%A2%E9%80%A3/?market=all
5,4733,4733.T,4733.T,SaaS,デジタル・サービス,https://s.kabutan.jp/themes/SaaS/?market=all
5,4733,4733.T,4733.T,クラウドコンピューティング,デジタル・サービス,https://s.kabutan.jp/themes/%E3%82%AF%E3%83%A9%E3%82%A6%E3%83%89%E3%82%B3%E3%83%B3%E3%83%94%E3%83%A5%E3%83%BC%E3%83%86%E3%82%A3%E3%83%B3%E3%82%B0/?market=all
5,4733,4733.T,4733.T,デジタルトランスフォーメーション,デジタル・サービス,https://s.kabutan.jp/themes/%E3%83%87%E3%82%B8%E3%82%BF%E3%83%AB%E3%83%88%E3%83%A9%E3%83%B3%E3%82%B9%E3%83%95%E3%82%A9%E3%83%BC%E3%83%A1%E3%83%BC%E3%82%B7%E3%83%A7%E3%83%B3/?market=all
5,4733,4733.T,4733.T,マイナンバー,デジタル・サービス,https://s.kabutan.jp/themes/%E3%83%9E%E3%82%A4%E3%83%8A%E3%83%B3%E3%83%90%E3%83%BC/?market=all
5,4733,4733.T,4733.T,電子政府,デジタル・サービス,https://s.kabutan.jp/themes/%E9%9B%BB%E5%AD%90%E6%94%BF%E5%BA%9C/?market=all
5,4735,4735.T,4735.T,介護関連,医療・ヘルスケア,https://s.kabutan.jp/themes/%E4%BB%8B%E8%AD%B7%E9%96%A2%E9%80%A3/?market=all
5,4736,4736.T,日本ラッド,IT関連,デジタル・サービス,https://s.kabutan.jp/themes/IT%E9%96%A2%E9%80%A3/?market=all
5,4736,4736.T,日本ラッド,IoT,設備投資・機械,https://s.kabutan.jp/themes/IoT/?market=all
5,4736,4736.T,日本ラッド,クラウドコンピューティング,デジタル・サービス,https://s.kabutan.jp/themes/%E3%82%AF%E3%83%A9%E3%82%A6%E3%83%89%E3%82%B3%E3%83%B3%E3%83%94%E3%83%A5%E3%83%BC%E3%83%86%E3%82%A3%E3%83%B3%E3%82%B0/?market=all
5,4736,4736.T,日本ラッド,デジタルトランスフォーメーション,デジタル・サービス,https://s.kabutan.jp/themes/%E3%83%87%E3%82%B8%E3%82%BF%E3%83%AB%E3%83%88%E3%83%A9%E3%83%B3%E3%82%B9%E3%83%95%E3%82%A9%E3%83%BC%E3%83%A1%E3%83%BC%E3%82%B7%E3%83%A7%E3%83%B3/?market=all
5,4736,4736.T,日本ラッド,データセンター,データセンター・電力,https://s.kabutan.jp/themes/%E3%83%87%E3%83%BC%E3%82%BF%E3%82%BB%E3%83%B3%E3%82%BF%E3%83%BC/?market=all
5,4736,4736.T,日本ラッド,データ分析・解析,AI・半導体,https://s.kabutan.jp/themes/%E3%83%87%E3%83%BC%E3%82%BF%E5%88%86%E6%9E%90%E3%83%BB%E8%A7%A3%E6%9E%90/?market=all
5,4736,4736.T,日本ラッド,人工知能,AI・半導体,https://s.kabutan.jp/themes/%E4%BA%BA%E5%B7%A5%E7%9F%A5%E8%83%BD/?market=all
5,4736,4736.T,日本ラッド,医療機器,医療・ヘルスケア,https://s.kabutan.jp/themes/%E5%8C%BB%E7%99%82%E6%A9%9F%E5%99%A8/?market=all
5,4736,4736.T,日本ラッド,生成AI,AI・半導体,https://s.kabutan.jp/themes/%E7%94%9F%E6%88%90AI/?market=all
5,4736,4736.T,日本ラッド,量子コンピューター,AI・半導体,https://s.kabutan.jp/themes/%E9%87%8F%E5%AD%90%E3%82%B3%E3%83%B3%E3%83%94%E3%83%A5%E3%83%BC%E3%82%BF%E3%83%BC/?market=all
5,4743,4743.T,4743.T,IT関連,デジタル・サービス,https://s.kabutan.jp/themes/IT%E9%96%A2%E9%80%A3/?market=all
5,4743,4743.T,4743.T,eコマース,内需・消費,https://s.kabutan.jp/themes/e%E3%82%B3%E3%83%9E%E3%83%BC%E3%82%B9/?market=all
5,4743,4743.T,4743.T,キャッシュレス決済,金融・金利,https://s.kabutan.jp/themes/%E3%82%AD%E3%83%A3%E3%83%83%E3%82%B7%E3%83%A5%E3%83%AC%E3%82%B9%E6%B1%BA%E6%B8%88/?market=all
5,4743,4743.T,4743.T,デジタルトランスフォーメーション,デジタル・サービス,https://s.kabutan.jp/themes/%E3%83%87%E3%82%B8%E3%82%BF%E3%83%AB%E3%83%88%E3%83%A9%E3%83%B3%E3%82%B9%E3%83%95%E3%82%A9%E3%83%BC%E3%83%A1%E3%83%BC%E3%82%B7%E3%83%A7%E3%83%B3/?market=all
5,4743,4743.T,4743.T,フィンテック,金融・金利,https://s.kabutan.jp/themes/%E3%83%95%E3%82%A3%E3%83%B3%E3%83%86%E3%83%83%E3%82%AF/?market=all
5,4743,4743.T,4743.T,マイナンバー,デジタル・サービス,https://s.kabutan.jp/themes/%E3%83%9E%E3%82%A4%E3%83%8A%E3%83%B3%E3%83%90%E3%83%BC/?market=all
5,4746,4746.T,東計電算,IT関連,デジタル・サービス,https://s.kabutan.jp/themes/IT%E9%96%A2%E9%80%A3/?market=all
5,4746,4746.T,東計電算,SaaS,デジタル・サービス,https://s.kabutan.jp/themes/SaaS/?market=all
5,4746,4746.T,東計電算,クラウドコンピューティング,デジタル・サービス,https://s.kabutan.jp/themes/%E3%82%AF%E3%83%A9%E3%82%A6%E3%83%89%E3%82%B3%E3%83%B3%E3%83%94%E3%83%A5%E3%83%BC%E3%83%86%E3%82%A3%E3%83%B3%E3%82%B0/?market=all
5,4746,4746.T,東計電算,データセンター,データセンター・電力,https://s.kabutan.jp/themes/%E3%83%87%E3%83%BC%E3%82%BF%E3%82%BB%E3%83%B3%E3%82%BF%E3%83%BC/?market=all
5,4746,4746.T,東計電算,人工知能,AI・半導体,https://s.kabutan.jp/themes/%E4%BA%BA%E5%B7%A5%E7%9F%A5%E8%83%BD/?market=all
5,4746,4746.T,東計電算,物流テック,設備投資・機械,https://s.kabutan.jp/themes/%E7%89%A9%E6%B5%81%E3%83%86%E3%83%83%E3%82%AF/?market=all
5,4750,4750.T,4750.T,住宅関連,不動産・建設,https://s.kabutan.jp/themes/%E4%BD%8F%E5%AE%85%E9%96%A2%E9%80%A3/?market=all
5,4751,4751.T,サイバー,ゲーム関連,デジタル・サービス,https://s.kabutan.jp/themes/%E3%82%B2%E3%83%BC%E3%83%A0%E9%96%A2%E9%80%A3/?market=all
5,4751,4751.T,サイバー,人工知能,AI・半導体,https://s.kabutan.jp/themes/%E4%BA%BA%E5%B7%A5%E7%9F%A5%E8%83%BD/?market=all
5,4751,4751.T,サイバー,教育ICT,デジタル・サービス,https://s.kabutan.jp/themes/%E6%95%99%E8%82%B2ICT/?market=all
5,4751,4751.T,サイバー,生成AI,AI・半導体,https://s.kabutan.jp/themes/%E7%94%9F%E6%88%90AI/?market=all
5,4752,4752.T,4752.T,IT関連,デジタル・サービス,https://s.kabutan.jp/themes/IT%E9%96%A2%E9%80%A3/?market=all
5,4755,4755.T,4755.T,IT関連,デジタル・サービス,https://s.kabutan.jp/themes/IT%E9%96%A2%E9%80%A3/?market=all
5,4755,4755.T,4755.T,eコマース,内需・消費,https://s.kabutan.jp/themes/e%E3%82%B3%E3%83%9E%E3%83%BC%E3%82%B9/?market=all
5,4755,4755.T,4755.T,インバウンド,内需・消費,https://s.kabutan.jp/themes/%E3%82%A4%E3%83%B3%E3%83%90%E3%82%A6%E3%83%B3%E3%83%89/?market=all
5,4755,4755.T,4755.T,キャッシュレス決済,金融・金利,https://s.kabutan.jp/themes/%E3%82%AD%E3%83%A3%E3%83%83%E3%82%B7%E3%83%A5%E3%83%AC%E3%82%B9%E6%B1%BA%E6%B8%88/?market=all
5,4755,4755.T,4755.T,ゲーム関連,デジタル・サービス,https://s.kabutan.jp/themes/%E3%82%B2%E3%83%BC%E3%83%A0%E9%96%A2%E9%80%A3/?market=all
5,4755,4755.T,4755.T,ドローン,防衛・国土強靱化,https://s.kabutan.jp/themes/%E3%83%89%E3%83%AD%E3%83%BC%E3%83%B3/?market=all
5,4755,4755.T,4755.T,ネット銀行,金融・金利,https://s.kabutan.jp/themes/%E3%83%8D%E3%83%83%E3%83%88%E9%8A%80%E8%A1%8C/?market=all
5,4755,4755.T,4755.T,外食,内需・消費,https://s.kabutan.jp/themes/%E5%A4%96%E9%A3%9F/?market=all
5,4755,4755.T,4755.T,小売り,内需・消費,https://s.kabutan.jp/themes/%E5%B0%8F%E5%A3%B2%E3%82%8A/?market=all
5,4755,4755.T,4755.T,旅行,内需・消費,https://s.kabutan.jp/themes/%E6%97%85%E8%A1%8C/?market=all
5,4755,4755.T,4755.T,証券,金融・金利,https://s.kabutan.jp/themes/%E8%A8%BC%E5%88%B8/?market=all
5,4755,4755.T,4755.T,防衛,防衛・国土強靱化,https://s.kabutan.jp/themes/%E9%98%B2%E8%A1%9B/?market=all
5,475A,475A.T,475A.T,サブスクリプション,デジタル・サービス,https://s.kabutan.jp/themes/%E3%82%B5%E3%83%96%E3%82%B9%E3%82%AF%E3%83%AA%E3%83%97%E3%82%B7%E3%83%A7%E3%83%B3/?market=all
5,475A,475A.T,475A.T,デジタルトランスフォーメーション,デジタル・サービス,https://s.kabutan.jp/themes/%E3%83%87%E3%82%B8%E3%82%BF%E3%83%AB%E3%83%88%E3%83%A9%E3%83%B3%E3%82%B9%E3%83%95%E3%82%A9%E3%83%BC%E3%83%A1%E3%83%BC%E3%82%B7%E3%83%A7%E3%83%B3/?market=all
5,4761,4761.T,さくらＫＣＳ,IT関連,デジタル・サービス,https://s.kabutan.jp/themes/IT%E9%96%A2%E9%80%A3/?market=all
5,4761,4761.T,さくらＫＣＳ,データセンター,データセンター・電力,https://s.kabutan.jp/themes/%E3%83%87%E3%83%BC%E3%82%BF%E3%82%BB%E3%83%B3%E3%82%BF%E3%83%BC/?market=all
5,4761,4761.T,さくらＫＣＳ,マイナンバー,デジタル・サービス,https://s.kabutan.jp/themes/%E3%83%9E%E3%82%A4%E3%83%8A%E3%83%B3%E3%83%90%E3%83%BC/?market=all
5,4762,4762.T,4762.T,IT関連,デジタル・サービス,https://s.kabutan.jp/themes/IT%E9%96%A2%E9%80%A3/?market=all
5,4763,4763.T,Ｃ＆Ｒ,AIエージェント,AI・半導体,https://s.kabutan.jp/themes/AI%E3%82%A8%E3%83%BC%E3%82%B8%E3%82%A7%E3%83%B3%E3%83%88/?market=all
5,4763,4763.T,Ｃ＆Ｒ,IT関連,デジタル・サービス,https://s.kabutan.jp/themes/IT%E9%96%A2%E9%80%A3/?market=all
5,4763,4763.T,Ｃ＆Ｒ,データ分析・解析,AI・半導体,https://s.kabutan.jp/themes/%E3%83%87%E3%83%BC%E3%82%BF%E5%88%86%E6%9E%90%E3%83%BB%E8%A7%A3%E6%9E%90/?market=all
5,4763,4763.T,Ｃ＆Ｒ,ドローン,防衛・国土強靱化,https://s.kabutan.jp/themes/%E3%83%89%E3%83%AD%E3%83%BC%E3%83%B3/?market=all
5,4763,4763.T,Ｃ＆Ｒ,人工知能,AI・半導体,https://s.kabutan.jp/themes/%E4%BA%BA%E5%B7%A5%E7%9F%A5%E8%83%BD/?market=all
5,4763,4763.T,Ｃ＆Ｒ,生成AI,AI・半導体,https://s.kabutan.jp/themes/%E7%94%9F%E6%88%90AI/?market=all
5,4768,4768.T,4768.T,IT関連,デジタル・サービス,https://s.kabutan.jp/themes/IT%E9%96%A2%E9%80%A3/?market=all
5,4768,4768.T,4768.T,クラウドコンピューティング,デジタル・サービス,https://s.kabutan.jp/themes/%E3%82%AF%E3%83%A9%E3%82%A6%E3%83%89%E3%82%B3%E3%83%B3%E3%83%94%E3%83%A5%E3%83%BC%E3%83%86%E3%82%A3%E3%83%B3%E3%82%B0/?market=all
5,4768,4768.T,4768.T,デジタルトランスフォーメーション,デジタル・サービス,https://s.kabutan.jp/themes/%E3%83%87%E3%82%B8%E3%82%BF%E3%83%AB%E3%83%88%E3%83%A9%E3%83%B3%E3%82%B9%E3%83%95%E3%82%A9%E3%83%BC%E3%83%A1%E3%83%BC%E3%82%B7%E3%83%A7%E3%83%B3/?market=all
5,4768,4768.T,4768.T,マイナンバー,デジタル・サービス,https://s.kabutan.jp/themes/%E3%83%9E%E3%82%A4%E3%83%8A%E3%83%B3%E3%83%90%E3%83%BC/?market=all
5,4769,4769.T,4769.T,IT関連,デジタル・サービス,https://s.kabutan.jp/themes/IT%E9%96%A2%E9%80%A3/?market=all
5,4769,4769.T,4769.T,クラウドコンピューティング,デジタル・サービス,https://s.kabutan.jp/themes/%E3%82%AF%E3%83%A9%E3%82%A6%E3%83%89%E3%82%B3%E3%83%B3%E3%83%94%E3%83%A5%E3%83%BC%E3%83%86%E3%82%A3%E3%83%B3%E3%82%B0/?market=all
5,4769,4769.T,4769.T,マイナンバー,デジタル・サービス,https://s.kabutan.jp/themes/%E3%83%9E%E3%82%A4%E3%83%8A%E3%83%B3%E3%83%90%E3%83%BC/?market=all
5,476A,476A.T,476A.T,IT関連,デジタル・サービス,https://s.kabutan.jp/themes/IT%E9%96%A2%E9%80%A3/?market=all
5,476A,476A.T,476A.T,SaaS,デジタル・サービス,https://s.kabutan.jp/themes/SaaS/?market=all
5,476A,476A.T,476A.T,eコマース,内需・消費,https://s.kabutan.jp/themes/e%E3%82%B3%E3%83%9E%E3%83%BC%E3%82%B9/?market=all
5,476A,476A.T,476A.T,デジタルトランスフォーメーション,デジタル・サービス,https://s.kabutan.jp/themes/%E3%83%87%E3%82%B8%E3%82%BF%E3%83%AB%E3%83%88%E3%83%A9%E3%83%B3%E3%82%B9%E3%83%95%E3%82%A9%E3%83%BC%E3%83%A1%E3%83%BC%E3%82%B7%E3%83%A7%E3%83%B3/?market=all
5,4771,4771.T,4771.T,IT関連,デジタル・サービス,https://s.kabutan.jp/themes/IT%E9%96%A2%E9%80%A3/?market=all
5,4771,4771.T,4771.T,電子政府,デジタル・サービス,https://s.kabutan.jp/themes/%E9%9B%BB%E5%AD%90%E6%94%BF%E5%BA%9C/?market=all
5,4776,4776.T,4776.T,IT関連,デジタル・サービス,https://s.kabutan.jp/themes/IT%E9%96%A2%E9%80%A3/?market=all
5,4776,4776.T,4776.T,SaaS,デジタル・サービス,https://s.kabutan.jp/themes/SaaS/?market=all
5,4776,4776.T,4776.T,クラウドコンピューティング,デジタル・サービス,https://s.kabutan.jp/themes/%E3%82%AF%E3%83%A9%E3%82%A6%E3%83%89%E3%82%B3%E3%83%B3%E3%83%94%E3%83%A5%E3%83%BC%E3%83%86%E3%82%A3%E3%83%B3%E3%82%B0/?market=all
5,4776,4776.T,4776.T,デジタルトランスフォーメーション,デジタル・サービス,https://s.kabutan.jp/themes/%E3%83%87%E3%82%B8%E3%82%BF%E3%83%AB%E3%83%88%E3%83%A9%E3%83%B3%E3%82%B9%E3%83%95%E3%82%A9%E3%83%BC%E3%83%A1%E3%83%BC%E3%82%B7%E3%83%A7%E3%83%B3/?market=all
5,4776,4776.T,4776.T,電子政府,デジタル・サービス,https://s.kabutan.jp/themes/%E9%9B%BB%E5%AD%90%E6%94%BF%E5%BA%9C/?market=all
5,4777,4777.T,4777.T,IT関連,デジタル・サービス,https://s.kabutan.jp/themes/IT%E9%96%A2%E9%80%A3/?market=all
5,477A,477A.T,477A.T,サブスクリプション,デジタル・サービス,https://s.kabutan.jp/themes/%E3%82%B5%E3%83%96%E3%82%B9%E3%82%AF%E3%83%AA%E3%83%97%E3%82%B7%E3%83%A7%E3%83%B3/?market=all
5,4783,4783.T,4783.T,IT関連,デジタル・サービス,https://s.kabutan.jp/themes/IT%E9%96%A2%E9%80%A3/?market=all
5,4784,4784.T,ＧＭＯインタ,SaaS,デジタル・サービス,https://s.kabutan.jp/themes/SaaS/?market=all
5,4784,4784.T,ＧＭＯインタ,クラウドコンピューティング,デジタル・サービス,https://s.kabutan.jp/themes/%E3%82%AF%E3%83%A9%E3%82%A6%E3%83%89%E3%82%B3%E3%83%B3%E3%83%94%E3%83%A5%E3%83%BC%E3%83%86%E3%82%A3%E3%83%B3%E3%82%B0/?market=all
5,4784,4784.T,ＧＭＯインタ,フィジカルAI,AI・半導体,https://s.kabutan.jp/themes/%E3%83%95%E3%82%A3%E3%82%B8%E3%82%AB%E3%83%ABAI/?market=all
5,4784,4784.T,ＧＭＯインタ,ロボット,AI・半導体,https://s.kabutan.jp/themes/%E3%83%AD%E3%83%9C%E3%83%83%E3%83%88/?market=all
5,4784,4784.T,ＧＭＯインタ,人工知能,AI・半導体,https://s.kabutan.jp/themes/%E4%BA%BA%E5%B7%A5%E7%9F%A5%E8%83%BD/?market=all
5,4784,4784.T,ＧＭＯインタ,生成AI,AI・半導体,https://s.kabutan.jp/themes/%E7%94%9F%E6%88%90AI/?market=all
5,478A,478A.T,フツパー,FA関連,設備投資・機械,https://s.kabutan.jp/themes/FA%E9%96%A2%E9%80%A3/?market=all
5,478A,478A.T,フツパー,IT関連,デジタル・サービス,https://s.kabutan.jp/themes/IT%E9%96%A2%E9%80%A3/?market=all
5,478A,478A.T,フツパー,サブスクリプション,デジタル・サービス,https://s.kabutan.jp/themes/%E3%82%B5%E3%83%96%E3%82%B9%E3%82%AF%E3%83%AA%E3%83%97%E3%82%B7%E3%83%A7%E3%83%B3/?market=all
5,478A,478A.T,フツパー,データ分析・解析,AI・半導体,https://s.kabutan.jp/themes/%E3%83%87%E3%83%BC%E3%82%BF%E5%88%86%E6%9E%90%E3%83%BB%E8%A7%A3%E6%9E%90/?market=all
5,478A,478A.T,フツパー,人工知能,AI・半導体,https://s.kabutan.jp/themes/%E4%BA%BA%E5%B7%A5%E7%9F%A5%E8%83%BD/?market=all
5,478A,478A.T,フツパー,生成AI,AI・半導体,https://s.kabutan.jp/themes/%E7%94%9F%E6%88%90AI/?market=all
5,479A,479A.T,ＰＲＯＮＩ,IT関連,デジタル・サービス,https://s.kabutan.jp/themes/IT%E9%96%A2%E9%80%A3/?market=all
5,479A,479A.T,ＰＲＯＮＩ,デジタルトランスフォーメーション,デジタル・サービス,https://s.kabutan.jp/themes/%E3%83%87%E3%82%B8%E3%82%BF%E3%83%AB%E3%83%88%E3%83%A9%E3%83%B3%E3%82%B9%E3%83%95%E3%82%A9%E3%83%BC%E3%83%A1%E3%83%BC%E3%82%B7%E3%83%A7%E3%83%B3/?market=all
5,479A,479A.T,ＰＲＯＮＩ,人工知能,AI・半導体,https://s.kabutan.jp/themes/%E4%BA%BA%E5%B7%A5%E7%9F%A5%E8%83%BD/?market=all
5,479A,479A.T,ＰＲＯＮＩ,生成AI,AI・半導体,https://s.kabutan.jp/themes/%E7%94%9F%E6%88%90AI/?market=all
5,4800,4800.T,4800.T,IT関連,デジタル・サービス,https://s.kabutan.jp/themes/IT%E9%96%A2%E9%80%A3/?market=all
5,4800,4800.T,4800.T,eコマース,内需・消費,https://s.kabutan.jp/themes/e%E3%82%B3%E3%83%9E%E3%83%BC%E3%82%B9/?market=all
5,4809,4809.T,4809.T,太陽光発電関連,GX・エネルギー,https://s.kabutan.jp/themes/%E5%A4%AA%E9%99%BD%E5%85%89%E7%99%BA%E9%9B%BB%E9%96%A2%E9%80%A3/?market=all
5,480A,480A.T,リブコンサル,デジタルトランスフォーメーション,デジタル・サービス,https://s.kabutan.jp/themes/%E3%83%87%E3%82%B8%E3%82%BF%E3%83%AB%E3%83%88%E3%83%A9%E3%83%B3%E3%82%B9%E3%83%95%E3%82%A9%E3%83%BC%E3%83%A1%E3%83%BC%E3%82%B7%E3%83%A7%E3%83%B3/?market=all
5,480A,480A.T,リブコンサル,人工知能,AI・半導体,https://s.kabutan.jp/themes/%E4%BA%BA%E5%B7%A5%E7%9F%A5%E8%83%BD/?market=all
5,480A,480A.T,リブコンサル,生成AI,AI・半導体,https://s.kabutan.jp/themes/%E7%94%9F%E6%88%90AI/?market=all
5,4811,4811.T,ドリムアーツ,SaaS,デジタル・サービス,https://s.kabutan.jp/themes/SaaS/?market=all
5,4811,4811.T,ドリムアーツ,クラウドコンピューティング,デジタル・サービス,https://s.kabutan.jp/themes/%E3%82%AF%E3%83%A9%E3%82%A6%E3%83%89%E3%82%B3%E3%83%B3%E3%83%94%E3%83%A5%E3%83%BC%E3%83%86%E3%82%A3%E3%83%B3%E3%82%B0/?market=all
5,4811,4811.T,ドリムアーツ,サブスクリプション,デジタル・サービス,https://s.kabutan.jp/themes/%E3%82%B5%E3%83%96%E3%82%B9%E3%82%AF%E3%83%AA%E3%83%97%E3%82%B7%E3%83%A7%E3%83%B3/?market=all
5,4811,4811.T,ドリムアーツ,デジタルトランスフォーメーション,デジタル・サービス,https://s.kabutan.jp/themes/%E3%83%87%E3%82%B8%E3%82%BF%E3%83%AB%E3%83%88%E3%83%A9%E3%83%B3%E3%82%B9%E3%83%95%E3%82%A9%E3%83%BC%E3%83%A1%E3%83%BC%E3%82%B7%E3%83%A7%E3%83%B3/?market=all
5,4811,4811.T,ドリムアーツ,データベース,デジタル・サービス,https://s.kabutan.jp/themes/%E3%83%87%E3%83%BC%E3%82%BF%E3%83%99%E3%83%BC%E3%82%B9/?market=all
5,4812,4812.T,電通総研,IT関連,デジタル・サービス,https://s.kabutan.jp/themes/IT%E9%96%A2%E9%80%A3/?market=all
5,4812,4812.T,電通総研,IoT,設備投資・機械,https://s.kabutan.jp/themes/IoT/?market=all
5,4812,4812.T,電通総研,クラウドコンピューティング,デジタル・サービス,https://s.kabutan.jp/themes/%E3%82%AF%E3%83%A9%E3%82%A6%E3%83%89%E3%82%B3%E3%83%B3%E3%83%94%E3%83%A5%E3%83%BC%E3%83%86%E3%82%A3%E3%83%B3%E3%82%B0/?market=all
5,4812,4812.T,電通総研,デジタルトランスフォーメーション,デジタル・サービス,https://s.kabutan.jp/themes/%E3%83%87%E3%82%B8%E3%82%BF%E3%83%AB%E3%83%88%E3%83%A9%E3%83%B3%E3%82%B9%E3%83%95%E3%82%A9%E3%83%BC%E3%83%A1%E3%83%BC%E3%82%B7%E3%83%A7%E3%83%B3/?market=all
5,4812,4812.T,電通総研,フィンテック,金融・金利,https://s.kabutan.jp/themes/%E3%83%95%E3%82%A3%E3%83%B3%E3%83%86%E3%83%83%E3%82%AF/?market=all
5,4812,4812.T,電通総研,人工知能,AI・半導体,https://s.kabutan.jp/themes/%E4%BA%BA%E5%B7%A5%E7%9F%A5%E8%83%BD/?market=all
5,4813,4813.T,ＡＣＣＥＳＳ,IT関連,デジタル・サービス,https://s.kabutan.jp/themes/IT%E9%96%A2%E9%80%A3/?market=all
5,4813,4813.T,ＡＣＣＥＳＳ,IoT,設備投資・機械,https://s.kabutan.jp/themes/IoT/?market=all
5,4813,4813.T,ＡＣＣＥＳＳ,エッジコンピューティング,AI・半導体,https://s.kabutan.jp/themes/%E3%82%A8%E3%83%83%E3%82%B8%E3%82%B3%E3%83%B3%E3%83%94%E3%83%A5%E3%83%BC%E3%83%86%E3%82%A3%E3%83%B3%E3%82%B0/?market=all
5,4813,4813.T,ＡＣＣＥＳＳ,クラウドコンピューティング,デジタル・サービス,https://s.kabutan.jp/themes/%E3%82%AF%E3%83%A9%E3%82%A6%E3%83%89%E3%82%B3%E3%83%B3%E3%83%94%E3%83%A5%E3%83%BC%E3%83%86%E3%82%A3%E3%83%B3%E3%82%B0/?market=all
5,4813,4813.T,ＡＣＣＥＳＳ,スマートグリッド,データセンター・電力,https://s.kabutan.jp/themes/%E3%82%B9%E3%83%9E%E3%83%BC%E3%83%88%E3%82%B0%E3%83%AA%E3%83%83%E3%83%89/?market=all
5,4813,4813.T,ＡＣＣＥＳＳ,デジタルトランスフォーメーション,デジタル・サービス,https://s.kabutan.jp/themes/%E3%83%87%E3%82%B8%E3%82%BF%E3%83%AB%E3%83%88%E3%83%A9%E3%83%B3%E3%82%B9%E3%83%95%E3%82%A9%E3%83%BC%E3%83%A1%E3%83%BC%E3%82%B7%E3%83%A7%E3%83%B3/?market=all
5,4813,4813.T,ＡＣＣＥＳＳ,人工知能,AI・半導体,https://s.kabutan.jp/themes/%E4%BA%BA%E5%B7%A5%E7%9F%A5%E8%83%BD/?market=all
5,4813,4813.T,ＡＣＣＥＳＳ,教育ICT,デジタル・サービス,https://s.kabutan.jp/themes/%E6%95%99%E8%82%B2ICT/?market=all
5,4813,4813.T,ＡＣＣＥＳＳ,生成AI,AI・半導体,https://s.kabutan.jp/themes/%E7%94%9F%E6%88%90AI/?market=all
5,4814,4814.T,ネクスウェア,IT関連,デジタル・サービス,https://s.kabutan.jp/themes/IT%E9%96%A2%E9%80%A3/?market=all
5,4814,4814.T,ネクスウェア,IoT,設備投資・機械,https://s.kabutan.jp/themes/IoT/?market=all
5,4814,4814.T,ネクスウェア,サブスクリプション,デジタル・サービス,https://s.kabutan.jp/themes/%E3%82%B5%E3%83%96%E3%82%B9%E3%82%AF%E3%83%AA%E3%83%97%E3%82%B7%E3%83%A7%E3%83%B3/?market=all
5,4814,4814.T,ネクスウェア,デジタルトランスフォーメーション,デジタル・サービス,https://s.kabutan.jp/themes/%E3%83%87%E3%82%B8%E3%82%BF%E3%83%AB%E3%83%88%E3%83%A9%E3%83%B3%E3%82%B9%E3%83%95%E3%82%A9%E3%83%BC%E3%83%A1%E3%83%BC%E3%82%B7%E3%83%A7%E3%83%B3/?market=all
5,4814,4814.T,ネクスウェア,データベース,デジタル・サービス,https://s.kabutan.jp/themes/%E3%83%87%E3%83%BC%E3%82%BF%E3%83%99%E3%83%BC%E3%82%B9/?market=all
5,4814,4814.T,ネクスウェア,データ分析・解析,AI・半導体,https://s.kabutan.jp/themes/%E3%83%87%E3%83%BC%E3%82%BF%E5%88%86%E6%9E%90%E3%83%BB%E8%A7%A3%E6%9E%90/?market=all
5,4814,4814.T,ネクスウェア,ドローン,防衛・国土強靱化,https://s.kabutan.jp/themes/%E3%83%89%E3%83%AD%E3%83%BC%E3%83%B3/?market=all
5,4814,4814.T,ネクスウェア,人工知能,AI・半導体,https://s.kabutan.jp/themes/%E4%BA%BA%E5%B7%A5%E7%9F%A5%E8%83%BD/?market=all
5,4814,4814.T,ネクスウェア,防災,防衛・国土強靱化,https://s.kabutan.jp/themes/%E9%98%B2%E7%81%BD/?market=all
5,4819,4819.T,4819.T,IT関連,デジタル・サービス,https://s.kabutan.jp/themes/IT%E9%96%A2%E9%80%A3/?market=all
5,4819,4819.T,4819.T,eコマース,内需・消費,https://s.kabutan.jp/themes/e%E3%82%B3%E3%83%9E%E3%83%BC%E3%82%B9/?market=all
5,4819,4819.T,4819.T,フィンテック,金融・金利,https://s.kabutan.jp/themes/%E3%83%95%E3%82%A3%E3%83%B3%E3%83%86%E3%83%83%E3%82%AF/?market=all
5,4820,4820.T,4820.T,IT関連,デジタル・サービス,https://s.kabutan.jp/themes/IT%E9%96%A2%E9%80%A3/?market=all
5,4820,4820.T,4820.T,キャッシュレス決済,金融・金利,https://s.kabutan.jp/themes/%E3%82%AD%E3%83%A3%E3%83%83%E3%82%B7%E3%83%A5%E3%83%AC%E3%82%B9%E6%B1%BA%E6%B8%88/?market=all
5,4820,4820.T,4820.T,クラウドコンピューティング,デジタル・サービス,https://s.kabutan.jp/themes/%E3%82%AF%E3%83%A9%E3%82%A6%E3%83%89%E3%82%B3%E3%83%B3%E3%83%94%E3%83%A5%E3%83%BC%E3%83%86%E3%82%A3%E3%83%B3%E3%82%B0/?market=all
5,4820,4820.T,4820.T,デジタルトランスフォーメーション,デジタル・サービス,https://s.kabutan.jp/themes/%E3%83%87%E3%82%B8%E3%82%BF%E3%83%AB%E3%83%88%E3%83%A9%E3%83%B3%E3%82%B9%E3%83%95%E3%82%A9%E3%83%BC%E3%83%A1%E3%83%BC%E3%82%B7%E3%83%A7%E3%83%B3/?market=all
5,4820,4820.T,4820.T,介護関連,医療・ヘルスケア,https://s.kabutan.jp/themes/%E4%BB%8B%E8%AD%B7%E9%96%A2%E9%80%A3/?market=all
5,4825,4825.T,ＷＮＩウェザ,IT関連,デジタル・サービス,https://s.kabutan.jp/themes/IT%E9%96%A2%E9%80%A3/?market=all
5,4825,4825.T,ＷＮＩウェザ,SaaS,デジタル・サービス,https://s.kabutan.jp/themes/SaaS/?market=all
5,4825,4825.T,ＷＮＩウェザ,クラウドコンピューティング,デジタル・サービス,https://s.kabutan.jp/themes/%E3%82%AF%E3%83%A9%E3%82%A6%E3%83%89%E3%82%B3%E3%83%B3%E3%83%94%E3%83%A5%E3%83%BC%E3%83%86%E3%82%A3%E3%83%B3%E3%82%B0/?market=all
5,4825,4825.T,ＷＮＩウェザ,サブスクリプション,デジタル・サービス,https://s.kabutan.jp/themes/%E3%82%B5%E3%83%96%E3%82%B9%E3%82%AF%E3%83%AA%E3%83%97%E3%82%B7%E3%83%A7%E3%83%B3/?market=all
5,4825,4825.T,ＷＮＩウェザ,人工知能,AI・半導体,https://s.kabutan.jp/themes/%E4%BA%BA%E5%B7%A5%E7%9F%A5%E8%83%BD/?market=all
5,4825,4825.T,ＷＮＩウェザ,宇宙開発関連,防衛・国土強靱化,https://s.kabutan.jp/themes/%E5%AE%87%E5%AE%99%E9%96%8B%E7%99%BA%E9%96%A2%E9%80%A3/?market=all
5,4825,4825.T,ＷＮＩウェザ,海運,物流・海運,https://s.kabutan.jp/themes/%E6%B5%B7%E9%81%8B/?market=all
5,4825,4825.T,ＷＮＩウェザ,物流テック,設備投資・機械,https://s.kabutan.jp/themes/%E7%89%A9%E6%B5%81%E3%83%86%E3%83%83%E3%82%AF/?market=all
5,4825,4825.T,ＷＮＩウェザ,生成AI,AI・半導体,https://s.kabutan.jp/themes/%E7%94%9F%E6%88%90AI/?market=all
5,4825,4825.T,ＷＮＩウェザ,防災,防衛・国土強靱化,https://s.kabutan.jp/themes/%E9%98%B2%E7%81%BD/?market=all
5,4826,4826.T,ＣＩＪ,IT関連,デジタル・サービス,https://s.kabutan.jp/themes/IT%E9%96%A2%E9%80%A3/?market=all
5,4826,4826.T,ＣＩＪ,サービスロボット,設備投資・機械,https://s.kabutan.jp/themes/%E3%82%B5%E3%83%BC%E3%83%93%E3%82%B9%E3%83%AD%E3%83%9C%E3%83%83%E3%83%88/?market=all
5,4826,4826.T,ＣＩＪ,フィジカルAI,AI・半導体,https://s.kabutan.jp/themes/%E3%83%95%E3%82%A3%E3%82%B8%E3%82%AB%E3%83%ABAI/?market=all
5,4826,4826.T,ＣＩＪ,マイナンバー,デジタル・サービス,https://s.kabutan.jp/themes/%E3%83%9E%E3%82%A4%E3%83%8A%E3%83%B3%E3%83%90%E3%83%BC/?market=all
5,4826,4826.T,ＣＩＪ,人工知能,AI・半導体,https://s.kabutan.jp/themes/%E4%BA%BA%E5%B7%A5%E7%9F%A5%E8%83%BD/?market=all
5,4826,4826.T,ＣＩＪ,介護関連,医療・ヘルスケア,https://s.kabutan.jp/themes/%E4%BB%8B%E8%AD%B7%E9%96%A2%E9%80%A3/?market=all
5,4827,4827.T,,不動産関連,不動産・建設,https://s.kabutan.jp/themes/%E4%B8%8D%E5%8B%95%E7%94%A3%E9%96%A2%E9%80%A3/?market=all
5,4827,4827.T,,住宅関連,不動産・建設,https://s.kabutan.jp/themes/%E4%BD%8F%E5%AE%85%E9%96%A2%E9%80%A3/?market=all
5,4828,4828.T,4828.T,IT関連,デジタル・サービス,https://s.kabutan.jp/themes/IT%E9%96%A2%E9%80%A3/?market=all
5,4829,4829.T,日エンター,IT関連,デジタル・サービス,https://s.kabutan.jp/themes/IT%E9%96%A2%E9%80%A3/?market=all
5,4829,4829.T,日エンター,IoT,設備投資・機械,https://s.kabutan.jp/themes/IoT/?market=all
5,4829,4829.T,日エンター,MaaS,自動車・モビリティ,https://s.kabutan.jp/themes/MaaS/?market=all
5,4829,4829.T,日エンター,eコマース,内需・消費,https://s.kabutan.jp/themes/e%E3%82%B3%E3%83%9E%E3%83%BC%E3%82%B9/?market=all
5,4829,4829.T,日エンター,クラウドコンピューティング,デジタル・サービス,https://s.kabutan.jp/themes/%E3%82%AF%E3%83%A9%E3%82%A6%E3%83%89%E3%82%B3%E3%83%B3%E3%83%94%E3%83%A5%E3%83%BC%E3%83%86%E3%82%A3%E3%83%B3%E3%82%B0/?market=all
5,4829,4829.T,日エンター,ゲーム関連,デジタル・サービス,https://s.kabutan.jp/themes/%E3%82%B2%E3%83%BC%E3%83%A0%E9%96%A2%E9%80%A3/?market=all
5,4829,4829.T,日エンター,サブスクリプション,デジタル・サービス,https://s.kabutan.jp/themes/%E3%82%B5%E3%83%96%E3%82%B9%E3%82%AF%E3%83%AA%E3%83%97%E3%82%B7%E3%83%A7%E3%83%B3/?market=all
5,4829,4829.T,日エンター,ドローン,防衛・国土強靱化,https://s.kabutan.jp/themes/%E3%83%89%E3%83%AD%E3%83%BC%E3%83%B3/?market=all
5,4829,4829.T,日エンター,人工知能,AI・半導体,https://s.kabutan.jp/themes/%E4%BA%BA%E5%B7%A5%E7%9F%A5%E8%83%BD/?market=all
5,4832,4832.T,4832.T,クラウドコンピューティング,デジタル・サービス,https://s.kabutan.jp/themes/%E3%82%AF%E3%83%A9%E3%82%A6%E3%83%89%E3%82%B3%E3%83%B3%E3%83%94%E3%83%A5%E3%83%BC%E3%83%86%E3%82%A3%E3%83%B3%E3%82%B0/?market=all
5,4832,4832.T,4832.T,防災,防衛・国土強靱化,https://s.kabutan.jp/themes/%E9%98%B2%E7%81%BD/?market=all
5,4833,4833.T,4833.T,デジタルトランスフォーメーション,デジタル・サービス,https://s.kabutan.jp/themes/%E3%83%87%E3%82%B8%E3%82%BF%E3%83%AB%E3%83%88%E3%83%A9%E3%83%B3%E3%82%B9%E3%83%95%E3%82%A9%E3%83%BC%E3%83%A1%E3%83%BC%E3%82%B7%E3%83%A7%E3%83%B3/?market=all
5,4838,4838.T,4838.T,サブスクリプション,デジタル・サービス,https://s.kabutan.jp/themes/%E3%82%B5%E3%83%96%E3%82%B9%E3%82%AF%E3%83%AA%E3%83%97%E3%82%B7%E3%83%A7%E3%83%B3/?market=all
5,4839,4839.T,ＷＯＷＯＷ,円高メリット,内需・消費,https://s.kabutan.jp/themes/%E5%86%86%E9%AB%98%E3%83%A1%E3%83%AA%E3%83%83%E3%83%88/?market=all
5,483A,483A.T,483A.T,IT関連,デジタル・サービス,https://s.kabutan.jp/themes/IT%E9%96%A2%E9%80%A3/?market=all
5,483A,483A.T,483A.T,IoT,設備投資・機械,https://s.kabutan.jp/themes/IoT/?market=all
5,483A,483A.T,483A.T,eコマース,内需・消費,https://s.kabutan.jp/themes/e%E3%82%B3%E3%83%9E%E3%83%BC%E3%82%B9/?market=all
5,483A,483A.T,483A.T,クラウドコンピューティング,デジタル・サービス,https://s.kabutan.jp/themes/%E3%82%AF%E3%83%A9%E3%82%A6%E3%83%89%E3%82%B3%E3%83%B3%E3%83%94%E3%83%A5%E3%83%BC%E3%83%86%E3%82%A3%E3%83%B3%E3%82%B0/?market=all
5,483A,483A.T,483A.T,サイバーセキュリティ,防衛・国土強靱化,https://s.kabutan.jp/themes/%E3%82%B5%E3%82%A4%E3%83%90%E3%83%BC%E3%82%BB%E3%82%AD%E3%83%A5%E3%83%AA%E3%83%86%E3%82%A3/?market=all
5,483A,483A.T,483A.T,デジタルトランスフォーメーション,デジタル・サービス,https://s.kabutan.jp/themes/%E3%83%87%E3%82%B8%E3%82%BF%E3%83%AB%E3%83%88%E3%83%A9%E3%83%B3%E3%82%B9%E3%83%95%E3%82%A9%E3%83%BC%E3%83%A1%E3%83%BC%E3%82%B7%E3%83%A7%E3%83%B3/?market=all
5,483A,483A.T,483A.T,電子政府,デジタル・サービス,https://s.kabutan.jp/themes/%E9%9B%BB%E5%AD%90%E6%94%BF%E5%BA%9C/?market=all
5,4845,4845.T,スカラ,IT関連,デジタル・サービス,https://s.kabutan.jp/themes/IT%E9%96%A2%E9%80%A3/?market=all
5,4845,4845.T,スカラ,IoT,設備投資・機械,https://s.kabutan.jp/themes/IoT/?market=all
5,4845,4845.T,スカラ,SaaS,デジタル・サービス,https://s.kabutan.jp/themes/SaaS/?market=all
5,4845,4845.T,スカラ,クラウドコンピューティング,デジタル・サービス,https://s.kabutan.jp/themes/%E3%82%AF%E3%83%A9%E3%82%A6%E3%83%89%E3%82%B3%E3%83%B3%E3%83%94%E3%83%A5%E3%83%BC%E3%83%86%E3%82%A3%E3%83%B3%E3%82%B0/?market=all
5,4845,4845.T,スカラ,デジタルトランスフォーメーション,デジタル・サービス,https://s.kabutan.jp/themes/%E3%83%87%E3%82%B8%E3%82%BF%E3%83%AB%E3%83%88%E3%83%A9%E3%83%B3%E3%82%B9%E3%83%95%E3%82%A9%E3%83%BC%E3%83%A1%E3%83%BC%E3%82%B7%E3%83%A7%E3%83%B3/?market=all
5,4845,4845.T,スカラ,人工知能,AI・半導体,https://s.kabutan.jp/themes/%E4%BA%BA%E5%B7%A5%E7%9F%A5%E8%83%BD/?market=all
5,4847,4847.T,インテリＷ,キャッシュレス決済,金融・金利,https://s.kabutan.jp/themes/%E3%82%AD%E3%83%A3%E3%83%83%E3%82%B7%E3%83%A5%E3%83%AC%E3%82%B9%E6%B1%BA%E6%B8%88/?market=all
5,4847,4847.T,インテリＷ,サイバーセキュリティ,防衛・国土強靱化,https://s.kabutan.jp/themes/%E3%82%B5%E3%82%A4%E3%83%90%E3%83%BC%E3%82%BB%E3%82%AD%E3%83%A5%E3%83%AA%E3%83%86%E3%82%A3/?market=all
5,4847,4847.T,インテリＷ,フィンテック,金融・金利,https://s.kabutan.jp/themes/%E3%83%95%E3%82%A3%E3%83%B3%E3%83%86%E3%83%83%E3%82%AF/?market=all
5,4847,4847.T,インテリＷ,人工知能,AI・半導体,https://s.kabutan.jp/themes/%E4%BA%BA%E5%B7%A5%E7%9F%A5%E8%83%BD/?market=all
5,4847,4847.T,インテリＷ,量子コンピューター,AI・半導体,https://s.kabutan.jp/themes/%E9%87%8F%E5%AD%90%E3%82%B3%E3%83%B3%E3%83%94%E3%83%A5%E3%83%BC%E3%82%BF%E3%83%BC/?market=all
5,485A,485A.T,485A.T,再生可能エネルギー,GX・エネルギー,https://s.kabutan.jp/themes/%E5%86%8D%E7%94%9F%E5%8F%AF%E8%83%BD%E3%82%A8%E3%83%8D%E3%83%AB%E3%82%AE%E3%83%BC/?market=all
5,485A,485A.T,485A.T,太陽光発電関連,GX・エネルギー,https://s.kabutan.jp/themes/%E5%A4%AA%E9%99%BD%E5%85%89%E7%99%BA%E9%9B%BB%E9%96%A2%E9%80%A3/?market=all
5,485A,485A.T,485A.T,蓄電池,GX・エネルギー,https://s.kabutan.jp/themes/%E8%93%84%E9%9B%BB%E6%B1%A0/?market=all
5,485A,485A.T,485A.T,電気自動車関連,自動車・モビリティ,https://s.kabutan.jp/themes/%E9%9B%BB%E6%B0%97%E8%87%AA%E5%8B%95%E8%BB%8A%E9%96%A2%E9%80%A3/?market=all
5,4875,4875.T,,バイオテクノロジー関連,医療・ヘルスケア,https://s.kabutan.jp/themes/%E3%83%90%E3%82%A4%E3%82%AA%E3%83%86%E3%82%AF%E3%83%8E%E3%83%AD%E3%82%B8%E3%83%BC%E9%96%A2%E9%80%A3/?market=all
5,4875,4875.T,,創薬,医療・ヘルスケア,https://s.kabutan.jp/themes/%E5%89%B5%E8%96%AC/?market=all
5,4875,4875.T,,医薬品関連,医療・ヘルスケア,https://s.kabutan.jp/themes/%E5%8C%BB%E8%96%AC%E5%93%81%E9%96%A2%E9%80%A3/?market=all
5,4880,4880.T,4880.T,再生医療,医療・ヘルスケア,https://s.kabutan.jp/themes/%E5%86%8D%E7%94%9F%E5%8C%BB%E7%99%82/?market=all
5,4880,4880.T,4880.T,医療機器,医療・ヘルスケア,https://s.kabutan.jp/themes/%E5%8C%BB%E7%99%82%E6%A9%9F%E5%99%A8/?market=all
5,4881,4881.T,4881.T,創薬,医療・ヘルスケア,https://s.kabutan.jp/themes/%E5%89%B5%E8%96%AC/?market=all
5,4881,4881.T,4881.T,医薬品関連,医療・ヘルスケア,https://s.kabutan.jp/themes/%E5%8C%BB%E8%96%AC%E5%93%81%E9%96%A2%E9%80%A3/?market=all
5,4881,4881.T,4881.T,認知症薬,医療・ヘルスケア,https://s.kabutan.jp/themes/%E8%AA%8D%E7%9F%A5%E7%97%87%E8%96%AC/?market=all
5,4882,4882.T,4882.T,バイオテクノロジー関連,医療・ヘルスケア,https://s.kabutan.jp/themes/%E3%83%90%E3%82%A4%E3%82%AA%E3%83%86%E3%82%AF%E3%83%8E%E3%83%AD%E3%82%B8%E3%83%BC%E9%96%A2%E9%80%A3/?market=all
5,4882,4882.T,4882.T,創薬,医療・ヘルスケア,https://s.kabutan.jp/themes/%E5%89%B5%E8%96%AC/?market=all
5,4882,4882.T,4882.T,医薬品関連,医療・ヘルスケア,https://s.kabutan.jp/themes/%E5%8C%BB%E8%96%AC%E5%93%81%E9%96%A2%E9%80%A3/?market=all
5,4883,4883.T,4883.T,バイオテクノロジー関連,医療・ヘルスケア,https://s.kabutan.jp/themes/%E3%83%90%E3%82%A4%E3%82%AA%E3%83%86%E3%82%AF%E3%83%8E%E3%83%AD%E3%82%B8%E3%83%BC%E9%96%A2%E9%80%A3/?market=all
5,4883,4883.T,4883.T,創薬,医療・ヘルスケア,https://s.kabutan.jp/themes/%E5%89%B5%E8%96%AC/?market=all
5,4883,4883.T,4883.T,医薬品関連,医療・ヘルスケア,https://s.kabutan.jp/themes/%E5%8C%BB%E8%96%AC%E5%93%81%E9%96%A2%E9%80%A3/?market=all
5,4884,4884.T,4884.T,創薬,医療・ヘルスケア,https://s.kabutan.jp/themes/%E5%89%B5%E8%96%AC/?market=all
5,4884,4884.T,4884.T,医薬品関連,医療・ヘルスケア,https://s.kabutan.jp/themes/%E5%8C%BB%E8%96%AC%E5%93%81%E9%96%A2%E9%80%A3/?market=all
5,4885,4885.T,4885.T,医薬品関連,医療・ヘルスケア,https://s.kabutan.jp/themes/%E5%8C%BB%E8%96%AC%E5%93%81%E9%96%A2%E9%80%A3/?market=all
5,4885,4885.T,4885.T,機械,設備投資・機械,https://s.kabutan.jp/themes/%E6%A9%9F%E6%A2%B0/?market=all
5,4887,4887.T,4887.T,医薬品関連,医療・ヘルスケア,https://s.kabutan.jp/themes/%E5%8C%BB%E8%96%AC%E5%93%81%E9%96%A2%E9%80%A3/?market=all
5,4888,4888.T,4888.T,創薬,医療・ヘルスケア,https://s.kabutan.jp/themes/%E5%89%B5%E8%96%AC/?market=all
5,4889,4889.T,レナ,人工知能,AI・半導体,https://s.kabutan.jp/themes/%E4%BA%BA%E5%B7%A5%E7%9F%A5%E8%83%BD/?market=all
5,4889,4889.T,レナ,創薬,医療・ヘルスケア,https://s.kabutan.jp/themes/%E5%89%B5%E8%96%AC/?market=all
5,4889,4889.T,レナ,医療機器,医療・ヘルスケア,https://s.kabutan.jp/themes/%E5%8C%BB%E7%99%82%E6%A9%9F%E5%99%A8/?market=all
5,4890,4890.T,4890.T,創薬,医療・ヘルスケア,https://s.kabutan.jp/themes/%E5%89%B5%E8%96%AC/?market=all
5,4890,4890.T,4890.T,医療機器,医療・ヘルスケア,https://s.kabutan.jp/themes/%E5%8C%BB%E7%99%82%E6%A9%9F%E5%99%A8/?market=all
5,4890,4890.T,4890.T,医薬品関連,医療・ヘルスケア,https://s.kabutan.jp/themes/%E5%8C%BB%E8%96%AC%E5%93%81%E9%96%A2%E9%80%A3/?market=all
5,4891,4891.T,4891.T,創薬,医療・ヘルスケア,https://s.kabutan.jp/themes/%E5%89%B5%E8%96%AC/?market=all
5,4891,4891.T,4891.T,医薬品関連,医療・ヘルスケア,https://s.kabutan.jp/themes/%E5%8C%BB%E8%96%AC%E5%93%81%E9%96%A2%E9%80%A3/?market=all
5,4892,4892.T,4892.T,3Dプリンター,設備投資・機械,https://s.kabutan.jp/themes/3D%E3%83%97%E3%83%AA%E3%83%B3%E3%82%BF%E3%83%BC/?market=all
5,4892,4892.T,4892.T,再生医療,医療・ヘルスケア,https://s.kabutan.jp/themes/%E5%86%8D%E7%94%9F%E5%8C%BB%E7%99%82/?market=all
5,4892,4892.T,4892.T,創薬,医療・ヘルスケア,https://s.kabutan.jp/themes/%E5%89%B5%E8%96%AC/?market=all
5,4892,4892.T,4892.T,医薬品関連,医療・ヘルスケア,https://s.kabutan.jp/themes/%E5%8C%BB%E8%96%AC%E5%93%81%E9%96%A2%E9%80%A3/?market=all
5,4893,4893.T,4893.T,創薬,医療・ヘルスケア,https://s.kabutan.jp/themes/%E5%89%B5%E8%96%AC/?market=all
5,4894,4894.T,4894.T,再生医療,医療・ヘルスケア,https://s.kabutan.jp/themes/%E5%86%8D%E7%94%9F%E5%8C%BB%E7%99%82/?market=all
5,4894,4894.T,4894.T,創薬,医療・ヘルスケア,https://s.kabutan.jp/themes/%E5%89%B5%E8%96%AC/?market=all
5,4894,4894.T,4894.T,医療機器,医療・ヘルスケア,https://s.kabutan.jp/themes/%E5%8C%BB%E7%99%82%E6%A9%9F%E5%99%A8/?market=all
5,4894,4894.T,4894.T,医薬品関連,医療・ヘルスケア,https://s.kabutan.jp/themes/%E5%8C%BB%E8%96%AC%E5%93%81%E9%96%A2%E9%80%A3/?market=all
5,4896,4896.T,4896.T,再生医療,医療・ヘルスケア,https://s.kabutan.jp/themes/%E5%86%8D%E7%94%9F%E5%8C%BB%E7%99%82/?market=all
5,4896,4896.T,4896.T,創薬,医療・ヘルスケア,https://s.kabutan.jp/themes/%E5%89%B5%E8%96%AC/?market=all
5,4896,4896.T,4896.T,医薬品関連,医療・ヘルスケア,https://s.kabutan.jp/themes/%E5%8C%BB%E8%96%AC%E5%93%81%E9%96%A2%E9%80%A3/?market=all
5,4896,4896.T,4896.T,認知症薬,医療・ヘルスケア,https://s.kabutan.jp/themes/%E8%AA%8D%E7%9F%A5%E7%97%87%E8%96%AC/?market=all
5,4901,4901.T,富士フイルム,データセンター,データセンター・電力,https://s.kabutan.jp/themes/%E3%83%87%E3%83%BC%E3%82%BF%E3%82%BB%E3%83%B3%E3%82%BF%E3%83%BC/?market=all
5,4901,4901.T,富士フイルム,バイオテクノロジー関連,医療・ヘルスケア,https://s.kabutan.jp/themes/%E3%83%90%E3%82%A4%E3%82%AA%E3%83%86%E3%82%AF%E3%83%8E%E3%83%AD%E3%82%B8%E3%83%BC%E9%96%A2%E9%80%A3/?market=all
5,4901,4901.T,富士フイルム,人工知能,AI・半導体,https://s.kabutan.jp/themes/%E4%BA%BA%E5%B7%A5%E7%9F%A5%E8%83%BD/?market=all
5,4901,4901.T,富士フイルム,全固体電池,自動車・モビリティ,https://s.kabutan.jp/themes/%E5%85%A8%E5%9B%BA%E4%BD%93%E9%9B%BB%E6%B1%A0/?market=all
5,4901,4901.T,富士フイルム,再生医療,医療・ヘルスケア,https://s.kabutan.jp/themes/%E5%86%8D%E7%94%9F%E5%8C%BB%E7%99%82/?market=all
5,4901,4901.T,富士フイルム,医療機器,医療・ヘルスケア,https://s.kabutan.jp/themes/%E5%8C%BB%E7%99%82%E6%A9%9F%E5%99%A8/?market=all
5,4901,4901.T,富士フイルム,半導体部材・部品,AI・半導体,https://s.kabutan.jp/themes/%E5%8D%8A%E5%B0%8E%E4%BD%93%E9%83%A8%E6%9D%90%E3%83%BB%E9%83%A8%E5%93%81/?market=all
5,4902,4902.T,コニカミノル,IoT,設備投資・機械,https://s.kabutan.jp/themes/IoT/?market=all
5,4902,4902.T,コニカミノル,サブスクリプション,デジタル・サービス,https://s.kabutan.jp/themes/%E3%82%B5%E3%83%96%E3%82%B9%E3%82%AF%E3%83%AA%E3%83%97%E3%82%B7%E3%83%A7%E3%83%B3/?market=all
5,4902,4902.T,コニカミノル,人工知能,AI・半導体,https://s.kabutan.jp/themes/%E4%BA%BA%E5%B7%A5%E7%9F%A5%E8%83%BD/?market=all
5,4902,4902.T,コニカミノル,医療機器,医療・ヘルスケア,https://s.kabutan.jp/themes/%E5%8C%BB%E7%99%82%E6%A9%9F%E5%99%A8/?market=all
5,4911,4911.T,4911.T,インバウンド,内需・消費,https://s.kabutan.jp/themes/%E3%82%A4%E3%83%B3%E3%83%90%E3%82%A6%E3%83%B3%E3%83%89/?market=all
5,4911,4911.T,4911.T,再生医療,医療・ヘルスケア,https://s.kabutan.jp/themes/%E5%86%8D%E7%94%9F%E5%8C%BB%E7%99%82/?market=all
5,4920,4920.T,4920.T,インバウンド,内需・消費,https://s.kabutan.jp/themes/%E3%82%A4%E3%83%B3%E3%83%90%E3%82%A6%E3%83%B3%E3%83%89/?market=all
5,4922,4922.T,4922.T,インバウンド,内需・消費,https://s.kabutan.jp/themes/%E3%82%A4%E3%83%B3%E3%83%90%E3%82%A6%E3%83%B3%E3%83%89/?market=all
5,4925,4925.T,4925.T,インバウンド,内需・消費,https://s.kabutan.jp/themes/%E3%82%A4%E3%83%B3%E3%83%90%E3%82%A6%E3%83%B3%E3%83%89/?market=all
5,4925,4925.T,4925.T,小売り,内需・消費,https://s.kabutan.jp/themes/%E5%B0%8F%E5%A3%B2%E3%82%8A/?market=all
5,4927,4927.T,4927.T,eコマース,内需・消費,https://s.kabutan.jp/themes/e%E3%82%B3%E3%83%9E%E3%83%BC%E3%82%B9/?market=all
5,4927,4927.T,4927.T,インバウンド,内需・消費,https://s.kabutan.jp/themes/%E3%82%A4%E3%83%B3%E3%83%90%E3%82%A6%E3%83%B3%E3%83%89/?market=all
5,4931,4931.T,4931.T,医薬品関連,医療・ヘルスケア,https://s.kabutan.jp/themes/%E5%8C%BB%E8%96%AC%E5%93%81%E9%96%A2%E9%80%A3/?market=all
5,4932,4932.T,4932.T,eコマース,内需・消費,https://s.kabutan.jp/themes/e%E3%82%B3%E3%83%9E%E3%83%BC%E3%82%B9/?market=all
5,4934,4934.T,4934.T,eコマース,内需・消費,https://s.kabutan.jp/themes/e%E3%82%B3%E3%83%9E%E3%83%BC%E3%82%B9/?market=all
5,4935,4935.T,4935.T,医療機器,医療・ヘルスケア,https://s.kabutan.jp/themes/%E5%8C%BB%E7%99%82%E6%A9%9F%E5%99%A8/?market=all
5,4936,4936.T,4936.T,eコマース,内需・消費,https://s.kabutan.jp/themes/e%E3%82%B3%E3%83%9E%E3%83%BC%E3%82%B9/?market=all
5,4937,4937.T,4937.T,eコマース,内需・消費,https://s.kabutan.jp/themes/e%E3%82%B3%E3%83%9E%E3%83%BC%E3%82%B9/?market=all
5,4937,4937.T,4937.T,サブスクリプション,デジタル・サービス,https://s.kabutan.jp/themes/%E3%82%B5%E3%83%96%E3%82%B9%E3%82%AF%E3%83%AA%E3%83%97%E3%82%B7%E3%83%A7%E3%83%B3/?market=all
5,4937,4937.T,4937.T,再生医療,医療・ヘルスケア,https://s.kabutan.jp/themes/%E5%86%8D%E7%94%9F%E5%8C%BB%E7%99%82/?market=all
5,4956,4956.T,4956.T,耐震化,防衛・国土強靱化,https://s.kabutan.jp/themes/%E8%80%90%E9%9C%87%E5%8C%96/?market=all
5,4956,4956.T,4956.T,防災,防衛・国土強靱化,https://s.kabutan.jp/themes/%E9%98%B2%E7%81%BD/?market=all
5,4966,4966.T,上村工,半導体部材・部品,AI・半導体,https://s.kabutan.jp/themes/%E5%8D%8A%E5%B0%8E%E4%BD%93%E9%83%A8%E6%9D%90%E3%83%BB%E9%83%A8%E5%93%81/?market=all
5,4966,4966.T,上村工,機械,設備投資・機械,https://s.kabutan.jp/themes/%E6%A9%9F%E6%A2%B0/?market=all
5,4966,4966.T,上村工,自動車部材・部品,自動車・モビリティ,https://s.kabutan.jp/themes/%E8%87%AA%E5%8B%95%E8%BB%8A%E9%83%A8%E6%9D%90%E3%83%BB%E9%83%A8%E5%93%81/?market=all
5,4967,4967.T,4967.T,インバウンド,内需・消費,https://s.kabutan.jp/themes/%E3%82%A4%E3%83%B3%E3%83%90%E3%82%A6%E3%83%B3%E3%83%89/?market=all
5,4968,4968.T,荒川化,データセンター,データセンター・電力,https://s.kabutan.jp/themes/%E3%83%87%E3%83%BC%E3%82%BF%E3%82%BB%E3%83%B3%E3%82%BF%E3%83%BC/?market=all
5,4968,4968.T,荒川化,半導体部材・部品,AI・半導体,https://s.kabutan.jp/themes/%E5%8D%8A%E5%B0%8E%E4%BD%93%E9%83%A8%E6%9D%90%E3%83%BB%E9%83%A8%E5%93%81/?market=all
5,4970,4970.T,東洋合成,バイオテクノロジー関連,医療・ヘルスケア,https://s.kabutan.jp/themes/%E3%83%90%E3%82%A4%E3%82%AA%E3%83%86%E3%82%AF%E3%83%8E%E3%83%AD%E3%82%B8%E3%83%BC%E9%96%A2%E9%80%A3/?market=all
5,4970,4970.T,東洋合成,半導体,AI・半導体,https://s.kabutan.jp/themes/%E5%8D%8A%E5%B0%8E%E4%BD%93/?market=all
5,4970,4970.T,東洋合成,半導体部材・部品,AI・半導体,https://s.kabutan.jp/themes/%E5%8D%8A%E5%B0%8E%E4%BD%93%E9%83%A8%E6%9D%90%E3%83%BB%E9%83%A8%E5%93%81/?market=all
5,4971,4971.T,4971.T,自動車軽量化,自動車・モビリティ,https://s.kabutan.jp/themes/%E8%87%AA%E5%8B%95%E8%BB%8A%E8%BB%BD%E9%87%8F%E5%8C%96/?market=all
5,4973,4973.T,日本高純度,半導体部材・部品,AI・半導体,https://s.kabutan.jp/themes/%E5%8D%8A%E5%B0%8E%E4%BD%93%E9%83%A8%E6%9D%90%E3%83%BB%E9%83%A8%E5%93%81/?market=all
5,4973,4973.T,日本高純度,金,資源・素材,https://s.kabutan.jp/themes/%E9%87%91/?market=all
5,4975,4975.T,ＪＣＵ,半導体部材・部品,AI・半導体,https://s.kabutan.jp/themes/%E5%8D%8A%E5%B0%8E%E4%BD%93%E9%83%A8%E6%9D%90%E3%83%BB%E9%83%A8%E5%93%81/?market=all
5,4975,4975.T,ＪＣＵ,機械,設備投資・機械,https://s.kabutan.jp/themes/%E6%A9%9F%E6%A2%B0/?market=all
5,4976,4976.T,4976.T,自動車部材・部品,自動車・モビリティ,https://s.kabutan.jp/themes/%E8%87%AA%E5%8B%95%E8%BB%8A%E9%83%A8%E6%9D%90%E3%83%BB%E9%83%A8%E5%93%81/?market=all
5,4977,4977.T,4977.T,医薬品関連,医療・ヘルスケア,https://s.kabutan.jp/themes/%E5%8C%BB%E8%96%AC%E5%93%81%E9%96%A2%E9%80%A3/?market=all
5,4978,4978.T,4978.T,バイオテクノロジー関連,医療・ヘルスケア,https://s.kabutan.jp/themes/%E3%83%90%E3%82%A4%E3%82%AA%E3%83%86%E3%82%AF%E3%83%8E%E3%83%AD%E3%82%B8%E3%83%BC%E9%96%A2%E9%80%A3/?market=all
5,4978,4978.T,4978.T,再生医療,医療・ヘルスケア,https://s.kabutan.jp/themes/%E5%86%8D%E7%94%9F%E5%8C%BB%E7%99%82/?market=all
5,4978,4978.T,4978.T,医薬品関連,医療・ヘルスケア,https://s.kabutan.jp/themes/%E5%8C%BB%E8%96%AC%E5%93%81%E9%96%A2%E9%80%A3/?market=all
5,4979,4979.T,4979.T,eコマース,内需・消費,https://s.kabutan.jp/themes/e%E3%82%B3%E3%83%9E%E3%83%BC%E3%82%B9/?market=all
5,4980,4980.T,デクセリ,データセンター,データセンター・電力,https://s.kabutan.jp/themes/%E3%83%87%E3%83%BC%E3%82%BF%E3%82%BB%E3%83%B3%E3%82%BF%E3%83%BC/?market=all
5,4980,4980.T,デクセリ,円安メリット,内需・消費,https://s.kabutan.jp/themes/%E5%86%86%E5%AE%89%E3%83%A1%E3%83%AA%E3%83%83%E3%83%88/?market=all
5,4980,4980.T,デクセリ,半導体,AI・半導体,https://s.kabutan.jp/themes/%E5%8D%8A%E5%B0%8E%E4%BD%93/?market=all
5,4980,4980.T,デクセリ,宇宙開発関連,防衛・国土強靱化,https://s.kabutan.jp/themes/%E5%AE%87%E5%AE%99%E9%96%8B%E7%99%BA%E9%96%A2%E9%80%A3/?market=all
5,4992,4992.T,4992.T,認知症薬,医療・ヘルスケア,https://s.kabutan.jp/themes/%E8%AA%8D%E7%9F%A5%E7%97%87%E8%96%AC/?market=all
5,4994,4994.T,4994.T,機械,設備投資・機械,https://s.kabutan.jp/themes/%E6%A9%9F%E6%A2%B0/?market=all
5,4997,4997.T,日農薬,人工知能,AI・半導体,https://s.kabutan.jp/themes/%E4%BA%BA%E5%B7%A5%E7%9F%A5%E8%83%BD/?market=all
5,5011,5011.T,5011.T,国土強靱化,防衛・国土強靱化,https://s.kabutan.jp/themes/%E5%9B%BD%E5%9C%9F%E5%BC%B7%E9%9D%B1%E5%8C%96/?market=all
5,5013,5013.T,5013.T,自動車部材・部品,自動車・モビリティ,https://s.kabutan.jp/themes/%E8%87%AA%E5%8B%95%E8%BB%8A%E9%83%A8%E6%9D%90%E3%83%BB%E9%83%A8%E5%93%81/?market=all
5,5015,5015.T,5015.T,自動車部材・部品,自動車・モビリティ,https://s.kabutan.jp/themes/%E8%87%AA%E5%8B%95%E8%BB%8A%E9%83%A8%E6%9D%90%E3%83%BB%E9%83%A8%E5%93%81/?market=all
5,5016,5016.T,ＪＸ金属,レアメタル,資源・素材,https://s.kabutan.jp/themes/%E3%83%AC%E3%82%A2%E3%83%A1%E3%82%BF%E3%83%AB/?market=all
5,5016,5016.T,ＪＸ金属,半導体,AI・半導体,https://s.kabutan.jp/themes/%E5%8D%8A%E5%B0%8E%E4%BD%93/?market=all
5,5016,5016.T,ＪＸ金属,半導体部材・部品,AI・半導体,https://s.kabutan.jp/themes/%E5%8D%8A%E5%B0%8E%E4%BD%93%E9%83%A8%E6%9D%90%E3%83%BB%E9%83%A8%E5%93%81/?market=all
5,5016,5016.T,ＪＸ金属,核融合発電,GX・エネルギー,https://s.kabutan.jp/themes/%E6%A0%B8%E8%9E%8D%E5%90%88%E7%99%BA%E9%9B%BB/?market=all
5,5016,5016.T,ＪＸ金属,資源開発,資源・素材,https://s.kabutan.jp/themes/%E8%B3%87%E6%BA%90%E9%96%8B%E7%99%BA/?market=all
5,5016,5016.T,ＪＸ金属,銅,資源・素材,https://s.kabutan.jp/themes/%E9%8A%85/?market=all
5,5016,5016.T,ＪＸ金属,電線,データセンター・電力,https://s.kabutan.jp/themes/%E9%9B%BB%E7%B7%9A/?market=all
5,5016,5016.T,ＪＸ金属,非鉄,資源・素材,https://s.kabutan.jp/themes/%E9%9D%9E%E9%89%84/?market=all
5,5018,5018.T,5018.T,自動車部材・部品,自動車・モビリティ,https://s.kabutan.jp/themes/%E8%87%AA%E5%8B%95%E8%BB%8A%E9%83%A8%E6%9D%90%E3%83%BB%E9%83%A8%E5%93%81/?market=all
5,5019,5019.T,出光興産,アンモニア,GX・エネルギー,https://s.kabutan.jp/themes/%E3%82%A2%E3%83%B3%E3%83%A2%E3%83%8B%E3%82%A2/?market=all
5,5019,5019.T,出光興産,スマートグリッド,データセンター・電力,https://s.kabutan.jp/themes/%E3%82%B9%E3%83%9E%E3%83%BC%E3%83%88%E3%82%B0%E3%83%AA%E3%83%83%E3%83%89/?market=all
5,5019,5019.T,出光興産,全固体電池,自動車・モビリティ,https://s.kabutan.jp/themes/%E5%85%A8%E5%9B%BA%E4%BD%93%E9%9B%BB%E6%B1%A0/?market=all
5,5019,5019.T,出光興産,円高メリット,内需・消費,https://s.kabutan.jp/themes/%E5%86%86%E9%AB%98%E3%83%A1%E3%83%AA%E3%83%83%E3%83%88/?market=all
5,5019,5019.T,出光興産,半導体部材・部品,AI・半導体,https://s.kabutan.jp/themes/%E5%8D%8A%E5%B0%8E%E4%BD%93%E9%83%A8%E6%9D%90%E3%83%BB%E9%83%A8%E5%93%81/?market=all
5,5019,5019.T,出光興産,水素,GX・エネルギー,https://s.kabutan.jp/themes/%E6%B0%B4%E7%B4%A0/?market=all
5,5019,5019.T,出光興産,資源開発,資源・素材,https://s.kabutan.jp/themes/%E8%B3%87%E6%BA%90%E9%96%8B%E7%99%BA/?market=all
5,5019,5019.T,出光興産,防衛,防衛・国土強靱化,https://s.kabutan.jp/themes/%E9%98%B2%E8%A1%9B/?market=all
5,5019,5019.T,出光興産,電気自動車関連,自動車・モビリティ,https://s.kabutan.jp/themes/%E9%9B%BB%E6%B0%97%E8%87%AA%E5%8B%95%E8%BB%8A%E9%96%A2%E9%80%A3/?market=all
5,5019,5019.T,出光興産,風力発電,GX・エネルギー,https://s.kabutan.jp/themes/%E9%A2%A8%E5%8A%9B%E7%99%BA%E9%9B%BB/?market=all
5,5020,5020.T,ＥＮＥＯＳ,サーバー冷却,データセンター・電力,https://s.kabutan.jp/themes/%E3%82%B5%E3%83%BC%E3%83%90%E3%83%BC%E5%86%B7%E5%8D%B4/?market=all
5,5020,5020.T,ＥＮＥＯＳ,スマートグリッド,データセンター・電力,https://s.kabutan.jp/themes/%E3%82%B9%E3%83%9E%E3%83%BC%E3%83%88%E3%82%B0%E3%83%AA%E3%83%83%E3%83%89/?market=all
5,5020,5020.T,ＥＮＥＯＳ,データセンター,データセンター・電力,https://s.kabutan.jp/themes/%E3%83%87%E3%83%BC%E3%82%BF%E3%82%BB%E3%83%B3%E3%82%BF%E3%83%BC/?market=all
5,5020,5020.T,ＥＮＥＯＳ,レアメタル,資源・素材,https://s.kabutan.jp/themes/%E3%83%AC%E3%82%A2%E3%83%A1%E3%82%BF%E3%83%AB/?market=all
5,5020,5020.T,ＥＮＥＯＳ,円高メリット,内需・消費,https://s.kabutan.jp/themes/%E5%86%86%E9%AB%98%E3%83%A1%E3%83%AA%E3%83%83%E3%83%88/?market=all
5,5020,5020.T,ＥＮＥＯＳ,半導体部材・部品,AI・半導体,https://s.kabutan.jp/themes/%E5%8D%8A%E5%B0%8E%E4%BD%93%E9%83%A8%E6%9D%90%E3%83%BB%E9%83%A8%E5%93%81/?market=all
5,5020,5020.T,ＥＮＥＯＳ,水素,GX・エネルギー,https://s.kabutan.jp/themes/%E6%B0%B4%E7%B4%A0/?market=all
5,5020,5020.T,ＥＮＥＯＳ,資源開発,資源・素材,https://s.kabutan.jp/themes/%E8%B3%87%E6%BA%90%E9%96%8B%E7%99%BA/?market=all
5,5020,5020.T,ＥＮＥＯＳ,都市鉱山,資源・素材,https://s.kabutan.jp/themes/%E9%83%BD%E5%B8%82%E9%89%B1%E5%B1%B1/?market=all
5,5020,5020.T,ＥＮＥＯＳ,銅,資源・素材,https://s.kabutan.jp/themes/%E9%8A%85/?market=all
5,5020,5020.T,ＥＮＥＯＳ,防衛,防衛・国土強靱化,https://s.kabutan.jp/themes/%E9%98%B2%E8%A1%9B/?market=all
5,5020,5020.T,ＥＮＥＯＳ,陸運,物流・海運,https://s.kabutan.jp/themes/%E9%99%B8%E9%81%8B/?market=all
5,5020,5020.T,ＥＮＥＯＳ,電気自動車関連,自動車・モビリティ,https://s.kabutan.jp/themes/%E9%9B%BB%E6%B0%97%E8%87%AA%E5%8B%95%E8%BB%8A%E9%96%A2%E9%80%A3/?market=all
5,5020,5020.T,ＥＮＥＯＳ,電線,データセンター・電力,https://s.kabutan.jp/themes/%E9%9B%BB%E7%B7%9A/?market=all
5,5020,5020.T,ＥＮＥＯＳ,風力発電,GX・エネルギー,https://s.kabutan.jp/themes/%E9%A2%A8%E5%8A%9B%E7%99%BA%E9%9B%BB/?market=all
5,5021,5021.T,コスモＨＤ,円高メリット,内需・消費,https://s.kabutan.jp/themes/%E5%86%86%E9%AB%98%E3%83%A1%E3%83%AA%E3%83%83%E3%83%88/?market=all
5,5021,5021.T,コスモＨＤ,水素,GX・エネルギー,https://s.kabutan.jp/themes/%E6%B0%B4%E7%B4%A0/?market=all
5,5021,5021.T,コスモＨＤ,風力発電,GX・エネルギー,https://s.kabutan.jp/themes/%E9%A2%A8%E5%8A%9B%E7%99%BA%E9%9B%BB/?market=all
5,5025,5025.T,5025.T,SaaS,デジタル・サービス,https://s.kabutan.jp/themes/SaaS/?market=all
5,5025,5025.T,5025.T,サブスクリプション,デジタル・サービス,https://s.kabutan.jp/themes/%E3%82%B5%E3%83%96%E3%82%B9%E3%82%AF%E3%83%AA%E3%83%97%E3%82%B7%E3%83%A7%E3%83%B3/?market=all
5,5025,5025.T,5025.T,データ分析・解析,AI・半導体,https://s.kabutan.jp/themes/%E3%83%87%E3%83%BC%E3%82%BF%E5%88%86%E6%9E%90%E3%83%BB%E8%A7%A3%E6%9E%90/?market=all
5,5025,5025.T,5025.T,マンション関連,不動産・建設,https://s.kabutan.jp/themes/%E3%83%9E%E3%83%B3%E3%82%B7%E3%83%A7%E3%83%B3%E9%96%A2%E9%80%A3/?market=all
5,5025,5025.T,5025.T,不動産テック,不動産・建設,https://s.kabutan.jp/themes/%E4%B8%8D%E5%8B%95%E7%94%A3%E3%83%86%E3%83%83%E3%82%AF/?market=all
5,5026,5026.T,トリプルアイ,IT関連,デジタル・サービス,https://s.kabutan.jp/themes/IT%E9%96%A2%E9%80%A3/?market=all
5,5026,5026.T,トリプルアイ,IoT,設備投資・機械,https://s.kabutan.jp/themes/IoT/?market=all
5,5026,5026.T,トリプルアイ,キャッシュレス決済,金融・金利,https://s.kabutan.jp/themes/%E3%82%AD%E3%83%A3%E3%83%83%E3%82%B7%E3%83%A5%E3%83%AC%E3%82%B9%E6%B1%BA%E6%B8%88/?market=all
5,5026,5026.T,トリプルアイ,クラウドコンピューティング,デジタル・サービス,https://s.kabutan.jp/themes/%E3%82%AF%E3%83%A9%E3%82%A6%E3%83%89%E3%82%B3%E3%83%B3%E3%83%94%E3%83%A5%E3%83%BC%E3%83%86%E3%82%A3%E3%83%B3%E3%82%B0/?market=all
5,5026,5026.T,トリプルアイ,デジタルトランスフォーメーション,デジタル・サービス,https://s.kabutan.jp/themes/%E3%83%87%E3%82%B8%E3%82%BF%E3%83%AB%E3%83%88%E3%83%A9%E3%83%B3%E3%82%B9%E3%83%95%E3%82%A9%E3%83%BC%E3%83%A1%E3%83%BC%E3%82%B7%E3%83%A7%E3%83%B3/?market=all
5,5026,5026.T,トリプルアイ,データセンター,データセンター・電力,https://s.kabutan.jp/themes/%E3%83%87%E3%83%BC%E3%82%BF%E3%82%BB%E3%83%B3%E3%82%BF%E3%83%BC/?market=all
5,5026,5026.T,トリプルアイ,人工知能,AI・半導体,https://s.kabutan.jp/themes/%E4%BA%BA%E5%B7%A5%E7%9F%A5%E8%83%BD/?market=all
5,5026,5026.T,トリプルアイ,生成AI,AI・半導体,https://s.kabutan.jp/themes/%E7%94%9F%E6%88%90AI/?market=all
5,5027,5027.T,エニマインド,eコマース,内需・消費,https://s.kabutan.jp/themes/e%E3%82%B3%E3%83%9E%E3%83%BC%E3%82%B9/?market=all
5,5027,5027.T,エニマインド,データ分析・解析,AI・半導体,https://s.kabutan.jp/themes/%E3%83%87%E3%83%BC%E3%82%BF%E5%88%86%E6%9E%90%E3%83%BB%E8%A7%A3%E6%9E%90/?market=all
5,5027,5027.T,エニマインド,物流,物流・海運,https://s.kabutan.jp/themes/%E7%89%A9%E6%B5%81/?market=all
5,5027,5027.T,エニマインド,生成AI,AI・半導体,https://s.kabutan.jp/themes/%E7%94%9F%E6%88%90AI/?market=all
5,5028,5028.T,セカンドＸ,SaaS,デジタル・サービス,https://s.kabutan.jp/themes/SaaS/?market=all
5,5028,5028.T,セカンドＸ,クラウドコンピューティング,デジタル・サービス,https://s.kabutan.jp/themes/%E3%82%AF%E3%83%A9%E3%82%A6%E3%83%89%E3%82%B3%E3%83%B3%E3%83%94%E3%83%A5%E3%83%BC%E3%83%86%E3%82%A3%E3%83%B3%E3%82%B0/?market=all
5,5028,5028.T,セカンドＸ,データ分析・解析,AI・半導体,https://s.kabutan.jp/themes/%E3%83%87%E3%83%BC%E3%82%BF%E5%88%86%E6%9E%90%E3%83%BB%E8%A7%A3%E6%9E%90/?market=all
5,5028,5028.T,セカンドＸ,人工知能,AI・半導体,https://s.kabutan.jp/themes/%E4%BA%BA%E5%B7%A5%E7%9F%A5%E8%83%BD/?market=all
5,5029,5029.T,サークレイス,AIエージェント,AI・半導体,https://s.kabutan.jp/themes/AI%E3%82%A8%E3%83%BC%E3%82%B8%E3%82%A7%E3%83%B3%E3%83%88/?market=all
5,5029,5029.T,サークレイス,SaaS,デジタル・サービス,https://s.kabutan.jp/themes/SaaS/?market=all
5,5029,5029.T,サークレイス,クラウドコンピューティング,デジタル・サービス,https://s.kabutan.jp/themes/%E3%82%AF%E3%83%A9%E3%82%A6%E3%83%89%E3%82%B3%E3%83%B3%E3%83%94%E3%83%A5%E3%83%BC%E3%83%86%E3%82%A3%E3%83%B3%E3%82%B0/?market=all
5,5029,5029.T,サークレイス,デジタルトランスフォーメーション,デジタル・サービス,https://s.kabutan.jp/themes/%E3%83%87%E3%82%B8%E3%82%BF%E3%83%AB%E3%83%88%E3%83%A9%E3%83%B3%E3%82%B9%E3%83%95%E3%82%A9%E3%83%BC%E3%83%A1%E3%83%BC%E3%82%B7%E3%83%A7%E3%83%B3/?market=all
5,5029,5029.T,サークレイス,人工知能,AI・半導体,https://s.kabutan.jp/themes/%E4%BA%BA%E5%B7%A5%E7%9F%A5%E8%83%BD/?market=all
5,5029,5029.T,サークレイス,生成AI,AI・半導体,https://s.kabutan.jp/themes/%E7%94%9F%E6%88%90AI/?market=all
5,5031,5031.T,5031.T,ゲーム関連,デジタル・サービス,https://s.kabutan.jp/themes/%E3%82%B2%E3%83%BC%E3%83%A0%E9%96%A2%E9%80%A3/?market=all
5,5031,5031.T,5031.T,サブスクリプション,デジタル・サービス,https://s.kabutan.jp/themes/%E3%82%B5%E3%83%96%E3%82%B9%E3%82%AF%E3%83%AA%E3%83%97%E3%82%B7%E3%83%A7%E3%83%B3/?market=all
5,5033,5033.T,ヌーラボ,IT関連,デジタル・サービス,https://s.kabutan.jp/themes/IT%E9%96%A2%E9%80%A3/?market=all
5,5033,5033.T,ヌーラボ,SaaS,デジタル・サービス,https://s.kabutan.jp/themes/SaaS/?market=all
5,5033,5033.T,ヌーラボ,クラウドコンピューティング,デジタル・サービス,https://s.kabutan.jp/themes/%E3%82%AF%E3%83%A9%E3%82%A6%E3%83%89%E3%82%B3%E3%83%B3%E3%83%94%E3%83%A5%E3%83%BC%E3%83%86%E3%82%A3%E3%83%B3%E3%82%B0/?market=all
5,5033,5033.T,ヌーラボ,サブスクリプション,デジタル・サービス,https://s.kabutan.jp/themes/%E3%82%B5%E3%83%96%E3%82%B9%E3%82%AF%E3%83%AA%E3%83%97%E3%82%B7%E3%83%A7%E3%83%B3/?market=all
5,5033,5033.T,ヌーラボ,デジタルトランスフォーメーション,デジタル・サービス,https://s.kabutan.jp/themes/%E3%83%87%E3%82%B8%E3%82%BF%E3%83%AB%E3%83%88%E3%83%A9%E3%83%B3%E3%82%B9%E3%83%95%E3%82%A9%E3%83%BC%E3%83%A1%E3%83%BC%E3%82%B7%E3%83%A7%E3%83%B3/?market=all
5,5033,5033.T,ヌーラボ,人工知能,AI・半導体,https://s.kabutan.jp/themes/%E4%BA%BA%E5%B7%A5%E7%9F%A5%E8%83%BD/?market=all
5,5033,5033.T,ヌーラボ,生成AI,AI・半導体,https://s.kabutan.jp/themes/%E7%94%9F%E6%88%90AI/?market=all
5,5034,5034.T,ウネリー,IoT,設備投資・機械,https://s.kabutan.jp/themes/IoT/?market=all
5,5034,5034.T,ウネリー,SaaS,デジタル・サービス,https://s.kabutan.jp/themes/SaaS/?market=all
5,5034,5034.T,ウネリー,クラウドコンピューティング,デジタル・サービス,https://s.kabutan.jp/themes/%E3%82%AF%E3%83%A9%E3%82%A6%E3%83%89%E3%82%B3%E3%83%B3%E3%83%94%E3%83%A5%E3%83%BC%E3%83%86%E3%82%A3%E3%83%B3%E3%82%B0/?market=all
5,5034,5034.T,ウネリー,デジタルトランスフォーメーション,デジタル・サービス,https://s.kabutan.jp/themes/%E3%83%87%E3%82%B8%E3%82%BF%E3%83%AB%E3%83%88%E3%83%A9%E3%83%B3%E3%82%B9%E3%83%95%E3%82%A9%E3%83%BC%E3%83%A1%E3%83%BC%E3%82%B7%E3%83%A7%E3%83%B3/?market=all
5,5034,5034.T,ウネリー,データベース,デジタル・サービス,https://s.kabutan.jp/themes/%E3%83%87%E3%83%BC%E3%82%BF%E3%83%99%E3%83%BC%E3%82%B9/?market=all
5,5034,5034.T,ウネリー,データ分析・解析,AI・半導体,https://s.kabutan.jp/themes/%E3%83%87%E3%83%BC%E3%82%BF%E5%88%86%E6%9E%90%E3%83%BB%E8%A7%A3%E6%9E%90/?market=all
5,5034,5034.T,ウネリー,人工知能,AI・半導体,https://s.kabutan.jp/themes/%E4%BA%BA%E5%B7%A5%E7%9F%A5%E8%83%BD/?market=all
5,5035,5035.T,ＨＯＵＳＥＩ,クラウドコンピューティング,デジタル・サービス,https://s.kabutan.jp/themes/%E3%82%AF%E3%83%A9%E3%82%A6%E3%83%89%E3%82%B3%E3%83%B3%E3%83%94%E3%83%A5%E3%83%BC%E3%83%86%E3%82%A3%E3%83%B3%E3%82%B0/?market=all
5,5035,5035.T,ＨＯＵＳＥＩ,データベース,デジタル・サービス,https://s.kabutan.jp/themes/%E3%83%87%E3%83%BC%E3%82%BF%E3%83%99%E3%83%BC%E3%82%B9/?market=all
5,5035,5035.T,ＨＯＵＳＥＩ,生成AI,AI・半導体,https://s.kabutan.jp/themes/%E7%94%9F%E6%88%90AI/?market=all
5,5036,5036.T,5036.T,IT関連,デジタル・サービス,https://s.kabutan.jp/themes/IT%E9%96%A2%E9%80%A3/?market=all
5,5036,5036.T,5036.T,SaaS,デジタル・サービス,https://s.kabutan.jp/themes/SaaS/?market=all
5,5036,5036.T,5036.T,クラウドコンピューティング,デジタル・サービス,https://s.kabutan.jp/themes/%E3%82%AF%E3%83%A9%E3%82%A6%E3%83%89%E3%82%B3%E3%83%B3%E3%83%94%E3%83%A5%E3%83%BC%E3%83%86%E3%82%A3%E3%83%B3%E3%82%B0/?market=all
5,5036,5036.T,5036.T,デジタルトランスフォーメーション,デジタル・サービス,https://s.kabutan.jp/themes/%E3%83%87%E3%82%B8%E3%82%BF%E3%83%AB%E3%83%88%E3%83%A9%E3%83%B3%E3%82%B9%E3%83%95%E3%82%A9%E3%83%BC%E3%83%A1%E3%83%BC%E3%82%B7%E3%83%A7%E3%83%B3/?market=all
5,5036,5036.T,5036.T,生成AI,AI・半導体,https://s.kabutan.jp/themes/%E7%94%9F%E6%88%90AI/?market=all
5,5038,5038.T,5038.T,IT関連,デジタル・サービス,https://s.kabutan.jp/themes/IT%E9%96%A2%E9%80%A3/?market=all
5,5038,5038.T,5038.T,SaaS,デジタル・サービス,https://s.kabutan.jp/themes/SaaS/?market=all
5,5038,5038.T,5038.T,クラウドコンピューティング,デジタル・サービス,https://s.kabutan.jp/themes/%E3%82%AF%E3%83%A9%E3%82%A6%E3%83%89%E3%82%B3%E3%83%B3%E3%83%94%E3%83%A5%E3%83%BC%E3%83%86%E3%82%A3%E3%83%B3%E3%82%B0/?market=all
5,5038,5038.T,5038.T,サブスクリプション,デジタル・サービス,https://s.kabutan.jp/themes/%E3%82%B5%E3%83%96%E3%82%B9%E3%82%AF%E3%83%AA%E3%83%97%E3%82%B7%E3%83%A7%E3%83%B3/?market=all
5,5038,5038.T,5038.T,デジタルトランスフォーメーション,デジタル・サービス,https://s.kabutan.jp/themes/%E3%83%87%E3%82%B8%E3%82%BF%E3%83%AB%E3%83%88%E3%83%A9%E3%83%B3%E3%82%B9%E3%83%95%E3%82%A9%E3%83%BC%E3%83%A1%E3%83%BC%E3%82%B7%E3%83%A7%E3%83%B3/?market=all
5,5038,5038.T,5038.T,介護関連,医療・ヘルスケア,https://s.kabutan.jp/themes/%E4%BB%8B%E8%AD%B7%E9%96%A2%E9%80%A3/?market=all
5,5038,5038.T,5038.T,生成AI,AI・半導体,https://s.kabutan.jp/themes/%E7%94%9F%E6%88%90AI/?market=all
5,504A,504A.T,504A.T,バイオテクノロジー関連,医療・ヘルスケア,https://s.kabutan.jp/themes/%E3%83%90%E3%82%A4%E3%82%AA%E3%83%86%E3%82%AF%E3%83%8E%E3%83%AD%E3%82%B8%E3%83%BC%E9%96%A2%E9%80%A3/?market=all
5,504A,504A.T,504A.T,再生医療,医療・ヘルスケア,https://s.kabutan.jp/themes/%E5%86%8D%E7%94%9F%E5%8C%BB%E7%99%82/?market=all
5,504A,504A.T,504A.T,創薬,医療・ヘルスケア,https://s.kabutan.jp/themes/%E5%89%B5%E8%96%AC/?market=all
5,504A,504A.T,504A.T,医薬品関連,医療・ヘルスケア,https://s.kabutan.jp/themes/%E5%8C%BB%E8%96%AC%E5%93%81%E9%96%A2%E9%80%A3/?market=all
5,505A,505A.T,ギークリー,ゲーム関連,デジタル・サービス,https://s.kabutan.jp/themes/%E3%82%B2%E3%83%BC%E3%83%A0%E9%96%A2%E9%80%A3/?market=all
5,505A,505A.T,ギークリー,人工知能,AI・半導体,https://s.kabutan.jp/themes/%E4%BA%BA%E5%B7%A5%E7%9F%A5%E8%83%BD/?market=all
5,5074,5074.T,5074.T,再生可能エネルギー,GX・エネルギー,https://s.kabutan.jp/themes/%E5%86%8D%E7%94%9F%E5%8F%AF%E8%83%BD%E3%82%A8%E3%83%8D%E3%83%AB%E3%82%AE%E3%83%BC/?market=all
5,5074,5074.T,5074.T,太陽光発電関連,GX・エネルギー,https://s.kabutan.jp/themes/%E5%A4%AA%E9%99%BD%E5%85%89%E7%99%BA%E9%9B%BB%E9%96%A2%E9%80%A3/?market=all
5,5074,5074.T,5074.T,省エネ関連,GX・エネルギー,https://s.kabutan.jp/themes/%E7%9C%81%E3%82%A8%E3%83%8D%E9%96%A2%E9%80%A3/?market=all
5,5074,5074.T,5074.T,脱炭素,GX・エネルギー,https://s.kabutan.jp/themes/%E8%84%B1%E7%82%AD%E7%B4%A0/?market=all
5,5074,5074.T,5074.T,蓄電池,GX・エネルギー,https://s.kabutan.jp/themes/%E8%93%84%E9%9B%BB%E6%B1%A0/?market=all
5,5074,5074.T,5074.T,風力発電,GX・エネルギー,https://s.kabutan.jp/themes/%E9%A2%A8%E5%8A%9B%E7%99%BA%E9%9B%BB/?market=all
5,5075,5075.T,,国土強靱化,防衛・国土強靱化,https://s.kabutan.jp/themes/%E5%9B%BD%E5%9C%9F%E5%BC%B7%E9%9D%B1%E5%8C%96/?market=all
5,5076,5076.T,5076.T,国土強靱化,防衛・国土強靱化,https://s.kabutan.jp/themes/%E5%9B%BD%E5%9C%9F%E5%BC%B7%E9%9D%B1%E5%8C%96/?market=all
5,5076,5076.T,5076.T,太陽光発電関連,GX・エネルギー,https://s.kabutan.jp/themes/%E5%A4%AA%E9%99%BD%E5%85%89%E7%99%BA%E9%9B%BB%E9%96%A2%E9%80%A3/?market=all
5,5076,5076.T,5076.T,建設,不動産・建設,https://s.kabutan.jp/themes/%E5%BB%BA%E8%A8%AD/?market=all
5,5076,5076.T,5076.T,建設機械,設備投資・機械,https://s.kabutan.jp/themes/%E5%BB%BA%E8%A8%AD%E6%A9%9F%E6%A2%B0/?market=all
5,5076,5076.T,5076.T,耐震化,防衛・国土強靱化,https://s.kabutan.jp/themes/%E8%80%90%E9%9C%87%E5%8C%96/?market=all
5,5076,5076.T,5076.T,風力発電,GX・エネルギー,https://s.kabutan.jp/themes/%E9%A2%A8%E5%8A%9B%E7%99%BA%E9%9B%BB/?market=all
5,5078,5078.T,5078.T,IoT,設備投資・機械,https://s.kabutan.jp/themes/IoT/?market=all
5,5078,5078.T,5078.T,不動産関連,不動産・建設,https://s.kabutan.jp/themes/%E4%B8%8D%E5%8B%95%E7%94%A3%E9%96%A2%E9%80%A3/?market=all
5,5079,5079.T,5079.T,国土強靱化,防衛・国土強靱化,https://s.kabutan.jp/themes/%E5%9B%BD%E5%9C%9F%E5%BC%B7%E9%9D%B1%E5%8C%96/?market=all
5,5079,5079.T,5079.T,建設,不動産・建設,https://s.kabutan.jp/themes/%E5%BB%BA%E8%A8%AD/?market=all
5,5079,5079.T,5079.T,耐震化,防衛・国土強靱化,https://s.kabutan.jp/themes/%E8%80%90%E9%9C%87%E5%8C%96/?market=all
5,5101,5101.T,5101.T,宇宙開発関連,防衛・国土強靱化,https://s.kabutan.jp/themes/%E5%AE%87%E5%AE%99%E9%96%8B%E7%99%BA%E9%96%A2%E9%80%A3/?market=all
5,5101,5101.T,5101.T,耐震化,防衛・国土強靱化,https://s.kabutan.jp/themes/%E8%80%90%E9%9C%87%E5%8C%96/?market=all
5,5101,5101.T,5101.T,自動車部材・部品,自動車・モビリティ,https://s.kabutan.jp/themes/%E8%87%AA%E5%8B%95%E8%BB%8A%E9%83%A8%E6%9D%90%E3%83%BB%E9%83%A8%E5%93%81/?market=all
5,5105,5105.T,5105.T,円安メリット,内需・消費,https://s.kabutan.jp/themes/%E5%86%86%E5%AE%89%E3%83%A1%E3%83%AA%E3%83%83%E3%83%88/?market=all
5,5105,5105.T,5105.T,耐震化,防衛・国土強靱化,https://s.kabutan.jp/themes/%E8%80%90%E9%9C%87%E5%8C%96/?market=all
5,5105,5105.T,5105.T,自動車部材・部品,自動車・モビリティ,https://s.kabutan.jp/themes/%E8%87%AA%E5%8B%95%E8%BB%8A%E9%83%A8%E6%9D%90%E3%83%BB%E9%83%A8%E5%93%81/?market=all
5,5105,5105.T,5105.T,防災,防衛・国土強靱化,https://s.kabutan.jp/themes/%E9%98%B2%E7%81%BD/?market=all
5,5108,5108.T,5108.T,円安メリット,内需・消費,https://s.kabutan.jp/themes/%E5%86%86%E5%AE%89%E3%83%A1%E3%83%AA%E3%83%83%E3%83%88/?market=all
5,5108,5108.T,5108.T,耐震化,防衛・国土強靱化,https://s.kabutan.jp/themes/%E8%80%90%E9%9C%87%E5%8C%96/?market=all
5,5108,5108.T,5108.T,自動車部材・部品,自動車・モビリティ,https://s.kabutan.jp/themes/%E8%87%AA%E5%8B%95%E8%BB%8A%E9%83%A8%E6%9D%90%E3%83%BB%E9%83%A8%E5%93%81/?market=all
5,5108,5108.T,5108.T,防災,防衛・国土強靱化,https://s.kabutan.jp/themes/%E9%98%B2%E7%81%BD/?market=all
5,5110,5110.T,5110.T,耐震化,防衛・国土強靱化,https://s.kabutan.jp/themes/%E8%80%90%E9%9C%87%E5%8C%96/?market=all
5,5110,5110.T,5110.T,自動車部材・部品,自動車・モビリティ,https://s.kabutan.jp/themes/%E8%87%AA%E5%8B%95%E8%BB%8A%E9%83%A8%E6%9D%90%E3%83%BB%E9%83%A8%E5%93%81/?market=all
5,5110,5110.T,5110.T,防災,防衛・国土強靱化,https://s.kabutan.jp/themes/%E9%98%B2%E7%81%BD/?market=all
5,5121,5121.T,藤コンポ,半導体製造装置,AI・半導体,https://s.kabutan.jp/themes/%E5%8D%8A%E5%B0%8E%E4%BD%93%E8%A3%BD%E9%80%A0%E8%A3%85%E7%BD%AE/?market=all
5,5121,5121.T,藤コンポ,自動車部材・部品,自動車・モビリティ,https://s.kabutan.jp/themes/%E8%87%AA%E5%8B%95%E8%BB%8A%E9%83%A8%E6%9D%90%E3%83%BB%E9%83%A8%E5%93%81/?market=all
5,5121,5121.T,藤コンポ,蓄電池,GX・エネルギー,https://s.kabutan.jp/themes/%E8%93%84%E9%9B%BB%E6%B1%A0/?market=all
5,5122,5122.T,5122.T,太陽光発電関連,GX・エネルギー,https://s.kabutan.jp/themes/%E5%A4%AA%E9%99%BD%E5%85%89%E7%99%BA%E9%9B%BB%E9%96%A2%E9%80%A3/?market=all
5,5122,5122.T,5122.T,自動車部材・部品,自動車・モビリティ,https://s.kabutan.jp/themes/%E8%87%AA%E5%8B%95%E8%BB%8A%E9%83%A8%E6%9D%90%E3%83%BB%E9%83%A8%E5%93%81/?market=all
5,5125,5125.T,5125.T,クラウドコンピューティング,デジタル・サービス,https://s.kabutan.jp/themes/%E3%82%AF%E3%83%A9%E3%82%A6%E3%83%89%E3%82%B3%E3%83%B3%E3%83%94%E3%83%A5%E3%83%BC%E3%83%86%E3%82%A3%E3%83%B3%E3%82%B0/?market=all
5,5125,5125.T,5125.T,デジタルトランスフォーメーション,デジタル・サービス,https://s.kabutan.jp/themes/%E3%83%87%E3%82%B8%E3%82%BF%E3%83%AB%E3%83%88%E3%83%A9%E3%83%B3%E3%82%B9%E3%83%95%E3%82%A9%E3%83%BC%E3%83%A1%E3%83%BC%E3%82%B7%E3%83%A7%E3%83%B3/?market=all
5,5126,5126.T,5126.T,クラウドコンピューティング,デジタル・サービス,https://s.kabutan.jp/themes/%E3%82%AF%E3%83%A9%E3%82%A6%E3%83%89%E3%82%B3%E3%83%B3%E3%83%94%E3%83%A5%E3%83%BC%E3%83%86%E3%82%A3%E3%83%B3%E3%82%B0/?market=all
5,5126,5126.T,5126.T,サブスクリプション,デジタル・サービス,https://s.kabutan.jp/themes/%E3%82%B5%E3%83%96%E3%82%B9%E3%82%AF%E3%83%AA%E3%83%97%E3%82%B7%E3%83%A7%E3%83%B3/?market=all
5,5129,5129.T,ＦＩＸＥＲ,IT関連,デジタル・サービス,https://s.kabutan.jp/themes/IT%E9%96%A2%E9%80%A3/?market=all
5,5129,5129.T,ＦＩＸＥＲ,SaaS,デジタル・サービス,https://s.kabutan.jp/themes/SaaS/?market=all
5,5129,5129.T,ＦＩＸＥＲ,クラウドコンピューティング,デジタル・サービス,https://s.kabutan.jp/themes/%E3%82%AF%E3%83%A9%E3%82%A6%E3%83%89%E3%82%B3%E3%83%B3%E3%83%94%E3%83%A5%E3%83%BC%E3%83%86%E3%82%A3%E3%83%B3%E3%82%B0/?market=all
5,5129,5129.T,ＦＩＸＥＲ,人工知能,AI・半導体,https://s.kabutan.jp/themes/%E4%BA%BA%E5%B7%A5%E7%9F%A5%E8%83%BD/?market=all
5,5129,5129.T,ＦＩＸＥＲ,生成AI,AI・半導体,https://s.kabutan.jp/themes/%E7%94%9F%E6%88%90AI/?market=all
5,5131,5131.T,リンカーズ,SaaS,デジタル・サービス,https://s.kabutan.jp/themes/SaaS/?market=all
5,5131,5131.T,リンカーズ,人工知能,AI・半導体,https://s.kabutan.jp/themes/%E4%BA%BA%E5%B7%A5%E7%9F%A5%E8%83%BD/?market=all
5,5132,5132.T,プラスゼロ,AIエージェント,AI・半導体,https://s.kabutan.jp/themes/AI%E3%82%A8%E3%83%BC%E3%82%B8%E3%82%A7%E3%83%B3%E3%83%88/?market=all
5,5132,5132.T,プラスゼロ,IT関連,デジタル・サービス,https://s.kabutan.jp/themes/IT%E9%96%A2%E9%80%A3/?market=all
5,5132,5132.T,プラスゼロ,人工知能,AI・半導体,https://s.kabutan.jp/themes/%E4%BA%BA%E5%B7%A5%E7%9F%A5%E8%83%BD/?market=all
5,5132,5132.T,プラスゼロ,教育ICT,デジタル・サービス,https://s.kabutan.jp/themes/%E6%95%99%E8%82%B2ICT/?market=all
5,5132,5132.T,プラスゼロ,生成AI,AI・半導体,https://s.kabutan.jp/themes/%E7%94%9F%E6%88%90AI/?market=all
5,5133,5133.T,5133.T,IT関連,デジタル・サービス,https://s.kabutan.jp/themes/IT%E9%96%A2%E9%80%A3/?market=all
5,5133,5133.T,5133.T,クラウドコンピューティング,デジタル・サービス,https://s.kabutan.jp/themes/%E3%82%AF%E3%83%A9%E3%82%A6%E3%83%89%E3%82%B3%E3%83%B3%E3%83%94%E3%83%A5%E3%83%BC%E3%83%86%E3%82%A3%E3%83%B3%E3%82%B0/?market=all
5,5133,5133.T,5133.T,サイバーセキュリティ,防衛・国土強靱化,https://s.kabutan.jp/themes/%E3%82%B5%E3%82%A4%E3%83%90%E3%83%BC%E3%82%BB%E3%82%AD%E3%83%A5%E3%83%AA%E3%83%86%E3%82%A3/?market=all
5,5134,5134.T,5134.T,IT関連,デジタル・サービス,https://s.kabutan.jp/themes/IT%E9%96%A2%E9%80%A3/?market=all
5,5134,5134.T,5134.T,SaaS,デジタル・サービス,https://s.kabutan.jp/themes/SaaS/?market=all
5,5134,5134.T,5134.T,クラウドコンピューティング,デジタル・サービス,https://s.kabutan.jp/themes/%E3%82%AF%E3%83%A9%E3%82%A6%E3%83%89%E3%82%B3%E3%83%B3%E3%83%94%E3%83%A5%E3%83%BC%E3%83%86%E3%82%A3%E3%83%B3%E3%82%B0/?market=all
5,5134,5134.T,5134.T,サブスクリプション,デジタル・サービス,https://s.kabutan.jp/themes/%E3%82%B5%E3%83%96%E3%82%B9%E3%82%AF%E3%83%AA%E3%83%97%E3%82%B7%E3%83%A7%E3%83%B3/?market=all
5,5134,5134.T,5134.T,デジタルトランスフォーメーション,デジタル・サービス,https://s.kabutan.jp/themes/%E3%83%87%E3%82%B8%E3%82%BF%E3%83%AB%E3%83%88%E3%83%A9%E3%83%B3%E3%82%B9%E3%83%95%E3%82%A9%E3%83%BC%E3%83%A1%E3%83%BC%E3%82%B7%E3%83%A7%E3%83%B3/?market=all
5,5134,5134.T,5134.T,教育ICT,デジタル・サービス,https://s.kabutan.jp/themes/%E6%95%99%E8%82%B2ICT/?market=all
5,5136,5136.T,トリプラ,IT関連,デジタル・サービス,https://s.kabutan.jp/themes/IT%E9%96%A2%E9%80%A3/?market=all
5,5136,5136.T,トリプラ,人工知能,AI・半導体,https://s.kabutan.jp/themes/%E4%BA%BA%E5%B7%A5%E7%9F%A5%E8%83%BD/?market=all
5,5136,5136.T,トリプラ,旅行,内需・消費,https://s.kabutan.jp/themes/%E6%97%85%E8%A1%8C/?market=all
5,5137,5137.T,スマートＤ,IT関連,デジタル・サービス,https://s.kabutan.jp/themes/IT%E9%96%A2%E9%80%A3/?market=all
5,5137,5137.T,スマートＤ,MaaS,自動車・モビリティ,https://s.kabutan.jp/themes/MaaS/?market=all
5,5137,5137.T,スマートＤ,SaaS,デジタル・サービス,https://s.kabutan.jp/themes/SaaS/?market=all
5,5137,5137.T,スマートＤ,クラウドコンピューティング,デジタル・サービス,https://s.kabutan.jp/themes/%E3%82%AF%E3%83%A9%E3%82%A6%E3%83%89%E3%82%B3%E3%83%B3%E3%83%94%E3%83%A5%E3%83%BC%E3%83%86%E3%82%A3%E3%83%B3%E3%82%B0/?market=all
5,5137,5137.T,スマートＤ,デジタルトランスフォーメーション,デジタル・サービス,https://s.kabutan.jp/themes/%E3%83%87%E3%82%B8%E3%82%BF%E3%83%AB%E3%83%88%E3%83%A9%E3%83%B3%E3%82%B9%E3%83%95%E3%82%A9%E3%83%BC%E3%83%A1%E3%83%BC%E3%82%B7%E3%83%A7%E3%83%B3/?market=all
5,5137,5137.T,スマートＤ,データ分析・解析,AI・半導体,https://s.kabutan.jp/themes/%E3%83%87%E3%83%BC%E3%82%BF%E5%88%86%E6%9E%90%E3%83%BB%E8%A7%A3%E6%9E%90/?market=all
5,5137,5137.T,スマートＤ,建設DX,不動産・建設,https://s.kabutan.jp/themes/%E5%BB%BA%E8%A8%ADDX/?market=all
5,5139,5139.T,オープンＷ,データベース,デジタル・サービス,https://s.kabutan.jp/themes/%E3%83%87%E3%83%BC%E3%82%BF%E3%83%99%E3%83%BC%E3%82%B9/?market=all
5,5142,5142.T,5142.T,自動車部材・部品,自動車・モビリティ,https://s.kabutan.jp/themes/%E8%87%AA%E5%8B%95%E8%BB%8A%E9%83%A8%E6%9D%90%E3%83%BB%E9%83%A8%E5%93%81/?market=all
5,5142,5142.T,5142.T,防災,防衛・国土強靱化,https://s.kabutan.jp/themes/%E9%98%B2%E7%81%BD/?market=all
5,5161,5161.T,5161.T,下水道,防衛・国土強靱化,https://s.kabutan.jp/themes/%E4%B8%8B%E6%B0%B4%E9%81%93/?market=all
5,5161,5161.T,5161.T,住宅関連,不動産・建設,https://s.kabutan.jp/themes/%E4%BD%8F%E5%AE%85%E9%96%A2%E9%80%A3/?market=all
5,5161,5161.T,5161.T,自動車部材・部品,自動車・モビリティ,https://s.kabutan.jp/themes/%E8%87%AA%E5%8B%95%E8%BB%8A%E9%83%A8%E6%9D%90%E3%83%BB%E9%83%A8%E5%93%81/?market=all
5,5162,5162.T,5162.T,自動車部材・部品,自動車・モビリティ,https://s.kabutan.jp/themes/%E8%87%AA%E5%8B%95%E8%BB%8A%E9%83%A8%E6%9D%90%E3%83%BB%E9%83%A8%E5%93%81/?market=all
5,5184,5184.T,5184.T,円安メリット,内需・消費,https://s.kabutan.jp/themes/%E5%86%86%E5%AE%89%E3%83%A1%E3%83%AA%E3%83%83%E3%83%88/?market=all
5,5184,5184.T,5184.T,機械,設備投資・機械,https://s.kabutan.jp/themes/%E6%A9%9F%E6%A2%B0/?market=all
5,5184,5184.T,5184.T,自動車部材・部品,自動車・モビリティ,https://s.kabutan.jp/themes/%E8%87%AA%E5%8B%95%E8%BB%8A%E9%83%A8%E6%9D%90%E3%83%BB%E9%83%A8%E5%93%81/?market=all
5,5185,5185.T,5185.T,再生医療,医療・ヘルスケア,https://s.kabutan.jp/themes/%E5%86%8D%E7%94%9F%E5%8C%BB%E7%99%82/?market=all
5,5185,5185.T,5185.T,建設機械,設備投資・機械,https://s.kabutan.jp/themes/%E5%BB%BA%E8%A8%AD%E6%A9%9F%E6%A2%B0/?market=all
5,5185,5185.T,5185.T,自動車部材・部品,自動車・モビリティ,https://s.kabutan.jp/themes/%E8%87%AA%E5%8B%95%E8%BB%8A%E9%83%A8%E6%9D%90%E3%83%BB%E9%83%A8%E5%93%81/?market=all
5,5185,5185.T,5185.T,鉄道関連,物流・海運,https://s.kabutan.jp/themes/%E9%89%84%E9%81%93%E9%96%A2%E9%80%A3/?market=all
5,5186,5186.T,ニッタ,半導体製造装置,AI・半導体,https://s.kabutan.jp/themes/%E5%8D%8A%E5%B0%8E%E4%BD%93%E8%A3%BD%E9%80%A0%E8%A3%85%E7%BD%AE/?market=all
5,5186,5186.T,ニッタ,国土強靱化,防衛・国土強靱化,https://s.kabutan.jp/themes/%E5%9B%BD%E5%9C%9F%E5%BC%B7%E9%9D%B1%E5%8C%96/?market=all
5,5186,5186.T,ニッタ,耐震化,防衛・国土強靱化,https://s.kabutan.jp/themes/%E8%80%90%E9%9C%87%E5%8C%96/?market=all
5,5186,5186.T,ニッタ,自動車部材・部品,自動車・モビリティ,https://s.kabutan.jp/themes/%E8%87%AA%E5%8B%95%E8%BB%8A%E9%83%A8%E6%9D%90%E3%83%BB%E9%83%A8%E5%93%81/?market=all
5,5186,5186.T,ニッタ,防災,防衛・国土強靱化,https://s.kabutan.jp/themes/%E9%98%B2%E7%81%BD/?market=all
5,5187,5187.T,5187.T,医療機器,医療・ヘルスケア,https://s.kabutan.jp/themes/%E5%8C%BB%E7%99%82%E6%A9%9F%E5%99%A8/?market=all
5,5189,5189.T,5189.T,宇宙開発関連,防衛・国土強靱化,https://s.kabutan.jp/themes/%E5%AE%87%E5%AE%99%E9%96%8B%E7%99%BA%E9%96%A2%E9%80%A3/?market=all
5,5189,5189.T,5189.T,防災,防衛・国土強靱化,https://s.kabutan.jp/themes/%E9%98%B2%E7%81%BD/?market=all
5,5189,5189.T,5189.T,防衛,防衛・国土強靱化,https://s.kabutan.jp/themes/%E9%98%B2%E8%A1%9B/?market=all
5,5192,5192.T,5192.T,自動車部材・部品,自動車・モビリティ,https://s.kabutan.jp/themes/%E8%87%AA%E5%8B%95%E8%BB%8A%E9%83%A8%E6%9D%90%E3%83%BB%E9%83%A8%E5%93%81/?market=all
5,5194,5194.T,5194.T,介護関連,医療・ヘルスケア,https://s.kabutan.jp/themes/%E4%BB%8B%E8%AD%B7%E9%96%A2%E9%80%A3/?market=all
5,5195,5195.T,5195.T,ロボット,AI・半導体,https://s.kabutan.jp/themes/%E3%83%AD%E3%83%9C%E3%83%83%E3%83%88/?market=all
5,5195,5195.T,5195.T,医療機器,医療・ヘルスケア,https://s.kabutan.jp/themes/%E5%8C%BB%E7%99%82%E6%A9%9F%E5%99%A8/?market=all
5,5195,5195.T,5195.T,耐震化,防衛・国土強靱化,https://s.kabutan.jp/themes/%E8%80%90%E9%9C%87%E5%8C%96/?market=all
5,5195,5195.T,5195.T,自動車部材・部品,自動車・モビリティ,https://s.kabutan.jp/themes/%E8%87%AA%E5%8B%95%E8%BB%8A%E9%83%A8%E6%9D%90%E3%83%BB%E9%83%A8%E5%93%81/?market=all
5,5199,5199.T,5199.T,医療機器,医療・ヘルスケア,https://s.kabutan.jp/themes/%E5%8C%BB%E7%99%82%E6%A9%9F%E5%99%A8/?market=all
5,5199,5199.T,5199.T,自動車部材・部品,自動車・モビリティ,https://s.kabutan.jp/themes/%E8%87%AA%E5%8B%95%E8%BB%8A%E9%83%A8%E6%9D%90%E3%83%BB%E9%83%A8%E5%93%81/?market=all
5,519A,519A.T,ベーシック,AIエージェント,AI・半導体,https://s.kabutan.jp/themes/AI%E3%82%A8%E3%83%BC%E3%82%B8%E3%82%A7%E3%83%B3%E3%83%88/?market=all
5,519A,519A.T,ベーシック,IT関連,デジタル・サービス,https://s.kabutan.jp/themes/IT%E9%96%A2%E9%80%A3/?market=all
5,519A,519A.T,ベーシック,SaaS,デジタル・サービス,https://s.kabutan.jp/themes/SaaS/?market=all
5,519A,519A.T,ベーシック,サブスクリプション,デジタル・サービス,https://s.kabutan.jp/themes/%E3%82%B5%E3%83%96%E3%82%B9%E3%82%AF%E3%83%AA%E3%83%97%E3%82%B7%E3%83%A7%E3%83%B3/?market=all
5,519A,519A.T,ベーシック,デジタルトランスフォーメーション,デジタル・サービス,https://s.kabutan.jp/themes/%E3%83%87%E3%82%B8%E3%82%BF%E3%83%AB%E3%83%88%E3%83%A9%E3%83%B3%E3%82%B9%E3%83%95%E3%82%A9%E3%83%BC%E3%83%A1%E3%83%BC%E3%82%B7%E3%83%A7%E3%83%B3/?market=all
5,519A,519A.T,ベーシック,人工知能,AI・半導体,https://s.kabutan.jp/themes/%E4%BA%BA%E5%B7%A5%E7%9F%A5%E8%83%BD/?market=all
5,5201,5201.T,ＡＧＣ,バイオテクノロジー関連,医療・ヘルスケア,https://s.kabutan.jp/themes/%E3%83%90%E3%82%A4%E3%82%AA%E3%83%86%E3%82%AF%E3%83%8E%E3%83%AD%E3%82%B8%E3%83%BC%E9%96%A2%E9%80%A3/?market=all
5,5201,5201.T,ＡＧＣ,光ファイバー,データセンター・電力,https://s.kabutan.jp/themes/%E5%85%89%E3%83%95%E3%82%A1%E3%82%A4%E3%83%90%E3%83%BC/?market=all
5,5201,5201.T,ＡＧＣ,全固体電池,自動車・モビリティ,https://s.kabutan.jp/themes/%E5%85%A8%E5%9B%BA%E4%BD%93%E9%9B%BB%E6%B1%A0/?market=all
5,5201,5201.T,ＡＧＣ,再生医療,医療・ヘルスケア,https://s.kabutan.jp/themes/%E5%86%8D%E7%94%9F%E5%8C%BB%E7%99%82/?market=all
5,5201,5201.T,ＡＧＣ,半導体,AI・半導体,https://s.kabutan.jp/themes/%E5%8D%8A%E5%B0%8E%E4%BD%93/?market=all
5,5201,5201.T,ＡＧＣ,半導体部材・部品,AI・半導体,https://s.kabutan.jp/themes/%E5%8D%8A%E5%B0%8E%E4%BD%93%E9%83%A8%E6%9D%90%E3%83%BB%E9%83%A8%E5%93%81/?market=all
5,5201,5201.T,ＡＧＣ,自動車部材・部品,自動車・モビリティ,https://s.kabutan.jp/themes/%E8%87%AA%E5%8B%95%E8%BB%8A%E9%83%A8%E6%9D%90%E3%83%BB%E9%83%A8%E5%93%81/?market=all
5,5202,5202.T,5202.T,サーバー冷却,データセンター・電力,https://s.kabutan.jp/themes/%E3%82%B5%E3%83%BC%E3%83%90%E3%83%BC%E5%86%B7%E5%8D%B4/?market=all
5,5202,5202.T,5202.T,自動車部材・部品,自動車・モビリティ,https://s.kabutan.jp/themes/%E8%87%AA%E5%8B%95%E8%BB%8A%E9%83%A8%E6%9D%90%E3%83%BB%E9%83%A8%E5%93%81/?market=all
5,520A,520A.T,520A.T,バイオテクノロジー関連,医療・ヘルスケア,https://s.kabutan.jp/themes/%E3%83%90%E3%82%A4%E3%82%AA%E3%83%86%E3%82%AF%E3%83%8E%E3%83%AD%E3%82%B8%E3%83%BC%E9%96%A2%E9%80%A3/?market=all
5,520A,520A.T,520A.T,創薬,医療・ヘルスケア,https://s.kabutan.jp/themes/%E5%89%B5%E8%96%AC/?market=all
5,520A,520A.T,520A.T,医薬品関連,医療・ヘルスケア,https://s.kabutan.jp/themes/%E5%8C%BB%E8%96%AC%E5%93%81%E9%96%A2%E9%80%A3/?market=all
5,5210,5210.T,日山村硝,倉庫,物流・海運,https://s.kabutan.jp/themes/%E5%80%89%E5%BA%AB/?market=all
5,5210,5210.T,日山村硝,半導体部材・部品,AI・半導体,https://s.kabutan.jp/themes/%E5%8D%8A%E5%B0%8E%E4%BD%93%E9%83%A8%E6%9D%90%E3%83%BB%E9%83%A8%E5%93%81/?market=all
5,5210,5210.T,日山村硝,物流,物流・海運,https://s.kabutan.jp/themes/%E7%89%A9%E6%B5%81/?market=all
5,5210,5210.T,日山村硝,自動車部材・部品,自動車・モビリティ,https://s.kabutan.jp/themes/%E8%87%AA%E5%8B%95%E8%BB%8A%E9%83%A8%E6%9D%90%E3%83%BB%E9%83%A8%E5%93%81/?market=all
5,5214,5214.T,5214.T,全固体電池,自動車・モビリティ,https://s.kabutan.jp/themes/%E5%85%A8%E5%9B%BA%E4%BD%93%E9%9B%BB%E6%B1%A0/?market=all
5,5214,5214.T,5214.T,円安メリット,内需・消費,https://s.kabutan.jp/themes/%E5%86%86%E5%AE%89%E3%83%A1%E3%83%AA%E3%83%83%E3%83%88/?market=all
5,5214,5214.T,5214.T,自動車部材・部品,自動車・モビリティ,https://s.kabutan.jp/themes/%E8%87%AA%E5%8B%95%E8%BB%8A%E9%83%A8%E6%9D%90%E3%83%BB%E9%83%A8%E5%93%81/?market=all
5,5216,5216.T,倉元,半導体部材・部品,AI・半導体,https://s.kabutan.jp/themes/%E5%8D%8A%E5%B0%8E%E4%BD%93%E9%83%A8%E6%9D%90%E3%83%BB%E9%83%A8%E5%93%81/?market=all
5,5218,5218.T,オハラ,全固体電池,自動車・モビリティ,https://s.kabutan.jp/themes/%E5%85%A8%E5%9B%BA%E4%BD%93%E9%9B%BB%E6%B1%A0/?market=all
5,5218,5218.T,オハラ,円安メリット,内需・消費,https://s.kabutan.jp/themes/%E5%86%86%E5%AE%89%E3%83%A1%E3%83%AA%E3%83%83%E3%83%88/?market=all
5,5218,5218.T,オハラ,半導体,AI・半導体,https://s.kabutan.jp/themes/%E5%8D%8A%E5%B0%8E%E4%BD%93/?market=all
5,5218,5218.T,オハラ,半導体製造装置,AI・半導体,https://s.kabutan.jp/themes/%E5%8D%8A%E5%B0%8E%E4%BD%93%E8%A3%BD%E9%80%A0%E8%A3%85%E7%BD%AE/?market=all
5,5218,5218.T,オハラ,太陽光発電関連,GX・エネルギー,https://s.kabutan.jp/themes/%E5%A4%AA%E9%99%BD%E5%85%89%E7%99%BA%E9%9B%BB%E9%96%A2%E9%80%A3/?market=all
5,5232,5232.T,住友大阪,スマートグリッド,データセンター・電力,https://s.kabutan.jp/themes/%E3%82%B9%E3%83%9E%E3%83%BC%E3%83%88%E3%82%B0%E3%83%AA%E3%83%83%E3%83%89/?market=all
5,5232,5232.T,住友大阪,バイオテクノロジー関連,医療・ヘルスケア,https://s.kabutan.jp/themes/%E3%83%90%E3%82%A4%E3%82%AA%E3%83%86%E3%82%AF%E3%83%8E%E3%83%AD%E3%82%B8%E3%83%BC%E9%96%A2%E9%80%A3/?market=all
5,5232,5232.T,住友大阪,半導体製造装置,AI・半導体,https://s.kabutan.jp/themes/%E5%8D%8A%E5%B0%8E%E4%BD%93%E8%A3%BD%E9%80%A0%E8%A3%85%E7%BD%AE/?market=all
5,5232,5232.T,住友大阪,国土強靱化,防衛・国土強靱化,https://s.kabutan.jp/themes/%E5%9B%BD%E5%9C%9F%E5%BC%B7%E9%9D%B1%E5%8C%96/?market=all
5,5232,5232.T,住友大阪,防災,防衛・国土強靱化,https://s.kabutan.jp/themes/%E9%98%B2%E7%81%BD/?market=all
5,5232,5232.T,住友大阪,電気自動車関連,自動車・モビリティ,https://s.kabutan.jp/themes/%E9%9B%BB%E6%B0%97%E8%87%AA%E5%8B%95%E8%BB%8A%E9%96%A2%E9%80%A3/?market=all
5,5233,5233.T,5233.T,国土強靱化,防衛・国土強靱化,https://s.kabutan.jp/themes/%E5%9B%BD%E5%9C%9F%E5%BC%B7%E9%9D%B1%E5%8C%96/?market=all
5,5233,5233.T,5233.T,脱炭素,GX・エネルギー,https://s.kabutan.jp/themes/%E8%84%B1%E7%82%AD%E7%B4%A0/?market=all
5,5233,5233.T,5233.T,防災,防衛・国土強靱化,https://s.kabutan.jp/themes/%E9%98%B2%E7%81%BD/?market=all
5,523A,523A.T,523A.T,国土強靱化,防衛・国土強靱化,https://s.kabutan.jp/themes/%E5%9B%BD%E5%9C%9F%E5%BC%B7%E9%9D%B1%E5%8C%96/?market=all
5,523A,523A.T,523A.T,電線,データセンター・電力,https://s.kabutan.jp/themes/%E9%9B%BB%E7%B7%9A/?market=all
5,5240,5240.T,ｍｏｎｏＡＩ,IT関連,デジタル・サービス,https://s.kabutan.jp/themes/IT%E9%96%A2%E9%80%A3/?market=all
5,5240,5240.T,ｍｏｎｏＡＩ,クラウドコンピューティング,デジタル・サービス,https://s.kabutan.jp/themes/%E3%82%AF%E3%83%A9%E3%82%A6%E3%83%89%E3%82%B3%E3%83%B3%E3%83%94%E3%83%A5%E3%83%BC%E3%83%86%E3%82%A3%E3%83%B3%E3%82%B0/?market=all
5,5240,5240.T,ｍｏｎｏＡＩ,人工知能,AI・半導体,https://s.kabutan.jp/themes/%E4%BA%BA%E5%B7%A5%E7%9F%A5%E8%83%BD/?market=all
5,5241,5241.T,,IT関連,デジタル・サービス,https://s.kabutan.jp/themes/IT%E9%96%A2%E9%80%A3/?market=all
5,5241,5241.T,,教育ICT,デジタル・サービス,https://s.kabutan.jp/themes/%E6%95%99%E8%82%B2ICT/?market=all
5,5241,5241.T,,物流テック,設備投資・機械,https://s.kabutan.jp/themes/%E7%89%A9%E6%B5%81%E3%83%86%E3%83%83%E3%82%AF/?market=all
5,5241,5241.T,,航空,物流・海運,https://s.kabutan.jp/themes/%E8%88%AA%E7%A9%BA/?market=all
5,5241,5241.T,,電子政府,デジタル・サービス,https://s.kabutan.jp/themes/%E9%9B%BB%E5%AD%90%E6%94%BF%E5%BA%9C/?market=all
5,5242,5242.T,5242.T,IT関連,デジタル・サービス,https://s.kabutan.jp/themes/IT%E9%96%A2%E9%80%A3/?market=all
5,5242,5242.T,5242.T,生成AI,AI・半導体,https://s.kabutan.jp/themes/%E7%94%9F%E6%88%90AI/?market=all
5,5243,5243.T,ノート,SaaS,デジタル・サービス,https://s.kabutan.jp/themes/SaaS/?market=all
5,5243,5243.T,ノート,eコマース,内需・消費,https://s.kabutan.jp/themes/e%E3%82%B3%E3%83%9E%E3%83%BC%E3%82%B9/?market=all
5,5243,5243.T,ノート,サブスクリプション,デジタル・サービス,https://s.kabutan.jp/themes/%E3%82%B5%E3%83%96%E3%82%B9%E3%82%AF%E3%83%AA%E3%83%97%E3%82%B7%E3%83%A7%E3%83%B3/?market=all
5,5243,5243.T,ノート,人工知能,AI・半導体,https://s.kabutan.jp/themes/%E4%BA%BA%E5%B7%A5%E7%9F%A5%E8%83%BD/?market=all
5,5244,5244.T,ｊｉｇ．ｊｐ,IT関連,デジタル・サービス,https://s.kabutan.jp/themes/IT%E9%96%A2%E9%80%A3/?market=all
5,5244,5244.T,ｊｉｇ．ｊｐ,データベース,デジタル・サービス,https://s.kabutan.jp/themes/%E3%83%87%E3%83%BC%E3%82%BF%E3%83%99%E3%83%BC%E3%82%B9/?market=all
5,5246,5246.T,エレメンツ,IoT,設備投資・機械,https://s.kabutan.jp/themes/IoT/?market=all
5,5246,5246.T,エレメンツ,データ分析・解析,AI・半導体,https://s.kabutan.jp/themes/%E3%83%87%E3%83%BC%E3%82%BF%E5%88%86%E6%9E%90%E3%83%BB%E8%A7%A3%E6%9E%90/?market=all
5,5246,5246.T,エレメンツ,マイナンバー,デジタル・サービス,https://s.kabutan.jp/themes/%E3%83%9E%E3%82%A4%E3%83%8A%E3%83%B3%E3%83%90%E3%83%BC/?market=all
5,5246,5246.T,エレメンツ,不動産テック,不動産・建設,https://s.kabutan.jp/themes/%E4%B8%8D%E5%8B%95%E7%94%A3%E3%83%86%E3%83%83%E3%82%AF/?market=all
5,5246,5246.T,エレメンツ,不動産関連,不動産・建設,https://s.kabutan.jp/themes/%E4%B8%8D%E5%8B%95%E7%94%A3%E9%96%A2%E9%80%A3/?market=all
5,5246,5246.T,エレメンツ,人工知能,AI・半導体,https://s.kabutan.jp/themes/%E4%BA%BA%E5%B7%A5%E7%9F%A5%E8%83%BD/?market=all
5,5246,5246.T,エレメンツ,生成AI,AI・半導体,https://s.kabutan.jp/themes/%E7%94%9F%E6%88%90AI/?market=all
5,5247,5247.T,ＢＴＭ,AIエージェント,AI・半導体,https://s.kabutan.jp/themes/AI%E3%82%A8%E3%83%BC%E3%82%B8%E3%82%A7%E3%83%B3%E3%83%88/?market=all
5,5247,5247.T,ＢＴＭ,IT関連,デジタル・サービス,https://s.kabutan.jp/themes/IT%E9%96%A2%E9%80%A3/?market=all
5,5247,5247.T,ＢＴＭ,クラウドコンピューティング,デジタル・サービス,https://s.kabutan.jp/themes/%E3%82%AF%E3%83%A9%E3%82%A6%E3%83%89%E3%82%B3%E3%83%B3%E3%83%94%E3%83%A5%E3%83%BC%E3%83%86%E3%82%A3%E3%83%B3%E3%82%B0/?market=all
5,5247,5247.T,ＢＴＭ,デジタルトランスフォーメーション,デジタル・サービス,https://s.kabutan.jp/themes/%E3%83%87%E3%82%B8%E3%82%BF%E3%83%AB%E3%83%88%E3%83%A9%E3%83%B3%E3%82%B9%E3%83%95%E3%82%A9%E3%83%BC%E3%83%A1%E3%83%BC%E3%82%B7%E3%83%A7%E3%83%B3/?market=all
5,5247,5247.T,ＢＴＭ,人工知能,AI・半導体,https://s.kabutan.jp/themes/%E4%BA%BA%E5%B7%A5%E7%9F%A5%E8%83%BD/?market=all
5,5247,5247.T,ＢＴＭ,生成AI,AI・半導体,https://s.kabutan.jp/themes/%E7%94%9F%E6%88%90AI/?market=all
5,5248,5248.T,テクノロジー,IT関連,デジタル・サービス,https://s.kabutan.jp/themes/IT%E9%96%A2%E9%80%A3/?market=all
5,5248,5248.T,テクノロジー,SaaS,デジタル・サービス,https://s.kabutan.jp/themes/SaaS/?market=all
5,5248,5248.T,テクノロジー,サブスクリプション,デジタル・サービス,https://s.kabutan.jp/themes/%E3%82%B5%E3%83%96%E3%82%B9%E3%82%AF%E3%83%AA%E3%83%97%E3%82%B7%E3%83%A7%E3%83%B3/?market=all
5,5248,5248.T,テクノロジー,デジタルトランスフォーメーション,デジタル・サービス,https://s.kabutan.jp/themes/%E3%83%87%E3%82%B8%E3%82%BF%E3%83%AB%E3%83%88%E3%83%A9%E3%83%B3%E3%82%B9%E3%83%95%E3%82%A9%E3%83%BC%E3%83%A1%E3%83%BC%E3%82%B7%E3%83%A7%E3%83%B3/?market=all
5,5248,5248.T,テクノロジー,人工知能,AI・半導体,https://s.kabutan.jp/themes/%E4%BA%BA%E5%B7%A5%E7%9F%A5%E8%83%BD/?market=all
5,5248,5248.T,テクノロジー,再生可能エネルギー,GX・エネルギー,https://s.kabutan.jp/themes/%E5%86%8D%E7%94%9F%E5%8F%AF%E8%83%BD%E3%82%A8%E3%83%8D%E3%83%AB%E3%82%AE%E3%83%BC/?market=all
5,5248,5248.T,テクノロジー,太陽光発電関連,GX・エネルギー,https://s.kabutan.jp/themes/%E5%A4%AA%E9%99%BD%E5%85%89%E7%99%BA%E9%9B%BB%E9%96%A2%E9%80%A3/?market=all
5,5248,5248.T,テクノロジー,自動運転車,自動車・モビリティ,https://s.kabutan.jp/themes/%E8%87%AA%E5%8B%95%E9%81%8B%E8%BB%A2%E8%BB%8A/?market=all
5,5250,5250.T,ＧＭＯプラ,IT関連,デジタル・サービス,https://s.kabutan.jp/themes/IT%E9%96%A2%E9%80%A3/?market=all
5,5250,5250.T,ＧＭＯプラ,クラウドコンピューティング,デジタル・サービス,https://s.kabutan.jp/themes/%E3%82%AF%E3%83%A9%E3%82%A6%E3%83%89%E3%82%B3%E3%83%B3%E3%83%94%E3%83%A5%E3%83%BC%E3%83%86%E3%82%A3%E3%83%B3%E3%82%B0/?market=all
5,5250,5250.T,ＧＭＯプラ,サブスクリプション,デジタル・サービス,https://s.kabutan.jp/themes/%E3%82%B5%E3%83%96%E3%82%B9%E3%82%AF%E3%83%AA%E3%83%97%E3%82%B7%E3%83%A7%E3%83%B3/?market=all
5,5250,5250.T,ＧＭＯプラ,デジタルトランスフォーメーション,デジタル・サービス,https://s.kabutan.jp/themes/%E3%83%87%E3%82%B8%E3%82%BF%E3%83%AB%E3%83%88%E3%83%A9%E3%83%B3%E3%82%B9%E3%83%95%E3%82%A9%E3%83%BC%E3%83%A1%E3%83%BC%E3%82%B7%E3%83%A7%E3%83%B3/?market=all
5,5250,5250.T,ＧＭＯプラ,人工知能,AI・半導体,https://s.kabutan.jp/themes/%E4%BA%BA%E5%B7%A5%E7%9F%A5%E8%83%BD/?market=all
5,5250,5250.T,ＧＭＯプラ,生成AI,AI・半導体,https://s.kabutan.jp/themes/%E7%94%9F%E6%88%90AI/?market=all
5,5252,5252.T,5252.T,IT関連,デジタル・サービス,https://s.kabutan.jp/themes/IT%E9%96%A2%E9%80%A3/?market=all
5,5253,5253.T,5253.T,ゲーム関連,デジタル・サービス,https://s.kabutan.jp/themes/%E3%82%B2%E3%83%BC%E3%83%A0%E9%96%A2%E9%80%A3/?market=all
5,5254,5254.T,5254.T,IT関連,デジタル・サービス,https://s.kabutan.jp/themes/IT%E9%96%A2%E9%80%A3/?market=all
5,5254,5254.T,5254.T,サブスクリプション,デジタル・サービス,https://s.kabutan.jp/themes/%E3%82%B5%E3%83%96%E3%82%B9%E3%82%AF%E3%83%AA%E3%83%97%E3%82%B7%E3%83%A7%E3%83%B3/?market=all
5,5254,5254.T,5254.T,デジタルトランスフォーメーション,デジタル・サービス,https://s.kabutan.jp/themes/%E3%83%87%E3%82%B8%E3%82%BF%E3%83%AB%E3%83%88%E3%83%A9%E3%83%B3%E3%82%B9%E3%83%95%E3%82%A9%E3%83%BC%E3%83%A1%E3%83%BC%E3%82%B7%E3%83%A7%E3%83%B3/?market=all
5,5254,5254.T,5254.T,建設,不動産・建設,https://s.kabutan.jp/themes/%E5%BB%BA%E8%A8%AD/?market=all
5,5254,5254.T,5254.T,建設DX,不動産・建設,https://s.kabutan.jp/themes/%E5%BB%BA%E8%A8%ADDX/?market=all
5,5255,5255.T,モンラボ,IT関連,デジタル・サービス,https://s.kabutan.jp/themes/IT%E9%96%A2%E9%80%A3/?market=all
5,5255,5255.T,モンラボ,SaaS,デジタル・サービス,https://s.kabutan.jp/themes/SaaS/?market=all
5,5255,5255.T,モンラボ,デジタルトランスフォーメーション,デジタル・サービス,https://s.kabutan.jp/themes/%E3%83%87%E3%82%B8%E3%82%BF%E3%83%AB%E3%83%88%E3%83%A9%E3%83%B3%E3%82%B9%E3%83%95%E3%82%A9%E3%83%BC%E3%83%A1%E3%83%BC%E3%82%B7%E3%83%A7%E3%83%B3/?market=all
5,5255,5255.T,モンラボ,データ分析・解析,AI・半導体,https://s.kabutan.jp/themes/%E3%83%87%E3%83%BC%E3%82%BF%E5%88%86%E6%9E%90%E3%83%BB%E8%A7%A3%E6%9E%90/?market=all
5,5255,5255.T,モンラボ,人工知能,AI・半導体,https://s.kabutan.jp/themes/%E4%BA%BA%E5%B7%A5%E7%9F%A5%E8%83%BD/?market=all
5,5255,5255.T,モンラボ,生成AI,AI・半導体,https://s.kabutan.jp/themes/%E7%94%9F%E6%88%90AI/?market=all
5,5256,5256.T,フュージック,IT関連,デジタル・サービス,https://s.kabutan.jp/themes/IT%E9%96%A2%E9%80%A3/?market=all
5,5256,5256.T,フュージック,IoT,設備投資・機械,https://s.kabutan.jp/themes/IoT/?market=all
5,5256,5256.T,フュージック,SaaS,デジタル・サービス,https://s.kabutan.jp/themes/SaaS/?market=all
5,5256,5256.T,フュージック,クラウドコンピューティング,デジタル・サービス,https://s.kabutan.jp/themes/%E3%82%AF%E3%83%A9%E3%82%A6%E3%83%89%E3%82%B3%E3%83%B3%E3%83%94%E3%83%A5%E3%83%BC%E3%83%86%E3%82%A3%E3%83%B3%E3%82%B0/?market=all
5,5256,5256.T,フュージック,デジタルトランスフォーメーション,デジタル・サービス,https://s.kabutan.jp/themes/%E3%83%87%E3%82%B8%E3%82%BF%E3%83%AB%E3%83%88%E3%83%A9%E3%83%B3%E3%82%B9%E3%83%95%E3%82%A9%E3%83%BC%E3%83%A1%E3%83%BC%E3%82%B7%E3%83%A7%E3%83%B3/?market=all
5,5256,5256.T,フュージック,データ分析・解析,AI・半導体,https://s.kabutan.jp/themes/%E3%83%87%E3%83%BC%E3%82%BF%E5%88%86%E6%9E%90%E3%83%BB%E8%A7%A3%E6%9E%90/?market=all
5,5256,5256.T,フュージック,人工知能,AI・半導体,https://s.kabutan.jp/themes/%E4%BA%BA%E5%B7%A5%E7%9F%A5%E8%83%BD/?market=all
5,5256,5256.T,フュージック,宇宙開発関連,防衛・国土強靱化,https://s.kabutan.jp/themes/%E5%AE%87%E5%AE%99%E9%96%8B%E7%99%BA%E9%96%A2%E9%80%A3/?market=all
5,5256,5256.T,フュージック,教育ICT,デジタル・サービス,https://s.kabutan.jp/themes/%E6%95%99%E8%82%B2ICT/?market=all
5,5256,5256.T,フュージック,生成AI,AI・半導体,https://s.kabutan.jp/themes/%E7%94%9F%E6%88%90AI/?market=all
5,5257,5257.T,5257.T,IT関連,デジタル・サービス,https://s.kabutan.jp/themes/IT%E9%96%A2%E9%80%A3/?market=all
5,5257,5257.T,5257.T,SaaS,デジタル・サービス,https://s.kabutan.jp/themes/SaaS/?market=all
5,5257,5257.T,5257.T,クラウドコンピューティング,デジタル・サービス,https://s.kabutan.jp/themes/%E3%82%AF%E3%83%A9%E3%82%A6%E3%83%89%E3%82%B3%E3%83%B3%E3%83%94%E3%83%A5%E3%83%BC%E3%83%86%E3%82%A3%E3%83%B3%E3%82%B0/?market=all
5,5257,5257.T,5257.T,サブスクリプション,デジタル・サービス,https://s.kabutan.jp/themes/%E3%82%B5%E3%83%96%E3%82%B9%E3%82%AF%E3%83%AA%E3%83%97%E3%82%B7%E3%83%A7%E3%83%B3/?market=all
5,5257,5257.T,5257.T,人工知能,AI・半導体,https://s.kabutan.jp/themes/%E4%BA%BA%E5%B7%A5%E7%9F%A5%E8%83%BD/?market=all
5,5258,5258.T,5258.T,IT関連,デジタル・サービス,https://s.kabutan.jp/themes/IT%E9%96%A2%E9%80%A3/?market=all
5,5258,5258.T,5258.T,SaaS,デジタル・サービス,https://s.kabutan.jp/themes/SaaS/?market=all
5,5258,5258.T,5258.T,キャッシュレス決済,金融・金利,https://s.kabutan.jp/themes/%E3%82%AD%E3%83%A3%E3%83%83%E3%82%B7%E3%83%A5%E3%83%AC%E3%82%B9%E6%B1%BA%E6%B8%88/?market=all
5,5258,5258.T,5258.T,クラウドコンピューティング,デジタル・サービス,https://s.kabutan.jp/themes/%E3%82%AF%E3%83%A9%E3%82%A6%E3%83%89%E3%82%B3%E3%83%B3%E3%83%94%E3%83%A5%E3%83%BC%E3%83%86%E3%82%A3%E3%83%B3%E3%82%B0/?market=all
5,5258,5258.T,5258.T,サブスクリプション,デジタル・サービス,https://s.kabutan.jp/themes/%E3%82%B5%E3%83%96%E3%82%B9%E3%82%AF%E3%83%AA%E3%83%97%E3%82%B7%E3%83%A7%E3%83%B3/?market=all
5,5261,5261.T,5261.T,ホテル,内需・消費,https://s.kabutan.jp/themes/%E3%83%9B%E3%83%86%E3%83%AB/?market=all
5,5261,5261.T,5261.T,再生可能エネルギー,GX・エネルギー,https://s.kabutan.jp/themes/%E5%86%8D%E7%94%9F%E5%8F%AF%E8%83%BD%E3%82%A8%E3%83%8D%E3%83%AB%E3%82%AE%E3%83%BC/?market=all
5,5261,5261.T,5261.T,太陽光発電関連,GX・エネルギー,https://s.kabutan.jp/themes/%E5%A4%AA%E9%99%BD%E5%85%89%E7%99%BA%E9%9B%BB%E9%96%A2%E9%80%A3/?market=all
5,5262,5262.T,5262.T,下水道,防衛・国土強靱化,https://s.kabutan.jp/themes/%E4%B8%8B%E6%B0%B4%E9%81%93/?market=all
5,5262,5262.T,5262.T,太陽光発電関連,GX・エネルギー,https://s.kabutan.jp/themes/%E5%A4%AA%E9%99%BD%E5%85%89%E7%99%BA%E9%9B%BB%E9%96%A2%E9%80%A3/?market=all
5,5262,5262.T,5262.T,水道関連,防衛・国土強靱化,https://s.kabutan.jp/themes/%E6%B0%B4%E9%81%93%E9%96%A2%E9%80%A3/?market=all
5,5262,5262.T,5262.T,電線地中化,防衛・国土強靱化,https://s.kabutan.jp/themes/%E9%9B%BB%E7%B7%9A%E5%9C%B0%E4%B8%AD%E5%8C%96/?market=all
5,5262,5262.T,5262.T,風力発電,GX・エネルギー,https://s.kabutan.jp/themes/%E9%A2%A8%E5%8A%9B%E7%99%BA%E9%9B%BB/?market=all
5,5268,5268.T,5268.T,下水道,防衛・国土強靱化,https://s.kabutan.jp/themes/%E4%B8%8B%E6%B0%B4%E9%81%93/?market=all
5,5268,5268.T,5268.T,防災,防衛・国土強靱化,https://s.kabutan.jp/themes/%E9%98%B2%E7%81%BD/?market=all
5,5268,5268.T,5268.T,電線地中化,防衛・国土強靱化,https://s.kabutan.jp/themes/%E9%9B%BB%E7%B7%9A%E5%9C%B0%E4%B8%AD%E5%8C%96/?market=all
5,5269,5269.T,5269.T,下水道,防衛・国土強靱化,https://s.kabutan.jp/themes/%E4%B8%8B%E6%B0%B4%E9%81%93/?market=all
5,5269,5269.T,5269.T,電力設備投資関連,データセンター・電力,https://s.kabutan.jp/themes/%E9%9B%BB%E5%8A%9B%E8%A8%AD%E5%82%99%E6%8A%95%E8%B3%87%E9%96%A2%E9%80%A3/?market=all
5,5269,5269.T,5269.T,電線地中化,防衛・国土強靱化,https://s.kabutan.jp/themes/%E9%9B%BB%E7%B7%9A%E5%9C%B0%E4%B8%AD%E5%8C%96/?market=all
5,5271,5271.T,5271.T,防災,防衛・国土強靱化,https://s.kabutan.jp/themes/%E9%98%B2%E7%81%BD/?market=all
5,5273,5273.T,5273.T,太陽光発電関連,GX・エネルギー,https://s.kabutan.jp/themes/%E5%A4%AA%E9%99%BD%E5%85%89%E7%99%BA%E9%9B%BB%E9%96%A2%E9%80%A3/?market=all
5,5273,5273.T,5273.T,教育ICT,デジタル・サービス,https://s.kabutan.jp/themes/%E6%95%99%E8%82%B2ICT/?market=all
5,5279,5279.T,5279.T,下水道,防衛・国土強靱化,https://s.kabutan.jp/themes/%E4%B8%8B%E6%B0%B4%E9%81%93/?market=all
5,5279,5279.T,5279.T,国土強靱化,防衛・国土強靱化,https://s.kabutan.jp/themes/%E5%9B%BD%E5%9C%9F%E5%BC%B7%E9%9D%B1%E5%8C%96/?market=all
5,5279,5279.T,5279.T,防災,防衛・国土強靱化,https://s.kabutan.jp/themes/%E9%98%B2%E7%81%BD/?market=all
5,5279,5279.T,5279.T,電線地中化,防衛・国土強靱化,https://s.kabutan.jp/themes/%E9%9B%BB%E7%B7%9A%E5%9C%B0%E4%B8%AD%E5%8C%96/?market=all
5,5280,5280.T,5280.T,不動産関連,不動産・建設,https://s.kabutan.jp/themes/%E4%B8%8D%E5%8B%95%E7%94%A3%E9%96%A2%E9%80%A3/?market=all
5,5280,5280.T,5280.T,建設,不動産・建設,https://s.kabutan.jp/themes/%E5%BB%BA%E8%A8%AD/?market=all
