batch,stock_code,yahoo_ticker,company_name,theme_name,cluster,source_url
8,6758,6758.T,ソニーＧ,AIエージェント,AI・半導体,https://s.kabutan.jp/themes/AI%E3%82%A8%E3%83%BC%E3%82%B8%E3%82%A7%E3%83%B3%E3%83%88/?market=all
8,6758,6758.T,ソニーＧ,IT関連,デジタル・サービス,https://s.kabutan.jp/themes/IT%E9%96%A2%E9%80%A3/?market=all
8,6758,6758.T,ソニーＧ,IoT,設備投資・機械,https://s.kabutan.jp/themes/IoT/?market=all
8,6758,6758.T,ソニーＧ,キャッシュレス決済,金融・金利,https://s.kabutan.jp/themes/%E3%82%AD%E3%83%A3%E3%83%83%E3%82%B7%E3%83%A5%E3%83%AC%E3%82%B9%E6%B1%BA%E6%B8%88/?market=all
8,6758,6758.T,ソニーＧ,ゲーム関連,デジタル・サービス,https://s.kabutan.jp/themes/%E3%82%B2%E3%83%BC%E3%83%A0%E9%96%A2%E9%80%A3/?market=all
8,6758,6758.T,ソニーＧ,サブスクリプション,デジタル・サービス,https://s.kabutan.jp/themes/%E3%82%B5%E3%83%96%E3%82%B9%E3%82%AF%E3%83%AA%E3%83%97%E3%82%B7%E3%83%A7%E3%83%B3/?market=all
8,6758,6758.T,ソニーＧ,スマートグリッド,データセンター・電力,https://s.kabutan.jp/themes/%E3%82%B9%E3%83%9E%E3%83%BC%E3%83%88%E3%82%B0%E3%83%AA%E3%83%83%E3%83%89/?market=all
8,6758,6758.T,ソニーＧ,ドローン,防衛・国土強靱化,https://s.kabutan.jp/themes/%E3%83%89%E3%83%AD%E3%83%BC%E3%83%B3/?market=all
8,6758,6758.T,ソニーＧ,フィジカルAI,AI・半導体,https://s.kabutan.jp/themes/%E3%83%95%E3%82%A3%E3%82%B8%E3%82%AB%E3%83%ABAI/?market=all
8,6758,6758.T,ソニーＧ,ロボット,AI・半導体,https://s.kabutan.jp/themes/%E3%83%AD%E3%83%9C%E3%83%83%E3%83%88/?market=all
8,6758,6758.T,ソニーＧ,人工知能,AI・半導体,https://s.kabutan.jp/themes/%E4%BA%BA%E5%B7%A5%E7%9F%A5%E8%83%BD/?market=all
8,6758,6758.T,ソニーＧ,再生医療,医療・ヘルスケア,https://s.kabutan.jp/themes/%E5%86%8D%E7%94%9F%E5%8C%BB%E7%99%82/?market=all
8,6758,6758.T,ソニーＧ,医療機器,医療・ヘルスケア,https://s.kabutan.jp/themes/%E5%8C%BB%E7%99%82%E6%A9%9F%E5%99%A8/?market=all
8,6758,6758.T,ソニーＧ,半導体,AI・半導体,https://s.kabutan.jp/themes/%E5%8D%8A%E5%B0%8E%E4%BD%93/?market=all
8,6758,6758.T,ソニーＧ,宇宙開発関連,防衛・国土強靱化,https://s.kabutan.jp/themes/%E5%AE%87%E5%AE%99%E9%96%8B%E7%99%BA%E9%96%A2%E9%80%A3/?market=all
8,6758,6758.T,ソニーＧ,自動車電子化,自動車・モビリティ,https://s.kabutan.jp/themes/%E8%87%AA%E5%8B%95%E8%BB%8A%E9%9B%BB%E5%AD%90%E5%8C%96/?market=all
8,6758,6758.T,ソニーＧ,自動運転車,自動車・モビリティ,https://s.kabutan.jp/themes/%E8%87%AA%E5%8B%95%E9%81%8B%E8%BB%A2%E8%BB%8A/?market=all
8,6758,6758.T,ソニーＧ,電気自動車関連,自動車・モビリティ,https://s.kabutan.jp/themes/%E9%9B%BB%E6%B0%97%E8%87%AA%E5%8B%95%E8%BB%8A%E9%96%A2%E9%80%A3/?market=all
8,6762,6762.T,ＴＤＫ,IoT,設備投資・機械,https://s.kabutan.jp/themes/IoT/?market=all
8,6762,6762.T,ＴＤＫ,リチウムイオン電池,自動車・モビリティ,https://s.kabutan.jp/themes/%E3%83%AA%E3%83%81%E3%82%A6%E3%83%A0%E3%82%A4%E3%82%AA%E3%83%B3%E9%9B%BB%E6%B1%A0/?market=all
8,6762,6762.T,ＴＤＫ,レアメタル,資源・素材,https://s.kabutan.jp/themes/%E3%83%AC%E3%82%A2%E3%83%A1%E3%82%BF%E3%83%AB/?market=all
8,6762,6762.T,ＴＤＫ,全固体電池,自動車・モビリティ,https://s.kabutan.jp/themes/%E5%85%A8%E5%9B%BA%E4%BD%93%E9%9B%BB%E6%B1%A0/?market=all
8,6762,6762.T,ＴＤＫ,円安メリット,内需・消費,https://s.kabutan.jp/themes/%E5%86%86%E5%AE%89%E3%83%A1%E3%83%AA%E3%83%83%E3%83%88/?market=all
8,6762,6762.T,ＴＤＫ,自動車部材・部品,自動車・モビリティ,https://s.kabutan.jp/themes/%E8%87%AA%E5%8B%95%E8%BB%8A%E9%83%A8%E6%9D%90%E3%83%BB%E9%83%A8%E5%93%81/?market=all
8,6762,6762.T,ＴＤＫ,自動車電子化,自動車・モビリティ,https://s.kabutan.jp/themes/%E8%87%AA%E5%8B%95%E8%BB%8A%E9%9B%BB%E5%AD%90%E5%8C%96/?market=all
8,6762,6762.T,ＴＤＫ,自動運転車,自動車・モビリティ,https://s.kabutan.jp/themes/%E8%87%AA%E5%8B%95%E9%81%8B%E8%BB%A2%E8%BB%8A/?market=all
8,6762,6762.T,ＴＤＫ,電気自動車関連,自動車・モビリティ,https://s.kabutan.jp/themes/%E9%9B%BB%E6%B0%97%E8%87%AA%E5%8B%95%E8%BB%8A%E9%96%A2%E9%80%A3/?market=all
8,6762,6762.T,ＴＤＫ,風力発電,GX・エネルギー,https://s.kabutan.jp/themes/%E9%A2%A8%E5%8A%9B%E7%99%BA%E9%9B%BB/?market=all
8,6763,6763.T,6763.T,ゲーム関連,デジタル・サービス,https://s.kabutan.jp/themes/%E3%82%B2%E3%83%BC%E3%83%A0%E9%96%A2%E9%80%A3/?market=all
8,6763,6763.T,6763.T,医療機器,医療・ヘルスケア,https://s.kabutan.jp/themes/%E5%8C%BB%E7%99%82%E6%A9%9F%E5%99%A8/?market=all
8,6763,6763.T,6763.T,自動車部材・部品,自動車・モビリティ,https://s.kabutan.jp/themes/%E8%87%AA%E5%8B%95%E8%BB%8A%E9%83%A8%E6%9D%90%E3%83%BB%E9%83%A8%E5%93%81/?market=all
8,6768,6768.T,6768.T,鉄道関連,物流・海運,https://s.kabutan.jp/themes/%E9%89%84%E9%81%93%E9%96%A2%E9%80%A3/?market=all
8,6769,6769.T,ザイン,IoT,設備投資・機械,https://s.kabutan.jp/themes/IoT/?market=all
8,6769,6769.T,ザイン,データセンター,データセンター・電力,https://s.kabutan.jp/themes/%E3%83%87%E3%83%BC%E3%82%BF%E3%82%BB%E3%83%B3%E3%82%BF%E3%83%BC/?market=all
8,6769,6769.T,ザイン,ドローン,防衛・国土強靱化,https://s.kabutan.jp/themes/%E3%83%89%E3%83%AD%E3%83%BC%E3%83%B3/?market=all
8,6769,6769.T,ザイン,人工知能,AI・半導体,https://s.kabutan.jp/themes/%E4%BA%BA%E5%B7%A5%E7%9F%A5%E8%83%BD/?market=all
8,6769,6769.T,ザイン,半導体,AI・半導体,https://s.kabutan.jp/themes/%E5%8D%8A%E5%B0%8E%E4%BD%93/?market=all
8,6769,6769.T,ザイン,空飛ぶクルマ,自動車・モビリティ,https://s.kabutan.jp/themes/%E7%A9%BA%E9%A3%9B%E3%81%B6%E3%82%AF%E3%83%AB%E3%83%9E/?market=all
8,6769,6769.T,ザイン,自動車部材・部品,自動車・モビリティ,https://s.kabutan.jp/themes/%E8%87%AA%E5%8B%95%E8%BB%8A%E9%83%A8%E6%9D%90%E3%83%BB%E9%83%A8%E5%93%81/?market=all
8,6769,6769.T,ザイン,自動車電子化,自動車・モビリティ,https://s.kabutan.jp/themes/%E8%87%AA%E5%8B%95%E8%BB%8A%E9%9B%BB%E5%AD%90%E5%8C%96/?market=all
8,6769,6769.T,ザイン,電気自動車関連,自動車・モビリティ,https://s.kabutan.jp/themes/%E9%9B%BB%E6%B0%97%E8%87%AA%E5%8B%95%E8%BB%8A%E9%96%A2%E9%80%A3/?market=all
8,6770,6770.T,アルプスアル,IoT,設備投資・機械,https://s.kabutan.jp/themes/IoT/?market=all
8,6770,6770.T,アルプスアル,円安メリット,内需・消費,https://s.kabutan.jp/themes/%E5%86%86%E5%AE%89%E3%83%A1%E3%83%AA%E3%83%83%E3%83%88/?market=all
8,6770,6770.T,アルプスアル,半導体,AI・半導体,https://s.kabutan.jp/themes/%E5%8D%8A%E5%B0%8E%E4%BD%93/?market=all
8,6770,6770.T,アルプスアル,自動車部材・部品,自動車・モビリティ,https://s.kabutan.jp/themes/%E8%87%AA%E5%8B%95%E8%BB%8A%E9%83%A8%E6%9D%90%E3%83%BB%E9%83%A8%E5%93%81/?market=all
8,6770,6770.T,アルプスアル,自動車電子化,自動車・モビリティ,https://s.kabutan.jp/themes/%E8%87%AA%E5%8B%95%E8%BB%8A%E9%9B%BB%E5%AD%90%E5%8C%96/?market=all
8,6770,6770.T,アルプスアル,自動運転車,自動車・モビリティ,https://s.kabutan.jp/themes/%E8%87%AA%E5%8B%95%E9%81%8B%E8%BB%A2%E8%BB%8A/?market=all
8,6771,6771.T,6771.T,医療機器,医療・ヘルスケア,https://s.kabutan.jp/themes/%E5%8C%BB%E7%99%82%E6%A9%9F%E5%99%A8/?market=all
8,6772,6772.T,6772.T,円安メリット,内需・消費,https://s.kabutan.jp/themes/%E5%86%86%E5%AE%89%E3%83%A1%E3%83%AA%E3%83%83%E3%83%88/?market=all
8,6772,6772.T,6772.T,自動車部材・部品,自動車・モビリティ,https://s.kabutan.jp/themes/%E8%87%AA%E5%8B%95%E8%BB%8A%E9%83%A8%E6%9D%90%E3%83%BB%E9%83%A8%E5%93%81/?market=all
8,6775,6775.T,6775.T,インバウンド,内需・消費,https://s.kabutan.jp/themes/%E3%82%A4%E3%83%B3%E3%83%90%E3%82%A6%E3%83%B3%E3%83%89/?market=all
8,6775,6775.T,6775.T,クラウドコンピューティング,デジタル・サービス,https://s.kabutan.jp/themes/%E3%82%AF%E3%83%A9%E3%82%A6%E3%83%89%E3%82%B3%E3%83%B3%E3%83%94%E3%83%A5%E3%83%BC%E3%83%86%E3%82%A3%E3%83%B3%E3%82%B0/?market=all
8,6775,6775.T,6775.T,サブスクリプション,デジタル・サービス,https://s.kabutan.jp/themes/%E3%82%B5%E3%83%96%E3%82%B9%E3%82%AF%E3%83%AA%E3%83%97%E3%82%B7%E3%83%A7%E3%83%B3/?market=all
8,6775,6775.T,6775.T,サービスロボット,設備投資・機械,https://s.kabutan.jp/themes/%E3%82%B5%E3%83%BC%E3%83%93%E3%82%B9%E3%83%AD%E3%83%9C%E3%83%83%E3%83%88/?market=all
8,6775,6775.T,6775.T,ホテル,内需・消費,https://s.kabutan.jp/themes/%E3%83%9B%E3%83%86%E3%83%AB/?market=all
8,6775,6775.T,6775.T,介護関連,医療・ヘルスケア,https://s.kabutan.jp/themes/%E4%BB%8B%E8%AD%B7%E9%96%A2%E9%80%A3/?market=all
8,6776,6776.T,6776.T,自動車部材・部品,自動車・モビリティ,https://s.kabutan.jp/themes/%E8%87%AA%E5%8B%95%E8%BB%8A%E9%83%A8%E6%9D%90%E3%83%BB%E9%83%A8%E5%93%81/?market=all
8,6777,6777.T,ｓａｎｔｅｃ,3Dプリンター,設備投資・機械,https://s.kabutan.jp/themes/3D%E3%83%97%E3%83%AA%E3%83%B3%E3%82%BF%E3%83%BC/?market=all
8,6777,6777.T,ｓａｎｔｅｃ,サイバーセキュリティ,防衛・国土強靱化,https://s.kabutan.jp/themes/%E3%82%B5%E3%82%A4%E3%83%90%E3%83%BC%E3%82%BB%E3%82%AD%E3%83%A5%E3%83%AA%E3%83%86%E3%82%A3/?market=all
8,6777,6777.T,ｓａｎｔｅｃ,データセンター,データセンター・電力,https://s.kabutan.jp/themes/%E3%83%87%E3%83%BC%E3%82%BF%E3%82%BB%E3%83%B3%E3%82%BF%E3%83%BC/?market=all
8,6777,6777.T,ｓａｎｔｅｃ,光ファイバー,データセンター・電力,https://s.kabutan.jp/themes/%E5%85%89%E3%83%95%E3%82%A1%E3%82%A4%E3%83%90%E3%83%BC/?market=all
8,6777,6777.T,ｓａｎｔｅｃ,円安メリット,内需・消費,https://s.kabutan.jp/themes/%E5%86%86%E5%AE%89%E3%83%A1%E3%83%AA%E3%83%83%E3%83%88/?market=all
8,6777,6777.T,ｓａｎｔｅｃ,医療機器,医療・ヘルスケア,https://s.kabutan.jp/themes/%E5%8C%BB%E7%99%82%E6%A9%9F%E5%99%A8/?market=all
8,6777,6777.T,ｓａｎｔｅｃ,半導体製造装置,AI・半導体,https://s.kabutan.jp/themes/%E5%8D%8A%E5%B0%8E%E4%BD%93%E8%A3%BD%E9%80%A0%E8%A3%85%E7%BD%AE/?market=all
8,6777,6777.T,ｓａｎｔｅｃ,量子コンピューター,AI・半導体,https://s.kabutan.jp/themes/%E9%87%8F%E5%AD%90%E3%82%B3%E3%83%B3%E3%83%94%E3%83%A5%E3%83%BC%E3%82%BF%E3%83%BC/?market=all
8,6779,6779.T,日電波,IoT,設備投資・機械,https://s.kabutan.jp/themes/IoT/?market=all
8,6779,6779.T,日電波,データセンター,データセンター・電力,https://s.kabutan.jp/themes/%E3%83%87%E3%83%BC%E3%82%BF%E3%82%BB%E3%83%B3%E3%82%BF%E3%83%BC/?market=all
8,6779,6779.T,日電波,バイオテクノロジー関連,医療・ヘルスケア,https://s.kabutan.jp/themes/%E3%83%90%E3%82%A4%E3%82%AA%E3%83%86%E3%82%AF%E3%83%8E%E3%83%AD%E3%82%B8%E3%83%BC%E9%96%A2%E9%80%A3/?market=all
8,6779,6779.T,日電波,宇宙開発関連,防衛・国土強靱化,https://s.kabutan.jp/themes/%E5%AE%87%E5%AE%99%E9%96%8B%E7%99%BA%E9%96%A2%E9%80%A3/?market=all
8,6779,6779.T,日電波,自動車部材・部品,自動車・モビリティ,https://s.kabutan.jp/themes/%E8%87%AA%E5%8B%95%E8%BB%8A%E9%83%A8%E6%9D%90%E3%83%BB%E9%83%A8%E5%93%81/?market=all
8,6785,6785.T,6785.T,FA関連,設備投資・機械,https://s.kabutan.jp/themes/FA%E9%96%A2%E9%80%A3/?market=all
8,6785,6785.T,6785.T,自動車部材・部品,自動車・モビリティ,https://s.kabutan.jp/themes/%E8%87%AA%E5%8B%95%E8%BB%8A%E9%83%A8%E6%9D%90%E3%83%BB%E9%83%A8%E5%93%81/?market=all
8,6786,6786.T,6786.T,再生可能エネルギー,GX・エネルギー,https://s.kabutan.jp/themes/%E5%86%8D%E7%94%9F%E5%8F%AF%E8%83%BD%E3%82%A8%E3%83%8D%E3%83%AB%E3%82%AE%E3%83%BC/?market=all
8,6786,6786.T,6786.T,太陽光発電関連,GX・エネルギー,https://s.kabutan.jp/themes/%E5%A4%AA%E9%99%BD%E5%85%89%E7%99%BA%E9%9B%BB%E9%96%A2%E9%80%A3/?market=all
8,6786,6786.T,6786.T,風力発電,GX・エネルギー,https://s.kabutan.jp/themes/%E9%A2%A8%E5%8A%9B%E7%99%BA%E9%9B%BB/?market=all
8,6787,6787.T,6787.T,自動車部材・部品,自動車・モビリティ,https://s.kabutan.jp/themes/%E8%87%AA%E5%8B%95%E8%BB%8A%E9%83%A8%E6%9D%90%E3%83%BB%E9%83%A8%E5%93%81/?market=all
8,6787,6787.T,6787.T,電気自動車関連,自動車・モビリティ,https://s.kabutan.jp/themes/%E9%9B%BB%E6%B0%97%E8%87%AA%E5%8B%95%E8%BB%8A%E9%96%A2%E9%80%A3/?market=all
8,6788,6788.T,6788.T,再生医療,医療・ヘルスケア,https://s.kabutan.jp/themes/%E5%86%8D%E7%94%9F%E5%8C%BB%E7%99%82/?market=all
8,6788,6788.T,6788.T,医療機器,医療・ヘルスケア,https://s.kabutan.jp/themes/%E5%8C%BB%E7%99%82%E6%A9%9F%E5%99%A8/?market=all
8,6794,6794.T,6794.T,円安メリット,内需・消費,https://s.kabutan.jp/themes/%E5%86%86%E5%AE%89%E3%83%A1%E3%83%AA%E3%83%83%E3%83%88/?market=all
8,6794,6794.T,6794.T,自動車部材・部品,自動車・モビリティ,https://s.kabutan.jp/themes/%E8%87%AA%E5%8B%95%E8%BB%8A%E9%83%A8%E6%9D%90%E3%83%BB%E9%83%A8%E5%93%81/?market=all
8,6797,6797.T,6797.T,防災,防衛・国土強靱化,https://s.kabutan.jp/themes/%E9%98%B2%E7%81%BD/?market=all
8,6798,6798.T,6798.T,ドローン,防衛・国土強靱化,https://s.kabutan.jp/themes/%E3%83%89%E3%83%AD%E3%83%BC%E3%83%B3/?market=all
8,6798,6798.T,6798.T,太陽光発電関連,GX・エネルギー,https://s.kabutan.jp/themes/%E5%A4%AA%E9%99%BD%E5%85%89%E7%99%BA%E9%9B%BB%E9%96%A2%E9%80%A3/?market=all
8,6798,6798.T,6798.T,自動車電子化,自動車・モビリティ,https://s.kabutan.jp/themes/%E8%87%AA%E5%8B%95%E8%BB%8A%E9%9B%BB%E5%AD%90%E5%8C%96/?market=all
8,6800,6800.T,ヨコオ,ドローン,防衛・国土強靱化,https://s.kabutan.jp/themes/%E3%83%89%E3%83%AD%E3%83%BC%E3%83%B3/?market=all
8,6800,6800.T,ヨコオ,円安メリット,内需・消費,https://s.kabutan.jp/themes/%E5%86%86%E5%AE%89%E3%83%A1%E3%83%AA%E3%83%83%E3%83%88/?market=all
8,6800,6800.T,ヨコオ,医療機器,医療・ヘルスケア,https://s.kabutan.jp/themes/%E5%8C%BB%E7%99%82%E6%A9%9F%E5%99%A8/?market=all
8,6800,6800.T,ヨコオ,半導体製造装置,AI・半導体,https://s.kabutan.jp/themes/%E5%8D%8A%E5%B0%8E%E4%BD%93%E8%A3%BD%E9%80%A0%E8%A3%85%E7%BD%AE/?market=all
8,6800,6800.T,ヨコオ,自動車部材・部品,自動車・モビリティ,https://s.kabutan.jp/themes/%E8%87%AA%E5%8B%95%E8%BB%8A%E9%83%A8%E6%9D%90%E3%83%BB%E9%83%A8%E5%93%81/?market=all
8,6803,6803.T,ティアック,医療機器,医療・ヘルスケア,https://s.kabutan.jp/themes/%E5%8C%BB%E7%99%82%E6%A9%9F%E5%99%A8/?market=all
8,6803,6803.T,ティアック,半導体,AI・半導体,https://s.kabutan.jp/themes/%E5%8D%8A%E5%B0%8E%E4%BD%93/?market=all
8,6803,6803.T,ティアック,半導体製造装置,AI・半導体,https://s.kabutan.jp/themes/%E5%8D%8A%E5%B0%8E%E4%BD%93%E8%A3%BD%E9%80%A0%E8%A3%85%E7%BD%AE/?market=all
8,6803,6803.T,ティアック,電気自動車関連,自動車・モビリティ,https://s.kabutan.jp/themes/%E9%9B%BB%E6%B0%97%E8%87%AA%E5%8B%95%E8%BB%8A%E9%96%A2%E9%80%A3/?market=all
8,6804,6804.T,6804.T,自動車部材・部品,自動車・モビリティ,https://s.kabutan.jp/themes/%E8%87%AA%E5%8B%95%E8%BB%8A%E9%83%A8%E6%9D%90%E3%83%BB%E9%83%A8%E5%93%81/?market=all
8,6806,6806.T,6806.T,自動車部材・部品,自動車・モビリティ,https://s.kabutan.jp/themes/%E8%87%AA%E5%8B%95%E8%BB%8A%E9%83%A8%E6%9D%90%E3%83%BB%E9%83%A8%E5%93%81/?market=all
8,6807,6807.T,6807.T,ドローン,防衛・国土強靱化,https://s.kabutan.jp/themes/%E3%83%89%E3%83%AD%E3%83%BC%E3%83%B3/?market=all
8,6807,6807.T,6807.T,ロボット,AI・半導体,https://s.kabutan.jp/themes/%E3%83%AD%E3%83%9C%E3%83%83%E3%83%88/?market=all
8,6807,6807.T,6807.T,宇宙開発関連,防衛・国土強靱化,https://s.kabutan.jp/themes/%E5%AE%87%E5%AE%99%E9%96%8B%E7%99%BA%E9%96%A2%E9%80%A3/?market=all
8,6807,6807.T,6807.T,自動車部材・部品,自動車・モビリティ,https://s.kabutan.jp/themes/%E8%87%AA%E5%8B%95%E8%BB%8A%E9%83%A8%E6%9D%90%E3%83%BB%E9%83%A8%E5%93%81/?market=all
8,6807,6807.T,6807.T,量子コンピューター,AI・半導体,https://s.kabutan.jp/themes/%E9%87%8F%E5%AD%90%E3%82%B3%E3%83%B3%E3%83%94%E3%83%A5%E3%83%BC%E3%82%BF%E3%83%BC/?market=all
8,6809,6809.T,6809.T,防災,防衛・国土強靱化,https://s.kabutan.jp/themes/%E9%98%B2%E7%81%BD/?market=all
8,6810,6810.T,マクセル,ドローン,防衛・国土強靱化,https://s.kabutan.jp/themes/%E3%83%89%E3%83%AD%E3%83%BC%E3%83%B3/?market=all
8,6810,6810.T,マクセル,リチウムイオン電池,自動車・モビリティ,https://s.kabutan.jp/themes/%E3%83%AA%E3%83%81%E3%82%A6%E3%83%A0%E3%82%A4%E3%82%AA%E3%83%B3%E9%9B%BB%E6%B1%A0/?market=all
8,6810,6810.T,マクセル,全固体電池,自動車・モビリティ,https://s.kabutan.jp/themes/%E5%85%A8%E5%9B%BA%E4%BD%93%E9%9B%BB%E6%B1%A0/?market=all
8,6810,6810.T,マクセル,半導体部材・部品,AI・半導体,https://s.kabutan.jp/themes/%E5%8D%8A%E5%B0%8E%E4%BD%93%E9%83%A8%E6%9D%90%E3%83%BB%E9%83%A8%E5%93%81/?market=all
8,6810,6810.T,マクセル,自動車軽量化,自動車・モビリティ,https://s.kabutan.jp/themes/%E8%87%AA%E5%8B%95%E8%BB%8A%E8%BB%BD%E9%87%8F%E5%8C%96/?market=all
8,6810,6810.T,マクセル,自動車部材・部品,自動車・モビリティ,https://s.kabutan.jp/themes/%E8%87%AA%E5%8B%95%E8%BB%8A%E9%83%A8%E6%9D%90%E3%83%BB%E9%83%A8%E5%93%81/?market=all
8,6814,6814.T,6814.T,ドローン,防衛・国土強靱化,https://s.kabutan.jp/themes/%E3%83%89%E3%83%AD%E3%83%BC%E3%83%B3/?market=all
8,6814,6814.T,6814.T,医療機器,医療・ヘルスケア,https://s.kabutan.jp/themes/%E5%8C%BB%E7%99%82%E6%A9%9F%E5%99%A8/?market=all
8,6814,6814.T,6814.T,建設DX,不動産・建設,https://s.kabutan.jp/themes/%E5%BB%BA%E8%A8%ADDX/?market=all
8,6814,6814.T,6814.T,教育ICT,デジタル・サービス,https://s.kabutan.jp/themes/%E6%95%99%E8%82%B2ICT/?market=all
8,6814,6814.T,6814.T,自動運転車,自動車・モビリティ,https://s.kabutan.jp/themes/%E8%87%AA%E5%8B%95%E9%81%8B%E8%BB%A2%E8%BB%8A/?market=all
8,6814,6814.T,6814.T,防災,防衛・国土強靱化,https://s.kabutan.jp/themes/%E9%98%B2%E7%81%BD/?market=all
8,6817,6817.T,6817.T,円安メリット,内需・消費,https://s.kabutan.jp/themes/%E5%86%86%E5%AE%89%E3%83%A1%E3%83%AA%E3%83%83%E3%83%88/?market=all
8,6817,6817.T,6817.T,太陽光発電関連,GX・エネルギー,https://s.kabutan.jp/themes/%E5%A4%AA%E9%99%BD%E5%85%89%E7%99%BA%E9%9B%BB%E9%96%A2%E9%80%A3/?market=all
8,6817,6817.T,6817.T,自動車部材・部品,自動車・モビリティ,https://s.kabutan.jp/themes/%E8%87%AA%E5%8B%95%E8%BB%8A%E9%83%A8%E6%9D%90%E3%83%BB%E9%83%A8%E5%93%81/?market=all
8,6817,6817.T,6817.T,電気自動車関連,自動車・モビリティ,https://s.kabutan.jp/themes/%E9%9B%BB%E6%B0%97%E8%87%AA%E5%8B%95%E8%BB%8A%E9%96%A2%E9%80%A3/?market=all
8,6819,6819.T,6819.T,ホテル,内需・消費,https://s.kabutan.jp/themes/%E3%83%9B%E3%83%86%E3%83%AB/?market=all
8,6820,6820.T,6820.T,IoT,設備投資・機械,https://s.kabutan.jp/themes/IoT/?market=all
8,6820,6820.T,6820.T,円安メリット,内需・消費,https://s.kabutan.jp/themes/%E5%86%86%E5%AE%89%E3%83%A1%E3%83%AA%E3%83%83%E3%83%88/?market=all
8,6820,6820.T,6820.T,防災,防衛・国土強靱化,https://s.kabutan.jp/themes/%E9%98%B2%E7%81%BD/?market=all
8,6822,6822.T,6822.T,IoT,設備投資・機械,https://s.kabutan.jp/themes/IoT/?market=all
8,6822,6822.T,6822.T,スマートグリッド,データセンター・電力,https://s.kabutan.jp/themes/%E3%82%B9%E3%83%9E%E3%83%BC%E3%83%88%E3%82%B0%E3%83%AA%E3%83%83%E3%83%89/?market=all
8,6822,6822.T,6822.T,防災,防衛・国土強靱化,https://s.kabutan.jp/themes/%E9%98%B2%E7%81%BD/?market=all
8,6823,6823.T,リオン,介護関連,医療・ヘルスケア,https://s.kabutan.jp/themes/%E4%BB%8B%E8%AD%B7%E9%96%A2%E9%80%A3/?market=all
8,6823,6823.T,リオン,医療機器,医療・ヘルスケア,https://s.kabutan.jp/themes/%E5%8C%BB%E7%99%82%E6%A9%9F%E5%99%A8/?market=all
8,6823,6823.T,リオン,半導体製造装置,AI・半導体,https://s.kabutan.jp/themes/%E5%8D%8A%E5%B0%8E%E4%BD%93%E8%A3%BD%E9%80%A0%E8%A3%85%E7%BD%AE/?market=all
8,6824,6824.T,6824.T,宇宙開発関連,防衛・国土強靱化,https://s.kabutan.jp/themes/%E5%AE%87%E5%AE%99%E9%96%8B%E7%99%BA%E9%96%A2%E9%80%A3/?market=all
8,6824,6824.T,6824.T,水素,GX・エネルギー,https://s.kabutan.jp/themes/%E6%B0%B4%E7%B4%A0/?market=all
8,6824,6824.T,6824.T,防災,防衛・国土強靱化,https://s.kabutan.jp/themes/%E9%98%B2%E7%81%BD/?market=all
8,6832,6832.T,アオイ電子,半導体,AI・半導体,https://s.kabutan.jp/themes/%E5%8D%8A%E5%B0%8E%E4%BD%93/?market=all
8,6832,6832.T,アオイ電子,自動車部材・部品,自動車・モビリティ,https://s.kabutan.jp/themes/%E8%87%AA%E5%8B%95%E8%BB%8A%E9%83%A8%E6%9D%90%E3%83%BB%E9%83%A8%E5%93%81/?market=all
8,6834,6834.T,精工技研,データセンター,データセンター・電力,https://s.kabutan.jp/themes/%E3%83%87%E3%83%BC%E3%82%BF%E3%82%BB%E3%83%B3%E3%82%BF%E3%83%BC/?market=all
8,6834,6834.T,精工技研,光ファイバー,データセンター・電力,https://s.kabutan.jp/themes/%E5%85%89%E3%83%95%E3%82%A1%E3%82%A4%E3%83%90%E3%83%BC/?market=all
8,6834,6834.T,精工技研,自動車部材・部品,自動車・モビリティ,https://s.kabutan.jp/themes/%E8%87%AA%E5%8B%95%E8%BB%8A%E9%83%A8%E6%9D%90%E3%83%BB%E9%83%A8%E5%93%81/?market=all
8,6835,6835.T,6835.T,IT関連,デジタル・サービス,https://s.kabutan.jp/themes/IT%E9%96%A2%E9%80%A3/?market=all
8,6835,6835.T,6835.T,IoT,設備投資・機械,https://s.kabutan.jp/themes/IoT/?market=all
8,6835,6835.T,6835.T,サイバーセキュリティ,防衛・国土強靱化,https://s.kabutan.jp/themes/%E3%82%B5%E3%82%A4%E3%83%90%E3%83%BC%E3%82%BB%E3%82%AD%E3%83%A5%E3%83%AA%E3%83%86%E3%82%A3/?market=all
8,6836,6836.T,6836.T,IT関連,デジタル・サービス,https://s.kabutan.jp/themes/IT%E9%96%A2%E9%80%A3/?market=all
8,6836,6836.T,6836.T,IoT,設備投資・機械,https://s.kabutan.jp/themes/IoT/?market=all
8,6836,6836.T,6836.T,SaaS,デジタル・サービス,https://s.kabutan.jp/themes/SaaS/?market=all
8,6836,6836.T,6836.T,エッジコンピューティング,AI・半導体,https://s.kabutan.jp/themes/%E3%82%A8%E3%83%83%E3%82%B8%E3%82%B3%E3%83%B3%E3%83%94%E3%83%A5%E3%83%BC%E3%83%86%E3%82%A3%E3%83%B3%E3%82%B0/?market=all
8,6836,6836.T,6836.T,サブスクリプション,デジタル・サービス,https://s.kabutan.jp/themes/%E3%82%B5%E3%83%96%E3%82%B9%E3%82%AF%E3%83%AA%E3%83%97%E3%82%B7%E3%83%A7%E3%83%B3/?market=all
8,6837,6837.T,6837.T,自動車部材・部品,自動車・モビリティ,https://s.kabutan.jp/themes/%E8%87%AA%E5%8B%95%E8%BB%8A%E9%83%A8%E6%9D%90%E3%83%BB%E9%83%A8%E5%93%81/?market=all
8,6838,6838.T,多摩川ＨＤ,半導体製造装置,AI・半導体,https://s.kabutan.jp/themes/%E5%8D%8A%E5%B0%8E%E4%BD%93%E8%A3%BD%E9%80%A0%E8%A3%85%E7%BD%AE/?market=all
8,6838,6838.T,多摩川ＨＤ,宇宙開発関連,防衛・国土強靱化,https://s.kabutan.jp/themes/%E5%AE%87%E5%AE%99%E9%96%8B%E7%99%BA%E9%96%A2%E9%80%A3/?market=all
8,6838,6838.T,多摩川ＨＤ,量子コンピューター,AI・半導体,https://s.kabutan.jp/themes/%E9%87%8F%E5%AD%90%E3%82%B3%E3%83%B3%E3%83%94%E3%83%A5%E3%83%BC%E3%82%BF%E3%83%BC/?market=all
8,6838,6838.T,多摩川ＨＤ,防災,防衛・国土強靱化,https://s.kabutan.jp/themes/%E9%98%B2%E7%81%BD/?market=all
8,6838,6838.T,多摩川ＨＤ,防衛,防衛・国土強靱化,https://s.kabutan.jp/themes/%E9%98%B2%E8%A1%9B/?market=all
8,6838,6838.T,多摩川ＨＤ,風力発電,GX・エネルギー,https://s.kabutan.jp/themes/%E9%A2%A8%E5%8A%9B%E7%99%BA%E9%9B%BB/?market=all
8,6840,6840.T,ＡＫＩＢＡ,IoT,設備投資・機械,https://s.kabutan.jp/themes/IoT/?market=all
8,6840,6840.T,ＡＫＩＢＡ,半導体,AI・半導体,https://s.kabutan.jp/themes/%E5%8D%8A%E5%B0%8E%E4%BD%93/?market=all
8,6841,6841.T,6841.T,FA関連,設備投資・機械,https://s.kabutan.jp/themes/FA%E9%96%A2%E9%80%A3/?market=all
8,6841,6841.T,6841.T,スマートグリッド,データセンター・電力,https://s.kabutan.jp/themes/%E3%82%B9%E3%83%9E%E3%83%BC%E3%83%88%E3%82%B0%E3%83%AA%E3%83%83%E3%83%89/?market=all
8,6841,6841.T,6841.T,バイオテクノロジー関連,医療・ヘルスケア,https://s.kabutan.jp/themes/%E3%83%90%E3%82%A4%E3%82%AA%E3%83%86%E3%82%AF%E3%83%8E%E3%83%AD%E3%82%B8%E3%83%BC%E9%96%A2%E9%80%A3/?market=all
8,6841,6841.T,6841.T,円安メリット,内需・消費,https://s.kabutan.jp/themes/%E5%86%86%E5%AE%89%E3%83%A1%E3%83%AA%E3%83%83%E3%83%88/?market=all
8,6841,6841.T,6841.T,原子力発電,GX・エネルギー,https://s.kabutan.jp/themes/%E5%8E%9F%E5%AD%90%E5%8A%9B%E7%99%BA%E9%9B%BB/?market=all
8,6841,6841.T,6841.T,宇宙開発関連,防衛・国土強靱化,https://s.kabutan.jp/themes/%E5%AE%87%E5%AE%99%E9%96%8B%E7%99%BA%E9%96%A2%E9%80%A3/?market=all
8,6841,6841.T,6841.T,核融合発電,GX・エネルギー,https://s.kabutan.jp/themes/%E6%A0%B8%E8%9E%8D%E5%90%88%E7%99%BA%E9%9B%BB/?market=all
8,6841,6841.T,6841.T,設備投資,設備投資・機械,https://s.kabutan.jp/themes/%E8%A8%AD%E5%82%99%E6%8A%95%E8%B3%87/?market=all
8,6844,6844.T,新電元,スマートグリッド,データセンター・電力,https://s.kabutan.jp/themes/%E3%82%B9%E3%83%9E%E3%83%BC%E3%83%88%E3%82%B0%E3%83%AA%E3%83%83%E3%83%89/?market=all
8,6844,6844.T,新電元,半導体,AI・半導体,https://s.kabutan.jp/themes/%E5%8D%8A%E5%B0%8E%E4%BD%93/?market=all
8,6844,6844.T,新電元,太陽光発電関連,GX・エネルギー,https://s.kabutan.jp/themes/%E5%A4%AA%E9%99%BD%E5%85%89%E7%99%BA%E9%9B%BB%E9%96%A2%E9%80%A3/?market=all
8,6844,6844.T,新電元,自動車部材・部品,自動車・モビリティ,https://s.kabutan.jp/themes/%E8%87%AA%E5%8B%95%E8%BB%8A%E9%83%A8%E6%9D%90%E3%83%BB%E9%83%A8%E5%93%81/?market=all
8,6844,6844.T,新電元,電気自動車関連,自動車・モビリティ,https://s.kabutan.jp/themes/%E9%9B%BB%E6%B0%97%E8%87%AA%E5%8B%95%E8%BB%8A%E9%96%A2%E9%80%A3/?market=all
8,6845,6845.T,6845.T,サーバー冷却,データセンター・電力,https://s.kabutan.jp/themes/%E3%82%B5%E3%83%BC%E3%83%90%E3%83%BC%E5%86%B7%E5%8D%B4/?market=all
8,6845,6845.T,6845.T,ロボット,AI・半導体,https://s.kabutan.jp/themes/%E3%83%AD%E3%83%9C%E3%83%83%E3%83%88/?market=all
8,6845,6845.T,6845.T,下水道,防衛・国土強靱化,https://s.kabutan.jp/themes/%E4%B8%8B%E6%B0%B4%E9%81%93/?market=all
8,6845,6845.T,6845.T,設備投資,設備投資・機械,https://s.kabutan.jp/themes/%E8%A8%AD%E5%82%99%E6%8A%95%E8%B3%87/?market=all
8,6846,6846.T,,半導体製造装置,AI・半導体,https://s.kabutan.jp/themes/%E5%8D%8A%E5%B0%8E%E4%BD%93%E8%A3%BD%E9%80%A0%E8%A3%85%E7%BD%AE/?market=all
8,6846,6846.T,,自動車製造装置,自動車・モビリティ,https://s.kabutan.jp/themes/%E8%87%AA%E5%8B%95%E8%BB%8A%E8%A3%BD%E9%80%A0%E8%A3%85%E7%BD%AE/?market=all
8,6846,6846.T,,鉄道関連,物流・海運,https://s.kabutan.jp/themes/%E9%89%84%E9%81%93%E9%96%A2%E9%80%A3/?market=all
8,6846,6846.T,,電気自動車関連,自動車・モビリティ,https://s.kabutan.jp/themes/%E9%9B%BB%E6%B0%97%E8%87%AA%E5%8B%95%E8%BB%8A%E9%96%A2%E9%80%A3/?market=all
8,6848,6848.T,6848.T,アンモニア,GX・エネルギー,https://s.kabutan.jp/themes/%E3%82%A2%E3%83%B3%E3%83%A2%E3%83%8B%E3%82%A2/?market=all
8,6848,6848.T,6848.T,水素,GX・エネルギー,https://s.kabutan.jp/themes/%E6%B0%B4%E7%B4%A0/?market=all
8,6848,6848.T,6848.T,脱炭素,GX・エネルギー,https://s.kabutan.jp/themes/%E8%84%B1%E7%82%AD%E7%B4%A0/?market=all
8,6849,6849.T,6849.T,再生医療,医療・ヘルスケア,https://s.kabutan.jp/themes/%E5%86%8D%E7%94%9F%E5%8C%BB%E7%99%82/?market=all
8,6849,6849.T,6849.T,医療機器,医療・ヘルスケア,https://s.kabutan.jp/themes/%E5%8C%BB%E7%99%82%E6%A9%9F%E5%99%A8/?market=all
8,6850,6850.T,チノー,半導体製造装置,AI・半導体,https://s.kabutan.jp/themes/%E5%8D%8A%E5%B0%8E%E4%BD%93%E8%A3%BD%E9%80%A0%E8%A3%85%E7%BD%AE/?market=all
8,6853,6853.T,6853.T,宇宙開発関連,防衛・国土強靱化,https://s.kabutan.jp/themes/%E5%AE%87%E5%AE%99%E9%96%8B%E7%99%BA%E9%96%A2%E9%80%A3/?market=all
8,6853,6853.T,6853.T,鉄道関連,物流・海運,https://s.kabutan.jp/themes/%E9%89%84%E9%81%93%E9%96%A2%E9%80%A3/?market=all
8,6853,6853.T,6853.T,風力発電,GX・エネルギー,https://s.kabutan.jp/themes/%E9%A2%A8%E5%8A%9B%E7%99%BA%E9%9B%BB/?market=all
8,6855,6855.T,電子材料,半導体,AI・半導体,https://s.kabutan.jp/themes/%E5%8D%8A%E5%B0%8E%E4%BD%93/?market=all
8,6855,6855.T,電子材料,半導体製造装置,AI・半導体,https://s.kabutan.jp/themes/%E5%8D%8A%E5%B0%8E%E4%BD%93%E8%A3%BD%E9%80%A0%E8%A3%85%E7%BD%AE/?market=all
8,6856,6856.T,堀場製,医療機器,医療・ヘルスケア,https://s.kabutan.jp/themes/%E5%8C%BB%E7%99%82%E6%A9%9F%E5%99%A8/?market=all
8,6856,6856.T,堀場製,半導体製造装置,AI・半導体,https://s.kabutan.jp/themes/%E5%8D%8A%E5%B0%8E%E4%BD%93%E8%A3%BD%E9%80%A0%E8%A3%85%E7%BD%AE/?market=all
8,6856,6856.T,堀場製,自動運転車,自動車・モビリティ,https://s.kabutan.jp/themes/%E8%87%AA%E5%8B%95%E9%81%8B%E8%BB%A2%E8%BB%8A/?market=all
8,6856,6856.T,堀場製,電気自動車関連,自動車・モビリティ,https://s.kabutan.jp/themes/%E9%9B%BB%E6%B0%97%E8%87%AA%E5%8B%95%E8%BB%8A%E9%96%A2%E9%80%A3/?market=all
8,6857,6857.T,アドテスト,円安メリット,内需・消費,https://s.kabutan.jp/themes/%E5%86%86%E5%AE%89%E3%83%A1%E3%83%AA%E3%83%83%E3%83%88/?market=all
8,6857,6857.T,アドテスト,半導体,AI・半導体,https://s.kabutan.jp/themes/%E5%8D%8A%E5%B0%8E%E4%BD%93/?market=all
8,6857,6857.T,アドテスト,半導体製造装置,AI・半導体,https://s.kabutan.jp/themes/%E5%8D%8A%E5%B0%8E%E4%BD%93%E8%A3%BD%E9%80%A0%E8%A3%85%E7%BD%AE/?market=all
8,6857,6857.T,アドテスト,生成AI,AI・半導体,https://s.kabutan.jp/themes/%E7%94%9F%E6%88%90AI/?market=all
8,6858,6858.T,小野測器,データ分析・解析,AI・半導体,https://s.kabutan.jp/themes/%E3%83%87%E3%83%BC%E3%82%BF%E5%88%86%E6%9E%90%E3%83%BB%E8%A7%A3%E6%9E%90/?market=all
8,6858,6858.T,小野測器,宇宙開発関連,防衛・国土強靱化,https://s.kabutan.jp/themes/%E5%AE%87%E5%AE%99%E9%96%8B%E7%99%BA%E9%96%A2%E9%80%A3/?market=all
8,6858,6858.T,小野測器,自動車製造装置,自動車・モビリティ,https://s.kabutan.jp/themes/%E8%87%AA%E5%8B%95%E8%BB%8A%E8%A3%BD%E9%80%A0%E8%A3%85%E7%BD%AE/?market=all
8,6859,6859.T,エスペック,全固体電池,自動車・モビリティ,https://s.kabutan.jp/themes/%E5%85%A8%E5%9B%BA%E4%BD%93%E9%9B%BB%E6%B1%A0/?market=all
8,6859,6859.T,エスペック,半導体,AI・半導体,https://s.kabutan.jp/themes/%E5%8D%8A%E5%B0%8E%E4%BD%93/?market=all
8,6859,6859.T,エスペック,半導体製造装置,AI・半導体,https://s.kabutan.jp/themes/%E5%8D%8A%E5%B0%8E%E4%BD%93%E8%A3%BD%E9%80%A0%E8%A3%85%E7%BD%AE/?market=all
8,6861,6861.T,キーエンス,3Dプリンター,設備投資・機械,https://s.kabutan.jp/themes/3D%E3%83%97%E3%83%AA%E3%83%B3%E3%82%BF%E3%83%BC/?market=all
8,6861,6861.T,キーエンス,FA関連,設備投資・機械,https://s.kabutan.jp/themes/FA%E9%96%A2%E9%80%A3/?market=all
8,6861,6861.T,キーエンス,IoT,設備投資・機械,https://s.kabutan.jp/themes/IoT/?market=all
8,6861,6861.T,キーエンス,キャッシュレス決済,金融・金利,https://s.kabutan.jp/themes/%E3%82%AD%E3%83%A3%E3%83%83%E3%82%B7%E3%83%A5%E3%83%AC%E3%82%B9%E6%B1%BA%E6%B8%88/?market=all
8,6861,6861.T,キーエンス,サブスクリプション,デジタル・サービス,https://s.kabutan.jp/themes/%E3%82%B5%E3%83%96%E3%82%B9%E3%82%AF%E3%83%AA%E3%83%97%E3%82%B7%E3%83%A7%E3%83%B3/?market=all
8,6861,6861.T,キーエンス,サービスロボット,設備投資・機械,https://s.kabutan.jp/themes/%E3%82%B5%E3%83%BC%E3%83%93%E3%82%B9%E3%83%AD%E3%83%9C%E3%83%83%E3%83%88/?market=all
8,6861,6861.T,キーエンス,フィジカルAI,AI・半導体,https://s.kabutan.jp/themes/%E3%83%95%E3%82%A3%E3%82%B8%E3%82%AB%E3%83%ABAI/?market=all
8,6861,6861.T,キーエンス,ロボット,AI・半導体,https://s.kabutan.jp/themes/%E3%83%AD%E3%83%9C%E3%83%83%E3%83%88/?market=all
8,6861,6861.T,キーエンス,人工知能,AI・半導体,https://s.kabutan.jp/themes/%E4%BA%BA%E5%B7%A5%E7%9F%A5%E8%83%BD/?market=all
8,6861,6861.T,キーエンス,設備投資,設備投資・機械,https://s.kabutan.jp/themes/%E8%A8%AD%E5%82%99%E6%8A%95%E8%B3%87/?market=all
8,6862,6862.T,ミナトＨＤ,デジタルトランスフォーメーション,デジタル・サービス,https://s.kabutan.jp/themes/%E3%83%87%E3%82%B8%E3%82%BF%E3%83%AB%E3%83%88%E3%83%A9%E3%83%B3%E3%82%B9%E3%83%95%E3%82%A9%E3%83%BC%E3%83%A1%E3%83%BC%E3%82%B7%E3%83%A7%E3%83%B3/?market=all
8,6862,6862.T,ミナトＨＤ,半導体,AI・半導体,https://s.kabutan.jp/themes/%E5%8D%8A%E5%B0%8E%E4%BD%93/?market=all
8,6862,6862.T,ミナトＨＤ,半導体製造装置,AI・半導体,https://s.kabutan.jp/themes/%E5%8D%8A%E5%B0%8E%E4%BD%93%E8%A3%BD%E9%80%A0%E8%A3%85%E7%BD%AE/?market=all
8,6862,6862.T,ミナトＨＤ,自動運転車,自動車・モビリティ,https://s.kabutan.jp/themes/%E8%87%AA%E5%8B%95%E9%81%8B%E8%BB%A2%E8%BB%8A/?market=all
8,6863,6863.T,ニレコ,医療機器,医療・ヘルスケア,https://s.kabutan.jp/themes/%E5%8C%BB%E7%99%82%E6%A9%9F%E5%99%A8/?market=all
8,6863,6863.T,ニレコ,半導体製造装置,AI・半導体,https://s.kabutan.jp/themes/%E5%8D%8A%E5%B0%8E%E4%BD%93%E8%A3%BD%E9%80%A0%E8%A3%85%E7%BD%AE/?market=all
8,6863,6863.T,ニレコ,鉄鋼,資源・素材,https://s.kabutan.jp/themes/%E9%89%84%E9%8B%BC/?market=all
8,6864,6864.T,エヌエフＨＤ,再生可能エネルギー,GX・エネルギー,https://s.kabutan.jp/themes/%E5%86%8D%E7%94%9F%E5%8F%AF%E8%83%BD%E3%82%A8%E3%83%8D%E3%83%AB%E3%82%AE%E3%83%BC/?market=all
8,6864,6864.T,エヌエフＨＤ,半導体製造装置,AI・半導体,https://s.kabutan.jp/themes/%E5%8D%8A%E5%B0%8E%E4%BD%93%E8%A3%BD%E9%80%A0%E8%A3%85%E7%BD%AE/?market=all
8,6864,6864.T,エヌエフＨＤ,太陽光発電関連,GX・エネルギー,https://s.kabutan.jp/themes/%E5%A4%AA%E9%99%BD%E5%85%89%E7%99%BA%E9%9B%BB%E9%96%A2%E9%80%A3/?market=all
8,6864,6864.T,エヌエフＨＤ,宇宙開発関連,防衛・国土強靱化,https://s.kabutan.jp/themes/%E5%AE%87%E5%AE%99%E9%96%8B%E7%99%BA%E9%96%A2%E9%80%A3/?market=all
8,6864,6864.T,エヌエフＨＤ,蓄電池,GX・エネルギー,https://s.kabutan.jp/themes/%E8%93%84%E9%9B%BB%E6%B1%A0/?market=all
8,6864,6864.T,エヌエフＨＤ,量子コンピューター,AI・半導体,https://s.kabutan.jp/themes/%E9%87%8F%E5%AD%90%E3%82%B3%E3%83%B3%E3%83%94%E3%83%A5%E3%83%BC%E3%82%BF%E3%83%BC/?market=all
8,6866,6866.T,6866.T,バイオテクノロジー関連,医療・ヘルスケア,https://s.kabutan.jp/themes/%E3%83%90%E3%82%A4%E3%82%AA%E3%83%86%E3%82%AF%E3%83%8E%E3%83%AD%E3%82%B8%E3%83%BC%E9%96%A2%E9%80%A3/?market=all
8,6866,6866.T,6866.T,全固体電池,自動車・モビリティ,https://s.kabutan.jp/themes/%E5%85%A8%E5%9B%BA%E4%BD%93%E9%9B%BB%E6%B1%A0/?market=all
8,6866,6866.T,6866.T,電気自動車関連,自動車・モビリティ,https://s.kabutan.jp/themes/%E9%9B%BB%E6%B0%97%E8%87%AA%E5%8B%95%E8%BB%8A%E9%96%A2%E9%80%A3/?market=all
8,6867,6867.T,6867.T,SaaS,デジタル・サービス,https://s.kabutan.jp/themes/SaaS/?market=all
8,6867,6867.T,6867.T,生成AI,AI・半導体,https://s.kabutan.jp/themes/%E7%94%9F%E6%88%90AI/?market=all
8,6869,6869.T,6869.T,3Dプリンター,設備投資・機械,https://s.kabutan.jp/themes/3D%E3%83%97%E3%83%AA%E3%83%B3%E3%82%BF%E3%83%BC/?market=all
8,6869,6869.T,6869.T,ロボット,AI・半導体,https://s.kabutan.jp/themes/%E3%83%AD%E3%83%9C%E3%83%83%E3%83%88/?market=all
8,6869,6869.T,6869.T,医療機器,医療・ヘルスケア,https://s.kabutan.jp/themes/%E5%8C%BB%E7%99%82%E6%A9%9F%E5%99%A8/?market=all
8,6869,6869.T,6869.T,認知症薬,医療・ヘルスケア,https://s.kabutan.jp/themes/%E8%AA%8D%E7%9F%A5%E7%97%87%E8%96%AC/?market=all
8,6870,6870.T,フェンオール,医療機器,医療・ヘルスケア,https://s.kabutan.jp/themes/%E5%8C%BB%E7%99%82%E6%A9%9F%E5%99%A8/?market=all
8,6870,6870.T,フェンオール,半導体製造装置,AI・半導体,https://s.kabutan.jp/themes/%E5%8D%8A%E5%B0%8E%E4%BD%93%E8%A3%BD%E9%80%A0%E8%A3%85%E7%BD%AE/?market=all
8,6870,6870.T,フェンオール,防災,防衛・国土強靱化,https://s.kabutan.jp/themes/%E9%98%B2%E7%81%BD/?market=all
8,6871,6871.T,日本マイクロ,ドローン,防衛・国土強靱化,https://s.kabutan.jp/themes/%E3%83%89%E3%83%AD%E3%83%BC%E3%83%B3/?market=all
8,6871,6871.T,日本マイクロ,半導体,AI・半導体,https://s.kabutan.jp/themes/%E5%8D%8A%E5%B0%8E%E4%BD%93/?market=all
8,6871,6871.T,日本マイクロ,半導体製造装置,AI・半導体,https://s.kabutan.jp/themes/%E5%8D%8A%E5%B0%8E%E4%BD%93%E8%A3%BD%E9%80%A0%E8%A3%85%E7%BD%AE/?market=all
8,6874,6874.T,協立電機,FA関連,設備投資・機械,https://s.kabutan.jp/themes/FA%E9%96%A2%E9%80%A3/?market=all
8,6874,6874.T,協立電機,半導体製造装置,AI・半導体,https://s.kabutan.jp/themes/%E5%8D%8A%E5%B0%8E%E4%BD%93%E8%A3%BD%E9%80%A0%E8%A3%85%E7%BD%AE/?market=all
8,6874,6874.T,協立電機,省エネ関連,GX・エネルギー,https://s.kabutan.jp/themes/%E7%9C%81%E3%82%A8%E3%83%8D%E9%96%A2%E9%80%A3/?market=all
8,6874,6874.T,協立電機,電気自動車関連,自動車・モビリティ,https://s.kabutan.jp/themes/%E9%9B%BB%E6%B0%97%E8%87%AA%E5%8B%95%E8%BB%8A%E9%96%A2%E9%80%A3/?market=all
8,6875,6875.T,メガチップス,IoT,設備投資・機械,https://s.kabutan.jp/themes/IoT/?market=all
8,6875,6875.T,メガチップス,ゲーム関連,デジタル・サービス,https://s.kabutan.jp/themes/%E3%82%B2%E3%83%BC%E3%83%A0%E9%96%A2%E9%80%A3/?market=all
8,6875,6875.T,メガチップス,スマートグリッド,データセンター・電力,https://s.kabutan.jp/themes/%E3%82%B9%E3%83%9E%E3%83%BC%E3%83%88%E3%82%B0%E3%83%AA%E3%83%83%E3%83%89/?market=all
8,6875,6875.T,メガチップス,半導体,AI・半導体,https://s.kabutan.jp/themes/%E5%8D%8A%E5%B0%8E%E4%BD%93/?market=all
8,6877,6877.T,ＯＢＡＲＡＧ,半導体,AI・半導体,https://s.kabutan.jp/themes/%E5%8D%8A%E5%B0%8E%E4%BD%93/?market=all
8,6877,6877.T,ＯＢＡＲＡＧ,半導体製造装置,AI・半導体,https://s.kabutan.jp/themes/%E5%8D%8A%E5%B0%8E%E4%BD%93%E8%A3%BD%E9%80%A0%E8%A3%85%E7%BD%AE/?market=all
8,6877,6877.T,ＯＢＡＲＡＧ,自動車製造装置,自動車・モビリティ,https://s.kabutan.jp/themes/%E8%87%AA%E5%8B%95%E8%BB%8A%E8%A3%BD%E9%80%A0%E8%A3%85%E7%BD%AE/?market=all
8,6882,6882.T,三社電機,半導体,AI・半導体,https://s.kabutan.jp/themes/%E5%8D%8A%E5%B0%8E%E4%BD%93/?market=all
8,6882,6882.T,三社電機,太陽光発電関連,GX・エネルギー,https://s.kabutan.jp/themes/%E5%A4%AA%E9%99%BD%E5%85%89%E7%99%BA%E9%9B%BB%E9%96%A2%E9%80%A3/?market=all
8,6882,6882.T,三社電機,電気自動車関連,自動車・モビリティ,https://s.kabutan.jp/themes/%E9%9B%BB%E6%B0%97%E8%87%AA%E5%8B%95%E8%BB%8A%E9%96%A2%E9%80%A3/?market=all
8,6888,6888.T,6888.T,IT関連,デジタル・サービス,https://s.kabutan.jp/themes/IT%E9%96%A2%E9%80%A3/?market=all
8,6888,6888.T,6888.T,クラウドコンピューティング,デジタル・サービス,https://s.kabutan.jp/themes/%E3%82%AF%E3%83%A9%E3%82%A6%E3%83%89%E3%82%B3%E3%83%B3%E3%83%94%E3%83%A5%E3%83%BC%E3%83%86%E3%82%A3%E3%83%B3%E3%82%B0/?market=all
8,6888,6888.T,6888.T,デジタルトランスフォーメーション,デジタル・サービス,https://s.kabutan.jp/themes/%E3%83%87%E3%82%B8%E3%82%BF%E3%83%AB%E3%83%88%E3%83%A9%E3%83%B3%E3%82%B9%E3%83%95%E3%82%A9%E3%83%BC%E3%83%A1%E3%83%BC%E3%82%B7%E3%83%A7%E3%83%B3/?market=all
8,6888,6888.T,6888.T,ドローン,防衛・国土強靱化,https://s.kabutan.jp/themes/%E3%83%89%E3%83%AD%E3%83%BC%E3%83%B3/?market=all
8,6888,6888.T,6888.T,マイナンバー,デジタル・サービス,https://s.kabutan.jp/themes/%E3%83%9E%E3%82%A4%E3%83%8A%E3%83%B3%E3%83%90%E3%83%BC/?market=all
8,6890,6890.T,フェローテク,データセンター,データセンター・電力,https://s.kabutan.jp/themes/%E3%83%87%E3%83%BC%E3%82%BF%E3%82%BB%E3%83%B3%E3%82%BF%E3%83%BC/?market=all
8,6890,6890.T,フェローテク,医療機器,医療・ヘルスケア,https://s.kabutan.jp/themes/%E5%8C%BB%E7%99%82%E6%A9%9F%E5%99%A8/?market=all
8,6890,6890.T,フェローテク,半導体製造装置,AI・半導体,https://s.kabutan.jp/themes/%E5%8D%8A%E5%B0%8E%E4%BD%93%E8%A3%BD%E9%80%A0%E8%A3%85%E7%BD%AE/?market=all
8,6890,6890.T,フェローテク,半導体部材・部品,AI・半導体,https://s.kabutan.jp/themes/%E5%8D%8A%E5%B0%8E%E4%BD%93%E9%83%A8%E6%9D%90%E3%83%BB%E9%83%A8%E5%93%81/?market=all
8,6890,6890.T,フェローテク,自動車部材・部品,自動車・モビリティ,https://s.kabutan.jp/themes/%E8%87%AA%E5%8B%95%E8%BB%8A%E9%83%A8%E6%9D%90%E3%83%BB%E9%83%A8%E5%93%81/?market=all
8,6894,6894.T,6894.T,3Dプリンター,設備投資・機械,https://s.kabutan.jp/themes/3D%E3%83%97%E3%83%AA%E3%83%B3%E3%82%BF%E3%83%BC/?market=all
8,6894,6894.T,6894.T,バイオテクノロジー関連,医療・ヘルスケア,https://s.kabutan.jp/themes/%E3%83%90%E3%82%A4%E3%82%AA%E3%83%86%E3%82%AF%E3%83%8E%E3%83%AD%E3%82%B8%E3%83%BC%E9%96%A2%E9%80%A3/?market=all
8,6894,6894.T,6894.T,ロボット,AI・半導体,https://s.kabutan.jp/themes/%E3%83%AD%E3%83%9C%E3%83%83%E3%83%88/?market=all
8,6894,6894.T,6894.T,医療機器,医療・ヘルスケア,https://s.kabutan.jp/themes/%E5%8C%BB%E7%99%82%E6%A9%9F%E5%99%A8/?market=all
8,6898,6898.T,6898.T,半導体製造装置,AI・半導体,https://s.kabutan.jp/themes/%E5%8D%8A%E5%B0%8E%E4%BD%93%E8%A3%BD%E9%80%A0%E8%A3%85%E7%BD%AE/?market=all
8,6898,6898.T,6898.T,電気自動車関連,自動車・モビリティ,https://s.kabutan.jp/themes/%E9%9B%BB%E6%B0%97%E8%87%AA%E5%8B%95%E8%BB%8A%E9%96%A2%E9%80%A3/?market=all
8,6899,6899.T,6899.T,自動車部材・部品,自動車・モビリティ,https://s.kabutan.jp/themes/%E8%87%AA%E5%8B%95%E8%BB%8A%E9%83%A8%E6%9D%90%E3%83%BB%E9%83%A8%E5%93%81/?market=all
8,6899,6899.T,6899.T,電気自動車関連,自動車・モビリティ,https://s.kabutan.jp/themes/%E9%9B%BB%E6%B0%97%E8%87%AA%E5%8B%95%E8%BB%8A%E9%96%A2%E9%80%A3/?market=all
8,6902,6902.T,デンソー,MaaS,自動車・モビリティ,https://s.kabutan.jp/themes/MaaS/?market=all
8,6902,6902.T,デンソー,キャッシュレス決済,金融・金利,https://s.kabutan.jp/themes/%E3%82%AD%E3%83%A3%E3%83%83%E3%82%B7%E3%83%A5%E3%83%AC%E3%82%B9%E6%B1%BA%E6%B8%88/?market=all
8,6902,6902.T,デンソー,スマートグリッド,データセンター・電力,https://s.kabutan.jp/themes/%E3%82%B9%E3%83%9E%E3%83%BC%E3%83%88%E3%82%B0%E3%83%AA%E3%83%83%E3%83%89/?market=all
8,6902,6902.T,デンソー,ドローン,防衛・国土強靱化,https://s.kabutan.jp/themes/%E3%83%89%E3%83%AD%E3%83%BC%E3%83%B3/?market=all
8,6902,6902.T,デンソー,人工知能,AI・半導体,https://s.kabutan.jp/themes/%E4%BA%BA%E5%B7%A5%E7%9F%A5%E8%83%BD/?market=all
8,6902,6902.T,デンソー,全固体電池,自動車・モビリティ,https://s.kabutan.jp/themes/%E5%85%A8%E5%9B%BA%E4%BD%93%E9%9B%BB%E6%B1%A0/?market=all
8,6902,6902.T,デンソー,円安メリット,内需・消費,https://s.kabutan.jp/themes/%E5%86%86%E5%AE%89%E3%83%A1%E3%83%AA%E3%83%83%E3%83%88/?market=all
8,6902,6902.T,デンソー,水素,GX・エネルギー,https://s.kabutan.jp/themes/%E6%B0%B4%E7%B4%A0/?market=all
8,6902,6902.T,デンソー,自動車軽量化,自動車・モビリティ,https://s.kabutan.jp/themes/%E8%87%AA%E5%8B%95%E8%BB%8A%E8%BB%BD%E9%87%8F%E5%8C%96/?market=all
8,6902,6902.T,デンソー,自動車部材・部品,自動車・モビリティ,https://s.kabutan.jp/themes/%E8%87%AA%E5%8B%95%E8%BB%8A%E9%83%A8%E6%9D%90%E3%83%BB%E9%83%A8%E5%93%81/?market=all
8,6902,6902.T,デンソー,自動車電子化,自動車・モビリティ,https://s.kabutan.jp/themes/%E8%87%AA%E5%8B%95%E8%BB%8A%E9%9B%BB%E5%AD%90%E5%8C%96/?market=all
8,6902,6902.T,デンソー,自動運転車,自動車・モビリティ,https://s.kabutan.jp/themes/%E8%87%AA%E5%8B%95%E9%81%8B%E8%BB%A2%E8%BB%8A/?market=all
8,6902,6902.T,デンソー,量子コンピューター,AI・半導体,https://s.kabutan.jp/themes/%E9%87%8F%E5%AD%90%E3%82%B3%E3%83%B3%E3%83%94%E3%83%A5%E3%83%BC%E3%82%BF%E3%83%BC/?market=all
8,6902,6902.T,デンソー,電気自動車関連,自動車・モビリティ,https://s.kabutan.jp/themes/%E9%9B%BB%E6%B0%97%E8%87%AA%E5%8B%95%E8%BB%8A%E9%96%A2%E9%80%A3/?market=all
8,6905,6905.T,コーセル,医療機器,医療・ヘルスケア,https://s.kabutan.jp/themes/%E5%8C%BB%E7%99%82%E6%A9%9F%E5%99%A8/?market=all
8,6905,6905.T,コーセル,半導体製造装置,AI・半導体,https://s.kabutan.jp/themes/%E5%8D%8A%E5%B0%8E%E4%BD%93%E8%A3%BD%E9%80%A0%E8%A3%85%E7%BD%AE/?market=all
8,6907,6907.T,ジオマテック,半導体部材・部品,AI・半導体,https://s.kabutan.jp/themes/%E5%8D%8A%E5%B0%8E%E4%BD%93%E9%83%A8%E6%9D%90%E3%83%BB%E9%83%A8%E5%93%81/?market=all
8,6908,6908.T,イリソ電子,フィジカルAI,AI・半導体,https://s.kabutan.jp/themes/%E3%83%95%E3%82%A3%E3%82%B8%E3%82%AB%E3%83%ABAI/?market=all
8,6908,6908.T,イリソ電子,自動車部材・部品,自動車・モビリティ,https://s.kabutan.jp/themes/%E8%87%AA%E5%8B%95%E8%BB%8A%E9%83%A8%E6%9D%90%E3%83%BB%E9%83%A8%E5%93%81/?market=all
8,6908,6908.T,イリソ電子,自動運転車,自動車・モビリティ,https://s.kabutan.jp/themes/%E8%87%AA%E5%8B%95%E9%81%8B%E8%BB%A2%E8%BB%8A/?market=all
8,6912,6912.T,6912.T,自動車製造装置,自動車・モビリティ,https://s.kabutan.jp/themes/%E8%87%AA%E5%8B%95%E8%BB%8A%E8%A3%BD%E9%80%A0%E8%A3%85%E7%BD%AE/?market=all
8,6912,6912.T,6912.T,電気自動車関連,自動車・モビリティ,https://s.kabutan.jp/themes/%E9%9B%BB%E6%B0%97%E8%87%AA%E5%8B%95%E8%BB%8A%E9%96%A2%E9%80%A3/?market=all
8,6914,6914.T,6914.T,FA関連,設備投資・機械,https://s.kabutan.jp/themes/FA%E9%96%A2%E9%80%A3/?market=all
8,6914,6914.T,6914.T,IoT,設備投資・機械,https://s.kabutan.jp/themes/IoT/?market=all
8,6914,6914.T,6914.T,円安メリット,内需・消費,https://s.kabutan.jp/themes/%E5%86%86%E5%AE%89%E3%83%A1%E3%83%AA%E3%83%83%E3%83%88/?market=all
8,6914,6914.T,6914.T,設備投資,設備投資・機械,https://s.kabutan.jp/themes/%E8%A8%AD%E5%82%99%E6%8A%95%E8%B3%87/?market=all
8,6915,6915.T,6915.T,自動車部材・部品,自動車・モビリティ,https://s.kabutan.jp/themes/%E8%87%AA%E5%8B%95%E8%BB%8A%E9%83%A8%E6%9D%90%E3%83%BB%E9%83%A8%E5%93%81/?market=all
8,6918,6918.T,アバール,ロボット,AI・半導体,https://s.kabutan.jp/themes/%E3%83%AD%E3%83%9C%E3%83%83%E3%83%88/?market=all
8,6918,6918.T,アバール,半導体,AI・半導体,https://s.kabutan.jp/themes/%E5%8D%8A%E5%B0%8E%E4%BD%93/?market=all
8,6918,6918.T,アバール,半導体製造装置,AI・半導体,https://s.kabutan.jp/themes/%E5%8D%8A%E5%B0%8E%E4%BD%93%E8%A3%BD%E9%80%A0%E8%A3%85%E7%BD%AE/?market=all
8,6919,6919.T,ケル,半導体部材・部品,AI・半導体,https://s.kabutan.jp/themes/%E5%8D%8A%E5%B0%8E%E4%BD%93%E9%83%A8%E6%9D%90%E3%83%BB%E9%83%A8%E5%93%81/?market=all
8,6920,6920.T,レーザーテク,半導体,AI・半導体,https://s.kabutan.jp/themes/%E5%8D%8A%E5%B0%8E%E4%BD%93/?market=all
8,6920,6920.T,レーザーテク,半導体製造装置,AI・半導体,https://s.kabutan.jp/themes/%E5%8D%8A%E5%B0%8E%E4%BD%93%E8%A3%BD%E9%80%A0%E8%A3%85%E7%BD%AE/?market=all
8,6923,6923.T,6923.T,自動車部材・部品,自動車・モビリティ,https://s.kabutan.jp/themes/%E8%87%AA%E5%8B%95%E8%BB%8A%E9%83%A8%E6%9D%90%E3%83%BB%E9%83%A8%E5%93%81/?market=all
8,6923,6923.T,6923.T,自動車電子化,自動車・モビリティ,https://s.kabutan.jp/themes/%E8%87%AA%E5%8B%95%E8%BB%8A%E9%9B%BB%E5%AD%90%E5%8C%96/?market=all
8,6925,6925.T,ウシオ電,医療機器,医療・ヘルスケア,https://s.kabutan.jp/themes/%E5%8C%BB%E7%99%82%E6%A9%9F%E5%99%A8/?market=all
8,6925,6925.T,ウシオ電,半導体,AI・半導体,https://s.kabutan.jp/themes/%E5%8D%8A%E5%B0%8E%E4%BD%93/?market=all
8,6925,6925.T,ウシオ電,半導体製造装置,AI・半導体,https://s.kabutan.jp/themes/%E5%8D%8A%E5%B0%8E%E4%BD%93%E8%A3%BD%E9%80%A0%E8%A3%85%E7%BD%AE/?market=all
8,6926,6926.T,6926.T,防災,防衛・国土強靱化,https://s.kabutan.jp/themes/%E9%98%B2%E7%81%BD/?market=all
8,6926,6926.T,6926.T,電気自動車関連,自動車・モビリティ,https://s.kabutan.jp/themes/%E9%9B%BB%E6%B0%97%E8%87%AA%E5%8B%95%E8%BB%8A%E9%96%A2%E9%80%A3/?market=all
8,6928,6928.T,エノモト,半導体部材・部品,AI・半導体,https://s.kabutan.jp/themes/%E5%8D%8A%E5%B0%8E%E4%BD%93%E9%83%A8%E6%9D%90%E3%83%BB%E9%83%A8%E5%93%81/?market=all
8,6928,6928.T,エノモト,自動車部材・部品,自動車・モビリティ,https://s.kabutan.jp/themes/%E8%87%AA%E5%8B%95%E8%BB%8A%E9%83%A8%E6%9D%90%E3%83%BB%E9%83%A8%E5%93%81/?market=all
8,6929,6929.T,6929.T,自動運転車,自動車・モビリティ,https://s.kabutan.jp/themes/%E8%87%AA%E5%8B%95%E9%81%8B%E8%BB%A2%E8%BB%8A/?market=all
8,6929,6929.T,6929.T,電気自動車関連,自動車・モビリティ,https://s.kabutan.jp/themes/%E9%9B%BB%E6%B0%97%E8%87%AA%E5%8B%95%E8%BB%8A%E9%96%A2%E9%80%A3/?market=all
8,6932,6932.T,6932.T,太陽光発電関連,GX・エネルギー,https://s.kabutan.jp/themes/%E5%A4%AA%E9%99%BD%E5%85%89%E7%99%BA%E9%9B%BB%E9%96%A2%E9%80%A3/?market=all
8,6941,6941.T,山一電機,データセンター,データセンター・電力,https://s.kabutan.jp/themes/%E3%83%87%E3%83%BC%E3%82%BF%E3%82%BB%E3%83%B3%E3%82%BF%E3%83%BC/?market=all
8,6941,6941.T,山一電機,フィジカルAI,AI・半導体,https://s.kabutan.jp/themes/%E3%83%95%E3%82%A3%E3%82%B8%E3%82%AB%E3%83%ABAI/?market=all
8,6941,6941.T,山一電機,円安メリット,内需・消費,https://s.kabutan.jp/themes/%E5%86%86%E5%AE%89%E3%83%A1%E3%83%AA%E3%83%83%E3%83%88/?market=all
8,6941,6941.T,山一電機,半導体製造装置,AI・半導体,https://s.kabutan.jp/themes/%E5%8D%8A%E5%B0%8E%E4%BD%93%E8%A3%BD%E9%80%A0%E8%A3%85%E7%BD%AE/?market=all
8,6942,6942.T,ソフィア,IT関連,デジタル・サービス,https://s.kabutan.jp/themes/IT%E9%96%A2%E9%80%A3/?market=all
8,6942,6942.T,ソフィア,eコマース,内需・消費,https://s.kabutan.jp/themes/e%E3%82%B3%E3%83%9E%E3%83%BC%E3%82%B9/?market=all
8,6942,6942.T,ソフィア,データセンター,データセンター・電力,https://s.kabutan.jp/themes/%E3%83%87%E3%83%BC%E3%82%BF%E3%82%BB%E3%83%B3%E3%82%BF%E3%83%BC/?market=all
8,6946,6946.T,日本アビオ,ドローン,防衛・国土強靱化,https://s.kabutan.jp/themes/%E3%83%89%E3%83%AD%E3%83%BC%E3%83%B3/?market=all
8,6946,6946.T,日本アビオ,半導体,AI・半導体,https://s.kabutan.jp/themes/%E5%8D%8A%E5%B0%8E%E4%BD%93/?market=all
8,6946,6946.T,日本アビオ,宇宙開発関連,防衛・国土強靱化,https://s.kabutan.jp/themes/%E5%AE%87%E5%AE%99%E9%96%8B%E7%99%BA%E9%96%A2%E9%80%A3/?market=all
8,6946,6946.T,日本アビオ,防衛,防衛・国土強靱化,https://s.kabutan.jp/themes/%E9%98%B2%E8%A1%9B/?market=all
8,6947,6947.T,6947.T,3Dプリンター,設備投資・機械,https://s.kabutan.jp/themes/3D%E3%83%97%E3%83%AA%E3%83%B3%E3%82%BF%E3%83%BC/?market=all
8,6947,6947.T,6947.T,デジタルトランスフォーメーション,デジタル・サービス,https://s.kabutan.jp/themes/%E3%83%87%E3%82%B8%E3%82%BF%E3%83%AB%E3%83%88%E3%83%A9%E3%83%B3%E3%82%B9%E3%83%95%E3%82%A9%E3%83%BC%E3%83%A1%E3%83%BC%E3%82%B7%E3%83%A7%E3%83%B3/?market=all
8,6947,6947.T,6947.T,自動車部材・部品,自動車・モビリティ,https://s.kabutan.jp/themes/%E8%87%AA%E5%8B%95%E8%BB%8A%E9%83%A8%E6%9D%90%E3%83%BB%E9%83%A8%E5%93%81/?market=all
8,6947,6947.T,6947.T,設備投資,設備投資・機械,https://s.kabutan.jp/themes/%E8%A8%AD%E5%82%99%E6%8A%95%E8%B3%87/?market=all
8,6951,6951.T,日電子,3Dプリンター,設備投資・機械,https://s.kabutan.jp/themes/3D%E3%83%97%E3%83%AA%E3%83%B3%E3%82%BF%E3%83%BC/?market=all
8,6951,6951.T,日電子,バイオテクノロジー関連,医療・ヘルスケア,https://s.kabutan.jp/themes/%E3%83%90%E3%82%A4%E3%82%AA%E3%83%86%E3%82%AF%E3%83%8E%E3%83%AD%E3%82%B8%E3%83%BC%E9%96%A2%E9%80%A3/?market=all
8,6951,6951.T,日電子,半導体,AI・半導体,https://s.kabutan.jp/themes/%E5%8D%8A%E5%B0%8E%E4%BD%93/?market=all
8,6951,6951.T,日電子,半導体製造装置,AI・半導体,https://s.kabutan.jp/themes/%E5%8D%8A%E5%B0%8E%E4%BD%93%E8%A3%BD%E9%80%A0%E8%A3%85%E7%BD%AE/?market=all
8,6952,6952.T,カシオ,インバウンド,内需・消費,https://s.kabutan.jp/themes/%E3%82%A4%E3%83%B3%E3%83%90%E3%82%A6%E3%83%B3%E3%83%89/?market=all
8,6952,6952.T,カシオ,ロボット,AI・半導体,https://s.kabutan.jp/themes/%E3%83%AD%E3%83%9C%E3%83%83%E3%83%88/?market=all
8,6952,6952.T,カシオ,人工知能,AI・半導体,https://s.kabutan.jp/themes/%E4%BA%BA%E5%B7%A5%E7%9F%A5%E8%83%BD/?market=all
8,6952,6952.T,カシオ,円安メリット,内需・消費,https://s.kabutan.jp/themes/%E5%86%86%E5%AE%89%E3%83%A1%E3%83%AA%E3%83%83%E3%83%88/?market=all
8,6952,6952.T,カシオ,医療機器,医療・ヘルスケア,https://s.kabutan.jp/themes/%E5%8C%BB%E7%99%82%E6%A9%9F%E5%99%A8/?market=all
8,6952,6952.T,カシオ,教育ICT,デジタル・サービス,https://s.kabutan.jp/themes/%E6%95%99%E8%82%B2ICT/?market=all
8,6954,6954.T,ファナック,FA関連,設備投資・機械,https://s.kabutan.jp/themes/FA%E9%96%A2%E9%80%A3/?market=all
8,6954,6954.T,ファナック,IoT,設備投資・機械,https://s.kabutan.jp/themes/IoT/?market=all
8,6954,6954.T,ファナック,サービスロボット,設備投資・機械,https://s.kabutan.jp/themes/%E3%82%B5%E3%83%BC%E3%83%93%E3%82%B9%E3%83%AD%E3%83%9C%E3%83%83%E3%83%88/?market=all
8,6954,6954.T,ファナック,フィジカルAI,AI・半導体,https://s.kabutan.jp/themes/%E3%83%95%E3%82%A3%E3%82%B8%E3%82%AB%E3%83%ABAI/?market=all
8,6954,6954.T,ファナック,ロボット,AI・半導体,https://s.kabutan.jp/themes/%E3%83%AD%E3%83%9C%E3%83%83%E3%83%88/?market=all
8,6954,6954.T,ファナック,人工知能,AI・半導体,https://s.kabutan.jp/themes/%E4%BA%BA%E5%B7%A5%E7%9F%A5%E8%83%BD/?market=all
8,6954,6954.T,ファナック,円安メリット,内需・消費,https://s.kabutan.jp/themes/%E5%86%86%E5%AE%89%E3%83%A1%E3%83%AA%E3%83%83%E3%83%88/?market=all
8,6954,6954.T,ファナック,工作機械,設備投資・機械,https://s.kabutan.jp/themes/%E5%B7%A5%E4%BD%9C%E6%A9%9F%E6%A2%B0/?market=all
8,6954,6954.T,ファナック,機械,設備投資・機械,https://s.kabutan.jp/themes/%E6%A9%9F%E6%A2%B0/?market=all
8,6954,6954.T,ファナック,自動車製造装置,自動車・モビリティ,https://s.kabutan.jp/themes/%E8%87%AA%E5%8B%95%E8%BB%8A%E8%A3%BD%E9%80%A0%E8%A3%85%E7%BD%AE/?market=all
8,6954,6954.T,ファナック,設備投資,設備投資・機械,https://s.kabutan.jp/themes/%E8%A8%AD%E5%82%99%E6%8A%95%E8%B3%87/?market=all
8,6955,6955.T,6955.T,リチウムイオン電池,自動車・モビリティ,https://s.kabutan.jp/themes/%E3%83%AA%E3%83%81%E3%82%A6%E3%83%A0%E3%82%A4%E3%82%AA%E3%83%B3%E9%9B%BB%E6%B1%A0/?market=all
8,6955,6955.T,6955.T,全固体電池,自動車・モビリティ,https://s.kabutan.jp/themes/%E5%85%A8%E5%9B%BA%E4%BD%93%E9%9B%BB%E6%B1%A0/?market=all
8,6955,6955.T,6955.T,蓄電池,GX・エネルギー,https://s.kabutan.jp/themes/%E8%93%84%E9%9B%BB%E6%B1%A0/?market=all
8,6958,6958.T,6958.T,円安メリット,内需・消費,https://s.kabutan.jp/themes/%E5%86%86%E5%AE%89%E3%83%A1%E3%83%AA%E3%83%83%E3%83%88/?market=all
8,6958,6958.T,6958.T,自動車部材・部品,自動車・モビリティ,https://s.kabutan.jp/themes/%E8%87%AA%E5%8B%95%E8%BB%8A%E9%83%A8%E6%9D%90%E3%83%BB%E9%83%A8%E5%93%81/?market=all
8,6960,6960.T,6960.T,介護関連,医療・ヘルスケア,https://s.kabutan.jp/themes/%E4%BB%8B%E8%AD%B7%E9%96%A2%E9%80%A3/?market=all
8,6960,6960.T,6960.T,医療機器,医療・ヘルスケア,https://s.kabutan.jp/themes/%E5%8C%BB%E7%99%82%E6%A9%9F%E5%99%A8/?market=all
8,6961,6961.T,エンプラス,バイオテクノロジー関連,医療・ヘルスケア,https://s.kabutan.jp/themes/%E3%83%90%E3%82%A4%E3%82%AA%E3%83%86%E3%82%AF%E3%83%8E%E3%83%AD%E3%82%B8%E3%83%BC%E9%96%A2%E9%80%A3/?market=all
8,6961,6961.T,エンプラス,半導体製造装置,AI・半導体,https://s.kabutan.jp/themes/%E5%8D%8A%E5%B0%8E%E4%BD%93%E8%A3%BD%E9%80%A0%E8%A3%85%E7%BD%AE/?market=all
8,6961,6961.T,エンプラス,生成AI,AI・半導体,https://s.kabutan.jp/themes/%E7%94%9F%E6%88%90AI/?market=all
8,6961,6961.T,エンプラス,自動車部材・部品,自動車・モビリティ,https://s.kabutan.jp/themes/%E8%87%AA%E5%8B%95%E8%BB%8A%E9%83%A8%E6%9D%90%E3%83%BB%E9%83%A8%E5%93%81/?market=all
8,6962,6962.T,6962.T,IoT,設備投資・機械,https://s.kabutan.jp/themes/IoT/?market=all
8,6962,6962.T,6962.T,自動車部材・部品,自動車・モビリティ,https://s.kabutan.jp/themes/%E8%87%AA%E5%8B%95%E8%BB%8A%E9%83%A8%E6%9D%90%E3%83%BB%E9%83%A8%E5%93%81/?market=all
8,6963,6963.T,ローム,IT関連,デジタル・サービス,https://s.kabutan.jp/themes/IT%E9%96%A2%E9%80%A3/?market=all
8,6963,6963.T,ローム,円安メリット,内需・消費,https://s.kabutan.jp/themes/%E5%86%86%E5%AE%89%E3%83%A1%E3%83%AA%E3%83%83%E3%83%88/?market=all
8,6963,6963.T,ローム,医療機器,医療・ヘルスケア,https://s.kabutan.jp/themes/%E5%8C%BB%E7%99%82%E6%A9%9F%E5%99%A8/?market=all
8,6963,6963.T,ローム,半導体,AI・半導体,https://s.kabutan.jp/themes/%E5%8D%8A%E5%B0%8E%E4%BD%93/?market=all
8,6963,6963.T,ローム,自動車部材・部品,自動車・モビリティ,https://s.kabutan.jp/themes/%E8%87%AA%E5%8B%95%E8%BB%8A%E9%83%A8%E6%9D%90%E3%83%BB%E9%83%A8%E5%93%81/?market=all
8,6963,6963.T,ローム,自動車電子化,自動車・モビリティ,https://s.kabutan.jp/themes/%E8%87%AA%E5%8B%95%E8%BB%8A%E9%9B%BB%E5%AD%90%E5%8C%96/?market=all
8,6963,6963.T,ローム,電気自動車関連,自動車・モビリティ,https://s.kabutan.jp/themes/%E9%9B%BB%E6%B0%97%E8%87%AA%E5%8B%95%E8%BB%8A%E9%96%A2%E9%80%A3/?market=all
8,6964,6964.T,6964.T,自動車部材・部品,自動車・モビリティ,https://s.kabutan.jp/themes/%E8%87%AA%E5%8B%95%E8%BB%8A%E9%83%A8%E6%9D%90%E3%83%BB%E9%83%A8%E5%93%81/?market=all
8,6965,6965.T,ホトニクス,再生医療,医療・ヘルスケア,https://s.kabutan.jp/themes/%E5%86%8D%E7%94%9F%E5%8C%BB%E7%99%82/?market=all
8,6965,6965.T,ホトニクス,医療機器,医療・ヘルスケア,https://s.kabutan.jp/themes/%E5%8C%BB%E7%99%82%E6%A9%9F%E5%99%A8/?market=all
8,6965,6965.T,ホトニクス,半導体,AI・半導体,https://s.kabutan.jp/themes/%E5%8D%8A%E5%B0%8E%E4%BD%93/?market=all
8,6965,6965.T,ホトニクス,半導体製造装置,AI・半導体,https://s.kabutan.jp/themes/%E5%8D%8A%E5%B0%8E%E4%BD%93%E8%A3%BD%E9%80%A0%E8%A3%85%E7%BD%AE/?market=all
8,6965,6965.T,ホトニクス,宇宙開発関連,防衛・国土強靱化,https://s.kabutan.jp/themes/%E5%AE%87%E5%AE%99%E9%96%8B%E7%99%BA%E9%96%A2%E9%80%A3/?market=all
8,6965,6965.T,ホトニクス,核融合発電,GX・エネルギー,https://s.kabutan.jp/themes/%E6%A0%B8%E8%9E%8D%E5%90%88%E7%99%BA%E9%9B%BB/?market=all
8,6965,6965.T,ホトニクス,自動運転車,自動車・モビリティ,https://s.kabutan.jp/themes/%E8%87%AA%E5%8B%95%E9%81%8B%E8%BB%A2%E8%BB%8A/?market=all
8,6965,6965.T,ホトニクス,量子コンピューター,AI・半導体,https://s.kabutan.jp/themes/%E9%87%8F%E5%AD%90%E3%82%B3%E3%83%B3%E3%83%94%E3%83%A5%E3%83%BC%E3%82%BF%E3%83%BC/?market=all
8,6966,6966.T,三井ハイテク,半導体部材・部品,AI・半導体,https://s.kabutan.jp/themes/%E5%8D%8A%E5%B0%8E%E4%BD%93%E9%83%A8%E6%9D%90%E3%83%BB%E9%83%A8%E5%93%81/?market=all
8,6966,6966.T,三井ハイテク,工作機械,設備投資・機械,https://s.kabutan.jp/themes/%E5%B7%A5%E4%BD%9C%E6%A9%9F%E6%A2%B0/?market=all
8,6966,6966.T,三井ハイテク,自動車部材・部品,自動車・モビリティ,https://s.kabutan.jp/themes/%E8%87%AA%E5%8B%95%E8%BB%8A%E9%83%A8%E6%9D%90%E3%83%BB%E9%83%A8%E5%93%81/?market=all
8,6966,6966.T,三井ハイテク,自動車電子化,自動車・モビリティ,https://s.kabutan.jp/themes/%E8%87%AA%E5%8B%95%E8%BB%8A%E9%9B%BB%E5%AD%90%E5%8C%96/?market=all
8,6966,6966.T,三井ハイテク,電気自動車関連,自動車・モビリティ,https://s.kabutan.jp/themes/%E9%9B%BB%E6%B0%97%E8%87%AA%E5%8B%95%E8%BB%8A%E9%96%A2%E9%80%A3/?market=all
8,6969,6969.T,6969.T,宇宙開発関連,防衛・国土強靱化,https://s.kabutan.jp/themes/%E5%AE%87%E5%AE%99%E9%96%8B%E7%99%BA%E9%96%A2%E9%80%A3/?market=all
8,6969,6969.T,6969.T,自動車部材・部品,自動車・モビリティ,https://s.kabutan.jp/themes/%E8%87%AA%E5%8B%95%E8%BB%8A%E9%83%A8%E6%9D%90%E3%83%BB%E9%83%A8%E5%93%81/?market=all
8,6969,6969.T,6969.T,電気自動車関連,自動車・モビリティ,https://s.kabutan.jp/themes/%E9%9B%BB%E6%B0%97%E8%87%AA%E5%8B%95%E8%BB%8A%E9%96%A2%E9%80%A3/?market=all
8,6971,6971.T,京セラ,IoT,設備投資・機械,https://s.kabutan.jp/themes/IoT/?market=all
8,6971,6971.T,京セラ,スマートグリッド,データセンター・電力,https://s.kabutan.jp/themes/%E3%82%B9%E3%83%9E%E3%83%BC%E3%83%88%E3%82%B0%E3%83%AA%E3%83%83%E3%83%89/?market=all
8,6971,6971.T,京セラ,リチウムイオン電池,自動車・モビリティ,https://s.kabutan.jp/themes/%E3%83%AA%E3%83%81%E3%82%A6%E3%83%A0%E3%82%A4%E3%82%AA%E3%83%B3%E9%9B%BB%E6%B1%A0/?market=all
8,6971,6971.T,京セラ,全固体電池,自動車・モビリティ,https://s.kabutan.jp/themes/%E5%85%A8%E5%9B%BA%E4%BD%93%E9%9B%BB%E6%B1%A0/?market=all
8,6971,6971.T,京セラ,円安メリット,内需・消費,https://s.kabutan.jp/themes/%E5%86%86%E5%AE%89%E3%83%A1%E3%83%AA%E3%83%83%E3%83%88/?market=all
8,6971,6971.T,京セラ,医療機器,医療・ヘルスケア,https://s.kabutan.jp/themes/%E5%8C%BB%E7%99%82%E6%A9%9F%E5%99%A8/?market=all
8,6971,6971.T,京セラ,半導体,AI・半導体,https://s.kabutan.jp/themes/%E5%8D%8A%E5%B0%8E%E4%BD%93/?market=all
8,6971,6971.T,京セラ,半導体製造装置,AI・半導体,https://s.kabutan.jp/themes/%E5%8D%8A%E5%B0%8E%E4%BD%93%E8%A3%BD%E9%80%A0%E8%A3%85%E7%BD%AE/?market=all
8,6971,6971.T,京セラ,半導体部材・部品,AI・半導体,https://s.kabutan.jp/themes/%E5%8D%8A%E5%B0%8E%E4%BD%93%E9%83%A8%E6%9D%90%E3%83%BB%E9%83%A8%E5%93%81/?market=all
8,6971,6971.T,京セラ,自動車部材・部品,自動車・モビリティ,https://s.kabutan.jp/themes/%E8%87%AA%E5%8B%95%E8%BB%8A%E9%83%A8%E6%9D%90%E3%83%BB%E9%83%A8%E5%93%81/?market=all
8,6971,6971.T,京セラ,自動車電子化,自動車・モビリティ,https://s.kabutan.jp/themes/%E8%87%AA%E5%8B%95%E8%BB%8A%E9%9B%BB%E5%AD%90%E5%8C%96/?market=all
8,6971,6971.T,京セラ,自動運転車,自動車・モビリティ,https://s.kabutan.jp/themes/%E8%87%AA%E5%8B%95%E9%81%8B%E8%BB%A2%E8%BB%8A/?market=all
8,6971,6971.T,京セラ,蓄電池,GX・エネルギー,https://s.kabutan.jp/themes/%E8%93%84%E9%9B%BB%E6%B1%A0/?market=all
8,6976,6976.T,6976.T,全固体電池,自動車・モビリティ,https://s.kabutan.jp/themes/%E5%85%A8%E5%9B%BA%E4%BD%93%E9%9B%BB%E6%B1%A0/?market=all
8,6976,6976.T,6976.T,円安メリット,内需・消費,https://s.kabutan.jp/themes/%E5%86%86%E5%AE%89%E3%83%A1%E3%83%AA%E3%83%83%E3%83%88/?market=all
8,6977,6977.T,6977.T,自動車部材・部品,自動車・モビリティ,https://s.kabutan.jp/themes/%E8%87%AA%E5%8B%95%E8%BB%8A%E9%83%A8%E6%9D%90%E3%83%BB%E9%83%A8%E5%93%81/?market=all
8,6977,6977.T,6977.T,自動車電子化,自動車・モビリティ,https://s.kabutan.jp/themes/%E8%87%AA%E5%8B%95%E8%BB%8A%E9%9B%BB%E5%AD%90%E5%8C%96/?market=all
8,6981,6981.T,6981.T,IoT,設備投資・機械,https://s.kabutan.jp/themes/IoT/?market=all
8,6981,6981.T,6981.T,ドローン,防衛・国土強靱化,https://s.kabutan.jp/themes/%E3%83%89%E3%83%AD%E3%83%BC%E3%83%B3/?market=all
8,6981,6981.T,6981.T,リチウムイオン電池,自動車・モビリティ,https://s.kabutan.jp/themes/%E3%83%AA%E3%83%81%E3%82%A6%E3%83%A0%E3%82%A4%E3%82%AA%E3%83%B3%E9%9B%BB%E6%B1%A0/?market=all
8,6981,6981.T,6981.T,全固体電池,自動車・モビリティ,https://s.kabutan.jp/themes/%E5%85%A8%E5%9B%BA%E4%BD%93%E9%9B%BB%E6%B1%A0/?market=all
8,6981,6981.T,6981.T,円安メリット,内需・消費,https://s.kabutan.jp/themes/%E5%86%86%E5%AE%89%E3%83%A1%E3%83%AA%E3%83%83%E3%83%88/?market=all
8,6981,6981.T,6981.T,自動車部材・部品,自動車・モビリティ,https://s.kabutan.jp/themes/%E8%87%AA%E5%8B%95%E8%BB%8A%E9%83%A8%E6%9D%90%E3%83%BB%E9%83%A8%E5%93%81/?market=all
8,6981,6981.T,6981.T,自動車電子化,自動車・モビリティ,https://s.kabutan.jp/themes/%E8%87%AA%E5%8B%95%E8%BB%8A%E9%9B%BB%E5%AD%90%E5%8C%96/?market=all
8,6981,6981.T,6981.T,自動運転車,自動車・モビリティ,https://s.kabutan.jp/themes/%E8%87%AA%E5%8B%95%E9%81%8B%E8%BB%A2%E8%BB%8A/?market=all
8,6981,6981.T,6981.T,設備投資,設備投資・機械,https://s.kabutan.jp/themes/%E8%A8%AD%E5%82%99%E6%8A%95%E8%B3%87/?market=all
8,6981,6981.T,6981.T,電気自動車関連,自動車・モビリティ,https://s.kabutan.jp/themes/%E9%9B%BB%E6%B0%97%E8%87%AA%E5%8B%95%E8%BB%8A%E9%96%A2%E9%80%A3/?market=all
8,6982,6982.T,6982.T,自動車部材・部品,自動車・モビリティ,https://s.kabutan.jp/themes/%E8%87%AA%E5%8B%95%E8%BB%8A%E9%83%A8%E6%9D%90%E3%83%BB%E9%83%A8%E5%93%81/?market=all
8,6986,6986.T,6986.T,IoT,設備投資・機械,https://s.kabutan.jp/themes/IoT/?market=all
8,6986,6986.T,6986.T,ドローン,防衛・国土強靱化,https://s.kabutan.jp/themes/%E3%83%89%E3%83%AD%E3%83%BC%E3%83%B3/?market=all
8,6986,6986.T,6986.T,ロボット,AI・半導体,https://s.kabutan.jp/themes/%E3%83%AD%E3%83%9C%E3%83%83%E3%83%88/?market=all
8,6986,6986.T,6986.T,空飛ぶクルマ,自動車・モビリティ,https://s.kabutan.jp/themes/%E7%A9%BA%E9%A3%9B%E3%81%B6%E3%82%AF%E3%83%AB%E3%83%9E/?market=all
8,6986,6986.T,6986.T,自動車部材・部品,自動車・モビリティ,https://s.kabutan.jp/themes/%E8%87%AA%E5%8B%95%E8%BB%8A%E9%83%A8%E6%9D%90%E3%83%BB%E9%83%A8%E5%93%81/?market=all
8,6988,6988.T,日東電,バイオテクノロジー関連,医療・ヘルスケア,https://s.kabutan.jp/themes/%E3%83%90%E3%82%A4%E3%82%AA%E3%83%86%E3%82%AF%E3%83%8E%E3%83%AD%E3%82%B8%E3%83%BC%E9%96%A2%E9%80%A3/?market=all
8,6988,6988.T,日東電,光ファイバー,データセンター・電力,https://s.kabutan.jp/themes/%E5%85%89%E3%83%95%E3%82%A1%E3%82%A4%E3%83%90%E3%83%BC/?market=all
8,6988,6988.T,日東電,円安メリット,内需・消費,https://s.kabutan.jp/themes/%E5%86%86%E5%AE%89%E3%83%A1%E3%83%AA%E3%83%83%E3%83%88/?market=all
8,6988,6988.T,日東電,半導体部材・部品,AI・半導体,https://s.kabutan.jp/themes/%E5%8D%8A%E5%B0%8E%E4%BD%93%E9%83%A8%E6%9D%90%E3%83%BB%E9%83%A8%E5%93%81/?market=all
8,6988,6988.T,日東電,自動車部材・部品,自動車・モビリティ,https://s.kabutan.jp/themes/%E8%87%AA%E5%8B%95%E8%BB%8A%E9%83%A8%E6%9D%90%E3%83%BB%E9%83%A8%E5%93%81/?market=all
8,6988,6988.T,日東電,自動運転車,自動車・モビリティ,https://s.kabutan.jp/themes/%E8%87%AA%E5%8B%95%E9%81%8B%E8%BB%A2%E8%BB%8A/?market=all
8,6989,6989.T,6989.T,ドローン,防衛・国土強靱化,https://s.kabutan.jp/themes/%E3%83%89%E3%83%AD%E3%83%BC%E3%83%B3/?market=all
8,6989,6989.T,6989.T,空飛ぶクルマ,自動車・モビリティ,https://s.kabutan.jp/themes/%E7%A9%BA%E9%A3%9B%E3%81%B6%E3%82%AF%E3%83%AB%E3%83%9E/?market=all
8,6989,6989.T,6989.T,自動車電子化,自動車・モビリティ,https://s.kabutan.jp/themes/%E8%87%AA%E5%8B%95%E8%BB%8A%E9%9B%BB%E5%AD%90%E5%8C%96/?market=all
8,6989,6989.T,6989.T,自動運転車,自動車・モビリティ,https://s.kabutan.jp/themes/%E8%87%AA%E5%8B%95%E9%81%8B%E8%BB%A2%E8%BB%8A/?market=all
8,6993,6993.T,6993.T,インバウンド,内需・消費,https://s.kabutan.jp/themes/%E3%82%A4%E3%83%B3%E3%83%90%E3%82%A6%E3%83%B3%E3%83%89/?market=all
8,6993,6993.T,6993.T,円安メリット,内需・消費,https://s.kabutan.jp/themes/%E5%86%86%E5%AE%89%E3%83%A1%E3%83%AA%E3%83%83%E3%83%88/?market=all
8,6993,6993.T,6993.T,防衛,防衛・国土強靱化,https://s.kabutan.jp/themes/%E9%98%B2%E8%A1%9B/?market=all
8,6994,6994.T,指月電,データセンター,データセンター・電力,https://s.kabutan.jp/themes/%E3%83%87%E3%83%BC%E3%82%BF%E3%82%BB%E3%83%B3%E3%82%BF%E3%83%BC/?market=all
8,6994,6994.T,指月電,太陽光発電関連,GX・エネルギー,https://s.kabutan.jp/themes/%E5%A4%AA%E9%99%BD%E5%85%89%E7%99%BA%E9%9B%BB%E9%96%A2%E9%80%A3/?market=all
8,6994,6994.T,指月電,自動車部材・部品,自動車・モビリティ,https://s.kabutan.jp/themes/%E8%87%AA%E5%8B%95%E8%BB%8A%E9%83%A8%E6%9D%90%E3%83%BB%E9%83%A8%E5%93%81/?market=all
8,6994,6994.T,指月電,電力設備投資関連,データセンター・電力,https://s.kabutan.jp/themes/%E9%9B%BB%E5%8A%9B%E8%A8%AD%E5%82%99%E6%8A%95%E8%B3%87%E9%96%A2%E9%80%A3/?market=all
8,6994,6994.T,指月電,電気自動車関連,自動車・モビリティ,https://s.kabutan.jp/themes/%E9%9B%BB%E6%B0%97%E8%87%AA%E5%8B%95%E8%BB%8A%E9%96%A2%E9%80%A3/?market=all
8,6995,6995.T,6995.T,自動車部材・部品,自動車・モビリティ,https://s.kabutan.jp/themes/%E8%87%AA%E5%8B%95%E8%BB%8A%E9%83%A8%E6%9D%90%E3%83%BB%E9%83%A8%E5%93%81/?market=all
8,6995,6995.T,6995.T,自動車電子化,自動車・モビリティ,https://s.kabutan.jp/themes/%E8%87%AA%E5%8B%95%E8%BB%8A%E9%9B%BB%E5%AD%90%E5%8C%96/?market=all
8,6997,6997.T,6997.T,全固体電池,自動車・モビリティ,https://s.kabutan.jp/themes/%E5%85%A8%E5%9B%BA%E4%BD%93%E9%9B%BB%E6%B1%A0/?market=all
8,6997,6997.T,6997.T,円安メリット,内需・消費,https://s.kabutan.jp/themes/%E5%86%86%E5%AE%89%E3%83%A1%E3%83%AA%E3%83%83%E3%83%88/?market=all
8,6997,6997.T,6997.T,太陽光発電関連,GX・エネルギー,https://s.kabutan.jp/themes/%E5%A4%AA%E9%99%BD%E5%85%89%E7%99%BA%E9%9B%BB%E9%96%A2%E9%80%A3/?market=all
8,6997,6997.T,6997.T,自動車部材・部品,自動車・モビリティ,https://s.kabutan.jp/themes/%E8%87%AA%E5%8B%95%E8%BB%8A%E9%83%A8%E6%9D%90%E3%83%BB%E9%83%A8%E5%93%81/?market=all
8,6997,6997.T,6997.T,自動車電子化,自動車・モビリティ,https://s.kabutan.jp/themes/%E8%87%AA%E5%8B%95%E8%BB%8A%E9%9B%BB%E5%AD%90%E5%8C%96/?market=all
8,6997,6997.T,6997.T,蓄電池,GX・エネルギー,https://s.kabutan.jp/themes/%E8%93%84%E9%9B%BB%E6%B1%A0/?market=all
8,6998,6998.T,タングス,レアメタル,資源・素材,https://s.kabutan.jp/themes/%E3%83%AC%E3%82%A2%E3%83%A1%E3%82%BF%E3%83%AB/?market=all
8,6999,6999.T,6999.T,自動車部材・部品,自動車・モビリティ,https://s.kabutan.jp/themes/%E8%87%AA%E5%8B%95%E8%BB%8A%E9%83%A8%E6%9D%90%E3%83%BB%E9%83%A8%E5%93%81/?market=all
8,6999,6999.T,6999.T,自動車電子化,自動車・モビリティ,https://s.kabutan.jp/themes/%E8%87%AA%E5%8B%95%E8%BB%8A%E9%9B%BB%E5%AD%90%E5%8C%96/?market=all
8,7003,7003.T,三井Ｅ＆Ｓ,アンモニア,GX・エネルギー,https://s.kabutan.jp/themes/%E3%82%A2%E3%83%B3%E3%83%A2%E3%83%8B%E3%82%A2/?market=all
8,7003,7003.T,三井Ｅ＆Ｓ,レアアース,資源・素材,https://s.kabutan.jp/themes/%E3%83%AC%E3%82%A2%E3%82%A2%E3%83%BC%E3%82%B9/?market=all
8,7003,7003.T,三井Ｅ＆Ｓ,ロボット,AI・半導体,https://s.kabutan.jp/themes/%E3%83%AD%E3%83%9C%E3%83%83%E3%83%88/?market=all
8,7003,7003.T,三井Ｅ＆Ｓ,円安メリット,内需・消費,https://s.kabutan.jp/themes/%E5%86%86%E5%AE%89%E3%83%A1%E3%83%AA%E3%83%83%E3%83%88/?market=all
8,7003,7003.T,三井Ｅ＆Ｓ,機械,設備投資・機械,https://s.kabutan.jp/themes/%E6%A9%9F%E6%A2%B0/?market=all
8,7003,7003.T,三井Ｅ＆Ｓ,水素,GX・エネルギー,https://s.kabutan.jp/themes/%E6%B0%B4%E7%B4%A0/?market=all
8,7003,7003.T,三井Ｅ＆Ｓ,資源開発,資源・素材,https://s.kabutan.jp/themes/%E8%B3%87%E6%BA%90%E9%96%8B%E7%99%BA/?market=all
8,7003,7003.T,三井Ｅ＆Ｓ,風力発電,GX・エネルギー,https://s.kabutan.jp/themes/%E9%A2%A8%E5%8A%9B%E7%99%BA%E9%9B%BB/?market=all
8,7004,7004.T,7004.T,アンモニア,GX・エネルギー,https://s.kabutan.jp/themes/%E3%82%A2%E3%83%B3%E3%83%A2%E3%83%8B%E3%82%A2/?market=all
8,7004,7004.T,7004.T,原子力発電,GX・エネルギー,https://s.kabutan.jp/themes/%E5%8E%9F%E5%AD%90%E5%8A%9B%E7%99%BA%E9%9B%BB/?market=all
8,7004,7004.T,7004.T,宇宙開発関連,防衛・国土強靱化,https://s.kabutan.jp/themes/%E5%AE%87%E5%AE%99%E9%96%8B%E7%99%BA%E9%96%A2%E9%80%A3/?market=all
8,7004,7004.T,7004.T,機械,設備投資・機械,https://s.kabutan.jp/themes/%E6%A9%9F%E6%A2%B0/?market=all
8,7004,7004.T,7004.T,水素,GX・エネルギー,https://s.kabutan.jp/themes/%E6%B0%B4%E7%B4%A0/?market=all
8,7004,7004.T,7004.T,脱炭素,GX・エネルギー,https://s.kabutan.jp/themes/%E8%84%B1%E7%82%AD%E7%B4%A0/?market=all
8,7004,7004.T,7004.T,防災,防衛・国土強靱化,https://s.kabutan.jp/themes/%E9%98%B2%E7%81%BD/?market=all
8,7004,7004.T,7004.T,風力発電,GX・エネルギー,https://s.kabutan.jp/themes/%E9%A2%A8%E5%8A%9B%E7%99%BA%E9%9B%BB/?market=all
8,7011,7011.T,三菱重,3Dプリンター,設備投資・機械,https://s.kabutan.jp/themes/3D%E3%83%97%E3%83%AA%E3%83%B3%E3%82%BF%E3%83%BC/?market=all
8,7011,7011.T,三菱重,FA関連,設備投資・機械,https://s.kabutan.jp/themes/FA%E9%96%A2%E9%80%A3/?market=all
8,7011,7011.T,三菱重,アンモニア,GX・エネルギー,https://s.kabutan.jp/themes/%E3%82%A2%E3%83%B3%E3%83%A2%E3%83%8B%E3%82%A2/?market=all
8,7011,7011.T,三菱重,サーバー冷却,データセンター・電力,https://s.kabutan.jp/themes/%E3%82%B5%E3%83%BC%E3%83%90%E3%83%BC%E5%86%B7%E5%8D%B4/?market=all
8,7011,7011.T,三菱重,スマートグリッド,データセンター・電力,https://s.kabutan.jp/themes/%E3%82%B9%E3%83%9E%E3%83%BC%E3%83%88%E3%82%B0%E3%83%AA%E3%83%83%E3%83%89/?market=all
8,7011,7011.T,三菱重,データセンター,データセンター・電力,https://s.kabutan.jp/themes/%E3%83%87%E3%83%BC%E3%82%BF%E3%82%BB%E3%83%B3%E3%82%BF%E3%83%BC/?market=all
8,7011,7011.T,三菱重,ドローン,防衛・国土強靱化,https://s.kabutan.jp/themes/%E3%83%89%E3%83%AD%E3%83%BC%E3%83%B3/?market=all
8,7011,7011.T,三菱重,ロボット,AI・半導体,https://s.kabutan.jp/themes/%E3%83%AD%E3%83%9C%E3%83%83%E3%83%88/?market=all
8,7011,7011.T,三菱重,円安メリット,内需・消費,https://s.kabutan.jp/themes/%E5%86%86%E5%AE%89%E3%83%A1%E3%83%AA%E3%83%83%E3%83%88/?market=all
8,7011,7011.T,三菱重,医療機器,医療・ヘルスケア,https://s.kabutan.jp/themes/%E5%8C%BB%E7%99%82%E6%A9%9F%E5%99%A8/?market=all
8,7011,7011.T,三菱重,原子力発電,GX・エネルギー,https://s.kabutan.jp/themes/%E5%8E%9F%E5%AD%90%E5%8A%9B%E7%99%BA%E9%9B%BB/?market=all
8,7011,7011.T,三菱重,宇宙開発関連,防衛・国土強靱化,https://s.kabutan.jp/themes/%E5%AE%87%E5%AE%99%E9%96%8B%E7%99%BA%E9%96%A2%E9%80%A3/?market=all
8,7011,7011.T,三菱重,工作機械,設備投資・機械,https://s.kabutan.jp/themes/%E5%B7%A5%E4%BD%9C%E6%A9%9F%E6%A2%B0/?market=all
8,7011,7011.T,三菱重,核融合発電,GX・エネルギー,https://s.kabutan.jp/themes/%E6%A0%B8%E8%9E%8D%E5%90%88%E7%99%BA%E9%9B%BB/?market=all
8,7011,7011.T,三菱重,水素,GX・エネルギー,https://s.kabutan.jp/themes/%E6%B0%B4%E7%B4%A0/?market=all
8,7011,7011.T,三菱重,耐震化,防衛・国土強靱化,https://s.kabutan.jp/themes/%E8%80%90%E9%9C%87%E5%8C%96/?market=all
8,7011,7011.T,三菱重,脱炭素,GX・エネルギー,https://s.kabutan.jp/themes/%E8%84%B1%E7%82%AD%E7%B4%A0/?market=all
8,7011,7011.T,三菱重,自動車部材・部品,自動車・モビリティ,https://s.kabutan.jp/themes/%E8%87%AA%E5%8B%95%E8%BB%8A%E9%83%A8%E6%9D%90%E3%83%BB%E9%83%A8%E5%93%81/?market=all
8,7011,7011.T,三菱重,蓄電池,GX・エネルギー,https://s.kabutan.jp/themes/%E8%93%84%E9%9B%BB%E6%B1%A0/?market=all
8,7011,7011.T,三菱重,鉄道関連,物流・海運,https://s.kabutan.jp/themes/%E9%89%84%E9%81%93%E9%96%A2%E9%80%A3/?market=all
8,7011,7011.T,三菱重,防災,防衛・国土強靱化,https://s.kabutan.jp/themes/%E9%98%B2%E7%81%BD/?market=all
8,7011,7011.T,三菱重,防衛,防衛・国土強靱化,https://s.kabutan.jp/themes/%E9%98%B2%E8%A1%9B/?market=all
8,7011,7011.T,三菱重,電力設備投資関連,データセンター・電力,https://s.kabutan.jp/themes/%E9%9B%BB%E5%8A%9B%E8%A8%AD%E5%82%99%E6%8A%95%E8%B3%87%E9%96%A2%E9%80%A3/?market=all
8,7011,7011.T,三菱重,風力発電,GX・エネルギー,https://s.kabutan.jp/themes/%E9%A2%A8%E5%8A%9B%E7%99%BA%E9%9B%BB/?market=all
8,7012,7012.T,川重,3Dプリンター,設備投資・機械,https://s.kabutan.jp/themes/3D%E3%83%97%E3%83%AA%E3%83%B3%E3%82%BF%E3%83%BC/?market=all
8,7012,7012.T,川重,FA関連,設備投資・機械,https://s.kabutan.jp/themes/FA%E9%96%A2%E9%80%A3/?market=all
8,7012,7012.T,川重,IoT,設備投資・機械,https://s.kabutan.jp/themes/IoT/?market=all
8,7012,7012.T,川重,アンモニア,GX・エネルギー,https://s.kabutan.jp/themes/%E3%82%A2%E3%83%B3%E3%83%A2%E3%83%8B%E3%82%A2/?market=all
8,7012,7012.T,川重,スマートグリッド,データセンター・電力,https://s.kabutan.jp/themes/%E3%82%B9%E3%83%9E%E3%83%BC%E3%83%88%E3%82%B0%E3%83%AA%E3%83%83%E3%83%89/?market=all
8,7012,7012.T,川重,フィジカルAI,AI・半導体,https://s.kabutan.jp/themes/%E3%83%95%E3%82%A3%E3%82%B8%E3%82%AB%E3%83%ABAI/?market=all
8,7012,7012.T,川重,ロボット,AI・半導体,https://s.kabutan.jp/themes/%E3%83%AD%E3%83%9C%E3%83%83%E3%83%88/?market=all
8,7012,7012.T,川重,円安メリット,内需・消費,https://s.kabutan.jp/themes/%E5%86%86%E5%AE%89%E3%83%A1%E3%83%AA%E3%83%83%E3%83%88/?market=all
8,7012,7012.T,川重,再生医療,医療・ヘルスケア,https://s.kabutan.jp/themes/%E5%86%8D%E7%94%9F%E5%8C%BB%E7%99%82/?market=all
8,7012,7012.T,川重,宇宙開発関連,防衛・国土強靱化,https://s.kabutan.jp/themes/%E5%AE%87%E5%AE%99%E9%96%8B%E7%99%BA%E9%96%A2%E9%80%A3/?market=all
8,7012,7012.T,川重,建設機械,設備投資・機械,https://s.kabutan.jp/themes/%E5%BB%BA%E8%A8%AD%E6%A9%9F%E6%A2%B0/?market=all
8,7012,7012.T,川重,水素,GX・エネルギー,https://s.kabutan.jp/themes/%E6%B0%B4%E7%B4%A0/?market=all
8,7012,7012.T,川重,脱炭素,GX・エネルギー,https://s.kabutan.jp/themes/%E8%84%B1%E7%82%AD%E7%B4%A0/?market=all
8,7012,7012.T,川重,蓄電池,GX・エネルギー,https://s.kabutan.jp/themes/%E8%93%84%E9%9B%BB%E6%B1%A0/?market=all
8,7012,7012.T,川重,鉄道関連,物流・海運,https://s.kabutan.jp/themes/%E9%89%84%E9%81%93%E9%96%A2%E9%80%A3/?market=all
8,7012,7012.T,川重,防災,防衛・国土強靱化,https://s.kabutan.jp/themes/%E9%98%B2%E7%81%BD/?market=all
8,7012,7012.T,川重,防衛,防衛・国土強靱化,https://s.kabutan.jp/themes/%E9%98%B2%E8%A1%9B/?market=all
8,7012,7012.T,川重,風力発電,GX・エネルギー,https://s.kabutan.jp/themes/%E9%A2%A8%E5%8A%9B%E7%99%BA%E9%9B%BB/?market=all
8,7013,7013.T,7013.T,3Dプリンター,設備投資・機械,https://s.kabutan.jp/themes/3D%E3%83%97%E3%83%AA%E3%83%B3%E3%82%BF%E3%83%BC/?market=all
8,7013,7013.T,7013.T,アンモニア,GX・エネルギー,https://s.kabutan.jp/themes/%E3%82%A2%E3%83%B3%E3%83%A2%E3%83%8B%E3%82%A2/?market=all
8,7013,7013.T,7013.T,ドローン,防衛・国土強靱化,https://s.kabutan.jp/themes/%E3%83%89%E3%83%AD%E3%83%BC%E3%83%B3/?market=all
8,7013,7013.T,7013.T,リチウムイオン電池,自動車・モビリティ,https://s.kabutan.jp/themes/%E3%83%AA%E3%83%81%E3%82%A6%E3%83%A0%E3%82%A4%E3%82%AA%E3%83%B3%E9%9B%BB%E6%B1%A0/?market=all
8,7013,7013.T,7013.T,宇宙開発関連,防衛・国土強靱化,https://s.kabutan.jp/themes/%E5%AE%87%E5%AE%99%E9%96%8B%E7%99%BA%E9%96%A2%E9%80%A3/?market=all
8,7013,7013.T,7013.T,核融合発電,GX・エネルギー,https://s.kabutan.jp/themes/%E6%A0%B8%E8%9E%8D%E5%90%88%E7%99%BA%E9%9B%BB/?market=all
8,7013,7013.T,7013.T,水素,GX・エネルギー,https://s.kabutan.jp/themes/%E6%B0%B4%E7%B4%A0/?market=all
8,7013,7013.T,7013.T,脱炭素,GX・エネルギー,https://s.kabutan.jp/themes/%E8%84%B1%E7%82%AD%E7%B4%A0/?market=all
8,7013,7013.T,7013.T,自動車部材・部品,自動車・モビリティ,https://s.kabutan.jp/themes/%E8%87%AA%E5%8B%95%E8%BB%8A%E9%83%A8%E6%9D%90%E3%83%BB%E9%83%A8%E5%93%81/?market=all
8,7013,7013.T,7013.T,鉄道関連,物流・海運,https://s.kabutan.jp/themes/%E9%89%84%E9%81%93%E9%96%A2%E9%80%A3/?market=all
8,7013,7013.T,7013.T,防災,防衛・国土強靱化,https://s.kabutan.jp/themes/%E9%98%B2%E7%81%BD/?market=all
8,7013,7013.T,7013.T,防衛,防衛・国土強靱化,https://s.kabutan.jp/themes/%E9%98%B2%E8%A1%9B/?market=all
8,7013,7013.T,7013.T,風力発電,GX・エネルギー,https://s.kabutan.jp/themes/%E9%A2%A8%E5%8A%9B%E7%99%BA%E9%9B%BB/?market=all
8,7014,7014.T,7014.T,アンモニア,GX・エネルギー,https://s.kabutan.jp/themes/%E3%82%A2%E3%83%B3%E3%83%A2%E3%83%8B%E3%82%A2/?market=all
8,7014,7014.T,7014.T,円安メリット,内需・消費,https://s.kabutan.jp/themes/%E5%86%86%E5%AE%89%E3%83%A1%E3%83%AA%E3%83%83%E3%83%88/?market=all
8,7014,7014.T,7014.T,水素,GX・エネルギー,https://s.kabutan.jp/themes/%E6%B0%B4%E7%B4%A0/?market=all
8,7014,7014.T,7014.T,防衛,防衛・国土強靱化,https://s.kabutan.jp/themes/%E9%98%B2%E8%A1%9B/?market=all
8,7014,7014.T,7014.T,風力発電,GX・エネルギー,https://s.kabutan.jp/themes/%E9%A2%A8%E5%8A%9B%E7%99%BA%E9%9B%BB/?market=all
8,7018,7018.T,7018.T,円安メリット,内需・消費,https://s.kabutan.jp/themes/%E5%86%86%E5%AE%89%E3%83%A1%E3%83%AA%E3%83%83%E3%83%88/?market=all
8,7021,7021.T,ニッチツ,半導体部材・部品,AI・半導体,https://s.kabutan.jp/themes/%E5%8D%8A%E5%B0%8E%E4%BD%93%E9%83%A8%E6%9D%90%E3%83%BB%E9%83%A8%E5%93%81/?market=all
8,7021,7021.T,ニッチツ,機械,設備投資・機械,https://s.kabutan.jp/themes/%E6%A9%9F%E6%A2%B0/?market=all
8,7022,7022.T,7022.T,下水道,防衛・国土強靱化,https://s.kabutan.jp/themes/%E4%B8%8B%E6%B0%B4%E9%81%93/?market=all
8,7022,7022.T,7022.T,機械,設備投資・機械,https://s.kabutan.jp/themes/%E6%A9%9F%E6%A2%B0/?market=all
8,7030,7030.T,7030.T,教育ICT,デジタル・サービス,https://s.kabutan.jp/themes/%E6%95%99%E8%82%B2ICT/?market=all
8,7031,7031.T,7031.T,インバウンド,内需・消費,https://s.kabutan.jp/themes/%E3%82%A4%E3%83%B3%E3%83%90%E3%82%A6%E3%83%B3%E3%83%89/?market=all
8,7031,7031.T,7031.T,サブスクリプション,デジタル・サービス,https://s.kabutan.jp/themes/%E3%82%B5%E3%83%96%E3%82%B9%E3%82%AF%E3%83%AA%E3%83%97%E3%82%B7%E3%83%A7%E3%83%B3/?market=all
8,7031,7031.T,7031.T,生成AI,AI・半導体,https://s.kabutan.jp/themes/%E7%94%9F%E6%88%90AI/?market=all
8,7033,7033.T,7033.T,デジタルトランスフォーメーション,デジタル・サービス,https://s.kabutan.jp/themes/%E3%83%87%E3%82%B8%E3%82%BF%E3%83%AB%E3%83%88%E3%83%A9%E3%83%B3%E3%82%B9%E3%83%95%E3%82%A9%E3%83%BC%E3%83%A1%E3%83%BC%E3%82%B7%E3%83%A7%E3%83%B3/?market=all
8,7034,7034.T,プロレド,人工知能,AI・半導体,https://s.kabutan.jp/themes/%E4%BA%BA%E5%B7%A5%E7%9F%A5%E8%83%BD/?market=all
8,7035,7035.T,7035.T,IoT,設備投資・機械,https://s.kabutan.jp/themes/IoT/?market=all
8,7035,7035.T,7035.T,インバウンド,内需・消費,https://s.kabutan.jp/themes/%E3%82%A4%E3%83%B3%E3%83%90%E3%82%A6%E3%83%B3%E3%83%89/?market=all
8,7035,7035.T,7035.T,ゲーム関連,デジタル・サービス,https://s.kabutan.jp/themes/%E3%82%B2%E3%83%BC%E3%83%A0%E9%96%A2%E9%80%A3/?market=all
8,7035,7035.T,7035.T,ホテル,内需・消費,https://s.kabutan.jp/themes/%E3%83%9B%E3%83%86%E3%83%AB/?market=all
8,7037,7037.T,7037.T,介護関連,医療・ヘルスケア,https://s.kabutan.jp/themes/%E4%BB%8B%E8%AD%B7%E9%96%A2%E9%80%A3/?market=all
8,7037,7037.T,7037.T,保険,金融・金利,https://s.kabutan.jp/themes/%E4%BF%9D%E9%99%BA/?market=all
8,7038,7038.T,7038.T,デジタルトランスフォーメーション,デジタル・サービス,https://s.kabutan.jp/themes/%E3%83%87%E3%82%B8%E3%82%BF%E3%83%AB%E3%83%88%E3%83%A9%E3%83%B3%E3%82%B9%E3%83%95%E3%82%A9%E3%83%BC%E3%83%A1%E3%83%BC%E3%82%B7%E3%83%A7%E3%83%B3/?market=all
8,7039,7039.T,ブリッジ－Ｇ,IT関連,デジタル・サービス,https://s.kabutan.jp/themes/IT%E9%96%A2%E9%80%A3/?market=all
8,7039,7039.T,ブリッジ－Ｇ,クラウドコンピューティング,デジタル・サービス,https://s.kabutan.jp/themes/%E3%82%AF%E3%83%A9%E3%82%A6%E3%83%89%E3%82%B3%E3%83%B3%E3%83%94%E3%83%A5%E3%83%BC%E3%83%86%E3%82%A3%E3%83%B3%E3%82%B0/?market=all
8,7039,7039.T,ブリッジ－Ｇ,人工知能,AI・半導体,https://s.kabutan.jp/themes/%E4%BA%BA%E5%B7%A5%E7%9F%A5%E8%83%BD/?market=all
8,7040,7040.T,7040.T,ホテル,内需・消費,https://s.kabutan.jp/themes/%E3%83%9B%E3%83%86%E3%83%AB/?market=all
8,7040,7040.T,7040.T,介護関連,医療・ヘルスケア,https://s.kabutan.jp/themes/%E4%BB%8B%E8%AD%B7%E9%96%A2%E9%80%A3/?market=all
8,7040,7040.T,7040.T,保険,金融・金利,https://s.kabutan.jp/themes/%E4%BF%9D%E9%99%BA/?market=all
8,7041,7041.T,ＣＲＧＨＤ,人工知能,AI・半導体,https://s.kabutan.jp/themes/%E4%BA%BA%E5%B7%A5%E7%9F%A5%E8%83%BD/?market=all
8,7044,7044.T,ピアラ,IT関連,デジタル・サービス,https://s.kabutan.jp/themes/IT%E9%96%A2%E9%80%A3/?market=all
8,7044,7044.T,ピアラ,eコマース,内需・消費,https://s.kabutan.jp/themes/e%E3%82%B3%E3%83%9E%E3%83%BC%E3%82%B9/?market=all
8,7044,7044.T,ピアラ,人工知能,AI・半導体,https://s.kabutan.jp/themes/%E4%BA%BA%E5%B7%A5%E7%9F%A5%E8%83%BD/?market=all
8,7046,7046.T,ＴＤＳＥ,AIエージェント,AI・半導体,https://s.kabutan.jp/themes/AI%E3%82%A8%E3%83%BC%E3%82%B8%E3%82%A7%E3%83%B3%E3%83%88/?market=all
8,7046,7046.T,ＴＤＳＥ,IT関連,デジタル・サービス,https://s.kabutan.jp/themes/IT%E9%96%A2%E9%80%A3/?market=all
8,7046,7046.T,ＴＤＳＥ,IoT,設備投資・機械,https://s.kabutan.jp/themes/IoT/?market=all
8,7046,7046.T,ＴＤＳＥ,サブスクリプション,デジタル・サービス,https://s.kabutan.jp/themes/%E3%82%B5%E3%83%96%E3%82%B9%E3%82%AF%E3%83%AA%E3%83%97%E3%82%B7%E3%83%A7%E3%83%B3/?market=all
8,7046,7046.T,ＴＤＳＥ,デジタルトランスフォーメーション,デジタル・サービス,https://s.kabutan.jp/themes/%E3%83%87%E3%82%B8%E3%82%BF%E3%83%AB%E3%83%88%E3%83%A9%E3%83%B3%E3%82%B9%E3%83%95%E3%82%A9%E3%83%BC%E3%83%A1%E3%83%BC%E3%82%B7%E3%83%A7%E3%83%B3/?market=all
8,7046,7046.T,ＴＤＳＥ,データ分析・解析,AI・半導体,https://s.kabutan.jp/themes/%E3%83%87%E3%83%BC%E3%82%BF%E5%88%86%E6%9E%90%E3%83%BB%E8%A7%A3%E6%9E%90/?market=all
8,7046,7046.T,ＴＤＳＥ,人工知能,AI・半導体,https://s.kabutan.jp/themes/%E4%BA%BA%E5%B7%A5%E7%9F%A5%E8%83%BD/?market=all
8,7046,7046.T,ＴＤＳＥ,生成AI,AI・半導体,https://s.kabutan.jp/themes/%E7%94%9F%E6%88%90AI/?market=all
8,7046,7046.T,ＴＤＳＥ,自動運転車,自動車・モビリティ,https://s.kabutan.jp/themes/%E8%87%AA%E5%8B%95%E9%81%8B%E8%BB%A2%E8%BB%8A/?market=all
8,7046,7046.T,ＴＤＳＥ,遠隔医療,医療・ヘルスケア,https://s.kabutan.jp/themes/%E9%81%A0%E9%9A%94%E5%8C%BB%E7%99%82/?market=all
8,7047,7047.T,ポート,AIエージェント,AI・半導体,https://s.kabutan.jp/themes/AI%E3%82%A8%E3%83%BC%E3%82%B8%E3%82%A7%E3%83%B3%E3%83%88/?market=all
8,7047,7047.T,ポート,IT関連,デジタル・サービス,https://s.kabutan.jp/themes/IT%E9%96%A2%E9%80%A3/?market=all
8,7047,7047.T,ポート,デジタルトランスフォーメーション,デジタル・サービス,https://s.kabutan.jp/themes/%E3%83%87%E3%82%B8%E3%82%BF%E3%83%AB%E3%83%88%E3%83%A9%E3%83%B3%E3%82%B9%E3%83%95%E3%82%A9%E3%83%BC%E3%83%A1%E3%83%BC%E3%82%B7%E3%83%A7%E3%83%B3/?market=all
8,7047,7047.T,ポート,データ分析・解析,AI・半導体,https://s.kabutan.jp/themes/%E3%83%87%E3%83%BC%E3%82%BF%E5%88%86%E6%9E%90%E3%83%BB%E8%A7%A3%E6%9E%90/?market=all
8,7047,7047.T,ポート,人工知能,AI・半導体,https://s.kabutan.jp/themes/%E4%BA%BA%E5%B7%A5%E7%9F%A5%E8%83%BD/?market=all
8,7047,7047.T,ポート,再生可能エネルギー,GX・エネルギー,https://s.kabutan.jp/themes/%E5%86%8D%E7%94%9F%E5%8F%AF%E8%83%BD%E3%82%A8%E3%83%8D%E3%83%AB%E3%82%AE%E3%83%BC/?market=all
8,7047,7047.T,ポート,生成AI,AI・半導体,https://s.kabutan.jp/themes/%E7%94%9F%E6%88%90AI/?market=all
8,7047,7047.T,ポート,蓄電池,GX・エネルギー,https://s.kabutan.jp/themes/%E8%93%84%E9%9B%BB%E6%B1%A0/?market=all
8,7048,7048.T,7048.T,インバウンド,内需・消費,https://s.kabutan.jp/themes/%E3%82%A4%E3%83%B3%E3%83%90%E3%82%A6%E3%83%B3%E3%83%89/?market=all
8,7048,7048.T,7048.T,旅行,内需・消費,https://s.kabutan.jp/themes/%E6%97%85%E8%A1%8C/?market=all
8,7049,7049.T,7049.T,クラウドコンピューティング,デジタル・サービス,https://s.kabutan.jp/themes/%E3%82%AF%E3%83%A9%E3%82%A6%E3%83%89%E3%82%B3%E3%83%B3%E3%83%94%E3%83%A5%E3%83%BC%E3%83%86%E3%82%A3%E3%83%B3%E3%82%B0/?market=all
8,7049,7049.T,7049.T,デジタルトランスフォーメーション,デジタル・サービス,https://s.kabutan.jp/themes/%E3%83%87%E3%82%B8%E3%82%BF%E3%83%AB%E3%83%88%E3%83%A9%E3%83%B3%E3%82%B9%E3%83%95%E3%82%A9%E3%83%BC%E3%83%A1%E3%83%BC%E3%82%B7%E3%83%A7%E3%83%B3/?market=all
8,7057,7057.T,7057.T,住宅関連,不動産・建設,https://s.kabutan.jp/themes/%E4%BD%8F%E5%AE%85%E9%96%A2%E9%80%A3/?market=all
8,7057,7057.T,7057.T,国土強靱化,防衛・国土強靱化,https://s.kabutan.jp/themes/%E5%9B%BD%E5%9C%9F%E5%BC%B7%E9%9D%B1%E5%8C%96/?market=all
8,7057,7057.T,7057.T,耐震化,防衛・国土強靱化,https://s.kabutan.jp/themes/%E8%80%90%E9%9C%87%E5%8C%96/?market=all
8,7058,7058.T,7058.T,建設,不動産・建設,https://s.kabutan.jp/themes/%E5%BB%BA%E8%A8%AD/?market=all
8,7059,7059.T,7059.T,建設,不動産・建設,https://s.kabutan.jp/themes/%E5%BB%BA%E8%A8%AD/?market=all
8,7060,7060.T,7060.T,IT関連,デジタル・サービス,https://s.kabutan.jp/themes/IT%E9%96%A2%E9%80%A3/?market=all
8,7060,7060.T,7060.T,SaaS,デジタル・サービス,https://s.kabutan.jp/themes/SaaS/?market=all
8,7060,7060.T,7060.T,デジタルトランスフォーメーション,デジタル・サービス,https://s.kabutan.jp/themes/%E3%83%87%E3%82%B8%E3%82%BF%E3%83%AB%E3%83%88%E3%83%A9%E3%83%B3%E3%82%B9%E3%83%95%E3%82%A9%E3%83%BC%E3%83%A1%E3%83%BC%E3%82%B7%E3%83%A7%E3%83%B3/?market=all
8,7061,7061.T,7061.T,ホームヘルスケア,医療・ヘルスケア,https://s.kabutan.jp/themes/%E3%83%9B%E3%83%BC%E3%83%A0%E3%83%98%E3%83%AB%E3%82%B9%E3%82%B1%E3%82%A2/?market=all
8,7061,7061.T,7061.T,介護関連,医療・ヘルスケア,https://s.kabutan.jp/themes/%E4%BB%8B%E8%AD%B7%E9%96%A2%E9%80%A3/?market=all
8,7062,7062.T,7062.T,ホームヘルスケア,医療・ヘルスケア,https://s.kabutan.jp/themes/%E3%83%9B%E3%83%BC%E3%83%A0%E3%83%98%E3%83%AB%E3%82%B9%E3%82%B1%E3%82%A2/?market=all
8,7062,7062.T,7062.T,介護関連,医療・ヘルスケア,https://s.kabutan.jp/themes/%E4%BB%8B%E8%AD%B7%E9%96%A2%E9%80%A3/?market=all
8,7063,7063.T,7063.T,蓄電池,GX・エネルギー,https://s.kabutan.jp/themes/%E8%93%84%E9%9B%BB%E6%B1%A0/?market=all
8,7064,7064.T,7064.T,IT関連,デジタル・サービス,https://s.kabutan.jp/themes/IT%E9%96%A2%E9%80%A3/?market=all
8,7065,7065.T,7065.T,IoT,設備投資・機械,https://s.kabutan.jp/themes/IoT/?market=all
8,7065,7065.T,7065.T,SaaS,デジタル・サービス,https://s.kabutan.jp/themes/SaaS/?market=all
8,7065,7065.T,7065.T,クラウドコンピューティング,デジタル・サービス,https://s.kabutan.jp/themes/%E3%82%AF%E3%83%A9%E3%82%A6%E3%83%89%E3%82%B3%E3%83%B3%E3%83%94%E3%83%A5%E3%83%BC%E3%83%86%E3%82%A3%E3%83%B3%E3%82%B0/?market=all
8,7065,7065.T,7065.T,サービスロボット,設備投資・機械,https://s.kabutan.jp/themes/%E3%82%B5%E3%83%BC%E3%83%93%E3%82%B9%E3%83%AD%E3%83%9C%E3%83%83%E3%83%88/?market=all
8,7065,7065.T,7065.T,物流,物流・海運,https://s.kabutan.jp/themes/%E7%89%A9%E6%B5%81/?market=all
8,7065,7065.T,7065.T,物流テック,設備投資・機械,https://s.kabutan.jp/themes/%E7%89%A9%E6%B5%81%E3%83%86%E3%83%83%E3%82%AF/?market=all
8,7067,7067.T,7067.T,デジタルトランスフォーメーション,デジタル・サービス,https://s.kabutan.jp/themes/%E3%83%87%E3%82%B8%E3%82%BF%E3%83%AB%E3%83%88%E3%83%A9%E3%83%B3%E3%82%B9%E3%83%95%E3%82%A9%E3%83%BC%E3%83%A1%E3%83%BC%E3%82%B7%E3%83%A7%E3%83%B3/?market=all
8,7068,7068.T,ＦフォースＧ,IT関連,デジタル・サービス,https://s.kabutan.jp/themes/IT%E9%96%A2%E9%80%A3/?market=all
8,7068,7068.T,ＦフォースＧ,SaaS,デジタル・サービス,https://s.kabutan.jp/themes/SaaS/?market=all
8,7068,7068.T,ＦフォースＧ,eコマース,内需・消費,https://s.kabutan.jp/themes/e%E3%82%B3%E3%83%9E%E3%83%BC%E3%82%B9/?market=all
8,7068,7068.T,ＦフォースＧ,デジタルトランスフォーメーション,デジタル・サービス,https://s.kabutan.jp/themes/%E3%83%87%E3%82%B8%E3%82%BF%E3%83%AB%E3%83%88%E3%83%A9%E3%83%B3%E3%82%B9%E3%83%95%E3%82%A9%E3%83%BC%E3%83%A1%E3%83%BC%E3%82%B7%E3%83%A7%E3%83%B3/?market=all
8,7068,7068.T,ＦフォースＧ,データベース,デジタル・サービス,https://s.kabutan.jp/themes/%E3%83%87%E3%83%BC%E3%82%BF%E3%83%99%E3%83%BC%E3%82%B9/?market=all
8,7071,7071.T,7071.T,ホームヘルスケア,医療・ヘルスケア,https://s.kabutan.jp/themes/%E3%83%9B%E3%83%BC%E3%83%A0%E3%83%98%E3%83%AB%E3%82%B9%E3%82%B1%E3%82%A2/?market=all
8,7071,7071.T,7071.T,介護関連,医療・ヘルスケア,https://s.kabutan.jp/themes/%E4%BB%8B%E8%AD%B7%E9%96%A2%E9%80%A3/?market=all
8,7072,7072.T,インテＭ,IT関連,デジタル・サービス,https://s.kabutan.jp/themes/IT%E9%96%A2%E9%80%A3/?market=all
8,7072,7072.T,インテＭ,データベース,デジタル・サービス,https://s.kabutan.jp/themes/%E3%83%87%E3%83%BC%E3%82%BF%E3%83%99%E3%83%BC%E3%82%B9/?market=all
8,7072,7072.T,インテＭ,生成AI,AI・半導体,https://s.kabutan.jp/themes/%E7%94%9F%E6%88%90AI/?market=all
8,7073,7073.T,ジェイック,IoT,設備投資・機械,https://s.kabutan.jp/themes/IoT/?market=all
8,7073,7073.T,ジェイック,デジタルトランスフォーメーション,デジタル・サービス,https://s.kabutan.jp/themes/%E3%83%87%E3%82%B8%E3%82%BF%E3%83%AB%E3%83%88%E3%83%A9%E3%83%B3%E3%82%B9%E3%83%95%E3%82%A9%E3%83%BC%E3%83%A1%E3%83%BC%E3%82%B7%E3%83%A7%E3%83%B3/?market=all
8,7073,7073.T,ジェイック,人工知能,AI・半導体,https://s.kabutan.jp/themes/%E4%BA%BA%E5%B7%A5%E7%9F%A5%E8%83%BD/?market=all
8,7073,7073.T,ジェイック,生成AI,AI・半導体,https://s.kabutan.jp/themes/%E7%94%9F%E6%88%90AI/?market=all
8,7075,7075.T,7075.T,介護関連,医療・ヘルスケア,https://s.kabutan.jp/themes/%E4%BB%8B%E8%AD%B7%E9%96%A2%E9%80%A3/?market=all
8,7077,7077.T,7077.T,防災,防衛・国土強靱化,https://s.kabutan.jp/themes/%E9%98%B2%E7%81%BD/?market=all
8,7078,7078.T,ＩＮＣＨＤ,デジタルトランスフォーメーション,デジタル・サービス,https://s.kabutan.jp/themes/%E3%83%87%E3%82%B8%E3%82%BF%E3%83%AB%E3%83%88%E3%83%A9%E3%83%B3%E3%82%B9%E3%83%95%E3%82%A9%E3%83%BC%E3%83%A1%E3%83%BC%E3%82%B7%E3%83%A7%E3%83%B3/?market=all
8,7078,7078.T,ＩＮＣＨＤ,人工知能,AI・半導体,https://s.kabutan.jp/themes/%E4%BA%BA%E5%B7%A5%E7%9F%A5%E8%83%BD/?market=all
8,7078,7078.T,ＩＮＣＨＤ,外食,内需・消費,https://s.kabutan.jp/themes/%E5%A4%96%E9%A3%9F/?market=all
8,7078,7078.T,ＩＮＣＨＤ,宇宙開発関連,防衛・国土強靱化,https://s.kabutan.jp/themes/%E5%AE%87%E5%AE%99%E9%96%8B%E7%99%BA%E9%96%A2%E9%80%A3/?market=all
8,7078,7078.T,ＩＮＣＨＤ,防災,防衛・国土強靱化,https://s.kabutan.jp/themes/%E9%98%B2%E7%81%BD/?market=all
8,7079,7079.T,7079.T,創薬,医療・ヘルスケア,https://s.kabutan.jp/themes/%E5%89%B5%E8%96%AC/?market=all
8,7079,7079.T,7079.T,医薬品関連,医療・ヘルスケア,https://s.kabutan.jp/themes/%E5%8C%BB%E8%96%AC%E5%93%81%E9%96%A2%E9%80%A3/?market=all
8,7081,7081.T,7081.T,マンション関連,不動産・建設,https://s.kabutan.jp/themes/%E3%83%9E%E3%83%B3%E3%82%B7%E3%83%A7%E3%83%B3%E9%96%A2%E9%80%A3/?market=all
8,7083,7083.T,7083.T,介護関連,医療・ヘルスケア,https://s.kabutan.jp/themes/%E4%BB%8B%E8%AD%B7%E9%96%A2%E9%80%A3/?market=all
8,7083,7083.T,7083.T,外食,内需・消費,https://s.kabutan.jp/themes/%E5%A4%96%E9%A3%9F/?market=all
8,7087,7087.T,7087.T,ロボット,AI・半導体,https://s.kabutan.jp/themes/%E3%83%AD%E3%83%9C%E3%83%83%E3%83%88/?market=all
8,7087,7087.T,7087.T,太陽光発電関連,GX・エネルギー,https://s.kabutan.jp/themes/%E5%A4%AA%E9%99%BD%E5%85%89%E7%99%BA%E9%9B%BB%E9%96%A2%E9%80%A3/?market=all
8,7087,7087.T,7087.T,蓄電池,GX・エネルギー,https://s.kabutan.jp/themes/%E8%93%84%E9%9B%BB%E6%B1%A0/?market=all
8,7090,7090.T,7090.T,保険,金融・金利,https://s.kabutan.jp/themes/%E4%BF%9D%E9%99%BA/?market=all
8,7091,7091.T,7091.T,介護関連,医療・ヘルスケア,https://s.kabutan.jp/themes/%E4%BB%8B%E8%AD%B7%E9%96%A2%E9%80%A3/?market=all
8,7093,7093.T,7093.T,IT関連,デジタル・サービス,https://s.kabutan.jp/themes/IT%E9%96%A2%E9%80%A3/?market=all
8,7093,7093.T,7093.T,MaaS,自動車・モビリティ,https://s.kabutan.jp/themes/MaaS/?market=all
8,7093,7093.T,7093.T,サイバーセキュリティ,防衛・国土強靱化,https://s.kabutan.jp/themes/%E3%82%B5%E3%82%A4%E3%83%90%E3%83%BC%E3%82%BB%E3%82%AD%E3%83%A5%E3%83%AA%E3%83%86%E3%82%A3/?market=all
8,7093,7093.T,7093.T,フィンテック,金融・金利,https://s.kabutan.jp/themes/%E3%83%95%E3%82%A3%E3%83%B3%E3%83%86%E3%83%83%E3%82%AF/?market=all
8,7093,7093.T,7093.T,教育ICT,デジタル・サービス,https://s.kabutan.jp/themes/%E6%95%99%E8%82%B2ICT/?market=all
8,7095,7095.T,マクビープラ,IT関連,デジタル・サービス,https://s.kabutan.jp/themes/IT%E9%96%A2%E9%80%A3/?market=all
8,7095,7095.T,マクビープラ,SaaS,デジタル・サービス,https://s.kabutan.jp/themes/SaaS/?market=all
8,7095,7095.T,マクビープラ,eコマース,内需・消費,https://s.kabutan.jp/themes/e%E3%82%B3%E3%83%9E%E3%83%BC%E3%82%B9/?market=all
8,7095,7095.T,マクビープラ,サブスクリプション,デジタル・サービス,https://s.kabutan.jp/themes/%E3%82%B5%E3%83%96%E3%82%B9%E3%82%AF%E3%83%AA%E3%83%97%E3%82%B7%E3%83%A7%E3%83%B3/?market=all
8,7095,7095.T,マクビープラ,デジタルトランスフォーメーション,デジタル・サービス,https://s.kabutan.jp/themes/%E3%83%87%E3%82%B8%E3%82%BF%E3%83%AB%E3%83%88%E3%83%A9%E3%83%B3%E3%82%B9%E3%83%95%E3%82%A9%E3%83%BC%E3%83%A1%E3%83%BC%E3%82%B7%E3%83%A7%E3%83%B3/?market=all
8,7095,7095.T,マクビープラ,データ分析・解析,AI・半導体,https://s.kabutan.jp/themes/%E3%83%87%E3%83%BC%E3%82%BF%E5%88%86%E6%9E%90%E3%83%BB%E8%A7%A3%E6%9E%90/?market=all
8,7095,7095.T,マクビープラ,人工知能,AI・半導体,https://s.kabutan.jp/themes/%E4%BA%BA%E5%B7%A5%E7%9F%A5%E8%83%BD/?market=all
8,7096,7096.T,7096.T,再生医療,医療・ヘルスケア,https://s.kabutan.jp/themes/%E5%86%8D%E7%94%9F%E5%8C%BB%E7%99%82/?market=all
8,7096,7096.T,7096.T,医薬品関連,医療・ヘルスケア,https://s.kabutan.jp/themes/%E5%8C%BB%E8%96%AC%E5%93%81%E9%96%A2%E9%80%A3/?market=all
8,7097,7097.T,7097.T,不動産関連,不動産・建設,https://s.kabutan.jp/themes/%E4%B8%8D%E5%8B%95%E7%94%A3%E9%96%A2%E9%80%A3/?market=all
8,7102,7102.T,7102.T,建設機械,設備投資・機械,https://s.kabutan.jp/themes/%E5%BB%BA%E8%A8%AD%E6%A9%9F%E6%A2%B0/?market=all
8,7102,7102.T,7102.T,鉄道関連,物流・海運,https://s.kabutan.jp/themes/%E9%89%84%E9%81%93%E9%96%A2%E9%80%A3/?market=all
8,7110,7110.T,7110.T,eコマース,内需・消費,https://s.kabutan.jp/themes/e%E3%82%B3%E3%83%9E%E3%83%BC%E3%82%B9/?market=all
8,7111,7111.T,7111.T,サブスクリプション,デジタル・サービス,https://s.kabutan.jp/themes/%E3%82%B5%E3%83%96%E3%82%B9%E3%82%AF%E3%83%AA%E3%83%97%E3%82%B7%E3%83%A7%E3%83%B3/?market=all
8,7111,7111.T,7111.T,保険,金融・金利,https://s.kabutan.jp/themes/%E4%BF%9D%E9%99%BA/?market=all
8,7111,7111.T,7111.T,電力会社,データセンター・電力,https://s.kabutan.jp/themes/%E9%9B%BB%E5%8A%9B%E4%BC%9A%E7%A4%BE/?market=all
8,7112,7112.T,7112.T,eコマース,内需・消費,https://s.kabutan.jp/themes/e%E3%82%B3%E3%83%9E%E3%83%BC%E3%82%B9/?market=all
8,7112,7112.T,7112.T,小売り,内需・消費,https://s.kabutan.jp/themes/%E5%B0%8F%E5%A3%B2%E3%82%8A/?market=all
8,7114,7114.T,7114.T,eコマース,内需・消費,https://s.kabutan.jp/themes/e%E3%82%B3%E3%83%9E%E3%83%BC%E3%82%B9/?market=all
8,7114,7114.T,7114.T,デジタルトランスフォーメーション,デジタル・サービス,https://s.kabutan.jp/themes/%E3%83%87%E3%82%B8%E3%82%BF%E3%83%AB%E3%83%88%E3%83%A9%E3%83%B3%E3%82%B9%E3%83%95%E3%82%A9%E3%83%BC%E3%83%A1%E3%83%BC%E3%82%B7%E3%83%A7%E3%83%B3/?market=all
8,7114,7114.T,7114.T,外食,内需・消費,https://s.kabutan.jp/themes/%E5%A4%96%E9%A3%9F/?market=all
8,7115,7115.T,7115.T,eコマース,内需・消費,https://s.kabutan.jp/themes/e%E3%82%B3%E3%83%9E%E3%83%BC%E3%82%B9/?market=all
8,7118,7118.T,,外食,内需・消費,https://s.kabutan.jp/themes/%E5%A4%96%E9%A3%9F/?market=all
8,7118,7118.T,,小売り,内需・消費,https://s.kabutan.jp/themes/%E5%B0%8F%E5%A3%B2%E3%82%8A/?market=all
8,7119,7119.T,7119.T,eコマース,内需・消費,https://s.kabutan.jp/themes/e%E3%82%B3%E3%83%9E%E3%83%BC%E3%82%B9/?market=all
8,7119,7119.T,7119.T,小売り,内需・消費,https://s.kabutan.jp/themes/%E5%B0%8F%E5%A3%B2%E3%82%8A/?market=all
8,7120,7120.T,7120.T,IT関連,デジタル・サービス,https://s.kabutan.jp/themes/IT%E9%96%A2%E9%80%A3/?market=all
8,7122,7122.T,7122.T,鉄道関連,物流・海運,https://s.kabutan.jp/themes/%E9%89%84%E9%81%93%E9%96%A2%E9%80%A3/?market=all
8,7126,7126.T,7126.T,小売り,内需・消費,https://s.kabutan.jp/themes/%E5%B0%8F%E5%A3%B2%E3%82%8A/?market=all
8,7127,7127.T,7127.T,外食,内需・消費,https://s.kabutan.jp/themes/%E5%A4%96%E9%A3%9F/?market=all
8,7128,7128.T,7128.T,FA関連,設備投資・機械,https://s.kabutan.jp/themes/FA%E9%96%A2%E9%80%A3/?market=all
8,7128,7128.T,7128.T,工作機械,設備投資・機械,https://s.kabutan.jp/themes/%E5%B7%A5%E4%BD%9C%E6%A9%9F%E6%A2%B0/?market=all
8,7128,7128.T,7128.T,建設機械,設備投資・機械,https://s.kabutan.jp/themes/%E5%BB%BA%E8%A8%AD%E6%A9%9F%E6%A2%B0/?market=all
8,7128,7128.T,7128.T,自動車製造装置,自動車・モビリティ,https://s.kabutan.jp/themes/%E8%87%AA%E5%8B%95%E8%BB%8A%E8%A3%BD%E9%80%A0%E8%A3%85%E7%BD%AE/?market=all
8,7128,7128.T,7128.T,防災,防衛・国土強靱化,https://s.kabutan.jp/themes/%E9%98%B2%E7%81%BD/?market=all
8,7129,7129.T,7129.T,介護関連,医療・ヘルスケア,https://s.kabutan.jp/themes/%E4%BB%8B%E8%AD%B7%E9%96%A2%E9%80%A3/?market=all
8,7129,7129.T,7129.T,宅配,物流・海運,https://s.kabutan.jp/themes/%E5%AE%85%E9%85%8D/?market=all
8,7130,7130.T,7130.T,物流,物流・海運,https://s.kabutan.jp/themes/%E7%89%A9%E6%B5%81/?market=all
8,7130,7130.T,7130.T,食品,内需・消費,https://s.kabutan.jp/themes/%E9%A3%9F%E5%93%81/?market=all
8,7131,7131.T,7131.T,機械,設備投資・機械,https://s.kabutan.jp/themes/%E6%A9%9F%E6%A2%B0/?market=all
8,7133,7133.T,7133.T,IoT,設備投資・機械,https://s.kabutan.jp/themes/IoT/?market=all
8,7133,7133.T,7133.T,サブスクリプション,デジタル・サービス,https://s.kabutan.jp/themes/%E3%82%B5%E3%83%96%E3%82%B9%E3%82%AF%E3%83%AA%E3%83%97%E3%82%B7%E3%83%A7%E3%83%B3/?market=all
8,7133,7133.T,7133.T,ホームヘルスケア,医療・ヘルスケア,https://s.kabutan.jp/themes/%E3%83%9B%E3%83%BC%E3%83%A0%E3%83%98%E3%83%AB%E3%82%B9%E3%82%B1%E3%82%A2/?market=all
8,7133,7133.T,7133.T,介護関連,医療・ヘルスケア,https://s.kabutan.jp/themes/%E4%BB%8B%E8%AD%B7%E9%96%A2%E9%80%A3/?market=all
8,7134,7134.T,7134.T,eコマース,内需・消費,https://s.kabutan.jp/themes/e%E3%82%B3%E3%83%9E%E3%83%BC%E3%82%B9/?market=all
8,7134,7134.T,7134.T,小売り,内需・消費,https://s.kabutan.jp/themes/%E5%B0%8F%E5%A3%B2%E3%82%8A/?market=all
8,7135,7135.T,7135.T,eコマース,内需・消費,https://s.kabutan.jp/themes/e%E3%82%B3%E3%83%9E%E3%83%BC%E3%82%B9/?market=all
8,7135,7135.T,7135.T,小売り,内需・消費,https://s.kabutan.jp/themes/%E5%B0%8F%E5%A3%B2%E3%82%8A/?market=all
8,7138,7138.T,7138.T,eコマース,内需・消費,https://s.kabutan.jp/themes/e%E3%82%B3%E3%83%9E%E3%83%BC%E3%82%B9/?market=all
8,7140,7140.T,7140.T,eコマース,内需・消費,https://s.kabutan.jp/themes/e%E3%82%B3%E3%83%9E%E3%83%BC%E3%82%B9/?market=all
8,7140,7140.T,7140.T,サブスクリプション,デジタル・サービス,https://s.kabutan.jp/themes/%E3%82%B5%E3%83%96%E3%82%B9%E3%82%AF%E3%83%AA%E3%83%97%E3%82%B7%E3%83%A7%E3%83%B3/?market=all
8,7140,7140.T,7140.T,小売り,内需・消費,https://s.kabutan.jp/themes/%E5%B0%8F%E5%A3%B2%E3%82%8A/?market=all
8,7148,7148.T,7148.T,リース,金融・金利,https://s.kabutan.jp/themes/%E3%83%AA%E3%83%BC%E3%82%B9/?market=all
8,7148,7148.T,7148.T,不動産関連,不動産・建設,https://s.kabutan.jp/themes/%E4%B8%8D%E5%8B%95%E7%94%A3%E9%96%A2%E9%80%A3/?market=all
8,7148,7148.T,7148.T,保険,金融・金利,https://s.kabutan.jp/themes/%E4%BF%9D%E9%99%BA/?market=all
8,7148,7148.T,7148.T,証券,金融・金利,https://s.kabutan.jp/themes/%E8%A8%BC%E5%88%B8/?market=all
8,7150,7150.T,島根銀行,地方銀行,金融・金利,https://s.kabutan.jp/themes/%E5%9C%B0%E6%96%B9%E9%8A%80%E8%A1%8C/?market=all
8,7150,7150.T,島根銀行,金利上昇メリット,金融・金利,https://s.kabutan.jp/themes/%E9%87%91%E5%88%A9%E4%B8%8A%E6%98%87%E3%83%A1%E3%83%AA%E3%83%83%E3%83%88/?market=all
8,7150,7150.T,島根銀行,銀行,金融・金利,https://s.kabutan.jp/themes/%E9%8A%80%E8%A1%8C/?market=all
8,7157,7157.T,7157.T,保険,金融・金利,https://s.kabutan.jp/themes/%E4%BF%9D%E9%99%BA/?market=all
8,7161,7161.T,じもとＨＤ,地方銀行,金融・金利,https://s.kabutan.jp/themes/%E5%9C%B0%E6%96%B9%E9%8A%80%E8%A1%8C/?market=all
8,7161,7161.T,じもとＨＤ,金利上昇メリット,金融・金利,https://s.kabutan.jp/themes/%E9%87%91%E5%88%A9%E4%B8%8A%E6%98%87%E3%83%A1%E3%83%AA%E3%83%83%E3%83%88/?market=all
8,7161,7161.T,じもとＨＤ,銀行,金融・金利,https://s.kabutan.jp/themes/%E9%8A%80%E8%A1%8C/?market=all
8,7162,7162.T,7162.T,再生可能エネルギー,GX・エネルギー,https://s.kabutan.jp/themes/%E5%86%8D%E7%94%9F%E5%8F%AF%E8%83%BD%E3%82%A8%E3%83%8D%E3%83%AB%E3%82%AE%E3%83%BC/?market=all
8,7162,7162.T,7162.T,太陽光発電関連,GX・エネルギー,https://s.kabutan.jp/themes/%E5%A4%AA%E9%99%BD%E5%85%89%E7%99%BA%E9%9B%BB%E9%96%A2%E9%80%A3/?market=all
8,7162,7162.T,7162.T,電力会社,データセンター・電力,https://s.kabutan.jp/themes/%E9%9B%BB%E5%8A%9B%E4%BC%9A%E7%A4%BE/?market=all
8,7164,7164.T,7164.T,住宅関連,不動産・建設,https://s.kabutan.jp/themes/%E4%BD%8F%E5%AE%85%E9%96%A2%E9%80%A3/?market=all
8,7167,7167.T,めぶきＦＧ,リース,金融・金利,https://s.kabutan.jp/themes/%E3%83%AA%E3%83%BC%E3%82%B9/?market=all
8,7167,7167.T,めぶきＦＧ,地方銀行,金融・金利,https://s.kabutan.jp/themes/%E5%9C%B0%E6%96%B9%E9%8A%80%E8%A1%8C/?market=all
8,7167,7167.T,めぶきＦＧ,金利上昇メリット,金融・金利,https://s.kabutan.jp/themes/%E9%87%91%E5%88%A9%E4%B8%8A%E6%98%87%E3%83%A1%E3%83%AA%E3%83%83%E3%83%88/?market=all
8,7167,7167.T,めぶきＦＧ,銀行,金融・金利,https://s.kabutan.jp/themes/%E9%8A%80%E8%A1%8C/?market=all
8,7172,7172.T,7172.T,リース,金融・金利,https://s.kabutan.jp/themes/%E3%83%AA%E3%83%BC%E3%82%B9/?market=all
8,7172,7172.T,7172.T,再生可能エネルギー,GX・エネルギー,https://s.kabutan.jp/themes/%E5%86%8D%E7%94%9F%E5%8F%AF%E8%83%BD%E3%82%A8%E3%83%8D%E3%83%AB%E3%82%AE%E3%83%BC/?market=all
8,7172,7172.T,7172.T,太陽光発電関連,GX・エネルギー,https://s.kabutan.jp/themes/%E5%A4%AA%E9%99%BD%E5%85%89%E7%99%BA%E9%9B%BB%E9%96%A2%E9%80%A3/?market=all
8,7172,7172.T,7172.T,証券,金融・金利,https://s.kabutan.jp/themes/%E8%A8%BC%E5%88%B8/?market=all
8,7173,7173.T,東京きらぼし,ネット銀行,金融・金利,https://s.kabutan.jp/themes/%E3%83%8D%E3%83%83%E3%83%88%E9%8A%80%E8%A1%8C/?market=all
8,7173,7173.T,東京きらぼし,地方銀行,金融・金利,https://s.kabutan.jp/themes/%E5%9C%B0%E6%96%B9%E9%8A%80%E8%A1%8C/?market=all
8,7173,7173.T,東京きらぼし,金利上昇メリット,金融・金利,https://s.kabutan.jp/themes/%E9%87%91%E5%88%A9%E4%B8%8A%E6%98%87%E3%83%A1%E3%83%AA%E3%83%83%E3%83%88/?market=all
8,7173,7173.T,東京きらぼし,銀行,金融・金利,https://s.kabutan.jp/themes/%E9%8A%80%E8%A1%8C/?market=all
8,7175,7175.T,7175.T,証券,金融・金利,https://s.kabutan.jp/themes/%E8%A8%BC%E5%88%B8/?market=all
8,7177,7177.T,7177.T,証券,金融・金利,https://s.kabutan.jp/themes/%E8%A8%BC%E5%88%B8/?market=all
8,7180,7180.T,九州ＦＧ,キャッシュレス決済,金融・金利,https://s.kabutan.jp/themes/%E3%82%AD%E3%83%A3%E3%83%83%E3%82%B7%E3%83%A5%E3%83%AC%E3%82%B9%E6%B1%BA%E6%B8%88/?market=all
8,7180,7180.T,九州ＦＧ,地方銀行,金融・金利,https://s.kabutan.jp/themes/%E5%9C%B0%E6%96%B9%E9%8A%80%E8%A1%8C/?market=all
8,7180,7180.T,九州ＦＧ,金利上昇メリット,金融・金利,https://s.kabutan.jp/themes/%E9%87%91%E5%88%A9%E4%B8%8A%E6%98%87%E3%83%A1%E3%83%AA%E3%83%83%E3%83%88/?market=all
8,7180,7180.T,九州ＦＧ,銀行,金融・金利,https://s.kabutan.jp/themes/%E9%8A%80%E8%A1%8C/?market=all
8,7181,7181.T,7181.T,保険,金融・金利,https://s.kabutan.jp/themes/%E4%BF%9D%E9%99%BA/?market=all
8,7182,7182.T,7182.T,キャッシュレス決済,金融・金利,https://s.kabutan.jp/themes/%E3%82%AD%E3%83%A3%E3%83%83%E3%82%B7%E3%83%A5%E3%83%AC%E3%82%B9%E6%B1%BA%E6%B8%88/?market=all
8,7182,7182.T,7182.T,金利上昇メリット,金融・金利,https://s.kabutan.jp/themes/%E9%87%91%E5%88%A9%E4%B8%8A%E6%98%87%E3%83%A1%E3%83%AA%E3%83%83%E3%83%88/?market=all
8,7182,7182.T,7182.T,銀行,金融・金利,https://s.kabutan.jp/themes/%E9%8A%80%E8%A1%8C/?market=all
8,7183,7183.T,7183.T,保険,金融・金利,https://s.kabutan.jp/themes/%E4%BF%9D%E9%99%BA/?market=all
8,7184,7184.T,富山第一銀,地方銀行,金融・金利,https://s.kabutan.jp/themes/%E5%9C%B0%E6%96%B9%E9%8A%80%E8%A1%8C/?market=all
8,7184,7184.T,富山第一銀,金利上昇メリット,金融・金利,https://s.kabutan.jp/themes/%E9%87%91%E5%88%A9%E4%B8%8A%E6%98%87%E3%83%A1%E3%83%AA%E3%83%83%E3%83%88/?market=all
8,7184,7184.T,富山第一銀,銀行,金融・金利,https://s.kabutan.jp/themes/%E9%8A%80%E8%A1%8C/?market=all
8,7186,7186.T,横浜ＦＧ,リース,金融・金利,https://s.kabutan.jp/themes/%E3%83%AA%E3%83%BC%E3%82%B9/?market=all
8,7186,7186.T,横浜ＦＧ,地方銀行,金融・金利,https://s.kabutan.jp/themes/%E5%9C%B0%E6%96%B9%E9%8A%80%E8%A1%8C/?market=all
8,7186,7186.T,横浜ＦＧ,金利上昇メリット,金融・金利,https://s.kabutan.jp/themes/%E9%87%91%E5%88%A9%E4%B8%8A%E6%98%87%E3%83%A1%E3%83%AA%E3%83%83%E3%83%88/?market=all
8,7186,7186.T,横浜ＦＧ,銀行,金融・金利,https://s.kabutan.jp/themes/%E9%8A%80%E8%A1%8C/?market=all
8,7187,7187.T,7187.T,不動産関連,不動産・建設,https://s.kabutan.jp/themes/%E4%B8%8D%E5%8B%95%E7%94%A3%E9%96%A2%E9%80%A3/?market=all
8,7189,7189.T,西日本ＦＨ,eコマース,内需・消費,https://s.kabutan.jp/themes/e%E3%82%B3%E3%83%9E%E3%83%BC%E3%82%B9/?market=all
8,7189,7189.T,西日本ＦＨ,地方銀行,金融・金利,https://s.kabutan.jp/themes/%E5%9C%B0%E6%96%B9%E9%8A%80%E8%A1%8C/?market=all
8,7189,7189.T,西日本ＦＨ,金利上昇メリット,金融・金利,https://s.kabutan.jp/themes/%E9%87%91%E5%88%A9%E4%B8%8A%E6%98%87%E3%83%A1%E3%83%AA%E3%83%83%E3%83%88/?market=all
8,7189,7189.T,西日本ＦＨ,銀行,金融・金利,https://s.kabutan.jp/themes/%E9%8A%80%E8%A1%8C/?market=all
8,7191,7191.T,7191.T,介護関連,医療・ヘルスケア,https://s.kabutan.jp/themes/%E4%BB%8B%E8%AD%B7%E9%96%A2%E9%80%A3/?market=all
8,7192,7192.T,7192.T,住宅関連,不動産・建設,https://s.kabutan.jp/themes/%E4%BD%8F%E5%AE%85%E9%96%A2%E9%80%A3/?market=all
8,7196,7196.T,7196.T,不動産テック,不動産・建設,https://s.kabutan.jp/themes/%E4%B8%8D%E5%8B%95%E7%94%A3%E3%83%86%E3%83%83%E3%82%AF/?market=all
8,7196,7196.T,7196.T,不動産関連,不動産・建設,https://s.kabutan.jp/themes/%E4%B8%8D%E5%8B%95%E7%94%A3%E9%96%A2%E9%80%A3/?market=all
8,7198,7198.T,7198.T,不動産テック,不動産・建設,https://s.kabutan.jp/themes/%E4%B8%8D%E5%8B%95%E7%94%A3%E3%83%86%E3%83%83%E3%82%AF/?market=all
8,7198,7198.T,7198.T,不動産関連,不動産・建設,https://s.kabutan.jp/themes/%E4%B8%8D%E5%8B%95%E7%94%A3%E9%96%A2%E9%80%A3/?market=all
8,7199,7199.T,7199.T,サブスクリプション,デジタル・サービス,https://s.kabutan.jp/themes/%E3%82%B5%E3%83%96%E3%82%B9%E3%82%AF%E3%83%AA%E3%83%97%E3%82%B7%E3%83%A7%E3%83%B3/?market=all
8,7199,7199.T,7199.T,リース,金融・金利,https://s.kabutan.jp/themes/%E3%83%AA%E3%83%BC%E3%82%B9/?market=all
8,7201,7201.T,7201.T,3Dプリンター,設備投資・機械,https://s.kabutan.jp/themes/3D%E3%83%97%E3%83%AA%E3%83%B3%E3%82%BF%E3%83%BC/?market=all
8,7201,7201.T,7201.T,MaaS,自動車・モビリティ,https://s.kabutan.jp/themes/MaaS/?market=all
8,7201,7201.T,7201.T,サブスクリプション,デジタル・サービス,https://s.kabutan.jp/themes/%E3%82%B5%E3%83%96%E3%82%B9%E3%82%AF%E3%83%AA%E3%83%97%E3%82%B7%E3%83%A7%E3%83%B3/?market=all
8,7201,7201.T,7201.T,リチウムイオン電池,自動車・モビリティ,https://s.kabutan.jp/themes/%E3%83%AA%E3%83%81%E3%82%A6%E3%83%A0%E3%82%A4%E3%82%AA%E3%83%B3%E9%9B%BB%E6%B1%A0/?market=all
8,7201,7201.T,7201.T,ロボット,AI・半導体,https://s.kabutan.jp/themes/%E3%83%AD%E3%83%9C%E3%83%83%E3%83%88/?market=all
8,7201,7201.T,7201.T,全固体電池,自動車・モビリティ,https://s.kabutan.jp/themes/%E5%85%A8%E5%9B%BA%E4%BD%93%E9%9B%BB%E6%B1%A0/?market=all
8,7201,7201.T,7201.T,円安メリット,内需・消費,https://s.kabutan.jp/themes/%E5%86%86%E5%AE%89%E3%83%A1%E3%83%AA%E3%83%83%E3%83%88/?market=all
8,7201,7201.T,7201.T,自動運転車,自動車・モビリティ,https://s.kabutan.jp/themes/%E8%87%AA%E5%8B%95%E9%81%8B%E8%BB%A2%E8%BB%8A/?market=all
8,7201,7201.T,7201.T,電気自動車関連,自動車・モビリティ,https://s.kabutan.jp/themes/%E9%9B%BB%E6%B0%97%E8%87%AA%E5%8B%95%E8%BB%8A%E9%96%A2%E9%80%A3/?market=all
8,7202,7202.T,7202.T,建設機械,設備投資・機械,https://s.kabutan.jp/themes/%E5%BB%BA%E8%A8%AD%E6%A9%9F%E6%A2%B0/?market=all
8,7202,7202.T,7202.T,水素,GX・エネルギー,https://s.kabutan.jp/themes/%E6%B0%B4%E7%B4%A0/?market=all
8,7202,7202.T,7202.T,自動運転車,自動車・モビリティ,https://s.kabutan.jp/themes/%E8%87%AA%E5%8B%95%E9%81%8B%E8%BB%A2%E8%BB%8A/?market=all
8,7202,7202.T,7202.T,防衛,防衛・国土強靱化,https://s.kabutan.jp/themes/%E9%98%B2%E8%A1%9B/?market=all
8,7203,7203.T,トヨタ,MaaS,自動車・モビリティ,https://s.kabutan.jp/themes/MaaS/?market=all
8,7203,7203.T,トヨタ,サブスクリプション,デジタル・サービス,https://s.kabutan.jp/themes/%E3%82%B5%E3%83%96%E3%82%B9%E3%82%AF%E3%83%AA%E3%83%97%E3%82%B7%E3%83%A7%E3%83%B3/?market=all
8,7203,7203.T,トヨタ,スマートグリッド,データセンター・電力,https://s.kabutan.jp/themes/%E3%82%B9%E3%83%9E%E3%83%BC%E3%83%88%E3%82%B0%E3%83%AA%E3%83%83%E3%83%89/?market=all
8,7203,7203.T,トヨタ,フィジカルAI,AI・半導体,https://s.kabutan.jp/themes/%E3%83%95%E3%82%A3%E3%82%B8%E3%82%AB%E3%83%ABAI/?market=all
8,7203,7203.T,トヨタ,ロボット,AI・半導体,https://s.kabutan.jp/themes/%E3%83%AD%E3%83%9C%E3%83%83%E3%83%88/?market=all
8,7203,7203.T,トヨタ,人工知能,AI・半導体,https://s.kabutan.jp/themes/%E4%BA%BA%E5%B7%A5%E7%9F%A5%E8%83%BD/?market=all
8,7203,7203.T,トヨタ,全固体電池,自動車・モビリティ,https://s.kabutan.jp/themes/%E5%85%A8%E5%9B%BA%E4%BD%93%E9%9B%BB%E6%B1%A0/?market=all
8,7203,7203.T,トヨタ,円安メリット,内需・消費,https://s.kabutan.jp/themes/%E5%86%86%E5%AE%89%E3%83%A1%E3%83%AA%E3%83%83%E3%83%88/?market=all
8,7203,7203.T,トヨタ,宇宙開発関連,防衛・国土強靱化,https://s.kabutan.jp/themes/%E5%AE%87%E5%AE%99%E9%96%8B%E7%99%BA%E9%96%A2%E9%80%A3/?market=all
8,7203,7203.T,トヨタ,核融合発電,GX・エネルギー,https://s.kabutan.jp/themes/%E6%A0%B8%E8%9E%8D%E5%90%88%E7%99%BA%E9%9B%BB/?market=all
8,7203,7203.T,トヨタ,水素,GX・エネルギー,https://s.kabutan.jp/themes/%E6%B0%B4%E7%B4%A0/?market=all
8,7203,7203.T,トヨタ,空飛ぶクルマ,自動車・モビリティ,https://s.kabutan.jp/themes/%E7%A9%BA%E9%A3%9B%E3%81%B6%E3%82%AF%E3%83%AB%E3%83%9E/?market=all
8,7203,7203.T,トヨタ,自動運転車,自動車・モビリティ,https://s.kabutan.jp/themes/%E8%87%AA%E5%8B%95%E9%81%8B%E8%BB%A2%E8%BB%8A/?market=all
8,7203,7203.T,トヨタ,量子コンピューター,AI・半導体,https://s.kabutan.jp/themes/%E9%87%8F%E5%AD%90%E3%82%B3%E3%83%B3%E3%83%94%E3%83%A5%E3%83%BC%E3%82%BF%E3%83%BC/?market=all
8,7203,7203.T,トヨタ,防衛,防衛・国土強靱化,https://s.kabutan.jp/themes/%E9%98%B2%E8%A1%9B/?market=all
8,7203,7203.T,トヨタ,電気自動車関連,自動車・モビリティ,https://s.kabutan.jp/themes/%E9%9B%BB%E6%B0%97%E8%87%AA%E5%8B%95%E8%BB%8A%E9%96%A2%E9%80%A3/?market=all
8,7208,7208.T,7208.T,自動車部材・部品,自動車・モビリティ,https://s.kabutan.jp/themes/%E8%87%AA%E5%8B%95%E8%BB%8A%E9%83%A8%E6%9D%90%E3%83%BB%E9%83%A8%E5%93%81/?market=all
8,7208,7208.T,7208.T,電気自動車関連,自動車・モビリティ,https://s.kabutan.jp/themes/%E9%9B%BB%E6%B0%97%E8%87%AA%E5%8B%95%E8%BB%8A%E9%96%A2%E9%80%A3/?market=all
8,7211,7211.T,7211.T,円安メリット,内需・消費,https://s.kabutan.jp/themes/%E5%86%86%E5%AE%89%E3%83%A1%E3%83%AA%E3%83%83%E3%83%88/?market=all
8,7211,7211.T,7211.T,電気自動車関連,自動車・モビリティ,https://s.kabutan.jp/themes/%E9%9B%BB%E6%B0%97%E8%87%AA%E5%8B%95%E8%BB%8A%E9%96%A2%E9%80%A3/?market=all
8,7212,7212.T,7212.T,自動車部材・部品,自動車・モビリティ,https://s.kabutan.jp/themes/%E8%87%AA%E5%8B%95%E8%BB%8A%E9%83%A8%E6%9D%90%E3%83%BB%E9%83%A8%E5%93%81/?market=all
8,7213,7213.T,7213.T,MaaS,自動車・モビリティ,https://s.kabutan.jp/themes/MaaS/?market=all
8,7213,7213.T,7213.T,自動車部材・部品,自動車・モビリティ,https://s.kabutan.jp/themes/%E8%87%AA%E5%8B%95%E8%BB%8A%E9%83%A8%E6%9D%90%E3%83%BB%E9%83%A8%E5%93%81/?market=all
8,7213,7213.T,7213.T,鉄道関連,物流・海運,https://s.kabutan.jp/themes/%E9%89%84%E9%81%93%E9%96%A2%E9%80%A3/?market=all
8,7214,7214.T,7214.T,円安メリット,内需・消費,https://s.kabutan.jp/themes/%E5%86%86%E5%AE%89%E3%83%A1%E3%83%AA%E3%83%83%E3%83%88/?market=all
8,7214,7214.T,7214.T,自動車部材・部品,自動車・モビリティ,https://s.kabutan.jp/themes/%E8%87%AA%E5%8B%95%E8%BB%8A%E9%83%A8%E6%9D%90%E3%83%BB%E9%83%A8%E5%93%81/?market=all
8,7215,7215.T,7215.T,自動車部材・部品,自動車・モビリティ,https://s.kabutan.jp/themes/%E8%87%AA%E5%8B%95%E8%BB%8A%E9%83%A8%E6%9D%90%E3%83%BB%E9%83%A8%E5%93%81/?market=all
8,7217,7217.T,7217.T,円安メリット,内需・消費,https://s.kabutan.jp/themes/%E5%86%86%E5%AE%89%E3%83%A1%E3%83%AA%E3%83%83%E3%83%88/?market=all
8,7217,7217.T,7217.T,自動車部材・部品,自動車・モビリティ,https://s.kabutan.jp/themes/%E8%87%AA%E5%8B%95%E8%BB%8A%E9%83%A8%E6%9D%90%E3%83%BB%E9%83%A8%E5%93%81/?market=all
8,7218,7218.T,7218.T,FA関連,設備投資・機械,https://s.kabutan.jp/themes/FA%E9%96%A2%E9%80%A3/?market=all
8,7218,7218.T,7218.T,自動車部材・部品,自動車・モビリティ,https://s.kabutan.jp/themes/%E8%87%AA%E5%8B%95%E8%BB%8A%E9%83%A8%E6%9D%90%E3%83%BB%E9%83%A8%E5%93%81/?market=all
8,7219,7219.T,7219.T,自動車部材・部品,自動車・モビリティ,https://s.kabutan.jp/themes/%E8%87%AA%E5%8B%95%E8%BB%8A%E9%83%A8%E6%9D%90%E3%83%BB%E9%83%A8%E5%93%81/?market=all
8,7219,7219.T,7219.T,電気自動車関連,自動車・モビリティ,https://s.kabutan.jp/themes/%E9%9B%BB%E6%B0%97%E8%87%AA%E5%8B%95%E8%BB%8A%E9%96%A2%E9%80%A3/?market=all
8,7220,7220.T,武蔵精密,3Dプリンター,設備投資・機械,https://s.kabutan.jp/themes/3D%E3%83%97%E3%83%AA%E3%83%B3%E3%82%BF%E3%83%BC/?market=all
8,7220,7220.T,武蔵精密,データセンター,データセンター・電力,https://s.kabutan.jp/themes/%E3%83%87%E3%83%BC%E3%82%BF%E3%82%BB%E3%83%B3%E3%82%BF%E3%83%BC/?market=all
8,7220,7220.T,武蔵精密,バイオテクノロジー関連,医療・ヘルスケア,https://s.kabutan.jp/themes/%E3%83%90%E3%82%A4%E3%82%AA%E3%83%86%E3%82%AF%E3%83%8E%E3%83%AD%E3%82%B8%E3%83%BC%E9%96%A2%E9%80%A3/?market=all
8,7220,7220.T,武蔵精密,リチウムイオン電池,自動車・モビリティ,https://s.kabutan.jp/themes/%E3%83%AA%E3%83%81%E3%82%A6%E3%83%A0%E3%82%A4%E3%82%AA%E3%83%B3%E9%9B%BB%E6%B1%A0/?market=all
8,7220,7220.T,武蔵精密,人工知能,AI・半導体,https://s.kabutan.jp/themes/%E4%BA%BA%E5%B7%A5%E7%9F%A5%E8%83%BD/?market=all
8,7220,7220.T,武蔵精密,全固体電池,自動車・モビリティ,https://s.kabutan.jp/themes/%E5%85%A8%E5%9B%BA%E4%BD%93%E9%9B%BB%E6%B1%A0/?market=all
8,7220,7220.T,武蔵精密,自動車部材・部品,自動車・モビリティ,https://s.kabutan.jp/themes/%E8%87%AA%E5%8B%95%E8%BB%8A%E9%83%A8%E6%9D%90%E3%83%BB%E9%83%A8%E5%93%81/?market=all
8,7220,7220.T,武蔵精密,蓄電池,GX・エネルギー,https://s.kabutan.jp/themes/%E8%93%84%E9%9B%BB%E6%B1%A0/?market=all
8,7220,7220.T,武蔵精密,電気自動車関連,自動車・モビリティ,https://s.kabutan.jp/themes/%E9%9B%BB%E6%B0%97%E8%87%AA%E5%8B%95%E8%BB%8A%E9%96%A2%E9%80%A3/?market=all
8,7224,7224.T,7224.T,国土強靱化,防衛・国土強靱化,https://s.kabutan.jp/themes/%E5%9B%BD%E5%9C%9F%E5%BC%B7%E9%9D%B1%E5%8C%96/?market=all
8,7224,7224.T,7224.T,水素,GX・エネルギー,https://s.kabutan.jp/themes/%E6%B0%B4%E7%B4%A0/?market=all
8,7224,7224.T,7224.T,都市鉱山,資源・素材,https://s.kabutan.jp/themes/%E9%83%BD%E5%B8%82%E9%89%B1%E5%B1%B1/?market=all
8,7224,7224.T,7224.T,防衛,防衛・国土強靱化,https://s.kabutan.jp/themes/%E9%98%B2%E8%A1%9B/?market=all
8,7226,7226.T,7226.T,建設,不動産・建設,https://s.kabutan.jp/themes/%E5%BB%BA%E8%A8%AD/?market=all
8,7226,7226.T,7226.T,都市鉱山,資源・素材,https://s.kabutan.jp/themes/%E9%83%BD%E5%B8%82%E9%89%B1%E5%B1%B1/?market=all
8,7226,7226.T,7226.T,電気自動車関連,自動車・モビリティ,https://s.kabutan.jp/themes/%E9%9B%BB%E6%B0%97%E8%87%AA%E5%8B%95%E8%BB%8A%E9%96%A2%E9%80%A3/?market=all
8,7227,7227.T,,FA関連,設備投資・機械,https://s.kabutan.jp/themes/FA%E9%96%A2%E9%80%A3/?market=all
8,7227,7227.T,,ロボット,AI・半導体,https://s.kabutan.jp/themes/%E3%83%AD%E3%83%9C%E3%83%83%E3%83%88/?market=all
8,7227,7227.T,,自動車製造装置,自動車・モビリティ,https://s.kabutan.jp/themes/%E8%87%AA%E5%8B%95%E8%BB%8A%E8%A3%BD%E9%80%A0%E8%A3%85%E7%BD%AE/?market=all
8,7227,7227.T,,自動車部材・部品,自動車・モビリティ,https://s.kabutan.jp/themes/%E8%87%AA%E5%8B%95%E8%BB%8A%E9%83%A8%E6%9D%90%E3%83%BB%E9%83%A8%E5%93%81/?market=all
8,7227,7227.T,,電力設備投資関連,データセンター・電力,https://s.kabutan.jp/themes/%E9%9B%BB%E5%8A%9B%E8%A8%AD%E5%82%99%E6%8A%95%E8%B3%87%E9%96%A2%E9%80%A3/?market=all
8,7231,7231.T,7231.T,ロボット,AI・半導体,https://s.kabutan.jp/themes/%E3%83%AD%E3%83%9C%E3%83%83%E3%83%88/?market=all
8,7231,7231.T,7231.T,建設機械,設備投資・機械,https://s.kabutan.jp/themes/%E5%BB%BA%E8%A8%AD%E6%A9%9F%E6%A2%B0/?market=all
8,7231,7231.T,7231.T,自動車部材・部品,自動車・モビリティ,https://s.kabutan.jp/themes/%E8%87%AA%E5%8B%95%E8%BB%8A%E9%83%A8%E6%9D%90%E3%83%BB%E9%83%A8%E5%93%81/?market=all
8,7231,7231.T,7231.T,鉄鋼,資源・素材,https://s.kabutan.jp/themes/%E9%89%84%E9%8B%BC/?market=all
8,7231,7231.T,7231.T,防災,防衛・国土強靱化,https://s.kabutan.jp/themes/%E9%98%B2%E7%81%BD/?market=all
8,7235,7235.T,7235.T,建設機械,設備投資・機械,https://s.kabutan.jp/themes/%E5%BB%BA%E8%A8%AD%E6%A9%9F%E6%A2%B0/?market=all
8,7235,7235.T,7235.T,自動車部材・部品,自動車・モビリティ,https://s.kabutan.jp/themes/%E8%87%AA%E5%8B%95%E8%BB%8A%E9%83%A8%E6%9D%90%E3%83%BB%E9%83%A8%E5%93%81/?market=all
8,7236,7236.T,7236.T,建設機械,設備投資・機械,https://s.kabutan.jp/themes/%E5%BB%BA%E8%A8%AD%E6%A9%9F%E6%A2%B0/?market=all
8,7236,7236.T,7236.T,自動車部材・部品,自動車・モビリティ,https://s.kabutan.jp/themes/%E8%87%AA%E5%8B%95%E8%BB%8A%E9%83%A8%E6%9D%90%E3%83%BB%E9%83%A8%E5%93%81/?market=all
8,7236,7236.T,7236.T,電気自動車関連,自動車・モビリティ,https://s.kabutan.jp/themes/%E9%9B%BB%E6%B0%97%E8%87%AA%E5%8B%95%E8%BB%8A%E9%96%A2%E9%80%A3/?market=all
8,7238,7238.T,7238.T,円安メリット,内需・消費,https://s.kabutan.jp/themes/%E5%86%86%E5%AE%89%E3%83%A1%E3%83%AA%E3%83%83%E3%83%88/?market=all
8,7238,7238.T,7238.T,自動車部材・部品,自動車・モビリティ,https://s.kabutan.jp/themes/%E8%87%AA%E5%8B%95%E8%BB%8A%E9%83%A8%E6%9D%90%E3%83%BB%E9%83%A8%E5%93%81/?market=all
8,7238,7238.T,7238.T,鉄道関連,物流・海運,https://s.kabutan.jp/themes/%E9%89%84%E9%81%93%E9%96%A2%E9%80%A3/?market=all
8,7239,7239.T,7239.T,自動車部材・部品,自動車・モビリティ,https://s.kabutan.jp/themes/%E8%87%AA%E5%8B%95%E8%BB%8A%E9%83%A8%E6%9D%90%E3%83%BB%E9%83%A8%E5%93%81/?market=all
8,7240,7240.T,7240.T,水素,GX・エネルギー,https://s.kabutan.jp/themes/%E6%B0%B4%E7%B4%A0/?market=all
8,7240,7240.T,7240.T,自動車部材・部品,自動車・モビリティ,https://s.kabutan.jp/themes/%E8%87%AA%E5%8B%95%E8%BB%8A%E9%83%A8%E6%9D%90%E3%83%BB%E9%83%A8%E5%93%81/?market=all
8,7240,7240.T,7240.T,自動車電子化,自動車・モビリティ,https://s.kabutan.jp/themes/%E8%87%AA%E5%8B%95%E8%BB%8A%E9%9B%BB%E5%AD%90%E5%8C%96/?market=all
8,7241,7241.T,7241.T,ロボット,AI・半導体,https://s.kabutan.jp/themes/%E3%83%AD%E3%83%9C%E3%83%83%E3%83%88/?market=all
8,7241,7241.T,7241.T,自動車部材・部品,自動車・モビリティ,https://s.kabutan.jp/themes/%E8%87%AA%E5%8B%95%E8%BB%8A%E9%83%A8%E6%9D%90%E3%83%BB%E9%83%A8%E5%93%81/?market=all
8,7242,7242.T,7242.T,建設機械,設備投資・機械,https://s.kabutan.jp/themes/%E5%BB%BA%E8%A8%AD%E6%A9%9F%E6%A2%B0/?market=all
8,7242,7242.T,7242.T,耐震化,防衛・国土強靱化,https://s.kabutan.jp/themes/%E8%80%90%E9%9C%87%E5%8C%96/?market=all
8,7242,7242.T,7242.T,自動車部材・部品,自動車・モビリティ,https://s.kabutan.jp/themes/%E8%87%AA%E5%8B%95%E8%BB%8A%E9%83%A8%E6%9D%90%E3%83%BB%E9%83%A8%E5%93%81/?market=all
8,7242,7242.T,7242.T,防災,防衛・国土強靱化,https://s.kabutan.jp/themes/%E9%98%B2%E7%81%BD/?market=all
8,7244,7244.T,7244.T,自動車部材・部品,自動車・モビリティ,https://s.kabutan.jp/themes/%E8%87%AA%E5%8B%95%E8%BB%8A%E9%83%A8%E6%9D%90%E3%83%BB%E9%83%A8%E5%93%81/?market=all
8,7245,7245.T,7245.T,太陽光発電関連,GX・エネルギー,https://s.kabutan.jp/themes/%E5%A4%AA%E9%99%BD%E5%85%89%E7%99%BA%E9%9B%BB%E9%96%A2%E9%80%A3/?market=all
8,7245,7245.T,7245.T,建設機械,設備投資・機械,https://s.kabutan.jp/themes/%E5%BB%BA%E8%A8%AD%E6%A9%9F%E6%A2%B0/?market=all
8,7245,7245.T,7245.T,水素,GX・エネルギー,https://s.kabutan.jp/themes/%E6%B0%B4%E7%B4%A0/?market=all
8,7245,7245.T,7245.T,自動車部材・部品,自動車・モビリティ,https://s.kabutan.jp/themes/%E8%87%AA%E5%8B%95%E8%BB%8A%E9%83%A8%E6%9D%90%E3%83%BB%E9%83%A8%E5%93%81/?market=all
8,7245,7245.T,7245.T,電気自動車関連,自動車・モビリティ,https://s.kabutan.jp/themes/%E9%9B%BB%E6%B0%97%E8%87%AA%E5%8B%95%E8%BB%8A%E9%96%A2%E9%80%A3/?market=all
8,7245,7245.T,7245.T,風力発電,GX・エネルギー,https://s.kabutan.jp/themes/%E9%A2%A8%E5%8A%9B%E7%99%BA%E9%9B%BB/?market=all
8,7246,7246.T,7246.T,建設機械,設備投資・機械,https://s.kabutan.jp/themes/%E5%BB%BA%E8%A8%AD%E6%A9%9F%E6%A2%B0/?market=all
8,7246,7246.T,7246.T,自動車部材・部品,自動車・モビリティ,https://s.kabutan.jp/themes/%E8%87%AA%E5%8B%95%E8%BB%8A%E9%83%A8%E6%9D%90%E3%83%BB%E9%83%A8%E5%93%81/?market=all
8,7247,7247.T,7247.T,自動車部材・部品,自動車・モビリティ,https://s.kabutan.jp/themes/%E8%87%AA%E5%8B%95%E8%BB%8A%E9%83%A8%E6%9D%90%E3%83%BB%E9%83%A8%E5%93%81/?market=all
8,7247,7247.T,7247.T,電気自動車関連,自動車・モビリティ,https://s.kabutan.jp/themes/%E9%9B%BB%E6%B0%97%E8%87%AA%E5%8B%95%E8%BB%8A%E9%96%A2%E9%80%A3/?market=all
8,7254,7254.T,7254.T,建設機械,設備投資・機械,https://s.kabutan.jp/themes/%E5%BB%BA%E8%A8%AD%E6%A9%9F%E6%A2%B0/?market=all
8,7254,7254.T,7254.T,空飛ぶクルマ,自動車・モビリティ,https://s.kabutan.jp/themes/%E7%A9%BA%E9%A3%9B%E3%81%B6%E3%82%AF%E3%83%AB%E3%83%9E/?market=all
8,7254,7254.T,7254.T,自動車部材・部品,自動車・モビリティ,https://s.kabutan.jp/themes/%E8%87%AA%E5%8B%95%E8%BB%8A%E9%83%A8%E6%9D%90%E3%83%BB%E9%83%A8%E5%93%81/?market=all
8,7254,7254.T,7254.T,電気自動車関連,自動車・モビリティ,https://s.kabutan.jp/themes/%E9%9B%BB%E6%B0%97%E8%87%AA%E5%8B%95%E8%BB%8A%E9%96%A2%E9%80%A3/?market=all
8,7255,7255.T,7255.T,工作機械,設備投資・機械,https://s.kabutan.jp/themes/%E5%B7%A5%E4%BD%9C%E6%A9%9F%E6%A2%B0/?market=all
8,7255,7255.T,7255.T,自動車製造装置,自動車・モビリティ,https://s.kabutan.jp/themes/%E8%87%AA%E5%8B%95%E8%BB%8A%E8%A3%BD%E9%80%A0%E8%A3%85%E7%BD%AE/?market=all
8,7255,7255.T,7255.T,自動車部材・部品,自動車・モビリティ,https://s.kabutan.jp/themes/%E8%87%AA%E5%8B%95%E8%BB%8A%E9%83%A8%E6%9D%90%E3%83%BB%E9%83%A8%E5%93%81/?market=all
8,7256,7256.T,7256.T,自動車部材・部品,自動車・モビリティ,https://s.kabutan.jp/themes/%E8%87%AA%E5%8B%95%E8%BB%8A%E9%83%A8%E6%9D%90%E3%83%BB%E9%83%A8%E5%93%81/?market=all
8,7259,7259.T,7259.T,サービスロボット,設備投資・機械,https://s.kabutan.jp/themes/%E3%82%B5%E3%83%BC%E3%83%93%E3%82%B9%E3%83%AD%E3%83%9C%E3%83%83%E3%83%88/?market=all
8,7259,7259.T,7259.T,ロボット,AI・半導体,https://s.kabutan.jp/themes/%E3%83%AD%E3%83%9C%E3%83%83%E3%83%88/?market=all
8,7259,7259.T,7259.T,自動車軽量化,自動車・モビリティ,https://s.kabutan.jp/themes/%E8%87%AA%E5%8B%95%E8%BB%8A%E8%BB%BD%E9%87%8F%E5%8C%96/?market=all
8,7259,7259.T,7259.T,自動車部材・部品,自動車・モビリティ,https://s.kabutan.jp/themes/%E8%87%AA%E5%8B%95%E8%BB%8A%E9%83%A8%E6%9D%90%E3%83%BB%E9%83%A8%E5%93%81/?market=all
8,7259,7259.T,7259.T,自動車電子化,自動車・モビリティ,https://s.kabutan.jp/themes/%E8%87%AA%E5%8B%95%E8%BB%8A%E9%9B%BB%E5%AD%90%E5%8C%96/?market=all
8,7259,7259.T,7259.T,自動運転車,自動車・モビリティ,https://s.kabutan.jp/themes/%E8%87%AA%E5%8B%95%E9%81%8B%E8%BB%A2%E8%BB%8A/?market=all
8,7259,7259.T,7259.T,電気自動車関連,自動車・モビリティ,https://s.kabutan.jp/themes/%E9%9B%BB%E6%B0%97%E8%87%AA%E5%8B%95%E8%BB%8A%E9%96%A2%E9%80%A3/?market=all
8,7261,7261.T,7261.T,円安メリット,内需・消費,https://s.kabutan.jp/themes/%E5%86%86%E5%AE%89%E3%83%A1%E3%83%AA%E3%83%83%E3%83%88/?market=all
8,7261,7261.T,7261.T,自動運転車,自動車・モビリティ,https://s.kabutan.jp/themes/%E8%87%AA%E5%8B%95%E9%81%8B%E8%BB%A2%E8%BB%8A/?market=all
8,7264,7264.T,7264.T,自動車部材・部品,自動車・モビリティ,https://s.kabutan.jp/themes/%E8%87%AA%E5%8B%95%E8%BB%8A%E9%83%A8%E6%9D%90%E3%83%BB%E9%83%A8%E5%93%81/?market=all
8,7264,7264.T,7264.T,電気自動車関連,自動車・モビリティ,https://s.kabutan.jp/themes/%E9%9B%BB%E6%B0%97%E8%87%AA%E5%8B%95%E8%BB%8A%E9%96%A2%E9%80%A3/?market=all
8,7265,7265.T,7265.T,自動車部材・部品,自動車・モビリティ,https://s.kabutan.jp/themes/%E8%87%AA%E5%8B%95%E8%BB%8A%E9%83%A8%E6%9D%90%E3%83%BB%E9%83%A8%E5%93%81/?market=all
8,7266,7266.T,7266.T,ロボット,AI・半導体,https://s.kabutan.jp/themes/%E3%83%AD%E3%83%9C%E3%83%83%E3%83%88/?market=all
8,7266,7266.T,7266.T,介護関連,医療・ヘルスケア,https://s.kabutan.jp/themes/%E4%BB%8B%E8%AD%B7%E9%96%A2%E9%80%A3/?market=all
8,7266,7266.T,7266.T,宇宙開発関連,防衛・国土強靱化,https://s.kabutan.jp/themes/%E5%AE%87%E5%AE%99%E9%96%8B%E7%99%BA%E9%96%A2%E9%80%A3/?market=all
8,7266,7266.T,7266.T,自動車部材・部品,自動車・モビリティ,https://s.kabutan.jp/themes/%E8%87%AA%E5%8B%95%E8%BB%8A%E9%83%A8%E6%9D%90%E3%83%BB%E9%83%A8%E5%93%81/?market=all
8,7266,7266.T,7266.T,自動車電子化,自動車・モビリティ,https://s.kabutan.jp/themes/%E8%87%AA%E5%8B%95%E8%BB%8A%E9%9B%BB%E5%AD%90%E5%8C%96/?market=all
8,7267,7267.T,ホンダ,3Dプリンター,設備投資・機械,https://s.kabutan.jp/themes/3D%E3%83%97%E3%83%AA%E3%83%B3%E3%82%BF%E3%83%BC/?market=all
8,7267,7267.T,ホンダ,MaaS,自動車・モビリティ,https://s.kabutan.jp/themes/MaaS/?market=all
8,7267,7267.T,ホンダ,サブスクリプション,デジタル・サービス,https://s.kabutan.jp/themes/%E3%82%B5%E3%83%96%E3%82%B9%E3%82%AF%E3%83%AA%E3%83%97%E3%82%B7%E3%83%A7%E3%83%B3/?market=all
8,7267,7267.T,ホンダ,ロボット,AI・半導体,https://s.kabutan.jp/themes/%E3%83%AD%E3%83%9C%E3%83%83%E3%83%88/?market=all
8,7267,7267.T,ホンダ,全固体電池,自動車・モビリティ,https://s.kabutan.jp/themes/%E5%85%A8%E5%9B%BA%E4%BD%93%E9%9B%BB%E6%B1%A0/?market=all
8,7267,7267.T,ホンダ,円安メリット,内需・消費,https://s.kabutan.jp/themes/%E5%86%86%E5%AE%89%E3%83%A1%E3%83%AA%E3%83%83%E3%83%88/?market=all
8,7267,7267.T,ホンダ,宇宙開発関連,防衛・国土強靱化,https://s.kabutan.jp/themes/%E5%AE%87%E5%AE%99%E9%96%8B%E7%99%BA%E9%96%A2%E9%80%A3/?market=all
8,7267,7267.T,ホンダ,水素,GX・エネルギー,https://s.kabutan.jp/themes/%E6%B0%B4%E7%B4%A0/?market=all
8,7267,7267.T,ホンダ,空飛ぶクルマ,自動車・モビリティ,https://s.kabutan.jp/themes/%E7%A9%BA%E9%A3%9B%E3%81%B6%E3%82%AF%E3%83%AB%E3%83%9E/?market=all
8,7267,7267.T,ホンダ,自動運転車,自動車・モビリティ,https://s.kabutan.jp/themes/%E8%87%AA%E5%8B%95%E9%81%8B%E8%BB%A2%E8%BB%8A/?market=all
8,7267,7267.T,ホンダ,防災,防衛・国土強靱化,https://s.kabutan.jp/themes/%E9%98%B2%E7%81%BD/?market=all
8,7267,7267.T,ホンダ,電気自動車関連,自動車・モビリティ,https://s.kabutan.jp/themes/%E9%9B%BB%E6%B0%97%E8%87%AA%E5%8B%95%E8%BB%8A%E9%96%A2%E9%80%A3/?market=all
8,7269,7269.T,7269.T,ロボット,AI・半導体,https://s.kabutan.jp/themes/%E3%83%AD%E3%83%9C%E3%83%83%E3%83%88/?market=all
8,7269,7269.T,7269.T,全固体電池,自動車・モビリティ,https://s.kabutan.jp/themes/%E5%85%A8%E5%9B%BA%E4%BD%93%E9%9B%BB%E6%B1%A0/?market=all
8,7269,7269.T,7269.T,水素,GX・エネルギー,https://s.kabutan.jp/themes/%E6%B0%B4%E7%B4%A0/?market=all
8,7269,7269.T,7269.T,空飛ぶクルマ,自動車・モビリティ,https://s.kabutan.jp/themes/%E7%A9%BA%E9%A3%9B%E3%81%B6%E3%82%AF%E3%83%AB%E3%83%9E/?market=all
8,7269,7269.T,7269.T,電気自動車関連,自動車・モビリティ,https://s.kabutan.jp/themes/%E9%9B%BB%E6%B0%97%E8%87%AA%E5%8B%95%E8%BB%8A%E9%96%A2%E9%80%A3/?market=all
8,7270,7270.T,7270.T,スマートグリッド,データセンター・電力,https://s.kabutan.jp/themes/%E3%82%B9%E3%83%9E%E3%83%BC%E3%83%88%E3%82%B0%E3%83%AA%E3%83%83%E3%83%89/?market=all
8,7270,7270.T,7270.T,ドローン,防衛・国土強靱化,https://s.kabutan.jp/themes/%E3%83%89%E3%83%AD%E3%83%BC%E3%83%B3/?market=all
8,7270,7270.T,7270.T,ロボット,AI・半導体,https://s.kabutan.jp/themes/%E3%83%AD%E3%83%9C%E3%83%83%E3%83%88/?market=all
8,7270,7270.T,7270.T,円安メリット,内需・消費,https://s.kabutan.jp/themes/%E5%86%86%E5%AE%89%E3%83%A1%E3%83%AA%E3%83%83%E3%83%88/?market=all
8,7270,7270.T,7270.T,宇宙開発関連,防衛・国土強靱化,https://s.kabutan.jp/themes/%E5%AE%87%E5%AE%99%E9%96%8B%E7%99%BA%E9%96%A2%E9%80%A3/?market=all
8,7270,7270.T,7270.T,空飛ぶクルマ,自動車・モビリティ,https://s.kabutan.jp/themes/%E7%A9%BA%E9%A3%9B%E3%81%B6%E3%82%AF%E3%83%AB%E3%83%9E/?market=all
8,7270,7270.T,7270.T,防衛,防衛・国土強靱化,https://s.kabutan.jp/themes/%E9%98%B2%E8%A1%9B/?market=all
8,7270,7270.T,7270.T,電気自動車関連,自動車・モビリティ,https://s.kabutan.jp/themes/%E9%9B%BB%E6%B0%97%E8%87%AA%E5%8B%95%E8%BB%8A%E9%96%A2%E9%80%A3/?market=all
8,7271,7271.T,安永,FA関連,設備投資・機械,https://s.kabutan.jp/themes/FA%E9%96%A2%E9%80%A3/?market=all
8,7271,7271.T,安永,半導体製造装置,AI・半導体,https://s.kabutan.jp/themes/%E5%8D%8A%E5%B0%8E%E4%BD%93%E8%A3%BD%E9%80%A0%E8%A3%85%E7%BD%AE/?market=all
8,7271,7271.T,安永,工作機械,設備投資・機械,https://s.kabutan.jp/themes/%E5%B7%A5%E4%BD%9C%E6%A9%9F%E6%A2%B0/?market=all
8,7271,7271.T,安永,自動車部材・部品,自動車・モビリティ,https://s.kabutan.jp/themes/%E8%87%AA%E5%8B%95%E8%BB%8A%E9%83%A8%E6%9D%90%E3%83%BB%E9%83%A8%E5%93%81/?market=all
8,7272,7272.T,ヤマハ発,FA関連,設備投資・機械,https://s.kabutan.jp/themes/FA%E9%96%A2%E9%80%A3/?market=all
8,7272,7272.T,ヤマハ発,サブスクリプション,デジタル・サービス,https://s.kabutan.jp/themes/%E3%82%B5%E3%83%96%E3%82%B9%E3%82%AF%E3%83%AA%E3%83%97%E3%82%B7%E3%83%A7%E3%83%B3/?market=all
8,7272,7272.T,ヤマハ発,ドローン,防衛・国土強靱化,https://s.kabutan.jp/themes/%E3%83%89%E3%83%AD%E3%83%BC%E3%83%B3/?market=all
8,7272,7272.T,ヤマハ発,フィジカルAI,AI・半導体,https://s.kabutan.jp/themes/%E3%83%95%E3%82%A3%E3%82%B8%E3%82%AB%E3%83%ABAI/?market=all
8,7272,7272.T,ヤマハ発,ロボット,AI・半導体,https://s.kabutan.jp/themes/%E3%83%AD%E3%83%9C%E3%83%83%E3%83%88/?market=all
8,7272,7272.T,ヤマハ発,全固体電池,自動車・モビリティ,https://s.kabutan.jp/themes/%E5%85%A8%E5%9B%BA%E4%BD%93%E9%9B%BB%E6%B1%A0/?market=all
8,7272,7272.T,ヤマハ発,円安メリット,内需・消費,https://s.kabutan.jp/themes/%E5%86%86%E5%AE%89%E3%83%A1%E3%83%AA%E3%83%83%E3%83%88/?market=all
8,7272,7272.T,ヤマハ発,医療機器,医療・ヘルスケア,https://s.kabutan.jp/themes/%E5%8C%BB%E7%99%82%E6%A9%9F%E5%99%A8/?market=all
8,7272,7272.T,ヤマハ発,半導体製造装置,AI・半導体,https://s.kabutan.jp/themes/%E5%8D%8A%E5%B0%8E%E4%BD%93%E8%A3%BD%E9%80%A0%E8%A3%85%E7%BD%AE/?market=all
8,7272,7272.T,ヤマハ発,水素,GX・エネルギー,https://s.kabutan.jp/themes/%E6%B0%B4%E7%B4%A0/?market=all
8,7272,7272.T,ヤマハ発,自動運転車,自動車・モビリティ,https://s.kabutan.jp/themes/%E8%87%AA%E5%8B%95%E9%81%8B%E8%BB%A2%E8%BB%8A/?market=all
8,7272,7272.T,ヤマハ発,防災,防衛・国土強靱化,https://s.kabutan.jp/themes/%E9%98%B2%E7%81%BD/?market=all
8,7273,7273.T,7273.T,自動車部材・部品,自動車・モビリティ,https://s.kabutan.jp/themes/%E8%87%AA%E5%8B%95%E8%BB%8A%E9%83%A8%E6%9D%90%E3%83%BB%E9%83%A8%E5%93%81/?market=all
8,7273,7273.T,7273.T,電気自動車関連,自動車・モビリティ,https://s.kabutan.jp/themes/%E9%9B%BB%E6%B0%97%E8%87%AA%E5%8B%95%E8%BB%8A%E9%96%A2%E9%80%A3/?market=all
8,7276,7276.T,7276.T,自動車部材・部品,自動車・モビリティ,https://s.kabutan.jp/themes/%E8%87%AA%E5%8B%95%E8%BB%8A%E9%83%A8%E6%9D%90%E3%83%BB%E9%83%A8%E5%93%81/?market=all
8,7276,7276.T,7276.T,自動車電子化,自動車・モビリティ,https://s.kabutan.jp/themes/%E8%87%AA%E5%8B%95%E8%BB%8A%E9%9B%BB%E5%AD%90%E5%8C%96/?market=all
8,7276,7276.T,7276.T,自動運転車,自動車・モビリティ,https://s.kabutan.jp/themes/%E8%87%AA%E5%8B%95%E9%81%8B%E8%BB%A2%E8%BB%8A/?market=all
8,7277,7277.T,7277.T,自動車部材・部品,自動車・モビリティ,https://s.kabutan.jp/themes/%E8%87%AA%E5%8B%95%E8%BB%8A%E9%83%A8%E6%9D%90%E3%83%BB%E9%83%A8%E5%93%81/?market=all
8,7277,7277.T,7277.T,電気自動車関連,自動車・モビリティ,https://s.kabutan.jp/themes/%E9%9B%BB%E6%B0%97%E8%87%AA%E5%8B%95%E8%BB%8A%E9%96%A2%E9%80%A3/?market=all
8,7278,7278.T,7278.T,ドローン,防衛・国土強靱化,https://s.kabutan.jp/themes/%E3%83%89%E3%83%AD%E3%83%BC%E3%83%B3/?market=all
8,7278,7278.T,7278.T,ロボット,AI・半導体,https://s.kabutan.jp/themes/%E3%83%AD%E3%83%9C%E3%83%83%E3%83%88/?market=all
8,7278,7278.T,7278.T,太陽光発電関連,GX・エネルギー,https://s.kabutan.jp/themes/%E5%A4%AA%E9%99%BD%E5%85%89%E7%99%BA%E9%9B%BB%E9%96%A2%E9%80%A3/?market=all
8,7278,7278.T,7278.T,建設機械,設備投資・機械,https://s.kabutan.jp/themes/%E5%BB%BA%E8%A8%AD%E6%A9%9F%E6%A2%B0/?market=all
8,7278,7278.T,7278.T,自動車部材・部品,自動車・モビリティ,https://s.kabutan.jp/themes/%E8%87%AA%E5%8B%95%E8%BB%8A%E9%83%A8%E6%9D%90%E3%83%BB%E9%83%A8%E5%93%81/?market=all
8,7278,7278.T,7278.T,電気自動車関連,自動車・モビリティ,https://s.kabutan.jp/themes/%E9%9B%BB%E6%B0%97%E8%87%AA%E5%8B%95%E8%BB%8A%E9%96%A2%E9%80%A3/?market=all
8,7279,7279.T,7279.T,介護関連,医療・ヘルスケア,https://s.kabutan.jp/themes/%E4%BB%8B%E8%AD%B7%E9%96%A2%E9%80%A3/?market=all
8,7279,7279.T,7279.T,医療機器,医療・ヘルスケア,https://s.kabutan.jp/themes/%E5%8C%BB%E7%99%82%E6%A9%9F%E5%99%A8/?market=all
8,7279,7279.T,7279.T,建設機械,設備投資・機械,https://s.kabutan.jp/themes/%E5%BB%BA%E8%A8%AD%E6%A9%9F%E6%A2%B0/?market=all
8,7279,7279.T,7279.T,自動車部材・部品,自動車・モビリティ,https://s.kabutan.jp/themes/%E8%87%AA%E5%8B%95%E8%BB%8A%E9%83%A8%E6%9D%90%E3%83%BB%E9%83%A8%E5%93%81/?market=all
8,7280,7280.T,ミツバ,レアアース,資源・素材,https://s.kabutan.jp/themes/%E3%83%AC%E3%82%A2%E3%82%A2%E3%83%BC%E3%82%B9/?market=all
8,7280,7280.T,ミツバ,自動車部材・部品,自動車・モビリティ,https://s.kabutan.jp/themes/%E8%87%AA%E5%8B%95%E8%BB%8A%E9%83%A8%E6%9D%90%E3%83%BB%E9%83%A8%E5%93%81/?market=all
8,7282,7282.T,7282.T,自動車軽量化,自動車・モビリティ,https://s.kabutan.jp/themes/%E8%87%AA%E5%8B%95%E8%BB%8A%E8%BB%BD%E9%87%8F%E5%8C%96/?market=all
8,7282,7282.T,7282.T,自動車部材・部品,自動車・モビリティ,https://s.kabutan.jp/themes/%E8%87%AA%E5%8B%95%E8%BB%8A%E9%83%A8%E6%9D%90%E3%83%BB%E9%83%A8%E5%93%81/?market=all
8,7282,7282.T,7282.T,自動車電子化,自動車・モビリティ,https://s.kabutan.jp/themes/%E8%87%AA%E5%8B%95%E8%BB%8A%E9%9B%BB%E5%AD%90%E5%8C%96/?market=all
8,7283,7283.T,7283.T,自動車部材・部品,自動車・モビリティ,https://s.kabutan.jp/themes/%E8%87%AA%E5%8B%95%E8%BB%8A%E9%83%A8%E6%9D%90%E3%83%BB%E9%83%A8%E5%93%81/?market=all
8,7283,7283.T,7283.T,電気自動車関連,自動車・モビリティ,https://s.kabutan.jp/themes/%E9%9B%BB%E6%B0%97%E8%87%AA%E5%8B%95%E8%BB%8A%E9%96%A2%E9%80%A3/?market=all
8,7284,7284.T,7284.T,住宅関連,不動産・建設,https://s.kabutan.jp/themes/%E4%BD%8F%E5%AE%85%E9%96%A2%E9%80%A3/?market=all
8,7284,7284.T,7284.T,自動車部材・部品,自動車・モビリティ,https://s.kabutan.jp/themes/%E8%87%AA%E5%8B%95%E8%BB%8A%E9%83%A8%E6%9D%90%E3%83%BB%E9%83%A8%E5%93%81/?market=all
8,7287,7287.T,7287.T,IoT,設備投資・機械,https://s.kabutan.jp/themes/IoT/?market=all
8,7287,7287.T,7287.T,クラウドコンピューティング,デジタル・サービス,https://s.kabutan.jp/themes/%E3%82%AF%E3%83%A9%E3%82%A6%E3%83%89%E3%82%B3%E3%83%B3%E3%83%94%E3%83%A5%E3%83%BC%E3%83%86%E3%82%A3%E3%83%B3%E3%82%B0/?market=all
8,7287,7287.T,7287.T,建設機械,設備投資・機械,https://s.kabutan.jp/themes/%E5%BB%BA%E8%A8%AD%E6%A9%9F%E6%A2%B0/?market=all
8,7287,7287.T,7287.T,自動車部材・部品,自動車・モビリティ,https://s.kabutan.jp/themes/%E8%87%AA%E5%8B%95%E8%BB%8A%E9%83%A8%E6%9D%90%E3%83%BB%E9%83%A8%E5%93%81/?market=all
8,7291,7291.T,7291.T,自動車部材・部品,自動車・モビリティ,https://s.kabutan.jp/themes/%E8%87%AA%E5%8B%95%E8%BB%8A%E9%83%A8%E6%9D%90%E3%83%BB%E9%83%A8%E5%93%81/?market=all
8,7292,7292.T,7292.T,自動車部材・部品,自動車・モビリティ,https://s.kabutan.jp/themes/%E8%87%AA%E5%8B%95%E8%BB%8A%E9%83%A8%E6%9D%90%E3%83%BB%E9%83%A8%E5%93%81/?market=all
8,7294,7294.T,7294.T,自動車部材・部品,自動車・モビリティ,https://s.kabutan.jp/themes/%E8%87%AA%E5%8B%95%E8%BB%8A%E9%83%A8%E6%9D%90%E3%83%BB%E9%83%A8%E5%93%81/?market=all
8,7296,7296.T,7296.T,自動車部材・部品,自動車・モビリティ,https://s.kabutan.jp/themes/%E8%87%AA%E5%8B%95%E8%BB%8A%E9%83%A8%E6%9D%90%E3%83%BB%E9%83%A8%E5%93%81/?market=all
8,7299,7299.T,7299.T,FA関連,設備投資・機械,https://s.kabutan.jp/themes/FA%E9%96%A2%E9%80%A3/?market=all
8,7299,7299.T,7299.T,自動車部材・部品,自動車・モビリティ,https://s.kabutan.jp/themes/%E8%87%AA%E5%8B%95%E8%BB%8A%E9%83%A8%E6%9D%90%E3%83%BB%E9%83%A8%E5%93%81/?market=all
8,7305,7305.T,7305.T,介護関連,医療・ヘルスケア,https://s.kabutan.jp/themes/%E4%BB%8B%E8%AD%B7%E9%96%A2%E9%80%A3/?market=all
8,7309,7309.T,7309.T,円安メリット,内需・消費,https://s.kabutan.jp/themes/%E5%86%86%E5%AE%89%E3%83%A1%E3%83%AA%E3%83%83%E3%83%88/?market=all
8,7313,7313.T,7313.T,円安メリット,内需・消費,https://s.kabutan.jp/themes/%E5%86%86%E5%AE%89%E3%83%A1%E3%83%AA%E3%83%83%E3%83%88/?market=all
8,7313,7313.T,7313.T,自動車部材・部品,自動車・モビリティ,https://s.kabutan.jp/themes/%E8%87%AA%E5%8B%95%E8%BB%8A%E9%83%A8%E6%9D%90%E3%83%BB%E9%83%A8%E5%93%81/?market=all
8,7314,7314.T,7314.T,キャッシュレス決済,金融・金利,https://s.kabutan.jp/themes/%E3%82%AD%E3%83%A3%E3%83%83%E3%82%B7%E3%83%A5%E3%83%AC%E3%82%B9%E6%B1%BA%E6%B8%88/?market=all
8,7314,7314.T,7314.T,鉄道関連,物流・海運,https://s.kabutan.jp/themes/%E9%89%84%E9%81%93%E9%96%A2%E9%80%A3/?market=all
8,7318,7318.T,7318.T,FA関連,設備投資・機械,https://s.kabutan.jp/themes/FA%E9%96%A2%E9%80%A3/?market=all
8,7318,7318.T,7318.T,機械,設備投資・機械,https://s.kabutan.jp/themes/%E6%A9%9F%E6%A2%B0/?market=all
8,7318,7318.T,7318.T,自動車軽量化,自動車・モビリティ,https://s.kabutan.jp/themes/%E8%87%AA%E5%8B%95%E8%BB%8A%E8%BB%BD%E9%87%8F%E5%8C%96/?market=all
8,7318,7318.T,7318.T,自動車部材・部品,自動車・モビリティ,https://s.kabutan.jp/themes/%E8%87%AA%E5%8B%95%E8%BB%8A%E9%83%A8%E6%9D%90%E3%83%BB%E9%83%A8%E5%93%81/?market=all
8,7320,7320.T,7320.T,住宅関連,不動産・建設,https://s.kabutan.jp/themes/%E4%BD%8F%E5%AE%85%E9%96%A2%E9%80%A3/?market=all
8,7320,7320.T,7320.T,電気自動車関連,自動車・モビリティ,https://s.kabutan.jp/themes/%E9%9B%BB%E6%B0%97%E8%87%AA%E5%8B%95%E8%BB%8A%E9%96%A2%E9%80%A3/?market=all
8,7322,7322.T,三十三ＦＧ,リース,金融・金利,https://s.kabutan.jp/themes/%E3%83%AA%E3%83%BC%E3%82%B9/?market=all
8,7322,7322.T,三十三ＦＧ,地方銀行,金融・金利,https://s.kabutan.jp/themes/%E5%9C%B0%E6%96%B9%E9%8A%80%E8%A1%8C/?market=all
8,7322,7322.T,三十三ＦＧ,金利上昇メリット,金融・金利,https://s.kabutan.jp/themes/%E9%87%91%E5%88%A9%E4%B8%8A%E6%98%87%E3%83%A1%E3%83%AA%E3%83%83%E3%83%88/?market=all
8,7322,7322.T,三十三ＦＧ,銀行,金融・金利,https://s.kabutan.jp/themes/%E9%8A%80%E8%A1%8C/?market=all
8,7325,7325.T,アイリック,SaaS,デジタル・サービス,https://s.kabutan.jp/themes/SaaS/?market=all
8,7325,7325.T,アイリック,クラウドコンピューティング,デジタル・サービス,https://s.kabutan.jp/themes/%E3%82%AF%E3%83%A9%E3%82%A6%E3%83%89%E3%82%B3%E3%83%B3%E3%83%94%E3%83%A5%E3%83%BC%E3%83%86%E3%82%A3%E3%83%B3%E3%82%B0/?market=all
8,7325,7325.T,アイリック,サブスクリプション,デジタル・サービス,https://s.kabutan.jp/themes/%E3%82%B5%E3%83%96%E3%82%B9%E3%82%AF%E3%83%AA%E3%83%97%E3%82%B7%E3%83%A7%E3%83%B3/?market=all
8,7325,7325.T,アイリック,人工知能,AI・半導体,https://s.kabutan.jp/themes/%E4%BA%BA%E5%B7%A5%E7%9F%A5%E8%83%BD/?market=all
8,7325,7325.T,アイリック,保険,金融・金利,https://s.kabutan.jp/themes/%E4%BF%9D%E9%99%BA/?market=all
8,7326,7326.T,7326.T,保険,金融・金利,https://s.kabutan.jp/themes/%E4%BF%9D%E9%99%BA/?market=all
8,7327,7327.T,第四北越ＦＧ,リース,金融・金利,https://s.kabutan.jp/themes/%E3%83%AA%E3%83%BC%E3%82%B9/?market=all
8,7327,7327.T,第四北越ＦＧ,地方銀行,金融・金利,https://s.kabutan.jp/themes/%E5%9C%B0%E6%96%B9%E9%8A%80%E8%A1%8C/?market=all
8,7327,7327.T,第四北越ＦＧ,証券,金融・金利,https://s.kabutan.jp/themes/%E8%A8%BC%E5%88%B8/?market=all
8,7327,7327.T,第四北越ＦＧ,金利上昇メリット,金融・金利,https://s.kabutan.jp/themes/%E9%87%91%E5%88%A9%E4%B8%8A%E6%98%87%E3%83%A1%E3%83%AA%E3%83%83%E3%83%88/?market=all
8,7327,7327.T,第四北越ＦＧ,銀行,金融・金利,https://s.kabutan.jp/themes/%E9%8A%80%E8%A1%8C/?market=all
8,7337,7337.T,ひろぎんＨＤ,リース,金融・金利,https://s.kabutan.jp/themes/%E3%83%AA%E3%83%BC%E3%82%B9/?market=all
8,7337,7337.T,ひろぎんＨＤ,地方銀行,金融・金利,https://s.kabutan.jp/themes/%E5%9C%B0%E6%96%B9%E9%8A%80%E8%A1%8C/?market=all
8,7337,7337.T,ひろぎんＨＤ,証券,金融・金利,https://s.kabutan.jp/themes/%E8%A8%BC%E5%88%B8/?market=all
8,7337,7337.T,ひろぎんＨＤ,金利上昇メリット,金融・金利,https://s.kabutan.jp/themes/%E9%87%91%E5%88%A9%E4%B8%8A%E6%98%87%E3%83%A1%E3%83%AA%E3%83%83%E3%83%88/?market=all
8,7337,7337.T,ひろぎんＨＤ,銀行,金融・金利,https://s.kabutan.jp/themes/%E9%8A%80%E8%A1%8C/?market=all
8,7343,7343.T,7343.T,フィンテック,金融・金利,https://s.kabutan.jp/themes/%E3%83%95%E3%82%A3%E3%83%B3%E3%83%86%E3%83%83%E3%82%AF/?market=all
8,7343,7343.T,7343.T,不動産関連,不動産・建設,https://s.kabutan.jp/themes/%E4%B8%8D%E5%8B%95%E7%94%A3%E9%96%A2%E9%80%A3/?market=all
8,7343,7343.T,7343.T,保険,金融・金利,https://s.kabutan.jp/themes/%E4%BF%9D%E9%99%BA/?market=all
8,7350,7350.T,おきなわＦＧ,リース,金融・金利,https://s.kabutan.jp/themes/%E3%83%AA%E3%83%BC%E3%82%B9/?market=all
8,7350,7350.T,おきなわＦＧ,地方銀行,金融・金利,https://s.kabutan.jp/themes/%E5%9C%B0%E6%96%B9%E9%8A%80%E8%A1%8C/?market=all
8,7350,7350.T,おきなわＦＧ,証券,金融・金利,https://s.kabutan.jp/themes/%E8%A8%BC%E5%88%B8/?market=all
8,7350,7350.T,おきなわＦＧ,金利上昇メリット,金融・金利,https://s.kabutan.jp/themes/%E9%87%91%E5%88%A9%E4%B8%8A%E6%98%87%E3%83%A1%E3%83%AA%E3%83%83%E3%83%88/?market=all
8,7350,7350.T,おきなわＦＧ,銀行,金融・金利,https://s.kabutan.jp/themes/%E9%8A%80%E8%A1%8C/?market=all
8,7351,7351.T,7351.T,SaaS,デジタル・サービス,https://s.kabutan.jp/themes/SaaS/?market=all
8,7351,7351.T,7351.T,デジタルトランスフォーメーション,デジタル・サービス,https://s.kabutan.jp/themes/%E3%83%87%E3%82%B8%E3%82%BF%E3%83%AB%E3%83%88%E3%83%A9%E3%83%B3%E3%82%B9%E3%83%95%E3%82%A9%E3%83%BC%E3%83%A1%E3%83%BC%E3%82%B7%E3%83%A7%E3%83%B3/?market=all
8,7352,7352.T,7352.T,IT関連,デジタル・サービス,https://s.kabutan.jp/themes/IT%E9%96%A2%E9%80%A3/?market=all
8,7352,7352.T,7352.T,生成AI,AI・半導体,https://s.kabutan.jp/themes/%E7%94%9F%E6%88%90AI/?market=all
8,7353,7353.T,7353.T,サブスクリプション,デジタル・サービス,https://s.kabutan.jp/themes/%E3%82%B5%E3%83%96%E3%82%B9%E3%82%AF%E3%83%AA%E3%83%97%E3%82%B7%E3%83%A7%E3%83%B3/?market=all
8,7353,7353.T,7353.T,教育ICT,デジタル・サービス,https://s.kabutan.jp/themes/%E6%95%99%E8%82%B2ICT/?market=all
8,7356,7356.T,7356.T,サブスクリプション,デジタル・サービス,https://s.kabutan.jp/themes/%E3%82%B5%E3%83%96%E3%82%B9%E3%82%AF%E3%83%AA%E3%83%97%E3%82%B7%E3%83%A7%E3%83%B3/?market=all
8,7356,7356.T,7356.T,外食,内需・消費,https://s.kabutan.jp/themes/%E5%A4%96%E9%A3%9F/?market=all
8,7357,7357.T,7357.T,IT関連,デジタル・サービス,https://s.kabutan.jp/themes/IT%E9%96%A2%E9%80%A3/?market=all
8,7357,7357.T,7357.T,クラウドコンピューティング,デジタル・サービス,https://s.kabutan.jp/themes/%E3%82%AF%E3%83%A9%E3%82%A6%E3%83%89%E3%82%B3%E3%83%B3%E3%83%94%E3%83%A5%E3%83%BC%E3%83%86%E3%82%A3%E3%83%B3%E3%82%B0/?market=all
8,7357,7357.T,7357.T,生成AI,AI・半導体,https://s.kabutan.jp/themes/%E7%94%9F%E6%88%90AI/?market=all
8,7358,7358.T,7358.T,介護関連,医療・ヘルスケア,https://s.kabutan.jp/themes/%E4%BB%8B%E8%AD%B7%E9%96%A2%E9%80%A3/?market=all
8,7359,7359.T,7359.T,IT関連,デジタル・サービス,https://s.kabutan.jp/themes/IT%E9%96%A2%E9%80%A3/?market=all
8,7359,7359.T,7359.T,ゲーム関連,デジタル・サービス,https://s.kabutan.jp/themes/%E3%82%B2%E3%83%BC%E3%83%A0%E9%96%A2%E9%80%A3/?market=all
8,7359,7359.T,7359.T,デジタルトランスフォーメーション,デジタル・サービス,https://s.kabutan.jp/themes/%E3%83%87%E3%82%B8%E3%82%BF%E3%83%AB%E3%83%88%E3%83%A9%E3%83%B3%E3%82%B9%E3%83%95%E3%82%A9%E3%83%BC%E3%83%A1%E3%83%BC%E3%82%B7%E3%83%A7%E3%83%B3/?market=all
8,7361,7361.T,7361.T,IT関連,デジタル・サービス,https://s.kabutan.jp/themes/IT%E9%96%A2%E9%80%A3/?market=all
8,7361,7361.T,7361.T,デジタルトランスフォーメーション,デジタル・サービス,https://s.kabutan.jp/themes/%E3%83%87%E3%82%B8%E3%82%BF%E3%83%AB%E3%83%88%E3%83%A9%E3%83%B3%E3%82%B9%E3%83%95%E3%82%A9%E3%83%BC%E3%83%A1%E3%83%BC%E3%82%B7%E3%83%A7%E3%83%B3/?market=all
8,7361,7361.T,7361.T,電子政府,デジタル・サービス,https://s.kabutan.jp/themes/%E9%9B%BB%E5%AD%90%E6%94%BF%E5%BA%9C/?market=all
8,7362,7362.T,7362.T,不動産関連,不動産・建設,https://s.kabutan.jp/themes/%E4%B8%8D%E5%8B%95%E7%94%A3%E9%96%A2%E9%80%A3/?market=all
8,7362,7362.T,7362.T,介護関連,医療・ヘルスケア,https://s.kabutan.jp/themes/%E4%BB%8B%E8%AD%B7%E9%96%A2%E9%80%A3/?market=all
8,7362,7362.T,7362.T,建設,不動産・建設,https://s.kabutan.jp/themes/%E5%BB%BA%E8%A8%AD/?market=all
8,7363,7363.T,7363.T,IT関連,デジタル・サービス,https://s.kabutan.jp/themes/IT%E9%96%A2%E9%80%A3/?market=all
8,7366,7366.T,7366.T,SaaS,デジタル・サービス,https://s.kabutan.jp/themes/SaaS/?market=all
8,7368,7368.T,7368.T,鉄道関連,物流・海運,https://s.kabutan.jp/themes/%E9%89%84%E9%81%93%E9%96%A2%E9%80%A3/?market=all
8,7369,7369.T,7369.T,介護関連,医療・ヘルスケア,https://s.kabutan.jp/themes/%E4%BB%8B%E8%AD%B7%E9%96%A2%E9%80%A3/?market=all
8,7369,7369.T,7369.T,建設,不動産・建設,https://s.kabutan.jp/themes/%E5%BB%BA%E8%A8%AD/?market=all
8,7370,7370.T,7370.T,サブスクリプション,デジタル・サービス,https://s.kabutan.jp/themes/%E3%82%B5%E3%83%96%E3%82%B9%E3%82%AF%E3%83%AA%E3%83%97%E3%82%B7%E3%83%A7%E3%83%B3/?market=all
8,7370,7370.T,7370.T,生成AI,AI・半導体,https://s.kabutan.jp/themes/%E7%94%9F%E6%88%90AI/?market=all
8,7371,7371.T,Ｚｅｎｋｅｎ,IT関連,デジタル・サービス,https://s.kabutan.jp/themes/IT%E9%96%A2%E9%80%A3/?market=all
8,7371,7371.T,Ｚｅｎｋｅｎ,不動産関連,不動産・建設,https://s.kabutan.jp/themes/%E4%B8%8D%E5%8B%95%E7%94%A3%E9%96%A2%E9%80%A3/?market=all
8,7371,7371.T,Ｚｅｎｋｅｎ,人工知能,AI・半導体,https://s.kabutan.jp/themes/%E4%BA%BA%E5%B7%A5%E7%9F%A5%E8%83%BD/?market=all
8,7373,7373.T,アイドマＨＤ,デジタルトランスフォーメーション,デジタル・サービス,https://s.kabutan.jp/themes/%E3%83%87%E3%82%B8%E3%82%BF%E3%83%AB%E3%83%88%E3%83%A9%E3%83%B3%E3%82%B9%E3%83%95%E3%82%A9%E3%83%BC%E3%83%A1%E3%83%BC%E3%82%B7%E3%83%A7%E3%83%B3/?market=all
8,7373,7373.T,アイドマＨＤ,データベース,デジタル・サービス,https://s.kabutan.jp/themes/%E3%83%87%E3%83%BC%E3%82%BF%E3%83%99%E3%83%BC%E3%82%B9/?market=all
8,7374,7374.T,7374.T,ゲーム関連,デジタル・サービス,https://s.kabutan.jp/themes/%E3%82%B2%E3%83%BC%E3%83%A0%E9%96%A2%E9%80%A3/?market=all
