batch,stock_code,long_name,theme_name,cluster,current_business_score,growth_relevance_score,prior_relevance_score,prior_band,prior_confidence,prior_review_flag,evidence,official_hits,official_hit_count,official_urls,sector,industry,website
2,261A,"Nihon Suido Consultants Co., Ltd.",デジタルトランスフォーメーション,デジタル・サービス,72,68,71,有力関連,B,needs_review,事業概要に直接根拠を確認できず; official=DX; count=1; pos=0.42,DX,1,https://www.nissuicon.co.jp,Industrials,Engineering & Construction,https://www.nissuicon.co.jp
2,261A,"Nihon Suido Consultants Co., Ltd.",下水道,防衛・国土強靱化,97,100,98,主力テーマ,A,ok,direct=sewerage/wastewater; position=0.09; growth=development/research,,0,https://www.nissuicon.co.jp,Industrials,Engineering & Construction,https://www.nissuicon.co.jp
2,261A,"Nihon Suido Consultants Co., Ltd.",国土強靱化,防衛・国土強靱化,42,42,42,補助関連,C,needs_review,adjacent=civil engineering; growth=development/research,,0,https://www.nissuicon.co.jp,Industrials,Engineering & Construction,https://www.nissuicon.co.jp
2,261A,"Nihon Suido Consultants Co., Ltd.",水道関連,防衛・国土強靱化,92,96,93,主力テーマ,A,ok,direct=water supply; position=0.07; growth=development/research,,0,https://www.nissuicon.co.jp,Industrials,Engineering & Construction,https://www.nissuicon.co.jp
2,261A,"Nihon Suido Consultants Co., Ltd.",耐震化,防衛・国土強靱化,8,5,7,ノイズ候補,C,needs_review,事業概要に直接根拠を確認できず,,0,https://www.nissuicon.co.jp,Industrials,Engineering & Construction,https://www.nissuicon.co.jp
2,261A,"Nihon Suido Consultants Co., Ltd.",防災,防衛・国土強靱化,86,90,87,主力テーマ,A,ok,direct=flood control; position=0.37; growth=development/research,,0,https://www.nissuicon.co.jp,Industrials,Engineering & Construction,https://www.nissuicon.co.jp
2,262A,Intermestic Inc.,小売り,内需・消費,42,30,38,ノイズ候補,C,needs_review,adjacent=stores,,0,https://www.zoff.com,Healthcare,Medical Instruments & Supplies,https://www.zoff.com
2,264A,"Schoo,inc.",クラウドコンピューティング,デジタル・サービス,8,5,7,ノイズ候補,C,needs_review,事業概要に直接根拠を確認できず,,0,https://www.schoo.jp | https://schoo.jp/premium,Consumer Defensive,Education & Training Services,https://www.schoo.jp
2,264A,"Schoo,inc.",デジタルトランスフォーメーション,デジタル・サービス,90,82,88,主力テーマ,A,official_site_supported,direct=digital transformation; position=0.74; official=DX; count=3; pos=0.03,DX,3,https://www.schoo.jp | https://schoo.jp/premium,Consumer Defensive,Education & Training Services,https://www.schoo.jp
2,2653,"Aeon Kyushu Co., Ltd.",小売り,内需・消費,94,86,92,主力テーマ,A,ok,industry=Department Stores; direct=supermarket; position=0.19,,0,https://www.aeon-kyushu.info,Consumer Cyclical,Department Stores,https://www.aeon-kyushu.info
2,2653,"Aeon Kyushu Co., Ltd.",食品,内需・消費,8,5,7,ノイズ候補,C,needs_review,事業概要に直接根拠を確認できず,,0,https://www.aeon-kyushu.info,Consumer Cyclical,Department Stores,https://www.aeon-kyushu.info
2,2654,Asmo Corporation,介護関連,医療・ヘルスケア,92,90,91,主力テーマ,A,ok,direct=nursing care; position=0.21; official=介護/介護サービス; count=35; pos=0.13,介護 | 介護サービス,35,https://www.asmo1.co.jp | https://www.asmo1.co.jp/about/greeting/ | https://www.asmo1.co.jp/about/business/,Consumer Defensive,Packaged Foods,https://www.asmo1.co.jp
2,2654,Asmo Corporation,外食,内需・消費,97,89,95,主力テーマ,A,ok,direct=restaurant/food service; position=0.16; official=外食; count=7; pos=0.21,外食,7,https://www.asmo1.co.jp | https://www.asmo1.co.jp/about/greeting/ | https://www.asmo1.co.jp/about/business/,Consumer Defensive,Packaged Foods,https://www.asmo1.co.jp
2,2654,Asmo Corporation,小売り,内需・消費,8,5,7,ノイズ候補,C,needs_review,事業概要に直接根拠を確認できず,,0,https://www.asmo1.co.jp | https://www.asmo1.co.jp/about/greeting/ | https://www.asmo1.co.jp/about/business/,Consumer Defensive,Packaged Foods,https://www.asmo1.co.jp
2,2659,"SAN-A CO.,LTD.",外食,内需・消費,58,46,54,補助関連,C,needs_review,direct=restaurant; position=0.70,,0,https://www.san-a.co.jp,Consumer Cyclical,Department Stores,https://www.san-a.co.jp
2,265A,Hmcomm Inc.,AIエージェント,AI・半導体,42,40,41,補助関連,C,needs_review,adjacent=artificial intelligence; growth=develops,,0,https://hmcom.co.jp | https://hmcom.co.jp/company/,Technology,Software - Infrastructure,https://hmcom.co.jp
2,265A,Hmcomm Inc.,IT関連,デジタル・サービス,94,96,95,主力テーマ,A,qa_peripheral,industry=Software - Infrastructure; direct=information technology; position=0.66; growth=develops; official=IT; count=1; pos=0.32,IT,1,https://hmcom.co.jp | https://hmcom.co.jp/company/,Technology,Software - Infrastructure,https://hmcom.co.jp
2,265A,Hmcomm Inc.,サブスクリプション,デジタル・サービス,8,5,7,ノイズ候補,C,needs_review,事業概要に直接根拠を確認できず,,0,https://hmcom.co.jp | https://hmcom.co.jp/company/,Technology,Software - Infrastructure,https://hmcom.co.jp
2,265A,Hmcomm Inc.,デジタルトランスフォーメーション,デジタル・サービス,8,5,7,ノイズ候補,C,needs_review,事業概要に直接根拠を確認できず,,0,https://hmcom.co.jp | https://hmcom.co.jp/company/,Technology,Software - Infrastructure,https://hmcom.co.jp
2,265A,Hmcomm Inc.,人工知能,AI・半導体,92,90,91,主力テーマ,A,ok,direct=artificial intelligence/ ai ; position=0.40; growth=develops; official=AI; count=30; pos=0.00,AI,30,https://hmcom.co.jp | https://hmcom.co.jp/company/,Technology,Software - Infrastructure,https://hmcom.co.jp
2,265A,Hmcomm Inc.,生成AI,AI・半導体,46,44,45,補助関連,C,needs_review,adjacent=artificial intelligence/ ai ; growth=develops,,0,https://hmcom.co.jp | https://hmcom.co.jp/company/,Technology,Software - Infrastructure,https://hmcom.co.jp
2,2664,Cawachi Limited,食品,内需・消費,58,54,57,補助関連,C,needs_review,adjacent=foods/confectionery; official=食品; count=2; pos=0.65,食品,2,https://www.cawachi.co.jp | https://www.cawachi.co.jp/corporate/outline/,Healthcare,Pharmaceutical Retailers,https://www.cawachi.co.jp
2,2666,"AUTOWAVE Co., Ltd.",サブスクリプション,デジタル・サービス,8,5,7,ノイズ候補,C,needs_review,事業概要に直接根拠を確認できず,,0,https://www.auto-wave.co.jp,Consumer Cyclical,Specialty Retail,https://www.auto-wave.co.jp
2,2666,"AUTOWAVE Co., Ltd.",リース,金融・金利,8,5,7,ノイズ候補,C,needs_review,事業概要に直接根拠を確認できず,,0,https://www.auto-wave.co.jp,Consumer Cyclical,Specialty Retail,https://www.auto-wave.co.jp
2,2666,"AUTOWAVE Co., Ltd.",小売り,内需・消費,90,82,88,主力テーマ,A,ok,industry=Specialty Retail; adjacent=retail,,0,https://www.auto-wave.co.jp,Consumer Cyclical,Specialty Retail,https://www.auto-wave.co.jp
2,2667,"ImageONE Co., Ltd.",IT関連,デジタル・サービス,72,68,71,有力関連,B,needs_review,adjacent=software; official=IT; count=11; pos=0.02,IT,11,https://www.imageone.co.jp | https://www.imageone.co.jp/company/ | https://www.imageone.co.jp/company/about/,Technology,Scientific & Technical Instruments,https://www.imageone.co.jp
2,2667,"ImageONE Co., Ltd.",クラウドコンピューティング,デジタル・サービス,42,30,38,ノイズ候補,C,needs_review,adjacent=cloud,,0,https://www.imageone.co.jp | https://www.imageone.co.jp/company/ | https://www.imageone.co.jp/company/about/,Technology,Scientific & Technical Instruments,https://www.imageone.co.jp
2,2667,"ImageONE Co., Ltd.",サブスクリプション,デジタル・サービス,8,5,7,ノイズ候補,C,needs_review,事業概要に直接根拠を確認できず,,0,https://www.imageone.co.jp | https://www.imageone.co.jp/company/ | https://www.imageone.co.jp/company/about/,Technology,Scientific & Technical Instruments,https://www.imageone.co.jp
2,2667,"ImageONE Co., Ltd.",データセンター,データセンター・電力,8,5,7,ノイズ候補,C,needs_review,事業概要に直接根拠を確認できず,,0,https://www.imageone.co.jp | https://www.imageone.co.jp/company/ | https://www.imageone.co.jp/company/about/,Technology,Scientific & Technical Instruments,https://www.imageone.co.jp
2,2667,"ImageONE Co., Ltd.",データ分析・解析,AI・半導体,8,5,7,ノイズ候補,C,needs_review,事業概要に直接根拠を確認できず,,0,https://www.imageone.co.jp | https://www.imageone.co.jp/company/ | https://www.imageone.co.jp/company/about/,Technology,Scientific & Technical Instruments,https://www.imageone.co.jp
2,2667,"ImageONE Co., Ltd.",ドローン,防衛・国土強靱化,86,78,84,主力テーマ,B,ok,direct=uav; position=0.37,,0,https://www.imageone.co.jp | https://www.imageone.co.jp/company/ | https://www.imageone.co.jp/company/about/,Technology,Scientific & Technical Instruments,https://www.imageone.co.jp
2,2667,"ImageONE Co., Ltd.",人工知能,AI・半導体,92,90,91,主力テーマ,A,official_site_supported,事業概要に直接根拠を確認できず; official=AI; count=10; pos=0.02,AI,10,https://www.imageone.co.jp | https://www.imageone.co.jp/company/ | https://www.imageone.co.jp/company/about/,Technology,Scientific & Technical Instruments,https://www.imageone.co.jp
2,2667,"ImageONE Co., Ltd.",再生可能エネルギー,GX・エネルギー,8,5,7,ノイズ候補,C,needs_review,事業概要に直接根拠を確認できず,,0,https://www.imageone.co.jp | https://www.imageone.co.jp/company/ | https://www.imageone.co.jp/company/about/,Technology,Scientific & Technical Instruments,https://www.imageone.co.jp
2,2667,"ImageONE Co., Ltd.",医療機器,医療・ヘルスケア,90,82,88,主力テーマ,A,official_site_supported,事業概要に直接根拠を確認できず; official=医療機器; count=4; pos=0.12,医療機器,4,https://www.imageone.co.jp | https://www.imageone.co.jp/company/ | https://www.imageone.co.jp/company/about/,Technology,Scientific & Technical Instruments,https://www.imageone.co.jp
2,2667,"ImageONE Co., Ltd.",太陽光発電関連,GX・エネルギー,42,30,38,ノイズ候補,C,needs_review,adjacent=solar,,0,https://www.imageone.co.jp | https://www.imageone.co.jp/company/ | https://www.imageone.co.jp/company/about/,Technology,Scientific & Technical Instruments,https://www.imageone.co.jp
2,2667,"ImageONE Co., Ltd.",空飛ぶクルマ,自動車・モビリティ,8,5,7,ノイズ候補,C,needs_review,事業概要に直接根拠を確認できず,,0,https://www.imageone.co.jp | https://www.imageone.co.jp/company/ | https://www.imageone.co.jp/company/about/,Technology,Scientific & Technical Instruments,https://www.imageone.co.jp
2,2667,"ImageONE Co., Ltd.",遠隔医療,医療・ヘルスケア,8,5,7,ノイズ候補,C,needs_review,事業概要に直接根拠を確認できず,,0,https://www.imageone.co.jp | https://www.imageone.co.jp/company/ | https://www.imageone.co.jp/company/about/,Technology,Scientific & Technical Instruments,https://www.imageone.co.jp
2,2667,"ImageONE Co., Ltd.",風力発電,GX・エネルギー,66,56,63,有力関連,B,qa_borderline,direct=wind turbine; position=0.61,,0,https://www.imageone.co.jp | https://www.imageone.co.jp/company/ | https://www.imageone.co.jp/company/about/,Technology,Scientific & Technical Instruments,https://www.imageone.co.jp
2,2673,"YUMEMITSUKETAI Co.,Ltd.",不動産関連,不動産・建設,58,46,54,補助関連,C,needs_review,direct=real estate business; position=0.73,,0,https://www.yumetai.co.jp | https://www.yumetai.co.jp/shop/e/eNewA/ | https://www.yumetai.co.jp/shop/pages/company.aspx,Consumer Cyclical,Internet Retail,https://www.yumetai.co.jp
2,2673,"YUMEMITSUKETAI Co.,Ltd.",介護関連,医療・ヘルスケア,58,46,54,補助関連,C,needs_review,direct=elderly care; position=0.78,,0,https://www.yumetai.co.jp | https://www.yumetai.co.jp/shop/e/eNewA/ | https://www.yumetai.co.jp/shop/pages/company.aspx,Consumer Cyclical,Internet Retail,https://www.yumetai.co.jp
2,2676,"Takachiho Koheki Co.,Ltd.",キャッシュレス決済,金融・金利,8,5,7,ノイズ候補,C,needs_review,事業概要に直接根拠を確認できず,,0,https://www.takachiho-kk.co.jp | https://www.takachiho-kk.co.jp/prod/ | https://www.takachiho-kk.co.jp/prod/mechanical/,Industrials,Conglomerates,https://www.takachiho-kk.co.jp
2,2676,"Takachiho Koheki Co.,Ltd.",クラウドコンピューティング,デジタル・サービス,92,90,91,主力テーマ,A,official_site_supported,direct=cloud service; position=0.63; official=クラウド; count=15; pos=0.01,クラウド,15,https://www.takachiho-kk.co.jp | https://www.takachiho-kk.co.jp/prod/ | https://www.takachiho-kk.co.jp/prod/mechanical/,Industrials,Conglomerates,https://www.takachiho-kk.co.jp
2,2676,"Takachiho Koheki Co.,Ltd.",データセンター,データセンター・電力,92,90,91,主力テーマ,A,official_site_supported,事業概要に直接根拠を確認できず; official=データセンター/データセンタ; count=6; pos=0.13,データセンター | データセンタ,6,https://www.takachiho-kk.co.jp | https://www.takachiho-kk.co.jp/prod/ | https://www.takachiho-kk.co.jp/prod/mechanical/,Industrials,Conglomerates,https://www.takachiho-kk.co.jp
2,2676,"Takachiho Koheki Co.,Ltd.",半導体,AI・半導体,92,90,91,主力テーマ,A,ok,direct=semiconductor; position=0.20; official=半導体; count=16; pos=0.01,半導体,16,https://www.takachiho-kk.co.jp | https://www.takachiho-kk.co.jp/prod/ | https://www.takachiho-kk.co.jp/prod/mechanical/,Industrials,Conglomerates,https://www.takachiho-kk.co.jp
2,2676,"Takachiho Koheki Co.,Ltd.",半導体商社,AI・半導体,46,34,42,補助関連,C,needs_review,adjacent=semiconductor/trading company,,0,https://www.takachiho-kk.co.jp | https://www.takachiho-kk.co.jp/prod/ | https://www.takachiho-kk.co.jp/prod/mechanical/,Industrials,Conglomerates,https://www.takachiho-kk.co.jp
2,2678,ASKUL Corporation,IT関連,デジタル・サービス,8,5,7,ノイズ候補,C,needs_review,事業概要に直接根拠を確認できず,,0,https://www.askul.co.jp | https://www.askul.co.jp/green/ | https://www.askul.co.jp/odr/order/regOdrListView/,Consumer Cyclical,Internet Retail,https://www.askul.co.jp
2,2678,ASKUL Corporation,eコマース,内需・消費,92,84,90,主力テーマ,A,ok,direct=e-commerce; position=0.02,,0,https://www.askul.co.jp | https://www.askul.co.jp/green/ | https://www.askul.co.jp/odr/order/regOdrListView/,Consumer Cyclical,Internet Retail,https://www.askul.co.jp
2,2681,Geo Holdings Corporation,宅配,物流・海運,8,5,7,ノイズ候補,C,needs_review,事業概要に直接根拠を確認できず,,0,https://www.geonet.co.jp,Consumer Cyclical,Specialty Retail,https://www.geonet.co.jp
2,2681,Geo Holdings Corporation,小売り,内需・消費,90,92,91,主力テーマ,A,ok,industry=Specialty Retail; adjacent=retail/stores; growth=development,,0,https://www.geonet.co.jp,Consumer Cyclical,Specialty Retail,https://www.geonet.co.jp
2,2683,"UOGroup CO.,LTD.",外食,内需・消費,82,74,80,主力テーマ,B,ok,direct=restaurant; position=0.48,,0,https://www.uoki.co.jp | https://www.uoki.co.jp/company/,Consumer Defensive,Food Distribution,https://www.uoki.co.jp
2,2683,"UOGroup CO.,LTD.",小売り,内需・消費,66,56,63,有力関連,B,qa_borderline,direct=retail stores/supermarket; position=0.58,,0,https://www.uoki.co.jp | https://www.uoki.co.jp/company/,Consumer Defensive,Food Distribution,https://www.uoki.co.jp
2,2687,CVS Bay Area Inc.,ホテル,内需・消費,46,44,45,補助関連,C,needs_review,adjacent=hotel/accommodation; growth=development,,0,https://www.cvs-bayarea.co.jp,Consumer Defensive,Grocery Stores,https://www.cvs-bayarea.co.jp
2,2687,CVS Bay Area Inc.,マンション関連,不動産・建設,8,5,7,ノイズ候補,C,needs_review,事業概要に直接根拠を確認できず,,0,https://www.cvs-bayarea.co.jp,Consumer Defensive,Grocery Stores,https://www.cvs-bayarea.co.jp
2,2689,"OLBA DVx HEALTHCARE, Inc.",介護関連,医療・ヘルスケア,92,94,93,主力テーマ,A,ok,direct=nursing care; position=0.14; growth=research; official=介護; count=8; pos=0.01,介護,8,https://www.olba.co.jp | https://www.olba.co.jp/corporate/about.html | https://www.olba.co.jp/corporate/access.html,Healthcare,Medical Distribution,https://www.olba.co.jp
2,2689,"OLBA DVx HEALTHCARE, Inc.",医薬品関連,医療・ヘルスケア,97,99,98,主力テーマ,A,ok,direct=pharmaceutical/pharma; position=0.06; growth=research,,0,https://www.olba.co.jp | https://www.olba.co.jp/corporate/about.html | https://www.olba.co.jp/corporate/access.html,Healthcare,Medical Distribution,https://www.olba.co.jp
2,268A,Rigaku Holdings Corporation,医療機器,医療・ヘルスケア,8,5,7,ノイズ候補,C,needs_review,事業概要に直接根拠を確認できず,,0,https://www.rigaku-holdings.com | https://rigaku-holdings.com/about/ | https://rigaku-holdings.com/group/business/,Technology,Scientific & Technical Instruments,https://www.rigaku-holdings.com
2,268A,Rigaku Holdings Corporation,半導体製造装置,AI・半導体,42,30,38,ノイズ候補,C,needs_review,adjacent=semiconductor,,0,https://www.rigaku-holdings.com | https://rigaku-holdings.com/about/ | https://rigaku-holdings.com/group/business/,Technology,Scientific & Technical Instruments,https://www.rigaku-holdings.com
2,2693,YKT Corporation,工作機械,設備投資・機械,97,100,98,主力テーマ,A,ok,direct=machine tool/machining center; position=0.09; official=工作機械; count=1; pos=0.01,工作機械,1,https://www.ykt.co.jp | https://www.ykt.co.jp/product/ | https://www.ykt.co.jp/support/panasonic/,Industrials,Specialty Industrial Machinery,https://www.ykt.co.jp
2,2693,YKT Corporation,量子コンピューター,AI・半導体,8,5,7,ノイズ候補,C,needs_review,事業概要に直接根拠を確認できず,,0,https://www.ykt.co.jp | https://www.ykt.co.jp/product/ | https://www.ykt.co.jp/support/panasonic/,Industrials,Specialty Industrial Machinery,https://www.ykt.co.jp
2,2694,Yakiniku Sakai Holdings Inc.,外食,内需・消費,97,89,95,主力テーマ,A,ok,industry=Restaurants; direct=restaurant/food service; position=0.05; official=外食; count=1; pos=0.92,外食,1,https://ys-holdings.co.jp | https://ys-holdings.co.jp/message/ | https://ys-holdings.co.jp/franchise/,Consumer Cyclical,Restaurants,https://ys-holdings.co.jp
2,2694,Yakiniku Sakai Holdings Inc.,宅配,物流・海運,8,5,7,ノイズ候補,C,needs_review,事業概要に直接根拠を確認できず,,0,https://ys-holdings.co.jp | https://ys-holdings.co.jp/message/ | https://ys-holdings.co.jp/franchise/,Consumer Cyclical,Restaurants,https://ys-holdings.co.jp
2,2695,"Kura Sushi, Inc.",外食,内需・消費,94,86,92,主力テーマ,A,ok,industry=Restaurants; direct=restaurant; position=0.36,,0,https://www.kurasushi.co.jp | https://www.kurasushi.co.jp/company/,Consumer Cyclical,Restaurants,https://www.kurasushi.co.jp
2,269A,Sapeet Inc.,AIエージェント,AI・半導体,86,90,87,主力テーマ,A,ok,direct=ai agent; position=0.21; growth=development/new business,,0,https://sapeet.com,Technology,Software - Infrastructure,https://sapeet.com
2,269A,Sapeet Inc.,IT関連,デジタル・サービス,90,94,91,主力テーマ,A,ok,industry=Software - Infrastructure; adjacent=software/cloud service; growth=development/new business,,0,https://sapeet.com,Technology,Software - Infrastructure,https://sapeet.com
2,269A,Sapeet Inc.,SaaS,デジタル・サービス,90,94,91,主力テーマ,A,ok,industry=Software - Infrastructure; adjacent=cloud service; growth=development/new business,,0,https://sapeet.com,Technology,Software - Infrastructure,https://sapeet.com
2,269A,Sapeet Inc.,クラウドコンピューティング,デジタル・サービス,58,58,58,補助関連,C,needs_review,direct=cloud service; position=0.73; growth=development/new business,,0,https://sapeet.com,Technology,Software - Infrastructure,https://sapeet.com
2,269A,Sapeet Inc.,デジタルトランスフォーメーション,デジタル・サービス,86,90,87,主力テーマ,A,ok,direct= dx ; position=0.39; growth=development/new business,,0,https://sapeet.com,Technology,Software - Infrastructure,https://sapeet.com
2,269A,Sapeet Inc.,人工知能,AI・半導体,97,100,98,主力テーマ,A,ok,direct=artificial intelligence/ ai ; position=0.04; growth=development/new business,,0,https://sapeet.com,Technology,Software - Infrastructure,https://sapeet.com
2,269A,Sapeet Inc.,生成AI,AI・半導体,86,90,87,主力テーマ,A,ok,direct=generative ai; position=0.26; growth=development/new business,,0,https://sapeet.com,Technology,Software - Infrastructure,https://sapeet.com
2,2702,"McDonald's Holdings Company (Japan), Ltd.",外食,内需・消費,94,86,92,主力テーマ,A,ok,industry=Restaurants; direct=restaurant; position=0.19,,0,https://www.mcd-holdings.co.jp,Consumer Cyclical,Restaurants,https://www.mcd-holdings.co.jp
2,2702,"McDonald's Holdings Company (Japan), Ltd.",宅配,物流・海運,8,5,7,ノイズ候補,C,needs_review,事業概要に直接根拠を確認できず,,0,https://www.mcd-holdings.co.jp,Consumer Cyclical,Restaurants,https://www.mcd-holdings.co.jp
2,2705,"OOTOYA Holdings Co., Ltd.",外食,内需・消費,94,86,92,主力テーマ,A,ok,industry=Restaurants; direct=restaurant; position=0.38,,0,https://www.ootoya.jp,Consumer Cyclical,Restaurants,https://www.ootoya.jp
2,2705,"OOTOYA Holdings Co., Ltd.",宅配,物流・海運,8,5,7,ノイズ候補,C,needs_review,事業概要に直接根拠を確認できず,,0,https://www.ootoya.jp,Consumer Cyclical,Restaurants,https://www.ootoya.jp
2,2721,J-Holdings Corp.,再生医療,医療・ヘルスケア,86,78,84,主力テーマ,B,ok,direct=regenerative medicine; position=0.31; official=再生医療; count=2; pos=0.23,再生医療,2,https://www.jholdings.co.jp | https://jholdings.co.jp/company/ | https://jholdings.co.jp/company/corp/,Real Estate,Real Estate Services,https://www.jholdings.co.jp
2,2721,J-Holdings Corp.,太陽光発電関連,GX・エネルギー,72,68,71,有力関連,B,needs_review,adjacent=solar; official=ソーラー; count=1; pos=0.64,ソーラー,1,https://www.jholdings.co.jp | https://jholdings.co.jp/company/ | https://jholdings.co.jp/company/corp/,Real Estate,Real Estate Services,https://www.jholdings.co.jp
2,2730,EDION Corporation,太陽光発電関連,GX・エネルギー,72,78,74,有力関連,B,qa_borderline,direct=photovoltaic; position=0.61; official=太陽光発電; count=2; pos=0.79,太陽光発電,2,https://www.edion.co.jp | https://www.edion.co.jp/corporate/outline/ | https://www.edion.co.jp/business,Consumer Cyclical,Specialty Retail,https://www.edion.co.jp
2,2730,EDION Corporation,小売り,内需・消費,90,82,88,主力テーマ,A,ok,industry=Specialty Retail; adjacent=retail/stores,,0,https://www.edion.co.jp | https://www.edion.co.jp/corporate/outline/ | https://www.edion.co.jp/business,Consumer Cyclical,Specialty Retail,https://www.edion.co.jp
2,2734,SALA Corporation,ホテル,内需・消費,42,42,42,補助関連,C,needs_review,adjacent=hotel; growth=develops/development; official=ホテル; count=1; pos=0.56,ホテル,1,https://www.sala.jp | https://www.sala.jp/ja/business.html | https://www.sala.jp/ja/business/energy.html,Industrials,Conglomerates,https://www.sala.jp
2,2734,SALA Corporation,住宅関連,不動産・建設,92,96,93,主力テーマ,A,ok,direct=housing business; position=0.10; growth=develops/development; official=住宅; count=2; pos=0.52,住宅,2,https://www.sala.jp | https://www.sala.jp/ja/business.html | https://www.sala.jp/ja/business/energy.html,Industrials,Conglomerates,https://www.sala.jp
2,2734,SALA Corporation,医薬品関連,医療・ヘルスケア,92,98,94,主力テーマ,A,official_site_supported,direct=pharmaceutical/pharma; position=0.73; growth=develops/development; official=医薬品/医薬; count=8; pos=0.24,医薬品 | 医薬,8,https://www.sala.jp | https://www.sala.jp/ja/business.html | https://www.sala.jp/ja/business/energy.html,Industrials,Conglomerates,https://www.sala.jp
2,2734,SALA Corporation,建設,不動産・建設,82,86,83,主力テーマ,B,ok,direct=civil engineering; position=0.50; growth=develops/development,,0,https://www.sala.jp | https://www.sala.jp/ja/business.html | https://www.sala.jp/ja/business/energy.html,Industrials,Conglomerates,https://www.sala.jp
2,2737,Tomen Devices Corporation,半導体商社,AI・半導体,42,30,38,ノイズ候補,C,needs_review,adjacent=semiconductor,,0,https://www.tomendevices.co.jp | https://www.tomendevices.co.jp/company/ | https://www.tomendevices.co.jp/company/outline.html,Technology,Semiconductors,https://www.tomendevices.co.jp
2,274A,"Garden Co., Ltd.",外食,内需・消費,94,86,92,主力テーマ,A,ok,industry=Restaurants; direct=restaurant; position=0.04; official=外食; count=4; pos=0.39,外食,4,https://www.gardengroup.co.jp | https://gardengroup.co.jp/company | https://gardengroup.co.jp/company/overview/,Consumer Cyclical,Restaurants,https://www.gardengroup.co.jp
2,274A,"Garden Co., Ltd.",小売り,内需・消費,42,30,38,ノイズ候補,C,needs_review,adjacent=stores,,0,https://www.gardengroup.co.jp | https://gardengroup.co.jp/company | https://gardengroup.co.jp/company/overview/,Consumer Cyclical,Restaurants,https://www.gardengroup.co.jp
2,2750,"S.Ishimitsu & Co.,Ltd.",食品,内需・消費,97,89,95,主力テーマ,A,ok,industry=Confectioners; direct=food products/beverage; position=0.08; official=食品; count=5; pos=0.09,食品,5,https://www.ishimitsu.co.jp | https://www.ishimitsu.co.jp/business/ | https://www.ishimitsu.co.jp/company/,Consumer Defensive,Confectioners,https://www.ishimitsu.co.jp
2,2751,"TENPOS HOLDINGS Co.,Ltd.",リース,金融・金利,8,5,7,ノイズ候補,C,needs_review,事業概要に直接根拠を確認できず,,0,https://www.tenpos.co.jp,Consumer Cyclical,Specialty Retail,https://www.tenpos.co.jp
2,2751,"TENPOS HOLDINGS Co.,Ltd.",外食,内需・消費,86,78,84,主力テーマ,B,ok,direct=restaurant; position=0.24; official=外食; count=2; pos=0.25,外食,2,https://www.tenpos.co.jp,Consumer Cyclical,Specialty Retail,https://www.tenpos.co.jp
2,2752,Fujio Food Group Inc.,外食,内需・消費,94,86,92,主力テーマ,A,ok,industry=Restaurants; direct=restaurant; position=0.11,,0,https://www.fujiofood.com,Consumer Cyclical,Restaurants,https://www.fujiofood.com
2,2752,Fujio Food Group Inc.,宅配,物流・海運,8,5,7,ノイズ候補,C,needs_review,事業概要に直接根拠を確認できず,,0,https://www.fujiofood.com,Consumer Cyclical,Restaurants,https://www.fujiofood.com
2,2753,"Amiyaki Tei Co., Ltd.",外食,内需・消費,94,86,92,主力テーマ,A,ok,industry=Restaurants; direct=restaurant; position=0.12,,0,https://www.amiyakitei.co.jp,Consumer Cyclical,Restaurants,https://www.amiyakitei.co.jp
2,275A,,eコマース,内需・消費,8,5,7,ノイズ候補,C,needs_official_ir,事業概要に直接根拠を確認できず,,0,,,,
2,275A,,建設,不動産・建設,8,5,7,ノイズ候補,C,needs_official_ir,事業概要に直接根拠を確認できず,,0,,,,
2,2760,Tokyo Electron Device Limited,IT関連,デジタル・サービス,42,40,41,補助関連,C,needs_review,adjacent=software; growth=development,,0,https://www.teldevice.co.jp,Technology,Electronic Components,https://www.teldevice.co.jp
2,2760,Tokyo Electron Device Limited,IoT,設備投資・機械,72,68,71,有力関連,B,needs_review,事業概要に直接根拠を確認できず; official=IoT; count=2; pos=0.41,IoT,2,https://www.teldevice.co.jp,Technology,Electronic Components,https://www.teldevice.co.jp
2,2760,Tokyo Electron Device Limited,サイバーセキュリティ,防衛・国土強靱化,8,5,7,ノイズ候補,C,needs_review,事業概要に直接根拠を確認できず,,0,https://www.teldevice.co.jp,Technology,Electronic Components,https://www.teldevice.co.jp
2,2760,Tokyo Electron Device Limited,データセンター,データセンター・電力,58,56,57,補助関連,C,needs_review,direct=data center; position=0.72; growth=development,,0,https://www.teldevice.co.jp,Technology,Electronic Components,https://www.teldevice.co.jp
2,2760,Tokyo Electron Device Limited,ロボット,AI・半導体,8,5,7,ノイズ候補,C,needs_review,事業概要に直接根拠を確認できず,,0,https://www.teldevice.co.jp,Technology,Electronic Components,https://www.teldevice.co.jp
2,2760,Tokyo Electron Device Limited,人工知能,AI・半導体,72,68,71,有力関連,B,needs_review,事業概要に直接根拠を確認できず; official=AI; count=2; pos=0.41,AI,2,https://www.teldevice.co.jp,Technology,Electronic Components,https://www.teldevice.co.jp
2,2760,Tokyo Electron Device Limited,半導体,AI・半導体,92,94,93,主力テーマ,A,ok,direct=semiconductor; position=0.06; growth=development,,0,https://www.teldevice.co.jp,Technology,Electronic Components,https://www.teldevice.co.jp
2,2760,Tokyo Electron Device Limited,半導体商社,AI・半導体,46,44,45,補助関連,C,needs_review,adjacent=semiconductor/trading company; growth=development,,0,https://www.teldevice.co.jp,Technology,Electronic Components,https://www.teldevice.co.jp
2,2760,Tokyo Electron Device Limited,生成AI,AI・半導体,8,5,7,ノイズ候補,C,needs_review,事業概要に直接根拠を確認できず,,0,https://www.teldevice.co.jp,Technology,Electronic Components,https://www.teldevice.co.jp
2,2762,"Sanko Marketing Foods Co., Ltd.",外食,内需・消費,94,86,92,主力テーマ,A,ok,industry=Restaurants; direct=restaurant; position=0.10,,0,https://www.sankofoods.com,Consumer Cyclical,Restaurants,https://www.sankofoods.com
2,2762,"Sanko Marketing Foods Co., Ltd.",小売り,内需・消費,86,78,84,主力テーマ,B,ok,direct=retail stores; position=0.34,,0,https://www.sankofoods.com,Consumer Cyclical,Restaurants,https://www.sankofoods.com
2,2764,Hiramatsu Inc.,ホテル,内需・消費,42,30,38,ノイズ候補,C,needs_review,adjacent=hotel,,0,https://www.hiramatsu.co.jp | https://www.hiramatsu.co.jp/business/,Consumer Cyclical,Restaurants,https://www.hiramatsu.co.jp
2,2764,Hiramatsu Inc.,外食,内需・消費,94,86,92,主力テーマ,A,ok,industry=Restaurants; direct=restaurant; position=0.15,,0,https://www.hiramatsu.co.jp | https://www.hiramatsu.co.jp/business/,Consumer Cyclical,Restaurants,https://www.hiramatsu.co.jp
2,2768,Sojitz Corporation,データセンター,データセンター・電力,8,5,7,ノイズ候補,C,needs_review,事業概要に直接根拠を確認できず,,0,https://www.sojitz.com,Industrials,Conglomerates,https://www.sojitz.com
2,2768,Sojitz Corporation,レアアース,資源・素材,85,91,87,主力テーマ,A,official_site_supported,direct=rare earth; position=0.67; growth=development/investment; official=レアアース; count=4; pos=0.37,レアアース,4,https://www.sojitz.com,Industrials,Conglomerates,https://www.sojitz.com
2,2768,Sojitz Corporation,レアメタル,資源・素材,42,42,42,補助関連,C,needs_review,adjacent=nickel; growth=development/investment,,0,https://www.sojitz.com,Industrials,Conglomerates,https://www.sojitz.com
2,2768,Sojitz Corporation,太陽光発電関連,GX・エネルギー,72,78,74,有力関連,B,needs_review,事業概要に直接根拠を確認できず; official=太陽光発電; count=2; pos=0.77,太陽光発電,2,https://www.sojitz.com,Industrials,Conglomerates,https://www.sojitz.com
2,2768,Sojitz Corporation,総合商社,資源・素材,92,98,94,主力テーマ,A,ok,direct=general trading company; position=0.02; growth=development/investment; official=総合商社; count=6; pos=0.11,総合商社,6,https://www.sojitz.com,Industrials,Conglomerates,https://www.sojitz.com
2,2768,Sojitz Corporation,自動車部材・部品,自動車・モビリティ,8,5,7,ノイズ候補,C,needs_review,事業概要に直接根拠を確認できず,,0,https://www.sojitz.com,Industrials,Conglomerates,https://www.sojitz.com
2,2768,Sojitz Corporation,資源開発,資源・素材,42,42,42,補助関連,C,needs_review,adjacent=oil and gas; growth=development/investment,,0,https://www.sojitz.com,Industrials,Conglomerates,https://www.sojitz.com
2,2768,Sojitz Corporation,鉄道関連,物流・海運,92,98,94,主力テーマ,A,official_site_supported,事業概要に直接根拠を確認できず; official=鉄道/軌道; count=7; pos=0.71,鉄道 | 軌道,7,https://www.sojitz.com,Industrials,Conglomerates,https://www.sojitz.com
2,2768,Sojitz Corporation,銅,資源・素材,42,42,42,補助関連,C,needs_review,adjacent=copper; growth=development/investment,,0,https://www.sojitz.com,Industrials,Conglomerates,https://www.sojitz.com
2,2768,Sojitz Corporation,防衛,防衛・国土強靱化,8,5,7,ノイズ候補,C,needs_review,事業概要に直接根拠を確認できず,,0,https://www.sojitz.com,Industrials,Conglomerates,https://www.sojitz.com
2,2769,"Village Vanguard CO.,LTD.",小売り,内需・消費,90,82,88,主力テーマ,A,ok,industry=Specialty Retail; adjacent=retail/stores,,0,https://www.village-v.co.jp | https://www.village-v.co.jp/item/ | https://www.village-v.co.jp/company/about/,Consumer Cyclical,Specialty Retail,https://www.village-v.co.jp
2,276A,CCReB Advisors Inc.,サブスクリプション,デジタル・サービス,85,91,87,主力テーマ,A,official_site_supported,事業概要に直接根拠を確認できず; official=サブスクリプション; count=3; pos=0.28,サブスクリプション,3,https://ccreb.jp | https://ccreb.jp/business-model/ | https://ccreb.jp/company/,Technology,Software - Infrastructure,https://ccreb.jp
2,276A,CCReB Advisors Inc.,デジタルトランスフォーメーション,デジタル・サービス,92,98,94,主力テーマ,A,official_site_supported,事業概要に直接根拠を確認できず; official=DX/デジタルトランスフォーメーション; count=8; pos=0.08,DX | デジタルトランスフォーメーション,8,https://ccreb.jp | https://ccreb.jp/business-model/ | https://ccreb.jp/company/,Technology,Software - Infrastructure,https://ccreb.jp
2,276A,CCReB Advisors Inc.,不動産テック,不動産・建設,92,98,94,主力テーマ,A,official_site_supported,事業概要に直接根拠を確認できず; official=不動産テック; count=18; pos=0.01,不動産テック,18,https://ccreb.jp | https://ccreb.jp/business-model/ | https://ccreb.jp/company/,Technology,Software - Infrastructure,https://ccreb.jp
2,276A,CCReB Advisors Inc.,不動産ファンド,不動産・建設,42,44,43,補助関連,C,needs_review,adjacent=real estate investment; growth=develops/research,,0,https://ccreb.jp | https://ccreb.jp/business-model/ | https://ccreb.jp/company/,Technology,Software - Infrastructure,https://ccreb.jp
2,276A,CCReB Advisors Inc.,不動産関連,不動産・建設,72,68,71,有力関連,B,needs_review,adjacent=real estate; growth=develops/research; official=不動産; count=36; pos=0.00,不動産,36,https://ccreb.jp | https://ccreb.jp/business-model/ | https://ccreb.jp/company/,Technology,Software - Infrastructure,https://ccreb.jp
2,276A,CCReB Advisors Inc.,人工知能,AI・半導体,72,78,74,有力関連,B,needs_review,事業概要に直接根拠を確認できず; official=AI; count=1; pos=0.29,AI,1,https://ccreb.jp | https://ccreb.jp/business-model/ | https://ccreb.jp/company/,Technology,Software - Infrastructure,https://ccreb.jp
2,2776,"SHINTO Holdings, Inc.",アルミニウム,資源・素材,8,5,7,ノイズ候補,C,needs_review,事業概要に直接根拠を確認できず,,0,https://www.shintohd.co.jp | https://www.shintohd.co.jp/company/ | https://www.shintohd.co.jp/company/company-overview/,Consumer Cyclical,Apparel Manufacturing,https://www.shintohd.co.jp
2,2776,"SHINTO Holdings, Inc.",データセンター,データセンター・電力,92,90,91,主力テーマ,A,official_site_supported,direct=data center; position=0.65; official=データセンター/データセンタ; count=6; pos=0.11,データセンター | データセンタ,6,https://www.shintohd.co.jp | https://www.shintohd.co.jp/company/ | https://www.shintohd.co.jp/company/company-overview/,Consumer Cyclical,Apparel Manufacturing,https://www.shintohd.co.jp
2,2776,"SHINTO Holdings, Inc.",不動産関連,不動産・建設,72,68,71,有力関連,B,needs_review,adjacent=real estate; official=不動産関連/不動産; count=22; pos=0.02,不動産関連 | 不動産,22,https://www.shintohd.co.jp | https://www.shintohd.co.jp/company/ | https://www.shintohd.co.jp/company/company-overview/,Consumer Cyclical,Apparel Manufacturing,https://www.shintohd.co.jp
2,2776,"SHINTO Holdings, Inc.",銅,資源・素材,8,5,7,ノイズ候補,C,needs_review,事業概要に直接根拠を確認できず,,0,https://www.shintohd.co.jp | https://www.shintohd.co.jp/company/ | https://www.shintohd.co.jp/company/company-overview/,Consumer Cyclical,Apparel Manufacturing,https://www.shintohd.co.jp
2,277A,Globe-ing Inc.,クラウドコンピューティング,デジタル・サービス,72,68,71,有力関連,B,needs_review,adjacent=cloud; growth=strategic; official=クラウド; count=1; pos=0.96,クラウド,1,https://www.globe-ing.com | https://globe-ing.com/corporate/ | https://globe-ing.com/corporate/company/,Industrials,Consulting Services,https://www.globe-ing.com
2,277A,Globe-ing Inc.,デジタルトランスフォーメーション,デジタル・サービス,92,94,93,主力テーマ,A,ok,direct= dx ; position=0.07; growth=strategic; official=DX; count=2; pos=0.40,DX,2,https://www.globe-ing.com | https://globe-ing.com/corporate/ | https://globe-ing.com/corporate/company/,Industrials,Consulting Services,https://www.globe-ing.com
2,277A,Globe-ing Inc.,人工知能,AI・半導体,92,90,91,主力テーマ,A,official_site_supported,事業概要に直接根拠を確認できず; official=AI; count=59; pos=0.04,AI,59,https://www.globe-ing.com | https://globe-ing.com/corporate/ | https://globe-ing.com/corporate/company/,Industrials,Consulting Services,https://www.globe-ing.com
2,2784,Alfresa Holdings Corporation,ドローン,防衛・国土強靱化,8,5,7,ノイズ候補,C,needs_review,事業概要に直接根拠を確認できず,,0,https://www.alfresa.com,Healthcare,Medical Distribution,https://www.alfresa.com
2,2784,Alfresa Holdings Corporation,医薬品関連,医療・ヘルスケア,97,99,98,主力テーマ,A,ok,direct=pharmaceutical/pharma; position=0.11; growth=development,,0,https://www.alfresa.com,Healthcare,Medical Distribution,https://www.alfresa.com
2,2784,Alfresa Holdings Corporation,遠隔医療,医療・ヘルスケア,8,5,7,ノイズ候補,C,needs_review,事業概要に直接根拠を確認できず,,0,https://www.alfresa.com,Healthcare,Medical Distribution,https://www.alfresa.com
2,2788,"Apple International Co., Ltd.",電気自動車関連,自動車・モビリティ,90,82,88,主力テーマ,A,official_site_supported,事業概要に直接根拠を確認できず; official=EV; count=5; pos=0.10,EV,5,https://www.apple-international.com,Consumer Cyclical,Auto & Truck Dealerships,https://www.apple-international.com
2,2789,"Karula Co.,LTD.",外食,内需・消費,94,86,92,主力テーマ,A,ok,industry=Restaurants; direct=restaurant; position=0.08,,0,https://www.re-marumatu.co.jp,Consumer Cyclical,Restaurants,https://www.re-marumatu.co.jp
2,278A,Terra Drone Corporation,ドローン,防衛・国土強靱化,97,100,98,主力テーマ,A,ok,direct=drone/uav; position=0.00; growth=development/strategic; official=ドローン; count=14; pos=0.00,ドローン,14,https://www.terra-drone.net | https://terra-drone.net/service | https://terra-drone.net/service/survey,Industrials,Aerospace & Defense,https://www.terra-drone.net
2,278A,Terra Drone Corporation,人工知能,AI・半導体,8,5,7,ノイズ候補,C,needs_review,事業概要に直接根拠を確認できず,,0,https://www.terra-drone.net | https://terra-drone.net/service | https://terra-drone.net/service/survey,Industrials,Aerospace & Defense,https://www.terra-drone.net
2,278A,Terra Drone Corporation,空飛ぶクルマ,自動車・モビリティ,86,90,87,主力テーマ,A,ok,direct=air mobility; position=0.27; growth=development/strategic; official=空飛ぶクルマ; count=2; pos=0.63,空飛ぶクルマ,2,https://www.terra-drone.net | https://terra-drone.net/service | https://terra-drone.net/service/survey,Industrials,Aerospace & Defense,https://www.terra-drone.net
2,278A,Terra Drone Corporation,防衛,防衛・国土強靱化,92,90,91,主力テーマ,A,official_site_supported,事業概要に直接根拠を確認できず; official=防衛; count=12; pos=0.01,防衛,12,https://www.terra-drone.net | https://terra-drone.net/service | https://terra-drone.net/service/survey,Industrials,Aerospace & Defense,https://www.terra-drone.net
2,2791,"Daikokutenbussan Co.,Ltd.",小売り,内需・消費,94,86,92,主力テーマ,A,ok,industry=Grocery Stores; direct=discount stores; position=0.17,,0,https://www.e-dkt.co.jp,Consumer Defensive,Grocery Stores,https://www.e-dkt.co.jp
2,2792,"Honeys Holdings Co., Ltd.",eコマース,内需・消費,8,5,7,ノイズ候補,C,needs_review,事業概要に直接根拠を確認できず,,0,https://www.honeys.co.jp,Consumer Cyclical,Apparel Retail,https://www.honeys.co.jp
2,2795,Nippon Primex Inc.,キャッシュレス決済,金融・金利,8,5,7,ノイズ候補,C,needs_review,事業概要に直接根拠を確認できず,,0,https://www.primex.co.jp | https://www.primex.co.jp/company/ | https://www.primex.co.jp/item/?printer%5B%5D=primex,Industrials,Specialty Industrial Machinery,https://www.primex.co.jp
2,2798,Y's Table Corporation,外食,内需・消費,94,96,95,主力テーマ,A,ok,industry=Restaurants; direct=restaurant; position=0.31; growth=development,,0,https://www.ystable.co.jp,Consumer Cyclical,Restaurants,https://www.ystable.co.jp
2,2798,Y's Table Corporation,宅配,物流・海運,42,40,41,補助関連,C,needs_review,adjacent=delivery service; growth=development,,0,https://www.ystable.co.jp,Consumer Cyclical,Restaurants,https://www.ystable.co.jp
2,2801,Kikkoman Corporation,食品,内需・消費,100,92,98,主力テーマ,A,ok,industry=Packaged Foods; direct=food products/packaged foods/beverage; position=0.08,,0,https://www.kikkoman.com/jp/,Consumer Defensive,Packaged Foods,https://www.kikkoman.com/jp/
2,2802,"Ajinomoto Co., Inc.",アンモニア,GX・エネルギー,8,5,7,ノイズ候補,C,needs_review,事業概要に直接根拠を確認できず,,0,https://www.ajinomoto.co.jp,Consumer Defensive,Packaged Foods,https://www.ajinomoto.co.jp
2,2802,"Ajinomoto Co., Inc.",介護関連,医療・ヘルスケア,8,5,7,ノイズ候補,C,needs_review,事業概要に直接根拠を確認できず,,0,https://www.ajinomoto.co.jp,Consumer Defensive,Packaged Foods,https://www.ajinomoto.co.jp
2,2802,"Ajinomoto Co., Inc.",半導体部材・部品,AI・半導体,58,56,57,補助関連,C,needs_review,direct=semiconductor package; position=0.74; growth=development,,0,https://www.ajinomoto.co.jp,Consumer Defensive,Packaged Foods,https://www.ajinomoto.co.jp
2,2802,"Ajinomoto Co., Inc.",食品,内需・消費,94,96,95,主力テーマ,A,ok,industry=Packaged Foods; direct=packaged foods/beverage; position=0.33; growth=development,,0,https://www.ajinomoto.co.jp,Consumer Defensive,Packaged Foods,https://www.ajinomoto.co.jp
2,2806,Yutaka Foods Corporation,食品,内需・消費,97,89,95,主力テーマ,A,ok,industry=Packaged Foods; direct=food products/packaged foods; position=0.10; official=食品; count=60; pos=0.04,食品,60,https://www.yutakafoods.co.jp | https://www.yutakafoods.co.jp/company/ | https://www.yutakafoods.co.jp/company,Consumer Defensive,Packaged Foods,https://www.yutakafoods.co.jp
2,2809,Kewpie Corporation,介護関連,医療・ヘルスケア,92,94,93,主力テーマ,A,ok,direct=nursing care; position=0.16; growth=development; official=介護; count=1; pos=0.35,介護,1,https://www.kewpie.co.jp | https://www.kewpie.co.jp/products/ | https://www.kewpie.co.jp/products/new/,Consumer Defensive,Packaged Foods,https://www.kewpie.co.jp
2,2809,Kewpie Corporation,宅配,物流・海運,8,5,7,ノイズ候補,C,needs_review,事業概要に直接根拠を確認できず,,0,https://www.kewpie.co.jp | https://www.kewpie.co.jp/products/ | https://www.kewpie.co.jp/products/new/,Consumer Defensive,Packaged Foods,https://www.kewpie.co.jp
2,2809,Kewpie Corporation,食品,内需・消費,97,99,98,主力テーマ,A,ok,industry=Packaged Foods; direct=food products/packaged foods; position=0.05; growth=development; official=食品; count=15; pos=0.35,食品,15,https://www.kewpie.co.jp | https://www.kewpie.co.jp/products/ | https://www.kewpie.co.jp/products/new/,Consumer Defensive,Packaged Foods,https://www.kewpie.co.jp
2,280A,TMH Inc.,半導体,AI・半導体,94,100,96,主力テーマ,A,ok,industry=Semiconductor Equipment & Materials; direct=semiconductor; position=0.09; official=半導体; count=24; pos=0.00,半導体,24,https://www.tmh-inc.co.jp | https://www.tmh-inc.co.jp/company | https://www.tmh-inc.co.jp/business,Technology,Semiconductor Equipment & Materials,https://www.tmh-inc.co.jp
2,280A,TMH Inc.,半導体商社,AI・半導体,42,30,38,ノイズ候補,C,needs_review,adjacent=semiconductor,,0,https://www.tmh-inc.co.jp | https://www.tmh-inc.co.jp/company | https://www.tmh-inc.co.jp/business,Technology,Semiconductor Equipment & Materials,https://www.tmh-inc.co.jp
2,280A,TMH Inc.,半導体製造装置,AI・半導体,97,100,98,主力テーマ,A,ok,industry=Semiconductor Equipment & Materials; direct=semiconductor manufacturing equipment/semiconductor equipment; position=0.09; official=半導体製造装置; count=3; pos=0.08,半導体製造装置,3,https://www.tmh-inc.co.jp | https://www.tmh-inc.co.jp/company | https://www.tmh-inc.co.jp/business,Technology,Semiconductor Equipment & Materials,https://www.tmh-inc.co.jp
2,2811,"Kagome Co., Ltd.",食品,内需・消費,100,100,100,主力テーマ,A,ok,industry=Packaged Foods; direct=food products/packaged foods/food business; position=0.09; growth=develops/development; official=食品; count=12; pos=0.03,食品,12,https://www.kagome.co.jp | https://www.kagome.co.jp/products/ | https://www.kagome.co.jp/products/new/,Consumer Defensive,Packaged Foods,https://www.kagome.co.jp
2,2813,"Wakou Shokuhin Co., Ltd.",外食,内需・消費,66,56,63,有力関連,B,qa_borderline,direct=restaurant; position=0.64,,0,https://www.wakoushokuhin.co.jp,Consumer Defensive,Packaged Foods,https://www.wakoushokuhin.co.jp
2,2814,"Sato Foods Industries Co., Ltd.",食品,内需・消費,94,86,92,主力テーマ,A,ok,industry=Packaged Foods; direct=packaged foods,,0,https://www.sato-foods.co.jp,Consumer Defensive,Packaged Foods,https://www.sato-foods.co.jp
2,2816,"Daisho Co.,Ltd.",食品,内需・消費,90,82,88,主力テーマ,A,ok,industry=Food Distribution; official=食品; count=1; pos=0.89,食品,1,https://www.daisho.co.jp | https://www.daisho.co.jp/item/ | https://www.daisho.co.jp/company,Consumer Defensive,Food Distribution,https://www.daisho.co.jp
2,2818,"PIETRO Co., Ltd.",外食,内需・消費,66,56,63,有力関連,B,qa_borderline,direct=restaurant; position=0.53,,0,https://www.pietro.co.jp | https://www.pietro.co.jp/company/ | https://www.pietro.co.jp/products/,Consumer Defensive,Packaged Foods,https://www.pietro.co.jp
2,2819,"EBARA Foods Industry,Inc.",倉庫,物流・海運,8,5,7,ノイズ候補,C,needs_review,事業概要に直接根拠を確認できず,,0,https://www.ebarafoods.com | https://www.ebarafoods.com/products/ | https://www.ebarafoods.com/products/ec/,Consumer Defensive,Packaged Foods,https://www.ebarafoods.com
2,2819,"EBARA Foods Industry,Inc.",物流,物流・海運,8,5,7,ノイズ候補,C,needs_review,事業概要に直接根拠を確認できず; official=物流; count=1; pos=0.59,物流,1,https://www.ebarafoods.com | https://www.ebarafoods.com/products/ | https://www.ebarafoods.com/products/ec/,Consumer Defensive,Packaged Foods,https://www.ebarafoods.com
2,2819,"EBARA Foods Industry,Inc.",陸運,物流・海運,8,5,7,ノイズ候補,C,needs_review,事業概要に直接根拠を確認できず,,0,https://www.ebarafoods.com | https://www.ebarafoods.com/products/ | https://www.ebarafoods.com/products/ec/,Consumer Defensive,Packaged Foods,https://www.ebarafoods.com
2,281A,"Informetis Co., Ltd.",IT関連,デジタル・サービス,90,82,88,主力テーマ,A,ok,industry=Software - Infrastructure; adjacent=software; official=IT; count=2; pos=0.58,IT,2,https://www.informetis.com | https://www.informetis.com/company/ | https://www.informetis.com/company/profile/,Technology,Software - Infrastructure,https://www.informetis.com
2,281A,"Informetis Co., Ltd.",IoT,設備投資・機械,90,68,83,主力テーマ,B,official_site_supported,事業概要に直接根拠を確認できず; official=IoT; count=1; pos=0.18,IoT,1,https://www.informetis.com | https://www.informetis.com/company/ | https://www.informetis.com/company/profile/,Technology,Software - Infrastructure,https://www.informetis.com
2,281A,"Informetis Co., Ltd.",クラウドコンピューティング,デジタル・サービス,90,82,88,主力テーマ,A,official_site_supported,事業概要に直接根拠を確認できず; official=クラウド; count=3; pos=0.18,クラウド,3,https://www.informetis.com | https://www.informetis.com/company/ | https://www.informetis.com/company/profile/,Technology,Software - Infrastructure,https://www.informetis.com
2,281A,"Informetis Co., Ltd.",人工知能,AI・半導体,92,90,91,主力テーマ,A,official_site_supported,事業概要に直接根拠を確認できず; official=AI; count=10; pos=0.07,AI,10,https://www.informetis.com | https://www.informetis.com/company/ | https://www.informetis.com/company/profile/,Technology,Software - Infrastructure,https://www.informetis.com
2,281A,"Informetis Co., Ltd.",太陽光発電関連,GX・エネルギー,82,74,80,主力テーマ,B,ok,direct=solar power; position=0.50,,0,https://www.informetis.com | https://www.informetis.com/company/ | https://www.informetis.com/company/profile/,Technology,Software - Infrastructure,https://www.informetis.com
2,281A,"Informetis Co., Ltd.",省エネ関連,GX・エネルギー,85,82,84,主力テーマ,B,official_site_supported,adjacent=energy management; official=省エネ/省エネルギー; count=3; pos=0.82,省エネ | 省エネルギー,3,https://www.informetis.com | https://www.informetis.com/company/ | https://www.informetis.com/company/profile/,Technology,Software - Infrastructure,https://www.informetis.com
2,281A,"Informetis Co., Ltd.",蓄電池,GX・エネルギー,72,68,71,有力関連,B,needs_review,事業概要に直接根拠を確認できず; official=蓄電池; count=2; pos=0.72,蓄電池,2,https://www.informetis.com | https://www.informetis.com/company/ | https://www.informetis.com/company/profile/,Technology,Software - Infrastructure,https://www.informetis.com
2,281A,"Informetis Co., Ltd.",電気自動車関連,自動車・モビリティ,8,5,7,ノイズ候補,C,needs_review,事業概要に直接根拠を確認できず,,0,https://www.informetis.com | https://www.informetis.com/company/ | https://www.informetis.com/company/profile/,Technology,Software - Infrastructure,https://www.informetis.com
2,2820,Yamami Company,食品,内需・消費,94,86,92,主力テーマ,A,ok,industry=Packaged Foods; direct=packaged foods,,0,https://www.yamami.co.jp,Consumer Defensive,Packaged Foods,https://www.yamami.co.jp
2,2831,Hagoromo Foods Corporation,食品,内需・消費,97,89,95,主力テーマ,A,ok,industry=Packaged Foods; direct=food products/packaged foods; position=0.10; official=食品; count=1; pos=0.88,食品,1,https://corp.hagoromofoods.co.jp | https://corp.hagoromofoods.co.jp/ja/index.html | https://corp.hagoromofoods.co.jp/ja/information/hagocga.html,Consumer Defensive,Packaged Foods,https://corp.hagoromofoods.co.jp
2,285A,Kioxia Holdings Corporation,データセンター,データセンター・電力,8,5,7,ノイズ候補,C,needs_review,事業概要に直接根拠を確認できず,,0,https://www.kioxia-holdings.com,Technology,Semiconductors,https://www.kioxia-holdings.com
2,285A,Kioxia Holdings Corporation,半導体,AI・半導体,94,98,95,主力テーマ,A,qa_peripheral,industry=Semiconductors; direct=semiconductor; position=0.57; growth=development/research,,0,https://www.kioxia-holdings.com,Technology,Semiconductors,https://www.kioxia-holdings.com
2,286A,EUCALIA Inc.,デジタルトランスフォーメーション,デジタル・サービス,92,90,91,主力テーマ,A,official_site_supported,事業概要に直接根拠を確認できず; official=DX; count=18; pos=0.01,DX,18,https://eucalia.jp | https://eucalia.jp/about/us/ | https://eucalia.jp/business/,Healthcare,Medical Care Facilities,https://eucalia.jp
2,286A,EUCALIA Inc.,データ分析・解析,AI・半導体,8,5,7,ノイズ候補,C,needs_review,事業概要に直接根拠を確認できず,,0,https://eucalia.jp | https://eucalia.jp/about/us/ | https://eucalia.jp/business/,Healthcare,Medical Care Facilities,https://eucalia.jp
2,286A,EUCALIA Inc.,介護関連,医療・ヘルスケア,94,96,95,主力テーマ,A,ok,industry=Medical Care Facilities; direct=elderly care; position=0.47; growth=develops; official=介護; count=44; pos=0.01,介護,44,https://eucalia.jp | https://eucalia.jp/about/us/ | https://eucalia.jp/business/,Healthcare,Medical Care Facilities,https://eucalia.jp
2,2871,Nichirei Corporation,物流,物流・海運,82,74,80,主力テーマ,B,ok,direct=logistics services; position=0.50; official=物流; count=2; pos=0.82,物流,2,https://www.nichirei.co.jp | https://www.nichirei.co.jp/corpo | https://www.nichirei.co.jp/corpo/outline,Consumer Defensive,Packaged Foods,https://www.nichirei.co.jp
2,2872,"Seihyo Co., Ltd.",食品,内需・消費,94,86,92,主力テーマ,A,ok,industry=Packaged Foods; direct=packaged foods,,0,https://www.seihyo.co.jp | https://www.seihyo.co.jp/products/ | https://www.seihyo.co.jp/factory-tours/,Consumer Defensive,Packaged Foods,https://www.seihyo.co.jp
2,2876,Delsole Corporation,外食,内需・消費,97,89,95,主力テーマ,A,ok,direct=restaurant/food service; position=0.14; official=外食; count=15; pos=0.01,外食,15,https://www.del-sole.co.jp | https://www.del-sole.co.jp/service/ | https://www.del-sole.co.jp/brand/,Consumer Defensive,Packaged Foods,https://www.del-sole.co.jp
2,2876,Delsole Corporation,宅配,物流・海運,72,68,71,有力関連,B,needs_review,direct=home delivery; position=0.77; official=宅配; count=2; pos=0.21,宅配,2,https://www.del-sole.co.jp | https://www.del-sole.co.jp/service/ | https://www.del-sole.co.jp/brand/,Consumer Defensive,Packaged Foods,https://www.del-sole.co.jp
2,2876,Delsole Corporation,食品,内需・消費,97,89,95,主力テーマ,A,ok,industry=Packaged Foods; direct=packaged foods/food business; position=0.12; official=食品; count=6; pos=0.01,食品,6,https://www.del-sole.co.jp | https://www.del-sole.co.jp/service/ | https://www.del-sole.co.jp/brand/,Consumer Defensive,Packaged Foods,https://www.del-sole.co.jp
2,2877,NittoBest Corporation,介護関連,医療・ヘルスケア,72,78,74,有力関連,B,needs_review,事業概要に直接根拠を確認できず; official=介護; count=1; pos=0.53,介護,1,https://www.nittobest.co.jp,Consumer Defensive,Packaged Foods,https://www.nittobest.co.jp
2,287A,"Kuroda Group Co., Ltd.",半導体,AI・半導体,46,44,45,補助関連,C,needs_review,adjacent=electronic component/electronics; growth=development,,0,https://www.kuroda-group.com,Industrials,Conglomerates,https://www.kuroda-group.com
2,287A,"Kuroda Group Co., Ltd.",半導体商社,AI・半導体,8,5,7,ノイズ候補,C,needs_review,事業概要に直接根拠を確認できず,,0,https://www.kuroda-group.com,Industrials,Conglomerates,https://www.kuroda-group.com
2,287A,"Kuroda Group Co., Ltd.",半導体部材・部品,AI・半導体,8,5,7,ノイズ候補,C,needs_review,事業概要に直接根拠を確認できず,,0,https://www.kuroda-group.com,Industrials,Conglomerates,https://www.kuroda-group.com
2,287A,"Kuroda Group Co., Ltd.",自動車部材・部品,自動車・モビリティ,42,40,41,補助関連,C,needs_review,adjacent=automotive; growth=development,,0,https://www.kuroda-group.com,Industrials,Conglomerates,https://www.kuroda-group.com
2,2882,"Eat & Holdings Co., Ltd.",eコマース,内需・消費,58,46,54,補助関連,C,needs_review,direct=e-commerce; position=0.70,,0,https://www.eat-and.jp | https://www.eat-and.jp/company/ | https://www.eat-and.jp/company/outline/,Consumer Cyclical,Restaurants,https://www.eat-and.jp
2,2882,"Eat & Holdings Co., Ltd.",外食,内需・消費,97,89,95,主力テーマ,A,ok,industry=Restaurants; direct=restaurant/food service; position=0.12,,0,https://www.eat-and.jp | https://www.eat-and.jp/company/ | https://www.eat-and.jp/company/outline/,Consumer Cyclical,Restaurants,https://www.eat-and.jp
2,2882,"Eat & Holdings Co., Ltd.",食品,内需・消費,8,5,7,ノイズ候補,C,needs_review,事業概要に直接根拠を確認できず,,0,https://www.eat-and.jp | https://www.eat-and.jp/company/ | https://www.eat-and.jp/company/outline/,Consumer Cyclical,Restaurants,https://www.eat-and.jp
2,2883,"Dairei Co.,Ltd.",介護関連,医療・ヘルスケア,90,68,83,主力テーマ,B,official_site_supported,事業概要に直接根拠を確認できず; official=介護; count=2; pos=0.08,介護,2,https://www.dai-rei.co.jp | https://www.dai-rei.co.jp/products/ | https://www.dai-rei.co.jp/company/development.html,Industrials,Specialty Industrial Machinery,https://www.dai-rei.co.jp
2,2883,"Dairei Co.,Ltd.",外食,内需・消費,8,5,7,ノイズ候補,C,needs_review,事業概要に直接根拠を確認できず; official=外食; count=1; pos=0.13,外食,1,https://www.dai-rei.co.jp | https://www.dai-rei.co.jp/products/ | https://www.dai-rei.co.jp/company/development.html,Industrials,Specialty Industrial Machinery,https://www.dai-rei.co.jp
2,2884,Yoshimura Food Holdings K.K.,食品,内需・消費,97,89,95,主力テーマ,A,ok,industry=Packaged Foods; direct=food products/packaged foods; position=0.07; official=食品; count=2; pos=0.13,食品,2,https://www.y-food-h.com | https://www.y-food-h.com/corporate/ | https://www.y-food-h.com/business/,Consumer Defensive,Packaged Foods,https://www.y-food-h.com
2,288A,Laxus Technologies Inc.,サブスクリプション,デジタル・サービス,8,5,7,ノイズ候補,C,needs_review,事業概要に直接根拠を確認できず,,0,https://corp.laxus.co | https://corp.laxus.co/outline | https://corp.laxus.co/service,Consumer Cyclical,Internet Retail,https://corp.laxus.co
2,2892,"Nihon Shokuhin Kako Co., Ltd.",食品,内需・消費,94,86,92,主力テーマ,A,ok,industry=Packaged Foods; direct=packaged foods,,0,https://www.nisshoku.co.jp,Consumer Defensive,Packaged Foods,https://www.nisshoku.co.jp
2,2894,"Ishii Food Co., Ltd.",防災,防衛・国土強靱化,8,5,7,ノイズ候補,C,needs_review,事業概要に直接根拠を確認できず,,0,https://www.ishiifood.co.jp | https://www.ishiifood.co.jp/company/ | https://www.ishiifood.co.jp/products/,Consumer Defensive,Packaged Foods,https://www.ishiifood.co.jp
2,2897,"Nissin Foods Holdings Co.,Ltd.",食品,内需・消費,96,88,94,主力テーマ,A,ok,industry=Packaged Foods; direct=food products/packaged foods/beverage; position=0.26,,0,https://www.nissin.com/jp/,Consumer Defensive,Packaged Foods,https://www.nissin.com/jp/
2,2901,Wel-Dish.Incorporated,eコマース,内需・消費,92,90,91,主力テーマ,A,official_site_supported,事業概要に直接根拠を確認できず; official=EC/eコマース; count=10; pos=0.03,EC | eコマース,10,https://wel-dish.co.jp | https://wel-dish.co.jp/company | https://wel-dish.co.jp/,Healthcare,Medical Care Facilities,https://wel-dish.co.jp
2,2901,Wel-Dish.Incorporated,サブスクリプション,デジタル・サービス,8,5,7,ノイズ候補,C,needs_review,事業概要に直接根拠を確認できず,,0,https://wel-dish.co.jp | https://wel-dish.co.jp/company | https://wel-dish.co.jp/,Healthcare,Medical Care Facilities,https://wel-dish.co.jp
2,2901,Wel-Dish.Incorporated,介護関連,医療・ヘルスケア,94,96,95,主力テーマ,A,ok,industry=Medical Care Facilities; direct=nursing care; position=0.48; growth=develops; official=介護; count=4; pos=0.18,介護,4,https://wel-dish.co.jp | https://wel-dish.co.jp/company | https://wel-dish.co.jp/,Healthcare,Medical Care Facilities,https://wel-dish.co.jp
2,2901,Wel-Dish.Incorporated,食品,内需・消費,92,94,93,主力テーマ,A,ok,direct=beverage; position=0.14; growth=develops; official=食品; count=12; pos=0.21,食品,12,https://wel-dish.co.jp | https://wel-dish.co.jp/company | https://wel-dish.co.jp/,Healthcare,Medical Care Facilities,https://wel-dish.co.jp
2,2902,,食品,内需・消費,8,5,7,ノイズ候補,C,needs_official_ir,事業概要に直接根拠を確認できず,,0,,,,
2,2903,"Shinobu Foods Products Co., Ltd.",食品,内需・消費,94,86,92,主力テーマ,A,ok,industry=Packaged Foods; direct=packaged foods; official=食品; count=8; pos=0.12,食品,8,https://www.shinobufoods.co.jp,Consumer Defensive,Packaged Foods,https://www.shinobufoods.co.jp
2,2904,"Ichimasa Kamaboko Co., Ltd.",食品,内需・消費,97,89,95,主力テーマ,A,ok,industry=Packaged Foods; direct=packaged foods/food business; position=0.18,,0,https://www.ichimasa.co.jp,Consumer Defensive,Packaged Foods,https://www.ichimasa.co.jp
2,2907,"Ahjikan Co., Ltd.",食品,内需・消費,97,89,95,主力テーマ,A,ok,industry=Packaged Foods; direct=food products/packaged foods; position=0.11,,0,https://www.ahjikan.co.jp,Consumer Defensive,Packaged Foods,https://www.ahjikan.co.jp
2,2908,"Fujicco Co., Ltd.",食品,内需・消費,97,89,95,主力テーマ,A,ok,industry=Packaged Foods; direct=food products/packaged foods; position=0.07; official=食品; count=29; pos=0.02,食品,29,https://www.fujicco.co.jp | https://www.fujicco.co.jp/products/ | https://www.fujicco.co.jp/products/wholesale/,Consumer Defensive,Packaged Foods,https://www.fujicco.co.jp
2,290A,Synspective Inc.,クラウドコンピューティング,デジタル・サービス,8,5,7,ノイズ候補,C,needs_review,事業概要に直接根拠を確認できず,,0,https://synspective.com,Industrials,Aerospace & Defense,https://synspective.com
2,290A,Synspective Inc.,データ分析・解析,AI・半導体,8,5,7,ノイズ候補,C,needs_review,事業概要に直接根拠を確認できず,,0,https://synspective.com,Industrials,Aerospace & Defense,https://synspective.com
2,290A,Synspective Inc.,宇宙開発関連,防衛・国土強靱化,92,84,90,主力テーマ,A,ok,direct=satellite; position=0.11,,0,https://synspective.com,Industrials,Aerospace & Defense,https://synspective.com
2,290A,Synspective Inc.,資源開発,資源・素材,8,5,7,ノイズ候補,C,needs_review,事業概要に直接根拠を確認できず,,0,https://synspective.com,Industrials,Aerospace & Defense,https://synspective.com
2,290A,Synspective Inc.,防災,防衛・国土強靱化,42,30,38,ノイズ候補,C,needs_review,adjacent=disaster,,0,https://synspective.com,Industrials,Aerospace & Defense,https://synspective.com
2,290A,Synspective Inc.,防衛,防衛・国土強靱化,8,5,7,ノイズ候補,C,needs_review,事業概要に直接根拠を確認できず,,0,https://synspective.com,Industrials,Aerospace & Defense,https://synspective.com
2,2911,"Asahimatsu Foods Co., Ltd.",介護関連,医療・ヘルスケア,82,74,80,主力テーマ,B,ok,direct=nursing care; position=0.44,,0,https://www.asahimatsu.co.jp,Consumer Defensive,Packaged Foods,https://www.asahimatsu.co.jp
2,2911,"Asahimatsu Foods Co., Ltd.",食品,内需・消費,97,89,95,主力テーマ,A,ok,industry=Packaged Foods; direct=food products/packaged foods; position=0.11; official=食品; count=7; pos=0.00,食品,7,https://www.asahimatsu.co.jp,Consumer Defensive,Packaged Foods,https://www.asahimatsu.co.jp
2,2916,"Semba Tohka Industries Co., Ltd",食品,内需・消費,90,82,88,主力テーマ,A,ok,industry=Confectioners; official=食品; count=10; pos=0.07,食品,10,https://www.sembatohka.co.jp | https://www.sembatohka.co.jp/commercialization_flow | https://www.sembatohka.co.jp/merchandise,Consumer Defensive,Confectioners,https://www.sembatohka.co.jp
2,2917,"Ohmoriya Co.,Ltd.",食品,内需・消費,94,86,92,主力テーマ,A,ok,industry=Packaged Foods; direct=packaged foods; official=食品; count=5; pos=0.00,食品,5,https://ohmoriya-inc.co.jp | https://ohmoriya-inc.co.jp/product | https://ohmoriya-inc.co.jp/product/new,Consumer Defensive,Packaged Foods,https://ohmoriya-inc.co.jp
2,2922,"Natori Co., Ltd.",食品,内需・消費,94,86,92,主力テーマ,A,ok,industry=Packaged Foods; direct=packaged foods,,0,https://www.natori.co.jp | https://www.natori.co.jp/products.html,Consumer Defensive,Packaged Foods,https://www.natori.co.jp
2,2923,"Sato Foods Co., Ltd.",食品,内需・消費,94,86,92,主力テーマ,A,ok,industry=Packaged Foods; direct=packaged foods,,0,https://www.satosyokuhin.co.jp,Consumer Defensive,Packaged Foods,https://www.satosyokuhin.co.jp
2,2924,"Ifuji Sangyo Co., Ltd.",食品,内需・消費,94,86,92,主力テーマ,A,ok,industry=Farm Products; direct=food products; position=0.39; official=食品; count=7; pos=0.06,食品,7,https://www.ifuji.co.jp,Consumer Defensive,Farm Products,https://www.ifuji.co.jp
2,2926,"Shinozakiya, Inc.",小売り,内需・消費,91,93,92,主力テーマ,A,ok,direct=retail stores/retail business; position=0.20; growth=developing,,0,https://shinozakiya.com | https://shinozakiya.com/products/ | https://shinozakiya.com/company/,Consumer Defensive,Packaged Foods,https://shinozakiya.com
2,2927,"AFC-HD AMS Life Science Co., Ltd.",外食,内需・消費,58,46,54,補助関連,C,needs_review,direct=restaurant; position=0.74,,0,https://www.ams-life.com,Consumer Defensive,Packaged Foods,https://www.ams-life.com
2,2929,"Pharma Foods International Co., Ltd.",バイオテクノロジー関連,医療・ヘルスケア,42,42,42,補助関連,C,needs_review,adjacent=drug discovery; growth=development/focuses,,0,https://www.pharmafoods.co.jp,Healthcare,Drug Manufacturers - Specialty & Generic,https://www.pharmafoods.co.jp
2,2929,"Pharma Foods International Co., Ltd.",創薬,医療・ヘルスケア,94,98,95,主力テーマ,A,ok,industry=Drug Manufacturers - Specialty & Generic; direct=drug discovery; position=0.44; growth=development/focuses; official=創薬; count=3; pos=0.13,創薬,3,https://www.pharmafoods.co.jp,Healthcare,Drug Manufacturers - Specialty & Generic,https://www.pharmafoods.co.jp
2,2929,"Pharma Foods International Co., Ltd.",医薬品関連,医療・ヘルスケア,94,98,95,主力テーマ,A,ok,industry=Drug Manufacturers - Specialty & Generic; direct=pharma; position=0.00; growth=development/focuses; official=製薬/医薬; count=2; pos=0.06,製薬 | 医薬,2,https://www.pharmafoods.co.jp,Healthcare,Drug Manufacturers - Specialty & Generic,https://www.pharmafoods.co.jp
2,2931,"Euglena Co., Ltd.",バイオテクノロジー関連,医療・ヘルスケア,58,60,59,補助関連,C,needs_review,direct=biotechnology/biotech; position=0.77; growth=develops/development,,0,https://www.euglena.jp,Consumer Defensive,Household & Personal Products,https://www.euglena.jp
2,2931,"Euglena Co., Ltd.",脱炭素,GX・エネルギー,8,5,7,ノイズ候補,C,needs_review,事業概要に直接根拠を確認できず,,0,https://www.euglena.jp,Consumer Defensive,Household & Personal Products,https://www.euglena.jp
2,2931,"Euglena Co., Ltd.",食品,内需・消費,42,44,43,補助関連,C,needs_review,adjacent=foods; growth=develops/development,,0,https://www.euglena.jp,Consumer Defensive,Household & Personal Products,https://www.euglena.jp
2,2932,"STI Foods Holdings,Inc.",食品,内需・消費,97,89,95,主力テーマ,A,ok,industry=Packaged Foods; direct=food products/packaged foods; position=0.12,,0,https://www.stifoods-hd.com,Consumer Defensive,Packaged Foods,https://www.stifoods-hd.com
2,2934,"J Frontier Co.,Ltd.",eコマース,内需・消費,92,90,91,主力テーマ,A,official_site_supported,事業概要に直接根拠を確認できず; official=EC; count=15; pos=0.04,EC,15,https://jfrontier.jp | https://jfrontier.jp/company/ | https://jfrontier.jp/company/profile/,Healthcare,Pharmaceutical Retailers,https://jfrontier.jp
2,2934,"J Frontier Co.,Ltd.",サブスクリプション,デジタル・サービス,8,5,7,ノイズ候補,C,needs_review,事業概要に直接根拠を確認できず,,0,https://jfrontier.jp | https://jfrontier.jp/company/ | https://jfrontier.jp/company/profile/,Healthcare,Pharmaceutical Retailers,https://jfrontier.jp
2,2934,"J Frontier Co.,Ltd.",デジタルトランスフォーメーション,デジタル・サービス,90,82,88,主力テーマ,A,ok,direct=digital transformation; position=0.34; official=DX/デジタルトランスフォーメーション; count=5; pos=0.07,DX | デジタルトランスフォーメーション,5,https://jfrontier.jp | https://jfrontier.jp/company/ | https://jfrontier.jp/company/profile/,Healthcare,Pharmaceutical Retailers,https://jfrontier.jp
2,2934,"J Frontier Co.,Ltd.",宅配,物流・海運,86,82,85,主力テーマ,A,ok,direct=home delivery; position=0.28; official=宅配; count=3; pos=0.31,宅配,3,https://jfrontier.jp | https://jfrontier.jp/company/ | https://jfrontier.jp/company/profile/,Healthcare,Pharmaceutical Retailers,https://jfrontier.jp
2,2934,"J Frontier Co.,Ltd.",物流,物流・海運,42,30,38,ノイズ候補,C,needs_review,adjacent=logistics; official=物流; count=1; pos=0.81,物流,1,https://jfrontier.jp | https://jfrontier.jp/company/ | https://jfrontier.jp/company/profile/,Healthcare,Pharmaceutical Retailers,https://jfrontier.jp
2,2936,BASE FOOD Inc.,eコマース,内需・消費,72,68,71,有力関連,B,needs_review,事業概要に直接根拠を確認できず; official=EC; count=2; pos=0.63,EC,2,https://basefood.co.jp,Consumer Defensive,Packaged Foods,https://basefood.co.jp
2,2936,BASE FOOD Inc.,サブスクリプション,デジタル・サービス,8,5,7,ノイズ候補,C,needs_review,事業概要に直接根拠を確認できず,,0,https://basefood.co.jp,Consumer Defensive,Packaged Foods,https://basefood.co.jp
2,2936,BASE FOOD Inc.,食品,内需・消費,97,99,98,主力テーマ,A,ok,industry=Packaged Foods; direct=food products/packaged foods; position=0.19; growth=develops; official=食品; count=1; pos=0.91,食品,1,https://basefood.co.jp,Consumer Defensive,Packaged Foods,https://basefood.co.jp
2,2937,"St.Cousair Co., Ltd.",eコマース,内需・消費,8,5,7,ノイズ候補,C,needs_review,事業概要に直接根拠を確認できず,,0,https://www.stcousair.co.jp | https://www.stcousair.co.jp/company/ | https://www.stcousair.co.jp/faq/,Consumer Defensive,Packaged Foods,https://www.stcousair.co.jp
2,2937,"St.Cousair Co., Ltd.",小売り,内需・消費,82,84,83,主力テーマ,B,ok,direct=retail stores; position=0.47; growth=development,,0,https://www.stcousair.co.jp | https://www.stcousair.co.jp/company/ | https://www.stcousair.co.jp/faq/,Consumer Defensive,Packaged Foods,https://www.stcousair.co.jp
2,2937,"St.Cousair Co., Ltd.",食品,内需・消費,97,99,98,主力テーマ,A,ok,industry=Packaged Foods; direct=food products/packaged foods; position=0.13; growth=development; official=食品; count=2; pos=0.92,食品,2,https://www.stcousair.co.jp | https://www.stcousair.co.jp/company/ | https://www.stcousair.co.jp/faq/,Consumer Defensive,Packaged Foods,https://www.stcousair.co.jp
2,2938,"Okamura Foods Co., Ltd.",食品,内需・消費,90,82,88,主力テーマ,A,ok,industry=Farm Products; adjacent=foods,,0,https://www.okamurashokuhin.co.jp,Consumer Defensive,Farm Products,https://www.okamurashokuhin.co.jp
2,2962,"Tecnisco, Ltd.",データセンター,データセンター・電力,8,5,7,ノイズ候補,C,needs_review,事業概要に直接根拠を確認できず,,0,https://www.tecnisco.com | https://www.tecnisco.com/product.html | https://www.tecnisco.com/product/metal/index.html,Industrials,Metal Fabrication,https://www.tecnisco.com
2,2962,"Tecnisco, Ltd.",半導体,AI・半導体,92,90,91,主力テーマ,A,official_site_supported,事業概要に直接根拠を確認できず; official=半導体; count=6; pos=0.22,半導体,6,https://www.tecnisco.com | https://www.tecnisco.com/product.html | https://www.tecnisco.com/product/metal/index.html,Industrials,Metal Fabrication,https://www.tecnisco.com
2,2962,"Tecnisco, Ltd.",半導体部材・部品,AI・半導体,8,5,7,ノイズ候補,C,needs_review,事業概要に直接根拠を確認できず,,0,https://www.tecnisco.com | https://www.tecnisco.com/product.html | https://www.tecnisco.com/product/metal/index.html,Industrials,Metal Fabrication,https://www.tecnisco.com
2,2962,"Tecnisco, Ltd.",水素,GX・エネルギー,8,5,7,ノイズ候補,C,needs_review,事業概要に直接根拠を確認できず,,0,https://www.tecnisco.com | https://www.tecnisco.com/product.html | https://www.tecnisco.com/product/metal/index.html,Industrials,Metal Fabrication,https://www.tecnisco.com
2,2970,"Glc Group,Inc.",マンション関連,不動産・建設,92,98,94,主力テーマ,A,ok,direct=condominium; position=0.12; official=マンション; count=5; pos=0.13,マンション,5,https://www.goodlife-c.co.jp | https://www.goodlife-c.co.jp/company/profile/ | https://www.goodlife-c.co.jp/business/,Real Estate,Real Estate Services,https://www.goodlife-c.co.jp
2,2970,"Glc Group,Inc.",不動産関連,不動産・建設,90,82,88,主力テーマ,A,ok,industry=Real Estate Services; adjacent=real estate/property management; official=不動産; count=11; pos=0.15,不動産,11,https://www.goodlife-c.co.jp | https://www.goodlife-c.co.jp/company/profile/ | https://www.goodlife-c.co.jp/business/,Real Estate,Real Estate Services,https://www.goodlife-c.co.jp
2,2974,,不動産関連,不動産・建設,8,5,7,ノイズ候補,C,needs_official_ir,事業概要に直接根拠を確認できず,,0,,,,
2,2974,,住宅関連,不動産・建設,8,5,7,ノイズ候補,C,needs_official_ir,事業概要に直接根拠を確認できず,,0,,,,
2,2975,"Star Mica Holdings Co., Ltd.",不動産関連,不動産・建設,90,92,91,主力テーマ,A,ok,industry=Real Estate Services; adjacent=real estate; growth=investment; official=不動産; count=6; pos=0.13,不動産,6,https://www.starmica-holdings.co.jp | https://www.starmica-holdings.co.jp/company/,Real Estate,Real Estate Services,https://www.starmica-holdings.co.jp
2,2976,,不動産関連,不動産・建設,8,5,7,ノイズ候補,C,needs_official_ir,事業概要に直接根拠を確認できず,,0,,,,
2,2976,,住宅関連,不動産・建設,8,5,7,ノイズ候補,C,needs_official_ir,事業概要に直接根拠を確認できず,,0,,,,
2,2978,TSUKURUBA Inc.,サブスクリプション,デジタル・サービス,8,5,7,ノイズ候補,C,needs_review,事業概要に直接根拠を確認できず,,0,https://tsukuruba.com | https://tsukuruba.com/company/ | https://tsukuruba.com/company/outline,Real Estate,Real Estate Services,https://tsukuruba.com
2,2979,"SOSiLA Logistics REIT, Inc.",物流,物流・海運,42,42,42,補助関連,C,needs_review,adjacent=logistics; growth=focuses/investment,,0,https://sosila-reit.co.jp,Real Estate,REIT - Industrial,https://sosila-reit.co.jp
2,297A,"Alpico Holdings Co., Ltd.",ホテル,内需・消費,72,68,71,有力関連,B,needs_review,adjacent=hotel; official=ホテル; count=20; pos=0.04,ホテル,20,https://holdings.alpico.co.jp,Industrials,Conglomerates,https://holdings.alpico.co.jp
2,297A,"Alpico Holdings Co., Ltd.",不動産関連,不動産・建設,92,84,90,主力テーマ,A,ok,direct=real estate business; position=0.15; official=不動産; count=1; pos=0.32,不動産,1,https://holdings.alpico.co.jp,Industrials,Conglomerates,https://holdings.alpico.co.jp
2,297A,"Alpico Holdings Co., Ltd.",保険,金融・金利,58,54,57,補助関連,C,needs_review,事業概要に直接根拠を確認できず; official=保険; count=2; pos=0.32,保険,2,https://holdings.alpico.co.jp,Industrials,Conglomerates,https://holdings.alpico.co.jp
2,297A,"Alpico Holdings Co., Ltd.",外食,内需・消費,8,5,7,ノイズ候補,C,needs_review,事業概要に直接根拠を確認できず,,0,https://holdings.alpico.co.jp,Industrials,Conglomerates,https://holdings.alpico.co.jp
2,297A,"Alpico Holdings Co., Ltd.",小売り,内需・消費,86,78,84,主力テーマ,B,ok,direct=supermarket; position=0.24,,0,https://holdings.alpico.co.jp,Industrials,Conglomerates,https://holdings.alpico.co.jp
2,297A,"Alpico Holdings Co., Ltd.",旅行,内需・消費,58,46,54,補助関連,C,needs_review,direct=travel agency; position=0.82; official=旅行; count=1; pos=0.31,旅行,1,https://holdings.alpico.co.jp,Industrials,Conglomerates,https://holdings.alpico.co.jp
2,297A,"Alpico Holdings Co., Ltd.",鉄道関連,物流・海運,90,68,83,主力テーマ,B,official_site_supported,direct=railway; position=0.54; official=鉄道; count=2; pos=0.14,鉄道,2,https://holdings.alpico.co.jp,Industrials,Conglomerates,https://holdings.alpico.co.jp
2,2980,SRE Holdings Corporation,IT関連,デジタル・サービス,8,5,7,ノイズ候補,C,needs_review,事業概要に直接根拠を確認できず; official=IT; count=1; pos=0.39,IT,1,https://sre-group.co.jp | https://sre-group.co.jp/company/,Real Estate,Real Estate Services,https://sre-group.co.jp
2,2980,SRE Holdings Corporation,SaaS,デジタル・サービス,8,5,7,ノイズ候補,C,needs_review,事業概要に直接根拠を確認できず,,0,https://sre-group.co.jp | https://sre-group.co.jp/company/,Real Estate,Real Estate Services,https://sre-group.co.jp
2,2980,SRE Holdings Corporation,クラウドコンピューティング,デジタル・サービス,42,40,41,補助関連,C,needs_review,adjacent=cloud; growth=developing,,0,https://sre-group.co.jp | https://sre-group.co.jp/company/,Real Estate,Real Estate Services,https://sre-group.co.jp
2,2980,SRE Holdings Corporation,スマートグリッド,データセンター・電力,8,5,7,ノイズ候補,C,needs_review,事業概要に直接根拠を確認できず,,0,https://sre-group.co.jp | https://sre-group.co.jp/company/,Real Estate,Real Estate Services,https://sre-group.co.jp
2,2980,SRE Holdings Corporation,デジタルトランスフォーメーション,デジタル・サービス,72,68,71,有力関連,B,needs_review,事業概要に直接根拠を確認できず; official=DX; count=1; pos=0.29,DX,1,https://sre-group.co.jp | https://sre-group.co.jp/company/,Real Estate,Real Estate Services,https://sre-group.co.jp
2,2980,SRE Holdings Corporation,データ分析・解析,AI・半導体,8,5,7,ノイズ候補,C,needs_review,事業概要に直接根拠を確認できず,,0,https://sre-group.co.jp | https://sre-group.co.jp/company/,Real Estate,Real Estate Services,https://sre-group.co.jp
2,2980,SRE Holdings Corporation,不動産テック,不動産・建設,8,5,7,ノイズ候補,C,needs_review,事業概要に直接根拠を確認できず,,0,https://sre-group.co.jp | https://sre-group.co.jp/company/,Real Estate,Real Estate Services,https://sre-group.co.jp
2,2980,SRE Holdings Corporation,不動産関連,不動産・建設,97,99,98,主力テーマ,A,ok,industry=Real Estate Services; direct=real estate business/real estate brokerage; position=0.10; growth=developing,,0,https://sre-group.co.jp | https://sre-group.co.jp/company/,Real Estate,Real Estate Services,https://sre-group.co.jp
2,2980,SRE Holdings Corporation,人工知能,AI・半導体,97,99,98,主力テーマ,A,ok,direct= ai /machine learning; position=0.06; growth=developing; official=AI; count=20; pos=0.02,AI,20,https://sre-group.co.jp | https://sre-group.co.jp/company/,Real Estate,Real Estate Services,https://sre-group.co.jp
2,2981,Landix Inc.,IT関連,デジタル・サービス,58,54,57,補助関連,C,needs_review,事業概要に直接根拠を確認できず; official=IT; count=4; pos=0.48,IT,4,https://landix.jp,Real Estate,Real Estate - Development,https://landix.jp
2,2981,Landix Inc.,サブスクリプション,デジタル・サービス,8,5,7,ノイズ候補,C,needs_review,事業概要に直接根拠を確認できず,,0,https://landix.jp,Real Estate,Real Estate - Development,https://landix.jp
2,2981,Landix Inc.,不動産テック,不動産・建設,8,5,7,ノイズ候補,C,needs_review,事業概要に直接根拠を確認できず,,0,https://landix.jp,Real Estate,Real Estate - Development,https://landix.jp
2,2981,Landix Inc.,不動産関連,不動産・建設,94,98,95,主力テーマ,A,ok,industry=Real Estate - Development; direct=real estate development; position=0.05; growth=develops/development; official=不動産; count=14; pos=0.02,不動産,14,https://landix.jp,Real Estate,Real Estate - Development,https://landix.jp
2,2982,"A.D.Works Group Co.,Ltd.",マンション関連,不動産・建設,8,5,7,ノイズ候補,C,needs_review,事業概要に直接根拠を確認できず,,0,https://www.adwg.co.jp,Real Estate,Real Estate Services,https://www.adwg.co.jp
2,2982,"A.D.Works Group Co.,Ltd.",不動産ファンド,不動産・建設,42,44,43,補助関連,C,needs_review,adjacent=real estate investment; growth=development/research,,0,https://www.adwg.co.jp,Real Estate,Real Estate Services,https://www.adwg.co.jp
2,2982,"A.D.Works Group Co.,Ltd.",不動産関連,不動産・建設,90,96,92,主力テーマ,A,ok,industry=Real Estate Services; adjacent=real estate/property management; growth=development/research; official=不動産; count=22; pos=0.05,不動産,22,https://www.adwg.co.jp,Real Estate,Real Estate Services,https://www.adwg.co.jp
2,2982,"A.D.Works Group Co.,Ltd.",脱炭素,GX・エネルギー,8,5,7,ノイズ候補,C,needs_review,事業概要に直接根拠を確認できず,,0,https://www.adwg.co.jp,Real Estate,Real Estate Services,https://www.adwg.co.jp
2,2982,"A.D.Works Group Co.,Ltd.",蓄電池,GX・エネルギー,8,5,7,ノイズ候補,C,needs_review,事業概要に直接根拠を確認できず,,0,https://www.adwg.co.jp,Real Estate,Real Estate Services,https://www.adwg.co.jp
2,2983,"Arr Planner Co., Ltd.",不動産関連,不動産・建設,94,96,95,主力テーマ,A,ok,industry=Real Estate - Development; direct=real estate business/real estate brokerage; position=0.26; growth=development; official=不動産; count=13; pos=0.17,不動産,13,https://www.arrplanner.co.jp | https://www.arrplanner.co.jp/business/ | https://www.arrplanner.co.jp/company/,Real Estate,Real Estate - Development,https://www.arrplanner.co.jp
2,2983,"Arr Planner Co., Ltd.",住宅関連,不動産・建設,92,94,93,主力テーマ,A,ok,direct=custom-built homes; position=0.05; growth=development; official=住宅; count=16; pos=0.32,住宅,16,https://www.arrplanner.co.jp | https://www.arrplanner.co.jp/business/ | https://www.arrplanner.co.jp/company/,Real Estate,Real Estate - Development,https://www.arrplanner.co.jp
2,2984,"Yamaichi Real Estate Co., Ltd",マンション関連,不動産・建設,92,96,93,主力テーマ,A,ok,direct=condominium; position=0.11; growth=develops/development; official=マンション; count=7; pos=0.05,マンション,7,https://www.yueg.co.jp,Real Estate,Real Estate - Development,https://www.yueg.co.jp
2,2984,"Yamaichi Real Estate Co., Ltd",不動産関連,不動産・建設,94,98,95,主力テーマ,A,ok,industry=Real Estate - Development; direct=real estate business; position=0.06; growth=develops/development; official=不動産; count=14; pos=0.06,不動産,14,https://www.yueg.co.jp,Real Estate,Real Estate - Development,https://www.yueg.co.jp
2,2984,"Yamaichi Real Estate Co., Ltd",介護関連,医療・ヘルスケア,8,5,7,ノイズ候補,C,needs_review,事業概要に直接根拠を確認できず,,0,https://www.yueg.co.jp,Real Estate,Real Estate - Development,https://www.yueg.co.jp
2,2984,"Yamaichi Real Estate Co., Ltd",住宅関連,不動産・建設,72,68,71,有力関連,B,needs_review,adjacent=residential; growth=develops/development; official=住宅; count=8; pos=0.06,住宅,8,https://www.yueg.co.jp,Real Estate,Real Estate - Development,https://www.yueg.co.jp
2,2984,"Yamaichi Real Estate Co., Ltd",外食,内需・消費,8,5,7,ノイズ候補,C,needs_review,事業概要に直接根拠を確認できず,,0,https://www.yueg.co.jp,Real Estate,Real Estate - Development,https://www.yueg.co.jp
2,2986,"LA Holdings Co., Ltd.",ホテル,内需・消費,8,5,7,ノイズ候補,C,needs_review,事業概要に直接根拠を確認できず,,0,https://lahd.co.jp | https://lahd.co.jp/company | https://lahd.co.jp/business,Real Estate,Real Estate Services,https://lahd.co.jp
2,2986,"LA Holdings Co., Ltd.",不動産関連,不動産・建設,97,100,98,主力テーマ,A,ok,industry=Real Estate Services; direct=real estate business/real estate brokerage; position=0.07; growth=development/investment; official=不動産; count=8; pos=0.80,不動産,8,https://lahd.co.jp | https://lahd.co.jp/company | https://lahd.co.jp/business,Real Estate,Real Estate Services,https://lahd.co.jp
2,298A,"GVA TECH,Inc.",IT関連,デジタル・サービス,94,96,95,主力テーマ,A,ok,industry=Information Technology Services; direct=information technology; growth=development,,0,https://gvatech.co.jp,Technology,Information Technology Services,https://gvatech.co.jp
2,298A,"GVA TECH,Inc.",SaaS,デジタル・サービス,8,5,7,ノイズ候補,C,needs_review,事業概要に直接根拠を確認できず,,0,https://gvatech.co.jp,Technology,Information Technology Services,https://gvatech.co.jp
2,298A,"GVA TECH,Inc.",デジタルトランスフォーメーション,デジタル・サービス,8,5,7,ノイズ候補,C,needs_review,事業概要に直接根拠を確認できず,,0,https://gvatech.co.jp,Technology,Information Technology Services,https://gvatech.co.jp
2,298A,"GVA TECH,Inc.",人工知能,AI・半導体,8,5,7,ノイズ候補,C,needs_review,事業概要に直接根拠を確認できず,,0,https://gvatech.co.jp,Technology,Information Technology Services,https://gvatech.co.jp
2,2991,LANDNET Inc.,不動産関連,不動産・建設,90,92,91,主力テーマ,A,ok,industry=Real Estate Services; adjacent=real estate; growth=investment; official=不動産; count=98; pos=0.00,不動産,98,https://www.landnet.co.jp | https://landnet.co.jp/service/ | https://landnet.co.jp/liability/,Real Estate,Real Estate Services,https://www.landnet.co.jp
2,2993,Choei Inc.,不動産関連,不動産・建設,94,96,95,主力テーマ,A,qa_peripheral,industry=Real Estate Services; direct=real estate development; position=0.68; growth=development; official=不動産; count=11; pos=0.17,不動産,11,https://www.kk-choei.co.jp | https://www.kk-choei.co.jp/about/ | https://www.kk-choei.co.jp/office/,Real Estate,Real Estate Services,https://www.kk-choei.co.jp
2,2997,"STORAGE-OH Co.,Ltd.",不動産関連,不動産・建設,94,96,95,主力テーマ,A,qa_peripheral,industry=Real Estate Services; direct=real estate brokerage; position=0.65; growth=development,,0,https://www.storageoh.jp | https://www.storageoh.jp/affiliated-service | https://www.storageoh.jp/outline,Real Estate,Real Estate Services,https://www.storageoh.jp
2,2997,"STORAGE-OH Co.,Ltd.",倉庫,物流・海運,85,82,84,主力テーマ,B,official_site_supported,adjacent=storage; growth=development; official=倉庫; count=3; pos=0.53,倉庫,3,https://www.storageoh.jp | https://www.storageoh.jp/affiliated-service | https://www.storageoh.jp/outline,Real Estate,Real Estate Services,https://www.storageoh.jp
2,2998,CREAL Inc.,不動産ファンド,不動産・建設,92,94,93,主力テーマ,A,ok,direct=real estate fund; position=0.17; growth=investment; official=不動産ファンド; count=2; pos=0.50,不動産ファンド,2,https://corp.creal.jp | https://corp.creal.jp/company/ | https://corp.creal.jp/services/,Financial Services,Asset Management,https://corp.creal.jp
2,2998,CREAL Inc.,不動産関連,不動産・建設,72,68,71,有力関連,B,needs_review,adjacent=real estate; growth=investment; official=不動産; count=15; pos=0.08,不動産,15,https://corp.creal.jp | https://corp.creal.jp/company/ | https://corp.creal.jp/services/,Financial Services,Asset Management,https://corp.creal.jp
2,2999,"Home Position Co., Ltd.",不動産関連,不動産・建設,8,5,7,ノイズ候補,C,needs_review,事業概要に直接根拠を確認できず,,0,https://www.homeposition.co.jp,Consumer Cyclical,Residential Construction,https://www.homeposition.co.jp
2,2999,"Home Position Co., Ltd.",住宅関連,不動産・建設,94,86,92,主力テーマ,A,ok,industry=Residential Construction; direct=residential construction; official=住宅; count=5; pos=0.04,住宅,5,https://www.homeposition.co.jp,Consumer Cyclical,Residential Construction,https://www.homeposition.co.jp
2,3001,"Katakura Industries Co.,Ltd.",不動産関連,不動産・建設,42,40,41,補助関連,C,needs_review,adjacent=real estate; growth=development,,0,https://www.katakura.co.jp,Industrials,Conglomerates,https://www.katakura.co.jp
2,3001,"Katakura Industries Co.,Ltd.",機械,設備投資・機械,46,44,45,補助関連,C,needs_review,adjacent=equipment/machine; growth=development,,0,https://www.katakura.co.jp,Industrials,Conglomerates,https://www.katakura.co.jp
2,3001,"Katakura Industries Co.,Ltd.",防災,防衛・国土強靱化,8,5,7,ノイズ候補,C,needs_review,事業概要に直接根拠を確認できず,,0,https://www.katakura.co.jp,Industrials,Conglomerates,https://www.katakura.co.jp
2,3002,Gunze Limited,再生医療,医療・ヘルスケア,8,5,7,ノイズ候補,C,needs_review,事業概要に直接根拠を確認できず,,0,https://www.gunze.co.jp,Consumer Cyclical,Apparel Manufacturing,https://www.gunze.co.jp
2,3003,"Hulic Co., Ltd.",ホテル,内需・消費,86,88,87,主力テーマ,A,ok,direct=hotel management; position=0.35; growth=development; official=ホテル; count=5; pos=0.23,ホテル,5,https://www.hulic.co.jp | https://www.hulic.co.jp/business/ | https://www.hulic.co.jp/corporate/outline.html,Real Estate,Real Estate - Diversified,https://www.hulic.co.jp
2,3003,"Hulic Co., Ltd.",不動産関連,不動産・建設,90,92,91,主力テーマ,A,ok,industry=Real Estate - Diversified; adjacent=real estate; growth=development; official=不動産; count=16; pos=0.07,不動産,16,https://www.hulic.co.jp | https://www.hulic.co.jp/business/ | https://www.hulic.co.jp/corporate/outline.html,Real Estate,Real Estate - Diversified,https://www.hulic.co.jp
2,3003,"Hulic Co., Ltd.",介護関連,医療・ヘルスケア,8,5,7,ノイズ候補,C,needs_review,事業概要に直接根拠を確認できず,,0,https://www.hulic.co.jp | https://www.hulic.co.jp/business/ | https://www.hulic.co.jp/corporate/outline.html,Real Estate,Real Estate - Diversified,https://www.hulic.co.jp
2,3003,"Hulic Co., Ltd.",保険,金融・金利,42,40,41,補助関連,C,needs_review,adjacent=insurance agency; growth=development; official=保険; count=1; pos=0.91,保険,1,https://www.hulic.co.jp | https://www.hulic.co.jp/business/ | https://www.hulic.co.jp/corporate/outline.html,Real Estate,Real Estate - Diversified,https://www.hulic.co.jp
2,3004,Shinyei Kaisha,宇宙開発関連,防衛・国土強靱化,8,5,7,ノイズ候補,C,needs_review,事業概要に直接根拠を確認できず,,0,https://www.shinyei.co.jp,Industrials,Conglomerates,https://www.shinyei.co.jp
2,3004,Shinyei Kaisha,建設機械,設備投資・機械,8,5,7,ノイズ候補,C,needs_review,事業概要に直接根拠を確認できず,,0,https://www.shinyei.co.jp,Industrials,Conglomerates,https://www.shinyei.co.jp
2,3004,Shinyei Kaisha,防災,防衛・国土強靱化,82,88,84,主力テーマ,B,ok,direct=disaster prevention; position=0.50; growth=development/new business,,0,https://www.shinyei.co.jp,Industrials,Conglomerates,https://www.shinyei.co.jp
2,3004,Shinyei Kaisha,食品,内需・消費,92,98,94,主力テーマ,A,ok,direct=food products; position=0.15; growth=development/new business,,0,https://www.shinyei.co.jp,Industrials,Conglomerates,https://www.shinyei.co.jp
2,300A,"MIC Co., Ltd.",クラウドコンピューティング,デジタル・サービス,90,68,83,主力テーマ,B,official_site_supported,adjacent=cloud; growth=development; official=クラウド; count=2; pos=0.15,クラウド,2,https://www.mic-p.com | https://www.mic-p.com/about | https://www.mic-p.com/service_themes,Communication Services,Advertising Agencies,https://www.mic-p.com
2,300A,"MIC Co., Ltd.",デジタルトランスフォーメーション,デジタル・サービス,8,5,7,ノイズ候補,C,needs_review,事業概要に直接根拠を確認できず,,0,https://www.mic-p.com | https://www.mic-p.com/about | https://www.mic-p.com/service_themes,Communication Services,Advertising Agencies,https://www.mic-p.com
2,300A,"MIC Co., Ltd.",物流,物流・海運,8,5,7,ノイズ候補,C,needs_review,事業概要に直接根拠を確認できず,,0,https://www.mic-p.com | https://www.mic-p.com/about | https://www.mic-p.com/service_themes,Communication Services,Advertising Agencies,https://www.mic-p.com
2,3010,"Polaris Holdings Co., Ltd.",ホテル,内需・消費,92,94,93,主力テーマ,A,ok,direct=hotel management; position=0.13; growth=investment,,0,https://www.polaris-holdings.com,Consumer Cyclical,Lodging,https://www.polaris-holdings.com
2,3010,"Polaris Holdings Co., Ltd.",不動産関連,不動産・建設,42,40,41,補助関連,C,needs_review,adjacent=real estate; growth=investment,,0,https://www.polaris-holdings.com,Consumer Cyclical,Lodging,https://www.polaris-holdings.com
2,3020,"Applied Co.,Ltd.",小売り,内需・消費,42,42,42,補助関連,C,needs_review,adjacent=stores; growth=development/research,,0,https://www.applied-g.jp | https://www.applied-g.jp/companyprofile/ | https://www.applied-g.jp/news/%e2%81%82%e3%83%8f%e3%82%a6%e3%82%ba%e3%82%aa%e3%83%b3%e3%83%a9%e3%82%a4%e3%83%b3%e6%96%b0%e7%9d%80%e9%80%9f%e5%a0%b1%e2%81%829%e6%9c%882%e6%97%a5%e3%80%90%e5%86%8d%e5%85%a5%e8%8d%b7-%e9%80%9a/,Technology,Electronics & Computer Distribution,https://www.applied-g.jp
2,3021,"Pacific Net Co.,Ltd.",サブスクリプション,デジタル・サービス,92,84,90,主力テーマ,A,ok,direct=subscription business; position=0.20,,0,https://www.prins.co.jp,Technology,Computer Hardware,https://www.prins.co.jp
2,3021,"Pacific Net Co.,Ltd.",教育ICT,デジタル・サービス,8,5,7,ノイズ候補,C,needs_review,事業概要に直接根拠を確認できず,,0,https://www.prins.co.jp,Technology,Computer Hardware,https://www.prins.co.jp
2,3023,Rasa Corporation,建設機械,設備投資・機械,66,56,63,有力関連,B,qa_borderline,direct=construction equipment; position=0.60,,0,https://www.rasaco.co.jp,Basic Materials,Other Industrial Metals & Mining,https://www.rasaco.co.jp
2,3024,Create Corporation,水道関連,防衛・国土強靱化,86,78,84,主力テーマ,B,ok,direct=water supply; position=0.35,,0,https://www.cr-net.co.jp,Industrials,Metal Fabrication,https://www.cr-net.co.jp
2,3024,Create Corporation,物流,物流・海運,42,30,38,ノイズ候補,C,needs_review,adjacent=logistics,,0,https://www.cr-net.co.jp,Industrials,Metal Fabrication,https://www.cr-net.co.jp
2,302A,"b-style holdings,Inc.",IT関連,デジタル・サービス,72,68,71,有力関連,B,needs_review,事業概要に直接根拠を確認できず; official=IT; count=8; pos=0.02,IT,8,https://www.bstylegroup.co.jp | https://www.bstylegroup.co.jp/corporate/company/ | https://www.bstylegroup.co.jp/service/business/,Industrials,Staffing & Employment Services,https://www.bstylegroup.co.jp
2,302A,"b-style holdings,Inc.",デジタルトランスフォーメーション,デジタル・サービス,90,82,88,主力テーマ,A,ok,direct= dx ; position=0.22; official=DX/ＤＸ; count=5; pos=0.11,DX | ＤＸ,5,https://www.bstylegroup.co.jp | https://www.bstylegroup.co.jp/corporate/company/ | https://www.bstylegroup.co.jp/service/business/,Industrials,Staffing & Employment Services,https://www.bstylegroup.co.jp
2,3030,"Hub Co., Ltd.",外食,内需・消費,94,86,92,主力テーマ,A,ok,industry=Restaurants; direct=restaurant,,0,https://www.pub-hub.co.jp,Consumer Cyclical,Restaurants,https://www.pub-hub.co.jp
2,3031,"RACCOON HOLDINGS, Inc.",IT関連,デジタル・サービス,72,68,71,有力関連,B,needs_review,事業概要に直接根拠を確認できず; official=IT; count=6; pos=0.14,IT,6,https://www.raccoon.ne.jp,Consumer Cyclical,Internet Retail,https://www.raccoon.ne.jp
2,3031,"RACCOON HOLDINGS, Inc.",eコマース,内需・消費,85,82,84,主力テーマ,B,official_site_supported,事業概要に直接根拠を確認できず; official=EC; count=5; pos=0.35,EC,5,https://www.raccoon.ne.jp,Consumer Cyclical,Internet Retail,https://www.raccoon.ne.jp
2,3031,"RACCOON HOLDINGS, Inc.",クラウドコンピューティング,デジタル・サービス,42,40,41,補助関連,C,needs_review,adjacent=cloud; growth=developing,,0,https://www.raccoon.ne.jp,Consumer Cyclical,Internet Retail,https://www.raccoon.ne.jp
2,3031,"RACCOON HOLDINGS, Inc.",フィンテック,金融・金利,8,5,7,ノイズ候補,C,needs_review,事業概要に直接根拠を確認できず,,0,https://www.raccoon.ne.jp,Consumer Cyclical,Internet Retail,https://www.raccoon.ne.jp
2,3036,ALCONIX Corporation,アルミニウム,資源・素材,92,84,90,主力テーマ,A,ok,direct=aluminum; position=0.12,,0,https://www.alconix.com,Basic Materials,Other Industrial Metals & Mining,https://www.alconix.com
2,3036,ALCONIX Corporation,レアアース,資源・素材,86,78,84,主力テーマ,B,ok,direct=rare earth; position=0.27,,0,https://www.alconix.com,Basic Materials,Other Industrial Metals & Mining,https://www.alconix.com
2,3036,ALCONIX Corporation,レアメタル,資源・素材,8,5,7,ノイズ候補,C,needs_review,事業概要に直接根拠を確認できず,,0,https://www.alconix.com,Basic Materials,Other Industrial Metals & Mining,https://www.alconix.com
2,3036,ALCONIX Corporation,半導体製造装置,AI・半導体,58,46,54,補助関連,C,needs_review,direct=semiconductor manufacturing equipment; position=0.69,,0,https://www.alconix.com,Basic Materials,Other Industrial Metals & Mining,https://www.alconix.com
2,3036,ALCONIX Corporation,自動車部材・部品,自動車・モビリティ,42,30,38,ノイズ候補,C,needs_review,adjacent=automotive,,0,https://www.alconix.com,Basic Materials,Other Industrial Metals & Mining,https://www.alconix.com
2,3036,ALCONIX Corporation,都市鉱山,資源・素材,8,5,7,ノイズ候補,C,needs_review,事業概要に直接根拠を確認できず,,0,https://www.alconix.com,Basic Materials,Other Industrial Metals & Mining,https://www.alconix.com
2,3036,ALCONIX Corporation,銅,資源・素材,42,30,38,ノイズ候補,C,needs_review,adjacent=copper,,0,https://www.alconix.com,Basic Materials,Other Industrial Metals & Mining,https://www.alconix.com
2,3036,ALCONIX Corporation,電気自動車関連,自動車・モビリティ,8,5,7,ノイズ候補,C,needs_review,事業概要に直接根拠を確認できず,,0,https://www.alconix.com,Basic Materials,Other Industrial Metals & Mining,https://www.alconix.com
2,3036,ALCONIX Corporation,非鉄,資源・素材,97,89,95,主力テーマ,A,ok,direct=non-ferrous metal/aluminum; position=0.03,,0,https://www.alconix.com,Basic Materials,Other Industrial Metals & Mining,https://www.alconix.com
2,3038,"Kobe Bussan Co., Ltd.",再生可能エネルギー,GX・エネルギー,58,46,54,補助関連,C,needs_review,direct=renewable energy; position=0.77,,0,https://www.kobebussan.co.jp,Consumer Defensive,Grocery Stores,https://www.kobebussan.co.jp
2,3038,"Kobe Bussan Co., Ltd.",外食,内需・消費,86,78,84,主力テーマ,B,ok,direct=restaurant; position=0.35; official=外食; count=3; pos=0.06,外食,3,https://www.kobebussan.co.jp,Consumer Defensive,Grocery Stores,https://www.kobebussan.co.jp
2,303A,visumo Inc.,IT関連,デジタル・サービス,90,94,91,主力テーマ,A,ok,industry=Software - Application; adjacent=software; growth=develops/development,,0,https://visumo.asia,Technology,Software - Application,https://visumo.asia
2,303A,visumo Inc.,SaaS,デジタル・サービス,94,98,95,主力テーマ,A,ok,industry=Software - Application; direct=saas; position=0.18; growth=develops/development,,0,https://visumo.asia,Technology,Software - Application,https://visumo.asia
2,303A,visumo Inc.,eコマース,内需・消費,8,5,7,ノイズ候補,C,needs_review,事業概要に直接根拠を確認できず,,0,https://visumo.asia,Technology,Software - Application,https://visumo.asia
2,303A,visumo Inc.,人工知能,AI・半導体,8,5,7,ノイズ候補,C,needs_review,事業概要に直接根拠を確認できず,,0,https://visumo.asia,Technology,Software - Application,https://visumo.asia
2,3040,Soliton Systems K.K.,IT関連,デジタル・サービス,94,100,96,主力テーマ,A,qa_peripheral,industry=Software - Infrastructure; direct=information systems; position=0.83; growth=develops/development; official=IT; count=58; pos=0.02,IT,58,https://www.soliton.co.jp | https://www.soliton.co.jp/products/ | https://www.soliton.co.jp/products/?category,Technology,Software - Infrastructure,https://www.soliton.co.jp
2,3040,Soliton Systems K.K.,IoT,設備投資・機械,8,5,7,ノイズ候補,C,needs_review,事業概要に直接根拠を確認できず,,0,https://www.soliton.co.jp | https://www.soliton.co.jp/products/ | https://www.soliton.co.jp/products/?category,Technology,Software - Infrastructure,https://www.soliton.co.jp
2,3040,Soliton Systems K.K.,クラウドコンピューティング,デジタル・サービス,92,90,91,主力テーマ,A,official_site_supported,事業概要に直接根拠を確認できず; official=クラウド/クラウドサービス; count=36; pos=0.01,クラウド | クラウドサービス,36,https://www.soliton.co.jp | https://www.soliton.co.jp/products/ | https://www.soliton.co.jp/products/?category,Technology,Software - Infrastructure,https://www.soliton.co.jp
2,3040,Soliton Systems K.K.,サイバーセキュリティ,防衛・国土強靱化,92,92,92,主力テーマ,A,ok,direct=cybersecurity; position=0.38; growth=develops/development; official=サイバーセキュリティ/情報セキュリティ; count=11; pos=0.02,サイバーセキュリティ | 情報セキュリティ,11,https://www.soliton.co.jp | https://www.soliton.co.jp/products/ | https://www.soliton.co.jp/products/?category,Technology,Software - Infrastructure,https://www.soliton.co.jp
2,3040,Soliton Systems K.K.,人工知能,AI・半導体,92,90,91,主力テーマ,A,official_site_supported,事業概要に直接根拠を確認できず; official=AI; count=36; pos=0.11,AI,36,https://www.soliton.co.jp | https://www.soliton.co.jp/products/ | https://www.soliton.co.jp/products/?category,Technology,Software - Infrastructure,https://www.soliton.co.jp
2,3040,Soliton Systems K.K.,宇宙開発関連,防衛・国土強靱化,90,82,88,主力テーマ,A,official_site_supported,事業概要に直接根拠を確認できず; official=宇宙開発; count=3; pos=0.16,宇宙開発,3,https://www.soliton.co.jp | https://www.soliton.co.jp/products/ | https://www.soliton.co.jp/products/?category,Technology,Software - Infrastructure,https://www.soliton.co.jp
2,3040,Soliton Systems K.K.,自動運転車,自動車・モビリティ,72,68,71,有力関連,B,needs_review,事業概要に直接根拠を確認できず; official=自動運転; count=2; pos=0.33,自動運転,2,https://www.soliton.co.jp | https://www.soliton.co.jp/products/ | https://www.soliton.co.jp/products/?category,Technology,Software - Infrastructure,https://www.soliton.co.jp
2,3042,SecuAvail Inc.,IT関連,デジタル・サービス,90,82,88,主力テーマ,A,ok,industry=Software - Infrastructure; adjacent=software; official=IT; count=14; pos=0.04,IT,14,https://www.secuavail.com | https://www.secuavail.com/product/netstare/ | https://www.secuavail.com/product/netstare/ransomware.html,Technology,Software - Infrastructure,https://www.secuavail.com
2,3042,SecuAvail Inc.,クラウドコンピューティング,デジタル・サービス,90,82,88,主力テーマ,A,official_site_supported,事業概要に直接根拠を確認できず; official=クラウド; count=3; pos=0.16,クラウド,3,https://www.secuavail.com | https://www.secuavail.com/product/netstare/ | https://www.secuavail.com/product/netstare/ransomware.html,Technology,Software - Infrastructure,https://www.secuavail.com
2,3042,SecuAvail Inc.,サイバーセキュリティ,防衛・国土強靱化,92,90,91,主力テーマ,A,ok,direct=information security; position=0.09; official=サイバーセキュリティ; count=16; pos=0.03,サイバーセキュリティ,16,https://www.secuavail.com | https://www.secuavail.com/product/netstare/ | https://www.secuavail.com/product/netstare/ransomware.html,Technology,Software - Infrastructure,https://www.secuavail.com
2,3042,SecuAvail Inc.,マイナンバー,デジタル・サービス,8,5,7,ノイズ候補,C,needs_review,事業概要に直接根拠を確認できず,,0,https://www.secuavail.com | https://www.secuavail.com/product/netstare/ | https://www.secuavail.com/product/netstare/ransomware.html,Technology,Software - Infrastructure,https://www.secuavail.com
2,3045,"Kawasaki & Co., Ltd.",ホテル,内需・消費,72,68,71,有力関連,B,qa_borderline,direct=hotel business; position=0.63; official=ホテル; count=8; pos=0.07,ホテル,8,https://www.kawasaki-corp.co.jp | https://kawasaki-corp.co.jp/company/ | https://kawasaki-corp.co.jp/company/profile/,Consumer Cyclical,Apparel Manufacturing,https://www.kawasaki-corp.co.jp
2,3045,"Kawasaki & Co., Ltd.",倉庫,物流・海運,92,90,91,主力テーマ,A,official_site_supported,adjacent=warehouse; official=倉庫; count=11; pos=0.03,倉庫,11,https://www.kawasaki-corp.co.jp | https://kawasaki-corp.co.jp/company/ | https://kawasaki-corp.co.jp/company/profile/,Consumer Cyclical,Apparel Manufacturing,https://www.kawasaki-corp.co.jp
2,3045,"Kawasaki & Co., Ltd.",物流,物流・海運,58,54,57,補助関連,C,needs_review,事業概要に直接根拠を確認できず; official=物流; count=2; pos=0.09,物流,2,https://www.kawasaki-corp.co.jp | https://kawasaki-corp.co.jp/company/ | https://kawasaki-corp.co.jp/company/profile/,Consumer Cyclical,Apparel Manufacturing,https://www.kawasaki-corp.co.jp
2,3047,,陸運,物流・海運,8,5,7,ノイズ候補,C,needs_official_ir,事業概要に直接根拠を確認できず,,0,,,,
2,3048,Bic Camera Inc.,小売り,内需・消費,90,92,91,主力テーマ,A,ok,industry=Specialty Retail; adjacent=retail/stores; growth=develops,,0,https://www.biccamera.com,Consumer Cyclical,Specialty Retail,https://www.biccamera.com
2,304A,"FORCIA, Inc.",IT関連,デジタル・サービス,94,96,95,主力テーマ,A,ok,industry=Information Technology Services; direct=information technology; growth=development; official=IT; count=6; pos=0.05,IT,6,https://www.forcia.com | https://www.forcia.com/service/ | https://www.forcia.com/product/,Technology,Information Technology Services,https://www.forcia.com
2,304A,"FORCIA, Inc.",SaaS,デジタル・サービス,72,68,71,有力関連,B,needs_review,事業概要に直接根拠を確認できず; official=SaaS; count=1; pos=0.81,SaaS,1,https://www.forcia.com | https://www.forcia.com/service/ | https://www.forcia.com/product/,Technology,Information Technology Services,https://www.forcia.com
2,304A,"FORCIA, Inc.",デジタルトランスフォーメーション,デジタル・サービス,92,90,91,主力テーマ,A,official_site_supported,事業概要に直接根拠を確認できず; official=DX; count=13; pos=0.02,DX,13,https://www.forcia.com | https://www.forcia.com/service/ | https://www.forcia.com/product/,Technology,Information Technology Services,https://www.forcia.com
2,304A,"FORCIA, Inc.",データ分析・解析,AI・半導体,8,5,7,ノイズ候補,C,needs_review,事業概要に直接根拠を確認できず,,0,https://www.forcia.com | https://www.forcia.com/service/ | https://www.forcia.com/product/,Technology,Information Technology Services,https://www.forcia.com
2,304A,"FORCIA, Inc.",人工知能,AI・半導体,8,5,7,ノイズ候補,C,needs_review,事業概要に直接根拠を確認できず,,0,https://www.forcia.com | https://www.forcia.com/service/ | https://www.forcia.com/product/,Technology,Information Technology Services,https://www.forcia.com
2,304A,"FORCIA, Inc.",旅行,内需・消費,46,44,45,補助関連,C,needs_review,adjacent=tourism/travel; growth=development,,0,https://www.forcia.com | https://www.forcia.com/service/ | https://www.forcia.com/product/,Technology,Information Technology Services,https://www.forcia.com
2,3050,"DCM Holdings Co., Ltd.",太陽光発電関連,GX・エネルギー,8,5,7,ノイズ候補,C,needs_review,事業概要に直接根拠を確認できず,,0,https://www.dcm-hc.co.jp,Consumer Cyclical,Home Improvement Retail,https://www.dcm-hc.co.jp
2,3050,"DCM Holdings Co., Ltd.",小売り,内需・消費,42,30,38,ノイズ候補,C,needs_review,adjacent=retail,,0,https://www.dcm-hc.co.jp,Consumer Cyclical,Home Improvement Retail,https://www.dcm-hc.co.jp
2,3050,"DCM Holdings Co., Ltd.",防災,防衛・国土強靱化,90,82,88,主力テーマ,A,official_site_supported,事業概要に直接根拠を確認できず; official=防災; count=4; pos=0.17,防災,4,https://www.dcm-hc.co.jp,Consumer Cyclical,Home Improvement Retail,https://www.dcm-hc.co.jp
2,3053,"Pepper Food Service Co., Ltd.",外食,内需・消費,97,89,95,主力テーマ,A,ok,industry=Restaurants; direct=restaurant/food service; position=0.01,,0,https://www.pepper-fs.co.jp,Consumer Cyclical,Restaurants,https://www.pepper-fs.co.jp
2,3054,HYPER Inc.,IoT,設備投資・機械,8,5,7,ノイズ候補,C,needs_review,事業概要に直接根拠を確認できず,,0,https://hyperpc.co.jp | https://hyperpc.co.jp/mission/it/ | https://hyperpc.co.jp/mission/support/,Technology,Computer Hardware,https://hyperpc.co.jp
2,3054,HYPER Inc.,クラウドコンピューティング,デジタル・サービス,85,91,87,主力テーマ,A,official_site_supported,direct=cloud service; position=0.77; growth=develops/development; official=クラウド/クラウドサービス; count=3; pos=0.26,クラウド | クラウドサービス,3,https://hyperpc.co.jp | https://hyperpc.co.jp/mission/it/ | https://hyperpc.co.jp/mission/support/,Technology,Computer Hardware,https://hyperpc.co.jp
2,3054,HYPER Inc.,サイバーセキュリティ,防衛・国土強靱化,92,98,94,主力テーマ,A,official_site_supported,事業概要に直接根拠を確認できず; official=情報セキュリティ; count=9; pos=0.08,情報セキュリティ,9,https://hyperpc.co.jp | https://hyperpc.co.jp/mission/it/ | https://hyperpc.co.jp/mission/support/,Technology,Computer Hardware,https://hyperpc.co.jp
2,3054,HYPER Inc.,教育ICT,デジタル・サービス,8,5,7,ノイズ候補,C,needs_review,事業概要に直接根拠を確認できず,,0,https://hyperpc.co.jp | https://hyperpc.co.jp/mission/it/ | https://hyperpc.co.jp/mission/support/,Technology,Computer Hardware,https://hyperpc.co.jp
2,3055,,介護関連,医療・ヘルスケア,8,5,7,ノイズ候補,C,needs_official_ir,事業概要に直接根拠を確認できず,,0,,,,
2,3055,,医療機器,医療・ヘルスケア,8,5,7,ノイズ候補,C,needs_official_ir,事業概要に直接根拠を確認できず,,0,,,,
2,3055,,医薬品関連,医療・ヘルスケア,8,5,7,ノイズ候補,C,needs_official_ir,事業概要に直接根拠を確認できず,,0,,,,
2,3058,Sanyodo Holdings Inc,小売り,内需・消費,90,82,88,主力テーマ,A,ok,industry=Specialty Retail; adjacent=retail,,0,https://www.sanyodo.co.jp | https://www.sanyodo.co.jp/news?category%5B%5D=17 | https://www.sanyodo.co.jp/lookup,Consumer Cyclical,Specialty Retail,https://www.sanyodo.co.jp
2,3063,j-Group Holdings Corp.,不動産関連,不動産・建設,92,94,93,主力テーマ,A,ok,direct=real estate business; position=0.18; growth=development; official=不動産; count=9; pos=0.01,不動産,9,https://www.jgroup.jp | https://www.jgroup.jp/company/ | https://www.jgroup.jp/company/outline/,Consumer Cyclical,Restaurants,https://www.jgroup.jp
2,3063,j-Group Holdings Corp.,外食,内需・消費,94,96,95,主力テーマ,A,ok,industry=Restaurants; direct=restaurant; position=0.09; growth=development,,0,https://www.jgroup.jp | https://www.jgroup.jp/company/ | https://www.jgroup.jp/company/outline/,Consumer Cyclical,Restaurants,https://www.jgroup.jp
2,3064,"MonotaRO Co., Ltd.",eコマース,内需・消費,72,68,71,有力関連,B,needs_review,事業概要に直接根拠を確認できず; official=EC; count=1; pos=0.87,EC,1,https://corp.monotaro.com,Consumer Cyclical,Internet Retail,https://corp.monotaro.com
2,3064,"MonotaRO Co., Ltd.",小売り,内需・消費,42,42,42,補助関連,C,needs_review,adjacent=retail; growth=development/research,,0,https://corp.monotaro.com,Consumer Cyclical,Internet Retail,https://corp.monotaro.com
2,3065,"Life Foods Co., Ltd.",外食,内需・消費,94,86,92,主力テーマ,A,ok,industry=Restaurants; direct=restaurant; position=0.05,,0,https://www.meshiya.co.jp,Consumer Cyclical,Restaurants,https://www.meshiya.co.jp
2,3066,,外食,内需・消費,8,5,7,ノイズ候補,C,needs_official_ir,事業概要に直接根拠を確認できず,,0,,,,
2,3067,"Tokyo Ichiban Foods Co., Ltd.",外食,内需・消費,94,86,92,主力テーマ,A,ok,industry=Restaurants; direct=restaurant; position=0.09,,0,https://www.tokyo-ichiban-foods.co.jp | https://www.tokyo-ichiban-foods.co.jp/company/ | https://www.tokyo-ichiban-foods.co.jp/company/business/,Consumer Cyclical,Restaurants,https://www.tokyo-ichiban-foods.co.jp
2,3068,WDI Corporation,外食,内需・消費,94,86,92,主力テーマ,A,ok,industry=Restaurants; direct=restaurant; position=0.24; official=外食; count=2; pos=0.47,外食,2,https://www.wdi.co.jp | https://www.wdi.co.jp/company | https://www.wdi.co.jp/ir/business.html,Consumer Cyclical,Restaurants,https://www.wdi.co.jp
2,3069,JFLA Holdings Inc.,外食,内需・消費,94,86,92,主力テーマ,A,ok,industry=Restaurants; direct=restaurant; position=0.07,,0,https://j-fla.com,Consumer Cyclical,Restaurants,https://j-fla.com
2,3070,"JELLY BEANS GROUP Co., Ltd.",eコマース,内需・消費,92,98,94,主力テーマ,A,official_site_supported,事業概要に直接根拠を確認できず; official=EC; count=22; pos=0.01,EC,22,https://www.jelly-beans-group.co.jp | https://www.jelly-beans-group.co.jp/business/ | https://www.jelly-beans-group.co.jp/company/,Consumer Cyclical,Apparel Retail,https://www.jelly-beans-group.co.jp
2,3070,"JELLY BEANS GROUP Co., Ltd.",ゲーム関連,デジタル・サービス,8,5,7,ノイズ候補,C,needs_review,事業概要に直接根拠を確認できず,,0,https://www.jelly-beans-group.co.jp | https://www.jelly-beans-group.co.jp/business/ | https://www.jelly-beans-group.co.jp/company/,Consumer Cyclical,Apparel Retail,https://www.jelly-beans-group.co.jp
2,3070,"JELLY BEANS GROUP Co., Ltd.",小売り,内需・消費,42,42,42,補助関連,C,needs_review,adjacent=retail; growth=develops/development,,0,https://www.jelly-beans-group.co.jp | https://www.jelly-beans-group.co.jp/business/ | https://www.jelly-beans-group.co.jp/company/,Consumer Cyclical,Apparel Retail,https://www.jelly-beans-group.co.jp
2,3070,"JELLY BEANS GROUP Co., Ltd.",物流,物流・海運,58,54,57,補助関連,C,needs_review,事業概要に直接根拠を確認できず; official=物流; count=2; pos=0.12,物流,2,https://www.jelly-beans-group.co.jp | https://www.jelly-beans-group.co.jp/business/ | https://www.jelly-beans-group.co.jp/company/,Consumer Cyclical,Apparel Retail,https://www.jelly-beans-group.co.jp
2,3075,"Choushimaru Co., Ltd.",外食,内需・消費,94,86,92,主力テーマ,A,ok,industry=Restaurants; direct=restaurant; position=0.14,,0,https://www.choushimaru.co.jp,Consumer Cyclical,Restaurants,https://www.choushimaru.co.jp
2,3076,Ai Holdings Corporation,IoT,設備投資・機械,72,68,71,有力関連,B,needs_review,direct= iot; position=0.87; growth=develops; official=IoT; count=1; pos=0.55,IoT,1,https://www.aiholdings.co.jp,Industrials,Conglomerates,https://www.aiholdings.co.jp
2,3076,Ai Holdings Corporation,耐震化,防衛・国土強靱化,8,5,7,ノイズ候補,C,needs_review,事業概要に直接根拠を確認できず,,0,https://www.aiholdings.co.jp,Industrials,Conglomerates,https://www.aiholdings.co.jp
2,3076,Ai Holdings Corporation,脱炭素,GX・エネルギー,8,5,7,ノイズ候補,C,needs_review,事業概要に直接根拠を確認できず,,0,https://www.aiholdings.co.jp,Industrials,Conglomerates,https://www.aiholdings.co.jp
2,3077,"Horiifoodservice Co., Ltd.",外食,内需・消費,94,86,92,主力テーマ,A,ok,industry=Restaurants; direct=restaurant; position=0.09,,0,https://www.horiifood.co.jp,Consumer Cyclical,Restaurants,https://www.horiifood.co.jp
2,3080,"Jason Co., Ltd.",食品,内需・消費,92,94,93,主力テーマ,A,ok,direct=beverage; position=0.13; growth=develops; official=食品; count=3; pos=0.31,食品,3,https://www.jason.co.jp | https://jason.co.jp/company_profile/ | https://jason.co.jp/%e6%96%b0%e7%9d%80%e5%95%86%e5%93%81/,Consumer Defensive,Discount Stores,https://www.jason.co.jp
2,3082,"KICHIRI HOLDINGS & Co.,Ltd.",外食,内需・消費,97,89,95,主力テーマ,A,ok,industry=Restaurants; direct=restaurant/food service; position=0.13; official=外食; count=6; pos=0.06,外食,6,https://www.kichiri.co.jp | https://www.kichiri.co.jp/business/ | https://www.kichiri.co.jp/business/global.php,Consumer Cyclical,Restaurants,https://www.kichiri.co.jp
2,3082,"KICHIRI HOLDINGS & Co.,Ltd.",生成AI,AI・半導体,8,5,7,ノイズ候補,C,needs_review,事業概要に直接根拠を確認できず,,0,https://www.kichiri.co.jp | https://www.kichiri.co.jp/business/ | https://www.kichiri.co.jp/business/global.php,Consumer Cyclical,Restaurants,https://www.kichiri.co.jp
2,3083,"Star seeds Co.,Ltd.",サーバー冷却,データセンター・電力,8,5,7,ノイズ候補,C,needs_review,事業概要に直接根拠を確認できず,,0,https://starseeds.co.jp | https://starseeds.co.jp/business | https://starseeds.co.jp/company,Consumer Cyclical,Apparel Retail,https://starseeds.co.jp
2,3083,"Star seeds Co.,Ltd.",データセンター,データセンター・電力,72,78,74,有力関連,B,qa_borderline,direct=data center; position=0.59; official=データセンター/データセンタ; count=2; pos=0.44,データセンター | データセンタ,2,https://starseeds.co.jp | https://starseeds.co.jp/business | https://starseeds.co.jp/company,Consumer Cyclical,Apparel Retail,https://starseeds.co.jp
2,3083,"Star seeds Co.,Ltd.",小売り,内需・消費,92,84,90,主力テーマ,A,ok,direct=retail stores; position=0.10,,0,https://starseeds.co.jp | https://starseeds.co.jp/business | https://starseeds.co.jp/company,Consumer Cyclical,Apparel Retail,https://starseeds.co.jp
2,3083,"Star seeds Co.,Ltd.",脱炭素,GX・エネルギー,8,5,7,ノイズ候補,C,needs_review,事業概要に直接根拠を確認できず,,0,https://starseeds.co.jp | https://starseeds.co.jp/business | https://starseeds.co.jp/company,Consumer Cyclical,Apparel Retail,https://starseeds.co.jp
2,3083,"Star seeds Co.,Ltd.",蓄電池,GX・エネルギー,86,92,88,主力テーマ,A,ok,direct=battery storage; position=0.20; official=蓄電池; count=2; pos=0.42,蓄電池,2,https://starseeds.co.jp | https://starseeds.co.jp/business | https://starseeds.co.jp/company,Consumer Cyclical,Apparel Retail,https://starseeds.co.jp
2,3086,"J. Front Retailing Co., Ltd.",サブスクリプション,デジタル・サービス,8,5,7,ノイズ候補,C,needs_review,事業概要に直接根拠を確認できず,,0,https://www.j-front-retailing.com,Consumer Cyclical,Department Stores,https://www.j-front-retailing.com
2,3086,"J. Front Retailing Co., Ltd.",再開発,不動産・建設,8,5,7,ノイズ候補,C,needs_review,事業概要に直接根拠を確認できず,,0,https://www.j-front-retailing.com,Consumer Cyclical,Department Stores,https://www.j-front-retailing.com
2,3086,"J. Front Retailing Co., Ltd.",小売り,内需・消費,94,98,95,主力テーマ,A,ok,industry=Department Stores; direct=retailing; position=0.01; growth=development/investment,,0,https://www.j-front-retailing.com,Consumer Cyclical,Department Stores,https://www.j-front-retailing.com
2,3087,"DOUTOR NICHIRES Holdings Co., Ltd.",外食,内需・消費,94,86,92,主力テーマ,A,ok,industry=Restaurants; direct=restaurant; position=0.09,,0,https://www.dnh.co.jp,Consumer Cyclical,Restaurants,https://www.dnh.co.jp
2,3088,MatsukiyoCocokara & Co.,小売り,内需・消費,46,44,45,補助関連,C,needs_review,adjacent=retail/stores; growth=development,,0,https://www.matsukiyococokara.com,Healthcare,Pharmaceutical Retailers,https://www.matsukiyococokara.com
2,3089,"Techno Alpha Co., Ltd.",半導体製造装置,AI・半導体,97,99,98,主力テーマ,A,ok,industry=Semiconductor Equipment & Materials; direct=semiconductor manufacturing equipment/semiconductor equipment; position=0.06; growth=develops,,0,https://www.technoalpha.co.jp,Technology,Semiconductor Equipment & Materials,https://www.technoalpha.co.jp
2,3089,"Techno Alpha Co., Ltd.",機械,設備投資・機械,46,44,45,補助関連,C,needs_review,adjacent=equipment/machine; growth=develops,,0,https://www.technoalpha.co.jp,Technology,Semiconductor Equipment & Materials,https://www.technoalpha.co.jp
2,3089,"Techno Alpha Co., Ltd.",自動車電子化,自動車・モビリティ,8,5,7,ノイズ候補,C,needs_review,事業概要に直接根拠を確認できず,,0,https://www.technoalpha.co.jp,Technology,Semiconductor Equipment & Materials,https://www.technoalpha.co.jp
2,3091,"BRONCO BILLY Co.,LTD.",外食,内需・消費,94,86,92,主力テーマ,A,ok,industry=Restaurants; direct=restaurant; position=0.10,,0,https://www.bronco.co.jp | https://www.bronco.co.jp/corporate/,Consumer Cyclical,Restaurants,https://www.bronco.co.jp
2,3092,"ZOZO, Inc.",eコマース,内需・消費,92,98,94,主力テーマ,A,official_site_supported,事業概要に直接根拠を確認できず; official=EC; count=8; pos=0.22,EC,8,https://corp.zozo.com,Consumer Cyclical,Internet Retail,https://corp.zozo.com
2,3096,Ocean System Corporation,外食,内需・消費,42,30,38,ノイズ候補,C,needs_review,adjacent=cafe; official=外食; count=1; pos=0.36,外食,1,https://www.ocean-system.com,Consumer Defensive,Grocery Stores,https://www.ocean-system.com
2,3096,Ocean System Corporation,宅配,物流・海運,92,90,91,主力テーマ,A,official_site_supported,adjacent=delivery service; official=宅配; count=12; pos=0.06,宅配,12,https://www.ocean-system.com,Consumer Defensive,Grocery Stores,https://www.ocean-system.com
2,3096,Ocean System Corporation,小売り,内需・消費,94,86,92,主力テーマ,A,ok,industry=Grocery Stores; direct=supermarket; position=0.06,,0,https://www.ocean-system.com,Consumer Defensive,Grocery Stores,https://www.ocean-system.com
2,3097,The Monogatari Corporation,外食,内需・消費,94,96,95,主力テーマ,A,ok,industry=Restaurants; direct=restaurant; position=0.15; growth=development; official=外食; count=1; pos=0.36,外食,1,https://www.monogatari.co.jp | https://www.monogatari.co.jp/company/profile/ | https://www.monogatari.co.jp/company/enterprise/,Consumer Cyclical,Restaurants,https://www.monogatari.co.jp
2,3099,Isetan Mitsukoshi Holdings Ltd.,不動産関連,不動産・建設,42,42,42,補助関連,C,needs_review,adjacent=real estate; growth=development/investment,,0,https://www.imhds.co.jp | https://www.imhds.co.jp/content/imhds/corporate/company/ | https://www.imhds.co.jp/content/imhds/corporate/business/,Consumer Cyclical,Department Stores,https://www.imhds.co.jp
2,3099,Isetan Mitsukoshi Holdings Ltd.,宅配,物流・海運,8,5,7,ノイズ候補,C,needs_review,事業概要に直接根拠を確認できず,,0,https://www.imhds.co.jp | https://www.imhds.co.jp/content/imhds/corporate/company/ | https://www.imhds.co.jp/content/imhds/corporate/business/,Consumer Cyclical,Department Stores,https://www.imhds.co.jp
2,3099,Isetan Mitsukoshi Holdings Ltd.,小売り,内需・消費,94,98,95,主力テーマ,A,ok,industry=Department Stores; direct=retail business/supermarket; position=0.43; growth=development/investment,,0,https://www.imhds.co.jp | https://www.imhds.co.jp/content/imhds/corporate/company/ | https://www.imhds.co.jp/content/imhds/corporate/business/,Consumer Cyclical,Department Stores,https://www.imhds.co.jp
2,3101,"Toyobo Co., Ltd.",バイオテクノロジー関連,医療・ヘルスケア,42,40,41,補助関連,C,needs_review,adjacent=life science; growth=research,,0,https://www.toyobo-global.com | https://www.toyobo-global.com/company/ | https://www.toyobo-global.com/company/access/,Basic Materials,Specialty Chemicals,https://www.toyobo-global.com
2,3101,"Toyobo Co., Ltd.",自動車軽量化,自動車・モビリティ,8,5,7,ノイズ候補,C,needs_review,事業概要に直接根拠を確認できず,,0,https://www.toyobo-global.com | https://www.toyobo-global.com/company/ | https://www.toyobo-global.com/company/access/,Basic Materials,Specialty Chemicals,https://www.toyobo-global.com
2,3101,"Toyobo Co., Ltd.",自動車部材・部品,自動車・モビリティ,8,5,7,ノイズ候補,C,needs_review,事業概要に直接根拠を確認できず,,0,https://www.toyobo-global.com | https://www.toyobo-global.com/company/ | https://www.toyobo-global.com/company/access/,Basic Materials,Specialty Chemicals,https://www.toyobo-global.com
2,3103,Unitika Ltd.,3Dプリンター,設備投資・機械,8,5,7,ノイズ候補,C,needs_review,事業概要に直接根拠を確認できず,,0,https://www.unitika.co.jp | https://www.unitika.co.jp/company/,Basic Materials,Specialty Chemicals,https://www.unitika.co.jp
2,3103,Unitika Ltd.,データセンター,データセンター・電力,8,5,7,ノイズ候補,C,needs_review,事業概要に直接根拠を確認できず,,0,https://www.unitika.co.jp | https://www.unitika.co.jp/company/,Basic Materials,Specialty Chemicals,https://www.unitika.co.jp
2,3103,Unitika Ltd.,半導体部材・部品,AI・半導体,8,5,7,ノイズ候補,C,needs_review,事業概要に直接根拠を確認できず,,0,https://www.unitika.co.jp | https://www.unitika.co.jp/company/,Basic Materials,Specialty Chemicals,https://www.unitika.co.jp
2,3103,Unitika Ltd.,自動車部材・部品,自動車・モビリティ,8,5,7,ノイズ候補,C,needs_review,事業概要に直接根拠を確認できず,,0,https://www.unitika.co.jp | https://www.unitika.co.jp/company/,Basic Materials,Specialty Chemicals,https://www.unitika.co.jp
2,3103,Unitika Ltd.,防災,防衛・国土強靱化,8,5,7,ノイズ候補,C,needs_review,事業概要に直接根拠を確認できず,,0,https://www.unitika.co.jp | https://www.unitika.co.jp/company/,Basic Materials,Specialty Chemicals,https://www.unitika.co.jp
2,3104,"Fujibo Holdings, Inc.",半導体部材・部品,AI・半導体,91,83,89,主力テーマ,A,ok,direct=semiconductor material/silicon wafer; position=0.35,,0,https://www.fujibo.co.jp | https://www.fujibo.co.jp/corporate/ | https://www.fujibo.co.jp/division/,Consumer Cyclical,Textile Manufacturing,https://www.fujibo.co.jp
2,3105,Nisshinbo Holdings Inc.,不動産関連,不動産・建設,92,84,90,主力テーマ,A,ok,direct=real estate business; position=0.10; official=不動産; count=11; pos=0.01,不動産,11,https://www.nisshinbo.co.jp | https://www.nisshinbo.co.jp/nish/profile/outline.html | https://www.nisshinbo.co.jp/nish/profile/portfolio.html,Industrials,Conglomerates,https://www.nisshinbo.co.jp
2,3105,Nisshinbo Holdings Inc.,半導体,AI・半導体,86,92,88,主力テーマ,A,ok,direct=semiconductor; position=0.40; official=半導体; count=2; pos=0.35,半導体,2,https://www.nisshinbo.co.jp | https://www.nisshinbo.co.jp/nish/profile/outline.html | https://www.nisshinbo.co.jp/nish/profile/portfolio.html,Industrials,Conglomerates,https://www.nisshinbo.co.jp
2,3105,Nisshinbo Holdings Inc.,自動車部材・部品,自動車・モビリティ,42,30,38,ノイズ候補,C,needs_review,adjacent=automotive,,0,https://www.nisshinbo.co.jp | https://www.nisshinbo.co.jp/nish/profile/outline.html | https://www.nisshinbo.co.jp/nish/profile/portfolio.html,Industrials,Conglomerates,https://www.nisshinbo.co.jp
2,3105,Nisshinbo Holdings Inc.,防災,防衛・国土強靱化,92,98,94,主力テーマ,A,ok,direct=disaster prevention; position=0.14; official=防災; count=5; pos=0.20,防災,5,https://www.nisshinbo.co.jp | https://www.nisshinbo.co.jp/nish/profile/outline.html | https://www.nisshinbo.co.jp/nish/profile/portfolio.html,Industrials,Conglomerates,https://www.nisshinbo.co.jp
2,3105,Nisshinbo Holdings Inc.,防衛,防衛・国土強靱化,72,78,74,有力関連,B,needs_review,事業概要に直接根拠を確認できず; official=防衛; count=1; pos=0.30,防衛,1,https://www.nisshinbo.co.jp | https://www.nisshinbo.co.jp/nish/profile/outline.html | https://www.nisshinbo.co.jp/nish/profile/portfolio.html,Industrials,Conglomerates,https://www.nisshinbo.co.jp
2,3106,Kurabo Industries Ltd.,バイオテクノロジー関連,医療・ヘルスケア,8,5,7,ノイズ候補,C,needs_review,事業概要に直接根拠を確認できず,,0,https://www.kurabo.co.jp | https://www.kurabo.co.jp/news/company/ | https://www.kurabo.co.jp/news/products/,Industrials,Conglomerates,https://www.kurabo.co.jp
2,3106,Kurabo Industries Ltd.,ホテル,内需・消費,42,40,41,補助関連,C,needs_review,adjacent=hotel; growth=development; official=ホテル; count=1; pos=0.41,ホテル,1,https://www.kurabo.co.jp | https://www.kurabo.co.jp/news/company/ | https://www.kurabo.co.jp/news/products/,Industrials,Conglomerates,https://www.kurabo.co.jp
2,3106,Kurabo Industries Ltd.,再生医療,医療・ヘルスケア,8,5,7,ノイズ候補,C,needs_review,事業概要に直接根拠を確認できず,,0,https://www.kurabo.co.jp | https://www.kurabo.co.jp/news/company/ | https://www.kurabo.co.jp/news/products/,Industrials,Conglomerates,https://www.kurabo.co.jp
2,3106,Kurabo Industries Ltd.,医療機器,医療・ヘルスケア,8,5,7,ノイズ候補,C,needs_review,事業概要に直接根拠を確認できず,,0,https://www.kurabo.co.jp | https://www.kurabo.co.jp/news/company/ | https://www.kurabo.co.jp/news/products/,Industrials,Conglomerates,https://www.kurabo.co.jp
2,3106,Kurabo Industries Ltd.,半導体,AI・半導体,90,96,92,主力テーマ,A,ok,direct=semiconductor; position=0.47; growth=development; official=半導体; count=2; pos=0.11,半導体,2,https://www.kurabo.co.jp | https://www.kurabo.co.jp/news/company/ | https://www.kurabo.co.jp/news/products/,Industrials,Conglomerates,https://www.kurabo.co.jp
2,3106,Kurabo Industries Ltd.,半導体製造装置,AI・半導体,42,40,41,補助関連,C,needs_review,adjacent=semiconductor; growth=development,,0,https://www.kurabo.co.jp | https://www.kurabo.co.jp/news/company/ | https://www.kurabo.co.jp/news/products/,Industrials,Conglomerates,https://www.kurabo.co.jp
2,3106,Kurabo Industries Ltd.,自動車部材・部品,自動車・モビリティ,8,5,7,ノイズ候補,C,needs_review,事業概要に直接根拠を確認できず,,0,https://www.kurabo.co.jp | https://www.kurabo.co.jp/news/company/ | https://www.kurabo.co.jp/news/products/,Industrials,Conglomerates,https://www.kurabo.co.jp
2,3107,"Daiwabo Holdings Co., Ltd.",IT関連,デジタル・サービス,72,68,71,有力関連,B,needs_review,事業概要に直接根拠を確認できず; official=IT関連/IT; count=27; pos=0.09,IT関連 | IT,27,https://www.daiwabo-holdings.com | https://www.daiwabo-holdings.com/ja/business.html | https://www.daiwabo-holdings.com/ja/business/it.html,Technology,Electronics & Computer Distribution,https://www.daiwabo-holdings.com
2,3107,"Daiwabo Holdings Co., Ltd.",eコマース,内需・消費,72,78,74,有力関連,B,needs_review,事業概要に直接根拠を確認できず; official=電子商取引; count=1; pos=0.77,電子商取引,1,https://www.daiwabo-holdings.com | https://www.daiwabo-holdings.com/ja/business.html | https://www.daiwabo-holdings.com/ja/business/it.html,Technology,Electronics & Computer Distribution,https://www.daiwabo-holdings.com
2,3107,"Daiwabo Holdings Co., Ltd.",サブスクリプション,デジタル・サービス,85,91,87,主力テーマ,A,official_site_supported,事業概要に直接根拠を確認できず; official=サブスクリプション/月額/継続課金; count=5; pos=0.83,サブスクリプション | 月額 | 継続課金,5,https://www.daiwabo-holdings.com | https://www.daiwabo-holdings.com/ja/business.html | https://www.daiwabo-holdings.com/ja/business/it.html,Technology,Electronics & Computer Distribution,https://www.daiwabo-holdings.com
2,3107,"Daiwabo Holdings Co., Ltd.",工作機械,設備投資・機械,72,78,74,有力関連,B,qa_borderline,direct=machine tool/lathe; position=0.57; official=工作機械; count=1; pos=0.37,工作機械,1,https://www.daiwabo-holdings.com | https://www.daiwabo-holdings.com/ja/business.html | https://www.daiwabo-holdings.com/ja/business/it.html,Technology,Electronics & Computer Distribution,https://www.daiwabo-holdings.com
2,3107,"Daiwabo Holdings Co., Ltd.",教育ICT,デジタル・サービス,8,5,7,ノイズ候補,C,needs_review,事業概要に直接根拠を確認できず,,0,https://www.daiwabo-holdings.com | https://www.daiwabo-holdings.com/ja/business.html | https://www.daiwabo-holdings.com/ja/business/it.html,Technology,Electronics & Computer Distribution,https://www.daiwabo-holdings.com
2,3110,"Nitto Boseki Co., Ltd.",データセンター,データセンター・電力,8,5,7,ノイズ候補,C,needs_review,事業概要に直接根拠を確認できず,,0,https://www.nittobo.co.jp,Consumer Cyclical,Textile Manufacturing,https://www.nittobo.co.jp
2,3110,"Nitto Boseki Co., Ltd.",半導体部材・部品,AI・半導体,42,40,41,補助関連,C,needs_review,adjacent=electronic material; growth=development,,0,https://www.nittobo.co.jp,Consumer Cyclical,Textile Manufacturing,https://www.nittobo.co.jp
2,3111,"Omikenshi Co., Ltd.",不動産関連,不動産・建設,8,5,7,ノイズ候補,C,needs_review,事業概要に直接根拠を確認できず,,0,https://www.omikenshi.co.jp | https://omikenshi.co.jp/product/ | https://omikenshi.co.jp/product/products_textile/,Consumer Cyclical,Textile Manufacturing,https://www.omikenshi.co.jp
2,3111,"Omikenshi Co., Ltd.",食品,内需・消費,66,66,66,有力関連,B,qa_borderline,direct=beverage; position=0.57; growth=development,,0,https://www.omikenshi.co.jp | https://omikenshi.co.jp/product/ | https://omikenshi.co.jp/product/products_textile/,Consumer Cyclical,Textile Manufacturing,https://www.omikenshi.co.jp
2,3113,UNIVA Oak Holdings Limited,キャッシュレス決済,金融・金利,8,5,7,ノイズ候補,C,needs_review,事業概要に直接根拠を確認できず,,0,https://univahld.com | https://univahld.com/company/ | https://univahld.com/business/,Financial Services,Asset Management,https://univahld.com
2,3113,UNIVA Oak Holdings Limited,再生可能エネルギー,GX・エネルギー,92,90,91,主力テーマ,A,ok,direct=renewable energy; position=0.18; official=再生可能エネルギー; count=8; pos=0.02,再生可能エネルギー,8,https://univahld.com | https://univahld.com/company/ | https://univahld.com/business/,Financial Services,Asset Management,https://univahld.com
2,3113,UNIVA Oak Holdings Limited,蓄電池,GX・エネルギー,8,5,7,ノイズ候補,C,needs_review,事業概要に直接根拠を確認できず,,0,https://univahld.com | https://univahld.com/company/ | https://univahld.com/business/,Financial Services,Asset Management,https://univahld.com
2,3113,UNIVA Oak Holdings Limited,証券,金融・金利,58,54,57,補助関連,C,needs_review,事業概要に直接根拠を確認できず; official=証券; count=4; pos=0.17,証券,4,https://univahld.com | https://univahld.com/company/ | https://univahld.com/business/,Financial Services,Asset Management,https://univahld.com
2,3116,Toyota Boshoku Corporation,自動車軽量化,自動車・モビリティ,8,5,7,ノイズ候補,C,needs_review,事業概要に直接根拠を確認できず,,0,https://www.toyota-boshoku.com/jp,Consumer Cyclical,Auto Parts,https://www.toyota-boshoku.com/jp
2,3116,Toyota Boshoku Corporation,自動車部材・部品,自動車・モビリティ,91,93,92,主力テーマ,A,ok,direct=automotive components/auto parts; position=0.24; growth=develops,,0,https://www.toyota-boshoku.com/jp,Consumer Cyclical,Auto Parts,https://www.toyota-boshoku.com/jp
2,3121,"MBK Co.,Ltd.",ホテル,内需・消費,72,68,71,有力関連,B,needs_review,事業概要に直接根拠を確認できず; official=ホテル; count=5; pos=0.66,ホテル,5,https://mbkworld.co.jp | https://mbkworld.co.jp/company/about/ | https://mbkworld.co.jp/business/,Financial Services,Asset Management,https://mbkworld.co.jp
2,3121,"MBK Co.,Ltd.",不動産ファンド,不動産・建設,46,44,45,補助関連,C,needs_review,adjacent=asset management/real estate investment; growth=investment,,0,https://mbkworld.co.jp | https://mbkworld.co.jp/company/about/ | https://mbkworld.co.jp/business/,Financial Services,Asset Management,https://mbkworld.co.jp
2,3123,"Saibo Co., Ltd.",不動産関連,不動産・建設,72,68,71,有力関連,B,needs_review,adjacent=real estate; official=不動産; count=11; pos=0.01,不動産,11,https://www.saibo.co.jp,Consumer Cyclical,Textile Manufacturing,https://www.saibo.co.jp
2,3131,Shinden Hightex Corporation,IoT,設備投資・機械,92,90,91,主力テーマ,A,official_site_supported,事業概要に直接根拠を確認できず; official=IoT; count=6; pos=0.05,IoT,6,https://www.shinden.co.jp | https://www.shinden.co.jp/company/ | https://www.shinden.co.jp/products/,Technology,Electronics & Computer Distribution,https://www.shinden.co.jp
2,3131,Shinden Hightex Corporation,リチウムイオン電池,自動車・モビリティ,42,30,38,ノイズ候補,C,needs_review,adjacent=battery,,0,https://www.shinden.co.jp | https://www.shinden.co.jp/company/ | https://www.shinden.co.jp/products/,Technology,Electronics & Computer Distribution,https://www.shinden.co.jp
2,3131,Shinden Hightex Corporation,半導体商社,AI・半導体,42,30,38,ノイズ候補,C,needs_review,adjacent=semiconductor,,0,https://www.shinden.co.jp | https://www.shinden.co.jp/company/ | https://www.shinden.co.jp/products/,Technology,Electronics & Computer Distribution,https://www.shinden.co.jp
2,3131,Shinden Hightex Corporation,蓄電池,GX・エネルギー,42,30,38,ノイズ候補,C,needs_review,adjacent=battery,,0,https://www.shinden.co.jp | https://www.shinden.co.jp/company/ | https://www.shinden.co.jp/products/,Technology,Electronics & Computer Distribution,https://www.shinden.co.jp
2,3131,Shinden Hightex Corporation,量子コンピューター,AI・半導体,58,46,54,補助関連,C,needs_review,direct=quantum computing; position=0.78,,0,https://www.shinden.co.jp | https://www.shinden.co.jp/company/ | https://www.shinden.co.jp/products/,Technology,Electronics & Computer Distribution,https://www.shinden.co.jp
2,3132,"Macnica Holdings, Inc.",IoT,設備投資・機械,8,5,7,ノイズ候補,C,needs_review,事業概要に直接根拠を確認できず,,0,https://holdings.macnica.co.jp,Technology,Electronics & Computer Distribution,https://holdings.macnica.co.jp
2,3132,"Macnica Holdings, Inc.",サイバーセキュリティ,防衛・国土強靱化,82,74,80,主力テーマ,B,ok,direct=cybersecurity; position=0.43,,0,https://holdings.macnica.co.jp,Technology,Electronics & Computer Distribution,https://holdings.macnica.co.jp
2,3132,"Macnica Holdings, Inc.",デジタルトランスフォーメーション,デジタル・サービス,8,5,7,ノイズ候補,C,needs_review,事業概要に直接根拠を確認できず,,0,https://holdings.macnica.co.jp,Technology,Electronics & Computer Distribution,https://holdings.macnica.co.jp
2,3132,"Macnica Holdings, Inc.",フィジカルAI,AI・半導体,8,5,7,ノイズ候補,C,needs_review,事業概要に直接根拠を確認できず,,0,https://holdings.macnica.co.jp,Technology,Electronics & Computer Distribution,https://holdings.macnica.co.jp
2,3132,"Macnica Holdings, Inc.",人工知能,AI・半導体,8,5,7,ノイズ候補,C,needs_review,事業概要に直接根拠を確認できず,,0,https://holdings.macnica.co.jp,Technology,Electronics & Computer Distribution,https://holdings.macnica.co.jp
2,3132,"Macnica Holdings, Inc.",半導体,AI・半導体,91,83,89,主力テーマ,A,ok,direct=semiconductor/integrated circuit; position=0.21,,0,https://holdings.macnica.co.jp,Technology,Electronics & Computer Distribution,https://holdings.macnica.co.jp
2,3132,"Macnica Holdings, Inc.",半導体商社,AI・半導体,42,30,38,ノイズ候補,C,needs_review,adjacent=semiconductor,,0,https://holdings.macnica.co.jp,Technology,Electronics & Computer Distribution,https://holdings.macnica.co.jp
2,3132,"Macnica Holdings, Inc.",生成AI,AI・半導体,8,5,7,ノイズ候補,C,needs_review,事業概要に直接根拠を確認できず,,0,https://holdings.macnica.co.jp,Technology,Electronics & Computer Distribution,https://holdings.macnica.co.jp
2,3132,"Macnica Holdings, Inc.",自動運転車,自動車・モビリティ,8,5,7,ノイズ候補,C,needs_review,事業概要に直接根拠を確認できず,,0,https://holdings.macnica.co.jp,Technology,Electronics & Computer Distribution,https://holdings.macnica.co.jp
2,3133,"kaihan co.,Ltd.",再生可能エネルギー,GX・エネルギー,92,90,91,主力テーマ,A,ok,direct=renewable energy; position=0.31; growth=develops; official=再生可能エネルギー; count=10; pos=0.01,再生可能エネルギー,10,https://kaihan.co.jp | https://kaihan.co.jp/service/ | https://kaihan.co.jp/service/food/,Consumer Cyclical,Restaurants,https://kaihan.co.jp
2,3133,"kaihan co.,Ltd.",外食,内需・消費,94,96,95,主力テーマ,A,ok,industry=Restaurants; direct=restaurant; position=0.11; growth=develops,,0,https://kaihan.co.jp | https://kaihan.co.jp/service/ | https://kaihan.co.jp/service/food/,Consumer Cyclical,Restaurants,https://kaihan.co.jp
2,3133,"kaihan co.,Ltd.",太陽光発電関連,GX・エネルギー,72,68,71,有力関連,B,needs_review,事業概要に直接根拠を確認できず; official=太陽光発電; count=2; pos=0.49,太陽光発電,2,https://kaihan.co.jp | https://kaihan.co.jp/service/ | https://kaihan.co.jp/service/food/,Consumer Cyclical,Restaurants,https://kaihan.co.jp
2,3133,"kaihan co.,Ltd.",小売り,内需・消費,8,5,7,ノイズ候補,C,needs_review,事業概要に直接根拠を確認できず,,0,https://kaihan.co.jp | https://kaihan.co.jp/service/ | https://kaihan.co.jp/service/food/,Consumer Cyclical,Restaurants,https://kaihan.co.jp
2,3133,"kaihan co.,Ltd.",蓄電池,GX・エネルギー,8,5,7,ノイズ候補,C,needs_review,事業概要に直接根拠を確認できず,,0,https://kaihan.co.jp | https://kaihan.co.jp/service/ | https://kaihan.co.jp/service/food/,Consumer Cyclical,Restaurants,https://kaihan.co.jp
2,3134,Hamee Corp.,eコマース,内需・消費,92,94,93,主力テーマ,A,ok,direct=e-commerce; position=0.04; growth=development,,0,https://hamee.co.jp,Consumer Cyclical,Internet Retail,https://hamee.co.jp
2,3134,Hamee Corp.,ゲーム関連,デジタル・サービス,42,40,41,補助関連,C,needs_review,adjacent=gaming; growth=development,,0,https://hamee.co.jp,Consumer Cyclical,Internet Retail,https://hamee.co.jp
2,3134,Hamee Corp.,小売り,内需・消費,42,40,41,補助関連,C,needs_review,adjacent=retail; growth=development,,0,https://hamee.co.jp,Consumer Cyclical,Internet Retail,https://hamee.co.jp
2,3135,"MarketEnterprise Co.,Ltd",医療機器,医療・ヘルスケア,72,68,71,有力関連,B,needs_review,事業概要に直接根拠を確認できず; official=医療機器; count=1; pos=0.82,医療機器,1,https://www.marketenterprise.co.jp | https://www.marketenterprise.co.jp/business | https://www.marketenterprise.co.jp/business/reuse,Consumer Cyclical,Internet Retail,https://www.marketenterprise.co.jp
2,3137,"Fundely Co., Ltd.",宅配,物流・海運,85,82,84,主力テーマ,B,official_site_supported,adjacent=delivery service; official=宅配; count=4; pos=0.94,宅配,4,https://www.fundely.co.jp | https://www.fundely.co.jp/company | https://www.fundely.co.jp/business,Communication Services,Publishing,https://www.fundely.co.jp
2,3137,"Fundely Co., Ltd.",小売り,内需・消費,8,5,7,ノイズ候補,C,needs_review,事業概要に直接根拠を確認できず,,0,https://www.fundely.co.jp | https://www.fundely.co.jp/company | https://www.fundely.co.jp/business,Communication Services,Publishing,https://www.fundely.co.jp
2,3138,"Fujisan Magazine Service Co., Ltd.",サブスクリプション,デジタル・サービス,92,90,91,主力テーマ,A,official_site_supported,事業概要に直接根拠を確認できず; official=月額; count=8; pos=0.84,月額,8,https://www.fujisan.co.jp | https://www.fujisan.co.jp/tadayomi/?link=header | https://www.fujisan.co.jp/guidance/info-hojin/?link=header,Consumer Cyclical,Internet Retail,https://www.fujisan.co.jp
2,3148,"Create SD Holdings Co., Ltd.",介護関連,医療・ヘルスケア,92,84,90,主力テーマ,A,ok,direct=nursing care; position=0.15,,0,https://www.createsdhd.co.jp,Healthcare,Pharmaceutical Retailers,https://www.createsdhd.co.jp
2,3148,"Create SD Holdings Co., Ltd.",小売り,内需・消費,82,74,80,主力テーマ,B,ok,direct=supermarket; position=0.41,,0,https://www.createsdhd.co.jp,Healthcare,Pharmaceutical Retailers,https://www.createsdhd.co.jp
2,3148,"Create SD Holdings Co., Ltd.",食品,内需・消費,86,78,84,主力テーマ,B,ok,direct=food products; position=0.33,,0,https://www.createsdhd.co.jp,Healthcare,Pharmaceutical Retailers,https://www.createsdhd.co.jp
2,3150,"grems,Inc.",再生可能エネルギー,GX・エネルギー,8,5,7,ノイズ候補,C,needs_review,事業概要に直接根拠を確認できず,,0,https://www.grems.co.jp/en,Utilities,Utilities - Regulated Electric,https://www.grems.co.jp/en
2,3150,"grems,Inc.",省エネ関連,GX・エネルギー,8,5,7,ノイズ候補,C,needs_review,事業概要に直接根拠を確認できず,,0,https://www.grems.co.jp/en,Utilities,Utilities - Regulated Electric,https://www.grems.co.jp/en
2,3150,"grems,Inc.",蓄電池,GX・エネルギー,8,5,7,ノイズ候補,C,needs_review,事業概要に直接根拠を確認できず,,0,https://www.grems.co.jp/en,Utilities,Utilities - Regulated Electric,https://www.grems.co.jp/en
2,3151,"Vital KSK Holdings, Inc.",介護関連,医療・ヘルスケア,86,92,88,主力テーマ,A,ok,direct=nursing care; position=0.22; official=介護; count=1; pos=0.76,介護,1,https://www.vitalksk.co.jp,Healthcare,Medical Distribution,https://www.vitalksk.co.jp
2,3151,"Vital KSK Holdings, Inc.",医療機器,医療・ヘルスケア,92,84,90,主力テーマ,A,ok,direct=medical equipment; position=0.16,,0,https://www.vitalksk.co.jp,Healthcare,Medical Distribution,https://www.vitalksk.co.jp
2,3151,"Vital KSK Holdings, Inc.",医薬品関連,医療・ヘルスケア,97,100,98,主力テーマ,A,ok,direct=pharmaceutical/pharma; position=0.06; official=医薬品/医薬; count=4; pos=0.00,医薬品 | 医薬,4,https://www.vitalksk.co.jp,Healthcare,Medical Distribution,https://www.vitalksk.co.jp
2,3153,"Yashima Denki Co., Ltd.",データセンター,データセンター・電力,66,56,63,有力関連,B,qa_borderline,direct=data center; position=0.52,,0,https://www.yashimadenki.co.jp,Industrials,Industrial Distribution,https://www.yashimadenki.co.jp
2,3153,"Yashima Denki Co., Ltd.",受変電設備,データセンター・電力,66,56,63,有力関連,B,qa_borderline,direct=substation; position=0.65,,0,https://www.yashimadenki.co.jp,Industrials,Industrial Distribution,https://www.yashimadenki.co.jp
2,3153,"Yashima Denki Co., Ltd.",設備投資,設備投資・機械,46,34,42,補助関連,C,needs_review,adjacent=equipment/machinery,,0,https://www.yashimadenki.co.jp,Industrials,Industrial Distribution,https://www.yashimadenki.co.jp
2,3153,"Yashima Denki Co., Ltd.",鉄道関連,物流・海運,8,5,7,ノイズ候補,C,needs_review,事業概要に直接根拠を確認できず,,0,https://www.yashimadenki.co.jp,Industrials,Industrial Distribution,https://www.yashimadenki.co.jp
2,3154,"Medius Holdings Co., Ltd.",医療機器,医療・ヘルスケア,92,90,91,主力テーマ,A,ok,direct=medical equipment; position=0.11; official=医療機器; count=18; pos=0.02,医療機器,18,https://www.medius.co.jp | https://www.medius.co.jp/company/ | https://www.medius.co.jp/company/outline/,Healthcare,Medical Instruments & Supplies,https://www.medius.co.jp
2,3156,Restar Corporation,キャッシュレス決済,金融・金利,66,66,66,有力関連,B,qa_borderline,direct=cashless payment; position=0.54; growth=development,,0,https://www.restargp.com,Technology,Semiconductors,https://www.restargp.com
2,3156,Restar Corporation,ゲーム関連,デジタル・サービス,8,5,7,ノイズ候補,C,needs_review,事業概要に直接根拠を確認できず,,0,https://www.restargp.com,Technology,Semiconductors,https://www.restargp.com
2,3156,Restar Corporation,ドローン,防衛・国土強靱化,8,5,7,ノイズ候補,C,needs_review,事業概要に直接根拠を確認できず,,0,https://www.restargp.com,Technology,Semiconductors,https://www.restargp.com
2,3156,Restar Corporation,マイナンバー,デジタル・サービス,66,66,66,有力関連,B,qa_borderline,direct=individual number card; position=0.56; growth=development,,0,https://www.restargp.com,Technology,Semiconductors,https://www.restargp.com
2,3156,Restar Corporation,再生可能エネルギー,GX・エネルギー,66,66,66,有力関連,B,qa_borderline,direct=renewable energy; position=0.64; growth=development,,0,https://www.restargp.com,Technology,Semiconductors,https://www.restargp.com
2,3156,Restar Corporation,半導体,AI・半導体,94,96,95,主力テーマ,A,ok,industry=Semiconductors; direct=semiconductor; position=0.03; growth=development,,0,https://www.restargp.com,Technology,Semiconductors,https://www.restargp.com
2,3156,Restar Corporation,半導体商社,AI・半導体,42,40,41,補助関連,C,needs_review,adjacent=semiconductor; growth=development,,0,https://www.restargp.com,Technology,Semiconductors,https://www.restargp.com
2,3156,Restar Corporation,太陽光発電関連,GX・エネルギー,58,56,57,補助関連,C,needs_review,direct=solar power; position=0.66; growth=development,,0,https://www.restargp.com,Technology,Semiconductors,https://www.restargp.com
2,3156,Restar Corporation,自動運転車,自動車・モビリティ,8,5,7,ノイズ候補,C,needs_review,事業概要に直接根拠を確認できず,,0,https://www.restargp.com,Technology,Semiconductors,https://www.restargp.com
2,3156,Restar Corporation,風力発電,GX・エネルギー,8,5,7,ノイズ候補,C,needs_review,事業概要に直接根拠を確認できず,,0,https://www.restargp.com,Technology,Semiconductors,https://www.restargp.com
2,3157,GEOLIVE Group Corporation,住宅関連,不動産・建設,72,68,71,有力関連,B,needs_review,adjacent=housing; official=住宅関連/住宅; count=31; pos=0.13,住宅関連 | 住宅,31,https://www.geolive.co.jp | https://www.geolive.co.jp/business/ | https://www.geolive.co.jp/business/sales/,Basic Materials,Building Materials,https://www.geolive.co.jp
2,3160,"Oomitsu Co., Ltd.",小売り,内需・消費,66,56,63,有力関連,B,qa_borderline,direct=retail business; position=0.60,,0,https://www.oomitsu.com,Consumer Defensive,Food Distribution,https://www.oomitsu.com
2,3161,AZEARTH Corporation,住宅関連,不動産・建設,8,5,7,ノイズ候補,C,needs_review,事業概要に直接根拠を確認できず,,0,https://www.azearth.co.jp,Consumer Cyclical,Textile Manufacturing,https://www.azearth.co.jp
2,3166,"Ochi Holdings Co., Ltd.",住宅関連,不動産・建設,58,54,57,補助関連,C,needs_review,adjacent=housing; growth=develops; official=住宅; count=2; pos=0.05,住宅,2,https://www.ochiholdings.co.jp | https://www.ochiholdings.co.jp/stockholder/library/report | https://www.ochiholdings.co.jp/group/building.html,Consumer Cyclical,Home Improvement Retail,https://www.ochiholdings.co.jp
2,3166,"Ochi Holdings Co., Ltd.",建設,不動産・建設,72,68,71,有力関連,B,needs_review,direct=civil engineering; position=0.67; growth=develops; official=建設; count=7; pos=0.06,建設,7,https://www.ochiholdings.co.jp | https://www.ochiholdings.co.jp/stockholder/library/report | https://www.ochiholdings.co.jp/group/building.html,Consumer Cyclical,Home Improvement Retail,https://www.ochiholdings.co.jp
2,3167,TOKAI Holdings Corporation,データセンター,データセンター・電力,82,84,83,主力テーマ,B,ok,direct=data center; position=0.45; growth=development,,0,https://www.tokaiholdings.co.jp,Industrials,Conglomerates,https://www.tokaiholdings.co.jp
2,3167,TOKAI Holdings Corporation,介護関連,医療・ヘルスケア,58,56,57,補助関連,C,needs_review,direct=nursing care; position=0.82; growth=development,,0,https://www.tokaiholdings.co.jp,Industrials,Conglomerates,https://www.tokaiholdings.co.jp
2,3168,MERF Inc.,アルミニウム,資源・素材,58,46,54,補助関連,C,needs_review,direct=aluminum; position=0.81,,0,https://www.merf.co.jp,Basic Materials,Other Industrial Metals & Mining,https://www.merf.co.jp
2,3168,MERF Inc.,レアメタル,資源・素材,8,5,7,ノイズ候補,C,needs_review,事業概要に直接根拠を確認できず,,0,https://www.merf.co.jp,Basic Materials,Other Industrial Metals & Mining,https://www.merf.co.jp
2,3168,MERF Inc.,銅,資源・素材,42,30,38,ノイズ候補,C,needs_review,adjacent=copper,,0,https://www.merf.co.jp,Basic Materials,Other Industrial Metals & Mining,https://www.merf.co.jp
2,3168,MERF Inc.,非鉄,資源・素材,100,92,98,主力テーマ,A,ok,direct=non-ferrous metal/nonferrous metal/aluminum; position=0.20,,0,https://www.merf.co.jp,Basic Materials,Other Industrial Metals & Mining,https://www.merf.co.jp
2,3169,"Misawa & Co., Ltd.",eコマース,内需・消費,8,5,7,ノイズ候補,C,needs_review,事業概要に直接根拠を確認できず,,0,https://www.misawa-corp.co.jp,Consumer Cyclical,Department Stores,https://www.misawa-corp.co.jp
2,3169,"Misawa & Co., Ltd.",小売り,内需・消費,90,82,88,主力テーマ,A,ok,industry=Department Stores; adjacent=stores,,0,https://www.misawa-corp.co.jp,Consumer Cyclical,Department Stores,https://www.misawa-corp.co.jp
2,3172,"Tea Life Co., Ltd.",eコマース,内需・消費,72,68,71,有力関連,B,needs_review,direct=online retail; position=0.70; official=EC; count=1; pos=0.71,EC,1,https://www.tealifeir.com,Consumer Cyclical,Internet Retail,https://www.tealifeir.com
2,3172,"Tea Life Co., Ltd.",倉庫,物流・海運,8,5,7,ノイズ候補,C,needs_review,事業概要に直接根拠を確認できず,,0,https://www.tealifeir.com,Consumer Cyclical,Internet Retail,https://www.tealifeir.com
2,3172,"Tea Life Co., Ltd.",小売り,内需・消費,42,30,38,ノイズ候補,C,needs_review,adjacent=retail,,0,https://www.tealifeir.com,Consumer Cyclical,Internet Retail,https://www.tealifeir.com
2,3172,"Tea Life Co., Ltd.",物流,物流・海運,8,5,7,ノイズ候補,C,needs_review,事業概要に直接根拠を確認できず,,0,https://www.tealifeir.com,Consumer Cyclical,Internet Retail,https://www.tealifeir.com
2,3173,"Cominix Co.,Ltd.",光ファイバー,データセンター・電力,66,56,63,有力関連,B,qa_borderline,direct=optical fiber; position=0.58,,0,https://www.cominix.jp | https://www.cominix.jp/product/ | https://www.cominix.jp/guide/,Industrials,Tools & Accessories,https://www.cominix.jp
2,3173,"Cominix Co.,Ltd.",工作機械,設備投資・機械,72,78,74,有力関連,B,needs_review,direct=machine tool; position=0.78; official=工作機械/マシニングセンタ; count=2; pos=0.78,工作機械 | マシニングセンタ,2,https://www.cominix.jp | https://www.cominix.jp/product/ | https://www.cominix.jp/guide/,Industrials,Tools & Accessories,https://www.cominix.jp
2,3175,"AP Holdings Co.,Ltd.",外食,内需・消費,94,86,92,主力テーマ,A,ok,industry=Restaurants; direct=restaurant; position=0.10,,0,https://apcompany.jp,Consumer Cyclical,Restaurants,https://apcompany.jp
2,3176,"Sanyo Trading Co., Ltd.",レアアース,資源・素材,72,68,71,有力関連,B,needs_review,事業概要に直接根拠を確認できず; official=レアアース; count=1; pos=0.21,レアアース,1,https://sanyo-trading.co.jp | https://www.sanyo-trading.co.jp/company/ | https://www.sanyo-trading.co.jp/company/about/,Industrials,Industrial Distribution,https://sanyo-trading.co.jp
2,3176,"Sanyo Trading Co., Ltd.",機械,設備投資・機械,72,68,71,有力関連,B,needs_review,adjacent=equipment/machine; official=機械; count=5; pos=0.27,機械,5,https://sanyo-trading.co.jp | https://www.sanyo-trading.co.jp/company/ | https://www.sanyo-trading.co.jp/company/about/,Industrials,Industrial Distribution,https://sanyo-trading.co.jp
2,3176,"Sanyo Trading Co., Ltd.",自動車部材・部品,自動車・モビリティ,42,30,38,ノイズ候補,C,needs_review,adjacent=automotive,,0,https://sanyo-trading.co.jp | https://www.sanyo-trading.co.jp/company/ | https://www.sanyo-trading.co.jp/company/about/,Industrials,Industrial Distribution,https://sanyo-trading.co.jp
2,3177,"Arigatou Services Company, Limited",外食,内需・消費,86,78,84,主力テーマ,B,ok,direct=restaurant; position=0.27,,0,https://www.arigatou-s.com | https://www.arigatou-s.com/company/ | https://www.arigatou-s.com/enterprise/,Consumer Cyclical,Specialty Retail,https://www.arigatou-s.com
2,3177,"Arigatou Services Company, Limited",小売り,内需・消費,90,82,88,主力テーマ,A,ok,industry=Specialty Retail; adjacent=retail/stores,,0,https://www.arigatou-s.com | https://www.arigatou-s.com/company/ | https://www.arigatou-s.com/enterprise/,Consumer Cyclical,Specialty Retail,https://www.arigatou-s.com
2,3178,"Chimney Co., Ltd.",小売り,内需・消費,8,5,7,ノイズ候補,C,needs_review,事業概要に直接根拠を確認できず,,0,https://www.chimney.co.jp | https://www.chimney.co.jp/company/profile/,Consumer Cyclical,Restaurants,https://www.chimney.co.jp
2,3179,"Syuppin Co., Ltd.",eコマース,内需・消費,92,84,90,主力テーマ,A,ok,direct=e-commerce; position=0.05,,0,https://www.syuppin.co.jp,Consumer Cyclical,Internet Retail,https://www.syuppin.co.jp
2,3179,"Syuppin Co., Ltd.",小売り,内需・消費,46,34,42,補助関連,C,needs_review,adjacent=retail/stores,,0,https://www.syuppin.co.jp,Consumer Cyclical,Internet Retail,https://www.syuppin.co.jp
2,3182,Oisix Inc.,eコマース,内需・消費,72,68,71,有力関連,B,needs_review,事業概要に直接根拠を確認できず; official=EC; count=1; pos=0.92,EC,1,https://www.oisix.co.jp | https://www.oisix.co.jp/services/ | https://www.oisix.co.jp/investors/business/summary/,Consumer Cyclical,Internet Retail,https://www.oisix.co.jp
2,3182,Oisix Inc.,サブスクリプション,デジタル・サービス,8,5,7,ノイズ候補,C,needs_review,事業概要に直接根拠を確認できず,,0,https://www.oisix.co.jp | https://www.oisix.co.jp/services/ | https://www.oisix.co.jp/investors/business/summary/,Consumer Cyclical,Internet Retail,https://www.oisix.co.jp
2,3182,Oisix Inc.,宅配,物流・海運,92,90,91,主力テーマ,A,official_site_supported,adjacent=delivery service; official=宅配; count=9; pos=0.44,宅配,9,https://www.oisix.co.jp | https://www.oisix.co.jp/services/ | https://www.oisix.co.jp/investors/business/summary/,Consumer Cyclical,Internet Retail,https://www.oisix.co.jp
2,3183,"WIN-Partners Co., Ltd.",医療機器,医療・ヘルスケア,92,84,90,主力テーマ,A,ok,direct=medical equipment; position=0.06,,0,https://www.win-partners.co.jp,Healthcare,Medical Distribution,https://www.win-partners.co.jp
2,3185,"Dream Vision Co.,Ltd.",eコマース,内需・消費,90,68,83,主力テーマ,B,official_site_supported,direct=e-commerce; position=0.55; official=EC; count=1; pos=0.19,EC,1,https://www.dreamv.co.jp,Consumer Cyclical,Internet Retail,https://www.dreamv.co.jp
2,3185,"Dream Vision Co.,Ltd.",小売り,内需・消費,46,34,42,補助関連,C,needs_review,adjacent=retail/stores,,0,https://www.dreamv.co.jp,Consumer Cyclical,Internet Retail,https://www.dreamv.co.jp
2,3189,Anap Holdings Inc.,人工知能,AI・半導体,8,5,7,ノイズ候補,C,needs_review,事業概要に直接根拠を確認できず,,0,https://www.anap.co.jp | https://www.anap.co.jp/company/ | https://www.anap.co.jp/about/,Consumer Cyclical,Apparel Retail,https://www.anap.co.jp
2,3189,Anap Holdings Inc.,小売り,内需・消費,92,94,93,主力テーマ,A,ok,direct=retailing; position=0.17; growth=investment,,0,https://www.anap.co.jp | https://www.anap.co.jp/company/ | https://www.anap.co.jp/about/,Consumer Cyclical,Apparel Retail,https://www.anap.co.jp
2,3191,"Joyful Honda Co.,Ltd.",小売り,内需・消費,92,84,90,主力テーマ,A,ok,direct=retail business; position=0.06,,0,https://www.joyfulhonda.com,Consumer Cyclical,Home Improvement Retail,https://www.joyfulhonda.com
2,3192,"Shirohato Co., Ltd.",eコマース,内需・消費,72,68,71,有力関連,B,needs_review,事業概要に直接根拠を確認できず; official=EC; count=1; pos=0.38,EC,1,https://www.shirohato.co.jp,Consumer Cyclical,Internet Retail,https://www.shirohato.co.jp
2,3193,"Eternal Hospitality Group Co.,Ltd.",外食,内需・消費,94,96,95,主力テーマ,A,ok,industry=Restaurants; direct=restaurant; position=0.09; growth=development; official=外食; count=1; pos=0.53,外食,1,https://eternal-hospitality.co.jp | https://eternal-hospitality.co.jp/company/ | https://eternal-hospitality.co.jp/company/profile/,Consumer Cyclical,Restaurants,https://eternal-hospitality.co.jp
2,3195,"Generation Pass Co.,Ltd.",IT関連,デジタル・サービス,58,54,57,補助関連,C,needs_review,事業概要に直接根拠を確認できず; official=IT; count=2; pos=0.19,IT,2,https://www.genepa.com | https://www.genepa.com/service/ | https://www.genepa.com/service/ec/,Consumer Cyclical,Internet Retail,https://www.genepa.com
2,3195,"Generation Pass Co.,Ltd.",eコマース,内需・消費,92,94,93,主力テーマ,A,ok,direct=e-commerce; position=0.06; growth=new business; official=EC/eコマース; count=35; pos=0.01,EC | eコマース,35,https://www.genepa.com | https://www.genepa.com/service/ | https://www.genepa.com/service/ec/,Consumer Cyclical,Internet Retail,https://www.genepa.com
2,3196,"HOTLAND HOLDINGS Co., Ltd.",外食,内需・消費,94,98,95,主力テーマ,A,ok,industry=Restaurants; direct=restaurant; position=0.07; growth=development/new business,,0,https://hotland.co.jp,Consumer Cyclical,Restaurants,https://hotland.co.jp
2,3197,"Skylark Holdings Co., Ltd.",外食,内需・消費,97,99,98,主力テーマ,A,ok,industry=Restaurants; direct=restaurant/food service; position=0.03; growth=development,,0,https://www.skylark.co.jp,Consumer Cyclical,Restaurants,https://www.skylark.co.jp
2,3197,"Skylark Holdings Co., Ltd.",宅配,物流・海運,8,5,7,ノイズ候補,C,needs_review,事業概要に直接根拠を確認できず,,0,https://www.skylark.co.jp,Consumer Cyclical,Restaurants,https://www.skylark.co.jp
2,3199,"Watahan & Co.,Ltd.",小売り,内需・消費,42,30,38,ノイズ候補,C,needs_review,adjacent=retail,,0,https://watahan.co.jp,Consumer Cyclical,Home Improvement Retail,https://watahan.co.jp
2,3199,"Watahan & Co.,Ltd.",建設,不動産・建設,91,83,89,主力テーマ,A,ok,direct=construction business/construction work; position=0.32; official=建設; count=1; pos=0.10,建設,1,https://watahan.co.jp,Consumer Cyclical,Home Improvement Retail,https://watahan.co.jp
2,319A,Next Generation Technology Group Inc.,FA関連,設備投資・機械,72,68,71,有力関連,B,needs_review,事業概要に直接根拠を確認できず; official=FA; count=2; pos=0.32,FA,2,https://www.ngt-g.com | https://ngt-g.com/company/,Financial Services,Asset Management,https://www.ngt-g.com
2,319A,Next Generation Technology Group Inc.,機械,設備投資・機械,82,84,83,主力テーマ,B,ok,direct=industrial machinery; position=0.49; growth=next generation; official=機械; count=1; pos=0.49,機械,1,https://www.ngt-g.com | https://ngt-g.com/company/,Financial Services,Asset Management,https://www.ngt-g.com
2,319A,Next Generation Technology Group Inc.,自動車部材・部品,自動車・モビリティ,66,66,66,有力関連,B,qa_borderline,direct=automotive parts; position=0.54; growth=next generation,,0,https://www.ngt-g.com | https://ngt-g.com/company/,Financial Services,Asset Management,https://www.ngt-g.com
2,3201,"The Japan Wool Textile Co., Ltd.",不動産関連,不動産・建設,42,40,41,補助関連,C,needs_review,adjacent=real estate; growth=development,,0,https://www.nikke.co.jp | https://www.nikke.co.jp/corporate/index.html | https://www.nikke.co.jp/corporate/about/index.html,Consumer Cyclical,Textile Manufacturing,https://www.nikke.co.jp
2,3201,"The Japan Wool Textile Co., Ltd.",介護関連,医療・ヘルスケア,90,68,83,主力テーマ,B,official_site_supported,direct=nursing care; position=0.86; growth=development; official=介護; count=1; pos=0.16,介護,1,https://www.nikke.co.jp | https://www.nikke.co.jp/corporate/index.html | https://www.nikke.co.jp/corporate/about/index.html,Consumer Cyclical,Textile Manufacturing,https://www.nikke.co.jp
2,3201,"The Japan Wool Textile Co., Ltd.",自動車部材・部品,自動車・モビリティ,42,40,41,補助関連,C,needs_review,adjacent=automotive; growth=development,,0,https://www.nikke.co.jp | https://www.nikke.co.jp/corporate/index.html | https://www.nikke.co.jp/corporate/about/index.html,Consumer Cyclical,Textile Manufacturing,https://www.nikke.co.jp
2,3201,"The Japan Wool Textile Co., Ltd.",防衛,防衛・国土強靱化,8,5,7,ノイズ候補,C,needs_review,事業概要に直接根拠を確認できず,,0,https://www.nikke.co.jp | https://www.nikke.co.jp/corporate/index.html | https://www.nikke.co.jp/corporate/about/index.html,Consumer Cyclical,Textile Manufacturing,https://www.nikke.co.jp
2,3202,"Daitobo Co., Ltd.",ホームヘルスケア,医療・ヘルスケア,8,5,7,ノイズ候補,C,needs_review,事業概要に直接根拠を確認できず,,0,https://www.daitobo.co.jp,Consumer Cyclical,Textile Manufacturing,https://www.daitobo.co.jp
2,3204,Toabo Corporation,半導体部材・部品,AI・半導体,42,40,41,補助関連,C,needs_review,adjacent=semiconductor; growth=development,,0,https://www.toabo.co.jp | https://www.toabo.co.jp/corporate/ | https://www.toabo.co.jp/service/,Industrials,Conglomerates,https://www.toabo.co.jp
2,3204,Toabo Corporation,自動車部材・部品,自動車・モビリティ,42,40,41,補助関連,C,needs_review,adjacent=automotive; growth=development,,0,https://www.toabo.co.jp | https://www.toabo.co.jp/corporate/ | https://www.toabo.co.jp/service/,Industrials,Conglomerates,https://www.toabo.co.jp
2,3221,"Yossix Holdings Co.,Ltd.",外食,内需・消費,94,96,95,主力テーマ,A,ok,industry=Restaurants; direct=restaurant; position=0.09; growth=investment,,0,https://yossix.co.jp | https://yossix.co.jp/corporate/ | https://yossix.co.jp/business/,Consumer Cyclical,Restaurants,https://yossix.co.jp
2,3221,"Yossix Holdings Co.,Ltd.",建設,不動産・建設,86,88,87,主力テーマ,A,ok,direct=construction business; position=0.26; growth=investment,,0,https://yossix.co.jp | https://yossix.co.jp/corporate/ | https://yossix.co.jp/business/,Consumer Cyclical,Restaurants,https://yossix.co.jp
2,3223,"SLD Entertainment, Inc.",外食,内需・消費,94,86,92,主力テーマ,A,ok,industry=Restaurants; direct=restaurant,,0,https://www.sld-inc.com,Consumer Cyclical,Restaurants,https://www.sld-inc.com
2,3224,"General Oyster, Inc.",外食,内需・消費,94,86,92,主力テーマ,A,qa_peripheral,industry=Restaurants; direct=restaurant; position=0.69,,0,https://www.oysterbar.co.jp | https://www.oysterbar.co.jp/company/ | https://www.oysterbar.co.jp/opc/,Consumer Cyclical,Restaurants,https://www.oysterbar.co.jp
2,3224,"General Oyster, Inc.",太陽光発電関連,GX・エネルギー,8,5,7,ノイズ候補,C,needs_review,事業概要に直接根拠を確認できず,,0,https://www.oysterbar.co.jp | https://www.oysterbar.co.jp/company/ | https://www.oysterbar.co.jp/opc/,Consumer Cyclical,Restaurants,https://www.oysterbar.co.jp
2,3224,"General Oyster, Inc.",小売り,内需・消費,8,5,7,ノイズ候補,C,needs_review,事業概要に直接根拠を確認できず,,0,https://www.oysterbar.co.jp | https://www.oysterbar.co.jp/company/ | https://www.oysterbar.co.jp/opc/,Consumer Cyclical,Restaurants,https://www.oysterbar.co.jp
2,3231,"Nomura Real Estate Holdings, Inc.",ホテル,内需・消費,42,42,42,補助関連,C,needs_review,adjacent=hotel; growth=develops/development,,0,https://www.nomura-re-hd.co.jp,Real Estate,Real Estate - Development,https://www.nomura-re-hd.co.jp
2,3231,"Nomura Real Estate Holdings, Inc.",マンション関連,不動産・建設,92,96,93,主力テーマ,A,ok,direct=condominium; position=0.20; growth=develops/development,,0,https://www.nomura-re-hd.co.jp,Real Estate,Real Estate - Development,https://www.nomura-re-hd.co.jp
2,3231,"Nomura Real Estate Holdings, Inc.",不動産関連,不動産・建設,94,98,95,主力テーマ,A,qa_peripheral,industry=Real Estate - Development; direct=real estate brokerage; position=0.51; growth=develops/development,,0,https://www.nomura-re-hd.co.jp,Real Estate,Real Estate - Development,https://www.nomura-re-hd.co.jp
2,3231,"Nomura Real Estate Holdings, Inc.",風力発電,GX・エネルギー,8,5,7,ノイズ候補,C,needs_review,事業概要に直接根拠を確認できず,,0,https://www.nomura-re-hd.co.jp,Real Estate,Real Estate - Development,https://www.nomura-re-hd.co.jp
2,3232,"Mie Kotsu Group Holdings, Inc.",ホテル,内需・消費,58,56,57,補助関連,C,needs_review,direct=operates hotels; position=0.84; growth=develops,,0,https://holdings.sanco.co.jp,Industrials,Conglomerates,https://holdings.sanco.co.jp
2,3232,"Mie Kotsu Group Holdings, Inc.",不動産関連,不動産・建設,42,40,41,補助関連,C,needs_review,adjacent=real estate; growth=develops,,0,https://holdings.sanco.co.jp,Industrials,Conglomerates,https://holdings.sanco.co.jp
2,3232,"Mie Kotsu Group Holdings, Inc.",住宅関連,不動産・建設,42,40,41,補助関連,C,needs_review,adjacent=housing; growth=develops,,0,https://holdings.sanco.co.jp,Industrials,Conglomerates,https://holdings.sanco.co.jp
2,3232,"Mie Kotsu Group Holdings, Inc.",再生可能エネルギー,GX・エネルギー,8,5,7,ノイズ候補,C,needs_review,事業概要に直接根拠を確認できず,,0,https://holdings.sanco.co.jp,Industrials,Conglomerates,https://holdings.sanco.co.jp
2,3232,"Mie Kotsu Group Holdings, Inc.",太陽光発電関連,GX・エネルギー,8,5,7,ノイズ候補,C,needs_review,事業概要に直接根拠を確認できず,,0,https://holdings.sanco.co.jp,Industrials,Conglomerates,https://holdings.sanco.co.jp
2,3232,"Mie Kotsu Group Holdings, Inc.",脱炭素,GX・エネルギー,8,5,7,ノイズ候補,C,needs_review,事業概要に直接根拠を確認できず,,0,https://holdings.sanco.co.jp,Industrials,Conglomerates,https://holdings.sanco.co.jp
2,3236,"Properst Co., Ltd.",マンション関連,不動産・建設,86,88,87,主力テーマ,A,ok,direct=condominium; position=0.36; growth=development,,0,https://www.properst.co.jp,Real Estate,Real Estate - Diversified,https://www.properst.co.jp
2,3237,"Intrance Co., Ltd.",ホテル,内需・消費,86,90,87,主力テーマ,A,ok,direct=hotel management; position=0.21; growth=development/investment; official=ホテル; count=31; pos=0.00,ホテル,31,https://intrance.jp | https://intrance.jp/company/ | https://intrance.jp/business/,Real Estate,Real Estate Services,https://intrance.jp
2,3237,"Intrance Co., Ltd.",不動産関連,不動産・建設,94,98,95,主力テーマ,A,ok,industry=Real Estate Services; direct=real estate business; position=0.09; growth=development/investment; official=不動産; count=20; pos=0.00,不動産,20,https://intrance.jp | https://intrance.jp/company/ | https://intrance.jp/business/,Real Estate,Real Estate Services,https://intrance.jp
2,3238,"Central General Development Co., Ltd.",マンション関連,不動産・建設,92,90,91,主力テーマ,A,ok,direct=condominium; position=0.21; growth=development; official=マンション; count=33; pos=0.01,マンション,33,https://central-gd.co.jp | https://central-gd.co.jp/company/ | https://central-gd.co.jp/company/company-profile/,Real Estate,Real Estate Services,https://central-gd.co.jp
2,3238,"Central General Development Co., Ltd.",不動産関連,不動産・建設,94,96,95,主力テーマ,A,ok,industry=Real Estate Services; direct=real estate business; position=0.11; growth=development; official=不動産; count=3; pos=0.44,不動産,3,https://central-gd.co.jp | https://central-gd.co.jp/company/ | https://central-gd.co.jp/company/company-profile/,Real Estate,Real Estate Services,https://central-gd.co.jp
2,323A,Flier Inc.,IT関連,デジタル・サービス,90,94,91,主力テーマ,A,ok,industry=Software - Application; adjacent=software; growth=development/investment; official=IT; count=2; pos=0.02,IT,2,https://www.flierinc.com,Technology,Software - Application,https://www.flierinc.com
2,323A,Flier Inc.,SaaS,デジタル・サービス,90,82,88,主力テーマ,A,ok,industry=Software - Application,,0,https://www.flierinc.com,Technology,Software - Application,https://www.flierinc.com
2,323A,Flier Inc.,クラウドコンピューティング,デジタル・サービス,8,5,7,ノイズ候補,C,needs_review,事業概要に直接根拠を確認できず,,0,https://www.flierinc.com,Technology,Software - Application,https://www.flierinc.com
2,323A,Flier Inc.,サブスクリプション,デジタル・サービス,8,5,7,ノイズ候補,C,needs_review,事業概要に直接根拠を確認できず,,0,https://www.flierinc.com,Technology,Software - Application,https://www.flierinc.com
2,3241,"WILL,Co.,Ltd.",不動産関連,不動産・建設,97,100,98,主力テーマ,A,ok,industry=Real Estate Services; direct=real estate business/real estate brokerage; position=0.03; growth=develops/development,,0,https://www.wills.co.jp,Real Estate,Real Estate Services,https://www.wills.co.jp
2,3241,"WILL,Co.,Ltd.",住宅関連,不動産・建設,42,42,42,補助関連,C,needs_review,adjacent=residential; growth=develops/development,,0,https://www.wills.co.jp,Real Estate,Real Estate Services,https://www.wills.co.jp
2,3242,"Urbanet Corporation Co.,Ltd.",ホテル,内需・消費,82,86,83,主力テーマ,B,ok,direct=hotel business; position=0.40; growth=development/investment; official=ホテル; count=39; pos=0.02,ホテル,39,https://www.urbanet.jp | https://www.urbanet.jp/company/ | https://www.urbanet.jp/company/profile/,Real Estate,Real Estate - Diversified,https://www.urbanet.jp
2,3242,"Urbanet Corporation Co.,Ltd.",不動産関連,不動産・建設,94,98,95,主力テーマ,A,ok,industry=Real Estate - Diversified; direct=real estate business; position=0.34; growth=development/investment; official=不動産; count=3; pos=0.81,不動産,3,https://www.urbanet.jp | https://www.urbanet.jp/company/ | https://www.urbanet.jp/company/profile/,Real Estate,Real Estate - Diversified,https://www.urbanet.jp
2,3245,"Dear Life Co.,Ltd.",マンション関連,不動産・建設,90,68,83,主力テーマ,B,official_site_supported,事業概要に直接根拠を確認できず; official=マンション; count=1; pos=0.10,マンション,1,https://www.dear-life.co.jp,Real Estate,Real Estate Services,https://www.dear-life.co.jp
2,3245,"Dear Life Co.,Ltd.",不動産関連,不動産・建設,94,96,95,主力テーマ,A,ok,industry=Real Estate Services; direct=real estate business; position=0.09; growth=develops; official=不動産; count=7; pos=0.16,不動産,7,https://www.dear-life.co.jp,Real Estate,Real Estate Services,https://www.dear-life.co.jp
2,3246,"KOSE R.E. Co.,Ltd.",マンション関連,不動産・建設,92,98,94,主力テーマ,A,ok,direct=condominium; position=0.37; growth=develops/development; official=マンション; count=60; pos=0.00,マンション,60,https://www.kose-re.jp | https://www.kose-re.jp/service | https://www.kose-re.jp/service/residence,Real Estate,Real Estate - Diversified,https://www.kose-re.jp
2,3248,"Early Age Co., Ltd.",マンション関連,不動産・建設,66,68,67,有力関連,B,qa_borderline,direct=condominium; position=0.65; growth=develops/development,,0,https://www.early-age.co.jp | https://www.early-age.co.jp/company/,Real Estate,Real Estate - Diversified,https://www.early-age.co.jp
2,3248,"Early Age Co., Ltd.",不動産関連,不動産・建設,94,98,95,主力テーマ,A,ok,industry=Real Estate - Diversified; direct=real estate business; position=0.04; growth=develops/development,,0,https://www.early-age.co.jp | https://www.early-age.co.jp/company/,Real Estate,Real Estate - Diversified,https://www.early-age.co.jp
2,324A,"Booking Resort Co., Ltd.",ホテル,内需・消費,46,34,42,補助関連,C,needs_review,adjacent=hotel/accommodation; official=ホテル; count=1; pos=0.46,ホテル,1,https://www.booking-resort.jp | https://www.booking-resort.jp/company/ | https://www.booking-resort.jp/,Consumer Cyclical,Travel Services,https://www.booking-resort.jp
2,324A,"Booking Resort Co., Ltd.",旅行,内需・消費,82,74,80,主力テーマ,B,ok,direct=travel services,,0,https://www.booking-resort.jp | https://www.booking-resort.jp/company/ | https://www.booking-resort.jp/,Consumer Cyclical,Travel Services,https://www.booking-resort.jp
2,3252,"JINUSHI Co.,Ltd.",不動産ファンド,不動産・建設,46,46,46,補助関連,C,needs_review,adjacent=asset management/real estate investment; growth=development/investment,,0,https://www.jinushi-jp.com,Real Estate,Real Estate Services,https://www.jinushi-jp.com
2,325A,TENTIAL Inc.,eコマース,内需・消費,92,90,91,主力テーマ,A,official_site_supported,事業概要に直接根拠を確認できず; official=EC; count=14; pos=0.03,EC,14,https://corp.tential.jp | https://corp.tential.jp/service/ | https://corp.tential.jp/company/overview/,Consumer Cyclical,Apparel Manufacturing,https://corp.tential.jp
2,325A,TENTIAL Inc.,ホームヘルスケア,医療・ヘルスケア,8,5,7,ノイズ候補,C,needs_review,事業概要に直接根拠を確認できず,,0,https://corp.tential.jp | https://corp.tential.jp/service/ | https://corp.tential.jp/company/overview/,Consumer Cyclical,Apparel Manufacturing,https://corp.tential.jp
2,325A,TENTIAL Inc.,医療機器,医療・ヘルスケア,8,5,7,ノイズ候補,C,needs_review,事業概要に直接根拠を確認できず,,0,https://corp.tential.jp | https://corp.tential.jp/service/ | https://corp.tential.jp/company/overview/,Consumer Cyclical,Apparel Manufacturing,https://corp.tential.jp
2,325A,TENTIAL Inc.,小売り,内需・消費,8,5,7,ノイズ候補,C,needs_review,事業概要に直接根拠を確認できず,,0,https://corp.tential.jp | https://corp.tential.jp/service/ | https://corp.tential.jp/company/overview/,Consumer Cyclical,Apparel Manufacturing,https://corp.tential.jp
2,3260,,マンション関連,不動産・建設,8,5,7,ノイズ候補,C,needs_official_ir,事業概要に直接根拠を確認できず,,0,,,,
2,3260,,不動産関連,不動産・建設,8,5,7,ノイズ候補,C,needs_official_ir,事業概要に直接根拠を確認できず,,0,,,,
2,3261,"GRANDES, Inc.",不動産関連,不動産・建設,90,82,88,主力テーマ,A,ok,industry=Real Estate Services; adjacent=real estate; official=不動産; count=1; pos=0.00,不動産,1,https://www.grandes.jp,Real Estate,Real Estate Services,https://www.grandes.jp
2,3261,"GRANDES, Inc.",住宅関連,不動産・建設,92,84,90,主力テーマ,A,ok,direct=custom-built homes; position=0.19; official=住宅; count=44; pos=0.01,住宅,44,https://www.grandes.jp,Real Estate,Real Estate Services,https://www.grandes.jp
3,3266,Fund Creation Group Company Limited,不動産ファンド,不動産・建設,42,40,41,補助関連,C,needs_review,adjacent=asset management; growth=investment,,0,https://www.fc-group.co.jp,Financial Services,Asset Management,https://www.fc-group.co.jp
3,3266,Fund Creation Group Company Limited,不動産関連,不動産・建設,42,40,41,補助関連,C,needs_review,adjacent=real estate; growth=investment,,0,https://www.fc-group.co.jp,Financial Services,Asset Management,https://www.fc-group.co.jp
3,3266,Fund Creation Group Company Limited,再生可能エネルギー,GX・エネルギー,42,40,41,補助関連,C,needs_review,adjacent=solar power; growth=investment,,0,https://www.fc-group.co.jp,Financial Services,Asset Management,https://www.fc-group.co.jp
3,3266,Fund Creation Group Company Limited,太陽光発電関連,GX・エネルギー,86,88,87,主力テーマ,A,ok,direct=solar power; position=0.35; growth=investment,,0,https://www.fc-group.co.jp,Financial Services,Asset Management,https://www.fc-group.co.jp
3,3267,"Phil Company, Inc.",建設,不動産・建設,90,82,88,主力テーマ,A,ok,industry=Engineering & Construction; adjacent=construction,,0,https://philcompany.jp | https://philcompany.jp/company/ | https://philcompany.jp/business/,Industrials,Engineering & Construction,https://philcompany.jp
3,3276,"Japan Property Management Center Co.,Ltd.",不動産関連,不動産・建設,90,82,88,主力テーマ,A,ok,industry=Real Estate Services; adjacent=real estate/property management; official=不動産; count=2; pos=0.54,不動産,2,https://www.jpmc.jp | https://www.jpmc.jp/product | https://www.jpmc.jp/company,Real Estate,Real Estate Services,https://www.jpmc.jp
3,3277,"Sansei Landic Co.,Ltd",不動産関連,不動産・建設,94,86,92,主力テーマ,A,ok,industry=Real Estate Services; direct=real estate business; position=0.06; official=不動産; count=45; pos=0.00,不動産,45,https://www.sansei-l.co.jp | https://www.sansei-l.co.jp/service/ | https://www.sansei-l.co.jp/company/profile/,Real Estate,Real Estate Services,https://www.sansei-l.co.jp
3,3280,"STrust Co.,Ltd.",マンション関連,不動産・建設,92,90,91,主力テーマ,A,ok,direct=condominium; position=0.31; growth=develops; official=マンション; count=21; pos=0.03,マンション,21,https://www.strust.co.jp | https://www.strust.co.jp/corporate | https://www.strust.co.jp/corporate/outline,Real Estate,Real Estate - Diversified,https://www.strust.co.jp
3,3280,"STrust Co.,Ltd.",不動産関連,不動産・建設,94,96,95,主力テーマ,A,ok,industry=Real Estate - Diversified; direct=real estate business; position=0.04; growth=develops; official=不動産; count=24; pos=0.03,不動産,24,https://www.strust.co.jp | https://www.strust.co.jp/corporate | https://www.strust.co.jp/corporate/outline,Real Estate,Real Estate - Diversified,https://www.strust.co.jp
3,3283,"Nippon Prologis REIT, Inc.",物流,物流・海運,42,42,42,補助関連,C,needs_review,adjacent=logistics; growth=strategic/investment,,0,https://www.prologis-reit.co.jp,Real Estate,REIT - Industrial,https://www.prologis-reit.co.jp
3,3284,"Hoosiers Holdings Co., Ltd.",ホテル,内需・消費,58,58,58,補助関連,C,needs_review,direct=hotel management; position=0.74; growth=development/investment,,0,https://www.hoosiers.co.jp | https://www.hoosiers.co.jp/company/,Consumer Cyclical,Residential Construction,https://www.hoosiers.co.jp
3,3284,"Hoosiers Holdings Co., Ltd.",マンション関連,不動産・建設,86,90,87,主力テーマ,A,ok,direct=condominium; position=0.22; growth=development/investment,,0,https://www.hoosiers.co.jp | https://www.hoosiers.co.jp/company/,Consumer Cyclical,Residential Construction,https://www.hoosiers.co.jp
3,3284,"Hoosiers Holdings Co., Ltd.",不動産ファンド,不動産・建設,82,86,83,主力テーマ,B,ok,direct=reit; position=0.48; growth=development/investment,,0,https://www.hoosiers.co.jp | https://www.hoosiers.co.jp/company/,Consumer Cyclical,Residential Construction,https://www.hoosiers.co.jp
3,3284,"Hoosiers Holdings Co., Ltd.",不動産関連,不動産・建設,42,42,42,補助関連,C,needs_review,adjacent=real estate; growth=development/investment,,0,https://www.hoosiers.co.jp | https://www.hoosiers.co.jp/company/,Consumer Cyclical,Residential Construction,https://www.hoosiers.co.jp
3,3284,"Hoosiers Holdings Co., Ltd.",住宅関連,不動産・建設,94,98,95,主力テーマ,A,ok,industry=Residential Construction; direct=residential construction; growth=development/investment,,0,https://www.hoosiers.co.jp | https://www.hoosiers.co.jp/company/,Consumer Cyclical,Residential Construction,https://www.hoosiers.co.jp
3,3286,TRUST Holdings Inc.,不動産関連,不動産・建設,92,94,93,主力テーマ,A,ok,direct=real estate business; position=0.06; growth=develops,,0,https://www.trust-hd.co.jp,Industrials,Specialty Business Services,https://www.trust-hd.co.jp
3,3287,"Hoshino Resorts REIT, Inc.",ホテル,内需・消費,42,40,41,補助関連,C,needs_review,adjacent=hotel; growth=investment,,0,https://www.hoshinoresorts-reit.com,Real Estate,REIT - Hotel & Motel,https://www.hoshinoresorts-reit.com
3,3287,"Hoshino Resorts REIT, Inc.",再開発,不動産・建設,8,5,7,ノイズ候補,C,needs_review,事業概要に直接根拠を確認できず,,0,https://www.hoshinoresorts-reit.com,Real Estate,REIT - Hotel & Motel,https://www.hoshinoresorts-reit.com
3,3288,"Open House Group Co., Ltd.",不動産関連,不動産・建設,94,98,95,主力テーマ,A,ok,industry=Real Estate - Diversified; direct=real estate business; position=0.08; growth=develops/investment; official=不動産; count=14; pos=0.29,不動産,14,https://oh.openhouse-group.com | https://oh.openhouse-group.com/company/ | https://oh.openhouse-group.com/company/about/,Real Estate,Real Estate - Diversified,https://oh.openhouse-group.com
3,3288,"Open House Group Co., Ltd.",住宅関連,不動産・建設,72,68,71,有力関連,B,needs_review,事業概要に直接根拠を確認できず; official=住宅; count=12; pos=0.13,住宅,12,https://oh.openhouse-group.com | https://oh.openhouse-group.com/company/ | https://oh.openhouse-group.com/company/about/,Real Estate,Real Estate - Diversified,https://oh.openhouse-group.com
3,3289,Tokyu Fudosan Holdings Corporation,データセンター,データセンター・電力,8,5,7,ノイズ候補,C,needs_review,事業概要に直接根拠を確認できず,,0,https://www.tokyu-fudosan-hd.co.jp,Real Estate,Real Estate - Diversified,https://www.tokyu-fudosan-hd.co.jp
3,3289,Tokyu Fudosan Holdings Corporation,ホテル,内需・消費,42,44,43,補助関連,C,needs_review,adjacent=hotel; growth=development/strategic,,0,https://www.tokyu-fudosan-hd.co.jp,Real Estate,Real Estate - Diversified,https://www.tokyu-fudosan-hd.co.jp
3,3289,Tokyu Fudosan Holdings Corporation,マンション関連,不動産・建設,82,88,84,主力テーマ,B,ok,direct=condominium; position=0.46; growth=development/strategic,,0,https://www.tokyu-fudosan-hd.co.jp,Real Estate,Real Estate - Diversified,https://www.tokyu-fudosan-hd.co.jp
3,3289,Tokyu Fudosan Holdings Corporation,不動産関連,不動産・建設,94,100,96,主力テーマ,A,ok,industry=Real Estate - Diversified; direct=real estate business; position=0.11; growth=development/strategic,,0,https://www.tokyu-fudosan-hd.co.jp,Real Estate,Real Estate - Diversified,https://www.tokyu-fudosan-hd.co.jp
3,3289,Tokyu Fudosan Holdings Corporation,再生可能エネルギー,GX・エネルギー,8,5,7,ノイズ候補,C,needs_review,事業概要に直接根拠を確認できず,,0,https://www.tokyu-fudosan-hd.co.jp,Real Estate,Real Estate - Diversified,https://www.tokyu-fudosan-hd.co.jp
3,3289,Tokyu Fudosan Holdings Corporation,再開発,不動産・建設,42,44,43,補助関連,C,needs_review,adjacent=urban development; growth=development/strategic,,0,https://www.tokyu-fudosan-hd.co.jp,Real Estate,Real Estate - Diversified,https://www.tokyu-fudosan-hd.co.jp
3,3289,Tokyu Fudosan Holdings Corporation,太陽光発電関連,GX・エネルギー,8,5,7,ノイズ候補,C,needs_review,事業概要に直接根拠を確認できず,,0,https://www.tokyu-fudosan-hd.co.jp,Real Estate,Real Estate - Diversified,https://www.tokyu-fudosan-hd.co.jp
3,3289,Tokyu Fudosan Holdings Corporation,風力発電,GX・エネルギー,8,5,7,ノイズ候補,C,needs_review,事業概要に直接根拠を確認できず,,0,https://www.tokyu-fudosan-hd.co.jp,Real Estate,Real Estate - Diversified,https://www.tokyu-fudosan-hd.co.jp
3,3291,"Iida Group Holdings Co., Ltd.",マンション関連,不動産・建設,86,78,84,主力テーマ,B,ok,direct=condominium; position=0.36; official=マンション; count=2; pos=0.23,マンション,2,https://www.ighd.co.jp | https://www.ighd.co.jp/corporate/overview.html,Consumer Cyclical,Residential Construction,https://www.ighd.co.jp
3,3291,"Iida Group Holdings Co., Ltd.",住宅関連,不動産・建設,94,86,92,主力テーマ,A,ok,industry=Residential Construction; direct=residential construction; official=住宅; count=5; pos=0.10,住宅,5,https://www.ighd.co.jp | https://www.ighd.co.jp/corporate/overview.html,Consumer Cyclical,Residential Construction,https://www.ighd.co.jp
3,3293,"AZUMA HOUSE Co., Ltd.",ホテル,内需・消費,72,68,71,有力関連,B,needs_review,adjacent=hotel; growth=development; official=ホテル; count=15; pos=0.03,ホテル,15,https://www.azumahouse.com | https://azumahouse.com/hotel-restaurant/ | https://azumahouse.com/ir/company/,Real Estate,Real Estate - Development,https://www.azumahouse.com
3,3293,"AZUMA HOUSE Co., Ltd.",不動産関連,不動産・建設,94,96,95,主力テーマ,A,ok,industry=Real Estate - Development; direct=real estate brokerage; position=0.44; growth=development; official=不動産; count=25; pos=0.00,不動産,25,https://www.azumahouse.com | https://azumahouse.com/hotel-restaurant/ | https://azumahouse.com/ir/company/,Real Estate,Real Estate - Development,https://www.azumahouse.com
3,3293,"AZUMA HOUSE Co., Ltd.",住宅関連,不動産・建設,72,68,71,有力関連,B,needs_review,adjacent=housing; growth=development; official=住宅; count=16; pos=0.01,住宅,16,https://www.azumahouse.com | https://azumahouse.com/hotel-restaurant/ | https://azumahouse.com/ir/company/,Real Estate,Real Estate - Development,https://www.azumahouse.com
3,3293,"AZUMA HOUSE Co., Ltd.",外食,内需・消費,58,56,57,補助関連,C,needs_review,direct=restaurant; position=0.84; growth=development,,0,https://www.azumahouse.com | https://azumahouse.com/hotel-restaurant/ | https://azumahouse.com/ir/company/,Real Estate,Real Estate - Development,https://www.azumahouse.com
3,3297,"Toubujyuhan Co.,Ltd.",不動産関連,不動産・建設,94,86,92,主力テーマ,A,ok,industry=Real Estate Services; direct=real estate business; position=0.07; official=不動産関連/不動産; count=22; pos=0.06,不動産関連 | 不動産,22,https://www.toubu.co.jp,Real Estate,Real Estate Services,https://www.toubu.co.jp
3,3297,"Toubujyuhan Co.,Ltd.",介護関連,医療・ヘルスケア,90,82,88,主力テーマ,A,official_site_supported,direct=nursing care/long-term care; position=0.53; official=介護; count=5; pos=0.10,介護,5,https://www.toubu.co.jp,Real Estate,Real Estate Services,https://www.toubu.co.jp
3,3299,"MUGEN ESTATE Co.,Ltd.",不動産関連,不動産・建設,90,94,91,主力テーマ,A,ok,industry=Real Estate - Development; adjacent=real estate; growth=development/investment; official=不動産; count=100; pos=0.01,不動産,100,https://www.mugen-estate.co.jp | https://www.mugen-estate.co.jp/corporate/ | https://www.mugen-estate.co.jp/corporate/about.html,Real Estate,Real Estate - Development,https://www.mugen-estate.co.jp
3,3300,"AMBITION DX HOLDINGS Co., Ltd.",AIエージェント,AI・半導体,8,5,7,ノイズ候補,C,needs_review,事業概要に直接根拠を確認できず,,0,https://am-bition.jp | https://am-bition.jp/about/ | https://am-bition.jp/domain/,Real Estate,Real Estate Services,https://am-bition.jp
3,3300,"AMBITION DX HOLDINGS Co., Ltd.",デジタルトランスフォーメーション,デジタル・サービス,92,96,93,主力テーマ,A,ok,direct= dx ; position=0.02; growth=development/investment; official=DX/デジタルトランスフォーメーション; count=51; pos=0.00,DX | デジタルトランスフォーメーション,51,https://am-bition.jp | https://am-bition.jp/about/ | https://am-bition.jp/domain/,Real Estate,Real Estate Services,https://am-bition.jp
3,3300,"AMBITION DX HOLDINGS Co., Ltd.",不動産テック,不動産・建設,72,68,71,有力関連,B,needs_review,事業概要に直接根拠を確認できず; official=不動産DX; count=1; pos=0.41,不動産DX,1,https://am-bition.jp | https://am-bition.jp/about/ | https://am-bition.jp/domain/,Real Estate,Real Estate Services,https://am-bition.jp
3,3300,"AMBITION DX HOLDINGS Co., Ltd.",不動産関連,不動産・建設,90,94,91,主力テーマ,A,ok,industry=Real Estate Services; adjacent=real estate/property management; growth=development/investment; official=不動産; count=29; pos=0.05,不動産,29,https://am-bition.jp | https://am-bition.jp/about/ | https://am-bition.jp/domain/,Real Estate,Real Estate Services,https://am-bition.jp
3,3300,"AMBITION DX HOLDINGS Co., Ltd.",人工知能,AI・半導体,90,82,88,主力テーマ,A,official_site_supported,事業概要に直接根拠を確認できず; official=AI; count=5; pos=0.07,AI,5,https://am-bition.jp | https://am-bition.jp/about/ | https://am-bition.jp/domain/,Real Estate,Real Estate Services,https://am-bition.jp
3,3300,"AMBITION DX HOLDINGS Co., Ltd.",生成AI,AI・半導体,8,5,7,ノイズ候補,C,needs_review,事業概要に直接根拠を確認できず,,0,https://am-bition.jp | https://am-bition.jp/about/ | https://am-bition.jp/domain/,Real Estate,Real Estate Services,https://am-bition.jp
3,3302,"Teikoku Sen-i Co., Ltd.",防災,防衛・国土強靱化,92,90,91,主力テーマ,A,ok,direct=disaster prevention; position=0.11; official=防災/災害対策; count=95; pos=0.01,防災 | 災害対策,95,https://www.teisen.co.jp | https://www.teisen.co.jp/product/ | https://www.teisen.co.jp/product_category/pc0401,Industrials,Farm & Heavy Construction Machinery,https://www.teisen.co.jp
3,3302,"Teikoku Sen-i Co., Ltd.",防衛,防衛・国土強靱化,8,5,7,ノイズ候補,C,needs_review,事業概要に直接根拠を確認できず,,0,https://www.teisen.co.jp | https://www.teisen.co.jp/product/ | https://www.teisen.co.jp/product_category/pc0401,Industrials,Farm & Heavy Construction Machinery,https://www.teisen.co.jp
3,3306,"The Nihon Seima Co.,Ltd.",自動車部材・部品,自動車・モビリティ,8,5,7,ノイズ候補,C,needs_review,事業概要に直接根拠を確認できず,,0,https://www.nihonseima.co.jp | https://www.nihonseima.co.jp/service/ | https://www.nihonseima.co.jp/industrial_materials,Industrials,Conglomerates,https://www.nihonseima.co.jp
3,330A,TalentX Inc.,IT関連,デジタル・サービス,8,5,7,ノイズ候補,C,needs_review,事業概要に直接根拠を確認できず; official=IT; count=1; pos=0.52,IT,1,https://talentx.co.jp | https://talentx.co.jp/about/company | https://talentx.co.jp/service,Industrials,Staffing & Employment Services,https://talentx.co.jp
3,330A,TalentX Inc.,SaaS,デジタル・サービス,72,68,71,有力関連,B,needs_review,事業概要に直接根拠を確認できず; official=SaaS; count=2; pos=0.45,SaaS,2,https://talentx.co.jp | https://talentx.co.jp/about/company | https://talentx.co.jp/service,Industrials,Staffing & Employment Services,https://talentx.co.jp
3,330A,TalentX Inc.,クラウドコンピューティング,デジタル・サービス,72,68,71,有力関連,B,needs_review,事業概要に直接根拠を確認できず; official=クラウド; count=1; pos=0.49,クラウド,1,https://talentx.co.jp | https://talentx.co.jp/about/company | https://talentx.co.jp/service,Industrials,Staffing & Employment Services,https://talentx.co.jp
3,330A,TalentX Inc.,サブスクリプション,デジタル・サービス,8,5,7,ノイズ候補,C,needs_review,事業概要に直接根拠を確認できず,,0,https://talentx.co.jp | https://talentx.co.jp/about/company | https://talentx.co.jp/service,Industrials,Staffing & Employment Services,https://talentx.co.jp
3,330A,TalentX Inc.,デジタルトランスフォーメーション,デジタル・サービス,72,68,71,有力関連,B,needs_review,事業概要に直接根拠を確認できず; official=DX; count=1; pos=0.50,DX,1,https://talentx.co.jp | https://talentx.co.jp/about/company | https://talentx.co.jp/service,Industrials,Staffing & Employment Services,https://talentx.co.jp
3,330A,TalentX Inc.,人工知能,AI・半導体,92,90,91,主力テーマ,A,official_site_supported,事業概要に直接根拠を確認できず; official=AI; count=21; pos=0.06,AI,21,https://talentx.co.jp | https://talentx.co.jp/about/company | https://talentx.co.jp/service,Industrials,Staffing & Employment Services,https://talentx.co.jp
3,3315,"Nippon Coke & Engineering Company, Limited",機械,設備投資・機械,42,30,38,ノイズ候補,C,needs_review,adjacent=equipment,,0,https://www.n-coke.com,Basic Materials,Coking Coal,https://www.n-coke.com
3,3315,"Nippon Coke & Engineering Company, Limited",水素,GX・エネルギー,8,5,7,ノイズ候補,C,needs_review,事業概要に直接根拠を確認できず,,0,https://www.n-coke.com,Basic Materials,Coking Coal,https://www.n-coke.com
3,3317,"Flying Garden Co., Ltd.",外食,内需・消費,94,86,92,主力テーマ,A,ok,industry=Restaurants; direct=restaurant; position=0.17,,0,https://www.fgarden.co.jp,Consumer Cyclical,Restaurants,https://www.fgarden.co.jp
3,331A,Medix Inc.,デジタルトランスフォーメーション,デジタル・サービス,8,5,7,ノイズ候補,C,needs_review,事業概要に直接根拠を確認できず,,0,https://www.medix-inc.co.jp | https://www.medix-inc.co.jp/service/ | https://www.medix-inc.co.jp/service/businessmarketing/marketingautomation/,Communication Services,Advertising Agencies,https://www.medix-inc.co.jp
3,331A,Medix Inc.,データ分析・解析,AI・半導体,58,46,54,補助関連,C,needs_review,direct=data analysis; position=0.67,,0,https://www.medix-inc.co.jp | https://www.medix-inc.co.jp/service/ | https://www.medix-inc.co.jp/service/businessmarketing/marketingautomation/,Communication Services,Advertising Agencies,https://www.medix-inc.co.jp
3,3320,Cross Plus Inc.,小売り,内需・消費,58,56,57,補助関連,C,needs_review,direct=retail stores; position=0.75; growth=development,,0,https://www.crossplus.co.jp | https://www.crossplus.co.jp/company/ | https://www.crossplus.co.jp/ir/2026/06/26/4712/,Consumer Cyclical,Apparel Manufacturing,https://www.crossplus.co.jp
3,3321,"Mitachi Co., Ltd.",IoT,設備投資・機械,92,98,94,主力テーマ,A,official_site_supported,事業概要に直接根拠を確認できず; official=IoT; count=20; pos=0.01,IoT,20,https://www.mitachi.co.jp | https://www.mitachi.co.jp/business/ | https://www.mitachi.co.jp/business/embedded_prod/,Technology,Electronic Components,https://www.mitachi.co.jp
3,3321,"Mitachi Co., Ltd.",半導体,AI・半導体,92,98,94,主力テーマ,A,ok,direct=semiconductor; position=0.06; official=半導体; count=12; pos=0.01,半導体,12,https://www.mitachi.co.jp | https://www.mitachi.co.jp/business/ | https://www.mitachi.co.jp/business/embedded_prod/,Technology,Electronic Components,https://www.mitachi.co.jp
3,3321,"Mitachi Co., Ltd.",半導体商社,AI・半導体,42,30,38,ノイズ候補,C,needs_review,adjacent=semiconductor,,0,https://www.mitachi.co.jp | https://www.mitachi.co.jp/business/ | https://www.mitachi.co.jp/business/embedded_prod/,Technology,Electronic Components,https://www.mitachi.co.jp
3,3321,"Mitachi Co., Ltd.",自動車部材・部品,自動車・モビリティ,8,5,7,ノイズ候補,C,needs_review,事業概要に直接根拠を確認できず,,0,https://www.mitachi.co.jp | https://www.mitachi.co.jp/business/ | https://www.mitachi.co.jp/business/embedded_prod/,Technology,Electronic Components,https://www.mitachi.co.jp
3,3323,"Recomm Co., Ltd.",AIエージェント,AI・半導体,8,5,7,ノイズ候補,C,needs_review,事業概要に直接根拠を確認できず,,0,https://www.recomm.co.jp,Communication Services,Telecom Services,https://www.recomm.co.jp
3,3323,"Recomm Co., Ltd.",人工知能,AI・半導体,66,56,63,有力関連,B,qa_borderline,direct= ai ; position=0.52,,0,https://www.recomm.co.jp,Communication Services,Telecom Services,https://www.recomm.co.jp
3,3326,"Runsystem Co.,Ltd.",ホテル,内需・消費,8,5,7,ノイズ候補,C,needs_review,事業概要に直接根拠を確認できず; official=ホテル; count=1; pos=0.59,ホテル,1,https://www.runsystem.co.jp | https://www.runsystem.co.jp/com_info.html | https://www.runsystem.co.jp/work_jiku.html,Consumer Cyclical,Leisure,https://www.runsystem.co.jp
3,3329,"Towa Food Service Co., Ltd.",外食,内需・消費,97,89,95,主力テーマ,A,ok,industry=Restaurants; direct=restaurant/food service; position=0.02; official=外食; count=3; pos=0.01,外食,3,https://www.towafood-net.co.jp | https://www.towafood-net.co.jp/proifile/,Consumer Cyclical,Restaurants,https://www.towafood-net.co.jp
3,332A,MEEQ Inc.,IT関連,デジタル・サービス,90,92,91,主力テーマ,A,ok,industry=Software - Application; adjacent=software; growth=development; official=IT; count=1; pos=0.18,IT,1,https://www.meeq.com | https://www.meeq.com/meeq/index.html | https://www.meeq.com/mvne-service,Technology,Software - Application,https://www.meeq.com
3,332A,MEEQ Inc.,IoT,設備投資・機械,92,94,93,主力テーマ,A,ok,direct= iot; position=0.03; growth=development; official=IoT; count=30; pos=0.00,IoT,30,https://www.meeq.com | https://www.meeq.com/meeq/index.html | https://www.meeq.com/mvne-service,Technology,Software - Application,https://www.meeq.com
3,332A,MEEQ Inc.,SaaS,デジタル・サービス,94,96,95,主力テーマ,A,ok,industry=Software - Application; direct=saas; position=0.46; growth=development,,0,https://www.meeq.com | https://www.meeq.com/meeq/index.html | https://www.meeq.com/mvne-service,Technology,Software - Application,https://www.meeq.com
3,332A,MEEQ Inc.,デジタルトランスフォーメーション,デジタル・サービス,92,90,91,主力テーマ,A,official_site_supported,事業概要に直接根拠を確認できず; official=DX; count=16; pos=0.00,DX,16,https://www.meeq.com | https://www.meeq.com/meeq/index.html | https://www.meeq.com/mvne-service,Technology,Software - Application,https://www.meeq.com
3,3333,"Asahi Co., Ltd.",小売り,内需・消費,90,82,88,主力テーマ,A,ok,industry=Specialty Retail; adjacent=retail/stores,,0,https://www.cb-asahi.co.jp,Consumer Cyclical,Specialty Retail,https://www.cb-asahi.co.jp
3,3346,,eコマース,内需・消費,8,5,7,ノイズ候補,C,needs_official_ir,事業概要に直接根拠を確認できず,,0,,,,
3,3349,COSMOS Pharmaceutical Corporation,小売り,内需・消費,58,46,54,補助関連,C,needs_review,direct=retail stores; position=0.86,,0,https://www.cosmospc.co.jp,Healthcare,Pharmaceutical Retailers,https://www.cosmospc.co.jp
3,3349,COSMOS Pharmaceutical Corporation,食品,内需・消費,97,89,95,主力テーマ,A,ok,direct=food products/beverage; position=0.12,,0,https://www.cosmospc.co.jp,Healthcare,Pharmaceutical Retailers,https://www.cosmospc.co.jp
3,334A,"Visual Processing Japan Co., Ltd.",IT関連,デジタル・サービス,90,92,91,主力テーマ,A,ok,industry=Software - Application; adjacent=software; growth=development; official=IT; count=1; pos=0.88,IT,1,https://www.vpj.co.jp,Technology,Software - Application,https://www.vpj.co.jp
3,334A,"Visual Processing Japan Co., Ltd.",eコマース,内需・消費,85,84,85,主力テーマ,A,ok,direct=e-commerce; position=0.41; growth=development; official=EC; count=5; pos=0.26,EC,5,https://www.vpj.co.jp,Technology,Software - Application,https://www.vpj.co.jp
3,334A,"Visual Processing Japan Co., Ltd.",クラウドコンピューティング,デジタル・サービス,72,68,71,有力関連,B,needs_review,事業概要に直接根拠を確認できず; official=クラウド; count=2; pos=0.62,クラウド,2,https://www.vpj.co.jp,Technology,Software - Application,https://www.vpj.co.jp
3,334A,"Visual Processing Japan Co., Ltd.",サブスクリプション,デジタル・サービス,8,5,7,ノイズ候補,C,needs_review,事業概要に直接根拠を確認できず,,0,https://www.vpj.co.jp,Technology,Software - Application,https://www.vpj.co.jp
3,334A,"Visual Processing Japan Co., Ltd.",デジタルトランスフォーメーション,デジタル・サービス,90,82,88,主力テーマ,A,official_site_supported,事業概要に直接根拠を確認できず; official=DX; count=5; pos=0.05,DX,5,https://www.vpj.co.jp,Technology,Software - Application,https://www.vpj.co.jp
3,3350,Metaplanet Inc.,ホテル,内需・消費,86,78,84,主力テーマ,B,ok,direct=hotel business; position=0.32,,0,https://metaplanet.jp,Consumer Cyclical,Restaurants,https://metaplanet.jp
3,3352,"Buffalo Co.,Ltd.",外食,内需・消費,58,46,54,補助関連,C,needs_review,direct=restaurant; position=0.89,,0,https://www.buffalo.co.jp | https://www.buffalo.co.jp/company/ | https://www.buffalo.co.jp/service/,Consumer Cyclical,Auto & Truck Dealerships,https://www.buffalo.co.jp
3,3353,"Medical Ikkou Group Co.,Ltd.",介護関連,医療・ヘルスケア,8,5,7,ノイズ候補,C,needs_review,事業概要に直接根拠を確認できず,,0,https://www.m-ikkou.co.jp,Industrials,Conglomerates,https://www.m-ikkou.co.jp
3,3355,Kuriyama Holdings Corporation,建設機械,設備投資・機械,8,5,7,ノイズ候補,C,needs_review,事業概要に直接根拠を確認できず,,0,https://www.kuriyama-holdings.com,Industrials,Industrial Distribution,https://www.kuriyama-holdings.com
3,3358,"Trailhead Global Holdings,Inc.",外食,内需・消費,94,96,95,主力テーマ,A,ok,industry=Restaurants; direct=restaurant; position=0.05; growth=develops,,0,https://thg-hd.com | https://thg-hd.com/company,Consumer Cyclical,Restaurants,https://thg-hd.com
3,3359,"cotta CO.,LTD",eコマース,内需・消費,92,98,94,主力テーマ,A,official_site_supported,事業概要に直接根拠を確認できず; official=EC/電子商取引; count=10; pos=0.02,EC | 電子商取引,10,https://www.cotta.co.jp,Consumer Cyclical,Packaging & Containers,https://www.cotta.co.jp
3,335A,Mirairo Inc.,eコマース,内需・消費,8,5,7,ノイズ候補,C,needs_review,事業概要に直接根拠を確認できず,,0,https://www.mirairo.co.jp | https://www.mirairo.co.jp/company/history | https://www.mirairo.co.jp/pagecorporateservices,Technology,Software - Application,https://www.mirairo.co.jp
3,335A,Mirairo Inc.,デジタルトランスフォーメーション,デジタル・サービス,72,68,71,有力関連,B,needs_review,事業概要に直接根拠を確認できず; official=DX; count=2; pos=0.60,DX,2,https://www.mirairo.co.jp | https://www.mirairo.co.jp/company/history | https://www.mirairo.co.jp/pagecorporateservices,Technology,Software - Application,https://www.mirairo.co.jp
3,335A,Mirairo Inc.,マイナンバー,デジタル・サービス,8,5,7,ノイズ候補,C,needs_review,事業概要に直接根拠を確認できず,,0,https://www.mirairo.co.jp | https://www.mirairo.co.jp/company/history | https://www.mirairo.co.jp/pagecorporateservices,Technology,Software - Application,https://www.mirairo.co.jp
3,3360,"Ship Healthcare Holdings, Inc.",介護関連,医療・ヘルスケア,92,98,94,主力テーマ,A,ok,direct=nursing care; position=0.06; growth=develops; official=介護/介護サービス; count=13; pos=0.18,介護 | 介護サービス,13,https://www.shiphd.co.jp | https://www.shiphd.co.jp/business/ | https://www.shiphd.co.jp/business/tpp/,Healthcare,Medical Instruments & Supplies,https://www.shiphd.co.jp
3,3360,"Ship Healthcare Holdings, Inc.",医療機器,医療・ヘルスケア,92,98,94,主力テーマ,A,ok,direct=medical device/medical equipment; position=0.24; growth=develops; official=医療機器; count=11; pos=0.64,医療機器,11,https://www.shiphd.co.jp | https://www.shiphd.co.jp/business/ | https://www.shiphd.co.jp/business/tpp/,Healthcare,Medical Instruments & Supplies,https://www.shiphd.co.jp
3,336A,"Dynamic Map Platform Co., Ltd.",IT関連,デジタル・サービス,72,68,71,有力関連,B,needs_review,事業概要に直接根拠を確認できず; official=IT; count=8; pos=0.03,IT,8,https://www.dynamic-maps.co.jp | https://www.dynamic-maps.co.jp/service/ | https://www.dynamic-maps.co.jp/service/id/,Communication Services,Internet Content & Information,https://www.dynamic-maps.co.jp
3,336A,"Dynamic Map Platform Co., Ltd.",データベース,デジタル・サービス,8,5,7,ノイズ候補,C,needs_review,事業概要に直接根拠を確認できず,,0,https://www.dynamic-maps.co.jp | https://www.dynamic-maps.co.jp/service/ | https://www.dynamic-maps.co.jp/service/id/,Communication Services,Internet Content & Information,https://www.dynamic-maps.co.jp
3,336A,"Dynamic Map Platform Co., Ltd.",データ分析・解析,AI・半導体,8,5,7,ノイズ候補,C,needs_review,事業概要に直接根拠を確認できず,,0,https://www.dynamic-maps.co.jp | https://www.dynamic-maps.co.jp/service/ | https://www.dynamic-maps.co.jp/service/id/,Communication Services,Internet Content & Information,https://www.dynamic-maps.co.jp
3,336A,"Dynamic Map Platform Co., Ltd.",フィジカルAI,AI・半導体,42,40,41,補助関連,C,needs_review,adjacent=autonomous; growth=develops,,0,https://www.dynamic-maps.co.jp | https://www.dynamic-maps.co.jp/service/ | https://www.dynamic-maps.co.jp/service/id/,Communication Services,Internet Content & Information,https://www.dynamic-maps.co.jp
3,336A,"Dynamic Map Platform Co., Ltd.",人工知能,AI・半導体,85,82,84,主力テーマ,B,official_site_supported,事業概要に直接根拠を確認できず; official=AI; count=4; pos=0.42,AI,4,https://www.dynamic-maps.co.jp | https://www.dynamic-maps.co.jp/service/ | https://www.dynamic-maps.co.jp/service/id/,Communication Services,Internet Content & Information,https://www.dynamic-maps.co.jp
3,336A,"Dynamic Map Platform Co., Ltd.",自動運転車,自動車・モビリティ,92,90,91,主力テーマ,A,ok,direct=autonomous driving; position=0.22; growth=develops; official=自動運転/ADAS/自動運転車; count=33; pos=0.01,自動運転 | ADAS | 自動運転車,33,https://www.dynamic-maps.co.jp | https://www.dynamic-maps.co.jp/service/ | https://www.dynamic-maps.co.jp/service/id/,Communication Services,Internet Content & Information,https://www.dynamic-maps.co.jp
3,336A,"Dynamic Map Platform Co., Ltd.",防災,防衛・国土強靱化,90,82,88,主力テーマ,A,official_site_supported,事業概要に直接根拠を確認できず; official=防災; count=3; pos=0.09,防災,3,https://www.dynamic-maps.co.jp | https://www.dynamic-maps.co.jp/service/ | https://www.dynamic-maps.co.jp/service/id/,Communication Services,Internet Content & Information,https://www.dynamic-maps.co.jp
3,3370,"FUJITA CORPORATION Co.,Ltd.",外食,内需・消費,94,86,92,主力テーマ,A,ok,industry=Restaurants; direct=restaurant; position=0.11,,0,https://www.fujitacorp.co.jp,Consumer Cyclical,Restaurants,https://www.fujitacorp.co.jp
3,3370,"FUJITA CORPORATION Co.,Ltd.",小売り,内需・消費,42,30,38,ノイズ候補,C,needs_review,adjacent=retail,,0,https://www.fujitacorp.co.jp,Consumer Cyclical,Restaurants,https://www.fujitacorp.co.jp
3,3371,Softcreate Holdings Corp.,IT関連,デジタル・サービス,97,89,95,主力テーマ,A,ok,industry=Information Technology Services; direct=information technology/system integration; position=0.07; official=IT; count=13; pos=0.09,IT,13,https://www.softcreate-holdings.co.jp | https://www.softcreate-holdings.co.jp/company/about_us | https://www.softcreate-holdings.co.jp/business,Technology,Information Technology Services,https://www.softcreate-holdings.co.jp
3,3371,Softcreate Holdings Corp.,eコマース,内需・消費,92,90,91,主力テーマ,A,official_site_supported,事業概要に直接根拠を確認できず; official=EC; count=41; pos=0.06,EC,41,https://www.softcreate-holdings.co.jp | https://www.softcreate-holdings.co.jp/company/about_us | https://www.softcreate-holdings.co.jp/business,Technology,Information Technology Services,https://www.softcreate-holdings.co.jp
3,3371,Softcreate Holdings Corp.,クラウドコンピューティング,デジタル・サービス,90,82,88,主力テーマ,A,official_site_supported,direct=cloud system; position=0.55; official=クラウド; count=5; pos=0.10,クラウド,5,https://www.softcreate-holdings.co.jp | https://www.softcreate-holdings.co.jp/company/about_us | https://www.softcreate-holdings.co.jp/business,Technology,Information Technology Services,https://www.softcreate-holdings.co.jp
3,3372,"KANMONKAI Co., Ltd.",外食,内需・消費,94,98,95,主力テーマ,A,ok,industry=Restaurants; direct=restaurant; position=0.13; growth=development/research,,0,https://www.kanmonkai.co.jp,Consumer Cyclical,Restaurants,https://www.kanmonkai.co.jp
3,3374,Naigai Tec Corporation,医療機器,医療・ヘルスケア,8,5,7,ノイズ候補,C,needs_review,事業概要に直接根拠を確認できず,,0,https://www.naigaitec.co.jp,Industrials,Electrical Equipment & Parts,https://www.naigaitec.co.jp
3,3374,Naigai Tec Corporation,半導体製造装置,AI・半導体,42,30,38,ノイズ候補,C,needs_review,adjacent=semiconductor,,0,https://www.naigaitec.co.jp,Industrials,Electrical Equipment & Parts,https://www.naigaitec.co.jp
3,3377,BIKE O & COMPANY Ltd.,eコマース,内需・消費,82,74,80,主力テーマ,B,ok,direct=e-commerce; position=0.47,,0,https://www.8190.co.jp,Consumer Cyclical,Auto & Truck Dealerships,https://www.8190.co.jp
3,3377,BIKE O & COMPANY Ltd.,小売り,内需・消費,92,84,90,主力テーマ,A,ok,direct=retail stores; position=0.18,,0,https://www.8190.co.jp,Consumer Cyclical,Auto & Truck Dealerships,https://www.8190.co.jp
3,3382,"Seven & i Holdings Co., Ltd.",eコマース,内需・消費,42,40,41,補助関連,C,needs_review,adjacent=internet shopping; growth=development,,0,https://www.7andi.com,Consumer Defensive,Grocery Stores,https://www.7andi.com
3,3382,"Seven & i Holdings Co., Ltd.",キャッシュレス決済,金融・金利,8,5,7,ノイズ候補,C,needs_review,事業概要に直接根拠を確認できず,,0,https://www.7andi.com,Consumer Defensive,Grocery Stores,https://www.7andi.com
3,3382,"Seven & i Holdings Co., Ltd.",リース,金融・金利,58,54,57,補助関連,C,needs_review,事業概要に直接根拠を確認できず; official=リース; count=2; pos=0.05,リース,2,https://www.7andi.com,Consumer Defensive,Grocery Stores,https://www.7andi.com
3,3382,"Seven & i Holdings Co., Ltd.",外食,内需・消費,8,5,7,ノイズ候補,C,needs_review,事業概要に直接根拠を確認できず,,0,https://www.7andi.com,Consumer Defensive,Grocery Stores,https://www.7andi.com
3,3382,"Seven & i Holdings Co., Ltd.",宅配,物流・海運,8,5,7,ノイズ候補,C,needs_review,事業概要に直接根拠を確認できず,,0,https://www.7andi.com,Consumer Defensive,Grocery Stores,https://www.7andi.com
3,3382,"Seven & i Holdings Co., Ltd.",小売り,内需・消費,90,92,91,主力テーマ,A,ok,industry=Grocery Stores; adjacent=stores; growth=development,,0,https://www.7andi.com,Consumer Defensive,Grocery Stores,https://www.7andi.com
3,3382,"Seven & i Holdings Co., Ltd.",銀行,金融・金利,8,5,7,ノイズ候補,C,needs_review,事業概要に直接根拠を確認できず,,0,https://www.7andi.com,Consumer Defensive,Grocery Stores,https://www.7andi.com
3,3382,"Seven & i Holdings Co., Ltd.",電子政府,デジタル・サービス,8,5,7,ノイズ候補,C,needs_review,事業概要に直接根拠を確認できず,,0,https://www.7andi.com,Consumer Defensive,Grocery Stores,https://www.7andi.com
3,3386,"Cosmo Bio Company,Limited",バイオテクノロジー関連,医療・ヘルスケア,58,56,57,補助関連,C,needs_review,direct=biotechnology/biotech; position=0.81; growth=research,,0,https://www.cosmobio.co.jp,Healthcare,Diagnostics & Research,https://www.cosmobio.co.jp
3,3386,"Cosmo Bio Company,Limited",再生医療,医療・ヘルスケア,42,40,41,補助関連,C,needs_review,adjacent=stem cells; growth=research,,0,https://www.cosmobio.co.jp,Healthcare,Diagnostics & Research,https://www.cosmobio.co.jp
3,3386,"Cosmo Bio Company,Limited",医薬品関連,医療・ヘルスケア,42,40,41,補助関連,C,needs_review,adjacent=drug discovery; growth=research,,0,https://www.cosmobio.co.jp,Healthcare,Diagnostics & Research,https://www.cosmobio.co.jp
3,3387,create restaurants holdings inc.,外食,内需・消費,94,96,95,主力テーマ,A,ok,industry=Restaurants; direct=restaurant; position=0.01; growth=develops,,0,https://www.createrestaurants.com | https://www.createrestaurants.com/company/ | https://www.createrestaurants.com/company/profile/,Consumer Cyclical,Restaurants,https://www.createrestaurants.com
3,3387,create restaurants holdings inc.,小売り,内需・消費,8,5,7,ノイズ候補,C,needs_review,事業概要に直接根拠を確認できず,,0,https://www.createrestaurants.com | https://www.createrestaurants.com/company/ | https://www.createrestaurants.com/company/profile/,Consumer Cyclical,Restaurants,https://www.createrestaurants.com
3,3388,"Meiji Electric Industries Co.,Ltd.",FA関連,設備投資・機械,85,91,87,主力テーマ,A,official_site_supported,adjacent=automation; growth=develops; official=FA; count=5; pos=0.32,FA,5,https://www.meijidenki.co.jp | https://www.meijidenki.co.jp/ja/business.html | https://www.meijidenki.co.jp/ja/company/outline.html,Technology,Scientific & Technical Instruments,https://www.meijidenki.co.jp
3,3388,"Meiji Electric Industries Co.,Ltd.",ロボット,AI・半導体,42,40,41,補助関連,C,needs_review,adjacent=automation; growth=develops,,0,https://www.meijidenki.co.jp | https://www.meijidenki.co.jp/ja/business.html | https://www.meijidenki.co.jp/ja/company/outline.html,Technology,Scientific & Technical Instruments,https://www.meijidenki.co.jp
3,338A,"ZenmuTech, Inc.",IT関連,デジタル・サービス,90,82,88,主力テーマ,A,ok,industry=Software - Infrastructure; adjacent=software; official=IT; count=1; pos=0.22,IT,1,https://www.zenmutech.com | https://zenmutech.com/company/companyoutline | https://zenmutech.com/company/jigyou,Technology,Software - Infrastructure,https://www.zenmutech.com
3,338A,"ZenmuTech, Inc.",クラウドコンピューティング,デジタル・サービス,8,5,7,ノイズ候補,C,needs_review,事業概要に直接根拠を確認できず,,0,https://www.zenmutech.com | https://zenmutech.com/company/companyoutline | https://zenmutech.com/company/jigyou,Technology,Software - Infrastructure,https://www.zenmutech.com
3,338A,"ZenmuTech, Inc.",サイバーセキュリティ,防衛・国土強靱化,92,84,90,主力テーマ,A,ok,direct=information security; position=0.06; official=サイバーセキュリティ/情報セキュリティ; count=5; pos=0.20,サイバーセキュリティ | 情報セキュリティ,5,https://www.zenmutech.com | https://zenmutech.com/company/companyoutline | https://zenmutech.com/company/jigyou,Technology,Software - Infrastructure,https://www.zenmutech.com
3,338A,"ZenmuTech, Inc.",サブスクリプション,デジタル・サービス,8,5,7,ノイズ候補,C,needs_review,事業概要に直接根拠を確認できず,,0,https://www.zenmutech.com | https://zenmutech.com/company/companyoutline | https://zenmutech.com/company/jigyou,Technology,Software - Infrastructure,https://www.zenmutech.com
3,3392,"Delica Foods Holdings Co., Ltd.",外食,内需・消費,58,54,57,補助関連,C,needs_review,事業概要に直接根拠を確認できず; official=外食; count=2; pos=0.23,外食,2,https://www.delica.co.jp | https://www.delica.co.jp/company/ | https://www.delica.co.jp/business/,Consumer Defensive,Packaged Foods,https://www.delica.co.jp
3,3392,"Delica Foods Holdings Co., Ltd.",物流,物流・海運,72,68,71,有力関連,B,needs_review,事業概要に直接根拠を確認できず; official=物流; count=10; pos=0.11,物流,10,https://www.delica.co.jp | https://www.delica.co.jp/company/ | https://www.delica.co.jp/business/,Consumer Defensive,Packaged Foods,https://www.delica.co.jp
3,3393,"Startia Holdings,Inc.",IT関連,デジタル・サービス,94,98,95,主力テーマ,A,ok,industry=Information Technology Services; direct=information technology; growth=focuses/investment; official=IT; count=7; pos=0.05,IT,7,https://www.startiaholdings.com,Technology,Information Technology Services,https://www.startiaholdings.com
3,3393,"Startia Holdings,Inc.",SaaS,デジタル・サービス,92,98,94,主力テーマ,A,ok,direct=saas; position=0.16; growth=focuses/investment; official=SaaS; count=1; pos=0.52,SaaS,1,https://www.startiaholdings.com,Technology,Information Technology Services,https://www.startiaholdings.com
3,3393,"Startia Holdings,Inc.",クラウドコンピューティング,デジタル・サービス,72,78,74,有力関連,B,needs_review,adjacent=cloud/saas; growth=focuses/investment; official=クラウド; count=1; pos=0.27,クラウド,1,https://www.startiaholdings.com,Technology,Information Technology Services,https://www.startiaholdings.com
3,3393,"Startia Holdings,Inc.",サブスクリプション,デジタル・サービス,42,42,42,補助関連,C,needs_review,adjacent=saas; growth=focuses/investment,,0,https://www.startiaholdings.com,Technology,Information Technology Services,https://www.startiaholdings.com
3,3393,"Startia Holdings,Inc.",教育ICT,デジタル・サービス,8,5,7,ノイズ候補,C,needs_review,事業概要に直接根拠を確認できず,,0,https://www.startiaholdings.com,Technology,Information Technology Services,https://www.startiaholdings.com
3,3395,"Saint Marc Holdings Co., Ltd.",外食,内需・消費,94,86,92,主力テーマ,A,ok,industry=Restaurants; direct=restaurant; position=0.32; official=外食; count=3; pos=0.29,外食,3,https://www.saint-marc-hd.com,Consumer Cyclical,Restaurants,https://www.saint-marc-hd.com
3,3395,"Saint Marc Holdings Co., Ltd.",小売り,内需・消費,8,5,7,ノイズ候補,C,needs_review,事業概要に直接根拠を確認できず,,0,https://www.saint-marc-hd.com,Consumer Cyclical,Restaurants,https://www.saint-marc-hd.com
3,3396,Felissimo Corporation,小売り,内需・消費,42,30,38,ノイズ候補,C,needs_review,adjacent=retail,,0,https://www.felissimo.co.jp | https://www.felissimo.co.jp/company/company_cy.html?tid=bnv_COMPANY | https://www.felissimo.co.jp/gift?tid=mbn_fc_GIFT,Consumer Cyclical,Internet Retail,https://www.felissimo.co.jp
3,3397,TORIDOLL Holdings Corporation,外食,内需・消費,94,86,92,主力テーマ,A,ok,industry=Restaurants; direct=restaurant; position=0.09,,0,https://www.toridoll.com,Consumer Cyclical,Restaurants,https://www.toridoll.com
3,3397,TORIDOLL Holdings Corporation,小売り,内需・消費,8,5,7,ノイズ候補,C,needs_review,事業概要に直接根拠を確認できず,,0,https://www.toridoll.com,Consumer Cyclical,Restaurants,https://www.toridoll.com
3,3399,Maruchiyo Yamaokaya Corporation,外食,内需・消費,94,86,92,主力テーマ,A,ok,industry=Restaurants; direct=restaurant; position=0.24,,0,https://www.yamaokaya.com | https://www.yamaokaya.com/service_tickets/ | https://www.yamaokaya.com/pickup/%e3%80%90%e7%85%ae%e5%b9%b2%e3%81%97%e3%83%a9%e3%83%bc%e3%83%a1%e3%83%b3%e5%b1%b1%e5%b2%a1%e5%ae%b6%e3%80%91%e5%86%b7%e3%82%84%e3%81%97%e9%af%9b%e7%85%ae%e5%b9%b2%e3%81%97%e3%83%a9%e3%83%bc%e3%83%a1-5/,Consumer Cyclical,Restaurants,https://www.yamaokaya.com
3,339A,"Progress Technologies Group, Inc.",IT関連,デジタル・サービス,94,98,95,主力テーマ,A,ok,industry=Information Technology Services; direct=information technology; growth=development/research; official=IT; count=1; pos=0.53,IT,1,https://www.progresstech-group.jp,Technology,Information Technology Services,https://www.progresstech-group.jp
3,339A,"Progress Technologies Group, Inc.",デジタルトランスフォーメーション,デジタル・サービス,82,86,83,主力テーマ,B,ok,direct=digitalization; position=0.45; growth=development/research,,0,https://www.progresstech-group.jp,Technology,Information Technology Services,https://www.progresstech-group.jp
3,3401,Teijin Limited,3Dプリンター,設備投資・機械,8,5,7,ノイズ候補,C,needs_review,事業概要に直接根拠を確認できず,,0,https://www.teijin.com,Industrials,Conglomerates,https://www.teijin.com
3,3401,Teijin Limited,スマートグリッド,データセンター・電力,8,5,7,ノイズ候補,C,needs_review,事業概要に直接根拠を確認できず,,0,https://www.teijin.com,Industrials,Conglomerates,https://www.teijin.com
3,3401,Teijin Limited,介護関連,医療・ヘルスケア,8,5,7,ノイズ候補,C,needs_review,事業概要に直接根拠を確認できず,,0,https://www.teijin.com,Industrials,Conglomerates,https://www.teijin.com
3,3401,Teijin Limited,再生医療,医療・ヘルスケア,8,5,7,ノイズ候補,C,needs_review,事業概要に直接根拠を確認できず,,0,https://www.teijin.com,Industrials,Conglomerates,https://www.teijin.com
3,3401,Teijin Limited,医療機器,医療・ヘルスケア,58,56,57,補助関連,C,needs_review,direct=medical device; position=0.79; growth=develops,,0,https://www.teijin.com,Industrials,Conglomerates,https://www.teijin.com
3,3401,Teijin Limited,医薬品関連,医療・ヘルスケア,66,66,66,有力関連,B,qa_borderline,direct=pharmaceutical/pharma; position=0.50; growth=develops,,0,https://www.teijin.com,Industrials,Conglomerates,https://www.teijin.com
3,3401,Teijin Limited,半導体部材・部品,AI・半導体,8,5,7,ノイズ候補,C,needs_review,事業概要に直接根拠を確認できず,,0,https://www.teijin.com,Industrials,Conglomerates,https://www.teijin.com
3,3401,Teijin Limited,宇宙開発関連,防衛・国土強靱化,8,5,7,ノイズ候補,C,needs_review,事業概要に直接根拠を確認できず,,0,https://www.teijin.com,Industrials,Conglomerates,https://www.teijin.com
3,3401,Teijin Limited,自動車軽量化,自動車・モビリティ,8,5,7,ノイズ候補,C,needs_review,事業概要に直接根拠を確認できず,,0,https://www.teijin.com,Industrials,Conglomerates,https://www.teijin.com
3,3401,Teijin Limited,風力発電,GX・エネルギー,8,5,7,ノイズ候補,C,needs_review,事業概要に直接根拠を確認できず,,0,https://www.teijin.com,Industrials,Conglomerates,https://www.teijin.com
3,3402,"Toray Industries, Inc.",3Dプリンター,設備投資・機械,8,5,7,ノイズ候補,C,needs_review,事業概要に直接根拠を確認できず,,0,https://www.toray.co.jp,Consumer Cyclical,Textile Manufacturing,https://www.toray.co.jp
3,3402,"Toray Industries, Inc.",スマートグリッド,データセンター・電力,8,5,7,ノイズ候補,C,needs_review,事業概要に直接根拠を確認できず,,0,https://www.toray.co.jp,Consumer Cyclical,Textile Manufacturing,https://www.toray.co.jp
3,3402,"Toray Industries, Inc.",ドローン,防衛・国土強靱化,8,5,7,ノイズ候補,C,needs_review,事業概要に直接根拠を確認できず,,0,https://www.toray.co.jp,Consumer Cyclical,Textile Manufacturing,https://www.toray.co.jp
3,3402,"Toray Industries, Inc.",ホームヘルスケア,医療・ヘルスケア,8,5,7,ノイズ候補,C,needs_review,事業概要に直接根拠を確認できず,,0,https://www.toray.co.jp,Consumer Cyclical,Textile Manufacturing,https://www.toray.co.jp
3,3402,"Toray Industries, Inc.",光ファイバー,データセンター・電力,8,5,7,ノイズ候補,C,needs_review,事業概要に直接根拠を確認できず,,0,https://www.toray.co.jp,Consumer Cyclical,Textile Manufacturing,https://www.toray.co.jp
3,3402,"Toray Industries, Inc.",全固体電池,自動車・モビリティ,8,5,7,ノイズ候補,C,needs_review,事業概要に直接根拠を確認できず,,0,https://www.toray.co.jp,Consumer Cyclical,Textile Manufacturing,https://www.toray.co.jp
3,3402,"Toray Industries, Inc.",医療機器,医療・ヘルスケア,82,74,80,主力テーマ,B,ok,direct=medical device; position=0.50,,0,https://www.toray.co.jp,Consumer Cyclical,Textile Manufacturing,https://www.toray.co.jp
3,3402,"Toray Industries, Inc.",医薬品関連,医療・ヘルスケア,87,79,85,主力テーマ,A,ok,direct=pharmaceutical/pharma; position=0.49,,0,https://www.toray.co.jp,Consumer Cyclical,Textile Manufacturing,https://www.toray.co.jp
3,3402,"Toray Industries, Inc.",半導体製造装置,AI・半導体,42,30,38,ノイズ候補,C,needs_review,adjacent=semiconductor,,0,https://www.toray.co.jp,Consumer Cyclical,Textile Manufacturing,https://www.toray.co.jp
3,3402,"Toray Industries, Inc.",宇宙開発関連,防衛・国土強靱化,8,5,7,ノイズ候補,C,needs_review,事業概要に直接根拠を確認できず,,0,https://www.toray.co.jp,Consumer Cyclical,Textile Manufacturing,https://www.toray.co.jp
3,3402,"Toray Industries, Inc.",水素,GX・エネルギー,8,5,7,ノイズ候補,C,needs_review,事業概要に直接根拠を確認できず,,0,https://www.toray.co.jp,Consumer Cyclical,Textile Manufacturing,https://www.toray.co.jp
3,3402,"Toray Industries, Inc.",水道関連,防衛・国土強靱化,92,84,90,主力テーマ,A,ok,direct=water treatment; position=0.09,,0,https://www.toray.co.jp,Consumer Cyclical,Textile Manufacturing,https://www.toray.co.jp
3,3402,"Toray Industries, Inc.",空飛ぶクルマ,自動車・モビリティ,8,5,7,ノイズ候補,C,needs_review,事業概要に直接根拠を確認できず,,0,https://www.toray.co.jp,Consumer Cyclical,Textile Manufacturing,https://www.toray.co.jp
3,3402,"Toray Industries, Inc.",自動車軽量化,自動車・モビリティ,8,5,7,ノイズ候補,C,needs_review,事業概要に直接根拠を確認できず,,0,https://www.toray.co.jp,Consumer Cyclical,Textile Manufacturing,https://www.toray.co.jp
3,3402,"Toray Industries, Inc.",自動車部材・部品,自動車・モビリティ,8,5,7,ノイズ候補,C,needs_review,事業概要に直接根拠を確認できず,,0,https://www.toray.co.jp,Consumer Cyclical,Textile Manufacturing,https://www.toray.co.jp
3,3402,"Toray Industries, Inc.",風力発電,GX・エネルギー,8,5,7,ノイズ候補,C,needs_review,事業概要に直接根拠を確認できず,,0,https://www.toray.co.jp,Consumer Cyclical,Textile Manufacturing,https://www.toray.co.jp
3,3405,"Kuraray Co., Ltd.",全固体電池,自動車・モビリティ,8,5,7,ノイズ候補,C,needs_review,事業概要に直接根拠を確認できず,,0,https://www.kuraray.com | https://www.kuraray.com/global-en/company/ | https://www.kuraray.com/global-en/sustainability/3p/psa/,Basic Materials,Chemicals,https://www.kuraray.com
3,3405,"Kuraray Co., Ltd.",自動車部材・部品,自動車・モビリティ,42,30,38,ノイズ候補,C,needs_review,adjacent=automotive,,0,https://www.kuraray.com | https://www.kuraray.com/global-en/company/ | https://www.kuraray.com/global-en/sustainability/3p/psa/,Basic Materials,Chemicals,https://www.kuraray.com
3,3405,"Kuraray Co., Ltd.",防衛,防衛・国土強靱化,8,5,7,ノイズ候補,C,needs_review,事業概要に直接根拠を確認できず,,0,https://www.kuraray.com | https://www.kuraray.com/global-en/company/ | https://www.kuraray.com/global-en/sustainability/3p/psa/,Basic Materials,Chemicals,https://www.kuraray.com
3,3407,Asahi Kasei Corporation,アンモニア,GX・エネルギー,8,5,7,ノイズ候補,C,needs_review,事業概要に直接根拠を確認できず,,0,https://www.asahi-kasei.com | https://www.asahi-kasei.com/company/about | https://www.asahi-kasei.com/company/business,Industrials,Conglomerates,https://www.asahi-kasei.com
3,3407,Asahi Kasei Corporation,スマートグリッド,データセンター・電力,8,5,7,ノイズ候補,C,needs_review,事業概要に直接根拠を確認できず,,0,https://www.asahi-kasei.com | https://www.asahi-kasei.com/company/about | https://www.asahi-kasei.com/company/business,Industrials,Conglomerates,https://www.asahi-kasei.com
3,3407,Asahi Kasei Corporation,マンション関連,不動産・建設,58,46,54,補助関連,C,needs_review,direct=apartment building; position=0.81,,0,https://www.asahi-kasei.com | https://www.asahi-kasei.com/company/about | https://www.asahi-kasei.com/company/business,Industrials,Conglomerates,https://www.asahi-kasei.com
3,3407,Asahi Kasei Corporation,光ファイバー,データセンター・電力,86,78,84,主力テーマ,B,ok,direct=optical fiber; position=0.21,,0,https://www.asahi-kasei.com | https://www.asahi-kasei.com/company/about | https://www.asahi-kasei.com/company/business,Industrials,Conglomerates,https://www.asahi-kasei.com
3,3407,Asahi Kasei Corporation,全固体電池,自動車・モビリティ,8,5,7,ノイズ候補,C,needs_review,事業概要に直接根拠を確認できず,,0,https://www.asahi-kasei.com | https://www.asahi-kasei.com/company/about | https://www.asahi-kasei.com/company/business,Industrials,Conglomerates,https://www.asahi-kasei.com
3,3407,Asahi Kasei Corporation,医療機器,医療・ヘルスケア,8,5,7,ノイズ候補,C,needs_review,事業概要に直接根拠を確認できず,,0,https://www.asahi-kasei.com | https://www.asahi-kasei.com/company/about | https://www.asahi-kasei.com/company/business,Industrials,Conglomerates,https://www.asahi-kasei.com
3,3407,Asahi Kasei Corporation,医薬品関連,医療・ヘルスケア,66,56,63,有力関連,B,qa_borderline,direct=pharmaceutical/pharma; position=0.57,,0,https://www.asahi-kasei.com | https://www.asahi-kasei.com/company/about | https://www.asahi-kasei.com/company/business,Industrials,Conglomerates,https://www.asahi-kasei.com
3,3407,Asahi Kasei Corporation,半導体部材・部品,AI・半導体,92,84,90,主力テーマ,A,ok,direct=photoresist; position=0.16,,0,https://www.asahi-kasei.com | https://www.asahi-kasei.com/company/about | https://www.asahi-kasei.com/company/business,Industrials,Conglomerates,https://www.asahi-kasei.com
3,3407,Asahi Kasei Corporation,水素,GX・エネルギー,42,30,38,ノイズ候補,C,needs_review,adjacent=hydrogen,,0,https://www.asahi-kasei.com | https://www.asahi-kasei.com/company/about | https://www.asahi-kasei.com/company/business,Industrials,Conglomerates,https://www.asahi-kasei.com
3,3407,Asahi Kasei Corporation,脱炭素,GX・エネルギー,42,30,38,ノイズ候補,C,needs_review,adjacent=renewable energy,,0,https://www.asahi-kasei.com | https://www.asahi-kasei.com/company/about | https://www.asahi-kasei.com/company/business,Industrials,Conglomerates,https://www.asahi-kasei.com
3,3407,Asahi Kasei Corporation,自動車部材・部品,自動車・モビリティ,8,5,7,ノイズ候補,C,needs_review,事業概要に直接根拠を確認できず,,0,https://www.asahi-kasei.com | https://www.asahi-kasei.com/company/about | https://www.asahi-kasei.com/company/business,Industrials,Conglomerates,https://www.asahi-kasei.com
3,3407,Asahi Kasei Corporation,自動運転車,自動車・モビリティ,8,5,7,ノイズ候補,C,needs_review,事業概要に直接根拠を確認できず,,0,https://www.asahi-kasei.com | https://www.asahi-kasei.com/company/about | https://www.asahi-kasei.com/company/business,Industrials,Conglomerates,https://www.asahi-kasei.com
3,3407,Asahi Kasei Corporation,防衛,防衛・国土強靱化,8,5,7,ノイズ候補,C,needs_review,事業概要に直接根拠を確認できず,,0,https://www.asahi-kasei.com | https://www.asahi-kasei.com/company/about | https://www.asahi-kasei.com/company/business,Industrials,Conglomerates,https://www.asahi-kasei.com
3,3407,Asahi Kasei Corporation,電気自動車関連,自動車・モビリティ,92,90,91,主力テーマ,A,official_site_supported,事業概要に直接根拠を確認できず; official=EV; count=11; pos=0.15,EV,11,https://www.asahi-kasei.com | https://www.asahi-kasei.com/company/about | https://www.asahi-kasei.com/company/business,Industrials,Conglomerates,https://www.asahi-kasei.com
3,340A,"zig-zag,Inc.",IT関連,デジタル・サービス,58,54,57,補助関連,C,needs_review,事業概要に直接根拠を確認できず; official=IT; count=4; pos=0.01,IT,4,https://www.zig-zag.co.jp | https://www.zig-zag.co.jp/service/ | https://www.zig-zag.co.jp/event/20260930-seminar/,Industrials,Specialty Business Services,https://www.zig-zag.co.jp
3,340A,"zig-zag,Inc.",eコマース,内需・消費,92,90,91,主力テーマ,A,ok,direct=e-commerce; position=0.18; official=EC/eコマース; count=58; pos=0.01,EC | eコマース,58,https://www.zig-zag.co.jp | https://www.zig-zag.co.jp/service/ | https://www.zig-zag.co.jp/event/20260930-seminar/,Industrials,Specialty Business Services,https://www.zig-zag.co.jp
3,340A,"zig-zag,Inc.",物流,物流・海運,58,54,57,補助関連,C,needs_review,事業概要に直接根拠を確認できず; official=物流; count=2; pos=0.10,物流,2,https://www.zig-zag.co.jp | https://www.zig-zag.co.jp/service/ | https://www.zig-zag.co.jp/event/20260930-seminar/,Industrials,Specialty Business Services,https://www.zig-zag.co.jp
3,3418,"Balnibarbi Co.,Ltd.",外食,内需・消費,97,99,98,主力テーマ,A,ok,industry=Restaurants; direct=restaurant/dining business; position=0.05; growth=development,,0,https://www.balnibarbi.com | https://www.balnibarbi.com/about/ | https://www.balnibarbi.com/about/outline.php,Consumer Cyclical,Restaurants,https://www.balnibarbi.com
3,341A,TOYOKOH Inc.,国土強靱化,防衛・国土強靱化,8,5,7,ノイズ候補,C,needs_review,事業概要に直接根拠を確認できず,,0,https://www.toyokoh.com | https://www.toyokoh.com/about/ | https://www.toyokoh.com/news/20260820-2/,Industrials,Engineering & Construction,https://www.toyokoh.com
3,341A,TOYOKOH Inc.,建設,不動産・建設,90,82,88,主力テーマ,A,ok,industry=Engineering & Construction; adjacent=construction; official=建設; count=12; pos=0.08,建設,12,https://www.toyokoh.com | https://www.toyokoh.com/about/ | https://www.toyokoh.com/news/20260820-2/,Industrials,Engineering & Construction,https://www.toyokoh.com
3,341A,TOYOKOH Inc.,省エネ関連,GX・エネルギー,8,5,7,ノイズ候補,C,needs_review,事業概要に直接根拠を確認できず,,0,https://www.toyokoh.com | https://www.toyokoh.com/about/ | https://www.toyokoh.com/news/20260820-2/,Industrials,Engineering & Construction,https://www.toyokoh.com
3,3420,KFC Ltd,建設,不動産・建設,91,93,92,主力テーマ,A,ok,direct=civil engineering/engineering and construction; position=0.24; growth=develops; official=建設; count=18; pos=0.03,建設,18,https://www.kfc-net.co.jp | https://www.kfc-net.co.jp/company/ | https://www.kfc-net.co.jp/company/profile,Industrials,Conglomerates,https://www.kfc-net.co.jp
3,3420,KFC Ltd,耐震化,防衛・国土強靱化,92,98,94,主力テーマ,A,official_site_supported,adjacent=reinforcement; growth=develops; official=耐震/耐震補強; count=7; pos=0.26,耐震 | 耐震補強,7,https://www.kfc-net.co.jp | https://www.kfc-net.co.jp/company/ | https://www.kfc-net.co.jp/company/profile,Industrials,Conglomerates,https://www.kfc-net.co.jp
3,3420,KFC Ltd,防災,防衛・国土強靱化,72,78,74,有力関連,B,needs_review,direct=disaster prevention; position=0.91; growth=develops; official=防災; count=1; pos=0.89,防災,1,https://www.kfc-net.co.jp | https://www.kfc-net.co.jp/company/ | https://www.kfc-net.co.jp/company/profile,Industrials,Conglomerates,https://www.kfc-net.co.jp
3,3421,"Inaba Seisakusho Co., Ltd.",住宅関連,不動産・建設,8,5,7,ノイズ候補,C,needs_review,事業概要に直接根拠を確認できず,,0,https://www.inaba-ss.co.jp | https://www.inaba-ss.co.jp/ir/jigyou/ | https://www.inaba-ss.co.jp/recruit/location/,Consumer Cyclical,"Furnishings, Fixtures & Appliances",https://www.inaba-ss.co.jp
3,3421,"Inaba Seisakusho Co., Ltd.",防災,防衛・国土強靱化,8,5,7,ノイズ候補,C,needs_review,事業概要に直接根拠を確認できず,,0,https://www.inaba-ss.co.jp | https://www.inaba-ss.co.jp/ir/jigyou/ | https://www.inaba-ss.co.jp/recruit/location/,Consumer Cyclical,"Furnishings, Fixtures & Appliances",https://www.inaba-ss.co.jp
3,3422,"J-MAX Co.,Ltd.",自動車部材・部品,自動車・モビリティ,97,89,95,主力テーマ,A,ok,direct=automotive parts/auto parts; position=0.17; official=自動車部品; count=1; pos=0.02,自動車部品,1,https://www.jp-jmax.co.jp,Consumer Cyclical,Auto Parts,https://www.jp-jmax.co.jp
3,3422,"J-MAX Co.,Ltd.",電気自動車関連,自動車・モビリティ,8,5,7,ノイズ候補,C,needs_review,事業概要に直接根拠を確認できず,,0,https://www.jp-jmax.co.jp,Consumer Cyclical,Auto Parts,https://www.jp-jmax.co.jp
3,3423,SE Corporation,国土強靱化,防衛・国土強靱化,46,44,45,補助関連,C,needs_review,adjacent=bridge/tunnel; growth=development,,0,https://www.se-corp.com | https://www.se-corp.com/ja/company.html | https://www.se-corp.com/ja/business.html,Industrials,Engineering & Construction,https://www.se-corp.com
3,3423,SE Corporation,耐震化,防衛・国土強靱化,92,94,93,主力テーマ,A,ok,direct=seismic reinforcement; position=0.16; growth=development,,0,https://www.se-corp.com | https://www.se-corp.com/ja/company.html | https://www.se-corp.com/ja/business.html,Industrials,Engineering & Construction,https://www.se-corp.com
3,3423,SE Corporation,防災,防衛・国土強靱化,92,98,94,主力テーマ,A,ok,direct=disaster prevention; position=0.10; growth=development; official=防災; count=3; pos=0.17,防災,3,https://www.se-corp.com | https://www.se-corp.com/ja/company.html | https://www.se-corp.com/ja/business.html,Industrials,Engineering & Construction,https://www.se-corp.com
3,3426,"Atom Livin Tech Co., Ltd.",住宅関連,不動産・建設,58,56,57,補助関連,C,needs_review,direct=house builder; position=0.84; growth=develops,,0,https://www.atomlt.com | https://www.atomlt.com/showroom/ | https://www.atomlt.com/company/products/,Industrials,Building Products & Equipment,https://www.atomlt.com
3,3426,"Atom Livin Tech Co., Ltd.",防災,防衛・国土強靱化,8,5,7,ノイズ候補,C,needs_review,事業概要に直接根拠を確認できず,,0,https://www.atomlt.com | https://www.atomlt.com/showroom/ | https://www.atomlt.com/company/products/,Industrials,Building Products & Equipment,https://www.atomlt.com
3,3431,"Miyaji Engineering Group,Inc.",国土強靱化,防衛・国土強靱化,46,34,42,補助関連,C,needs_review,adjacent=civil engineering/bridge,,0,https://www.miyaji-eng.com,Industrials,Engineering & Construction,https://www.miyaji-eng.com
3,3431,"Miyaji Engineering Group,Inc.",建設,不動産・建設,94,86,92,主力テーマ,A,ok,industry=Engineering & Construction; direct=civil engineering; position=0.12,,0,https://www.miyaji-eng.com,Industrials,Engineering & Construction,https://www.miyaji-eng.com
3,3433,"TOCALO Co.,Ltd.",スマートグリッド,データセンター・電力,8,5,7,ノイズ候補,C,needs_review,事業概要に直接根拠を確認できず,,0,https://www.tocalo.co.jp | https://www.tocalo.co.jp/ja/company.html | https://www.tocalo.co.jp/ja/sustainability.html,Industrials,Specialty Business Services,https://www.tocalo.co.jp
3,3433,"TOCALO Co.,Ltd.",半導体製造装置,AI・半導体,42,40,41,補助関連,C,needs_review,adjacent=semiconductor; growth=develops,,0,https://www.tocalo.co.jp | https://www.tocalo.co.jp/ja/company.html | https://www.tocalo.co.jp/ja/sustainability.html,Industrials,Specialty Business Services,https://www.tocalo.co.jp
3,3434,ALPHA Corporation,自動車部材・部品,自動車・モビリティ,82,84,83,主力テーマ,B,ok,direct=auto parts; growth=develops,,0,https://www.kk-alpha.com,Consumer Cyclical,Auto Parts,https://www.kk-alpha.com
3,3435,"Sanko Techno Co., Ltd.",機械,設備投資・機械,46,48,47,補助関連,C,needs_review,adjacent=equipment/machine; growth=develops/development; official=機械; count=1; pos=0.75,機械,1,https://sanko-techno.co.jp | https://sanko-techno.co.jp/overview | https://sanko-techno.co.jp/philosophy?target=fastening_title,Industrials,Metal Fabrication,https://sanko-techno.co.jp
3,3435,"Sanko Techno Co., Ltd.",耐震化,防衛・国土強靱化,85,91,87,主力テーマ,A,official_site_supported,adjacent=reinforcement/earthquake; growth=develops/development; official=耐震/耐震補強; count=4; pos=0.52,耐震 | 耐震補強,4,https://sanko-techno.co.jp | https://sanko-techno.co.jp/overview | https://sanko-techno.co.jp/philosophy?target=fastening_title,Industrials,Metal Fabrication,https://sanko-techno.co.jp
3,3435,"Sanko Techno Co., Ltd.",防災,防衛・国土強靱化,8,5,7,ノイズ候補,C,needs_review,事業概要に直接根拠を確認できず,,0,https://sanko-techno.co.jp | https://sanko-techno.co.jp/overview | https://sanko-techno.co.jp/philosophy?target=fastening_title,Industrials,Metal Fabrication,https://sanko-techno.co.jp
3,3436,Sumco Corporation,半導体,AI・半導体,94,100,96,主力テーマ,A,ok,industry=Semiconductor Equipment & Materials; direct=semiconductor; position=0.15; official=半導体; count=7; pos=0.31,半導体,7,https://www.sumcosi.com,Technology,Semiconductor Equipment & Materials,https://www.sumcosi.com
3,3436,Sumco Corporation,半導体部材・部品,AI・半導体,92,84,90,主力テーマ,A,ok,direct=silicon wafer; position=0.10,,0,https://www.sumcosi.com,Technology,Semiconductor Equipment & Materials,https://www.sumcosi.com
3,3437,"Tokuden Co., Ltd.",自動車製造装置,自動車・モビリティ,8,5,7,ノイズ候補,C,needs_review,事業概要に直接根拠を確認できず,,0,https://www.tokuden.co.jp | https://www.tokuden.co.jp/strength/ | https://www.tokuden.co.jp/branch/,Industrials,Specialty Industrial Machinery,https://www.tokuden.co.jp
3,3439,Mitsuchi Corporation,自動車部材・部品,自動車・モビリティ,97,89,95,主力テーマ,A,ok,direct=automotive components/auto parts; position=0.10,,0,https://www.mitsuchi.co.jp,Consumer Cyclical,Auto Parts,https://www.mitsuchi.co.jp
3,343A,IACE TRAVEL Corporation.,IT関連,デジタル・サービス,8,5,7,ノイズ候補,C,needs_review,事業概要に直接根拠を確認できず,,0,https://www.iace.co.jp,Consumer Cyclical,Travel Services,https://www.iace.co.jp
3,343A,IACE TRAVEL Corporation.,SaaS,デジタル・サービス,8,5,7,ノイズ候補,C,needs_review,事業概要に直接根拠を確認できず,,0,https://www.iace.co.jp,Consumer Cyclical,Travel Services,https://www.iace.co.jp
3,343A,IACE TRAVEL Corporation.,クラウドコンピューティング,デジタル・サービス,42,30,38,ノイズ候補,C,needs_review,adjacent=cloud,,0,https://www.iace.co.jp,Consumer Cyclical,Travel Services,https://www.iace.co.jp
3,343A,IACE TRAVEL Corporation.,旅行,内需・消費,100,92,98,主力テーマ,A,ok,direct=travel agency/travel services/travel business; position=0.06,,0,https://www.iace.co.jp,Consumer Cyclical,Travel Services,https://www.iace.co.jp
3,3440,"NISSO GROUP Co.,Ltd.",太陽光発電関連,GX・エネルギー,66,66,66,有力関連,B,qa_borderline,direct=solar power; position=0.58; growth=development,,0,https://www.nissogroup.com | https://www.nissogroup.com/company | https://www.nissogroup.com/company/c_info,Industrials,Conglomerates,https://www.nissogroup.com
3,3440,"NISSO GROUP Co.,Ltd.",建設,不動産・建設,92,94,93,主力テーマ,A,ok,direct=construction business; position=0.19; growth=development; official=建設; count=1; pos=0.34,建設,1,https://www.nissogroup.com | https://www.nissogroup.com/company | https://www.nissogroup.com/company/c_info,Industrials,Conglomerates,https://www.nissogroup.com
3,3441,"SANNO Co., Ltd.",フィジカルAI,AI・半導体,8,5,7,ノイズ候補,C,needs_review,事業概要に直接根拠を確認できず,,0,https://www.sanno.co.jp,Industrials,Metal Fabrication,https://www.sanno.co.jp
3,3441,"SANNO Co., Ltd.",ロボット,AI・半導体,8,5,7,ノイズ候補,C,needs_review,事業概要に直接根拠を確認できず,,0,https://www.sanno.co.jp,Industrials,Metal Fabrication,https://www.sanno.co.jp
3,3441,"SANNO Co., Ltd.",水素,GX・エネルギー,8,5,7,ノイズ候補,C,needs_review,事業概要に直接根拠を確認できず,,0,https://www.sanno.co.jp,Industrials,Metal Fabrication,https://www.sanno.co.jp
3,3441,"SANNO Co., Ltd.",自動車部材・部品,自動車・モビリティ,8,5,7,ノイズ候補,C,needs_review,事業概要に直接根拠を確認できず,,0,https://www.sanno.co.jp,Industrials,Metal Fabrication,https://www.sanno.co.jp
3,3443,"Kawada Technologies, Inc.",FA関連,設備投資・機械,8,5,7,ノイズ候補,C,needs_review,事業概要に直接根拠を確認できず,,0,https://www.kawada.jp,Industrials,Engineering & Construction,https://www.kawada.jp
3,3443,"Kawada Technologies, Inc.",サービスロボット,設備投資・機械,42,40,41,補助関連,C,needs_review,adjacent=robot; growth=expansion,,0,https://www.kawada.jp,Industrials,Engineering & Construction,https://www.kawada.jp
3,3443,"Kawada Technologies, Inc.",ドローン,防衛・国土強靱化,8,5,7,ノイズ候補,C,needs_review,事業概要に直接根拠を確認できず,,0,https://www.kawada.jp,Industrials,Engineering & Construction,https://www.kawada.jp
3,3443,"Kawada Technologies, Inc.",フィジカルAI,AI・半導体,42,40,41,補助関連,C,needs_review,adjacent=robot; growth=expansion,,0,https://www.kawada.jp,Industrials,Engineering & Construction,https://www.kawada.jp
3,3443,"Kawada Technologies, Inc.",ロボット,AI・半導体,58,56,57,補助関連,C,needs_review,direct=robot; position=0.66; growth=expansion,,0,https://www.kawada.jp,Industrials,Engineering & Construction,https://www.kawada.jp
3,3443,"Kawada Technologies, Inc.",国土強靱化,防衛・国土強靱化,46,44,45,補助関連,C,needs_review,adjacent=civil engineering/bridge; growth=expansion,,0,https://www.kawada.jp,Industrials,Engineering & Construction,https://www.kawada.jp
3,3443,"Kawada Technologies, Inc.",航空,物流・海運,8,5,7,ノイズ候補,C,needs_review,事業概要に直接根拠を確認できず,,0,https://www.kawada.jp,Industrials,Engineering & Construction,https://www.kawada.jp
3,3444,"Kikuchi Seisakusho Co., Ltd.",サービスロボット,設備投資・機械,42,30,38,ノイズ候補,C,needs_review,adjacent=robot,,0,https://www.kikuchiseisakusho.co.jp,Industrials,Specialty Industrial Machinery,https://www.kikuchiseisakusho.co.jp
3,3444,"Kikuchi Seisakusho Co., Ltd.",ドローン,防衛・国土強靱化,8,5,7,ノイズ候補,C,needs_review,事業概要に直接根拠を確認できず,,0,https://www.kikuchiseisakusho.co.jp,Industrials,Specialty Industrial Machinery,https://www.kikuchiseisakusho.co.jp
3,3444,"Kikuchi Seisakusho Co., Ltd.",フィジカルAI,AI・半導体,42,30,38,ノイズ候補,C,needs_review,adjacent=robot,,0,https://www.kikuchiseisakusho.co.jp,Industrials,Specialty Industrial Machinery,https://www.kikuchiseisakusho.co.jp
3,3444,"Kikuchi Seisakusho Co., Ltd.",ロボット,AI・半導体,86,78,84,主力テーマ,B,ok,direct=robot; position=0.37,,0,https://www.kikuchiseisakusho.co.jp,Industrials,Specialty Industrial Machinery,https://www.kikuchiseisakusho.co.jp
3,3445,"RS Technologies Co., Ltd.",半導体,AI・半導体,94,86,92,主力テーマ,A,ok,industry=Semiconductors; direct=semiconductor; position=0.26,,0,https://www.rs-tec.jp,Technology,Semiconductors,https://www.rs-tec.jp
3,3445,"RS Technologies Co., Ltd.",半導体製造装置,AI・半導体,87,79,85,主力テーマ,A,ok,direct=semiconductor manufacturing equipment/semiconductor equipment; position=0.44,,0,https://www.rs-tec.jp,Technology,Semiconductors,https://www.rs-tec.jp
3,3445,"RS Technologies Co., Ltd.",半導体部材・部品,AI・半導体,92,84,90,主力テーマ,A,ok,direct=silicon wafer; position=0.03,,0,https://www.rs-tec.jp,Technology,Semiconductors,https://www.rs-tec.jp
3,3445,"RS Technologies Co., Ltd.",太陽光発電関連,GX・エネルギー,58,46,54,補助関連,C,needs_review,direct=solar power; position=0.75,,0,https://www.rs-tec.jp,Technology,Semiconductors,https://www.rs-tec.jp
3,3446,JTEC Corporation,バイオテクノロジー関連,医療・ヘルスケア,8,5,7,ノイズ候補,C,needs_review,事業概要に直接根拠を確認できず,,0,https://www.j-tec.co.jp | https://www.j-tec.co.jp/company-profile/outline/ | https://www.j-tec.co.jp/business/,Healthcare,Medical Instruments & Supplies,https://www.j-tec.co.jp
3,3446,JTEC Corporation,再生医療,医療・ヘルスケア,85,84,85,主力テーマ,A,ok,direct=regenerative medicine; position=0.48; growth=develops; official=再生医療; count=4; pos=0.25,再生医療,4,https://www.j-tec.co.jp | https://www.j-tec.co.jp/company-profile/outline/ | https://www.j-tec.co.jp/business/,Healthcare,Medical Instruments & Supplies,https://www.j-tec.co.jp
3,3446,JTEC Corporation,半導体製造装置,AI・半導体,8,5,7,ノイズ候補,C,needs_review,事業概要に直接根拠を確認できず,,0,https://www.j-tec.co.jp | https://www.j-tec.co.jp/company-profile/outline/ | https://www.j-tec.co.jp/business/,Healthcare,Medical Instruments & Supplies,https://www.j-tec.co.jp
3,3446,JTEC Corporation,核融合発電,GX・エネルギー,8,5,7,ノイズ候補,C,needs_review,事業概要に直接根拠を確認できず,,0,https://www.j-tec.co.jp | https://www.j-tec.co.jp/company-profile/outline/ | https://www.j-tec.co.jp/business/,Healthcare,Medical Instruments & Supplies,https://www.j-tec.co.jp
3,3447,"Shinwa Co., Ltd.",物流,物流・海運,42,30,38,ノイズ候補,C,needs_review,adjacent=logistics,,0,https://www.shinwa-jp.com,Industrials,Metal Fabrication,https://www.shinwa-jp.com
3,3449,Technoflex Corporation,ロボット,AI・半導体,8,5,7,ノイズ候補,C,needs_review,事業概要に直接根拠を確認できず,,0,https://www.technoflex.co.jp,Industrials,Metal Fabrication,https://www.technoflex.co.jp
3,3449,Technoflex Corporation,介護関連,医療・ヘルスケア,8,5,7,ノイズ候補,C,needs_review,事業概要に直接根拠を確認できず,,0,https://www.technoflex.co.jp,Industrials,Metal Fabrication,https://www.technoflex.co.jp
3,3449,Technoflex Corporation,半導体製造装置,AI・半導体,42,40,41,補助関連,C,needs_review,adjacent=semiconductor; growth=expansion,,0,https://www.technoflex.co.jp,Industrials,Metal Fabrication,https://www.technoflex.co.jp
3,3449,Technoflex Corporation,水道関連,防衛・国土強靱化,72,68,71,有力関連,B,needs_review,adjacent=water pipe; growth=expansion; official=水道; count=2; pos=0.49,水道,2,https://www.technoflex.co.jp,Industrials,Metal Fabrication,https://www.technoflex.co.jp
3,3449,Technoflex Corporation,防災,防衛・国土強靱化,8,5,7,ノイズ候補,C,needs_review,事業概要に直接根拠を確認できず,,0,https://www.technoflex.co.jp,Industrials,Metal Fabrication,https://www.technoflex.co.jp
3,3452,B-Lot Company Limited,ホテル,内需・消費,58,54,57,補助関連,C,needs_review,事業概要に直接根拠を確認できず; official=ホテル; count=2; pos=0.13,ホテル,2,https://www.b-lot.co.jp | https://www.b-lot.co.jp/services.html | https://www.b-lot.co.jp/news/notice/31344,Real Estate,Real Estate Services,https://www.b-lot.co.jp
3,3454,"First Brothers Co.,Ltd.",ホテル,内需・消費,8,5,7,ノイズ候補,C,needs_review,事業概要に直接根拠を確認できず,,0,https://www.firstbrothers.com,Financial Services,Asset Management,https://www.firstbrothers.com
3,3454,"First Brothers Co.,Ltd.",不動産ファンド,不動産・建設,58,56,57,補助関連,C,needs_review,direct=real estate fund; position=0.69; growth=investment,,0,https://www.firstbrothers.com,Financial Services,Asset Management,https://www.firstbrothers.com
3,3454,"First Brothers Co.,Ltd.",不動産関連,不動産・建設,42,40,41,補助関連,C,needs_review,adjacent=real estate; growth=investment,,0,https://www.firstbrothers.com,Financial Services,Asset Management,https://www.firstbrothers.com
3,3457,"&Do Holdings Co.,Ltd.",リース,金融・金利,72,68,71,有力関連,B,needs_review,adjacent=lease; growth=investment; official=リース; count=10; pos=0.23,リース,10,https://www.housedo.co.jp | https://www.housedo.co.jp/service.html | https://www.housedo.co.jp/and-do/business/,Real Estate,Real Estate Services,https://www.housedo.co.jp
3,3457,"&Do Holdings Co.,Ltd.",不動産テック,不動産・建設,8,5,7,ノイズ候補,C,needs_review,事業概要に直接根拠を確認できず,,0,https://www.housedo.co.jp | https://www.housedo.co.jp/service.html | https://www.housedo.co.jp/and-do/business/,Real Estate,Real Estate Services,https://www.housedo.co.jp
3,3457,"&Do Holdings Co.,Ltd.",不動産関連,不動産・建設,90,92,91,主力テーマ,A,ok,industry=Real Estate Services; adjacent=real estate; growth=investment; official=不動産関連/不動産; count=26; pos=0.01,不動産関連 | 不動産,26,https://www.housedo.co.jp | https://www.housedo.co.jp/service.html | https://www.housedo.co.jp/and-do/business/,Real Estate,Real Estate Services,https://www.housedo.co.jp
3,3457,"&Do Holdings Co.,Ltd.",住宅関連,不動産・建設,58,54,57,補助関連,C,needs_review,事業概要に直接根拠を確認できず; official=住宅; count=4; pos=0.42,住宅,4,https://www.housedo.co.jp | https://www.housedo.co.jp/service.html | https://www.housedo.co.jp/and-do/business/,Real Estate,Real Estate Services,https://www.housedo.co.jp
3,3461,"Palma Co., Ltd.",不動産関連,不動産・建設,8,5,7,ノイズ候補,C,needs_review,事業概要に直接根拠を確認できず,,0,https://www.palma.jp,Industrials,Specialty Business Services,https://www.palma.jp
3,3463,Ichigo Hotel REIT Investment Corporation,ホテル,内需・消費,72,68,71,有力関連,B,needs_review,adjacent=hotel; growth=investment; official=ホテル; count=19; pos=0.00,ホテル,19,https://www.ichigo-hotel.co.jp,Real Estate,REIT - Hotel & Motel,https://www.ichigo-hotel.co.jp
3,3465,"Ki-Star Real Estate Co.,Ltd",不動産関連,不動産・建設,90,92,91,主力テーマ,A,ok,industry=Real Estate Services; adjacent=real estate/property management; growth=development,,0,https://www.ki-group.co.jp,Real Estate,Real Estate Services,https://www.ki-group.co.jp
3,3465,"Ki-Star Real Estate Co.,Ltd",住宅関連,不動産・建設,46,44,45,補助関連,C,needs_review,adjacent=housing/residential; growth=development,,0,https://www.ki-group.co.jp,Real Estate,Real Estate Services,https://www.ki-group.co.jp
3,3467,Agratio urban design Inc.,ホテル,内需・消費,42,40,41,補助関連,C,needs_review,adjacent=accommodation; growth=development,,0,https://www.agr-urban.co.jp | https://agr-urban.co.jp/afterservice/ | https://agr-urban.co.jp/lineup/,Real Estate,Real Estate Services,https://www.agr-urban.co.jp
3,3467,Agratio urban design Inc.,マンション関連,不動産・建設,90,89,90,主力テーマ,A,ok,direct=condominium/apartment building; position=0.45; growth=development; official=マンション; count=4; pos=0.11,マンション,4,https://www.agr-urban.co.jp | https://agr-urban.co.jp/afterservice/ | https://agr-urban.co.jp/lineup/,Real Estate,Real Estate Services,https://www.agr-urban.co.jp
3,3467,Agratio urban design Inc.,不動産関連,不動産・建設,90,92,91,主力テーマ,A,ok,industry=Real Estate Services; adjacent=real estate; growth=development; official=不動産; count=1; pos=0.34,不動産,1,https://www.agr-urban.co.jp | https://agr-urban.co.jp/afterservice/ | https://agr-urban.co.jp/lineup/,Real Estate,Real Estate Services,https://www.agr-urban.co.jp
3,3467,Agratio urban design Inc.,住宅関連,不動産・建設,92,94,93,主力テーマ,A,ok,direct=housing business; position=0.06; growth=development; official=住宅; count=26; pos=0.00,住宅,26,https://www.agr-urban.co.jp | https://agr-urban.co.jp/afterservice/ | https://agr-urban.co.jp/lineup/,Real Estate,Real Estate Services,https://www.agr-urban.co.jp
3,3467,Agratio urban design Inc.,耐震化,防衛・国土強靱化,8,5,7,ノイズ候補,C,needs_review,事業概要に直接根拠を確認できず,,0,https://www.agr-urban.co.jp | https://agr-urban.co.jp/afterservice/ | https://agr-urban.co.jp/lineup/,Real Estate,Real Estate Services,https://www.agr-urban.co.jp
3,3469,"Dualtap Co., Ltd.",ホテル,内需・消費,8,5,7,ノイズ候補,C,needs_review,事業概要に直接根拠を確認できず,,0,https://www.dualtap.co.jp | https://www.dualtap.co.jp/company/outline.html | https://www.dualtap.co.jp/ir/irbusiness.html,Real Estate,Real Estate - Diversified,https://www.dualtap.co.jp
3,3469,"Dualtap Co., Ltd.",不動産ファンド,不動産・建設,85,82,84,主力テーマ,B,official_site_supported,adjacent=asset management; growth=develops; official=不動産ファンド/REIT; count=3; pos=0.27,不動産ファンド | REIT,3,https://www.dualtap.co.jp | https://www.dualtap.co.jp/company/outline.html | https://www.dualtap.co.jp/ir/irbusiness.html,Real Estate,Real Estate - Diversified,https://www.dualtap.co.jp
3,3469,"Dualtap Co., Ltd.",不動産関連,不動産・建設,94,96,95,主力テーマ,A,ok,industry=Real Estate - Diversified; direct=real estate business; position=0.06; growth=develops; official=不動産; count=59; pos=0.00,不動産,59,https://www.dualtap.co.jp | https://www.dualtap.co.jp/company/outline.html | https://www.dualtap.co.jp/ir/irbusiness.html,Real Estate,Real Estate - Diversified,https://www.dualtap.co.jp
3,3471,Mitsui Fudosan Logistics Park Inc.,物流,物流・海運,42,40,41,補助関連,C,needs_review,adjacent=logistics; growth=investment,,0,https://www.mflp-r.co.jp,Real Estate,REIT - Diversified,https://www.mflp-r.co.jp
3,3474,"G-Factory Co.,Ltd.",リース,金融・金利,8,5,7,ノイズ候補,C,needs_review,事業概要に直接根拠を確認できず,,0,https://g-fac.jp | https://g-fac.jp/business-support/ | https://g-fac.jp/food-service/,Real Estate,Real Estate Services,https://g-fac.jp
3,3474,"G-Factory Co.,Ltd.",不動産関連,不動産・建設,90,82,88,主力テーマ,A,ok,industry=Real Estate Services; adjacent=real estate,,0,https://g-fac.jp | https://g-fac.jp/business-support/ | https://g-fac.jp/food-service/,Real Estate,Real Estate Services,https://g-fac.jp
3,3474,"G-Factory Co.,Ltd.",外食,内需・消費,86,78,84,主力テーマ,B,ok,direct=restaurant; position=0.26,,0,https://g-fac.jp | https://g-fac.jp/business-support/ | https://g-fac.jp/food-service/,Real Estate,Real Estate Services,https://g-fac.jp
3,3475,"Good Com Asset Co., Ltd.",マンション関連,不動産・建設,92,98,94,主力テーマ,A,ok,direct=condominium; position=0.10; growth=develops/development; official=マンション; count=26; pos=0.02,マンション,26,https://www.goodcomasset.co.jp | https://www.goodcomasset.co.jp/about,Real Estate,Real Estate - Diversified,https://www.goodcomasset.co.jp
3,3475,"Good Com Asset Co., Ltd.",不動産関連,不動産・建設,90,96,92,主力テーマ,A,ok,industry=Real Estate - Diversified; adjacent=real estate/property management; growth=develops/development; official=不動産; count=29; pos=0.04,不動産,29,https://www.goodcomasset.co.jp | https://www.goodcomasset.co.jp/about,Real Estate,Real Estate - Diversified,https://www.goodcomasset.co.jp
3,3477,"FORLIFE Co., Ltd.",不動産関連,不動産・建設,8,5,7,ノイズ候補,C,needs_review,事業概要に直接根拠を確認できず; official=不動産; count=1; pos=0.10,不動産,1,https://www.forlifeand.com | https://www.forlifeand.com/custom/lineup/ | https://www.forlifeand.com/company/profile/,Consumer Cyclical,Residential Construction,https://www.forlifeand.com
3,3477,"FORLIFE Co., Ltd.",住宅関連,不動産・建設,97,89,95,主力テーマ,A,ok,industry=Residential Construction; direct=residential construction/custom-built homes; position=0.11; official=住宅; count=76; pos=0.00,住宅,76,https://www.forlifeand.com | https://www.forlifeand.com/custom/lineup/ | https://www.forlifeand.com/company/profile/,Consumer Cyclical,Residential Construction,https://www.forlifeand.com
3,3479,TKP Corporation,ホテル,内需・消費,46,34,42,補助関連,C,needs_review,adjacent=hotel/accommodation,,0,https://www.tkp.jp,Real Estate,Real Estate Services,https://www.tkp.jp
3,3479,TKP Corporation,不動産関連,不動産・建設,90,82,88,主力テーマ,A,ok,industry=Real Estate Services; adjacent=real estate,,0,https://www.tkp.jp,Real Estate,Real Estate Services,https://www.tkp.jp
3,3481,Mitsubishi Estate Logistics REIT Investment Corporation,物流,物流・海運,42,42,42,補助関連,C,needs_review,adjacent=logistics; growth=focuses/investment,,0,https://www.mel-reit.co.jp,Real Estate,REIT - Industrial,https://www.mel-reit.co.jp
3,3482,Loadstar Capital K.K.,不動産テック,不動産・建設,8,5,7,ノイズ候補,C,needs_review,事業概要に直接根拠を確認できず,,0,https://www.loadstarcapital.com | https://www.loadstarcapital.com/ja/company.html | https://www.loadstarcapital.com/ja/business.html,Real Estate,Real Estate Services,https://www.loadstarcapital.com
3,3482,Loadstar Capital K.K.,不動産関連,不動産・建設,90,94,91,主力テーマ,A,ok,industry=Real Estate Services; adjacent=real estate; growth=development/investment; official=不動産; count=17; pos=0.07,不動産,17,https://www.loadstarcapital.com | https://www.loadstarcapital.com/ja/company.html | https://www.loadstarcapital.com/ja/business.html,Real Estate,Real Estate Services,https://www.loadstarcapital.com
3,3484,"Innovation Holdings CO.,LTD.",不動産関連,不動産・建設,90,82,88,主力テーマ,A,ok,industry=Real Estate Services; adjacent=real estate/property management,,0,https://www.ihd.co.jp,Real Estate,Real Estate Services,https://www.ihd.co.jp
3,3486,Global Link Management Inc.,不動産ファンド,不動産・建設,90,96,92,主力テーマ,A,official_site_supported,事業概要に直接根拠を確認できず; official=不動産ファンド; count=1; pos=0.18,不動産ファンド,1,https://www.global-link-m.com | https://www.global-link-m.com/company/ | https://www.global-link-m.com/company/glm/profile/,Real Estate,Real Estate Services,https://www.global-link-m.com
3,3486,Global Link Management Inc.,不動産関連,不動産・建設,90,94,91,主力テーマ,A,ok,industry=Real Estate Services; adjacent=real estate; growth=development/investment; official=不動産; count=27; pos=0.00,不動産,27,https://www.global-link-m.com | https://www.global-link-m.com/company/ | https://www.global-link-m.com/company/glm/profile/,Real Estate,Real Estate Services,https://www.global-link-m.com
3,3487,"CRE Logistics REIT, Inc.",物流,物流・海運,42,40,41,補助関連,C,needs_review,adjacent=logistics; growth=investment,,0,https://cre-reit.co.jp,Real Estate,REIT - Diversified,https://cre-reit.co.jp
3,3489,"FaithNetwork Co.,Ltd",マンション関連,不動産・建設,66,68,67,有力関連,B,qa_borderline,direct=condominium; position=0.52; growth=develops/investment,,0,https://www.faithnetwork.jp,Real Estate,Real Estate Services,https://www.faithnetwork.jp
3,3489,"FaithNetwork Co.,Ltd",不動産関連,不動産・建設,90,94,91,主力テーマ,A,ok,industry=Real Estate Services; adjacent=real estate; growth=develops/investment,,0,https://www.faithnetwork.jp,Real Estate,Real Estate Services,https://www.faithnetwork.jp
3,3490,"Azplanning Co.,Ltd.",マンション関連,不動産・建設,8,5,7,ノイズ候補,C,needs_review,事業概要に直接根拠を確認できず,,0,https://www.azplan.co.jp | https://www.azplan.co.jp/company/ | https://www.azplan.co.jp/service/,Real Estate,Real Estate Services,https://www.azplan.co.jp
3,3490,"Azplanning Co.,Ltd.",不動産関連,不動産・建設,90,92,91,主力テーマ,A,ok,industry=Real Estate Services; adjacent=real estate; growth=develops; official=不動産; count=63; pos=0.00,不動産,63,https://www.azplan.co.jp | https://www.azplan.co.jp/company/ | https://www.azplan.co.jp/service/,Real Estate,Real Estate Services,https://www.azplan.co.jp
3,3491,"GA technologies Co., Ltd.",SaaS,デジタル・サービス,58,56,57,補助関連,C,needs_review,direct=saas; position=0.82; growth=investment,,0,https://www.ga-tech.co.jp | https://www.ga-tech.co.jp/services/ | https://www.ga-tech.co.jp/company/,Communication Services,Internet Content & Information,https://www.ga-tech.co.jp
3,3491,"GA technologies Co., Ltd.",デジタルトランスフォーメーション,デジタル・サービス,72,68,71,有力関連,B,needs_review,事業概要に直接根拠を確認できず; official=DX; count=2; pos=0.52,DX,2,https://www.ga-tech.co.jp | https://www.ga-tech.co.jp/services/ | https://www.ga-tech.co.jp/company/,Communication Services,Internet Content & Information,https://www.ga-tech.co.jp
3,3491,"GA technologies Co., Ltd.",不動産テック,不動産・建設,72,68,71,有力関連,B,needs_review,direct=proptech; position=0.83; growth=investment; official=不動産テック; count=1; pos=0.49,不動産テック,1,https://www.ga-tech.co.jp | https://www.ga-tech.co.jp/services/ | https://www.ga-tech.co.jp/company/,Communication Services,Internet Content & Information,https://www.ga-tech.co.jp
3,3491,"GA technologies Co., Ltd.",不動産関連,不動産・建設,92,94,93,主力テーマ,A,ok,direct=real estate brokerage; position=0.04; growth=investment; official=不動産; count=22; pos=0.06,不動産,22,https://www.ga-tech.co.jp | https://www.ga-tech.co.jp/services/ | https://www.ga-tech.co.jp/company/,Communication Services,Internet Content & Information,https://www.ga-tech.co.jp
3,3491,"GA technologies Co., Ltd.",人工知能,AI・半導体,92,94,93,主力テーマ,A,ok,direct= ai ; position=0.11; growth=investment; official=AI; count=4; pos=0.19,AI,4,https://www.ga-tech.co.jp | https://www.ga-tech.co.jp/services/ | https://www.ga-tech.co.jp/company/,Communication Services,Internet Content & Information,https://www.ga-tech.co.jp
3,3491,"GA technologies Co., Ltd.",生成AI,AI・半導体,42,40,41,補助関連,C,needs_review,adjacent= ai ; growth=investment,,0,https://www.ga-tech.co.jp | https://www.ga-tech.co.jp/services/ | https://www.ga-tech.co.jp/company/,Communication Services,Internet Content & Information,https://www.ga-tech.co.jp
3,3494,"Mullion Co., Ltd.",不動産ファンド,不動産・建設,8,5,7,ノイズ候補,C,needs_review,事業概要に直接根拠を確認できず,,0,https://www.mullion.co.jp,Real Estate,Real Estate Services,https://www.mullion.co.jp
3,3494,"Mullion Co., Ltd.",不動産関連,不動産・建設,90,82,88,主力テーマ,A,ok,industry=Real Estate Services; adjacent=real estate,,0,https://www.mullion.co.jp,Real Estate,Real Estate Services,https://www.mullion.co.jp
3,3495,"Koryojyuhan Co., Ltd.",不動産関連,不動産・建設,90,82,88,主力テーマ,A,ok,industry=Real Estate Services; adjacent=real estate; official=不動産; count=50; pos=0.00,不動産,50,https://www.koryo-j.co.jp | https://www.koryo-j.co.jp/business/ | https://www.koryo-j.co.jp/business/rent/,Real Estate,Real Estate Services,https://www.koryo-j.co.jp
3,3495,"Koryojyuhan Co., Ltd.",太陽光発電関連,GX・エネルギー,90,82,88,主力テーマ,A,official_site_supported,direct=solar power; position=0.53; official=太陽光発電; count=5; pos=0.04,太陽光発電,5,https://www.koryo-j.co.jp | https://www.koryo-j.co.jp/business/ | https://www.koryo-j.co.jp/business/rent/,Real Estate,Real Estate Services,https://www.koryo-j.co.jp
3,3496,"Azoom Co.,Ltd",不動産関連,不動産・建設,90,92,91,主力テーマ,A,ok,industry=Real Estate Services; adjacent=real estate; growth=development,,0,https://www.azoom.jp,Real Estate,Real Estate Services,https://www.azoom.jp
3,3498,"Kasumigaseki Capital Co.,Ltd.",ホテル,内需・消費,72,68,71,有力関連,B,needs_review,adjacent=hotel; growth=develops; official=ホテル; count=9; pos=0.01,ホテル,9,https://kasumigaseki.co.jp | https://kasumigaseki.co.jp/company | https://kasumigaseki.co.jp/company/outline/,Industrials,Conglomerates,https://kasumigaseki.co.jp
3,3498,"Kasumigaseki Capital Co.,Ltd.",不動産関連,不動産・建設,72,68,71,有力関連,B,needs_review,adjacent=real estate; growth=develops; official=不動産; count=26; pos=0.33,不動産,26,https://kasumigaseki.co.jp | https://kasumigaseki.co.jp/company | https://kasumigaseki.co.jp/company/outline/,Industrials,Conglomerates,https://kasumigaseki.co.jp
3,3498,"Kasumigaseki Capital Co.,Ltd.",倉庫,物流・海運,91,97,93,主力テーマ,A,ok,direct=warehousing/cold storage; position=0.34; growth=develops; official=倉庫; count=2; pos=0.17,倉庫,2,https://kasumigaseki.co.jp | https://kasumigaseki.co.jp/company | https://kasumigaseki.co.jp/company/outline/,Industrials,Conglomerates,https://kasumigaseki.co.jp
3,3498,"Kasumigaseki Capital Co.,Ltd.",再生可能エネルギー,GX・エネルギー,42,40,41,補助関連,C,needs_review,adjacent=solar power; growth=develops,,0,https://kasumigaseki.co.jp | https://kasumigaseki.co.jp/company | https://kasumigaseki.co.jp/company/outline/,Industrials,Conglomerates,https://kasumigaseki.co.jp
3,3498,"Kasumigaseki Capital Co.,Ltd.",太陽光発電関連,GX・エネルギー,86,92,88,主力テーマ,A,ok,direct=solar power; position=0.22; growth=develops; official=ソーラー; count=1; pos=0.50,ソーラー,1,https://kasumigaseki.co.jp | https://kasumigaseki.co.jp/company | https://kasumigaseki.co.jp/company/outline/,Industrials,Conglomerates,https://kasumigaseki.co.jp
3,3498,"Kasumigaseki Capital Co.,Ltd.",物流,物流・海運,72,68,71,有力関連,B,needs_review,adjacent=logistics; growth=develops; official=物流; count=7; pos=0.01,物流,7,https://kasumigaseki.co.jp | https://kasumigaseki.co.jp/company | https://kasumigaseki.co.jp/company/outline/,Industrials,Conglomerates,https://kasumigaseki.co.jp
3,3498,"Kasumigaseki Capital Co.,Ltd.",風力発電,GX・エネルギー,8,5,7,ノイズ候補,C,needs_review,事業概要に直接根拠を確認できず,,0,https://kasumigaseki.co.jp | https://kasumigaseki.co.jp/company | https://kasumigaseki.co.jp/company/outline/,Industrials,Conglomerates,https://kasumigaseki.co.jp
3,3501,"SUMINOE Co., Ltd.",住宅関連,不動産・建設,72,68,71,有力関連,B,needs_review,事業概要に直接根拠を確認できず; official=住宅; count=27; pos=0.02,住宅,27,https://www.suminoe.jp | https://www.suminoe.jp/search?q= | https://www.suminoe.jp/pages/outline,Consumer Cyclical,Textile Manufacturing,https://www.suminoe.jp
3,3501,"SUMINOE Co., Ltd.",自動車部材・部品,自動車・モビリティ,46,34,42,補助関連,C,needs_review,adjacent=automotive/vehicle,,0,https://www.suminoe.jp | https://www.suminoe.jp/search?q= | https://www.suminoe.jp/pages/outline,Consumer Cyclical,Textile Manufacturing,https://www.suminoe.jp
3,3501,"SUMINOE Co., Ltd.",鉄道関連,物流・海運,42,30,38,ノイズ候補,C,needs_review,adjacent=train,,0,https://www.suminoe.jp | https://www.suminoe.jp/search?q= | https://www.suminoe.jp/pages/outline,Consumer Cyclical,Textile Manufacturing,https://www.suminoe.jp
3,350A,DIGITAL GRID Corporation,再生可能エネルギー,GX・エネルギー,94,96,95,主力テーマ,A,ok,industry=Utilities - Renewable; direct=renewable energy; position=0.20; growth=development; official=再生可能エネルギー/再エネ; count=51; pos=0.05,再生可能エネルギー | 再エネ,51,https://www.digitalgrid.com | https://www.digitalgrid.com/services/ | https://www.digitalgrid.com/about-us/info/,Utilities,Utilities - Renewable,https://www.digitalgrid.com
3,350A,DIGITAL GRID Corporation,省エネ関連,GX・エネルギー,8,5,7,ノイズ候補,C,needs_review,事業概要に直接根拠を確認できず,,0,https://www.digitalgrid.com | https://www.digitalgrid.com/services/ | https://www.digitalgrid.com/about-us/info/,Utilities,Utilities - Renewable,https://www.digitalgrid.com
3,350A,DIGITAL GRID Corporation,脱炭素,GX・エネルギー,92,90,91,主力テーマ,A,official_site_supported,direct=decarbonization; position=0.71; growth=development; official=脱炭素/カーボンニュートラル; count=6; pos=0.13,脱炭素 | カーボンニュートラル,6,https://www.digitalgrid.com | https://www.digitalgrid.com/services/ | https://www.digitalgrid.com/about-us/info/,Utilities,Utilities - Renewable,https://www.digitalgrid.com
3,350A,DIGITAL GRID Corporation,蓄電池,GX・エネルギー,92,90,91,主力テーマ,A,official_site_supported,adjacent=battery; growth=development; official=蓄電池; count=13; pos=0.08,蓄電池,13,https://www.digitalgrid.com | https://www.digitalgrid.com/services/ | https://www.digitalgrid.com/about-us/info/,Utilities,Utilities - Renewable,https://www.digitalgrid.com
3,350A,DIGITAL GRID Corporation,電力会社,データセンター・電力,92,90,91,主力テーマ,A,official_site_supported,事業概要に直接根拠を確認できず; official=電力会社; count=6; pos=0.12,電力会社,6,https://www.digitalgrid.com | https://www.digitalgrid.com/services/ | https://www.digitalgrid.com/about-us/info/,Utilities,Utilities - Renewable,https://www.digitalgrid.com
3,3521,"Thermae-Yu Holdings Co., Ltd.",不動産関連,不動産・建設,90,82,88,主力テーマ,A,ok,industry=Real Estate Services; adjacent=real estate,,0,https://www.econach.co.jp,Real Estate,Real Estate Services,https://www.econach.co.jp
3,3524,"Nitto Seimo Co., Ltd.",宇宙開発関連,防衛・国土強靱化,8,5,7,ノイズ候補,C,needs_review,事業概要に直接根拠を確認できず,,0,https://www.nittoseimo.co.jp | https://www.nittoseimo.co.jp/company/ | https://www.nittoseimo.co.jp/company/outline/,Consumer Cyclical,Textile Manufacturing,https://www.nittoseimo.co.jp
3,3524,"Nitto Seimo Co., Ltd.",防災,防衛・国土強靱化,90,82,88,主力テーマ,A,official_site_supported,事業概要に直接根拠を確認できず; official=災害対策; count=3; pos=0.02,災害対策,3,https://www.nittoseimo.co.jp | https://www.nittoseimo.co.jp/company/ | https://www.nittoseimo.co.jp/company/outline/,Consumer Cyclical,Textile Manufacturing,https://www.nittoseimo.co.jp
3,3529,"Atsugi Co., Ltd.",介護関連,医療・ヘルスケア,66,56,63,有力関連,B,qa_borderline,direct=elderly care; position=0.60,,0,https://www.atsugi.co.jp,Consumer Cyclical,Apparel Manufacturing,https://www.atsugi.co.jp
3,3529,"Atsugi Co., Ltd.",太陽光発電関連,GX・エネルギー,8,5,7,ノイズ候補,C,needs_review,事業概要に直接根拠を確認できず,,0,https://www.atsugi.co.jp,Consumer Cyclical,Apparel Manufacturing,https://www.atsugi.co.jp
3,352A,"LOIVE Co.,Ltd.",サブスクリプション,デジタル・サービス,8,5,7,ノイズ候補,C,needs_review,事業概要に直接根拠を確認できず,,0,https://loive.co.jp | https://loive.co.jp/news/post/1884/ | https://loive.co.jp/recruit,Consumer Cyclical,Leisure,https://loive.co.jp
3,3536,"Axas Holdings Co.,Ltd.",小売り,内需・消費,46,34,42,補助関連,C,needs_review,adjacent=retail/stores,,0,https://www.axas-hd.jp | https://www.axas-hd.jp/corporate/ | https://www.axas-hd.jp/corporate/profile/,Consumer Defensive,Household & Personal Products,https://www.axas-hd.jp
3,3538,WILLPLUS Holdings Corporation,小売り,内需・消費,8,5,7,ノイズ候補,C,needs_review,事業概要に直接根拠を確認できず,,0,https://www.willplus.co.jp,Consumer Cyclical,Auto & Truck Dealerships,https://www.willplus.co.jp
3,3539,"JM Holdings Co.,Ltd.",外食,内需・消費,86,78,84,主力テーマ,B,ok,direct=restaurant; position=0.23,,0,https://www.jm-holdings.co.jp,Consumer Defensive,Grocery Stores,https://www.jm-holdings.co.jp
3,3542,"Vega Corporation Co.,Ltd.",IT関連,デジタル・サービス,72,68,71,有力関連,B,needs_review,事業概要に直接根拠を確認できず; official=IT; count=6; pos=0.31,IT,6,https://www.vega-c.com,Consumer Cyclical,Internet Retail,https://www.vega-c.com
3,3542,"Vega Corporation Co.,Ltd.",eコマース,内需・消費,85,82,84,主力テーマ,B,ok,direct=e-commerce; position=0.46; official=EC; count=3; pos=0.35,EC,3,https://www.vega-c.com,Consumer Cyclical,Internet Retail,https://www.vega-c.com
3,3543,"KOMEDA Holdings Co., Ltd.",外食,内需・消費,94,86,92,主力テーマ,A,ok,industry=Restaurants; direct=restaurant; official=外食; count=1; pos=0.62,外食,1,https://www.komeda-holdings.co.jp | https://komeda-holdings.co.jp/company-profile/ | https://komeda-holdings.co.jp/about-us/,Consumer Cyclical,Restaurants,https://www.komeda-holdings.co.jp
3,3544,"Satudora Holdings Co.,Ltd.",小売り,内需・消費,46,44,45,補助関連,C,needs_review,adjacent=retail/stores; growth=development,,0,https://satudora-hd.co.jp | https://satudora-hd.co.jp/business/ | https://satudora-hd.co.jp/business/development/,Healthcare,Pharmaceutical Retailers,https://satudora-hd.co.jp
3,3544,"Satudora Holdings Co.,Ltd.",食品,内需・消費,8,5,7,ノイズ候補,C,needs_review,事業概要に直接根拠を確認できず; official=食品; count=1; pos=0.48,食品,1,https://satudora-hd.co.jp | https://satudora-hd.co.jp/business/ | https://satudora-hd.co.jp/business/development/,Healthcare,Pharmaceutical Retailers,https://satudora-hd.co.jp
3,3547,Unisia Holdings Co.,外食,内需・消費,94,96,95,主力テーマ,A,ok,industry=Restaurants; direct=restaurant; position=0.03; growth=development,,0,https://unisia.co.jp,Consumer Cyclical,Restaurants,https://unisia.co.jp
3,3548,Baroque Japan Limited,eコマース,内需・消費,92,90,91,主力テーマ,A,official_site_supported,事業概要に直接根拠を確認できず; official=EC; count=7; pos=0.01,EC,7,https://www.baroque-global.com | https://www.baroque-global.com/jp/corporate,Consumer Cyclical,Apparel Retail,https://www.baroque-global.com
3,3550,"STUDIO ATAO Co., Ltd.",小売り,内需・消費,42,30,38,ノイズ候補,C,needs_review,adjacent=stores,,0,https://www.studioatao.jp | https://www.studioatao.jp/about/,Consumer Cyclical,Footwear & Accessories,https://www.studioatao.jp
3,3551,Dynic Corporation,自動車部材・部品,自動車・モビリティ,8,5,7,ノイズ候補,C,needs_review,事業概要に直接根拠を確認できず,,0,https://www.dynic.co.jp,Industrials,Specialty Business Services,https://www.dynic.co.jp
3,3553,"Kyowa Leather Cloth Co., Ltd.",eコマース,内需・消費,90,96,92,主力テーマ,A,official_site_supported,事業概要に直接根拠を確認できず; official=EC; count=2; pos=0.07,EC,2,https://www.kyowale.co.jp | https://www.kyowale.co.jp/business/ | https://www.kyowale.co.jp/company/outline/,Basic Materials,Chemicals,https://www.kyowale.co.jp
3,3553,"Kyowa Leather Cloth Co., Ltd.",住宅関連,不動産・建設,72,68,71,有力関連,B,needs_review,adjacent=housing; official=住宅; count=5; pos=0.14,住宅,5,https://www.kyowale.co.jp | https://www.kyowale.co.jp/business/ | https://www.kyowale.co.jp/company/outline/,Basic Materials,Chemicals,https://www.kyowale.co.jp
3,3553,"Kyowa Leather Cloth Co., Ltd.",自動車部材・部品,自動車・モビリティ,42,30,38,ノイズ候補,C,needs_review,adjacent=automotive,,0,https://www.kyowale.co.jp | https://www.kyowale.co.jp/business/ | https://www.kyowale.co.jp/company/outline/,Basic Materials,Chemicals,https://www.kyowale.co.jp
3,3556,"RenetJapanGroup,Inc.",リース,金融・金利,8,5,7,ノイズ候補,C,needs_review,事業概要に直接根拠を確認できず,,0,https://corp.renet.jp,Consumer Cyclical,Internet Retail,https://corp.renet.jp
3,3556,"RenetJapanGroup,Inc.",レアアース,資源・素材,8,5,7,ノイズ候補,C,needs_review,事業概要に直接根拠を確認できず,,0,https://corp.renet.jp,Consumer Cyclical,Internet Retail,https://corp.renet.jp
3,3556,"RenetJapanGroup,Inc.",都市鉱山,資源・素材,90,82,88,主力テーマ,A,official_site_supported,adjacent=recycling; official=都市鉱山; count=5; pos=0.08,都市鉱山,5,https://corp.renet.jp,Consumer Cyclical,Internet Retail,https://corp.renet.jp
3,3557,"United & Collective Co., Ltd.",外食,内需・消費,94,86,92,主力テーマ,A,ok,industry=Restaurants; direct=restaurant; position=0.18; official=外食; count=5; pos=0.36,外食,5,https://www.united-collective.co.jp | https://www.united-collective.co.jp/company | https://www.united-collective.co.jp/business-model,Consumer Cyclical,Restaurants,https://www.united-collective.co.jp
3,3557,"United & Collective Co., Ltd.",宅配,物流・海運,8,5,7,ノイズ候補,C,needs_review,事業概要に直接根拠を確認できず,,0,https://www.united-collective.co.jp | https://www.united-collective.co.jp/company | https://www.united-collective.co.jp/business-model,Consumer Cyclical,Restaurants,https://www.united-collective.co.jp
3,3558,"JADE GROUP,Inc",eコマース,内需・消費,92,90,91,主力テーマ,A,ok,direct=e-commerce; position=0.16; official=EC; count=12; pos=0.03,EC,12,https://jade-group.jp,Consumer Cyclical,Internet Retail,https://jade-group.jp
3,3558,"JADE GROUP,Inc",物流,物流・海運,58,54,57,補助関連,C,needs_review,adjacent=logistics; official=物流; count=2; pos=0.23,物流,2,https://jade-group.jp,Consumer Cyclical,Internet Retail,https://jade-group.jp
3,3559,p-ban.com Corp.,eコマース,内需・消費,92,94,93,主力テーマ,A,ok,direct=e-commerce; position=0.19; growth=development,,0,https://p-ban.com,Technology,Electronic Components,https://p-ban.com
3,3559,p-ban.com Corp.,生成AI,AI・半導体,8,5,7,ノイズ候補,C,needs_review,事業概要に直接根拠を確認できず,,0,https://p-ban.com,Technology,Electronic Components,https://p-ban.com
3,3560,"Hobonichi Co., Ltd.",食品,内需・消費,8,5,7,ノイズ候補,C,needs_review,事業概要に直接根拠を確認できず,,0,https://www.hobonichi.co.jp,Consumer Cyclical,Specialty Retail,https://www.hobonichi.co.jp
3,3561,"Chikaranomoto Holdings Co., Ltd.",外食,内需・消費,94,86,92,主力テーマ,A,ok,industry=Restaurants; direct=restaurant; position=0.11,,0,https://www.chikaranomoto.com,Consumer Cyclical,Restaurants,https://www.chikaranomoto.com
3,3562,"No.1 Co.,Ltd",サイバーセキュリティ,防衛・国土強靱化,92,96,93,主力テーマ,A,ok,direct=information security; position=0.13; growth=develops/development,,0,https://www.number-1.co.jp,Industrials,Business Equipment & Supplies,https://www.number-1.co.jp
3,3563,Food & Life Companies Ltd.,外食,内需・消費,94,86,92,主力テーマ,A,ok,industry=Restaurants; direct=restaurant; position=0.13,,0,https://www.food-and-life.co.jp | https://food-and-life.co.jp/company-overview | https://food-and-life.co.jp/company-profile,Consumer Cyclical,Restaurants,https://www.food-and-life.co.jp
3,3563,Food & Life Companies Ltd.,小売り,内需・消費,8,5,7,ノイズ候補,C,needs_review,事業概要に直接根拠を確認できず,,0,https://www.food-and-life.co.jp | https://food-and-life.co.jp/company-overview | https://food-and-life.co.jp/company-profile,Consumer Cyclical,Restaurants,https://www.food-and-life.co.jp
3,3565,Ascentech K.K.,IT関連,デジタル・サービス,94,86,92,主力テーマ,A,ok,industry=Information Technology Services; direct=information technology; official=IT; count=4; pos=0.16,IT,4,https://www.ascentech.co.jp,Technology,Information Technology Services,https://www.ascentech.co.jp
3,3565,Ascentech K.K.,クラウドコンピューティング,デジタル・サービス,58,46,54,補助関連,C,needs_review,direct=cloud service; position=0.70,,0,https://www.ascentech.co.jp,Technology,Information Technology Services,https://www.ascentech.co.jp
3,3565,Ascentech K.K.,サブスクリプション,デジタル・サービス,8,5,7,ノイズ候補,C,needs_review,事業概要に直接根拠を確認できず,,0,https://www.ascentech.co.jp,Technology,Information Technology Services,https://www.ascentech.co.jp
3,3565,Ascentech K.K.,人工知能,AI・半導体,90,68,83,主力テーマ,B,official_site_supported,事業概要に直接根拠を確認できず; official=AI; count=2; pos=0.13,AI,2,https://www.ascentech.co.jp,Technology,Information Technology Services,https://www.ascentech.co.jp
3,3565,Ascentech K.K.,生成AI,AI・半導体,8,5,7,ノイズ候補,C,needs_review,事業概要に直接根拠を確認できず,,0,https://www.ascentech.co.jp,Technology,Information Technology Services,https://www.ascentech.co.jp
3,3566,"Uniform Next Co., Ltd.",小売り,内需・消費,46,34,42,補助関連,C,needs_review,adjacent=retail/stores,,0,https://www.uniformnext.com | https://www.uniformnext.com/food-uniform/ | https://www.uniformnext.com/blog/archives/48462,Consumer Cyclical,Apparel Retail,https://www.uniformnext.com
3,3569,"Seiren Co.,Ltd.",再生医療,医療・ヘルスケア,8,5,7,ノイズ候補,C,needs_review,事業概要に直接根拠を確認できず,,0,https://www.seiren.com,Consumer Cyclical,Textile Manufacturing,https://www.seiren.com
3,3569,"Seiren Co.,Ltd.",宇宙開発関連,防衛・国土強靱化,82,74,80,主力テーマ,B,ok,direct=satellite; position=0.44,,0,https://www.seiren.com,Consumer Cyclical,Textile Manufacturing,https://www.seiren.com
3,3569,"Seiren Co.,Ltd.",自動車軽量化,自動車・モビリティ,8,5,7,ノイズ候補,C,needs_review,事業概要に直接根拠を確認できず,,0,https://www.seiren.com,Consumer Cyclical,Textile Manufacturing,https://www.seiren.com
3,3569,"Seiren Co.,Ltd.",自動車部材・部品,自動車・モビリティ,46,34,42,補助関連,C,needs_review,adjacent=automotive/vehicle,,0,https://www.seiren.com,Consumer Cyclical,Textile Manufacturing,https://www.seiren.com
3,3571,"Sotoh Co., Ltd.",不動産関連,不動産・建設,58,46,54,補助関連,C,needs_review,direct=real estate business; position=0.75,,0,https://www.sotoh.co.jp,Consumer Cyclical,Textile Manufacturing,https://www.sotoh.co.jp
3,3580,"KOMATSU MATERE Co.,Ltd.",耐震化,防衛・国土強靱化,8,5,7,ノイズ候補,C,needs_review,事業概要に直接根拠を確認できず,,0,https://www.komatsumatere.co.jp | https://www.komatsumatere.co.jp/products/favorite/ | https://www.komatsumatere.co.jp/company/,Consumer Cyclical,Textile Manufacturing,https://www.komatsumatere.co.jp
3,3583,AuBEX CORPORATION,医療機器,医療・ヘルスケア,92,98,94,主力テーマ,A,ok,direct=medical equipment; position=0.10; official=医療機器; count=5; pos=0.23,医療機器,5,https://www.aubex.co.jp | https://www.aubex.co.jp/company/ | https://www.aubex.co.jp/product/,Consumer Cyclical,Department Stores,https://www.aubex.co.jp
3,3591,Wacoal Holdings Corp.,自動車部材・部品,自動車・モビリティ,8,5,7,ノイズ候補,C,needs_review,事業概要に直接根拠を確認できず,,0,https://www.wacoalholdings.jp,Consumer Cyclical,Apparel Manufacturing,https://www.wacoalholdings.jp
3,3600,FUJIX Ltd.,自動車部材・部品,自動車・モビリティ,8,5,7,ノイズ候補,C,needs_review,事業概要に直接根拠を確認できず,,0,https://www.fjx.co.jp | https://www.fjx.co.jp/product/?b=3 | https://www.fjx.co.jp/company/,Consumer Cyclical,Textile Manufacturing,https://www.fjx.co.jp
3,3608,"TSI Holdings Co.,Ltd.",外食,内需・消費,8,5,7,ノイズ候補,C,needs_review,事業概要に直接根拠を確認できず,,0,https://www.tsi-holdings.com,Consumer Cyclical,Apparel Manufacturing,https://www.tsi-holdings.com
3,3612,"World Co., Ltd.",eコマース,内需・消費,92,90,91,主力テーマ,A,official_site_supported,事業概要に直接根拠を確認できず; official=EC; count=6; pos=0.16,EC,6,https://corp.world.co.jp | https://corp.world.co.jp/company/ | https://corp.world.co.jp/business/,Consumer Cyclical,Department Stores,https://corp.world.co.jp
3,3622,Netyear Group Corporation,IT関連,デジタル・サービス,72,68,71,有力関連,B,needs_review,adjacent=software; growth=development; official=IT; count=10; pos=0.06,IT,10,https://www.netyear.net | https://www.netyear.net/about/ | https://www.netyear.net/services/,Communication Services,Advertising Agencies,https://www.netyear.net
3,3622,Netyear Group Corporation,データ分析・解析,AI・半導体,87,89,88,主力テーマ,A,ok,direct=data analytics/data analysis; position=0.50; growth=development,,0,https://www.netyear.net | https://www.netyear.net/about/ | https://www.netyear.net/services/,Communication Services,Advertising Agencies,https://www.netyear.net
3,3623,Billing System Corporation,IT関連,デジタル・サービス,90,82,88,主力テーマ,A,ok,industry=Software - Infrastructure; adjacent=software,,0,https://www.billingsystem.co.jp | https://www.billingsystem.co.jp/service/ | https://www.billingsystem.co.jp/service/ejibai/,Technology,Software - Infrastructure,https://www.billingsystem.co.jp
3,3623,Billing System Corporation,キャッシュレス決済,金融・金利,92,98,94,主力テーマ,A,ok,direct=credit card payment; position=0.24; official=決済サービス/電子決済; count=53; pos=0.00,決済サービス | 電子決済,53,https://www.billingsystem.co.jp | https://www.billingsystem.co.jp/service/ | https://www.billingsystem.co.jp/service/ejibai/,Technology,Software - Infrastructure,https://www.billingsystem.co.jp
3,3623,Billing System Corporation,フィンテック,金融・金利,8,5,7,ノイズ候補,C,needs_review,事業概要に直接根拠を確認できず,,0,https://www.billingsystem.co.jp | https://www.billingsystem.co.jp/service/ | https://www.billingsystem.co.jp/service/ejibai/,Technology,Software - Infrastructure,https://www.billingsystem.co.jp
3,3624,Axel Mark Inc.,eコマース,内需・消費,82,84,83,主力テーマ,B,ok,direct=e-commerce; position=0.41; growth=development; official=EC; count=1; pos=0.75,EC,1,https://www.axelmark.co.jp,Communication Services,Internet Content & Information,https://www.axelmark.co.jp
3,3625,Techfirm Holdings Inc.,IT関連,デジタル・サービス,94,100,96,主力テーマ,A,ok,industry=Information Technology Services; direct=information technology/software development; position=0.26; growth=develops/development; official=IT; count=12; pos=0.00,IT,12,https://www.techfirm-hd.com | https://www.techfirm-hd.com/company/ | https://www.techfirm-hd.com/pressrelease/20260728.html,Technology,Information Technology Services,https://www.techfirm-hd.com
3,3625,Techfirm Holdings Inc.,IoT,設備投資・機械,72,68,71,有力関連,B,needs_review,事業概要に直接根拠を確認できず; official=IoT; count=2; pos=0.40,IoT,2,https://www.techfirm-hd.com | https://www.techfirm-hd.com/company/ | https://www.techfirm-hd.com/pressrelease/20260728.html,Technology,Information Technology Services,https://www.techfirm-hd.com
3,3625,Techfirm Holdings Inc.,ドローン,防衛・国土強靱化,92,90,91,主力テーマ,A,official_site_supported,事業概要に直接根拠を確認できず; official=ドローン; count=8; pos=0.08,ドローン,8,https://www.techfirm-hd.com | https://www.techfirm-hd.com/company/ | https://www.techfirm-hd.com/pressrelease/20260728.html,Technology,Information Technology Services,https://www.techfirm-hd.com
3,3625,Techfirm Holdings Inc.,人工知能,AI・半導体,92,90,91,主力テーマ,A,official_site_supported,direct= ai ; position=0.58; growth=develops/development; official=人工知能/AI; count=54; pos=0.06,人工知能 | AI,54,https://www.techfirm-hd.com | https://www.techfirm-hd.com/company/ | https://www.techfirm-hd.com/pressrelease/20260728.html,Technology,Information Technology Services,https://www.techfirm-hd.com
3,3625,Techfirm Holdings Inc.,生成AI,AI・半導体,85,82,84,主力テーマ,B,official_site_supported,adjacent= ai ; growth=develops/development; official=生成AI; count=4; pos=0.75,生成AI,4,https://www.techfirm-hd.com | https://www.techfirm-hd.com/company/ | https://www.techfirm-hd.com/pressrelease/20260728.html,Technology,Information Technology Services,https://www.techfirm-hd.com
3,3625,Techfirm Holdings Inc.,遠隔医療,医療・ヘルスケア,8,5,7,ノイズ候補,C,needs_review,事業概要に直接根拠を確認できず,,0,https://www.techfirm-hd.com | https://www.techfirm-hd.com/company/ | https://www.techfirm-hd.com/pressrelease/20260728.html,Technology,Information Technology Services,https://www.techfirm-hd.com
3,3626,TISI Inc.,IT関連,デジタル・サービス,97,89,95,主力テーマ,A,ok,industry=Information Technology Services; direct=information technology/it services; position=0.02; official=IT; count=1; pos=0.77,IT,1,https://www.tisi.jp,Technology,Information Technology Services,https://www.tisi.jp
3,3626,TISI Inc.,IoT,設備投資・機械,72,68,71,有力関連,B,needs_review,事業概要に直接根拠を確認できず; official=IoT; count=2; pos=0.72,IoT,2,https://www.tisi.jp,Technology,Information Technology Services,https://www.tisi.jp
3,3626,TISI Inc.,MaaS,自動車・モビリティ,8,5,7,ノイズ候補,C,needs_review,事業概要に直接根拠を確認できず,,0,https://www.tisi.jp,Technology,Information Technology Services,https://www.tisi.jp
3,3626,TISI Inc.,SaaS,デジタル・サービス,8,5,7,ノイズ候補,C,needs_review,事業概要に直接根拠を確認できず,,0,https://www.tisi.jp,Technology,Information Technology Services,https://www.tisi.jp
3,3626,TISI Inc.,キャッシュレス決済,金融・金利,8,5,7,ノイズ候補,C,needs_review,事業概要に直接根拠を確認できず,,0,https://www.tisi.jp,Technology,Information Technology Services,https://www.tisi.jp
3,3626,TISI Inc.,クラウドコンピューティング,デジタル・サービス,8,5,7,ノイズ候補,C,needs_review,事業概要に直接根拠を確認できず,,0,https://www.tisi.jp,Technology,Information Technology Services,https://www.tisi.jp
3,3626,TISI Inc.,デジタルトランスフォーメーション,デジタル・サービス,85,82,84,主力テーマ,B,official_site_supported,事業概要に直接根拠を確認できず; official=DX; count=4; pos=0.58,DX,4,https://www.tisi.jp,Technology,Information Technology Services,https://www.tisi.jp
